# https://github.com/mikedh/trimesh

o base.stl
v 0.25039017 -0.19283153 0.20240670
v 0.24575207 -0.21432477 0.03975612
v 0.24381423 -0.20627211 0.19999568
v 0.29282326 -0.30072099 0.12838769
v 0.29659909 -0.30686721 0.16644068
v 0.28367013 -0.28696099 0.15006869
v 0.33833832 -0.33625171 0.12875620
v 0.25085342 -0.22118010 0.04252642
v 0.35887772 -0.34157470 0.12872919
v 0.35176849 -0.32847980 0.25875568
v 0.33695960 -0.31257051 0.27017468
v 0.33407220 -0.32058299 0.25801569
v 0.24318558 -0.21147719 0.19908069
v 0.24322182 -0.20998850 0.20014969
v 0.41973889 -0.24793980 0.20708969
v 0.42110699 -0.24868730 0.19427368
v 0.40824711 -0.22854799 0.19092269
v 0.28491539 -0.28839281 0.12575169
v 0.35525599 -0.34323129 0.16084169
v 0.35692790 -0.34272471 0.14570369
v 0.37349641 -0.34373641 0.18704459
v 0.37451428 -0.33983901 0.22724769
v 0.37044430 -0.34061691 0.22564669
v 0.30026370 -0.30982539 0.12922269
v 0.24653274 -0.21531141 0.03959137
v 0.31965816 -0.32626009 0.12892818
v 0.30957499 -0.26748791 0.26741770
v 0.35690200 -0.24920478 0.28050870
v 0.37391698 -0.26774019 0.28503469
v 0.37080750 -0.23928729 0.27597070
v 0.35237080 -0.22469370 0.26746470
v 0.29666749 -0.29411480 0.23417769
v 0.28462547 -0.27852869 0.22056368
v 0.28380167 -0.28172421 0.21143268
v 0.28354251 -0.28390801 0.20194259
v 0.29575059 -0.30204189 0.21166168
v 0.28367633 -0.28698310 0.16147068
v 0.24589279 -0.21679631 0.19786859
v 0.29613858 -0.30558971 0.18930869
v 0.31359750 -0.32325420 0.19092469
v 0.31311619 -0.32187590 0.20276859
v 0.31407928 -0.32409611 0.17904069
v 0.33374450 -0.33610219 0.19427368
v 0.31745690 -0.29863691 0.26524568
v 0.31485540 -0.30738321 0.25250667
v 0.34335202 -0.30134431 0.28015068
v 0.30271012 -0.27965471 0.25914767
v 0.29938340 -0.28822389 0.24826169
v 0.26010421 -0.18075123 0.20446068
v 0.25809842 -0.18269037 0.20435569
v 0.27234578 -0.18737710 0.03881567
v 0.28567201 -0.17403530 0.03898048
v 0.27593327 -0.19096248 0.03970068
v 0.40908951 -0.22902940 0.17903869
v 0.37029499 -0.19856130 0.19227569
v 0.29833210 -0.15869252 0.19860269
v 0.36888212 -0.19851606 0.20194469
v 0.38918102 -0.21082470 0.20048968
v 0.38381329 -0.21098390 0.22280368
v 0.37910038 -0.21163520 0.23417169
v 0.37120751 -0.21272710 0.24691369
v 0.37310231 -0.21447399 0.24835059
v 0.30648011 -0.31605691 0.12937459
v 0.28367853 -0.28670660 0.13791069
v 0.34096891 -0.33742091 0.12906058
v 0.39351320 -0.33770901 0.18705869
v 0.41056991 -0.32551929 0.18606013
v 0.39821851 -0.33115950 0.22534469
v 0.40892515 -0.32386181 0.12876469
v 0.41829410 -0.31226340 0.15225369
v 0.41062689 -0.32557616 0.17903918
v 0.42241889 -0.30388880 0.12906058
v 0.42155349 -0.30353239 0.12814668
v 0.25901181 -0.20071106 0.03898048
v 0.31144238 -0.32023266 0.12908620
v 0.31565359 -0.32362065 0.12930563
v 0.26953280 -0.17156102 0.20419019
v 0.26765054 -0.17313260 0.20435569
v 0.27271044 -0.16870318 0.20371069
v 0.29673940 -0.26185110 0.25433770
v 0.25289521 -0.18895811 0.20347109
v 0.31880829 -0.25469649 0.27035868
v 0.25650758 -0.18459643 0.20418718
v 0.33406842 -0.27203819 0.28048268
v 0.32967469 -0.24480030 0.27150169
v 0.27739894 -0.16566575 0.20253509
v 0.27392244 -0.16792035 0.20346969
v 0.29493469 -0.15824036 0.20015068
v 0.38351479 -0.23257630 0.26532468
v 0.36454150 -0.21782060 0.25921768
v 0.29586279 -0.30419821 0.20049469
v 0.29639420 -0.30643430 0.17801669
v 0.28358829 -0.28532031 0.19227359
v 0.28365618 -0.28621271 0.18243368
v 0.28367931 -0.28674540 0.17221969
v 0.34960788 -0.33814281 0.22888669
v 0.35242510 -0.34290430 0.18857768
v 0.37290800 -0.33078930 0.25678468
v 0.33241010 -0.33268619 0.21993868
v 0.34956449 -0.33768979 0.23100169
v 0.33184859 -0.32956231 0.23290269
v 0.35136589 -0.32940850 0.25679868
v 0.33307090 -0.32591039 0.24618168
v 0.32415640 -0.28593841 0.27591768
v 0.35259992 -0.28905731 0.28501070
v 0.30549759 -0.30250561 0.24220969
v 0.29770309 -0.28282049 0.24969968
v 0.31360191 -0.31249610 0.24094369
v 0.39057231 -0.21109951 0.18930368
v 0.42659125 -0.27381736 0.12872618
v 0.42125595 -0.25327313 0.12875620
v 0.42239392 -0.25581211 0.12906058
v 0.39193630 -0.21173799 0.15444359
v 0.40950662 -0.22948751 0.16700669
v 0.40121830 -0.22162279 0.12937568
v 0.39185020 -0.21155959 0.16643569
v 0.29314095 -0.15826915 0.19972469
v 0.36669889 -0.19877738 0.21143469
v 0.37193629 -0.19864248 0.15007369
v 0.37195840 -0.19864874 0.16147469
v 0.37172049 -0.19865184 0.17222358
v 0.37118769 -0.19862883 0.18243669
v 0.39227670 -0.22995910 0.25259867
v 0.38768229 -0.22057390 0.24215169
v 0.38999611 -0.22312081 0.24341069
v 0.40480292 -0.22770010 0.21465768
v 0.40686899 -0.22806790 0.20276669
v 0.38702512 -0.21071370 0.21165669
v 0.40879351 -0.24011990 0.23708969
v 0.41000479 -0.24051949 0.23466469
v 0.40179700 -0.22756650 0.22672459
v 0.29677749 -0.30695331 0.15444969
v 0.29695159 -0.30673400 0.14194569
v 0.29744601 -0.30661991 0.12902369
v 0.31498200 -0.32457229 0.15474668
v 0.28377283 -0.28634629 0.12511958
v 0.42876500 -0.28843519 0.18704459
v 0.42476571 -0.28957221 0.22730669
v 0.42054480 -0.30588031 0.22367369
v 0.40809768 -0.30805320 0.25681770
v 0.41609520 -0.31327710 0.22536568
v 0.41568109 -0.28801331 0.25683367
v 0.39094359 -0.33550271 0.22367269
v 0.39294741 -0.32320490 0.25680068
v 0.33957338 -0.23393139 0.27038169
v 0.25367206 -0.18775283 0.20371069
v 0.33890229 -0.25403520 0.27805567
v 0.34511670 -0.26025319 0.28128469
v 0.34692621 -0.21180990 0.25436169
v 0.36720788 -0.21153951 0.24797268
v 0.33455241 -0.33691499 0.18142568
v 0.33710909 -0.33690110 0.14229669
v 0.35381049 -0.34329659 0.17459069
v 0.33299631 -0.33473471 0.20709059
v 0.31274709 -0.31980959 0.21466069
v 0.31261209 -0.31680360 0.22672768
v 0.37321010 -0.31628421 0.27535269
v 0.33180559 -0.32895198 0.23505768
v 0.29601899 -0.29882911 0.22280869
v 0.29773960 -0.28618231 0.24692468
v 0.31202099 -0.31160489 0.23932369
v 0.39141721 -0.21135479 0.17801169
v 0.41125673 -0.23460704 0.12892818
v 0.30613619 -0.16586487 0.04252642
v 0.42227879 -0.25032711 0.16850269
v 0.40956590 -0.22993180 0.15474668
v 0.27824271 -0.16509394 0.20224969
v 0.40547299 -0.24918219 0.25809768
v 0.38621008 -0.25848621 0.28019768
v 0.40843201 -0.32338268 0.22302468
v 0.41769052 -0.24735489 0.21993759
v 0.39661598 -0.22699299 0.23931769
v 0.42564410 -0.28537461 0.22564769
v 0.42260891 -0.26464531 0.23108369
v 0.42673460 -0.28692299 0.12904869
v 0.42774349 -0.27186671 0.14570668
v 0.41081309 -0.24816689 0.24626969
v 0.31542671 -0.32431850 0.14219569
v 0.39737982 -0.33333030 0.15425669
v 0.38959092 -0.33710989 0.12906058
v 0.42274952 -0.30845559 0.18705869
v 0.26288867 -0.17791297 0.20462818
v 0.26568350 -0.17516766 0.20446169
v 0.36082619 -0.27596751 0.28587168
v 0.36290780 -0.27804941 0.28609470
v 0.35006469 -0.20991740 0.25193468
v 0.36773241 -0.21280670 0.24977468
v 0.31453770 -0.32451311 0.16700760
v 0.33538431 -0.33727241 0.16850069
v 0.35256770 -0.34297100 0.18709068
v 0.33623430 -0.33724979 0.15546669
v 0.37244830 -0.30095229 0.28340068
v 0.36601850 -0.30802700 0.28109670
v 0.32511818 -0.32394949 0.23696968
v 0.29651082 -0.28201449 0.24802668
v 0.30820370 -0.30535021 0.24323669
v 0.42190802 -0.25205109 0.14229968
v 0.29927775 -0.16076753 0.03975612
v 0.40522459 -0.22639516 0.12908620
v 0.40861493 -0.23060414 0.12930563
v 0.42225650 -0.25117669 0.15546969
v 0.38583672 -0.28756520 0.28341168
v 0.39292389 -0.28112581 0.28111169
v 0.39744639 -0.25208369 0.27024269
v 0.40249699 -0.27344361 0.27444568
v 0.42315531 -0.26454869 0.22888769
v 0.39738780 -0.22867760 0.24104358
v 0.42328450 -0.30079019 0.12842759
v 0.42191958 -0.24949411 0.18142669
v 0.41457129 -0.24680570 0.23289968
v 0.37243080 -0.34165671 0.12904869
v 0.35833880 -0.31759331 0.27442768
v 0.32547939 -0.32493040 0.23469159
v 0.30026451 -0.16154711 0.03959137
v 0.40931231 -0.23037620 0.14219569
v 0.41430020 -0.26647410 0.25686967
v 0.40127429 -0.27434519 0.27558568
v 0.39568061 -0.30104181 0.27537370
v 0.37903398 -0.29417279 0.28408170
v 0.42831370 -0.26874951 0.17459269
v 0.42580348 -0.28682321 0.12813559
v 0.41386092 -0.24687949 0.23515369
v 0.37232429 -0.34072670 0.12813559
v 0.35921240 -0.31640851 0.27553368
v 0.37753999 -0.20260464 0.12627567
v 0.37332278 -0.19986098 0.12573768
v 0.41338420 -0.26687250 0.25879470
v 0.40115240 -0.28834751 0.27538469
v 0.38590479 -0.31081471 0.27536270
v 0.42824829 -0.27019390 0.16084459
v 0.42792028 -0.26736400 0.18858269
v 0.38584951 -0.33824930 0.12842759
v 0.38608712 -0.20806937 0.12844169
v 0.39171618 -0.21191141 0.14193968
v 0.37168181 -0.19865090 0.13791659
v 0.42798692 -0.26750651 0.18709169
v 0.38922441 -0.33624899 0.12814768
v 0.39633790 -0.33233300 0.12813768
v 0.39525729 -0.21563369 0.12924369
v 0.37131321 -0.19874100 0.12511769
v 0.39170280 -0.21249041 0.12903069
v 0.33084810 -0.23572001 0.14085169
v 0.37875611 -0.22404560 0.14086069
v 0.35185212 -0.22406100 0.14086069
v 0.28658783 -0.23615798 -0.00518459
v 0.26607311 -0.24026921 0.00654012
v 0.46247202 -0.29152751 -0.07130688
v 0.46273929 -0.27684799 -0.07010370
v 0.47690779 -0.29150391 -0.04204624
v 0.29263979 -0.23613060 -0.03541767
v 0.31136680 -0.30657539 -0.09821031
v 0.31140131 -0.25417539 -0.09824231
v 0.33737701 -0.30659670 -0.10898431
v 0.44403338 -0.23606500 -0.00511348
v 0.46433020 -0.24015349 0.00830132
v 0.46917009 -0.29143101 0.04980671
v 0.48004597 -0.29145440 0.02026588
v 0.46497422 -0.24433190 0.04754680
v 0.46551180 -0.34199449 0.01977688
v 0.46165991 -0.34271249 0.02149367
v 0.46519530 -0.34269279 -0.00064838
v 0.47637218 -0.33855999 0.01444477
v 0.47555101 -0.34013090 -0.02044444
v 0.47701901 -0.33858791 -0.02064943
v 0.32786500 -0.23620281 0.14085069
v 0.26223600 -0.24100080 0.00045925
v 0.25573951 -0.24291089 0.01418835
v 0.25510061 -0.24288371 -0.02044444
v 0.48268801 -0.29147950 -0.01110213
v 0.47701901 -0.24438569 -0.02072459
v 0.46684921 -0.33861491 -0.05423021
v 0.41964811 -0.30663979 -0.09802731
v 0.41969571 -0.25423941 -0.09804732
v 0.46159309 -0.30637470 -0.07088231
v 0.39372581 -0.25423029 -0.10891331
v 0.24799283 -0.29153979 -0.01110213
v 0.24966450 -0.30261859 -0.00205851
v 0.25063491 -0.29156339 0.02026588
v 0.26151067 -0.29157999 0.04980671
v 0.26567876 -0.24447501 0.04762202
v 0.27818406 -0.25067261 0.08071166
v 0.31562170 -0.30926570 -0.09928332
v 0.36524940 -0.22397999 0.13885069
v 0.36519969 -0.22404391 0.13533269
v 0.36557484 -0.25421584 -0.11269898
v 0.39367419 -0.30663040 -0.10888931
v 0.41496772 -0.30932471 -0.09933931
v 0.46159250 -0.27668101 -0.07090627
v 0.47261077 -0.24933550 -0.03752731
v 0.41500130 -0.25155029 -0.09937231
v 0.46841347 -0.24093080 0.00040269
v 0.47207379 -0.24928281 0.02880865
v 0.47637200 -0.24435809 0.01436972
v 0.47491252 -0.24281529 0.01411080
v 0.47555101 -0.24284279 -0.02052199
v 0.44297969 -0.34680220 0.00799107
v 0.46841508 -0.34201011 0.00045925
v 0.26698816 -0.24293080 0.04692906
v 0.45244360 -0.24820760 0.07906549
v 0.45178181 -0.24723731 0.07951036
v 0.48102301 -0.28039971 -0.00205851
v 0.47770202 -0.25110611 -0.00522530
v 0.47770178 -0.33184379 -0.00516099
v 0.46273959 -0.30620661 -0.07007997
v 0.46398002 -0.33568400 -0.06042542
v 0.25368989 -0.33862951 -0.02072459
v 0.25377262 -0.29151151 -0.04204624
v 0.27467048 -0.29132631 0.08177005
v 0.26573479 -0.33867630 0.04754680
v 0.26669008 -0.33882400 -0.05810880
v 0.26702523 -0.33579201 -0.06071036
v 0.33622679 -0.34400871 -0.09020542
v 0.36537540 -0.34398729 -0.09506600
v 0.33717680 -0.32729170 -0.10008921
v 0.36528090 -0.32731059 -0.10415831
v 0.36553198 -0.30661571 -0.11266898
v 0.39332730 -0.32732499 -0.10013931
v 0.39452380 -0.34397441 -0.09020507
v 0.43621582 -0.25155461 -0.08474659
v 0.44197559 -0.25424331 -0.08083849
v 0.46279508 -0.24012581 -0.02711981
v 0.46551430 -0.24286970 -0.05366146
v 0.46638322 -0.24342629 -0.05408078
v 0.33974370 -0.25151089 -0.10846731
v 0.36532211 -0.25152829 -0.11158732
v 0.33560780 -0.23607129 -0.07805299
v 0.37963098 -0.23743591 -0.09058850
v 0.39742631 -0.23743001 -0.08560931
v 0.39782560 -0.23801059 -0.08661031
v 0.37980980 -0.23801789 -0.09165167
v 0.26802772 -0.24024090 -0.02797299
v 0.25363410 -0.24442810 -0.02064943
v 0.25295448 -0.25117180 -0.00516099
v 0.46366411 -0.24278951 0.04685151
v 0.47491229 -0.34010351 0.01418835
v 0.26613539 -0.24348798 0.04738039
v 0.27880323 -0.24718681 0.07925796
v 0.45247221 -0.25048411 0.08064639
v 0.47761148 -0.25110179 -0.00070542
v 0.47761142 -0.33184081 -0.00064117
v 0.46670341 -0.34203041 -0.02468085
v 0.46525431 -0.33767411 -0.05781018
v 0.46401972 -0.33885220 -0.05803000
v 0.41991320 -0.34482935 -0.07536762
v 0.26385951 -0.33859709 -0.05430531
v 0.26432621 -0.33958271 -0.05408078
v 0.25300258 -0.33191070 -0.00522530
v 0.25309378 -0.33191431 -0.00070542
v 0.27467340 -0.29260749 0.08176797
v 0.27521902 -0.29260769 0.08285677
v 0.27840582 -0.33250922 0.08088508
v 0.31083730 -0.34489420 -0.07536765
v 0.33668110 -0.34504780 -0.08888387
v 0.26820850 -0.29147950 -0.07130688
v 0.26793224 -0.27680039 -0.07007997
v 0.33970940 -0.30928481 -0.10843431
v 0.31142318 -0.32726979 -0.08828490
v 0.39086899 -0.30931541 -0.10846331
v 0.46670508 -0.24095061 -0.02475052
v 0.46684909 -0.24441299 -0.05430525
v 0.33741000 -0.25419679 -0.10901431
v 0.31565610 -0.25149179 -0.09931631
v 0.39090329 -0.25154158 -0.10849632
v 0.30985001 -0.23610029 -0.06101810
v 0.31198883 -0.23759314 -0.07379779
v 0.28993672 -0.23903298 -0.06199496
v 0.26394749 -0.24097931 -0.02468085
v 0.26513809 -0.24285191 -0.05358391
v 0.27503723 -0.24094871 -0.05521917
v 0.27833384 -0.24547681 0.07595539
v 0.27820158 -0.24877709 0.07944017
v 0.27888489 -0.24817011 0.08028357
v 0.37857169 -0.35651699 0.06816076
v 0.30769759 -0.28631824 0.14081068
v 0.44168270 -0.34677681 -0.02459096
v 0.41906959 -0.32733420 -0.08840137
v 0.25433689 -0.33865720 0.01436972
v 0.25809449 -0.33367771 -0.03752731
v 0.26545477 -0.33764821 -0.05788600
v 0.25428110 -0.24445561 0.01444477
v 0.25304556 -0.25117549 -0.00064117
v 0.27008134 -0.34210220 0.03446376
v 0.26520371 -0.34209371 0.01971549
v 0.26838428 -0.34282491 0.01881546
v 0.35186869 -0.35612211 0.07137334
v 0.26907909 -0.27663219 -0.07088231
v 0.26909697 -0.30632550 -0.07090627
v 0.29445797 -0.25147098 -0.08466678
v 0.26634476 -0.24744420 -0.06024974
v 0.33401570 -0.32903150 -0.09771131
v 0.43800908 -0.23604491 -0.03535288
v 0.42081881 -0.23603418 -0.06097119
v 0.39506942 -0.23603639 -0.07803046
v 0.41863480 -0.23753004 -0.07379779
v 0.46431020 -0.24747360 -0.06031980
v 0.26663291 -0.24415579 -0.05803000
v 0.28182331 -0.24030879 -0.06017151
v 0.33319309 -0.23746780 -0.08560746
v 0.36530930 -0.23363009 -0.04051691
v 0.36531115 -0.23601836 -0.08358496
v 0.30253989 -0.23786101 -0.06759948
v 0.27017742 -0.24185291 -0.05440854
v 0.46451670 -0.24334550 0.04730373
v 0.45232081 -0.24529389 0.07587689
v 0.45328683 -0.24463490 0.07246488
v 0.30146080 -0.34479821 -0.06848579
v 0.31067529 -0.34682521 -0.06185030
v 0.25515854 -0.34017181 -0.02052199
v 0.27902550 -0.24577391 0.07752645
v 0.27736610 -0.24481121 0.07253914
v 0.46366411 -0.34007749 0.04692906
v 0.37889451 -0.35610649 0.07137179
v 0.45751232 -0.33968851 0.05986208
v 0.32791722 -0.32478341 0.14078069
v 0.37882280 -0.33688119 0.14077069
v 0.40281010 -0.32473940 0.14078069
v 0.27320814 -0.33984509 0.05980932
v 0.27836651 -0.33892101 0.07220297
v 0.31185991 -0.30275661 0.14079803
v 0.27892515 -0.33576369 0.07951036
v 0.28965527 -0.33638051 0.08864468
v 0.46218038 -0.34267130 -0.03000968
v 0.45561332 -0.34205419 -0.05521917
v 0.39670959 -0.32899430 -0.09771431
v 0.25863189 -0.33373001 0.02880865
v 0.25579780 -0.34019870 0.01411080
v 0.29241794 -0.34685770 -0.03480572
v 0.28669411 -0.34688649 -0.00270486
v 0.26876187 -0.34278521 -0.03075736
v 0.26400518 -0.34205911 -0.02475052
v 0.27880067 -0.33849379 0.07452887
v 0.27742183 -0.33836660 0.07246488
v 0.26794988 -0.30615881 -0.07010370
v 0.28905994 -0.25415239 -0.08111382
v 0.26539904 -0.24533451 -0.05781018
v 0.30125830 -0.23802400 -0.06731110
v 0.28742462 -0.23933339 -0.06100988
v 0.28432512 -0.23977560 -0.06021606
v 0.28298211 -0.23998731 -0.05997961
v 0.28983605 -0.34387890 -0.06215631
v 0.28712475 -0.34356949 -0.06100409
v 0.33837450 -0.34679511 -0.07918411
v 0.27509689 -0.34202799 -0.05529963
v 0.44886234 -0.34255150 -0.06025597
v 0.42928970 -0.34472230 -0.06848567
v 0.36537659 -0.34502691 -0.09366899
v 0.46063399 -0.34198329 0.03453356
v 0.46451682 -0.33952031 0.04738039
v 0.44115591 -0.33770549 0.08637416
v 0.38145882 -0.35239941 0.08946287
v 0.35191882 -0.33689669 0.14077069
v 0.41878125 -0.25798947 0.14083369
v 0.42333698 -0.28043661 0.14081569
v 0.45546180 -0.29039469 0.08285677
v 0.42326561 -0.27759761 0.14081769
v 0.31186640 -0.25805274 0.14083369
v 0.30833670 -0.27970490 0.14081669
v 0.31514001 -0.25453791 0.14083669
v 0.30740511 -0.27766660 0.14081769
v 0.27838701 -0.33770671 0.07587689
v 0.27903688 -0.33779809 0.07663935
v 0.27826256 -0.33479360 0.07906543
v 0.46551442 -0.34015760 -0.05358391
v 0.44091320 -0.34378889 -0.06215631
v 0.26704502 -0.34021851 0.04685151
v 0.35224330 -0.35649711 0.06696600
v 0.26545405 -0.34280789 -0.00408506
v 0.26613003 -0.33537892 -0.06006651
v 0.26380402 -0.24439529 -0.05423021
v 0.46401912 -0.24418381 -0.05810880
v 0.36531091 -0.23672840 -0.08783006
v 0.35081029 -0.23803461 -0.09165096
v 0.36538291 -0.35741621 0.07157296
v 0.28434867 -0.34317631 -0.06029170
v 0.26519525 -0.34013930 -0.05366146
v 0.39407051 -0.34501311 -0.08888357
v 0.40222999 -0.34676030 -0.07480060
v 0.37077999 -0.34677240 -0.08377432
v 0.46497428 -0.33853391 0.04762202
v 0.38542199 -0.34592322 0.11215068
v 0.38445359 -0.34785181 0.10716268
v 0.45328712 -0.33819050 0.07253914
v 0.36537760 -0.34845969 0.11364469
v 0.28955066 -0.33791491 0.08625966
v 0.28370875 -0.33891591 0.07785194
v 0.42297706 -0.27462426 0.14082015
v 0.40275759 -0.23615891 0.14085069
v 0.45600981 -0.29167661 0.08177005
v 0.42326969 -0.28327581 0.14081369
v 0.42298296 -0.28625023 0.14081068
v 0.45600802 -0.29039571 0.08176797
v 0.30769140 -0.27469185 0.14082015
v 0.46047407 -0.34115329 -0.05440854
v 0.46638328 -0.33960119 -0.05400424
v 0.42728668 -0.34676209 -0.05386179
v 0.44362742 -0.34347591 -0.06100290
v 0.26619226 -0.33966270 0.04730367
v 0.26229823 -0.34208030 0.00040269
v 0.26426905 -0.24340829 -0.05400424
v 0.44068781 -0.23894379 -0.06199496
v 0.44319052 -0.23923981 -0.06101351
v 0.45561337 -0.24097469 -0.05529963
v 0.46525377 -0.24536049 -0.05788600
v 0.36531150 -0.23754674 -0.09207454
v 0.33279371 -0.23804960 -0.08660846
v 0.28302282 -0.34296909 -0.06005787
v 0.27023554 -0.34113061 -0.05448758
v 0.43766022 -0.33780411 0.08913194
v 0.44129401 -0.33872411 0.08320910
v 0.45234179 -0.33874550 0.07227897
v 0.45185179 -0.33581451 0.07925796
v 0.36537829 -0.35044441 0.10775968
v 0.28941464 -0.33890930 0.08313429
v 0.34513491 -0.34540460 0.11293168
v 0.39977431 -0.23568019 0.14085169
v 0.41884083 -0.30269304 0.14079803
v 0.30740830 -0.28334430 0.14081369
v 0.44772619 -0.34287170 -0.06005781
v 0.42810029 -0.23778799 -0.06759106
v 0.44901288 -0.24010810 -0.05973845
v 0.46047479 -0.24187481 -0.05448758
v 0.35098860 -0.23745319 -0.09058779
v 0.28167439 -0.34275481 -0.05982018
v 0.44700062 -0.33873531 0.07792734
v 0.45162851 -0.33722720 0.07752645
v 0.45229945 -0.33232060 0.08095026
v 0.34630069 -0.34787479 0.10716268
v 0.34930021 -0.35241851 0.08946270
v 0.30733699 -0.28050521 0.14081569
v 0.44640028 -0.34308031 -0.06029170
v 0.44630069 -0.23967940 -0.06021606
v 0.42936581 -0.23794809 -0.06731110
v 0.45182389 -0.33815181 0.07520759
v 0.45231980 -0.33752429 0.07595539
v 0.45245379 -0.33422399 0.07944017
v 0.41550359 -0.25447890 0.14083669
v 0.44764429 -0.23989001 -0.05997949
v 0.45177042 -0.33483091 0.08028357
v 0.25028887 -0.23202810 0.18488413
v 0.25466138 -0.22837760 0.05682468
v 0.25452799 -0.22826499 0.18607569
v 0.31624070 -0.15302812 0.04487556
v 0.31162140 -0.15774707 0.04136854
v 0.31477278 -0.15199856 0.04382974
v 0.30873099 -0.16102277 0.04078513
v 0.11050130 0.06342030 0.01363796
v 0.31085438 -0.15883964 0.04087517
v 0.30673209 -0.16305993 0.04073149
v 0.24447431 -0.21821129 0.20360258
v 0.30319360 -0.15949208 0.20360269
v 0.09034120 0.00125670 0.32601470
v 0.08928280 0.00415670 0.32601669
v 0.08772840 0.00571350 0.32601869
v 0.16684121 0.03231095 0.28317571
v 0.11088481 0.07097820 0.29626369
v 0.10878321 0.07155090 0.29655567
v 0.10832515 0.07245330 0.29626268
v 0.10956223 0.07229311 0.29555669
v 0.31958961 -0.15582673 0.18441169
v 0.31906560 -0.15523635 0.18958969
v 0.31935480 -0.15588896 0.18882468
v 0.31324720 -0.16954570 0.18607569
v 0.31335390 -0.16966099 0.05676085
v 0.31752837 -0.15377052 0.19333918
v 0.21006693 -0.04145551 0.26020870
v 0.17387995 0.01521461 0.28061467
v 0.30457187 -0.15314919 0.20487669
v 0.24284573 -0.08376151 0.24122168
v 0.21965295 -0.03753328 0.25464270
v 0.30126691 -0.14959799 0.20689319
v 0.13393123 0.07194450 0.26609668
v 0.14878578 0.05558590 0.27137670
v 0.22770335 -0.02436274 0.09303927
v 0.10313752 0.07522120 0.03836339
v 0.10608777 0.07260590 0.01393848
v 0.10319742 0.07076130 0.01379263
v 0.04320304 -0.07416505 0.28468269
v 0.02939640 -0.06380355 0.27137670
v 0.11866768 -0.15049647 0.10329526
v 0.11948939 0.08514341 0.26799169
v 0.11802728 0.08610671 0.26395169
v 0.06024329 0.02875171 0.31337568
v 0.05631609 0.02486270 0.31337568
v 0.00196169 -0.03363096 0.04824280
v 0.00085579 -0.03271955 0.05131131
v 0.00972520 -0.01804262 0.03836339
v 0.02147660 -0.02546298 0.01363796
v 0.24804014 -0.22177589 0.04079520
v -0.00000270 -0.03165723 0.05403766
v 0.07923610 -0.00276460 0.32601869
v 0.05540989 0.01937021 0.31337368
v 0.01393749 -0.02612472 0.29618168
v 0.01245789 -0.02356683 0.29618269
v 0.01263389 -0.02482897 0.29547468
v 0.31696126 -0.16486003 0.05046791
v 0.31306601 -0.16937900 0.05139249
v 0.31123179 -0.16755182 0.04560923
v 0.31517240 -0.16309573 0.04538240
v 0.31701040 -0.16530658 0.18488413
v 0.16874380 -0.15786342 0.24122168
v 0.12251557 -0.13467072 0.25464270
v 0.23458022 -0.21628465 0.20689309
v 0.30834940 -0.15688671 0.20232764
v 0.30708560 -0.16338383 0.20045368
v 0.13318619 0.07260080 0.26992267
v 0.23547393 -0.03369015 0.10329538
v 0.32030249 -0.15699343 0.05350178
v 0.32045531 -0.15755481 0.05432296
v 0.23758173 -0.03578341 0.09236449
v 0.10957088 0.07205140 0.01393628
v 0.10698130 0.07296770 0.01464534
v 0.11145135 -0.14465122 0.08968079
v 0.10134884 -0.13469134 0.08626467
v 0.05381979 -0.08556408 0.03218210
v 0.05267135 -0.08185893 0.28317571
v 0.23875281 -0.23254605 0.19333918
v 0.11986580 0.08429221 0.26981670
v 0.10563769 0.07265715 0.29590821
v 0.06571250 0.02961051 0.31337267
v 0.01440470 -0.02543837 0.01364189
v 0.01295169 -0.02191609 0.01364469
v -0.00112441 -0.03304499 0.26395169
v -0.00000270 -0.03450827 0.26799169
v 0.00044279 -0.03248378 0.05662906
v 0.10700931 0.07196761 0.01364469
v 0.31249571 -0.15497272 0.04217565
v 0.31131780 -0.15230823 0.04224837
v 0.01334479 -0.02398521 0.29647568
v 0.08079050 -0.00432149 0.32601669
v 0.24186900 -0.22336715 0.20232764
v 0.23813148 -0.21958956 0.20487669
v 0.24836612 -0.22210330 0.20045368
v 0.24457493 -0.22611725 0.19994709
v 0.11197551 0.06696921 0.01363915
v 0.31322265 -0.16121016 0.04261645
v 0.25253916 -0.22626850 0.04567307
v 0.24908578 -0.23077755 0.19257419
v 0.31575978 -0.16410352 0.19257419
v 0.22955322 -0.22370669 0.20132518
v 0.23074742 -0.21897830 0.20493560
v 0.30396059 -0.14576513 0.20493568
v 0.31022859 -0.14620487 0.20034568
v 0.27098370 -0.11725151 0.22464868
v 0.17713597 0.01913587 0.27848002
v 0.30868900 -0.14457093 0.20132518
v 0.15914731 0.04177921 0.28468269
v 0.14895442 0.05389835 0.28368619
v 0.13789544 0.06602251 0.28056619
v 0.12593982 0.07870611 0.27466068
v 0.23735672 -0.03567718 0.09746651
v 0.31865349 -0.15557487 0.04760759
v 0.23417485 -0.03235850 0.08423606
v 0.11663701 0.08481250 0.05403745
v 0.11770298 0.08412770 0.05131149
v 0.01145766 -0.04597153 0.27746135
v 0.01895969 -0.05291316 0.28056619
v 0.01238139 -0.04820389 0.26992267
v 0.03108395 -0.06397215 0.28368619
v 0.01191239 -0.04728276 0.27371868
v 0.01303780 -0.04894900 0.26609668
v 0.00331509 -0.03777382 0.27267268
v 0.10934617 -0.14272039 0.09303784
v 0.04688449 -0.07861888 0.02810043
v 0.02552329 -0.05861300 0.05218607
v 0.03170469 -0.06481165 0.05152970
v 0.01394889 -0.04821753 0.13567659
v 0.03692900 -0.06866658 0.02677917
v 0.00546430 -0.03849827 0.05626148
v 0.05042769 -0.08359212 0.05665195
v 0.12102564 -0.15250249 0.09743883
v 0.03595370 -0.06736225 0.02636611
v 0.03143449 -0.06318104 0.02813935
v 0.01286440 -0.02450234 0.01393628
v 0.01231530 -0.02101803 0.01393848
v 0.01791799 -0.02691442 0.01363915
v 0.01417235 -0.01812160 0.01379263
v 0.00171030 -0.03639609 0.27095267
v 0.00069009 -0.03488350 0.26981670
v 0.01224744 -0.02089354 0.29583019
v -0.00108211 -0.03358108 0.26308969
v 0.10197648 0.06696730 0.01364469
v 0.08368869 -0.00538450 0.32601470
v 0.25226313 -0.22600000 0.19510369
v 0.24694084 -0.22855265 0.19697464
v 0.25384837 -0.22706650 0.19142269
v 0.31353492 -0.16195855 0.19697469
v 0.31537318 -0.15165699 0.19628468
v 0.31605500 -0.15203719 0.19527468
v 0.30950800 -0.14544050 0.20081069
v 0.13226506 0.07306980 0.27371868
v 0.12137832 0.08327200 0.27095267
v 0.21967733 -0.01636237 0.08626597
v 0.16858664 0.03456680 0.05665314
v 0.13318011 0.07106320 0.13554659
v 0.12347861 0.07951740 0.05626249
v 0.14360359 0.05946731 0.05218708
v 0.22859843 -0.02677047 0.07947337
v 0.22398545 -0.02216071 0.07571249
v 0.11856338 0.08606441 0.26308969
v 0.00501460 -0.03970605 0.27383870
v 0.00816679 -0.04282021 0.27575269
v 0.00517890 -0.03790837 0.05046397
v 0.02675787 -0.05838355 0.03037494
v 0.03805029 -0.07117552 0.05204820
v 0.23701942 -0.23107269 0.19527468
v 0.06584640 -0.09215371 0.27848002
v 0.23663922 -0.23039091 0.19628468
v 0.25437337 -0.22809559 0.05145633
v 0.24985546 -0.23199415 0.05054089
v 0.24255568 -0.23548689 0.05440771
v 0.24080904 -0.23460731 0.18441169
v 0.24199331 -0.23533511 0.05358708
v 0.04537719 -0.07678294 0.02695286
v 0.00322869 -0.03507429 0.04654938
v 0.01195179 -0.02191061 0.01464534
v 0.12643775 -0.12508468 0.26020870
v 0.20223381 -0.18600141 0.22464868
v 0.23451513 -0.22854595 0.19784513
v 0.23118718 -0.22524631 0.20034568
v 0.25008297 -0.22330120 0.19867669
v 0.31204879 -0.16886608 0.19142269
v 0.31098229 -0.16728084 0.19510369
v 0.30828339 -0.16510068 0.19867669
v 0.31112379 -0.14715372 0.19974868
v 0.31231195 -0.14824523 0.19878370
v 0.31109953 -0.15959264 0.19994715
v 0.13095379 0.07352460 0.27746135
v 0.12275612 0.08166721 0.27267268
v 0.11206355 0.06955480 0.01393348
v 0.23311995 -0.03129860 0.08318088
v 0.23138845 -0.02872252 0.08634656
v 0.23531170 -0.03350031 0.08573419
v 0.11861722 0.08302461 0.04824292
v 0.12289394 0.07980680 0.05046487
v 0.11738940 0.08432976 0.05658447
v 0.00912929 -0.04376200 0.27626020
v 0.00627610 -0.04095751 0.27466068
v 0.04435730 -0.07750159 0.05377507
v 0.24087125 -0.23437250 0.18882468
v 0.11371244 -0.14639883 0.08634579
v 0.10715707 -0.13898920 0.07571226
v 0.11176517 -0.14360373 0.07947325
v 0.12077048 -0.15259473 0.09236436
v 0.23801704 -0.23128429 0.04496068
v 0.03740959 -0.06808555 0.02589082
v 0.00437260 -0.03620934 0.04536580
v 0.00527406 -0.03696296 0.04448205
v 0.06976759 -0.08889770 0.28061467
v 0.23552245 -0.22965780 0.19675168
v 0.23042275 -0.22452569 0.20081060
v 0.23213601 -0.22614150 0.19974868
v 0.31352824 -0.14953285 0.19784519
v 0.12468829 0.07996770 0.27383870
v 0.14980462 0.05328841 0.05153084
v 0.15616919 0.04694491 0.05204946
v 0.16249652 0.04063760 0.05377620
v 0.11052265 0.07049141 0.01364189
v 0.23690380 -0.03510028 0.08921265
v 0.22963764 -0.02646458 0.08968198
v 0.12119867 0.08061676 0.04536592
v 0.12190222 0.07973243 0.04444724
v 0.00731519 -0.04198319 0.27527767
v 0.24021858 -0.23408329 0.18958969
v 0.12008967 -0.15191440 0.08921259
v 0.24808459 -0.23021114 0.04545542
v 0.24600460 -0.22377619 0.04085344
v 0.24056785 -0.23369309 0.04769259
v 0.24619520 -0.22826520 0.04268938
v 0.01535639 -0.02699828 0.01393348
v 0.23729241 -0.22636470 0.04232877
v 0.23322749 -0.22732970 0.19878370
v 0.31464010 -0.15054016 0.19675168
v 0.12696549 0.07766701 0.27527767
v 0.14349048 0.05817574 0.03036052
v 0.23608500 -0.03427708 0.08713299
v 0.11735106 -0.14918230 0.08423594
v 0.23698582 -0.22981811 0.04391438
v 0.23995699 -0.22754121 0.04225451
v 0.12780246 0.07681540 0.27575269
v 0.12874430 0.07585301 0.27626020
v 0.12984759 0.07471970 0.27682617
v 0.16363528 0.03813181 0.02810055
v 0.12006231 0.08175931 0.04654956
v 0.11629175 -0.14812689 0.08318074
v 0.11849203 -0.15032010 0.08573407
v 0.11926790 -0.15109436 0.08713286
v 0.24382168 -0.22589964 0.04094809
v 0.15368088 0.04808550 0.02677923
v 0.17061989 0.03115476 0.03221529
v 0.01026259 -0.04486531 0.27682617
v 0.24273005 -0.22666670 0.04144346
v 0.16179968 0.03963951 0.02695262
v 0.15237656 0.04906071 0.02636593
v 0.14819261 0.05357700 0.02813935
v 0.15310057 0.04760551 0.02589005
v -0.25039560 -0.19283393 0.20240670
v -0.24381965 -0.20627451 0.19999568
v -0.24575749 -0.21432722 0.03975612
v -0.29282868 -0.30072340 0.12838769
v -0.28367555 -0.28696352 0.15006869
v -0.29660451 -0.30686963 0.16644068
v -0.33834371 -0.33625412 0.12875620
v -0.35888308 -0.34157711 0.12872919
v -0.25085884 -0.22118250 0.04252642
v -0.35177392 -0.32848221 0.25875568
v -0.33407760 -0.32058540 0.25801569
v -0.33696502 -0.31257290 0.27017468
v -0.24319100 -0.21147960 0.19908069
v -0.24322724 -0.20999090 0.20014969
v -0.41974440 -0.24794221 0.20708969
v -0.40825251 -0.22855051 0.19092269
v -0.42111251 -0.24868980 0.19427368
v -0.28492081 -0.28839523 0.12575169
v -0.35526139 -0.34323370 0.16084169
v -0.37350181 -0.34373879 0.18704459
v -0.35693330 -0.34272712 0.14570369
v -0.37044972 -0.34061933 0.22564669
v -0.37451971 -0.33984160 0.22724769
v -0.24653816 -0.21531381 0.03959137
v -0.30026910 -0.30982780 0.12922269
v -0.31966355 -0.32626250 0.12892818
v -0.30958042 -0.26749033 0.26741770
v -0.35690743 -0.24920720 0.28050870
v -0.37081289 -0.23928970 0.27597070
v -0.37392241 -0.26774260 0.28503469
v -0.35237622 -0.22469610 0.26746470
v -0.29667291 -0.29411721 0.23417769
v -0.28463089 -0.27853119 0.22056368
v -0.28380710 -0.28172660 0.21143268
v -0.29575610 -0.30204430 0.21166168
v -0.28354794 -0.28391051 0.20194259
v -0.28368175 -0.28698552 0.16147068
v -0.24589822 -0.21679869 0.19786865
v -0.29614401 -0.30559212 0.18930869
v -0.31312162 -0.32187831 0.20276859
v -0.31360292 -0.32325661 0.19092469
v -0.33374989 -0.33610460 0.19427368
v -0.31408471 -0.32409853 0.17904069
v -0.31746233 -0.29863930 0.26524568
v -0.31486082 -0.30738571 0.25250667
v -0.34335741 -0.30134672 0.28015068
v -0.30271551 -0.27965713 0.25914767
v -0.29938880 -0.28822631 0.24826169
v -0.26010963 -0.18075362 0.20446068
v -0.25810385 -0.18269277 0.20435569
v -0.27235121 -0.18737951 0.03881567
v -0.27593869 -0.19096488 0.03970068
v -0.28567743 -0.17403775 0.03898048
v -0.40909493 -0.22903180 0.17903869
v -0.37030041 -0.19856375 0.19227569
v -0.36888751 -0.19851846 0.20194469
v -0.29833752 -0.15869494 0.19860269
v -0.38918641 -0.21082711 0.20048968
v -0.38381869 -0.21098632 0.22280368
v -0.37910581 -0.21163762 0.23417169
v -0.37121302 -0.21272951 0.24691369
v -0.37310770 -0.21447641 0.24835059
v -0.30648559 -0.31605929 0.12937459
v -0.28368396 -0.28670901 0.13791069
v -0.34097430 -0.33742350 0.12906058
v -0.39351863 -0.33771139 0.18705869
v -0.39822400 -0.33116192 0.22534469
v -0.41057530 -0.32552171 0.18606013
v -0.40893057 -0.32386428 0.12876469
v -0.41063231 -0.32557863 0.17903918
v -0.41829950 -0.31226581 0.15225369
v -0.42242432 -0.30389130 0.12906058
v -0.42155892 -0.30353481 0.12814668
v -0.25901723 -0.20071346 0.03898048
v -0.31144780 -0.32023504 0.12908620
v -0.31565899 -0.32362312 0.12930563
v -0.26953822 -0.17156342 0.20419019
v -0.27271587 -0.16870560 0.20371069
v -0.26765603 -0.17313500 0.20435569
v -0.29674482 -0.26185352 0.25433770
v -0.25290063 -0.18896049 0.20347109
v -0.31881380 -0.25469890 0.27035868
v -0.25651300 -0.18459883 0.20418718
v -0.33407381 -0.27204061 0.28048268
v -0.32968009 -0.24480270 0.27150169
v -0.27740440 -0.16566813 0.20253509
v -0.27392787 -0.16792275 0.20346969
v -0.29494011 -0.15824278 0.20015068
v -0.38352019 -0.23257869 0.26532468
v -0.36454690 -0.21782300 0.25921768
v -0.29586822 -0.30420059 0.20049469
v -0.29639959 -0.30643672 0.17801669
v -0.28359371 -0.28532273 0.19227369
v -0.28366160 -0.28621513 0.18243368
v -0.28368473 -0.28674781 0.17221969
v -0.35243052 -0.34290680 0.18857768
v -0.34961331 -0.33814520 0.22888669
v -0.37291342 -0.33079180 0.25678468
v -0.33241552 -0.33268860 0.21993868
v -0.34956992 -0.33769220 0.23100169
v -0.33185399 -0.32956469 0.23290269
v -0.35137129 -0.32941091 0.25679868
v -0.33307630 -0.32591280 0.24618168
v -0.32416183 -0.28594083 0.27591768
v -0.35260531 -0.28905970 0.28501070
v -0.30550301 -0.30250800 0.24220969
v -0.29770851 -0.28282291 0.24969968
v -0.31360731 -0.31249851 0.24094369
v -0.39057770 -0.21110190 0.18930368
v -0.42659670 -0.27381974 0.12872618
v -0.42239931 -0.25581461 0.12906058
v -0.42126143 -0.25327563 0.12875620
v -0.39194173 -0.21174040 0.15444359
v -0.40122372 -0.22162521 0.12937568
v -0.40951222 -0.22948991 0.16700669
v -0.39185572 -0.21156201 0.16643569
v -0.29314637 -0.15827157 0.19972469
v -0.36670429 -0.19877978 0.21143469
v -0.37194169 -0.19864494 0.15007369
v -0.37196380 -0.19865113 0.16147469
v -0.37172592 -0.19865423 0.17222358
v -0.37119311 -0.19863123 0.18243669
v -0.39228213 -0.22996151 0.25259867
v -0.38768768 -0.22057632 0.24215169
v -0.39000151 -0.22312331 0.24341069
v -0.40687442 -0.22807030 0.20276669
v -0.40480831 -0.22770250 0.21465768
v -0.38703051 -0.21071610 0.21165669
v -0.40879899 -0.24012241 0.23708969
v -0.40180242 -0.22756889 0.22672459
v -0.41001022 -0.24052201 0.23466469
v -0.29678291 -0.30695570 0.15444969
v -0.29695702 -0.30673641 0.14194569
v -0.29745141 -0.30662251 0.12902369
v -0.31498742 -0.32457471 0.15474668
v -0.28377825 -0.28634882 0.12511958
v -0.42877042 -0.28843760 0.18704459
v -0.42055023 -0.30588269 0.22367369
v -0.42477113 -0.28957462 0.22730669
v -0.40810311 -0.30805561 0.25681770
v -0.41610062 -0.31327963 0.22536568
v -0.41568661 -0.28801581 0.25683367
v -0.39094910 -0.33550513 0.22367269
v -0.39295292 -0.32320732 0.25680068
v -0.33957881 -0.23393381 0.27038169
v -0.25367749 -0.18775523 0.20371069
v -0.33890772 -0.25403762 0.27805567
v -0.34512210 -0.26025560 0.28128469
v -0.34693161 -0.21181230 0.25436169
v -0.36721331 -0.21154191 0.24797268
v -0.33455780 -0.33691740 0.18142568
v -0.33711451 -0.33690351 0.14229669
v -0.35381591 -0.34329900 0.17459069
v -0.33300170 -0.33473712 0.20709069
v -0.31275252 -0.31981200 0.21466069
v -0.31261751 -0.31680602 0.22672768
v -0.37321550 -0.31628671 0.27535269
v -0.33181101 -0.32895440 0.23505768
v -0.29602441 -0.29883152 0.22280869
v -0.29774511 -0.28618473 0.24692468
v -0.31202641 -0.31160730 0.23932369
v -0.39142263 -0.21135721 0.17801169
v -0.41126215 -0.23460945 0.12892818
v -0.30614161 -0.16586727 0.04252642
v -0.40957141 -0.22993422 0.15474668
v -0.42228419 -0.25032949 0.16850269
v -0.27824813 -0.16509636 0.20224969
v -0.40547842 -0.24918471 0.25809768
v -0.38621563 -0.25848860 0.28019768
v -0.40843740 -0.32338512 0.22302468
v -0.41769591 -0.24735731 0.21993759
v -0.39662153 -0.22699541 0.23931769
v -0.42564952 -0.28537703 0.22564769
v -0.42261431 -0.26464772 0.23108369
v -0.42774892 -0.27186912 0.14570668
v -0.42674011 -0.28692549 0.12904869
v -0.41081852 -0.24816930 0.24626969
v -0.31543210 -0.32432091 0.14219569
v -0.39738521 -0.33333272 0.15425669
v -0.38959631 -0.33711231 0.12906058
v -0.42275491 -0.30845800 0.18705869
v -0.26289409 -0.17791536 0.20462818
v -0.26568893 -0.17517006 0.20446169
v -0.36083162 -0.27596992 0.28587168
v -0.36291319 -0.27805179 0.28609470
v -0.35007021 -0.20991981 0.25193468
v -0.36773789 -0.21280912 0.24977468
v -0.31454310 -0.32451552 0.16700760
v -0.33538970 -0.33727479 0.16850069
v -0.35257310 -0.34297350 0.18709068
v -0.33623970 -0.33725220 0.15546669
v -0.36602390 -0.30802941 0.28109670
v -0.37245369 -0.30095470 0.28340068
v -0.32512361 -0.32395190 0.23696968
v -0.29651621 -0.28201690 0.24802668
v -0.30820912 -0.30535263 0.24323669
v -0.42191342 -0.25205350 0.14229968
v -0.29928315 -0.16076995 0.03975612
v -0.40523002 -0.22639760 0.12908620
v -0.40862042 -0.23060656 0.12930563
v -0.42226201 -0.25117910 0.15546969
v -0.39292932 -0.28112823 0.28111169
v -0.38584211 -0.28756770 0.28341168
v -0.39745182 -0.25208610 0.27024269
v -0.40250242 -0.27344602 0.27444568
v -0.42316070 -0.26455110 0.22888769
v -0.39739329 -0.22868001 0.24104358
v -0.42328990 -0.30079269 0.12842759
v -0.42192501 -0.24949650 0.18142669
v -0.41457683 -0.24680811 0.23289968
v -0.37243623 -0.34165913 0.12904869
v -0.35834420 -0.31759572 0.27442768
v -0.32548481 -0.32493281 0.23469159
v -0.30026990 -0.16154951 0.03959137
v -0.40931770 -0.23037881 0.14219569
v -0.41430563 -0.26647651 0.25686967
v -0.40127981 -0.27434760 0.27558568
v -0.39568609 -0.30104423 0.27537370
v -0.37903953 -0.29417521 0.28408170
v -0.42831922 -0.26875192 0.17459269
v -0.42580891 -0.28682572 0.12813559
v -0.41386652 -0.24688201 0.23515369
v -0.37232971 -0.34072912 0.12813559
v -0.35921782 -0.31641090 0.27553368
v -0.37754542 -0.20260704 0.12627567
v -0.37332821 -0.19986337 0.12573768
v -0.41338962 -0.26687491 0.25879470
v -0.40115792 -0.28834993 0.27538469
v -0.38591030 -0.31081712 0.27536270
v -0.42825371 -0.27019632 0.16084459
v -0.42792571 -0.26736641 0.18858269
v -0.38585490 -0.33825171 0.12842759
v -0.38609272 -0.20807177 0.12844169
v -0.39172173 -0.21191381 0.14193968
v -0.37168720 -0.19865336 0.13791659
v -0.42799231 -0.26750901 0.18709169
v -0.38922980 -0.33625141 0.12814768
v -0.39634329 -0.33233550 0.12813768
v -0.39526272 -0.21563610 0.12924369
v -0.37131861 -0.19874340 0.12511769
v -0.39170820 -0.21249291 0.12903069
v -0.33085352 -0.23572241 0.14085169
v -0.35185772 -0.22406340 0.14086069
v -0.37876150 -0.22404800 0.14086069
v -0.26607853 -0.24027161 0.00654012
v -0.28659326 -0.23616050 -0.00518459
v -0.46247742 -0.29152989 -0.07130688
v -0.47691321 -0.29150641 -0.04204624
v -0.46274471 -0.27685040 -0.07010370
v -0.29264522 -0.23613301 -0.03541767
v -0.31137222 -0.30657780 -0.09821031
v -0.33738241 -0.30659911 -0.10898431
v -0.31140670 -0.25417781 -0.09824231
v -0.44403881 -0.23606740 -0.00511354
v -0.46433562 -0.24015591 0.00830132
v -0.46917552 -0.29143339 0.04980671
v -0.46497962 -0.24433440 0.04754680
v -0.48005140 -0.29145682 0.02026588
v -0.46551722 -0.34199691 0.01977688
v -0.46520069 -0.34269521 -0.00064838
v -0.46166530 -0.34271491 0.02149367
v -0.47637761 -0.33856261 0.01444477
v -0.47702441 -0.33859032 -0.02064943
v -0.47555640 -0.34013331 -0.02044444
v -0.32787043 -0.23620521 0.14085069
v -0.26224142 -0.24100320 0.00045925
v -0.25574493 -0.24291331 0.01418835
v -0.25510603 -0.24288611 -0.02044444
v -0.48269352 -0.29148191 -0.01110213
v -0.47702441 -0.24438810 -0.02072459
v -0.46685460 -0.33861732 -0.05423021
v -0.41970122 -0.25424182 -0.09804732
v -0.41965351 -0.30664229 -0.09802731
v -0.46159852 -0.30637711 -0.07088231
v -0.39373121 -0.25423270 -0.10891331
v -0.24799824 -0.29154220 -0.01110213
v -0.25064033 -0.29156581 0.02026588
v -0.24966991 -0.30262101 -0.00205851
v -0.26151609 -0.29158241 0.04980671
v -0.26568419 -0.24447741 0.04762202
v -0.27818948 -0.25067502 0.08071166
v -0.31562710 -0.30926812 -0.09928332
v -0.36525482 -0.22398251 0.13885069
v -0.36520511 -0.22404630 0.13533269
v -0.36558026 -0.25421825 -0.11269898
v -0.39367962 -0.30663282 -0.10888931
v -0.41497311 -0.30932730 -0.09933931
v -0.46159792 -0.27668339 -0.07090627
v -0.47261620 -0.24933791 -0.03752731
v -0.41500670 -0.25155270 -0.09937231
v -0.46841890 -0.24093330 0.00040269
v -0.47207922 -0.24928521 0.02880865
v -0.47637740 -0.24436061 0.01436972
v -0.47491801 -0.24281770 0.01411080
v -0.47555640 -0.24284531 -0.02052199
v -0.44298512 -0.34680471 0.00799107
v -0.46842051 -0.34201252 0.00045925
v -0.26699358 -0.24293320 0.04692906
v -0.45244899 -0.24821001 0.07906543
v -0.45178720 -0.24723980 0.07951036
v -0.48102841 -0.28040212 -0.00205851
v -0.47770742 -0.25110853 -0.00522530
v -0.47770721 -0.33184630 -0.00516099
v -0.46274501 -0.30620921 -0.07007997
v -0.46398538 -0.33568650 -0.06042542
v -0.25369531 -0.33863193 -0.02072459
v -0.25377804 -0.29151401 -0.04204624
v -0.27467591 -0.29132873 0.08177005
v -0.26574016 -0.33867872 0.04754680
v -0.26669550 -0.33882651 -0.05810880
v -0.33623219 -0.34401113 -0.09020536
v -0.26703066 -0.33579445 -0.06071030
v -0.36538082 -0.34398970 -0.09506600
v -0.36528629 -0.32731301 -0.10415831
v -0.33718222 -0.32729411 -0.10008921
v -0.36553738 -0.30661809 -0.11266898
v -0.39333272 -0.32732749 -0.10013931
v -0.39452922 -0.34397680 -0.09020507
v -0.43622121 -0.25155699 -0.08474659
v -0.44198102 -0.25424582 -0.08083849
v -0.46280050 -0.24012820 -0.02711981
v -0.46551982 -0.24287210 -0.05366146
v -0.46638861 -0.24342871 -0.05408078
v -0.33974910 -0.25151330 -0.10846731
v -0.36532751 -0.25153083 -0.11158732
v -0.33561319 -0.23607370 -0.07805299
v -0.37963641 -0.23743831 -0.09058850
v -0.39783102 -0.23801321 -0.08661031
v -0.39743170 -0.23743241 -0.08560931
v -0.37981522 -0.23802030 -0.09165167
v -0.26803315 -0.24024330 -0.02797299
v -0.25363952 -0.24443051 -0.02064943
v -0.25295991 -0.25117421 -0.00516099
v -0.46366951 -0.24279191 0.04685151
v -0.47491771 -0.34010601 0.01418835
v -0.26614082 -0.24349040 0.04738039
v -0.27880865 -0.24718921 0.07925796
v -0.45247760 -0.25048649 0.08064639
v -0.47761700 -0.25110430 -0.00070542
v -0.47761682 -0.33184332 -0.00064117
v -0.46670881 -0.34203291 -0.02468085
v -0.46525970 -0.33767653 -0.05781018
v -0.46402511 -0.33885461 -0.05803000
v -0.41991860 -0.34483182 -0.07536762
v -0.26386493 -0.33859950 -0.05430525
v -0.26433164 -0.33958513 -0.05408078
v -0.25309914 -0.33191669 -0.00070542
v -0.25300801 -0.33191311 -0.00522530
v -0.27467877 -0.29260990 0.08176797
v -0.27522445 -0.29261011 0.08285677
v -0.27841121 -0.33251166 0.08088508
v -0.31084263 -0.34489661 -0.07536762
v -0.33668649 -0.34505022 -0.08888387
v -0.26821393 -0.29148191 -0.07130688
v -0.26793766 -0.27680281 -0.07007997
v -0.33971483 -0.30928719 -0.10843431
v -0.31142861 -0.32727230 -0.08828490
v -0.39087439 -0.30931783 -0.10846331
v -0.46671060 -0.24095301 -0.02475052
v -0.46685451 -0.24441540 -0.05430531
v -0.33741540 -0.25419921 -0.10901431
v -0.31566149 -0.25149420 -0.09931631
v -0.39090872 -0.25154400 -0.10849632
v -0.30985540 -0.23610270 -0.06101810
v -0.31199425 -0.23759556 -0.07379779
v -0.28994215 -0.23903561 -0.06199496
v -0.26395291 -0.24098171 -0.02468085
v -0.26514351 -0.24285431 -0.05358391
v -0.27504265 -0.24095111 -0.05521917
v -0.27833927 -0.24547940 0.07595539
v -0.27820700 -0.24877951 0.07944017
v -0.27889031 -0.24817251 0.08028357
v -0.37857711 -0.35651940 0.06816076
v -0.30770305 -0.28632066 0.14081068
v -0.44168812 -0.34677923 -0.02459096
v -0.41907501 -0.32733661 -0.08840137
v -0.25434232 -0.33865961 0.01436972
v -0.25809991 -0.33368021 -0.03752731
v -0.26546013 -0.33765060 -0.05788600
v -0.25428653 -0.24445800 0.01444477
v -0.25305092 -0.25117791 -0.00064117
v -0.27008677 -0.34210461 0.03446376
v -0.26838970 -0.34282732 0.01881546
v -0.26520914 -0.34209621 0.01971549
v -0.35187411 -0.35612461 0.07137334
v -0.26908451 -0.27663460 -0.07088231
v -0.26910239 -0.30632800 -0.07090627
v -0.29446340 -0.25147340 -0.08466678
v -0.26635018 -0.24744660 -0.06024974
v -0.33402109 -0.32903391 -0.09771131
v -0.43801451 -0.23604731 -0.03535288
v -0.42082423 -0.23603660 -0.06097119
v -0.41864023 -0.23753250 -0.07379779
v -0.39507481 -0.23603880 -0.07803046
v -0.46431559 -0.24747606 -0.06031986
v -0.26663834 -0.24415821 -0.05803000
v -0.28182873 -0.24031121 -0.06017151
v -0.33319849 -0.23747021 -0.08560746
v -0.36531472 -0.23363261 -0.04051691
v -0.36531657 -0.23602076 -0.08358496
v -0.30254531 -0.23786341 -0.06759948
v -0.27018285 -0.24185531 -0.05440854
v -0.46452209 -0.24334791 0.04730367
v -0.45232630 -0.24529630 0.07587682
v -0.45329222 -0.24463731 0.07246488
v -0.30146620 -0.34480059 -0.06848579
v -0.31068069 -0.34682781 -0.06185030
v -0.25516397 -0.34017420 -0.02052199
v -0.27903092 -0.24577631 0.07752645
v -0.27737153 -0.24481371 0.07253914
v -0.46366951 -0.34007990 0.04692906
v -0.37889990 -0.35610890 0.07137179
v -0.45751771 -0.33969101 0.05986208
v -0.32792261 -0.32478583 0.14078069
v -0.40281552 -0.32474181 0.14078069
v -0.37882823 -0.33688360 0.14077069
v -0.27321357 -0.33984751 0.05980932
v -0.27837193 -0.33892339 0.07220297
v -0.27893054 -0.33576611 0.07951036
v -0.31186533 -0.30275902 0.14079803
v -0.28966069 -0.33638293 0.08864468
v -0.46218580 -0.34267381 -0.03000968
v -0.45561880 -0.34205669 -0.05521917
v -0.39671499 -0.32899672 -0.09771431
v -0.25863731 -0.33373243 0.02880865
v -0.25580317 -0.34020111 0.01411080
v -0.29242337 -0.34686011 -0.03480565
v -0.26876730 -0.34278771 -0.03075736
v -0.28669953 -0.34688890 -0.00270486
v -0.26401061 -0.34206152 -0.02475052
v -0.27880609 -0.33849633 0.07452887
v -0.27742726 -0.33836901 0.07246488
v -0.26795524 -0.30616122 -0.07010370
v -0.28906536 -0.25415480 -0.08111382
v -0.26540446 -0.24533691 -0.05781018
v -0.30126369 -0.23802650 -0.06731110
v -0.28743005 -0.23933581 -0.06100988
v -0.28433055 -0.23977801 -0.06021606
v -0.28298753 -0.23998971 -0.05997961
v -0.28984147 -0.34388131 -0.06215625
v -0.28713018 -0.34357190 -0.06100409
v -0.33837992 -0.34679753 -0.07918411
v -0.27510226 -0.34203041 -0.05529963
v -0.42929512 -0.34472471 -0.06848567
v -0.44886774 -0.34255406 -0.06025597
v -0.36538202 -0.34502941 -0.09366899
v -0.46063951 -0.34198570 0.03453356
v -0.46452221 -0.33952281 0.04738039
v -0.44116130 -0.33770800 0.08637416
v -0.38146421 -0.35240179 0.08946287
v -0.35192421 -0.33689910 0.14077069
v -0.41878670 -0.25799185 0.14083369
v -0.42334253 -0.28043902 0.14081569
v -0.42327112 -0.27759999 0.14081769
v -0.45546719 -0.29039711 0.08285677
v -0.31187183 -0.25805515 0.14083369
v -0.30834210 -0.27970731 0.14081669
v -0.31514540 -0.25454032 0.14083669
v -0.30741051 -0.27766901 0.14081769
v -0.27839243 -0.33770931 0.07587689
v -0.27904230 -0.33780050 0.07663935
v -0.27826798 -0.33479601 0.07906549
v -0.46551982 -0.34016001 -0.05358391
v -0.44091862 -0.34379131 -0.06215631
v -0.26705045 -0.34022093 0.04685151
v -0.35224870 -0.35649961 0.06696600
v -0.26545948 -0.34281039 -0.00408506
v -0.26613545 -0.33538151 -0.06006645
v -0.26380944 -0.24439770 -0.05423021
v -0.46402460 -0.24418621 -0.05810880
v -0.36531630 -0.23673090 -0.08783006
v -0.35081571 -0.23803701 -0.09165101
v -0.36538830 -0.35741860 0.07157296
v -0.28435403 -0.34317869 -0.06029170
v -0.26520067 -0.34014171 -0.05366146
v -0.39407590 -0.34501570 -0.08888357
v -0.40223539 -0.34676281 -0.07480060
v -0.37078530 -0.34677491 -0.08377426
v -0.46497980 -0.33853632 0.04762202
v -0.38542742 -0.34592563 0.11215068
v -0.38445902 -0.34785432 0.10716268
v -0.45329252 -0.33819300 0.07253914
v -0.36538303 -0.34846210 0.11364469
v -0.28955609 -0.33791733 0.08625966
v -0.28371418 -0.33891833 0.07785194
v -0.42298251 -0.27462670 0.14082015
v -0.40276301 -0.23616131 0.14085069
v -0.45601520 -0.29167902 0.08177005
v -0.42298841 -0.28625268 0.14081068
v -0.42327511 -0.28327823 0.14081369
v -0.45601341 -0.29039821 0.08176797
v -0.30769688 -0.27469426 0.14082015
v -0.46047950 -0.34115571 -0.05440854
v -0.46638870 -0.33960372 -0.05400424
v -0.42729211 -0.34676462 -0.05386179
v -0.44363281 -0.34347832 -0.06100290
v -0.26619768 -0.33966511 0.04730373
v -0.26230365 -0.34208271 0.00040269
v -0.26427448 -0.24341081 -0.05400424
v -0.44069320 -0.23894630 -0.06199496
v -0.44319591 -0.23924221 -0.06101351
v -0.45561880 -0.24097711 -0.05529963
v -0.46525919 -0.24536291 -0.05788600
v -0.36531690 -0.23754916 -0.09207454
v -0.33279911 -0.23805201 -0.08660846
v -0.28302824 -0.34297150 -0.06005787
v -0.27024090 -0.34113312 -0.05448758
v -0.43766561 -0.33780652 0.08913194
v -0.44129941 -0.33872661 0.08320910
v -0.45234722 -0.33874792 0.07227897
v -0.45185721 -0.33581692 0.07925796
v -0.36538368 -0.35044691 0.10775968
v -0.28942007 -0.33891180 0.08313429
v -0.34514031 -0.34540701 0.11293168
v -0.39977971 -0.23568261 0.14085169
v -0.41884625 -0.30269545 0.14079803
v -0.30741370 -0.28334671 0.14081369
v -0.44773161 -0.34287423 -0.06005781
v -0.42810571 -0.23779041 -0.06759106
v -0.44901830 -0.24011061 -0.05973852
v -0.46048021 -0.24187721 -0.05448758
v -0.35099399 -0.23745561 -0.09058779
v -0.28167975 -0.34275731 -0.05982018
v -0.44700611 -0.33873773 0.07792734
v -0.45163390 -0.33722961 0.07752645
v -0.45230484 -0.33232301 0.08095026
v -0.34630609 -0.34787720 0.10716268
v -0.34930560 -0.35242093 0.08946270
v -0.30734241 -0.28050762 0.14081569
v -0.44640571 -0.34308290 -0.06029170
v -0.44630611 -0.23968190 -0.06021612
v -0.42937121 -0.23795050 -0.06731110
v -0.45182931 -0.33815420 0.07520759
v -0.45232520 -0.33752680 0.07595539
v -0.45245922 -0.33422640 0.07944017
v -0.41550899 -0.25448132 0.14083669
v -0.44764972 -0.23989241 -0.05997949
v -0.45177582 -0.33483332 0.08028357
v -0.25029430 -0.23203051 0.18488413
v -0.25453341 -0.22826740 0.18607569
v -0.25466681 -0.22837999 0.05682468
v -0.31624621 -0.15303053 0.04487556
v -0.31477821 -0.15200098 0.04382974
v -0.31162679 -0.15774947 0.04136854
v -0.30873641 -0.16102523 0.04078507
v -0.31085980 -0.15884206 0.04087513
v -0.11050671 0.06341800 0.01363796
v -0.30673751 -0.16306241 0.04073149
v -0.24447978 -0.21821371 0.20360269
v -0.09034660 0.00125430 0.32601470
v -0.30319911 -0.15949447 0.20360269
v -0.08928820 0.00415429 0.32601669
v -0.08773381 0.00571120 0.32601869
v -0.16684663 0.03230854 0.28317571
v -0.11089022 0.07097580 0.29626369
v -0.10878868 0.07154849 0.29655567
v -0.10833061 0.07245089 0.29626268
v -0.10956764 0.07229070 0.29555669
v -0.31959501 -0.15582915 0.18441169
v -0.31936032 -0.15589142 0.18882468
v -0.31907111 -0.15523875 0.18958969
v -0.31325269 -0.16954811 0.18607569
v -0.31335941 -0.16966338 0.05676085
v -0.31753379 -0.15377292 0.19333918
v -0.17388541 0.01521230 0.28061467
v -0.21007240 -0.04145785 0.26020870
v -0.30457726 -0.15315159 0.20487669
v -0.24285114 -0.08376391 0.24122168
v -0.21965842 -0.03753568 0.25464270
v -0.30127239 -0.14960039 0.20689319
v -0.13393670 0.07194209 0.26609668
v -0.22770876 -0.02436514 0.09303927
v -0.14879125 0.05558349 0.27137670
v -0.10314292 0.07521890 0.03836339
v -0.10320283 0.07075900 0.01379263
v -0.10609318 0.07260349 0.01393848
v -0.04320850 -0.07416742 0.28468269
v -0.11867309 -0.15049887 0.10329526
v -0.02940181 -0.06380589 0.27137670
v -0.11949480 0.08514109 0.26799169
v -0.06024870 0.02874930 0.31337568
v -0.11803275 0.08610430 0.26395169
v -0.05632150 0.02486029 0.31337568
v -0.00196710 -0.03363334 0.04824283
v -0.00973061 -0.01804502 0.03836339
v -0.00086120 -0.03272189 0.05131131
v -0.02148201 -0.02546538 0.01363796
v -0.24804556 -0.22177830 0.04079520
v -0.07924151 -0.00276700 0.32601869
v -0.05541530 0.01936780 0.31337368
v -0.01394290 -0.02612706 0.29618168
v -0.01263930 -0.02483138 0.29547468
v -0.01246330 -0.02356918 0.29618269
v -0.31696665 -0.16486245 0.05046791
v -0.31307140 -0.16938145 0.05139249
v -0.31517780 -0.16309813 0.04538237
v -0.31123722 -0.16755421 0.04560917
v -0.31701583 -0.16530898 0.18488413
v -0.16874921 -0.15786584 0.24122168
v -0.23458564 -0.21628706 0.20689319
v -0.12252098 -0.13467306 0.25464270
v -0.30835485 -0.15688911 0.20232764
v -0.30709100 -0.16338623 0.20045368
v -0.13319160 0.07259850 0.26992267
v -0.23547934 -0.03369255 0.10329538
v -0.32030791 -0.15699585 0.05350178
v -0.32046071 -0.15755720 0.05432296
v -0.23758715 -0.03578582 0.09236449
v -0.10957628 0.07204899 0.01393628
v -0.10698671 0.07296529 0.01464534
v -0.11145676 -0.14465362 0.08968079
v -0.05382520 -0.08556648 0.03218210
v -0.10135425 -0.13469376 0.08626467
v -0.05267676 -0.08186131 0.28317571
v -0.23875824 -0.23254851 0.19333918
v -0.10564312 0.07265480 0.29590821
v -0.11987121 0.08428980 0.26981670
v -0.06571791 0.02960819 0.31337267
v -0.01441011 -0.02544077 0.01364189
v -0.01295710 -0.02191844 0.01364469
v 0.00111900 -0.03304739 0.26395169
v -0.10701472 0.07196520 0.01364469
v -0.31250110 -0.15497512 0.04217565
v -0.31132320 -0.15231062 0.04224837
v -0.01335020 -0.02398755 0.29647568
v -0.08079591 -0.00432390 0.32601669
v -0.24187443 -0.22336957 0.20232764
v -0.23813689 -0.21959195 0.20487669
v -0.24837154 -0.22210571 0.20045368
v -0.24458036 -0.22611965 0.19994715
v -0.11198092 0.06696680 0.01363915
v -0.31322807 -0.16121261 0.04261645
v -0.25254458 -0.22627091 0.04567307
v -0.24909121 -0.23077996 0.19257419
v -0.31576526 -0.16410592 0.19257419
v -0.22955865 -0.22370911 0.20132518
v -0.23075283 -0.21898070 0.20493568
v -0.30396602 -0.14576752 0.20493568
v -0.31023401 -0.14620729 0.20034568
v -0.27098912 -0.11725391 0.22464868
v -0.17714141 0.01913350 0.27848002
v -0.30869442 -0.14457333 0.20132518
v -0.15915281 0.04177690 0.28468269
v -0.14895985 0.05389594 0.28368619
v -0.13790089 0.06602025 0.28056619
v -0.12594527 0.07870379 0.27466068
v -0.23736185 -0.03567366 0.09746663
v -0.31865889 -0.15557733 0.04760759
v -0.23418027 -0.03236089 0.08423606
v -0.11664242 0.08481020 0.05403745
v -0.11770838 0.08412530 0.05131137
v -0.01146311 -0.04597388 0.27746135
v -0.01896510 -0.05291554 0.28056619
v -0.01238680 -0.04820624 0.26992267
v -0.03108936 -0.06397448 0.28368619
v -0.01191780 -0.04728510 0.27371868
v -0.01304321 -0.04895135 0.26609668
v -0.00332050 -0.03777619 0.27267268
v -0.10935158 -0.14272279 0.09303784
v -0.04688980 -0.07862128 0.02810049
v -0.02552870 -0.05861541 0.05218607
v -0.01395430 -0.04821993 0.13567659
v -0.03171000 -0.06481399 0.05152970
v -0.03693441 -0.06866892 0.02677923
v -0.00546971 -0.03850068 0.05626148
v -0.05043310 -0.08359446 0.05665195
v -0.12103027 -0.15249819 0.09743910
v -0.03595911 -0.06736466 0.02636611
v -0.03143980 -0.06318344 0.02813935
v -0.01286981 -0.02450468 0.01393628
v -0.01232071 -0.02102043 0.01393848
v -0.01792331 -0.02691676 0.01363915
v -0.01417775 -0.01812398 0.01379263
v -0.00171570 -0.03639843 0.27095267
v -0.00069550 -0.03488585 0.26981670
v -0.01225285 -0.02089594 0.29583019
v 0.00107670 -0.03358342 0.26308969
v -0.10198189 0.06696489 0.01364469
v -0.08369410 -0.00538680 0.32601470
v -0.25226855 -0.22600240 0.19510369
v -0.24694625 -0.22855505 0.19697469
v -0.25385380 -0.22706890 0.19142269
v -0.31354034 -0.16196094 0.19697469
v -0.31537861 -0.15165938 0.19628468
v -0.31606042 -0.15203959 0.19527468
v -0.30951339 -0.14544292 0.20081069
v -0.13227047 0.07306750 0.27371868
v -0.12138379 0.08326960 0.27095267
v -0.21968275 -0.01636478 0.08626597
v -0.16859205 0.03456439 0.05665314
v -0.13318552 0.07106079 0.13554659
v -0.12348402 0.07951500 0.05626249
v -0.14360899 0.05946490 0.05218708
v -0.22860390 -0.02677287 0.07947337
v -0.22399086 -0.02216312 0.07571243
v -0.11856879 0.08606200 0.26308969
v -0.00502001 -0.03970840 0.27383870
v -0.00817220 -0.04282256 0.27575269
v -0.00518431 -0.03791072 0.05046403
v -0.02676326 -0.05838594 0.03037496
v -0.03805570 -0.07117793 0.05204820
v -0.23702490 -0.23107511 0.19527468
v -0.06585181 -0.09215607 0.27848002
v -0.23664463 -0.23039331 0.19628468
v -0.25437886 -0.22809801 0.05145639
v -0.24986088 -0.23199657 0.05054089
v -0.24256110 -0.23548931 0.05440771
v -0.24081445 -0.23460971 0.18441169
v -0.24199873 -0.23533751 0.05358708
v -0.04538260 -0.07678534 0.02695286
v -0.00323410 -0.03507663 0.04654938
v -0.01195720 -0.02191301 0.01464534
v -0.12644315 -0.12508704 0.26020870
v -0.20223922 -0.18600380 0.22464868
v -0.23452055 -0.22854836 0.19784519
v -0.23119259 -0.22524871 0.20034568
v -0.25008839 -0.22330362 0.19867669
v -0.31205422 -0.16886850 0.19142269
v -0.31098771 -0.16728324 0.19510369
v -0.30828890 -0.16510308 0.19867669
v -0.31112921 -0.14715612 0.19974868
v -0.31231743 -0.14824763 0.19878370
v -0.31110495 -0.15959504 0.19994715
v -0.13095924 0.07352223 0.27746135
v -0.12276156 0.08166480 0.27267268
v -0.11206902 0.06955239 0.01393348
v -0.23312537 -0.03130100 0.08318084
v -0.23139393 -0.02872492 0.08634656
v -0.23531711 -0.03350271 0.08573419
v -0.11862263 0.08302224 0.04824292
v -0.12289935 0.07980439 0.05046487
v -0.11739811 0.08432002 0.05657186
v -0.00913470 -0.04376435 0.27626020
v -0.00628151 -0.04095992 0.27466068
v -0.04436271 -0.07750399 0.05377507
v -0.24087666 -0.23437500 0.18882468
v -0.11371785 -0.14640123 0.08634579
v -0.11177058 -0.14360613 0.07947325
v -0.10716248 -0.13899161 0.07571226
v -0.12077589 -0.15259713 0.09236436
v -0.23802245 -0.23128670 0.04496068
v -0.03741500 -0.06808795 0.02589082
v -0.00437801 -0.03621172 0.04536580
v -0.00527945 -0.03696536 0.04448205
v -0.06977300 -0.08890005 0.28061467
v -0.23552787 -0.22966021 0.19675168
v -0.23042822 -0.22452810 0.20081069
v -0.23214142 -0.22614390 0.19974868
v -0.31353366 -0.14953524 0.19784519
v -0.12469376 0.07996529 0.27383870
v -0.14981003 0.05328600 0.05153084
v -0.15617460 0.04694250 0.05204946
v -0.16250193 0.04063520 0.05377620
v -0.11052806 0.07048920 0.01364189
v -0.23690921 -0.03510269 0.08921265
v -0.22964305 -0.02646699 0.08968198
v -0.12120408 0.08061435 0.04536589
v -0.12190762 0.07973002 0.04444719
v -0.00732060 -0.04198553 0.27527767
v -0.24022406 -0.23408571 0.18958969
v -0.12009507 -0.15191682 0.08921259
v -0.24809000 -0.23021361 0.04545542
v -0.24601001 -0.22377861 0.04085344
v -0.24057326 -0.23369555 0.04769259
v -0.24620062 -0.22826761 0.04268938
v -0.01536180 -0.02700063 0.01393348
v -0.23729783 -0.22636712 0.04232883
v -0.23323295 -0.22733210 0.19878370
v -0.31464550 -0.15054256 0.19675168
v -0.12697089 0.07766470 0.27527767
v -0.14349590 0.05817334 0.03036050
v -0.23609042 -0.03427949 0.08713299
v -0.11735644 -0.14918469 0.08423594
v -0.23699123 -0.22982050 0.04391438
v -0.23996240 -0.22754371 0.04225451
v -0.12780792 0.07681310 0.27575269
v -0.12874970 0.07585060 0.27626020
v -0.12985301 0.07471730 0.27682617
v -0.16364068 0.03812940 0.02810055
v -0.12006772 0.08175690 0.04654956
v -0.11629713 -0.14812930 0.08318074
v -0.11849744 -0.15032250 0.08573407
v -0.11927330 -0.15109678 0.08713286
v -0.24382710 -0.22590208 0.04094809
v -0.15368634 0.04808310 0.02677917
v -0.17062530 0.03115235 0.03221529
v -0.01026800 -0.04486769 0.27682617
v -0.24273548 -0.22666910 0.04144349
v -0.16180509 0.03963710 0.02695262
v -0.15238196 0.04905839 0.02636587
v -0.14819801 0.05357470 0.02813935
v -0.15310597 0.04760310 0.02589005
v -0.25039560 0.19298154 0.20240670
v -0.24575751 0.21447477 0.03975612
v -0.24381965 0.20642212 0.19999568
v -0.29282868 0.30087101 0.12838769
v -0.29660451 0.30701721 0.16644068
v -0.28367555 0.28711098 0.15006869
v -0.33834371 0.33640170 0.12875620
v -0.25085884 0.22133011 0.04252642
v -0.35888308 0.34172463 0.12872919
v -0.35177392 0.32862979 0.25875568
v -0.33696502 0.31272051 0.27017468
v -0.33407760 0.32073301 0.25801569
v -0.24319100 0.21162720 0.19908069
v -0.24322724 0.21013850 0.20014969
v -0.41974431 0.24808981 0.20708969
v -0.42111251 0.24883731 0.19427368
v -0.40825251 0.22869800 0.19092259
v -0.28492081 0.28854281 0.12575169
v -0.35526139 0.34338129 0.16084169
v -0.35693330 0.34287471 0.14570369
v -0.37350181 0.34388632 0.18704459
v -0.37451971 0.33998901 0.22724769
v -0.37044972 0.34076679 0.22564669
v -0.30026910 0.30997539 0.12922269
v -0.24653816 0.21546140 0.03959137
v -0.31966355 0.32641011 0.12892818
v -0.30958042 0.26763791 0.26741770
v -0.35690743 0.24935471 0.28050870
v -0.37392241 0.26789021 0.28503469
v -0.37081289 0.23943730 0.27597070
v -0.35237622 0.22484371 0.26746470
v -0.29667291 0.29426479 0.23417769
v -0.28463089 0.27867872 0.22056368
v -0.28380716 0.28187421 0.21143268
v -0.28354800 0.28405800 0.20194259
v -0.29575610 0.30219179 0.21166168
v -0.28368175 0.28713310 0.16147068
v -0.24589822 0.21694630 0.19786865
v -0.29614401 0.30573970 0.18930869
v -0.31360292 0.32340419 0.19092469
v -0.31312162 0.32202581 0.20276859
v -0.31408471 0.32424611 0.17904069
v -0.33374989 0.33625221 0.19427368
v -0.31746233 0.29878691 0.26524568
v -0.31486082 0.30753320 0.25250667
v -0.34335741 0.30149430 0.28015068
v -0.30271551 0.27980471 0.25914767
v -0.29938880 0.28837389 0.24826169
v -0.26010963 0.18090123 0.20446068
v -0.25810385 0.18284038 0.20435569
v -0.27235121 0.18752709 0.03881567
v -0.28567743 0.17418531 0.03898048
v -0.27593869 0.19111249 0.03970068
v -0.40909493 0.22917941 0.17903869
v -0.37030041 0.19871131 0.19227569
v -0.29833752 0.15884253 0.19860259
v -0.36888751 0.19866607 0.20194469
v -0.38918641 0.21097469 0.20048968
v -0.38381869 0.21113390 0.22280368
v -0.37910581 0.21178520 0.23417169
v -0.37121290 0.21287709 0.24691369
v -0.37310770 0.21462400 0.24835059
v -0.30648559 0.31620690 0.12937459
v -0.28368396 0.28685659 0.13791069
v -0.34097430 0.33757091 0.12906058
v -0.39351863 0.33785900 0.18705869
v -0.41057530 0.32566929 0.18606013
v -0.39822391 0.33130941 0.22534469
v -0.40893057 0.32401180 0.12876469
v -0.41829950 0.31241339 0.15225369
v -0.41063231 0.32572615 0.17903918
v -0.42242432 0.30403882 0.12906058
v -0.42155892 0.30368239 0.12814668
v -0.25901723 0.20086107 0.03898048
v -0.31144780 0.32038265 0.12908620
v -0.31565899 0.32377064 0.12930563
v -0.26953822 0.17171103 0.20419019
v -0.26765603 0.17328259 0.20435569
v -0.27271587 0.16885313 0.20371069
v -0.29674482 0.26200110 0.25433770
v -0.25290063 0.18910810 0.20347109
v -0.31881380 0.25484639 0.27035868
v -0.25651300 0.18474644 0.20418718
v -0.33407381 0.27218819 0.28048268
v -0.32968009 0.24495021 0.27150169
v -0.27740440 0.16581571 0.20253509
v -0.27392787 0.16807032 0.20346969
v -0.29494011 0.15839037 0.20015059
v -0.38352019 0.23272631 0.26532468
v -0.36454690 0.21797061 0.25921768
v -0.29586822 0.30434820 0.20049469
v -0.29639959 0.30658430 0.17801669
v -0.28359371 0.28547031 0.19227369
v -0.28366160 0.28636271 0.18243368
v -0.28368473 0.28689539 0.17221969
v -0.34961331 0.33829281 0.22888669
v -0.35243052 0.34305429 0.18857768
v -0.37291342 0.33093929 0.25678468
v -0.33241552 0.33283621 0.21993868
v -0.34956992 0.33783978 0.23100169
v -0.33185399 0.32971230 0.23290269
v -0.35137129 0.32955840 0.25679868
v -0.33307630 0.32606041 0.24618168
v -0.32416183 0.28608829 0.27591768
v -0.35260531 0.28920731 0.28501070
v -0.30550301 0.30265561 0.24220969
v -0.29770851 0.28297049 0.24969968
v -0.31360731 0.31264609 0.24094369
v -0.39057770 0.21124950 0.18930368
v -0.42659667 0.27396730 0.12872618
v -0.42126143 0.25342315 0.12875620
v -0.42239931 0.25596210 0.12906058
v -0.39194173 0.21188790 0.15444359
v -0.40951222 0.22963750 0.16700669
v -0.40122372 0.22177280 0.12937568
v -0.39185560 0.21170950 0.16643569
v -0.29314637 0.15841916 0.19972458
v -0.36670429 0.19892731 0.21143469
v -0.37194169 0.19879249 0.15007369
v -0.37196380 0.19879875 0.16147469
v -0.37172592 0.19880185 0.17222358
v -0.37119311 0.19877884 0.18243669
v -0.39228213 0.23010910 0.25259867
v -0.38768768 0.22072390 0.24215169
v -0.39000151 0.22327080 0.24341069
v -0.40480831 0.22785011 0.21465768
v -0.40687442 0.22821790 0.20276669
v -0.38703051 0.21086371 0.21165669
v -0.40879890 0.24026990 0.23708969
v -0.41001022 0.24066950 0.23466469
v -0.40180242 0.22771651 0.22672459
v -0.29678291 0.30710331 0.15444969
v -0.29695702 0.30688399 0.14194569
v -0.29745141 0.30676991 0.12902369
v -0.31498742 0.32472229 0.15474668
v -0.28377825 0.28649628 0.12511958
v -0.42877042 0.28858519 0.18704459
v -0.42477113 0.28972220 0.22730669
v -0.42055023 0.30603030 0.22367369
v -0.40810311 0.30820310 0.25681770
v -0.41610062 0.31342709 0.22536568
v -0.41568661 0.28816330 0.25683367
v -0.39094910 0.33565271 0.22367269
v -0.39295292 0.32335478 0.25680068
v -0.33957881 0.23408140 0.27038169
v -0.25367749 0.18790284 0.20371069
v -0.33890772 0.25418520 0.27805567
v -0.34512210 0.26040310 0.28128469
v -0.34693161 0.21195990 0.25436169
v -0.36721331 0.21168941 0.24797268
v -0.33455780 0.33706498 0.18142568
v -0.33711451 0.33705109 0.14229669
v -0.35381591 0.34344661 0.17459069
v -0.33300170 0.33488470 0.20709069
v -0.31275252 0.31995958 0.21466069
v -0.31261751 0.31695360 0.22672768
v -0.37321550 0.31643420 0.27535269
v -0.33181101 0.32910192 0.23505768
v -0.29602441 0.29897910 0.22280869
v -0.29774511 0.28633231 0.24692468
v -0.31202641 0.31175488 0.23932369
v -0.39142263 0.21150480 0.17801169
v -0.41126215 0.23475705 0.12892818
v -0.30614161 0.16601487 0.04252642
v -0.42228419 0.25047711 0.16850269
v -0.40957141 0.23008180 0.15474668
v -0.27824813 0.16524395 0.20224969
v -0.40547842 0.24933220 0.25809768
v -0.38621551 0.25863621 0.28019768
v -0.40843740 0.32353270 0.22302468
v -0.41769591 0.24750490 0.21993759
v -0.39662153 0.22714281 0.23931769
v -0.42564952 0.28552461 0.22564769
v -0.42261431 0.26479530 0.23108369
v -0.42674011 0.28707302 0.12904869
v -0.42774892 0.27201670 0.14570668
v -0.41081852 0.24831671 0.24626969
v -0.31543210 0.32446849 0.14219569
v -0.39738521 0.33348030 0.15425669
v -0.38959631 0.33725989 0.12906058
v -0.42275491 0.30860561 0.18705869
v -0.26289409 0.17806295 0.20462818
v -0.26568893 0.17531767 0.20446169
v -0.36083162 0.27611750 0.28587168
v -0.36291319 0.27819940 0.28609470
v -0.35007021 0.21006739 0.25193468
v -0.36773780 0.21295670 0.24977468
v -0.31454310 0.32466310 0.16700760
v -0.33538979 0.33742240 0.16850069
v -0.35257310 0.34312099 0.18709068
v -0.33623970 0.33739978 0.15546669
v -0.37245369 0.30110228 0.28340068
v -0.36602390 0.30817699 0.28109670
v -0.32512361 0.32409948 0.23696968
v -0.29651621 0.28216439 0.24802668
v -0.30820912 0.30550021 0.24323669
v -0.42191342 0.25220108 0.14229968
v -0.29928315 0.16091754 0.03975612
v -0.40523002 0.22654516 0.12908620
v -0.40862036 0.23075415 0.12930563
v -0.42226189 0.25132662 0.15546969
v -0.38584211 0.28771520 0.28341168
v -0.39292932 0.28127581 0.28111169
v -0.39745182 0.25223368 0.27024269
v -0.40250242 0.27359349 0.27444568
v -0.42316070 0.26469868 0.22888769
v -0.39739323 0.22882760 0.24104358
v -0.42328990 0.30094022 0.12842759
v -0.42192501 0.24964410 0.18142669
v -0.41457671 0.24695571 0.23289968
v -0.37243623 0.34180671 0.12904869
v -0.35834420 0.31774318 0.27442768
v -0.32548481 0.32508039 0.23469159
v -0.30026990 0.16169710 0.03959137
v -0.40931770 0.23052621 0.14219569
v -0.41430563 0.26662409 0.25686967
v -0.40127981 0.27449518 0.27558568
v -0.39568600 0.30119181 0.27537370
v -0.37903953 0.29432279 0.28408170
v -0.42831922 0.26889950 0.17459269
v -0.42580891 0.28697321 0.12813559
v -0.41386652 0.24702950 0.23515369
v -0.37232971 0.34087670 0.12813559
v -0.35921782 0.31655851 0.27553368
v -0.37754542 0.20275465 0.12627567
v -0.37332821 0.20001099 0.12573768
v -0.41338962 0.26702249 0.25879470
v -0.40115780 0.28849751 0.27538469
v -0.38591021 0.31096470 0.27536270
v -0.42825371 0.27034378 0.16084459
v -0.42792571 0.26751390 0.18858269
v -0.38585490 0.33839929 0.12842759
v -0.38609251 0.20821938 0.12844169
v -0.39172161 0.21206130 0.14193968
v -0.37168720 0.19880089 0.13791659
v -0.42799231 0.26765651 0.18709169
v -0.38922980 0.33639902 0.12814768
v -0.39634329 0.33248299 0.12813768
v -0.39526272 0.21578370 0.12924369
v -0.37131861 0.19889101 0.12511769
v -0.39170820 0.21264040 0.12903069
v -0.33085352 0.23587000 0.14085169
v -0.37876150 0.22419560 0.14086069
v -0.35185772 0.22421101 0.14086069
v -0.28659326 0.23630799 -0.00518459
v -0.26607853 0.24041921 0.00654012
v -0.46247742 0.29167750 -0.07130688
v -0.46274471 0.27699798 -0.07010370
v -0.47691321 0.29165390 -0.04204624
v -0.29264522 0.23628061 -0.03541767
v -0.31137222 0.30672538 -0.09821031
v -0.31140670 0.25432539 -0.09824231
v -0.33738241 0.30674672 -0.10898431
v -0.44403881 0.23621500 -0.00511354
v -0.46433562 0.24030340 0.00830132
v -0.46917552 0.29158100 0.04980671
v -0.48005140 0.29160440 0.02026588
v -0.46497962 0.24448191 0.04754680
v -0.46551722 0.34214449 0.01977688
v -0.46166530 0.34286249 0.02149367
v -0.46520069 0.34284282 -0.00064838
v -0.47637761 0.33871001 0.01444477
v -0.47555640 0.34028089 -0.02044444
v -0.47702441 0.33873791 -0.02064943
v -0.32787043 0.23635280 0.14085069
v -0.26224142 0.24115080 0.00045925
v -0.25574493 0.24306090 0.01418835
v -0.25510603 0.24303371 -0.02044444
v -0.48269340 0.29162949 -0.01110213
v -0.47702441 0.24453570 -0.02072459
v -0.46685460 0.33876491 -0.05423021
v -0.41965351 0.30678990 -0.09802731
v -0.41970110 0.25438941 -0.09804732
v -0.46159852 0.30652469 -0.07088231
v -0.39373121 0.25438029 -0.10891331
v -0.24799824 0.29168981 -0.01110213
v -0.24966991 0.30276859 -0.00205851
v -0.25064033 0.29171342 0.02026588
v -0.26151609 0.29172999 0.04980671
v -0.26568419 0.24462500 0.04762202
v -0.27818954 0.25082260 0.08071166
v -0.31562710 0.30941570 -0.09928332
v -0.36525482 0.22413000 0.13885069
v -0.36520511 0.22419390 0.13533269
v -0.36558026 0.25436586 -0.11269898
v -0.39367962 0.30678040 -0.10888931
v -0.41497302 0.30947489 -0.09933931
v -0.46159792 0.27683100 -0.07090627
v -0.47261620 0.24948551 -0.03752731
v -0.41500670 0.25170028 -0.09937231
v -0.46841890 0.24108081 0.00040269
v -0.47207922 0.24943280 0.02880865
v -0.47637740 0.24450810 0.01436972
v -0.47491792 0.24296530 0.01411080
v -0.47555640 0.24299280 -0.02052199
v -0.44298512 0.34695220 0.00799107
v -0.46842051 0.34216011 0.00045925
v -0.26699358 0.24308079 0.04692906
v -0.45244899 0.24835761 0.07906543
v -0.45178720 0.24738730 0.07951036
v -0.48102841 0.28054971 -0.00205851
v -0.47770742 0.25125611 -0.00522530
v -0.47770721 0.33199382 -0.00516099
v -0.46274501 0.30635661 -0.07007997
v -0.46398538 0.33583403 -0.06042542
v -0.25369531 0.33877951 -0.02072459
v -0.25377804 0.29166150 -0.04204624
v -0.27467591 0.29147631 0.08177005
v -0.26574022 0.33882630 0.04754680
v -0.26669550 0.33897400 -0.05810880
v -0.26703066 0.33594200 -0.06071030
v -0.33623219 0.34415871 -0.09020536
v -0.36538082 0.34413731 -0.09506600
v -0.33718222 0.32744169 -0.10008921
v -0.36528629 0.32746059 -0.10415831
v -0.36553738 0.30676574 -0.11266898
v -0.39333272 0.32747510 -0.10013931
v -0.39452922 0.34412441 -0.09020507
v -0.43622121 0.25170460 -0.08474659
v -0.44198102 0.25439340 -0.08083849
v -0.46280050 0.24027580 -0.02711981
v -0.46551970 0.24301970 -0.05366146
v -0.46638861 0.24357630 -0.05408078
v -0.33974910 0.25166088 -0.10846731
v -0.36532751 0.25167829 -0.11158732
v -0.33561319 0.23622130 -0.07805299
v -0.37963641 0.23758590 -0.09058850
v -0.39743170 0.23758000 -0.08560931
v -0.39783102 0.23816060 -0.08661031
v -0.37981522 0.23816790 -0.09165167
v -0.26803315 0.24039090 -0.02797299
v -0.25363952 0.24457811 -0.02064943
v -0.25295991 0.25132179 -0.00516099
v -0.46366951 0.24293950 0.04685151
v -0.47491771 0.34025350 0.01418835
v -0.26614082 0.24363799 0.04738039
v -0.27880865 0.24733680 0.07925796
v -0.45247760 0.25063410 0.08064639
v -0.47761691 0.25125182 -0.00070542
v -0.47761682 0.33199081 -0.00064117
v -0.46670881 0.34218049 -0.02468085
v -0.46525970 0.33782411 -0.05781018
v -0.46402511 0.33900219 -0.05803000
v -0.41991860 0.34497935 -0.07536762
v -0.26386493 0.33874708 -0.05430525
v -0.26433164 0.33973271 -0.05408078
v -0.25300801 0.33206069 -0.00522530
v -0.25309920 0.33206430 -0.00070542
v -0.27467883 0.29275751 0.08176797
v -0.27522445 0.29275769 0.08285677
v -0.27841124 0.33265918 0.08088508
v -0.31084272 0.34504420 -0.07536762
v -0.33668649 0.34519780 -0.08888387
v -0.26821393 0.29162949 -0.07130688
v -0.26793766 0.27695042 -0.07007997
v -0.33971483 0.30943480 -0.10843431
v -0.31142861 0.32741982 -0.08828490
v -0.39087439 0.30946541 -0.10846331
v -0.46671051 0.24110061 -0.02475052
v -0.46685442 0.24456300 -0.05430531
v -0.33741540 0.25434679 -0.10901431
v -0.31566149 0.25164181 -0.09931631
v -0.39090872 0.25169158 -0.10849632
v -0.30985540 0.23625030 -0.06101810
v -0.31199425 0.23774314 -0.07379779
v -0.28994209 0.23918299 -0.06199496
v -0.26395291 0.24112931 -0.02468085
v -0.26514351 0.24300191 -0.05358391
v -0.27504265 0.24109870 -0.05521917
v -0.27833927 0.24562681 0.07595539
v -0.27820700 0.24892700 0.07944017
v -0.27889031 0.24832010 0.08028357
v -0.37857711 0.35666698 0.06816076
v -0.30770305 0.28646824 0.14081068
v -0.44168812 0.34692681 -0.02459096
v -0.41907501 0.32748419 -0.08840137
v -0.25434232 0.33880723 0.01436972
v -0.25809991 0.33382770 -0.03752731
v -0.26546019 0.33779821 -0.05788600
v -0.25428653 0.24460560 0.01444477
v -0.25305098 0.25132549 -0.00064117
v -0.27008677 0.34225219 0.03446376
v -0.26520914 0.34224370 0.01971549
v -0.26838970 0.34297490 0.01881546
v -0.35187411 0.35627210 0.07137334
v -0.26908451 0.27678221 -0.07088231
v -0.26910239 0.30647552 -0.07090627
v -0.29446340 0.25162101 -0.08466678
v -0.26635018 0.24759421 -0.06024974
v -0.33402109 0.32918149 -0.09771131
v -0.43801451 0.23619491 -0.03535288
v -0.42082423 0.23618419 -0.06097119
v -0.39507481 0.23618640 -0.07803052
v -0.41864023 0.23768005 -0.07379779
v -0.46431559 0.24762359 -0.06031986
v -0.26663834 0.24430580 -0.05803000
v -0.28182873 0.24045880 -0.06017151
v -0.33319843 0.23761781 -0.08560746
v -0.36531472 0.23378010 -0.04051691
v -0.36531657 0.23616835 -0.08358496
v -0.30254531 0.23801100 -0.06759948
v -0.27018285 0.24200290 -0.05440854
v -0.46452209 0.24349551 0.04730367
v -0.45232621 0.24544390 0.07587689
v -0.45329222 0.24478491 0.07246488
v -0.30146620 0.34494820 -0.06848579
v -0.31068069 0.34697521 -0.06185030
v -0.25516397 0.34032181 -0.02052199
v -0.27903092 0.24592391 0.07752645
v -0.27737153 0.24496120 0.07253914
v -0.46366951 0.34022748 0.04692906
v -0.37889990 0.35625648 0.07137179
v -0.45751771 0.33983850 0.05986208
v -0.32792261 0.32493341 0.14078069
v -0.37882823 0.33703119 0.14077069
v -0.40281552 0.32488942 0.14078069
v -0.27321362 0.33999509 0.05980932
v -0.27837193 0.33907101 0.07220297
v -0.31186533 0.30290660 0.14079803
v -0.27893057 0.33591372 0.07951036
v -0.28966069 0.33653051 0.08864468
v -0.46218580 0.34282130 -0.03000968
v -0.45561871 0.34220421 -0.05521917
v -0.39671499 0.32914430 -0.09771431
v -0.25863731 0.33388001 0.02880865
v -0.25580323 0.34034872 0.01411080
v -0.29242337 0.34700769 -0.03480565
v -0.28669953 0.34703648 -0.00270486
v -0.26876730 0.34293520 -0.03075736
v -0.26401061 0.34220910 -0.02475052
v -0.27880609 0.33864379 0.07452887
v -0.27742726 0.33851659 0.07246488
v -0.26795530 0.30630881 -0.07010370
v -0.28906536 0.25430238 -0.08111382
v -0.26540446 0.24548450 -0.05781018
v -0.30126360 0.23817401 -0.06731110
v -0.28743005 0.23948340 -0.06100988
v -0.28433055 0.23992561 -0.06021606
v -0.28298753 0.24013731 -0.05997961
v -0.28984147 0.34402889 -0.06215625
v -0.28713018 0.34371948 -0.06100409
v -0.33837992 0.34694511 -0.07918411
v -0.27510226 0.34217799 -0.05529963
v -0.44886774 0.34270149 -0.06025597
v -0.42929512 0.34487230 -0.06848567
v -0.36538202 0.34517691 -0.09366899
v -0.46063951 0.34213328 0.03453356
v -0.46452221 0.33967030 0.04738039
v -0.44116130 0.33785552 0.08637416
v -0.38146421 0.35254940 0.08946287
v -0.35192421 0.33704668 0.14077069
v -0.41878667 0.25813943 0.14083369
v -0.42334253 0.28058660 0.14081569
v -0.45546719 0.29054469 0.08285677
v -0.42327100 0.27774760 0.14081769
v -0.31187183 0.25820273 0.14083369
v -0.30834210 0.27985480 0.14081669
v -0.31514540 0.25468791 0.14083669
v -0.30741051 0.27781659 0.14081769
v -0.27839243 0.33785671 0.07587689
v -0.27904230 0.33794808 0.07663935
v -0.27826798 0.33494359 0.07906549
v -0.46551982 0.34030759 -0.05358391
v -0.44091862 0.34393889 -0.06215631
v -0.26705045 0.34036851 0.04685151
v -0.35224870 0.35664710 0.06696600
v -0.26545948 0.34295791 -0.00408506
v -0.26613545 0.33552909 -0.06006645
v -0.26380944 0.24454530 -0.05423021
v -0.46402451 0.24433380 -0.05810880
v -0.36531630 0.23687850 -0.08783012
v -0.35081571 0.23818460 -0.09165101
v -0.36538830 0.35756621 0.07157296
v -0.28435403 0.34332630 -0.06029170
v -0.26520067 0.34028929 -0.05366146
v -0.39407590 0.34516311 -0.08888357
v -0.40223539 0.34691030 -0.07480060
v -0.37078542 0.34692240 -0.08377426
v -0.46497971 0.33868390 0.04762202
v -0.38542742 0.34607321 0.11215068
v -0.38445902 0.34800181 0.10716268
v -0.45329252 0.33834052 0.07253914
v -0.36538303 0.34860969 0.11364469
v -0.28955609 0.33806491 0.08625966
v -0.28371423 0.33906591 0.07785194
v -0.42298245 0.27477425 0.14082015
v -0.40276301 0.23630890 0.14085069
v -0.45601520 0.29182661 0.08177005
v -0.42327511 0.28342581 0.14081369
v -0.42298841 0.28640026 0.14081068
v -0.45601341 0.29054570 0.08176797
v -0.30769688 0.27484185 0.14082015
v -0.46047950 0.34130329 -0.05440854
v -0.46638870 0.33975118 -0.05400424
v -0.42729211 0.34691209 -0.05386179
v -0.44363281 0.34362590 -0.06100290
v -0.26619768 0.33981270 0.04730373
v -0.26230365 0.34223032 0.00040269
v -0.26427448 0.24355841 -0.05400424
v -0.44069320 0.23909380 -0.06199502
v -0.44319591 0.23938981 -0.06101351
v -0.45561880 0.24112470 -0.05529963
v -0.46525919 0.24551050 -0.05788600
v -0.36531690 0.23769675 -0.09207454
v -0.33279911 0.23819961 -0.08660846
v -0.28302824 0.34311908 -0.06005787
v -0.27024090 0.34128061 -0.05448758
v -0.43766561 0.33795410 0.08913194
v -0.44129941 0.33887410 0.08320910
v -0.45234722 0.33889550 0.07227897
v -0.45185721 0.33596450 0.07925796
v -0.36538368 0.35059440 0.10775968
v -0.28942007 0.33905929 0.08313429
v -0.34514031 0.34555459 0.11293168
v -0.39977971 0.23583020 0.14085169
v -0.41884625 0.30284303 0.14079803
v -0.30741370 0.28349429 0.14081369
v -0.44773161 0.34302169 -0.06005781
v -0.42810571 0.23793800 -0.06759112
v -0.44901830 0.24025810 -0.05973852
v -0.46048021 0.24202481 -0.05448758
v -0.35099399 0.23760320 -0.09058779
v -0.28167981 0.34290481 -0.05982018
v -0.44700602 0.33888519 0.07792734
v -0.45163390 0.33737710 0.07752645
v -0.45230484 0.33247060 0.08095026
v -0.34630609 0.34802479 0.10716268
v -0.34930560 0.35256851 0.08946270
v -0.30734241 0.28065509 0.14081569
v -0.44640571 0.34323031 -0.06029170
v -0.44630611 0.23982941 -0.06021612
v -0.42937121 0.23809810 -0.06731110
v -0.45182931 0.33830181 0.07520759
v -0.45232520 0.33767432 0.07595539
v -0.45245922 0.33437401 0.07944017
v -0.41550899 0.25462890 0.14083669
v -0.44764972 0.24004000 -0.05997949
v -0.45177582 0.33498091 0.08028357
v -0.25029430 0.23217809 0.18488413
v -0.25466681 0.22852761 0.05682468
v -0.25453341 0.22841489 0.18607569
v -0.31624609 0.15317813 0.04487556
v -0.31162679 0.15789708 0.04136854
v -0.31477821 0.15214857 0.04382974
v -0.30873641 0.16117278 0.04078507
v -0.11050671 -0.06327030 0.01363796
v -0.31085977 0.15898964 0.04087517
v -0.30673751 0.16320994 0.04073149
v -0.24447978 0.21836130 0.20360269
v -0.30319899 0.15964201 0.20360258
v -0.09034660 -0.00110670 0.32601470
v -0.08928820 -0.00400670 0.32601669
v -0.08773381 -0.00556360 0.32601869
v -0.16684663 -0.03216095 0.28317571
v -0.11089022 -0.07082820 0.29626369
v -0.10878868 -0.07140090 0.29655567
v -0.10833061 -0.07230330 0.29626268
v -0.10956764 -0.07214311 0.29555669
v -0.31959501 0.15597674 0.18441169
v -0.31907099 0.15538630 0.18958969
v -0.31936020 0.15603895 0.18882468
v -0.31325260 0.16969571 0.18607569
v -0.31335941 0.16981098 0.05676085
v -0.31753373 0.15392053 0.19333918
v -0.21007234 0.04160545 0.26020870
v -0.17388541 -0.01506470 0.28061467
v -0.30457726 0.15329918 0.20487669
v -0.24285114 0.08391151 0.24122168
v -0.21965842 0.03768328 0.25464270
v -0.30127236 0.14974794 0.20689309
v -0.13393670 -0.07179449 0.26609668
v -0.14879125 -0.05543590 0.27137670
v -0.22770876 0.02451274 0.09303927
v -0.10314292 -0.07507120 0.03836339
v -0.10609318 -0.07245590 0.01393848
v -0.10320283 -0.07061130 0.01379263
v -0.04320850 0.07431501 0.28468269
v -0.02940181 0.06395349 0.27137670
v -0.11867309 0.15064648 0.10329526
v -0.11949480 -0.08499350 0.26799169
v -0.11803269 -0.08595671 0.26395169
v -0.06024870 -0.02860171 0.31337568
v -0.05632150 -0.02471270 0.31337568
v -0.00196710 0.03378097 0.04824283
v -0.00086120 0.03286955 0.05131131
v -0.00973061 0.01819262 0.03836339
v -0.02148201 0.02561298 0.01363796
v -0.24804556 0.22192590 0.04079520
v -0.00000270 0.03180833 0.05403766
v -0.07924151 0.00291460 0.32601869
v -0.05541530 -0.01922020 0.31337368
v -0.01394290 0.02627466 0.29618168
v -0.01246330 0.02371678 0.29618269
v -0.01263930 0.02497897 0.29547468
v -0.31696665 0.16501004 0.05046791
v -0.31307140 0.16952899 0.05139249
v -0.31123722 0.16770181 0.04560917
v -0.31517780 0.16324568 0.04538237
v -0.31701583 0.16545659 0.18488413
v -0.16874927 0.15801343 0.24122168
v -0.12252098 0.13482065 0.25464270
v -0.23458570 0.21643460 0.20689319
v -0.30835485 0.15703672 0.20232764
v -0.30709100 0.16353384 0.20045368
v -0.13319160 -0.07245091 0.26992267
v -0.23547934 0.03384015 0.10329538
v -0.32030791 0.15714338 0.05350178
v -0.32046071 0.15770480 0.05432296
v -0.23758715 0.03593341 0.09236449
v -0.10957628 -0.07190140 0.01393628
v -0.10698671 -0.07281770 0.01464534
v -0.11145676 0.14480123 0.08968079
v -0.10135425 0.13484135 0.08626467
v -0.05382520 0.08571408 0.03218210
v -0.05267676 0.08200891 0.28317571
v -0.23875824 0.23269606 0.19333918
v -0.11987121 -0.08414221 0.26981670
v -0.10564310 -0.07250715 0.29590821
v -0.06571791 -0.02946050 0.31337267
v -0.01441011 0.02558837 0.01364189
v -0.01295710 0.02206609 0.01364469
v 0.00111900 0.03319499 0.26395169
v -0.00000275 0.03465940 0.26799169
v -0.00044414 0.03252155 0.05662906
v -0.10701472 -0.07181761 0.01364469
v -0.31250110 0.15512273 0.04217565
v -0.31132320 0.15245822 0.04224837
v -0.01335020 0.02413521 0.29647568
v -0.08079591 0.00447150 0.32601669
v -0.24187443 0.22351710 0.20232764
v -0.23813689 0.21973956 0.20487669
v -0.24837154 0.22225329 0.20045368
v -0.24458036 0.22626725 0.19994715
v -0.11198092 -0.06681921 0.01363915
v -0.31322807 0.16136017 0.04261645
v -0.25254458 0.22641841 0.04567307
v -0.24909121 0.23092750 0.19257419
v -0.31576526 0.16425350 0.19257419
v -0.22955865 0.22385670 0.20132518
v -0.23075283 0.21912831 0.20493568
v -0.30396602 0.14591512 0.20493560
v -0.31023401 0.14635488 0.20034568
v -0.27098912 0.11740151 0.22464868
v -0.17714141 -0.01898590 0.27848002
v -0.30869442 0.14472094 0.20132518
v -0.15915275 -0.04162925 0.28468269
v -0.14895985 -0.05374835 0.28368619
v -0.13790089 -0.06587260 0.28056619
v -0.12594521 -0.07855619 0.27466068
v -0.23736046 0.03618126 0.09743911
v -0.31865889 0.15572488 0.04760759
v -0.23418027 0.03250851 0.08423606
v -0.11664242 -0.08466260 0.05403745
v -0.11770838 -0.08397770 0.05131137
v -0.01146311 0.04612149 0.27746135
v -0.01896520 0.05306313 0.28056619
v -0.01238680 0.04835389 0.26992267
v -0.03108936 0.06412211 0.28368619
v -0.01191790 0.04743276 0.27371868
v -0.01304321 0.04909894 0.26609668
v -0.00332060 0.03792382 0.27267268
v -0.10935158 0.14287040 0.09303790
v -0.04688990 0.07876888 0.02810049
v -0.02552870 0.05876300 0.05218607
v -0.03171010 0.06496165 0.05152970
v -0.01395430 0.04836753 0.13567659
v -0.03693441 0.06881658 0.02677923
v -0.00546980 0.03864828 0.05626148
v -0.05043310 0.08374212 0.05665195
v -0.12102614 0.15251613 0.09743883
v -0.03595911 0.06751225 0.02636611
v -0.03143990 0.06333104 0.02813935
v -0.01286981 0.02465234 0.01393628
v -0.01232071 0.02116803 0.01393848
v -0.01792340 0.02706442 0.01363915
v -0.01417775 0.01827160 0.01379263
v -0.00171570 0.03654603 0.27095267
v -0.00069550 0.03503350 0.26981670
v -0.01225290 0.02104354 0.29583019
v 0.00107670 0.03373108 0.26308969
v -0.10198189 -0.06681730 0.01364469
v -0.08369410 0.00553440 0.32601470
v -0.25226855 0.22615001 0.19510369
v -0.24694625 0.22870265 0.19697469
v -0.25385380 0.22721651 0.19142269
v -0.31354034 0.16210854 0.19697464
v -0.31537861 0.15180692 0.19628468
v -0.31606042 0.15218714 0.19527468
v -0.30951339 0.14559045 0.20081060
v -0.13227047 -0.07291991 0.27371868
v -0.12138379 -0.08312200 0.27095267
v -0.21968275 0.01651237 0.08626597
v -0.16859205 -0.03441679 0.05665314
v -0.13318552 -0.07091320 0.13554659
v -0.12348402 -0.07936740 0.05626249
v -0.14360899 -0.05931731 0.05218708
v -0.22860384 0.02692047 0.07947337
v -0.22399086 0.02231071 0.07571243
v -0.11856879 -0.08591440 0.26308969
v -0.00502010 0.03985599 0.27383870
v -0.00817230 0.04297016 0.27575269
v -0.00518431 0.03805832 0.05046397
v -0.02676328 0.05853355 0.03037496
v -0.03805570 0.07132553 0.05204820
v -0.23702490 0.23122270 0.19527468
v -0.06585184 0.09230369 0.27848002
v -0.23664469 0.23054090 0.19628468
v -0.25437886 0.22824560 0.05145639
v -0.24986088 0.23214415 0.05054089
v -0.24256110 0.23563690 0.05440771
v -0.24081445 0.23475730 0.18441169
v -0.24199873 0.23548511 0.05358708
v -0.04538260 0.07693294 0.02695286
v -0.00323410 0.03522423 0.04654938
v -0.01195720 0.02206061 0.01464534
v -0.12644321 0.12523463 0.26020870
v -0.20223922 0.18615142 0.22464868
v -0.23452055 0.22869594 0.19784519
v -0.23119259 0.22539631 0.20034568
v -0.25008839 0.22345111 0.19867669
v -0.31205422 0.16901609 0.19142269
v -0.31098771 0.16743085 0.19510369
v -0.30828881 0.16525069 0.19867669
v -0.31112921 0.14730372 0.19974868
v -0.31231740 0.14839524 0.19878370
v -0.31110495 0.15974265 0.19994709
v -0.13095924 -0.07337464 0.27746135
v -0.12276153 -0.08151720 0.27267268
v -0.11206896 -0.06940480 0.01393348
v -0.23312537 0.03144860 0.08318084
v -0.23139393 0.02887252 0.08634656
v -0.23531711 0.03365031 0.08573419
v -0.11862263 -0.08287460 0.04824292
v -0.12289935 -0.07965679 0.05046487
v -0.11739030 -0.08430476 0.05658447
v -0.00913470 0.04391200 0.27626020
v -0.00628160 0.04110751 0.27466068
v -0.04436271 0.07765159 0.05377507
v -0.24087666 0.23452249 0.18882468
v -0.11371785 0.14654884 0.08634579
v -0.10716248 0.13913921 0.07571226
v -0.11177058 0.14375374 0.07947325
v -0.12077589 0.15274473 0.09236436
v -0.23802245 0.23143430 0.04496068
v -0.03741500 0.06823555 0.02589082
v -0.00437801 0.03635934 0.04536580
v -0.00527947 0.03711296 0.04448205
v -0.06977310 0.08904765 0.28061467
v -0.23552787 0.22980779 0.19675168
v -0.23042822 0.22467570 0.20081069
v -0.23214142 0.22629151 0.19974868
v -0.31353366 0.14968285 0.19784513
v -0.12469376 -0.07981770 0.27383870
v -0.14981003 -0.05313841 0.05153084
v -0.15617460 -0.04679491 0.05204946
v -0.16250193 -0.04048760 0.05377620
v -0.11052806 -0.07034141 0.01364189
v -0.23690921 0.03525028 0.08921265
v -0.22964305 0.02661458 0.08968198
v -0.12120408 -0.08046675 0.04536589
v -0.12190762 -0.07958242 0.04444719
v -0.00732070 0.04213319 0.27527767
v -0.24022406 0.23423330 0.18958969
v -0.12009507 0.15206441 0.08921259
v -0.24809000 0.23036116 0.04545542
v -0.24601001 0.22392620 0.04085344
v -0.24057326 0.23384310 0.04769259
v -0.24620062 0.22841516 0.04268938
v -0.01536180 0.02714828 0.01393348
v -0.23729783 0.22651470 0.04232883
v -0.23323295 0.22747970 0.19878370
v -0.31464550 0.15069017 0.19675168
v -0.12697089 -0.07751711 0.27527767
v -0.14349590 -0.05802574 0.03036050
v -0.23609042 0.03442708 0.08713299
v -0.11735649 0.14933228 0.08423594
v -0.23699123 0.22996810 0.04391438
v -0.23996240 0.22769120 0.04225451
v -0.12780792 -0.07666551 0.27575269
v -0.12874970 -0.07570300 0.27626020
v -0.12985301 -0.07456970 0.27682617
v -0.16364068 -0.03798181 0.02810055
v -0.12006772 -0.08160931 0.04654956
v -0.11629716 0.14827690 0.08318074
v -0.11849744 0.15047011 0.08573407
v -0.11927330 0.15124437 0.08713286
v -0.24382710 0.22604965 0.04094809
v -0.15368629 -0.04793550 0.02677917
v -0.17062530 -0.03100476 0.03221529
v -0.01026800 0.04501528 0.27682617
v -0.24273548 0.22681670 0.04144349
v -0.16180509 -0.03948951 0.02695262
v -0.15238196 -0.04891080 0.02636587
v -0.14819801 -0.05342700 0.02813935
v -0.15310597 -0.04745550 0.02589005
v 0.25039017 0.19298616 0.20240670
v 0.24381423 0.20642671 0.19999568
v 0.24575207 0.21447945 0.03975612
v 0.29282326 0.30087560 0.12838769
v 0.28367007 0.28711569 0.15006869
v 0.29659909 0.30702180 0.16644068
v 0.33833832 0.33640629 0.12875620
v 0.35887772 0.34172931 0.12872919
v 0.25085342 0.22133470 0.04252642
v 0.35176849 0.32863441 0.25875568
v 0.33407220 0.32073760 0.25801569
v 0.33695960 0.31272513 0.27017468
v 0.24318558 0.21163180 0.19908069
v 0.24322182 0.21014310 0.20014969
v 0.41973889 0.24809441 0.20708969
v 0.40824711 0.22870271 0.19092269
v 0.42110711 0.24884200 0.19427368
v 0.28491539 0.28854740 0.12575169
v 0.35525599 0.34338591 0.16084169
v 0.37349641 0.34389102 0.18704459
v 0.35692790 0.34287930 0.14570369
v 0.37044430 0.34077150 0.22564669
v 0.37451428 0.33999380 0.22724769
v 0.24653274 0.21546601 0.03959137
v 0.30026370 0.30998001 0.12922269
v 0.31965816 0.32641470 0.12892818
v 0.30957499 0.26764250 0.26741770
v 0.35690200 0.24935940 0.28050870
v 0.37080750 0.23944190 0.27597070
v 0.37391698 0.26789480 0.28503469
v 0.35237080 0.22484830 0.26746470
v 0.29666749 0.29426941 0.23417769
v 0.28462547 0.27868342 0.22056368
v 0.28380167 0.28187883 0.21143268
v 0.29575059 0.30219650 0.21166168
v 0.28354251 0.28406271 0.20194259
v 0.28367633 0.28713769 0.16147068
v 0.24589279 0.21695089 0.19786865
v 0.29613858 0.30574429 0.18930869
v 0.31311619 0.32203051 0.20276859
v 0.31359750 0.32340881 0.19092469
v 0.33374450 0.33625692 0.19427368
v 0.31407928 0.32425070 0.17904069
v 0.31745690 0.29879159 0.26524568
v 0.31485540 0.30753791 0.25250667
v 0.34335202 0.30149889 0.28015068
v 0.30271012 0.27980930 0.25914767
v 0.29938340 0.28837860 0.24826169
v 0.26010421 0.18090586 0.20446068
v 0.25809842 0.18284497 0.20435569
v 0.27234578 0.18753171 0.03881567
v 0.27593327 0.19111708 0.03970068
v 0.28567201 0.17418995 0.03898048
v 0.40908951 0.22918400 0.17903869
v 0.37029499 0.19871596 0.19227569
v 0.36888212 0.19867072 0.20194469
v 0.29833210 0.15884714 0.19860269
v 0.38918102 0.21097931 0.20048968
v 0.38381329 0.21113852 0.22280368
v 0.37910038 0.21178982 0.23417169
v 0.37120751 0.21288180 0.24691369
v 0.37310231 0.21462861 0.24835059
v 0.30648011 0.31621152 0.12937459
v 0.28367853 0.28686121 0.13791069
v 0.34096891 0.33757570 0.12906058
v 0.39351320 0.33786362 0.18705869
v 0.39821851 0.33131409 0.22534469
v 0.41056991 0.32567391 0.18606013
v 0.40892515 0.32401645 0.12876469
v 0.41062689 0.32573080 0.17903918
v 0.41829410 0.31241801 0.15225369
v 0.42241889 0.30404350 0.12906058
v 0.42155349 0.30368701 0.12814668
v 0.25901181 0.20086566 0.03898048
v 0.31144238 0.32038727 0.12908620
v 0.31565359 0.32377529 0.12930563
v 0.26953280 0.17171562 0.20419019
v 0.27271044 0.16885780 0.20371069
v 0.26765054 0.17328720 0.20435569
v 0.29673940 0.26200569 0.25433770
v 0.25289521 0.18911274 0.20347109
v 0.31880829 0.25485110 0.27035868
v 0.25650758 0.18475103 0.20418718
v 0.33406842 0.27219281 0.28048268
v 0.32967469 0.24495490 0.27150169
v 0.27739894 0.16582033 0.20253509
v 0.27392244 0.16807495 0.20346969
v 0.29493469 0.15839504 0.20015068
v 0.38351479 0.23273090 0.26532468
v 0.36454150 0.21797520 0.25921768
v 0.29586279 0.30435282 0.20049469
v 0.29639420 0.30658889 0.17801669
v 0.28358829 0.28547490 0.19227369
v 0.28365618 0.28636730 0.18243368
v 0.28367931 0.28690001 0.17221969
v 0.35242510 0.34305900 0.18857768
v 0.34960788 0.33829743 0.22888669
v 0.37290800 0.33094400 0.25678468
v 0.33241010 0.33284101 0.21993868
v 0.34956449 0.33784440 0.23100169
v 0.33184859 0.32971692 0.23290269
v 0.35136589 0.32956311 0.25679868
v 0.33307090 0.32606500 0.24618168
v 0.32415640 0.28609300 0.27591768
v 0.35259992 0.28921193 0.28501070
v 0.30549759 0.30266023 0.24220969
v 0.29770309 0.28297511 0.24969968
v 0.31360191 0.31265071 0.24094369
v 0.39057231 0.21125410 0.18930368
v 0.42659125 0.27397195 0.12872618
v 0.42239392 0.25596681 0.12906058
v 0.42125601 0.25342780 0.12875620
v 0.39193630 0.21189260 0.15444359
v 0.40121830 0.22177741 0.12937568
v 0.40950680 0.22964211 0.16700669
v 0.39185020 0.21171421 0.16643569
v 0.29314095 0.15842383 0.19972469
v 0.36669889 0.19893198 0.21143469
v 0.37193629 0.19879714 0.15007369
v 0.37195840 0.19880334 0.16147469
v 0.37172049 0.19880643 0.17222358
v 0.37118769 0.19878349 0.18243669
v 0.39227670 0.23011371 0.25259867
v 0.38768229 0.22072852 0.24215169
v 0.38999611 0.22327551 0.24341069
v 0.40686899 0.22822250 0.20276669
v 0.40480292 0.22785470 0.21465768
v 0.38702512 0.21086830 0.21165669
v 0.40879351 0.24027461 0.23708969
v 0.40179700 0.22772110 0.22672459
v 0.41000479 0.24067421 0.23466469
v 0.29677749 0.30710793 0.15444969
v 0.29695159 0.30688861 0.14194569
v 0.29744601 0.30677471 0.12902369
v 0.31498200 0.32472691 0.15474668
v 0.28377283 0.28650099 0.12511958
v 0.42876500 0.28858989 0.18704459
v 0.42054480 0.30603501 0.22367369
v 0.42476571 0.28972679 0.22730669
v 0.40809768 0.30820781 0.25681770
v 0.41609520 0.31343180 0.22536568
v 0.41568118 0.28816801 0.25683367
v 0.39094371 0.33565730 0.22367269
v 0.39294749 0.32335949 0.25680068
v 0.33957338 0.23408610 0.27038169
v 0.25367206 0.18790743 0.20371069
v 0.33890229 0.25418979 0.27805567
v 0.34511670 0.26040781 0.28128469
v 0.34692621 0.21196461 0.25436169
v 0.36720788 0.21169411 0.24797268
v 0.33455241 0.33706969 0.18142568
v 0.33710909 0.33705571 0.14229669
v 0.35381049 0.34345120 0.17459069
v 0.33299631 0.33488929 0.20709069
v 0.31274709 0.31996420 0.21466069
v 0.31261209 0.31695819 0.22672768
v 0.37321010 0.31643891 0.27535269
v 0.33180559 0.32910660 0.23505768
v 0.29601899 0.29898369 0.22280869
v 0.29773960 0.28633690 0.24692468
v 0.31202099 0.31175950 0.23932369
v 0.39141721 0.21150941 0.17801169
v 0.41125673 0.23476171 0.12892818
v 0.30613619 0.16601947 0.04252642
v 0.40956599 0.23008642 0.15474668
v 0.42227879 0.25048172 0.16850269
v 0.27824271 0.16524856 0.20224969
v 0.40547299 0.24933691 0.25809768
v 0.38621008 0.25864083 0.28019768
v 0.40843201 0.32353735 0.22302468
v 0.41769052 0.24750960 0.21993759
v 0.39661610 0.22714761 0.23931769
v 0.42564410 0.28552920 0.22564769
v 0.42260891 0.26479989 0.23108369
v 0.42774349 0.27202129 0.14570668
v 0.42673469 0.28707772 0.12904869
v 0.41081309 0.24832150 0.24626969
v 0.31542671 0.32447311 0.14219569
v 0.39737982 0.33348501 0.15425669
v 0.38959092 0.33726451 0.12906058
v 0.42274952 0.30861032 0.18705869
v 0.26288867 0.17806756 0.20462818
v 0.26568350 0.17532229 0.20446169
v 0.36082619 0.27612221 0.28587168
v 0.36290780 0.27820402 0.28609470
v 0.35006469 0.21007201 0.25193468
v 0.36773241 0.21296132 0.24977468
v 0.31453770 0.32466781 0.16700760
v 0.33538431 0.33742702 0.16850069
v 0.35256770 0.34312570 0.18709068
v 0.33623430 0.33740440 0.15546669
v 0.36601850 0.30818158 0.28109670
v 0.37244830 0.30110690 0.28340068
v 0.32511818 0.32410410 0.23696968
v 0.29651082 0.28216910 0.24802668
v 0.30820370 0.30550480 0.24323669
v 0.42190802 0.25220570 0.14229968
v 0.29927775 0.16092215 0.03975612
v 0.40522459 0.22654980 0.12908620
v 0.40861499 0.23075876 0.12930563
v 0.42225650 0.25133130 0.15546969
v 0.39292389 0.28128040 0.28111169
v 0.38583672 0.28771991 0.28341168
v 0.39744639 0.25223830 0.27024269
v 0.40249699 0.27359819 0.27444568
v 0.42315531 0.26470330 0.22888769
v 0.39738789 0.22883222 0.24104358
v 0.42328450 0.30094492 0.12842759
v 0.42191958 0.24964871 0.18142669
v 0.41457129 0.24696031 0.23289968
v 0.37243080 0.34181130 0.12904869
v 0.35833880 0.31774789 0.27442768
v 0.32547939 0.32508501 0.23469159
v 0.30026451 0.16170171 0.03959137
v 0.40931231 0.23053101 0.14219569
v 0.41430020 0.26662871 0.25686967
v 0.40127438 0.27449980 0.27558568
v 0.39568061 0.30119640 0.27537370
v 0.37903398 0.29432741 0.28408170
v 0.42831379 0.26890409 0.17459269
v 0.42580348 0.28697789 0.12813559
v 0.41386110 0.24703421 0.23515369
v 0.37232429 0.34088129 0.12813559
v 0.35921240 0.31656313 0.27553368
v 0.37753999 0.20275924 0.12627567
v 0.37332278 0.20001557 0.12573768
v 0.41338420 0.26702711 0.25879470
v 0.40115240 0.28850231 0.27538469
v 0.38590479 0.31096929 0.27536270
v 0.42824829 0.27034849 0.16084459
v 0.42792028 0.26751861 0.18858269
v 0.38584951 0.33840391 0.12842759
v 0.38608730 0.20822397 0.12844169
v 0.39171618 0.21206601 0.14193968
v 0.37168181 0.19880556 0.13791659
v 0.42798692 0.26766121 0.18709169
v 0.38922441 0.33640361 0.12814768
v 0.39633790 0.33248770 0.12813768
v 0.39525729 0.21578841 0.12924369
v 0.37131321 0.19889560 0.12511769
v 0.39170280 0.21264511 0.12903069
v 0.33084810 0.23587461 0.14085169
v 0.35185230 0.22421560 0.14086069
v 0.37875611 0.22420020 0.14086069
v 0.26607311 0.24042381 0.00654012
v 0.28658783 0.23631270 -0.00518459
v 0.46247202 0.29168212 -0.07130688
v 0.47690791 0.29165861 -0.04204624
v 0.46273929 0.27700260 -0.07010370
v 0.29263979 0.23628521 -0.03541767
v 0.31136680 0.30673000 -0.09821031
v 0.33737701 0.30675131 -0.10898431
v 0.31140131 0.25433001 -0.09824231
v 0.44403338 0.23621960 -0.00511348
v 0.46433020 0.24030811 0.00830132
v 0.46917009 0.29158562 0.04980671
v 0.46497422 0.24448660 0.04754680
v 0.48004597 0.29160899 0.02026588
v 0.46551180 0.34214911 0.01977688
v 0.46519530 0.34284741 -0.00064838
v 0.46165991 0.34286711 0.02149367
v 0.47637218 0.33871481 0.01444477
v 0.47701901 0.33874249 -0.02064943
v 0.47555101 0.34028551 -0.02044444
v 0.32786500 0.23635741 0.14085069
v 0.26223600 0.24115540 0.00045925
v 0.25573951 0.24306551 0.01418835
v 0.25510061 0.24303831 -0.02044444
v 0.48268813 0.29163411 -0.01110213
v 0.47701901 0.24454030 -0.02072459
v 0.46684921 0.33876950 -0.05423021
v 0.41969579 0.25439399 -0.09804732
v 0.41964811 0.30679452 -0.09802731
v 0.46159309 0.30652931 -0.07088231
v 0.39372581 0.25438491 -0.10891331
v 0.24799283 0.29169440 -0.01110213
v 0.25063491 0.29171801 0.02026588
v 0.24966450 0.30277321 -0.00205851
v 0.26151067 0.29173461 0.04980671
v 0.26567876 0.24462961 0.04762202
v 0.27818406 0.25082719 0.08071166
v 0.31562170 0.30942029 -0.09928332
v 0.36524940 0.22413471 0.13885069
v 0.36519969 0.22419851 0.13533269
v 0.36557484 0.25437045 -0.11269898
v 0.39367419 0.30678499 -0.10888931
v 0.41496772 0.30947950 -0.09933931
v 0.46159250 0.27683562 -0.07090627
v 0.47261077 0.24949011 -0.03752731
v 0.41500130 0.25170490 -0.09937231
v 0.46841347 0.24108550 0.00040269
v 0.47207379 0.24943741 0.02880865
v 0.47637200 0.24451281 0.01436972
v 0.47491258 0.24296990 0.01411080
v 0.47555101 0.24299751 -0.02052199
v 0.44297969 0.34695691 0.00799107
v 0.46841508 0.34216470 0.00045925
v 0.26698816 0.24308540 0.04692906
v 0.45244360 0.24836221 0.07906543
v 0.45178181 0.24739200 0.07951036
v 0.48102301 0.28055429 -0.00205851
v 0.47770202 0.25126070 -0.00522530
v 0.47770178 0.33199853 -0.00516099
v 0.46273959 0.30636141 -0.07007997
v 0.46398002 0.33583868 -0.06042542
v 0.25368989 0.33878410 -0.02072459
v 0.25377262 0.29166621 -0.04204624
v 0.27467048 0.29148090 0.08177005
v 0.26573473 0.33883089 0.04754680
v 0.26669008 0.33897871 -0.05810880
v 0.33622679 0.34416330 -0.09020536
v 0.26702523 0.33594662 -0.06071036
v 0.36537540 0.34414190 -0.09506600
v 0.36528090 0.32746521 -0.10415831
v 0.33717680 0.32744631 -0.10008921
v 0.36553198 0.30677032 -0.11266898
v 0.39332730 0.32747972 -0.10013931
v 0.39452392 0.34412903 -0.09020507
v 0.43621582 0.25170922 -0.08474659
v 0.44197559 0.25439799 -0.08083849
v 0.46279508 0.24028040 -0.02711981
v 0.46551442 0.24302430 -0.05366146
v 0.46638322 0.24358091 -0.05408078
v 0.33974370 0.25166550 -0.10846731
v 0.36532211 0.25168300 -0.11158732
v 0.33560780 0.23622590 -0.07805299
v 0.37963098 0.23759051 -0.09058850
v 0.39782560 0.23816541 -0.08661031
v 0.39742631 0.23758461 -0.08560931
v 0.37980980 0.23817250 -0.09165167
v 0.26802772 0.24039550 -0.02797299
v 0.25363410 0.24458271 -0.02064943
v 0.25295448 0.25132641 -0.00516099
v 0.46366411 0.24294411 0.04685151
v 0.47491229 0.34025821 0.01418835
v 0.26613539 0.24364260 0.04738039
v 0.27880323 0.24734141 0.07925796
v 0.45247221 0.25063872 0.08064639
v 0.47761160 0.25125653 -0.00070542
v 0.47761142 0.33199549 -0.00064117
v 0.46670341 0.34218511 -0.02468085
v 0.46525431 0.33782870 -0.05781018
v 0.46401972 0.33900681 -0.05803000
v 0.41991320 0.34498399 -0.07536762
v 0.26385951 0.33875170 -0.05430531
v 0.26432621 0.33973730 -0.05408078
v 0.25309372 0.33206892 -0.00070542
v 0.25300258 0.33206531 -0.00522530
v 0.27467334 0.29276210 0.08176797
v 0.27521902 0.29276231 0.08285677
v 0.27840579 0.33266386 0.08088505
v 0.31083730 0.34504879 -0.07536762
v 0.33668110 0.34520239 -0.08888387
v 0.26820850 0.29163411 -0.07130688
v 0.26793224 0.27695501 -0.07007997
v 0.33970940 0.30943942 -0.10843431
v 0.31142318 0.32742441 -0.08828490
v 0.39086899 0.30947000 -0.10846331
v 0.46670520 0.24110521 -0.02475052
v 0.46684909 0.24456760 -0.05430525
v 0.33741000 0.25435141 -0.10901431
v 0.31565610 0.25164640 -0.09931631
v 0.39090329 0.25169620 -0.10849632
v 0.30985001 0.23625490 -0.06101810
v 0.31198883 0.23774776 -0.07379779
v 0.28993672 0.23918781 -0.06199496
v 0.26394749 0.24113391 -0.02468085
v 0.26513809 0.24300651 -0.05358391
v 0.27503723 0.24110331 -0.05521917
v 0.27833384 0.24563161 0.07595539
v 0.27820158 0.24893171 0.07944017
v 0.27888489 0.24832471 0.08028357
v 0.37857169 0.35667160 0.06816076
v 0.30769759 0.28647286 0.14081068
v 0.44168270 0.34693140 -0.02459096
v 0.41906959 0.32748881 -0.08840137
v 0.25433689 0.33881181 0.01436972
v 0.25809449 0.33383241 -0.03752731
v 0.26545471 0.33780283 -0.05788600
v 0.25428110 0.24461021 0.01444477
v 0.25304550 0.25133011 -0.00064117
v 0.27008134 0.34225681 0.03446376
v 0.26838428 0.34297949 0.01881546
v 0.26520371 0.34224841 0.01971549
v 0.35186869 0.35627681 0.07137334
v 0.26907909 0.27678680 -0.07088231
v 0.26909697 0.30648023 -0.07090627
v 0.29445803 0.25162560 -0.08466678
v 0.26634476 0.24759880 -0.06024974
v 0.33401570 0.32918611 -0.09771131
v 0.43800908 0.23619951 -0.03535288
v 0.42081881 0.23618880 -0.06097119
v 0.41863480 0.23768470 -0.07379779
v 0.39506942 0.23619100 -0.07803046
v 0.46431020 0.24762826 -0.06031980
v 0.26663291 0.24431041 -0.05803000
v 0.28182331 0.24046341 -0.06017151
v 0.33319309 0.23762241 -0.08560746
v 0.36530930 0.23378481 -0.04051691
v 0.36531115 0.23617296 -0.08358496
v 0.30253989 0.23801561 -0.06759948
v 0.27017742 0.24200751 -0.05440854
v 0.46451670 0.24350011 0.04730373
v 0.45232087 0.24544860 0.07587689
v 0.45328683 0.24478951 0.07246488
v 0.30146080 0.34495282 -0.06848579
v 0.31067529 0.34698001 -0.06185030
v 0.25515854 0.34032643 -0.02052199
v 0.27902550 0.24592851 0.07752645
v 0.27736610 0.24496591 0.07253914
v 0.46366411 0.34023210 0.04692906
v 0.37889451 0.35626110 0.07137179
v 0.45751232 0.33984321 0.05986208
v 0.32791722 0.32493800 0.14078069
v 0.40281010 0.32489401 0.14078069
v 0.37882280 0.33703580 0.14077069
v 0.27320814 0.33999971 0.05980932
v 0.27836651 0.33907562 0.07220297
v 0.27892509 0.33591831 0.07951036
v 0.31185991 0.30291122 0.14079803
v 0.28965527 0.33653510 0.08864468
v 0.46218050 0.34282601 -0.03000968
v 0.45561337 0.34220892 -0.05521917
v 0.39670959 0.32914889 -0.09771431
v 0.25863189 0.33388460 0.02880865
v 0.25579774 0.34035331 0.01411080
v 0.29241794 0.34701231 -0.03480572
v 0.26876187 0.34293991 -0.03075736
v 0.28669411 0.34704110 -0.00270486
v 0.26400518 0.34221369 -0.02475052
v 0.27880067 0.33864850 0.07452887
v 0.27742183 0.33852121 0.07246488
v 0.26794982 0.30631340 -0.07010370
v 0.28905994 0.25430700 -0.08111382
v 0.26539904 0.24548911 -0.05781018
v 0.30125830 0.23817870 -0.06731110
v 0.28742462 0.23948801 -0.06100988
v 0.28432512 0.23993021 -0.06021606
v 0.28298211 0.24014191 -0.05997961
v 0.28983605 0.34403351 -0.06215631
v 0.28712475 0.34372410 -0.06100409
v 0.33837450 0.34694970 -0.07918411
v 0.27509683 0.34218261 -0.05529963
v 0.42928970 0.34487689 -0.06848567
v 0.44886234 0.34270626 -0.06025597
v 0.36537659 0.34518158 -0.09366899
v 0.46063411 0.34213790 0.03453356
v 0.46451682 0.33967501 0.04738039
v 0.44115591 0.33786023 0.08637416
v 0.38145882 0.35255402 0.08946287
v 0.35191882 0.33705130 0.14077069
v 0.41878131 0.25814408 0.14083369
v 0.42333710 0.28059131 0.14081569
v 0.42326570 0.27775222 0.14081769
v 0.45546180 0.29054931 0.08285677
v 0.31186640 0.25820735 0.14083369
v 0.30833670 0.27985951 0.14081669
v 0.31514001 0.25469249 0.14083669
v 0.30740511 0.27782121 0.14081769
v 0.27838701 0.33786151 0.07587682
v 0.27903688 0.33795270 0.07663935
v 0.27826256 0.33494821 0.07906543
v 0.46551442 0.34031221 -0.05358391
v 0.44091320 0.34394351 -0.06215631
v 0.26704502 0.34037310 0.04685151
v 0.35224330 0.35665181 0.06696600
v 0.26545405 0.34296262 -0.00408506
v 0.26613003 0.33553371 -0.06006651
v 0.26380402 0.24454990 -0.05423021
v 0.46401918 0.24433841 -0.05810880
v 0.36531100 0.23688310 -0.08783006
v 0.35081029 0.23818921 -0.09165101
v 0.36538291 0.35757083 0.07157296
v 0.28434861 0.34333092 -0.06029170
v 0.26519525 0.34029391 -0.05366146
v 0.39407051 0.34516791 -0.08888357
v 0.40222999 0.34691501 -0.07480060
v 0.37077999 0.34692711 -0.08377426
v 0.46497440 0.33868849 0.04762202
v 0.38542199 0.34607780 0.11215068
v 0.38445359 0.34800649 0.10716268
v 0.45328712 0.33834523 0.07253914
v 0.36537760 0.34861431 0.11364469
v 0.28955066 0.33806950 0.08625966
v 0.28370875 0.33907050 0.07785194
v 0.42297706 0.27477890 0.14082015
v 0.40275759 0.23631351 0.14085069
v 0.45600981 0.29183120 0.08177005
v 0.42298299 0.28640497 0.14081068
v 0.42326969 0.28343040 0.14081369
v 0.45600802 0.29055041 0.08176797
v 0.30769140 0.27484643 0.14082015
v 0.46047407 0.34130791 -0.05440854
v 0.46638328 0.33975589 -0.05400424
v 0.42728668 0.34691679 -0.05386179
v 0.44362742 0.34363049 -0.06100290
v 0.26619226 0.33981729 0.04730367
v 0.26229823 0.34223491 0.00040269
v 0.26426905 0.24356301 -0.05400424
v 0.44068781 0.23909850 -0.06199496
v 0.44319052 0.23939441 -0.06101351
v 0.45561337 0.24112931 -0.05529963
v 0.46525377 0.24551511 -0.05788600
v 0.36531150 0.23770136 -0.09207454
v 0.33279371 0.23820421 -0.08660846
v 0.28302282 0.34312370 -0.06005787
v 0.27023548 0.34128529 -0.05448758
v 0.43766022 0.33795881 0.08913194
v 0.44129401 0.33887881 0.08320910
v 0.45234179 0.33890009 0.07227897
v 0.45185179 0.33596909 0.07925796
v 0.36537829 0.35059911 0.10775968
v 0.28941464 0.33906400 0.08313423
v 0.34513491 0.34555921 0.11293168
v 0.39977431 0.23583481 0.14085169
v 0.41884083 0.30284768 0.14079803
v 0.30740830 0.28349891 0.14081369
v 0.44772619 0.34302640 -0.06005781
v 0.42810029 0.23794261 -0.06759106
v 0.44901288 0.24026281 -0.05973845
v 0.46047479 0.24202941 -0.05448758
v 0.35098860 0.23760781 -0.09058779
v 0.28167439 0.34290951 -0.05982018
v 0.44700068 0.33888990 0.07792734
v 0.45162851 0.33738181 0.07752645
v 0.45229945 0.33247519 0.08095026
v 0.34630069 0.34802940 0.10716268
v 0.34930021 0.35257331 0.08946270
v 0.30733699 0.28065979 0.14081569
v 0.44640028 0.34323511 -0.06029170
v 0.44630069 0.23983410 -0.06021606
v 0.42936581 0.23810270 -0.06731110
v 0.45182389 0.33830643 0.07520759
v 0.45231980 0.33767903 0.07595539
v 0.45245379 0.33437860 0.07944017
v 0.41550359 0.25463349 0.14083669
v 0.44764429 0.24004461 -0.05997949
v 0.45177042 0.33498549 0.08028357
v 0.25028887 0.23218271 0.18488413
v 0.25452799 0.22841960 0.18607569
v 0.25466138 0.22853220 0.05682468
v 0.31624079 0.15318273 0.04487556
v 0.31477278 0.15215318 0.04382974
v 0.31162140 0.15790167 0.04136854
v 0.30873099 0.16117743 0.04078513
v 0.31085441 0.15899426 0.04087517
v 0.11050130 -0.06326580 0.01363796
v 0.30673209 0.16321461 0.04073149
v 0.24447431 0.21836600 0.20360269
v 0.09034120 -0.00110210 0.32601470
v 0.30319360 0.15964667 0.20360269
v 0.08928280 -0.00400209 0.32601669
v 0.08772840 -0.00555900 0.32601869
v 0.16684121 -0.03215634 0.28317571
v 0.11088481 -0.07082359 0.29626369
v 0.10878321 -0.07139629 0.29655567
v 0.10832515 -0.07229869 0.29626268
v 0.10956223 -0.07213850 0.29555669
v 0.31958961 0.15598141 0.18441169
v 0.31935480 0.15604362 0.18882468
v 0.31906560 0.15539095 0.18958969
v 0.31324720 0.16970031 0.18607569
v 0.31335402 0.16981559 0.05676085
v 0.31752837 0.15392515 0.19333918
v 0.17387995 -0.01506010 0.28061467
v 0.21006693 0.04161011 0.26020870
v 0.30457187 0.15330379 0.20487669
v 0.24284573 0.08391617 0.24122168
v 0.21965301 0.03768788 0.25464270
v 0.30126691 0.14975259 0.20689319
v 0.13393129 -0.07178989 0.26609668
v 0.22770335 0.02451734 0.09303927
v 0.14878578 -0.05543129 0.27137670
v 0.10313752 -0.07506670 0.03836339
v 0.10319742 -0.07060680 0.01379263
v 0.10608777 -0.07245129 0.01393848
v 0.04320304 0.07431962 0.28468269
v 0.11866762 0.15065107 0.10329526
v 0.02939640 0.06395809 0.27137670
v 0.11948939 -0.08498889 0.26799169
v 0.06024329 -0.02859710 0.31337568
v 0.11802728 -0.08595210 0.26395169
v 0.05631609 -0.02470809 0.31337568
v 0.00196169 0.03378554 0.04824280
v 0.00972520 0.01819722 0.03836339
v 0.00085579 0.03287409 0.05131131
v 0.02147660 0.02561758 0.01363796
v 0.24804014 0.22193061 0.04079520
v 0.07923610 0.00291920 0.32601869
v 0.05540989 -0.01921560 0.31337368
v 0.01393749 0.02627926 0.29618168
v 0.01263389 0.02498358 0.29547468
v 0.01245779 0.02372138 0.29618269
v 0.31696126 0.16501468 0.05046791
v 0.31306601 0.16953366 0.05139249
v 0.31517240 0.16325033 0.04538240
v 0.31123179 0.16770642 0.04560917
v 0.31701040 0.16546118 0.18488413
v 0.16874380 0.15801804 0.24122168
v 0.23458022 0.21643931 0.20689319
v 0.12251557 0.13482532 0.25464270
v 0.30834940 0.15704131 0.20232764
v 0.30708560 0.16353843 0.20045368
v 0.13318619 -0.07244630 0.26992267
v 0.23547393 0.03384475 0.10329538
v 0.32030249 0.15714805 0.05350178
v 0.32045531 0.15770940 0.05432296
v 0.23758173 0.03593802 0.09236449
v 0.10957088 -0.07189679 0.01393628
v 0.10698130 -0.07281309 0.01464534
v 0.11145135 0.14480582 0.08968079
v 0.05381979 0.08571868 0.03218210
v 0.10134884 0.13484596 0.08626467
v 0.05267135 0.08201351 0.28317571
v 0.23875281 0.23270071 0.19333918
v 0.10563769 -0.07250255 0.29590821
v 0.11986580 -0.08413760 0.26981670
v 0.06571250 -0.02945590 0.31337267
v 0.01440470 0.02559298 0.01364189
v 0.01295169 0.02207064 0.01364469
v -0.00112441 0.03319959 0.26395169
v 0.10700931 -0.07181300 0.01364469
v 0.31249571 0.15512732 0.04217565
v 0.31131780 0.15246283 0.04224837
v 0.01334469 0.02413981 0.29647568
v 0.08079050 0.00447610 0.32601669
v 0.24186900 0.22352181 0.20232764
v 0.23813148 0.21974415 0.20487669
v 0.24836612 0.22225791 0.20045368
v 0.24457493 0.22627185 0.19994715
v 0.11197551 -0.06681460 0.01363915
v 0.31322265 0.16136481 0.04261645
v 0.25253916 0.22642311 0.04567307
v 0.24908578 0.23093216 0.19257419
v 0.31575984 0.16425812 0.19257419
v 0.22955319 0.22386131 0.20132518
v 0.23074742 0.21913290 0.20493568
v 0.30396059 0.14591973 0.20493568
v 0.31022859 0.14635949 0.20034568
v 0.27098370 0.11740611 0.22464868
v 0.17713597 -0.01898130 0.27848002
v 0.30868900 0.14472553 0.20132518
v 0.15914734 -0.04162465 0.28468269
v 0.14895445 -0.05374374 0.28368619
v 0.13789546 -0.06586800 0.28056619
v 0.12593982 -0.07855159 0.27466068
v 0.23736459 0.03617732 0.09698427
v 0.31865349 0.15572953 0.04760759
v 0.23417485 0.03251311 0.08423606
v 0.11663701 -0.08465800 0.05403745
v 0.11770298 -0.08397309 0.05131149
v 0.01145766 0.04612610 0.27746135
v 0.01895969 0.05306774 0.28056619
v 0.01238139 0.04835850 0.26992267
v 0.03108395 0.06412672 0.28368619
v 0.01191239 0.04743737 0.27371868
v 0.01303780 0.04910355 0.26609668
v 0.00331509 0.03792842 0.27267268
v 0.10934617 0.14287499 0.09303784
v 0.04688439 0.07877348 0.02810043
v 0.02552329 0.05876761 0.05218607
v 0.01394889 0.04837213 0.13567659
v 0.03170459 0.06496619 0.05152970
v 0.03692900 0.06882112 0.02677917
v 0.00546430 0.03865288 0.05626148
v 0.05042769 0.08374672 0.05665195
v 0.12102978 0.15251203 0.09698457
v 0.03595370 0.06751686 0.02636611
v 0.03143439 0.06333564 0.02813935
v 0.01286440 0.02465688 0.01393628
v 0.01231530 0.02117264 0.01393848
v 0.01791790 0.02706897 0.01363915
v 0.01417235 0.01827618 0.01379263
v 0.00171030 0.03655063 0.27095267
v 0.00069009 0.03503811 0.26981670
v 0.01224744 0.02104814 0.29583019
v -0.00108211 0.03373569 0.26308969
v 0.10197648 -0.06681269 0.01364469
v 0.08368869 0.00553900 0.32601470
v 0.25226313 0.22615471 0.19510369
v 0.24694084 0.22870725 0.19697469
v 0.25384837 0.22722110 0.19142269
v 0.31353495 0.16211314 0.19697469
v 0.31537318 0.15181158 0.19628468
v 0.31605500 0.15219179 0.19527468
v 0.30950800 0.14559512 0.20081069
v 0.13226506 -0.07291530 0.27371868
v 0.12137838 -0.08311740 0.27095267
v 0.21967733 0.01651698 0.08626597
v 0.16858664 -0.03441219 0.05665314
v 0.13318011 -0.07090859 0.13554659
v 0.12347861 -0.07936279 0.05626249
v 0.14360359 -0.05931270 0.05218708
v 0.22859849 0.02692507 0.07947337
v 0.22398545 0.02231532 0.07571243
v 0.11856338 -0.08590980 0.26308969
v 0.00501460 0.03986060 0.27383870
v 0.00816679 0.04297476 0.27575269
v 0.00517890 0.03806292 0.05046397
v 0.02675785 0.05853815 0.03037494
v 0.03805029 0.07133013 0.05204820
v 0.23701942 0.23122731 0.19527468
v 0.06584640 0.09230830 0.27848002
v 0.23663922 0.23054551 0.19628468
v 0.25437337 0.22825021 0.05145639
v 0.24985546 0.23214877 0.05054089
v 0.24255568 0.23564151 0.05440771
v 0.24080904 0.23476201 0.18441169
v 0.24199331 0.23548971 0.05358708
v 0.04537719 0.07693754 0.02695286
v 0.00322869 0.03522883 0.04654938
v 0.01195179 0.02206521 0.01464534
v 0.12643775 0.12523924 0.26020870
v 0.20223381 0.18615600 0.22464868
v 0.23451513 0.22870056 0.19784519
v 0.23118718 0.22540091 0.20034568
v 0.25008297 0.22345582 0.19867669
v 0.31204879 0.16902070 0.19142269
v 0.31098229 0.16743544 0.19510369
v 0.30828339 0.16525528 0.19867669
v 0.31112379 0.14730838 0.19974868
v 0.31231201 0.14839986 0.19878370
v 0.31109953 0.15974724 0.19994715
v 0.13095382 -0.07337003 0.27746135
v 0.12275612 -0.08151260 0.27267268
v 0.11206361 -0.06940019 0.01393348
v 0.23311996 0.03145320 0.08318084
v 0.23138851 0.02887712 0.08634656
v 0.23531170 0.03365491 0.08573419
v 0.11861722 -0.08287004 0.04824292
v 0.12289394 -0.07965219 0.05046487
v 0.11714139 -0.08453590 0.05702972
v 0.00912929 0.04391661 0.27626020
v 0.00627610 0.04111212 0.27466068
v 0.04435730 0.07765619 0.05377507
v 0.24087125 0.23452720 0.18882468
v 0.11371244 0.14655343 0.08634579
v 0.11176517 0.14375833 0.07947325
v 0.10715707 0.13914381 0.07571226
v 0.12077042 0.15274933 0.09236436
v 0.23801704 0.23143891 0.04496068
v 0.03740959 0.06824015 0.02589082
v 0.00437260 0.03636392 0.04536580
v 0.00527404 0.03711756 0.04448205
v 0.06976759 0.08905225 0.28061467
v 0.23552245 0.22981241 0.19675168
v 0.23042275 0.22468041 0.20081069
v 0.23213601 0.22629610 0.19974868
v 0.31352824 0.14968744 0.19784519
v 0.12468835 -0.07981309 0.27383870
v 0.14980462 -0.05313380 0.05153084
v 0.15616919 -0.04679030 0.05204946
v 0.16249652 -0.04048300 0.05377620
v 0.11052265 -0.07033700 0.01364189
v 0.23690380 0.03525489 0.08921265
v 0.22963764 0.02661919 0.08968198
v 0.12119867 -0.08046215 0.04536592
v 0.12190222 -0.07957782 0.04444724
v 0.00731519 0.04213779 0.27527767
v 0.24021858 0.23423800 0.18958969
v 0.12008961 0.15206902 0.08921259
v 0.24808459 0.23036581 0.04545542
v 0.24600460 0.22393081 0.04085344
v 0.24056785 0.23384775 0.04769259
v 0.24619520 0.22841981 0.04268938
v 0.01535639 0.02715283 0.01393348
v 0.23729241 0.22651932 0.04232877
v 0.23322749 0.22748436 0.19878370
v 0.31464010 0.15069476 0.19675168
v 0.12696549 -0.07751250 0.27527767
v 0.14349049 -0.05802114 0.03036052
v 0.23608500 0.03443169 0.08713299
v 0.11735103 0.14933689 0.08423594
v 0.23698582 0.22997271 0.04391438
v 0.23995699 0.22769591 0.04225451
v 0.12780251 -0.07666090 0.27575269
v 0.12874430 -0.07569840 0.27626020
v 0.12984759 -0.07456510 0.27682617
v 0.16363528 -0.03797720 0.02810055
v 0.12006231 -0.08160470 0.04654956
v 0.11629172 0.14828150 0.08318074
v 0.11849203 0.15047470 0.08573407
v 0.11926790 0.15124898 0.08713286
v 0.24382168 0.22605428 0.04094809
v 0.15368094 -0.04793090 0.02677923
v 0.17061989 -0.03100015 0.03221529
v 0.01026259 0.04501989 0.27682617
v 0.24273005 0.22682130 0.04144346
v 0.16179968 -0.03948490 0.02695262
v 0.15237656 -0.04890619 0.02636593
v 0.14819261 -0.05342250 0.02813935
v 0.15310057 -0.04745090 0.02589005
v 0.03353136 0.24854700 0.30234501
v 0.00002806 0.24800301 0.21276900
v -0.00004182 0.24923299 0.30175701
v -0.11672500 -0.22834100 0.46642300
v 0.11564990 -0.22829600 0.46815291
v -0.11841895 -0.21096650 0.54145253
v -0.03353667 0.24860500 0.30228800
v -0.07054609 0.24570790 0.25546300
v -0.11639600 0.22829680 0.46796799
v -0.25005299 -0.11021600 0.01319271
v -0.22428700 -0.13913500 0.01322537
v -0.31019199 -0.06699627 0.07968580
v 0.14632800 -0.22312990 0.43668899
v 0.14043300 -0.22815400 0.40080601
v 0.14450400 -0.22889701 0.36124000
v 0.31215701 -0.09465920 0.35034701
v 0.30433300 -0.09079498 0.44957301
v 0.14342496 -0.23065150 0.29848245
v 0.11722095 -0.21115400 0.54164004
v -0.10465300 -0.24022400 0.32445291
v -0.14448801 -0.23037200 0.29253390
v -0.14313599 -0.23028299 0.24828300
v -0.00043874 -0.24923299 0.30175701
v -0.00042305 -0.24933091 0.28195101
v 0.03513962 -0.24851391 0.30241600
v -0.13010789 -0.21843000 0.50094801
v -0.11539500 0.23412780 0.41576600
v 0.31039599 0.09213751 0.22887801
v 0.31240699 0.09418660 0.34690601
v 0.33869201 0.07004702 0.30109701
v -0.25103799 -0.10883400 0.01319104
v -0.28953201 -0.06558579 0.03330928
v -0.33502299 -0.06887006 0.21217391
v -0.31075999 -0.09213727 0.22838400
v -0.33917099 -0.07004678 0.30055699
v -0.22406700 0.13949201 0.01322585
v -0.24985100 0.11065200 0.01319396
v -0.30995399 0.06745988 0.07923340
v -0.14487299 -0.22730599 0.19482601
v -0.14523891 -0.22412999 0.15740401
v -0.22546200 -0.14029799 0.02522051
v -0.19660300 -0.16190991 0.01324892
v -0.31295899 -0.09418618 0.34640801
v -0.14532889 -0.22888999 0.35596600
v -0.33389899 -0.07112610 0.39704999
v -0.34649101 -0.04058712 0.33315501
v -0.34353700 -0.04031693 0.38404000
v 0.22481699 -0.14070600 0.56614399
v 0.33285800 -0.07166337 0.40011501
v 0.33856401 -0.07063126 0.30407500
v 0.11431690 -0.23639099 0.37976590
v 0.11473200 -0.23412700 0.41595000
v 0.12886401 -0.21871200 0.50094903
v -0.12175100 -0.20406100 0.55746102
v -0.11912700 -0.20899799 0.54676902
v 0.12042300 -0.20441800 0.55734700
v 0.11788900 -0.20928600 0.54670697
v -0.11529600 -0.23621801 0.37939301
v -0.07109808 -0.24568500 0.30445701
v -0.11575400 -0.23401199 0.41490901
v -0.11507000 -0.23724100 0.35435799
v -0.03585124 -0.24846500 0.30235490
v -0.14704300 -0.20103900 0.54079902
v -0.14641200 -0.20613800 0.52616900
v -0.14731500 -0.22321300 0.43365601
v -0.19879290 -0.16251400 0.56344700
v -0.33453599 0.05453819 0.17431399
v -0.32652900 0.02316421 0.10734900
v -0.34137201 0.00027181 0.17848700
v 0.11598100 0.22835200 0.46654299
v 0.22172301 0.13659200 0.00857645
v 0.21543400 0.13030601 -0.00070799
v 0.17233400 0.16506399 -0.00117338
v -0.10975900 0.23909190 0.33312500
v -0.11469200 0.23742400 0.35435799
v -0.11492200 0.23639201 0.37958300
v -0.09680229 0.24191199 0.31648999
v -0.06508928 0.24640191 0.30381799
v -0.06933856 0.24435800 0.20638999
v -0.06743210 0.24150190 0.15793100
v -0.32430899 0.06809699 0.13860489
v -0.33491200 0.06940102 0.21216400
v 0.33468500 0.06887024 0.21270791
v 0.22542100 0.14029799 0.02557939
v 0.07067620 0.24558191 0.25577399
v 0.06954276 0.24423590 0.20661099
v 0.14274099 0.23028299 0.24851100
v -0.21158296 -0.12598845 0.59368700
v -0.18891950 -0.14719950 0.59156597
v -0.07985150 -0.12179100 0.61383700
v -0.23034850 -0.10405495 0.59491801
v -0.09987467 0.09868425 0.61382097
v -0.11128200 0.09420210 0.61381102
v -0.13531700 0.05477434 0.61379200
v 0.04094249 0.13928790 0.61393303
v 0.14377300 0.01920354 0.61401498
v -0.16405000 0.16701590 0.58824402
v -0.19881000 0.16262481 0.56347901
v -0.18898749 0.14724335 0.59159851
v -0.13249899 0.19121540 0.57556349
v -0.15535849 0.17263496 0.58717251
v -0.00037313 0.14531080 0.61390001
v 0.13239750 0.19051245 0.57627046
v -0.28134501 -0.06582868 0.02269512
v -0.27379900 -0.06904220 0.01569962
v -0.26832801 -0.07689476 0.01318627
v -0.33232999 -0.04019051 0.14409199
v -0.32556900 -0.02891588 0.10596700
v -0.32523000 -0.03115522 0.10556390
v -0.32664299 -0.02198249 0.10743200
v -0.28942701 0.06604677 0.03330928
v -0.29977900 0.05151003 0.04356378
v -0.14553700 -0.22045299 0.12589291
v -0.14452091 -0.22959299 0.23977700
v -0.14073300 -0.22892991 0.19911990
v -0.34617400 -0.03648918 0.35689601
v -0.34727201 -0.03583085 0.33353901
v -0.34778699 -0.03513938 0.30969501
v -0.34875000 -0.02767229 0.29715800
v -0.34678400 -0.02849209 0.36512399
v -0.34663901 -0.04073292 0.28333199
v -0.14570101 -0.21620099 0.09691423
v -0.14545891 -0.21078099 0.06800383
v -0.12474500 -0.21556400 0.05680286
v -0.13195901 -0.22195600 0.10334800
v -0.16664091 -0.14709800 -0.00973254
v -0.12599701 -0.17903200 -0.00727034
v -0.16396500 -0.15665500 -0.00758570
v -0.12393000 -0.18690690 -0.00452161
v -0.17233200 -0.16506399 -0.00144774
v -0.21543300 -0.13030601 -0.00105089
v -0.22173600 -0.13659200 0.00822341
v -0.21122350 -0.12610599 -0.00499603
v -0.16994500 -0.17631701 0.00826472
v -0.03872305 -0.21009091 0.00022138
v -0.11419300 -0.20344099 0.00830912
v 0.19771300 -0.16277190 0.56377298
v 0.21043649 -0.12632450 0.59402299
v 0.21821900 -0.13410896 0.58090502
v 0.24992900 -0.11535000 0.56699699
v 0.34068501 -0.05445188 0.37540999
v 0.33459100 -0.05390238 0.42765799
v 0.34319201 -0.05479425 0.32288501
v 0.06460535 -0.24640200 0.30392191
v 0.13597800 -0.22478999 0.45172501
v 0.13158196 -0.19121495 0.57577395
v -0.13331451 -0.19051194 0.57605898
v 0.15372400 -0.19208400 0.55527300
v -0.08673250 -0.24356499 0.30963799
v -0.14374889 -0.22962300 0.34928900
v -0.11288200 -0.23814800 0.34022298
v -0.06548166 -0.24629800 0.30381790
v -0.16435100 -0.18544699 0.55879098
v -0.15563300 -0.17238700 0.58717251
v -0.13717601 -0.22451200 0.45168999
v -0.14157000 -0.22787599 0.40073401
v -0.14702401 0.22307891 0.43691999
v -0.14608400 0.20637091 0.52616900
v -0.22571801 0.14070600 0.56578797
v 0.34853598 0.00574839 0.35264501
v 0.34822100 -0.00027729 0.24988499
v 0.34622899 0.04063093 0.32267901
v 0.34278598 0.04069834 0.22203991
v 0.33713999 0.04045915 0.17448200
v 0.33893698 -0.00026989 0.16502900
v 0.33982399 -0.05487108 0.22238091
v 0.31055599 -0.09283959 0.23395200
v 0.34371799 0.04037511 0.37531301
v 0.33978501 -0.03877985 0.41457501
v 0.31874999 -0.00025385 0.51377398
v 0.31131899 0.03818374 0.52411598
v 0.29322499 -0.00023353 0.56359398
v 0.32705998 0.03929102 0.47789600
v 0.31814799 -0.07104218 0.47873601
v 0.22939846 0.10405840 0.59528399
v 0.21843249 0.13376145 0.58090496
v 0.21063751 0.12598886 0.59402299
v 0.06499767 0.24629800 0.30392200
v -0.25272501 -0.09779715 0.00819874
v -0.24622999 -0.08976286 -0.00058107
v -0.22303601 -0.13788700 0.01070117
v -0.24636999 -0.10785100 0.00820380
v 0.22301801 0.13788700 0.01105588
v 0.25003201 0.11021600 0.01359075
v 0.20714600 0.12202500 -0.00718480
v 0.23252299 0.08087980 -0.00941485
v 0.16665700 0.14709800 -0.00946730
v 0.16397700 0.15665500 -0.00732475
v -0.23704900 -0.03880745 -0.00978869
v -0.25412801 0.00020235 -0.00702703
v -0.23999199 0.00019110 -0.00979108
v -0.25080600 -0.04360157 -0.00698644
v -0.20713399 -0.12202500 -0.00751454
v -0.23606300 -0.08537530 -0.00716555
v -0.16274400 -0.14679100 -0.00972944
v -0.12782601 -0.15964000 -0.00970167
v -0.00021104 -0.22762901 0.03739982
v 0.03846746 -0.21014400 0.00028284
v -0.08261507 0.24426191 0.30787301
v -0.22523800 0.14065591 0.02522057
v -0.14515390 0.22103791 0.12857901
v -0.14535400 0.21672200 0.09868431
v -0.14022300 0.22919890 0.19910701
v -0.14484701 0.22474191 0.16123600
v -0.14445400 0.22788900 0.20008101
v -0.32634401 0.05391371 0.12859800
v 0.32437199 0.06758046 0.14000700
v 0.14319301 0.22962300 0.34951699
v 0.11469100 0.23622100 0.37953100
v 0.14476199 0.22889100 0.35619599
v 0.14041600 0.22892991 0.19934399
v 0.14368901 0.23045580 0.29857400
v -0.28958699 -0.03642880 0.56529099
v -0.29170400 -0.06945478 0.54727799
v -0.28659499 -0.07110470 0.55472898
v -0.16431899 -0.16675100 0.58824497
v -0.29412299 0.00023415 0.56312501
v -0.25827101 0.04540741 0.59577101
v -0.28784299 0.04918003 0.56390601
v -0.07964819 0.12192290 0.61383700
v -0.11143900 -0.09401679 0.61381102
v -0.24786200 -0.07480073 0.59563601
v -0.13540401 -0.05455875 0.61379200
v -0.14472200 0.01942163 0.61378497
v -0.27181000 -0.08607167 0.56585699
v -0.23292400 -0.10094900 0.59491599
v -0.26883599 -0.07079136 0.57848996
v -0.25737700 -0.10721200 0.56655300
v 0.14372300 -0.01961708 0.61401498
v 0.19063690 -0.03679811 0.60738802
v 0.13434000 -0.05477350 0.61400700
v 0.23680601 -0.09345453 0.59565550
v 0.07887375 0.12179180 0.61396301
v 0.11046090 0.09401750 0.61398798
v 0.13442700 0.05455946 0.61400700
v 0.20152800 0.03190714 0.60628200
v -0.16691600 0.18400800 0.55923802
v -0.28571701 -0.06544786 0.02795177
v -0.28663400 -0.06544619 0.02917122
v -0.29661101 -0.03791505 0.03410667
v -0.28854600 -0.06551527 0.03184849
v -0.29620999 0.00023586 0.02974873
v -0.28432500 0.06594395 0.02631318
v -0.31187600 -0.04279339 0.06636130
v -0.31340101 -0.04865366 0.07406437
v -0.26389799 -0.07383167 0.00818986
v -0.32459399 -0.06758040 0.13949101
v -0.28690699 0.06590980 0.02968418
v -0.23698691 0.03918462 -0.00978863
v -0.12757200 0.15984400 -0.00970161
v -0.16640700 0.14736401 -0.00973248
v -0.12708400 0.17011900 -0.00906110
v -0.22708490 0.08490329 -0.00978076
v -0.23237900 0.08124995 -0.00978500
v -0.34568998 -0.02885603 0.37912500
v -0.34801301 -0.01436632 0.36512300
v -0.34700900 -0.01360660 0.37912500
v -0.34808099 -0.03317368 0.30269700
v -0.34428599 -0.04072999 0.23519699
v -0.34949601 -0.00573951 0.26806998
v -0.34952599 -0.00622147 0.26910400
v -0.13698600 -0.22621700 0.15082189
v -0.07176685 -0.24036691 0.15136901
v -0.12735590 -0.16990100 -0.00906318
v 0.12758701 -0.15984400 -0.00949830
v -0.03879916 -0.20385100 -0.00403452
v 0.03856045 -0.20390300 -0.00397283
v -0.17912599 -0.17046800 0.00825739
v -0.14415801 -0.20363601 0.03945994
v -0.16033199 -0.18489300 0.01327240
v 0.03666049 -0.24199800 0.13608091
v 0.03536266 -0.23742400 0.09601479
v 0.06834357 -0.23761401 0.11952900
v 0.07114475 -0.24048500 0.15152690
v -0.07172149 -0.22841901 0.06117713
v 0.17832400 -0.17629901 0.56131202
v 0.16311200 -0.16701500 0.58850497
v 0.06827366 -0.24320599 0.18357500
v 0.07109600 -0.24556400 0.25344190
v 0.06821185 -0.24588791 0.25343901
v 0.07123845 -0.24568100 0.30476591
v 0.08212471 -0.24426100 0.30800501
v 0.06319510 -0.24652091 0.26145101
v 0.03845942 -0.24728499 0.21725699
v 0.06319659 -0.24648300 0.25843790
v 0.09629815 -0.24191199 0.31664401
v 0.10922800 -0.23909190 0.33329901
v 0.14222600 -0.23055600 0.24846390
v 0.11412800 -0.23742400 0.35453990
v 0.14524600 -0.20637099 0.52640098
v 0.16316500 -0.18570800 0.55905199
v -0.14416400 -0.23045500 0.29834500
v -0.17958800 -0.17595100 0.56104797
v -0.15279700 -0.19364400 0.55314702
v -0.12966201 0.21871190 0.50074297
v -0.14107101 0.22815400 0.40058199
v -0.30470601 0.09058934 0.45152599
v -0.33340800 0.07166892 0.40031201
v -0.31900799 0.07104992 0.47786501
v -0.31255999 0.09461140 0.35473299
v -0.31138998 0.09314924 0.24158300
v -0.33904099 0.07064461 0.30503401
v -0.34326100 0.05494552 0.27118701
v -0.34370601 0.05479443 0.32233799
v -0.35002899 0.01067084 0.29512000
v -0.35001600 0.00528783 0.28462100
v -0.35023499 0.00027886 0.29512101
v -0.34975901 0.00677824 0.27609500
v -0.34942499 0.02070063 0.29512200
v -0.34951600 0.00677806 0.26910400
v -0.34017801 0.05487114 0.22183900
v -0.33796400 0.00026907 0.44788399
v -0.31957000 0.00025442 0.51326102
v -0.33757401 0.01461619 0.44778201
v -0.33757201 -0.01452499 0.44777501
v -0.32642901 -0.03919655 0.48247099
v -0.32717100 0.01579809 0.10777999
v 0.34858000 0.00473195 0.35217899
v 0.34584200 0.04074740 0.27144501
v 0.33452699 -0.06939530 0.21221600
v 0.34282899 -0.05494552 0.27173299
v 0.34852299 -0.00633830 0.35268000
v 0.33425799 -0.05453819 0.17484590
v 0.32406101 -0.06808626 0.13897291
v 0.32891700 0.04000496 0.12876090
v 0.31826299 0.03930360 0.08483105
v 0.31006500 0.06699633 0.08017969
v 0.34291300 -0.03840345 0.38854101
v 0.34345800 -0.03761678 0.38419899
v 0.25008500 0.11498090 0.56699800
v 0.22504100 0.14034781 0.56614399
v 0.26461300 -0.09624356 0.56669402
v 0.28958201 0.03650152 0.56446898
v 0.29083201 0.06945544 0.54774201
v 0.28571200 0.07110530 0.55518502
v 0.29532701 0.06899940 0.53980798
v 0.28694499 -0.04917955 0.56436402
v 0.30851200 -0.05146920 0.52398199
v 0.33326599 0.07112663 0.39758101
v 0.30460399 0.09038209 0.44863200
v 0.34297401 0.03785723 0.38854101
v 0.19789600 0.16251390 0.56376302
v 0.14093100 0.22787701 0.40095800
v 0.24000700 -0.00019111 -0.00940889
v 0.23706500 0.03880739 -0.00941116
v 0.25081700 0.04360157 -0.00658703
v 0.24635600 0.10785100 0.00859606
v 0.14535090 0.21078099 0.06823515
v 0.14409500 0.20363601 0.03968918
v 0.12465400 0.21556400 0.05700117
v 0.17387401 0.17705099 0.01355308
v 0.14554700 0.21620099 0.09714585
v 0.13179401 0.22195600 0.10355800
v 0.19658101 0.16191100 0.01356172
v 0.16973600 0.14177500 -0.00946486
v 0.16275999 0.14679100 -0.00947040
v 0.16056301 0.14793690 -0.00947219
v 0.12784199 0.15964000 -0.00949824
v 0.15616500 0.14365201 -0.00947565
v 0.12393700 0.18690690 -0.00432444
v 0.16993199 0.17631701 0.00853515
v 0.11417900 0.20344099 0.00849074
v 0.21123099 0.12610599 -0.00465977
v 0.10264300 0.21227200 0.02213221
v 0.08887237 0.21890201 0.03300958
v 0.07112580 0.22799300 0.05878669
v -0.23257491 -0.07444828 -0.00978511
v -0.23250800 -0.08087980 -0.00978506
v 0.16032800 -0.14819300 -0.00947225
v 0.18305400 -0.12434600 -0.00945413
v 0.22469200 -0.03999197 -0.00942105
v 0.13624500 -0.22648101 0.15105800
v 0.13130900 -0.22221400 0.10360590
v 0.03858858 -0.21497490 0.01085036
v -0.07172375 0.24568090 0.30465201
v -0.13648590 0.22648101 0.15084000
v -0.07088649 0.23527800 0.10272900
v -0.19638290 0.16219300 0.01324468
v -0.14514200 0.21120501 0.06890237
v -0.31302601 0.04847586 0.07274377
v -0.31152099 0.04002046 0.06406229
v -0.32509300 0.03205376 0.10540800
v -0.31575099 0.05295491 0.08464765
v -0.31623700 0.05081439 0.08458888
v 0.07061320 0.24568580 0.30456901
v 0.08623927 0.24356490 0.30977601
v 0.11509200 0.23401700 0.41502601
v 0.14498800 0.22413090 0.15763400
v 0.14456300 0.22730599 0.19505601
v 0.13674600 0.22621700 0.15104000
v 0.07109737 0.23516390 0.10284200
v 0.14402200 0.23037200 0.29276401
v 0.11234000 0.23814890 0.34040201
v -0.03238606 0.23947999 0.11086700
v 0.01553767 0.23957999 0.10779100
v 0.03258419 0.23942791 0.11091890
v 0.02278923 0.23567300 0.08091795
v 0.04564267 0.23451300 0.08069849
v 0.04019325 0.23865591 0.10780900
v -0.22594200 -0.14034700 0.56578499
v -0.31083700 -0.03808552 0.52667302
v -0.04191994 -0.13928799 0.61386698
v -0.30934599 0.05146962 0.52349001
v -0.32489401 0.05297785 0.47728199
v -0.25218201 0.11376690 0.56660402
v -0.23774700 0.09346908 0.59527701
v -0.21138251 0.12632540 0.59368700
v -0.04169362 0.13935500 0.61386698
v -0.20244201 0.03222906 0.60596001
v -0.10003200 -0.09852516 0.61382097
v -0.27998999 -0.07552427 0.56184298
v 0.11030390 -0.09420150 0.61398798
v 0.07867068 -0.12192300 0.61396301
v 0.25620800 -0.04902913 0.59625751
v 0.25940499 0.03395742 0.59630650
v 0.25003299 0.06816643 0.59601402
v -0.17836700 0.17685381 0.56090999
v -0.15244700 0.19392490 0.55310297
v -0.16405500 0.18570881 0.55879098
v -0.28757799 -0.06546860 0.03046864
v -0.31135401 -0.03060847 0.06022650
v -0.31142399 -0.03683817 0.06254166
v -0.31156999 -0.02245885 0.05871176
v -0.32752901 -0.00695103 0.10777999
v -0.32761300 0.00026086 0.10778200
v -0.31231400 0.00024868 0.05832266
v -0.27267000 -0.03781557 0.00818282
v -0.31151599 -0.03877437 0.06356185
v -0.27020699 -0.07311969 0.01360160
v -0.25824699 0.09777617 0.01319211
v -0.25269100 0.09798979 0.00819868
v -0.25073600 0.04400545 -0.00698644
v -0.27063701 0.04980129 0.00818443
v -0.16250999 0.14704999 -0.00972938
v -0.34619701 -0.03396719 0.36294600
v -0.34803000 0.01422184 0.36512300
v -0.34945700 -0.02014416 0.29512200
v -0.35004500 -0.01011288 0.29512000
v -0.34976900 -0.00622129 0.27609500
v -0.34952599 0.00279164 0.26762199
v -0.34948999 0.00528687 0.26762199
v -0.34996000 -0.00622117 0.28310999
v -0.33950299 -0.04055672 0.18878999
v 0.12709899 -0.17011900 -0.00885850
v -0.17533991 -0.17293000 0.00826043
v -0.17389600 -0.17705099 0.01327633
v -0.14449500 -0.19909300 0.02709382
v -0.14961091 -0.19221400 0.01669996
v -0.03726357 -0.24193899 0.13602290
v -0.03589457 -0.23736700 0.09595811
v -0.00028990 -0.24143800 0.12262700
v -0.00022921 -0.23164600 0.05620735
v -0.00034876 -0.24697100 0.19100890
v 0.05791217 -0.22499301 0.03743684
v 0.06839609 -0.22891191 0.06126523
v -0.03837198 -0.24517100 0.17642590
v -0.03920012 -0.24722300 0.21719500
v -0.06895530 -0.24310100 0.18353400
v -0.06890708 -0.23751400 0.11948900
v -0.06885796 -0.22880200 0.06115585
v -0.03886824 -0.21492200 0.01078867
v -0.05857414 -0.22487301 0.03734427
v -0.10268100 -0.21227100 0.02196741
v 0.18804350 -0.14724395 0.59189898
v 0.04071605 -0.13935401 0.61393303
v 0.34857199 -0.00528723 0.35217899
v 0.03929386 -0.24826245 0.25841850
v 0.06675660 -0.24609891 0.25695899
v 0.01502776 -0.24907200 0.25839999
v 0.03225398 -0.24862500 0.26142600
v -0.01057147 -0.24906400 0.25389990
v 0.03769946 -0.24523100 0.17648600
v 0.14268300 -0.22990100 0.34939998
v 0.14691401 -0.19927700 0.54520798
v -0.13669799 0.22479090 0.45150700
v 0.15469751 0.17238785 0.58741951
v 0.16346100 0.18544790 0.55905199
v 0.15191600 0.19364500 0.55338901
v -0.14509299 0.22885400 0.36203301
v -0.14390545 0.23064846 0.29866350
v -0.14412700 0.23001300 0.24584600
v -0.34994900 0.00677842 0.28310999
v -0.34871900 0.02809733 0.29708099
v -0.34804299 0.03361189 0.30250600
v -0.33617198 0.03037714 0.44743600
v -0.31923100 -0.07054960 0.47745600
v -0.25098801 -0.11498000 0.56659901
v -0.33708701 -0.03989410 0.43436599
v -0.32750300 0.00802630 0.10777900
v -0.31189001 0.01577943 0.05833876
v 0.34861201 0.00223637 0.35217899
v 0.34862199 -0.00027762 0.35217899
v 0.33981299 0.03824204 0.41480801
v 0.33758998 0.03997004 0.42766899
v 0.34382200 0.03611010 0.38253400
v 0.34847000 0.00622225 0.35370299
v 0.32473701 -0.00025858 0.09741598
v 0.28937399 -0.06604665 0.03377020
v 0.30980799 -0.06747108 0.07967770
v 0.24949101 -0.11111500 0.01358884
v 0.32613799 -0.05391377 0.12911800
v 0.31561601 -0.05295509 0.08515036
v 0.33548900 -0.03916662 0.44084200
v 0.33545899 -0.03037667 0.44797099
v 0.18797851 0.14719994 0.59186602
v 0.16338190 0.16675191 0.58850598
v 0.31847000 0.07055014 0.47796398
v 0.23197600 0.10094890 0.59528601
v 0.26791501 0.07079201 0.57891703
v 0.27090901 0.08607232 0.56628901
v 0.28276101 0.07271343 0.55871499
v 0.29521701 -0.06946969 0.53980798
v 0.27077100 -0.08650368 0.56628901
v 0.32413399 -0.05297756 0.47779900
v 0.17869399 0.17595181 0.56133300
v 0.14557400 0.20613891 0.52640098
v 0.14662400 0.22321300 0.43389010
v 0.26388499 0.07383167 0.00861007
v 0.26145101 0.04560655 0.00023644
v 0.24623100 0.08976286 -0.00018904
v 0.26830700 0.07689476 0.01361358
v 0.14533600 0.22045299 0.12612499
v 0.22426590 0.13913500 0.01358240
v 0.17911300 0.17046800 0.00854248
v 0.12600800 0.17903200 -0.00706994
v 0.11143200 0.20586200 0.01198440
v -0.23245600 0.07481861 -0.00978506
v -0.22721991 -0.08454155 -0.00978082
v 0.23239399 -0.08124995 -0.00941491
v 0.23700200 -0.03918462 -0.00941121
v 0.13990600 -0.22919799 0.19933090
v -0.13147300 0.22221391 0.10339590
v -0.12428600 0.21581700 0.05687737
v -0.06598269 0.22785799 0.05431777
v -0.06849259 0.22841901 0.05865138
v -0.06347697 0.22802290 0.05364722
v -0.14383300 0.20386600 0.03946000
v -0.17347400 0.17740490 0.01326704
v -0.19783500 0.16298690 0.02524232
v -0.32551700 0.02941668 0.10594200
v -0.32055300 0.04586911 0.09638017
v 0.14413901 0.22959290 0.24000700
v 0.06770306 0.24137999 0.15806600
v 0.06887590 0.23616990 0.10849600
v 0.06540167 0.23684400 0.11060900
v 0.06322079 0.23712800 0.11094300
v 0.10413600 0.24022400 0.32461900
v -0.03997915 0.23871981 0.10774500
v 0.00010288 0.24009781 0.11089300
v 0.03296715 0.23044200 0.05372893
v 0.01406204 0.23942301 0.10631400
v 0.01258516 0.23925999 0.10483500
v 0.06874346 0.23218600 0.08034348
v 0.06872636 0.23546200 0.10282590
v 0.06371057 0.23668900 0.10782800
v -0.25715250 0.04905032 0.59584904
v -0.23997191 0.09032744 0.59524500
v -0.27511999 0.08127379 0.56493199
v -0.26553899 0.09618854 0.56628901
v -0.21919399 0.13416091 0.58045602
v -0.19701301 0.00015683 0.60768801
v -0.14473000 -0.01939857 0.61378497
v -0.28365099 -0.07271277 0.55826402
v 0.23902491 -0.09032475 0.59562701
v 0.25732201 -0.04540693 0.59618199
v 0.20456991 -0.00016294 0.60681999
v 0.19604500 -0.00015615 0.60800099
v 0.22918400 -0.00018254 0.60288203
v 0.26203200 -0.00020869 0.59634101
v 0.24690400 0.07482087 0.59602952
v -0.14598000 0.20395100 0.53393900
v -0.14673999 0.20123790 0.54087901
v -0.16548400 0.18486290 0.55901498
v -0.28305599 -0.06559449 0.02464771
v -0.28392899 -0.06551980 0.02569502
v -0.28481299 -0.06547248 0.02679270
v -0.32719600 -0.01527708 0.10777999
v -0.26145101 -0.04560655 -0.00017987
v -0.27500701 0.00021897 0.00818097
v -0.26137900 0.04602140 -0.00017986
v -0.31710401 -0.04994022 0.08701610
v -0.31808800 -0.04878580 0.08981066
v -0.32212099 -0.04207050 0.09976458
v -0.24608900 0.09015196 -0.00058102
v -0.22281700 0.13824201 0.01070141
v -0.22151890 0.13694499 0.00822347
v -0.17886999 0.17074300 0.00825745
v -0.27865300 0.06690406 0.01999688
v -0.19677100 0.11217200 -0.00975668
v -0.34526998 -0.03190612 0.37944299
v -0.34128201 0.05445212 0.37486699
v -0.34611601 0.03704041 0.35689601
v -0.34407100 0.03761452 0.38364398
v -0.34840801 0.00027739 0.36512300
v -0.34696299 0.01457494 0.37912500
v -0.34948799 0.00632203 0.26810300
v -0.34949800 -0.00473028 0.26762199
v -0.34952998 -0.00223499 0.26762199
v -0.34953901 0.00027830 0.26762199
v 0.16642199 -0.14736401 -0.00946736
v 0.20693991 -0.12234400 -0.00719041
v 0.16816300 -0.16147500 -0.00472182
v 0.16950999 -0.14204501 -0.00946492
v 0.06338846 -0.22853699 0.05625319
v 0.03306871 -0.23097101 0.05623373
v 0.06031417 -0.22831599 0.05346697
v 0.07126015 -0.22853300 0.06129097
v -0.04009953 -0.24819900 0.25835550
v -0.03352969 -0.23091796 0.05618083
v -0.03428018 -0.22683500 0.03737342
v -0.00021882 -0.22941700 0.04538661
v -0.03303986 -0.23038501 0.05339294
v -0.06088095 -0.22820690 0.05337083
v -0.11145100 -0.20586200 0.01180666
v -0.08892560 -0.21890099 0.03286749
v -0.00060455 -0.14531091 0.61390001
v 0.34860799 -0.00279164 0.35217899
v 0.06879228 -0.24590799 0.25907201
v 0.01207607 -0.24907599 0.25544599
v 0.01355338 -0.24907599 0.25692400
v -0.11876000 0.20928690 0.54651803
v -0.11808300 0.21115440 0.54145253
v 0.11755700 0.21096686 0.54164004
v 0.14618100 0.20103990 0.54103202
v -0.14262100 0.23055699 0.24823700
v -0.14323901 0.22990100 0.34917200
v -0.34998399 0.00629967 0.28415999
v -0.34720299 0.03639417 0.33390000
v -0.33527100 0.05390280 0.42712399
v -0.34044501 0.03878033 0.41403300
v -0.34564400 0.02940642 0.37912500
v -0.29618701 -0.06899875 0.53933698
v -0.30531800 -0.09038156 0.44814599
v -0.33622000 -0.02984160 0.44743600
v -0.31141201 0.02643609 0.05920773
v -0.31220999 0.00801140 0.05832815
v 0.34805998 -0.00677699 0.36073899
v 0.34508601 0.02885651 0.37967500
v 0.34640500 0.01360714 0.37967700
v 0.34503901 -0.02940607 0.37967500
v 0.34635898 -0.01457440 0.37967700
v 0.25822100 -0.09776687 0.01359421
v 0.29970899 -0.05151039 0.04404103
v 0.33686098 -0.01461565 0.44831899
v 0.33724999 -0.00026857 0.44842198
v 0.33550701 0.02984207 0.44797099
v 0.34676000 -0.00027614 0.37967598
v 0.25647399 0.10721290 0.56696200
v 0.27909499 0.07552492 0.56228799
v 0.33490199 -0.03801381 0.44498998
v 0.12931000 0.21843080 0.50115401
v 0.26963401 0.05433589 0.00861466
v 0.27265599 0.03781557 0.00861704
v 0.25101700 0.10883400 0.01359069
v 0.28947800 0.06558579 0.03377026
v 0.25271100 0.09779715 0.00860113
v 0.23607500 0.08537518 -0.00678968
v 0.14445201 0.19909300 0.02732378
v 0.14958499 0.19221400 0.01693809
v 0.16031100 0.18489300 0.01352745
v 0.17532700 0.17293000 0.00853950
v 0.12736990 0.16990100 -0.00886053
v 0.03879988 0.21008500 0.00028641
v 0.05851477 0.22487301 0.03743731
v 0.03892844 0.21491399 0.01085358
v -0.19694901 -0.11185800 -0.00975674
v 0.21103050 -0.12644249 -0.00465956
v 0.21521200 -0.13063291 -0.00072583
v 0.16252600 -0.14704999 -0.00947046
v 0.12362300 -0.18714900 -0.00430453
v 0.12419500 -0.21581700 0.05707550
v 0.08852255 -0.21904500 0.03301209
v 0.14520200 -0.21651500 0.09764689
v 0.14374200 -0.22997700 0.24484991
v 0.14415801 -0.22781099 0.19916800
v -0.06782507 0.22800300 0.05616456
v -0.07085609 0.22810599 0.05867362
v -0.11386900 0.20362291 0.00830918
v -0.03839099 0.21015599 0.00022495
v -0.12361600 0.18714900 -0.00450158
v -0.11105200 0.20609801 0.01189506
v -0.16948400 0.17669700 0.00826490
v -0.08857500 0.21904500 0.03287148
v -0.15691701 0.18693800 0.01347357
v -0.14370699 0.20114601 0.03138506
v -0.14687499 0.19493599 0.01954549
v -0.32329601 0.03900611 0.10224400
v -0.31801301 0.04926443 0.08980810
v 0.11450600 0.23724191 0.35453999
v -0.06301969 0.23722801 0.11084300
v 0.07111138 0.23188099 0.08036500
v 0.06621706 0.23631999 0.10715500
v -0.28189000 0.07431089 0.55998099
v -0.28872201 0.07068139 0.55166698
v -0.29620099 0.06946968 0.53909504
v -0.27167299 0.08650434 0.56585699
v -0.26035601 -0.03394958 0.59589249
v -0.19167200 -0.03646332 0.60708499
v -0.21940999 -0.13381299 0.58045399
v -0.28219599 -0.06569570 0.02364981
v -0.31221601 -0.00775909 0.05832839
v -0.26964700 -0.05433589 0.00818527
v -0.26467800 0.00021075 -0.00042422
v -0.32302201 -0.03957843 0.10161700
v -0.23592199 0.08575928 -0.00716555
v -0.21102250 0.12644249 -0.00499576
v -0.17474100 0.17341600 0.00826073
v -0.26820499 0.07732200 0.01318633
v -0.16815600 0.16147500 -0.00498974
v -0.16127691 0.15437791 -0.00851190
v -0.20692900 0.12234400 -0.00752014
v -0.34442800 -0.03612095 0.38200101
v -0.34613299 0.03463703 0.36283100
v -0.34492099 0.03419196 0.38003501
v -0.34791601 0.00027700 0.37214699
v -0.35005200 0.00279236 0.28462100
v -0.35006499 0.00027872 0.28462100
v -0.35002398 -0.00473046 0.28462100
v -0.35005599 -0.00223499 0.28462100
v 0.03422456 -0.22687000 0.03742760
v 0.06889337 -0.22775391 0.05579793
v -0.03307199 -0.24857301 0.26137391
v -0.06900697 -0.24577899 0.25332901
v -0.06381827 -0.22786590 0.05336987
v -0.07020759 -0.22338191 0.03734403
v 0.15442300 -0.17263401 0.58741951
v 0.07068425 -0.24565101 0.25598499
v 0.00712228 -0.24909399 0.25339100
v 0.00336933 -0.24911299 0.25338790
v -0.01583606 -0.24904700 0.25837600
v -0.01435887 -0.24905400 0.25690201
v -0.01287955 -0.24905600 0.25542590
v -0.12131100 0.20441881 0.55715299
v 0.11825600 0.20899890 0.54695797
v 0.12086400 0.20406190 0.55765402
v -0.34772998 0.03569304 0.30969501
v -0.34353200 0.03840386 0.38799500
v -0.33619100 0.03916716 0.44030699
v -0.33575299 -0.03802627 0.44354200
v -0.34047401 -0.03824156 0.41426599
v 0.34757000 -0.00279027 0.36917600
v 0.34466600 0.03189533 0.37998998
v 0.34431401 -0.03419482 0.38058600
v 0.34845999 -0.00677723 0.35370299
v 0.24608991 -0.09015196 -0.00018901
v 0.23593301 -0.08575928 -0.00678980
v 0.30529901 -0.00024310 0.04444098
v 0.28106800 -0.06630015 0.02299463
v 0.26818401 -0.07732200 0.01361352
v 0.27345601 -0.06964451 0.01598620
v 0.33504599 0.03802621 0.44407699
v 0.33685899 0.01452559 0.44831198
v 0.27899399 -0.07595145 0.56227100
v 0.28561899 -0.07155090 0.55515897
v 0.29073101 -0.06991660 0.54772598
v 0.33500299 -0.03447008 0.44737199
v 0.13645600 0.22451191 0.45190799
v 0.28130800 0.06582868 0.02314317
v -0.12570700 0.17925800 -0.00726342
v 0.07014799 0.22338191 0.03745561
v 0.00015148 0.22762901 0.03739988
v 0.03888279 0.20384701 -0.00397152
v 0.12571791 -0.17925800 -0.00706303
v 0.16947100 -0.17669700 0.00853497
v 0.17231600 -0.17810300 0.01355993
v 0.16001600 -0.18514800 0.01352739
v 0.10228800 -0.21244700 0.02215063
v 0.14376999 -0.20386600 0.03968912
v 0.11103300 -0.20609801 0.01207202
v 0.14410791 -0.19939201 0.02747261
v 0.11385500 -0.20362291 0.00849068
v 0.14497501 -0.22080091 0.12700900
v 0.14502101 -0.21106701 0.06849020
v 0.22150500 -0.13694499 0.00857639
v 0.22279800 -0.13824090 0.01105535
v -0.10232200 0.21244700 0.02198785
v -0.06847685 0.22730100 0.05318570
v -0.16003700 0.18514800 0.01327246
v -0.15411900 0.18872400 0.01407712
v -0.14363800 0.20255999 0.03529959
v -0.06867235 0.23627999 0.10838600
v -0.06850147 0.23229600 0.08023416
v -0.04539752 0.23458500 0.08062601
v -0.06350529 0.23679100 0.10772600
v -0.02254289 0.23570900 0.08088189
v -0.01532799 0.23960391 0.10776700
v 0.06876266 0.22830901 0.05876076
v 0.06050610 0.22771500 0.05096805
v 0.06806486 0.23586480 0.10529700
v -0.29657501 0.06946849 0.53837103
v -0.27339101 0.08374154 0.56555098
v -0.25098300 -0.06816160 0.59561497
v -0.23014399 0.00018321 0.60251600
v -0.26298147 0.00020936 0.59592301
v -0.31191501 -0.01528275 0.05833876
v -0.25827700 0.00020566 -0.00491708
v -0.27265000 0.07037800 0.01497948
v -0.25326300 0.09698879 0.00819826
v -0.17384900 0.16700400 0.00066116
v -0.34673801 0.02904421 0.36512399
v -0.34736401 0.00027656 0.37912399
v -0.34999299 -0.00577640 0.28412601
v -0.35016501 0.00027880 0.28984401
v -0.00022655 -0.23109300 0.05341953
v 0.06979227 -0.22349390 0.03745555
v 0.06586575 -0.22837099 0.05691444
v 0.06772029 -0.22850500 0.05875289
v -0.06400048 -0.24638191 0.25833601
v -0.07189047 -0.24544999 0.25332800
v -0.06384176 -0.22843499 0.05615186
v -0.06931066 -0.22764190 0.05565422
v 0.00983542 -0.24907900 0.25394300
v -0.00792253 -0.24908200 0.25337890
v -0.00416946 -0.24910700 0.25338200
v -0.00040013 -0.24911700 0.25338501
v -0.33571699 0.03445565 0.44684300
v -0.33561000 0.03800714 0.44446501
v -0.33625299 -0.03863179 0.44030699
v -0.34359199 -0.03785669 0.38799500
v 0.34758300 -0.00027679 0.36917600
v 0.34760401 -0.00677657 0.36771101
v 0.28642899 -0.06590187 0.02955406
v 0.28738701 -0.06592506 0.03087347
v 0.28836998 -0.06597340 0.03227955
v 0.25325000 -0.09698909 0.00860160
v 0.30215600 0.03824537 0.04381990
v 0.28280100 -0.06605589 0.02496802
v 0.33555099 0.03863233 0.44084200
v 0.27377298 0.06904220 0.01613569
v 0.28849500 0.06551527 0.03230786
v 0.28567201 0.06544786 0.02840673
v 0.28658801 0.06544619 0.02962774
v 0.06872075 0.22718900 0.05326229
v 0.03422027 0.22683500 0.03742766
v -0.05797147 0.22499301 0.03734421
v -0.03847688 0.20391800 -0.00403315
v 0.16129100 -0.15437791 -0.00825488
v 0.17472699 -0.17341600 0.00853914
v 0.17885600 -0.17074300 0.00854242
v 0.17384700 -0.16700400 0.00093820
v 0.14925700 -0.19247100 0.01695656
v 0.14460590 -0.22456899 0.15969799
v 0.19201900 -0.16529100 0.01355844
v -0.07086986 0.23199400 0.08024728
v -0.06851488 0.23557191 0.10271600
v -0.06506448 0.23696791 0.11054400
v 0.01034677 0.23909900 0.10333200
v 0.00763094 0.23905590 0.10277900
v 0.00012345 0.23599400 0.08096265
v -0.01237106 0.23927990 0.10481500
v -0.00741386 0.23906800 0.10276700
v 0.06375449 0.22792099 0.05374848
v 0.06623178 0.22775300 0.05440986
v -0.20553599 0.00016361 0.60649401
v -0.26959100 0.05462914 0.00818527
v -0.21520999 0.13063291 -0.00106859
v 0.03259587 -0.23043700 0.05344504
v 0.06337016 -0.22796799 0.05347114
v -0.06400400 -0.24642000 0.26134899
v -0.06739288 -0.22829300 0.05762040
v -0.00040660 -0.24922100 0.26139998
v -0.33568901 -0.03499138 0.44643301
v 0.34718901 -0.00027648 0.37443900
v 0.34807000 0.00622255 0.36073899
v 0.34753299 -0.00528526 0.36917600
v 0.28549701 -0.06590378 0.02831614
v 0.28458101 -0.06592935 0.02714037
v 0.25267699 -0.09798979 0.00860119
v 0.26957801 -0.05462914 0.00861460
v 0.26137900 -0.04602140 0.00023644
v 0.25074601 -0.04400545 -0.00658709
v 0.25828499 -0.00020566 -0.00450575
v 0.28193000 -0.06616145 0.02395927
v 0.28368500 -0.06597840 0.02602821
v 0.33497700 0.03499042 0.44696799
v 0.27018499 0.07311969 0.01403182
v 0.28752899 0.06546866 0.03092646
v 0.06808620 0.22789200 0.05624800
v 0.03270137 0.22988591 0.05094569
v -0.06985187 0.22349390 0.03734409
v -0.03269058 0.23049399 0.05367690
v -0.03852850 0.21498390 0.01079201
v 0.22519900 -0.14065699 0.02557933
v -0.06597888 0.23643200 0.10706600
v -0.00366110 0.23908690 0.10277000
v 0.00010855 0.23909090 0.10277300
v 0.00387835 0.23908100 0.10277600
v -0.01385051 0.23944500 0.10629200
v -0.01006299 0.23911200 0.10328800
v 0.06323385 0.22739999 0.05097180
v -0.06959640 -0.24579801 0.25896201
v 0.34754398 -0.00628376 0.36873299
v 0.26467800 -0.00021075 -0.00000271
v 0.25413901 -0.00020236 -0.00662237
v 0.27062401 -0.04980146 0.00861543
v 0.28301600 0.06559455 0.02509838
v 0.28388801 0.06551986 0.02614700
v 0.28476998 0.06547260 0.02724611
v -0.06010502 0.22782400 0.05087208
v -0.03428405 0.22687000 0.03737282
v 0.00014130 0.23115000 0.05370318
v 0.19763801 -0.16309999 0.02555733
v 0.22404400 -0.13949201 0.01358234
v -0.06784009 0.23597901 0.10522200
v -0.07158905 -0.24552099 0.25552401
v -0.06753098 -0.24599500 0.25687900
v 0.34757400 0.00223666 0.36917600
v 0.34761399 0.00622296 0.36771101
v 0.34755501 0.00576150 0.36870199
v 0.27499300 -0.00021897 0.00861895
v 0.28215799 0.06569570 0.02409917
v -0.06295275 0.22749999 0.05087137
v -0.03240782 0.22993900 0.05089420
v 0.00012543 0.23552500 0.07800400
v 0.34754100 0.00473177 0.36917600
v 0.00014731 0.22914700 0.04414409
v 0.00014306 0.23058400 0.05092042
v -0.33772099 -0.25735098 0.28084549
v -0.33858651 -0.25769651 0.28122652
v -0.33737648 -0.25648600 0.28046501
v -0.33481836 -0.25852767 0.28029969
v -0.33369797 -0.25944501 0.28023452
v -0.33587974 -0.26081875 0.28135449
v -0.33640200 -0.23111799 0.24570900
v -0.33697712 -0.23126832 0.24635155
v -0.33563000 -0.23017998 0.24583136
v -0.37809899 -0.29972899 0.28499600
v -0.38128099 -0.30104700 0.28499699
v -0.37678099 -0.29654700 0.28499699
v -0.37604600 -0.29890850 0.28679249
v -0.37560636 -0.29694834 0.28743333
v -0.37728131 -0.30069968 0.28605002
v -0.38356769 -0.30131137 0.28321433
v -0.37882850 -0.30118752 0.28324598
v -0.37962350 -0.30212200 0.28491199
v -0.34529799 -0.25550652 0.28265500
v -0.34332800 -0.25424099 0.28163600
v -0.34496850 -0.25517851 0.28369850
v -0.31580099 -0.23104300 0.26205301
v -0.30378601 -0.24481000 0.26164800
v -0.32966000 -0.21896400 0.26166999
v -0.35150701 -0.32835099 0.26394001
v -0.35807699 -0.31746399 0.27961200
v -0.35110399 -0.32927901 0.26198301
v -0.41312301 -0.26674300 0.26397899
v -0.41403899 -0.26634499 0.26205400
v -0.40223598 -0.27331400 0.27963001
v -0.33833399 -0.25480899 0.28024000
v -0.33798268 -0.25556600 0.28036702
v -0.33982766 -0.25697267 0.28139067
v -0.33929899 -0.25709501 0.28126299
v -0.33468997 -0.26027375 0.28080800
v -0.33433279 -0.26102519 0.28093138
v -0.33288401 -0.26025900 0.28023401
v -0.33516401 -0.26141751 0.28131700
v -0.32859081 -0.22948857 0.24622256
v -0.32900324 -0.22967923 0.24697068
v -0.33190474 -0.22624695 0.24620572
v -0.32767466 -0.22837563 0.24600424
v -0.33074203 -0.22508389 0.24605057
v -0.32872951 -0.22946000 0.24940851
v -0.32990736 -0.23056981 0.25105852
v -0.33194551 -0.22631195 0.24954100
v -0.33180898 -0.22617501 0.24831299
v -0.33301967 -0.22745800 0.25106218
v -0.33003083 -0.23074035 0.26123384
v -0.33313745 -0.22748782 0.26116639
v -0.33411500 -0.22856620 0.26152262
v -0.33085436 -0.23159900 0.26160938
v -0.33119297 -0.23218694 0.26089299
v -0.33129016 -0.23195301 0.25106302
v -0.33440235 -0.22884116 0.25106651
v -0.33462501 -0.22875500 0.26089701
v -0.33721739 -0.23106261 0.27122119
v -0.33045012 -0.22442091 0.26377410
v -0.33039069 -0.22470534 0.24670900
v -0.33212766 -0.22644301 0.24711335
v -0.33526748 -0.22963500 0.25022602
v -0.33564597 -0.23001251 0.24910450
v -0.33555287 -0.22979456 0.24668615
v -0.33218703 -0.23294419 0.24685517
v -0.33351585 -0.23444417 0.24624446
v -0.33271116 -0.23340350 0.24595432
v -0.33244100 -0.23317149 0.24923095
v -0.33010250 -0.23154145 0.26836598
v -0.32689366 -0.22816266 0.26457417
v -0.32716000 -0.22793634 0.24670528
v -0.32695270 -0.22731134 0.26387668
v -0.32825100 -0.22595596 0.26359898
v -0.33358917 -0.23477466 0.27184203
v -0.33413434 -0.23467499 0.24654931
v -0.33728099 -0.23174626 0.27182424
v -0.33566850 -0.23342299 0.27207798
v -0.32948300 -0.22413990 0.26350799
v -0.33394799 -0.22718801 0.26773700
v -0.33438301 -0.23475000 0.27236199
v -0.30991420 -0.24602580 0.24598077
v -0.30952561 -0.24563795 0.24654661
v -0.31088939 -0.24700098 0.24598397
v -0.31124058 -0.24735317 0.24683599
v -0.31098151 -0.24706750 0.24902496
v -0.30924675 -0.24568486 0.26373461
v -0.31134599 -0.24743301 0.25016299
v -0.31223133 -0.24824980 0.25104317
v -0.31323469 -0.24298766 0.24593399
v -0.31921399 -0.24890336 0.24622796
v -0.31589773 -0.25210214 0.24616957
v -0.31642500 -0.25240451 0.24668550
v -0.31630635 -0.25254101 0.27163401
v -0.31814399 -0.25094700 0.27205500
v -0.31951517 -0.24920526 0.27200845
v -0.31790900 -0.24763095 0.24938151
v -0.31786215 -0.24745941 0.24671213
v -0.31792167 -0.24782635 0.24585333
v -0.31450120 -0.25061399 0.24688280
v -0.31483001 -0.25091499 0.24833696
v -0.31467599 -0.25076252 0.24956749
v -0.31501317 -0.25106117 0.24596232
v -0.31348374 -0.24970800 0.26109874
v -0.31224751 -0.24910495 0.26751649
v -0.31295419 -0.24898359 0.26174441
v -0.31222400 -0.24835300 0.26109961
v -0.31559235 -0.25240067 0.27101469
v -0.31361467 -0.24963267 0.25103849
v -0.31672683 -0.24652050 0.25104201
v -0.31659532 -0.24636552 0.26121333
v -0.31610134 -0.24571933 0.26191169
v -0.31286943 -0.24205942 0.26453128
v -0.31544340 -0.24514981 0.26111919
v -0.31534368 -0.24513780 0.25104669
v -0.31419700 -0.24391949 0.24922600
v -0.31273761 -0.24242717 0.24654840
v -0.31439114 -0.24398857 0.24666916
v -0.31206867 -0.24219531 0.26386034
v -0.31069949 -0.24350744 0.26357698
v -0.31412399 -0.24394600 0.24587700
v -0.30874997 -0.24506250 0.26354849
v -0.31955099 -0.24827699 0.27182999
v -0.31635299 -0.24507600 0.26854900
v -0.38446301 -0.29972899 0.28500003
v -0.37809899 -0.29336500 0.28500003
v -0.38578099 -0.29654700 0.28500199
v -0.38128099 -0.29204699 0.28500199
v -0.38446301 -0.29336500 0.28500399
v -0.38509297 -0.30039969 0.28340369
v -0.38604665 -0.29883236 0.28321636
v -0.38387549 -0.29142302 0.28671199
v -0.38540804 -0.29256332 0.28604001
v -0.38166735 -0.29087535 0.28744367
v -0.38685650 -0.29489452 0.28491849
v -0.38702700 -0.29655999 0.28454599
v -0.38709599 -0.29875800 0.28403699
v -0.38346699 -0.30236998 0.28403801
v -0.38129401 -0.30229300 0.28454000
v -0.38124549 -0.30129400 0.28299701
v -0.37632170 -0.29706699 0.28316334
v -0.37757200 -0.29283148 0.28325000
v -0.37594700 -0.29453450 0.28789499
v -0.37727299 -0.29254299 0.28808168
v -0.31720033 -0.23244101 0.26129133
v -0.33282700 -0.21924700 0.26072150
v -0.33462501 -0.21819800 0.26069200
v -0.35016751 -0.21309501 0.25828451
v -0.35598201 -0.21289900 0.25722101
v -0.36977297 -0.21526599 0.25373849
v -0.37711501 -0.21812700 0.25183299
v -0.39200050 -0.22683445 0.24721695
v -0.39555401 -0.22971900 0.24617200
v -0.41052401 -0.24566200 0.24086300
v -0.41155401 -0.24695349 0.24036649
v -0.42063668 -0.26517066 0.23618469
v -0.31732401 -0.23255999 0.25718400
v -0.30919200 -0.24127999 0.25704500
v -0.30368951 -0.24858451 0.26064402
v -0.30242699 -0.25118700 0.25634500
v -0.29770052 -0.26718903 0.25787449
v -0.29805401 -0.26546600 0.25419399
v -0.30017400 -0.28470901 0.24975900
v -0.30072600 -0.28708351 0.25309899
v -0.31044301 -0.30519000 0.24383099
v -0.31254900 -0.30846602 0.24672696
v -0.32683399 -0.32276800 0.23789300
v -0.33209050 -0.32701349 0.24017999
v -0.34996802 -0.33584601 0.23609900
v -0.34999099 -0.33560199 0.23228800
v -0.32607400 -0.22440399 0.25706300
v -0.30999601 -0.24187800 0.25673601
v -0.31803101 -0.23326699 0.25687200
v -0.32660499 -0.22526200 0.25675601
v -0.33602101 -0.21762601 0.25637498
v -0.33633998 -0.21858791 0.25609499
v -0.35035399 -0.21327300 0.25422999
v -0.35039100 -0.21427400 0.25400901
v -0.36968300 -0.21546391 0.24978390
v -0.36928901 -0.21638800 0.24967700
v -0.39008901 -0.22574601 0.24388300
v -0.38939601 -0.22648101 0.24387500
v -0.40675500 -0.24264999 0.23801599
v -0.40756601 -0.24206300 0.23797891
v -0.41943800 -0.26549000 0.23246500
v -0.42039201 -0.26519001 0.23236901
v -0.42143801 -0.28911901 0.22886901
v -0.42242900 -0.28924999 0.22871999
v -0.41321799 -0.31151301 0.22701791
v -0.41406199 -0.31204900 0.22684500
v -0.39631701 -0.32841501 0.22699900
v -0.39685601 -0.32925799 0.22682600
v -0.37405601 -0.33763099 0.22866490
v -0.37392300 -0.33664000 0.22881401
v -0.35029101 -0.33464801 0.23238499
v -0.32744801 -0.32197699 0.23792300
v -0.31137201 -0.30477399 0.24373700
v -0.30124900 -0.28479099 0.24952699
v -0.29902601 -0.26578501 0.25391999
v -0.30330700 -0.25166300 0.25604901
v -0.42306450 -0.28590047 0.23286501
v -0.42260599 -0.28927600 0.23259200
v -0.41550401 -0.31024900 0.23065746
v -0.41421601 -0.31213999 0.23069701
v -0.39805800 -0.32882199 0.23049599
v -0.39694399 -0.32941499 0.23067699
v -0.37366068 -0.33793733 0.23249434
v -0.33045101 -0.32574499 0.24077091
v -0.31450000 -0.31078199 0.24607900
v -0.41943601 -0.26549199 0.23654999
v -0.40550300 -0.24114999 0.24258400
v -0.41937667 -0.26531968 0.24277169
v -0.41513699 -0.25528899 0.24453799
v -0.41175699 -0.24952900 0.24568801
v -0.40906301 -0.24564090 0.24653099
v -0.39834201 -0.23370591 0.24962999
v -0.38445601 -0.22327501 0.24952999
v -0.39633101 -0.23190591 0.25018799
v -0.37985000 -0.22072890 0.25451601
v -0.36084801 -0.21447900 0.25594801
v -0.37140399 -0.21709400 0.25650799
v -0.35500401 -0.21404500 0.25969699
v -0.34092399 -0.21653000 0.25973400
v -0.33727399 -0.21811201 0.26209000
v -0.32833701 -0.22385900 0.26087499
v -0.32666799 -0.22521199 0.26277301
v -0.31802899 -0.23326901 0.26106200
v -0.31802800 -0.23326990 0.26288700
v -0.30865899 -0.24352600 0.26085499
v -0.30995899 -0.24192300 0.26275301
v -0.30284899 -0.25256699 0.26204899
v -0.30130801 -0.25611800 0.25969499
v -0.29881200 -0.27053601 0.25958401
v -0.29924899 -0.27610999 0.25587201
v -0.30192801 -0.28682500 0.25639200
v -0.30808198 -0.29973799 0.24942701
v -0.30574399 -0.29556599 0.25430900
v -0.31661201 -0.31148201 0.25011900
v -0.32604101 -0.32081500 0.24246000
v -0.31837201 -0.31345299 0.24957199
v -0.33035100 -0.32423699 0.24645700
v -0.35028800 -0.33465099 0.23647091
v -0.33431599 -0.32698599 0.24559900
v -0.34003600 -0.33034101 0.24445990
v -0.35010901 -0.33459833 0.24269226
v -0.37392399 -0.33664399 0.23288500
v -0.37381399 -0.33666101 0.23977199
v -0.39619499 -0.32849601 0.23830691
v -0.39631400 -0.32841900 0.23106191
v -0.41322100 -0.31150699 0.23108099
v -0.41328201 -0.31141099 0.23832700
v -0.42143700 -0.28912100 0.23293900
v -0.42144200 -0.28905299 0.23982300
v -0.40680099 -0.25009400 0.25821400
v -0.38813400 -0.23316690 0.26425999
v -0.39934400 -0.25236201 0.27119499
v -0.37560600 -0.23875090 0.27772701
v -0.38827398 -0.25818101 0.28259301
v -0.36007100 -0.24924900 0.28446999
v -0.37533098 -0.26769501 0.28852800
v -0.34584102 -0.26148200 0.28541502
v -0.36306450 -0.27833748 0.28980798
v -0.38898301 -0.28388101 0.28613201
v -0.39783800 -0.27634799 0.28147301
v -0.39941999 -0.27511600 0.28021699
v -0.40901101 -0.26874301 0.26863199
v -0.41129500 -0.26757899 0.26452801
v -0.37926251 -0.29121751 0.28789949
v -0.34576067 -0.26008433 0.28481001
v -0.34715998 -0.25835800 0.28500199
v -0.34877950 -0.25697649 0.28462601
v -0.34875500 -0.25409400 0.28427500
v -0.34899497 -0.25153351 0.28309649
v -0.33045599 -0.24571200 0.27581400
v -0.34706199 -0.25312400 0.28363600
v -0.34208000 -0.25158301 0.28191599
v -0.34332150 -0.25353000 0.28282648
v -0.34196901 -0.25437000 0.28270200
v -0.34186599 -0.25742799 0.28350049
v -0.34247699 -0.25197801 0.28065699
v -0.34184000 -0.25829500 0.28371599
v -0.34217501 -0.25863001 0.28265199
v -0.34560600 -0.26666301 0.28632301
v -0.34561801 -0.26374900 0.28583899
v -0.34585550 -0.25855148 0.28428298
v -0.34782299 -0.25659502 0.28426850
v -0.34670299 -0.25745201 0.28468499
v -0.34576100 -0.25706398 0.28437400
v -0.34580100 -0.25569600 0.28403601
v -0.34610701 -0.25600100 0.28306600
v -0.34678301 -0.25472999 0.28401101
v -0.34773800 -0.25510401 0.28432399
v -0.34792447 -0.25389799 0.28352052
v -0.34378099 -0.25469601 0.28327098
v -0.34372100 -0.25641599 0.28371400
v -0.34284300 -0.25729299 0.28371799
v -0.34317800 -0.25762701 0.28265300
v -0.34289500 -0.25558499 0.28328300
v -0.34467626 -0.25959849 0.28449225
v -0.34509599 -0.25701201 0.28306499
v -0.34474799 -0.25806701 0.28438199
v -0.34478500 -0.25670201 0.28405100
v -0.34359100 -0.26055399 0.28469700
v -0.34286249 -0.26154602 0.28427750
v -0.34311199 -0.25899500 0.28306299
v -0.34393999 -0.25754300 0.28405699
v -0.34315878 -0.25865650 0.28413874
v -0.32634601 -0.22777499 0.26434499
v -0.34234798 -0.26340249 0.28462800
v -0.34362850 -0.26468450 0.28558800
v -0.33923200 -0.26157299 0.28264901
v -0.33891100 -0.26125300 0.28366801
v -0.34038800 -0.25975499 0.28370300
v -0.33885399 -0.26405999 0.28427801
v -0.33890399 -0.26690000 0.28453851
v -0.34053999 -0.26502699 0.28491601
v -0.33208400 -0.27784100 0.28388000
v -0.31835699 -0.25949699 0.27518800
v -0.30792901 -0.27516100 0.26922899
v -0.32260799 -0.29247200 0.27642700
v -0.34291899 -0.30353999 0.28253999
v -0.35242501 -0.29060301 0.28850201
v -0.36863199 -0.30423298 0.28611600
v -0.36110699 -0.31307998 0.28144699
v -0.33711499 -0.31459799 0.27112499
v -0.35986200 -0.31467801 0.28017601
v -0.35350701 -0.32424900 0.26858899
v -0.31777400 -0.30391800 0.26338398
v -0.33486301 -0.32204199 0.25813201
v -0.35234100 -0.32653999 0.26446199
v -0.34469199 -0.26432699 0.28550300
v -0.34479800 -0.26093853 0.28464448
v -0.34427774 -0.26316851 0.28542727
v -0.34305400 -0.26268798 0.28463548
v -0.34381700 -0.26169199 0.28500599
v -0.34276399 -0.26004100 0.28437701
v -0.34185952 -0.26255450 0.28426799
v -0.34210598 -0.26000199 0.28306201
v -0.34176099 -0.26105401 0.28436700
v -0.34179401 -0.25969100 0.28405198
v -0.34077999 -0.26339701 0.28464299
v -0.33993649 -0.26449800 0.28423297
v -0.34017399 -0.26193401 0.28305900
v -0.34083799 -0.26065400 0.28403801
v -0.33987200 -0.26163301 0.28401500
v -0.33984399 -0.26301399 0.28431901
v -0.33938822 -0.25659943 0.28260401
v -0.33868349 -0.25558501 0.28211650
v -0.33767921 -0.25488940 0.28161481
v -0.33819050 -0.25730801 0.28245598
v -0.33710167 -0.25717935 0.28209934
v -0.33696848 -0.25617450 0.28177500
v -0.33756998 -0.25536701 0.28172299
v -0.33890900 -0.25670701 0.28249800
v -0.33742934 -0.25882435 0.28264266
v -0.33780497 -0.25919801 0.28145251
v -0.33544099 -0.25710633 0.28156936
v -0.33602700 -0.25742000 0.28033251
v -0.33638999 -0.25820899 0.28216898
v -0.33474401 -0.25799599 0.28159899
v -0.33465263 -0.25965843 0.28201619
v -0.33386701 -0.25850701 0.28145668
v -0.33557841 -0.26046500 0.28251040
v -0.33479524 -0.26100150 0.28240103
v -0.33404422 -0.26058200 0.28205839
v -0.33361077 -0.25991839 0.28174859
v -0.33275336 -0.25965768 0.28139666
v -0.32971701 -0.24497300 0.27519500
v -0.30295801 -0.24986491 0.26065600
v -0.29766399 -0.27122200 0.25715399
v -0.30289999 -0.29234901 0.25174800
v -0.37261501 -0.32769999 0.26437399
v -0.39121100 -0.32053900 0.26438901
v -0.37302899 -0.31440499 0.27997500
v -0.38482699 -0.30919999 0.27998501
v -0.39394400 -0.30008000 0.27999499
v -0.40529999 -0.30644801 0.26440501
v -0.41245800 -0.28785101 0.26441899
v -0.39914599 -0.28827998 0.28000501
v -0.34666499 -0.21168099 0.25954601
v -0.36747101 -0.21267700 0.25495899
v -0.37284100 -0.21434399 0.25353500
v -0.38973501 -0.22299100 0.24859491
v -0.39712700 -0.22854801 0.24622799
v -0.40853199 -0.23999099 0.24227400
v -0.41360000 -0.24674991 0.24033800
v -0.42234799 -0.26451600 0.23626800
v -0.42450401 -0.28944299 0.23249100
v -0.41583401 -0.31314799 0.23054990
v -0.39795700 -0.33103099 0.23052900
v -0.37425300 -0.33971000 0.23243199
v -0.34930301 -0.33756101 0.23618600
v -0.33154401 -0.32882300 0.24024200
v -0.32485601 -0.32382101 0.24215400
v -0.31333998 -0.31236699 0.24612799
v -0.30794200 -0.30522099 0.24842100
v -0.29912201 -0.28809500 0.25344601
v -0.29744101 -0.28269199 0.25488400
v -0.29647800 -0.26172200 0.25952199
v -0.32941300 -0.24467100 0.27668601
v -0.33931199 -0.23380201 0.27556601
v -0.33864099 -0.25390601 0.28323999
v -0.34485501 -0.26012400 0.28646901
v -0.35895100 -0.31627998 0.28071800
v -0.37264699 -0.33065999 0.26196900
v -0.37294900 -0.31615499 0.28053701
v -0.39268601 -0.32307601 0.26198500
v -0.38564301 -0.31068599 0.28054699
v -0.39541900 -0.30091301 0.28055799
v -0.37877300 -0.29404399 0.28926599
v -0.38557500 -0.28743601 0.28859600
v -0.37218699 -0.30082300 0.28858501
v -0.36575699 -0.30789798 0.28628099
v -0.41542000 -0.28788400 0.26201800
v -0.40101299 -0.27421600 0.28077000
v -0.40089101 -0.28821799 0.28056899
v -0.39266300 -0.28099701 0.28629601
v -0.40783599 -0.30792400 0.26200199
v -0.41055200 -0.24803790 0.25145400
v -0.40521199 -0.24905300 0.26328200
v -0.39201501 -0.22983000 0.25778300
v -0.39718500 -0.25195399 0.27542701
v -0.38325301 -0.23244700 0.27050900
v -0.36427999 -0.21769100 0.26440200
v -0.38594899 -0.25835699 0.28538200
v -0.37054601 -0.23915800 0.28115499
v -0.35210899 -0.22456400 0.27264899
v -0.35663998 -0.24907491 0.28569299
v -0.36056501 -0.27583799 0.29105601
v -0.36264700 -0.27792001 0.29127899
v -0.37365600 -0.26761100 0.29021901
v -0.35233799 -0.28892800 0.29019499
v -0.34309000 -0.30121499 0.28533500
v -0.32389501 -0.28580901 0.28110200
v -0.31719500 -0.29850799 0.27043000
v -0.30244800 -0.27952501 0.26433200
v -0.30931300 -0.26735899 0.27260199
v -0.33380699 -0.27190900 0.28566700
v -0.31854701 -0.25456700 0.27554300
v -0.33669800 -0.31244099 0.27535900
v -0.33381099 -0.32045400 0.26319999
v -0.33280900 -0.32578099 0.25136599
v -0.31459299 -0.30725399 0.25769100
v -0.35991901 -0.22317199 0.26928100
v -0.34424499 -0.23360901 0.27521601
v -0.38602999 -0.29651451 0.28300250
v -0.38592547 -0.29409850 0.28325400
v -0.38207048 -0.29135701 0.28325349
v -0.38446301 -0.29336500 0.28300399
v -0.38127899 -0.29204801 0.28300199
v -0.37809998 -0.29336399 0.28300002
v -0.37810099 -0.29972699 0.28299600
v -0.38446400 -0.29972801 0.28300002
v 0.33772099 0.25735098 0.28034550
v 0.33858651 0.25769651 0.28072649
v 0.33737648 0.25648600 0.27996498
v 0.33481836 0.25852767 0.27979970
v 0.33369797 0.25944501 0.27973449
v 0.33587974 0.26081875 0.28085449
v 0.33640200 0.23111799 0.24520899
v 0.33697712 0.23126832 0.24585153
v 0.33563000 0.23017998 0.24533135
v 0.37809899 0.29972899 0.28449601
v 0.38128099 0.30104700 0.28449699
v 0.37678099 0.29654700 0.28449699
v 0.37604600 0.29890850 0.28629249
v 0.37560636 0.29694834 0.28693333
v 0.37728131 0.30069968 0.28555000
v 0.38356769 0.30131137 0.28271434
v 0.37882850 0.30118752 0.28274602
v 0.37962350 0.30212200 0.28441200
v 0.34529799 0.25550652 0.28215501
v 0.34332800 0.25424099 0.28113601
v 0.34496850 0.25517851 0.28319851
v 0.31580099 0.23104300 0.26155299
v 0.30378601 0.24481000 0.26114801
v 0.32966000 0.21896400 0.26117000
v 0.35150701 0.32835099 0.26343998
v 0.35807699 0.31746399 0.27911201
v 0.35110399 0.32927901 0.26148301
v 0.41312301 0.26674300 0.26347899
v 0.41403899 0.26634499 0.26155400
v 0.40223598 0.27331400 0.27912998
v 0.33833399 0.25480899 0.27974001
v 0.33798268 0.25556600 0.27986699
v 0.33982766 0.25697267 0.28089067
v 0.33929899 0.25709501 0.28076300
v 0.33468997 0.26027375 0.28030798
v 0.33433279 0.26102519 0.28043142
v 0.33288401 0.26025900 0.27973399
v 0.33516401 0.26141751 0.28081700
v 0.32859081 0.22948857 0.24572261
v 0.32900324 0.22967923 0.24647072
v 0.33190474 0.22624695 0.24570574
v 0.32767466 0.22837563 0.24550422
v 0.33074203 0.22508389 0.24555057
v 0.32872951 0.22946000 0.24890849
v 0.32990736 0.23056981 0.25055850
v 0.33194551 0.22631195 0.24904099
v 0.33180898 0.22617501 0.24781300
v 0.33301967 0.22745800 0.25056219
v 0.33003083 0.23074035 0.26073384
v 0.33313745 0.22748782 0.26066640
v 0.33411500 0.22856620 0.26102260
v 0.33085436 0.23159900 0.26110932
v 0.33119297 0.23218694 0.26039299
v 0.33129016 0.23195301 0.25056300
v 0.33440235 0.22884116 0.25056651
v 0.33462501 0.22875500 0.26039699
v 0.33721739 0.23106261 0.27072120
v 0.33045012 0.22442091 0.26327410
v 0.33039069 0.22470534 0.24620900
v 0.33212766 0.22644301 0.24661332
v 0.33526748 0.22963500 0.24972600
v 0.33564597 0.23001251 0.24860451
v 0.33555287 0.22979456 0.24618614
v 0.33218703 0.23294419 0.24635521
v 0.33351585 0.23444417 0.24574450
v 0.33271116 0.23340350 0.24545431
v 0.33244100 0.23317149 0.24873100
v 0.33010250 0.23154145 0.26786602
v 0.32689366 0.22816266 0.26407418
v 0.32716000 0.22793634 0.24620534
v 0.32695270 0.22731134 0.26337665
v 0.32825100 0.22595596 0.26309901
v 0.33358917 0.23477466 0.27134201
v 0.33413434 0.23467499 0.24604934
v 0.33728099 0.23174626 0.27132425
v 0.33566850 0.23342299 0.27157801
v 0.32948300 0.22413990 0.26300800
v 0.33394799 0.22718801 0.26723701
v 0.33438301 0.23475000 0.27186200
v 0.30991420 0.24602580 0.24548081
v 0.30952561 0.24563795 0.24604660
v 0.31088939 0.24700098 0.24548399
v 0.31124058 0.24735317 0.24633597
v 0.31098151 0.24706750 0.24852499
v 0.30924675 0.24568486 0.26323462
v 0.31134599 0.24743301 0.24966295
v 0.31223133 0.24824980 0.25054318
v 0.31323469 0.24298766 0.24543400
v 0.31921399 0.24890336 0.24572796
v 0.31589773 0.25210214 0.24566957
v 0.31642500 0.25240451 0.24618551
v 0.31630635 0.25254101 0.27113402
v 0.31814399 0.25094700 0.27155501
v 0.31951517 0.24920526 0.27150846
v 0.31790900 0.24763095 0.24888149
v 0.31786215 0.24745941 0.24621214
v 0.31792167 0.24782635 0.24535330
v 0.31450120 0.25061399 0.24638280
v 0.31483001 0.25091499 0.24783701
v 0.31467599 0.25076252 0.24906750
v 0.31501317 0.25106117 0.24546233
v 0.31348374 0.24970800 0.26059875
v 0.31224751 0.24910495 0.26701650
v 0.31295419 0.24898359 0.26124442
v 0.31222400 0.24835300 0.26059958
v 0.31559235 0.25240067 0.27051467
v 0.31361467 0.24963267 0.25053850
v 0.31672683 0.24652050 0.25054201
v 0.31659532 0.24636552 0.26071334
v 0.31610134 0.24571933 0.26141167
v 0.31286943 0.24205942 0.26403129
v 0.31544340 0.24514981 0.26061919
v 0.31534368 0.24513780 0.25054669
v 0.31419700 0.24391949 0.24872600
v 0.31273761 0.24242717 0.24604836
v 0.31439114 0.24398857 0.24616913
v 0.31206867 0.24219531 0.26336032
v 0.31069949 0.24350744 0.26307702
v 0.31412399 0.24394600 0.24537694
v 0.30874997 0.24506250 0.26304850
v 0.31955099 0.24827699 0.27133000
v 0.31635299 0.24507600 0.26804900
v 0.38446301 0.29972899 0.28450000
v 0.37809899 0.29336500 0.28450000
v 0.38578099 0.29654700 0.28450301
v 0.38128099 0.29204699 0.28450301
v 0.38446301 0.29336500 0.28450400
v 0.38509297 0.30039969 0.28290367
v 0.38604665 0.29883236 0.28271633
v 0.38387549 0.29142302 0.28621200
v 0.38540804 0.29256332 0.28553998
v 0.38166735 0.29087535 0.28694367
v 0.38685650 0.29489452 0.28441849
v 0.38702700 0.29655999 0.28404599
v 0.38709599 0.29875800 0.28353700
v 0.38346699 0.30236998 0.28353801
v 0.38129401 0.30229300 0.28404000
v 0.38124549 0.30129400 0.28249699
v 0.37632170 0.29706699 0.28266335
v 0.37757200 0.29283148 0.28275001
v 0.37594700 0.29453450 0.28739500
v 0.37727299 0.29254299 0.28758168
v 0.31720033 0.23244101 0.26079136
v 0.33282700 0.21924700 0.26022148
v 0.33462501 0.21819800 0.26019201
v 0.35016751 0.21309501 0.25778449
v 0.35598201 0.21289900 0.25672099
v 0.36977297 0.21526599 0.25323850
v 0.37711501 0.21812700 0.25133300
v 0.39200050 0.22683445 0.24671701
v 0.39555401 0.22971900 0.24567200
v 0.41052401 0.24566200 0.24036300
v 0.41155401 0.24695349 0.23986650
v 0.42063668 0.26517066 0.23568466
v 0.31732401 0.23255999 0.25668401
v 0.30919200 0.24127999 0.25654501
v 0.30368951 0.24858451 0.26014400
v 0.30242699 0.25118700 0.25584501
v 0.29770052 0.26718903 0.25737450
v 0.29805401 0.26546600 0.25369400
v 0.30017400 0.28470901 0.24925891
v 0.30072600 0.28708351 0.25259900
v 0.31044301 0.30519000 0.24333100
v 0.31254900 0.30846602 0.24622700
v 0.32683399 0.32276800 0.23739301
v 0.33209050 0.32701349 0.23967999
v 0.34996802 0.33584601 0.23559901
v 0.34999099 0.33560199 0.23178799
v 0.32607400 0.22440399 0.25656301
v 0.30999601 0.24187800 0.25623599
v 0.31803101 0.23326699 0.25637200
v 0.32660499 0.22526200 0.25625601
v 0.33602101 0.21762601 0.25587499
v 0.33633998 0.21858791 0.25559500
v 0.35035399 0.21327300 0.25373000
v 0.35039100 0.21427400 0.25350899
v 0.36968300 0.21546391 0.24928400
v 0.36928901 0.21638800 0.24917699
v 0.39008901 0.22574601 0.24338301
v 0.38939601 0.22648101 0.24337500
v 0.40675500 0.24264999 0.23751600
v 0.40756601 0.24206300 0.23747900
v 0.41943800 0.26549000 0.23196501
v 0.42039201 0.26519001 0.23186900
v 0.42143801 0.28911901 0.22836891
v 0.42242900 0.28924999 0.22822000
v 0.41321799 0.31151301 0.22651801
v 0.41406199 0.31204900 0.22634500
v 0.39631701 0.32841501 0.22649901
v 0.39685601 0.32925799 0.22632600
v 0.37405601 0.33763099 0.22816500
v 0.37392300 0.33664000 0.22831400
v 0.35029101 0.33464801 0.23188500
v 0.32744801 0.32197699 0.23742300
v 0.31137201 0.30477399 0.24323700
v 0.30124900 0.28479099 0.24902700
v 0.29902601 0.26578501 0.25342000
v 0.30330700 0.25166300 0.25554901
v 0.42306450 0.28590047 0.23236500
v 0.42260599 0.28927600 0.23209199
v 0.41550401 0.31024900 0.23015749
v 0.41421601 0.31213999 0.23019700
v 0.39805800 0.32882199 0.22999600
v 0.39694399 0.32941499 0.23017700
v 0.37366068 0.33793733 0.23199432
v 0.33045101 0.32574499 0.24027100
v 0.31450000 0.31078199 0.24557900
v 0.41943601 0.26549199 0.23604999
v 0.40550300 0.24114999 0.24208400
v 0.41937667 0.26531968 0.24227168
v 0.41513699 0.25528899 0.24403800
v 0.41175699 0.24952900 0.24518791
v 0.40906301 0.24564090 0.24603100
v 0.39834201 0.23370591 0.24913000
v 0.38445601 0.22327501 0.24902990
v 0.39633101 0.23190591 0.24968800
v 0.37985000 0.22072890 0.25401601
v 0.36084801 0.21447900 0.25544801
v 0.37140399 0.21709400 0.25600800
v 0.35500401 0.21404500 0.25919700
v 0.34092399 0.21653000 0.25923401
v 0.33727399 0.21811201 0.26159000
v 0.32833701 0.22385900 0.26037499
v 0.32666799 0.22521199 0.26227301
v 0.31802899 0.23326901 0.26056200
v 0.31802800 0.23326990 0.26238701
v 0.30865899 0.24352600 0.26035500
v 0.30995899 0.24192300 0.26225299
v 0.30284899 0.25256699 0.26154900
v 0.30130801 0.25611800 0.25919500
v 0.29881200 0.27053601 0.25908399
v 0.29924899 0.27610999 0.25537199
v 0.30192801 0.28682500 0.25589201
v 0.30808198 0.29973799 0.24892691
v 0.30574399 0.29556599 0.25380901
v 0.31661201 0.31148201 0.24961899
v 0.32604101 0.32081500 0.24195990
v 0.31837201 0.31345299 0.24907200
v 0.33035100 0.32423699 0.24595700
v 0.35028800 0.33465099 0.23597100
v 0.33431599 0.32698599 0.24509899
v 0.34003600 0.33034101 0.24395999
v 0.35010901 0.33459833 0.24219236
v 0.37392399 0.33664399 0.23238499
v 0.37381399 0.33666101 0.23927191
v 0.39619499 0.32849601 0.23780701
v 0.39631400 0.32841900 0.23056200
v 0.41322100 0.31150699 0.23058100
v 0.41328201 0.31141099 0.23782700
v 0.42143700 0.28912100 0.23243900
v 0.42144200 0.28905299 0.23932301
v 0.40680099 0.25009400 0.25771400
v 0.38813400 0.23316690 0.26376000
v 0.39934400 0.25236201 0.27069500
v 0.37560600 0.23875090 0.27722698
v 0.38827398 0.25818101 0.28209299
v 0.36007100 0.24924900 0.28397000
v 0.37533098 0.26769501 0.28802800
v 0.34584102 0.26148200 0.28491500
v 0.36306450 0.27833748 0.28930801
v 0.38898301 0.28388101 0.28563198
v 0.39783800 0.27634799 0.28097299
v 0.39941999 0.27511600 0.27971700
v 0.40901101 0.26874301 0.26813200
v 0.41129500 0.26757899 0.26402801
v 0.37926251 0.29121751 0.28739950
v 0.34576067 0.26008433 0.28430998
v 0.34715998 0.25835800 0.28450200
v 0.34877950 0.25697649 0.28412598
v 0.34875500 0.25409400 0.28377500
v 0.34899497 0.25153351 0.28259650
v 0.33045599 0.24571200 0.27531400
v 0.34706199 0.25312400 0.28313601
v 0.34208000 0.25158301 0.28141600
v 0.34332150 0.25353000 0.28232652
v 0.34196901 0.25437000 0.28220201
v 0.34186599 0.25742799 0.28300050
v 0.34247699 0.25197801 0.28015700
v 0.34184000 0.25829500 0.28321600
v 0.34217501 0.25863001 0.28215200
v 0.34560600 0.26666301 0.28582299
v 0.34561801 0.26374900 0.28533900
v 0.34585550 0.25855148 0.28378299
v 0.34782299 0.25659502 0.28376850
v 0.34670299 0.25745201 0.28418499
v 0.34576100 0.25706398 0.28387401
v 0.34580100 0.25569600 0.28353599
v 0.34610701 0.25600100 0.28256601
v 0.34678301 0.25472999 0.28351101
v 0.34773800 0.25510401 0.28382400
v 0.34792447 0.25389799 0.28302050
v 0.34378099 0.25469601 0.28277099
v 0.34372100 0.25641599 0.28321400
v 0.34284300 0.25729299 0.28321800
v 0.34317800 0.25762701 0.28215301
v 0.34289500 0.25558499 0.28278300
v 0.34467626 0.25959849 0.28399223
v 0.34509599 0.25701201 0.28256500
v 0.34474799 0.25806701 0.28388199
v 0.34478500 0.25670201 0.28355101
v 0.34359100 0.26055399 0.28419700
v 0.34286249 0.26154602 0.28377751
v 0.34311199 0.25899500 0.28256300
v 0.34393999 0.25754300 0.28355700
v 0.34315878 0.25865650 0.28363875
v 0.32634601 0.22777499 0.26384500
v 0.34234798 0.26340249 0.28412801
v 0.34362850 0.26468450 0.28508800
v 0.33923200 0.26157299 0.28214899
v 0.33891100 0.26125300 0.28316799
v 0.34038800 0.25975499 0.28320301
v 0.33885399 0.26405999 0.28377801
v 0.33890399 0.26690000 0.28403848
v 0.34053999 0.26502699 0.28441599
v 0.33208400 0.27784100 0.28338000
v 0.31835699 0.25949699 0.27468801
v 0.30792901 0.27516100 0.26872900
v 0.32260799 0.29247200 0.27592701
v 0.34291899 0.30353999 0.28204000
v 0.35242501 0.29060301 0.28800201
v 0.36863199 0.30423298 0.28561601
v 0.36110699 0.31307998 0.28094700
v 0.33711499 0.31459799 0.27062500
v 0.35986200 0.31467801 0.27967599
v 0.35350701 0.32424900 0.26808900
v 0.31777400 0.30391800 0.26288399
v 0.33486301 0.32204199 0.25763199
v 0.35234100 0.32653999 0.26396200
v 0.34469199 0.26432699 0.28500348
v 0.34479800 0.26093853 0.28414452
v 0.34427774 0.26316851 0.28492749
v 0.34305400 0.26268798 0.28413549
v 0.34381700 0.26169199 0.28450599
v 0.34276399 0.26004100 0.28387699
v 0.34185952 0.26255450 0.28376800
v 0.34210598 0.26000199 0.28256199
v 0.34176099 0.26105401 0.28386700
v 0.34179401 0.25969100 0.28355199
v 0.34077999 0.26339701 0.28414300
v 0.33993649 0.26449800 0.28373301
v 0.34017399 0.26193401 0.28255901
v 0.34083799 0.26065400 0.28353801
v 0.33987200 0.26163301 0.28351501
v 0.33984399 0.26301399 0.28381899
v 0.33938822 0.25659943 0.28210399
v 0.33868349 0.25558501 0.28161651
v 0.33767921 0.25488940 0.28111479
v 0.33819050 0.25730801 0.28195602
v 0.33710167 0.25717935 0.28159934
v 0.33696848 0.25617450 0.28127497
v 0.33756998 0.25536701 0.28122300
v 0.33890900 0.25670701 0.28199801
v 0.33742934 0.25882435 0.28214267
v 0.33780497 0.25919801 0.28095251
v 0.33544099 0.25710633 0.28106934
v 0.33602700 0.25742000 0.27983248
v 0.33638999 0.25820899 0.28166899
v 0.33474401 0.25799599 0.28109902
v 0.33465263 0.25965843 0.28151619
v 0.33386701 0.25850701 0.28095669
v 0.33557841 0.26046500 0.28201041
v 0.33479524 0.26100150 0.28190100
v 0.33404422 0.26058200 0.28155839
v 0.33361077 0.25991839 0.28124860
v 0.33275336 0.25965768 0.28089666
v 0.32971701 0.24497300 0.27469501
v 0.30295801 0.24986491 0.26015601
v 0.29766399 0.27122200 0.25665399
v 0.30289999 0.29234901 0.25124800
v 0.37261501 0.32769999 0.26387399
v 0.39121100 0.32053900 0.26388898
v 0.37302899 0.31440499 0.27947500
v 0.38482699 0.30919999 0.27948499
v 0.39394400 0.30008000 0.27949500
v 0.40529999 0.30644801 0.26390499
v 0.41245800 0.28785101 0.26391900
v 0.39914599 0.28827998 0.27950498
v 0.34666499 0.21168099 0.25904599
v 0.36747101 0.21267700 0.25445899
v 0.37284100 0.21434399 0.25303501
v 0.38973501 0.22299100 0.24809501
v 0.39712700 0.22854801 0.24572800
v 0.40853199 0.23999099 0.24177399
v 0.41360000 0.24674991 0.23983800
v 0.42234799 0.26451600 0.23576801
v 0.42450401 0.28944299 0.23199090
v 0.41583401 0.31314799 0.23005000
v 0.39795700 0.33103099 0.23002900
v 0.37425300 0.33971000 0.23193200
v 0.34930301 0.33756101 0.23568600
v 0.33154401 0.32882300 0.23974200
v 0.32485601 0.32382101 0.24165399
v 0.31333998 0.31236699 0.24562791
v 0.30794200 0.30522099 0.24792100
v 0.29912201 0.28809500 0.25294599
v 0.29744101 0.28269199 0.25438401
v 0.29647800 0.26172200 0.25902200
v 0.32941300 0.24467100 0.27618599
v 0.33931199 0.23380201 0.27506599
v 0.33864099 0.25390601 0.28274000
v 0.34485501 0.26012400 0.28596899
v 0.35895100 0.31627998 0.28021801
v 0.37264699 0.33065999 0.26146901
v 0.37294900 0.31615499 0.28003699
v 0.39268601 0.32307601 0.26148501
v 0.38564301 0.31068599 0.28004700
v 0.39541900 0.30091301 0.28005800
v 0.37877300 0.29404399 0.28876600
v 0.38557500 0.28743601 0.28809601
v 0.37218699 0.30082300 0.28808501
v 0.36575699 0.30789798 0.28578100
v 0.41542000 0.28788400 0.26151800
v 0.40101299 0.27421600 0.28026998
v 0.40089101 0.28821799 0.28006899
v 0.39266300 0.28099701 0.28579599
v 0.40783599 0.30792400 0.26150200
v 0.41055200 0.24803790 0.25095400
v 0.40521199 0.24905300 0.26278201
v 0.39201501 0.22983000 0.25728300
v 0.39718500 0.25195399 0.27492699
v 0.38325301 0.23244700 0.27000901
v 0.36427999 0.21769100 0.26390201
v 0.38594899 0.25835699 0.28488201
v 0.37054601 0.23915800 0.28065500
v 0.35210899 0.22456400 0.27214900
v 0.35663998 0.24907491 0.28519300
v 0.36056501 0.27583799 0.29055601
v 0.36264700 0.27792001 0.29077899
v 0.37365600 0.26761100 0.28971899
v 0.35233799 0.28892800 0.28969499
v 0.34309000 0.30121499 0.28483501
v 0.32389501 0.28580901 0.28060201
v 0.31719500 0.29850799 0.26993001
v 0.30244800 0.27952501 0.26383200
v 0.30931300 0.26735899 0.27210200
v 0.33380699 0.27190900 0.28516701
v 0.31854701 0.25456700 0.27504301
v 0.33669800 0.31244099 0.27485901
v 0.33381099 0.32045400 0.26269999
v 0.33280900 0.32578099 0.25086600
v 0.31459299 0.30725399 0.25719100
v 0.35991901 0.22317199 0.26878101
v 0.34424499 0.23360901 0.27471599
v 0.38602999 0.29651451 0.28250301
v 0.38592547 0.29409850 0.28275400
v 0.38207048 0.29135701 0.28275350
v 0.38446301 0.29336500 0.28250399
v 0.38127899 0.29204801 0.28250301
v 0.37809998 0.29336399 0.28250000
v 0.37810099 0.29972699 0.28249601
v 0.38446400 0.29972801 0.28250000
v -0.03637386 -0.06698056 0.06816185
v -0.03708430 -0.06773268 0.06703371
v -0.03662008 -0.06722458 0.06956266
v -0.03810484 -0.06867281 0.07069672
v -0.03751886 -0.06812696 0.07007599
v -0.03851923 -0.06914821 0.06717685
v -0.03382948 -0.06449252 0.06884970
v -0.03292743 -0.06363276 0.06858529
v -0.03377699 -0.06444123 0.06528538
v -0.03299465 -0.06365828 0.06696537
v -0.03258056 -0.06321820 0.06626467
v -0.03182570 -0.06250256 0.06819266
v -0.03215043 -0.06282136 0.06694578
v -0.03247418 -0.06317151 0.06519070
v -0.03323329 -0.06396066 0.06551093
v -0.00689073 -0.03784849 0.06793182
v -0.00960234 -0.04091205 0.06819379
v -0.00834176 -0.03908143 0.06882062
v -0.01409074 -0.04537087 0.05829051
v -0.01435090 -0.04557361 0.06297091
v -0.01284177 -0.04396150 0.06660321
v -0.01127038 -0.04209445 0.06843156
v -0.01204675 -0.04321738 0.05463126
v -0.00892497 -0.03990366 0.05335221
v -0.00446421 -0.03593731 0.06390696
v -0.00591598 -0.03685292 0.05492187
v -0.00400206 -0.03511101 0.05903514
v -0.00482176 -0.03585603 0.05655838
v -0.00555372 -0.03642873 0.06684727
v -0.00466499 -0.03558847 0.06538433
v -0.00384635 -0.03479078 0.06269371
v -0.00372711 -0.03466603 0.06054794
v -0.06274718 -0.08496631 0.08945996
v -0.05949508 -0.08724809 0.08898292
v -0.06064283 -0.08792755 0.08902767
v -0.06491005 -0.08420580 0.08925890
v -0.06415206 -0.08575308 0.08924388
v -0.06657898 -0.08375937 0.08931547
v -0.06513106 -0.08278328 0.08969229
v -0.06888072 -0.08012441 0.08917911
v -0.09681687 -0.12465408 0.07172324
v -0.09645921 -0.12589973 0.07242598
v -0.09601116 -0.12350490 0.07142359
v -0.09488666 -0.12426500 0.07186055
v -0.09593808 -0.12610300 0.07345795
v -0.09491426 -0.12518790 0.07343786
v -0.09397369 -0.12427900 0.07295548
v -0.12917432 -0.14120331 0.10947534
v -0.12721899 -0.13961750 0.11291649
v -0.13108784 -0.14354022 0.10652283
v -0.13169169 -0.14371368 0.10163312
v -0.13197200 -0.14399090 0.09713358
v -0.13056199 -0.14257802 0.09319464
v -0.12650938 -0.13852078 0.08682324
v -0.12910689 -0.14111900 0.08914757
v -0.10992900 -0.12193600 0.07389837
v -0.11030310 -0.12264036 0.07293805
v -0.12409650 -0.13613145 0.11420368
v -0.12100491 -0.13304099 0.11536100
v -0.11800759 -0.13004401 0.11410050
v -0.11497100 -0.12700699 0.11264201
v -0.11302093 -0.12505531 0.10929300
v -0.10619742 -0.11842163 0.10376052
v -0.09309135 -0.10557361 0.10019184
v -0.09387410 -0.10590601 0.09904540
v -0.07554243 -0.08686696 0.09173682
v -0.07551929 -0.08684260 0.09029399
v -0.07471638 -0.08604049 0.09099376
v -0.06939770 -0.08072101 0.08788296
v -0.06779204 -0.09518407 0.09136255
v -0.06682508 -0.09603518 0.09078770
v -0.06843144 -0.09628210 0.09191906
v -0.06786460 -0.09723730 0.09136459
v -0.06768073 -0.09776258 0.09020903
v -0.06657320 -0.09669149 0.08952294
v -0.06997275 -0.09141737 0.09109126
v -0.06418740 -0.09147149 0.09016698
v -0.07197278 -0.08899319 0.09102499
v -0.07054388 -0.09270560 0.09196196
v -0.07140070 -0.09071350 0.09134930
v -0.07269227 -0.09023410 0.09211075
v -0.05852258 -0.08786117 0.08835543
v -0.05980527 -0.08898705 0.08851969
v -0.05843972 -0.08848363 0.08718656
v -0.05955809 -0.08964199 0.08724529
v -0.06306260 -0.09316295 0.08838278
v -0.05122745 -0.08240306 0.06183476
v -0.08278219 -0.11294000 0.09519410
v -0.05387586 -0.08388966 0.08582085
v -0.04919356 -0.07919139 0.08430618
v -0.04935336 -0.07866948 0.08543807
v -0.05469954 -0.08250737 0.08757287
v -0.05001676 -0.07780677 0.08606636
v -0.06332129 -0.08224380 0.08998465
v -0.03768903 -0.06546658 0.08210068
v -0.01316303 -0.03219056 0.07385736
v -0.02727288 -0.05509013 0.07874989
v -0.01807343 -0.04596894 0.07579046
v -0.00869915 -0.03673086 0.07277037
v -0.01347595 -0.02338898 0.07118576
v -0.01757769 -0.02749225 0.07473905
v -0.02557353 -0.03548782 0.07731128
v -0.02675217 -0.03724539 0.07722365
v -0.02707767 -0.03921473 0.07757186
v -0.02717301 -0.04028109 0.07828889
v -0.02781157 -0.04126116 0.07853237
v -0.04450367 -0.05795233 0.08381797
v -0.06777138 -0.07768309 0.09032770
v -0.04546540 -0.05857193 0.08416496
v -0.04662062 -0.05875739 0.08440495
v -0.04858084 -0.05907404 0.08479831
v -0.05021589 -0.06012900 0.08536265
v -0.00811559 -0.03616362 0.07254147
v -0.00603241 -0.03414547 0.07115715
v -0.00356233 -0.03172320 0.06774097
v -0.01040835 -0.02031805 0.06593443
v -0.00252837 -0.03070098 0.06474937
v -0.00999496 -0.01989924 0.05901373
v -0.00211263 -0.03028446 0.06140530
v -0.00277924 -0.03092151 0.05634313
v -0.01210767 -0.02200627 0.05294275
v -0.00465792 -0.03274744 0.05242735
v -0.01563376 -0.02552763 0.04837750
v -0.00664504 -0.03467033 0.05035738
v -0.02661561 -0.05595386 0.07812649
v -0.00790826 -0.03742003 0.07211615
v -0.00769607 -0.03792003 0.07103795
v -0.01725709 -0.04735136 0.07407689
v -0.02645577 -0.05647872 0.07700187
v -0.00721216 -0.03764665 0.06967425
v -0.00979877 -0.04035240 0.06917446
v -0.02632260 -0.05742293 0.05736886
v -0.00621671 -0.03642764 0.05178808
v -0.00598103 -0.03640228 0.05320638
v -0.03686970 -0.06685595 0.08033478
v -0.03801633 -0.06887565 0.06878757
v -0.03940444 -0.07011781 0.06354204
v -0.04078859 -0.07175230 0.06723999
v -0.04252603 -0.07313826 0.07106706
v -0.04340475 -0.07339048 0.08243740
v -0.04779172 -0.07853192 0.06672969
v -0.04633200 -0.07746046 0.06362730
v -0.04554456 -0.07661479 0.06594008
v -0.04362829 -0.07428548 0.06513548
v -0.04291427 -0.07387530 0.06810015
v -0.03792769 -0.06866038 0.06717757
v -0.03742069 -0.06848679 0.06285637
v -0.03575845 -0.06648912 0.06597126
v -0.03583976 -0.06657572 0.06219419
v -0.03511470 -0.06600409 0.06739485
v -0.03509535 -0.06570683 0.06929963
v -0.03437525 -0.06548905 0.05906605
v -0.03336512 -0.06427456 0.05633915
v -0.06883834 -0.07874959 0.09006977
v -0.06957724 -0.07948697 0.08847585
v -0.07035100 -0.08025985 0.08782410
v -0.07606776 -0.08597656 0.08979974
v -0.07627635 -0.08637452 0.09097362
v -0.09331035 -0.12078200 0.06920850
v -0.09953011 -0.11899501 0.07102239
v -0.09048153 -0.11798475 0.06687555
v -0.09511489 -0.11454101 0.06739985
v -0.08968712 -0.11750425 0.06578992
v -0.08837493 -0.11776940 0.06584833
v -0.08948117 -0.11882400 0.06743586
v -0.08738565 -0.11749999 0.06647056
v -0.08781589 -0.11803790 0.06762588
v -0.08856767 -0.11883300 0.06853878
v -0.10079201 -0.12046400 0.07107526
v -0.10568400 -0.11556800 0.07084190
v -0.10494300 -0.11482700 0.07118368
v -0.10418500 -0.11406991 0.07091659
v -0.10642600 -0.11631000 0.07050055
v -0.10736301 -0.11724702 0.07091358
v -0.10250901 -0.12149300 0.07107108
v -0.10943797 -0.12117349 0.07282531
v -0.10906694 -0.12001200 0.07214868
v -0.10868510 -0.11884046 0.07149243
v -0.09763861 -0.12561400 0.07198578
v -0.12213001 -0.14221902 0.08765530
v -0.11769225 -0.14576101 0.08842108
v -0.11898200 -0.14703099 0.08964258
v -0.12032100 -0.14835200 0.09149390
v -0.12163601 -0.14964999 0.09444946
v -0.12244600 -0.15044700 0.09894508
v -0.12167801 -0.14967100 0.10516889
v -0.11825700 -0.14625300 0.11084999
v -0.11403390 -0.14204200 0.11291900
v -0.11076400 -0.13878891 0.11251900
v -0.10848400 -0.13652800 0.11117100
v -0.10697000 -0.13503499 0.10961500
v -0.10942500 -0.12953401 0.10877900
v -0.10588907 -0.13397695 0.10800866
v -0.10974915 -0.12204521 0.10591350
v -0.10278900 -0.13089301 0.10416500
v -0.09888805 -0.12700252 0.10179607
v -0.09816106 -0.12772378 0.10118835
v -0.08361238 -0.11158000 0.09687376
v -0.10242700 -0.12254889 0.10265601
v -0.07296287 -0.09190869 0.09308827
v -0.09326255 -0.10508801 0.09881907
v -0.09292066 -0.10416500 0.09862429
v -0.09234059 -0.10260000 0.09828680
v -0.09131056 -0.10122101 0.09790015
v -0.07742458 -0.08733588 0.09343308
v -0.07654178 -0.08645260 0.09254796
v -0.09813889 -0.12842692 0.10021107
v -0.10217001 -0.13352202 0.09140891
v -0.05419746 -0.08417381 0.03935589
v -0.10324100 -0.13125800 0.07658678
v -0.10868791 -0.13675301 0.08106416
v -0.10774801 -0.13726802 0.08157449
v -0.10154900 -0.13175100 0.07804197
v -0.10700601 -0.13724999 0.08250027
v -0.09127039 -0.12155500 0.07074666
v -0.10813528 -0.11821707 0.07031260
v -0.10001799 -0.10990200 0.06751245
v -0.09947580 -0.10935900 0.06671506
v -0.09931576 -0.10919800 0.06563866
v -0.09915472 -0.10903601 0.06455975
v -0.09861308 -0.10849400 0.06376498
v -0.06516149 -0.07503000 0.03590245
v -0.03704593 -0.04692153 0.03397703
v -0.02943314 -0.03931592 0.03988803
v -0.02297625 -0.03286466 0.04453762
v -0.02928722 -0.03917046 0.04084459
v -0.01112925 -0.02154235 0.05203692
v -0.01272531 -0.02305529 0.07222763
v -0.02632030 -0.03711393 0.07839072
v -0.02662904 -0.03899786 0.07872113
v -0.09429496 -0.11393000 0.06575119
v -0.08909779 -0.11701702 0.06497639
v -0.09395235 -0.11290699 0.06406700
v -0.07217925 -0.10001100 0.05110543
v -0.05579574 -0.08356183 0.03768493
v -0.05491804 -0.08420544 0.03832605
v -0.06037575 -0.07924556 0.03659838
v -0.04614394 -0.07730298 0.05934095
v -0.04555040 -0.07549417 0.03459572
v -0.04531889 -0.07600675 0.06060458
v -0.04329240 -0.07443886 0.05992275
v -0.04174657 -0.07240992 0.05924495
v -0.04085618 -0.07199865 0.05764710
v -0.03995466 -0.07108390 0.05541807
v -0.03865769 -0.06938794 0.05174461
v -0.02847641 -0.04001611 0.04070972
v -0.02756642 -0.04098833 0.04063050
v -0.02604303 -0.04249709 0.04068329
v -0.02514759 -0.04344929 0.04068797
v -0.02417116 -0.04439367 0.04082708
v -0.02313943 -0.04567007 0.04072206
v -0.02232674 -0.04694394 0.04063400
v -0.03284037 -0.05173403 0.03489220
v -0.02855913 -0.05636523 0.03592304
v -0.01552021 -0.04021176 0.04509774
v -0.02788019 -0.05569249 0.03636956
v -0.02813535 -0.05744427 0.03639680
v -0.02731430 -0.05664151 0.03694296
v -0.02747499 -0.05749203 0.03787409
v -0.02224056 -0.03404443 0.04475240
v -0.02139222 -0.03502198 0.04474982
v -0.02697598 -0.04147413 0.04086386
v -0.02378806 -0.03861443 0.04272394
v -0.02394288 -0.04020226 0.04200505
v -0.02266864 -0.04120026 0.04234435
v -0.02153424 -0.04066980 0.04294416
v -0.01847220 -0.03784673 0.04481035
v -0.01967975 -0.03676247 0.04477661
v -0.02147773 -0.03908630 0.04331188
v -0.02258263 -0.03812792 0.04307092
v -0.02036887 -0.03593936 0.04474963
v -0.01711962 -0.03909192 0.04488165
v -0.01637944 -0.03969729 0.04494989
v -0.02089190 -0.03492796 0.04457819
v -0.11677416 -0.14628601 0.08893384
v -0.11593393 -0.14618301 0.08979663
v -0.11161900 -0.14188300 0.08627015
v -0.04691648 -0.07464808 0.03282326
v -0.05613005 -0.06599745 0.03099462
v -0.03763878 -0.06538158 0.03225076
v -0.04641139 -0.05628117 0.03039178
v -0.03693670 -0.06620675 0.03288722
v -0.02813279 -0.05814415 0.03744560
v -0.03668361 -0.06663805 0.03404486
v -0.04605650 -0.07531906 0.03345435
v -0.00711805 -0.03513318 0.05001938
v -0.00630695 -0.03580191 0.05075395
v -0.00364327 -0.03321743 0.06829160
v -0.00560230 -0.03589224 0.06976658
v -0.00344759 -0.03377908 0.06682998
v -0.00184452 -0.03142350 0.06221652
v -0.00218570 -0.03252619 0.06134629
v -0.00441521 -0.03468441 0.05359596
v -0.00271040 -0.03226792 0.05574667
v -0.00277251 -0.03308755 0.05696797
v -0.09062062 -0.10081720 0.09895255
v -0.09153417 -0.10213044 0.09939614
v -0.09209616 -0.10360983 0.09972850
v -0.09250647 -0.10462551 0.09989182
v -0.10228900 -0.13184200 0.10366800
v -0.10550161 -0.13503240 0.10766139
v -0.10233100 -0.13260899 0.10276800
v -0.10569528 -0.13596039 0.10692508
v -0.10771501 -0.13882200 0.10251099
v -0.10667900 -0.13692300 0.10837600
v -0.10800201 -0.13822700 0.10972201
v -0.10998800 -0.14019699 0.11088500
v -0.11283401 -0.14302801 0.11122500
v -0.11014400 -0.14152999 0.09822617
v -0.11650600 -0.14668891 0.10942000
v -0.11948301 -0.14966400 0.10448000
v -0.11286499 -0.14396299 0.09395200
v -0.12015500 -0.15034300 0.09906607
v -0.11945701 -0.14965700 0.09515088
v -0.11831800 -0.14853200 0.09257256
v -0.11715700 -0.14738700 0.09095340
v -0.10982199 -0.13931000 0.11180901
v -0.03754747 -0.06833179 0.05745640
v -0.03507887 -0.06620456 0.05680387
v -0.03902198 -0.06962532 0.05500738
v -0.04055399 -0.07117973 0.05878958
v -0.03962431 -0.07076263 0.05713871
v -0.03839993 -0.06953450 0.05688760
v -0.03842529 -0.06909089 0.05798976
v -0.03923380 -0.07037019 0.05838549
v -0.04240323 -0.07302804 0.06079353
v -0.04469960 -0.07546867 0.06169182
v -0.04332923 -0.07446557 0.06124180
v -0.04277056 -0.07388877 0.06229937
v -0.04361287 -0.07429172 0.06382656
v -0.04458951 -0.07568836 0.06427645
v -0.04513561 -0.07625997 0.06319797
v -0.04600231 -0.07663689 0.06472439
v -0.04276689 -0.07344463 0.06481014
v -0.04221915 -0.07284527 0.06783485
v -0.04231089 -0.07332730 0.06632226
v -0.04149985 -0.07256287 0.06440246
v -0.04066070 -0.07128308 0.06400085
v -0.04123675 -0.07225358 0.06590080
v -0.04114029 -0.07185295 0.06033145
v -0.04242492 -0.07303913 0.06336388
v -0.04155170 -0.07266807 0.06183660
v -0.03972089 -0.07084995 0.05987185
v -0.03878950 -0.06941260 0.05942288
v -0.03998850 -0.07068568 0.06245542
v -0.04097723 -0.07207018 0.06290537
v -0.03915745 -0.07027125 0.06092715
v -0.03754210 -0.06823166 0.05896243
v -0.03881549 -0.06942912 0.06199485
v -0.03794240 -0.06905597 0.06046533
v -0.03614264 -0.06726729 0.05851382
v -0.03523290 -0.06587296 0.05807728
v -0.03641561 -0.06716337 0.06110999
v -0.03739523 -0.06848877 0.06154710
v -0.03560847 -0.06672167 0.05957818
v -0.03790140 -0.06902086 0.05470675
v -0.02647353 -0.05818812 0.03550695
v -0.03117138 -0.06305080 0.03332370
v -0.03569024 -0.06723195 0.03155022
v -0.02678374 -0.05761872 0.03495605
v -0.03153425 -0.06235265 0.03247112
v -0.03714644 -0.06795549 0.03107506
v -0.04511381 -0.07665240 0.03213709
v -0.04731786 -0.07812327 0.03242439
v -0.05402869 -0.08545151 0.03702173
v -0.04662120 -0.07848840 0.03328478
v -0.03666543 -0.06853611 0.03196334
v -0.10384349 -0.13565518 0.10848287
v -0.10065190 -0.13245037 0.10454001
v -0.10400395 -0.13494852 0.10887925
v -0.10088200 -0.13182999 0.10498300
v -0.09674009 -0.12859017 0.10217986
v -0.09706491 -0.12801747 0.10274361
v -0.11684600 -0.14881100 0.08913871
v -0.11613776 -0.14791504 0.08805717
v -0.11345001 -0.14626902 0.09153008
v -0.11757300 -0.14953600 0.08998328
v -0.11822900 -0.15018991 0.09091836
v -0.11955822 -0.15125966 0.09254900
v -0.11982701 -0.15178500 0.09439688
v -0.11118901 -0.14452200 0.09486508
v -0.12049501 -0.15245301 0.10224000
v -0.10908290 -0.14259090 0.09822218
v -0.11840500 -0.15036701 0.10848000
v -0.11439501 -0.14636201 0.11240800
v -0.10715000 -0.14048900 0.10157999
v -0.11112000 -0.14309099 0.11319400
v -0.10539790 -0.13823099 0.10491500
v -0.10880300 -0.14077701 0.11275801
v -0.10756354 -0.13928461 0.11249854
v -0.10610600 -0.13808499 0.11109000
v -0.10507945 -0.13706151 0.11000899
v -0.10445200 -0.13643689 0.10919900
v -0.11150201 -0.14347400 0.08465759
v -0.10727642 -0.13879853 0.08050458
v -0.11681227 -0.14773545 0.08764998
v -0.11230589 -0.14323400 0.08396816
v -0.12169801 -0.14360102 0.08649259
v -0.08041930 -0.11127500 0.05787885
v -0.10108601 -0.13456200 0.09144896
v -0.05016459 -0.08346200 0.06183630
v -0.04812166 -0.07965931 0.08667102
v -0.07269877 -0.10358600 0.09490627
v -0.03619885 -0.06704938 0.08316540
v -0.10131200 -0.12324200 0.10396399
v -0.01203382 -0.03289484 0.07517760
v -0.02728015 -0.04147315 0.07944859
v -0.01707100 -0.02769953 0.07566857
v -0.02653872 -0.04032760 0.07915937
v -0.02505517 -0.03568315 0.07823699
v -0.04395735 -0.05814933 0.08481347
v -0.04510051 -0.05888652 0.08513027
v -0.04645555 -0.05910044 0.08541530
v -0.04822611 -0.05937922 0.08577096
v -0.04971975 -0.06034666 0.08617139
v -0.11204899 -0.12481600 0.10999300
v -0.07230508 -0.10424700 0.09407079
v -0.02559131 -0.05707784 0.07945888
v -0.04193586 -0.07384616 0.08426600
v -0.03580886 -0.06771969 0.08229506
v -0.03778690 -0.07104487 0.05723232
v -0.03144145 -0.06468141 0.05671381
v -0.01963490 -0.04176592 0.04118169
v -0.01625120 -0.04711717 0.04189240
v -0.00515389 -0.03641658 0.04924866
v -0.00998264 -0.03082239 0.04782944
v -0.01494950 -0.02555567 0.04738140
v -0.01877099 -0.03952378 0.04205787
v -0.01980620 -0.03698211 0.04225516
v -0.02219647 -0.03581655 0.04167217
v -0.02440786 -0.03662490 0.04063820
v -0.03644084 -0.04702896 0.03322196
v -0.02523219 -0.03887099 0.03966575
v -0.02416628 -0.04133880 0.03938233
v -0.02180147 -0.04253709 0.04006457
v -0.03148919 -0.05227905 0.03366768
v -0.04595983 -0.05654120 0.02940118
v -0.05593281 -0.06651186 0.03001993
v -0.05989943 -0.08067655 0.03542913
v -0.06517225 -0.07575297 0.03500396
v -0.10865001 -0.11949100 0.07062768
v -0.10225798 -0.11447202 0.06598830
v -0.10899600 -0.12055501 0.07121199
v -0.10941500 -0.12185000 0.07192987
v -0.10298999 -0.11662699 0.06720846
v -0.12648000 -0.13922201 0.08600246
v -0.10178800 -0.11896000 0.06785696
v -0.09927678 -0.12001100 0.06757169
v -0.10009200 -0.11370700 0.06483167
v -0.09762519 -0.11479500 0.06445586
v -0.09638209 -0.11713000 0.06521439
v -0.09708976 -0.11921802 0.06651049
v -0.00498041 -0.03694244 0.04986974
v -0.01597899 -0.04790025 0.04266417
v -0.04409426 -0.07737128 0.05895936
v -0.07958835 -0.11149999 0.05861794
v -0.11647589 -0.12924401 0.11464401
v -0.12205701 -0.13482399 0.11576401
v -0.13211600 -0.14486700 0.09904939
v -0.13043989 -0.14318599 0.09143966
v -0.00946820 -0.02009159 0.06625097
v -0.00891459 -0.01953220 0.05884432
v -0.00670938 -0.03852504 0.07322661
v -0.00578546 -0.03865689 0.06724339
v -0.00543529 -0.03742563 0.07243740
v -0.00447112 -0.03646767 0.07178896
v -0.00293837 -0.03469330 0.07055912
v -0.00144535 -0.03345292 0.06784629
v -0.00520080 -0.03836745 0.06144577
v -0.00000065 -0.03203086 0.06221373
v -0.00491583 -0.03777796 0.05564814
v -0.00059245 -0.03258883 0.05649542
v -0.00165218 -0.03339257 0.05342994
v -0.00296563 -0.03494375 0.05173367
v -0.00406741 -0.03603712 0.05058684
v -0.10016000 -0.11711401 0.06850945
v -0.09895546 -0.11753601 0.06849278
v -0.09791207 -0.11712901 0.06805140
v -0.09759335 -0.11617999 0.06738346
v -0.09820175 -0.11515500 0.06690925
v -0.10073000 -0.11607100 0.06813460
v -0.10038202 -0.11507301 0.06754446
v -0.09936600 -0.11469601 0.06701505
v -0.00191528 -0.03286248 0.05293840
v -0.00059778 -0.03155642 0.05621320
v 0.00000068 -0.03152502 0.05922188
v 0.00000201 -0.03096956 0.06228959
v 0.00000312 -0.03199252 0.06543063
v -0.00150561 -0.03247708 0.06827540
v -0.00328523 -0.03425014 0.07108730
v -0.00471473 -0.03566998 0.07248067
v -0.00698589 -0.03792054 0.07375485
v -0.00573862 -0.03668570 0.07317948
v -0.00311202 -0.03404748 0.05113875
v -0.00401294 -0.03493988 0.05014747
v -0.00463891 -0.03555965 0.04959148
v -0.02526009 -0.05848240 0.05737037
v -0.01614606 -0.04808902 0.07600259
v -0.01653790 -0.04742550 0.07683968
v -0.11770801 -0.14862700 0.08849027
v -0.11848200 -0.14939800 0.08938360
v -0.11917900 -0.15009300 0.09037315
v -0.12000601 -0.15091690 0.09185546
v -0.12088101 -0.15178999 0.09406119
v -0.12159500 -0.15250300 0.10238801
v -0.11937801 -0.15029000 0.10901700
v -0.11511800 -0.14603500 0.11318900
v -0.11163901 -0.14256100 0.11402000
v -0.10917901 -0.14010391 0.11355400
v -0.10749101 -0.13842089 0.11269100
v -0.10631700 -0.13724890 0.11177600
v -0.10550900 -0.13644500 0.11096200
v -0.10475695 -0.13569601 0.11002501
v -0.10778200 -0.12970901 0.10962800
v -0.12118601 -0.15279202 0.09920710
v -0.12019900 -0.15181100 0.10593401
v -0.11704901 -0.14866599 0.11117100
v -0.11251102 -0.14413202 0.11362900
v -0.11492001 -0.14439490 0.11187302
v -0.11920100 -0.14867000 0.10795700
v -0.12124401 -0.15071201 0.10135601
v -0.12037500 -0.14985099 0.09425907
v -0.01694339 -0.04703485 0.04476839
v -0.01751554 -0.04540807 0.04318690
v -0.01130217 -0.03031200 0.04905825
v -0.01875180 -0.03625679 0.04452586
v -0.07045006 -0.10048600 0.05263406
v -0.09753666 -0.11655231 0.06921083
v -0.09737039 -0.11489052 0.06846487
v -0.09862731 -0.11408307 0.06864952
v -0.09988213 -0.11474065 0.06943078
v -0.09976296 -0.11615299 0.06995842
v -0.09884930 -0.11693600 0.06990408
v -0.15185621 0.04845349 0.06807552
v -0.15205951 0.04823859 0.06956334
v -0.15260905 0.04776160 0.06706563
v -0.15427428 0.04612796 0.06708878
v -0.15355454 0.04683176 0.06722071
v -0.15330948 0.04699006 0.07033564
v -0.14867121 0.05175288 0.06510878
v -0.14826117 0.05205561 0.06589087
v -0.14910477 0.05129641 0.06562480
v -0.14928520 0.05105567 0.06884000
v -0.14873025 0.05168958 0.06698216
v -0.14790520 0.05244046 0.06687847
v -0.14849122 0.05193631 0.06859044
v -0.13041596 0.07051598 0.06296586
v -0.13025765 0.07068739 0.05823475
v -0.12878163 0.07208727 0.06655171
v -0.12269356 0.07795843 0.06791978
v -0.12393650 0.07650729 0.06879923
v -0.12551662 0.07518502 0.06858318
v -0.12694199 0.07359012 0.06840768
v -0.12807636 0.07278810 0.05460599
v -0.12496838 0.07603695 0.05375896
v -0.12078398 0.08038200 0.06390665
v -0.12169866 0.07893292 0.05489371
v -0.12094815 0.07999789 0.05677874
v -0.12010168 0.08080329 0.05906890
v -0.11942701 0.08101665 0.05890399
v -0.12029501 0.08009189 0.05620081
v -0.11951496 0.08112133 0.06054693
v -0.11963800 0.08100036 0.06269302
v -0.12038580 0.08019111 0.06541088
v -0.12125634 0.07929228 0.06686061
v -0.18095726 0.01651907 0.09181991
v -0.18208928 0.01696993 0.09136751
v -0.17988294 0.01712344 0.09130587
v -0.18087891 0.01801759 0.09078557
v -0.18253623 0.01723886 0.09014327
v -0.18153600 0.01827085 0.08952158
v -0.17754900 0.01429677 0.09195418
v -0.17555800 0.01344007 0.09133918
v -0.17626201 0.01486814 0.09108287
v -0.17383800 0.01286751 0.09101295
v -0.17507902 0.01214766 0.09209919
v -0.17159653 0.00933452 0.09129146
v -0.20242496 -0.00490202 0.06593622
v -0.20258693 -0.00344948 0.06576784
v -0.20293200 -0.00574189 0.06699126
v -0.20369302 -0.00461239 0.06743389
v -0.20236990 -0.00251651 0.06646925
v -0.20290700 -0.00294739 0.06762456
v -0.20370102 -0.00369984 0.06853747
v -0.22605135 -0.04433276 0.10945934
v -0.22835051 -0.04626283 0.10643899
v -0.22454131 -0.04239906 0.11290407
v -0.22098023 -0.03926714 0.11423094
v -0.21788201 -0.03617018 0.11534500
v -0.21490866 -0.03319671 0.11400867
v -0.20987453 -0.02816023 0.10930444
v -0.21184801 -0.03013604 0.11262600
v -0.19075100 -0.00903487 0.09902936
v -0.19038497 -0.00830433 0.10012020
v -0.20329224 -0.02122826 0.10407037
v -0.22853746 -0.04681125 0.10161439
v -0.22885001 -0.04711997 0.09711748
v -0.22748800 -0.04575596 0.09313343
v -0.22598399 -0.04424840 0.08913159
v -0.22332066 -0.04158398 0.08696803
v -0.20755789 -0.02542140 0.07288598
v -0.20680702 -0.02506488 0.07388240
v -0.17138208 0.00921296 0.08984148
v -0.16578600 0.01522350 0.08933639
v -0.16581400 0.01519668 0.08780699
v -0.16491750 0.01590067 0.08877241
v -0.17203856 0.02540460 0.08897579
v -0.16980992 0.02209335 0.08945220
v -0.17276448 0.02421027 0.08902131
v -0.16860400 0.01826125 0.08930356
v -0.16904999 0.01993036 0.08924865
v -0.16451100 0.01649785 0.08981926
v -0.16762701 0.01970869 0.08968079
v -0.17059700 0.02068889 0.08923561
v -0.17631499 0.02065438 0.09016329
v -0.17383002 0.02503706 0.08851746
v -0.17275228 0.02626984 0.08835690
v -0.17330557 0.02642471 0.08718841
v -0.17448601 0.02528566 0.08724385
v -0.17800801 0.02178126 0.08838140
v -0.21321332 -0.01323457 0.10018767
v -0.19778502 0.00206226 0.09519267
v -0.21265346 -0.01340151 0.10121652
v -0.21177930 -0.01397678 0.10176947
v -0.20692402 -0.02520761 0.10552196
v -0.21573700 -0.01794600 0.10416201
v -0.21880764 -0.02103703 0.10798637
v -0.20739400 -0.01758569 0.10264599
v -0.19642290 0.00123018 0.09687060
v -0.17675200 0.01187676 0.09307790
v -0.17218100 0.00741345 0.09341526
v -0.17129798 0.00829673 0.09253018
v -0.17113724 0.00845830 0.09088859
v -0.17062300 0.00897360 0.08958088
v -0.16486429 0.01473180 0.08786491
v -0.18993302 -0.00842339 0.09880286
v -0.18901101 -0.00808155 0.09860765
v -0.18744500 -0.00750172 0.09826940
v -0.18606700 -0.00647175 0.09788239
v -0.11854591 0.06255456 0.04464920
v -0.11918343 0.06287042 0.04472716
v -0.11799598 0.06162077 0.04471354
v -0.20565191 -0.00844240 0.06920498
v -0.20858997 -0.01128196 0.07151661
v -0.20913200 -0.01001960 0.07185858
v -0.20642300 -0.00640333 0.07074546
v -0.16726494 0.03363466 0.06183403
v -0.20914599 -0.00910771 0.07295429
v -0.21837601 -0.01731580 0.09140861
v -0.22211191 -0.02214336 0.08249895
v -0.21005490 -0.01004827 0.07343667
v -0.21661600 -0.01668459 0.07804065
v -0.21096900 -0.01107186 0.07345670
v -0.22213198 -0.02288526 0.08157259
v -0.21075344 -0.01157850 0.07241903
v -0.22161791 -0.02382487 0.08106106
v -0.21612501 -0.01837515 0.07658380
v -0.23062010 -0.03282985 0.08841643
v -0.22708200 -0.03727090 0.08764575
v -0.23189200 -0.03412270 0.08963960
v -0.23321100 -0.03546243 0.09149086
v -0.23450799 -0.03677928 0.09444648
v -0.23530102 -0.03759264 0.09894199
v -0.21036199 -0.01265980 0.07191994
v -0.23452000 -0.03683000 0.10516601
v -0.23109600 -0.03341460 0.11084690
v -0.22688201 -0.02919477 0.11291600
v -0.22362800 -0.02592521 0.11251600
v -0.22136800 -0.02364546 0.11116800
v -0.21987499 -0.02213037 0.10961200
v -0.21437700 -0.02458685 0.10877000
v -0.20636399 -0.01764196 0.07106065
v -0.20118201 -0.02156049 0.07048291
v -0.20215479 -0.02253309 0.07092508
v -0.20371196 -0.02381950 0.07147485
v -0.20488401 -0.02420194 0.07213177
v -0.20606536 -0.02459355 0.07277519
v -0.20954399 -0.01195788 0.07172107
v -0.20043990 -0.02081871 0.07082408
v -0.20533401 -0.01592576 0.07106548
v -0.18536100 0.01442492 0.05263257
v -0.16893184 0.03080636 0.03925395
v -0.16905567 0.02999536 0.03829733
v -0.16216590 0.03871840 0.05934011
v -0.16340202 0.03707800 0.06672886
v -0.16232000 0.03852719 0.06362670
v -0.16089703 0.03957106 0.06060346
v -0.15686099 0.04400599 0.05764687
v -0.15930000 0.04156851 0.05992192
v -0.15724526 0.04308793 0.05924400
v -0.16403501 0.03564924 0.08430469
v -0.16147199 0.03931248 0.06593948
v -0.15823399 0.04143762 0.08243590
v -0.15915324 0.04123898 0.06513453
v -0.15873000 0.04194015 0.06809949
v -0.15795629 0.04229119 0.07106613
v -0.15660700 0.04406589 0.06723928
v -0.15495136 0.04542888 0.06354111
v -0.16037700 0.03933149 0.03459423
v -0.15151800 0.04819567 0.03404337
v -0.15594800 0.04490906 0.05541723
v -0.15419154 0.04614526 0.05174361
v -0.15388501 0.04696238 0.05470621
v -0.15320623 0.04732220 0.05744445
v -0.15108056 0.04976786 0.05680870
v -0.14911406 0.05151740 0.05628511
v -0.14281450 0.05694794 0.03757870
v -0.14232990 0.05674273 0.03640449
v -0.14220490 0.05756114 0.03797882
v -0.14151698 0.05755984 0.03694117
v -0.14124131 0.05631581 0.03591989
v -0.14056800 0.05699414 0.03636628
v -0.13181897 0.06254359 0.04062719
v -0.13027501 0.06735008 0.04318368
v -0.11991151 0.07782087 0.05007308
v -0.12059417 0.07861645 0.05080040
v -0.12130064 0.07862263 0.05177391
v -0.13190100 0.06792169 0.04476696
v -0.12506664 0.06933685 0.04509076
v -0.13661300 0.05203409 0.03488177
v -0.14228092 0.05853522 0.05736805
v -0.14973800 0.05093521 0.06531709
v -0.15034799 0.05048387 0.05906559
v -0.15062761 0.04964364 0.06931778
v -0.15085700 0.04973787 0.06739419
v -0.15134110 0.04911301 0.06596653
v -0.15146247 0.04904656 0.06219357
v -0.15169902 0.04797251 0.08033329
v -0.15016399 0.05032068 0.06938087
v -0.16850373 0.02902775 0.03772932
v -0.19778000 -0.00908267 0.06405657
v -0.16413100 0.02450585 0.03658789
v -0.20188800 -0.00422752 0.06497317
v -0.18488801 0.01269686 0.05110234
v -0.19336903 -0.01374447 0.06374728
v -0.19391102 -0.01428633 0.06454206
v -0.19880190 -0.00942630 0.06574130
v -0.19407198 -0.01444840 0.06562095
v -0.15999036 0.01964708 0.03570749
v -0.20386502 -0.01466417 0.07101237
v -0.19941202 -0.01024729 0.06738990
v -0.20146573 -0.01269236 0.06922710
v -0.19976199 -0.01250356 0.06845334
v -0.19894847 -0.01383882 0.06866577
v -0.19477500 -0.01515239 0.06749469
v -0.19894089 -0.01932013 0.07089889
v -0.19961812 -0.01501951 0.06942113
v -0.20102349 -0.01489681 0.06994592
v -0.20180599 -0.01398307 0.06989300
v -0.18947652 -0.00764896 0.09989043
v -0.18845700 -0.00723401 0.09972558
v -0.18696630 -0.00671911 0.09936131
v -0.18565790 -0.00578943 0.09892752
v -0.16359501 0.01599967 0.09005205
v -0.16252699 0.01706624 0.09030997
v -0.14503396 0.03474826 0.08553931
v -0.16422100 0.01537448 0.08880341
v -0.12407854 0.05554347 0.04055414
v -0.12488923 0.05638469 0.04070005
v -0.12001171 0.06358279 0.04473627
v -0.12581089 0.05736452 0.04076932
v -0.12661108 0.05810658 0.04071610
v -0.12741679 0.05888771 0.04072108
v -0.12830970 0.05971378 0.04069839
v -0.12901464 0.06043239 0.04077647
v -0.12995656 0.06129781 0.04078918
v -0.12418899 0.05543393 0.03980250
v -0.13071579 0.06190901 0.04074876
v -0.12817600 0.05906260 0.03986746
v -0.13186346 0.04776653 0.03414474
v -0.19423200 -0.01460903 0.06669735
v -0.19969898 -0.02007800 0.07116597
v -0.11037073 0.06963775 0.04769943
v -0.11739953 0.06221760 0.04427634
v -0.10639417 0.07366697 0.05204523
v -0.10686400 0.07274306 0.05292499
v -0.10461061 0.07518885 0.05893931
v -0.10516219 0.07465924 0.06597748
v -0.10790567 0.07214963 0.07223523
v -0.10823201 0.07136040 0.07116800
v -0.11236668 0.06722402 0.07451490
v -0.12033799 0.05925322 0.07724967
v -0.12195528 0.05851436 0.07837365
v -0.12208800 0.05808365 0.07720637
v -0.12383936 0.05820601 0.07870541
v -0.12405700 0.05775839 0.07755589
v -0.12514526 0.05789521 0.07857313
v -0.20313516 -0.02325364 0.07025784
v -0.15953301 0.03796643 0.03281974
v -0.15088601 0.02875185 0.03097689
v -0.14116751 0.03846803 0.03037396
v -0.15026401 0.04724210 0.03224748
v -0.16020299 0.03882592 0.03345245
v -0.15108791 0.04794364 0.03288525
v -0.12426857 0.06805312 0.04490728
v -0.12327219 0.06697385 0.04483475
v -0.12244339 0.06619270 0.04477161
v -0.12451001 0.07578538 0.05284392
v -0.12125801 0.07887387 0.05320525
v -0.11935900 0.07838588 0.05048799
v -0.12274703 0.07716004 0.07103003
v -0.12248900 0.07762986 0.06967306
v -0.16351201 0.03548824 0.08543611
v -0.16873300 0.03096729 0.08581948
v -0.16734990 0.03014159 0.08756965
v -0.12152349 0.07618913 0.07274994
v -0.12226053 0.07693168 0.07211425
v -0.12100401 0.07672369 0.07253837
v -0.13219400 0.06758439 0.07407546
v -0.14132102 0.05838572 0.07700037
v -0.14079490 0.05822473 0.07812446
v -0.13080999 0.06676596 0.07578730
v -0.11703200 0.07167381 0.07384705
v -0.13993201 0.05756688 0.07874654
v -0.15030800 0.04715102 0.08209747
v -0.16264901 0.03482425 0.08606321
v -0.12615611 0.05713574 0.07868780
v -0.11898600 0.07880729 0.07115417
v -0.11656602 0.08127944 0.06773799
v -0.11554600 0.08231550 0.06474637
v -0.11513200 0.08273380 0.06140226
v -0.11577401 0.08207136 0.05634015
v -0.11760300 0.08019649 0.05242437
v -0.11517200 0.07355427 0.04904812
v -0.12112300 0.06610995 0.04451406
v -0.12160801 0.06516287 0.04477103
v -0.12079632 0.06450910 0.04472888
v -0.22078681 -0.02083678 0.10689696
v -0.22176500 -0.02183777 0.10837500
v -0.22306791 -0.02316147 0.10972100
v -0.22503790 -0.02514809 0.11088400
v -0.22366801 -0.02286845 0.10251001
v -0.22786900 -0.02799308 0.11122400
v -0.23153302 -0.03166246 0.10941901
v -0.22638100 -0.02529329 0.09822577
v -0.23451300 -0.03463435 0.10447900
v -0.23519592 -0.03530228 0.09906476
v -0.22881898 -0.02800965 0.09395140
v -0.23451300 -0.03460085 0.09514945
v -0.23339000 -0.03345990 0.09257126
v -0.23224600 -0.03229790 0.09095209
v -0.23108451 -0.03111731 0.08983020
v -0.23111954 -0.03187477 0.08891587
v -0.23470801 -0.03551810 0.09425718
v -0.21989733 -0.02067192 0.10767568
v -0.22415000 -0.02498239 0.11180700
v -0.12073400 0.07923907 0.06976526
v -0.11862301 0.08139550 0.06682879
v -0.11737400 0.08266149 0.06134511
v -0.11793900 0.08207839 0.05696677
v -0.11712099 0.08214116 0.05574464
v -0.11953901 0.08043885 0.05359464
v -0.11627100 0.08300155 0.06221497
v -0.11806001 0.08119839 0.06828975
v -0.15451770 0.04586990 0.05500661
v -0.15392415 0.04640687 0.05798884
v -0.15440950 0.04644984 0.05682241
v -0.15564680 0.04521670 0.05719011
v -0.15605067 0.04431649 0.05878833
v -0.15523200 0.04562729 0.05838495
v -0.16149499 0.03885545 0.06472345
v -0.16031474 0.04014592 0.06169099
v -0.16111900 0.03972303 0.06319737
v -0.16054702 0.04026830 0.06427586
v -0.15916018 0.04125501 0.06382568
v -0.15932602 0.04153043 0.06124109
v -0.15874800 0.04208827 0.06229877
v -0.15789829 0.04246593 0.06079278
v -0.15771492 0.04265004 0.06783387
v -0.15826583 0.04205376 0.06480917
v -0.15818299 0.04254478 0.06632155
v -0.15710999 0.04361850 0.06590020
v -0.15614025 0.04419591 0.06399994
v -0.15741999 0.04335719 0.06440186
v -0.15554428 0.04486924 0.06245466
v -0.15789747 0.04243280 0.06336286
v -0.15692800 0.04388058 0.06290477
v -0.15513100 0.04570168 0.06092643
v -0.15427300 0.04607033 0.05942188
v -0.15671380 0.04371966 0.06033045
v -0.15752700 0.04330718 0.06183600
v -0.15571000 0.04513919 0.05987131
v -0.15200816 0.04842893 0.06110923
v -0.15429634 0.04605112 0.06199364
v -0.15334700 0.04746258 0.06154650
v -0.15158100 0.04925066 0.05957776
v -0.15073366 0.04962714 0.05807636
v -0.15310258 0.04732822 0.05896151
v -0.15391500 0.04691648 0.06046468
v -0.15212800 0.04871726 0.05851358
v -0.15372811 0.04683565 0.06878683
v -0.15287215 0.04743895 0.07011429
v -0.14729653 0.05306029 0.06821012
v -0.14790800 0.05263066 0.06791371
v -0.15334402 0.04743605 0.06285579
v -0.22624300 -0.02843058 0.08483546
v -0.22674392 -0.02675855 0.08626891
v -0.21745400 -0.01748669 0.10276701
v -0.21668701 -0.01744496 0.10366601
v -0.12159847 0.07991457 0.04968255
v -0.12263101 0.07993757 0.05564916
v -0.12064300 0.08104199 0.05080854
v -0.11979999 0.08189010 0.05173385
v -0.11824670 0.08320157 0.05343001
v -0.12321601 0.07964808 0.06144690
v -0.11687900 0.08482110 0.06221383
v -0.11829500 0.08339680 0.06784635
v -0.12350101 0.07905875 0.06724429
v -0.11954948 0.08189531 0.07055650
v -0.12336500 0.07813858 0.07321212
v -0.12130800 0.08036875 0.07178908
v -0.12226600 0.07940435 0.07243746
v -0.11683900 0.08447360 0.06543058
v -0.11637400 0.08494347 0.05922180
v -0.12091976 0.07971226 0.04921484
v -0.11979700 0.08084410 0.05014652
v -0.11890400 0.08174389 0.05113828
v -0.11771701 0.08293879 0.05293744
v -0.11640801 0.08425332 0.05621260
v -0.11581801 0.08484649 0.06228912
v -0.11731901 0.08333587 0.06827467
v -0.11909100 0.08155459 0.07108658
v -0.12050900 0.08012437 0.07247990
v -0.12152500 0.07910019 0.07317876
v -0.12254956 0.07806554 0.07367282
v -0.12295482 0.07765580 0.07382825
v -0.14195821 0.05926543 0.07938647
v -0.13292901 0.06869399 0.07600259
v -0.16448781 0.03671527 0.08669829
v -0.15188999 0.04864126 0.08316457
v -0.20808502 -0.01647180 0.10395601
v -0.18842800 0.01214283 0.09490549
v -0.21305296 -0.01210346 0.10262083
v -0.20685701 -0.02441006 0.10650399
v -0.21692020 -0.01591023 0.10484728
v -0.22001888 -0.01905721 0.10876295
v -0.16832390 0.03469765 0.06183749
v -0.21353027 -0.01184930 0.10197819
v -0.18909000 0.01253741 0.09407085
v -0.15868691 0.04290539 0.08426599
v -0.16223399 0.04076856 0.05896032
v -0.15590701 0.04707540 0.05723375
v -0.16337200 0.03826290 0.03328490
v -0.15341800 0.04821640 0.03196334
v -0.17043097 0.03103534 0.03718637
v -0.17016503 0.03041833 0.03665442
v -0.20409103 -0.01222020 0.06650269
v -0.19614999 0.00445485 0.05787795
v -0.22358280 -0.02265738 0.08030279
v -0.23265763 -0.03167479 0.08772337
v -0.22809702 -0.02744269 0.08396738
v -0.23279165 -0.03110139 0.08830847
v -0.22833601 -0.02663981 0.08465766
v -0.22372290 -0.02203029 0.08089679
v -0.19637391 0.00528526 0.05861800
v -0.16556300 0.02498340 0.03542006
v -0.20200399 -0.01151198 0.06520539
v -0.21941501 -0.01623189 0.09145026
v -0.22307502 -0.02055352 0.10491601
v -0.21749291 -0.01581615 0.10430700
v -0.22075167 -0.01908206 0.10837277
v -0.22533701 -0.02230209 0.10158099
v -0.22744101 -0.02423202 0.09822357
v -0.22937605 -0.02633392 0.09486627
v -0.23112598 -0.02859205 0.09153086
v -0.13226500 0.06830126 0.07683897
v -0.14334100 0.05959814 0.05737125
v -0.13276801 0.06888806 0.04266417
v -0.14310455 0.05837409 0.03550532
v -0.14248048 0.05810723 0.03496523
v -0.13198499 0.06861627 0.04189187
v -0.14793000 0.05370765 0.03332370
v -0.14954200 0.05341928 0.05671519
v -0.15256099 0.04903215 0.08229517
v -0.11568300 0.07487500 0.04782063
v -0.12439200 0.06609398 0.04204888
v -0.12663600 0.06523151 0.04117351
v -0.12185100 0.06505775 0.04224336
v -0.12068600 0.06266766 0.04165732
v -0.12149701 0.06045717 0.04062259
v -0.13191000 0.04843336 0.03320479
v -0.13715799 0.05338639 0.03365880
v -0.14142790 0.03892058 0.02938371
v -0.14723299 0.05334551 0.03247040
v -0.15283801 0.04773581 0.03107440
v -0.15140101 0.02894961 0.03000307
v -0.16300802 0.03756678 0.03242367
v -0.16064101 0.01970922 0.03498685
v -0.19967002 -0.01275491 0.06444400
v -0.19858190 -0.01522254 0.06481695
v -0.19934700 -0.01738905 0.06597238
v -0.12374290 0.05963420 0.03965127
v -0.12621100 0.06070137 0.03937077
v -0.12740800 0.06306600 0.04005569
v -0.16153701 0.03977060 0.03213673
v -0.15211402 0.04919147 0.03155004
v -0.22145744 -0.01979274 0.10944550
v -0.22216500 -0.02050393 0.11032600
v -0.22292390 -0.02126628 0.11109000
v -0.22412285 -0.02272494 0.11249854
v -0.22561601 -0.02396446 0.11275801
v -0.22793001 -0.02628105 0.11319400
v -0.23120302 -0.02955448 0.11240800
v -0.23521201 -0.03355962 0.10847999
v -0.23730400 -0.03564363 0.10224000
v -0.23664200 -0.03496962 0.09439700
v -0.23611844 -0.03469934 0.09254888
v -0.23504999 -0.03336966 0.09091848
v -0.23413350 -0.03244984 0.08966723
v -0.23347101 -0.03178411 0.08892667
v -0.23577599 -0.03514665 0.09185470
v -0.23664699 -0.03602308 0.09406048
v -0.23736900 -0.03675127 0.09740549
v -0.23764603 -0.03633195 0.09920698
v -0.23665901 -0.03535068 0.10593401
v -0.23350802 -0.03220582 0.11117100
v -0.22897103 -0.02767175 0.11362801
v -0.21454999 -0.02294439 0.10962000
v -0.20965803 -0.02721315 0.10997701
v -0.22053599 -0.01991740 0.11002450
v -0.22128400 -0.02066975 0.11096100
v -0.22208799 -0.02147775 0.11177600
v -0.22325902 -0.02265298 0.11268999
v -0.22494300 -0.02434051 0.11355300
v -0.22739901 -0.02680069 0.11402000
v -0.23087500 -0.03027755 0.11318801
v -0.23513499 -0.03453320 0.10901601
v -0.23735401 -0.03674394 0.10238700
v -0.21408401 -0.03164196 0.11462902
v -0.21966501 -0.03722190 0.11574901
v -0.22972402 -0.04726505 0.09903395
v -0.22804801 -0.04558329 0.09142429
v -0.23495300 -0.03431940 0.09037250
v -0.23425899 -0.03362149 0.08938288
v -0.23348850 -0.03284707 0.08848958
v -0.22846499 -0.03683668 0.08648461
v -0.22408691 -0.04161942 0.08598697
v -0.20488299 -0.01440769 0.06756269
v -0.20383300 -0.01691937 0.06784510
v -0.20150098 -0.01812160 0.06719380
v -0.20672201 -0.02454847 0.07191419
v -0.20542701 -0.02412927 0.07119561
v -0.20436400 -0.02378290 0.07061076
v -0.14422099 0.03660929 0.08575416
v -0.14394191 0.03838026 0.08539980
v -0.14372800 0.03973501 0.08511567
v -0.14299101 0.04087865 0.08479918
v -0.11773501 0.07280207 0.07516879
v -0.11254001 0.06776285 0.07565140
v -0.12052400 0.05977904 0.07821977
v -0.14391728 0.03625517 0.08478108
v -0.14359361 0.03822235 0.08442477
v -0.14341483 0.03937115 0.08414978
v -0.14278795 0.04033976 0.08383942
v -0.12362853 0.06311066 0.04338962
v -0.12479627 0.06364492 0.04316587
v -0.12582457 0.06304426 0.04275084
v -0.12605909 0.06205216 0.04223710
v -0.12536940 0.06098931 0.04206725
v -0.12297717 0.06194921 0.04294623
v -0.12336278 0.06106567 0.04253928
v -0.12422900 0.06067609 0.04217359
v -0.20198600 -0.01529270 0.06849747
v -0.20094402 -0.01586276 0.06812125
v -0.19994599 -0.01551485 0.06753057
v -0.19956900 -0.01449805 0.06700176
v -0.20002803 -0.01333343 0.06689715
v -0.20240802 -0.01408761 0.06848210
v -0.20200101 -0.01304405 0.06804120
v -0.20105201 -0.01272529 0.06737280
v -0.23556393 -0.03639280 0.10135401
v -0.23351499 -0.03435546 0.10795499
v -0.22923601 -0.03007876 0.11187100
v -0.16708700 0.02151799 0.08997428
v -0.15183055 -0.04847588 0.06816185
v -0.15258272 -0.04776566 0.06703371
v -0.15207443 -0.04822976 0.06956266
v -0.15352301 -0.04674486 0.07069672
v -0.15297708 -0.04733088 0.07007599
v -0.15399823 -0.04633046 0.06717685
v -0.14934248 -0.05102033 0.06884970
v -0.14848267 -0.05192228 0.06858529
v -0.14929131 -0.05107292 0.06528538
v -0.14850837 -0.05185509 0.06696537
v -0.14806816 -0.05226923 0.06626467
v -0.14735240 -0.05302409 0.06819266
v -0.14767124 -0.05269922 0.06694578
v -0.14802147 -0.05237559 0.06519070
v -0.14881058 -0.05161653 0.06551093
v -0.12269877 -0.07795918 0.06793182
v -0.12576209 -0.07524761 0.06819379
v -0.12393150 -0.07650822 0.06882062
v -0.13022089 -0.07075910 0.05829051
v -0.13042383 -0.07049892 0.06297091
v -0.12881155 -0.07200804 0.06660321
v -0.12694460 -0.07357952 0.06843156
v -0.12806776 -0.07280304 0.05463126
v -0.12475386 -0.07592497 0.05335221
v -0.12078799 -0.08038580 0.06390696
v -0.12170309 -0.07893389 0.05492187
v -0.11996112 -0.08084787 0.05903514
v -0.12070642 -0.08002816 0.05655838
v -0.12127901 -0.07929622 0.06684727
v -0.12043850 -0.08018494 0.06538433
v -0.11964101 -0.08100358 0.06269371
v -0.11951602 -0.08112274 0.06054794
v -0.16981602 -0.02210277 0.08945996
v -0.17209810 -0.02535473 0.08898292
v -0.17277788 -0.02420697 0.08902767
v -0.16905591 -0.01993978 0.08925890
v -0.17060301 -0.02069789 0.08924388
v -0.16860899 -0.01827085 0.08931547
v -0.16763291 -0.01971900 0.08969229
v -0.16497445 -0.01596922 0.08917911
v -0.20950404 0.01196686 0.07172324
v -0.21074975 0.01160910 0.07242598
v -0.20835499 0.01116091 0.07142359
v -0.20911503 0.01003640 0.07186055
v -0.21095291 0.01108807 0.07345795
v -0.21003804 0.01006430 0.07343786
v -0.20912901 0.00912368 0.07295548
v -0.22605334 0.04432416 0.10947534
v -0.22446749 0.04236913 0.11291649
v -0.22839025 0.04623731 0.10652283
v -0.22856365 0.04684154 0.10163312
v -0.22884101 0.04712224 0.09713358
v -0.22742800 0.04571219 0.09319464
v -0.22337082 0.04165875 0.08682324
v -0.22596902 0.04425621 0.08914757
v -0.20678601 0.02507925 0.07389837
v -0.20749035 0.02545284 0.07293805
v -0.22098154 0.03924651 0.11420368
v -0.21789101 0.03615432 0.11536100
v -0.21489403 0.03315714 0.11410050
v -0.21185699 0.03012079 0.11264201
v -0.20990533 0.02817088 0.10929300
v -0.20327164 0.02134760 0.10376052
v -0.19042352 0.00824132 0.10019184
v -0.19075601 0.00902408 0.09904540
v -0.17171679 -0.00930751 0.09173682
v -0.17169261 -0.00933067 0.09029399
v -0.17089102 -0.01013356 0.09099376
v -0.16540961 -0.01511849 0.08786237
v -0.18003386 -0.01705784 0.09136255
v -0.18088503 -0.01802486 0.09078770
v -0.18113203 -0.01641842 0.09191906
v -0.18208736 -0.01698521 0.09136459
v -0.18261272 -0.01716923 0.09020903
v -0.18154101 -0.01827675 0.08952294
v -0.17626700 -0.01487720 0.09109126
v -0.17632100 -0.02066260 0.09016698
v -0.17384300 -0.01287692 0.09102499
v -0.17755599 -0.01430583 0.09196196
v -0.17556402 -0.01344925 0.09134930
v -0.17508391 -0.01215744 0.09211075
v -0.17271096 -0.02632732 0.08835543
v -0.17383701 -0.02504462 0.08851969
v -0.17333382 -0.02641014 0.08718656
v -0.17449200 -0.02529186 0.08724529
v -0.17801300 -0.02178740 0.08838278
v -0.16725300 -0.03362250 0.06183476
v -0.19779001 -0.00206768 0.09519410
v -0.16873999 -0.03097409 0.08582085
v -0.16404100 -0.03565639 0.08430618
v -0.16351898 -0.03549659 0.08543807
v -0.16735700 -0.03015017 0.08757287
v -0.16265699 -0.03483319 0.08606636
v -0.16709389 -0.02152866 0.08998465
v -0.15031700 -0.04716080 0.08210068
v -0.11704101 -0.07168680 0.07385736
v -0.13993999 -0.05757689 0.07874989
v -0.13081899 -0.06677627 0.07579046
v -0.12158100 -0.07615080 0.07277037
v -0.10823900 -0.07137400 0.07118576
v -0.11234186 -0.06727226 0.07473905
v -0.12033774 -0.05927616 0.07731128
v -0.12209500 -0.05809772 0.07722365
v -0.12406500 -0.05777204 0.07757186
v -0.12513147 -0.05767677 0.07828889
v -0.12611137 -0.05703796 0.07853237
v -0.14280240 -0.04034593 0.08381797
v -0.16253300 -0.01707845 0.09032770
v -0.14342232 -0.03938430 0.08416496
v -0.14360738 -0.03822888 0.08440495
v -0.14392427 -0.03626882 0.08479831
v -0.14497899 -0.03463387 0.08536265
v -0.12101390 -0.07673436 0.07254147
v -0.11899500 -0.07881749 0.07115715
v -0.11657301 -0.08128769 0.06774097
v -0.10516793 -0.07444150 0.06593443
v -0.11555100 -0.08232157 0.06474937
v -0.10474919 -0.07485485 0.05901373
v -0.11513400 -0.08273726 0.06140530
v -0.11577201 -0.08207058 0.05634313
v -0.10685601 -0.07274228 0.05294275
v -0.11759791 -0.08019197 0.05242735
v -0.11037776 -0.06921610 0.04837750
v -0.11952010 -0.07820488 0.05035738
v -0.14080392 -0.05823403 0.07812649
v -0.12226996 -0.07694169 0.07211615
v -0.12277010 -0.07715386 0.07103795
v -0.13220200 -0.06759285 0.07407689
v -0.14132906 -0.05839406 0.07700187
v -0.12249700 -0.07763779 0.06967425
v -0.12520200 -0.07505118 0.06917446
v -0.14227298 -0.05852735 0.05736886
v -0.12127783 -0.07863325 0.05178808
v -0.12125200 -0.07886886 0.05320638
v -0.15170598 -0.04798007 0.08033478
v -0.15372568 -0.04683348 0.06878757
v -0.15496778 -0.04544538 0.06354204
v -0.15660200 -0.04406136 0.06723999
v -0.15798849 -0.04232356 0.07106706
v -0.15823999 -0.04144471 0.08243740
v -0.16338199 -0.03705799 0.06672969
v -0.16230999 -0.03851795 0.06362730
v -0.16146500 -0.03930521 0.06594008
v -0.15913568 -0.04122118 0.06513548
v -0.15872499 -0.04193568 0.06810015
v -0.15351030 -0.04692220 0.06717757
v -0.15333702 -0.04742926 0.06285637
v -0.15133929 -0.04909129 0.06597126
v -0.15142597 -0.04900994 0.06219419
v -0.15085401 -0.04973500 0.06739485
v -0.15055682 -0.04975448 0.06929963
v -0.15033899 -0.05047470 0.05906605
v -0.14912459 -0.05148434 0.05633915
v -0.16360000 -0.01601159 0.09006977
v -0.16433705 -0.01527267 0.08847585
v -0.17082642 -0.00878222 0.08979974
v -0.17122483 -0.00857366 0.09097362
v -0.20563200 0.00846034 0.06920850
v -0.20384502 0.01467984 0.07102239
v -0.20283474 0.00563142 0.06687555
v -0.19939098 0.01026487 0.06739985
v -0.20235422 0.00483709 0.06578992
v -0.20261940 0.00352490 0.06584833
v -0.20367402 0.00463110 0.06743586
v -0.20234999 0.00253564 0.06647056
v -0.20288801 0.00296575 0.06762588
v -0.20368300 0.00371772 0.06853878
v -0.20531401 0.01594185 0.07107526
v -0.20041791 0.02083384 0.07084190
v -0.19967702 0.02009224 0.07118368
v -0.19892000 0.01933485 0.07091659
v -0.20115998 0.02157616 0.07050055
v -0.20209700 0.02251277 0.07091358
v -0.20634291 0.01765865 0.07107108
v -0.20602347 0.02458835 0.07282531
v -0.20486203 0.02421729 0.07214868
v -0.20369047 0.02383494 0.07149243
v -0.21046400 0.01278859 0.07198578
v -0.22706902 0.03728044 0.08765530
v -0.23061098 0.03284172 0.08842108
v -0.23188099 0.03413206 0.08964258
v -0.23320200 0.03547108 0.09149390
v -0.23449990 0.03678566 0.09444946
v -0.23529699 0.03759562 0.09894508
v -0.23452100 0.03682798 0.10516889
v -0.23110303 0.03340667 0.11084999
v -0.22689192 0.02918386 0.11291900
v -0.22363900 0.02591395 0.11251900
v -0.22137800 0.02363425 0.11117100
v -0.21988502 0.02211993 0.10961500
v -0.21438400 0.02457547 0.10877900
v -0.21882692 0.02103893 0.10800866
v -0.20689523 0.02489932 0.10591350
v -0.21574302 0.01793867 0.10416500
v -0.21185257 0.01403798 0.10179607
v -0.21257374 0.01331105 0.10118835
v -0.19643000 -0.00123745 0.09687376
v -0.20739898 0.01757705 0.10265601
v -0.17675902 -0.01188707 0.09308827
v -0.18993801 0.00841260 0.09881907
v -0.18901500 0.00807065 0.09862429
v -0.18744990 0.00749058 0.09828680
v -0.18607101 0.00646055 0.09790015
v -0.17218602 -0.00742543 0.09343308
v -0.17130300 -0.00830817 0.09254796
v -0.21327689 0.01328882 0.10021107
v -0.21837199 0.01731956 0.09140891
v -0.16902354 -0.03065236 0.03935589
v -0.21610799 0.01839059 0.07658678
v -0.22160302 0.02383816 0.08106416
v -0.22211801 0.02289801 0.08157449
v -0.21660101 0.01669842 0.07804197
v -0.22209999 0.02215570 0.08250027
v -0.20640500 0.00642031 0.07074666
v -0.20306708 0.02328527 0.07031260
v -0.19475199 0.01516819 0.06751245
v -0.19420901 0.01462554 0.06671506
v -0.19404800 0.01446563 0.06563866
v -0.19388600 0.01430445 0.06455975
v -0.19334391 0.01376307 0.06376498
v -0.15987995 -0.01968840 0.03590245
v -0.13177167 -0.04780395 0.03397703
v -0.12416582 -0.05541666 0.03988803
v -0.11771497 -0.06187357 0.04453762
v -0.12402051 -0.05556261 0.04084459
v -0.10639226 -0.07372065 0.05203692
v -0.10790561 -0.07212465 0.07222763
v -0.12196373 -0.05852940 0.07839072
v -0.12384781 -0.05822081 0.07872113
v -0.19878000 0.00944489 0.06575119
v -0.20186700 0.00424773 0.06497639
v -0.19775701 0.00910240 0.06406700
v -0.18486100 -0.01267045 0.05110543
v -0.16841163 -0.02905411 0.03768493
v -0.16905499 -0.02993169 0.03832605
v -0.16409591 -0.02447426 0.03659838
v -0.16215299 -0.03870552 0.05934095
v -0.16034402 -0.03929924 0.03459572
v -0.16085702 -0.03953085 0.06060458
v -0.15928900 -0.04155755 0.05992275
v -0.15725988 -0.04310323 0.05924495
v -0.15684901 -0.04399377 0.05764710
v -0.15593401 -0.04489535 0.05541807
v -0.15423800 -0.04619211 0.05174461
v -0.12486611 -0.05637353 0.04070972
v -0.12583858 -0.05728334 0.04063050
v -0.12734722 -0.05880680 0.04068329
v -0.12829933 -0.05970231 0.04068797
v -0.12924381 -0.06067868 0.04082708
v -0.13052027 -0.06171047 0.04072206
v -0.13179401 -0.06252321 0.04063400
v -0.13658400 -0.05200958 0.03489220
v -0.14121534 -0.05629074 0.03592304
v -0.12506194 -0.06932964 0.04509774
v -0.14054200 -0.05696976 0.03636956
v -0.14229400 -0.05671411 0.03639680
v -0.14149199 -0.05753540 0.03694296
v -0.14234260 -0.05737446 0.03787409
v -0.11889460 -0.06260944 0.04475240
v -0.11987209 -0.06345772 0.04474982
v -0.12632391 -0.05787357 0.04086386
v -0.12346444 -0.06106175 0.04272394
v -0.12505256 -0.06090681 0.04200505
v -0.12605052 -0.06218124 0.04234435
v -0.12551983 -0.06331574 0.04294416
v -0.12269696 -0.06637771 0.04481035
v -0.12161284 -0.06517021 0.04477661
v -0.12393674 -0.06337220 0.04331188
v -0.12297801 -0.06226732 0.04307092
v -0.12078952 -0.06448102 0.04474963
v -0.12394203 -0.06773029 0.04488165
v -0.12454741 -0.06847055 0.04494989
v -0.11977800 -0.06395810 0.04457819
v -0.23113602 0.03192374 0.08893384
v -0.23103301 0.03108416 0.08979663
v -0.22673300 0.02676916 0.08627015
v -0.15949801 -0.03793329 0.03282326
v -0.15084741 -0.02871984 0.03099462
v -0.15023200 -0.04721117 0.03225076
v -0.14113100 -0.03843841 0.03039178
v -0.15105700 -0.04791307 0.03288722
v -0.14299400 -0.05671692 0.03744560
v -0.15148802 -0.04816585 0.03404486
v -0.16016901 -0.03879302 0.03345435
v -0.11998300 -0.07773177 0.05001938
v -0.12065186 -0.07854300 0.05075395
v -0.11806802 -0.08120656 0.06829160
v -0.12074201 -0.07924765 0.06976658
v -0.11862900 -0.08140230 0.06682998
v -0.11627392 -0.08300537 0.06221652
v -0.11737601 -0.08266420 0.06134629
v -0.11953500 -0.08043468 0.05359596
v -0.11711800 -0.08213949 0.05574667
v -0.11793800 -0.08207751 0.05696797
v -0.18566716 0.00577058 0.09895255
v -0.18698047 0.00668418 0.09939614
v -0.18845981 0.00724613 0.09972850
v -0.18947551 0.00765645 0.09989182
v -0.21669200 0.01743859 0.10366800
v -0.21988244 0.02065130 0.10766139
v -0.21745899 0.01748085 0.10276800
v -0.22081035 0.02084543 0.10692508
v -0.22367203 0.02286475 0.10251099
v -0.22177300 0.02182883 0.10837600
v -0.22307692 0.02315199 0.10972201
v -0.22504690 0.02513808 0.11088500
v -0.22787800 0.02798378 0.11122500
v -0.22637990 0.02529406 0.09822617
v -0.23153900 0.03165555 0.10942000
v -0.23451392 0.03463268 0.10448000
v -0.22881292 0.02801460 0.09395200
v -0.23519300 0.03530520 0.09906607
v -0.23450699 0.03460669 0.09515088
v -0.23338200 0.03346747 0.09257256
v -0.23223700 0.03230667 0.09095340
v -0.22416000 0.02497160 0.11180901
v -0.15318194 -0.04730221 0.05745640
v -0.15105440 -0.04977100 0.05680387
v -0.15447530 -0.04582768 0.05500738
v -0.15602988 -0.04429580 0.05878958
v -0.15561250 -0.04522560 0.05713871
v -0.15438481 -0.04644999 0.05688760
v -0.15394083 -0.04642428 0.05798976
v -0.15522000 -0.04561609 0.05838549
v -0.15787795 -0.04244656 0.06079353
v -0.16031900 -0.04015010 0.06169182
v -0.15931600 -0.04152023 0.06124180
v -0.15873900 -0.04207921 0.06229937
v -0.15914179 -0.04123691 0.06382656
v -0.16053802 -0.04025995 0.06427645
v -0.16111000 -0.03971385 0.06319797
v -0.16148698 -0.03884759 0.06472439
v -0.15829492 -0.04208298 0.06481014
v -0.15769519 -0.04263051 0.06783485
v -0.15817700 -0.04253906 0.06632226
v -0.15741302 -0.04335010 0.06440246
v -0.15613298 -0.04418889 0.06400085
v -0.15710400 -0.04361271 0.06590080
v -0.15670280 -0.04370929 0.06033145
v -0.15788949 -0.04242470 0.06336388
v -0.15751800 -0.04329770 0.06183660
v -0.15570000 -0.04512906 0.05987185
v -0.15426229 -0.04606008 0.05942288
v -0.15553579 -0.04486113 0.06245542
v -0.15692002 -0.04387223 0.06290537
v -0.15512100 -0.04569250 0.06092715
v -0.15308160 -0.04730781 0.05896243
v -0.15427947 -0.04603432 0.06199485
v -0.15390600 -0.04690700 0.06046533
v -0.15211700 -0.04870682 0.05851382
v -0.15072265 -0.04961706 0.05807728
v -0.15201351 -0.04843395 0.06110999
v -0.15333900 -0.04745423 0.06154710
v -0.15157200 -0.04924160 0.05957818
v -0.15387090 -0.04694855 0.05470675
v -0.14303802 -0.05837615 0.03550695
v -0.14790089 -0.05367857 0.03332370
v -0.15208200 -0.04915923 0.03155022
v -0.14246865 -0.05806596 0.03495605
v -0.14720301 -0.05331552 0.03247112
v -0.15280500 -0.04770302 0.03107506
v -0.16150202 -0.03973615 0.03213709
v -0.16297300 -0.03753209 0.03242439
v -0.17030160 -0.03082111 0.03702173
v -0.16333802 -0.03822875 0.03328478
v -0.15338591 -0.04818403 0.03196334
v -0.22050516 0.01899303 0.10848287
v -0.21730033 0.01580170 0.10454001
v -0.21979851 0.01915377 0.10887925
v -0.21667992 0.01603150 0.10498300
v -0.21344016 0.01188997 0.10217986
v -0.21286751 0.01221472 0.10274361
v -0.23366098 0.03199568 0.08913871
v -0.23276497 0.03128774 0.08805717
v -0.23111898 0.02859956 0.09153008
v -0.23438600 0.03272312 0.08998328
v -0.23503999 0.03337901 0.09091836
v -0.23610964 0.03470795 0.09254900
v -0.23663500 0.03497684 0.09439688
v -0.22937199 0.02633833 0.09486508
v -0.23730300 0.03564471 0.10224000
v -0.22744098 0.02423346 0.09822218
v -0.23521701 0.03355497 0.10848000
v -0.23121199 0.02954512 0.11240800
v -0.22533892 0.02229988 0.10157999
v -0.22794101 0.02627027 0.11319400
v -0.22308090 0.02054816 0.10491500
v -0.22562701 0.02395308 0.11275801
v -0.22413461 0.02271345 0.11249854
v -0.22293501 0.02125555 0.11109000
v -0.22191149 0.02022903 0.11000899
v -0.22128700 0.01960176 0.10919900
v -0.22832392 0.02665245 0.08465759
v -0.22364895 0.02242634 0.08050458
v -0.23258550 0.03196189 0.08764998
v -0.22808400 0.02745532 0.08396816
v -0.22845098 0.03684759 0.08649259
v -0.19612500 -0.00443059 0.05787885
v -0.21941198 0.01623582 0.09144896
v -0.16831201 -0.03468519 0.06183630
v -0.16450915 -0.03672793 0.08667102
v -0.18843600 -0.01215130 0.09490627
v -0.15189900 -0.04865092 0.08316540
v -0.20809202 0.01646238 0.10396399
v -0.11774499 -0.07281589 0.07517760
v -0.12632300 -0.05756980 0.07944859
v -0.11254999 -0.06777871 0.07566857
v -0.12517799 -0.05831092 0.07915937
v -0.12053300 -0.05979478 0.07823699
v -0.14300001 -0.04089260 0.08481347
v -0.14373700 -0.03974926 0.08513027
v -0.14395089 -0.03839439 0.08541530
v -0.14422892 -0.03662335 0.08577096
v -0.14519700 -0.03513020 0.08617139
v -0.20966600 0.02719914 0.10999300
v -0.18909700 -0.01254487 0.09407079
v -0.14192787 -0.05925827 0.07945888
v -0.15869591 -0.04291409 0.08426600
v -0.15256998 -0.04904109 0.08229506
v -0.15589491 -0.04706305 0.05723232
v -0.14953101 -0.05340838 0.05671381
v -0.12661600 -0.06521511 0.04118169
v -0.13196699 -0.06859880 0.04189240
v -0.12126652 -0.07969601 0.04924866
v -0.11567200 -0.07486730 0.04782944
v -0.11040600 -0.06990046 0.04738140
v -0.12437402 -0.06607908 0.04205787
v -0.12183200 -0.06504380 0.04225516
v -0.12066700 -0.06265348 0.04167217
v -0.12147500 -0.06044210 0.04063820
v -0.13187900 -0.04840862 0.03322196
v -0.12372100 -0.05961751 0.03966575
v -0.12618890 -0.06068342 0.03938233
v -0.12738700 -0.06304848 0.04006457
v -0.13712899 -0.05336076 0.03366768
v -0.14139099 -0.03889006 0.02940118
v -0.15136202 -0.02891690 0.03001993
v -0.16552700 -0.02495038 0.03542913
v -0.16060300 -0.01967746 0.03500396
v -0.20434090 0.02379935 0.07062768
v -0.19932200 0.01740789 0.06598830
v -0.20540491 0.02414560 0.07121199
v -0.20670000 0.02456456 0.07192987
v -0.20147702 0.01813966 0.06720846
v -0.22407201 0.04162955 0.08600246
v -0.20381001 0.01693785 0.06785696
v -0.20486100 0.01442652 0.06757169
v -0.19855700 0.01524204 0.06483167
v -0.19964500 0.01277518 0.06445586
v -0.20197991 0.01153182 0.06521439
v -0.20406802 0.01223975 0.06651049
v -0.12179255 -0.07986951 0.04986974
v -0.13275100 -0.06887096 0.04266417
v -0.16222100 -0.04075551 0.05895936
v -0.19634999 -0.00526160 0.05861794
v -0.21409404 0.03162550 0.11464401
v -0.21967401 0.03720659 0.11576401
v -0.22971699 0.04726630 0.09904939
v -0.22803602 0.04559046 0.09143966
v -0.10494201 -0.07538175 0.06625097
v -0.10438201 -0.07593536 0.05884432
v -0.12337499 -0.07814056 0.07322661
v -0.12350701 -0.07906448 0.06724339
v -0.12227600 -0.07941460 0.07243740
v -0.12131800 -0.08037877 0.07178896
v -0.11954334 -0.08191152 0.07055912
v -0.11830302 -0.08340449 0.06784629
v -0.12321791 -0.07964920 0.06144577
v -0.11688299 -0.08482468 0.06221365
v -0.12262799 -0.07993417 0.05564814
v -0.11824268 -0.08319771 0.05342994
v -0.11979400 -0.08188438 0.05173367
v -0.12088767 -0.08078253 0.05058684
v -0.20196401 0.01530987 0.06850945
v -0.20238602 0.01410526 0.06849278
v -0.20197901 0.01306200 0.06805140
v -0.20102999 0.01274335 0.06738346
v -0.20000491 0.01335155 0.06690925
v -0.20092091 0.01587992 0.06813460
v -0.19992301 0.01553249 0.06754446
v -0.19954599 0.01451575 0.06701505
v -0.11771300 -0.08293468 0.05293840
v -0.11640699 -0.08425217 0.05621320
v -0.11637600 -0.08494477 0.05922198
v -0.11582200 -0.08485049 0.06229006
v -0.11684601 -0.08447980 0.06543070
v -0.11732699 -0.08334428 0.06827540
v -0.11910000 -0.08156466 0.07108730
v -0.12051990 -0.08013516 0.07248067
v -0.12277047 -0.07786402 0.07375485
v -0.12153600 -0.07911127 0.07317948
v -0.11889800 -0.08173787 0.05113875
v -0.11979000 -0.08083695 0.05014747
v -0.12041000 -0.08021110 0.04959148
v -0.14333302 -0.05958987 0.05737037
v -0.13293900 -0.06870388 0.07600259
v -0.13227589 -0.06831210 0.07683968
v -0.23347700 0.03285804 0.08849027
v -0.23424800 0.03363204 0.08938360
v -0.23494300 0.03432893 0.09037315
v -0.23576699 0.03515559 0.09185546
v -0.23663999 0.03603059 0.09406119
v -0.23735300 0.03674508 0.10238801
v -0.23514000 0.03452772 0.10901700
v -0.23088500 0.03026765 0.11318900
v -0.22741100 0.02678889 0.11402000
v -0.22495401 0.02432847 0.11355400
v -0.22327101 0.02264106 0.11269100
v -0.22209901 0.02146649 0.11177600
v -0.22129491 0.02065891 0.11096200
v -0.22054601 0.01990694 0.11002501
v -0.21455900 0.02293235 0.10962800
v -0.23764205 0.03633522 0.09920710
v -0.23666099 0.03534859 0.10593401
v -0.23351599 0.03219825 0.11117100
v -0.22898200 0.02766096 0.11362900
v -0.22924504 0.03006953 0.11187302
v -0.23352000 0.03435057 0.10795700
v -0.23556200 0.03639400 0.10135601
v -0.23470104 0.03552496 0.09425907
v -0.13188501 -0.06790655 0.04476839
v -0.13025799 -0.06733417 0.04318690
v -0.11516200 -0.07354778 0.04905825
v -0.12110700 -0.06609797 0.04452586
v -0.18533590 -0.01439964 0.05263406
v -0.20140232 0.01268636 0.06921083
v -0.19974050 0.01252037 0.06846487
v -0.19893311 0.01377723 0.06864952
v -0.19959062 0.01503208 0.06943078
v -0.20100302 0.01491293 0.06995842
v -0.20178600 0.01399928 0.06990408
v 0.34220099 -0.25287098 0.28084549
v 0.34254652 -0.25373650 0.28122652
v 0.34133601 -0.25252652 0.28046501
v 0.34337768 -0.24996834 0.28029969
v 0.34429502 -0.24884799 0.28023452
v 0.34566876 -0.25102976 0.28135449
v 0.31596801 -0.25155199 0.24570900
v 0.31611833 -0.25212702 0.24635155
v 0.31503001 -0.25078002 0.24583136
v 0.38457900 -0.29324901 0.28499600
v 0.38589701 -0.29643101 0.28499699
v 0.38139701 -0.29193100 0.28499699
v 0.38375849 -0.29119599 0.28679249
v 0.38179836 -0.29075634 0.28743333
v 0.38554966 -0.29243135 0.28605002
v 0.38616133 -0.29871768 0.28321433
v 0.38603750 -0.29397851 0.28324598
v 0.38697201 -0.29477352 0.28491199
v 0.34035650 -0.26044801 0.28265500
v 0.33909100 -0.25847799 0.28163600
v 0.34002849 -0.26011848 0.28369850
v 0.31589299 -0.23095100 0.26205301
v 0.32966000 -0.21893600 0.26164800
v 0.30381399 -0.24481000 0.26166999
v 0.41320100 -0.26665699 0.26394001
v 0.40231401 -0.27322701 0.27961200
v 0.41412899 -0.26625401 0.26198301
v 0.35159299 -0.32827300 0.26397899
v 0.35119501 -0.32918900 0.26205400
v 0.35816401 -0.31738600 0.27963001
v 0.33965901 -0.25348401 0.28024000
v 0.34041601 -0.25313267 0.28036702
v 0.34182233 -0.25497767 0.28139067
v 0.34194499 -0.25444901 0.28126299
v 0.34512374 -0.24983999 0.28080800
v 0.34587520 -0.24948278 0.28093138
v 0.34510899 -0.24803400 0.28023401
v 0.34626749 -0.25031400 0.28131700
v 0.31433859 -0.24374080 0.24622256
v 0.31452924 -0.24415325 0.24697068
v 0.31109703 -0.24705470 0.24620572
v 0.31322563 -0.24282463 0.24600424
v 0.30993402 -0.24589200 0.24605057
v 0.31431001 -0.24387950 0.24940851
v 0.31541985 -0.24505731 0.25105852
v 0.31116199 -0.24709541 0.24954100
v 0.31102449 -0.24695900 0.24831299
v 0.31230798 -0.24816963 0.25106218
v 0.31559035 -0.24518082 0.26123384
v 0.31233779 -0.24828736 0.26116639
v 0.31341618 -0.24926499 0.26152262
v 0.31644902 -0.24600434 0.26160938
v 0.31703699 -0.24634300 0.26089299
v 0.31680301 -0.24644011 0.25106302
v 0.31369120 -0.24955234 0.25106651
v 0.31360501 -0.24977499 0.26089701
v 0.31591263 -0.25236741 0.27122119
v 0.30927089 -0.24560009 0.26377410
v 0.30955532 -0.24554068 0.24670900
v 0.31129301 -0.24727768 0.24711335
v 0.31448501 -0.25041750 0.25022602
v 0.31486249 -0.25079602 0.24910450
v 0.31464458 -0.25070286 0.24668615
v 0.31779402 -0.24733697 0.24685517
v 0.31929415 -0.24866602 0.24624446
v 0.31825352 -0.24786116 0.24595432
v 0.31802148 -0.24759096 0.24923095
v 0.31639153 -0.24525249 0.26836598
v 0.31301266 -0.24204364 0.26457417
v 0.31278634 -0.24230997 0.24670528
v 0.31216133 -0.24210268 0.26387668
v 0.31080601 -0.24340099 0.26359898
v 0.31962469 -0.24873918 0.27184203
v 0.31952500 -0.24928434 0.24654931
v 0.31659624 -0.25243101 0.27182424
v 0.31827301 -0.25081849 0.27207798
v 0.30899000 -0.24463300 0.26350799
v 0.31203800 -0.24909800 0.26773700
v 0.31959999 -0.24953291 0.27236199
v 0.33087581 -0.22506419 0.24598077
v 0.33048803 -0.22467561 0.24654661
v 0.33185101 -0.22603941 0.24598397
v 0.33220321 -0.22639060 0.24683599
v 0.33191749 -0.22613150 0.24902496
v 0.33053488 -0.22439674 0.26373461
v 0.33228299 -0.22649600 0.25016299
v 0.33309984 -0.22738132 0.25104317
v 0.32783768 -0.22838466 0.24593399
v 0.33375341 -0.23436402 0.24622796
v 0.33695233 -0.23104772 0.24616957
v 0.33725500 -0.23157500 0.24668550
v 0.33739099 -0.23145634 0.27163401
v 0.33579701 -0.23329395 0.27205500
v 0.33405530 -0.23466516 0.27200845
v 0.33248100 -0.23305899 0.24938151
v 0.33230942 -0.23301199 0.24671213
v 0.33267635 -0.23307166 0.24585333
v 0.33546400 -0.22965120 0.24688280
v 0.33576500 -0.22997999 0.24833696
v 0.33561251 -0.22982600 0.24956749
v 0.33591115 -0.23016316 0.24596232
v 0.33455801 -0.22863373 0.26109874
v 0.33395499 -0.22739750 0.26751649
v 0.33383363 -0.22810417 0.26174441
v 0.33320302 -0.22737402 0.26109961
v 0.33725068 -0.23074234 0.27101469
v 0.33448267 -0.22876467 0.25103849
v 0.33137050 -0.23187682 0.25104201
v 0.33121550 -0.23174530 0.26121333
v 0.33056933 -0.23125130 0.26191169
v 0.32690945 -0.22801942 0.26453128
v 0.32999980 -0.23059340 0.26111919
v 0.32998782 -0.23049365 0.25104669
v 0.32876951 -0.22934699 0.24922600
v 0.32727721 -0.22788757 0.24654840
v 0.32883859 -0.22954115 0.24666916
v 0.32704532 -0.22721867 0.26386034
v 0.32835752 -0.22584949 0.26357698
v 0.32879600 -0.22927400 0.24587700
v 0.32991248 -0.22390001 0.26354849
v 0.33312699 -0.23470099 0.27182999
v 0.32992601 -0.23150299 0.26854900
v 0.38457900 -0.29961300 0.28500003
v 0.37821499 -0.29324901 0.28500003
v 0.38139701 -0.30093101 0.28500199
v 0.37689701 -0.29643101 0.28500199
v 0.37821499 -0.29961300 0.28500399
v 0.38524970 -0.30024302 0.28340369
v 0.38368234 -0.30119669 0.28321636
v 0.37627298 -0.29902548 0.28671199
v 0.37741336 -0.30055803 0.28604001
v 0.37572533 -0.29681733 0.28744367
v 0.37974450 -0.30200648 0.28491849
v 0.38141000 -0.30217701 0.28454599
v 0.38360801 -0.30224600 0.28403699
v 0.38722000 -0.29861701 0.28403801
v 0.38714299 -0.29644400 0.28454000
v 0.38614401 -0.29639548 0.28299701
v 0.38191700 -0.29147166 0.28316334
v 0.37768149 -0.29272199 0.28325000
v 0.37938449 -0.29109699 0.28789499
v 0.37739301 -0.29242301 0.28808168
v 0.31729102 -0.23235033 0.26129133
v 0.30409700 -0.24797699 0.26072150
v 0.30304798 -0.24977490 0.26069200
v 0.29794499 -0.26531750 0.25828451
v 0.29774901 -0.27113199 0.25722101
v 0.30011600 -0.28492302 0.25373849
v 0.30297700 -0.29226500 0.25183299
v 0.31168449 -0.30715048 0.24721695
v 0.31456900 -0.31070399 0.24617200
v 0.33051199 -0.32567400 0.24086300
v 0.33180350 -0.32670400 0.24036649
v 0.35002068 -0.33578667 0.23618469
v 0.31740999 -0.23247400 0.25718400
v 0.32613000 -0.22434200 0.25704500
v 0.33343449 -0.21883941 0.26064402
v 0.33603701 -0.21757700 0.25634500
v 0.35203898 -0.21285045 0.25787449
v 0.35031599 -0.21320400 0.25419399
v 0.36955899 -0.21532400 0.24975900
v 0.37193352 -0.21587601 0.25309899
v 0.39003998 -0.22559300 0.24383099
v 0.39331600 -0.22769900 0.24672696
v 0.40761799 -0.24198399 0.23789300
v 0.41186351 -0.24724050 0.24017999
v 0.42069599 -0.26511800 0.23609900
v 0.42045200 -0.26514101 0.23228800
v 0.30925399 -0.24122401 0.25706300
v 0.32672799 -0.22514591 0.25673601
v 0.31811699 -0.23318090 0.25687200
v 0.31011200 -0.24175499 0.25675601
v 0.30247599 -0.25117099 0.25637498
v 0.30343801 -0.25149000 0.25609499
v 0.29812300 -0.26550400 0.25422999
v 0.29912400 -0.26554099 0.25400901
v 0.30031401 -0.28483301 0.24978390
v 0.30123800 -0.28443900 0.24967700
v 0.31059599 -0.30523899 0.24388300
v 0.31133100 -0.30454600 0.24387500
v 0.32749999 -0.32190499 0.23801599
v 0.32691300 -0.32271600 0.23797891
v 0.35033998 -0.33458799 0.23246500
v 0.35003999 -0.33554199 0.23236901
v 0.37396899 -0.33658800 0.22886901
v 0.37410000 -0.33757901 0.22871999
v 0.39636299 -0.32836801 0.22701791
v 0.39689898 -0.32921201 0.22684500
v 0.41326499 -0.31146699 0.22699900
v 0.41410801 -0.31200600 0.22682600
v 0.42248100 -0.28920600 0.22866490
v 0.42148998 -0.28907299 0.22881401
v 0.41949800 -0.26544100 0.23238499
v 0.40682700 -0.24259791 0.23792300
v 0.38962400 -0.22652200 0.24373700
v 0.36964101 -0.21639900 0.24952699
v 0.35063499 -0.21417591 0.25391999
v 0.33651301 -0.21845700 0.25604901
v 0.37075049 -0.33821452 0.23286501
v 0.37412599 -0.33775601 0.23259200
v 0.39509898 -0.33065400 0.23065746
v 0.39699000 -0.32936600 0.23069701
v 0.41367200 -0.31320798 0.23049599
v 0.41426501 -0.31209400 0.23067699
v 0.42278734 -0.28881067 0.23249434
v 0.41059500 -0.24560091 0.24077091
v 0.39563200 -0.22964999 0.24607900
v 0.35034201 -0.33458599 0.23654999
v 0.32600001 -0.32065299 0.24258400
v 0.35016966 -0.33452666 0.24277169
v 0.34013900 -0.33028701 0.24453799
v 0.33437899 -0.32690701 0.24568801
v 0.33049101 -0.32421300 0.24653099
v 0.31855601 -0.31349200 0.24962999
v 0.30812499 -0.29960600 0.24952999
v 0.31675601 -0.31148100 0.25018799
v 0.30557901 -0.29500002 0.25451601
v 0.29932901 -0.27599701 0.25594801
v 0.30194399 -0.28655401 0.25650799
v 0.29889500 -0.27015400 0.25969699
v 0.30137998 -0.25607401 0.25973400
v 0.30296201 -0.25242400 0.26209000
v 0.30870900 -0.24348700 0.26087499
v 0.31006199 -0.24181800 0.26277301
v 0.31811899 -0.23317900 0.26106200
v 0.31812000 -0.23317800 0.26288700
v 0.32837600 -0.22380900 0.26085499
v 0.32677299 -0.22510900 0.26275301
v 0.33741701 -0.21799900 0.26204899
v 0.34096801 -0.21645799 0.25969499
v 0.35538599 -0.21396200 0.25958401
v 0.36095998 -0.21439900 0.25587201
v 0.37167498 -0.21707800 0.25639200
v 0.38458800 -0.22323200 0.24942701
v 0.38041601 -0.22089399 0.25430900
v 0.39633200 -0.23176190 0.25011900
v 0.40566501 -0.24119100 0.24246000
v 0.39830300 -0.23352191 0.24957199
v 0.40908700 -0.24550100 0.24645700
v 0.41950101 -0.26543799 0.23647091
v 0.41183600 -0.24946600 0.24559900
v 0.41519099 -0.25518599 0.24445990
v 0.41944835 -0.26525903 0.24269226
v 0.42149401 -0.28907400 0.23288500
v 0.42151099 -0.28896400 0.23977199
v 0.41334599 -0.31134501 0.23830691
v 0.41326901 -0.31146401 0.23106191
v 0.39635700 -0.32837099 0.23108099
v 0.39626101 -0.32843199 0.23832700
v 0.37397099 -0.33658701 0.23293900
v 0.37390301 -0.33659199 0.23982300
v 0.33494401 -0.32195100 0.25821400
v 0.31801701 -0.30328399 0.26425999
v 0.33721200 -0.31449401 0.27119499
v 0.32360101 -0.29075599 0.27772701
v 0.34303099 -0.30342400 0.28259301
v 0.33409899 -0.27522099 0.28446999
v 0.35254499 -0.29048100 0.28852800
v 0.34633201 -0.26099101 0.28541502
v 0.36318749 -0.27821451 0.28980798
v 0.36873099 -0.30413300 0.28613201
v 0.36119801 -0.31298801 0.28147301
v 0.35996601 -0.31456998 0.28021699
v 0.35359299 -0.32416099 0.26863199
v 0.35242900 -0.32644501 0.26452801
v 0.37606749 -0.29441249 0.28789949
v 0.34493434 -0.26091069 0.28481001
v 0.34320799 -0.26231000 0.28500199
v 0.34182650 -0.26392949 0.28462601
v 0.33894399 -0.26390499 0.28427500
v 0.33638352 -0.26414502 0.28309649
v 0.33056200 -0.24560601 0.27581400
v 0.33797401 -0.26221299 0.28363600
v 0.33643299 -0.25722998 0.28191599
v 0.33838001 -0.25847149 0.28282648
v 0.33921999 -0.25711900 0.28270200
v 0.34227800 -0.25701600 0.28350049
v 0.33682799 -0.25762701 0.28065699
v 0.34314501 -0.25698999 0.28371599
v 0.34347999 -0.25732499 0.28265199
v 0.35151300 -0.26075602 0.28632301
v 0.34859899 -0.26076800 0.28583899
v 0.34340149 -0.26100549 0.28428298
v 0.34144500 -0.26297301 0.28426850
v 0.34230199 -0.26185301 0.28468499
v 0.34191400 -0.26091099 0.28437400
v 0.34054601 -0.26095101 0.28403601
v 0.34085101 -0.26125699 0.28306600
v 0.33958000 -0.26193300 0.28401101
v 0.33995399 -0.26288798 0.28432399
v 0.33874798 -0.26307452 0.28352052
v 0.33954599 -0.25893101 0.28327098
v 0.34126601 -0.25887099 0.28371400
v 0.34214300 -0.25799301 0.28371799
v 0.34247699 -0.25832799 0.28265300
v 0.34043500 -0.25804499 0.28328300
v 0.34444851 -0.25982624 0.28449225
v 0.34186199 -0.26024601 0.28306499
v 0.34291700 -0.25989801 0.28438199
v 0.34155199 -0.25993499 0.28405100
v 0.34540400 -0.25874099 0.28469700
v 0.34639600 -0.25801250 0.28427750
v 0.34384501 -0.25826201 0.28306299
v 0.34239301 -0.25909001 0.28405699
v 0.34350652 -0.25830874 0.28413874
v 0.31262499 -0.24149600 0.26434499
v 0.34825251 -0.25749803 0.28462800
v 0.34953451 -0.25877851 0.28558800
v 0.34642300 -0.25438198 0.28264901
v 0.34610301 -0.25406101 0.28366801
v 0.34460500 -0.25553799 0.28370300
v 0.34891000 -0.25400400 0.28427801
v 0.35175002 -0.25405401 0.28453851
v 0.34987700 -0.25569001 0.28491601
v 0.36269099 -0.24723400 0.28388000
v 0.34434700 -0.23350699 0.27518800
v 0.36001101 -0.22307900 0.26922899
v 0.37732199 -0.23775800 0.27642700
v 0.38839000 -0.25806901 0.28253999
v 0.37545300 -0.26757500 0.28850201
v 0.38908300 -0.28378201 0.28611600
v 0.39793000 -0.27625701 0.28144699
v 0.39944801 -0.25226501 0.27112499
v 0.39952800 -0.27501199 0.28017601
v 0.40909901 -0.26865700 0.26858899
v 0.38876799 -0.23292400 0.26338398
v 0.40689200 -0.25001299 0.25813201
v 0.41138998 -0.26749101 0.26446199
v 0.34917700 -0.25984201 0.28550300
v 0.34578848 -0.25994802 0.28464448
v 0.34801850 -0.25942776 0.28542727
v 0.34753799 -0.25820398 0.28463548
v 0.34654200 -0.25896701 0.28500599
v 0.34489101 -0.25791401 0.28437701
v 0.34740448 -0.25700951 0.28426799
v 0.34485200 -0.25725600 0.28306201
v 0.34590399 -0.25691101 0.28436700
v 0.34454101 -0.25694400 0.28405198
v 0.34824699 -0.25593001 0.28464299
v 0.34934801 -0.25508648 0.28423297
v 0.34678400 -0.25532401 0.28305900
v 0.34550399 -0.25598800 0.28403801
v 0.34648299 -0.25502199 0.28401500
v 0.34786299 -0.25499400 0.28431901
v 0.34144944 -0.25453821 0.28260401
v 0.34043500 -0.25383350 0.28211650
v 0.33973941 -0.25282919 0.28161481
v 0.34215802 -0.25334048 0.28245598
v 0.34202933 -0.25225168 0.28209934
v 0.34102452 -0.25211850 0.28177500
v 0.34021699 -0.25272000 0.28172299
v 0.34155700 -0.25405899 0.28249800
v 0.34367433 -0.25257969 0.28264266
v 0.34404799 -0.25295502 0.28145251
v 0.34195635 -0.25059098 0.28156936
v 0.34227002 -0.25117701 0.28033251
v 0.34305900 -0.25154001 0.28216898
v 0.34284598 -0.24989401 0.28159899
v 0.34450838 -0.24980259 0.28201619
v 0.34335700 -0.24901702 0.28145668
v 0.34531498 -0.25072843 0.28251040
v 0.34585151 -0.24994522 0.28240103
v 0.34543201 -0.24919420 0.28205839
v 0.34476840 -0.24876079 0.28174859
v 0.34450769 -0.24790335 0.28139666
v 0.32982299 -0.24486700 0.27519500
v 0.33471501 -0.21810791 0.26065600
v 0.35607201 -0.21281400 0.25715399
v 0.37719899 -0.21804999 0.25174800
v 0.41255000 -0.28776500 0.26437399
v 0.40538901 -0.30636099 0.26438901
v 0.39925501 -0.28817901 0.27997500
v 0.39405000 -0.29997700 0.27998501
v 0.38492998 -0.30909401 0.27999499
v 0.39129800 -0.32044998 0.26440501
v 0.37270099 -0.32760799 0.26441899
v 0.37312999 -0.31429601 0.28000501
v 0.29653099 -0.26181501 0.25954601
v 0.29752699 -0.28262100 0.25495899
v 0.29919401 -0.28799099 0.25353500
v 0.30784100 -0.30488500 0.24859491
v 0.31339800 -0.31227699 0.24622799
v 0.32484099 -0.32368201 0.24227400
v 0.33159998 -0.32874998 0.24033800
v 0.34936601 -0.33749801 0.23626800
v 0.37429300 -0.33965501 0.23249100
v 0.39799801 -0.33098400 0.23054990
v 0.41588101 -0.31310701 0.23052900
v 0.42455998 -0.28940299 0.23243199
v 0.42241099 -0.26445299 0.23618600
v 0.41367301 -0.24669400 0.24024200
v 0.40867099 -0.24000600 0.24215400
v 0.39721701 -0.22848991 0.24612799
v 0.39007100 -0.22309200 0.24842100
v 0.37294501 -0.21427199 0.25344601
v 0.36754200 -0.21259090 0.25488400
v 0.34657201 -0.21162800 0.25952199
v 0.32952100 -0.24456300 0.27668601
v 0.31865200 -0.25446200 0.27556601
v 0.33875600 -0.25379100 0.28323999
v 0.34497401 -0.26000500 0.28646901
v 0.40112901 -0.27410099 0.28071800
v 0.41551000 -0.28779700 0.26196900
v 0.40100500 -0.28809899 0.28053701
v 0.40792599 -0.30783600 0.26198500
v 0.39553601 -0.30079299 0.28054699
v 0.38576299 -0.31056899 0.28055799
v 0.37889400 -0.29392299 0.28926599
v 0.37228599 -0.30072501 0.28859600
v 0.38567299 -0.28733701 0.28858501
v 0.39274800 -0.28090701 0.28628099
v 0.37273401 -0.33056998 0.26201800
v 0.35906601 -0.31616300 0.28077000
v 0.37306800 -0.31604099 0.28056899
v 0.36584699 -0.30781299 0.28629601
v 0.39277399 -0.32298601 0.26200199
v 0.33288801 -0.32570201 0.25145400
v 0.33390298 -0.32036200 0.26328200
v 0.31467998 -0.30716500 0.25778300
v 0.33680400 -0.31233498 0.27542701
v 0.31729701 -0.29840401 0.27050900
v 0.30254099 -0.27943000 0.26440200
v 0.34320700 -0.30109900 0.28538200
v 0.32400799 -0.28569600 0.28115499
v 0.30941400 -0.26725900 0.27264899
v 0.33392501 -0.27179000 0.28569299
v 0.36068800 -0.27571499 0.29105601
v 0.36276999 -0.27779701 0.29127899
v 0.35246101 -0.28880599 0.29021901
v 0.37377799 -0.26748899 0.29019499
v 0.38606501 -0.25823998 0.28533500
v 0.37065899 -0.23904499 0.28110200
v 0.38335800 -0.23234500 0.27043000
v 0.36437500 -0.21759801 0.26433200
v 0.35220900 -0.22446300 0.27260199
v 0.35675901 -0.24895699 0.28566700
v 0.33941701 -0.23369691 0.27554300
v 0.39729100 -0.25184801 0.27535900
v 0.40530398 -0.24896100 0.26319999
v 0.41063100 -0.24795900 0.25136599
v 0.39210400 -0.22974300 0.25769100
v 0.30802199 -0.27506900 0.26928100
v 0.31845900 -0.25939500 0.27521601
v 0.38136449 -0.30118001 0.28300250
v 0.37894851 -0.30107552 0.28325400
v 0.37620699 -0.29722050 0.28325349
v 0.37821499 -0.29961300 0.28300399
v 0.37689799 -0.29642901 0.28300199
v 0.37821400 -0.29324999 0.28300002
v 0.38457701 -0.29325101 0.28299600
v 0.38457799 -0.29961401 0.28300002
v -0.34220099 0.25287098 0.28084549
v -0.34254652 0.25373650 0.28122652
v -0.34133601 0.25252652 0.28046501
v -0.34337768 0.24996834 0.28029969
v -0.34429502 0.24884799 0.28023452
v -0.34566876 0.25102976 0.28135449
v -0.31596801 0.25155199 0.24570900
v -0.31611833 0.25212702 0.24635155
v -0.31503001 0.25078002 0.24583136
v -0.38457900 0.29324901 0.28499600
v -0.38589701 0.29643101 0.28499699
v -0.38139701 0.29193100 0.28499699
v -0.38375849 0.29119599 0.28679249
v -0.38179836 0.29075634 0.28743333
v -0.38554966 0.29243135 0.28605002
v -0.38616133 0.29871768 0.28321433
v -0.38603750 0.29397851 0.28324598
v -0.38697201 0.29477352 0.28491199
v -0.34035650 0.26044801 0.28265500
v -0.33909100 0.25847799 0.28163600
v -0.34002849 0.26011848 0.28369850
v -0.31589299 0.23095100 0.26205301
v -0.32966000 0.21893600 0.26164800
v -0.30381399 0.24481000 0.26166999
v -0.41320100 0.26665699 0.26394001
v -0.40231401 0.27322701 0.27961200
v -0.41412899 0.26625401 0.26198301
v -0.35159299 0.32827300 0.26397899
v -0.35119501 0.32918900 0.26205400
v -0.35816401 0.31738600 0.27963001
v -0.33965901 0.25348401 0.28024000
v -0.34041601 0.25313267 0.28036702
v -0.34182233 0.25497767 0.28139067
v -0.34194499 0.25444901 0.28126299
v -0.34512374 0.24983999 0.28080800
v -0.34587520 0.24948278 0.28093138
v -0.34510899 0.24803400 0.28023401
v -0.34626749 0.25031400 0.28131700
v -0.31433859 0.24374080 0.24622256
v -0.31452924 0.24415325 0.24697068
v -0.31109703 0.24705470 0.24620572
v -0.31322563 0.24282463 0.24600424
v -0.30993402 0.24589200 0.24605057
v -0.31431001 0.24387950 0.24940851
v -0.31541985 0.24505731 0.25105852
v -0.31116199 0.24709541 0.24954100
v -0.31102449 0.24695900 0.24831299
v -0.31230798 0.24816963 0.25106218
v -0.31559035 0.24518082 0.26123384
v -0.31233779 0.24828736 0.26116639
v -0.31341618 0.24926499 0.26152262
v -0.31644902 0.24600434 0.26160938
v -0.31703699 0.24634300 0.26089299
v -0.31680301 0.24644011 0.25106302
v -0.31369120 0.24955234 0.25106651
v -0.31360501 0.24977499 0.26089701
v -0.31591263 0.25236741 0.27122119
v -0.30927089 0.24560009 0.26377410
v -0.30955532 0.24554068 0.24670900
v -0.31129301 0.24727768 0.24711335
v -0.31448501 0.25041750 0.25022602
v -0.31486249 0.25079602 0.24910450
v -0.31464458 0.25070286 0.24668615
v -0.31779402 0.24733697 0.24685517
v -0.31929415 0.24866602 0.24624446
v -0.31825352 0.24786116 0.24595432
v -0.31802148 0.24759096 0.24923095
v -0.31639153 0.24525249 0.26836598
v -0.31301266 0.24204364 0.26457417
v -0.31278634 0.24230997 0.24670528
v -0.31216133 0.24210268 0.26387668
v -0.31080601 0.24340099 0.26359898
v -0.31962469 0.24873918 0.27184203
v -0.31952500 0.24928434 0.24654931
v -0.31659624 0.25243101 0.27182424
v -0.31827301 0.25081849 0.27207798
v -0.30899000 0.24463300 0.26350799
v -0.31203800 0.24909800 0.26773700
v -0.31959999 0.24953291 0.27236199
v -0.33087581 0.22506419 0.24598077
v -0.33048803 0.22467561 0.24654661
v -0.33185101 0.22603941 0.24598397
v -0.33220321 0.22639060 0.24683599
v -0.33191749 0.22613150 0.24902496
v -0.33053488 0.22439674 0.26373461
v -0.33228299 0.22649600 0.25016299
v -0.33309984 0.22738132 0.25104317
v -0.32783768 0.22838466 0.24593399
v -0.33375341 0.23436402 0.24622796
v -0.33695233 0.23104772 0.24616957
v -0.33725500 0.23157500 0.24668550
v -0.33739099 0.23145634 0.27163401
v -0.33579701 0.23329395 0.27205500
v -0.33405530 0.23466516 0.27200845
v -0.33248100 0.23305899 0.24938151
v -0.33230942 0.23301199 0.24671213
v -0.33267635 0.23307166 0.24585333
v -0.33546400 0.22965120 0.24688280
v -0.33576500 0.22997999 0.24833696
v -0.33561251 0.22982600 0.24956749
v -0.33591115 0.23016316 0.24596232
v -0.33455801 0.22863373 0.26109874
v -0.33395499 0.22739750 0.26751649
v -0.33383363 0.22810417 0.26174441
v -0.33320302 0.22737402 0.26109961
v -0.33725068 0.23074234 0.27101469
v -0.33448267 0.22876467 0.25103849
v -0.33137050 0.23187682 0.25104201
v -0.33121550 0.23174530 0.26121333
v -0.33056933 0.23125130 0.26191169
v -0.32690945 0.22801942 0.26453128
v -0.32999980 0.23059340 0.26111919
v -0.32998782 0.23049365 0.25104669
v -0.32876951 0.22934699 0.24922600
v -0.32727721 0.22788757 0.24654840
v -0.32883859 0.22954115 0.24666916
v -0.32704532 0.22721867 0.26386034
v -0.32835752 0.22584949 0.26357698
v -0.32879600 0.22927400 0.24587700
v -0.32991248 0.22390001 0.26354849
v -0.33312699 0.23470099 0.27182999
v -0.32992601 0.23150299 0.26854900
v -0.38457900 0.29961300 0.28500003
v -0.37821499 0.29324901 0.28500003
v -0.38139701 0.30093101 0.28500199
v -0.37689701 0.29643101 0.28500199
v -0.37821499 0.29961300 0.28500399
v -0.38524970 0.30024302 0.28340369
v -0.38368234 0.30119669 0.28321636
v -0.37627298 0.29902548 0.28671199
v -0.37741336 0.30055803 0.28604001
v -0.37572533 0.29681733 0.28744367
v -0.37974450 0.30200648 0.28491849
v -0.38141000 0.30217701 0.28454599
v -0.38360801 0.30224600 0.28403699
v -0.38722000 0.29861701 0.28403801
v -0.38714299 0.29644400 0.28454000
v -0.38614401 0.29639548 0.28299701
v -0.38191700 0.29147166 0.28316334
v -0.37768149 0.29272199 0.28325000
v -0.37938449 0.29109699 0.28789499
v -0.37739301 0.29242301 0.28808168
v -0.31729102 0.23235033 0.26129133
v -0.30409700 0.24797699 0.26072150
v -0.30304798 0.24977490 0.26069200
v -0.29794499 0.26531750 0.25828451
v -0.29774901 0.27113199 0.25722101
v -0.30011600 0.28492302 0.25373849
v -0.30297700 0.29226500 0.25183299
v -0.31168449 0.30715048 0.24721695
v -0.31456900 0.31070399 0.24617200
v -0.33051199 0.32567400 0.24086300
v -0.33180350 0.32670400 0.24036649
v -0.35002068 0.33578667 0.23618469
v -0.31740999 0.23247400 0.25718400
v -0.32613000 0.22434200 0.25704500
v -0.33343449 0.21883941 0.26064402
v -0.33603701 0.21757700 0.25634500
v -0.35203898 0.21285045 0.25787449
v -0.35031599 0.21320400 0.25419399
v -0.36955899 0.21532400 0.24975900
v -0.37193352 0.21587601 0.25309899
v -0.39003998 0.22559300 0.24383099
v -0.39331600 0.22769900 0.24672696
v -0.40761799 0.24198399 0.23789300
v -0.41186351 0.24724050 0.24017999
v -0.42069599 0.26511800 0.23609900
v -0.42045200 0.26514101 0.23228800
v -0.30925399 0.24122401 0.25706300
v -0.32672799 0.22514591 0.25673601
v -0.31811699 0.23318090 0.25687200
v -0.31011200 0.24175499 0.25675601
v -0.30247599 0.25117099 0.25637498
v -0.30343801 0.25149000 0.25609499
v -0.29812300 0.26550400 0.25422999
v -0.29912400 0.26554099 0.25400901
v -0.30031401 0.28483301 0.24978390
v -0.30123800 0.28443900 0.24967700
v -0.31059599 0.30523899 0.24388300
v -0.31133100 0.30454600 0.24387500
v -0.32749999 0.32190499 0.23801599
v -0.32691300 0.32271600 0.23797891
v -0.35033998 0.33458799 0.23246500
v -0.35003999 0.33554199 0.23236901
v -0.37396899 0.33658800 0.22886901
v -0.37410000 0.33757901 0.22871999
v -0.39636299 0.32836801 0.22701791
v -0.39689898 0.32921201 0.22684500
v -0.41326499 0.31146699 0.22699900
v -0.41410801 0.31200600 0.22682600
v -0.42248100 0.28920600 0.22866490
v -0.42148998 0.28907299 0.22881401
v -0.41949800 0.26544100 0.23238499
v -0.40682700 0.24259791 0.23792300
v -0.38962400 0.22652200 0.24373700
v -0.36964101 0.21639900 0.24952699
v -0.35063499 0.21417591 0.25391999
v -0.33651301 0.21845700 0.25604901
v -0.37075049 0.33821452 0.23286501
v -0.37412599 0.33775601 0.23259200
v -0.39509898 0.33065400 0.23065746
v -0.39699000 0.32936600 0.23069701
v -0.41367200 0.31320798 0.23049599
v -0.41426501 0.31209400 0.23067699
v -0.42278734 0.28881067 0.23249434
v -0.41059500 0.24560091 0.24077091
v -0.39563200 0.22964999 0.24607900
v -0.35034201 0.33458599 0.23654999
v -0.32600001 0.32065299 0.24258400
v -0.35016966 0.33452666 0.24277169
v -0.34013900 0.33028701 0.24453799
v -0.33437899 0.32690701 0.24568801
v -0.33049101 0.32421300 0.24653099
v -0.31855601 0.31349200 0.24962999
v -0.30812499 0.29960600 0.24952999
v -0.31675601 0.31148100 0.25018799
v -0.30557901 0.29500002 0.25451601
v -0.29932901 0.27599701 0.25594801
v -0.30194399 0.28655401 0.25650799
v -0.29889500 0.27015400 0.25969699
v -0.30137998 0.25607401 0.25973400
v -0.30296201 0.25242400 0.26209000
v -0.30870900 0.24348700 0.26087499
v -0.31006199 0.24181800 0.26277301
v -0.31811899 0.23317900 0.26106200
v -0.31812000 0.23317800 0.26288700
v -0.32837600 0.22380900 0.26085499
v -0.32677299 0.22510900 0.26275301
v -0.33741701 0.21799900 0.26204899
v -0.34096801 0.21645799 0.25969499
v -0.35538599 0.21396200 0.25958401
v -0.36095998 0.21439900 0.25587201
v -0.37167498 0.21707800 0.25639200
v -0.38458800 0.22323200 0.24942701
v -0.38041601 0.22089399 0.25430900
v -0.39633200 0.23176190 0.25011900
v -0.40566501 0.24119100 0.24246000
v -0.39830300 0.23352191 0.24957199
v -0.40908700 0.24550100 0.24645700
v -0.41950101 0.26543799 0.23647091
v -0.41183600 0.24946600 0.24559900
v -0.41519099 0.25518599 0.24445990
v -0.41944835 0.26525903 0.24269226
v -0.42149401 0.28907400 0.23288500
v -0.42151099 0.28896400 0.23977199
v -0.41334599 0.31134501 0.23830691
v -0.41326901 0.31146401 0.23106191
v -0.39635700 0.32837099 0.23108099
v -0.39626101 0.32843199 0.23832700
v -0.37397099 0.33658701 0.23293900
v -0.37390301 0.33659199 0.23982300
v -0.33494401 0.32195100 0.25821400
v -0.31801701 0.30328399 0.26425999
v -0.33721200 0.31449401 0.27119499
v -0.32360101 0.29075599 0.27772701
v -0.34303099 0.30342400 0.28259301
v -0.33409899 0.27522099 0.28446999
v -0.35254499 0.29048100 0.28852800
v -0.34633201 0.26099101 0.28541502
v -0.36318749 0.27821451 0.28980798
v -0.36873099 0.30413300 0.28613201
v -0.36119801 0.31298801 0.28147301
v -0.35996601 0.31456998 0.28021699
v -0.35359299 0.32416099 0.26863199
v -0.35242900 0.32644501 0.26452801
v -0.37606749 0.29441249 0.28789949
v -0.34493434 0.26091069 0.28481001
v -0.34320799 0.26231000 0.28500199
v -0.34182650 0.26392949 0.28462601
v -0.33894399 0.26390499 0.28427500
v -0.33638352 0.26414502 0.28309649
v -0.33056200 0.24560601 0.27581400
v -0.33797401 0.26221299 0.28363600
v -0.33643299 0.25722998 0.28191599
v -0.33838001 0.25847149 0.28282648
v -0.33921999 0.25711900 0.28270200
v -0.34227800 0.25701600 0.28350049
v -0.33682799 0.25762701 0.28065699
v -0.34314501 0.25698999 0.28371599
v -0.34347999 0.25732499 0.28265199
v -0.35151300 0.26075602 0.28632301
v -0.34859899 0.26076800 0.28583899
v -0.34340149 0.26100549 0.28428298
v -0.34144500 0.26297301 0.28426850
v -0.34230199 0.26185301 0.28468499
v -0.34191400 0.26091099 0.28437400
v -0.34054601 0.26095101 0.28403601
v -0.34085101 0.26125699 0.28306600
v -0.33958000 0.26193300 0.28401101
v -0.33995399 0.26288798 0.28432399
v -0.33874798 0.26307452 0.28352052
v -0.33954599 0.25893101 0.28327098
v -0.34126601 0.25887099 0.28371400
v -0.34214300 0.25799301 0.28371799
v -0.34247699 0.25832799 0.28265300
v -0.34043500 0.25804499 0.28328300
v -0.34444851 0.25982624 0.28449225
v -0.34186199 0.26024601 0.28306499
v -0.34291700 0.25989801 0.28438199
v -0.34155199 0.25993499 0.28405100
v -0.34540400 0.25874099 0.28469700
v -0.34639600 0.25801250 0.28427750
v -0.34384501 0.25826201 0.28306299
v -0.34239301 0.25909001 0.28405699
v -0.34350652 0.25830874 0.28413874
v -0.31262499 0.24149600 0.26434499
v -0.34825251 0.25749803 0.28462800
v -0.34953451 0.25877851 0.28558800
v -0.34642300 0.25438198 0.28264901
v -0.34610301 0.25406101 0.28366801
v -0.34460500 0.25553799 0.28370300
v -0.34891000 0.25400400 0.28427801
v -0.35175002 0.25405401 0.28453851
v -0.34987700 0.25569001 0.28491601
v -0.36269099 0.24723400 0.28388000
v -0.34434700 0.23350699 0.27518800
v -0.36001101 0.22307900 0.26922899
v -0.37732199 0.23775800 0.27642700
v -0.38839000 0.25806901 0.28253999
v -0.37545300 0.26757500 0.28850201
v -0.38908300 0.28378201 0.28611600
v -0.39793000 0.27625701 0.28144699
v -0.39944801 0.25226501 0.27112499
v -0.39952800 0.27501199 0.28017601
v -0.40909901 0.26865700 0.26858899
v -0.38876799 0.23292400 0.26338398
v -0.40689200 0.25001299 0.25813201
v -0.41138998 0.26749101 0.26446199
v -0.34917700 0.25984201 0.28550300
v -0.34578848 0.25994802 0.28464448
v -0.34801850 0.25942776 0.28542727
v -0.34753799 0.25820398 0.28463548
v -0.34654200 0.25896701 0.28500599
v -0.34489101 0.25791401 0.28437701
v -0.34740448 0.25700951 0.28426799
v -0.34485200 0.25725600 0.28306201
v -0.34590399 0.25691101 0.28436700
v -0.34454101 0.25694400 0.28405198
v -0.34824699 0.25593001 0.28464299
v -0.34934801 0.25508648 0.28423297
v -0.34678400 0.25532401 0.28305900
v -0.34550399 0.25598800 0.28403801
v -0.34648299 0.25502199 0.28401500
v -0.34786299 0.25499400 0.28431901
v -0.34144944 0.25453821 0.28260401
v -0.34043500 0.25383350 0.28211650
v -0.33973941 0.25282919 0.28161481
v -0.34215802 0.25334048 0.28245598
v -0.34202933 0.25225168 0.28209934
v -0.34102452 0.25211850 0.28177500
v -0.34021699 0.25272000 0.28172299
v -0.34155700 0.25405899 0.28249800
v -0.34367433 0.25257969 0.28264266
v -0.34404799 0.25295502 0.28145251
v -0.34195635 0.25059098 0.28156936
v -0.34227002 0.25117701 0.28033251
v -0.34305900 0.25154001 0.28216898
v -0.34284598 0.24989401 0.28159899
v -0.34450838 0.24980259 0.28201619
v -0.34335700 0.24901702 0.28145668
v -0.34531498 0.25072843 0.28251040
v -0.34585151 0.24994522 0.28240103
v -0.34543201 0.24919420 0.28205839
v -0.34476840 0.24876079 0.28174859
v -0.34450769 0.24790335 0.28139666
v -0.32982299 0.24486700 0.27519500
v -0.33471501 0.21810791 0.26065600
v -0.35607201 0.21281400 0.25715399
v -0.37719899 0.21804999 0.25174800
v -0.41255000 0.28776500 0.26437399
v -0.40538901 0.30636099 0.26438901
v -0.39925501 0.28817901 0.27997500
v -0.39405000 0.29997700 0.27998501
v -0.38492998 0.30909401 0.27999499
v -0.39129800 0.32044998 0.26440501
v -0.37270099 0.32760799 0.26441899
v -0.37312999 0.31429601 0.28000501
v -0.29653099 0.26181501 0.25954601
v -0.29752699 0.28262100 0.25495899
v -0.29919401 0.28799099 0.25353500
v -0.30784100 0.30488500 0.24859491
v -0.31339800 0.31227699 0.24622799
v -0.32484099 0.32368201 0.24227400
v -0.33159998 0.32874998 0.24033800
v -0.34936601 0.33749801 0.23626800
v -0.37429300 0.33965501 0.23249100
v -0.39799801 0.33098400 0.23054990
v -0.41588101 0.31310701 0.23052900
v -0.42455998 0.28940299 0.23243199
v -0.42241099 0.26445299 0.23618600
v -0.41367301 0.24669400 0.24024200
v -0.40867099 0.24000600 0.24215400
v -0.39721701 0.22848991 0.24612799
v -0.39007100 0.22309200 0.24842100
v -0.37294501 0.21427199 0.25344601
v -0.36754200 0.21259090 0.25488400
v -0.34657201 0.21162800 0.25952199
v -0.32952100 0.24456300 0.27668601
v -0.31865200 0.25446200 0.27556601
v -0.33875600 0.25379100 0.28323999
v -0.34497401 0.26000500 0.28646901
v -0.40112901 0.27410099 0.28071800
v -0.41551000 0.28779700 0.26196900
v -0.40100500 0.28809899 0.28053701
v -0.40792599 0.30783600 0.26198500
v -0.39553601 0.30079299 0.28054699
v -0.38576299 0.31056899 0.28055799
v -0.37889400 0.29392299 0.28926599
v -0.37228599 0.30072501 0.28859600
v -0.38567299 0.28733701 0.28858501
v -0.39274800 0.28090701 0.28628099
v -0.37273401 0.33056998 0.26201800
v -0.35906601 0.31616300 0.28077000
v -0.37306800 0.31604099 0.28056899
v -0.36584699 0.30781299 0.28629601
v -0.39277399 0.32298601 0.26200199
v -0.33288801 0.32570201 0.25145400
v -0.33390298 0.32036200 0.26328200
v -0.31467998 0.30716500 0.25778300
v -0.33680400 0.31233498 0.27542701
v -0.31729701 0.29840401 0.27050900
v -0.30254099 0.27943000 0.26440200
v -0.34320700 0.30109900 0.28538200
v -0.32400799 0.28569600 0.28115499
v -0.30941400 0.26725900 0.27264899
v -0.33392501 0.27179000 0.28569299
v -0.36068800 0.27571499 0.29105601
v -0.36276999 0.27779701 0.29127899
v -0.35246101 0.28880599 0.29021901
v -0.37377799 0.26748899 0.29019499
v -0.38606501 0.25823998 0.28533500
v -0.37065899 0.23904499 0.28110200
v -0.38335800 0.23234500 0.27043000
v -0.36437500 0.21759801 0.26433200
v -0.35220900 0.22446300 0.27260199
v -0.35675901 0.24895699 0.28566700
v -0.33941701 0.23369691 0.27554300
v -0.39729100 0.25184801 0.27535900
v -0.40530398 0.24896100 0.26319999
v -0.41063100 0.24795900 0.25136599
v -0.39210400 0.22974300 0.25769100
v -0.30802199 0.27506900 0.26928100
v -0.31845900 0.25939500 0.27521601
v -0.38136449 0.30118001 0.28300250
v -0.37894851 0.30107552 0.28325400
v -0.37620699 0.29722050 0.28325349
v -0.37821499 0.29961300 0.28300399
v -0.37689799 0.29642901 0.28300199
v -0.37821400 0.29324999 0.28300002
v -0.38457701 0.29325101 0.28299600
v -0.38457799 0.29961401 0.28300002
v -0.03639636 0.06700615 0.06807552
v -0.03661126 0.06720942 0.06956334
v -0.03708810 0.06775901 0.06706563
v -0.03872194 0.06942413 0.06708878
v -0.03801788 0.06870456 0.06722071
v -0.03785970 0.06845945 0.07033564
v -0.03309699 0.06382111 0.06510878
v -0.03279416 0.06341118 0.06589087
v -0.03355329 0.06425451 0.06562480
v -0.03379411 0.06443533 0.06884000
v -0.03316018 0.06388022 0.06698216
v -0.03240934 0.06305516 0.06687847
v -0.03291330 0.06364097 0.06859044
v -0.01433386 0.04556568 0.06296586
v -0.01416242 0.04540744 0.05823475
v -0.01276273 0.04393135 0.06655171
v -0.00689150 0.03784345 0.06791978
v -0.00834266 0.03908665 0.06879923
v -0.00966491 0.04066636 0.06858318
v -0.01125982 0.04209199 0.06840768
v -0.01206180 0.04322634 0.05460599
v -0.00881304 0.04011830 0.05375896
v -0.00446796 0.03593385 0.06390665
v -0.00591704 0.03684860 0.05489371
v -0.00485202 0.03609789 0.05677874
v -0.00404662 0.03525168 0.05906890
v -0.00383323 0.03457725 0.05890399
v -0.00475800 0.03544425 0.05620081
v -0.00372863 0.03466487 0.06054693
v -0.00384954 0.03478789 0.06269302
v -0.00465884 0.03553573 0.06541088
v -0.00555764 0.03640645 0.06686061
v -0.06833081 0.09610751 0.09181991
v -0.06788001 0.09723933 0.09136751
v -0.06772641 0.09503260 0.09130587
v -0.06683218 0.09602886 0.09078557
v -0.06761111 0.09768613 0.09014327
v -0.06657910 0.09668605 0.08952158
v -0.07055300 0.09269946 0.09195418
v -0.07140988 0.09070819 0.09133918
v -0.06998157 0.09141175 0.09108287
v -0.07198226 0.08898831 0.09101295
v -0.07270228 0.09022850 0.09209919
v -0.07551546 0.08674666 0.09129146
v -0.08975207 0.11757497 0.06593622
v -0.08829953 0.11773688 0.06576784
v -0.09059191 0.11808201 0.06699126
v -0.08946239 0.11884300 0.06743389
v -0.08736658 0.11752000 0.06646925
v -0.08779746 0.11805700 0.06762456
v -0.08854985 0.11885100 0.06853747
v -0.12918234 0.14120132 0.10945934
v -0.13111298 0.14350052 0.10643899
v -0.12724891 0.13969134 0.11290407
v -0.12411723 0.13613024 0.11423094
v -0.12102000 0.13303199 0.11534500
v -0.11804703 0.13005866 0.11400867
v -0.11301058 0.12502457 0.10930444
v -0.11498600 0.12699799 0.11262600
v -0.09388489 0.10590101 0.09902936
v -0.09315431 0.10553500 0.10012020
v -0.10607838 0.11844216 0.10407037
v -0.13166143 0.14368741 0.10161439
v -0.13197000 0.14399990 0.09711748
v -0.13060559 0.14263791 0.09313343
v -0.12909792 0.14113399 0.08913159
v -0.12643424 0.13847063 0.08696803
v -0.11027123 0.12270787 0.07288598
v -0.10991500 0.12195700 0.07388240
v -0.07535321 0.08666416 0.08976575
v -0.06962652 0.08093594 0.08933639
v -0.06965339 0.08096408 0.08780699
v -0.06889926 0.08012586 0.08879117
v -0.05944511 0.08718849 0.08897579
v -0.06275659 0.08495979 0.08945220
v -0.06063934 0.08791450 0.08902131
v -0.06658869 0.08375418 0.08930356
v -0.06491959 0.08420008 0.08924865
v -0.06835211 0.07966077 0.08981926
v -0.06514126 0.08277738 0.08968079
v -0.06416107 0.08574718 0.08923561
v -0.06419539 0.09146475 0.09016329
v -0.05981267 0.08898038 0.08851746
v -0.05858004 0.08790263 0.08835690
v -0.05842512 0.08845542 0.08718841
v -0.05956429 0.08963626 0.08724385
v -0.06306868 0.09315747 0.08838140
v -0.09808458 0.12836328 0.10018767
v -0.08278769 0.11293500 0.09519267
v -0.09825151 0.12780350 0.10121652
v -0.09882682 0.12692927 0.10176947
v -0.11005767 0.12207399 0.10552196
v -0.10279600 0.13088700 0.10416201
v -0.10588725 0.13395768 0.10798637
v -0.10243601 0.12254401 0.10264599
v -0.08361965 0.11157301 0.09687060
v -0.07297319 0.09190238 0.09307790
v -0.07743651 0.08733068 0.09341526
v -0.07655328 0.08644789 0.09253018
v -0.07636868 0.08626482 0.09061817
v -0.07587635 0.08577316 0.08958088
v -0.07011814 0.08001452 0.08786491
v -0.06948618 0.07938172 0.08873695
v -0.09327340 0.10508300 0.09880286
v -0.09293157 0.10416101 0.09860765
v -0.09235179 0.10259501 0.09826940
v -0.09132176 0.10121700 0.09788239
v -0.02229520 0.03369555 0.04464920
v -0.02197947 0.03433338 0.04472716
v -0.02322898 0.03314590 0.04471354
v -0.09329235 0.12080200 0.06920498
v -0.09613207 0.12373930 0.07151661
v -0.09486980 0.12428201 0.07185858
v -0.09125339 0.12157300 0.07074546
v -0.05121534 0.08241542 0.06183403
v -0.09395768 0.12429599 0.07295429
v -0.10216589 0.13352598 0.09140861
v -0.10699300 0.13726200 0.08249895
v -0.09489841 0.12520500 0.07343667
v -0.10153500 0.13176601 0.07804065
v -0.09592187 0.12611900 0.07345670
v -0.10773501 0.13728201 0.08157259
v -0.09642865 0.12590341 0.07241903
v -0.10867501 0.13676800 0.08106106
v -0.10322500 0.13127491 0.07658380
v -0.11768025 0.14577001 0.08841643
v -0.12212099 0.14223200 0.08764575
v -0.11897300 0.14704201 0.08963960
v -0.12031300 0.14836100 0.09149086
v -0.12162890 0.14965799 0.09444648
v -0.12244300 0.15045100 0.09894199
v -0.09751006 0.12551200 0.07191994
v -0.12168001 0.14966999 0.10516601
v -0.11826502 0.14624600 0.11084690
v -0.11404500 0.14203200 0.11291600
v -0.11077601 0.13877800 0.11251600
v -0.10849601 0.13651800 0.11116800
v -0.10698100 0.13502499 0.10961200
v -0.10943700 0.12952700 0.10877000
v -0.10249200 0.12151399 0.07106065
v -0.10641100 0.11633202 0.07048291
v -0.10738276 0.11730479 0.07092508
v -0.10866953 0.11886199 0.07147485
v -0.10905199 0.12003402 0.07213177
v -0.10944336 0.12121537 0.07277519
v -0.09680789 0.12469400 0.07172107
v -0.10566901 0.11559001 0.07082408
v -0.10077600 0.12048400 0.07106548
v -0.07042497 0.10051100 0.05263257
v -0.05404348 0.08408163 0.03925395
v -0.05485439 0.08420559 0.03829733
v -0.04613155 0.07731580 0.05934011
v -0.04777172 0.07855226 0.06672886
v -0.04632276 0.07746976 0.06362670
v -0.04527887 0.07604718 0.06060346
v -0.04084390 0.07201129 0.05764687
v -0.04328095 0.07445037 0.05992192
v -0.04176179 0.07239489 0.05924400
v -0.04920066 0.07918489 0.08430469
v -0.04553747 0.07662206 0.06593948
v -0.04341202 0.07338380 0.08243590
v -0.04361094 0.07430334 0.06513453
v -0.04290980 0.07388007 0.06809949
v -0.04255832 0.07310624 0.07106613
v -0.04078406 0.07175695 0.06723928
v -0.03942097 0.07010179 0.06354111
v -0.04551815 0.07552689 0.03459423
v -0.03665405 0.06666852 0.03404337
v -0.03994077 0.07109791 0.05541723
v -0.03870466 0.06934123 0.05174361
v -0.03788757 0.06903487 0.05470621
v -0.03752748 0.06835641 0.05744445
v -0.03508199 0.06623054 0.05680870
v -0.03333250 0.06426399 0.05628511
v -0.02790161 0.05796420 0.03757870
v -0.02810674 0.05747973 0.03640449
v -0.02728855 0.05735463 0.03797882
v -0.02728962 0.05666685 0.03694117
v -0.02853381 0.05639147 0.03591989
v -0.02785569 0.05571830 0.03636628
v -0.02230624 0.04696885 0.04062719
v -0.01749986 0.04542493 0.04318368
v -0.00702909 0.03506079 0.05007308
v -0.00623353 0.03574403 0.05080040
v -0.00622728 0.03645061 0.05177391
v -0.01692825 0.04705065 0.04476696
v -0.01551300 0.04021642 0.04509076
v -0.03281587 0.05176270 0.03488177
v -0.02631431 0.05743127 0.05736805
v -0.03391420 0.06488758 0.06531709
v -0.03436607 0.06549847 0.05906559
v -0.03520609 0.06577759 0.06931778
v -0.03511208 0.06600695 0.06739419
v -0.03573674 0.06649096 0.06596653
v -0.03580336 0.06661256 0.06219357
v -0.03687728 0.06684898 0.08033329
v -0.03452903 0.06531417 0.06938087
v -0.05582191 0.08365373 0.03772932
v -0.09393268 0.11292990 0.06405657
v -0.06034404 0.07928122 0.03658789
v -0.08907759 0.11703800 0.06497317
v -0.07215309 0.10003800 0.05110234
v -0.09859449 0.10851902 0.06374728
v -0.09913659 0.10906102 0.06454206
v -0.09427631 0.11395201 0.06574130
v -0.09929847 0.10922201 0.06562095
v -0.06520288 0.07514009 0.03570749
v -0.09951418 0.11901499 0.07101237
v -0.09509737 0.11456199 0.06738990
v -0.09754258 0.11661574 0.06922710
v -0.09735357 0.11491200 0.06845334
v -0.09868895 0.11409846 0.06866577
v -0.10000199 0.10992501 0.06749469
v -0.10417002 0.11409099 0.07089889
v -0.09986955 0.11476806 0.06942113
v -0.09974701 0.11617346 0.06994592
v -0.09883308 0.11695600 0.06989300
v -0.09249900 0.10462654 0.09989043
v -0.09208411 0.10360700 0.09972558
v -0.09156919 0.10211638 0.09936131
v -0.09063951 0.10080793 0.09892752
v -0.06885026 0.07874449 0.09005205
v -0.06778365 0.07767748 0.09030997
v -0.05010162 0.06018387 0.08553931
v -0.02930620 0.03922854 0.04055414
v -0.02846497 0.04003909 0.04070005
v -0.02126711 0.03516166 0.04473627
v -0.02748531 0.04096074 0.04076932
v -0.02674324 0.04176082 0.04071610
v -0.02596208 0.04256653 0.04072108
v -0.02513608 0.04345955 0.04069839
v -0.02441737 0.04416453 0.04077647
v -0.02355213 0.04510665 0.04078918
v -0.02941581 0.03933845 0.03980250
v -0.02294095 0.04586548 0.04074876
v -0.02578717 0.04332602 0.03986746
v -0.03708335 0.04701306 0.03414474
v -0.09945929 0.10938200 0.06669735
v -0.10492802 0.11484900 0.07116597
v -0.01521216 0.02552055 0.04769943
v -0.02263204 0.03254910 0.04427634
v -0.01118298 0.02154431 0.05204523
v -0.01210665 0.02201378 0.05292499
v -0.00966111 0.01976041 0.05893931
v -0.01019075 0.02031178 0.06597748
v -0.01270025 0.02305549 0.07223523
v -0.01348960 0.02338182 0.07116800
v -0.01762584 0.02751706 0.07451490
v -0.02559674 0.03548801 0.07724967
v -0.02633549 0.03710531 0.07837365
v -0.02676630 0.03723770 0.07720637
v -0.02664395 0.03898916 0.07870541
v -0.02709156 0.03920710 0.07755589
v -0.02695467 0.04029478 0.07857313
v -0.10810354 0.11828519 0.07025784
v -0.04688328 0.07468259 0.03281974
v -0.05609800 0.06603622 0.03097689
v -0.04638183 0.05631762 0.03037396
v -0.03760761 0.06541365 0.03224748
v -0.04602354 0.07535278 0.03345245
v -0.03690630 0.06623810 0.03288525
v -0.01679672 0.03941853 0.04490728
v -0.01787610 0.03842236 0.04483475
v -0.01865719 0.03759325 0.04477161
v -0.00906456 0.03966039 0.05284392
v -0.00597602 0.03640753 0.05320525
v -0.00646406 0.03450906 0.05048799
v -0.00768993 0.03789705 0.07103003
v -0.00722009 0.03763920 0.06967306
v -0.04936123 0.07866209 0.08543611
v -0.05388242 0.08388346 0.08581948
v -0.05470848 0.08249998 0.08756965
v -0.00866088 0.03667343 0.07274994
v -0.00791825 0.03741062 0.07211425
v -0.00812632 0.03615427 0.07253837
v -0.01726531 0.04734349 0.07407546
v -0.02646398 0.05647110 0.07700037
v -0.02662473 0.05594521 0.07812446
v -0.01808393 0.04595983 0.07578730
v -0.01317620 0.03218151 0.07384705
v -0.02728307 0.05508160 0.07874654
v -0.03769844 0.06545835 0.08209747
v -0.05002570 0.07779920 0.08606321
v -0.02771409 0.04130614 0.07868780
v -0.00604266 0.03413635 0.07115417
v -0.00357050 0.03171581 0.06773799
v -0.00253445 0.03069597 0.06474637
v -0.00211620 0.03028208 0.06140226
v -0.00277853 0.03092366 0.05634015
v -0.00465339 0.03275310 0.05242437
v -0.01129543 0.03032237 0.04904812
v -0.01873975 0.03627318 0.04451406
v -0.01968703 0.03675788 0.04477103
v -0.02034083 0.03594615 0.04472888
v -0.10568681 0.13593666 0.10689696
v -0.10668800 0.13691500 0.10837500
v -0.10801100 0.13821800 0.10972100
v -0.10999801 0.14018799 0.11088400
v -0.10771801 0.13881800 0.10251001
v -0.11284300 0.14301901 0.11122400
v -0.11651202 0.14668299 0.10941901
v -0.11014301 0.14153101 0.09822577
v -0.11948400 0.14966300 0.10447900
v -0.12015189 0.15034601 0.09906476
v -0.11285999 0.14396890 0.09395140
v -0.11945100 0.14966300 0.09514945
v -0.11831000 0.14853999 0.09257126
v -0.11714800 0.14739600 0.09095209
v -0.11596739 0.14623456 0.08983020
v -0.11672503 0.14626953 0.08891587
v -0.12036800 0.14985792 0.09425718
v -0.10552233 0.13504735 0.10767568
v -0.10983200 0.13930000 0.11180700
v -0.00561088 0.03588438 0.06976526
v -0.00345451 0.03377240 0.06682879
v -0.00218844 0.03252387 0.06134511
v -0.00277156 0.03308897 0.05696677
v -0.00270873 0.03227049 0.05574464
v -0.00441110 0.03468900 0.05359464
v -0.00184834 0.03142041 0.06221497
v -0.00365156 0.03320986 0.06828975
v -0.03897978 0.06966785 0.05500661
v -0.03844308 0.06907375 0.05798884
v -0.03839990 0.06955918 0.05682241
v -0.03963306 0.07079648 0.05719011
v -0.04053341 0.07120083 0.05878833
v -0.03922235 0.07038170 0.05838495
v -0.04599417 0.07664527 0.06472345
v -0.04470371 0.07546487 0.06169099
v -0.04512655 0.07626926 0.06319737
v -0.04458165 0.07569670 0.06427586
v -0.04359476 0.07431001 0.06382568
v -0.04331928 0.07447600 0.06124109
v -0.04276150 0.07389819 0.06229877
v -0.04238361 0.07304794 0.06079278
v -0.04219984 0.07286508 0.06783387
v -0.04279602 0.07341592 0.06480917
v -0.04230517 0.07333320 0.06632155
v -0.04123127 0.07225960 0.06590020
v -0.04065388 0.07129037 0.06399994
v -0.04149276 0.07257020 0.06440186
v -0.03998045 0.07069402 0.06245466
v -0.04241715 0.07304753 0.06336286
v -0.04096937 0.07207846 0.06290477
v -0.03914827 0.07028055 0.06092643
v -0.03877962 0.06942306 0.05942188
v -0.04113030 0.07186341 0.06033045
v -0.04154253 0.07267749 0.06183600
v -0.03971076 0.07086038 0.05987131
v -0.03642090 0.06715841 0.06110923
v -0.03879863 0.06944639 0.06199364
v -0.03738737 0.06849706 0.06154650
v -0.03559929 0.06673109 0.05957776
v -0.03522258 0.06588344 0.05807636
v -0.03752141 0.06825252 0.05896151
v -0.03793329 0.06906527 0.06046468
v -0.03613269 0.06727766 0.05851358
v -0.03801395 0.06887834 0.06878683
v -0.03741085 0.06802205 0.07011429
v -0.03178940 0.06244674 0.06821012
v -0.03221929 0.06305819 0.06791371
v -0.03741341 0.06849396 0.06285579
v -0.11328100 0.14139301 0.08483546
v -0.11160900 0.14189400 0.08626891
v -0.10233700 0.13260400 0.10276701
v -0.10229500 0.13183701 0.10366601
v -0.00493535 0.03674825 0.04968255
v -0.00491238 0.03778105 0.05564916
v -0.00380790 0.03579336 0.05080854
v -0.00295985 0.03494966 0.05173385
v -0.00164833 0.03339644 0.05343001
v -0.00520188 0.03836596 0.06144690
v 0.00000065 0.03203086 0.06194118
v -0.00145316 0.03344511 0.06784635
v -0.00579119 0.03865087 0.06724429
v -0.00295462 0.03469931 0.07055650
v -0.00671133 0.03851456 0.07321212
v -0.00448120 0.03645735 0.07178908
v -0.00544554 0.03741556 0.07243746
v -0.00000312 0.03199252 0.06518061
v -0.00000068 0.03152502 0.05897181
v -0.00513772 0.03606957 0.04921484
v -0.00400585 0.03494691 0.05014652
v -0.00310612 0.03405380 0.05113828
v -0.00191116 0.03286689 0.05293744
v -0.00059670 0.03155773 0.05621260
v -0.00000201 0.03096955 0.06203949
v -0.00151408 0.03246897 0.06827467
v -0.00329530 0.03424060 0.07108658
v -0.00472557 0.03565937 0.07247990
v -0.00574976 0.03667461 0.07317876
v -0.00678442 0.03769922 0.07367282
v -0.00719409 0.03810473 0.07382825
v -0.02558423 0.05710832 0.07938647
v -0.01615571 0.04807938 0.07600259
v -0.04813436 0.07963793 0.08669829
v -0.03620857 0.06703978 0.08316457
v -0.10132200 0.12323499 0.10395601
v -0.07270687 0.10357800 0.09490549
v -0.09695351 0.12820293 0.10262083
v -0.10926000 0.12200699 0.10650399
v -0.10076027 0.13207018 0.10484728
v -0.10390698 0.13516885 0.10876295
v -0.05015236 0.08347397 0.06183749
v -0.09669954 0.12868030 0.10197819
v -0.07231229 0.10424000 0.09407085
v -0.04194456 0.07383745 0.08426599
v -0.04408134 0.07738376 0.05896032
v -0.03777456 0.07105678 0.05723375
v -0.04658699 0.07852251 0.03328490
v -0.03663355 0.06856817 0.03196334
v -0.05381444 0.08558108 0.03718637
v -0.05443152 0.08531524 0.03665442
v -0.09707014 0.11924091 0.06650269
v -0.08039510 0.11130000 0.05787795
v -0.10750733 0.13873275 0.08030279
v -0.11652478 0.14780769 0.08772337
v -0.11229300 0.14324699 0.08396738
v -0.11595121 0.14794159 0.08830847
v -0.11149000 0.14348599 0.08465766
v -0.10688000 0.13887301 0.08089679
v -0.07956469 0.11152400 0.05861800
v -0.05986642 0.08071297 0.03542006
v -0.09636199 0.11715401 0.06520539
v -0.10108200 0.13456491 0.09145026
v -0.10540400 0.13822499 0.10491601
v -0.10066600 0.13264300 0.10430700
v -0.10393242 0.13590178 0.10837277
v -0.10715201 0.14048700 0.10158099
v -0.10908201 0.14259090 0.09822357
v -0.11118401 0.14452600 0.09486627
v -0.11344199 0.14627591 0.09153086
v -0.01654869 0.04741513 0.07683897
v -0.02525144 0.05849070 0.05737125
v -0.01596188 0.04791760 0.04266417
v -0.02647565 0.05825451 0.03550532
v -0.02674272 0.05763026 0.03496523
v -0.01623368 0.04713493 0.04189187
v -0.03114217 0.06307995 0.03332370
v -0.03143066 0.06469179 0.05671519
v -0.03581780 0.06771069 0.08229517
v -0.00997502 0.03083336 0.04782063
v -0.01875597 0.03954213 0.04204888
v -0.01961845 0.04178535 0.04117351
v -0.01979202 0.03700095 0.04224336
v -0.02218228 0.03583616 0.04165732
v -0.02439260 0.03664649 0.04062259
v -0.03641659 0.04706019 0.03320479
v -0.03146350 0.05230820 0.03365880
v -0.04592937 0.05657804 0.02938371
v -0.03150445 0.06238275 0.03247040
v -0.03711408 0.06798839 0.03107440
v -0.05589985 0.06655150 0.03000307
v -0.04728317 0.07815819 0.03242367
v -0.06514048 0.07579135 0.03498685
v -0.09760517 0.11482000 0.06444400
v -0.10007300 0.11373200 0.06481695
v -0.10223901 0.11449700 0.06597238
v -0.02521520 0.03889328 0.03965127
v -0.02414858 0.04136109 0.03937077
v -0.02178370 0.04255795 0.04005569
v -0.04507936 0.07668686 0.03213673
v -0.03565824 0.06726408 0.03155004
v -0.10464250 0.13660750 0.10944550
v -0.10535400 0.13731501 0.11032600
v -0.10611590 0.13807400 0.11109000
v -0.10757528 0.13927288 0.11249854
v -0.10881500 0.14076599 0.11275801
v -0.11113100 0.14307991 0.11319400
v -0.11440499 0.14635302 0.11240800
v -0.11841001 0.15036198 0.10847999
v -0.12049400 0.15245400 0.10224000
v -0.11981990 0.15179200 0.09439700
v -0.11954948 0.15126838 0.09254888
v -0.11821999 0.15019999 0.09091848
v -0.11729994 0.14928351 0.08966723
v -0.11663400 0.14862099 0.08892667
v -0.11999700 0.15092590 0.09185470
v -0.12087300 0.15179691 0.09406048
v -0.12118200 0.15279600 0.09920698
v -0.12020101 0.15180901 0.10593401
v -0.11705600 0.14865799 0.11117100
v -0.11252199 0.14412102 0.11362801
v -0.10779400 0.12969999 0.10962000
v -0.11206299 0.12480801 0.10997701
v -0.10476750 0.13568601 0.11002450
v -0.10552000 0.13643400 0.11096100
v -0.10632800 0.13723800 0.11177600
v -0.10750290 0.13840900 0.11268999
v -0.10919101 0.14009300 0.11355300
v -0.11165100 0.14254899 0.11402000
v -0.11512801 0.14602500 0.11318801
v -0.11938299 0.15028501 0.10901601
v -0.12159400 0.15250400 0.10238700
v -0.11649202 0.12923400 0.11462902
v -0.12207200 0.13481501 0.11574901
v -0.13211501 0.14487399 0.09903395
v -0.13043401 0.14319798 0.09142429
v -0.11916890 0.15010300 0.09037250
v -0.11847200 0.14940891 0.08938288
v -0.11769700 0.14863847 0.08848958
v -0.12168700 0.14361499 0.08648461
v -0.12647000 0.13923700 0.08598697
v -0.09925771 0.12003301 0.06756269
v -0.10176900 0.11898301 0.06784510
v -0.10297201 0.11665089 0.06719380
v -0.10939900 0.12187201 0.07191419
v -0.10897900 0.12057701 0.07119561
v -0.10863300 0.11951401 0.07061076
v -0.04824066 0.05937148 0.08575416
v -0.04646944 0.05909246 0.08539980
v -0.04511445 0.05887836 0.08511567
v -0.04397130 0.05814105 0.08479918
v -0.01204764 0.03288435 0.07516879
v -0.01708710 0.02769029 0.07565140
v -0.02507042 0.03567427 0.07821977
v -0.04859461 0.05906702 0.08478108
v -0.04662742 0.05874338 0.08442477
v -0.04547871 0.05856456 0.08414978
v -0.04451007 0.05793808 0.08383942
v -0.02173918 0.03877828 0.04338962
v -0.02120478 0.03994659 0.04316587
v -0.02180557 0.04097454 0.04275084
v -0.02279765 0.04120877 0.04223710
v -0.02386056 0.04051946 0.04206725
v -0.02290037 0.03812707 0.04294623
v -0.02378407 0.03851242 0.04253928
v -0.02417364 0.03937867 0.04217359
v -0.10014300 0.11713600 0.06849747
v -0.10071301 0.11609401 0.06812125
v -0.10036501 0.11509600 0.06753057
v -0.09934818 0.11471901 0.06700176
v -0.09818369 0.11517800 0.06689715
v -0.09893787 0.11755802 0.06848210
v -0.09789432 0.11715101 0.06804120
v -0.09757531 0.11620191 0.06737280
v -0.12124301 0.15071400 0.10135401
v -0.11920489 0.14866500 0.10795499
v -0.11492900 0.14438590 0.11187100
v -0.06333195 0.08223700 0.08997428
v 0.15183055 0.04847588 0.06816185
v 0.15258272 0.04776566 0.06703371
v 0.15207443 0.04822976 0.06956266
v 0.15352301 0.04674486 0.07069672
v 0.15297708 0.04733088 0.07007599
v 0.15399823 0.04633046 0.06717685
v 0.14934248 0.05102033 0.06884970
v 0.14848267 0.05192228 0.06858529
v 0.14929131 0.05107292 0.06528538
v 0.14850837 0.05185509 0.06696537
v 0.14806816 0.05226923 0.06626467
v 0.14735240 0.05302409 0.06819266
v 0.14767124 0.05269922 0.06694578
v 0.14802147 0.05237559 0.06519070
v 0.14881058 0.05161653 0.06551093
v 0.12269877 0.07795918 0.06793182
v 0.12576209 0.07524761 0.06819379
v 0.12393150 0.07650822 0.06882062
v 0.13022089 0.07075910 0.05829051
v 0.13042383 0.07049892 0.06297091
v 0.12881155 0.07200804 0.06660321
v 0.12694460 0.07357952 0.06843156
v 0.12806776 0.07280304 0.05463126
v 0.12475386 0.07592497 0.05335221
v 0.12078799 0.08038580 0.06390696
v 0.12170309 0.07893389 0.05492187
v 0.11996112 0.08084787 0.05903514
v 0.12070642 0.08002816 0.05655838
v 0.12127901 0.07929622 0.06684727
v 0.12043850 0.08018494 0.06538433
v 0.11964101 0.08100358 0.06269371
v 0.11951602 0.08112274 0.06054794
v 0.16981602 0.02210277 0.08945996
v 0.17209810 0.02535473 0.08898292
v 0.17277788 0.02420697 0.08902767
v 0.16905591 0.01993978 0.08925890
v 0.17060301 0.02069789 0.08924388
v 0.16860899 0.01827085 0.08931547
v 0.16763291 0.01971900 0.08969229
v 0.16497445 0.01596921 0.08917911
v 0.20950404 -0.01196686 0.07172324
v 0.21074975 -0.01160910 0.07242598
v 0.20835499 -0.01116091 0.07142359
v 0.20911503 -0.01003640 0.07186055
v 0.21095291 -0.01108807 0.07345795
v 0.21003804 -0.01006430 0.07343786
v 0.20912901 -0.00912368 0.07295548
v 0.22605334 -0.04432416 0.10947534
v 0.22446749 -0.04236913 0.11291649
v 0.22839025 -0.04623731 0.10652283
v 0.22856365 -0.04684154 0.10163312
v 0.22884101 -0.04712224 0.09713358
v 0.22742800 -0.04571219 0.09319464
v 0.22337082 -0.04165875 0.08682324
v 0.22596902 -0.04425621 0.08914757
v 0.20678601 -0.02507925 0.07389837
v 0.20749035 -0.02545284 0.07293805
v 0.22098154 -0.03924651 0.11420368
v 0.21789101 -0.03615432 0.11536100
v 0.21489403 -0.03315714 0.11410050
v 0.21185699 -0.03012079 0.11264201
v 0.20990533 -0.02817088 0.10929300
v 0.20327164 -0.02134760 0.10376052
v 0.19042352 -0.00824132 0.10019184
v 0.19075601 -0.00902408 0.09904540
v 0.17171679 0.00930751 0.09173682
v 0.17169261 0.00933067 0.09029399
v 0.17089102 0.01013356 0.09099376
v 0.16540961 0.01511849 0.08786237
v 0.18003386 0.01705784 0.09136255
v 0.18088503 0.01802486 0.09078770
v 0.18113203 0.01641842 0.09191906
v 0.18208736 0.01698521 0.09136459
v 0.18261272 0.01716923 0.09020903
v 0.18154101 0.01827675 0.08952294
v 0.17626700 0.01487720 0.09109126
v 0.17632100 0.02066254 0.09016698
v 0.17384300 0.01287692 0.09102499
v 0.17755599 0.01430583 0.09196196
v 0.17556402 0.01344925 0.09134930
v 0.17508391 0.01215744 0.09211075
v 0.17271096 0.02632732 0.08835543
v 0.17383701 0.02504462 0.08851969
v 0.17333382 0.02641014 0.08718656
v 0.17449200 0.02529186 0.08724529
v 0.17801300 0.02178734 0.08838278
v 0.16725300 0.03362250 0.06183476
v 0.19779001 0.00206768 0.09519410
v 0.16873999 0.03097409 0.08582085
v 0.16404100 0.03565639 0.08430618
v 0.16351898 0.03549659 0.08543807
v 0.16735700 0.03015017 0.08757287
v 0.16265699 0.03483319 0.08606636
v 0.16709389 0.02152866 0.08998465
v 0.15031700 0.04716080 0.08210068
v 0.11704101 0.07168680 0.07385736
v 0.13993999 0.05757689 0.07874989
v 0.13081899 0.06677627 0.07579046
v 0.12158100 0.07615080 0.07277037
v 0.10823900 0.07137400 0.07118576
v 0.11234186 0.06727226 0.07473905
v 0.12033774 0.05927616 0.07731128
v 0.12209500 0.05809772 0.07722365
v 0.12406500 0.05777204 0.07757186
v 0.12513147 0.05767677 0.07828889
v 0.12611137 0.05703796 0.07853237
v 0.14280240 0.04034593 0.08381797
v 0.16253300 0.01707845 0.09032770
v 0.14342232 0.03938430 0.08416496
v 0.14360738 0.03822888 0.08440495
v 0.14392427 0.03626882 0.08479831
v 0.14497899 0.03463387 0.08536265
v 0.12101390 0.07673436 0.07254147
v 0.11899500 0.07881749 0.07115715
v 0.11657301 0.08128769 0.06774097
v 0.10516793 0.07444150 0.06593443
v 0.11555100 0.08232157 0.06474937
v 0.10474919 0.07485485 0.05901373
v 0.11513400 0.08273726 0.06140530
v 0.11577201 0.08207058 0.05634313
v 0.10685601 0.07274228 0.05294275
v 0.11759791 0.08019197 0.05242735
v 0.11037776 0.06921610 0.04837750
v 0.11952010 0.07820488 0.05035738
v 0.14080392 0.05823403 0.07812649
v 0.12226996 0.07694169 0.07211615
v 0.12277010 0.07715386 0.07103795
v 0.13220200 0.06759285 0.07407689
v 0.14132906 0.05839406 0.07700187
v 0.12249700 0.07763779 0.06967425
v 0.12520200 0.07505118 0.06917446
v 0.14227298 0.05852735 0.05736886
v 0.12127783 0.07863325 0.05178808
v 0.12125200 0.07886886 0.05320638
v 0.15170598 0.04798007 0.08033478
v 0.15372568 0.04683348 0.06878757
v 0.15496778 0.04544538 0.06354204
v 0.15660200 0.04406136 0.06723999
v 0.15798849 0.04232356 0.07106706
v 0.15823999 0.04144471 0.08243740
v 0.16338199 0.03705799 0.06672969
v 0.16230999 0.03851795 0.06362730
v 0.16146500 0.03930521 0.06594008
v 0.15913568 0.04122118 0.06513548
v 0.15872499 0.04193568 0.06810015
v 0.15351030 0.04692220 0.06717757
v 0.15333702 0.04742926 0.06285637
v 0.15133929 0.04909129 0.06597126
v 0.15142597 0.04900994 0.06219419
v 0.15085401 0.04973500 0.06739485
v 0.15055682 0.04975448 0.06929963
v 0.15033899 0.05047470 0.05906605
v 0.14912459 0.05148434 0.05633915
v 0.16360000 0.01601159 0.09006977
v 0.16433705 0.01527267 0.08847585
v 0.17082642 0.00878222 0.08979974
v 0.17122483 0.00857366 0.09097362
v 0.20563200 -0.00846034 0.06920850
v 0.20384502 -0.01467984 0.07102239
v 0.20283474 -0.00563142 0.06687555
v 0.19939098 -0.01026487 0.06739985
v 0.20235422 -0.00483709 0.06578992
v 0.20261940 -0.00352490 0.06584833
v 0.20367402 -0.00463110 0.06743586
v 0.20234999 -0.00253564 0.06647056
v 0.20288801 -0.00296575 0.06762588
v 0.20368300 -0.00371772 0.06853878
v 0.20531401 -0.01594185 0.07107526
v 0.20041791 -0.02083384 0.07084190
v 0.19967702 -0.02009224 0.07118368
v 0.19892000 -0.01933485 0.07091659
v 0.20115998 -0.02157616 0.07050055
v 0.20209700 -0.02251277 0.07091358
v 0.20634291 -0.01765865 0.07107108
v 0.20602347 -0.02458835 0.07282531
v 0.20486203 -0.02421729 0.07214868
v 0.20369047 -0.02383494 0.07149243
v 0.21046400 -0.01278859 0.07198578
v 0.22706902 -0.03728044 0.08765530
v 0.23061098 -0.03284172 0.08842108
v 0.23188099 -0.03413206 0.08964258
v 0.23320200 -0.03547108 0.09149390
v 0.23449990 -0.03678566 0.09444946
v 0.23529699 -0.03759562 0.09894508
v 0.23452100 -0.03682798 0.10516889
v 0.23110303 -0.03340667 0.11084999
v 0.22689192 -0.02918386 0.11291900
v 0.22363900 -0.02591395 0.11251900
v 0.22137800 -0.02363425 0.11117100
v 0.21988502 -0.02211993 0.10961500
v 0.21438400 -0.02457547 0.10877900
v 0.21882692 -0.02103902 0.10800866
v 0.20689523 -0.02489932 0.10591350
v 0.21574302 -0.01793867 0.10416500
v 0.21185257 -0.01403798 0.10179607
v 0.21257374 -0.01331105 0.10118835
v 0.19643000 0.00123745 0.09687376
v 0.20739898 -0.01757705 0.10265601
v 0.17675902 0.01188707 0.09308827
v 0.18993801 -0.00841260 0.09881907
v 0.18901500 -0.00807065 0.09862429
v 0.18744990 -0.00749058 0.09828680
v 0.18607101 -0.00646055 0.09790015
v 0.17218602 0.00742543 0.09343308
v 0.17130300 0.00830817 0.09254796
v 0.21327689 -0.01328882 0.10021107
v 0.21837199 -0.01731956 0.09140891
v 0.16902354 0.03065236 0.03935589
v 0.21610799 -0.01839059 0.07658678
v 0.22160302 -0.02383816 0.08106416
v 0.22211801 -0.02289801 0.08157449
v 0.21660101 -0.01669842 0.07804197
v 0.22209999 -0.02215570 0.08250027
v 0.20640500 -0.00642031 0.07074666
v 0.20306708 -0.02328527 0.07031260
v 0.19475199 -0.01516819 0.06751245
v 0.19420901 -0.01462554 0.06671506
v 0.19404800 -0.01446563 0.06563866
v 0.19388600 -0.01430445 0.06455975
v 0.19334391 -0.01376307 0.06376498
v 0.15987995 0.01968840 0.03590245
v 0.13177167 0.04780395 0.03397703
v 0.12416582 0.05541666 0.03988803
v 0.11771497 0.06187357 0.04453762
v 0.12402051 0.05556261 0.04084459
v 0.10639226 0.07372065 0.05203692
v 0.10790561 0.07212465 0.07222763
v 0.12196373 0.05852940 0.07839072
v 0.12384781 0.05822081 0.07872113
v 0.19878000 -0.00944495 0.06575119
v 0.20186700 -0.00424773 0.06497639
v 0.19775701 -0.00910240 0.06406700
v 0.18486100 0.01267045 0.05110543
v 0.16841163 0.02905411 0.03768493
v 0.16905499 0.02993169 0.03832605
v 0.16409591 0.02447426 0.03659838
v 0.16215299 0.03870552 0.05934095
v 0.16034402 0.03929924 0.03459572
v 0.16085702 0.03953085 0.06060458
v 0.15928900 0.04155755 0.05992275
v 0.15725988 0.04310323 0.05924495
v 0.15684901 0.04399377 0.05764710
v 0.15593401 0.04489535 0.05541807
v 0.15423800 0.04619211 0.05174461
v 0.12486611 0.05637353 0.04070972
v 0.12583858 0.05728334 0.04063050
v 0.12734722 0.05880680 0.04068329
v 0.12829933 0.05970231 0.04068797
v 0.12924381 0.06067868 0.04082708
v 0.13052027 0.06171047 0.04072206
v 0.13179401 0.06252321 0.04063400
v 0.13658400 0.05200958 0.03489220
v 0.14121534 0.05629074 0.03592304
v 0.12506194 0.06932964 0.04509774
v 0.14054200 0.05696976 0.03636956
v 0.14229400 0.05671411 0.03639680
v 0.14149199 0.05753540 0.03694296
v 0.14234260 0.05737446 0.03787409
v 0.11889460 0.06260944 0.04475240
v 0.11987209 0.06345772 0.04474982
v 0.12632391 0.05787357 0.04086386
v 0.12346444 0.06106175 0.04272394
v 0.12505256 0.06090681 0.04200505
v 0.12605052 0.06218124 0.04234435
v 0.12551983 0.06331574 0.04294416
v 0.12269696 0.06637771 0.04481035
v 0.12161284 0.06517021 0.04477661
v 0.12393674 0.06337220 0.04331188
v 0.12297801 0.06226732 0.04307092
v 0.12078952 0.06448102 0.04474963
v 0.12394203 0.06773029 0.04488165
v 0.12454741 0.06847055 0.04494989
v 0.11977800 0.06395810 0.04457819
v 0.23113602 -0.03192374 0.08893384
v 0.23103301 -0.03108416 0.08979663
v 0.22673300 -0.02676916 0.08627015
v 0.15949801 0.03793329 0.03282326
v 0.15084741 0.02871984 0.03099462
v 0.15023200 0.04721117 0.03225076
v 0.14113100 0.03843841 0.03039178
v 0.15105700 0.04791307 0.03288722
v 0.14299400 0.05671692 0.03744560
v 0.15148802 0.04816585 0.03404486
v 0.16016901 0.03879302 0.03345435
v 0.11998300 0.07773177 0.05001938
v 0.12065186 0.07854300 0.05075395
v 0.11806802 0.08120656 0.06829160
v 0.12074201 0.07924765 0.06976658
v 0.11862900 0.08140230 0.06682998
v 0.11627392 0.08300537 0.06221652
v 0.11737601 0.08266420 0.06134629
v 0.11953500 0.08043468 0.05359596
v 0.11711800 0.08213949 0.05574667
v 0.11793800 0.08207751 0.05696797
v 0.18566716 -0.00577058 0.09895255
v 0.18698047 -0.00668418 0.09939614
v 0.18845981 -0.00724613 0.09972850
v 0.18947551 -0.00765645 0.09989182
v 0.21669200 -0.01743859 0.10366800
v 0.21988244 -0.02065130 0.10766139
v 0.21745899 -0.01748085 0.10276800
v 0.22081035 -0.02084543 0.10692508
v 0.22367203 -0.02286475 0.10251099
v 0.22177300 -0.02182883 0.10837600
v 0.22307692 -0.02315199 0.10972201
v 0.22504690 -0.02513808 0.11088500
v 0.22787800 -0.02798378 0.11122500
v 0.22637990 -0.02529406 0.09822617
v 0.23153900 -0.03165555 0.10942000
v 0.23451392 -0.03463268 0.10448000
v 0.22881292 -0.02801460 0.09395200
v 0.23519300 -0.03530520 0.09906607
v 0.23450699 -0.03460669 0.09515088
v 0.23338200 -0.03346747 0.09257256
v 0.23223700 -0.03230667 0.09095340
v 0.22416000 -0.02497160 0.11180901
v 0.15318194 0.04730221 0.05745640
v 0.15105440 0.04977100 0.05680387
v 0.15447530 0.04582768 0.05500738
v 0.15602988 0.04429580 0.05878958
v 0.15561250 0.04522560 0.05713871
v 0.15438481 0.04644999 0.05688760
v 0.15394083 0.04642428 0.05798976
v 0.15522000 0.04561609 0.05838549
v 0.15787795 0.04244656 0.06079353
v 0.16031900 0.04015010 0.06169182
v 0.15931600 0.04152023 0.06124180
v 0.15873900 0.04207921 0.06229937
v 0.15914179 0.04123691 0.06382656
v 0.16053802 0.04025995 0.06427645
v 0.16111000 0.03971385 0.06319797
v 0.16148698 0.03884759 0.06472439
v 0.15829492 0.04208298 0.06481014
v 0.15769519 0.04263051 0.06783485
v 0.15817700 0.04253906 0.06632226
v 0.15741302 0.04335010 0.06440246
v 0.15613298 0.04418889 0.06400085
v 0.15710400 0.04361271 0.06590080
v 0.15670280 0.04370929 0.06033145
v 0.15788949 0.04242470 0.06336388
v 0.15751800 0.04329770 0.06183660
v 0.15570000 0.04512906 0.05987185
v 0.15426229 0.04606008 0.05942288
v 0.15553579 0.04486113 0.06245542
v 0.15692002 0.04387223 0.06290537
v 0.15512100 0.04569250 0.06092715
v 0.15308160 0.04730781 0.05896243
v 0.15427947 0.04603432 0.06199485
v 0.15390600 0.04690700 0.06046533
v 0.15211700 0.04870682 0.05851382
v 0.15072265 0.04961706 0.05807728
v 0.15201351 0.04843395 0.06110999
v 0.15333900 0.04745423 0.06154710
v 0.15157200 0.04924160 0.05957818
v 0.15387090 0.04694855 0.05470675
v 0.14303802 0.05837615 0.03550695
v 0.14790089 0.05367857 0.03332370
v 0.15208200 0.04915923 0.03155022
v 0.14246865 0.05806596 0.03495605
v 0.14720301 0.05331552 0.03247112
v 0.15280500 0.04770302 0.03107506
v 0.16150202 0.03973615 0.03213709
v 0.16297300 0.03753209 0.03242439
v 0.17030160 0.03082111 0.03702173
v 0.16333802 0.03822875 0.03328478
v 0.15338591 0.04818403 0.03196334
v 0.22050516 -0.01899303 0.10848287
v 0.21730033 -0.01580170 0.10454001
v 0.21979851 -0.01915379 0.10887925
v 0.21667992 -0.01603150 0.10498300
v 0.21344016 -0.01188997 0.10217986
v 0.21286751 -0.01221472 0.10274361
v 0.23366098 -0.03199568 0.08913871
v 0.23276497 -0.03128774 0.08805717
v 0.23111898 -0.02859956 0.09153008
v 0.23438600 -0.03272312 0.08998328
v 0.23503999 -0.03337901 0.09091836
v 0.23610964 -0.03470795 0.09254900
v 0.23663500 -0.03497684 0.09439688
v 0.22937199 -0.02633833 0.09486508
v 0.23730300 -0.03564471 0.10224000
v 0.22744098 -0.02423346 0.09822218
v 0.23521701 -0.03355497 0.10848000
v 0.23121199 -0.02954512 0.11240800
v 0.22533892 -0.02229988 0.10157999
v 0.22794101 -0.02627027 0.11319400
v 0.22308090 -0.02054816 0.10491500
v 0.22562701 -0.02395308 0.11275801
v 0.22413461 -0.02271345 0.11249854
v 0.22293501 -0.02125555 0.11109000
v 0.22191149 -0.02022903 0.11000899
v 0.22128700 -0.01960176 0.10919900
v 0.22832392 -0.02665245 0.08465759
v 0.22364895 -0.02242636 0.08050458
v 0.23258550 -0.03196189 0.08764998
v 0.22808400 -0.02745532 0.08396816
v 0.22845098 -0.03684759 0.08649259
v 0.19612500 0.00443059 0.05787885
v 0.21941198 -0.01623582 0.09144896
v 0.16831201 0.03468519 0.06183630
v 0.16450915 0.03672793 0.08667102
v 0.18843600 0.01215130 0.09490627
v 0.15189900 0.04865092 0.08316540
v 0.20809202 -0.01646238 0.10396399
v 0.11774499 0.07281589 0.07517760
v 0.12632300 0.05756980 0.07944859
v 0.11254999 0.06777871 0.07566857
v 0.12517799 0.05831092 0.07915937
v 0.12053300 0.05979478 0.07823699
v 0.14300001 0.04089260 0.08481347
v 0.14373700 0.03974926 0.08513027
v 0.14395089 0.03839439 0.08541530
v 0.14422892 0.03662335 0.08577096
v 0.14519700 0.03513020 0.08617139
v 0.20966600 -0.02719914 0.10999300
v 0.18909700 0.01254487 0.09407079
v 0.14192787 0.05925827 0.07945888
v 0.15869591 0.04291409 0.08426600
v 0.15256998 0.04904109 0.08229506
v 0.15589491 0.04706305 0.05723232
v 0.14953101 0.05340838 0.05671381
v 0.12661600 0.06521511 0.04118169
v 0.13196699 0.06859880 0.04189240
v 0.12126652 0.07969601 0.04924866
v 0.11567200 0.07486730 0.04782944
v 0.11040600 0.06990046 0.04738140
v 0.12437402 0.06607908 0.04205787
v 0.12183200 0.06504380 0.04225516
v 0.12066700 0.06265348 0.04167217
v 0.12147500 0.06044210 0.04063820
v 0.13187900 0.04840862 0.03322196
v 0.12372100 0.05961751 0.03966575
v 0.12618890 0.06068342 0.03938233
v 0.12738700 0.06304848 0.04006457
v 0.13712899 0.05336076 0.03366768
v 0.14139099 0.03889006 0.02940118
v 0.15136202 0.02891690 0.03001993
v 0.16552700 0.02495038 0.03542913
v 0.16060300 0.01967746 0.03500396
v 0.20434090 -0.02379935 0.07062768
v 0.19932200 -0.01740789 0.06598830
v 0.20540491 -0.02414560 0.07121199
v 0.20670000 -0.02456456 0.07192987
v 0.20147702 -0.01813966 0.06720846
v 0.22407201 -0.04162955 0.08600246
v 0.20381001 -0.01693785 0.06785696
v 0.20486100 -0.01442652 0.06757169
v 0.19855700 -0.01524204 0.06483167
v 0.19964500 -0.01277518 0.06445586
v 0.20197991 -0.01153182 0.06521439
v 0.20406802 -0.01223975 0.06651049
v 0.12179255 0.07986951 0.04986974
v 0.13275100 0.06887096 0.04266417
v 0.16222100 0.04075551 0.05895936
v 0.19634999 0.00526160 0.05861794
v 0.21409404 -0.03162550 0.11464401
v 0.21967401 -0.03720659 0.11576401
v 0.22971699 -0.04726630 0.09904939
v 0.22803602 -0.04559046 0.09143966
v 0.10494201 0.07538175 0.06625097
v 0.10438201 0.07593536 0.05884432
v 0.12337499 0.07814056 0.07322661
v 0.12350701 0.07906448 0.06724339
v 0.12227600 0.07941460 0.07243740
v 0.12131800 0.08037877 0.07178896
v 0.11954334 0.08191152 0.07055912
v 0.11830302 0.08340449 0.06784629
v 0.12321791 0.07964920 0.06144577
v 0.11688299 0.08482468 0.06221365
v 0.12262799 0.07993417 0.05564814
v 0.11824268 0.08319771 0.05342994
v 0.11979400 0.08188438 0.05173367
v 0.12088767 0.08078253 0.05058684
v 0.20196401 -0.01530987 0.06850945
v 0.20238602 -0.01410526 0.06849278
v 0.20197901 -0.01306200 0.06805140
v 0.20102999 -0.01274335 0.06738346
v 0.20000491 -0.01335155 0.06690925
v 0.20092091 -0.01587992 0.06813460
v 0.19992301 -0.01553249 0.06754446
v 0.19954599 -0.01451575 0.06701505
v 0.11771300 0.08293468 0.05293840
v 0.11640699 0.08425217 0.05621320
v 0.11637600 0.08494477 0.05922198
v 0.11582200 0.08485049 0.06229006
v 0.11684601 0.08447980 0.06543070
v 0.11732699 0.08334428 0.06827540
v 0.11910000 0.08156466 0.07108730
v 0.12051990 0.08013516 0.07248067
v 0.12277047 0.07786402 0.07375485
v 0.12153600 0.07911127 0.07317948
v 0.11889800 0.08173787 0.05113875
v 0.11979000 0.08083695 0.05014747
v 0.12041000 0.08021110 0.04959148
v 0.14333302 0.05958987 0.05737037
v 0.13293900 0.06870388 0.07600259
v 0.13227589 0.06831210 0.07683968
v 0.23347700 -0.03285804 0.08849027
v 0.23424800 -0.03363204 0.08938360
v 0.23494300 -0.03432893 0.09037315
v 0.23576699 -0.03515559 0.09185546
v 0.23663999 -0.03603059 0.09406119
v 0.23736390 -0.03675615 0.09740620
v 0.23735300 -0.03674508 0.10238801
v 0.23514000 -0.03452772 0.10901700
v 0.23088500 -0.03026765 0.11318900
v 0.22741100 -0.02678889 0.11402000
v 0.22495401 -0.02432847 0.11355400
v 0.22327101 -0.02264106 0.11269100
v 0.22209901 -0.02146649 0.11177600
v 0.22129491 -0.02065891 0.11096200
v 0.22054601 -0.01990694 0.11002501
v 0.21455900 -0.02293235 0.10962800
v 0.23764205 -0.03633522 0.09920710
v 0.23666099 -0.03534859 0.10593401
v 0.23351599 -0.03219825 0.11117100
v 0.22898200 -0.02766096 0.11362900
v 0.22924504 -0.03006953 0.11187302
v 0.23352000 -0.03435057 0.10795700
v 0.23556200 -0.03639400 0.10135601
v 0.23470104 -0.03552496 0.09425907
v 0.13188501 0.06790655 0.04476839
v 0.13025799 0.06733417 0.04318690
v 0.11516200 0.07354778 0.04905825
v 0.12110700 0.06609797 0.04452586
v 0.18533590 0.01439964 0.05263406
v 0.20140232 -0.01268636 0.06921083
v 0.19974050 -0.01252037 0.06846487
v 0.19893311 -0.01377723 0.06864952
v 0.19959062 -0.01503208 0.06943078
v 0.20100302 -0.01491293 0.06995842
v 0.20178600 -0.01399928 0.06990408
v 0.03639636 -0.06700615 0.06807552
v 0.03661126 -0.06720942 0.06956334
v 0.03708810 -0.06775901 0.06706563
v 0.03872194 -0.06942413 0.06708878
v 0.03801788 -0.06870456 0.06722071
v 0.03785970 -0.06845945 0.07033564
v 0.03309699 -0.06382111 0.06510878
v 0.03279416 -0.06341118 0.06589087
v 0.03355329 -0.06425451 0.06562480
v 0.03379411 -0.06443533 0.06884000
v 0.03316018 -0.06388022 0.06698216
v 0.03240934 -0.06305516 0.06687847
v 0.03291330 -0.06364097 0.06859044
v 0.01433386 -0.04556568 0.06296586
v 0.01416242 -0.04540744 0.05823475
v 0.01276273 -0.04393135 0.06655171
v 0.00689150 -0.03784345 0.06791978
v 0.00834266 -0.03908665 0.06879923
v 0.00966491 -0.04066636 0.06858318
v 0.01125982 -0.04209199 0.06840768
v 0.01206180 -0.04322634 0.05460599
v 0.00881304 -0.04011830 0.05375896
v 0.00446796 -0.03593385 0.06390665
v 0.00591704 -0.03684860 0.05489371
v 0.00485202 -0.03609789 0.05677874
v 0.00404662 -0.03525168 0.05906890
v 0.00383323 -0.03457725 0.05890399
v 0.00475800 -0.03544425 0.05620081
v 0.00372863 -0.03466487 0.06054693
v 0.00384954 -0.03478789 0.06269302
v 0.00465884 -0.03553573 0.06541088
v 0.00555764 -0.03640645 0.06686061
v 0.06833081 -0.09610751 0.09181991
v 0.06788001 -0.09723933 0.09136751
v 0.06772641 -0.09503260 0.09130587
v 0.06683218 -0.09602886 0.09078557
v 0.06761111 -0.09768613 0.09014327
v 0.06657910 -0.09668605 0.08952158
v 0.07055300 -0.09269946 0.09195418
v 0.07140988 -0.09070819 0.09133918
v 0.06998157 -0.09141175 0.09108287
v 0.07198226 -0.08898831 0.09101295
v 0.07270228 -0.09022850 0.09209919
v 0.07551546 -0.08674666 0.09129146
v 0.08975207 -0.11757497 0.06593622
v 0.08829953 -0.11773688 0.06576784
v 0.09059191 -0.11808201 0.06699126
v 0.08946239 -0.11884300 0.06743389
v 0.08736658 -0.11752000 0.06646925
v 0.08779746 -0.11805700 0.06762456
v 0.08854985 -0.11885100 0.06853747
v 0.12918234 -0.14120132 0.10945934
v 0.13111298 -0.14350052 0.10643899
v 0.12724891 -0.13969134 0.11290407
v 0.12411723 -0.13613024 0.11423094
v 0.12102000 -0.13303199 0.11534500
v 0.11804703 -0.13005866 0.11400867
v 0.11301058 -0.12502457 0.10930444
v 0.11498600 -0.12699799 0.11262600
v 0.09388489 -0.10590101 0.09902936
v 0.09315431 -0.10553500 0.10012020
v 0.10607838 -0.11844216 0.10407037
v 0.13166143 -0.14368741 0.10161439
v 0.13197000 -0.14399990 0.09711748
v 0.13060559 -0.14263791 0.09313343
v 0.12909792 -0.14113399 0.08913159
v 0.12643424 -0.13847063 0.08696803
v 0.11027123 -0.12270787 0.07288598
v 0.10991500 -0.12195700 0.07388240
v 0.07535321 -0.08666416 0.08976575
v 0.06962652 -0.08093594 0.08933639
v 0.06965339 -0.08096408 0.08780699
v 0.06889926 -0.08012586 0.08879117
v 0.05944511 -0.08718849 0.08897579
v 0.06275659 -0.08495979 0.08945220
v 0.06063934 -0.08791450 0.08902131
v 0.06658869 -0.08375418 0.08930356
v 0.06491959 -0.08420008 0.08924865
v 0.06835211 -0.07966077 0.08981926
v 0.06514126 -0.08277738 0.08968079
v 0.06416107 -0.08574718 0.08923561
v 0.06419539 -0.09146475 0.09016329
v 0.05981267 -0.08898038 0.08851746
v 0.05858004 -0.08790263 0.08835690
v 0.05842512 -0.08845542 0.08718841
v 0.05956429 -0.08963626 0.08724385
v 0.06306868 -0.09315747 0.08838140
v 0.09808458 -0.12836328 0.10018767
v 0.08278769 -0.11293500 0.09519267
v 0.09825151 -0.12780350 0.10121652
v 0.09882682 -0.12692927 0.10176947
v 0.11005767 -0.12207399 0.10552196
v 0.10279600 -0.13088700 0.10416201
v 0.10588725 -0.13395768 0.10798637
v 0.10243601 -0.12254401 0.10264599
v 0.08361965 -0.11157301 0.09687060
v 0.07297319 -0.09190238 0.09307790
v 0.07743651 -0.08733068 0.09341526
v 0.07655328 -0.08644789 0.09253018
v 0.07636868 -0.08626482 0.09061817
v 0.07587635 -0.08577316 0.08958088
v 0.07011814 -0.08001452 0.08786491
v 0.06948618 -0.07938172 0.08873695
v 0.09327340 -0.10508300 0.09880286
v 0.09293157 -0.10416101 0.09860765
v 0.09235179 -0.10259501 0.09826940
v 0.09132176 -0.10121700 0.09788239
v 0.02229520 -0.03369555 0.04464920
v 0.02197947 -0.03433338 0.04472716
v 0.02322898 -0.03314590 0.04471354
v 0.09329235 -0.12080200 0.06920498
v 0.09613207 -0.12373930 0.07151661
v 0.09486980 -0.12428201 0.07185858
v 0.09125339 -0.12157300 0.07074546
v 0.05121534 -0.08241542 0.06183403
v 0.09395768 -0.12429599 0.07295429
v 0.10216589 -0.13352598 0.09140861
v 0.10699300 -0.13726200 0.08249895
v 0.09489841 -0.12520500 0.07343667
v 0.10153500 -0.13176601 0.07804065
v 0.09592187 -0.12611900 0.07345670
v 0.10773501 -0.13728201 0.08157259
v 0.09642865 -0.12590341 0.07241903
v 0.10867501 -0.13676800 0.08106106
v 0.10322500 -0.13127491 0.07658380
v 0.11768025 -0.14577001 0.08841643
v 0.12212099 -0.14223200 0.08764575
v 0.11897300 -0.14704201 0.08963960
v 0.12031300 -0.14836100 0.09149086
v 0.12162890 -0.14965799 0.09444648
v 0.12244300 -0.15045100 0.09894199
v 0.09751006 -0.12551200 0.07191994
v 0.12168001 -0.14966999 0.10516601
v 0.11826502 -0.14624600 0.11084690
v 0.11404500 -0.14203200 0.11291600
v 0.11077601 -0.13877800 0.11251600
v 0.10849601 -0.13651800 0.11116800
v 0.10698100 -0.13502499 0.10961200
v 0.10943700 -0.12952700 0.10877000
v 0.10249200 -0.12151399 0.07106065
v 0.10641100 -0.11633202 0.07048291
v 0.10738276 -0.11730479 0.07092508
v 0.10866953 -0.11886199 0.07147485
v 0.10905199 -0.12003402 0.07213177
v 0.10944336 -0.12121537 0.07277519
v 0.09680789 -0.12469400 0.07172107
v 0.10566901 -0.11559001 0.07082408
v 0.10077600 -0.12048400 0.07106548
v 0.07042497 -0.10051100 0.05263257
v 0.05404348 -0.08408163 0.03925395
v 0.05485439 -0.08420559 0.03829733
v 0.04613155 -0.07731580 0.05934011
v 0.04777172 -0.07855226 0.06672886
v 0.04632276 -0.07746976 0.06362670
v 0.04527887 -0.07604718 0.06060346
v 0.04084390 -0.07201129 0.05764687
v 0.04328095 -0.07445037 0.05992192
v 0.04176179 -0.07239489 0.05924400
v 0.04920066 -0.07918489 0.08430469
v 0.04553747 -0.07662206 0.06593948
v 0.04341202 -0.07338380 0.08243590
v 0.04361094 -0.07430334 0.06513453
v 0.04290980 -0.07388007 0.06809949
v 0.04255832 -0.07310624 0.07106613
v 0.04078406 -0.07175695 0.06723928
v 0.03942097 -0.07010179 0.06354111
v 0.04551815 -0.07552689 0.03459423
v 0.03665405 -0.06666852 0.03404337
v 0.03994077 -0.07109791 0.05541723
v 0.03870466 -0.06934123 0.05174361
v 0.03788757 -0.06903487 0.05470621
v 0.03752748 -0.06835641 0.05744445
v 0.03508199 -0.06623054 0.05680870
v 0.03333250 -0.06426399 0.05628511
v 0.02790161 -0.05796420 0.03757870
v 0.02810674 -0.05747973 0.03640449
v 0.02728855 -0.05735463 0.03797882
v 0.02728962 -0.05666685 0.03694117
v 0.02853381 -0.05639147 0.03591989
v 0.02785569 -0.05571830 0.03636628
v 0.02230624 -0.04696885 0.04062719
v 0.01749986 -0.04542493 0.04318368
v 0.00702909 -0.03506079 0.05007308
v 0.00623353 -0.03574403 0.05080040
v 0.00622728 -0.03645061 0.05177391
v 0.01692825 -0.04705065 0.04476696
v 0.01551300 -0.04021642 0.04509076
v 0.03281587 -0.05176270 0.03488177
v 0.02631431 -0.05743127 0.05736805
v 0.03391420 -0.06488758 0.06531709
v 0.03436607 -0.06549847 0.05906559
v 0.03520609 -0.06577759 0.06931778
v 0.03511208 -0.06600695 0.06739419
v 0.03573674 -0.06649096 0.06596653
v 0.03580336 -0.06661256 0.06219357
v 0.03687728 -0.06684898 0.08033329
v 0.03452903 -0.06531417 0.06938087
v 0.05582191 -0.08365373 0.03772932
v 0.09393268 -0.11292990 0.06405657
v 0.06034404 -0.07928122 0.03658789
v 0.08907759 -0.11703800 0.06497317
v 0.07215309 -0.10003800 0.05110234
v 0.09859449 -0.10851902 0.06374728
v 0.09913659 -0.10906102 0.06454206
v 0.09427631 -0.11395201 0.06574130
v 0.09929847 -0.10922201 0.06562095
v 0.06520288 -0.07514009 0.03570749
v 0.09951418 -0.11901499 0.07101237
v 0.09509737 -0.11456199 0.06738990
v 0.09754258 -0.11661574 0.06922710
v 0.09735357 -0.11491200 0.06845334
v 0.09868895 -0.11409846 0.06866577
v 0.10000199 -0.10992501 0.06749469
v 0.10417002 -0.11409099 0.07089889
v 0.09986955 -0.11476806 0.06942113
v 0.09974701 -0.11617346 0.06994592
v 0.09883308 -0.11695600 0.06989300
v 0.09249900 -0.10462654 0.09989043
v 0.09208411 -0.10360700 0.09972558
v 0.09156919 -0.10211638 0.09936131
v 0.09063951 -0.10080793 0.09892752
v 0.06885026 -0.07874449 0.09005205
v 0.06778365 -0.07767748 0.09030997
v 0.05010162 -0.06018387 0.08553931
v 0.02930620 -0.03922854 0.04055414
v 0.02846497 -0.04003909 0.04070005
v 0.02126711 -0.03516166 0.04473627
v 0.02748531 -0.04096074 0.04076932
v 0.02674324 -0.04176082 0.04071610
v 0.02596208 -0.04256653 0.04072108
v 0.02513608 -0.04345955 0.04069839
v 0.02441737 -0.04416453 0.04077647
v 0.02355213 -0.04510665 0.04078918
v 0.02941581 -0.03933845 0.03980250
v 0.02294095 -0.04586548 0.04074876
v 0.02578717 -0.04332602 0.03986746
v 0.03708335 -0.04701306 0.03414474
v 0.09945929 -0.10938200 0.06669735
v 0.10492802 -0.11484900 0.07116597
v 0.01521216 -0.02552055 0.04769943
v 0.02263204 -0.03254910 0.04427634
v 0.01118298 -0.02154431 0.05204523
v 0.01210665 -0.02201378 0.05292499
v 0.00966111 -0.01976041 0.05893931
v 0.01019075 -0.02031178 0.06597748
v 0.01270025 -0.02305549 0.07223523
v 0.01348960 -0.02338182 0.07116800
v 0.01762584 -0.02751706 0.07451490
v 0.02559674 -0.03548801 0.07724967
v 0.02633549 -0.03710531 0.07837365
v 0.02676630 -0.03723770 0.07720637
v 0.02664395 -0.03898916 0.07870541
v 0.02709156 -0.03920710 0.07755589
v 0.02695467 -0.04029478 0.07857313
v 0.10810354 -0.11828519 0.07025784
v 0.04688328 -0.07468259 0.03281974
v 0.05609800 -0.06603622 0.03097689
v 0.04638183 -0.05631762 0.03037396
v 0.03760761 -0.06541365 0.03224748
v 0.04602354 -0.07535278 0.03345245
v 0.03690630 -0.06623810 0.03288525
v 0.01679672 -0.03941853 0.04490728
v 0.01787610 -0.03842236 0.04483475
v 0.01865719 -0.03759325 0.04477161
v 0.00906456 -0.03966039 0.05284392
v 0.00597602 -0.03640753 0.05320525
v 0.00646406 -0.03450906 0.05048799
v 0.00768993 -0.03789705 0.07103003
v 0.00722009 -0.03763920 0.06967306
v 0.04936123 -0.07866209 0.08543611
v 0.05388242 -0.08388346 0.08581948
v 0.05470848 -0.08249998 0.08756965
v 0.00866088 -0.03667343 0.07274994
v 0.00791825 -0.03741062 0.07211425
v 0.00812632 -0.03615427 0.07253837
v 0.01726531 -0.04734349 0.07407546
v 0.02646398 -0.05647110 0.07700037
v 0.02662473 -0.05594521 0.07812446
v 0.01808393 -0.04595983 0.07578730
v 0.01317620 -0.03218151 0.07384705
v 0.02728307 -0.05508160 0.07874654
v 0.03769844 -0.06545835 0.08209747
v 0.05002570 -0.07779920 0.08606321
v 0.02771409 -0.04130614 0.07868780
v 0.00604266 -0.03413635 0.07115417
v 0.00357050 -0.03171581 0.06773799
v 0.00253445 -0.03069597 0.06474637
v 0.00211620 -0.03028208 0.06140226
v 0.00277853 -0.03092366 0.05634015
v 0.00465339 -0.03275310 0.05242437
v 0.01129543 -0.03032237 0.04904812
v 0.01873975 -0.03627318 0.04451406
v 0.01968703 -0.03675788 0.04477103
v 0.02034083 -0.03594615 0.04472888
v 0.10568681 -0.13593666 0.10689696
v 0.10668800 -0.13691500 0.10837500
v 0.10801100 -0.13821800 0.10972100
v 0.10999801 -0.14018799 0.11088400
v 0.10771801 -0.13881800 0.10251001
v 0.11284300 -0.14301901 0.11122400
v 0.11651202 -0.14668299 0.10941901
v 0.11014301 -0.14153101 0.09822577
v 0.11948400 -0.14966300 0.10447900
v 0.12015189 -0.15034601 0.09906476
v 0.11285999 -0.14396890 0.09395140
v 0.11945100 -0.14966300 0.09514945
v 0.11831000 -0.14853999 0.09257126
v 0.11714800 -0.14739600 0.09095209
v 0.11596739 -0.14623456 0.08983020
v 0.11672503 -0.14626953 0.08891587
v 0.12036800 -0.14985792 0.09425718
v 0.10552233 -0.13504735 0.10767568
v 0.10983200 -0.13930000 0.11180700
v 0.00561088 -0.03588438 0.06976526
v 0.00345451 -0.03377240 0.06682879
v 0.00218844 -0.03252387 0.06134511
v 0.00277156 -0.03308897 0.05696677
v 0.00270873 -0.03227049 0.05574464
v 0.00441110 -0.03468900 0.05359464
v 0.00184834 -0.03142041 0.06221497
v 0.00365156 -0.03320986 0.06828975
v 0.03897978 -0.06966785 0.05500661
v 0.03844308 -0.06907375 0.05798884
v 0.03839990 -0.06955918 0.05682241
v 0.03963306 -0.07079648 0.05719011
v 0.04053341 -0.07120083 0.05878833
v 0.03922235 -0.07038170 0.05838495
v 0.04599417 -0.07664527 0.06472345
v 0.04470371 -0.07546487 0.06169099
v 0.04512655 -0.07626926 0.06319737
v 0.04458165 -0.07569670 0.06427586
v 0.04359476 -0.07431001 0.06382568
v 0.04331928 -0.07447600 0.06124109
v 0.04276150 -0.07389819 0.06229877
v 0.04238361 -0.07304794 0.06079278
v 0.04219984 -0.07286508 0.06783387
v 0.04279602 -0.07341592 0.06480917
v 0.04230517 -0.07333320 0.06632155
v 0.04123127 -0.07225960 0.06590020
v 0.04065388 -0.07129037 0.06399994
v 0.04149276 -0.07257020 0.06440186
v 0.03998045 -0.07069402 0.06245466
v 0.04241715 -0.07304753 0.06336286
v 0.04096937 -0.07207846 0.06290477
v 0.03914827 -0.07028055 0.06092643
v 0.03877962 -0.06942306 0.05942188
v 0.04113030 -0.07186341 0.06033045
v 0.04154253 -0.07267749 0.06183600
v 0.03971076 -0.07086038 0.05987131
v 0.03642090 -0.06715841 0.06110923
v 0.03879863 -0.06944639 0.06199364
v 0.03738737 -0.06849706 0.06154650
v 0.03559929 -0.06673109 0.05957776
v 0.03522258 -0.06588344 0.05807636
v 0.03752141 -0.06825252 0.05896151
v 0.03793329 -0.06906527 0.06046468
v 0.03613269 -0.06727766 0.05851358
v 0.03801395 -0.06887834 0.06878683
v 0.03741085 -0.06802205 0.07011429
v 0.03178940 -0.06244674 0.06821012
v 0.03221929 -0.06305819 0.06791371
v 0.03741341 -0.06849396 0.06285579
v 0.11328100 -0.14139301 0.08483546
v 0.11160900 -0.14189400 0.08626891
v 0.10233700 -0.13260400 0.10276701
v 0.10229500 -0.13183701 0.10366601
v 0.00493535 -0.03674825 0.04968255
v 0.00491238 -0.03778105 0.05564916
v 0.00380790 -0.03579336 0.05080854
v 0.00295985 -0.03494966 0.05173385
v 0.00164833 -0.03339644 0.05343001
v 0.00520188 -0.03836596 0.06144690
v 0.00145316 -0.03344511 0.06784635
v 0.00579119 -0.03865087 0.06724429
v 0.00295462 -0.03469931 0.07055650
v 0.00671133 -0.03851456 0.07321212
v 0.00448120 -0.03645735 0.07178908
v 0.00544554 -0.03741556 0.07243746
v 0.00513772 -0.03606957 0.04921484
v 0.00400585 -0.03494691 0.05014652
v 0.00310612 -0.03405380 0.05113828
v 0.00191116 -0.03286689 0.05293744
v 0.00059670 -0.03155773 0.05621260
v 0.00151408 -0.03246897 0.06827467
v 0.00329530 -0.03424060 0.07108658
v 0.00472557 -0.03565937 0.07247990
v 0.00574976 -0.03667461 0.07317876
v 0.00678442 -0.03769922 0.07367282
v 0.00719409 -0.03810473 0.07382825
v 0.02558423 -0.05710832 0.07938647
v 0.01615571 -0.04807938 0.07600259
v 0.04813436 -0.07963793 0.08669829
v 0.03620857 -0.06703978 0.08316457
v 0.10132200 -0.12323499 0.10395601
v 0.07270687 -0.10357800 0.09490549
v 0.09695351 -0.12820293 0.10262083
v 0.10926000 -0.12200699 0.10650399
v 0.10076027 -0.13207018 0.10484728
v 0.10390698 -0.13516885 0.10876295
v 0.05015236 -0.08347397 0.06183749
v 0.09669954 -0.12868030 0.10197819
v 0.07231229 -0.10424000 0.09407085
v 0.04194456 -0.07383745 0.08426599
v 0.04408134 -0.07738376 0.05896032
v 0.03777456 -0.07105678 0.05723375
v 0.04658699 -0.07852251 0.03328490
v 0.03663355 -0.06856817 0.03196334
v 0.05381444 -0.08558108 0.03718637
v 0.05443152 -0.08531524 0.03665442
v 0.09707014 -0.11924091 0.06650269
v 0.08039510 -0.11130000 0.05787795
v 0.10750733 -0.13873275 0.08030279
v 0.11652478 -0.14780769 0.08772337
v 0.11229300 -0.14324699 0.08396738
v 0.11595121 -0.14794159 0.08830847
v 0.11149000 -0.14348599 0.08465766
v 0.10688000 -0.13887301 0.08089679
v 0.07956469 -0.11152400 0.05861800
v 0.05986642 -0.08071297 0.03542006
v 0.09636199 -0.11715401 0.06520539
v 0.10108200 -0.13456491 0.09145026
v 0.10540400 -0.13822499 0.10491601
v 0.10066600 -0.13264300 0.10430700
v 0.10393242 -0.13590178 0.10837277
v 0.10715201 -0.14048700 0.10158099
v 0.10908201 -0.14259090 0.09822357
v 0.11118401 -0.14452600 0.09486627
v 0.11344199 -0.14627591 0.09153086
v 0.01654869 -0.04741513 0.07683897
v 0.02525144 -0.05849070 0.05737125
v 0.01596188 -0.04791760 0.04266417
v 0.02647565 -0.05825451 0.03550532
v 0.02674272 -0.05763026 0.03496523
v 0.01623368 -0.04713493 0.04189187
v 0.03114217 -0.06307995 0.03332370
v 0.03143066 -0.06469179 0.05671519
v 0.03581780 -0.06771069 0.08229517
v 0.00997502 -0.03083336 0.04782063
v 0.01875597 -0.03954213 0.04204888
v 0.01961845 -0.04178535 0.04117351
v 0.01979202 -0.03700095 0.04224336
v 0.02218228 -0.03583616 0.04165732
v 0.02439260 -0.03664649 0.04062259
v 0.03641659 -0.04706019 0.03320479
v 0.03146350 -0.05230820 0.03365880
v 0.04592937 -0.05657804 0.02938371
v 0.03150445 -0.06238275 0.03247040
v 0.03711408 -0.06798839 0.03107440
v 0.05589985 -0.06655150 0.03000307
v 0.04728317 -0.07815819 0.03242367
v 0.06514048 -0.07579135 0.03498685
v 0.09760517 -0.11482000 0.06444400
v 0.10007300 -0.11373200 0.06481695
v 0.10223901 -0.11449700 0.06597238
v 0.02521520 -0.03889328 0.03965127
v 0.02414858 -0.04136109 0.03937077
v 0.02178370 -0.04255795 0.04005569
v 0.04507936 -0.07668686 0.03213673
v 0.03565824 -0.06726408 0.03155004
v 0.10464250 -0.13660750 0.10944550
v 0.10535400 -0.13731501 0.11032600
v 0.10611590 -0.13807400 0.11109000
v 0.10757528 -0.13927288 0.11249854
v 0.10881500 -0.14076599 0.11275801
v 0.11113100 -0.14307991 0.11319400
v 0.11440499 -0.14635302 0.11240800
v 0.11841001 -0.15036198 0.10847999
v 0.12049400 -0.15245400 0.10224000
v 0.11981990 -0.15179200 0.09439700
v 0.11954948 -0.15126838 0.09254888
v 0.11821999 -0.15019999 0.09091848
v 0.11729994 -0.14928351 0.08966723
v 0.11663400 -0.14862099 0.08892667
v 0.11999700 -0.15092590 0.09185470
v 0.12087300 -0.15179691 0.09406048
v 0.12118200 -0.15279600 0.09920698
v 0.12020101 -0.15180901 0.10593401
v 0.11705600 -0.14865799 0.11117100
v 0.11252199 -0.14412102 0.11362801
v 0.10779400 -0.12969999 0.10962000
v 0.11206299 -0.12480801 0.10997701
v 0.10476750 -0.13568601 0.11002450
v 0.10552000 -0.13643400 0.11096100
v 0.10632800 -0.13723800 0.11177600
v 0.10750290 -0.13840900 0.11268999
v 0.10919101 -0.14009300 0.11355300
v 0.11165100 -0.14254899 0.11402000
v 0.11512801 -0.14602500 0.11318801
v 0.11938299 -0.15028501 0.10901601
v 0.12159400 -0.15250400 0.10238700
v 0.11649202 -0.12923400 0.11462902
v 0.12207200 -0.13481501 0.11574901
v 0.13211501 -0.14487399 0.09903395
v 0.13043401 -0.14319798 0.09142429
v 0.11916890 -0.15010300 0.09037250
v 0.11847200 -0.14940891 0.08938288
v 0.11769700 -0.14863847 0.08848958
v 0.12168700 -0.14361499 0.08648461
v 0.12647000 -0.13923700 0.08598697
v 0.09925771 -0.12003301 0.06756269
v 0.10176900 -0.11898301 0.06784510
v 0.10297201 -0.11665089 0.06719380
v 0.10939900 -0.12187201 0.07191419
v 0.10897900 -0.12057701 0.07119561
v 0.10863300 -0.11951401 0.07061076
v 0.04824066 -0.05937148 0.08575416
v 0.04646944 -0.05909246 0.08539980
v 0.04511445 -0.05887836 0.08511567
v 0.04397130 -0.05814105 0.08479918
v 0.01204764 -0.03288435 0.07516879
v 0.01708710 -0.02769029 0.07565140
v 0.02507042 -0.03567427 0.07821977
v 0.04859461 -0.05906702 0.08478108
v 0.04662742 -0.05874338 0.08442477
v 0.04547871 -0.05856456 0.08414978
v 0.04451007 -0.05793808 0.08383942
v 0.02173918 -0.03877828 0.04338962
v 0.02120478 -0.03994659 0.04316587
v 0.02180557 -0.04097454 0.04275084
v 0.02279765 -0.04120877 0.04223710
v 0.02386056 -0.04051946 0.04206725
v 0.02290037 -0.03812707 0.04294623
v 0.02378407 -0.03851242 0.04253928
v 0.02417364 -0.03937867 0.04217359
v 0.10014300 -0.11713600 0.06849747
v 0.10071301 -0.11609401 0.06812125
v 0.10036501 -0.11509600 0.06753057
v 0.09934818 -0.11471901 0.06700176
v 0.09818369 -0.11517800 0.06689715
v 0.09893787 -0.11755802 0.06848210
v 0.09789432 -0.11715101 0.06804120
v 0.09757531 -0.11620191 0.06737280
v 0.12124301 -0.15071400 0.10135401
v 0.11920489 -0.14866500 0.10795499
v 0.11492900 -0.14438590 0.11187100
v 0.06333195 -0.08223700 0.08997428
v 0.03637386 0.06698056 0.06766184
v 0.03708430 0.06773268 0.06653370
v 0.03662008 0.06722458 0.06906264
v 0.03810484 0.06867281 0.07019675
v 0.03751886 0.06812696 0.06957595
v 0.03851923 0.06914821 0.06667686
v 0.03382948 0.06449252 0.06834970
v 0.03292743 0.06363276 0.06808528
v 0.03377699 0.06444123 0.06478538
v 0.03299465 0.06365828 0.06646538
v 0.03258056 0.06321820 0.06576466
v 0.03182570 0.06250256 0.06769264
v 0.03215043 0.06282136 0.06644578
v 0.03247418 0.06317151 0.06469068
v 0.03323329 0.06396066 0.06501094
v 0.00689073 0.03784849 0.06743182
v 0.00960234 0.04091205 0.06769378
v 0.00834176 0.03908143 0.06832063
v 0.01409074 0.04537087 0.05779069
v 0.01435090 0.04557361 0.06247092
v 0.01284177 0.04396150 0.06610321
v 0.01127038 0.04209445 0.06793157
v 0.01204675 0.04321738 0.05413139
v 0.00892497 0.03990366 0.05285208
v 0.00446421 0.03593731 0.06340700
v 0.00591598 0.03685292 0.05442189
v 0.00400206 0.03511101 0.05853518
v 0.00482176 0.03585603 0.05605834
v 0.00555372 0.03642873 0.06634726
v 0.00466499 0.03558847 0.06488433
v 0.00384635 0.03479078 0.06219357
v 0.00372711 0.03466603 0.06004781
v 0.06274718 0.08496631 0.08896001
v 0.05949508 0.08724809 0.08848287
v 0.06064283 0.08792755 0.08852768
v 0.06491005 0.08420580 0.08875887
v 0.06415206 0.08575308 0.08874386
v 0.06657898 0.08375937 0.08881551
v 0.06513106 0.08278328 0.08919227
v 0.06888072 0.08012441 0.08867911
v 0.09681687 0.12465408 0.07122324
v 0.09645921 0.12589973 0.07192594
v 0.09601116 0.12350490 0.07092356
v 0.09488666 0.12426500 0.07136058
v 0.09593808 0.12610300 0.07295799
v 0.09491426 0.12518790 0.07293790
v 0.09397369 0.12427900 0.07245546
v 0.12917432 0.14120331 0.10897534
v 0.12721899 0.13961750 0.11241651
v 0.13108784 0.14354022 0.10602285
v 0.13169169 0.14371368 0.10113315
v 0.13197200 0.14399090 0.09663355
v 0.13056199 0.14257802 0.09269468
v 0.12650938 0.13852078 0.08632329
v 0.12910689 0.14111900 0.08864760
v 0.10992900 0.12193600 0.07339835
v 0.11030310 0.12264036 0.07243808
v 0.12409650 0.13613145 0.11370368
v 0.12100491 0.13304099 0.11486100
v 0.11800759 0.13004401 0.11360051
v 0.11497100 0.12700699 0.11214200
v 0.11302093 0.12505531 0.10879301
v 0.10619742 0.11842163 0.10326052
v 0.09309135 0.10557361 0.09969199
v 0.09387410 0.10590601 0.09854537
v 0.07554243 0.08686696 0.09123679
v 0.07551929 0.08684260 0.08979400
v 0.07471638 0.08604049 0.09049379
v 0.06939770 0.08072101 0.08738299
v 0.06779204 0.09518407 0.09086251
v 0.06682508 0.09603518 0.09028769
v 0.06843144 0.09628210 0.09141909
v 0.06786460 0.09723730 0.09086459
v 0.06768073 0.09776258 0.08970903
v 0.06657320 0.09669149 0.08902298
v 0.06997275 0.09141737 0.09059125
v 0.06418740 0.09147149 0.08966696
v 0.07197278 0.08899319 0.09052497
v 0.07054388 0.09270560 0.09146195
v 0.07140070 0.09071350 0.09084928
v 0.07269227 0.09023410 0.09161078
v 0.05852258 0.08786117 0.08785542
v 0.05980527 0.08898705 0.08801966
v 0.05843972 0.08848363 0.08668655
v 0.05955809 0.08964199 0.08674526
v 0.06306260 0.09316295 0.08788275
v 0.05122745 0.08240306 0.06133454
v 0.08278219 0.11294000 0.09469406
v 0.05387586 0.08388966 0.08532088
v 0.04919356 0.07919139 0.08380615
v 0.04935336 0.07866948 0.08493810
v 0.05469954 0.08250737 0.08707290
v 0.05001676 0.07780677 0.08556641
v 0.06332129 0.08224380 0.08948469
v 0.03768903 0.06546658 0.08160066
v 0.01316303 0.03219056 0.07335740
v 0.02727288 0.05509013 0.07824988
v 0.01807343 0.04596894 0.07529050
v 0.00869915 0.03673086 0.07227038
v 0.01347595 0.02338898 0.07068581
v 0.01757769 0.02749225 0.07423908
v 0.02557353 0.03548782 0.07681132
v 0.02675217 0.03724539 0.07672369
v 0.02707767 0.03921473 0.07707190
v 0.02717301 0.04028109 0.07778890
v 0.02781157 0.04126116 0.07803239
v 0.04450367 0.05795233 0.08331800
v 0.06777138 0.07768309 0.08982765
v 0.04546540 0.05857193 0.08366499
v 0.04662062 0.05875739 0.08390497
v 0.04858084 0.05907404 0.08429836
v 0.05021589 0.06012900 0.08486263
v 0.00811559 0.03616362 0.07204145
v 0.00603241 0.03414547 0.07065719
v 0.00356233 0.03172320 0.06724095
v 0.01040835 0.02031805 0.06543440
v 0.00252837 0.03070098 0.06424939
v 0.00999496 0.01989924 0.05851370
v 0.00211263 0.03028446 0.06090503
v 0.00277924 0.03092151 0.05584335
v 0.01210767 0.02200627 0.05244261
v 0.00465792 0.03274744 0.05192714
v 0.01563376 0.02552763 0.04787749
v 0.00664504 0.03467033 0.04985755
v 0.02661561 0.05595386 0.07762647
v 0.00790826 0.03742003 0.07161620
v 0.00769607 0.03792003 0.07053793
v 0.01725709 0.04735136 0.07357686
v 0.02645577 0.05647872 0.07650190
v 0.00721216 0.03764665 0.06917428
v 0.00979877 0.04035240 0.06867450
v 0.02632260 0.05742293 0.05686885
v 0.00621671 0.03642764 0.05128799
v 0.00598103 0.03640228 0.05270636
v 0.03686970 0.06685595 0.07983476
v 0.03801633 0.06887565 0.06828757
v 0.03940444 0.07011781 0.06304201
v 0.04078859 0.07175230 0.06673997
v 0.04252603 0.07313826 0.07056707
v 0.04340475 0.07339048 0.08193737
v 0.04779172 0.07853192 0.06622968
v 0.04633200 0.07746046 0.06312727
v 0.04554456 0.07661479 0.06544005
v 0.04362829 0.07428548 0.06463546
v 0.04291427 0.07387530 0.06760019
v 0.03792769 0.06866038 0.06667756
v 0.03742069 0.06848679 0.06235636
v 0.03575845 0.06648912 0.06547125
v 0.03583976 0.06657572 0.06169441
v 0.03511470 0.06600409 0.06689488
v 0.03509535 0.06570683 0.06879964
v 0.03437525 0.06548905 0.05856627
v 0.03336512 0.06427456 0.05583922
v 0.06883834 0.07874959 0.08956981
v 0.06957724 0.07948697 0.08797586
v 0.07035100 0.08025985 0.08732409
v 0.07606776 0.08597656 0.08929970
v 0.07627635 0.08637452 0.09047362
v 0.09331035 0.12078200 0.06870847
v 0.09953011 0.11899501 0.07052237
v 0.09048153 0.11798475 0.06637555
v 0.09511489 0.11454101 0.06689989
v 0.08968712 0.11750425 0.06528989
v 0.08837493 0.11776940 0.06534834
v 0.08948117 0.11882400 0.06693589
v 0.08738565 0.11749999 0.06597065
v 0.08781589 0.11803790 0.06712585
v 0.08856767 0.11883300 0.06803876
v 0.10079201 0.12046400 0.07057529
v 0.10568400 0.11556800 0.07034188
v 0.10494300 0.11482700 0.07068365
v 0.10418500 0.11406991 0.07041657
v 0.10642600 0.11631000 0.07000058
v 0.10736301 0.11724702 0.07041357
v 0.10250901 0.12149300 0.07057106
v 0.10943797 0.12117349 0.07232535
v 0.10906694 0.12001200 0.07164866
v 0.10868510 0.11884046 0.07099241
v 0.09763861 0.12561400 0.07148575
v 0.12213001 0.14221902 0.08715529
v 0.11769225 0.14576101 0.08792106
v 0.11898200 0.14703099 0.08914268
v 0.12032100 0.14835200 0.09099388
v 0.12163601 0.14964999 0.09394950
v 0.12244600 0.15044700 0.09844505
v 0.12167801 0.14967100 0.10466900
v 0.11825700 0.14625300 0.11035001
v 0.11403390 0.14204200 0.11241901
v 0.11076400 0.13878891 0.11201900
v 0.10848400 0.13652800 0.11067100
v 0.10697000 0.13503499 0.10911500
v 0.10942500 0.12953401 0.10827900
v 0.10588907 0.13397695 0.10750869
v 0.10974915 0.12204521 0.10541381
v 0.10278900 0.13089301 0.10366500
v 0.09888805 0.12700252 0.10129607
v 0.09816106 0.12772378 0.10068827
v 0.08361238 0.11158000 0.09637379
v 0.10242700 0.12254889 0.10215600
v 0.07296287 0.09190869 0.09258830
v 0.09326255 0.10508801 0.09831905
v 0.09292066 0.10416500 0.09812426
v 0.09234059 0.10260000 0.09778678
v 0.09131056 0.10122101 0.09740018
v 0.07742458 0.08733588 0.09293306
v 0.07654178 0.08645260 0.09204798
v 0.09813889 0.12842692 0.09971094
v 0.10217001 0.13352202 0.09090889
v 0.05419746 0.08417381 0.03885584
v 0.10324100 0.13125800 0.07608675
v 0.10868791 0.13675301 0.08056420
v 0.10774801 0.13726802 0.08107448
v 0.10154900 0.13175100 0.07754200
v 0.10700601 0.13724999 0.08200024
v 0.09127039 0.12155500 0.07024669
v 0.10813528 0.11821707 0.06981262
v 0.10001799 0.10990200 0.06701248
v 0.09947580 0.10935900 0.06621509
v 0.09931576 0.10919800 0.06513869
v 0.09915472 0.10903601 0.06405979
v 0.09861308 0.10849400 0.06326496
v 0.06516149 0.07503000 0.03540254
v 0.03704593 0.04692153 0.03347683
v 0.02943314 0.03931592 0.03938816
v 0.02297625 0.03286466 0.04403754
v 0.02928722 0.03917046 0.04034457
v 0.01112925 0.02154235 0.05153708
v 0.01272531 0.02305529 0.07172765
v 0.02632030 0.03711393 0.07789069
v 0.02662904 0.03899786 0.07822111
v 0.09429496 0.11393000 0.06525117
v 0.08909779 0.11701702 0.06447637
v 0.09395235 0.11290699 0.06356698
v 0.07217925 0.10001100 0.05060565
v 0.05579574 0.08356183 0.03718487
v 0.05491804 0.08420544 0.03782592
v 0.06037575 0.07924556 0.03609836
v 0.04614394 0.07730298 0.05884099
v 0.04555040 0.07549417 0.03409600
v 0.04531889 0.07600675 0.06010440
v 0.04329240 0.07443886 0.05942279
v 0.04174657 0.07240992 0.05874498
v 0.04085618 0.07199865 0.05714738
v 0.03995466 0.07108390 0.05491805
v 0.03865769 0.06938794 0.05124459
v 0.02847641 0.04001611 0.04020984
v 0.02756642 0.04098833 0.04013049
v 0.02604303 0.04249709 0.04018339
v 0.02514759 0.04344929 0.04018788
v 0.02417116 0.04439367 0.04032701
v 0.02313943 0.04567007 0.04022205
v 0.02232674 0.04694394 0.04013395
v 0.03284037 0.05173403 0.03439193
v 0.02855913 0.05636523 0.03542288
v 0.01552021 0.04021176 0.04459772
v 0.02788019 0.05569249 0.03586935
v 0.02813535 0.05744427 0.03589653
v 0.02731430 0.05664151 0.03644317
v 0.02747499 0.05749203 0.03737430
v 0.02224056 0.03404443 0.04425244
v 0.02139222 0.03502198 0.04424996
v 0.02697598 0.04147413 0.04036396
v 0.02378806 0.03861443 0.04222400
v 0.02394288 0.04020226 0.04150506
v 0.02266864 0.04120026 0.04184445
v 0.02153424 0.04066980 0.04244427
v 0.01847220 0.03784673 0.04431024
v 0.01967975 0.03676247 0.04427662
v 0.02147773 0.03908630 0.04281176
v 0.02258263 0.03812792 0.04257100
v 0.02036887 0.03593936 0.04424967
v 0.01711962 0.03909192 0.04438175
v 0.01637944 0.03969729 0.04444985
v 0.02089190 0.03492796 0.04407817
v 0.11677416 0.14628601 0.08843381
v 0.11593393 0.14618301 0.08929659
v 0.11161900 0.14188300 0.08577018
v 0.04691648 0.07464808 0.03232330
v 0.05613005 0.06599745 0.03049460
v 0.03763878 0.06538158 0.03175055
v 0.04641139 0.05628117 0.02989161
v 0.03693670 0.06620675 0.03238701
v 0.02813279 0.05814415 0.03694558
v 0.03668361 0.06663805 0.03354465
v 0.04605650 0.07531906 0.03295457
v 0.00711805 0.03513318 0.04951936
v 0.00630695 0.03580191 0.05025377
v 0.00364327 0.03321743 0.06779158
v 0.00560230 0.03589224 0.06926655
v 0.00344759 0.03377908 0.06632995
v 0.00184452 0.03142350 0.06171679
v 0.00218570 0.03252619 0.06084609
v 0.00441521 0.03468441 0.05309581
v 0.00271040 0.03226792 0.05524665
v 0.00277251 0.03308755 0.05646796
v 0.09062062 0.10081720 0.09845254
v 0.09153417 0.10213044 0.09889614
v 0.09209616 0.10360983 0.09922848
v 0.09250647 0.10462551 0.09939171
v 0.10228900 0.13184200 0.10316800
v 0.10550161 0.13503240 0.10716139
v 0.10233100 0.13260899 0.10226800
v 0.10569528 0.13596039 0.10642507
v 0.10771501 0.13882200 0.10201101
v 0.10667900 0.13692300 0.10787600
v 0.10800201 0.13822700 0.10922200
v 0.10998800 0.14019699 0.11038500
v 0.11283401 0.14302801 0.11072500
v 0.11014400 0.14152999 0.09772616
v 0.11650600 0.14668891 0.10892000
v 0.11948301 0.14966400 0.10398000
v 0.11286499 0.14396299 0.09345197
v 0.12015500 0.15034300 0.09856605
v 0.11945701 0.14965700 0.09465086
v 0.11831800 0.14853200 0.09207260
v 0.11715700 0.14738700 0.09045338
v 0.10982199 0.13931000 0.11130900
v 0.03754747 0.06833179 0.05695661
v 0.03507887 0.06620456 0.05630394
v 0.03902198 0.06962532 0.05450759
v 0.04055399 0.07117973 0.05828933
v 0.03962431 0.07076263 0.05663880
v 0.03839993 0.06953450 0.05638757
v 0.03842529 0.06909089 0.05748988
v 0.03923380 0.07037019 0.05788522
v 0.04240323 0.07302804 0.06029375
v 0.04469960 0.07546867 0.06119179
v 0.04332923 0.07446557 0.06074178
v 0.04277056 0.07388877 0.06179910
v 0.04361287 0.07429172 0.06332654
v 0.04458951 0.07568836 0.06377649
v 0.04513561 0.07625997 0.06269800
v 0.04600231 0.07663689 0.06422438
v 0.04276689 0.07344463 0.06431013
v 0.04221915 0.07284527 0.06733487
v 0.04231089 0.07332730 0.06582230
v 0.04149985 0.07256287 0.06390249
v 0.04066070 0.07128308 0.06350092
v 0.04123675 0.07225358 0.06540077
v 0.04114029 0.07185295 0.05983140
v 0.04242492 0.07303913 0.06286390
v 0.04155170 0.07266807 0.06133633
v 0.03972089 0.07084995 0.05937165
v 0.03878950 0.06941260 0.05892272
v 0.03998850 0.07068568 0.06195556
v 0.04097723 0.07207018 0.06240510
v 0.03915745 0.07027125 0.06042701
v 0.03754210 0.06823166 0.05846244
v 0.03881549 0.06942912 0.06149462
v 0.03794240 0.06905597 0.05996537
v 0.03614264 0.06726729 0.05801409
v 0.03523290 0.06587296 0.05757740
v 0.03641561 0.06716337 0.06061001
v 0.03739523 0.06848877 0.06104683
v 0.03560847 0.06672167 0.05907803
v 0.03790140 0.06902086 0.05420655
v 0.02647353 0.05818812 0.03500700
v 0.03117138 0.06305080 0.03282368
v 0.03569024 0.06723195 0.03105050
v 0.02678374 0.05761872 0.03445601
v 0.03153425 0.06235265 0.03197091
v 0.03714644 0.06795549 0.03057515
v 0.04511381 0.07665240 0.03163719
v 0.04731786 0.07812327 0.03192424
v 0.05402869 0.08545151 0.03652170
v 0.04662120 0.07848840 0.03278470
v 0.03666543 0.06853611 0.03146356
v 0.10384349 0.13565518 0.10798284
v 0.10065190 0.13245037 0.10404000
v 0.10400395 0.13494852 0.10837930
v 0.10088200 0.13182999 0.10448300
v 0.09674009 0.12859017 0.10167982
v 0.09706491 0.12801747 0.10224360
v 0.11684600 0.14881100 0.08863872
v 0.11613776 0.14791504 0.08755719
v 0.11345001 0.14626902 0.09103005
v 0.11757300 0.14953600 0.08948326
v 0.11822900 0.15018991 0.09041839
v 0.11955822 0.15125966 0.09204901
v 0.11982701 0.15178500 0.09389687
v 0.11118901 0.14452200 0.09436507
v 0.12049501 0.15245301 0.10174000
v 0.10908290 0.14259090 0.09772217
v 0.11840500 0.15036701 0.10798000
v 0.11439501 0.14636201 0.11190800
v 0.10715000 0.14048900 0.10108001
v 0.11112000 0.14309099 0.11269401
v 0.10539790 0.13823099 0.10441490
v 0.10880300 0.14077701 0.11225800
v 0.10756354 0.13928461 0.11199860
v 0.10610600 0.13808499 0.11059000
v 0.10507945 0.13706151 0.10950901
v 0.10445200 0.13643689 0.10869900
v 0.11150201 0.14347400 0.08415758
v 0.10727642 0.13879853 0.08000460
v 0.11681227 0.14773545 0.08714999
v 0.11230589 0.14323400 0.08346819
v 0.12169801 0.14360102 0.08599257
v 0.08041930 0.11127500 0.05737864
v 0.10108601 0.13456200 0.09094899
v 0.05016459 0.08346200 0.06133611
v 0.04812166 0.07965931 0.08617102
v 0.07269877 0.10358600 0.09440630
v 0.03619885 0.06704938 0.08266538
v 0.10131200 0.12324200 0.10346401
v 0.01203382 0.03289484 0.07467758
v 0.02728015 0.04147315 0.07894856
v 0.01707100 0.02769953 0.07516861
v 0.02653872 0.04032760 0.07865935
v 0.02505517 0.03568315 0.07773697
v 0.04395735 0.05814933 0.08431345
v 0.04510051 0.05888652 0.08463031
v 0.04645555 0.05910044 0.08491539
v 0.04822611 0.05937922 0.08527100
v 0.04971975 0.06034666 0.08567136
v 0.11204899 0.12481600 0.10949301
v 0.07230508 0.10424700 0.09357076
v 0.02559131 0.05707784 0.07895888
v 0.04193586 0.07384616 0.08376598
v 0.03580886 0.06771969 0.08179509
v 0.03778690 0.07104487 0.05673265
v 0.03144145 0.06468141 0.05621409
v 0.01963490 0.04176592 0.04068166
v 0.01625120 0.04711717 0.04139268
v 0.00515389 0.03641658 0.04874859
v 0.00998264 0.03082239 0.04732966
v 0.01494950 0.02555567 0.04688113
v 0.01877099 0.03952378 0.04155761
v 0.01980620 0.03698211 0.04175508
v 0.02219647 0.03581655 0.04117238
v 0.02440786 0.03662490 0.04013848
v 0.03644084 0.04702896 0.03272175
v 0.02523219 0.03887099 0.03916597
v 0.02416628 0.04133880 0.03888255
v 0.02180147 0.04253709 0.03956449
v 0.03148919 0.05227905 0.03316766
v 0.04595983 0.05654120 0.02890110
v 0.05593281 0.06651186 0.02952015
v 0.05989943 0.08067655 0.03492921
v 0.06517225 0.07575297 0.03450381
v 0.10865001 0.11949100 0.07012766
v 0.10225798 0.11447202 0.06548827
v 0.10899600 0.12055501 0.07071197
v 0.10941500 0.12185000 0.07142990
v 0.10298999 0.11662699 0.06670850
v 0.12648000 0.13922201 0.08550251
v 0.10178800 0.11896000 0.06735700
v 0.09927678 0.12001100 0.06707167
v 0.10009200 0.11370700 0.06433171
v 0.09762519 0.11479500 0.06395590
v 0.09638209 0.11713000 0.06471437
v 0.09708976 0.11921802 0.06601047
v 0.00498041 0.03694244 0.04936957
v 0.01597899 0.04790025 0.04216402
v 0.04409426 0.07737128 0.05845941
v 0.07958835 0.11149999 0.05811816
v 0.11647589 0.12924401 0.11414399
v 0.12205701 0.13482399 0.11526389
v 0.13211600 0.14486700 0.09854937
v 0.13043989 0.14318599 0.09093970
v 0.00946820 0.02009159 0.06575095
v 0.00891459 0.01953220 0.05834460
v 0.00670938 0.03852504 0.07272661
v 0.00578546 0.03865689 0.06674337
v 0.00543529 0.03742563 0.07193738
v 0.00447112 0.03646767 0.07128900
v 0.00293837 0.03469330 0.07005910
v 0.00144535 0.03345292 0.06734627
v 0.00520080 0.03836745 0.06094563
v 0.00491583 0.03777796 0.05514836
v 0.00059245 0.03258883 0.05599570
v 0.00165218 0.03339257 0.05292996
v 0.00296563 0.03494375 0.05123353
v 0.00406741 0.03603712 0.05008713
v 0.10016000 0.11711401 0.06800955
v 0.09895546 0.11753601 0.06799281
v 0.09791207 0.11712901 0.06755137
v 0.09759335 0.11617999 0.06688351
v 0.09820175 0.11515500 0.06640928
v 0.10073000 0.11607100 0.06763458
v 0.10038202 0.11507301 0.06704449
v 0.09936600 0.11469601 0.06651508
v 0.00191528 0.03286248 0.05243813
v 0.00059778 0.03155642 0.05571305
v 0.00150561 0.03247708 0.06777536
v 0.00328523 0.03425014 0.07058727
v 0.00471473 0.03566998 0.07198065
v 0.00698589 0.03792054 0.07325486
v 0.00573862 0.03668570 0.07267946
v 0.00311202 0.03404748 0.05063897
v 0.00401294 0.03493988 0.04964745
v 0.00463891 0.03555965 0.04909121
v 0.02526009 0.05848240 0.05687040
v 0.01614606 0.04808902 0.07550257
v 0.01653790 0.04742550 0.07633966
v 0.11770801 0.14862700 0.08799028
v 0.11848200 0.14939800 0.08888357
v 0.11917900 0.15009300 0.08987325
v 0.12000601 0.15091690 0.09135551
v 0.12088101 0.15178999 0.09356118
v 0.12159500 0.15250300 0.10188800
v 0.11937801 0.15029000 0.10851700
v 0.11511800 0.14603500 0.11268900
v 0.11163901 0.14256100 0.11352000
v 0.10917901 0.14010391 0.11305400
v 0.10749101 0.13842089 0.11219100
v 0.10631700 0.13724890 0.11127600
v 0.10550900 0.13644500 0.11046200
v 0.10475695 0.13569601 0.10952500
v 0.10778200 0.12970901 0.10912790
v 0.12118601 0.15279202 0.09870720
v 0.12019900 0.15181100 0.10543401
v 0.11704901 0.14866599 0.11067100
v 0.11251102 0.14413202 0.11312900
v 0.11492001 0.14439490 0.11137301
v 0.11920100 0.14867000 0.10745700
v 0.12124401 0.15071201 0.10085601
v 0.12037500 0.14985099 0.09375905
v 0.01694339 0.04703485 0.04426831
v 0.01751554 0.04540807 0.04268682
v 0.01130217 0.03031200 0.04855847
v 0.01875180 0.03625679 0.04402565
v 0.07045006 0.10048600 0.05213385
v 0.09753666 0.11655231 0.06871082
v 0.09737039 0.11489052 0.06796487
v 0.09862731 0.11408307 0.06814950
v 0.09988213 0.11474065 0.06893076
v 0.09976296 0.11615299 0.06945843
v 0.09884930 0.11693600 0.06940406
v 0.15185621 -0.04845349 0.06757551
v 0.15205951 -0.04823859 0.06906335
v 0.15260905 -0.04776160 0.06656564
v 0.15427428 -0.04612796 0.06658874
v 0.15355454 -0.04683176 0.06672070
v 0.15330948 -0.04699006 0.06983565
v 0.14867121 -0.05175288 0.06460879
v 0.14826117 -0.05205561 0.06539083
v 0.14910477 -0.05129641 0.06512479
v 0.14928520 -0.05105567 0.06833998
v 0.14873025 -0.05168958 0.06648213
v 0.14790520 -0.05244046 0.06637848
v 0.14849122 -0.05193631 0.06809044
v 0.13041596 -0.07051598 0.06246581
v 0.13025765 -0.07068739 0.05773480
v 0.12878163 -0.07208727 0.06605168
v 0.12269356 -0.07795843 0.06741976
v 0.12393650 -0.07650729 0.06829922
v 0.12551662 -0.07518502 0.06808317
v 0.12694199 -0.07359012 0.06790765
v 0.12807636 -0.07278810 0.05410606
v 0.12496838 -0.07603695 0.05325876
v 0.12078398 -0.08038200 0.06340671
v 0.12169866 -0.07893292 0.05439368
v 0.12094815 -0.07999789 0.05627895
v 0.12010168 -0.08080329 0.05856901
v 0.11942701 -0.08101665 0.05840373
v 0.12029501 -0.08009189 0.05570060
v 0.11951496 -0.08112133 0.06004718
v 0.11963800 -0.08100036 0.06219298
v 0.12038580 -0.08019111 0.06491087
v 0.12125634 -0.07929228 0.06636058
v 0.18095726 -0.01651907 0.09131996
v 0.18208928 -0.01696993 0.09086750
v 0.17988294 -0.01712344 0.09080587
v 0.18087891 -0.01801759 0.09028558
v 0.18253623 -0.01723886 0.08964328
v 0.18153600 -0.01827085 0.08902155
v 0.17754900 -0.01429677 0.09145420
v 0.17555800 -0.01344007 0.09083919
v 0.17626201 -0.01486814 0.09058290
v 0.17383800 -0.01286751 0.09051299
v 0.17507902 -0.01214766 0.09159916
v 0.17159653 -0.00933452 0.09079148
v 0.20242496 0.00490202 0.06543620
v 0.20258693 0.00344948 0.06526784
v 0.20293200 0.00574189 0.06649130
v 0.20369302 0.00461239 0.06693387
v 0.20236990 0.00251651 0.06596928
v 0.20290700 0.00294739 0.06712460
v 0.20370102 0.00369984 0.06803750
v 0.22605135 0.04433276 0.10895935
v 0.22835051 0.04626283 0.10593902
v 0.22454131 0.04239906 0.11240467
v 0.22098023 0.03926714 0.11373092
v 0.21788201 0.03617018 0.11484500
v 0.21490866 0.03319671 0.11350867
v 0.20987453 0.02816023 0.10880442
v 0.21184801 0.03013604 0.11212601
v 0.19075100 0.00903487 0.09852940
v 0.19038497 0.00830433 0.09962014
v 0.20329224 0.02122825 0.10357035
v 0.22853746 0.04681125 0.10111442
v 0.22885001 0.04711997 0.09661746
v 0.22748800 0.04575596 0.09263343
v 0.22598399 0.04424840 0.08863158
v 0.22332066 0.04158398 0.08646799
v 0.20755789 0.02542140 0.07238602
v 0.20680702 0.02506488 0.07338237
v 0.17138208 -0.00921296 0.08934149
v 0.16578600 -0.01522350 0.08883637
v 0.16581400 -0.01519668 0.08730697
v 0.16491750 -0.01590067 0.08827239
v 0.17203856 -0.02540460 0.08847579
v 0.16980992 -0.02209335 0.08895217
v 0.17276448 -0.02421027 0.08852132
v 0.16860400 -0.01826125 0.08880357
v 0.16904999 -0.01993036 0.08874869
v 0.16451100 -0.01649785 0.08931927
v 0.16762701 -0.01970869 0.08918076
v 0.17059700 -0.02068889 0.08873558
v 0.17631499 -0.02065438 0.08966326
v 0.17383002 -0.02503706 0.08801746
v 0.17275228 -0.02626984 0.08785690
v 0.17330557 -0.02642471 0.08668844
v 0.17448601 -0.02528566 0.08674389
v 0.17800801 -0.02178126 0.08788138
v 0.21321332 0.01323457 0.09968782
v 0.19778502 -0.00206226 0.09469270
v 0.21265346 0.01340151 0.10071650
v 0.21177930 0.01397678 0.10126948
v 0.20692402 0.02520761 0.10502200
v 0.21573700 0.01794594 0.10366201
v 0.21880764 0.02103703 0.10748637
v 0.20739400 0.01758569 0.10214601
v 0.19642290 -0.00123018 0.09637058
v 0.17675200 -0.01187676 0.09257787
v 0.17218100 -0.00741345 0.09291529
v 0.17129798 -0.00829673 0.09203016
v 0.17113724 -0.00845830 0.09038860
v 0.17062300 -0.00897360 0.08908087
v 0.16486429 -0.01473180 0.08736488
v 0.18993302 0.00842339 0.09830290
v 0.18901101 0.00808155 0.09810769
v 0.18744500 0.00750172 0.09776938
v 0.18606700 0.00647175 0.09738236
v 0.11854591 -0.06255456 0.04414929
v 0.11918343 -0.06287042 0.04422720
v 0.11799598 -0.06162077 0.04421349
v 0.20565191 0.00844240 0.06870496
v 0.20858997 0.01128196 0.07101668
v 0.20913200 0.01001960 0.07135856
v 0.20642300 0.00640333 0.07024550
v 0.16726494 -0.03363466 0.06133424
v 0.20914599 0.00910771 0.07245427
v 0.21837601 0.01731574 0.09090858
v 0.22211191 0.02214336 0.08199899
v 0.21005490 0.01004827 0.07293665
v 0.21661600 0.01668459 0.07754069
v 0.21096900 0.01107186 0.07295668
v 0.22213198 0.02288526 0.08107256
v 0.21075344 0.01157850 0.07191904
v 0.22161791 0.02382487 0.08056110
v 0.21612501 0.01837515 0.07608366
v 0.23062010 0.03282985 0.08791643
v 0.22708200 0.03727090 0.08714579
v 0.23189200 0.03412270 0.08913958
v 0.23321100 0.03546243 0.09099090
v 0.23450799 0.03677928 0.09394645
v 0.23530102 0.03759264 0.09844207
v 0.21036199 0.01265980 0.07141992
v 0.23452000 0.03683000 0.10466601
v 0.23109600 0.03341460 0.11034701
v 0.22688201 0.02919477 0.11241600
v 0.22362800 0.02592521 0.11201601
v 0.22136800 0.02364546 0.11066800
v 0.21987499 0.02213037 0.10911200
v 0.21437700 0.02458685 0.10827000
v 0.20636399 0.01764196 0.07056069
v 0.20118201 0.02156049 0.06998277
v 0.20215479 0.02253309 0.07042508
v 0.20371196 0.02381950 0.07097486
v 0.20488401 0.02420194 0.07163176
v 0.20606536 0.02459355 0.07227521
v 0.20954399 0.01195788 0.07122104
v 0.20043990 0.02081871 0.07032406
v 0.20533401 0.01592576 0.07056546
v 0.18536100 -0.01442492 0.05213242
v 0.16893184 -0.03080636 0.03875399
v 0.16905567 -0.02999536 0.03779741
v 0.16216590 -0.03871840 0.05884039
v 0.16340202 -0.03707800 0.06622884
v 0.16232000 -0.03852719 0.06312668
v 0.16089703 -0.03957106 0.06010348
v 0.15686099 -0.04400599 0.05714661
v 0.15930000 -0.04156851 0.05942219
v 0.15724526 -0.04308793 0.05874415
v 0.16403501 -0.03564924 0.08380466
v 0.16147199 -0.03931248 0.06543946
v 0.15823399 -0.04143762 0.08193590
v 0.15915324 -0.04123898 0.06463451
v 0.15873000 -0.04194015 0.06759947
v 0.15795629 -0.04229119 0.07056610
v 0.15660700 -0.04406589 0.06673926
v 0.15495136 -0.04542888 0.06304108
v 0.16037700 -0.03933149 0.03409445
v 0.15151800 -0.04819567 0.03354310
v 0.15594800 -0.04490906 0.05491745
v 0.15419154 -0.04614526 0.05124376
v 0.15388501 -0.04696238 0.05420625
v 0.15320623 -0.04732220 0.05694435
v 0.15108056 -0.04976786 0.05630868
v 0.14911406 -0.05151740 0.05578500
v 0.14281450 -0.05694794 0.03707883
v 0.14232990 -0.05674273 0.03590422
v 0.14220490 -0.05756114 0.03747910
v 0.14151698 -0.05755984 0.03644090
v 0.14124131 -0.05631581 0.03541963
v 0.14056800 -0.05699414 0.03586626
v 0.13181897 -0.06254359 0.04012725
v 0.13027501 -0.06735008 0.04268366
v 0.11991151 -0.07782087 0.04957308
v 0.12059417 -0.07861645 0.05030045
v 0.12130064 -0.07862263 0.05127393
v 0.13190100 -0.06792169 0.04426676
v 0.12506664 -0.06933685 0.04459079
v 0.13661300 -0.05203409 0.03438150
v 0.14228092 -0.05853522 0.05686825
v 0.14973800 -0.05093521 0.06481707
v 0.15034799 -0.05048387 0.05856573
v 0.15062761 -0.04964364 0.06881778
v 0.15085700 -0.04973787 0.06689417
v 0.15134110 -0.04911301 0.06546656
v 0.15146247 -0.04904656 0.06169340
v 0.15169902 -0.04797251 0.07983326
v 0.15016399 -0.05032068 0.06888085
v 0.16850373 -0.02902775 0.03722945
v 0.19778000 0.00908267 0.06355655
v 0.16413100 -0.02450585 0.03608787
v 0.20188800 0.00422752 0.06447315
v 0.18488801 -0.01269686 0.05060225
v 0.19336903 0.01374447 0.06324726
v 0.19391102 0.01428633 0.06404209
v 0.19880190 0.00942630 0.06524127
v 0.19407198 0.01444834 0.06512099
v 0.15999036 -0.01964708 0.03520747
v 0.20386502 0.01466417 0.07051235
v 0.19941202 0.01024729 0.06688987
v 0.20146573 0.01269236 0.06872713
v 0.19976199 0.01250356 0.06795332
v 0.19894847 0.01383882 0.06816577
v 0.19477500 0.01515239 0.06699466
v 0.19894089 0.01932013 0.07039886
v 0.19961812 0.01501951 0.06892113
v 0.20102349 0.01489681 0.06944599
v 0.20180599 0.01398307 0.06939297
v 0.18947652 0.00764896 0.09939040
v 0.18845700 0.00723401 0.09922559
v 0.18696630 0.00671911 0.09886128
v 0.18565790 0.00578943 0.09842753
v 0.16359501 -0.01599967 0.08955210
v 0.16252699 -0.01706624 0.08980995
v 0.14503396 -0.03474826 0.08503929
v 0.16422100 -0.01537448 0.08830338
v 0.12407854 -0.05554347 0.04005416
v 0.12488923 -0.05638469 0.04020017
v 0.12001171 -0.06358279 0.04423605
v 0.12581089 -0.05736452 0.04026939
v 0.12661108 -0.05810658 0.04021609
v 0.12741679 -0.05888771 0.04022133
v 0.12830970 -0.05971378 0.04019831
v 0.12901464 -0.06043239 0.04027675
v 0.12995656 -0.06129781 0.04028931
v 0.12418899 -0.05543393 0.03930248
v 0.13071579 -0.06190901 0.04024899
v 0.12817600 -0.05906260 0.03936725
v 0.13186346 -0.04776653 0.03364456
v 0.19423200 0.01460903 0.06619739
v 0.19969898 0.02007800 0.07066595
v 0.11037073 -0.06963775 0.04719935
v 0.11739953 -0.06221760 0.04377617
v 0.10639417 -0.07366697 0.05154506
v 0.10686400 -0.07274306 0.05242472
v 0.10461061 -0.07518885 0.05843933
v 0.10516219 -0.07465924 0.06547750
v 0.10790567 -0.07214963 0.07173519
v 0.10823201 -0.07136040 0.07066798
v 0.11236668 -0.06722402 0.07401492
v 0.12033799 -0.05925322 0.07674967
v 0.12195528 -0.05851436 0.07787366
v 0.12208800 -0.05808365 0.07670640
v 0.12383936 -0.05820601 0.07820538
v 0.12405700 -0.05775839 0.07705599
v 0.12514526 -0.05789521 0.07807317
v 0.20313516 0.02325364 0.06975783
v 0.15953301 -0.03796643 0.03231996
v 0.15088601 -0.02875185 0.03047666
v 0.14116751 -0.03846803 0.02987384
v 0.15026401 -0.04724210 0.03174746
v 0.16020299 -0.03882592 0.03295224
v 0.15108791 -0.04794364 0.03238523
v 0.12426857 -0.06805312 0.04440732
v 0.12327219 -0.06697385 0.04433487
v 0.12244339 -0.06619270 0.04427166
v 0.12451001 -0.07578538 0.05234420
v 0.12125801 -0.07887387 0.05270504
v 0.11935900 -0.07838588 0.04998797
v 0.12274703 -0.07716004 0.07053002
v 0.12248900 -0.07762986 0.06917309
v 0.16351201 -0.03548824 0.08493608
v 0.16873300 -0.03096729 0.08531945
v 0.16734990 -0.03014159 0.08706969
v 0.12152349 -0.07618913 0.07224995
v 0.12226053 -0.07693168 0.07161427
v 0.12100401 -0.07672369 0.07203836
v 0.13219400 -0.06758439 0.07357549
v 0.14132102 -0.05838572 0.07650046
v 0.14079490 -0.05822473 0.07762449
v 0.13080999 -0.06676596 0.07528728
v 0.11703200 -0.07167381 0.07334711
v 0.13993201 -0.05756688 0.07824658
v 0.15030800 -0.04715102 0.08159751
v 0.16264901 -0.03482425 0.08556318
v 0.12615611 -0.05713574 0.07818779
v 0.11898600 -0.07880729 0.07065415
v 0.11656602 -0.08127944 0.06723797
v 0.11554600 -0.08231550 0.06424647
v 0.11513200 -0.08273380 0.06090205
v 0.11577401 -0.08207136 0.05584049
v 0.11760300 -0.08019649 0.05192410
v 0.11517200 -0.07355427 0.04854816
v 0.12112300 -0.06610995 0.04401427
v 0.12160801 -0.06516287 0.04427101
v 0.12079632 -0.06450910 0.04422871
v 0.22078681 0.02083678 0.10639694
v 0.22176500 0.02183777 0.10787500
v 0.22306791 0.02316147 0.10922100
v 0.22503790 0.02514809 0.11038400
v 0.22366801 0.02286845 0.10201000
v 0.22786900 0.02799308 0.11072400
v 0.23153302 0.03166246 0.10891901
v 0.22638100 0.02529329 0.09772581
v 0.23451300 0.03463435 0.10397900
v 0.23519592 0.03530228 0.09856482
v 0.22881898 0.02800965 0.09345137
v 0.23451300 0.03460085 0.09464949
v 0.23339000 0.03345990 0.09207129
v 0.23224600 0.03229790 0.09045207
v 0.23108451 0.03111731 0.08933017
v 0.23111954 0.03187477 0.08841585
v 0.23470801 0.03551810 0.09375715
v 0.21989733 0.02067192 0.10717567
v 0.22415000 0.02498239 0.11130700
v 0.12073400 -0.07923907 0.06926530
v 0.11862301 -0.08139550 0.06632876
v 0.11737400 -0.08266149 0.06084483
v 0.11793900 -0.08207839 0.05646650
v 0.11712099 -0.08214116 0.05524486
v 0.11953901 -0.08043885 0.05309486
v 0.11627100 -0.08300155 0.06171471
v 0.11806001 -0.08119839 0.06778979
v 0.15451770 -0.04586990 0.05450650
v 0.15392415 -0.04640687 0.05748869
v 0.15440950 -0.04644984 0.05632237
v 0.15564680 -0.04521670 0.05669003
v 0.15605067 -0.04431649 0.05828856
v 0.15523200 -0.04562729 0.05788499
v 0.16149499 -0.03885545 0.06422338
v 0.16031474 -0.04014592 0.06119110
v 0.16111900 -0.03972303 0.06269741
v 0.16054702 -0.04026830 0.06377589
v 0.15916018 -0.04125501 0.06332566
v 0.15932602 -0.04153043 0.06074094
v 0.15874800 -0.04208827 0.06179875
v 0.15789829 -0.04246593 0.06029272
v 0.15771492 -0.04265004 0.06733389
v 0.15826583 -0.04205376 0.06430915
v 0.15818299 -0.04254478 0.06582158
v 0.15710999 -0.04361850 0.06540018
v 0.15614025 -0.04419591 0.06349994
v 0.15741999 -0.04335719 0.06390190
v 0.15554428 -0.04486924 0.06195442
v 0.15789747 -0.04243280 0.06286284
v 0.15692800 -0.04388058 0.06240475
v 0.15513100 -0.04570168 0.06042665
v 0.15427300 -0.04607033 0.05892208
v 0.15671380 -0.04371966 0.05983024
v 0.15752700 -0.04330718 0.06133598
v 0.15571000 -0.04513919 0.05937135
v 0.15200816 -0.04842893 0.06060927
v 0.15429634 -0.04605112 0.06149385
v 0.15334700 -0.04746258 0.06104648
v 0.15158100 -0.04925066 0.05907768
v 0.15073366 -0.04962714 0.05757616
v 0.15310258 -0.04732822 0.05846146
v 0.15391500 -0.04691648 0.05996483
v 0.15212800 -0.04871726 0.05801331
v 0.15372811 -0.04683565 0.06828681
v 0.15287215 -0.04743895 0.06961434
v 0.14729653 -0.05306029 0.06771012
v 0.14790800 -0.05263066 0.06741368
v 0.15334402 -0.04743605 0.06235551
v 0.22624300 0.02843058 0.08433550
v 0.22674392 0.02675855 0.08576899
v 0.21745400 0.01748669 0.10226700
v 0.21668701 0.01744490 0.10316601
v 0.12159847 -0.07991457 0.04918249
v 0.12263101 -0.07993757 0.05514895
v 0.12064300 -0.08104199 0.05030876
v 0.11979999 -0.08189010 0.05123364
v 0.11824670 -0.08320157 0.05293003
v 0.11744000 -0.08425866 0.05599576
v 0.12321601 -0.07964808 0.06094688
v 0.11687900 -0.08482110 0.06171405
v 0.11829500 -0.08339680 0.06734639
v 0.12350101 -0.07905875 0.06674426
v 0.11954948 -0.08189531 0.07005647
v 0.12336500 -0.07813858 0.07271215
v 0.12130800 -0.08036875 0.07128906
v 0.12226600 -0.07940435 0.07193756
v 0.11683900 -0.08447360 0.06493055
v 0.11637400 -0.08494347 0.05872178
v 0.12091976 -0.07971226 0.04871488
v 0.11979700 -0.08084410 0.04964679
v 0.11890400 -0.08174389 0.05063802
v 0.11771701 -0.08293879 0.05243766
v 0.11640801 -0.08425332 0.05571265
v 0.11581801 -0.08484649 0.06178939
v 0.11731901 -0.08333587 0.06777465
v 0.11909100 -0.08155459 0.07058656
v 0.12050900 -0.08012437 0.07197999
v 0.12152500 -0.07910019 0.07267880
v 0.12254956 -0.07806554 0.07317285
v 0.12295482 -0.07765580 0.07332826
v 0.14195821 -0.05926543 0.07888646
v 0.13292901 -0.06869399 0.07550257
v 0.16448781 -0.03671527 0.08619829
v 0.15188999 -0.04864126 0.08266460
v 0.20808502 0.01647180 0.10345600
v 0.18842800 -0.01214283 0.09440547
v 0.21305296 0.01210346 0.10212088
v 0.20685701 0.02441000 0.10600390
v 0.21692020 0.01591023 0.10434728
v 0.22001888 0.01905721 0.10826295
v 0.16832390 -0.03469765 0.06133747
v 0.21353027 0.01184930 0.10147817
v 0.18909000 -0.01253741 0.09357088
v 0.15868691 -0.04290539 0.08376610
v 0.16223399 -0.04076856 0.05846059
v 0.15590701 -0.04707540 0.05673354
v 0.16337200 -0.03826290 0.03278470
v 0.15341800 -0.04821640 0.03146356
v 0.17043097 -0.03103534 0.03668635
v 0.17016503 -0.03041833 0.03615446
v 0.20409103 0.01222020 0.06600265
v 0.19614999 -0.00445485 0.05737817
v 0.22358280 0.02265738 0.07980280
v 0.23265763 0.03167479 0.08722334
v 0.22809702 0.02744269 0.08346736
v 0.23279165 0.03110134 0.08780846
v 0.22833601 0.02663981 0.08415770
v 0.22372290 0.02203029 0.08039678
v 0.19637391 -0.00528526 0.05811828
v 0.16556300 -0.02498340 0.03492027
v 0.20200399 0.01151198 0.06470538
v 0.21941501 0.01623189 0.09095031
v 0.22307502 0.02055352 0.10441599
v 0.21749291 0.01581615 0.10380700
v 0.22075167 0.01908203 0.10787275
v 0.22533701 0.02230209 0.10108101
v 0.22744101 0.02423202 0.09772360
v 0.22937605 0.02633392 0.09436626
v 0.23112598 0.02859205 0.09103090
v 0.13226500 -0.06830126 0.07633900
v 0.14334100 -0.05959814 0.05687146
v 0.13276801 -0.06888806 0.04216438
v 0.14310455 -0.05837409 0.03500520
v 0.14248048 -0.05810723 0.03446521
v 0.13198499 -0.06861627 0.04139173
v 0.14793000 -0.05370765 0.03282368
v 0.14954200 -0.05341928 0.05621492
v 0.15256099 -0.04903215 0.08179515
v 0.11568300 -0.07487500 0.04732090
v 0.12439200 -0.06609398 0.04154860
v 0.12663600 -0.06523151 0.04067379
v 0.12185100 -0.06505775 0.04174315
v 0.12068600 -0.06266766 0.04115760
v 0.12149701 -0.06045717 0.04012233
v 0.13191000 -0.04843336 0.03270483
v 0.13715799 -0.05338639 0.03315860
v 0.14142790 -0.03892058 0.02888399
v 0.14723299 -0.05334551 0.03197038
v 0.15283801 -0.04773581 0.03057438
v 0.15140101 -0.02894961 0.02950280
v 0.16300802 -0.03756678 0.03192377
v 0.16064101 -0.01970922 0.03448683
v 0.19967002 0.01275491 0.06394398
v 0.19858190 0.01522254 0.06431698
v 0.19934700 0.01738905 0.06547236
v 0.12374290 -0.05963420 0.03915125
v 0.12621100 -0.06070137 0.03887075
v 0.12740800 -0.06306600 0.03955549
v 0.16153701 -0.03977060 0.03163695
v 0.15211402 -0.04919147 0.03105026
v 0.22145744 0.01979274 0.10894551
v 0.22216500 0.02050393 0.10982600
v 0.22292390 0.02126628 0.11059000
v 0.22412285 0.02272494 0.11199860
v 0.22561601 0.02396446 0.11225800
v 0.22793001 0.02628105 0.11269401
v 0.23120302 0.02955448 0.11190800
v 0.23521201 0.03355962 0.10798001
v 0.23730400 0.03564363 0.10174000
v 0.23664200 0.03496962 0.09389698
v 0.23611844 0.03469934 0.09204890
v 0.23504999 0.03336966 0.09041845
v 0.23413350 0.03244984 0.08916724
v 0.23347101 0.03178411 0.08842670
v 0.23577599 0.03514665 0.09135478
v 0.23664699 0.03602308 0.09356045
v 0.23764603 0.03633195 0.09870698
v 0.23665901 0.03535068 0.10543401
v 0.23350802 0.03220582 0.11067100
v 0.22897103 0.02767175 0.11312801
v 0.21454999 0.02294439 0.10912000
v 0.20965803 0.02721315 0.10947701
v 0.22053599 0.01991740 0.10952450
v 0.22128400 0.02066975 0.11046090
v 0.22208799 0.02147775 0.11127600
v 0.22325902 0.02265298 0.11219001
v 0.22494300 0.02434051 0.11305301
v 0.22739901 0.02680069 0.11352000
v 0.23087500 0.03027755 0.11268800
v 0.23513499 0.03453320 0.10851601
v 0.23735401 0.03674394 0.10188701
v 0.21408401 0.03164196 0.11412900
v 0.21966501 0.03722190 0.11524901
v 0.22972402 0.04726505 0.09853398
v 0.22804801 0.04558329 0.09092426
v 0.23495300 0.03431940 0.08987247
v 0.23425899 0.03362149 0.08888286
v 0.23348850 0.03284707 0.08798957
v 0.22846499 0.03683668 0.08598458
v 0.22408691 0.04161942 0.08548700
v 0.20488299 0.01440769 0.06706267
v 0.20383300 0.01691937 0.06734508
v 0.20150098 0.01812160 0.06669379
v 0.20672201 0.02454847 0.07141417
v 0.20542701 0.02412927 0.07069557
v 0.20436400 0.02378290 0.07011079
v 0.14422099 -0.03660929 0.08525420
v 0.14394191 -0.03838026 0.08489978
v 0.14372800 -0.03973501 0.08461570
v 0.14299101 -0.04087865 0.08429921
v 0.11773501 -0.07280207 0.07466875
v 0.11254001 -0.06776285 0.07515138
v 0.12052400 -0.05977904 0.07771980
v 0.14391728 -0.03625517 0.08428109
v 0.14359361 -0.03822235 0.08392476
v 0.14341483 -0.03937115 0.08364979
v 0.14278795 -0.04033976 0.08333945
v 0.12362853 -0.06311066 0.04288965
v 0.12479627 -0.06364492 0.04266580
v 0.12582457 -0.06304426 0.04225081
v 0.12605909 -0.06205216 0.04173711
v 0.12536940 -0.06098931 0.04156731
v 0.12297717 -0.06194921 0.04244627
v 0.12336278 -0.06106567 0.04203934
v 0.12422900 -0.06067609 0.04167359
v 0.20198600 0.01529270 0.06799745
v 0.20094402 0.01586276 0.06762130
v 0.19994599 0.01551485 0.06703060
v 0.19956900 0.01449805 0.06650180
v 0.20002803 0.01333343 0.06639719
v 0.20240802 0.01408761 0.06798207
v 0.20200101 0.01304405 0.06754119
v 0.20105201 0.01272529 0.06687277
v 0.23556393 0.03639280 0.10085401
v 0.23351499 0.03435546 0.10745501
v 0.22923601 0.03007871 0.11137103
v 0.16708700 -0.02151799 0.08947425
f 1 2 3
f 4 5 6
f 7 8 9
f 10 11 12
f 13 14 2
f 3 2 14
f 15 16 17
f 2 4 18
f 4 6 18
f 19 20 21
f 21 22 23
f 8 24 25
f 8 7 26
f 3 14 27
f 28 29 30
f 31 28 30
f 32 13 33
f 13 34 33
f 34 35 36
f 6 5 37
f 37 38 6
f 38 13 2
f 2 6 38
f 39 40 41
f 40 42 43
f 11 44 12
f 45 12 44
f 11 46 44
f 47 48 44
f 48 45 44
f 49 2 50
f 51 52 53
f 17 16 54
f 55 56 57
f 58 55 57
f 59 56 60
f 61 60 56
f 60 61 62
f 24 8 63
f 6 2 64
f 18 6 64
f 20 19 65
f 9 20 65
f 7 9 65
f 66 67 68
f 69 70 71
f 69 72 70
f 67 66 71
f 72 69 73
f 74 25 2
f 63 8 75
f 8 26 76
f 77 78 79
f 14 47 80
f 47 27 80
f 27 14 80
f 1 3 27
f 27 81 1
f 82 81 27
f 50 83 82
f 27 84 82
f 50 82 49
f 85 49 82
f 86 87 31
f 86 31 88
f 89 62 90
f 30 89 90
f 30 90 31
f 36 35 91
f 39 41 91
f 37 5 92
f 40 39 92
f 5 42 92
f 40 92 42
f 38 93 35
f 38 94 93
f 91 35 93
f 94 39 93
f 91 93 39
f 34 13 38
f 34 38 35
f 95 94 38
f 38 37 95
f 92 95 37
f 94 95 39
f 92 39 95
f 23 96 97
f 23 97 21
f 23 22 98
f 99 96 100
f 101 99 100
f 23 100 96
f 100 23 98
f 10 12 102
f 102 12 103
f 103 100 102
f 98 10 102
f 100 98 102
f 27 47 104
f 47 44 104
f 44 46 104
f 27 104 84
f 105 104 46
f 105 84 104
f 48 32 106
f 45 48 106
f 107 47 14
f 48 47 107
f 14 13 107
f 12 45 108
f 103 12 108
f 81 2 1
f 50 2 83
f 8 25 53
f 53 25 74
f 74 51 53
f 55 58 109
f 110 111 112
f 113 114 115
f 113 116 114
f 116 54 114
f 86 88 117
f 56 59 118
f 57 56 118
f 119 56 120
f 121 120 56
f 120 116 119
f 56 55 122
f 121 56 122
f 109 122 55
f 109 121 122
f 62 89 123
f 62 124 60
f 60 124 59
f 123 125 124
f 62 123 124
f 58 126 127
f 17 109 127
f 109 58 127
f 17 127 15
f 126 58 128
f 57 128 58
f 118 59 128
f 128 57 118
f 129 130 131
f 130 126 131
f 128 59 131
f 131 126 128
f 4 132 5
f 4 133 132
f 133 24 132
f 24 63 132
f 133 4 134
f 133 134 24
f 25 24 134
f 2 134 4
f 2 25 134
f 63 75 135
f 2 18 136
f 64 2 136
f 18 64 136
f 137 138 139
f 140 141 139
f 139 138 142
f 142 140 139
f 66 68 143
f 22 21 143
f 66 143 21
f 68 144 143
f 98 143 144
f 98 22 143
f 31 87 145
f 79 145 87
f 31 145 28
f 82 83 146
f 146 81 82
f 83 50 146
f 146 2 81
f 83 2 146
f 147 85 82
f 145 85 147
f 148 147 84
f 82 84 147
f 148 28 147
f 145 147 28
f 88 31 149
f 90 149 31
f 61 56 150
f 150 56 88
f 43 42 151
f 97 43 151
f 65 19 152
f 19 21 153
f 99 154 96
f 97 96 154
f 97 154 43
f 99 41 154
f 154 41 40
f 40 43 154
f 155 41 99
f 156 36 155
f 91 41 155
f 155 36 91
f 98 144 157
f 100 158 101
f 100 103 158
f 156 159 36
f 106 32 159
f 36 159 34
f 159 32 33
f 33 34 159
f 107 160 48
f 32 160 13
f 48 160 32
f 108 161 156
f 159 156 161
f 161 106 159
f 109 17 162
f 54 116 162
f 54 162 17
f 109 162 121
f 162 116 120
f 120 121 162
f 163 111 164
f 111 110 164
f 73 69 164
f 69 53 164
f 114 165 166
f 114 166 115
f 117 167 86
f 87 86 167
f 123 89 168
f 30 29 169
f 169 89 30
f 170 144 68
f 140 144 170
f 68 67 170
f 171 126 130
f 171 15 127
f 127 126 171
f 131 172 129
f 172 125 123
f 124 125 172
f 172 59 124
f 131 59 172
f 173 138 137
f 142 138 173
f 173 174 142
f 137 175 176
f 130 129 177
f 135 75 178
f 71 66 179
f 179 66 180
f 67 181 141
f 139 141 181
f 67 71 181
f 70 181 71
f 139 181 137
f 70 72 181
f 72 137 181
f 50 49 182
f 145 78 183
f 85 145 183
f 182 183 78
f 78 145 77
f 145 79 77
f 84 105 184
f 184 105 185
f 148 84 184
f 28 148 184
f 29 28 184
f 185 29 184
f 90 88 186
f 88 149 186
f 149 90 186
f 187 88 90
f 150 88 187
f 90 62 187
f 62 61 187
f 150 187 61
f 151 42 188
f 135 188 63
f 135 189 188
f 189 151 188
f 132 63 188
f 42 5 188
f 132 188 5
f 152 7 65
f 97 190 21
f 153 21 190
f 190 189 153
f 151 189 190
f 151 190 97
f 153 189 191
f 152 19 191
f 19 153 191
f 157 192 193
f 105 46 193
f 105 193 192
f 108 156 194
f 194 103 108
f 158 103 194
f 107 13 195
f 160 195 13
f 160 107 195
f 106 196 45
f 196 106 161
f 108 45 196
f 161 108 196
f 112 111 197
f 167 117 198
f 88 56 198
f 87 198 79
f 117 88 198
f 79 198 77
f 78 77 198
f 183 78 198
f 164 115 199
f 200 164 199
f 197 163 201
f 165 201 163
f 166 165 163
f 197 111 163
f 199 115 166
f 29 202 203
f 169 29 203
f 168 89 204
f 169 204 89
f 169 205 204
f 170 141 140
f 67 141 170
f 171 206 15
f 206 174 173
f 172 207 129
f 172 123 207
f 177 129 207
f 123 168 207
f 207 168 177
f 137 72 208
f 175 137 208
f 73 208 72
f 164 208 73
f 209 165 114
f 54 16 209
f 114 54 209
f 110 112 176
f 176 175 110
f 177 174 210
f 174 206 210
f 206 171 210
f 171 130 210
f 178 75 76
f 75 8 76
f 20 211 21
f 9 211 20
f 85 183 182
f 178 26 135
f 135 26 189
f 191 189 26
f 178 76 26
f 191 26 152
f 7 152 26
f 46 11 212
f 11 10 212
f 10 98 212
f 157 212 98
f 155 213 156
f 194 156 213
f 155 99 213
f 99 101 213
f 158 213 101
f 213 158 194
f 53 52 214
f 164 53 214
f 198 87 86
f 86 167 198
f 119 198 56
f 163 215 166
f 199 215 200
f 199 166 215
f 177 168 216
f 174 177 216
f 142 174 216
f 217 205 169
f 169 203 217
f 144 140 218
f 218 202 219
f 105 192 219
f 185 105 219
f 202 29 219
f 185 219 29
f 201 165 220
f 208 164 221
f 208 221 175
f 164 110 221
f 175 221 110
f 177 222 130
f 210 130 222
f 222 177 210
f 223 9 8
f 211 9 223
f 193 224 157
f 212 157 224
f 193 46 224
f 224 46 212
f 214 52 198
f 225 198 226
f 215 163 200
f 164 200 163
f 204 227 168
f 216 168 227
f 204 205 227
f 205 142 227
f 216 227 142
f 203 202 228
f 202 218 228
f 217 203 228
f 142 205 228
f 228 205 217
f 228 140 142
f 218 140 228
f 229 144 218
f 157 144 229
f 192 157 229
f 229 218 219
f 219 192 229
f 137 176 230
f 220 137 230
f 176 112 230
f 197 230 112
f 197 201 230
f 201 220 230
f 206 173 231
f 173 137 231
f 15 231 16
f 206 231 15
f 209 16 231
f 232 211 223
f 211 232 21
f 223 8 232
f 66 21 232
f 180 66 232
f 198 233 214
f 198 225 233
f 233 113 234
f 119 116 233
f 233 116 113
f 226 119 233
f 233 225 226
f 198 119 235
f 119 226 235
f 220 236 137
f 231 137 236
f 220 165 236
f 209 236 165
f 209 231 236
f 237 8 238
f 232 8 237
f 238 180 237
f 232 237 180
f 214 239 164
f 164 239 115
f 113 115 239
f 234 113 239
f 226 198 240
f 240 198 235
f 235 226 240
f 233 241 214
f 239 214 241
f 233 234 241
f 241 234 239
f 242 243 244
f 244 245 246
f 247 248 249
f 250 245 244
f 251 252 253
f 254 243 255
f 256 257 258
f 259 260 261
f 262 263 264
f 265 242 244
f 266 246 245
f 267 244 246
f 267 246 266
f 267 266 268
f 269 249 270
f 249 269 264
f 269 257 262
f 271 249 264
f 247 272 273
f 272 247 274
f 273 272 275
f 276 277 278
f 279 280 278
f 280 279 281
f 282 251 253
f 283 244 243
f 283 243 284
f 284 244 283
f 285 275 286
f 287 286 272
f 286 275 272
f 288 247 273
f 247 288 248
f 288 273 248
f 270 249 289
f 290 273 275
f 291 254 255
f 292 257 293
f 257 292 258
f 292 293 258
f 294 255 243
f 294 295 291
f 294 291 255
f 294 270 295
f 294 293 270
f 260 296 261
f 259 261 297
f 298 244 267
f 265 244 298
f 299 258 300
f 257 301 293
f 301 257 269
f 269 293 301
f 293 302 270
f 302 269 270
f 264 303 262
f 303 264 269
f 304 247 249
f 304 274 247
f 272 274 305
f 305 274 304
f 305 287 272
f 306 276 307
f 308 281 279
f 279 278 309
f 310 311 312
f 313 314 315
f 314 313 312
f 253 314 282
f 285 316 253
f 287 317 286
f 313 317 318
f 317 313 315
f 316 285 286
f 319 248 273
f 248 319 320
f 319 273 290
f 321 295 322
f 321 254 291
f 323 295 270
f 295 323 322
f 324 325 285
f 326 244 284
f 327 328 329
f 327 329 330
f 331 245 250
f 332 307 276
f 332 276 333
f 334 294 243
f 335 259 297
f 335 263 262
f 335 297 263
f 298 267 336
f 336 280 337
f 336 265 298
f 338 258 299
f 338 256 258
f 299 300 338
f 339 293 269
f 293 339 302
f 339 269 302
f 262 340 269
f 340 262 303
f 340 303 269
f 341 263 297
f 297 261 341
f 342 343 305
f 305 343 318
f 318 343 344
f 345 346 306
f 276 347 348
f 347 276 306
f 349 350 308
f 279 349 308
f 351 279 309
f 279 351 349
f 351 350 349
f 310 312 352
f 352 312 353
f 252 251 354
f 354 307 355
f 314 253 356
f 356 315 314
f 253 316 356
f 356 316 315
f 311 357 312
f 357 282 314
f 358 317 315
f 358 286 317
f 358 315 316
f 358 316 286
f 295 359 291
f 359 295 321
f 359 321 291
f 360 270 289
f 323 270 360
f 289 249 360
f 361 253 252
f 253 361 285
f 285 361 324
f 361 252 362
f 361 362 324
f 275 363 290
f 290 363 329
f 363 330 329
f 363 325 330
f 285 325 363
f 363 275 285
f 364 250 244
f 364 244 326
f 326 365 364
f 364 366 250
f 245 367 266
f 367 245 331
f 367 268 266
f 268 367 368
f 331 368 367
f 369 331 250
f 337 370 336
f 280 371 337
f 337 371 372
f 371 280 281
f 371 281 372
f 260 373 296
f 374 350 351
f 375 296 373
f 375 261 296
f 261 375 341
f 305 271 342
f 305 249 271
f 305 304 249
f 318 376 305
f 287 376 317
f 376 287 305
f 277 377 278
f 377 277 276
f 377 276 348
f 377 348 347
f 377 347 306
f 378 306 307
f 378 307 345
f 378 345 306
f 346 379 310
f 379 346 345
f 278 380 276
f 380 278 280
f 267 268 380
f 380 268 332
f 380 332 333
f 380 280 336
f 336 267 380
f 276 381 333
f 381 276 380
f 380 333 381
f 382 383 384
f 384 385 382
f 386 355 252
f 386 252 354
f 386 354 355
f 251 387 354
f 388 252 355
f 362 252 388
f 389 355 307
f 390 314 312
f 390 312 357
f 314 390 357
f 391 254 321
f 391 243 254
f 391 392 243
f 328 393 394
f 393 392 394
f 393 243 392
f 393 328 327
f 284 243 393
f 395 249 248
f 360 249 395
f 396 368 397
f 389 396 388
f 396 362 388
f 365 362 396
f 396 397 365
f 398 365 326
f 326 284 399
f 399 400 326
f 399 284 393
f 400 399 393
f 401 364 365
f 401 366 364
f 402 368 331
f 402 331 369
f 403 294 334
f 404 403 405
f 293 403 258
f 403 293 294
f 403 300 258
f 300 403 404
f 406 352 407
f 306 346 408
f 377 306 408
f 409 337 265
f 409 265 370
f 337 409 370
f 410 265 336
f 370 265 410
f 410 336 370
f 411 412 373
f 413 412 411
f 414 415 416
f 417 385 418
f 414 419 420
f 419 351 420
f 421 414 420
f 422 341 375
f 422 375 423
f 424 318 317
f 318 424 376
f 424 317 376
f 425 309 278
f 425 278 377
f 377 309 425
f 426 383 382
f 426 377 408
f 427 428 429
f 428 430 429
f 418 431 417
f 431 432 417
f 251 311 387
f 311 251 282
f 311 282 357
f 311 310 379
f 433 307 354
f 433 354 387
f 433 387 311
f 434 355 389
f 355 434 388
f 434 389 388
f 396 389 435
f 395 248 320
f 395 320 319
f 436 366 401
f 365 436 401
f 437 250 366
f 437 438 250
f 437 366 438
f 369 250 439
f 439 250 438
f 366 439 438
f 440 427 441
f 440 407 427
f 406 407 440
f 442 352 353
f 407 352 442
f 443 427 429
f 344 444 445
f 446 313 318
f 442 353 446
f 312 313 446
f 446 353 312
f 447 260 259
f 260 447 373
f 447 411 373
f 447 259 335
f 447 335 411
f 262 448 335
f 335 448 411
f 448 413 411
f 415 449 416
f 450 412 413
f 451 415 414
f 338 300 452
f 453 454 455
f 456 265 337
f 281 456 372
f 456 337 372
f 457 242 458
f 350 459 308
f 460 461 420
f 431 461 460
f 460 432 431
f 420 351 462
f 309 462 351
f 462 309 420
f 351 419 374
f 463 263 341
f 463 341 422
f 344 343 444
f 444 343 463
f 464 445 444
f 382 465 426
f 465 382 385
f 465 385 417
f 466 385 384
f 466 384 428
f 427 466 428
f 466 427 407
f 467 428 384
f 408 430 467
f 467 430 428
f 468 311 379
f 468 433 311
f 468 379 345
f 307 468 345
f 468 307 433
f 469 389 307
f 435 389 469
f 469 307 332
f 394 290 329
f 394 329 328
f 290 470 319
f 319 470 395
f 470 290 394
f 470 322 323
f 400 327 471
f 400 393 327
f 472 325 324
f 369 397 402
f 397 369 439
f 397 368 402
f 397 436 365
f 397 366 436
f 366 397 439
f 473 385 466
f 473 407 442
f 407 473 466
f 473 373 412
f 473 412 450
f 441 427 474
f 440 441 474
f 475 408 346
f 475 430 408
f 430 475 429
f 475 346 310
f 476 344 477
f 318 476 446
f 476 318 344
f 478 442 446
f 478 477 473
f 442 478 473
f 478 476 477
f 478 446 476
f 479 262 257
f 262 479 448
f 479 257 256
f 480 415 481
f 482 413 448
f 483 481 415
f 483 415 451
f 484 461 431
f 484 431 485
f 461 484 420
f 421 420 484
f 484 414 421
f 451 414 484
f 338 486 454
f 486 455 454
f 452 300 487
f 487 300 404
f 487 404 405
f 487 405 403
f 243 487 334
f 487 403 334
f 488 489 490
f 489 488 454
f 454 453 489
f 491 256 338
f 491 338 454
f 256 491 488
f 488 491 454
f 492 281 308
f 492 308 459
f 419 414 416
f 419 242 457
f 493 423 444
f 493 444 463
f 422 423 493
f 493 463 422
f 343 494 463
f 494 343 342
f 494 342 271
f 494 263 463
f 263 494 264
f 271 264 494
f 375 495 423
f 373 495 375
f 495 445 464
f 495 373 473
f 445 495 344
f 473 477 495
f 495 477 344
f 496 423 495
f 495 464 496
f 497 377 426
f 497 426 465
f 497 309 377
f 497 432 460
f 417 432 497
f 497 465 417
f 497 420 309
f 497 460 420
f 498 426 408
f 498 408 467
f 384 498 467
f 383 498 384
f 498 383 426
f 499 396 435
f 499 435 469
f 499 368 396
f 499 268 368
f 268 499 332
f 332 499 469
f 500 392 391
f 500 391 501
f 391 321 502
f 503 323 360
f 470 323 503
f 503 395 470
f 503 360 395
f 471 327 504
f 324 505 472
f 505 398 472
f 505 324 362
f 505 362 365
f 505 365 398
f 506 427 443
f 474 427 506
f 506 440 474
f 429 507 443
f 507 429 475
f 449 415 508
f 508 415 480
f 508 480 449
f 480 481 509
f 509 449 480
f 510 481 450
f 510 450 413
f 510 413 482
f 511 448 479
f 450 512 473
f 481 512 450
f 512 481 483
f 485 513 484
f 514 451 484
f 486 453 455
f 489 453 486
f 243 515 487
f 515 243 242
f 515 242 419
f 516 490 489
f 419 416 516
f 515 419 516
f 456 281 492
f 458 456 457
f 456 492 457
f 456 458 242
f 456 242 265
f 457 517 419
f 517 457 492
f 517 350 374
f 464 444 518
f 423 518 444
f 392 519 394
f 519 392 500
f 520 391 502
f 520 322 470
f 394 520 470
f 322 521 321
f 521 502 321
f 521 322 520
f 521 520 502
f 330 504 327
f 504 330 325
f 504 325 472
f 522 471 504
f 398 326 522
f 522 472 398
f 522 326 400
f 471 522 400
f 472 522 504
f 523 507 475
f 443 523 506
f 523 443 507
f 310 523 475
f 523 310 352
f 523 352 406
f 523 406 440
f 523 440 506
f 481 524 509
f 524 449 509
f 525 416 449
f 525 511 416
f 526 256 488
f 526 479 256
f 526 488 490
f 526 490 516
f 527 512 483
f 451 527 483
f 527 451 514
f 484 527 514
f 418 527 431
f 527 484 513
f 527 485 431
f 485 527 513
f 528 385 473
f 528 473 512
f 528 512 527
f 528 418 385
f 418 528 527
f 338 452 486
f 452 487 515
f 452 489 486
f 489 452 516
f 374 419 517
f 529 492 459
f 517 492 529
f 350 529 459
f 529 350 517
f 496 464 530
f 530 464 518
f 530 423 496
f 423 530 518
f 391 531 501
f 501 531 500
f 532 519 500
f 532 500 520
f 394 532 520
f 532 394 519
f 533 481 510
f 481 533 524
f 482 533 510
f 533 449 524
f 449 533 525
f 448 534 482
f 534 448 511
f 534 511 525
f 482 534 533
f 534 525 533
f 511 479 535
f 535 479 526
f 536 515 516
f 536 452 515
f 536 516 452
f 537 391 520
f 391 537 531
f 537 520 500
f 537 500 531
f 538 511 535
f 526 538 535
f 538 526 516
f 538 516 416
f 538 416 511
f 539 540 541
f 542 543 544
f 545 546 547
f 545 548 546
f 549 550 551
f 552 553 551
f 554 552 551
f 555 553 552
f 556 553 555
f 557 556 555
f 558 557 555
f 559 560 561
f 562 540 563
f 541 540 562
f 561 560 564
f 551 565 566
f 566 554 551
f 551 550 567
f 568 565 551
f 565 569 566
f 569 565 568
f 570 569 568
f 571 572 573
f 574 575 576
f 577 578 579
f 580 581 582
f 583 553 582
f 584 585 586
f 587 546 548
f 588 587 548
f 589 586 585
f 590 553 583
f 583 591 590
f 553 590 551
f 592 593 594
f 595 563 596
f 595 597 598
f 562 563 599
f 599 563 595
f 600 601 602
f 570 551 567
f 603 550 604
f 603 567 550
f 605 572 571
f 606 573 572
f 607 559 608
f 559 607 609
f 610 575 611
f 611 575 574
f 611 574 610
f 612 613 614
f 615 579 616
f 615 577 579
f 557 617 618
f 617 580 618
f 619 618 582
f 619 582 553
f 619 553 556
f 557 619 556
f 620 621 587
f 622 623 583
f 589 585 624
f 625 575 610
f 576 575 625
f 626 544 543
f 627 544 626
f 547 627 626
f 628 593 592
f 628 592 590
f 593 628 591
f 591 628 590
f 629 590 592
f 630 549 631
f 632 549 630
f 633 632 630
f 543 547 626
f 546 634 547
f 635 548 545
f 635 598 597
f 545 547 635
f 635 597 636
f 635 588 548
f 539 541 637
f 638 561 564
f 564 606 554
f 639 640 601
f 631 601 640
f 602 601 631
f 569 570 567
f 567 641 569
f 567 642 641
f 643 570 568
f 643 568 551
f 643 551 570
f 644 566 569
f 644 554 566
f 645 569 641
f 646 606 572
f 646 554 606
f 647 572 605
f 648 647 605
f 649 557 558
f 650 573 606
f 650 560 559
f 650 559 609
f 564 560 650
f 650 606 564
f 651 542 652
f 653 654 574
f 655 656 592
f 657 578 658
f 657 658 656
f 657 656 659
f 660 578 657
f 661 657 659
f 612 662 613
f 662 660 613
f 662 578 660
f 662 579 578
f 663 614 613
f 664 665 666
f 665 664 667
f 624 585 668
f 668 664 666
f 660 668 666
f 613 669 663
f 669 613 660
f 669 660 666
f 662 612 670
f 670 579 662
f 619 557 618
f 671 667 672
f 673 584 586
f 673 621 620
f 673 674 621
f 673 671 672
f 587 675 620
f 49 182 2
f 586 676 674
f 577 592 658
f 677 678 623
f 661 677 657
f 677 623 657
f 677 593 678
f 593 677 661
f 679 593 591
f 593 679 678
f 678 679 623
f 679 591 583
f 622 680 623
f 680 589 624
f 680 624 668
f 680 622 586
f 680 586 589
f 660 680 668
f 680 660 657
f 623 680 657
f 681 576 625
f 625 546 681
f 681 546 587
f 621 681 587
f 615 682 629
f 682 551 590
f 682 590 629
f 682 631 549
f 551 682 549
f 683 684 637
f 595 608 599
f 599 608 559
f 599 559 561
f 599 561 638
f 598 651 595
f 651 608 595
f 651 607 608
f 541 685 637
f 685 683 637
f 564 686 638
f 686 564 687
f 638 562 599
f 687 564 688
f 644 688 554
f 688 564 554
f 644 569 689
f 642 689 641
f 689 642 644
f 555 647 648
f 554 646 552
f 646 555 552
f 690 648 605
f 691 605 580
f 691 580 617
f 557 691 617
f 692 571 573
f 693 571 692
f 694 571 693
f 694 695 571
f 694 696 695
f 697 542 698
f 699 581 580
f 699 571 695
f 571 699 605
f 699 580 605
f 581 699 574
f 699 653 574
f 661 700 593
f 700 661 659
f 701 592 594
f 656 658 592
f 629 592 577
f 577 615 629
f 585 702 668
f 702 703 672
f 702 664 668
f 702 672 667
f 702 667 664
f 666 665 704
f 704 665 667
f 704 667 663
f 615 616 705
f 705 706 615
f 707 705 616
f 540 708 563
f 596 563 708
f 709 539 710
f 710 539 711
f 712 710 711
f 667 713 663
f 713 667 671
f 714 584 673
f 715 586 674
f 715 673 586
f 715 674 673
f 621 676 681
f 676 576 681
f 676 621 674
f 618 580 582
f 623 679 583
f 716 601 600
f 716 600 682
f 717 600 602
f 600 717 682
f 718 707 633
f 631 640 719
f 630 718 633
f 632 633 720
f 720 633 684
f 683 720 684
f 635 547 543
f 542 635 543
f 635 542 651
f 598 635 651
f 721 562 638
f 721 638 722
f 722 638 686
f 686 723 722
f 724 642 567
f 724 567 603
f 724 603 725
f 724 644 642
f 644 724 725
f 726 686 687
f 689 569 645
f 645 641 689
f 727 648 690
f 728 690 605
f 728 605 691
f 729 627 547
f 634 729 547
f 730 542 697
f 652 542 730
f 731 652 730
f 731 730 697
f 731 697 698
f 651 652 732
f 731 732 652
f 733 574 654
f 733 610 574
f 696 734 695
f 734 654 695
f 735 654 653
f 735 653 699
f 654 735 695
f 695 735 699
f 736 655 592
f 736 592 701
f 659 736 701
f 737 594 593
f 737 593 700
f 737 700 659
f 669 666 738
f 738 666 704
f 738 663 669
f 663 738 704
f 739 539 637
f 711 539 739
f 616 739 637
f 740 741 742
f 740 612 614
f 740 614 741
f 670 612 743
f 743 712 711
f 743 711 670
f 540 709 708
f 709 540 539
f 597 709 636
f 709 597 595
f 596 709 595
f 709 596 708
f 744 742 741
f 614 744 741
f 744 614 663
f 744 663 713
f 647 646 572
f 555 646 647
f 658 578 577
f 180 238 69
f 238 8 69
f 183 198 182
f 52 182 198
f 745 713 671
f 745 671 673
f 714 673 746
f 746 702 714
f 585 584 702
f 702 584 714
f 747 673 703
f 673 672 703
f 601 748 706
f 748 601 716
f 748 716 682
f 615 748 682
f 748 615 706
f 602 682 717
f 602 631 682
f 749 707 718
f 705 707 749
f 749 706 705
f 684 616 637
f 684 707 616
f 707 684 633
f 750 640 639
f 750 719 640
f 639 601 750
f 750 601 706
f 750 706 719
f 751 631 719
f 631 751 630
f 706 751 719
f 726 604 723
f 726 723 686
f 604 726 603
f 603 752 725
f 726 687 752
f 752 603 726
f 753 649 690
f 753 690 728
f 753 557 649
f 557 753 728
f 557 728 691
f 754 696 694
f 754 694 755
f 693 756 694
f 755 694 756
f 610 757 625
f 757 610 729
f 729 634 757
f 757 546 625
f 546 757 634
f 758 609 607
f 607 651 758
f 573 759 692
f 609 759 650
f 759 573 650
f 759 609 758
f 758 731 759
f 760 761 610
f 762 701 594
f 762 594 737
f 762 659 701
f 762 737 659
f 616 763 739
f 763 711 739
f 763 670 711
f 579 763 616
f 763 579 670
f 764 612 740
f 764 743 612
f 764 712 743
f 765 636 709
f 588 766 587
f 709 767 765
f 712 767 710
f 767 709 710
f 768 765 767
f 767 744 768
f 179 180 69
f 69 71 179
f 703 702 747
f 673 620 769
f 745 673 769
f 769 713 745
f 769 770 713
f 769 620 675
f 747 746 673
f 746 747 702
f 718 706 749
f 771 718 630
f 771 630 751
f 706 771 751
f 644 772 688
f 772 687 688
f 687 772 752
f 690 649 773
f 649 558 773
f 774 610 761
f 775 732 731
f 775 731 758
f 775 651 732
f 651 775 758
f 760 734 761
f 733 654 734
f 656 655 659
f 767 712 764
f 767 776 744
f 777 744 713
f 777 713 770
f 777 770 778
f 588 768 766
f 768 588 635
f 636 768 635
f 768 636 765
f 182 49 85
f 69 8 53
f 2 182 74
f 771 706 718
f 752 644 725
f 644 752 772
f 779 780 690
f 779 690 773
f 779 555 780
f 779 558 555
f 773 558 779
f 781 690 780
f 782 755 756
f 693 782 756
f 782 693 692
f 734 783 733
f 783 610 733
f 742 784 740
f 784 742 744
f 776 785 740
f 767 785 776
f 776 740 784
f 776 784 744
f 786 785 767
f 764 786 767
f 786 740 785
f 740 786 764
f 787 766 768
f 787 587 766
f 587 787 675
f 51 74 182
f 182 52 51
f 727 690 781
f 727 781 780
f 555 727 780
f 727 555 648
f 788 754 755
f 788 755 782
f 788 696 754
f 696 788 734
f 789 692 759
f 692 789 782
f 759 731 789
f 789 542 782
f 734 760 783
f 760 610 783
f 736 659 790
f 790 655 736
f 659 655 790
f 778 791 777
f 744 791 768
f 791 744 777
f 782 792 788
f 788 792 793
f 792 544 627
f 792 542 544
f 542 792 782
f 792 627 729
f 731 698 789
f 542 789 698
f 778 770 787
f 787 770 769
f 794 734 788
f 734 794 774
f 794 788 793
f 794 610 774
f 794 793 610
f 774 761 734
f 610 795 729
f 795 610 793
f 795 792 729
f 795 793 792
f 791 778 787
f 791 787 768
f 675 787 769
f 632 550 549
f 632 604 550
f 676 586 576
f 576 586 574
f 574 586 622
f 574 622 699
f 699 622 582
f 582 622 583
f 720 604 632
f 723 604 720
f 722 723 720
f 683 722 720
f 541 721 685
f 721 541 562
f 683 721 722
f 721 683 685
f 796 797 798
f 799 800 801
f 802 803 804
f 805 806 807
f 808 798 809
f 797 809 798
f 810 811 812
f 798 813 799
f 799 813 800
f 814 815 816
f 815 817 818
f 804 819 820
f 804 821 802
f 797 822 809
f 823 824 825
f 826 824 823
f 827 828 808
f 808 828 829
f 829 830 831
f 800 832 801
f 832 800 833
f 833 798 808
f 798 833 800
f 834 835 836
f 836 837 838
f 807 806 839
f 840 839 806
f 807 839 841
f 842 839 843
f 843 839 840
f 844 845 798
f 846 847 848
f 811 849 812
f 850 851 852
f 853 851 850
f 854 855 852
f 856 852 855
f 855 857 856
f 820 858 804
f 800 859 798
f 813 859 800
f 816 860 814
f 803 860 816
f 802 860 803
f 861 862 863
f 864 865 866
f 864 866 867
f 863 865 861
f 867 868 864
f 869 798 819
f 858 870 804
f 804 871 821
f 872 873 874
f 809 875 842
f 842 875 822
f 822 875 809
f 796 822 797
f 822 796 876
f 877 822 876
f 845 877 878
f 822 877 879
f 845 844 877
f 880 877 844
f 881 826 882
f 881 883 826
f 884 885 857
f 824 885 884
f 824 826 885
f 830 886 831
f 834 886 835
f 832 887 801
f 836 887 834
f 801 887 838
f 836 838 887
f 833 831 888
f 833 888 889
f 886 888 831
f 889 888 834
f 886 834 888
f 829 833 808
f 829 831 833
f 890 833 889
f 833 890 832
f 887 832 890
f 889 834 890
f 887 890 834
f 817 891 892
f 817 815 891
f 817 893 818
f 894 895 892
f 896 895 894
f 817 892 895
f 895 893 817
f 805 897 806
f 897 898 806
f 898 897 895
f 893 897 805
f 895 897 893
f 822 899 842
f 842 899 839
f 839 899 841
f 822 879 899
f 900 841 899
f 900 899 879
f 843 901 827
f 840 901 843
f 902 809 842
f 843 902 842
f 809 902 808
f 806 903 840
f 898 903 806
f 876 796 798
f 845 878 798
f 804 847 819
f 847 869 819
f 869 847 846
f 850 904 853
f 905 906 907
f 908 909 910
f 908 910 911
f 911 910 849
f 881 912 883
f 852 913 854
f 851 913 852
f 914 915 852
f 916 852 915
f 915 914 911
f 852 917 850
f 916 917 852
f 904 850 917
f 904 917 916
f 857 918 884
f 857 855 919
f 855 854 919
f 918 919 920
f 857 919 918
f 853 921 922
f 811 921 904
f 904 921 853
f 811 810 921
f 922 923 853
f 851 853 923
f 913 923 854
f 923 913 851
f 924 925 926
f 926 925 922
f 923 925 854
f 925 923 922
f 799 801 927
f 799 927 928
f 928 927 820
f 820 927 858
f 928 929 799
f 928 820 929
f 819 929 820
f 798 799 929
f 798 929 819
f 858 930 870
f 798 931 813
f 859 931 798
f 813 931 859
f 932 933 934
f 935 933 936
f 933 937 934
f 937 933 935
f 861 938 862
f 818 938 815
f 861 815 938
f 862 938 939
f 893 939 938
f 893 938 818
f 826 940 882
f 873 882 940
f 826 823 940
f 877 941 878
f 941 877 876
f 878 941 845
f 941 876 798
f 878 941 798
f 942 877 880
f 940 942 880
f 943 879 942
f 877 942 879
f 943 942 823
f 940 823 942
f 883 944 826
f 885 826 944
f 856 945 852
f 945 883 852
f 837 946 838
f 891 946 837
f 860 947 814
f 814 948 815
f 894 892 949
f 891 949 892
f 891 837 949
f 894 949 835
f 949 836 835
f 836 949 837
f 950 894 835
f 951 950 830
f 886 950 835
f 950 886 830
f 893 952 939
f 895 896 953
f 895 953 898
f 951 830 954
f 901 954 827
f 830 829 954
f 954 828 827
f 828 954 829
f 902 843 955
f 827 808 955
f 843 827 955
f 903 951 956
f 954 956 951
f 956 954 901
f 904 957 811
f 849 957 911
f 849 811 957
f 904 916 957
f 957 915 911
f 915 957 916
f 958 959 907
f 907 959 905
f 868 959 864
f 864 959 847
f 910 960 961
f 910 909 960
f 912 881 962
f 882 962 881
f 918 963 884
f 824 964 825
f 964 824 884
f 965 862 939
f 935 965 939
f 862 965 863
f 966 926 922
f 966 921 810
f 921 966 922
f 925 924 967
f 967 918 920
f 919 967 920
f 967 919 854
f 925 967 854
f 968 932 934
f 937 968 934
f 968 937 969
f 932 970 971
f 926 972 924
f 930 973 870
f 865 974 861
f 974 975 861
f 863 936 976
f 933 976 936
f 863 976 865
f 866 865 976
f 933 932 976
f 866 976 867
f 867 976 932
f 845 977 844
f 940 978 874
f 880 978 940
f 977 874 978
f 874 872 940
f 940 872 873
f 879 979 900
f 979 980 900
f 943 979 879
f 823 979 943
f 825 979 823
f 980 979 825
f 885 981 883
f 883 981 944
f 944 981 885
f 982 885 883
f 945 982 883
f 885 982 857
f 857 982 856
f 945 856 982
f 946 983 838
f 930 858 983
f 930 983 984
f 984 983 946
f 927 983 858
f 838 983 801
f 927 801 983
f 947 860 802
f 891 815 985
f 948 985 815
f 985 948 984
f 946 985 984
f 946 891 985
f 948 986 984
f 947 986 814
f 814 986 948
f 952 987 988
f 900 987 841
f 900 988 987
f 903 989 951
f 989 903 898
f 953 989 898
f 902 990 808
f 955 808 990
f 955 990 902
f 901 840 991
f 991 956 901
f 903 991 840
f 956 991 903
f 906 992 907
f 962 993 912
f 883 993 852
f 882 873 993
f 912 993 883
f 873 872 993
f 874 993 872
f 978 993 874
f 959 994 909
f 995 994 959
f 992 996 958
f 961 958 996
f 960 958 961
f 992 958 907
f 994 960 909
f 825 997 998
f 964 997 825
f 963 999 884
f 964 884 999
f 964 999 1000
f 965 935 936
f 863 965 936
f 966 810 1001
f 1001 968 969
f 967 924 1002
f 967 1002 918
f 972 1002 924
f 918 1002 963
f 1002 972 963
f 932 1003 867
f 971 1003 932
f 868 867 1003
f 959 868 1003
f 1004 910 961
f 849 1004 812
f 910 1004 849
f 905 970 906
f 970 905 971
f 972 1005 969
f 969 1005 1001
f 1001 1005 966
f 966 1005 926
f 973 871 870
f 870 871 804
f 816 815 1006
f 803 816 1006
f 880 977 978
f 973 930 821
f 930 984 821
f 986 821 984
f 973 821 871
f 986 947 821
f 802 821 947
f 841 1007 807
f 807 1007 805
f 805 1007 893
f 952 893 1007
f 950 951 1008
f 989 1008 951
f 950 1008 894
f 894 1008 896
f 953 896 1008
f 1008 989 953
f 847 1009 848
f 959 1009 847
f 993 881 882
f 881 993 962
f 914 852 993
f 958 960 1010
f 994 995 1010
f 994 1010 960
f 972 1011 963
f 969 1011 972
f 937 1011 969
f 1012 964 1000
f 964 1012 997
f 939 1013 935
f 1013 1014 998
f 900 1014 988
f 980 1014 900
f 998 1014 825
f 980 825 1014
f 996 1015 961
f 1003 1016 959
f 1003 971 1016
f 959 1016 905
f 971 905 1016
f 972 926 1017
f 1005 1017 926
f 1017 1005 972
f 1018 804 803
f 1006 1018 803
f 987 952 1019
f 1007 1019 952
f 987 1019 841
f 1019 1007 841
f 1009 993 848
f 1020 1021 993
f 1010 995 958
f 959 958 995
f 999 963 1022
f 1011 1022 963
f 999 1022 1000
f 1000 1022 937
f 1011 937 1022
f 997 1023 998
f 998 1023 1013
f 1012 1023 997
f 937 1023 1000
f 1023 1012 1000
f 1023 937 935
f 1013 1023 935
f 1024 1013 939
f 952 1024 939
f 988 1024 952
f 1024 1014 1013
f 1014 1024 988
f 932 1025 970
f 1015 1025 932
f 970 1025 906
f 992 906 1025
f 992 1025 996
f 996 1025 1015
f 1001 1026 968
f 968 1026 932
f 810 812 1026
f 1001 810 1026
f 1004 1026 812
f 1027 1018 1006
f 1006 815 1027
f 1018 1027 804
f 861 1027 815
f 975 1027 861
f 993 1009 1028
f 993 1028 1020
f 1028 1029 908
f 914 1028 911
f 1028 908 911
f 1021 1028 914
f 1028 1021 1020
f 993 1030 914
f 914 1030 1021
f 1015 932 1031
f 1026 1031 932
f 1015 1031 961
f 1004 961 1031
f 1004 1031 1026
f 1032 1033 804
f 1027 1032 804
f 1033 1032 975
f 1027 975 1032
f 1009 959 1034
f 959 909 1034
f 908 1034 909
f 1029 1034 908
f 1021 1035 993
f 1035 1030 993
f 1030 1035 1021
f 1028 1009 1036
f 1034 1036 1009
f 1028 1036 1029
f 1036 1034 1029
f 1037 1038 1039
f 1038 1040 1041
f 1042 1043 1044
f 1045 1038 1041
f 1046 1047 1048
f 1049 1050 1039
f 1051 1052 1053
f 1054 1055 1056
f 1057 1058 1059
f 1060 1038 1037
f 1061 1041 1040
f 1062 1040 1038
f 1062 1061 1040
f 1062 1063 1061
f 1064 1065 1043
f 1043 1058 1064
f 1064 1057 1053
f 1066 1058 1043
f 1042 1067 1068
f 1068 1069 1042
f 1067 1070 1068
f 1071 1072 1073
f 1074 1072 1075
f 1075 1076 1074
f 1077 1047 1046
f 1078 1039 1038
f 1078 1079 1039
f 1079 1078 1038
f 1080 1081 1070
f 1082 1068 1081
f 1081 1068 1070
f 1083 1067 1042
f 1042 1044 1083
f 1083 1044 1067
f 1065 1084 1043
f 1085 1070 1067
f 1086 1050 1049
f 1087 1088 1053
f 1053 1052 1087
f 1087 1052 1088
f 1089 1039 1050
f 1089 1086 1090
f 1089 1050 1086
f 1089 1090 1065
f 1089 1065 1088
f 1056 1055 1091
f 1054 1092 1055
f 1093 1062 1038
f 1060 1093 1038
f 1094 1095 1052
f 1053 1088 1096
f 1096 1064 1053
f 1064 1096 1088
f 1088 1065 1097
f 1097 1065 1064
f 1058 1057 1098
f 1098 1064 1058
f 1099 1043 1042
f 1099 1042 1069
f 1068 1100 1069
f 1100 1099 1069
f 1100 1068 1082
f 1101 1102 1071
f 1103 1074 1076
f 1074 1104 1072
f 1105 1106 1107
f 1108 1109 1110
f 1110 1106 1108
f 1047 1077 1110
f 1080 1047 1111
f 1082 1081 1112
f 1108 1113 1112
f 1112 1109 1108
f 1111 1081 1080
f 1114 1067 1044
f 1044 1115 1114
f 1114 1085 1067
f 1116 1117 1090
f 1116 1086 1049
f 1118 1065 1090
f 1090 1117 1118
f 1119 1080 1120
f 1121 1079 1038
f 1122 1123 1124
f 1122 1125 1123
f 1126 1045 1041
f 1127 1071 1102
f 1127 1128 1071
f 1129 1039 1089
f 1130 1092 1054
f 1130 1057 1059
f 1130 1059 1092
f 1093 1131 1062
f 1131 1132 1075
f 1131 1093 1060
f 1133 1094 1052
f 1133 1052 1051
f 1094 1133 1095
f 1134 1064 1088
f 1088 1097 1134
f 1134 1097 1064
f 1057 1064 1135
f 1135 1098 1057
f 1135 1064 1098
f 1136 1092 1059
f 1092 1136 1055
f 1137 1100 1138
f 1100 1113 1138
f 1113 1139 1138
f 1140 1101 1141
f 1071 1142 1143
f 1143 1101 1071
f 1144 1103 1145
f 1074 1103 1144
f 1146 1104 1074
f 1074 1144 1146
f 1146 1144 1145
f 1105 1147 1106
f 1147 1148 1106
f 1048 1149 1046
f 1149 1150 1102
f 1110 1151 1047
f 1151 1110 1109
f 1047 1151 1111
f 1151 1109 1111
f 1107 1106 1152
f 1152 1110 1077
f 1153 1109 1112
f 1153 1112 1081
f 1153 1111 1109
f 1153 1081 1111
f 1090 1086 1154
f 1154 1116 1090
f 1154 1086 1116
f 1155 1084 1065
f 1118 1155 1065
f 1084 1155 1043
f 1156 1048 1047
f 1047 1080 1156
f 1080 1119 1156
f 1156 1157 1048
f 1156 1119 1157
f 1070 1085 1158
f 1085 1123 1158
f 1158 1123 1125
f 1158 1125 1120
f 1080 1158 1120
f 1158 1080 1070
f 1159 1038 1045
f 1159 1121 1038
f 1121 1159 1160
f 1159 1045 1161
f 1041 1061 1162
f 1162 1126 1041
f 1162 1061 1063
f 1063 1163 1162
f 1126 1162 1163
f 1164 1045 1126
f 1132 1131 1165
f 1075 1132 1166
f 1132 1167 1166
f 1166 1076 1075
f 1166 1167 1076
f 1056 1091 1168
f 1169 1146 1145
f 1170 1168 1091
f 1170 1091 1055
f 1055 1136 1170
f 1100 1137 1066
f 1100 1066 1043
f 1100 1043 1099
f 1113 1100 1171
f 1082 1112 1171
f 1171 1100 1082
f 1073 1072 1172
f 1172 1071 1073
f 1172 1142 1071
f 1172 1143 1142
f 1172 1101 1143
f 1173 1102 1101
f 1173 1140 1102
f 1173 1101 1140
f 1141 1105 1174
f 1174 1140 1141
f 1072 1071 1175
f 1175 1075 1072
f 1062 1175 1063
f 1175 1127 1063
f 1175 1128 1127
f 1175 1131 1075
f 1131 1175 1062
f 1071 1128 1176
f 1176 1175 1071
f 1175 1176 1128
f 1177 1178 1179
f 1178 1177 1180
f 1181 1048 1150
f 1181 1149 1048
f 1181 1150 1149
f 1046 1149 1182
f 1183 1150 1048
f 1157 1183 1048
f 1184 1102 1150
f 1185 1106 1110
f 1185 1152 1106
f 1110 1152 1185
f 1186 1116 1049
f 1186 1049 1039
f 1186 1039 1187
f 1124 1188 1189
f 1189 1188 1187
f 1189 1187 1039
f 1189 1122 1124
f 1079 1189 1039
f 1190 1044 1043
f 1155 1190 1043
f 1191 1192 1163
f 1184 1183 1191
f 1191 1183 1157
f 1160 1191 1157
f 1191 1160 1192
f 1193 1121 1160
f 1121 1194 1079
f 1194 1121 1195
f 1194 1189 1079
f 1195 1189 1194
f 1196 1160 1159
f 1196 1159 1161
f 1197 1126 1163
f 1197 1164 1126
f 1198 1129 1089
f 1199 1200 1198
f 1088 1052 1198
f 1198 1089 1088
f 1198 1052 1095
f 1095 1199 1198
f 1201 1202 1147
f 1101 1203 1141
f 1172 1203 1101
f 1204 1060 1132
f 1204 1165 1060
f 1132 1165 1204
f 1205 1131 1060
f 1165 1205 1060
f 1205 1165 1131
f 1206 1168 1207
f 1208 1206 1207
f 1209 1210 1211
f 1212 1213 1180
f 1209 1214 1215
f 1215 1214 1146
f 1216 1214 1209
f 1217 1170 1136
f 1217 1218 1170
f 1219 1112 1113
f 1113 1171 1219
f 1219 1171 1112
f 1220 1072 1104
f 1220 1172 1072
f 1172 1220 1104
f 1221 1177 1179
f 1221 1203 1172
f 1222 1223 1224
f 1224 1223 1225
f 1213 1212 1226
f 1226 1212 1227
f 1046 1182 1107
f 1107 1077 1046
f 1107 1152 1077
f 1107 1174 1105
f 1228 1149 1102
f 1228 1182 1149
f 1228 1107 1182
f 1229 1184 1150
f 1150 1183 1229
f 1229 1183 1184
f 1191 1230 1184
f 1190 1115 1044
f 1190 1114 1115
f 1231 1196 1161
f 1160 1196 1231
f 1232 1161 1045
f 1232 1045 1233
f 1232 1233 1161
f 1164 1234 1045
f 1234 1233 1045
f 1161 1233 1234
f 1235 1236 1222
f 1235 1222 1202
f 1201 1235 1202
f 1237 1148 1147
f 1202 1237 1147
f 1238 1223 1222
f 1139 1239 1240
f 1241 1113 1108
f 1237 1241 1148
f 1106 1241 1108
f 1241 1106 1148
f 1242 1054 1056
f 1056 1168 1242
f 1242 1168 1206
f 1242 1130 1054
f 1242 1206 1130
f 1057 1130 1243
f 1130 1206 1243
f 1243 1206 1208
f 1211 1210 1244
f 1245 1208 1207
f 1246 1209 1211
f 1133 1247 1095
f 1248 1249 1250
f 1251 1132 1060
f 1076 1167 1251
f 1251 1167 1132
f 1252 1253 1037
f 1145 1103 1254
f 1255 1214 1256
f 1226 1255 1256
f 1255 1226 1227
f 1214 1257 1146
f 1104 1146 1257
f 1257 1214 1104
f 1146 1169 1215
f 1258 1136 1059
f 1258 1217 1136
f 1139 1240 1138
f 1240 1258 1138
f 1259 1240 1239
f 1177 1221 1260
f 1260 1180 1177
f 1260 1212 1180
f 1261 1178 1180
f 1261 1224 1178
f 1222 1224 1261
f 1261 1202 1222
f 1262 1178 1224
f 1203 1262 1225
f 1262 1224 1225
f 1263 1174 1107
f 1263 1107 1228
f 1263 1140 1174
f 1102 1140 1263
f 1263 1228 1102
f 1264 1102 1184
f 1230 1264 1184
f 1264 1127 1102
f 1188 1123 1085
f 1188 1124 1123
f 1085 1114 1265
f 1114 1190 1265
f 1265 1188 1085
f 1265 1118 1117
f 1195 1266 1122
f 1195 1122 1189
f 1267 1119 1120
f 1164 1197 1192
f 1192 1234 1164
f 1192 1197 1163
f 1192 1160 1231
f 1192 1231 1161
f 1161 1234 1192
f 1268 1261 1180
f 1268 1237 1202
f 1202 1261 1268
f 1268 1207 1168
f 1268 1245 1207
f 1236 1269 1222
f 1235 1269 1236
f 1270 1141 1203
f 1270 1203 1225
f 1225 1223 1270
f 1270 1105 1141
f 1271 1272 1139
f 1113 1241 1271
f 1271 1139 1113
f 1273 1241 1237
f 1273 1268 1272
f 1237 1268 1273
f 1273 1272 1271
f 1273 1271 1241
f 1274 1053 1057
f 1057 1243 1274
f 1274 1051 1053
f 1275 1276 1211
f 1277 1243 1208
f 1278 1211 1276
f 1278 1246 1211
f 1279 1226 1256
f 1279 1280 1226
f 1256 1214 1279
f 1216 1279 1214
f 1279 1216 1209
f 1246 1279 1209
f 1133 1250 1281
f 1281 1250 1249
f 1247 1282 1095
f 1282 1199 1095
f 1282 1200 1199
f 1282 1198 1200
f 1039 1129 1282
f 1282 1129 1198
f 1283 1284 1285
f 1285 1250 1283
f 1250 1285 1248
f 1286 1133 1051
f 1286 1250 1133
f 1051 1283 1286
f 1283 1250 1286
f 1287 1103 1076
f 1287 1254 1103
f 1215 1210 1209
f 1215 1252 1037
f 1288 1240 1218
f 1288 1258 1240
f 1217 1288 1218
f 1288 1217 1258
f 1138 1258 1289
f 1289 1137 1138
f 1289 1066 1137
f 1289 1258 1059
f 1059 1058 1289
f 1066 1289 1058
f 1170 1218 1290
f 1168 1170 1290
f 1290 1259 1239
f 1290 1268 1168
f 1239 1139 1290
f 1268 1290 1272
f 1290 1139 1272
f 1291 1290 1218
f 1290 1291 1259
f 1292 1221 1172
f 1292 1260 1221
f 1292 1172 1104
f 1292 1255 1227
f 1212 1292 1227
f 1292 1212 1260
f 1292 1104 1214
f 1292 1214 1255
f 1293 1203 1221
f 1293 1262 1203
f 1178 1262 1293
f 1179 1178 1293
f 1293 1221 1179
f 1294 1230 1191
f 1294 1264 1230
f 1294 1191 1163
f 1294 1163 1063
f 1063 1127 1294
f 1127 1264 1294
f 1295 1186 1187
f 1295 1296 1186
f 1186 1297 1116
f 1298 1155 1118
f 1265 1298 1118
f 1298 1265 1190
f 1298 1190 1155
f 1266 1299 1122
f 1119 1267 1300
f 1300 1267 1193
f 1300 1157 1119
f 1300 1160 1157
f 1300 1193 1160
f 1301 1238 1222
f 1269 1301 1222
f 1301 1269 1235
f 1223 1238 1302
f 1302 1270 1223
f 1244 1303 1211
f 1303 1275 1211
f 1303 1244 1275
f 1275 1304 1276
f 1304 1275 1244
f 1305 1245 1276
f 1305 1208 1245
f 1305 1277 1208
f 1306 1274 1243
f 1245 1268 1307
f 1276 1245 1307
f 1307 1278 1276
f 1280 1279 1308
f 1309 1279 1246
f 1281 1249 1248
f 1285 1281 1248
f 1039 1282 1310
f 1310 1037 1039
f 1310 1215 1037
f 1311 1285 1284
f 1215 1311 1210
f 1310 1311 1215
f 1251 1287 1076
f 1253 1252 1251
f 1251 1252 1287
f 1251 1037 1253
f 1251 1060 1037
f 1252 1215 1312
f 1312 1287 1252
f 1312 1169 1145
f 1259 1313 1240
f 1218 1240 1313
f 1187 1188 1314
f 1314 1295 1187
f 1315 1297 1186
f 1315 1265 1117
f 1188 1265 1315
f 1117 1116 1316
f 1316 1116 1297
f 1316 1315 1117
f 1316 1297 1315
f 1125 1122 1299
f 1299 1120 1125
f 1299 1267 1120
f 1317 1299 1266
f 1193 1317 1121
f 1317 1193 1267
f 1317 1195 1121
f 1266 1195 1317
f 1267 1299 1317
f 1318 1270 1302
f 1238 1301 1318
f 1318 1302 1238
f 1105 1270 1318
f 1318 1147 1105
f 1318 1201 1147
f 1318 1235 1201
f 1318 1301 1235
f 1276 1304 1319
f 1319 1304 1244
f 1320 1244 1210
f 1320 1210 1306
f 1321 1283 1051
f 1321 1051 1274
f 1321 1284 1283
f 1321 1311 1284
f 1322 1278 1307
f 1246 1278 1322
f 1322 1309 1246
f 1279 1309 1322
f 1213 1226 1322
f 1322 1308 1279
f 1322 1226 1280
f 1280 1308 1322
f 1323 1268 1180
f 1323 1307 1268
f 1323 1322 1307
f 1323 1180 1213
f 1213 1322 1323
f 1133 1281 1247
f 1247 1310 1282
f 1247 1281 1285
f 1285 1311 1247
f 1169 1312 1215
f 1324 1254 1287
f 1312 1324 1287
f 1145 1254 1324
f 1324 1312 1145
f 1291 1325 1259
f 1325 1313 1259
f 1325 1291 1218
f 1218 1313 1325
f 1186 1296 1326
f 1296 1295 1326
f 1327 1295 1314
f 1327 1315 1295
f 1188 1315 1327
f 1327 1314 1188
f 1328 1305 1276
f 1276 1319 1328
f 1277 1305 1328
f 1328 1319 1244
f 1244 1320 1328
f 1243 1277 1329
f 1329 1306 1243
f 1329 1320 1306
f 1277 1328 1329
f 1329 1328 1320
f 1306 1330 1274
f 1330 1321 1274
f 1331 1311 1310
f 1331 1310 1247
f 1331 1247 1311
f 1332 1315 1186
f 1186 1326 1332
f 1332 1295 1315
f 1332 1326 1295
f 1333 1330 1306
f 1321 1330 1333
f 1333 1311 1321
f 1333 1210 1311
f 1333 1306 1210
f 1334 1335 1336
f 1337 1338 1339
f 1340 1341 1342
f 1340 1342 1343
f 1344 1345 1346
f 1347 1345 1348
f 1349 1345 1347
f 1350 1347 1348
f 1351 1350 1348
f 1352 1350 1351
f 1353 1350 1352
f 1354 1355 1356
f 1357 1358 1336
f 1335 1357 1336
f 1355 1359 1356
f 1345 1360 1361
f 1360 1345 1349
f 1345 1362 1346
f 1363 1345 1361
f 1361 1360 1364
f 1364 1363 1361
f 1365 1363 1364
f 1366 1367 1368
f 1369 1370 1371
f 1372 1373 1374
f 1375 1376 1377
f 1378 1376 1348
f 1379 1380 1381
f 1382 1343 1342
f 1383 1343 1382
f 589 1381 1380
f 1384 1378 1348
f 1378 1384 1385
f 1348 1345 1384
f 1386 1387 1388
f 1389 1390 1358
f 1389 1391 1392
f 1357 1393 1358
f 1393 1389 1358
f 1394 1395 1396
f 1365 1362 1345
f 1397 1398 1346
f 1397 1346 1362
f 1399 1366 1368
f 1400 1368 1367
f 1401 1402 1354
f 1354 1403 1401
f 1404 1405 1371
f 1405 1369 1371
f 1405 1404 1369
f 1406 1407 1408
f 1409 1410 1373
f 1409 1373 1372
f 1352 1411 1412
f 1412 1411 1375
f 1413 1376 1411
f 1413 1348 1376
f 1413 1351 1348
f 1352 1351 1413
f 1414 1382 1415
f 1416 1378 623
f 589 624 1381
f 1417 1404 1371
f 1370 1417 1371
f 1418 1339 1338
f 1419 1418 1338
f 1341 1418 1419
f 1420 1386 1388
f 1420 1384 1386
f 1388 1385 1420
f 1385 1384 1420
f 1421 1386 1384
f 1422 1423 1344
f 1424 1422 1344
f 1425 1422 1424
f 1339 1418 1341
f 1342 1341 1426
f 1427 1340 1343
f 1427 1392 1391
f 1340 1427 1341
f 1427 1428 1392
f 1427 1343 1383
f 1334 1429 1335
f 1430 1359 1355
f 1359 1349 1400
f 1431 1396 1432
f 1423 1432 1396
f 1395 1423 1396
f 1364 1362 1365
f 1362 1364 1433
f 1362 1433 1434
f 1435 1363 1365
f 1435 1345 1363
f 1435 1365 1345
f 1436 1364 1360
f 1436 1360 1349
f 1437 1433 1364
f 1438 1368 1400
f 1438 1400 1349
f 1439 1399 1368
f 1440 1399 1439
f 1441 1353 1352
f 1442 1400 1367
f 1442 1354 1356
f 1442 1403 1354
f 1359 1442 1356
f 1442 1359 1400
f 1443 1444 1337
f 1445 1369 1446
f 1447 1386 1448
f 1449 1450 1374
f 1449 1448 1450
f 1449 1451 1448
f 1452 1449 1374
f 1453 1451 1449
f 1406 1408 1454
f 1454 1408 1452
f 1454 1452 1374
f 1454 1374 1373
f 1455 1408 1407
f 1456 1457 1458
f 1458 1459 1456
f 624 1460 1381
f 1460 1457 1456
f 1452 1457 1460
f 1408 1455 1461
f 1461 1452 1408
f 1461 1457 1452
f 1454 1462 1406
f 1462 1454 1373
f 1413 1411 1352
f 1463 1464 1459
f 1465 1380 1379
f 1465 1414 1415
f 1465 1415 1466
f 1465 1464 1463
f 1382 1414 1467
f 844 798 977
f 1380 1466 1468
f 1372 1450 1386
f 1469 623 1470
f 1453 1449 1469
f 1469 1449 623
f 1469 1470 1388
f 1388 1453 1469
f 1471 1385 1388
f 1388 1470 1471
f 1470 623 1471
f 1471 1378 1385
f 1416 623 1472
f 1472 624 589
f 1472 1460 624
f 1472 1380 1416
f 1472 589 1380
f 1452 1460 1472
f 1472 1449 1452
f 623 1449 1472
f 1473 1417 1370
f 1417 1473 1342
f 1473 1382 1342
f 1415 1382 1473
f 1409 1421 1474
f 1474 1384 1345
f 1474 1421 1384
f 1474 1344 1423
f 1345 1344 1474
f 1475 1429 1476
f 1389 1393 1402
f 1393 1354 1402
f 1393 1355 1354
f 1393 1430 1355
f 1391 1389 1443
f 1443 1389 1402
f 1443 1402 1401
f 1335 1429 1477
f 1477 1429 1475
f 1359 1430 1478
f 1478 1479 1359
f 1430 1393 1357
f 1479 1480 1359
f 1436 1349 1480
f 1480 1349 1359
f 1436 1481 1364
f 1434 1433 1481
f 1481 1436 1434
f 1350 1440 1439
f 1349 1347 1438
f 1438 1347 1350
f 1482 1399 1440
f 1483 1375 1399
f 1483 1412 1375
f 1352 1412 1483
f 1484 1367 1366
f 1485 1484 1366
f 1486 1485 1366
f 1486 1366 1487
f 1486 1487 1488
f 1489 1490 1337
f 1491 1375 1377
f 1491 1487 1366
f 1366 1399 1491
f 1491 1399 1375
f 1377 1369 1491
f 1491 1369 1445
f 1453 1388 1492
f 1492 1451 1453
f 1493 1387 1386
f 1448 1386 1450
f 1421 1372 1386
f 1372 1421 1409
f 1381 1460 1494
f 1494 1464 1495
f 1494 1460 1456
f 1494 1459 1464
f 1494 1456 1459
f 1457 1496 1458
f 1496 1459 1458
f 1496 1455 1459
f 1409 1497 1410
f 1497 1409 1498
f 1499 1410 1497
f 1336 1358 1500
f 1390 1500 1358
f 1501 1502 1334
f 1502 1503 1334
f 1504 1503 1502
f 1459 1455 1505
f 1505 1463 1459
f 1506 1465 1379
f 1507 1466 1380
f 1507 1380 1465
f 1507 1465 1466
f 1415 1473 1468
f 1468 1473 1370
f 1468 1466 1415
f 1411 1376 1375
f 623 1378 1471
f 1508 1394 1396
f 1508 1474 1394
f 1509 1395 1394
f 1394 1474 1509
f 1510 1425 1499
f 1423 1511 1432
f 1422 1425 1510
f 1424 1512 1425
f 1512 1476 1425
f 1475 1476 1512
f 1427 1339 1341
f 1337 1339 1427
f 1427 1443 1337
f 1391 1443 1427
f 1513 1430 1357
f 1513 1514 1430
f 1514 1478 1430
f 1478 1514 1515
f 1516 1362 1434
f 1516 1397 1362
f 1516 1517 1397
f 1516 1434 1436
f 1436 1517 1516
f 1518 1479 1478
f 1481 1437 1364
f 1437 1481 1433
f 1519 1482 1440
f 1520 1399 1482
f 1520 1483 1399
f 1521 1341 1419
f 1426 1341 1521
f 1522 1489 1337
f 1444 1522 1337
f 1523 1522 1444
f 1523 1489 1522
f 1523 1490 1489
f 1443 1524 1444
f 1523 1444 1524
f 1525 1446 1369
f 1525 1369 1404
f 1488 1487 1526
f 1526 1487 1446
f 1527 1445 1446
f 1527 1491 1445
f 1446 1487 1527
f 1487 1491 1527
f 1528 1386 1447
f 1528 1493 1386
f 1451 1493 1528
f 1529 1388 1387
f 1529 1492 1388
f 1529 1451 1492
f 1461 1530 1457
f 1530 1496 1457
f 1530 1461 1455
f 1455 1496 1530
f 1531 1429 1334
f 1503 1531 1334
f 1410 1429 1531
f 1532 1533 1534
f 1532 1407 1406
f 1532 1534 1407
f 1462 1535 1406
f 1535 1503 1504
f 1535 1462 1503
f 1336 1500 1501
f 1501 1334 1336
f 1392 1428 1501
f 1501 1389 1392
f 1390 1389 1501
f 1501 1500 1390
f 1536 1534 1533
f 1407 1534 1536
f 1536 1455 1407
f 1536 1505 1455
f 1439 1368 1438
f 1350 1439 1438
f 1450 1372 1374
f 975 864 1033
f 1033 864 804
f 978 977 993
f 848 993 977
f 1537 1463 1505
f 1537 1465 1463
f 1506 1538 1465
f 1538 1506 1494
f 1381 1494 1379
f 1494 1506 1379
f 1539 1495 1465
f 1465 1495 1464
f 1396 1498 1540
f 1540 1508 1396
f 1540 1474 1508
f 1409 1474 1540
f 1540 1498 1409
f 1395 1509 1474
f 1395 1474 1423
f 1541 1510 1499
f 1497 1541 1499
f 1541 1497 1498
f 1476 1429 1410
f 1476 1410 1499
f 1499 1425 1476
f 1542 1431 1432
f 1542 1432 1511
f 1431 1542 1396
f 1542 1498 1396
f 1542 1511 1498
f 1543 1511 1423
f 1423 1422 1543
f 1498 1511 1543
f 1518 1515 1398
f 1518 1478 1515
f 1398 1397 1518
f 1397 1517 1544
f 1518 1544 1479
f 1544 1518 1397
f 1545 1482 1441
f 1545 1520 1482
f 1545 1441 1352
f 1352 1520 1545
f 1352 1483 1520
f 1546 1486 1488
f 1546 1547 1486
f 1485 1486 1548
f 1547 1548 1486
f 1404 1417 1549
f 1549 1521 1404
f 1521 1549 1426
f 1549 1417 1342
f 1342 1426 1549
f 1550 1401 1403
f 1401 1550 1443
f 1367 1484 1551
f 1403 1442 1551
f 1551 1442 1367
f 1551 1550 1403
f 1550 1551 1523
f 1552 1404 1553
f 1554 1387 1493
f 1554 1529 1387
f 1554 1493 1451
f 1554 1451 1529
f 1410 1531 1555
f 1555 1531 1503
f 1555 1503 1462
f 1373 1410 1555
f 1555 1462 1373
f 1556 1532 1406
f 1556 1406 1535
f 1556 1535 1504
f 1557 1501 1428
f 1383 1382 1558
f 1501 1557 1559
f 1504 1502 1559
f 1559 1502 1501
f 1560 1559 1557
f 1559 1560 1536
f 974 864 975
f 864 974 865
f 1495 1539 1494
f 1465 1561 1414
f 1537 1561 1465
f 1561 1537 1505
f 1561 1505 1562
f 1561 1467 1414
f 1539 1465 1538
f 1538 1494 1539
f 1510 1541 1498
f 1563 1422 1510
f 1563 1543 1422
f 1498 1543 1563
f 1436 1480 1564
f 1564 1480 1479
f 1479 1544 1564
f 1482 1565 1441
f 1441 1565 1353
f 1566 1553 1404
f 1567 1523 1524
f 1567 1550 1523
f 1567 1524 1443
f 1443 1550 1567
f 1552 1553 1526
f 1525 1526 1446
f 1448 1451 1447
f 1559 1556 1504
f 1559 1536 1568
f 1569 1505 1536
f 1569 1562 1505
f 1569 1570 1562
f 1383 1558 1560
f 1560 1427 1383
f 1428 1427 1560
f 1560 1557 1428
f 977 880 844
f 864 847 804
f 798 869 977
f 1563 1510 1498
f 1544 1517 1436
f 1436 1564 1544
f 1571 1482 1572
f 1571 1565 1482
f 1571 1572 1350
f 1571 1350 1353
f 1565 1571 1353
f 1573 1572 1482
f 1574 1548 1547
f 1485 1548 1574
f 1574 1484 1485
f 1526 1525 1575
f 1575 1525 1404
f 1533 1532 1576
f 1576 1536 1533
f 1568 1532 1577
f 1559 1568 1577
f 1568 1576 1532
f 1568 1536 1576
f 1578 1559 1577
f 1556 1559 1578
f 1578 1577 1532
f 1532 1556 1578
f 1579 1560 1558
f 1579 1558 1382
f 1382 1467 1579
f 846 977 869
f 977 846 848
f 1519 1573 1482
f 1519 1572 1573
f 1350 1572 1519
f 1519 1440 1350
f 1580 1547 1546
f 1580 1574 1547
f 1580 1546 1488
f 1488 1526 1580
f 1581 1551 1484
f 1484 1574 1581
f 1551 1581 1523
f 1581 1574 1337
f 1526 1575 1552
f 1552 1575 1404
f 1528 1582 1451
f 1582 1528 1447
f 1451 1582 1447
f 1570 1569 1583
f 1536 1560 1583
f 1583 1569 1536
f 1574 1580 1584
f 1580 1585 1584
f 1584 1419 1338
f 1584 1338 1337
f 1337 1574 1584
f 1584 1521 1419
f 1523 1581 1490
f 1337 1490 1581
f 1570 1579 1562
f 1579 1561 1562
f 1586 1580 1526
f 1526 1566 1586
f 1586 1585 1580
f 1586 1566 1404
f 1586 1404 1585
f 1566 1526 1553
f 1404 1521 1587
f 1587 1585 1404
f 1587 1521 1584
f 1587 1584 1585
f 1583 1579 1570
f 1583 1560 1579
f 1467 1561 1579
f 1424 1344 1346
f 1424 1346 1398
f 1468 1370 1380
f 1370 1369 1380
f 1369 1416 1380
f 1369 1491 1416
f 1491 1376 1416
f 1376 1378 1416
f 1512 1424 1398
f 1515 1512 1398
f 1514 1512 1515
f 1475 1512 1514
f 1335 1477 1513
f 1513 1357 1335
f 1475 1514 1513
f 1513 1477 1475
f 1588 1589 1590
f 1591 1592 1593
f 1594 1595 1596
f 1597 1598 1599
f 1600 1601 1589
f 1590 1589 1601
f 1602 1603 1604
f 1589 1591 1605
f 1591 1593 1605
f 1606 1607 1608
f 1608 1609 1610
f 1595 1611 1612
f 1595 1594 1613
f 1590 1601 1614
f 1615 1616 1617
f 1618 1615 1617
f 1619 1600 1620
f 1600 1621 1620
f 1621 1622 1623
f 1593 1592 1624
f 1624 1625 1593
f 1625 1600 1589
f 1589 1593 1625
f 1626 1627 1628
f 1627 1629 1630
f 1598 1631 1599
f 1632 1599 1631
f 1598 1633 1631
f 1634 1635 1631
f 1635 1632 1631
f 1636 1589 1637
f 1638 1639 1640
f 1604 1603 1641
f 1642 1643 1644
f 1645 1642 1644
f 1646 1643 1647
f 1648 1647 1643
f 1647 1648 1649
f 1611 1595 1650
f 1593 1589 1651
f 1605 1593 1651
f 1607 1606 1652
f 1596 1607 1652
f 1594 1596 1652
f 1653 1654 1655
f 1656 1657 1658
f 1656 1659 1657
f 1654 1653 1658
f 1659 1656 1660
f 1661 1612 1589
f 1650 1595 1662
f 1595 1613 1663
f 1664 1665 1666
f 1601 1634 1667
f 1634 1614 1667
f 1614 1601 1667
f 1588 1590 1614
f 1614 1668 1588
f 1669 1668 1614
f 1637 1670 1669
f 1614 1671 1669
f 1637 1669 1636
f 1672 1636 1669
f 1673 1674 1618
f 1673 1618 1675
f 1676 1649 1677
f 1617 1676 1677
f 1617 1677 1618
f 1623 1622 1678
f 1626 1628 1678
f 1624 1592 1679
f 1627 1626 1679
f 1592 1629 1679
f 1627 1679 1629
f 1625 1680 1622
f 1625 1681 1680
f 1678 1622 1680
f 1681 1626 1680
f 1678 1680 1626
f 1621 1600 1625
f 1621 1625 1622
f 1682 1681 1625
f 1625 1624 1682
f 1679 1682 1624
f 1681 1682 1626
f 1679 1626 1682
f 1610 1683 1684
f 1610 1684 1608
f 1610 1609 1685
f 1686 1683 1687
f 1688 1686 1687
f 1610 1687 1683
f 1687 1610 1685
f 1597 1599 1689
f 1689 1599 1690
f 1690 1687 1689
f 1685 1597 1689
f 1687 1685 1689
f 1614 1634 1691
f 1634 1631 1691
f 1631 1633 1691
f 1614 1691 1671
f 1692 1691 1633
f 1692 1671 1691
f 1635 1619 1693
f 1632 1635 1693
f 1694 1634 1601
f 1635 1634 1694
f 1601 1600 1694
f 1599 1632 1695
f 1690 1599 1695
f 1668 1589 1588
f 1637 1589 1670
f 1595 1612 1640
f 1640 1612 1661
f 1661 1638 1640
f 1642 1645 1696
f 1697 1698 1699
f 1700 1701 1702
f 1700 1703 1701
f 1703 1641 1701
f 1673 1675 1704
f 1643 1646 1705
f 1644 1643 1705
f 1706 1643 1707
f 1708 1707 1643
f 1707 1703 1706
f 1643 1642 1709
f 1708 1643 1709
f 1696 1709 1642
f 1696 1708 1709
f 1649 1676 1710
f 1649 1711 1647
f 1647 1711 1646
f 1710 1712 1711
f 1649 1710 1711
f 1645 1713 1714
f 1604 1696 1714
f 1696 1645 1714
f 1604 1714 1602
f 1713 1645 1715
f 1644 1715 1645
f 1705 1646 1715
f 1715 1644 1705
f 1716 1717 1718
f 1717 1713 1718
f 1715 1646 1718
f 1718 1713 1715
f 1591 1719 1592
f 1591 1720 1719
f 1720 1611 1719
f 1611 1650 1719
f 1720 1591 1721
f 1720 1721 1611
f 1612 1611 1721
f 1589 1721 1591
f 1589 1612 1721
f 1650 1662 1722
f 1589 1605 1723
f 1651 1589 1723
f 1605 1651 1723
f 1724 1725 1726
f 1727 1728 1726
f 1726 1725 1729
f 1729 1727 1726
f 1653 1655 1730
f 1609 1608 1730
f 1653 1730 1608
f 1655 1731 1730
f 1685 1730 1731
f 1685 1609 1730
f 1618 1674 1732
f 1666 1732 1674
f 1618 1732 1615
f 1669 1670 1733
f 1733 1668 1669
f 1670 1637 1733
f 1733 1589 1668
f 1670 1589 1733
f 1734 1672 1669
f 1732 1672 1734
f 1735 1734 1671
f 1669 1671 1734
f 1735 1615 1734
f 1732 1734 1615
f 1675 1618 1736
f 1677 1736 1618
f 1648 1643 1737
f 1737 1643 1675
f 1630 1629 1738
f 1684 1630 1738
f 1652 1606 1739
f 1606 1608 1740
f 1686 1741 1683
f 1684 1683 1741
f 1684 1741 1630
f 1686 1628 1741
f 1741 1628 1627
f 1627 1630 1741
f 1742 1628 1686
f 1743 1623 1742
f 1678 1628 1742
f 1742 1623 1678
f 1685 1731 1744
f 1687 1745 1688
f 1687 1690 1745
f 1743 1746 1623
f 1693 1619 1746
f 1623 1746 1621
f 1746 1619 1620
f 1620 1621 1746
f 1694 1747 1635
f 1619 1747 1600
f 1635 1747 1619
f 1695 1748 1743
f 1746 1743 1748
f 1748 1693 1746
f 1696 1604 1749
f 1641 1703 1749
f 1641 1749 1604
f 1696 1749 1708
f 1749 1703 1707
f 1707 1708 1749
f 1750 1698 1751
f 1698 1697 1751
f 1660 1656 1751
f 1656 1640 1751
f 1701 1752 1753
f 1701 1753 1702
f 1704 1754 1673
f 1674 1673 1754
f 1710 1676 1755
f 1617 1616 1756
f 1756 1676 1617
f 1757 1731 1655
f 1727 1731 1757
f 1655 1654 1757
f 1758 1713 1717
f 1758 1602 1714
f 1714 1713 1758
f 1718 1759 1716
f 1759 1712 1710
f 1711 1712 1759
f 1759 1646 1711
f 1718 1646 1759
f 1760 1725 1724
f 1729 1725 1760
f 1760 1761 1729
f 1724 1762 1763
f 1717 1716 1764
f 1722 1662 1765
f 1658 1653 1766
f 1766 1653 1767
f 1654 1768 1728
f 1726 1728 1768
f 1654 1658 1768
f 1657 1768 1658
f 1726 1768 1724
f 1657 1659 1768
f 1659 1724 1768
f 1637 1636 1769
f 1732 1665 1770
f 1672 1732 1770
f 1769 1770 1665
f 1665 1732 1664
f 1732 1666 1664
f 1671 1692 1771
f 1771 1692 1772
f 1735 1671 1771
f 1615 1735 1771
f 1616 1615 1771
f 1772 1616 1771
f 1677 1675 1773
f 1675 1736 1773
f 1736 1677 1773
f 1774 1675 1677
f 1737 1675 1774
f 1677 1649 1774
f 1649 1648 1774
f 1737 1774 1648
f 1738 1629 1775
f 1722 1775 1650
f 1722 1776 1775
f 1776 1738 1775
f 1719 1650 1775
f 1629 1592 1775
f 1719 1775 1592
f 1739 1594 1652
f 1684 1777 1608
f 1740 1608 1777
f 1777 1776 1740
f 1738 1776 1777
f 1738 1777 1684
f 1740 1776 1778
f 1739 1606 1778
f 1606 1740 1778
f 1744 1779 1780
f 1692 1633 1780
f 1692 1780 1779
f 1695 1743 1781
f 1781 1690 1695
f 1745 1690 1781
f 1694 1600 1782
f 1747 1782 1600
f 1747 1694 1782
f 1693 1783 1632
f 1783 1693 1748
f 1695 1632 1783
f 1748 1695 1783
f 1699 1698 1784
f 1754 1704 1785
f 1675 1643 1785
f 1674 1785 1666
f 1704 1675 1785
f 1666 1785 1664
f 1665 1664 1785
f 1770 1665 1785
f 1751 1702 1786
f 1787 1751 1786
f 1784 1750 1788
f 1752 1788 1750
f 1753 1752 1750
f 1784 1698 1750
f 1786 1702 1753
f 1616 1789 1790
f 1756 1616 1790
f 1755 1676 1791
f 1756 1791 1676
f 1756 1792 1791
f 1757 1728 1727
f 1654 1728 1757
f 1758 1793 1602
f 1793 1761 1760
f 1759 1794 1716
f 1759 1710 1794
f 1764 1716 1794
f 1710 1755 1794
f 1794 1755 1764
f 1724 1659 1795
f 1762 1724 1795
f 1660 1795 1659
f 1751 1795 1660
f 1796 1752 1701
f 1641 1603 1796
f 1701 1641 1796
f 1697 1699 1763
f 1763 1762 1697
f 1764 1761 1797
f 1761 1793 1797
f 1793 1758 1797
f 1758 1717 1797
f 1765 1662 1663
f 1662 1595 1663
f 1607 1798 1608
f 1596 1798 1607
f 1672 1770 1769
f 1765 1613 1722
f 1722 1613 1776
f 1778 1776 1613
f 1765 1663 1613
f 1778 1613 1739
f 1594 1739 1613
f 1633 1598 1799
f 1598 1597 1799
f 1597 1685 1799
f 1744 1799 1685
f 1742 1800 1743
f 1781 1743 1800
f 1742 1686 1800
f 1686 1688 1800
f 1745 1800 1688
f 1800 1745 1781
f 1640 1639 1801
f 1751 1640 1801
f 1785 1674 1673
f 1673 1754 1785
f 1706 1785 1643
f 1750 1802 1753
f 1786 1802 1787
f 1786 1753 1802
f 1764 1755 1803
f 1761 1764 1803
f 1729 1761 1803
f 1804 1792 1756
f 1756 1790 1804
f 1731 1727 1805
f 1805 1789 1806
f 1692 1779 1806
f 1772 1692 1806
f 1789 1616 1806
f 1772 1806 1616
f 1788 1752 1807
f 1795 1751 1808
f 1795 1808 1762
f 1751 1697 1808
f 1762 1808 1697
f 1764 1809 1717
f 1797 1717 1809
f 1809 1764 1797
f 1810 1596 1595
f 1798 1596 1810
f 1780 1811 1744
f 1799 1744 1811
f 1780 1633 1811
f 1811 1633 1799
f 1801 1639 1785
f 1812 1785 1813
f 1802 1750 1787
f 1751 1787 1750
f 1791 1814 1755
f 1803 1755 1814
f 1791 1792 1814
f 1792 1729 1814
f 1803 1814 1729
f 1790 1789 1815
f 1789 1805 1815
f 1804 1790 1815
f 1729 1792 1815
f 1815 1792 1804
f 1815 1727 1729
f 1805 1727 1815
f 1816 1731 1805
f 1744 1731 1816
f 1779 1744 1816
f 1816 1805 1806
f 1806 1779 1816
f 1724 1763 1817
f 1807 1724 1817
f 1763 1699 1817
f 1784 1817 1699
f 1784 1788 1817
f 1788 1807 1817
f 1793 1760 1818
f 1760 1724 1818
f 1602 1818 1603
f 1793 1818 1602
f 1796 1603 1818
f 1819 1798 1810
f 1798 1819 1608
f 1810 1595 1819
f 1653 1608 1819
f 1767 1653 1819
f 1785 1820 1801
f 1785 1812 1820
f 1820 1700 1821
f 1706 1703 1820
f 1820 1703 1700
f 1813 1706 1820
f 1820 1812 1813
f 1785 1706 1822
f 1706 1813 1822
f 1807 1823 1724
f 1818 1724 1823
f 1807 1752 1823
f 1796 1823 1752
f 1796 1818 1823
f 1824 1595 1825
f 1819 1595 1824
f 1825 1767 1824
f 1819 1824 1767
f 1801 1826 1751
f 1751 1826 1702
f 1700 1702 1826
f 1821 1700 1826
f 1813 1785 1827
f 1827 1785 1822
f 1822 1813 1827
f 1820 1828 1801
f 1826 1801 1828
f 1820 1821 1828
f 1828 1821 1826
f 1829 1830 1831
f 1831 1832 1833
f 1834 1835 1836
f 1837 1832 1831
f 1838 1839 1840
f 1841 1830 1842
f 1843 1844 1845
f 1846 1847 1848
f 1849 1850 1851
f 1852 1829 1831
f 1853 1833 1832
f 1854 1831 1833
f 1854 1833 1853
f 1854 1853 1855
f 1856 1836 1857
f 1836 1856 1851
f 1856 1844 1849
f 1858 1836 1851
f 1834 1859 1860
f 1859 1834 1861
f 1860 1859 1862
f 1863 1864 1865
f 1866 1867 1865
f 1867 1866 1868
f 1869 1838 1840
f 1870 1831 1830
f 1870 1830 1871
f 1871 1831 1870
f 1872 1862 1873
f 1874 1873 1859
f 1873 1862 1859
f 1875 1834 1860
f 1834 1875 1835
f 1875 1860 1835
f 1857 1836 1876
f 1877 1860 1862
f 1878 1841 1842
f 1879 1844 1880
f 1844 1879 1845
f 1879 1880 1845
f 1881 1842 1830
f 1881 1882 1878
f 1881 1878 1842
f 1881 1857 1882
f 1881 1880 1857
f 1847 1883 1848
f 1846 1848 1884
f 1885 1831 1854
f 1852 1831 1885
f 1886 1845 1887
f 1844 1888 1880
f 1888 1844 1856
f 1856 1880 1888
f 1880 1889 1857
f 1889 1856 1857
f 1851 1890 1849
f 1890 1851 1856
f 1891 1834 1836
f 1891 1861 1834
f 1859 1861 1892
f 1892 1861 1891
f 1892 1874 1859
f 1893 1863 1894
f 1895 1868 1866
f 1866 1865 1896
f 1897 1898 1899
f 1900 1901 1902
f 1901 1900 1899
f 1840 1901 1869
f 1872 1903 1840
f 1874 1904 1873
f 1900 1904 1905
f 1904 1900 1902
f 1903 1872 1873
f 1906 1835 1860
f 1835 1906 1907
f 1906 1860 1877
f 1908 1882 1909
f 1908 1841 1878
f 1910 1882 1857
f 1882 1910 1909
f 1911 1912 1872
f 1913 1831 1871
f 1914 1915 1916
f 1914 1916 1917
f 1918 1832 1837
f 1919 1894 1863
f 1919 1863 1920
f 1921 1881 1830
f 1922 1846 1884
f 1922 1850 1849
f 1922 1884 1850
f 1885 1854 1923
f 1923 1867 1924
f 1923 1852 1885
f 1925 1845 1886
f 1925 1843 1845
f 1886 1887 1925
f 1926 1880 1856
f 1880 1926 1889
f 1926 1856 1889
f 1849 1927 1856
f 1927 1849 1890
f 1927 1890 1856
f 1928 1850 1884
f 1884 1848 1928
f 1929 1930 1892
f 1892 1930 1905
f 1905 1930 1931
f 1932 1933 1893
f 1863 1934 1935
f 1934 1863 1893
f 1936 1937 1895
f 1866 1936 1895
f 1938 1866 1896
f 1866 1938 1936
f 1938 1937 1936
f 1897 1899 1939
f 1939 1899 1940
f 1839 1838 1941
f 1941 1894 1942
f 1901 1840 1943
f 1943 1902 1901
f 1840 1903 1943
f 1943 1903 1902
f 1898 1944 1899
f 1944 1869 1901
f 1945 1904 1902
f 1945 1873 1904
f 1945 1902 1903
f 1945 1903 1873
f 1882 1946 1878
f 1946 1882 1908
f 1946 1908 1878
f 1947 1857 1876
f 1910 1857 1947
f 1876 1836 1947
f 1948 1840 1839
f 1840 1948 1872
f 1872 1948 1911
f 1948 1839 1949
f 1948 1949 1911
f 1862 1950 1877
f 1877 1950 1916
f 1950 1917 1916
f 1950 1912 1917
f 1872 1912 1950
f 1950 1862 1872
f 1951 1837 1831
f 1951 1831 1913
f 1913 1952 1951
f 1951 1953 1837
f 1832 1954 1853
f 1954 1832 1918
f 1954 1855 1853
f 1855 1954 1955
f 1918 1955 1954
f 1956 1918 1837
f 1924 1957 1923
f 1867 1958 1924
f 1924 1958 1959
f 1958 1867 1868
f 1958 1868 1959
f 1847 1960 1883
f 1961 1937 1938
f 1962 1883 1960
f 1962 1848 1883
f 1848 1962 1928
f 1892 1858 1929
f 1892 1836 1858
f 1892 1891 1836
f 1905 1963 1892
f 1874 1963 1904
f 1963 1874 1892
f 1864 1964 1865
f 1964 1864 1863
f 1964 1863 1935
f 1964 1935 1934
f 1964 1934 1893
f 1965 1893 1894
f 1965 1894 1932
f 1965 1932 1893
f 1933 1966 1897
f 1966 1933 1932
f 1865 1967 1863
f 1967 1865 1867
f 1854 1855 1967
f 1967 1855 1919
f 1967 1919 1920
f 1967 1867 1923
f 1923 1854 1967
f 1863 1968 1920
f 1968 1863 1967
f 1967 1920 1968
f 1969 1970 1971
f 1971 1972 1969
f 1973 1942 1839
f 1973 1839 1941
f 1973 1941 1942
f 1838 1974 1941
f 1975 1839 1942
f 1949 1839 1975
f 1976 1942 1894
f 1977 1901 1899
f 1977 1899 1944
f 1901 1977 1944
f 1978 1841 1908
f 1978 1830 1841
f 1978 1979 1830
f 1915 1980 1981
f 1980 1979 1981
f 1980 1830 1979
f 1980 1915 1914
f 1871 1830 1980
f 1982 1836 1835
f 1947 1836 1982
f 1983 1955 1984
f 1976 1983 1975
f 1983 1949 1975
f 1952 1949 1983
f 1983 1984 1952
f 1985 1952 1913
f 1913 1871 1986
f 1986 1987 1913
f 1986 1871 1980
f 1987 1986 1980
f 1988 1951 1952
f 1988 1953 1951
f 1989 1955 1918
f 1989 1918 1956
f 1990 1881 1921
f 1991 1990 1992
f 1880 1990 1845
f 1990 1880 1881
f 1990 1887 1845
f 1887 1990 1991
f 1993 1939 1994
f 1893 1933 1995
f 1964 1893 1995
f 1996 1924 1852
f 1996 1852 1957
f 1924 1996 1957
f 1997 1852 1923
f 1957 1852 1997
f 1997 1923 1957
f 1998 1999 1960
f 2000 1999 1998
f 2001 2002 2003
f 2004 1972 2005
f 2001 2006 2007
f 2006 1938 2007
f 2008 2001 2007
f 2009 1928 1962
f 2009 1962 2010
f 2011 1905 1904
f 1905 2011 1963
f 2011 1904 1963
f 2012 1896 1865
f 2012 1865 1964
f 1964 1896 2012
f 2013 1970 1969
f 2013 1964 1995
f 2014 2015 2016
f 2015 2017 2016
f 2005 2018 2004
f 2018 2019 2004
f 1838 1898 1974
f 1898 1838 1869
f 1898 1869 1944
f 1898 1897 1966
f 2020 1894 1941
f 2020 1941 1974
f 2020 1974 1898
f 2021 1942 1976
f 1942 2021 1975
f 2021 1976 1975
f 1983 1976 2022
f 1982 1835 1907
f 1982 1907 1906
f 2023 1953 1988
f 1952 2023 1988
f 2024 1837 1953
f 2024 2025 1837
f 2024 1953 2025
f 1956 1837 2026
f 2026 1837 2025
f 1953 2026 2025
f 2027 2014 2028
f 2027 1994 2014
f 1993 1994 2027
f 2029 1939 1940
f 1994 1939 2029
f 2030 2014 2016
f 1931 2031 2032
f 2033 1900 1905
f 2029 1940 2033
f 1899 1900 2033
f 2033 1940 1899
f 2034 1847 1846
f 1847 2034 1960
f 2034 1998 1960
f 2034 1846 1922
f 2034 1922 1998
f 1849 2035 1922
f 1922 2035 1998
f 2035 2000 1998
f 2002 2036 2003
f 2037 1999 2000
f 2038 2002 2001
f 1925 1887 2039
f 2040 2041 2042
f 2043 1852 1924
f 1868 2043 1959
f 2043 1924 1959
f 2044 1829 2045
f 1937 2046 1895
f 2047 2048 2007
f 2018 2048 2047
f 2047 2019 2018
f 2007 1938 2049
f 1896 2049 1938
f 2049 1896 2007
f 1938 2006 1961
f 2050 1850 1928
f 2050 1928 2009
f 1931 1930 2031
f 2031 1930 2050
f 2051 2032 2031
f 1969 2052 2013
f 2052 1969 1972
f 2052 1972 2004
f 2053 1972 1971
f 2053 1971 2015
f 2014 2053 2015
f 2053 2014 1994
f 2054 2015 1971
f 1995 2017 2054
f 2054 2017 2015
f 2055 1898 1966
f 2055 2020 1898
f 2055 1966 1932
f 1894 2055 1932
f 2055 1894 2020
f 2056 1976 1894
f 2022 1976 2056
f 2056 1894 1919
f 1981 1877 1916
f 1981 1916 1915
f 1877 2057 1906
f 1906 2057 1982
f 2057 1877 1981
f 2057 1909 1910
f 1987 1914 2058
f 1987 1980 1914
f 2059 1912 1911
f 1956 1984 1989
f 1984 1956 2026
f 1984 1955 1989
f 1984 2023 1952
f 1984 1953 2023
f 1953 1984 2026
f 2060 1972 2053
f 2060 1994 2029
f 1994 2060 2053
f 2060 1960 1999
f 2060 1999 2037
f 2028 2014 2061
f 2027 2028 2061
f 2062 1995 1933
f 2062 2017 1995
f 2017 2062 2016
f 2062 1933 1897
f 2063 1931 2064
f 1905 2063 2033
f 2063 1905 1931
f 2065 2029 2033
f 2065 2064 2060
f 2029 2065 2060
f 2065 2063 2064
f 2065 2033 2063
f 2066 1849 1844
f 1849 2066 2035
f 2066 1844 1843
f 2067 2002 2068
f 2069 2000 2035
f 2070 2068 2002
f 2070 2002 2038
f 2071 2048 2018
f 2071 2018 2072
f 2048 2071 2007
f 2008 2007 2071
f 2071 2001 2008
f 2038 2001 2071
f 1925 2073 2041
f 2073 2042 2041
f 2039 1887 2074
f 2074 1887 1991
f 2074 1991 1992
f 2074 1992 1990
f 1830 2074 1921
f 2074 1990 1921
f 2075 2076 2077
f 2076 2075 2041
f 2041 2040 2076
f 2078 1843 1925
f 2078 1925 2041
f 1843 2078 2075
f 2075 2078 2041
f 2079 1868 1895
f 2079 1895 2046
f 2006 2001 2003
f 2006 1829 2044
f 2080 2010 2031
f 2080 2031 2050
f 2009 2010 2080
f 2080 2050 2009
f 1930 2081 2050
f 2081 1930 1929
f 2081 1929 1858
f 2081 1850 2050
f 1850 2081 1851
f 1858 1851 2081
f 1962 2082 2010
f 1960 2082 1962
f 2082 2032 2051
f 2082 1960 2060
f 2032 2082 1931
f 2060 2064 2082
f 2082 2064 1931
f 2083 2010 2082
f 2082 2051 2083
f 2084 1964 2013
f 2084 2013 2052
f 2084 1896 1964
f 2084 2019 2047
f 2004 2019 2084
f 2084 2052 2004
f 2084 2007 1896
f 2084 2047 2007
f 2085 2013 1995
f 2085 1995 2054
f 1971 2085 2054
f 1970 2085 1971
f 2085 1970 2013
f 2086 1983 2022
f 2086 2022 2056
f 2086 1955 1983
f 2086 1855 1955
f 1855 2086 1919
f 1919 2086 2056
f 2087 1979 1978
f 2087 1978 2088
f 1978 1908 2089
f 2090 1910 1947
f 2057 1910 2090
f 2090 1982 2057
f 2090 1947 1982
f 2058 1914 2091
f 1911 2092 2059
f 2092 1985 2059
f 2092 1911 1949
f 2092 1949 1952
f 2092 1952 1985
f 2093 2014 2030
f 2061 2014 2093
f 2093 2027 2061
f 2016 2094 2030
f 2094 2016 2062
f 2036 2002 2095
f 2095 2002 2067
f 2095 2067 2036
f 2067 2068 2096
f 2096 2036 2067
f 2097 2068 2037
f 2097 2037 2000
f 2097 2000 2069
f 2098 2035 2066
f 2037 2099 2060
f 2068 2099 2037
f 2099 2068 2070
f 2072 2100 2071
f 2101 2038 2071
f 2073 2040 2042
f 2076 2040 2073
f 1830 2102 2074
f 2102 1830 1829
f 2102 1829 2006
f 2103 2077 2076
f 2006 2003 2103
f 2102 2006 2103
f 2043 1868 2079
f 2045 2043 2044
f 2043 2079 2044
f 2043 2045 1829
f 2043 1829 1852
f 2044 2104 2006
f 2104 2044 2079
f 2104 1937 1961
f 2051 2031 2105
f 2010 2105 2031
f 1979 2106 1981
f 2106 1979 2087
f 2107 1978 2089
f 2107 1909 2057
f 1981 2107 2057
f 1909 2108 1908
f 2108 2089 1908
f 2108 1909 2107
f 2108 2107 2089
f 1917 2091 1914
f 2091 1917 1912
f 2091 1912 2059
f 2109 2058 2091
f 1985 1913 2109
f 2109 2059 1985
f 2109 1913 1987
f 2058 2109 1987
f 2059 2109 2091
f 2110 2094 2062
f 2030 2110 2093
f 2110 2030 2094
f 1897 2110 2062
f 2110 1897 1939
f 2110 1939 1993
f 2110 1993 2027
f 2110 2027 2093
f 2068 2111 2096
f 2111 2036 2096
f 2112 2003 2036
f 2112 2098 2003
f 2113 1843 2075
f 2113 2066 1843
f 2113 2075 2077
f 2113 2077 2103
f 2114 2099 2070
f 2038 2114 2070
f 2114 2038 2101
f 2071 2114 2101
f 2005 2114 2018
f 2114 2071 2100
f 2114 2072 2018
f 2072 2114 2100
f 2115 1972 2060
f 2115 2060 2099
f 2115 2099 2114
f 2115 2005 1972
f 2005 2115 2114
f 1925 2039 2073
f 2039 2074 2102
f 2039 2076 2073
f 2076 2039 2103
f 1961 2006 2104
f 2116 2079 2046
f 2104 2079 2116
f 1937 2116 2046
f 2116 1937 2104
f 2083 2051 2117
f 2117 2051 2105
f 2117 2010 2083
f 2010 2117 2105
f 1978 2118 2088
f 2088 2118 2087
f 2119 2106 2087
f 2119 2087 2107
f 1981 2119 2107
f 2119 1981 2106
f 2120 2068 2097
f 2068 2120 2111
f 2069 2120 2097
f 2120 2036 2111
f 2036 2120 2112
f 2035 2121 2069
f 2121 2035 2098
f 2121 2098 2112
f 2069 2121 2120
f 2121 2112 2120
f 2098 2066 2122
f 2122 2066 2113
f 2123 2102 2103
f 2123 2039 2102
f 2123 2103 2039
f 2124 1978 2107
f 1978 2124 2118
f 2124 2107 2087
f 2124 2087 2118
f 2125 2098 2122
f 2113 2125 2122
f 2125 2113 2103
f 2125 2103 2003
f 2125 2003 2098
f 2126 2127 2128
f 2129 2130 2131
f 2132 2133 2134
f 2132 2135 2133
f 2136 2137 2138
f 2139 2140 2138
f 2141 2139 2138
f 2142 2140 2139
f 2143 2140 2142
f 2144 2143 2142
f 2145 2144 2142
f 2146 2147 2148
f 2149 2127 2150
f 2128 2127 2149
f 2148 2147 2151
f 2138 2152 2153
f 2153 2141 2138
f 2138 2137 2154
f 2155 2152 2138
f 2152 2156 2153
f 2156 2152 2155
f 2157 2156 2155
f 2158 2159 2160
f 2161 2162 2163
f 2164 2165 2166
f 2167 2168 2169
f 2170 2140 2169
f 2171 2172 2173
f 2174 2133 2135
f 2175 2174 2135
f 2176 2173 2172
f 2177 2140 2170
f 2170 2178 2177
f 2140 2177 2138
f 2179 2180 2181
f 2182 2150 2183
f 2182 2184 2185
f 2149 2150 2186
f 2186 2150 2182
f 2187 2188 2189
f 2157 2138 2154
f 2190 2137 2191
f 2190 2154 2137
f 2192 2159 2158
f 2193 2160 2159
f 2194 2146 2195
f 2146 2194 2196
f 2197 2162 2198
f 2198 2162 2161
f 2198 2161 2197
f 2199 2200 2201
f 2202 2166 2203
f 2202 2164 2166
f 2144 2204 2205
f 2204 2167 2205
f 2206 2205 2169
f 2206 2169 2140
f 2206 2140 2143
f 2144 2206 2143
f 2207 2208 2174
f 2209 2210 2170
f 2176 2172 2211
f 2212 2162 2197
f 2163 2162 2212
f 2213 2131 2130
f 2214 2131 2213
f 2134 2214 2213
f 2215 2180 2179
f 2215 2179 2177
f 2180 2215 2178
f 2178 2215 2177
f 2216 2177 2179
f 2217 2136 2218
f 2219 2136 2217
f 2220 2219 2217
f 2130 2134 2213
f 2133 2221 2134
f 2222 2135 2132
f 2222 2185 2184
f 2132 2134 2222
f 2222 2184 2223
f 2222 2175 2135
f 2126 2128 2224
f 2225 2148 2151
f 2151 2193 2141
f 2226 2227 2188
f 2218 2188 2227
f 2189 2188 2218
f 2156 2157 2154
f 2154 2228 2156
f 2154 2229 2228
f 2230 2157 2155
f 2230 2155 2138
f 2230 2138 2157
f 2231 2153 2156
f 2231 2141 2153
f 2232 2156 2228
f 2233 2193 2159
f 2233 2141 2193
f 2234 2159 2192
f 2235 2234 2192
f 2236 2144 2145
f 2237 2160 2193
f 2237 2147 2146
f 2237 2146 2196
f 2151 2147 2237
f 2237 2193 2151
f 2238 2129 2239
f 2240 2241 2161
f 2242 2243 2179
f 2244 2165 2245
f 2244 2245 2243
f 2244 2243 2246
f 2247 2165 2244
f 2248 2244 2246
f 2199 2249 2200
f 2249 2247 2200
f 2249 2165 2247
f 2249 2166 2165
f 2250 2201 2200
f 2251 2252 2253
f 2252 2251 2254
f 2211 2172 2255
f 2255 2251 2253
f 2247 2255 2253
f 2200 2256 2250
f 2256 2200 2247
f 2256 2247 2253
f 2249 2199 2257
f 2257 2166 2249
f 2206 2144 2205
f 2258 2254 2259
f 2260 2171 2173
f 2260 2208 2207
f 2260 2261 2208
f 2260 2258 2259
f 2174 2262 2207
f 1636 1769 1589
f 2173 2263 2261
f 2164 2179 2245
f 2264 2265 2210
f 2248 2264 2244
f 2264 2210 2244
f 2264 2180 2265
f 2180 2264 2248
f 2266 2180 2178
f 2180 2266 2265
f 2265 2266 2210
f 2266 2178 2170
f 2209 2267 2210
f 2267 2176 2211
f 2267 2211 2255
f 2267 2209 2173
f 2267 2173 2176
f 2247 2267 2255
f 2267 2247 2244
f 2210 2267 2244
f 2268 2163 2212
f 2212 2133 2268
f 2268 2133 2174
f 2208 2268 2174
f 2202 2269 2216
f 2269 2138 2177
f 2269 2177 2216
f 2269 2218 2136
f 2138 2269 2136
f 2270 2271 2224
f 2182 2195 2186
f 2186 2195 2146
f 2186 2146 2148
f 2186 2148 2225
f 2185 2238 2182
f 2238 2195 2182
f 2238 2194 2195
f 2128 2272 2224
f 2272 2270 2224
f 2151 2273 2225
f 2273 2151 2274
f 2225 2149 2186
f 2274 2151 2275
f 2231 2275 2141
f 2275 2151 2141
f 2231 2156 2276
f 2229 2276 2228
f 2276 2229 2231
f 2142 2234 2235
f 2141 2233 2139
f 2233 2142 2139
f 2277 2235 2192
f 2278 2192 2167
f 2278 2167 2204
f 2144 2278 2204
f 2279 2158 2160
f 2280 2158 2279
f 2281 2158 2280
f 2281 2282 2158
f 2281 2283 2282
f 2284 2129 2285
f 2286 2168 2167
f 2286 2158 2282
f 2158 2286 2192
f 2286 2167 2192
f 2168 2286 2161
f 2286 2240 2161
f 2248 2287 2180
f 2287 2248 2246
f 2288 2179 2181
f 2243 2245 2179
f 2216 2179 2164
f 2164 2202 2216
f 2172 2289 2255
f 2289 2290 2259
f 2289 2251 2255
f 2289 2259 2254
f 2289 2254 2251
f 2253 2252 2291
f 2291 2252 2254
f 2291 2254 2250
f 2202 2203 2292
f 2292 2293 2202
f 2294 2292 2203
f 2127 2295 2150
f 2183 2150 2295
f 2296 2126 2297
f 2297 2126 2298
f 2299 2297 2298
f 2254 2300 2250
f 2300 2254 2258
f 2301 2171 2260
f 2302 2173 2261
f 2302 2260 2173
f 2302 2261 2260
f 2208 2263 2268
f 2263 2163 2268
f 2263 2208 2261
f 2205 2167 2169
f 2210 2266 2170
f 2303 2188 2187
f 2303 2187 2269
f 2304 2187 2189
f 2187 2304 2269
f 2305 2294 2220
f 2218 2227 2306
f 2217 2305 2220
f 2219 2220 2307
f 2307 2220 2271
f 2270 2307 2271
f 2222 2134 2130
f 2129 2222 2130
f 2222 2129 2238
f 2185 2222 2238
f 2308 2149 2225
f 2308 2225 2309
f 2309 2225 2273
f 2273 2310 2309
f 2311 2229 2154
f 2311 2154 2190
f 2311 2190 2312
f 2311 2231 2229
f 2231 2311 2312
f 2313 2273 2274
f 2276 2156 2232
f 2232 2228 2276
f 2314 2235 2277
f 2315 2277 2192
f 2315 2192 2278
f 2316 2214 2134
f 2221 2316 2134
f 2317 2129 2284
f 2239 2129 2317
f 2318 2239 2317
f 2318 2317 2284
f 2318 2284 2285
f 2238 2239 2319
f 2318 2319 2239
f 2320 2161 2241
f 2320 2197 2161
f 2283 2321 2282
f 2321 2241 2282
f 2322 2241 2240
f 2322 2240 2286
f 2241 2322 2282
f 2282 2322 2286
f 2323 2242 2179
f 2323 2179 2288
f 2246 2323 2288
f 2324 2181 2180
f 2324 2180 2287
f 2324 2287 2246
f 2256 2253 2325
f 2325 2253 2291
f 2325 2250 2256
f 2250 2325 2291
f 2326 2126 2224
f 2298 2126 2326
f 2203 2326 2224
f 2327 2328 2329
f 2327 2199 2201
f 2327 2201 2328
f 2257 2199 2330
f 2330 2299 2298
f 2330 2298 2257
f 2127 2296 2295
f 2296 2127 2126
f 2184 2296 2223
f 2296 2184 2182
f 2183 2296 2182
f 2296 2183 2295
f 2331 2329 2328
f 2201 2331 2328
f 2331 2201 2250
f 2331 2250 2300
f 2234 2233 2159
f 2142 2233 2234
f 2245 2165 2164
f 1767 1825 1656
f 1825 1595 1656
f 1770 1785 1769
f 1639 1769 1785
f 2332 2300 2258
f 2332 2258 2260
f 2301 2260 2333
f 2333 2289 2301
f 2172 2171 2289
f 2289 2171 2301
f 2334 2260 2290
f 2260 2259 2290
f 2188 2335 2293
f 2335 2188 2303
f 2335 2303 2269
f 2202 2335 2269
f 2335 2202 2293
f 2189 2269 2304
f 2189 2218 2269
f 2336 2294 2305
f 2292 2294 2336
f 2336 2293 2292
f 2271 2203 2224
f 2271 2294 2203
f 2294 2271 2220
f 2337 2227 2226
f 2337 2306 2227
f 2226 2188 2337
f 2337 2188 2293
f 2337 2293 2306
f 2338 2218 2306
f 2218 2338 2217
f 2293 2338 2306
f 2313 2191 2310
f 2313 2310 2273
f 2191 2313 2190
f 2190 2339 2312
f 2313 2274 2339
f 2339 2190 2313
f 2340 2236 2277
f 2340 2277 2315
f 2340 2144 2236
f 2144 2340 2315
f 2144 2315 2278
f 2341 2283 2281
f 2341 2281 2342
f 2280 2343 2281
f 2342 2281 2343
f 2197 2344 2212
f 2344 2197 2316
f 2316 2221 2344
f 2344 2133 2212
f 2133 2344 2221
f 2345 2196 2194
f 2194 2238 2345
f 2160 2346 2279
f 2196 2346 2237
f 2346 2160 2237
f 2346 2196 2345
f 2345 2318 2346
f 2347 2348 2197
f 2349 2288 2181
f 2349 2181 2324
f 2349 2246 2288
f 2349 2324 2246
f 2203 2350 2326
f 2350 2298 2326
f 2350 2257 2298
f 2166 2350 2203
f 2350 2166 2257
f 2351 2199 2327
f 2351 2330 2199
f 2351 2299 2330
f 2352 2223 2296
f 2175 2353 2174
f 2296 2354 2352
f 2299 2354 2297
f 2354 2296 2297
f 2355 2352 2354
f 2354 2331 2355
f 1766 1767 1656
f 1656 1658 1766
f 2290 2289 2334
f 2260 2207 2356
f 2332 2260 2356
f 2356 2300 2332
f 2356 2357 2300
f 2356 2207 2262
f 2334 2333 2260
f 2333 2334 2289
f 2305 2293 2336
f 2358 2305 2217
f 2358 2217 2338
f 2293 2358 2338
f 2231 2359 2275
f 2359 2274 2275
f 2274 2359 2339
f 2277 2236 2360
f 2236 2145 2360
f 2361 2197 2348
f 2362 2319 2318
f 2362 2318 2345
f 2362 2238 2319
f 2238 2362 2345
f 2347 2321 2348
f 2320 2241 2321
f 2243 2242 2246
f 2354 2299 2351
f 2354 2363 2331
f 2364 2331 2300
f 2364 2300 2357
f 2364 2357 2365
f 2175 2355 2353
f 2355 2175 2222
f 2223 2355 2222
f 2355 2223 2352
f 1769 1636 1672
f 1656 1595 1640
f 1589 1769 1661
f 2358 2293 2305
f 2339 2231 2312
f 2231 2339 2359
f 2366 2367 2277
f 2366 2277 2360
f 2366 2142 2367
f 2366 2145 2142
f 2360 2145 2366
f 2368 2277 2367
f 2369 2342 2343
f 2280 2369 2343
f 2369 2280 2279
f 2321 2370 2320
f 2370 2197 2320
f 2329 2371 2327
f 2371 2329 2331
f 2363 2372 2327
f 2354 2372 2363
f 2363 2327 2371
f 2363 2371 2331
f 2373 2372 2354
f 2351 2373 2354
f 2373 2327 2372
f 2327 2373 2351
f 2374 2353 2355
f 2374 2174 2353
f 2174 2374 2262
f 1638 1661 1769
f 1769 1639 1638
f 2314 2277 2368
f 2314 2368 2367
f 2142 2314 2367
f 2314 2142 2235
f 2375 2341 2342
f 2375 2342 2369
f 2375 2283 2341
f 2283 2375 2321
f 2376 2279 2346
f 2279 2376 2369
f 2346 2318 2376
f 2376 2129 2369
f 2321 2347 2370
f 2347 2197 2370
f 2323 2246 2377
f 2377 2242 2323
f 2246 2242 2377
f 2365 2378 2364
f 2331 2378 2355
f 2378 2331 2364
f 2369 2379 2375
f 2375 2379 2380
f 2379 2131 2214
f 2379 2129 2131
f 2129 2379 2369
f 2379 2214 2316
f 2318 2285 2376
f 2129 2376 2285
f 2365 2357 2374
f 2374 2357 2356
f 2381 2321 2375
f 2321 2381 2361
f 2381 2375 2380
f 2381 2197 2361
f 2381 2380 2197
f 2361 2348 2321
f 2197 2382 2316
f 2382 2197 2380
f 2382 2379 2316
f 2382 2380 2379
f 2378 2365 2374
f 2378 2374 2355
f 2262 2374 2356
f 2219 2137 2136
f 2219 2191 2137
f 2263 2173 2163
f 2163 2173 2161
f 2161 2173 2209
f 2161 2209 2286
f 2286 2209 2169
f 2169 2209 2170
f 2307 2191 2219
f 2310 2191 2307
f 2309 2310 2307
f 2270 2309 2307
f 2128 2308 2272
f 2308 2128 2149
f 2270 2308 2309
f 2308 2270 2272
f 2383 2384 2385
f 2386 2387 2388
f 2389 2390 2391
f 2392 2393 2394
f 2395 2385 2396
f 2384 2396 2385
f 2397 2398 2399
f 2385 2400 2386
f 2386 2400 2387
f 2401 2402 2403
f 2402 2404 2405
f 2391 2406 2407
f 2391 2408 2389
f 2384 2409 2396
f 2410 2411 2412
f 2413 2411 2410
f 2414 2415 2395
f 2395 2415 2416
f 2416 2417 2418
f 2387 2419 2388
f 2419 2387 2420
f 2420 2385 2395
f 2385 2420 2387
f 2421 2422 2423
f 2423 2424 2425
f 2394 2393 2426
f 2427 2426 2393
f 2394 2426 2428
f 2429 2426 2430
f 2430 2426 2427
f 2431 2432 2385
f 2433 2434 2435
f 2398 2436 2399
f 2437 2438 2439
f 2440 2438 2437
f 2441 2442 2439
f 2443 2439 2442
f 2442 2444 2443
f 2407 2445 2391
f 2387 2446 2385
f 2400 2446 2387
f 2403 2447 2401
f 2390 2447 2403
f 2389 2447 2390
f 2448 2449 2450
f 2451 2452 2453
f 2451 2453 2454
f 2450 2452 2448
f 2454 2455 2451
f 2456 2385 2406
f 2445 2457 2391
f 2391 2458 2408
f 2459 2460 2461
f 2396 2462 2429
f 2429 2462 2409
f 2409 2462 2396
f 2383 2409 2384
f 2409 2383 2463
f 2464 2409 2463
f 2432 2464 2465
f 2409 2464 2466
f 2432 2431 2464
f 2467 2464 2431
f 2468 2413 2469
f 2468 2470 2413
f 2471 2472 2444
f 2411 2472 2471
f 2411 2413 2472
f 2417 2473 2418
f 2421 2473 2422
f 2419 2474 2388
f 2423 2474 2421
f 2388 2474 2425
f 2423 2425 2474
f 2420 2418 2475
f 2420 2475 2476
f 2473 2475 2418
f 2476 2475 2421
f 2473 2421 2475
f 2416 2420 2395
f 2416 2418 2420
f 2477 2420 2476
f 2420 2477 2419
f 2474 2419 2477
f 2476 2421 2477
f 2474 2477 2421
f 2404 2478 2479
f 2404 2402 2478
f 2404 2480 2405
f 2481 2482 2479
f 2483 2482 2481
f 2404 2479 2482
f 2482 2480 2404
f 2392 2484 2393
f 2484 2485 2393
f 2485 2484 2482
f 2480 2484 2392
f 2482 2484 2480
f 2409 2486 2429
f 2429 2486 2426
f 2426 2486 2428
f 2409 2466 2486
f 2487 2428 2486
f 2487 2486 2466
f 2430 2488 2414
f 2427 2488 2430
f 2489 2396 2429
f 2430 2489 2429
f 2396 2489 2395
f 2393 2490 2427
f 2485 2490 2393
f 2463 2383 2385
f 2432 2465 2385
f 2391 2434 2406
f 2434 2456 2406
f 2456 2434 2433
f 2437 2491 2440
f 2492 2493 2494
f 2495 2496 2497
f 2495 2497 2498
f 2498 2497 2436
f 2468 2499 2470
f 2439 2500 2441
f 2438 2500 2439
f 2501 2502 2439
f 2503 2439 2502
f 2502 2501 2498
f 2439 2504 2437
f 2503 2504 2439
f 2491 2437 2504
f 2491 2504 2503
f 2444 2505 2471
f 2444 2442 2506
f 2442 2441 2506
f 2505 2506 2507
f 2444 2506 2505
f 2440 2508 2509
f 2398 2508 2491
f 2491 2508 2440
f 2398 2397 2508
f 2509 2510 2440
f 2438 2440 2510
f 2500 2510 2441
f 2510 2500 2438
f 2511 2512 2513
f 2513 2512 2509
f 2510 2512 2441
f 2512 2510 2509
f 2386 2388 2514
f 2386 2514 2515
f 2515 2514 2407
f 2407 2514 2445
f 2515 2516 2386
f 2515 2407 2516
f 2406 2516 2407
f 2385 2386 2516
f 2385 2516 2406
f 2445 2517 2457
f 2385 2518 2400
f 2446 2518 2385
f 2400 2518 2446
f 2519 2520 2521
f 2522 2520 2523
f 2520 2524 2521
f 2524 2520 2522
f 2448 2525 2449
f 2405 2525 2402
f 2448 2402 2525
f 2449 2525 2526
f 2480 2526 2525
f 2480 2525 2405
f 2413 2527 2469
f 2460 2469 2527
f 2413 2410 2527
f 2464 2528 2465
f 2528 2464 2463
f 2465 2528 2432
f 2528 2463 2385
f 2465 2528 2385
f 2529 2464 2467
f 2527 2529 2467
f 2530 2466 2529
f 2464 2529 2466
f 2530 2529 2410
f 2527 2410 2529
f 2470 2531 2413
f 2472 2413 2531
f 2443 2532 2439
f 2532 2470 2439
f 2424 2533 2425
f 2478 2533 2424
f 2447 2534 2401
f 2401 2535 2402
f 2481 2479 2536
f 2478 2536 2479
f 2478 2424 2536
f 2481 2536 2422
f 2536 2423 2422
f 2423 2536 2424
f 2537 2481 2422
f 2538 2537 2417
f 2473 2537 2422
f 2537 2473 2417
f 2480 2539 2526
f 2482 2483 2540
f 2482 2540 2485
f 2538 2417 2541
f 2488 2541 2414
f 2417 2416 2541
f 2541 2415 2414
f 2415 2541 2416
f 2489 2430 2542
f 2414 2395 2542
f 2430 2414 2542
f 2490 2538 2543
f 2541 2543 2538
f 2543 2541 2488
f 2491 2544 2398
f 2436 2544 2498
f 2436 2398 2544
f 2491 2503 2544
f 2544 2502 2498
f 2502 2544 2503
f 2545 2546 2494
f 2494 2546 2492
f 2455 2546 2451
f 2451 2546 2434
f 2497 2547 2548
f 2497 2496 2547
f 2499 2468 2549
f 2469 2549 2468
f 2505 2550 2471
f 2411 2551 2412
f 2551 2411 2471
f 2552 2449 2526
f 2522 2552 2526
f 2449 2552 2450
f 2553 2513 2509
f 2553 2508 2397
f 2508 2553 2509
f 2512 2511 2554
f 2554 2505 2507
f 2506 2554 2507
f 2554 2506 2441
f 2512 2554 2441
f 2555 2519 2521
f 2524 2555 2521
f 2555 2524 2556
f 2519 2557 2558
f 2513 2559 2511
f 2517 2560 2457
f 2452 2561 2448
f 2561 2562 2448
f 2450 2523 2563
f 2520 2563 2523
f 2450 2563 2452
f 2453 2452 2563
f 2520 2519 2563
f 2453 2563 2454
f 2454 2563 2519
f 2432 2564 2431
f 2527 2565 2461
f 2467 2565 2527
f 2564 2461 2565
f 2461 2459 2527
f 2527 2459 2460
f 2466 2566 2487
f 2566 2567 2487
f 2530 2566 2466
f 2410 2566 2530
f 2412 2566 2410
f 2567 2566 2412
f 2472 2568 2470
f 2470 2568 2531
f 2531 2568 2472
f 2569 2472 2470
f 2532 2569 2470
f 2472 2569 2444
f 2444 2569 2443
f 2532 2443 2569
f 2533 2570 2425
f 2517 2445 2570
f 2517 2570 2571
f 2571 2570 2533
f 2514 2570 2445
f 2425 2570 2388
f 2514 2388 2570
f 2534 2447 2389
f 2478 2402 2572
f 2535 2572 2402
f 2572 2535 2571
f 2533 2572 2571
f 2533 2478 2572
f 2535 2573 2571
f 2534 2573 2401
f 2401 2573 2535
f 2539 2574 2575
f 2487 2574 2428
f 2487 2575 2574
f 2490 2576 2538
f 2576 2490 2485
f 2540 2576 2485
f 2489 2577 2395
f 2542 2395 2577
f 2542 2577 2489
f 2488 2427 2578
f 2578 2543 2488
f 2490 2578 2427
f 2543 2578 2490
f 2493 2579 2494
f 2549 2580 2499
f 2470 2580 2439
f 2469 2460 2580
f 2499 2580 2470
f 2460 2459 2580
f 2461 2580 2459
f 2565 2580 2461
f 2546 2581 2496
f 2582 2581 2546
f 2579 2583 2545
f 2548 2545 2583
f 2547 2545 2548
f 2579 2545 2494
f 2581 2547 2496
f 2412 2584 2585
f 2551 2584 2412
f 2550 2586 2471
f 2551 2471 2586
f 2551 2586 2587
f 2552 2522 2523
f 2450 2552 2523
f 2553 2397 2588
f 2588 2555 2556
f 2554 2511 2589
f 2554 2589 2505
f 2559 2589 2511
f 2505 2589 2550
f 2589 2559 2550
f 2519 2590 2454
f 2558 2590 2519
f 2455 2454 2590
f 2546 2455 2590
f 2591 2497 2548
f 2436 2591 2399
f 2497 2591 2436
f 2492 2557 2493
f 2557 2492 2558
f 2559 2592 2556
f 2556 2592 2588
f 2588 2592 2553
f 2553 2592 2513
f 2560 2458 2457
f 2457 2458 2391
f 2403 2402 2593
f 2390 2403 2593
f 2467 2564 2565
f 2560 2517 2408
f 2517 2571 2408
f 2573 2408 2571
f 2560 2408 2458
f 2573 2534 2408
f 2389 2408 2534
f 2428 2594 2394
f 2394 2594 2392
f 2392 2594 2480
f 2539 2480 2594
f 2537 2538 2595
f 2576 2595 2538
f 2537 2595 2481
f 2481 2595 2483
f 2540 2483 2595
f 2595 2576 2540
f 2434 2596 2435
f 2546 2596 2434
f 2580 2468 2469
f 2468 2580 2549
f 2501 2439 2580
f 2545 2547 2597
f 2581 2582 2597
f 2581 2597 2547
f 2559 2598 2550
f 2556 2598 2559
f 2524 2598 2556
f 2599 2551 2587
f 2551 2599 2584
f 2526 2600 2522
f 2600 2601 2585
f 2487 2601 2575
f 2567 2601 2487
f 2585 2601 2412
f 2567 2412 2601
f 2583 2602 2548
f 2590 2603 2546
f 2590 2558 2603
f 2546 2603 2492
f 2558 2492 2603
f 2559 2513 2604
f 2592 2604 2513
f 2604 2592 2559
f 2605 2391 2390
f 2593 2605 2390
f 2574 2539 2606
f 2594 2606 2539
f 2574 2606 2428
f 2606 2594 2428
f 2596 2580 2435
f 2607 2608 2580
f 2597 2582 2545
f 2546 2545 2582
f 2586 2550 2609
f 2598 2609 2550
f 2586 2609 2587
f 2587 2609 2524
f 2598 2524 2609
f 2584 2610 2585
f 2585 2610 2600
f 2599 2610 2584
f 2524 2610 2587
f 2610 2599 2587
f 2610 2524 2522
f 2600 2610 2522
f 2611 2600 2526
f 2539 2611 2526
f 2575 2611 2539
f 2611 2601 2600
f 2601 2611 2575
f 2519 2612 2557
f 2602 2612 2519
f 2557 2612 2493
f 2579 2493 2612
f 2579 2612 2583
f 2583 2612 2602
f 2588 2613 2555
f 2555 2613 2519
f 2397 2399 2613
f 2588 2397 2613
f 2591 2613 2399
f 2614 2605 2593
f 2593 2402 2614
f 2605 2614 2391
f 2448 2614 2402
f 2562 2614 2448
f 2580 2596 2615
f 2580 2615 2607
f 2615 2616 2495
f 2501 2615 2498
f 2615 2495 2498
f 2608 2615 2501
f 2615 2608 2607
f 2580 2617 2501
f 2501 2617 2608
f 2602 2519 2618
f 2613 2618 2519
f 2602 2618 2548
f 2591 2548 2618
f 2591 2618 2613
f 2619 2620 2391
f 2614 2619 2391
f 2620 2619 2562
f 2614 2562 2619
f 2596 2546 2621
f 2546 2496 2621
f 2495 2621 2496
f 2616 2621 2495
f 2608 2622 2580
f 2622 2617 2580
f 2617 2622 2608
f 2615 2596 2623
f 2621 2623 2596
f 2615 2623 2616
f 2623 2621 2616
f 2624 2625 2626
f 2625 2627 2628
f 2629 2630 2631
f 2632 2625 2628
f 2633 2634 2635
f 2636 2637 2626
f 2638 2639 2640
f 2641 2642 2643
f 2644 2645 2646
f 2647 2625 2624
f 2648 2628 2627
f 2649 2627 2625
f 2649 2648 2627
f 2649 2650 2648
f 2651 2652 2630
f 2630 2645 2651
f 2651 2644 2640
f 2653 2645 2630
f 2629 2654 2655
f 2655 2656 2629
f 2654 2657 2655
f 2658 2659 2660
f 2661 2659 2662
f 2662 2663 2661
f 2664 2634 2633
f 2665 2626 2625
f 2665 2666 2626
f 2666 2665 2625
f 2667 2668 2657
f 2669 2655 2668
f 2668 2655 2657
f 2670 2654 2629
f 2629 2631 2670
f 2670 2631 2654
f 2652 2671 2630
f 2672 2657 2654
f 2673 2637 2636
f 2674 2675 2640
f 2640 2639 2674
f 2674 2639 2675
f 2676 2626 2637
f 2676 2673 2677
f 2676 2637 2673
f 2676 2677 2652
f 2676 2652 2675
f 2643 2642 2678
f 2641 2679 2642
f 2680 2649 2625
f 2647 2680 2625
f 2681 2682 2639
f 2640 2675 2683
f 2683 2651 2640
f 2651 2683 2675
f 2675 2652 2684
f 2684 2652 2651
f 2645 2644 2685
f 2685 2651 2645
f 2686 2630 2629
f 2686 2629 2656
f 2655 2687 2656
f 2687 2686 2656
f 2687 2655 2669
f 2688 2689 2658
f 2690 2661 2663
f 2661 2691 2659
f 2692 2693 2694
f 2695 2696 2697
f 2697 2693 2695
f 2634 2664 2697
f 2667 2634 2698
f 2669 2668 2699
f 2695 2700 2699
f 2699 2696 2695
f 2698 2668 2667
f 2701 2654 2631
f 2631 2702 2701
f 2701 2672 2654
f 2703 2704 2677
f 2703 2673 2636
f 2705 2652 2677
f 2677 2704 2705
f 2706 2667 2707
f 2708 2666 2625
f 2709 2710 2711
f 2709 2712 2710
f 2713 2632 2628
f 2714 2658 2689
f 2714 2715 2658
f 2716 2626 2676
f 2717 2679 2641
f 2717 2644 2646
f 2717 2646 2679
f 2680 2718 2649
f 2718 2719 2662
f 2718 2680 2647
f 2720 2681 2639
f 2720 2639 2638
f 2681 2720 2682
f 2721 2651 2675
f 2675 2684 2721
f 2721 2684 2651
f 2644 2651 2722
f 2722 2685 2644
f 2722 2651 2685
f 2723 2679 2646
f 2679 2723 2642
f 2724 2687 2725
f 2687 2700 2725
f 2700 2726 2725
f 2727 2688 2728
f 2658 2729 2730
f 2730 2688 2658
f 2731 2690 2732
f 2661 2690 2731
f 2733 2691 2661
f 2661 2731 2733
f 2733 2731 2732
f 2692 2734 2693
f 2734 2735 2693
f 2635 2736 2633
f 2736 2737 2689
f 2697 2738 2634
f 2738 2697 2696
f 2634 2738 2698
f 2738 2696 2698
f 2694 2693 2739
f 2739 2697 2664
f 2740 2696 2699
f 2740 2699 2668
f 2740 2698 2696
f 2740 2668 2698
f 2677 2673 2741
f 2741 2703 2677
f 2741 2673 2703
f 2742 2671 2652
f 2705 2742 2652
f 2671 2742 2630
f 2743 2635 2634
f 2634 2667 2743
f 2667 2706 2743
f 2743 2744 2635
f 2743 2706 2744
f 2657 2672 2745
f 2672 2710 2745
f 2745 2710 2712
f 2745 2712 2707
f 2667 2745 2707
f 2745 2667 2657
f 2746 2625 2632
f 2746 2708 2625
f 2708 2746 2747
f 2746 2632 2748
f 2628 2648 2749
f 2749 2713 2628
f 2749 2648 2650
f 2650 2750 2749
f 2713 2749 2750
f 2751 2632 2713
f 2719 2718 2752
f 2662 2719 2753
f 2719 2754 2753
f 2753 2663 2662
f 2753 2754 2663
f 2643 2678 2755
f 2756 2733 2732
f 2757 2755 2678
f 2757 2678 2642
f 2642 2723 2757
f 2687 2724 2653
f 2687 2653 2630
f 2687 2630 2686
f 2700 2687 2758
f 2669 2699 2758
f 2758 2687 2669
f 2660 2659 2759
f 2759 2658 2660
f 2759 2729 2658
f 2759 2730 2729
f 2759 2688 2730
f 2760 2689 2688
f 2760 2727 2689
f 2760 2688 2727
f 2728 2692 2761
f 2761 2727 2728
f 2659 2658 2762
f 2762 2662 2659
f 2649 2762 2650
f 2762 2714 2650
f 2762 2715 2714
f 2762 2718 2662
f 2718 2762 2649
f 2658 2715 2763
f 2763 2762 2658
f 2762 2763 2715
f 2764 2765 2766
f 2765 2764 2767
f 2768 2635 2737
f 2768 2736 2635
f 2768 2737 2736
f 2633 2736 2769
f 2770 2737 2635
f 2744 2770 2635
f 2771 2689 2737
f 2772 2693 2697
f 2772 2739 2693
f 2697 2739 2772
f 2773 2703 2636
f 2773 2636 2626
f 2773 2626 2774
f 2711 2775 2776
f 2776 2775 2774
f 2776 2774 2626
f 2776 2709 2711
f 2666 2776 2626
f 2777 2631 2630
f 2742 2777 2630
f 2778 2779 2750
f 2771 2770 2778
f 2778 2770 2744
f 2747 2778 2744
f 2778 2747 2779
f 2780 2708 2747
f 2708 2781 2666
f 2781 2708 2782
f 2781 2776 2666
f 2782 2776 2781
f 2783 2747 2746
f 2783 2746 2748
f 2784 2713 2750
f 2784 2751 2713
f 2785 2716 2676
f 2786 2787 2785
f 2675 2639 2785
f 2785 2676 2675
f 2785 2639 2682
f 2682 2786 2785
f 2788 2789 2734
f 2688 2790 2728
f 2759 2790 2688
f 2791 2647 2719
f 2791 2752 2647
f 2719 2752 2791
f 2792 2718 2647
f 2752 2792 2647
f 2792 2752 2718
f 2793 2755 2794
f 2795 2793 2794
f 2796 2797 2798
f 2799 2800 2767
f 2796 2801 2802
f 2802 2801 2733
f 2803 2801 2796
f 2804 2757 2723
f 2804 2805 2757
f 2806 2699 2700
f 2700 2758 2806
f 2806 2758 2699
f 2807 2659 2691
f 2807 2759 2659
f 2759 2807 2691
f 2808 2764 2766
f 2808 2790 2759
f 2809 2810 2811
f 2811 2810 2812
f 2800 2799 2813
f 2813 2799 2814
f 2633 2769 2694
f 2694 2664 2633
f 2694 2739 2664
f 2694 2761 2692
f 2815 2736 2689
f 2815 2769 2736
f 2815 2694 2769
f 2816 2771 2737
f 2737 2770 2816
f 2816 2770 2771
f 2778 2817 2771
f 2777 2702 2631
f 2777 2701 2702
f 2818 2783 2748
f 2747 2783 2818
f 2819 2748 2632
f 2819 2632 2820
f 2819 2820 2748
f 2751 2821 2632
f 2821 2820 2632
f 2748 2820 2821
f 2822 2823 2809
f 2822 2809 2789
f 2788 2822 2789
f 2824 2735 2734
f 2789 2824 2734
f 2825 2810 2809
f 2726 2826 2827
f 2828 2700 2695
f 2824 2828 2735
f 2693 2828 2695
f 2828 2693 2735
f 2829 2641 2643
f 2643 2755 2829
f 2829 2755 2793
f 2829 2717 2641
f 2829 2793 2717
f 2644 2717 2830
f 2717 2793 2830
f 2830 2793 2795
f 2798 2797 2831
f 2832 2795 2794
f 2833 2796 2798
f 2720 2834 2682
f 2835 2836 2837
f 2838 2719 2647
f 2663 2754 2838
f 2838 2754 2719
f 2839 2840 2624
f 2732 2690 2841
f 2842 2801 2843
f 2813 2842 2843
f 2842 2813 2814
f 2801 2844 2733
f 2691 2733 2844
f 2844 2801 2691
f 2733 2756 2802
f 2845 2723 2646
f 2845 2804 2723
f 2726 2827 2725
f 2827 2845 2725
f 2846 2827 2826
f 2764 2808 2847
f 2847 2767 2764
f 2847 2799 2767
f 2848 2765 2767
f 2848 2811 2765
f 2809 2811 2848
f 2848 2789 2809
f 2849 2765 2811
f 2790 2849 2812
f 2849 2811 2812
f 2850 2761 2694
f 2850 2694 2815
f 2850 2727 2761
f 2689 2727 2850
f 2850 2815 2689
f 2851 2689 2771
f 2817 2851 2771
f 2851 2714 2689
f 2775 2710 2672
f 2775 2711 2710
f 2672 2701 2852
f 2701 2777 2852
f 2852 2775 2672
f 2852 2705 2704
f 2782 2853 2709
f 2782 2709 2776
f 2854 2706 2707
f 2751 2784 2779
f 2779 2821 2751
f 2779 2784 2750
f 2779 2747 2818
f 2779 2818 2748
f 2748 2821 2779
f 2855 2848 2767
f 2855 2824 2789
f 2789 2848 2855
f 2855 2794 2755
f 2855 2832 2794
f 2823 2856 2809
f 2822 2856 2823
f 2857 2728 2790
f 2857 2790 2812
f 2812 2810 2857
f 2857 2692 2728
f 2858 2859 2726
f 2700 2828 2858
f 2858 2726 2700
f 2860 2828 2824
f 2860 2855 2859
f 2824 2855 2860
f 2860 2859 2858
f 2860 2858 2828
f 2861 2640 2644
f 2644 2830 2861
f 2861 2638 2640
f 2862 2863 2798
f 2864 2830 2795
f 2865 2798 2863
f 2865 2833 2798
f 2866 2813 2843
f 2866 2867 2813
f 2843 2801 2866
f 2803 2866 2801
f 2866 2803 2796
f 2833 2866 2796
f 2720 2837 2868
f 2868 2837 2836
f 2834 2869 2682
f 2869 2786 2682
f 2869 2787 2786
f 2869 2785 2787
f 2626 2716 2869
f 2869 2716 2785
f 2870 2871 2872
f 2872 2837 2870
f 2837 2872 2835
f 2873 2720 2638
f 2873 2837 2720
f 2638 2870 2873
f 2870 2837 2873
f 2874 2690 2663
f 2874 2841 2690
f 2802 2797 2796
f 2802 2839 2624
f 2875 2827 2805
f 2875 2845 2827
f 2804 2875 2805
f 2875 2804 2845
f 2725 2845 2876
f 2876 2724 2725
f 2876 2653 2724
f 2876 2845 2646
f 2646 2645 2876
f 2653 2876 2645
f 2757 2805 2877
f 2755 2757 2877
f 2877 2846 2826
f 2877 2855 2755
f 2826 2726 2877
f 2855 2877 2859
f 2877 2726 2859
f 2878 2877 2805
f 2877 2878 2846
f 2879 2808 2759
f 2879 2847 2808
f 2879 2759 2691
f 2879 2842 2814
f 2799 2879 2814
f 2879 2799 2847
f 2879 2691 2801
f 2879 2801 2842
f 2880 2790 2808
f 2880 2849 2790
f 2765 2849 2880
f 2766 2765 2880
f 2880 2808 2766
f 2881 2817 2778
f 2881 2851 2817
f 2881 2778 2750
f 2881 2750 2650
f 2650 2714 2881
f 2714 2851 2881
f 2882 2773 2774
f 2882 2883 2773
f 2773 2884 2703
f 2885 2742 2705
f 2852 2885 2705
f 2885 2852 2777
f 2885 2777 2742
f 2853 2886 2709
f 2706 2854 2887
f 2887 2854 2780
f 2887 2744 2706
f 2887 2747 2744
f 2887 2780 2747
f 2888 2825 2809
f 2856 2888 2809
f 2888 2856 2822
f 2810 2825 2889
f 2889 2857 2810
f 2831 2890 2798
f 2890 2862 2798
f 2890 2831 2862
f 2862 2891 2863
f 2891 2862 2831
f 2892 2832 2863
f 2892 2795 2832
f 2892 2864 2795
f 2893 2861 2830
f 2832 2855 2894
f 2863 2832 2894
f 2894 2865 2863
f 2867 2866 2895
f 2896 2866 2833
f 2868 2836 2835
f 2872 2868 2835
f 2626 2869 2897
f 2897 2624 2626
f 2897 2802 2624
f 2898 2872 2871
f 2802 2898 2797
f 2897 2898 2802
f 2838 2874 2663
f 2840 2839 2838
f 2838 2839 2874
f 2838 2624 2840
f 2838 2647 2624
f 2839 2802 2899
f 2899 2874 2839
f 2899 2756 2732
f 2846 2900 2827
f 2805 2827 2900
f 2774 2775 2901
f 2901 2882 2774
f 2902 2884 2773
f 2902 2852 2704
f 2775 2852 2902
f 2704 2703 2903
f 2903 2703 2884
f 2903 2902 2704
f 2903 2884 2902
f 2712 2709 2886
f 2886 2707 2712
f 2886 2854 2707
f 2904 2886 2853
f 2780 2904 2708
f 2904 2780 2854
f 2904 2782 2708
f 2853 2782 2904
f 2854 2886 2904
f 2905 2857 2889
f 2825 2888 2905
f 2905 2889 2825
f 2692 2857 2905
f 2905 2734 2692
f 2905 2788 2734
f 2905 2822 2788
f 2905 2888 2822
f 2863 2891 2906
f 2906 2891 2831
f 2907 2831 2797
f 2907 2797 2893
f 2908 2870 2638
f 2908 2638 2861
f 2908 2871 2870
f 2908 2898 2871
f 2909 2865 2894
f 2833 2865 2909
f 2909 2896 2833
f 2866 2896 2909
f 2800 2813 2909
f 2909 2895 2866
f 2909 2813 2867
f 2867 2895 2909
f 2910 2855 2767
f 2910 2894 2855
f 2910 2909 2894
f 2910 2767 2800
f 2800 2909 2910
f 2720 2868 2834
f 2834 2897 2869
f 2834 2868 2872
f 2872 2898 2834
f 2756 2899 2802
f 2911 2841 2874
f 2899 2911 2874
f 2732 2841 2911
f 2911 2899 2732
f 2878 2912 2846
f 2912 2900 2846
f 2912 2878 2805
f 2805 2900 2912
f 2773 2883 2913
f 2883 2882 2913
f 2914 2882 2901
f 2914 2902 2882
f 2775 2902 2914
f 2914 2901 2775
f 2915 2892 2863
f 2863 2906 2915
f 2864 2892 2915
f 2915 2906 2831
f 2831 2907 2915
f 2830 2864 2916
f 2916 2893 2830
f 2916 2907 2893
f 2864 2915 2916
f 2916 2915 2907
f 2893 2917 2861
f 2917 2908 2861
f 2918 2898 2897
f 2918 2897 2834
f 2918 2834 2898
f 2919 2902 2773
f 2773 2913 2919
f 2919 2882 2902
f 2919 2913 2882
f 2920 2917 2893
f 2908 2917 2920
f 2920 2898 2908
f 2920 2797 2898
f 2920 2893 2797
f 2921 2922 2923
f 2924 2925 2926
f 2927 2928 2929
f 2927 2929 2930
f 2931 2932 2933
f 2934 2932 2935
f 2936 2932 2934
f 2937 2934 2935
f 2938 2937 2935
f 2939 2937 2938
f 2940 2937 2939
f 2941 2942 2943
f 2944 2945 2923
f 2922 2944 2923
f 2942 2946 2943
f 2932 2947 2948
f 2947 2932 2936
f 2932 2949 2933
f 2950 2932 2948
f 2948 2947 2951
f 2951 2950 2948
f 2952 2950 2951
f 2953 2954 2955
f 2956 2957 2958
f 2959 2960 2961
f 2962 2963 2964
f 2965 2963 2935
f 2966 2967 2968
f 2969 2930 2929
f 2970 2930 2969
f 2176 2968 2967
f 2971 2965 2935
f 2965 2971 2972
f 2935 2932 2971
f 2973 2974 2975
f 2976 2977 2945
f 2976 2978 2979
f 2944 2980 2945
f 2980 2976 2945
f 2981 2982 2983
f 2952 2949 2932
f 2984 2985 2933
f 2984 2933 2949
f 2986 2953 2955
f 2987 2955 2954
f 2988 2989 2941
f 2941 2990 2988
f 2991 2992 2958
f 2992 2956 2958
f 2992 2991 2956
f 2993 2994 2995
f 2996 2997 2960
f 2996 2960 2959
f 2939 2998 2999
f 2999 2998 2962
f 3000 2963 2998
f 3000 2935 2963
f 3000 2938 2935
f 2939 2938 3000
f 3001 2969 3002
f 3003 2965 2210
f 2176 2211 2968
f 3004 2991 2958
f 2957 3004 2958
f 3005 2926 2925
f 3006 3005 2925
f 2928 3005 3006
f 3007 2973 2975
f 3007 2971 2973
f 2975 2972 3007
f 2972 2971 3007
f 3008 2973 2971
f 3009 3010 2931
f 3011 3009 2931
f 3012 3009 3011
f 2926 3005 2928
f 2929 2928 3013
f 3014 2927 2930
f 3014 2979 2978
f 2927 3014 2928
f 3014 3015 2979
f 3014 2930 2970
f 2921 3016 2922
f 3017 2946 2942
f 2946 2936 2987
f 3018 2983 3019
f 3010 3019 2983
f 2982 3010 2983
f 2951 2949 2952
f 2949 2951 3020
f 2949 3020 3021
f 3022 2950 2952
f 3022 2932 2950
f 3022 2952 2932
f 3023 2951 2947
f 3023 2947 2936
f 3024 3020 2951
f 3025 2955 2987
f 3025 2987 2936
f 3026 2986 2955
f 3027 2986 3026
f 3028 2940 2939
f 3029 2987 2954
f 3029 2941 2943
f 3029 2990 2941
f 2946 3029 2943
f 3029 2946 2987
f 3030 3031 2924
f 3032 2956 3033
f 3034 2973 3035
f 3036 3037 2961
f 3036 3035 3037
f 3036 3038 3035
f 3039 3036 2961
f 3040 3038 3036
f 2993 2995 3041
f 3041 2995 3039
f 3041 3039 2961
f 3041 2961 2960
f 3042 2995 2994
f 3043 3044 3045
f 3045 3046 3043
f 2211 3047 2968
f 3047 3044 3043
f 3039 3044 3047
f 2995 3042 3048
f 3048 3039 2995
f 3048 3044 3039
f 3041 3049 2993
f 3049 3041 2960
f 3000 2998 2939
f 3050 3051 3046
f 3052 2967 2966
f 3052 3001 3002
f 3052 3002 3053
f 3052 3051 3050
f 2969 3001 3054
f 2431 2385 2564
f 2967 3053 3055
f 2959 3037 2973
f 3056 2210 3057
f 3040 3036 3056
f 3056 3036 2210
f 3056 3057 2975
f 2975 3040 3056
f 3058 2972 2975
f 2975 3057 3058
f 3057 2210 3058
f 3058 2965 2972
f 3003 2210 3059
f 3059 2211 2176
f 3059 3047 2211
f 3059 2967 3003
f 3059 2176 2967
f 3039 3047 3059
f 3059 3036 3039
f 2210 3036 3059
f 3060 3004 2957
f 3004 3060 2929
f 3060 2969 2929
f 3002 2969 3060
f 2996 3008 3061
f 3061 2971 2932
f 3061 3008 2971
f 3061 2931 3010
f 2932 2931 3061
f 3062 3016 3063
f 2976 2980 2989
f 2980 2941 2989
f 2980 2942 2941
f 2980 3017 2942
f 2978 2976 3030
f 3030 2976 2989
f 3030 2989 2988
f 2922 3016 3064
f 3064 3016 3062
f 2946 3017 3065
f 3065 3066 2946
f 3017 2980 2944
f 3066 3067 2946
f 3023 2936 3067
f 3067 2936 2946
f 3023 3068 2951
f 3021 3020 3068
f 3068 3023 3021
f 2937 3027 3026
f 2936 2934 3025
f 3025 2934 2937
f 3069 2986 3027
f 3070 2962 2986
f 3070 2999 2962
f 2939 2999 3070
f 3071 2954 2953
f 3072 3071 2953
f 3073 3072 2953
f 3073 2953 3074
f 3073 3074 3075
f 3076 3077 2924
f 3078 2962 2964
f 3078 3074 2953
f 2953 2986 3078
f 3078 2986 2962
f 2964 2956 3078
f 3078 2956 3032
f 3040 2975 3079
f 3079 3038 3040
f 3080 2974 2973
f 3035 2973 3037
f 3008 2959 2973
f 2959 3008 2996
f 2968 3047 3081
f 3081 3051 3082
f 3081 3047 3043
f 3081 3046 3051
f 3081 3043 3046
f 3044 3083 3045
f 3083 3046 3045
f 3083 3042 3046
f 2996 3084 2997
f 3084 2996 3085
f 3086 2997 3084
f 2923 2945 3087
f 2977 3087 2945
f 3088 3089 2921
f 3089 3090 2921
f 3091 3090 3089
f 3046 3042 3092
f 3092 3050 3046
f 3093 3052 2966
f 3094 3053 2967
f 3094 2967 3052
f 3094 3052 3053
f 3002 3060 3055
f 3055 3060 2957
f 3055 3053 3002
f 2998 2963 2962
f 2210 2965 3058
f 3095 2981 2983
f 3095 3061 2981
f 3096 2982 2981
f 2981 3061 3096
f 3097 3012 3086
f 3010 3098 3019
f 3009 3012 3097
f 3011 3099 3012
f 3099 3063 3012
f 3062 3063 3099
f 3014 2926 2928
f 2924 2926 3014
f 3014 3030 2924
f 2978 3030 3014
f 3100 3017 2944
f 3100 3101 3017
f 3101 3065 3017
f 3065 3101 3102
f 3103 2949 3021
f 3103 2984 2949
f 3103 3104 2984
f 3103 3021 3023
f 3023 3104 3103
f 3105 3066 3065
f 3068 3024 2951
f 3024 3068 3020
f 3106 3069 3027
f 3107 2986 3069
f 3107 3070 2986
f 3108 2928 3006
f 3013 2928 3108
f 3109 3076 2924
f 3031 3109 2924
f 3110 3109 3031
f 3110 3076 3109
f 3110 3077 3076
f 3030 3111 3031
f 3110 3031 3111
f 3112 3033 2956
f 3112 2956 2991
f 3075 3074 3113
f 3113 3074 3033
f 3114 3032 3033
f 3114 3078 3032
f 3033 3074 3114
f 3074 3078 3114
f 3115 2973 3034
f 3115 3080 2973
f 3038 3080 3115
f 3116 2975 2974
f 3116 3079 2975
f 3116 3038 3079
f 3048 3117 3044
f 3117 3083 3044
f 3117 3048 3042
f 3042 3083 3117
f 3118 3016 2921
f 3090 3118 2921
f 2997 3016 3118
f 3119 3120 3121
f 3119 2994 2993
f 3119 3121 2994
f 3049 3122 2993
f 3122 3090 3091
f 3122 3049 3090
f 2923 3087 3088
f 3088 2921 2923
f 2979 3015 3088
f 3088 2976 2979
f 2977 2976 3088
f 3088 3087 2977
f 3123 3121 3120
f 2994 3121 3123
f 3123 3042 2994
f 3123 3092 3042
f 3026 2955 3025
f 2937 3026 3025
f 3037 2959 2961
f 2562 2451 2620
f 2620 2451 2391
f 2565 2564 2580
f 2435 2580 2564
f 3124 3050 3092
f 3124 3052 3050
f 3093 3125 3052
f 3125 3093 3081
f 2968 3081 2966
f 3081 3093 2966
f 3126 3082 3052
f 3052 3082 3051
f 2983 3085 3127
f 3127 3095 2983
f 3127 3061 3095
f 2996 3061 3127
f 3127 3085 2996
f 2982 3096 3061
f 2982 3061 3010
f 3128 3097 3086
f 3084 3128 3086
f 3128 3084 3085
f 3063 3016 2997
f 3063 2997 3086
f 3086 3012 3063
f 3129 3018 3019
f 3129 3019 3098
f 3018 3129 2983
f 3129 3085 2983
f 3129 3098 3085
f 3130 3098 3010
f 3010 3009 3130
f 3085 3098 3130
f 3105 3102 2985
f 3105 3065 3102
f 2985 2984 3105
f 2984 3104 3131
f 3105 3131 3066
f 3131 3105 2984
f 3132 3069 3028
f 3132 3107 3069
f 3132 3028 2939
f 2939 3107 3132
f 2939 3070 3107
f 3133 3073 3075
f 3133 3134 3073
f 3072 3073 3135
f 3134 3135 3073
f 2991 3004 3136
f 3136 3108 2991
f 3108 3136 3013
f 3136 3004 2929
f 2929 3013 3136
f 3137 2988 2990
f 2988 3137 3030
f 2954 3071 3138
f 2990 3029 3138
f 3138 3029 2954
f 3138 3137 2990
f 3137 3138 3110
f 3139 2991 3140
f 3141 2974 3080
f 3141 3116 2974
f 3141 3080 3038
f 3141 3038 3116
f 2997 3118 3142
f 3142 3118 3090
f 3142 3090 3049
f 2960 2997 3142
f 3142 3049 2960
f 3143 3119 2993
f 3143 2993 3122
f 3143 3122 3091
f 3144 3088 3015
f 2970 2969 3145
f 3088 3144 3146
f 3091 3089 3146
f 3146 3089 3088
f 3147 3146 3144
f 3146 3147 3123
f 2561 2451 2562
f 2451 2561 2452
f 3082 3126 3081
f 3052 3148 3001
f 3124 3148 3052
f 3148 3124 3092
f 3148 3092 3149
f 3148 3054 3001
f 3126 3052 3125
f 3125 3081 3126
f 3097 3128 3085
f 3150 3009 3097
f 3150 3130 3009
f 3085 3130 3150
f 3023 3067 3151
f 3151 3067 3066
f 3066 3131 3151
f 3069 3152 3028
f 3028 3152 2940
f 3153 3140 2991
f 3154 3110 3111
f 3154 3137 3110
f 3154 3111 3030
f 3030 3137 3154
f 3139 3140 3113
f 3112 3113 3033
f 3035 3038 3034
f 3146 3143 3091
f 3146 3123 3155
f 3156 3092 3123
f 3156 3149 3092
f 3156 3157 3149
f 2970 3145 3147
f 3147 3014 2970
f 3015 3014 3147
f 3147 3144 3015
f 2564 2467 2431
f 2451 2434 2391
f 2385 2456 2564
f 3150 3097 3085
f 3131 3104 3023
f 3023 3151 3131
f 3158 3069 3159
f 3158 3152 3069
f 3158 3159 2937
f 3158 2937 2940
f 3152 3158 2940
f 3160 3159 3069
f 3161 3135 3134
f 3072 3135 3161
f 3161 3071 3072
f 3113 3112 3162
f 3162 3112 2991
f 3120 3119 3163
f 3163 3123 3120
f 3155 3119 3164
f 3146 3155 3164
f 3155 3163 3119
f 3155 3123 3163
f 3165 3146 3164
f 3143 3146 3165
f 3165 3164 3119
f 3119 3143 3165
f 3166 3147 3145
f 3166 3145 2969
f 2969 3054 3166
f 2433 2564 2456
f 2564 2433 2435
f 3106 3160 3069
f 3106 3159 3160
f 2937 3159 3106
f 3106 3027 2937
f 3167 3134 3133
f 3167 3161 3134
f 3167 3133 3075
f 3075 3113 3167
f 3168 3138 3071
f 3071 3161 3168
f 3138 3168 3110
f 3168 3161 2924
f 3113 3162 3139
f 3139 3162 2991
f 3115 3169 3038
f 3169 3115 3034
f 3038 3169 3034
f 3157 3156 3170
f 3123 3147 3170
f 3170 3156 3123
f 3161 3167 3171
f 3167 3172 3171
f 3171 3006 2925
f 3171 2925 2924
f 2924 3161 3171
f 3171 3108 3006
f 3110 3168 3077
f 2924 3077 3168
f 3157 3166 3149
f 3166 3148 3149
f 3173 3167 3113
f 3113 3153 3173
f 3173 3172 3167
f 3173 3153 2991
f 3173 2991 3172
f 3153 3113 3140
f 2991 3108 3174
f 3174 3172 2991
f 3174 3108 3171
f 3174 3171 3172
f 3170 3166 3157
f 3170 3147 3166
f 3054 3148 3166
f 3011 2931 2933
f 3011 2933 2985
f 3055 2957 2967
f 2957 2956 2967
f 2956 3003 2967
f 2956 3078 3003
f 3078 2963 3003
f 2963 2965 3003
f 3099 3011 2985
f 3102 3099 2985
f 3101 3099 3102
f 3062 3099 3101
f 2922 3064 3100
f 3100 2944 2922
f 3062 3101 3100
f 3100 3064 3062
f 3175 3176 3177
f 3178 3179 3180
f 3181 3177 3176
f 3182 3181 3176
f 3181 3183 3177
f 3184 3185 3186
f 3187 3188 3189
f 3190 3191 3187
f 3187 3189 3190
f 3190 3189 3192
f 3193 3180 3179
f 3194 3195 3196
f 3197 3198 3199
f 3197 3199 3179
f 3197 3179 3178
f 3200 3178 3180
f 3181 3201 3183
f 3202 3203 3204
f 3205 3184 3186
f 3205 3186 3206
f 3207 3208 3209
f 3210 3211 3212
f 3213 3208 3214
f 3215 3185 3216
f 3208 3207 3215
f 3208 3217 3209
f 3217 3195 3218
f 3217 3219 3209
f 3220 3219 3221
f 3220 3209 3219
f 3222 3187 3191
f 3223 3190 3224
f 3191 3190 3223
f 3225 3189 3188
f 3226 3225 3188
f 3199 3226 3179
f 3227 3193 3179
f 3228 3229 3230
f 3229 3231 3230
f 3232 3233 3234
f 3232 3235 3194
f 3236 3178 3234
f 3236 3197 3178
f 3197 3236 3198
f 3229 3237 3180
f 3237 3229 3228
f 3238 3200 3180
f 3180 3237 3238
f 3239 3238 3240
f 3239 3217 3218
f 3241 3242 3243
f 3177 3183 3244
f 3244 3175 3177
f 3245 3246 3247
f 3248 3249 3250
f 3248 3250 3251
f 3252 3181 3182
f 3252 3201 3181
f 3253 3182 3176
f 3253 3176 3254
f 3255 3210 3212
f 3256 3255 3241
f 3257 3202 3204
f 3257 3258 3202
f 3259 3176 3175
f 3259 3260 3176
f 3259 3261 3260
f 3262 3263 3264
f 3262 3264 3265
f 3266 3267 3268
f 3269 3266 3270
f 3271 3272 3273
f 3274 3275 3276
f 3276 3277 3274
f 3278 3279 3280
f 3281 3282 3283
f 3282 3281 3284
f 3285 3286 3212
f 3285 3212 3211
f 3208 3287 3214
f 3215 3287 3208
f 3288 3208 3213
f 3288 3217 3208
f 3288 3289 3196
f 3288 3213 3289
f 3196 3195 3288
f 3195 3217 3288
f 3290 3220 3221
f 3220 3291 3292
f 3291 3293 3292
f 3291 3290 3294
f 3291 3220 3290
f 3209 3220 3295
f 3295 3220 3292
f 3296 3297 3298
f 3296 3298 3299
f 3287 3296 3299
f 3296 3216 3297
f 3296 3215 3216
f 3296 3287 3215
f 3300 3301 3302
f 3301 3303 3302
f 3304 3302 3303
f 3305 3304 3306
f 3304 3307 3302
f 3308 3304 3303
f 3303 3309 3310
f 3310 3308 3303
f 3187 3222 3311
f 3312 3313 3314
f 3223 3315 3316
f 3315 3223 3224
f 3315 3224 3317
f 3318 3226 3199
f 3231 3229 3180
f 3319 3227 3179
f 3319 3187 3227
f 3319 3179 3226
f 3319 3188 3187
f 3319 3226 3188
f 3320 3321 3228
f 3320 3228 3230
f 3230 3322 3320
f 3233 3232 3323
f 3323 3232 3194
f 3324 3232 3218
f 3324 3235 3232
f 3194 3235 3325
f 3324 3325 3235
f 3234 3233 3326
f 3326 3236 3234
f 3327 3238 3237
f 3327 3321 3328
f 3200 3329 3178
f 3234 3178 3329
f 3238 3329 3200
f 3239 3329 3238
f 3330 3239 3218
f 3330 3232 3234
f 3330 3218 3232
f 3234 3329 3330
f 3330 3329 3239
f 3331 3272 3332
f 3331 3333 3272
f 3334 3335 3336
f 3257 3337 3338
f 3339 3337 3335
f 3339 3338 3337
f 3339 3335 3340
f 3224 3190 3341
f 3342 3336 3204
f 3343 3316 3315
f 3344 3345 3346
f 3345 3344 3347
f 3348 3223 3316
f 3191 3223 3348
f 3348 3222 3191
f 3222 3348 3314
f 3349 3350 3351
f 3352 3259 3175
f 3353 3205 3280
f 3280 3354 3353
f 3355 3185 3184
f 3355 3184 3306
f 3216 3185 3355
f 3355 3306 3216
f 3356 3306 3184
f 3356 3305 3306
f 3184 3205 3356
f 3205 3353 3356
f 3356 3354 3305
f 3356 3353 3354
f 3357 3358 3245
f 3359 3360 3361
f 3361 3362 3359
f 3363 3364 3365
f 3363 3366 3364
f 3307 3367 3302
f 3367 3300 3302
f 3368 3354 3366
f 3369 3370 3300
f 3371 3309 3372
f 3373 3182 3251
f 3251 3250 3373
f 3210 3255 3374
f 3374 3255 3256
f 3374 3375 3376
f 3377 3253 3254
f 3377 3378 3379
f 3255 3380 3241
f 3380 3255 3212
f 3257 3381 3258
f 3381 3257 3338
f 3382 3383 3384
f 3260 3261 3385
f 3386 3382 3384
f 3387 3388 3389
f 3240 3390 3263
f 3391 3392 3393
f 3394 3269 3276
f 3394 3266 3269
f 3394 3267 3266
f 3395 3265 3264
f 3396 3265 3395
f 3395 3397 3396
f 3398 3266 3268
f 3388 3399 3389
f 3400 3396 3401
f 3400 3401 3399
f 3400 3399 3402
f 3400 3265 3396
f 3270 3266 3403
f 3404 3405 3406
f 3407 3269 3270
f 3408 3407 3270
f 3409 3408 3270
f 3409 3270 3410
f 3275 3274 3411
f 3412 3280 3205
f 3205 3413 3412
f 3413 3414 3412
f 3415 3205 3206
f 3414 3415 3206
f 3416 3286 3417
f 3418 3206 3186
f 3418 3186 3419
f 3420 3354 3280
f 3421 3186 3185
f 3185 3215 3421
f 3421 3215 3207
f 3417 3286 3422
f 3286 3285 3422
f 3365 3364 3423
f 3424 3425 3426
f 3425 3427 3428
f 3294 3429 3430
f 3430 3429 3431
f 3430 3291 3294
f 3292 3293 3432
f 3432 3295 3292
f 3432 3293 3295
f 3433 3207 3209
f 3209 3295 3433
f 3433 3434 3243
f 3433 3435 3434
f 3433 3295 3293
f 3436 3214 3287
f 3436 3287 3299
f 3436 3437 3289
f 3436 3213 3214
f 3213 3436 3289
f 3370 3438 3300
f 3438 3301 3300
f 3438 3370 3439
f 3440 3309 3303
f 3301 3440 3303
f 3372 3440 3441
f 3440 3372 3309
f 3438 3440 3301
f 3307 3304 3305
f 3307 3305 3354
f 3368 3307 3354
f 3216 3306 3442
f 3304 3442 3306
f 3297 3443 3298
f 3444 3308 3310
f 3445 3446 3447
f 3448 3445 3447
f 3449 3299 3298
f 3450 3311 3451
f 3313 3222 3314
f 3313 3311 3222
f 3452 3453 3454
f 3455 3456 3225
f 3457 3455 3318
f 3455 3225 3226
f 3455 3226 3318
f 3454 3458 3452
f 3458 3454 3459
f 3460 3225 3456
f 3460 3461 3225
f 3456 3453 3460
f 3460 3453 3462
f 3460 3462 3461
f 3192 3461 3462
f 3225 3461 3463
f 3192 3463 3461
f 3180 3193 3231
f 3464 3227 3187
f 3193 3227 3464
f 3464 3311 3450
f 3187 3311 3464
f 3464 3231 3193
f 3465 3320 3322
f 3465 3464 3450
f 3195 3194 3466
f 3194 3325 3466
f 3466 3325 3324
f 3466 3218 3195
f 3466 3324 3218
f 3240 3238 3467
f 3238 3327 3467
f 3467 3327 3328
f 3467 3390 3240
f 3390 3467 3328
f 3468 3321 3327
f 3468 3327 3237
f 3321 3468 3228
f 3468 3237 3228
f 3469 3331 3332
f 3250 3470 3201
f 3333 3331 3471
f 3471 3472 3473
f 3473 3333 3471
f 3471 3474 3472
f 3331 3474 3471
f 3379 3378 3475
f 3475 3378 3375
f 3475 3374 3256
f 3475 3375 3374
f 3476 3472 3474
f 3476 3475 3256
f 3475 3476 3474
f 3476 3477 3478
f 3256 3477 3476
f 3479 3480 3481
f 3482 3483 3484
f 3485 3256 3241
f 3485 3477 3256
f 3485 3241 3243
f 3486 3487 3488
f 3489 3487 3486
f 3489 3490 3487
f 3489 3486 3431
f 3242 3491 3243
f 3334 3492 3335
f 3493 3257 3204
f 3493 3337 3257
f 3493 3204 3336
f 3493 3336 3335
f 3335 3337 3493
f 3224 3341 3494
f 3495 3340 3335
f 3495 3335 3496
f 3495 3496 3317
f 3495 3317 3224
f 3224 3494 3495
f 3495 3494 3340
f 3497 3339 3340
f 3497 3494 3498
f 3497 3340 3494
f 3338 3339 3499
f 3499 3381 3338
f 3499 3500 3501
f 3381 3499 3501
f 3502 3315 3503
f 3502 3343 3315
f 3350 3504 3505
f 3504 3350 3349
f 3506 3314 3348
f 3406 3314 3506
f 3406 3312 3314
f 3345 3507 3346
f 3508 3509 3507
f 3508 3507 3510
f 3510 3507 3345
f 3511 3512 3346
f 3512 3344 3346
f 3203 3513 3204
f 3513 3203 3514
f 3513 3342 3204
f 3513 3515 3342
f 3516 3350 3505
f 3383 3517 3384
f 3518 3360 3519
f 3519 3360 3520
f 3246 3245 3521
f 3521 3245 3358
f 3522 3523 3524
f 3523 3522 3525
f 3526 3522 3524
f 3527 3526 3524
f 3528 3525 3522
f 3528 3526 3258
f 3522 3526 3528
f 3528 3357 3245
f 3529 3361 3360
f 3530 3529 3360
f 3529 3530 3361
f 3531 3424 3532
f 3531 3530 3424
f 3532 3361 3531
f 3530 3531 3361
f 3533 3360 3424
f 3533 3530 3360
f 3424 3530 3533
f 3362 3534 3247
f 3534 3535 3247
f 3534 3536 3535
f 3537 3247 3246
f 3538 3539 3524
f 3538 3524 3523
f 3524 3539 3540
f 3541 3363 3365
f 3300 3367 3542
f 3542 3368 3366
f 3542 3367 3307
f 3307 3368 3542
f 3363 3542 3366
f 3542 3363 3541
f 3370 3543 3439
f 3544 3543 3370
f 3545 3544 3370
f 3545 3424 3360
f 3546 3448 3447
f 3547 3546 3447
f 3371 3372 3548
f 3549 3252 3182
f 3549 3182 3373
f 3549 3373 3250
f 3549 3250 3201
f 3201 3252 3549
f 3550 3375 3378
f 3254 3551 3550
f 3550 3377 3254
f 3377 3550 3378
f 3552 3376 3553
f 3374 3552 3210
f 3286 3554 3212
f 3554 3286 3555
f 3556 3241 3380
f 3557 3380 3212
f 3554 3557 3212
f 3557 3554 3558
f 3559 3383 3560
f 3259 3559 3560
f 3352 3559 3259
f 3561 3352 3175
f 3561 3175 3244
f 3561 3559 3352
f 3383 3559 3561
f 3561 3517 3383
f 3202 3562 3563
f 3564 3527 3565
f 3564 3563 3562
f 3564 3385 3563
f 3203 3566 3384
f 3566 3386 3384
f 3382 3386 3567
f 3568 3254 3176
f 3569 3176 3570
f 3571 3569 3570
f 3572 3571 3573
f 3573 3571 3570
f 3574 3239 3240
f 3388 3387 3575
f 3575 3487 3490
f 3575 3391 3487
f 3575 3387 3391
f 3328 3576 3390
f 3264 3263 3576
f 3576 3263 3390
f 3577 3578 3487
f 3577 3487 3391
f 3391 3393 3577
f 3578 3577 3473
f 3579 3333 3473
f 3579 3580 3581
f 3276 3275 3582
f 3582 3394 3276
f 3275 3271 3582
f 3583 3398 3268
f 3266 3398 3584
f 3584 3403 3266
f 3584 3395 3264
f 3584 3397 3395
f 3585 3399 3401
f 3586 3403 3587
f 3403 3586 3405
f 3405 3586 3406
f 3586 3312 3406
f 3586 3587 3312
f 3588 3404 3406
f 3349 3407 3408
f 3407 3349 3351
f 3410 3589 3590
f 3272 3271 3591
f 3275 3591 3271
f 3591 3275 3411
f 3591 3332 3272
f 3591 3411 3332
f 3274 3592 3593
f 3594 3413 3205
f 3415 3594 3205
f 3594 3414 3413
f 3594 3415 3414
f 3595 3414 3596
f 3595 3597 3414
f 3595 3596 3283
f 3595 3283 3282
f 3595 3282 3284
f 3284 3597 3595
f 3598 3243 3599
f 3598 3599 3600
f 3414 3416 3601
f 3278 3414 3601
f 3602 3283 3596
f 3206 3418 3602
f 3602 3414 3206
f 3414 3602 3596
f 3603 3280 3279
f 3603 3420 3280
f 3603 3279 3420
f 3604 3285 3211
f 3604 3422 3285
f 3417 3422 3604
f 3605 3604 3211
f 3606 3423 3364
f 3428 3423 3606
f 3607 3416 3417
f 3608 3425 3424
f 3427 3425 3608
f 3294 3290 3609
f 3609 3290 3221
f 3483 3479 3610
f 3611 3430 3612
f 3293 3291 3611
f 3291 3430 3611
f 3435 3611 3613
f 3611 3433 3293
f 3433 3611 3435
f 3243 3614 3615
f 3615 3482 3484
f 3482 3615 3614
f 3616 3611 3612
f 3613 3611 3616
f 3617 3243 3281
f 3617 3433 3243
f 3207 3433 3617
f 3617 3421 3207
f 3281 3421 3617
f 3618 3438 3439
f 3441 3440 3618
f 3618 3440 3438
f 3619 3304 3308
f 3619 3442 3304
f 3620 3621 3443
f 3620 3444 3621
f 3620 3297 3216
f 3620 3443 3297
f 3216 3442 3620
f 3442 3619 3620
f 3308 3444 3620
f 3620 3619 3308
f 3622 3310 3621
f 3622 3621 3444
f 3622 3444 3310
f 3623 3624 3625
f 3625 3446 3445
f 3625 3626 3446
f 3624 3626 3625
f 3625 3627 3623
f 3625 3445 3627
f 3628 3548 3372
f 3447 3446 3629
f 3630 3623 3627
f 3627 3631 3630
f 3630 3437 3623
f 3632 3437 3630
f 3632 3630 3631
f 3437 3632 3289
f 3633 3449 3634
f 3633 3634 3624
f 3633 3299 3449
f 3437 3633 3623
f 3633 3624 3623
f 3633 3436 3299
f 3436 3633 3437
f 3635 3309 3371
f 3635 3636 3309
f 3309 3636 3637
f 3443 3637 3298
f 3638 3312 3587
f 3587 3403 3639
f 3639 3638 3587
f 3638 3639 3451
f 3584 3639 3403
f 3639 3584 3264
f 3640 3496 3335
f 3459 3457 3641
f 3641 3458 3459
f 3641 3318 3199
f 3641 3457 3318
f 3454 3642 3459
f 3642 3457 3459
f 3643 3199 3198
f 3643 3644 3199
f 3643 3458 3644
f 3645 3631 3627
f 3646 3452 3458
f 3646 3448 3452
f 3646 3445 3448
f 3445 3646 3627
f 3646 3458 3627
f 3647 3189 3225
f 3225 3463 3647
f 3647 3463 3192
f 3647 3192 3189
f 3648 3465 3322
f 3464 3465 3648
f 3648 3322 3230
f 3230 3231 3648
f 3231 3464 3648
f 3649 3469 3183
f 3469 3649 3331
f 3649 3183 3201
f 3201 3470 3649
f 3649 3470 3331
f 3277 3650 3651
f 3652 3277 3651
f 3653 3474 3331
f 3653 3654 3474
f 3331 3470 3653
f 3653 3470 3250
f 3655 3475 3474
f 3654 3655 3474
f 3475 3655 3379
f 3655 3377 3379
f 3249 3248 3654
f 3656 3479 3483
f 3656 3483 3482
f 3656 3482 3480
f 3657 3658 3477
f 3485 3657 3477
f 3483 3657 3484
f 3657 3485 3484
f 3578 3659 3487
f 3659 3488 3487
f 3660 3575 3490
f 3660 3661 3402
f 3661 3660 3574
f 3660 3662 3219
f 3663 3599 3243
f 3491 3663 3243
f 3664 3491 3242
f 3664 3663 3491
f 3664 3286 3416
f 3335 3665 3666
f 3492 3665 3335
f 3513 3667 3515
f 3667 3513 3668
f 3669 3342 3515
f 3670 3334 3336
f 3670 3492 3334
f 3499 3671 3500
f 3671 3499 3339
f 3672 3673 3674
f 3339 3497 3675
f 3675 3671 3339
f 3671 3675 3676
f 3675 3497 3498
f 3498 3673 3675
f 3673 3676 3675
f 3316 3343 3677
f 3678 3677 3343
f 3679 3351 3350
f 3679 3516 3680
f 3516 3679 3350
f 3681 3513 3514
f 3681 3514 3505
f 3681 3505 3504
f 3513 3681 3668
f 3681 3345 3347
f 3681 3510 3345
f 3682 3683 3684
f 3684 3509 3508
f 3510 3684 3508
f 3685 3683 3507
f 3685 3507 3509
f 3509 3684 3685
f 3589 3507 3683
f 3590 3589 3683
f 3686 3512 3511
f 3512 3686 3348
f 3506 3686 3687
f 3686 3506 3348
f 3688 3512 3348
f 3688 3678 3344
f 3688 3344 3512
f 3688 3348 3316
f 3689 3690 3651
f 3689 3516 3690
f 3689 3651 3650
f 3680 3516 3689
f 3689 3650 3680
f 3690 3516 3691
f 3517 3691 3384
f 3691 3516 3505
f 3691 3203 3384
f 3505 3514 3691
f 3691 3514 3203
f 3692 3693 3694
f 3246 3521 3694
f 3694 3695 3692
f 3694 3693 3520
f 3694 3537 3246
f 3258 3526 3696
f 3696 3202 3258
f 3696 3562 3202
f 3696 3526 3527
f 3696 3564 3562
f 3564 3696 3527
f 3697 3528 3258
f 3357 3528 3697
f 3358 3357 3697
f 3697 3501 3358
f 3258 3381 3697
f 3697 3381 3501
f 3528 3698 3525
f 3698 3245 3247
f 3698 3528 3245
f 3699 3362 3361
f 3699 3534 3362
f 3360 3359 3537
f 3537 3359 3362
f 3537 3362 3247
f 3700 3538 3523
f 3701 3541 3365
f 3701 3428 3427
f 3423 3701 3365
f 3701 3423 3428
f 3702 3542 3541
f 3702 3369 3300
f 3542 3702 3300
f 3702 3701 3427
f 3541 3701 3702
f 3545 3703 3544
f 3703 3545 3360
f 3703 3543 3544
f 3703 3360 3518
f 3704 3703 3518
f 3452 3448 3705
f 3546 3705 3448
f 3705 3453 3452
f 3462 3453 3705
f 3706 3550 3551
f 3553 3376 3706
f 3706 3707 3553
f 3706 3376 3375
f 3550 3706 3375
f 3708 3709 3710
f 3707 3711 3553
f 3712 3552 3553
f 3712 3553 3711
f 3713 3374 3376
f 3376 3552 3713
f 3713 3552 3374
f 3714 3242 3241
f 3556 3714 3241
f 3557 3715 3380
f 3554 3715 3558
f 3716 3385 3261
f 3716 3563 3385
f 3716 3566 3203
f 3716 3261 3566
f 3203 3202 3716
f 3202 3563 3716
f 3260 3385 3717
f 3717 3385 3564
f 3717 3718 3719
f 3717 3564 3565
f 3717 3565 3718
f 3717 3719 3720
f 3717 3720 3573
f 3717 3573 3570
f 3176 3260 3717
f 3717 3570 3176
f 3560 3383 3721
f 3721 3259 3560
f 3259 3721 3261
f 3721 3566 3261
f 3386 3566 3721
f 3721 3567 3386
f 3722 3254 3568
f 3723 3176 3569
f 3724 3571 3572
f 3725 3571 3726
f 3725 3569 3571
f 3726 3723 3725
f 3725 3723 3569
f 3727 3728 3565
f 3572 3573 3729
f 3729 3573 3720
f 3729 3727 3572
f 3727 3729 3728
f 3720 3719 3729
f 3730 3731 3732
f 3730 3732 3393
f 3730 3393 3392
f 3273 3394 3582
f 3273 3582 3271
f 3581 3267 3394
f 3273 3581 3394
f 3579 3733 3580
f 3733 3731 3580
f 3734 3579 3581
f 3734 3581 3273
f 3268 3267 3580
f 3580 3583 3268
f 3581 3580 3267
f 3583 3735 3398
f 3584 3736 3397
f 3736 3584 3398
f 3736 3735 3397
f 3736 3398 3735
f 3737 3401 3387
f 3737 3585 3401
f 3737 3387 3389
f 3389 3399 3737
f 3399 3585 3737
f 3265 3400 3402
f 3661 3265 3402
f 3738 3588 3406
f 3738 3506 3687
f 3738 3406 3506
f 3739 3511 3346
f 3404 3740 3741
f 3741 3403 3405
f 3405 3404 3741
f 3403 3741 3270
f 3741 3410 3270
f 3741 3740 3410
f 3588 3742 3404
f 3742 3740 3404
f 3742 3739 3743
f 3739 3742 3588
f 3742 3743 3589
f 3742 3589 3410
f 3742 3410 3740
f 3650 3277 3276
f 3650 3276 3269
f 3650 3269 3680
f 3744 3683 3682
f 3744 3590 3683
f 3332 3411 3745
f 3746 3745 3411
f 3747 3746 3411
f 3747 3411 3274
f 3274 3593 3747
f 3747 3593 3592
f 3746 3747 3592
f 3748 3280 3749
f 3748 3749 3414
f 3750 3280 3412
f 3750 3749 3280
f 3750 3412 3414
f 3414 3749 3750
f 3751 3597 3284
f 3598 3751 3243
f 3751 3281 3243
f 3751 3284 3281
f 3366 3354 3752
f 3354 3420 3752
f 3753 3601 3416
f 3753 3416 3607
f 3753 3607 3754
f 3755 3186 3421
f 3421 3756 3755
f 3755 3419 3186
f 3757 3421 3281
f 3757 3756 3421
f 3757 3755 3756
f 3755 3757 3419
f 3757 3418 3419
f 3758 3606 3754
f 3759 3210 3552
f 3759 3552 3760
f 3759 3211 3210
f 3759 3760 3211
f 3552 3712 3761
f 3762 3607 3417
f 3763 3608 3424
f 3427 3608 3763
f 3764 3429 3294
f 3294 3609 3764
f 3765 3476 3478
f 3476 3765 3472
f 3766 3765 3478
f 3765 3766 3767
f 3768 3479 3481
f 3768 3610 3479
f 3481 3612 3768
f 3612 3430 3768
f 3486 3488 3769
f 3243 3615 3770
f 3770 3615 3484
f 3770 3485 3243
f 3485 3770 3484
f 3771 3243 3434
f 3771 3772 3243
f 3771 3434 3435
f 3771 3435 3613
f 3772 3771 3613
f 3773 3614 3243
f 3773 3243 3772
f 3774 3439 3543
f 3774 3618 3439
f 3774 3775 3776
f 3774 3703 3775
f 3703 3774 3777
f 3778 3629 3446
f 3778 3446 3779
f 3778 3779 3780
f 3781 3547 3447
f 3447 3629 3781
f 3782 3236 3326
f 3783 3626 3624
f 3784 3635 3371
f 3636 3635 3784
f 3371 3785 3784
f 3784 3785 3786
f 3784 3787 3636
f 3787 3784 3786
f 3788 3310 3309
f 3309 3637 3788
f 3788 3637 3443
f 3310 3788 3621
f 3788 3443 3621
f 3789 3449 3298
f 3637 3789 3298
f 3638 3313 3312
f 3311 3313 3638
f 3638 3451 3311
f 3321 3320 3790
f 3790 3639 3264
f 3264 3576 3790
f 3790 3328 3321
f 3790 3576 3328
f 3791 3335 3666
f 3791 3640 3335
f 3641 3644 3458
f 3641 3199 3644
f 3792 3455 3457
f 3642 3792 3457
f 3456 3455 3792
f 3792 3642 3454
f 3793 3458 3794
f 3643 3794 3458
f 3795 3745 3746
f 3796 3183 3469
f 3796 3469 3332
f 3332 3745 3796
f 3745 3795 3796
f 3797 3244 3183
f 3183 3796 3797
f 3796 3795 3797
f 3651 3690 3798
f 3798 3652 3651
f 3690 3797 3798
f 3799 3253 3377
f 3655 3799 3377
f 3182 3253 3799
f 3799 3251 3182
f 3799 3248 3251
f 3799 3654 3248
f 3799 3655 3654
f 3653 3800 3654
f 3249 3654 3800
f 3800 3250 3249
f 3800 3653 3250
f 3801 3480 3479
f 3656 3801 3479
f 3801 3656 3480
f 3483 3610 3802
f 3802 3657 3483
f 3802 3766 3478
f 3472 3803 3473
f 3803 3578 3473
f 3765 3803 3472
f 3488 3659 3804
f 3804 3805 3769
f 3804 3769 3488
f 3804 3803 3765
f 3388 3575 3806
f 3806 3575 3660
f 3806 3660 3402
f 3402 3399 3806
f 3806 3399 3388
f 3807 3660 3219
f 3660 3807 3574
f 3239 3574 3807
f 3219 3217 3807
f 3217 3239 3807
f 3489 3808 3490
f 3809 3664 3242
f 3242 3714 3809
f 3809 3555 3286
f 3664 3809 3286
f 3809 3556 3555
f 3809 3714 3556
f 3663 3664 3810
f 3600 3599 3810
f 3599 3663 3810
f 3810 3416 3600
f 3810 3664 3416
f 3811 3640 3791
f 3667 3812 3515
f 3812 3667 3813
f 3813 3670 3812
f 3812 3670 3336
f 3814 3343 3502
f 3814 3815 3343
f 3816 3672 3674
f 3817 3676 3673
f 3673 3672 3817
f 3678 3818 3344
f 3818 3819 3344
f 3815 3819 3818
f 3818 3678 3343
f 3343 3815 3818
f 3820 3667 3668
f 3821 3813 3819
f 3821 3819 3815
f 3407 3351 3679
f 3269 3407 3679
f 3679 3680 3269
f 3822 3681 3504
f 3510 3681 3822
f 3822 3684 3510
f 3682 3684 3822
f 3822 3349 3682
f 3822 3504 3349
f 3823 3684 3683
f 3823 3683 3685
f 3823 3685 3684
f 3743 3739 3346
f 3743 3346 3507
f 3507 3589 3743
f 3316 3677 3824
f 3824 3688 3316
f 3797 3825 3244
f 3825 3797 3690
f 3693 3826 3827
f 3826 3693 3692
f 3828 3358 3501
f 3828 3501 3829
f 3828 3521 3358
f 3830 3694 3521
f 3830 3695 3694
f 3521 3828 3830
f 3830 3828 3695
f 3831 3520 3360
f 3831 3694 3520
f 3694 3831 3537
f 3360 3537 3831
f 3832 3833 3536
f 3536 3700 3832
f 3832 3700 3523
f 3832 3523 3525
f 3834 3535 3536
f 3536 3833 3834
f 3834 3525 3535
f 3834 3832 3525
f 3833 3832 3834
f 3835 3535 3525
f 3698 3835 3525
f 3247 3535 3835
f 3835 3698 3247
f 3836 3361 3532
f 3836 3699 3361
f 3836 3532 3424
f 3836 3424 3426
f 3837 3538 3700
f 3837 3838 3538
f 3838 3837 3839
f 3837 3700 3536
f 3536 3534 3837
f 3840 3702 3427
f 3427 3763 3840
f 3370 3369 3840
f 3369 3702 3840
f 3840 3763 3424
f 3840 3545 3370
f 3840 3424 3545
f 3841 3842 3776
f 3703 3843 3543
f 3843 3703 3777
f 3843 3774 3543
f 3843 3777 3774
f 3844 3372 3441
f 3845 3781 3846
f 3845 3547 3781
f 3845 3847 3547
f 3192 3462 3848
f 3848 3190 3192
f 3462 3705 3848
f 3848 3705 3849
f 3848 3341 3190
f 3848 3849 3341
f 3850 3851 3709
f 3850 3709 3708
f 3852 3853 3854
f 3852 3855 3853
f 3852 3854 3856
f 3857 3707 3851
f 3858 3852 3856
f 3859 3852 3860
f 3852 3859 3855
f 3861 3556 3380
f 3715 3861 3380
f 3861 3555 3556
f 3861 3554 3555
f 3861 3715 3554
f 3862 3557 3558
f 3862 3558 3715
f 3862 3715 3557
f 3863 3721 3383
f 3721 3863 3567
f 3863 3383 3382
f 3382 3567 3863
f 3254 3722 3864
f 3527 3865 3565
f 3865 3727 3565
f 3865 3527 3524
f 3524 3540 3865
f 3719 3718 3866
f 3866 3729 3719
f 3729 3866 3728
f 3867 3393 3732
f 3867 3868 3393
f 3869 3577 3393
f 3393 3868 3869
f 3730 3580 3731
f 3580 3730 3583
f 3731 3733 3870
f 3868 3867 3870
f 3870 3869 3868
f 3869 3870 3733
f 3579 3734 3333
f 3333 3734 3272
f 3734 3273 3272
f 3871 3387 3401
f 3396 3397 3872
f 3735 3872 3397
f 3262 3265 3873
f 3873 3265 3661
f 3873 3661 3574
f 3873 3263 3262
f 3240 3263 3873
f 3873 3574 3240
f 3739 3588 3511
f 3588 3738 3687
f 3410 3590 3744
f 3744 3409 3410
f 3409 3744 3408
f 3744 3349 3408
f 3682 3349 3744
f 3874 3278 3280
f 3874 3280 3748
f 3874 3414 3278
f 3874 3748 3414
f 3875 3751 3598
f 3875 3598 3600
f 3600 3416 3875
f 3876 3420 3279
f 3876 3752 3420
f 3752 3876 3601
f 3876 3279 3278
f 3278 3601 3876
f 3877 3753 3754
f 3877 3752 3601
f 3753 3877 3601
f 3878 3281 3283
f 3878 3757 3281
f 3418 3757 3878
f 3602 3878 3283
f 3878 3602 3418
f 3428 3606 3879
f 3758 3879 3606
f 3880 3879 3758
f 3881 3712 3856
f 3881 3761 3712
f 3604 3882 3417
f 3882 3762 3417
f 3883 3884 3425
f 3885 3425 3428
f 3885 3883 3425
f 3886 3609 3221
f 3886 3764 3609
f 3887 3888 3767
f 3766 3887 3767
f 3889 3430 3431
f 3889 3768 3430
f 3768 3889 3610
f 3889 3769 3610
f 3890 3480 3482
f 3890 3482 3614
f 3773 3890 3614
f 3891 3890 3773
f 3892 3612 3481
f 3613 3616 3892
f 3893 3773 3772
f 3893 3891 3773
f 3893 3772 3613
f 3613 3892 3893
f 3446 3626 3779
f 3894 3628 3780
f 3371 3548 3894
f 3548 3628 3894
f 3894 3785 3371
f 3846 3781 3895
f 3782 3896 3236
f 3631 3896 3782
f 3897 3632 3631
f 3636 3787 3898
f 3783 3787 3786
f 3899 3637 3636
f 3899 3789 3637
f 3898 3899 3636
f 3900 3451 3639
f 3900 3639 3790
f 3900 3790 3320
f 3901 3454 3453
f 3901 3792 3454
f 3901 3453 3456
f 3456 3792 3901
f 3902 3903 3627
f 3904 3896 3631
f 3905 3904 3631
f 3904 3236 3896
f 3236 3904 3198
f 3645 3906 3631
f 3906 3905 3631
f 3907 3592 3274
f 3907 3746 3592
f 3907 3795 3746
f 3908 3798 3797
f 3908 3797 3795
f 3795 3907 3908
f 3652 3798 3909
f 3277 3652 3909
f 3908 3909 3798
f 3274 3277 3909
f 3909 3908 3907
f 3909 3907 3274
f 3657 3910 3658
f 3802 3910 3657
f 3910 3802 3478
f 3910 3478 3477
f 3910 3477 3658
f 3804 3911 3805
f 3911 3888 3805
f 3911 3767 3888
f 3911 3765 3767
f 3911 3804 3765
f 3912 3804 3659
f 3912 3803 3804
f 3913 3660 3490
f 3808 3914 3662
f 3914 3808 3489
f 3429 3914 3431
f 3914 3489 3431
f 3221 3219 3914
f 3914 3219 3662
f 3915 3791 3666
f 3915 3811 3791
f 3916 3669 3515
f 3812 3916 3515
f 3342 3669 3916
f 3336 3342 3916
f 3916 3812 3336
f 3814 3917 3317
f 3917 3503 3315
f 3917 3315 3317
f 3917 3502 3503
f 3917 3814 3502
f 3918 3317 3496
f 3918 3814 3317
f 3918 3496 3640
f 3811 3918 3640
f 3918 3811 3815
f 3814 3918 3815
f 3919 3841 3920
f 3842 3841 3919
f 3921 3671 3676
f 3921 3676 3817
f 3500 3671 3921
f 3922 3923 3924
f 3925 3681 3347
f 3926 3820 3347
f 3926 3347 3344
f 3344 3819 3926
f 3926 3819 3813
f 3813 3667 3926
f 3926 3667 3820
f 3927 3928 3511
f 3687 3928 3927
f 3588 3927 3511
f 3927 3588 3687
f 3686 3929 3687
f 3929 3928 3687
f 3929 3686 3511
f 3929 3511 3928
f 3678 3688 3930
f 3930 3688 3824
f 3930 3677 3678
f 3930 3824 3677
f 3690 3691 3931
f 3931 3825 3690
f 3825 3931 3244
f 3931 3561 3244
f 3517 3561 3931
f 3931 3691 3517
f 3827 3826 3932
f 3426 3425 3933
f 3933 3425 3884
f 3933 3884 3883
f 3933 3883 3854
f 3934 3539 3538
f 3838 3934 3538
f 3934 3540 3539
f 3935 3837 3853
f 3935 3839 3837
f 3534 3699 3936
f 3936 3837 3534
f 3699 3836 3936
f 3837 3936 3853
f 3841 3776 3775
f 3775 3703 3841
f 3841 3703 3920
f 3937 3776 3844
f 3618 3774 3937
f 3441 3618 3937
f 3937 3844 3441
f 3938 3939 3940
f 3845 3941 3942
f 3941 3943 3942
f 3941 3845 3846
f 3941 3372 3943
f 3941 3628 3372
f 3943 3944 3942
f 3944 3940 3939
f 3944 3939 3942
f 3945 3372 3844
f 3945 3943 3372
f 3945 3938 3940
f 3945 3844 3938
f 3945 3944 3943
f 3946 3546 3547
f 3847 3946 3547
f 3947 3845 3942
f 3947 3847 3845
f 3942 3939 3947
f 3948 3842 3674
f 3948 3674 3949
f 3853 3855 3950
f 3950 3707 3857
f 3950 3711 3707
f 3855 3711 3950
f 3951 3850 3708
f 3851 3850 3951
f 3856 3712 3952
f 3952 3858 3856
f 3952 3859 3860
f 3712 3859 3952
f 3860 3852 3953
f 3953 3852 3858
f 3953 3952 3860
f 3953 3858 3952
f 3954 3712 3711
f 3954 3859 3712
f 3954 3711 3855
f 3954 3855 3859
f 3955 3551 3254
f 3709 3956 3710
f 3956 3957 3710
f 3958 3864 3722
f 3958 3722 3957
f 3957 3956 3958
f 3959 3722 3568
f 3959 3957 3722
f 3960 3568 3176
f 3723 3960 3176
f 3960 3959 3568
f 3961 3865 3540
f 3865 3961 3727
f 3962 3724 3572
f 3866 3963 3728
f 3963 3866 3718
f 3565 3728 3963
f 3963 3718 3565
f 3577 3964 3473
f 3964 3579 3473
f 3964 3733 3579
f 3732 3731 3965
f 3870 3965 3731
f 3965 3867 3732
f 3965 3870 3867
f 3396 3872 3966
f 3966 3872 3871
f 3401 3396 3966
f 3966 3871 3401
f 3871 3872 3967
f 3967 3968 3871
f 3730 3967 3583
f 3967 3730 3392
f 3392 3968 3967
f 3387 3871 3968
f 3391 3387 3968
f 3968 3392 3391
f 3597 3751 3969
f 3751 3875 3969
f 3414 3597 3969
f 3969 3416 3414
f 3969 3875 3416
f 3754 3606 3970
f 3970 3877 3754
f 3970 3606 3364
f 3970 3364 3366
f 3366 3752 3970
f 3877 3970 3752
f 3762 3882 3971
f 3972 3605 3758
f 3758 3882 3972
f 3972 3604 3605
f 3972 3882 3604
f 3973 3760 3552
f 3761 3973 3552
f 3881 3973 3761
f 3973 3881 3856
f 3973 3856 3854
f 3883 3973 3854
f 3885 3880 3883
f 3880 3885 3428
f 3428 3879 3880
f 3974 3766 3802
f 3974 3887 3766
f 3974 3802 3610
f 3974 3769 3805
f 3610 3769 3974
f 3805 3888 3974
f 3888 3887 3974
f 3975 3431 3486
f 3975 3889 3431
f 3486 3769 3975
f 3889 3975 3769
f 3976 3616 3612
f 3892 3976 3612
f 3976 3892 3616
f 3977 3892 3481
f 3977 3893 3892
f 3893 3977 3891
f 3977 3890 3891
f 3977 3481 3480
f 3890 3977 3480
f 3978 3779 3626
f 3978 3786 3785
f 3978 3626 3783
f 3978 3783 3786
f 3846 3895 3979
f 3979 3941 3846
f 3628 3941 3979
f 3629 3778 3980
f 3981 3781 3629
f 3981 3895 3781
f 3629 3980 3981
f 3981 3980 3895
f 3631 3782 3982
f 3982 3897 3631
f 3632 3983 3289
f 3897 3983 3632
f 3983 3196 3289
f 3983 3194 3196
f 3983 3323 3194
f 3984 3898 3787
f 3984 3624 3634
f 3984 3783 3624
f 3783 3984 3787
f 3985 3899 3898
f 3634 3449 3985
f 3985 3449 3789
f 3899 3985 3789
f 3320 3465 3900
f 3900 3465 3450
f 3450 3451 3900
f 3986 3627 3458
f 3986 3902 3627
f 3986 3458 3793
f 3987 3645 3627
f 3988 3987 3627
f 3903 3989 3627
f 3989 3988 3627
f 3990 3659 3578
f 3990 3912 3659
f 3578 3803 3991
f 3803 3912 3991
f 3991 3990 3578
f 3991 3912 3990
f 3992 3808 3662
f 3992 3662 3660
f 3992 3660 3913
f 3993 3764 3886
f 3993 3429 3764
f 3993 3914 3429
f 3993 3886 3221
f 3221 3914 3993
f 3994 3915 3666
f 3815 3811 3995
f 3996 3997 3816
f 3997 3996 3817
f 3672 3816 3998
f 3816 3997 3998
f 3998 3817 3672
f 3998 3997 3817
f 3816 3999 3923
f 3999 3919 3923
f 3921 4000 3500
f 3501 3500 4000
f 4000 3829 3501
f 4000 3921 3827
f 4001 3816 3923
f 4002 3820 3668
f 4002 3668 3681
f 3925 4002 3681
f 4003 3695 3932
f 4003 3932 3826
f 4003 3826 3692
f 4004 3828 3829
f 4000 4004 3829
f 4005 3695 3828
f 3828 4006 4005
f 4006 4000 4005
f 3540 3934 4007
f 4008 3838 3839
f 3935 4008 3839
f 4008 3962 3838
f 3853 3950 4009
f 3936 4010 3853
f 4010 3854 3853
f 4010 3933 3854
f 3426 3933 4010
f 4010 3836 3426
f 4010 3936 3836
f 4011 3774 3776
f 4011 3776 3937
f 4011 3937 3774
f 4012 4013 3939
f 3938 4012 3939
f 4014 3844 3776
f 4014 3938 3844
f 4014 4012 3938
f 4013 4012 4014
f 3776 3842 4014
f 4014 3842 3948
f 4014 3948 4013
f 3944 4015 3940
f 4015 3945 3940
f 4015 3944 3945
f 3546 3946 4016
f 4016 3705 3546
f 4016 3849 3705
f 4016 3341 3849
f 4016 3946 3341
f 4017 3947 3939
f 4017 3939 4013
f 3847 3947 4017
f 4013 3948 4017
f 4017 3948 3949
f 4018 3709 3851
f 4018 3956 3709
f 4018 3851 3707
f 3706 4018 3707
f 4018 3706 3551
f 3551 3956 4018
f 4019 3956 3551
f 4019 3958 3956
f 3864 3958 4020
f 3254 3864 4020
f 4020 3955 3254
f 4021 3726 3571
f 4021 3723 3726
f 4021 4022 3723
f 4021 3571 4023
f 4021 4023 4022
f 4024 3723 4025
f 4026 3962 3572
f 3572 3727 4026
f 3727 3961 4026
f 4026 3961 4027
f 3869 3964 3577
f 3733 3964 3869
f 4028 3872 3735
f 4028 3967 3872
f 4028 3735 3583
f 3967 4028 3583
f 4029 3607 3762
f 3762 3971 4029
f 3607 4029 3754
f 4029 3971 3882
f 4029 3758 3754
f 4029 3882 3758
f 4030 3883 3880
f 4030 3973 3883
f 4030 3760 3973
f 4030 3211 3760
f 4030 3605 3211
f 4030 3758 3605
f 4030 3880 3758
f 4031 3978 3785
f 3978 4031 3779
f 3785 3894 4031
f 3780 3779 4031
f 4031 3894 3780
f 4032 3979 3895
f 4032 3778 3780
f 3780 3628 4032
f 3628 3979 4032
f 4032 3980 3778
f 4032 3895 3980
f 4033 3782 3326
f 4033 3982 3782
f 4033 3326 3233
f 3984 4034 3898
f 4034 3985 3898
f 4034 3984 3634
f 3634 3985 4034
f 3988 3989 4035
f 4035 3987 3988
f 4035 3989 3903
f 3903 3902 4035
f 4035 3198 3904
f 4035 3904 3905
f 3905 3906 4035
f 4035 3906 3645
f 3645 3987 4035
f 3793 3794 4035
f 4035 3986 3793
f 3902 3986 4035
f 4035 3643 3198
f 4035 3794 3643
f 3992 4036 3808
f 4036 3992 3913
f 4036 3490 3808
f 4036 3913 3490
f 3915 3994 4037
f 4038 3670 3813
f 4038 3665 3492
f 3492 3670 4038
f 3811 3915 4039
f 4039 3995 3811
f 4039 4037 3821
f 3915 4037 4039
f 4040 3816 4041
f 4040 3996 3816
f 4041 3817 4040
f 3996 4040 3817
f 4042 3816 3674
f 4042 3999 3816
f 4042 3674 3842
f 3842 3919 4042
f 3919 3999 4042
f 4043 3924 3923
f 4043 3923 3919
f 4044 4043 3919
f 4043 3922 3924
f 4045 3919 3920
f 4045 4044 3919
f 3920 3703 4045
f 4045 3703 3704
f 4046 3520 3693
f 4045 4046 4044
f 3922 4047 3923
f 4047 4001 3923
f 4048 4041 3816
f 4001 4048 3816
f 4048 4001 3921
f 4048 3817 4041
f 4048 3921 3817
f 4049 3820 4002
f 4049 4002 3925
f 3820 4049 3347
f 4049 3925 3347
f 3692 3695 4050
f 4050 4003 3692
f 4050 3695 4003
f 4051 4006 3828
f 4004 4051 3828
f 4051 4000 4006
f 4051 4004 4000
f 3961 4052 4027
f 4052 4007 4027
f 4052 3961 3540
f 3540 4007 4052
f 3962 4053 3724
f 4008 4053 3962
f 4054 3857 3851
f 3851 3951 4054
f 4054 3950 3857
f 4054 4009 3950
f 3959 4055 3957
f 4056 3935 3853
f 3853 4009 4056
f 4057 3946 3847
f 4057 3494 3341
f 3341 3946 4057
f 3494 4057 3498
f 4058 3958 4019
f 3955 4020 4058
f 4058 4020 3958
f 4059 4025 3723
f 4060 4059 3723
f 4059 4023 4025
f 4059 4060 4023
f 4061 3723 4022
f 4061 4060 3723
f 4022 4023 4061
f 4023 4060 4061
f 4062 3960 3723
f 4062 3723 4024
f 3959 3960 4062
f 4062 4024 3959
f 4063 4024 4025
f 4024 4063 3959
f 4063 4025 4023
f 4063 4023 3959
f 3962 4026 4064
f 3838 3962 4064
f 4064 4027 4007
f 4064 4026 4027
f 4064 3934 3838
f 4064 4007 3934
f 4065 4033 3233
f 3815 3995 4066
f 3995 4039 4066
f 4066 3821 3815
f 4066 4039 3821
f 4067 3693 3827
f 4067 4046 3693
f 4044 4046 4067
f 3520 4046 4068
f 4068 4046 4045
f 3518 3519 4068
f 4068 3519 3520
f 4068 3704 3518
f 4068 4045 3704
f 3922 4043 4069
f 4069 4047 3922
f 4069 3921 4001
f 4001 4047 4069
f 4069 4043 4044
f 4070 3695 4071
f 4070 4000 3827
f 4070 4071 4000
f 4072 3695 4005
f 4072 4071 3695
f 4072 4005 4000
f 4000 4071 4072
f 3710 3957 4073
f 4055 4073 3957
f 3935 4056 4074
f 4074 4056 4009
f 4074 4009 4073
f 4075 4055 3959
f 4053 4075 3724
f 3724 4075 3571
f 3847 4017 4076
f 4076 4057 3847
f 4077 4017 3949
f 4077 3949 3674
f 4077 4076 4017
f 4077 4057 4076
f 3674 3673 4077
f 4077 3673 3498
f 4057 4077 3498
f 4058 4078 3955
f 4078 4058 4019
f 3551 3955 4078
f 4078 4019 3551
f 4079 3983 3897
f 4065 4079 3897
f 3323 3983 4079
f 3233 3323 4079
f 4079 4065 3233
f 4080 3897 3982
f 4080 4065 3897
f 4080 3982 4033
f 4080 4033 4065
f 4038 4081 3665
f 4081 4037 3994
f 3665 4081 3666
f 4081 3994 3666
f 4082 4038 3813
f 4083 4082 3813
f 4084 3921 4069
f 3827 3921 4084
f 4084 4067 3827
f 4044 4067 4084
f 4084 4069 4044
f 4085 3932 3695
f 4070 4085 3695
f 3827 3932 4085
f 4085 4070 3827
f 4086 4073 4009
f 4086 4054 3951
f 4054 4086 4009
f 3710 4073 4086
f 4086 3708 3710
f 4086 3951 3708
f 4087 4073 4055
f 4087 4074 4073
f 4055 4075 4087
f 3959 4023 4088
f 4088 4075 3959
f 4088 4023 3571
f 4088 3571 4075
f 4089 4082 4083
f 4037 4081 4089
f 4089 4081 4038
f 4038 4082 4089
f 4089 3821 4037
f 3821 4089 3813
f 4089 4083 3813
f 3935 4074 4090
f 4090 4074 4087
f 4090 4008 3935
f 4090 4053 4008
f 4091 4087 4075
f 4091 4090 4087
f 4091 4075 4053
f 4053 4090 4091
f 4092 4093 4094
f 4095 4096 4097
f 4098 4099 4100
f 4101 4102 4103
f 4104 4105 4106
f 4107 4108 4109
f 4110 4111 4112
f 4113 4114 4115
f 4116 4117 4118
f 4119 4120 4121
f 4122 4123 4124
f 4124 4125 4093
f 4097 4096 4126
f 4126 4096 4127
f 4096 4128 4127
f 4127 4126 4129
f 4130 4131 4132
f 4130 4132 4133
f 4132 4134 4133
f 4135 4136 4137
f 4135 4137 4138
f 4137 4136 4139
f 4139 4136 4140
f 4139 4140 4141
f 4141 4140 4142
f 4142 4140 4143
f 4139 4141 4137
f 4144 4145 4143
f 4143 4145 4142
f 4145 4146 4142
f 4142 4146 4147
f 4147 4146 4148
f 4147 4148 4142
f 4148 4149 4142
f 4142 4149 4141
f 4141 4149 4150
f 4141 4150 4137
f 4137 4150 4138
f 4138 4150 4151
f 4151 4150 4132
f 4150 4134 4132
f 4134 4150 4133
f 4146 4152 4148
f 4148 4152 4153
f 4148 4153 4099
f 4099 4153 4154
f 4138 4151 4135
f 4135 4151 4131
f 4151 4132 4131
f 4155 4156 4157
f 4155 4158 4156
f 4156 4158 4144
f 4156 4144 4159
f 4159 4144 4143
f 4144 4158 4145
f 4159 4143 4160
f 4160 4143 4140
f 4160 4140 4136
f 4160 4136 4135
f 4135 4131 4160
f 4160 4131 4161
f 4131 4130 4161
f 4161 4130 4133
f 4160 4161 4162
f 4162 4161 4163
f 4163 4161 4149
f 4149 4161 4150
f 4150 4161 4133
f 4159 4164 4156
f 4156 4164 4165
f 4165 4164 4099
f 4099 4164 4166
f 4166 4164 4167
f 4100 4099 4154
f 4162 4163 4149
f 4162 4149 4168
f 4168 4163 4162
f 4154 4155 4157
f 4155 4154 4153
f 4155 4153 4158
f 4158 4153 4152
f 4158 4152 4146
f 4146 4145 4158
f 4154 4157 4100
f 4100 4157 4098
f 4098 4157 4156
f 4098 4156 4099
f 4099 4156 4165
f 4148 4099 4166
f 4148 4169 4149
f 4164 4170 4167
f 4167 4170 4166
f 4159 4160 4164
f 4171 4172 4173
f 4173 4172 4174
f 4174 4172 4175
f 4175 4172 4176
f 4175 4176 4177
f 4177 4176 4178
f 4173 4179 4171
f 4180 4181 4182
f 4180 4182 4183
f 4180 4183 4184
f 4184 4185 4180
f 4180 4185 4186
f 4180 4186 4187
f 4180 4187 4188
f 4188 4187 4189
f 4189 4187 4186
f 4189 4186 4190
f 4190 4186 4191
f 4189 4192 4188
f 4188 4192 4180
f 4180 4192 4181
f 4181 4192 4189
f 4181 4189 4190
f 4190 4191 4181
f 4181 4191 4193
f 4181 4193 4194
f 4194 4193 4195
f 4194 4195 4176
f 4176 4195 4196
f 4176 4196 4178
f 4194 4197 4181
f 4181 4197 4183
f 4181 4183 4182
f 4191 4198 4193
f 4186 4199 4191
f 4191 4199 4198
f 4198 4199 4200
f 4198 4200 4193
f 4193 4200 4195
f 4186 4185 4199
f 4199 4185 4200
f 4200 4185 4201
f 4201 4185 4202
f 4201 4202 4203
f 4204 4203 4205
f 4205 4203 4206
f 4205 4206 4207
f 4206 4179 4207
f 4203 4202 4206
f 4206 4202 4208
f 4206 4208 4172
f 4172 4208 4176
f 4176 4208 4209
f 4203 4204 4196
f 4196 4204 4178
f 4195 4200 4201
f 4195 4201 4203
f 4195 4203 4196
f 4179 4210 4207
f 4179 4206 4171
f 4171 4206 4172
f 4176 4208 4211
f 4211 4208 4209
f 4178 4204 4205
f 4194 4176 4197
f 4184 4183 4185
f 4202 4185 4212
f 4202 4212 4213
f 4103 4102 4214
f 4103 4214 4215
f 4215 4214 4216
f 4215 4216 4217
f 4217 4216 4218
f 4109 4108 4106
f 4219 4220 4107
f 4221 4222 4223
f 4222 4224 4225
f 4224 4225 4226
f 4226 4225 4219
f 4226 4219 4227
f 4227 4219 4228
f 4227 4228 4109
f 4109 4228 4106
f 4109 4228 4107
f 4107 4228 4219
f 4219 4225 4220
f 4220 4225 4224
f 4229 4108 4107
f 4108 4230 4106
f 4106 4230 4104
f 4104 4230 4105
f 4105 4230 4231
f 4105 4231 4232
f 4232 4231 4233
f 4234 4235 4236
f 4235 4236 4237
f 4237 4236 4238
f 4237 4238 4239
f 4239 4238 4240
f 4239 4240 4241
f 4241 4240 4242
f 4241 4242 4243
f 4243 4242 4244
f 4243 4244 4245
f 4243 4244 4241
f 4244 4242 4241
f 4246 4234 4247
f 4247 4234 4248
f 4247 4248 4249
f 4249 4248 4250
f 4249 4250 4251
f 4251 4250 4252
f 4250 4253 4252
f 4252 4253 4254
f 4253 4255 4254
f 4254 4255 4256
f 4255 4257 4256
f 4256 4257 4258
f 4256 4258 4259
f 4246 4247 4260
f 4260 4247 4261
f 4260 4261 4262
f 4262 4263 4260
f 4260 4263 4264
f 4263 4265 4264
f 4264 4265 4266
f 4265 4267 4266
f 4266 4267 4268
f 4267 4269 4268
f 4268 4269 4270
f 4269 4271 4270
f 4270 4271 4272
f 4270 4272 4273
f 4273 4272 4274
f 4273 4274 4275
f 4275 4274 4276
f 4275 4276 4277
f 4277 4276 4278
f 4277 4278 4279
f 4279 4278 4280
f 4279 4280 4281
f 4281 4280 4282
f 4280 4283 4282
f 4282 4283 4259
f 4283 4284 4259
f 4259 4284 4256
f 4284 4285 4256
f 4256 4285 4286
f 4256 4286 4254
f 4254 4286 4287
f 4254 4287 4252
f 4252 4287 4288
f 4252 4288 4251
f 4251 4288 4289
f 4251 4289 4249
f 4249 4289 4261
f 4249 4261 4247
f 4246 4260 4234
f 4234 4260 4235
f 4260 4264 4235
f 4235 4264 4237
f 4264 4266 4237
f 4237 4266 4239
f 4266 4268 4239
f 4239 4268 4270
f 4239 4270 4241
f 4241 4270 4273
f 4241 4273 4244
f 4244 4273 4275
f 4244 4275 4245
f 4245 4290 4291
f 4290 4291 4292
f 4292 4291 4293
f 4292 4293 4294
f 4294 4293 4295
f 4294 4295 4296
f 4275 4277 4245
f 4245 4277 4290
f 4290 4277 4292
f 4292 4277 4279
f 4292 4279 4294
f 4294 4279 4281
f 4294 4281 4282
f 4294 4282 4296
f 4296 4282 4259
f 4296 4259 4258
f 4258 4257 4297
f 4257 4255 4297
f 4297 4255 4298
f 4297 4298 4257
f 4257 4298 4255
f 4274 4272 4299
f 4299 4272 4300
f 4299 4300 4301
f 4301 4300 4302
f 4302 4300 4303
f 4303 4300 4304
f 4304 4300 4305
f 4305 4300 4306
f 4305 4306 4307
f 4307 4306 4308
f 4272 4271 4300
f 4300 4271 4306
f 4271 4269 4306
f 4306 4269 4309
f 4306 4309 4308
f 4308 4309 4310
f 4310 4309 4311
f 4311 4309 4312
f 4311 4312 4313
f 4313 4312 4314
f 4313 4314 4315
f 4315 4314 4316
f 4315 4316 4317
f 4316 4314 4262
f 4262 4314 4263
f 4263 4314 4265
f 4265 4314 4312
f 4265 4312 4267
f 4267 4312 4309
f 4267 4309 4269
f 4262 4261 4316
f 4316 4261 4318
f 4316 4318 4317
f 4317 4318 4319
f 4319 4318 4320
f 4320 4318 4321
f 4320 4321 4322
f 4322 4321 4323
f 4322 4323 4324
f 4324 4323 4325
f 4324 4325 4326
f 4326 4325 4327
f 4261 4289 4318
f 4318 4289 4321
f 4289 4288 4321
f 4321 4288 4323
f 4288 4287 4323
f 4323 4287 4325
f 4287 4286 4325
f 4325 4286 4328
f 4325 4328 4327
f 4327 4328 4329
f 4329 4328 4330
f 4330 4328 4331
f 4330 4331 4332
f 4332 4331 4333
f 4333 4331 4334
f 4331 4328 4284
f 4284 4328 4285
f 4328 4286 4285
f 4284 4283 4331
f 4331 4283 4335
f 4331 4335 4334
f 4334 4335 4336
f 4336 4335 4337
f 4337 4335 4338
f 4337 4338 4339
f 4339 4338 4278
f 4339 4278 4276
f 4278 4338 4280
f 4280 4338 4335
f 4280 4335 4283
f 4337 4339 4340
f 4340 4339 4341
f 4340 4341 4342
f 4342 4341 4299
f 4342 4299 4301
f 4299 4341 4274
f 4274 4341 4276
f 4339 4276 4341
f 4304 4305 4303
f 4303 4305 4307
f 4303 4307 4343
f 4343 4307 4344
f 4343 4344 4345
f 4345 4344 4346
f 4345 4346 4347
f 4347 4346 4348
f 4347 4348 4349
f 4349 4348 4350
f 4349 4350 4351
f 4349 4351 4223
f 4349 4223 4352
f 4349 4352 4347
f 4347 4352 4353
f 4347 4353 4354
f 4347 4354 4345
f 4345 4354 4355
f 4345 4355 4343
f 4343 4355 4356
f 4343 4356 4303
f 4303 4356 4302
f 4301 4302 4356
f 4223 4351 4357
f 4357 4351 4233
f 4350 4348 4358
f 4358 4348 4359
f 4359 4348 4360
f 4360 4348 4361
f 4361 4348 4362
f 4362 4348 4363
f 4362 4363 4364
f 4364 4363 4365
f 4364 4365 4112
f 4112 4365 4366
f 4365 4363 4367
f 4367 4363 4368
f 4308 4310 4307
f 4307 4310 4344
f 4369 4110 4365
f 4365 4110 4366
f 4366 4110 4112
f 4365 4367 4369
f 4369 4367 4368
f 4368 4370 4369
f 4369 4370 4371
f 4110 4362 4112
f 4112 4362 4364
f 4362 4360 4361
f 4360 4358 4359
f 4358 4372 4350
f 4350 4372 4373
f 4374 4375 4376
f 4374 4377 4378
f 4374 4378 4379
f 4374 4376 4377
f 4377 4376 4378
f 4376 4375 4378
f 4378 4375 4380
f 4375 4381 4380
f 4380 4381 4382
f 4375 4382 4381
f 4382 4379 4380
f 4380 4379 4378
f 4112 4111 4383
f 4383 4111 4366
f 4112 4384 4110
f 4110 4384 4385
f 4110 4385 4386
f 4111 4386 4366
f 4366 4386 4387
f 4387 4386 4385
f 4366 4387 4383
f 4383 4387 4112
f 4112 4387 4384
f 4384 4387 4385
f 4388 4389 4390
f 4390 4389 4391
f 4392 4393 4388
f 4389 4394 4391
f 4391 4394 4395
f 4395 4394 4396
f 4391 4395 4390
f 4390 4395 4388
f 4395 4396 4388
f 4162 4397 4160
f 4351 4350 4373
f 4351 4373 4372
f 4372 4398 4399
f 4400 4371 4401
f 4401 4371 4402
f 4402 4371 4370
f 4401 4403 4400
f 4400 4403 4404
f 4398 4404 4405
f 4398 4405 4399
f 4399 4405 4404
f 4399 4404 4406
f 4406 4404 4407
f 4406 4407 4408
f 4408 4407 4320
f 4408 4320 4322
f 4322 4324 4408
f 4408 4324 4409
f 4408 4409 4406
f 4406 4409 4410
f 4406 4410 4411
f 4411 4410 4412
f 4411 4412 4105
f 4105 4232 4411
f 4411 4232 4233
f 4411 4233 4351
f 4351 4372 4411
f 4411 4372 4406
f 4372 4399 4406
f 4412 4410 4413
f 4413 4410 4414
f 4413 4414 4415
f 4415 4414 4416
f 4410 4409 4414
f 4414 4409 4417
f 4414 4417 4418
f 4418 4417 4327
f 4418 4327 4329
f 4329 4330 4418
f 4418 4330 4332
f 4418 4332 4419
f 4419 4332 4333
f 4419 4333 4334
f 4419 4416 4418
f 4418 4416 4414
f 4327 4417 4326
f 4326 4417 4324
f 4409 4324 4417
f 4420 4421 4422
f 4423 4420 4422
f 4423 4424 4421
f 4423 4422 4424
f 4424 4422 4421
f 4388 4396 4392
f 4396 4425 4392
f 4392 4425 4393
f 4394 4393 4396
f 4396 4393 4425
f 4426 4427 4428
f 4428 4427 4429
f 4426 4430 4431
f 4427 4432 4429
f 4429 4432 4433
f 4433 4432 4434
f 4429 4433 4428
f 4428 4433 4426
f 4433 4434 4426
f 4426 4434 4430
f 4434 4435 4430
f 4430 4435 4431
f 4432 4431 4434
f 4434 4431 4435
f 4436 4437 4124
f 4124 4437 4438
f 4124 4438 4122
f 4436 4124 4093
f 4436 4093 4439
f 4439 4093 4092
f 4439 4092 4440
f 4440 4092 4094
f 4440 4094 4441
f 4441 4094 4123
f 4441 4123 4438
f 4438 4123 4122
f 4438 4437 4123
f 4123 4437 4436
f 4123 4436 4124
f 4438 4123 4442
f 4442 4123 4094
f 4442 4094 4441
f 4441 4094 4092
f 4441 4092 4440
f 4440 4092 4093
f 4440 4093 4439
f 4439 4093 4125
f 4439 4125 4443
f 4443 4125 4436
f 4436 4125 4124
f 4437 4438 4436
f 4436 4438 4442
f 4436 4442 4443
f 4443 4442 4441
f 4443 4441 4439
f 4439 4441 4440
f 4444 4440 4445
f 4445 4440 4446
f 4445 4446 4447
f 4445 4447 4444
f 4444 4447 4448
f 4448 4447 4446
f 4448 4446 4444
f 4444 4446 4449
f 4444 4449 4401
f 4401 4449 4450
f 4450 4449 4451
f 4451 4449 4407
f 4449 4446 4407
f 4407 4446 4441
f 4441 4446 4440
f 4440 4402 4439
f 4439 4402 4436
f 4402 4370 4436
f 4436 4370 4437
f 4437 4370 4438
f 4438 4370 4368
f 4368 4363 4438
f 4438 4363 4407
f 4438 4407 4441
f 4440 4444 4402
f 4444 4401 4402
f 4450 4452 4401
f 4401 4452 4403
f 4403 4452 4453
f 4453 4454 4403
f 4403 4454 4404
f 4446 4447 4449
f 4447 4095 4449
f 4126 4450 4097
f 4097 4450 4452
f 4450 4126 4454
f 4454 4126 4127
f 4454 4127 4453
f 4453 4127 4129
f 4453 4129 4097
f 4453 4097 4452
f 4454 4453 4452
f 4454 4452 4450
f 4454 4127 4455
f 4127 4128 4455
f 4455 4128 4456
f 4129 4453 4452
f 4129 4452 4097
f 4454 4455 4456
f 4454 4456 4404
f 4404 4456 4407
f 4407 4456 4451
f 4451 4456 4450
f 4450 4456 4455
f 4096 4456 4128
f 4456 4096 4455
f 4096 4126 4455
f 4455 4126 4450
f 4096 4451 4126
f 4126 4451 4450
f 4095 4097 4451
f 4451 4097 4450
f 4095 4451 4096
f 4197 4176 4407
f 4197 4407 4183
f 4407 4363 4183
f 4183 4363 4184
f 4184 4363 4185
f 4185 4363 4212
f 4212 4363 4213
f 4213 4363 4202
f 4363 4457 4202
f 4202 4457 4317
f 4202 4317 4319
f 4202 4319 4208
f 4208 4319 4209
f 4209 4319 4211
f 4211 4319 4320
f 4211 4320 4176
f 4176 4320 4407
f 4234 4248 4458
f 4248 4458 4250
f 4250 4458 4459
f 4250 4459 4253
f 4253 4459 4460
f 4253 4460 4255
f 4255 4460 4298
f 4334 4336 4419
f 4419 4336 4461
f 4419 4461 4416
f 4416 4461 4415
f 4336 4337 4461
f 4461 4337 4462
f 4461 4462 4463
f 4463 4462 4464
f 4463 4464 4106
f 4106 4464 4109
f 4109 4464 4227
f 4227 4464 4465
f 4227 4465 4226
f 4226 4465 4224
f 4106 4104 4463
f 4463 4104 4412
f 4463 4412 4413
f 4412 4104 4105
f 4413 4415 4463
f 4463 4415 4461
f 4337 4340 4462
f 4462 4340 4466
f 4462 4466 4464
f 4464 4466 4465
f 4301 4356 4342
f 4342 4356 4467
f 4342 4467 4340
f 4340 4467 4466
f 4355 4354 4356
f 4356 4354 4467
f 4353 4352 4354
f 4354 4352 4468
f 4354 4468 4467
f 4467 4468 4466
f 4466 4468 4465
f 4465 4468 4224
f 4224 4468 4222
f 4222 4468 4221
f 4221 4468 4223
f 4223 4468 4352
f 4115 4114 4234
f 4115 4234 4235
f 4115 4235 4469
f 4469 4235 4237
f 4469 4237 4470
f 4470 4237 4239
f 4470 4239 4471
f 4471 4239 4241
f 4471 4241 4472
f 4472 4241 4473
f 4241 4244 4473
f 4473 4244 4474
f 4474 4244 4475
f 4475 4244 4245
f 4475 4245 4476
f 4476 4245 4290
f 4476 4290 4477
f 4477 4290 4292
f 4477 4292 4478
f 4478 4292 4294
f 4478 4294 4479
f 4479 4294 4480
f 4294 4296 4480
f 4480 4296 4481
f 4296 4258 4481
f 4481 4258 4482
f 4258 4257 4482
f 4482 4257 4483
f 4257 4255 4483
f 4483 4255 4484
f 4484 4255 4485
f 4485 4255 4253
f 4485 4253 4486
f 4486 4253 4487
f 4253 4250 4487
f 4487 4250 4488
f 4250 4248 4488
f 4488 4248 4114
f 4114 4248 4234
f 4113 4115 4489
f 4489 4115 4490
f 4489 4490 4491
f 4491 4490 4492
f 4118 4117 4493
f 4118 4493 4494
f 4494 4493 4495
f 4494 4495 4496
f 4496 4495 4497
f 4496 4497 4498
f 4498 4497 4499
f 4498 4499 4500
f 4499 4497 4501
f 4501 4497 4495
f 4501 4495 4502
f 4502 4495 4493
f 4118 4494 4481
f 4481 4494 4480
f 4494 4496 4480
f 4480 4496 4479
f 4121 4120 4503
f 4121 4503 4504
f 4504 4503 4505
f 4504 4505 4506
f 4506 4505 4500
f 4500 4505 4498
f 4498 4505 4507
f 4498 4507 4496
f 4496 4507 4479
f 4479 4507 4478
f 4478 4507 4477
f 4505 4503 4507
f 4507 4503 4477
f 4477 4503 4476
f 4476 4503 4120
f 4476 4120 4475
f 4475 4120 4508
f 4475 4508 4474
f 4474 4508 4473
f 4120 4119 4508
f 4508 4119 4509
f 4508 4509 4473
f 4473 4509 4510
f 4473 4510 4472
f 4472 4510 4471
f 4119 4121 4509
f 4509 4121 4511
f 4509 4511 4510
f 4510 4511 4512
f 4510 4512 4471
f 4471 4512 4513
f 4471 4513 4470
f 4470 4513 4469
f 4121 4504 4511
f 4511 4504 4514
f 4511 4514 4512
f 4512 4514 4515
f 4512 4515 4513
f 4513 4515 4516
f 4513 4516 4469
f 4469 4516 4115
f 4115 4516 4490
f 4490 4516 4517
f 4490 4517 4492
f 4492 4517 4518
f 4518 4517 4519
f 4519 4517 4520
f 4519 4520 4499
f 4499 4520 4500
f 4500 4520 4506
f 4506 4520 4514
f 4506 4514 4504
f 4514 4520 4515
f 4515 4520 4517
f 4515 4517 4516
f 4499 4501 4519
f 4519 4501 4521
f 4519 4521 4518
f 4518 4521 4492
f 4501 4502 4521
f 4521 4502 4522
f 4521 4522 4523
f 4523 4522 4524
f 4523 4524 4525
f 4525 4524 4486
f 4525 4486 4487
f 4487 4488 4525
f 4525 4488 4526
f 4525 4526 4523
f 4523 4526 4527
f 4523 4527 4521
f 4521 4527 4492
f 4492 4527 4491
f 4491 4527 4489
f 4488 4114 4526
f 4526 4114 4528
f 4526 4528 4527
f 4527 4528 4489
f 4489 4528 4113
f 4113 4528 4114
f 4502 4493 4522
f 4522 4493 4117
f 4522 4117 4529
f 4529 4117 4116
f 4529 4116 4530
f 4530 4116 4118
f 4530 4118 4531
f 4531 4118 4481
f 4531 4481 4482
f 4482 4483 4531
f 4531 4483 4484
f 4531 4484 4530
f 4530 4484 4532
f 4530 4532 4529
f 4529 4532 4524
f 4529 4524 4522
f 4524 4532 4486
f 4486 4532 4485
f 4484 4485 4532
f 4344 4310 4533
f 4533 4310 4311
f 4533 4311 4313
f 4344 4533 4346
f 4346 4533 4534
f 4346 4534 4348
f 4348 4534 4363
f 4363 4534 4457
f 4457 4534 4164
f 4457 4164 4317
f 4317 4164 4159
f 4317 4159 4160
f 4160 4397 4317
f 4317 4397 4162
f 4317 4162 4315
f 4315 4162 4163
f 4315 4163 4168
f 4315 4168 4313
f 4313 4168 4149
f 4164 4534 4170
f 4170 4534 4167
f 4167 4534 4166
f 4166 4534 4148
f 4148 4534 4169
f 4169 4534 4149
f 4149 4534 4313
f 4533 4313 4534
f 4535 4220 4536
f 4220 4224 4536
f 4536 4224 4222
f 4536 4222 4221
f 4536 4221 4537
f 4537 4221 4223
f 4537 4223 4357
f 4357 4233 4537
f 4537 4233 4231
f 4536 4537 4538
f 4538 4537 4539
f 4537 4231 4539
f 4539 4231 4540
f 4231 4230 4540
f 4541 4230 4108
f 4541 4108 4229
f 4229 4107 4219
f 4229 4219 4542
f 4542 4219 4220
f 4542 4220 4535
f 4538 4535 4536
f 4205 4177 4178
f 4174 4175 4207
f 4207 4175 4205
f 4205 4175 4177
f 4173 4174 4207
f 4173 4207 4210
f 4210 4179 4173
f 4389 4388 4374
f 4374 4388 4358
f 4374 4358 4360
f 4374 4360 4375
f 4375 4360 4382
f 4360 4362 4382
f 4382 4362 4110
f 4382 4110 4379
f 4379 4110 4111
f 4110 4369 4111
f 4111 4369 4371
f 4111 4371 4386
f 4386 4371 4394
f 4386 4394 4389
f 4386 4389 4110
f 4110 4389 4379
f 4389 4374 4379
f 4371 4427 4394
f 4394 4427 4393
f 4427 4426 4393
f 4393 4426 4423
f 4393 4423 4421
f 4393 4421 4388
f 4388 4421 4358
f 4421 4420 4358
f 4358 4420 4372
f 4372 4420 4398
f 4398 4420 4426
f 4398 4426 4431
f 4426 4420 4423
f 4398 4431 4404
f 4404 4431 4400
f 4431 4432 4400
f 4400 4432 4427
f 4400 4427 4371
f 4218 4539 4217
f 4217 4539 4540
f 4217 4540 4215
f 4215 4540 4230
f 4215 4230 4103
f 4103 4230 4541
f 4103 4541 4101
f 4101 4541 4229
f 4101 4229 4102
f 4102 4229 4542
f 4102 4542 4214
f 4214 4542 4535
f 4214 4535 4216
f 4216 4535 4538
f 4216 4538 4218
f 4218 4538 4539
f 4543 4544 4545
f 4546 4547 4548
f 4549 4550 4551
f 4552 4553 4554
f 4555 4556 4557
f 4558 4559 4560
f 4561 4562 4563
f 4564 4565 4566
f 4567 4568 4569
f 4570 4571 4572
f 4573 4574 4575
f 4575 4576 4544
f 4548 4547 4577
f 4577 4547 4578
f 4547 4579 4578
f 4578 4577 4580
f 4581 4582 4583
f 4581 4583 4584
f 4583 4585 4584
f 4586 4587 4588
f 4586 4588 4589
f 4588 4587 4590
f 4590 4587 4591
f 4590 4591 4592
f 4592 4591 4593
f 4593 4591 4594
f 4590 4592 4588
f 4595 4596 4594
f 4594 4596 4593
f 4596 4597 4593
f 4593 4597 4598
f 4598 4597 4599
f 4598 4599 4593
f 4599 4600 4593
f 4593 4600 4592
f 4592 4600 4601
f 4592 4601 4588
f 4588 4601 4589
f 4589 4601 4602
f 4602 4601 4583
f 4601 4585 4583
f 4585 4601 4584
f 4597 4603 4599
f 4599 4603 4604
f 4599 4604 4550
f 4550 4604 4605
f 4589 4602 4586
f 4586 4602 4582
f 4602 4583 4582
f 4606 4607 4608
f 4606 4609 4607
f 4607 4609 4595
f 4607 4595 4610
f 4610 4595 4594
f 4595 4609 4596
f 4610 4594 4611
f 4611 4594 4591
f 4611 4591 4587
f 4611 4587 4586
f 4586 4582 4611
f 4611 4582 4612
f 4582 4581 4612
f 4612 4581 4584
f 4611 4612 4613
f 4613 4612 4614
f 4614 4612 4600
f 4600 4612 4601
f 4601 4612 4584
f 4610 4615 4607
f 4607 4615 4616
f 4616 4615 4550
f 4550 4615 4617
f 4617 4615 4618
f 4551 4550 4605
f 4613 4614 4600
f 4613 4600 4619
f 4619 4614 4613
f 4605 4606 4608
f 4606 4605 4604
f 4606 4604 4609
f 4609 4604 4603
f 4609 4603 4597
f 4597 4596 4609
f 4605 4608 4551
f 4551 4608 4549
f 4549 4608 4607
f 4549 4607 4550
f 4550 4607 4616
f 4599 4550 4617
f 4599 4620 4600
f 4615 4621 4618
f 4618 4621 4617
f 4610 4611 4615
f 4622 4623 4624
f 4624 4623 4625
f 4625 4623 4626
f 4626 4623 4627
f 4626 4627 4628
f 4628 4627 4629
f 4624 4630 4622
f 4631 4632 4633
f 4631 4633 4634
f 4631 4634 4635
f 4635 4636 4631
f 4631 4636 4637
f 4631 4637 4638
f 4631 4638 4639
f 4639 4638 4640
f 4640 4638 4637
f 4640 4637 4641
f 4641 4637 4642
f 4640 4643 4639
f 4639 4643 4631
f 4631 4643 4632
f 4632 4643 4640
f 4632 4640 4641
f 4641 4642 4632
f 4632 4642 4644
f 4632 4644 4645
f 4645 4644 4646
f 4645 4646 4627
f 4627 4646 4647
f 4627 4647 4629
f 4645 4648 4632
f 4632 4648 4634
f 4632 4634 4633
f 4642 4649 4644
f 4637 4650 4642
f 4642 4650 4649
f 4649 4650 4651
f 4649 4651 4644
f 4644 4651 4646
f 4637 4636 4650
f 4650 4636 4651
f 4651 4636 4652
f 4652 4636 4653
f 4652 4653 4654
f 4655 4654 4656
f 4656 4654 4657
f 4656 4657 4658
f 4657 4630 4658
f 4654 4653 4657
f 4657 4653 4659
f 4657 4659 4623
f 4623 4659 4627
f 4627 4659 4660
f 4654 4655 4647
f 4647 4655 4629
f 4646 4651 4652
f 4646 4652 4654
f 4646 4654 4647
f 4630 4661 4658
f 4630 4657 4622
f 4622 4657 4623
f 4627 4659 4662
f 4662 4659 4660
f 4629 4655 4656
f 4645 4627 4648
f 4635 4634 4636
f 4653 4636 4663
f 4653 4663 4664
f 4554 4553 4665
f 4554 4665 4666
f 4666 4665 4667
f 4666 4667 4668
f 4668 4667 4669
f 4560 4559 4557
f 4670 4671 4558
f 4672 4673 4674
f 4673 4675 4676
f 4675 4676 4677
f 4677 4676 4670
f 4677 4670 4678
f 4678 4670 4679
f 4678 4679 4560
f 4560 4679 4557
f 4560 4679 4558
f 4558 4679 4670
f 4670 4676 4671
f 4671 4676 4675
f 4680 4559 4558
f 4559 4681 4557
f 4557 4681 4555
f 4555 4681 4556
f 4556 4681 4682
f 4556 4682 4683
f 4683 4682 4684
f 4685 4686 4687
f 4686 4687 4688
f 4688 4687 4689
f 4688 4689 4690
f 4690 4689 4691
f 4690 4691 4692
f 4692 4691 4693
f 4692 4693 4694
f 4694 4693 4695
f 4694 4695 4696
f 4694 4695 4692
f 4695 4693 4692
f 4697 4685 4698
f 4698 4685 4699
f 4698 4699 4700
f 4700 4699 4701
f 4700 4701 4702
f 4702 4701 4703
f 4701 4704 4703
f 4703 4704 4705
f 4704 4706 4705
f 4705 4706 4707
f 4706 4708 4707
f 4707 4708 4709
f 4707 4709 4710
f 4697 4698 4711
f 4711 4698 4712
f 4711 4712 4713
f 4713 4714 4711
f 4711 4714 4715
f 4714 4716 4715
f 4715 4716 4717
f 4716 4718 4717
f 4717 4718 4719
f 4718 4720 4719
f 4719 4720 4721
f 4720 4722 4721
f 4721 4722 4723
f 4721 4723 4724
f 4724 4723 4725
f 4724 4725 4726
f 4726 4725 4727
f 4726 4727 4728
f 4728 4727 4729
f 4728 4729 4730
f 4730 4729 4731
f 4730 4731 4732
f 4732 4731 4733
f 4731 4734 4733
f 4733 4734 4710
f 4734 4735 4710
f 4710 4735 4707
f 4735 4736 4707
f 4707 4736 4737
f 4707 4737 4705
f 4705 4737 4738
f 4705 4738 4703
f 4703 4738 4739
f 4703 4739 4702
f 4702 4739 4740
f 4702 4740 4700
f 4700 4740 4712
f 4700 4712 4698
f 4697 4711 4685
f 4685 4711 4686
f 4711 4715 4686
f 4686 4715 4688
f 4715 4717 4688
f 4688 4717 4690
f 4717 4719 4690
f 4690 4719 4721
f 4690 4721 4692
f 4692 4721 4724
f 4692 4724 4695
f 4695 4724 4726
f 4695 4726 4696
f 4696 4741 4742
f 4741 4742 4743
f 4743 4742 4744
f 4743 4744 4745
f 4745 4744 4746
f 4745 4746 4747
f 4726 4728 4696
f 4696 4728 4741
f 4741 4728 4743
f 4743 4728 4730
f 4743 4730 4745
f 4745 4730 4732
f 4745 4732 4733
f 4745 4733 4747
f 4747 4733 4710
f 4747 4710 4709
f 4709 4708 4748
f 4708 4706 4748
f 4748 4706 4749
f 4748 4749 4708
f 4708 4749 4706
f 4725 4723 4750
f 4750 4723 4751
f 4750 4751 4752
f 4752 4751 4753
f 4753 4751 4754
f 4754 4751 4755
f 4755 4751 4756
f 4756 4751 4757
f 4756 4757 4758
f 4758 4757 4759
f 4723 4722 4751
f 4751 4722 4757
f 4722 4720 4757
f 4757 4720 4760
f 4757 4760 4759
f 4759 4760 4761
f 4761 4760 4762
f 4762 4760 4763
f 4762 4763 4764
f 4764 4763 4765
f 4764 4765 4766
f 4766 4765 4767
f 4766 4767 4768
f 4767 4765 4713
f 4713 4765 4714
f 4714 4765 4716
f 4716 4765 4763
f 4716 4763 4718
f 4718 4763 4760
f 4718 4760 4720
f 4713 4712 4767
f 4767 4712 4769
f 4767 4769 4768
f 4768 4769 4770
f 4770 4769 4771
f 4771 4769 4772
f 4771 4772 4773
f 4773 4772 4774
f 4773 4774 4775
f 4775 4774 4776
f 4775 4776 4777
f 4777 4776 4778
f 4712 4740 4769
f 4769 4740 4772
f 4740 4739 4772
f 4772 4739 4774
f 4739 4738 4774
f 4774 4738 4776
f 4738 4737 4776
f 4776 4737 4779
f 4776 4779 4778
f 4778 4779 4780
f 4780 4779 4781
f 4781 4779 4782
f 4781 4782 4783
f 4783 4782 4784
f 4784 4782 4785
f 4782 4779 4735
f 4735 4779 4736
f 4779 4737 4736
f 4735 4734 4782
f 4782 4734 4786
f 4782 4786 4785
f 4785 4786 4787
f 4787 4786 4788
f 4788 4786 4789
f 4788 4789 4790
f 4790 4789 4729
f 4790 4729 4727
f 4729 4789 4731
f 4731 4789 4786
f 4731 4786 4734
f 4788 4790 4791
f 4791 4790 4792
f 4791 4792 4793
f 4793 4792 4750
f 4793 4750 4752
f 4750 4792 4725
f 4725 4792 4727
f 4790 4727 4792
f 4755 4756 4754
f 4754 4756 4758
f 4754 4758 4794
f 4794 4758 4795
f 4794 4795 4796
f 4796 4795 4797
f 4796 4797 4798
f 4798 4797 4799
f 4798 4799 4800
f 4800 4799 4801
f 4800 4801 4802
f 4800 4802 4674
f 4800 4674 4803
f 4800 4803 4798
f 4798 4803 4804
f 4798 4804 4805
f 4798 4805 4796
f 4796 4805 4806
f 4796 4806 4794
f 4794 4806 4807
f 4794 4807 4754
f 4754 4807 4753
f 4752 4753 4807
f 4674 4802 4808
f 4808 4802 4684
f 4801 4799 4809
f 4809 4799 4810
f 4810 4799 4811
f 4811 4799 4812
f 4812 4799 4813
f 4813 4799 4814
f 4813 4814 4815
f 4815 4814 4816
f 4815 4816 4563
f 4563 4816 4817
f 4816 4814 4818
f 4818 4814 4819
f 4759 4761 4758
f 4758 4761 4795
f 4820 4561 4816
f 4816 4561 4817
f 4817 4561 4563
f 4816 4818 4820
f 4820 4818 4819
f 4819 4821 4820
f 4820 4821 4822
f 4561 4813 4563
f 4563 4813 4815
f 4813 4811 4812
f 4811 4809 4810
f 4809 4823 4801
f 4801 4823 4824
f 4825 4826 4827
f 4825 4828 4829
f 4825 4829 4830
f 4825 4827 4828
f 4828 4827 4829
f 4827 4826 4829
f 4829 4826 4831
f 4826 4832 4831
f 4831 4832 4833
f 4826 4833 4832
f 4833 4830 4831
f 4831 4830 4829
f 4563 4562 4834
f 4834 4562 4817
f 4563 4835 4561
f 4561 4835 4836
f 4561 4836 4837
f 4562 4837 4817
f 4817 4837 4838
f 4838 4837 4836
f 4817 4838 4834
f 4834 4838 4563
f 4563 4838 4835
f 4835 4838 4836
f 4839 4840 4841
f 4841 4840 4842
f 4843 4844 4839
f 4840 4845 4842
f 4842 4845 4846
f 4846 4845 4847
f 4842 4846 4841
f 4841 4846 4839
f 4846 4847 4839
f 4613 4848 4611
f 4802 4801 4824
f 4802 4824 4823
f 4823 4849 4850
f 4851 4822 4852
f 4852 4822 4853
f 4853 4822 4821
f 4852 4854 4851
f 4851 4854 4855
f 4849 4855 4856
f 4849 4856 4850
f 4850 4856 4855
f 4850 4855 4857
f 4857 4855 4858
f 4857 4858 4859
f 4859 4858 4771
f 4859 4771 4773
f 4773 4775 4859
f 4859 4775 4860
f 4859 4860 4857
f 4857 4860 4861
f 4857 4861 4862
f 4862 4861 4863
f 4862 4863 4556
f 4556 4683 4862
f 4862 4683 4684
f 4862 4684 4802
f 4802 4823 4862
f 4862 4823 4857
f 4823 4850 4857
f 4863 4861 4864
f 4864 4861 4865
f 4864 4865 4866
f 4866 4865 4867
f 4861 4860 4865
f 4865 4860 4868
f 4865 4868 4869
f 4869 4868 4778
f 4869 4778 4780
f 4780 4781 4869
f 4869 4781 4783
f 4869 4783 4870
f 4870 4783 4784
f 4870 4784 4785
f 4870 4867 4869
f 4869 4867 4865
f 4778 4868 4777
f 4777 4868 4775
f 4860 4775 4868
f 4871 4872 4873
f 4874 4871 4873
f 4874 4875 4872
f 4874 4873 4875
f 4875 4873 4872
f 4839 4847 4843
f 4847 4876 4843
f 4843 4876 4844
f 4845 4844 4847
f 4847 4844 4876
f 4877 4878 4879
f 4879 4878 4880
f 4877 4881 4882
f 4878 4883 4880
f 4880 4883 4884
f 4884 4883 4885
f 4880 4884 4879
f 4879 4884 4877
f 4884 4885 4877
f 4877 4885 4881
f 4885 4886 4881
f 4881 4886 4882
f 4883 4882 4885
f 4885 4882 4886
f 4887 4888 4575
f 4575 4888 4889
f 4575 4889 4573
f 4887 4575 4544
f 4887 4544 4890
f 4890 4544 4543
f 4890 4543 4891
f 4891 4543 4545
f 4891 4545 4892
f 4892 4545 4574
f 4892 4574 4889
f 4889 4574 4573
f 4889 4888 4574
f 4574 4888 4887
f 4574 4887 4575
f 4889 4574 4893
f 4893 4574 4545
f 4893 4545 4892
f 4892 4545 4543
f 4892 4543 4891
f 4891 4543 4544
f 4891 4544 4890
f 4890 4544 4576
f 4890 4576 4894
f 4894 4576 4887
f 4887 4576 4575
f 4888 4889 4887
f 4887 4889 4893
f 4887 4893 4894
f 4894 4893 4892
f 4894 4892 4890
f 4890 4892 4891
f 4895 4891 4896
f 4896 4891 4897
f 4896 4897 4898
f 4896 4898 4895
f 4895 4898 4899
f 4899 4898 4897
f 4899 4897 4895
f 4895 4897 4900
f 4895 4900 4852
f 4852 4900 4901
f 4901 4900 4902
f 4902 4900 4858
f 4900 4897 4858
f 4858 4897 4892
f 4892 4897 4891
f 4891 4853 4890
f 4890 4853 4887
f 4853 4821 4887
f 4887 4821 4888
f 4888 4821 4889
f 4889 4821 4819
f 4819 4814 4889
f 4889 4814 4858
f 4889 4858 4892
f 4891 4895 4853
f 4895 4852 4853
f 4901 4903 4852
f 4852 4903 4854
f 4854 4903 4904
f 4904 4905 4854
f 4854 4905 4855
f 4897 4898 4900
f 4898 4546 4900
f 4577 4901 4548
f 4548 4901 4903
f 4901 4577 4905
f 4905 4577 4578
f 4905 4578 4904
f 4904 4578 4580
f 4904 4580 4548
f 4904 4548 4903
f 4905 4904 4903
f 4905 4903 4901
f 4905 4578 4906
f 4578 4579 4906
f 4906 4579 4907
f 4580 4904 4903
f 4580 4903 4548
f 4905 4906 4907
f 4905 4907 4855
f 4855 4907 4858
f 4858 4907 4902
f 4902 4907 4901
f 4901 4907 4906
f 4547 4907 4579
f 4907 4547 4906
f 4547 4577 4906
f 4906 4577 4901
f 4547 4902 4577
f 4577 4902 4901
f 4546 4548 4902
f 4902 4548 4901
f 4546 4902 4547
f 4648 4627 4858
f 4648 4858 4634
f 4858 4814 4634
f 4634 4814 4635
f 4635 4814 4636
f 4636 4814 4663
f 4663 4814 4664
f 4664 4814 4653
f 4814 4908 4653
f 4653 4908 4768
f 4653 4768 4770
f 4653 4770 4659
f 4659 4770 4660
f 4660 4770 4662
f 4662 4770 4771
f 4662 4771 4627
f 4627 4771 4858
f 4685 4699 4909
f 4699 4909 4701
f 4701 4909 4910
f 4701 4910 4704
f 4704 4910 4911
f 4704 4911 4706
f 4706 4911 4749
f 4785 4787 4870
f 4870 4787 4912
f 4870 4912 4867
f 4867 4912 4866
f 4787 4788 4912
f 4912 4788 4913
f 4912 4913 4914
f 4914 4913 4915
f 4914 4915 4557
f 4557 4915 4560
f 4560 4915 4678
f 4678 4915 4916
f 4678 4916 4677
f 4677 4916 4675
f 4557 4555 4914
f 4914 4555 4863
f 4914 4863 4864
f 4863 4555 4556
f 4864 4866 4914
f 4914 4866 4912
f 4788 4791 4913
f 4913 4791 4917
f 4913 4917 4915
f 4915 4917 4916
f 4752 4807 4793
f 4793 4807 4918
f 4793 4918 4791
f 4791 4918 4917
f 4806 4805 4807
f 4807 4805 4918
f 4804 4803 4805
f 4805 4803 4919
f 4805 4919 4918
f 4918 4919 4917
f 4917 4919 4916
f 4916 4919 4675
f 4675 4919 4673
f 4673 4919 4672
f 4672 4919 4674
f 4674 4919 4803
f 4566 4565 4685
f 4566 4685 4686
f 4566 4686 4920
f 4920 4686 4688
f 4920 4688 4921
f 4921 4688 4690
f 4921 4690 4922
f 4922 4690 4692
f 4922 4692 4923
f 4923 4692 4924
f 4692 4695 4924
f 4924 4695 4925
f 4925 4695 4926
f 4926 4695 4696
f 4926 4696 4927
f 4927 4696 4741
f 4927 4741 4928
f 4928 4741 4743
f 4928 4743 4929
f 4929 4743 4745
f 4929 4745 4930
f 4930 4745 4931
f 4745 4747 4931
f 4931 4747 4932
f 4747 4709 4932
f 4932 4709 4933
f 4709 4708 4933
f 4933 4708 4934
f 4708 4706 4934
f 4934 4706 4935
f 4935 4706 4936
f 4936 4706 4704
f 4936 4704 4937
f 4937 4704 4938
f 4704 4701 4938
f 4938 4701 4939
f 4701 4699 4939
f 4939 4699 4565
f 4565 4699 4685
f 4564 4566 4940
f 4940 4566 4941
f 4940 4941 4942
f 4942 4941 4943
f 4569 4568 4944
f 4569 4944 4945
f 4945 4944 4946
f 4945 4946 4947
f 4947 4946 4948
f 4947 4948 4949
f 4949 4948 4950
f 4949 4950 4951
f 4950 4948 4952
f 4952 4948 4946
f 4952 4946 4953
f 4953 4946 4944
f 4569 4945 4932
f 4932 4945 4931
f 4945 4947 4931
f 4931 4947 4930
f 4572 4571 4954
f 4572 4954 4955
f 4955 4954 4956
f 4955 4956 4957
f 4957 4956 4951
f 4951 4956 4949
f 4949 4956 4958
f 4949 4958 4947
f 4947 4958 4930
f 4930 4958 4929
f 4929 4958 4928
f 4956 4954 4958
f 4958 4954 4928
f 4928 4954 4927
f 4927 4954 4571
f 4927 4571 4926
f 4926 4571 4959
f 4926 4959 4925
f 4925 4959 4924
f 4571 4570 4959
f 4959 4570 4960
f 4959 4960 4924
f 4924 4960 4961
f 4924 4961 4923
f 4923 4961 4922
f 4570 4572 4960
f 4960 4572 4962
f 4960 4962 4961
f 4961 4962 4963
f 4961 4963 4922
f 4922 4963 4964
f 4922 4964 4921
f 4921 4964 4920
f 4572 4955 4962
f 4962 4955 4965
f 4962 4965 4963
f 4963 4965 4966
f 4963 4966 4964
f 4964 4966 4967
f 4964 4967 4920
f 4920 4967 4566
f 4566 4967 4941
f 4941 4967 4968
f 4941 4968 4943
f 4943 4968 4969
f 4969 4968 4970
f 4970 4968 4971
f 4970 4971 4950
f 4950 4971 4951
f 4951 4971 4957
f 4957 4971 4965
f 4957 4965 4955
f 4965 4971 4966
f 4966 4971 4968
f 4966 4968 4967
f 4950 4952 4970
f 4970 4952 4972
f 4970 4972 4969
f 4969 4972 4943
f 4952 4953 4972
f 4972 4953 4973
f 4972 4973 4974
f 4974 4973 4975
f 4974 4975 4976
f 4976 4975 4937
f 4976 4937 4938
f 4938 4939 4976
f 4976 4939 4977
f 4976 4977 4974
f 4974 4977 4978
f 4974 4978 4972
f 4972 4978 4943
f 4943 4978 4942
f 4942 4978 4940
f 4939 4565 4977
f 4977 4565 4979
f 4977 4979 4978
f 4978 4979 4940
f 4940 4979 4564
f 4564 4979 4565
f 4953 4944 4973
f 4973 4944 4568
f 4973 4568 4980
f 4980 4568 4567
f 4980 4567 4981
f 4981 4567 4569
f 4981 4569 4982
f 4982 4569 4932
f 4982 4932 4933
f 4933 4934 4982
f 4982 4934 4935
f 4982 4935 4981
f 4981 4935 4983
f 4981 4983 4980
f 4980 4983 4975
f 4980 4975 4973
f 4975 4983 4937
f 4937 4983 4936
f 4935 4936 4983
f 4795 4761 4984
f 4984 4761 4762
f 4984 4762 4764
f 4795 4984 4797
f 4797 4984 4985
f 4797 4985 4799
f 4799 4985 4814
f 4814 4985 4908
f 4908 4985 4615
f 4908 4615 4768
f 4768 4615 4610
f 4768 4610 4611
f 4611 4848 4768
f 4768 4848 4613
f 4768 4613 4766
f 4766 4613 4614
f 4766 4614 4619
f 4766 4619 4764
f 4764 4619 4600
f 4615 4985 4621
f 4621 4985 4618
f 4618 4985 4617
f 4617 4985 4599
f 4599 4985 4620
f 4620 4985 4600
f 4600 4985 4764
f 4984 4764 4985
f 4986 4671 4987
f 4671 4675 4987
f 4987 4675 4673
f 4987 4673 4672
f 4987 4672 4988
f 4988 4672 4674
f 4988 4674 4808
f 4808 4684 4988
f 4988 4684 4682
f 4987 4988 4989
f 4989 4988 4990
f 4988 4682 4990
f 4990 4682 4991
f 4682 4681 4991
f 4992 4681 4559
f 4992 4559 4680
f 4680 4558 4670
f 4680 4670 4993
f 4993 4670 4671
f 4993 4671 4986
f 4989 4986 4987
f 4656 4628 4629
f 4625 4626 4658
f 4658 4626 4656
f 4656 4626 4628
f 4624 4625 4658
f 4624 4658 4661
f 4661 4630 4624
f 4840 4839 4825
f 4825 4839 4809
f 4825 4809 4811
f 4825 4811 4826
f 4826 4811 4833
f 4811 4813 4833
f 4833 4813 4561
f 4833 4561 4830
f 4830 4561 4562
f 4561 4820 4562
f 4562 4820 4822
f 4562 4822 4837
f 4837 4822 4845
f 4837 4845 4840
f 4837 4840 4561
f 4561 4840 4830
f 4840 4825 4830
f 4822 4878 4845
f 4845 4878 4844
f 4878 4877 4844
f 4844 4877 4874
f 4844 4874 4872
f 4844 4872 4839
f 4839 4872 4809
f 4872 4871 4809
f 4809 4871 4823
f 4823 4871 4849
f 4849 4871 4877
f 4849 4877 4882
f 4877 4871 4874
f 4849 4882 4855
f 4855 4882 4851
f 4882 4883 4851
f 4851 4883 4878
f 4851 4878 4822
f 4669 4990 4668
f 4668 4990 4991
f 4668 4991 4666
f 4666 4991 4681
f 4666 4681 4554
f 4554 4681 4992
f 4554 4992 4552
f 4552 4992 4680
f 4552 4680 4553
f 4553 4680 4993
f 4553 4993 4665
f 4665 4993 4986
f 4665 4986 4667
f 4667 4986 4989
f 4667 4989 4669
f 4669 4989 4990
f 4994 4995 4996
f 4997 4998 4999
f 5000 5001 5002
f 5002 5001 5003
f 5004 5003 5005
f 5005 5006 5004
f 5004 5007 5008
f 5009 5010 5011
f 5012 5013 5014
f 5012 5014 5010
f 5010 5014 5015
f 5012 5010 5016
f 5016 5010 5009
f 5016 5009 5017
f 5017 5009 5018
f 5017 5018 5019
f 5019 5018 5020
f 5019 5020 5021
f 5009 5022 5023
f 5009 5023 5018
f 5018 5023 5024
f 5018 5024 5025
f 5025 5020 5018
f 5026 5027 5028
f 5026 5028 5029
f 5029 5028 5030
f 5029 5030 5031
f 5026 5029 5032
f 5032 5029 5033
f 5029 5031 5033
f 5034 5035 5036
f 5036 5035 5037
f 5037 5035 5038
f 5037 5038 5039
f 5039 5040 5037
f 5041 5042 5043
f 5043 5041 5044
f 5045 5044 5046
f 5046 5047 5048
f 5047 5049 5050
f 5042 5051 5041
f 5051 5052 5053
f 5053 5054 5055
f 5056 5057 5058
f 5059 5060 5061
f 5061 5060 5062
f 5061 5062 5033
f 5063 5064 5065
f 5065 5064 5066
f 5066 5064 5067
f 5067 5064 5068
f 5063 5069 5070
f 5070 5069 5028
f 5028 5069 5030
f 5030 5069 5031
f 5069 5071 5031
f 5031 5071 5061
f 5031 5061 5033
f 5065 5072 5063
f 5061 5071 5059
f 5059 5071 5073
f 5059 5073 5074
f 5074 5073 5072
f 5072 5073 5063
f 5063 5073 5069
f 5073 5071 5069
f 5028 5027 5075
f 5028 5075 5076
f 5076 5075 5077
f 5077 5078 5076
f 5028 5076 5070
f 5070 5076 5063
f 5063 5076 5064
f 5064 5076 5078
f 5064 5078 5079
f 5079 5078 5080
f 5079 5080 5068
f 5068 5080 5081
f 5068 5081 5067
f 5064 5079 5068
f 5078 5077 5080
f 5080 5077 5082
f 5082 5077 5075
f 5082 5075 5083
f 5083 5075 5084
f 5080 5082 5083
f 5075 5027 5084
f 5084 5027 5085
f 5084 5085 5086
f 5086 5085 5087
f 5086 5087 5088
f 5088 5087 5089
f 5088 5089 5090
f 5090 5089 5091
f 5090 5091 5092
f 5092 5091 5089
f 5092 5089 5093
f 5093 5089 5094
f 5094 5089 5095
f 5095 5089 5096
f 5096 5089 5097
f 5097 5089 5098
f 5098 5089 5099
f 5099 5089 5100
f 5089 5087 5100
f 5100 5087 5101
f 5100 5101 5102
f 5102 5101 5103
f 5103 5101 5104
f 5104 5101 5105
f 5092 5093 5106
f 5106 5093 5107
f 5107 5093 5108
f 5093 5109 5108
f 5108 5109 5110
f 5109 5111 5110
f 5110 5111 5112
f 5112 5111 5113
f 5113 5111 5114
f 5113 5114 5115
f 5115 5114 5116
f 5115 5116 5117
f 5090 5092 5118
f 5118 5092 5119
f 5118 5119 5120
f 5120 5121 5118
f 5118 5121 5122
f 5121 5120 5122
f 5120 5123 5122
f 5122 5123 5011
f 5122 5011 5124
f 5011 5123 5009
f 5124 5015 5122
f 5122 5015 5014
f 5122 5014 5013
f 5122 5013 5125
f 5125 5013 5012
f 5125 5012 5016
f 5016 5017 5125
f 5125 5017 5126
f 5126 5017 5127
f 5127 5017 5019
f 5106 5119 5092
f 5088 5090 5086
f 5086 5090 5084
f 5090 5118 5084
f 5084 5118 5122
f 5084 5122 5128
f 5128 5122 4996
f 5128 4996 4998
f 5128 4998 4997
f 5128 4997 5129
f 5129 4999 5128
f 5128 4999 5130
f 5128 5130 5131
f 5131 5132 5128
f 5128 5132 5133
f 5128 5133 5084
f 5084 5133 5083
f 5083 5133 5080
f 5080 5133 5134
f 5080 5134 5135
f 5134 5133 5136
f 5136 5133 5137
f 5137 5133 5138
f 5138 5133 5132
f 5130 4999 5139
f 5130 5139 5140
f 5140 5139 4995
f 4995 4994 5140
f 5140 4994 5141
f 5140 5141 5142
f 5142 5141 5143
f 5143 5144 5142
f 5142 5144 5000
f 5142 5000 5145
f 5145 5000 5002
f 5002 5000 5003
f 5145 5002 5146
f 5146 5002 5007
f 5146 5007 5005
f 5146 5005 5122
f 5122 5125 5146
f 5005 5007 5004
f 4994 4996 5144
f 5144 4996 5122
f 5144 5122 5000
f 5000 5122 5001
f 5001 5122 5005
f 5001 5005 5003
f 5085 5027 5087
f 5087 5027 5101
f 5101 5027 5026
f 5101 5026 5147
f 5147 5026 5032
f 5147 5032 5033
f 5147 5033 5148
f 5148 5033 5062
f 5148 5062 5149
f 5149 5062 5060
f 5149 5060 5150
f 5150 5060 5151
f 5036 5152 5153
f 5153 5152 5154
f 5153 5154 5155
f 5156 5154 5157
f 5154 5158 5157
f 5157 5158 5159
f 5159 5158 5160
f 5160 5158 5161
f 5162 5034 5163
f 5163 5034 5164
f 5164 5034 5036
f 5164 5036 5153
f 5153 5165 5164
f 5163 5166 5162
f 5162 5166 5034
f 5034 5166 5167
f 5034 5167 5168
f 5168 5167 5169
f 5168 5169 5049
f 5169 5167 5170
f 5170 5167 5171
f 5034 5168 5172
f 5172 5168 5173
f 5172 5173 5174
f 5174 5173 5046
f 5174 5046 5175
f 5175 5046 5176
f 5176 5046 5177
f 5177 5046 5044
f 5177 5044 5178
f 5178 5044 5179
f 5044 5041 5179
f 5179 5041 5180
f 5041 5051 5180
f 5180 5051 5181
f 5051 5053 5181
f 5181 5053 5182
f 5182 5053 5183
f 5183 5053 5055
f 5183 5055 5184
f 5184 5055 5185
f 5184 5185 5186
f 5186 5185 5187
f 5187 5185 5055
f 5186 5187 5188
f 5188 5187 5189
f 5187 5056 5189
f 5190 5189 5066
f 5066 5189 5191
f 5066 5191 5065
f 5065 5191 5192
f 5065 5192 5193
f 5193 5192 5056
f 5193 5056 5058
f 5058 5194 5193
f 5193 5194 5195
f 5193 5195 5196
f 5196 5197 5193
f 5193 5197 5198
f 5193 5198 5199
f 5193 5199 5065
f 5065 5199 5072
f 5072 5199 5074
f 5074 5199 5059
f 5199 5151 5059
f 5056 5192 5189
f 5192 5191 5189
f 5066 5067 5190
f 5190 5067 5081
f 5190 5081 5200
f 5200 5081 5080
f 5200 5080 5201
f 5201 5080 5202
f 5201 5202 5161
f 5161 5202 5160
f 5046 5173 5047
f 5047 5173 5049
f 5049 5173 5168
f 5172 5174 5203
f 5203 5174 5204
f 5203 5204 5035
f 5035 5204 5205
f 5035 5205 5206
f 5206 5205 5207
f 5206 5207 5039
f 5039 5207 5201
f 5039 5201 5040
f 5040 5201 5208
f 5039 5038 5206
f 5035 5206 5038
f 5035 5172 5203
f 5201 5161 5208
f 5208 5161 5158
f 5208 5158 5037
f 5037 5158 5036
f 5037 5040 5208
f 5036 5158 5152
f 5152 5158 5154
f 5049 5169 5050
f 5171 5167 5209
f 5209 5167 5166
f 5209 5166 5210
f 5210 5166 5165
f 5166 5163 5165
f 5165 5163 5164
f 5210 5211 5209
f 5209 5211 5212
f 5209 5212 5213
f 5213 5214 5209
f 5209 5214 5215
f 5216 5217 5218
f 5217 5219 5218
f 5216 5218 5116
f 5116 5114 5220
f 5220 5114 5111
f 5109 5093 5221
f 5221 5093 5094
f 5095 5096 5222
f 5222 5096 5097
f 5222 5097 5223
f 5223 5097 5098
f 5155 5154 5210
f 5210 5154 5211
f 5211 5154 5156
f 5211 5156 5224
f 5224 5212 5211
f 5224 5156 5212
f 5212 5156 5213
f 5213 5156 5225
f 5213 5225 5226
f 5226 5225 5227
f 5226 5227 5228
f 5228 5227 5229
f 5226 5228 5230
f 5226 5230 5215
f 5215 5214 5226
f 5226 5214 5213
f 5202 5231 5232
f 5202 5080 5231
f 5231 5080 5135
f 5231 5135 5233
f 5233 5234 5231
f 5231 5234 5235
f 5231 5235 5236
f 5231 5236 5232
f 5232 5236 5237
f 5232 5237 5238
f 5227 5225 5229
f 5229 5225 5157
f 5229 5157 5159
f 5239 5217 5240
f 5240 5217 5241
f 5241 5217 5242
f 5242 5217 5243
f 5243 5217 5244
f 5244 5217 5245
f 5245 5217 5241
f 5245 5241 5246
f 5245 5246 5247
f 5245 5247 5248
f 5248 5247 5249
f 5249 5247 5250
f 5249 5250 5251
f 5251 5250 5252
f 5241 5217 5246
f 5246 5217 5216
f 5219 5239 5218
f 5218 5239 5253
f 5253 5239 5254
f 5254 5239 5240
f 5254 5240 5255
f 5254 5255 5256
f 5256 5255 5241
f 5256 5241 5257
f 5257 5241 5258
f 5258 5241 5242
f 5258 5242 5243
f 5258 5243 5259
f 5259 5243 5260
f 5259 5260 5261
f 5259 5261 5262
f 5262 5261 5263
f 5263 5261 5264
f 5263 5264 5256
f 5256 5264 5254
f 5260 5243 5265
f 5265 5243 5244
f 5265 5244 5245
f 5265 5245 5266
f 5266 5245 5248
f 5253 5254 5218
f 5218 5254 5267
f 5218 5267 5264
f 5264 5261 5218
f 5218 5261 5260
f 5260 5265 5218
f 5218 5265 5266
f 5218 5266 5248
f 5174 5268 5204
f 5204 5268 5205
f 5268 5269 5205
f 5205 5269 5270
f 5205 5270 5207
f 5268 5174 5175
f 5268 5175 5176
f 5034 5172 5035
f 5225 5156 5157
f 5228 5271 5230
f 5230 5271 5215
f 5215 5271 5272
f 5272 5271 5273
f 5272 5273 5274
f 5274 5273 5246
f 5274 5246 5216
f 5273 5247 5246
f 5264 5267 5254
f 5241 5255 5240
f 5247 5273 5250
f 5250 5273 5275
f 5250 5275 5276
f 5276 5275 5277
f 5273 5271 5275
f 5275 5271 5278
f 5275 5278 5277
f 5277 5278 5232
f 5271 5228 5278
f 5278 5228 5229
f 5278 5229 5232
f 5232 5229 5202
f 5117 5279 5280
f 5106 5107 5119
f 5119 5107 5281
f 5119 5281 5282
f 5282 5281 5283
f 5282 5120 5119
f 5107 5108 5281
f 5281 5108 5110
f 5281 5110 5284
f 5284 5110 5112
f 5284 5112 5113
f 5281 5284 5283
f 5283 5284 5285
f 5126 5286 5280
f 5280 5286 5287
f 5280 5287 5117
f 5117 5287 5115
f 5115 5287 5113
f 5113 5287 5284
f 5284 5287 5285
f 5285 5287 5288
f 5287 5286 5288
f 5288 5286 5021
f 5288 5021 5020
f 5020 5025 5288
f 5288 5025 5285
f 5025 5024 5285
f 5285 5024 5023
f 5285 5023 5283
f 5283 5023 5022
f 5283 5022 5009
f 5021 5286 5019
f 5019 5286 5127
f 5286 5126 5127
f 5148 5149 5147
f 5147 5149 5150
f 5147 5150 5101
f 5101 5150 5151
f 5101 5151 5199
f 5101 5199 5198
f 5105 5101 5198
f 5105 5198 5197
f 5105 5197 5289
f 5289 5197 5196
f 5289 5196 5290
f 5290 5196 5195
f 5290 5195 5291
f 5291 5195 5194
f 5291 5194 5292
f 5292 5194 5058
f 5292 5058 5057
f 5189 5190 5188
f 5188 5190 5293
f 5188 5293 5186
f 5186 5293 5294
f 5190 5200 5293
f 5293 5200 5295
f 5293 5295 5294
f 5294 5295 5296
f 5296 5297 5298
f 5298 5297 5299
f 5299 5297 5300
f 5300 5297 5301
f 5297 5302 5301
f 5301 5302 5303
f 5303 5302 5304
f 5304 5302 5305
f 5304 5305 5306
f 5306 5305 5307
f 5305 5269 5307
f 5307 5269 5308
f 5308 5269 5309
f 5296 5298 5294
f 5294 5298 5299
f 5294 5299 5310
f 5310 5299 5300
f 5310 5300 5301
f 5294 5310 5186
f 5186 5310 5184
f 5184 5310 5183
f 5183 5310 5182
f 5015 5124 5010
f 5010 5124 5011
f 5120 5282 5123
f 5123 5282 5009
f 5282 5283 5009
f 5311 5146 5312
f 5313 5314 5315
f 5313 5316 5317
f 5317 5316 5318
f 5318 5316 5315
f 5318 5315 5314
f 5315 5316 5313
f 5317 5318 5314
f 5319 5320 5321
f 5319 5322 5323
f 5319 5321 5322
f 5322 5321 5323
f 5321 5320 5323
f 5323 5320 5324
f 5320 5325 5324
f 5324 5325 5326
f 5320 5326 5325
f 5326 5323 5324
f 5327 5328 5329
f 5327 5330 5331
f 5328 5331 5332
f 5327 5328 5330
f 5328 5332 5330
f 5330 5332 5331
f 5333 5334 5335
f 5333 5336 5337
f 5334 5338 5339
f 5334 5339 5335
f 5335 5339 5333
f 5339 5338 5333
f 5333 5338 5336
f 5338 5340 5336
f 5336 5340 5337
f 5338 5337 5340
f 5341 5342 5343
f 5341 5344 5345
f 5342 5346 5347
f 5342 5347 5343
f 5343 5347 5341
f 5347 5346 5341
f 5341 5346 5344
f 5346 5348 5344
f 5344 5348 5345
f 5346 5345 5348
f 4999 5129 4997
f 4998 5129 5139
f 4998 5139 4999
f 4996 4995 4998
f 4995 5139 4998
f 5141 4994 5144
f 5141 5144 5143
f 5003 5004 5008
f 5003 5008 5002
f 5008 5007 5002
f 5238 5311 5349
f 5238 5237 5236
f 5238 5236 5235
f 5311 5312 5238
f 5238 5312 5232
f 5232 5312 5277
f 5277 5312 5146
f 5277 5146 5276
f 5276 5146 5125
f 5276 5125 5252
f 5276 5252 5250
f 5146 5142 5145
f 5142 5130 5140
f 5130 5132 5131
f 5132 5137 5138
f 5137 5134 5136
f 5134 5233 5135
f 5233 5235 5234
f 5269 5305 5270
f 5270 5305 5207
f 5207 5305 5201
f 5201 5305 5302
f 5201 5302 5297
f 5201 5297 5200
f 5200 5297 5295
f 5297 5296 5295
f 5350 5351 5352
f 5350 5352 5353
f 5353 5352 5354
f 5354 5352 5355
f 5355 5352 5356
f 5355 5356 5357
f 5357 5356 5358
f 5358 5356 5359
f 5359 5356 5360
f 5360 5356 5352
f 5360 5352 5351
f 5361 5362 5363
f 5363 5362 5364
f 5362 5365 5364
f 5364 5365 5366
f 5367 5368 5369
f 5367 5369 5370
f 5367 5370 5368
f 5368 5370 5371
f 5368 5371 5372
f 5372 5371 5369
f 5372 5369 5373
f 5373 5369 5374
f 5373 5374 1462
f 1462 5374 5375
f 5371 5370 5369
f 5374 5376 5375
f 5375 5376 5377
f 5377 5376 5378
f 5378 5376 5379
f 5378 5379 5380
f 5380 5379 5381
f 5380 5381 5382
f 5382 5381 5383
f 5383 5384 5385
f 5385 5384 5361
f 5385 5361 5386
f 5385 5386 5383
f 5383 5386 5361
f 5384 5383 5361
f 5361 5383 5381
f 5387 5368 5388
f 5368 5389 5388
f 5388 5389 5390
f 5388 5390 5391
f 5388 5391 5392
f 5392 5391 5358
f 5361 5381 5362
f 5362 5381 5365
f 5381 5379 5365
f 5365 5379 5376
f 5365 5376 5393
f 5393 5376 5374
f 5393 5374 5369
f 5368 5387 5369
f 5369 5387 5393
f 5387 5388 5393
f 5393 5388 5394
f 5393 5394 5365
f 5365 5395 5366
f 5366 5395 5396
f 5395 5397 5398
f 5398 5397 5399
f 5398 5399 5400
f 5400 5399 5401
f 5400 5401 5402
f 5402 5401 5223
f 5223 5401 5222
f 5222 5401 5403
f 5400 5404 5398
f 5398 5404 5405
f 5398 5405 5057
f 5057 5405 5406
f 5057 5406 5292
f 5292 5406 5407
f 5292 5407 5291
f 5291 5407 5290
f 5407 5408 5290
f 5290 5408 5289
f 5057 5056 5398
f 5398 5056 5187
f 5398 5187 5366
f 5366 5187 5364
f 5187 5409 5364
f 5364 5409 5363
f 5366 5396 5398
f 5398 5396 5395
f 5365 5410 5395
f 5411 5395 5412
f 5411 5412 5413
f 5413 5412 5414
f 5413 5414 5415
f 5415 5414 5360
f 5415 5360 5351
f 5351 5350 5415
f 5353 5416 5417
f 5417 5416 5418
f 5418 5416 5419
f 5418 5419 5220
f 5220 5419 5420
f 5416 5421 5419
f 5419 5421 5422
f 5419 5422 5423
f 5423 5424 5419
f 5419 5424 5420
f 5420 5424 5425
f 5425 5424 5426
f 5425 5426 5427
f 5427 5428 5425
f 5425 5428 5429
f 5425 5429 5354
f 5354 5429 5353
f 5425 5354 5430
f 5430 5354 5355
f 5430 5355 5431
f 5431 5355 5357
f 5431 5357 5432
f 5432 5357 5358
f 5431 5432 5433
f 5433 5432 5209
f 5209 5432 5434
f 5434 5432 5435
f 5434 5435 5436
f 5436 5435 5437
f 5435 5438 5437
f 5437 5438 5050
f 5050 5438 5439
f 5439 5438 5440
f 5439 5440 5441
f 5435 5432 5442
f 5442 5432 5443
f 5443 5432 5444
f 5444 5432 5445
f 5432 5358 5445
f 5445 5358 5391
f 5445 5391 5441
f 5441 5391 5439
f 5428 5416 5429
f 5429 5416 5353
f 5350 5353 5417
f 5350 5417 5418
f 5350 5418 5446
f 5350 5446 5447
f 5360 5414 5359
f 5359 5414 5448
f 5359 5448 5358
f 5358 5448 5394
f 5388 5392 5358
f 5358 5449 5388
f 5358 5394 5449
f 5449 5394 5388
f 5414 5412 5448
f 5448 5412 5395
f 5448 5395 5394
f 5394 5395 5410
f 5394 5410 5365
f 5055 5054 5409
f 5409 5054 5450
f 5054 5053 5450
f 5450 5053 5052
f 5450 5052 5451
f 5451 5052 5051
f 5451 5051 5042
f 5043 5044 5452
f 5452 5044 5045
f 5452 5045 5046
f 5452 5046 5453
f 5453 5046 5048
f 5453 5048 5047
f 5047 5439 5453
f 5409 5187 5055
f 5223 5098 5402
f 5098 5099 5402
f 5402 5099 5400
f 5222 5403 5095
f 5099 5100 5400
f 5400 5100 5404
f 5100 5102 5404
f 5404 5102 5405
f 5102 5103 5405
f 5405 5103 5406
f 5103 5104 5406
f 5406 5104 5407
f 5104 5105 5407
f 5407 5105 5408
f 5105 5289 5408
f 5094 5095 5401
f 5401 5095 5403
f 5401 5221 5094
f 5109 5221 5454
f 5109 5454 5455
f 5109 5455 5111
f 5111 5455 5220
f 5220 5420 5116
f 5262 5263 5422
f 5422 5263 5423
f 5423 5263 5424
f 5424 5263 5256
f 5424 5256 5426
f 5426 5256 5257
f 5257 5427 5426
f 5422 5421 5262
f 5262 5421 5259
f 5259 5421 5416
f 5259 5416 5258
f 5258 5416 5428
f 5258 5428 5427
f 5427 5257 5258
f 5456 5457 5458
f 5456 5458 5459
f 5456 5459 5460
f 5460 5459 5457
f 5460 5457 5461
f 5461 5457 5462
f 5461 5462 5463
f 5463 5462 5464
f 5463 5464 5465
f 5465 5464 5466
f 5466 5467 5468
f 5468 5467 5446
f 5458 5457 5459
f 5466 5468 5446
f 5466 5446 5418
f 5467 5466 5446
f 5446 5466 5464
f 5216 5116 5425
f 5425 5116 5420
f 5425 5430 5216
f 5216 5430 5274
f 5430 5431 5274
f 5274 5431 5272
f 5431 5433 5272
f 5272 5433 5215
f 5047 5050 5439
f 5050 5169 5437
f 5169 5170 5437
f 5437 5170 5436
f 5170 5171 5436
f 5436 5171 5434
f 5171 5209 5434
f 5209 5215 5433
f 5469 5470 5440
f 5440 5470 5441
f 5441 5470 5445
f 5445 5470 5471
f 5445 5471 5444
f 5444 5471 5472
f 5444 5472 5473
f 5473 5443 5444
f 5440 5438 5469
f 5469 5438 5474
f 5474 5438 5475
f 5475 5438 5435
f 5475 5435 5476
f 5476 5435 5442
f 5476 5442 5443
f 5443 5473 5476
f 5418 5477 5466
f 5466 5477 5478
f 5466 5478 5479
f 5479 5478 5480
f 5479 5480 5481
f 5481 5480 5482
f 5481 5482 5460
f 5460 5482 5483
f 5460 5483 5484
f 5466 5479 5465
f 5465 5479 5463
f 5479 5481 5463
f 5463 5481 5461
f 5481 5460 5461
f 5456 5460 5485
f 5485 5460 5486
f 5485 5486 5401
f 5401 5486 5484
f 5401 5484 5483
f 5460 5484 5486
f 5401 5483 5221
f 5221 5483 5482
f 5221 5482 5454
f 5454 5482 5480
f 5454 5480 5455
f 5455 5480 5478
f 5455 5478 5220
f 5220 5478 5477
f 5220 5477 5487
f 5487 5477 5418
f 5487 5418 5488
f 5488 5418 5489
f 5488 5489 5220
f 5220 5489 5418
f 5488 5220 5487
f 5447 5446 5464
f 5447 5464 5350
f 5350 5464 5490
f 5350 5490 5415
f 5415 5490 5413
f 5464 5462 5490
f 5490 5462 5457
f 5490 5457 5456
f 5490 5456 5491
f 5491 5411 5490
f 5490 5411 5413
f 5411 5456 5485
f 5399 5485 5401
f 5485 5399 5492
f 5492 5399 5411
f 5399 5397 5411
f 5411 5397 5395
f 5492 5411 5485
f 5411 5491 5456
f 5391 5389 5439
f 5439 5389 5493
f 5493 5372 5494
f 5494 5372 5495
f 5494 5495 5439
f 5439 5495 5496
f 5439 5496 5453
f 5453 5496 5497
f 5453 5497 1462
f 5493 5494 5439
f 5453 1462 5452
f 5452 1462 5498
f 5452 5498 5043
f 5043 5498 5499
f 5043 5499 5042
f 5042 5499 5500
f 5042 5500 5451
f 5451 5500 5501
f 5451 5501 5502
f 5451 5502 5450
f 5450 5502 5503
f 5450 5503 5504
f 5504 5503 5361
f 5504 5361 5505
f 5505 5361 5506
f 5505 5506 5450
f 5450 5506 5363
f 5363 5506 5361
f 5507 5363 5409
f 5507 5409 5450
f 5504 5505 5450
f 5507 5450 5363
f 5361 5503 5383
f 5383 5503 5502
f 5383 5502 5501
f 5495 5372 5496
f 5496 5372 5497
f 5493 5389 5372
f 5372 5389 5368
f 5372 5373 1462
f 5389 5391 5390
f 5372 1462 5508
f 5508 1462 5375
f 5508 5375 5509
f 5509 5375 5377
f 5509 5377 5510
f 5510 5377 5378
f 5510 5378 5511
f 5511 5378 5380
f 5511 5380 5382
f 5382 5383 5511
f 5511 5383 5501
f 5511 5501 5500
f 5511 5500 5510
f 5510 5500 5499
f 5510 5499 5509
f 5509 5499 5498
f 5509 5498 5508
f 5508 5498 1462
f 5508 1462 5497
f 5372 5508 5497
f 5310 5512 5182
f 5182 5512 5181
f 5181 5512 5180
f 5180 5512 5513
f 5180 5513 5179
f 5179 5513 5514
f 5179 5514 5178
f 5178 5514 5515
f 5178 5515 5177
f 5177 5515 5176
f 5176 5515 5268
f 5268 5515 5269
f 5269 5515 5309
f 5309 5515 5308
f 5308 5515 5307
f 5307 5515 5514
f 5307 5514 5306
f 5306 5514 5304
f 5514 5513 5304
f 5304 5513 5303
f 5513 5512 5303
f 5303 5512 5301
f 5310 5301 5512
f 5126 5516 5125
f 5125 5516 5252
f 5126 5280 5516
f 5516 5280 5252
f 5252 5280 5251
f 5251 5280 5279
f 5251 5279 5517
f 5517 5279 5248
f 5248 5249 5517
f 5517 5249 5251
f 5279 5518 5248
f 5279 5117 5518
f 5518 5117 5116
f 5518 5116 5519
f 5519 5116 5218
f 5218 5248 5519
f 5519 5248 5518
f 5219 5217 5239
f 5229 5159 5520
f 5520 5159 5160
f 5520 5160 5202
f 5229 5520 5202
f 5059 5151 5060
f 5153 5155 5521
f 5521 5155 5522
f 5522 5155 5210
f 5522 5210 5523
f 5523 5210 5524
f 5524 5210 5165
f 5524 5165 5525
f 5525 5165 5153
f 5525 5153 5526
f 5526 5153 5521
f 5341 5337 5342
f 5342 5337 5338
f 5342 5338 5130
f 5130 5338 5331
f 5130 5331 5328
f 5130 5328 5132
f 5132 5328 5137
f 5338 5334 5331
f 5331 5334 5327
f 5130 5142 5342
f 5342 5142 5346
f 5346 5142 5345
f 5345 5142 5146
f 5345 5146 5311
f 5345 5311 5341
f 5341 5311 5313
f 5341 5313 5317
f 5341 5317 5337
f 5337 5317 5314
f 5337 5314 5333
f 5333 5314 5235
f 5333 5235 5319
f 5319 5235 5233
f 5319 5233 5320
f 5320 5233 5326
f 5233 5134 5326
f 5326 5134 5137
f 5326 5137 5323
f 5323 5137 5328
f 5323 5328 5327
f 5327 5334 5323
f 5323 5334 5319
f 5334 5333 5319
f 5314 5313 5235
f 5235 5313 5238
f 5311 5238 5313
f 5472 5522 5473
f 5522 5523 5473
f 5473 5523 5476
f 5476 5523 5524
f 5476 5524 5475
f 5475 5524 5474
f 5474 5524 5525
f 5474 5525 5469
f 5469 5525 5526
f 5469 5526 5470
f 5470 5526 5521
f 5470 5521 5471
f 5471 5521 5472
f 5472 5521 5522
f 5527 5528 5529
f 5530 5531 5532
f 5533 5534 5535
f 5533 5535 5536
f 5536 5535 5537
f 5537 5534 5538
f 5537 5539 5536
f 5540 5541 5542
f 5543 5544 5545
f 5545 5546 5542
f 5542 5541 5545
f 5545 5541 5547
f 5545 5547 5543
f 5543 5547 5548
f 5543 5548 5549
f 5549 5548 5550
f 5549 5550 5551
f 5551 5552 5549
f 5552 5551 5553
f 5553 5551 5554
f 5554 5551 5550
f 5555 5556 5552
f 5552 5556 5549
f 5556 5557 5549
f 5549 5557 5558
f 5549 5558 5543
f 5559 5560 5561
f 5561 5560 5562
f 5562 5560 5563
f 5563 5564 5562
f 5565 5559 5561
f 5565 5561 5566
f 5566 5561 5567
f 5566 5567 5568
f 5565 5566 5569
f 5569 5566 5570
f 5566 5568 5570
f 5571 5572 5573
f 5573 5572 5574
f 5574 5572 5575
f 5574 5575 5576
f 5576 5577 5574
f 5578 5579 5580
f 5580 5578 5581
f 5582 5581 5583
f 5583 5584 5585
f 5586 5587 5588
f 5579 5589 5578
f 5589 5590 5591
f 5591 5592 5593
f 5594 5595 5593
f 5596 5570 5597
f 5596 5597 5598
f 5598 5597 5599
f 5600 5601 5602
f 5597 5603 5599
f 5599 5603 5604
f 5599 5604 5605
f 5605 5604 5606
f 5606 5604 5601
f 5601 5604 5602
f 5602 5604 5607
f 5604 5603 5607
f 5570 5568 5597
f 5597 5568 5603
f 5568 5567 5603
f 5603 5567 5607
f 5567 5561 5607
f 5607 5561 5608
f 5607 5608 5602
f 5602 5609 5600
f 5600 5609 5610
f 5610 5609 5611
f 5611 5609 5612
f 5602 5608 5609
f 5609 5608 5561
f 5609 5561 5562
f 5562 5564 5609
f 5609 5564 5613
f 5609 5613 5612
f 5612 5613 5614
f 5613 5564 5614
f 5614 5564 5615
f 5614 5615 5560
f 5560 5615 5563
f 5563 5615 5564
f 5614 5560 5616
f 5616 5560 5617
f 5617 5618 5619
f 5619 5618 5584
f 5619 5584 5620
f 5618 5617 5621
f 5618 5621 5588
f 5588 5621 5586
f 5560 5559 5617
f 5617 5559 5622
f 5617 5622 5621
f 5621 5622 5559
f 5621 5559 5623
f 5623 5559 5624
f 5624 5559 5565
f 5624 5565 5625
f 5625 5565 5569
f 5625 5569 5570
f 5570 5626 5625
f 5626 5570 5596
f 5627 5596 5598
f 5627 5598 5628
f 5628 5598 5599
f 5621 5623 5586
f 5586 5623 5624
f 5586 5624 5629
f 5629 5624 5630
f 5630 5624 5631
f 5631 5624 5632
f 5633 5634 5635
f 5573 5574 5636
f 5636 5574 5637
f 5637 5574 5638
f 5638 5574 5577
f 5638 5577 5639
f 5639 5577 5640
f 5639 5640 5641
f 5641 5640 5642
f 5641 5642 5643
f 5639 5641 5638
f 5641 5643 5644
f 5644 5643 5645
f 5644 5645 5646
f 5643 5647 5645
f 5645 5647 5646
f 5646 5647 5648
f 5648 5647 5649
f 5648 5649 5650
f 5650 5649 5651
f 5650 5651 5652
f 5652 5651 5653
f 5652 5653 5593
f 5593 5653 5654
f 5593 5654 5591
f 5591 5654 5655
f 5591 5655 5656
f 5648 5650 5657
f 5591 5656 5589
f 5589 5656 5658
f 5589 5658 5578
f 5578 5658 5659
f 5578 5659 5581
f 5581 5659 5660
f 5581 5660 5661
f 5581 5661 5583
f 5583 5661 5662
f 5583 5662 5663
f 5663 5620 5583
f 5583 5620 5664
f 5583 5664 5584
f 5584 5664 5620
f 5650 5652 5657
f 5657 5652 5665
f 5657 5665 5666
f 5666 5665 5667
f 5667 5665 5668
f 5668 5665 5669
f 5669 5665 5670
f 5670 5665 5595
f 5595 5665 5593
f 5652 5593 5665
f 5657 5666 5671
f 5666 5672 5671
f 5671 5672 5673
f 5577 5576 5640
f 5640 5576 5575
f 5640 5575 5674
f 5674 5575 5572
f 5674 5572 5675
f 5675 5572 5676
f 5640 5675 5677
f 5640 5677 5678
f 5678 5677 5679
f 5640 5674 5675
f 5679 5677 5680
f 5680 5677 5681
f 5680 5681 5682
f 5682 5681 5683
f 5640 5678 5684
f 5684 5678 5685
f 5684 5685 5686
f 5686 5685 5687
f 5686 5687 5688
f 5688 5689 5686
f 5686 5689 5690
f 5686 5690 5691
f 5675 5692 5677
f 5677 5692 5681
f 5692 5693 5681
f 5681 5693 5694
f 5694 5693 5695
f 5695 5693 5696
f 5696 5693 5697
f 5697 5693 5698
f 5698 5693 5699
f 5699 5693 5700
f 5700 5701 5702
f 5702 5701 5703
f 5701 5704 5703
f 5703 5704 5705
f 5705 5704 5706
f 5705 5706 5707
f 5707 5706 5708
f 5707 5708 5705
f 5705 5708 5703
f 5708 5709 5703
f 5703 5709 5710
f 5703 5710 5711
f 5711 5710 5702
f 5711 5702 5703
f 5706 5712 5708
f 5704 5713 5706
f 5700 5702 5699
f 5699 5702 5714
f 5699 5714 5533
f 5533 5535 5699
f 5699 5535 5715
f 5699 5715 5716
f 5716 5715 5536
f 5536 5717 5716
f 5716 5717 5718
f 5716 5718 5719
f 5716 5719 5720
f 5536 5715 5537
f 5721 5536 5539
f 5536 5721 5722
f 5722 5721 5717
f 5717 5721 5527
f 5527 5721 5719
f 5533 5714 5534
f 5723 5724 5725
f 5572 5726 5676
f 5676 5726 5727
f 5676 5727 5723
f 5723 5727 5724
f 5727 5726 5724
f 5724 5726 5571
f 5724 5571 5728
f 5728 5571 5729
f 5729 5571 5730
f 5729 5730 5731
f 5724 5728 5725
f 5725 5728 5732
f 5637 5638 5671
f 5671 5638 5648
f 5648 5638 5646
f 5646 5638 5644
f 5644 5638 5641
f 5637 5733 5636
f 5636 5733 5573
f 5573 5733 5734
f 5734 5733 5735
f 5735 5736 5734
f 5734 5736 5737
f 5734 5737 5738
f 5738 5737 5739
f 5739 5737 5740
f 5740 5741 5739
f 5739 5741 5742
f 5739 5742 5733
f 5733 5742 5735
f 5552 5553 5555
f 5586 5629 5587
f 5587 5629 5743
f 5629 5630 5743
f 5743 5630 5744
f 5630 5631 5744
f 5744 5631 5745
f 5631 5632 5745
f 5745 5632 5746
f 5632 5624 5746
f 5746 5624 5747
f 5746 5747 5748
f 5746 5748 5749
f 5624 5625 5747
f 5747 5625 5627
f 5747 5627 5628
f 5747 5628 5750
f 5750 5628 5599
f 5625 5626 5627
f 5627 5626 5596
f 5635 5634 5751
f 5751 5634 5752
f 5634 5753 5752
f 5752 5753 5754
f 5752 5754 5751
f 5751 5754 5755
f 5751 5755 5756
f 5756 5757 5751
f 5751 5757 5758
f 5758 5759 5751
f 5751 5759 5760
f 5759 5761 5760
f 5760 5761 5706
f 5760 5706 5762
f 5762 5706 5713
f 5762 5713 5763
f 5763 5760 5762
f 5730 5571 5731
f 5731 5571 5764
f 5764 5571 5573
f 5764 5573 5734
f 5734 5738 5764
f 5764 5738 5731
f 5731 5738 5729
f 5738 5739 5729
f 5729 5739 5728
f 5739 5765 5728
f 5728 5765 5672
f 5728 5672 5666
f 5666 5667 5728
f 5728 5667 5732
f 5763 5766 5760
f 5760 5766 5767
f 5766 5768 5769
f 5769 5768 5770
f 5771 5772 5773
f 5773 5772 5774
f 5775 5776 5777
f 5777 5776 5778
f 5777 5778 5779
f 5779 5778 5780
f 5732 5667 5781
f 5781 5667 5668
f 5670 5595 5594
f 5767 5635 5760
f 5635 5751 5760
f 5733 5637 5739
f 5739 5637 5765
f 5765 5637 5671
f 5765 5671 5673
f 5673 5672 5765
f 5657 5671 5648
f 5571 5726 5572
f 5723 5725 5782
f 5782 5725 5783
f 5782 5783 5784
f 5725 5732 5783
f 5782 5784 5785
f 5785 5784 5763
f 5785 5763 5713
f 5713 5704 5785
f 5723 5782 5676
f 5676 5782 5786
f 5676 5786 5675
f 5675 5786 5692
f 5782 5785 5786
f 5786 5785 5787
f 5786 5787 5692
f 5692 5787 5693
f 5785 5704 5787
f 5787 5704 5701
f 5787 5701 5693
f 5693 5701 5700
f 5712 5706 5788
f 5706 5761 5788
f 5761 5759 5788
f 5788 5759 5789
f 5759 5758 5789
f 5789 5758 5790
f 5550 5791 5792
f 5792 5791 5702
f 5792 5702 5710
f 5709 5708 5793
f 5791 5547 5702
f 5702 5547 5541
f 5702 5541 5714
f 5714 5541 5540
f 5714 5540 5542
f 5542 5546 5714
f 5714 5546 5794
f 5546 5545 5794
f 5794 5545 5795
f 5545 5544 5795
f 5795 5544 5543
f 5610 5611 5796
f 5796 5611 5797
f 5796 5797 5684
f 5684 5797 5611
f 5684 5611 5612
f 5684 5612 5640
f 5640 5612 5614
f 5640 5614 5642
f 5610 5796 5600
f 5600 5796 5798
f 5799 5800 5801
f 5714 5794 5802
f 5714 5802 5803
f 5803 5802 5800
f 5803 5800 5804
f 5804 5800 5799
f 5804 5799 5805
f 5805 5799 5806
f 5805 5806 5807
f 5807 5806 5808
f 5807 5808 5809
f 5809 5808 5806
f 5809 5806 5798
f 5798 5806 5600
f 5807 5804 5805
f 5800 5802 5794
f 5798 5796 5809
f 5809 5796 5807
f 5807 5796 5804
f 5804 5796 5684
f 5804 5684 5686
f 5806 5799 5774
f 5806 5774 5810
f 5810 5774 5780
f 5780 5774 5779
f 5779 5774 5777
f 5774 5775 5777
f 5799 5801 5774
f 5774 5801 5811
f 5774 5811 5773
f 5773 5811 5812
f 5773 5812 5771
f 5771 5812 5813
f 5771 5813 5814
f 5771 5814 5770
f 5770 5814 5815
f 5770 5815 5769
f 5769 5815 5816
f 5769 5816 5793
f 5793 5708 5769
f 5769 5708 5817
f 5817 5708 5712
f 5817 5712 5818
f 5818 5712 5767
f 5712 5788 5767
f 5767 5788 5789
f 5767 5789 5790
f 5767 5790 5819
f 5767 5819 5820
f 5820 5753 5767
f 5767 5753 5634
f 5767 5634 5633
f 5767 5633 5635
f 5818 5767 5817
f 5817 5767 5766
f 5817 5766 5769
f 5821 5822 5823
f 5823 5824 5821
f 5821 5824 5825
f 5824 5826 5825
f 5825 5826 5827
f 5825 5827 5828
f 5828 5827 5829
f 5828 5829 5830
f 5828 5830 5831
f 5831 5830 5832
f 5831 5832 5833
f 5833 5834 5831
f 5831 5834 5835
f 5835 5834 5836
f 5836 5834 5833
f 5836 5833 5837
f 5837 5833 5832
f 5837 5832 5830
f 5620 5663 5838
f 5838 5663 5662
f 5838 5662 5839
f 5839 5662 5661
f 5839 5661 5660
f 5838 5839 5821
f 5821 5839 5822
f 5822 5839 5823
f 5823 5839 5824
f 5794 5795 5840
f 5840 5795 5543
f 5543 5558 5840
f 5840 5558 5841
f 5558 5557 5841
f 5841 5557 5556
f 5841 5556 5842
f 5842 5556 5555
f 5842 5555 5553
f 5842 5553 5843
f 5843 5553 5554
f 5843 5554 5550
f 5793 5816 5709
f 5709 5816 5844
f 5709 5844 5710
f 5710 5844 5845
f 5816 5815 5844
f 5844 5815 5814
f 5844 5814 5846
f 5846 5814 5813
f 5846 5813 5812
f 5794 5840 5800
f 5800 5840 5847
f 5800 5847 5801
f 5801 5847 5811
f 5811 5847 5812
f 5812 5847 5846
f 5840 5841 5847
f 5847 5841 5846
f 5841 5842 5846
f 5846 5842 5843
f 5846 5843 5844
f 5844 5843 5845
f 5710 5845 5792
f 5792 5845 5550
f 5845 5843 5550
f 5550 5548 5791
f 5791 5548 5547
f 5697 5695 5696
f 5697 5698 5699
f 5848 5849 5850
f 5848 5851 5852
f 5852 5851 5853
f 5853 5851 5850
f 5853 5850 5849
f 5850 5851 5848
f 5849 5852 5853
f 5854 5855 5856
f 5854 5857 5858
f 5854 5856 5857
f 5857 5856 5855
f 5857 5855 5858
f 5858 5855 5859
f 5858 5859 5860
f 5860 5859 5861
f 5855 5861 5859
f 5861 5858 5860
f 5862 5863 5864
f 5862 5865 5866
f 5863 5866 5867
f 5863 5867 5864
f 5864 5867 5862
f 5862 5867 5865
f 5865 5867 5866
f 5868 5869 5870
f 5868 5871 5872
f 5869 5873 5874
f 5869 5874 5870
f 5870 5874 5873
f 5870 5873 5868
f 5868 5873 5875
f 5868 5875 5871
f 5871 5875 5872
f 5873 5872 5875
f 5876 5877 5878
f 5876 5879 5880
f 5877 5881 5882
f 5877 5882 5878
f 5878 5882 5881
f 5878 5881 5876
f 5876 5881 5883
f 5876 5883 5879
f 5879 5883 5880
f 5881 5880 5883
f 5530 5532 5884
f 5529 5528 5885
f 5885 5532 5529
f 5529 5532 5531
f 5532 5884 5531
f 5536 5722 5717
f 5717 5719 5718
f 5719 5717 5527
f 5534 5537 5533
f 5533 5537 5535
f 5535 5536 5715
f 5538 5886 5887
f 5539 5537 5538
f 5539 5538 5887
f 5539 5887 5721
f 5721 5887 5886
f 5721 5886 5803
f 5721 5803 5804
f 5804 5686 5721
f 5721 5686 5885
f 5721 5885 5528
f 5721 5528 5719
f 5528 5527 5719
f 5719 5527 5720
f 5527 5529 5720
f 5720 5529 5888
f 5888 5529 5531
f 5531 5530 5888
f 5888 5530 5691
f 5691 5530 5686
f 5686 5530 5884
f 5686 5884 5532
f 5686 5532 5885
f 5803 5886 5714
f 5714 5886 5534
f 5534 5886 5538
f 5695 5683 5694
f 5694 5683 5681
f 5683 5680 5682
f 5680 5678 5679
f 5678 5687 5685
f 5687 5689 5688
f 5689 5691 5690
f 5691 5720 5888
f 5720 5699 5716
f 5889 5651 5649
f 5889 5649 5647
f 5889 5647 5651
f 5651 5647 5836
f 5836 5837 5651
f 5651 5837 5653
f 5653 5837 5654
f 5654 5837 5655
f 5643 5890 5647
f 5647 5890 5836
f 5890 5835 5836
f 5835 5890 5831
f 5831 5890 5642
f 5831 5642 5828
f 5828 5642 5614
f 5828 5614 5825
f 5825 5614 5891
f 5825 5891 5821
f 5642 5890 5643
f 5821 5891 5838
f 5838 5891 5892
f 5838 5892 5620
f 5620 5892 5619
f 5619 5892 5617
f 5617 5892 5616
f 5616 5892 5614
f 5614 5892 5891
f 5893 5894 5895
f 5893 5895 5896
f 5893 5896 5897
f 5897 5896 5894
f 5897 5894 1527
f 1527 5894 5898
f 1527 5898 5899
f 5899 5898 5900
f 5896 5895 5894
f 5898 5901 5900
f 5900 5901 5902
f 5901 5903 5902
f 5902 5903 5904
f 5902 5904 5905
f 5902 5905 5903
f 5905 5904 5903
f 5900 5902 5906
f 5900 5906 5899
f 5899 5906 5907
f 5899 5907 1527
f 1527 5907 5897
f 5893 5897 5908
f 5766 5908 5909
f 5766 5909 5910
f 5910 5909 5897
f 5910 5897 5911
f 5911 5897 5912
f 5911 5912 5768
f 5768 5912 5770
f 5908 5897 5909
f 5768 5766 5911
f 5911 5766 5910
f 5897 5907 5912
f 5912 5907 5913
f 5912 5913 5770
f 5770 5913 5771
f 5913 5914 5771
f 5771 5914 5772
f 5914 5915 5772
f 5772 5915 5916
f 5772 5916 5917
f 5917 5916 5903
f 5917 5903 5918
f 5772 5918 5919
f 5919 5903 5920
f 5920 5903 5921
f 5772 5917 5918
f 5920 5922 5923
f 5920 5923 5924
f 5924 5923 5922
f 5924 5922 5925
f 5925 5926 5924
f 5924 5926 5588
f 5588 5926 5927
f 5927 5926 5928
f 5927 5928 5929
f 5925 5922 5926
f 5930 5931 5932
f 5932 5922 5930
f 5930 5922 5933
f 5930 5933 5934
f 5934 5933 5935
f 5934 5935 5936
f 5936 5935 5937
f 5936 5938 5934
f 5939 5940 5941
f 5941 5940 5942
f 5942 5940 5943
f 5942 5943 5944
f 5942 5943 5945
f 5942 5945 5946
f 5942 5946 5947
f 5938 5939 5941
f 5938 5941 5942
f 5938 5942 5947
f 5938 5947 5948
f 5939 5949 5940
f 5940 5949 5950
f 5934 5938 5930
f 5930 5938 5951
f 5930 5951 5931
f 5931 5951 5952
f 5931 5952 5953
f 5953 5952 5954
f 5952 5951 5955
f 5955 5951 5956
f 5956 5951 5957
f 5957 5951 5947
f 5957 5947 5958
f 5958 5947 5946
f 5958 5946 5945
f 5947 5951 5948
f 5948 5951 5938
f 5931 5926 5932
f 5932 5926 5922
f 5920 5924 5959
f 5959 5924 5919
f 5920 5959 5919
f 5919 5918 5903
f 5921 5903 5901
f 5921 5901 5920
f 5920 5901 5898
f 5920 5898 5960
f 5960 5898 5894
f 5960 5894 5893
f 5960 5893 5961
f 5961 5962 5960
f 5963 5962 5964
f 5964 5962 5908
f 5908 5962 5893
f 5893 5962 5961
f 5962 5965 5960
f 5960 5965 5966
f 5960 5966 5920
f 5920 5966 5967
f 5920 5967 5922
f 5922 5967 5933
f 5933 5967 5935
f 5935 5967 5966
f 5935 5966 5937
f 5937 5966 5965
f 5908 5766 5968
f 5968 5766 5969
f 5968 5969 5970
f 5969 5766 5971
f 5971 5766 5972
f 5972 5766 5973
f 5973 5766 5974
f 5973 5974 5975
f 5975 5974 5976
f 5975 5976 5977
f 5977 5976 5978
f 5963 5975 5977
f 5976 5979 5978
f 5978 5979 5980
f 5979 5981 5980
f 5980 5981 5949
f 5980 5949 5939
f 5949 5981 5950
f 5950 5981 5982
f 5982 5981 5983
f 5983 5981 5984
f 5973 5975 5985
f 5985 5975 5986
f 5986 5975 5987
f 5987 5975 5970
f 5975 5963 5970
f 5970 5963 5968
f 5908 5968 5964
f 5964 5968 5963
f 5916 5915 5903
f 5903 5915 5902
f 5915 5914 5902
f 5902 5914 5906
f 5914 5913 5906
f 5906 5913 5907
f 5938 5936 5988
f 5938 5988 5939
f 5939 5988 5980
f 5980 5988 5978
f 5978 5988 5989
f 5978 5989 5977
f 5977 5989 5962
f 5977 5962 5963
f 5962 5989 5965
f 5965 5989 5937
f 5937 5989 5988
f 5937 5988 5936
f 5929 5954 5990
f 5990 5954 5952
f 5990 5952 5991
f 5990 5991 5929
f 5929 5991 5992
f 5929 5992 5993
f 5993 5992 5952
f 5993 5952 5994
f 5994 5952 5955
f 5994 5955 5995
f 5995 5955 5996
f 5992 5991 5952
f 5955 5956 5996
f 5996 5956 5997
f 5956 5957 5997
f 5997 5957 5998
f 5998 5957 1442
f 1442 5957 5958
f 1442 5958 5999
f 5999 5958 6000
f 6000 6001 6002
f 6002 6001 5945
f 6002 5945 6003
f 6002 6003 6000
f 6000 6003 5945
f 5945 5943 6000
f 6000 5943 6004
f 6000 6004 6005
f 6005 6006 6000
f 6000 6006 6007
f 6000 6007 5999
f 5999 6007 1442
f 1442 6007 5998
f 5998 6007 6008
f 5998 6008 5997
f 5997 6008 6009
f 5997 6009 5996
f 5996 6009 6010
f 5996 6010 5995
f 5995 6010 5993
f 5995 5993 5994
f 5927 5929 6011
f 5927 6011 6012
f 6012 6011 5929
f 6012 5929 6013
f 6013 5929 5993
f 6013 5993 6014
f 6013 6014 6012
f 6012 6014 6015
f 6012 6015 6016
f 6016 6015 5993
f 6016 5993 6017
f 6017 5993 6010
f 6017 6010 6018
f 6018 6010 6019
f 5993 6015 6014
f 6010 6009 6019
f 6019 6009 6020
f 6009 6008 6020
f 6020 6008 6021
f 6008 6007 6021
f 6021 6007 6006
f 6012 6016 6022
f 6022 6016 6017
f 6022 6017 6018
f 6022 6018 6023
f 6023 6018 6019
f 6023 6019 5580
f 5580 6019 6020
f 5580 6020 5579
f 5579 6020 6021
f 5579 6021 6024
f 6024 6021 6006
f 6024 6006 6005
f 6024 6005 6025
f 6025 6005 6004
f 6025 6004 6026
f 6026 6004 5943
f 6026 5943 6027
f 6027 5943 6028
f 6027 6028 6025
f 6025 6028 5943
f 6027 6025 6026
f 6025 5943 6029
f 6025 6029 6030
f 6030 6029 5594
f 5943 5940 6029
f 6029 5940 6031
f 6029 6031 6032
f 6032 6033 6029
f 6029 6033 5594
f 6033 5984 5594
f 5594 5984 6034
f 6034 5984 6035
f 6035 5984 5981
f 6035 5981 6036
f 6036 5981 5781
f 6001 6000 5945
f 5945 6000 5958
f 5749 6037 5746
f 5746 6037 5745
f 5745 6037 5744
f 5744 6037 6038
f 5744 6038 5743
f 5743 6038 5587
f 6038 6039 5587
f 5587 6039 5588
f 6039 6040 5588
f 5588 6040 6041
f 5588 6041 5924
f 5924 6041 5919
f 5919 6041 5772
f 5772 6041 6042
f 6042 6041 6043
f 6043 6041 5776
f 5776 6041 5778
f 5778 6041 5780
f 5780 6041 5810
f 5810 6041 6040
f 5931 5953 5926
f 5926 5953 5928
f 5953 5954 5928
f 5928 5954 5929
f 5584 5618 6012
f 6012 5618 5927
f 5618 5588 5927
f 6012 6022 5584
f 5584 6022 5585
f 5585 6022 5583
f 5583 6022 6023
f 5583 6023 5582
f 5582 6023 5581
f 6023 5580 5581
f 5579 6024 5589
f 5589 6024 5590
f 6024 6025 5590
f 5590 6025 5591
f 5591 6025 5592
f 5592 6025 6030
f 5592 6030 5593
f 5749 6044 6037
f 6044 6045 6037
f 6037 6045 6038
f 6038 6045 6039
f 6039 6045 6046
f 6039 6046 6040
f 6040 6046 6047
f 6047 5810 6040
f 5776 5775 6043
f 5775 5774 6043
f 6043 5774 6042
f 5774 5772 6042
f 5766 5763 5974
f 6048 6049 5971
f 5971 6049 5969
f 6049 6050 5969
f 5969 6050 5970
f 6050 6051 5970
f 5970 6051 5987
f 6051 6052 5987
f 5987 6052 5986
f 5971 5972 6048
f 6048 5972 6053
f 5972 5973 6053
f 6053 5973 6054
f 5973 5985 6054
f 6054 5985 6055
f 5985 5986 6055
f 6055 5986 6052
f 5763 5784 5974
f 5974 5784 5976
f 5784 5783 5976
f 5976 5783 5979
f 5783 5732 5979
f 5979 5732 5981
f 5781 5668 6036
f 5668 5669 6036
f 6036 5669 6035
f 5669 5670 6035
f 6035 5670 6034
f 5670 5594 6034
f 5594 5593 6030
f 5732 5781 5981
f 6056 6057 6032
f 6032 6057 6033
f 6057 6058 6033
f 6033 6058 5984
f 6058 6059 5984
f 5984 6059 5983
f 6059 6060 5983
f 5983 6060 5982
f 6032 6031 6056
f 6056 6031 6061
f 6031 5940 6061
f 6061 5940 6062
f 5940 5950 6062
f 6062 5950 6063
f 5950 5982 6063
f 6063 5982 6060
f 5655 5837 6064
f 6064 5837 5830
f 6064 5830 5829
f 5655 6064 5656
f 5656 6064 5658
f 6064 6065 5658
f 5658 6065 5659
f 6064 5829 6065
f 6065 5829 5827
f 6065 5827 6066
f 6066 5827 5826
f 6066 5826 5824
f 5824 5839 6066
f 6066 5839 5660
f 6066 5660 5659
f 6066 5659 6065
f 5806 5810 6067
f 6067 5810 6047
f 6067 6047 6046
f 6046 6045 6067
f 6067 6045 6044
f 6067 6044 5749
f 5749 5748 6067
f 6067 5748 5747
f 6067 5747 5600
f 5806 6067 5600
f 5600 5747 5601
f 5601 5747 5606
f 5606 5747 5605
f 5747 5750 5605
f 5605 5750 5599
f 5758 6050 5790
f 5790 6050 6049
f 5790 6049 6048
f 5790 6048 5819
f 5819 6048 5820
f 5820 6048 6053
f 5820 6053 6054
f 5820 6054 5753
f 5753 6054 5754
f 6054 6055 5754
f 5754 6055 5755
f 6055 6052 5755
f 5755 6052 5756
f 5756 6052 6051
f 5756 6051 5757
f 5757 6051 6050
f 6050 5758 5757
f 5869 5683 5873
f 5873 5683 5695
f 5873 5695 5852
f 5852 5695 5848
f 5848 5695 5849
f 5849 5695 5881
f 5849 5881 5877
f 5695 5697 5881
f 5881 5697 5880
f 5697 5699 5880
f 5880 5699 5720
f 5880 5720 5876
f 5876 5720 5691
f 5876 5691 5877
f 5877 5691 5872
f 5877 5872 5849
f 5849 5872 5852
f 5873 5852 5872
f 5872 5691 5868
f 5868 5691 5689
f 5868 5689 5866
f 5866 5689 5862
f 5862 5689 5863
f 5863 5689 5858
f 5863 5858 5861
f 5689 5687 5858
f 5858 5687 5854
f 5687 5678 5854
f 5854 5678 5680
f 5854 5680 5855
f 5855 5680 5683
f 5855 5683 5861
f 5861 5683 5869
f 5861 5869 5863
f 5863 5869 5866
f 5866 5869 5868
f 5737 5736 6059
f 6059 5736 6060
f 6060 5736 6063
f 5736 5735 6063
f 6063 5735 6062
f 6062 5735 6061
f 6061 5735 5742
f 6061 5742 5741
f 6061 5741 6056
f 6056 5741 6057
f 6057 5741 5740
f 6057 5740 6058
f 6058 5740 5737
f 6058 5737 6059
f 6068 6069 6070
f 6071 6072 6073
f 6074 6075 6076
f 6076 6075 6077
f 6078 6077 6079
f 6079 6080 6078
f 6078 6081 6082
f 6083 6084 6085
f 6086 6087 6088
f 6086 6088 6084
f 6084 6088 6089
f 6086 6084 6090
f 6090 6084 6083
f 6090 6083 6091
f 6091 6083 6092
f 6091 6092 6093
f 6093 6092 6094
f 6093 6094 6095
f 6083 6096 6097
f 6083 6097 6092
f 6092 6097 6098
f 6092 6098 6099
f 6099 6094 6092
f 6100 6101 6102
f 6100 6102 6103
f 6103 6102 6104
f 6103 6104 6105
f 6100 6103 6106
f 6106 6103 6107
f 6103 6105 6107
f 6108 6109 6110
f 6110 6109 6111
f 6111 6109 6112
f 6111 6112 6113
f 6113 6114 6111
f 6115 6116 6117
f 6117 6115 6118
f 6119 6118 6120
f 6120 6121 6122
f 6121 6123 6124
f 6116 6125 6115
f 6125 6126 6127
f 6127 6128 6129
f 6130 6131 6132
f 6133 6134 6135
f 6135 6134 6136
f 6135 6136 6107
f 6137 6138 6139
f 6139 6138 6140
f 6140 6138 6141
f 6141 6138 6142
f 6137 6143 6144
f 6144 6143 6102
f 6102 6143 6104
f 6104 6143 6105
f 6143 6145 6105
f 6105 6145 6135
f 6105 6135 6107
f 6139 6146 6137
f 6135 6145 6133
f 6133 6145 6147
f 6133 6147 6148
f 6148 6147 6146
f 6146 6147 6137
f 6137 6147 6143
f 6147 6145 6143
f 6102 6101 6149
f 6102 6149 6150
f 6150 6149 6151
f 6151 6152 6150
f 6102 6150 6144
f 6144 6150 6137
f 6137 6150 6138
f 6138 6150 6152
f 6138 6152 6153
f 6153 6152 6154
f 6153 6154 6142
f 6142 6154 6155
f 6142 6155 6141
f 6138 6153 6142
f 6152 6151 6154
f 6154 6151 6156
f 6156 6151 6149
f 6156 6149 6157
f 6157 6149 6158
f 6154 6156 6157
f 6149 6101 6158
f 6158 6101 6159
f 6158 6159 6160
f 6160 6159 6161
f 6160 6161 6162
f 6162 6161 6163
f 6162 6163 6164
f 6164 6163 6165
f 6164 6165 6166
f 6166 6165 6163
f 6166 6163 6167
f 6167 6163 6168
f 6168 6163 6169
f 6169 6163 6170
f 6170 6163 6171
f 6171 6163 6172
f 6172 6163 6173
f 6173 6163 6174
f 6163 6161 6174
f 6174 6161 6175
f 6174 6175 6176
f 6176 6175 6177
f 6177 6175 6178
f 6178 6175 6179
f 6166 6167 6180
f 6180 6167 6181
f 6181 6167 6182
f 6167 6183 6182
f 6182 6183 6184
f 6183 6185 6184
f 6184 6185 6186
f 6186 6185 6187
f 6187 6185 6188
f 6187 6188 6189
f 6189 6188 6190
f 6189 6190 6191
f 6164 6166 6192
f 6192 6166 6193
f 6192 6193 6194
f 6194 6195 6192
f 6192 6195 6196
f 6195 6194 6196
f 6194 6197 6196
f 6196 6197 6085
f 6196 6085 6198
f 6085 6197 6083
f 6198 6089 6196
f 6196 6089 6088
f 6196 6088 6087
f 6196 6087 6199
f 6199 6087 6086
f 6199 6086 6090
f 6090 6091 6199
f 6199 6091 6200
f 6200 6091 6201
f 6201 6091 6093
f 6180 6193 6166
f 6162 6164 6160
f 6160 6164 6158
f 6164 6192 6158
f 6158 6192 6196
f 6158 6196 6202
f 6202 6196 6070
f 6202 6070 6072
f 6202 6072 6071
f 6202 6071 6203
f 6203 6073 6202
f 6202 6073 6204
f 6202 6204 6205
f 6205 6206 6202
f 6202 6206 6207
f 6202 6207 6158
f 6158 6207 6157
f 6157 6207 6154
f 6154 6207 6208
f 6154 6208 6209
f 6208 6207 6210
f 6210 6207 6211
f 6211 6207 6212
f 6212 6207 6206
f 6204 6073 6213
f 6204 6213 6214
f 6214 6213 6069
f 6069 6068 6214
f 6214 6068 6215
f 6214 6215 6216
f 6216 6215 6217
f 6217 6218 6216
f 6216 6218 6074
f 6216 6074 6219
f 6219 6074 6076
f 6076 6074 6077
f 6219 6076 6220
f 6220 6076 6081
f 6220 6081 6079
f 6220 6079 6196
f 6196 6199 6220
f 6079 6081 6078
f 6068 6070 6218
f 6218 6070 6196
f 6218 6196 6074
f 6074 6196 6075
f 6075 6196 6079
f 6075 6079 6077
f 6159 6101 6161
f 6161 6101 6175
f 6175 6101 6100
f 6175 6100 6221
f 6221 6100 6106
f 6221 6106 6107
f 6221 6107 6222
f 6222 6107 6136
f 6136 6134 6223
f 6223 6134 6224
f 6110 6225 6226
f 6226 6225 6227
f 6226 6227 6228
f 6229 6227 6230
f 6227 6231 6230
f 6230 6231 6232
f 6232 6231 6233
f 6233 6231 6234
f 6235 6108 6236
f 6236 6108 6237
f 6237 6108 6110
f 6237 6110 6226
f 6226 6238 6237
f 6236 6239 6235
f 6235 6239 6108
f 6108 6239 6240
f 6108 6240 6241
f 6241 6240 6242
f 6241 6242 6123
f 6242 6240 6243
f 6243 6240 6244
f 6108 6241 6245
f 6245 6241 6246
f 6245 6246 6247
f 6247 6246 6120
f 6247 6120 6248
f 6248 6120 6249
f 6249 6120 6250
f 6250 6120 6118
f 6250 6118 6251
f 6251 6118 6252
f 6118 6115 6252
f 6252 6115 6253
f 6115 6125 6253
f 6253 6125 6254
f 6125 6127 6254
f 6254 6127 6255
f 6255 6127 6256
f 6256 6127 6129
f 6256 6129 6257
f 6257 6129 6258
f 6257 6258 6259
f 6259 6258 6260
f 6260 6258 6129
f 6259 6260 6261
f 6261 6260 6262
f 6260 6130 6262
f 6263 6262 6140
f 6140 6262 6264
f 6140 6264 6139
f 6139 6264 6265
f 6139 6265 6266
f 6266 6265 6130
f 6266 6130 6132
f 6132 6267 6266
f 6266 6267 6268
f 6266 6268 6269
f 6269 6270 6266
f 6266 6270 6271
f 6266 6271 6272
f 6266 6272 6139
f 6139 6272 6146
f 6146 6272 6148
f 6148 6272 6133
f 6272 6224 6133
f 6130 6265 6262
f 6265 6264 6262
f 6140 6141 6263
f 6263 6141 6155
f 6263 6155 6273
f 6273 6155 6154
f 6273 6154 6274
f 6274 6154 6275
f 6274 6275 6234
f 6234 6275 6233
f 6120 6246 6121
f 6121 6246 6123
f 6123 6246 6241
f 6245 6247 6276
f 6276 6247 6277
f 6276 6277 6109
f 6109 6277 6278
f 6109 6278 6279
f 6279 6278 6280
f 6279 6280 6113
f 6113 6280 6274
f 6113 6274 6114
f 6114 6274 6281
f 6113 6112 6279
f 6109 6279 6112
f 6109 6245 6276
f 6274 6234 6281
f 6281 6234 6231
f 6281 6231 6111
f 6111 6231 6110
f 6111 6114 6281
f 6110 6231 6225
f 6225 6231 6227
f 6123 6242 6124
f 6244 6240 6282
f 6282 6240 6239
f 6282 6239 6283
f 6283 6239 6238
f 6239 6236 6238
f 6238 6236 6237
f 6283 6284 6282
f 6282 6284 6285
f 6282 6285 6286
f 6286 6287 6282
f 6282 6287 6288
f 6289 6290 6291
f 6290 6292 6291
f 6289 6291 6190
f 6190 6188 6293
f 6293 6188 6185
f 6183 6167 6294
f 6294 6167 6168
f 6169 6170 6295
f 6295 6170 6171
f 6295 6171 6296
f 6296 6171 6172
f 6228 6227 6283
f 6283 6227 6284
f 6284 6227 6229
f 6284 6229 6297
f 6297 6285 6284
f 6297 6229 6285
f 6285 6229 6286
f 6286 6229 6298
f 6286 6298 6299
f 6299 6298 6300
f 6299 6300 6301
f 6301 6300 6302
f 6299 6301 6303
f 6299 6303 6288
f 6288 6287 6299
f 6299 6287 6286
f 6275 6304 6305
f 6275 6154 6304
f 6304 6154 6209
f 6304 6209 6306
f 6306 6307 6304
f 6304 6307 6308
f 6304 6308 6309
f 6304 6309 6305
f 6305 6309 6310
f 6305 6310 6311
f 6300 6298 6302
f 6302 6298 6230
f 6302 6230 6232
f 6312 6290 6313
f 6313 6290 6314
f 6314 6290 6315
f 6315 6290 6316
f 6316 6290 6317
f 6317 6290 6318
f 6318 6290 6314
f 6318 6314 6319
f 6318 6319 6320
f 6318 6320 6321
f 6321 6320 6322
f 6322 6320 6323
f 6322 6323 6324
f 6324 6323 6325
f 6314 6290 6319
f 6319 6290 6289
f 6292 6312 6291
f 6291 6312 6326
f 6326 6312 6327
f 6327 6312 6313
f 6327 6313 6328
f 6327 6328 6329
f 6329 6328 6314
f 6329 6314 6330
f 6330 6314 6331
f 6331 6314 6315
f 6331 6315 6316
f 6331 6316 6332
f 6332 6316 6333
f 6332 6333 6334
f 6332 6334 6335
f 6335 6334 6336
f 6336 6334 6337
f 6336 6337 6329
f 6329 6337 6327
f 6333 6316 6338
f 6338 6316 6317
f 6338 6317 6318
f 6338 6318 6339
f 6339 6318 6321
f 6326 6327 6291
f 6291 6327 6340
f 6291 6340 6337
f 6337 6334 6291
f 6291 6334 6333
f 6333 6338 6291
f 6291 6338 6339
f 6291 6339 6321
f 6247 6341 6277
f 6277 6341 6278
f 6341 6342 6278
f 6278 6342 6343
f 6278 6343 6280
f 6341 6247 6248
f 6341 6248 6249
f 6108 6245 6109
f 6298 6229 6230
f 6301 6344 6303
f 6303 6344 6288
f 6288 6344 6345
f 6345 6344 6346
f 6345 6346 6347
f 6347 6346 6319
f 6347 6319 6289
f 6346 6320 6319
f 6337 6340 6327
f 6314 6328 6313
f 6320 6346 6323
f 6323 6346 6348
f 6323 6348 6349
f 6349 6348 6350
f 6346 6344 6348
f 6348 6344 6351
f 6348 6351 6350
f 6350 6351 6305
f 6344 6301 6351
f 6351 6301 6302
f 6351 6302 6305
f 6305 6302 6275
f 6191 6352 6353
f 6180 6181 6193
f 6193 6181 6354
f 6193 6354 6355
f 6355 6354 6356
f 6355 6194 6193
f 6181 6182 6354
f 6354 6182 6184
f 6354 6184 6357
f 6357 6184 6186
f 6357 6186 6187
f 6354 6357 6356
f 6356 6357 6358
f 6200 6359 6353
f 6353 6359 6360
f 6353 6360 6191
f 6191 6360 6189
f 6189 6360 6187
f 6187 6360 6357
f 6357 6360 6358
f 6358 6360 6361
f 6360 6359 6361
f 6361 6359 6095
f 6361 6095 6094
f 6094 6099 6361
f 6361 6099 6358
f 6099 6098 6358
f 6358 6098 6097
f 6358 6097 6356
f 6356 6097 6096
f 6356 6096 6083
f 6095 6359 6093
f 6093 6359 6201
f 6359 6200 6201
f 6222 6136 6221
f 6221 6136 6223
f 6221 6223 6175
f 6175 6223 6224
f 6175 6224 6272
f 6175 6272 6271
f 6179 6175 6271
f 6179 6271 6270
f 6179 6270 6362
f 6362 6270 6269
f 6362 6269 6363
f 6363 6269 6268
f 6363 6268 6364
f 6364 6268 6267
f 6364 6267 6365
f 6365 6267 6132
f 6365 6132 6131
f 6262 6263 6261
f 6261 6263 6366
f 6261 6366 6259
f 6259 6366 6367
f 6263 6273 6366
f 6366 6273 6368
f 6366 6368 6367
f 6367 6368 6369
f 6369 6370 6371
f 6371 6370 6372
f 6372 6370 6373
f 6373 6370 6374
f 6370 6375 6374
f 6374 6375 6376
f 6376 6375 6377
f 6377 6375 6378
f 6377 6378 6379
f 6379 6378 6380
f 6378 6342 6380
f 6380 6342 6381
f 6381 6342 6382
f 6369 6371 6367
f 6367 6371 6372
f 6367 6372 6383
f 6383 6372 6373
f 6383 6373 6374
f 6367 6383 6259
f 6259 6383 6257
f 6257 6383 6256
f 6256 6383 6255
f 6089 6198 6084
f 6084 6198 6085
f 6194 6355 6197
f 6197 6355 6083
f 6355 6356 6083
f 6384 6220 6385
f 6386 6387 6388
f 6386 6389 6390
f 6390 6389 6391
f 6391 6389 6388
f 6391 6388 6387
f 6388 6389 6386
f 6390 6391 6387
f 6392 6393 6394
f 6392 6395 6396
f 6392 6394 6395
f 6395 6394 6396
f 6394 6393 6396
f 6396 6393 6397
f 6393 6398 6397
f 6397 6398 6399
f 6393 6399 6398
f 6399 6396 6397
f 6400 6401 6402
f 6400 6403 6404
f 6401 6404 6405
f 6400 6401 6403
f 6401 6405 6403
f 6403 6405 6404
f 6406 6407 6408
f 6406 6409 6410
f 6407 6411 6412
f 6407 6412 6408
f 6408 6412 6406
f 6412 6411 6406
f 6406 6411 6409
f 6411 6413 6409
f 6409 6413 6410
f 6411 6410 6413
f 6414 6415 6416
f 6414 6417 6418
f 6415 6419 6420
f 6415 6420 6416
f 6416 6420 6414
f 6420 6419 6414
f 6414 6419 6417
f 6419 6421 6417
f 6417 6421 6418
f 6419 6418 6421
f 6073 6203 6071
f 6072 6203 6213
f 6072 6213 6073
f 6070 6069 6072
f 6069 6213 6072
f 6215 6068 6218
f 6215 6218 6217
f 6077 6078 6082
f 6077 6082 6076
f 6082 6081 6076
f 6311 6384 6422
f 6311 6310 6309
f 6311 6309 6308
f 6384 6385 6311
f 6311 6385 6305
f 6305 6385 6350
f 6350 6385 6220
f 6350 6220 6349
f 6349 6220 6199
f 6349 6199 6325
f 6349 6325 6323
f 6220 6216 6219
f 6216 6204 6214
f 6204 6206 6205
f 6206 6211 6212
f 6211 6208 6210
f 6208 6306 6209
f 6306 6308 6307
f 6342 6378 6343
f 6343 6378 6280
f 6280 6378 6274
f 6274 6378 6375
f 6274 6375 6370
f 6274 6370 6273
f 6273 6370 6368
f 6370 6369 6368
f 6423 6424 6425
f 6423 6425 6426
f 6426 6425 6427
f 6427 6425 6428
f 6428 6425 6429
f 6428 6429 6430
f 6430 6429 6431
f 6431 6429 6432
f 6432 6429 6433
f 6433 6429 6425
f 6433 6425 6424
f 6434 6435 6436
f 6436 6435 6437
f 6435 6438 6437
f 6437 6438 6439
f 6440 6441 6442
f 6440 6442 6443
f 6440 6443 6441
f 6441 6443 6444
f 6441 6444 6445
f 6445 6444 6442
f 6445 6442 6446
f 6446 6442 6447
f 6446 6447 2237
f 2237 6447 6448
f 6444 6443 6442
f 6447 6449 6448
f 6448 6449 6450
f 6450 6449 6451
f 6451 6449 6452
f 6451 6452 6453
f 6453 6452 6454
f 6453 6454 6455
f 6455 6454 6456
f 6456 6457 6458
f 6458 6457 6434
f 6458 6434 6459
f 6458 6459 6456
f 6456 6459 6434
f 6457 6456 6434
f 6434 6456 6454
f 6460 6441 6461
f 6441 6462 6461
f 6461 6462 6463
f 6461 6463 6464
f 6461 6464 6465
f 6465 6464 6431
f 6434 6454 6435
f 6435 6454 6438
f 6454 6452 6438
f 6438 6452 6449
f 6438 6449 6466
f 6466 6449 6447
f 6466 6447 6442
f 6441 6460 6442
f 6442 6460 6466
f 6460 6461 6466
f 6466 6461 6467
f 6466 6467 6438
f 6438 6468 6439
f 6439 6468 6469
f 6468 6470 6471
f 6471 6470 6472
f 6471 6472 6473
f 6473 6472 6474
f 6473 6474 6475
f 6475 6474 6296
f 6296 6474 6295
f 6295 6474 6476
f 6473 6477 6471
f 6471 6477 6478
f 6471 6478 6131
f 6131 6478 6479
f 6131 6479 6365
f 6365 6479 6480
f 6365 6480 6364
f 6364 6480 6363
f 6480 6481 6363
f 6363 6481 6362
f 6131 6130 6471
f 6471 6130 6260
f 6471 6260 6439
f 6439 6260 6437
f 6260 6482 6437
f 6437 6482 6436
f 6439 6469 6471
f 6471 6469 6468
f 6438 6483 6468
f 6484 6468 6485
f 6484 6485 6486
f 6486 6485 6487
f 6486 6487 6488
f 6488 6487 6433
f 6488 6433 6424
f 6424 6423 6488
f 6426 6489 6490
f 6490 6489 6491
f 6491 6489 6492
f 6491 6492 6293
f 6293 6492 6493
f 6489 6494 6492
f 6492 6494 6495
f 6492 6495 6496
f 6496 6497 6492
f 6492 6497 6493
f 6493 6497 6498
f 6498 6497 6499
f 6498 6499 6500
f 6500 6501 6498
f 6498 6501 6502
f 6498 6502 6427
f 6427 6502 6426
f 6498 6427 6503
f 6503 6427 6428
f 6503 6428 6504
f 6504 6428 6430
f 6504 6430 6505
f 6505 6430 6431
f 6504 6505 6506
f 6506 6505 6282
f 6282 6505 6507
f 6507 6505 6508
f 6507 6508 6509
f 6509 6508 6510
f 6508 6511 6510
f 6510 6511 6124
f 6124 6511 6512
f 6512 6511 6513
f 6512 6513 6514
f 6508 6505 6515
f 6515 6505 6516
f 6516 6505 6517
f 6517 6505 6518
f 6505 6431 6518
f 6518 6431 6464
f 6518 6464 6514
f 6514 6464 6512
f 6501 6489 6502
f 6502 6489 6426
f 6423 6426 6490
f 6423 6490 6491
f 6423 6491 6519
f 6423 6519 6520
f 6433 6487 6432
f 6432 6487 6521
f 6432 6521 6431
f 6431 6521 6467
f 6461 6465 6431
f 6431 6522 6461
f 6431 6467 6522
f 6522 6467 6461
f 6487 6485 6521
f 6521 6485 6468
f 6521 6468 6467
f 6467 6468 6483
f 6467 6483 6438
f 6129 6128 6482
f 6482 6128 6523
f 6128 6127 6523
f 6523 6127 6126
f 6523 6126 6524
f 6524 6126 6125
f 6524 6125 6116
f 6117 6118 6525
f 6525 6118 6119
f 6525 6119 6120
f 6525 6120 6526
f 6526 6120 6122
f 6526 6122 6121
f 6121 6512 6526
f 6482 6260 6129
f 6296 6172 6475
f 6172 6173 6475
f 6475 6173 6473
f 6295 6476 6169
f 6173 6174 6473
f 6473 6174 6477
f 6174 6176 6477
f 6477 6176 6478
f 6176 6177 6478
f 6478 6177 6479
f 6177 6178 6479
f 6479 6178 6480
f 6178 6179 6480
f 6480 6179 6481
f 6179 6362 6481
f 6168 6169 6474
f 6474 6169 6476
f 6474 6294 6168
f 6183 6294 6527
f 6183 6527 6528
f 6183 6528 6185
f 6185 6528 6293
f 6293 6493 6190
f 6335 6336 6495
f 6495 6336 6496
f 6496 6336 6497
f 6497 6336 6329
f 6497 6329 6499
f 6499 6329 6330
f 6330 6500 6499
f 6495 6494 6335
f 6335 6494 6332
f 6332 6494 6489
f 6332 6489 6331
f 6331 6489 6501
f 6331 6501 6500
f 6500 6330 6331
f 6529 6530 6531
f 6529 6531 6532
f 6529 6532 6533
f 6533 6532 6530
f 6533 6530 6534
f 6534 6530 6535
f 6534 6535 6536
f 6536 6535 6537
f 6536 6537 2322
f 2322 6537 6538
f 6538 6539 6540
f 6540 6539 6519
f 6531 6530 6532
f 6538 6540 6519
f 6538 6519 6491
f 6539 6538 6519
f 6519 6538 6537
f 6289 6190 6498
f 6498 6190 6493
f 6498 6503 6289
f 6289 6503 6347
f 6503 6504 6347
f 6347 6504 6345
f 6504 6506 6345
f 6345 6506 6288
f 6121 6124 6512
f 6124 6242 6510
f 6242 6243 6510
f 6510 6243 6509
f 6243 6244 6509
f 6509 6244 6507
f 6244 6282 6507
f 6282 6288 6506
f 6541 6542 6513
f 6513 6542 6514
f 6514 6542 6518
f 6518 6542 6543
f 6518 6543 6517
f 6517 6543 6544
f 6517 6544 6545
f 6545 6516 6517
f 6513 6511 6541
f 6541 6511 6546
f 6546 6511 6547
f 6547 6511 6508
f 6547 6508 6548
f 6548 6508 6515
f 6548 6515 6516
f 6516 6545 6548
f 6491 6549 6538
f 6538 6549 6550
f 6538 6550 6551
f 6551 6550 6552
f 6551 6552 6553
f 6553 6552 6554
f 6553 6554 6533
f 6533 6554 6555
f 6533 6555 6556
f 6538 6551 2322
f 2322 6551 6536
f 6551 6553 6536
f 6536 6553 6534
f 6553 6533 6534
f 6529 6533 6557
f 6557 6533 6558
f 6557 6558 6474
f 6474 6558 6556
f 6474 6556 6555
f 6533 6556 6558
f 6474 6555 6294
f 6294 6555 6554
f 6294 6554 6527
f 6527 6554 6552
f 6527 6552 6528
f 6528 6552 6550
f 6528 6550 6293
f 6293 6550 6549
f 6293 6549 6559
f 6559 6549 6491
f 6559 6491 6560
f 6560 6491 6561
f 6560 6561 6293
f 6293 6561 6491
f 6560 6293 6559
f 6520 6519 6537
f 6520 6537 6423
f 6423 6537 6562
f 6423 6562 6488
f 6488 6562 6486
f 6537 6535 6562
f 6562 6535 6530
f 6562 6530 6529
f 6562 6529 6563
f 6563 6484 6562
f 6562 6484 6486
f 6484 6529 6557
f 6472 6557 6474
f 6557 6472 6564
f 6564 6472 6484
f 6472 6470 6484
f 6484 6470 6468
f 6564 6484 6557
f 6484 6563 6529
f 6464 6462 6512
f 6512 6462 6565
f 6565 6445 6566
f 6566 6445 6567
f 6566 6567 6512
f 6512 6567 6568
f 6512 6568 6526
f 6526 6568 6569
f 6526 6569 2237
f 6565 6566 6512
f 6526 2237 6525
f 6525 2237 6570
f 6525 6570 6117
f 6117 6570 6571
f 6117 6571 6116
f 6116 6571 6572
f 6116 6572 6524
f 6524 6572 6573
f 6524 6573 6574
f 6524 6574 6523
f 6523 6574 6575
f 6523 6575 6576
f 6576 6575 6434
f 6576 6434 6577
f 6577 6434 6578
f 6577 6578 6523
f 6523 6578 6436
f 6436 6578 6434
f 6579 6436 6482
f 6579 6482 6523
f 6576 6577 6523
f 6579 6523 6436
f 6434 6575 6456
f 6456 6575 6574
f 6456 6574 6573
f 6567 6445 6568
f 6568 6445 6569
f 6565 6462 6445
f 6445 6462 6441
f 6445 6446 2237
f 6462 6464 6463
f 6445 2237 6580
f 6580 2237 6448
f 6580 6448 6581
f 6581 6448 6450
f 6581 6450 6582
f 6582 6450 6451
f 6582 6451 6583
f 6583 6451 6453
f 6583 6453 6455
f 6455 6456 6583
f 6583 6456 6573
f 6583 6573 6572
f 6583 6572 6582
f 6582 6572 6571
f 6582 6571 6581
f 6581 6571 6570
f 6581 6570 6580
f 6580 6570 2237
f 6580 2237 6569
f 6445 6580 6569
f 6383 6584 6255
f 6255 6584 6254
f 6254 6584 6253
f 6253 6584 6585
f 6253 6585 6252
f 6252 6585 6586
f 6252 6586 6251
f 6251 6586 6587
f 6251 6587 6250
f 6250 6587 6249
f 6249 6587 6341
f 6341 6587 6342
f 6342 6587 6382
f 6382 6587 6381
f 6381 6587 6380
f 6380 6587 6586
f 6380 6586 6379
f 6379 6586 6377
f 6586 6585 6377
f 6377 6585 6376
f 6585 6584 6376
f 6376 6584 6374
f 6383 6374 6584
f 6200 6588 6199
f 6199 6588 6325
f 6200 6353 6588
f 6588 6353 6325
f 6325 6353 6324
f 6324 6353 6352
f 6324 6352 6589
f 6589 6352 6321
f 6321 6322 6589
f 6589 6322 6324
f 6352 6590 6321
f 6352 6191 6590
f 6590 6191 6190
f 6590 6190 6591
f 6591 6190 6291
f 6291 6321 6591
f 6591 6321 6590
f 6292 6290 6312
f 6302 6232 6592
f 6592 6232 6233
f 6592 6233 6275
f 6302 6592 6275
f 6133 6224 6134
f 6226 6228 6593
f 6593 6228 6594
f 6594 6228 6283
f 6594 6283 6595
f 6595 6283 6596
f 6596 6283 6238
f 6596 6238 6597
f 6597 6238 6226
f 6597 6226 6598
f 6598 6226 6593
f 6414 6410 6415
f 6415 6410 6411
f 6415 6411 6204
f 6204 6411 6404
f 6204 6404 6401
f 6204 6401 6206
f 6206 6401 6211
f 6411 6407 6404
f 6404 6407 6400
f 6204 6216 6415
f 6415 6216 6419
f 6419 6216 6418
f 6418 6216 6220
f 6418 6220 6384
f 6418 6384 6414
f 6414 6384 6386
f 6414 6386 6390
f 6414 6390 6410
f 6410 6390 6387
f 6410 6387 6406
f 6406 6387 6308
f 6406 6308 6392
f 6392 6308 6306
f 6392 6306 6393
f 6393 6306 6399
f 6306 6208 6399
f 6399 6208 6211
f 6399 6211 6396
f 6396 6211 6401
f 6396 6401 6400
f 6400 6407 6396
f 6396 6407 6392
f 6407 6406 6392
f 6387 6386 6308
f 6308 6386 6311
f 6384 6311 6386
f 6544 6594 6545
f 6594 6595 6545
f 6545 6595 6548
f 6548 6595 6596
f 6548 6596 6547
f 6547 6596 6546
f 6546 6596 6597
f 6546 6597 6541
f 6541 6597 6598
f 6541 6598 6542
f 6542 6598 6593
f 6542 6593 6543
f 6543 6593 6544
f 6544 6593 6594
f 6599 6600 6601
f 6602 6603 6604
f 6605 6606 6607
f 6608 6609 6610
f 6611 6612 6613
f 6614 6615 6616
f 6617 6618 6619
f 6620 6621 6622
f 6623 6624 6625
f 6626 6627 6628
f 6629 6630 6631
f 6631 6632 6600
f 6604 6603 6633
f 6633 6603 6634
f 6603 6635 6634
f 6634 6633 6636
f 6637 6638 6639
f 6637 6639 6640
f 6639 6641 6640
f 6642 6643 6644
f 6642 6644 6645
f 6644 6643 6646
f 6646 6643 6647
f 6646 6647 6648
f 6648 6647 6649
f 6649 6647 6650
f 6646 6648 6644
f 6651 6652 6650
f 6650 6652 6649
f 6652 6653 6649
f 6649 6653 6654
f 6654 6653 6655
f 6654 6655 6649
f 6655 6656 6649
f 6649 6656 6648
f 6648 6656 6657
f 6648 6657 6644
f 6644 6657 6645
f 6645 6657 6658
f 6658 6657 6639
f 6657 6641 6639
f 6641 6657 6640
f 6653 6659 6655
f 6655 6659 6660
f 6655 6660 6606
f 6606 6660 6661
f 6645 6658 6642
f 6642 6658 6638
f 6658 6639 6638
f 6662 6663 6664
f 6662 6665 6663
f 6663 6665 6651
f 6663 6651 6666
f 6666 6651 6650
f 6651 6665 6652
f 6666 6650 6667
f 6667 6650 6647
f 6667 6647 6643
f 6667 6643 6642
f 6642 6638 6667
f 6667 6638 6668
f 6638 6637 6668
f 6668 6637 6640
f 6667 6668 6669
f 6669 6668 6670
f 6670 6668 6656
f 6656 6668 6657
f 6657 6668 6640
f 6666 6671 6663
f 6663 6671 6672
f 6672 6671 6606
f 6606 6671 6673
f 6673 6671 6674
f 6607 6606 6661
f 6669 6670 6656
f 6669 6656 6675
f 6675 6670 6669
f 6661 6662 6664
f 6662 6661 6660
f 6662 6660 6665
f 6665 6660 6659
f 6665 6659 6653
f 6653 6652 6665
f 6661 6664 6607
f 6607 6664 6605
f 6605 6664 6663
f 6605 6663 6606
f 6606 6663 6672
f 6655 6606 6673
f 6655 6676 6656
f 6671 6677 6674
f 6674 6677 6673
f 6666 6667 6671
f 6678 6679 6680
f 6680 6679 6681
f 6681 6679 6682
f 6682 6679 6683
f 6682 6683 6684
f 6684 6683 6685
f 6680 6686 6678
f 6687 6688 6689
f 6687 6689 6690
f 6687 6690 6691
f 6691 6692 6687
f 6687 6692 6693
f 6687 6693 6694
f 6687 6694 6695
f 6695 6694 6696
f 6696 6694 6693
f 6696 6693 6697
f 6697 6693 6698
f 6696 6699 6695
f 6695 6699 6687
f 6687 6699 6688
f 6688 6699 6696
f 6688 6696 6697
f 6697 6698 6688
f 6688 6698 6700
f 6688 6700 6701
f 6701 6700 6702
f 6701 6702 6683
f 6683 6702 6703
f 6683 6703 6685
f 6701 6704 6688
f 6688 6704 6690
f 6688 6690 6689
f 6698 6705 6700
f 6693 6706 6698
f 6698 6706 6705
f 6705 6706 6707
f 6705 6707 6700
f 6700 6707 6702
f 6693 6692 6706
f 6706 6692 6707
f 6707 6692 6708
f 6708 6692 6709
f 6708 6709 6710
f 6711 6710 6712
f 6712 6710 6713
f 6712 6713 6714
f 6713 6686 6714
f 6710 6709 6713
f 6713 6709 6715
f 6713 6715 6679
f 6679 6715 6683
f 6683 6715 6716
f 6710 6711 6703
f 6703 6711 6685
f 6702 6707 6708
f 6702 6708 6710
f 6702 6710 6703
f 6686 6717 6714
f 6686 6713 6678
f 6678 6713 6679
f 6683 6715 6718
f 6718 6715 6716
f 6685 6711 6712
f 6701 6683 6704
f 6691 6690 6692
f 6709 6692 6719
f 6709 6719 6720
f 6610 6609 6721
f 6610 6721 6722
f 6722 6721 6723
f 6722 6723 6724
f 6724 6723 6725
f 6616 6615 6613
f 6726 6727 6614
f 6728 6729 6730
f 6729 6731 6732
f 6731 6732 6733
f 6733 6732 6726
f 6733 6726 6734
f 6734 6726 6735
f 6734 6735 6616
f 6616 6735 6613
f 6616 6735 6614
f 6614 6735 6726
f 6726 6732 6727
f 6727 6732 6731
f 6736 6615 6614
f 6615 6737 6613
f 6613 6737 6611
f 6611 6737 6612
f 6612 6737 6738
f 6612 6738 6739
f 6739 6738 6740
f 6741 6742 6743
f 6742 6743 6744
f 6744 6743 6745
f 6744 6745 6746
f 6746 6745 6747
f 6746 6747 6748
f 6748 6747 6749
f 6748 6749 6750
f 6750 6749 6751
f 6750 6751 6752
f 6750 6751 6748
f 6751 6749 6748
f 6753 6741 6754
f 6754 6741 6755
f 6754 6755 6756
f 6756 6755 6757
f 6756 6757 6758
f 6758 6757 6759
f 6757 6760 6759
f 6759 6760 6761
f 6760 6762 6761
f 6761 6762 6763
f 6762 6764 6763
f 6763 6764 6765
f 6763 6765 6766
f 6753 6754 6767
f 6767 6754 6768
f 6767 6768 6769
f 6769 6770 6767
f 6767 6770 6771
f 6770 6772 6771
f 6771 6772 6773
f 6772 6774 6773
f 6773 6774 6775
f 6774 6776 6775
f 6775 6776 6777
f 6776 6778 6777
f 6777 6778 6779
f 6777 6779 6780
f 6780 6779 6781
f 6780 6781 6782
f 6782 6781 6783
f 6782 6783 6784
f 6784 6783 6785
f 6784 6785 6786
f 6786 6785 6787
f 6786 6787 6788
f 6788 6787 6789
f 6787 6790 6789
f 6789 6790 6766
f 6790 6791 6766
f 6766 6791 6763
f 6791 6792 6763
f 6763 6792 6793
f 6763 6793 6761
f 6761 6793 6794
f 6761 6794 6759
f 6759 6794 6795
f 6759 6795 6758
f 6758 6795 6796
f 6758 6796 6756
f 6756 6796 6768
f 6756 6768 6754
f 6753 6767 6741
f 6741 6767 6742
f 6767 6771 6742
f 6742 6771 6744
f 6771 6773 6744
f 6744 6773 6746
f 6773 6775 6746
f 6746 6775 6777
f 6746 6777 6748
f 6748 6777 6780
f 6748 6780 6751
f 6751 6780 6782
f 6751 6782 6752
f 6752 6797 6798
f 6797 6798 6799
f 6799 6798 6800
f 6799 6800 6801
f 6801 6800 6802
f 6801 6802 6803
f 6782 6784 6752
f 6752 6784 6797
f 6797 6784 6799
f 6799 6784 6786
f 6799 6786 6801
f 6801 6786 6788
f 6801 6788 6789
f 6801 6789 6803
f 6803 6789 6766
f 6803 6766 6765
f 6765 6764 6804
f 6764 6762 6804
f 6804 6762 6805
f 6804 6805 6764
f 6764 6805 6762
f 6781 6779 6806
f 6806 6779 6807
f 6806 6807 6808
f 6808 6807 6809
f 6809 6807 6810
f 6810 6807 6811
f 6811 6807 6812
f 6812 6807 6813
f 6812 6813 6814
f 6814 6813 6815
f 6779 6778 6807
f 6807 6778 6813
f 6778 6776 6813
f 6813 6776 6816
f 6813 6816 6815
f 6815 6816 6817
f 6817 6816 6818
f 6818 6816 6819
f 6818 6819 6820
f 6820 6819 6821
f 6820 6821 6822
f 6822 6821 6823
f 6822 6823 6824
f 6823 6821 6769
f 6769 6821 6770
f 6770 6821 6772
f 6772 6821 6819
f 6772 6819 6774
f 6774 6819 6816
f 6774 6816 6776
f 6769 6768 6823
f 6823 6768 6825
f 6823 6825 6824
f 6824 6825 6826
f 6826 6825 6827
f 6827 6825 6828
f 6827 6828 6829
f 6829 6828 6830
f 6829 6830 6831
f 6831 6830 6832
f 6831 6832 6833
f 6833 6832 6834
f 6768 6796 6825
f 6825 6796 6828
f 6796 6795 6828
f 6828 6795 6830
f 6795 6794 6830
f 6830 6794 6832
f 6794 6793 6832
f 6832 6793 6835
f 6832 6835 6834
f 6834 6835 6836
f 6836 6835 6837
f 6837 6835 6838
f 6837 6838 6839
f 6839 6838 6840
f 6840 6838 6841
f 6838 6835 6791
f 6791 6835 6792
f 6835 6793 6792
f 6791 6790 6838
f 6838 6790 6842
f 6838 6842 6841
f 6841 6842 6843
f 6843 6842 6844
f 6844 6842 6845
f 6844 6845 6846
f 6846 6845 6785
f 6846 6785 6783
f 6785 6845 6787
f 6787 6845 6842
f 6787 6842 6790
f 6844 6846 6847
f 6847 6846 6848
f 6847 6848 6849
f 6849 6848 6806
f 6849 6806 6808
f 6806 6848 6781
f 6781 6848 6783
f 6846 6783 6848
f 6811 6812 6810
f 6810 6812 6814
f 6810 6814 6850
f 6850 6814 6851
f 6850 6851 6852
f 6852 6851 6853
f 6852 6853 6854
f 6854 6853 6855
f 6854 6855 6856
f 6856 6855 6857
f 6856 6857 6858
f 6856 6858 6730
f 6856 6730 6859
f 6856 6859 6854
f 6854 6859 6860
f 6854 6860 6861
f 6854 6861 6852
f 6852 6861 6862
f 6852 6862 6850
f 6850 6862 6863
f 6850 6863 6810
f 6810 6863 6809
f 6808 6809 6863
f 6730 6858 6864
f 6864 6858 6740
f 6857 6855 6865
f 6865 6855 6866
f 6866 6855 6867
f 6867 6855 6868
f 6868 6855 6869
f 6869 6855 6870
f 6869 6870 6871
f 6871 6870 6872
f 6871 6872 6619
f 6619 6872 6873
f 6872 6870 6874
f 6874 6870 6875
f 6815 6817 6814
f 6814 6817 6851
f 6876 6617 6872
f 6872 6617 6873
f 6873 6617 6619
f 6872 6874 6876
f 6876 6874 6875
f 6875 6877 6876
f 6876 6877 6878
f 6617 6869 6619
f 6619 6869 6871
f 6869 6867 6868
f 6867 6865 6866
f 6865 6879 6857
f 6857 6879 6880
f 6881 6882 6883
f 6881 6884 6885
f 6881 6885 6886
f 6881 6883 6884
f 6884 6883 6885
f 6883 6882 6885
f 6885 6882 6887
f 6882 6888 6887
f 6887 6888 6889
f 6882 6889 6888
f 6889 6886 6887
f 6887 6886 6885
f 6619 6618 6890
f 6890 6618 6873
f 6619 6891 6617
f 6617 6891 6892
f 6617 6892 6893
f 6618 6893 6873
f 6873 6893 6894
f 6894 6893 6892
f 6873 6894 6890
f 6890 6894 6619
f 6619 6894 6891
f 6891 6894 6892
f 6895 6896 6897
f 6897 6896 6898
f 6899 6900 6895
f 6896 6901 6898
f 6898 6901 6902
f 6902 6901 6903
f 6898 6902 6897
f 6897 6902 6895
f 6902 6903 6895
f 6669 6904 6667
f 6858 6857 6880
f 6858 6880 6879
f 6879 6905 6906
f 6907 6878 6908
f 6908 6878 6909
f 6909 6878 6877
f 6908 6910 6907
f 6907 6910 6911
f 6905 6911 6912
f 6905 6912 6906
f 6906 6912 6911
f 6906 6911 6913
f 6913 6911 6914
f 6913 6914 6915
f 6915 6914 6827
f 6915 6827 6829
f 6829 6831 6915
f 6915 6831 6916
f 6915 6916 6913
f 6913 6916 6917
f 6913 6917 6918
f 6918 6917 6919
f 6918 6919 6612
f 6612 6739 6918
f 6918 6739 6740
f 6918 6740 6858
f 6858 6879 6918
f 6918 6879 6913
f 6879 6906 6913
f 6919 6917 6920
f 6920 6917 6921
f 6920 6921 6922
f 6922 6921 6923
f 6917 6916 6921
f 6921 6916 6924
f 6921 6924 6925
f 6925 6924 6834
f 6925 6834 6836
f 6836 6837 6925
f 6925 6837 6839
f 6925 6839 6926
f 6926 6839 6840
f 6926 6840 6841
f 6926 6923 6925
f 6925 6923 6921
f 6834 6924 6833
f 6833 6924 6831
f 6916 6831 6924
f 6927 6928 6929
f 6930 6927 6929
f 6930 6931 6928
f 6930 6929 6931
f 6931 6929 6928
f 6895 6903 6899
f 6903 6932 6899
f 6899 6932 6900
f 6901 6900 6903
f 6903 6900 6932
f 6933 6934 6935
f 6935 6934 6936
f 6933 6937 6938
f 6934 6939 6936
f 6936 6939 6940
f 6940 6939 6941
f 6936 6940 6935
f 6935 6940 6933
f 6940 6941 6933
f 6933 6941 6937
f 6941 6942 6937
f 6937 6942 6938
f 6939 6938 6941
f 6941 6938 6942
f 6943 6944 6631
f 6631 6944 6945
f 6631 6945 6629
f 6943 6631 6600
f 6943 6600 6946
f 6946 6600 6599
f 6946 6599 6947
f 6947 6599 6601
f 6947 6601 6948
f 6948 6601 6630
f 6948 6630 6945
f 6945 6630 6629
f 6945 6944 6630
f 6630 6944 6943
f 6630 6943 6631
f 6945 6630 6949
f 6949 6630 6601
f 6949 6601 6948
f 6948 6601 6599
f 6948 6599 6947
f 6947 6599 6600
f 6947 6600 6946
f 6946 6600 6632
f 6946 6632 6950
f 6950 6632 6943
f 6943 6632 6631
f 6944 6945 6943
f 6943 6945 6949
f 6943 6949 6950
f 6950 6949 6948
f 6950 6948 6946
f 6946 6948 6947
f 6951 6947 6952
f 6952 6947 6953
f 6952 6953 6954
f 6952 6954 6951
f 6951 6954 6955
f 6955 6954 6953
f 6955 6953 6951
f 6951 6953 6956
f 6951 6956 6908
f 6908 6956 6957
f 6957 6956 6958
f 6958 6956 6914
f 6956 6953 6914
f 6914 6953 6948
f 6948 6953 6947
f 6947 6909 6946
f 6946 6909 6943
f 6909 6877 6943
f 6943 6877 6944
f 6944 6877 6945
f 6945 6877 6875
f 6875 6870 6945
f 6945 6870 6914
f 6945 6914 6948
f 6947 6951 6909
f 6951 6908 6909
f 6957 6959 6908
f 6908 6959 6910
f 6910 6959 6960
f 6960 6961 6910
f 6910 6961 6911
f 6953 6954 6956
f 6954 6602 6956
f 6633 6957 6604
f 6604 6957 6959
f 6957 6633 6961
f 6961 6633 6634
f 6961 6634 6960
f 6960 6634 6636
f 6960 6636 6604
f 6960 6604 6959
f 6961 6960 6959
f 6961 6959 6957
f 6961 6634 6962
f 6634 6635 6962
f 6962 6635 6963
f 6636 6960 6959
f 6636 6959 6604
f 6961 6962 6963
f 6961 6963 6911
f 6911 6963 6914
f 6914 6963 6958
f 6958 6963 6957
f 6957 6963 6962
f 6603 6963 6635
f 6963 6603 6962
f 6603 6633 6962
f 6962 6633 6957
f 6603 6958 6633
f 6633 6958 6957
f 6602 6604 6958
f 6958 6604 6957
f 6602 6958 6603
f 6704 6683 6914
f 6704 6914 6690
f 6914 6870 6690
f 6690 6870 6691
f 6691 6870 6692
f 6692 6870 6719
f 6719 6870 6720
f 6720 6870 6709
f 6870 6964 6709
f 6709 6964 6824
f 6709 6824 6826
f 6709 6826 6715
f 6715 6826 6716
f 6716 6826 6718
f 6718 6826 6827
f 6718 6827 6683
f 6683 6827 6914
f 6741 6755 6965
f 6755 6965 6757
f 6757 6965 6966
f 6757 6966 6760
f 6760 6966 6967
f 6760 6967 6762
f 6762 6967 6805
f 6841 6843 6926
f 6926 6843 6968
f 6926 6968 6923
f 6923 6968 6922
f 6843 6844 6968
f 6968 6844 6969
f 6968 6969 6970
f 6970 6969 6971
f 6970 6971 6613
f 6613 6971 6616
f 6616 6971 6734
f 6734 6971 6972
f 6734 6972 6733
f 6733 6972 6731
f 6613 6611 6970
f 6970 6611 6919
f 6970 6919 6920
f 6919 6611 6612
f 6920 6922 6970
f 6970 6922 6968
f 6844 6847 6969
f 6969 6847 6973
f 6969 6973 6971
f 6971 6973 6972
f 6808 6863 6849
f 6849 6863 6974
f 6849 6974 6847
f 6847 6974 6973
f 6862 6861 6863
f 6863 6861 6974
f 6860 6859 6861
f 6861 6859 6975
f 6861 6975 6974
f 6974 6975 6973
f 6973 6975 6972
f 6972 6975 6731
f 6731 6975 6729
f 6729 6975 6728
f 6728 6975 6730
f 6730 6975 6859
f 6622 6621 6741
f 6622 6741 6742
f 6622 6742 6976
f 6976 6742 6744
f 6976 6744 6977
f 6977 6744 6746
f 6977 6746 6978
f 6978 6746 6748
f 6978 6748 6979
f 6979 6748 6980
f 6748 6751 6980
f 6980 6751 6981
f 6981 6751 6982
f 6982 6751 6752
f 6982 6752 6983
f 6983 6752 6797
f 6983 6797 6984
f 6984 6797 6799
f 6984 6799 6985
f 6985 6799 6801
f 6985 6801 6986
f 6986 6801 6987
f 6801 6803 6987
f 6987 6803 6988
f 6803 6765 6988
f 6988 6765 6989
f 6765 6764 6989
f 6989 6764 6990
f 6764 6762 6990
f 6990 6762 6991
f 6991 6762 6992
f 6992 6762 6760
f 6992 6760 6993
f 6993 6760 6994
f 6760 6757 6994
f 6994 6757 6995
f 6757 6755 6995
f 6995 6755 6621
f 6621 6755 6741
f 6620 6622 6996
f 6996 6622 6997
f 6996 6997 6998
f 6998 6997 6999
f 6625 6624 7000
f 6625 7000 7001
f 7001 7000 7002
f 7001 7002 7003
f 7003 7002 7004
f 7003 7004 7005
f 7005 7004 7006
f 7005 7006 7007
f 7006 7004 7008
f 7008 7004 7002
f 7008 7002 7009
f 7009 7002 7000
f 6625 7001 6988
f 6988 7001 6987
f 7001 7003 6987
f 6987 7003 6986
f 6628 6627 7010
f 6628 7010 7011
f 7011 7010 7012
f 7011 7012 7013
f 7013 7012 7007
f 7007 7012 7005
f 7005 7012 7014
f 7005 7014 7003
f 7003 7014 6986
f 6986 7014 6985
f 6985 7014 6984
f 7012 7010 7014
f 7014 7010 6984
f 6984 7010 6983
f 6983 7010 6627
f 6983 6627 6982
f 6982 6627 7015
f 6982 7015 6981
f 6981 7015 6980
f 6627 6626 7015
f 7015 6626 7016
f 7015 7016 6980
f 6980 7016 7017
f 6980 7017 6979
f 6979 7017 6978
f 6626 6628 7016
f 7016 6628 7018
f 7016 7018 7017
f 7017 7018 7019
f 7017 7019 6978
f 6978 7019 7020
f 6978 7020 6977
f 6977 7020 6976
f 6628 7011 7018
f 7018 7011 7021
f 7018 7021 7019
f 7019 7021 7022
f 7019 7022 7020
f 7020 7022 7023
f 7020 7023 6976
f 6976 7023 6622
f 6622 7023 6997
f 6997 7023 7024
f 6997 7024 6999
f 6999 7024 7025
f 7025 7024 7026
f 7026 7024 7027
f 7026 7027 7006
f 7006 7027 7007
f 7007 7027 7013
f 7013 7027 7021
f 7013 7021 7011
f 7021 7027 7022
f 7022 7027 7024
f 7022 7024 7023
f 7006 7008 7026
f 7026 7008 7028
f 7026 7028 7025
f 7025 7028 6999
f 7008 7009 7028
f 7028 7009 7029
f 7028 7029 7030
f 7030 7029 7031
f 7030 7031 7032
f 7032 7031 6993
f 7032 6993 6994
f 6994 6995 7032
f 7032 6995 7033
f 7032 7033 7030
f 7030 7033 7034
f 7030 7034 7028
f 7028 7034 6999
f 6999 7034 6998
f 6998 7034 6996
f 6995 6621 7033
f 7033 6621 7035
f 7033 7035 7034
f 7034 7035 6996
f 6996 7035 6620
f 6620 7035 6621
f 7009 7000 7029
f 7029 7000 6624
f 7029 6624 7036
f 7036 6624 6623
f 7036 6623 7037
f 7037 6623 6625
f 7037 6625 7038
f 7038 6625 6988
f 7038 6988 6989
f 6989 6990 7038
f 7038 6990 6991
f 7038 6991 7037
f 7037 6991 7039
f 7037 7039 7036
f 7036 7039 7031
f 7036 7031 7029
f 7031 7039 6993
f 6993 7039 6992
f 6991 6992 7039
f 6851 6817 7040
f 7040 6817 6818
f 7040 6818 6820
f 6851 7040 6853
f 6853 7040 7041
f 6853 7041 6855
f 6855 7041 6870
f 6870 7041 6964
f 6964 7041 6671
f 6964 6671 6824
f 6824 6671 6666
f 6824 6666 6667
f 6667 6904 6824
f 6824 6904 6669
f 6824 6669 6822
f 6822 6669 6670
f 6822 6670 6675
f 6822 6675 6820
f 6820 6675 6656
f 6671 7041 6677
f 6677 7041 6674
f 6674 7041 6673
f 6673 7041 6655
f 6655 7041 6676
f 6676 7041 6656
f 6656 7041 6820
f 7040 6820 7041
f 7042 6727 7043
f 6727 6731 7043
f 7043 6731 6729
f 7043 6729 6728
f 7043 6728 7044
f 7044 6728 6730
f 7044 6730 6864
f 6864 6740 7044
f 7044 6740 6738
f 7043 7044 7045
f 7045 7044 7046
f 7044 6738 7046
f 7046 6738 7047
f 6738 6737 7047
f 7048 6737 6615
f 7048 6615 6736
f 6736 6614 6726
f 6736 6726 7049
f 7049 6726 6727
f 7049 6727 7042
f 7045 7042 7043
f 6712 6684 6685
f 6681 6682 6714
f 6714 6682 6712
f 6712 6682 6684
f 6680 6681 6714
f 6680 6714 6717
f 6717 6686 6680
f 6896 6895 6881
f 6881 6895 6865
f 6881 6865 6867
f 6881 6867 6882
f 6882 6867 6889
f 6867 6869 6889
f 6889 6869 6617
f 6889 6617 6886
f 6886 6617 6618
f 6617 6876 6618
f 6618 6876 6878
f 6618 6878 6893
f 6893 6878 6901
f 6893 6901 6896
f 6893 6896 6617
f 6617 6896 6886
f 6896 6881 6886
f 6878 6934 6901
f 6901 6934 6900
f 6934 6933 6900
f 6900 6933 6930
f 6900 6930 6928
f 6900 6928 6895
f 6895 6928 6865
f 6928 6927 6865
f 6865 6927 6879
f 6879 6927 6905
f 6905 6927 6933
f 6905 6933 6938
f 6933 6927 6930
f 6905 6938 6911
f 6911 6938 6907
f 6938 6939 6907
f 6907 6939 6934
f 6907 6934 6878
f 6725 7046 6724
f 6724 7046 7047
f 6724 7047 6722
f 6722 7047 6737
f 6722 6737 6610
f 6610 6737 7048
f 6610 7048 6608
f 6608 7048 6736
f 6608 6736 6609
f 6609 6736 7049
f 6609 7049 6721
f 6721 7049 7042
f 6721 7042 6723
f 6723 7042 7045
f 6723 7045 6725
f 6725 7045 7046
f 7050 7051 7052
f 7053 7054 7055
f 7056 7057 7058
f 7059 7060 7061
f 7062 7063 7064
f 7065 7066 7067
f 7068 7069 7070
f 7071 7072 7073
f 7074 7075 7076
f 7077 7078 7079
f 7080 7081 7082
f 7082 7083 7051
f 7055 7054 7084
f 7084 7054 7085
f 7054 7086 7085
f 7085 7084 7087
f 7088 7089 7090
f 7088 7090 7091
f 7090 7092 7091
f 7093 7094 7095
f 7093 7095 7096
f 7095 7094 7097
f 7097 7094 7098
f 7097 7098 7099
f 7099 7098 7100
f 7100 7098 7101
f 7097 7099 7095
f 7102 7103 7101
f 7101 7103 7100
f 7103 7104 7100
f 7100 7104 7105
f 7105 7104 7106
f 7105 7106 7100
f 7106 7107 7100
f 7100 7107 7099
f 7099 7107 7108
f 7099 7108 7095
f 7095 7108 7096
f 7096 7108 7109
f 7109 7108 7090
f 7108 7092 7090
f 7092 7108 7091
f 7104 7110 7106
f 7106 7110 7111
f 7106 7111 7057
f 7057 7111 7112
f 7096 7109 7093
f 7093 7109 7089
f 7109 7090 7089
f 7113 7114 7115
f 7113 7116 7114
f 7114 7116 7102
f 7114 7102 7117
f 7117 7102 7101
f 7102 7116 7103
f 7117 7101 7118
f 7118 7101 7098
f 7118 7098 7094
f 7118 7094 7093
f 7093 7089 7118
f 7118 7089 7119
f 7089 7088 7119
f 7119 7088 7091
f 7118 7119 7120
f 7120 7119 7121
f 7121 7119 7107
f 7107 7119 7108
f 7108 7119 7091
f 7117 7122 7114
f 7114 7122 7123
f 7123 7122 7057
f 7057 7122 7124
f 7124 7122 7125
f 7058 7057 7112
f 7120 7121 7107
f 7120 7107 7126
f 7126 7121 7120
f 7112 7113 7115
f 7113 7112 7111
f 7113 7111 7116
f 7116 7111 7110
f 7116 7110 7104
f 7104 7103 7116
f 7112 7115 7058
f 7058 7115 7056
f 7056 7115 7114
f 7056 7114 7057
f 7057 7114 7123
f 7106 7057 7124
f 7106 7127 7107
f 7122 7128 7125
f 7125 7128 7124
f 7117 7118 7122
f 7129 7130 7131
f 7131 7130 7132
f 7132 7130 7133
f 7133 7130 7134
f 7133 7134 7135
f 7135 7134 7136
f 7131 7137 7129
f 7138 7139 7140
f 7138 7140 7141
f 7138 7141 7142
f 7142 7143 7138
f 7138 7143 7144
f 7138 7144 7145
f 7138 7145 7146
f 7146 7145 7147
f 7147 7145 7144
f 7147 7144 7148
f 7148 7144 7149
f 7147 7150 7146
f 7146 7150 7138
f 7138 7150 7139
f 7139 7150 7147
f 7139 7147 7148
f 7148 7149 7139
f 7139 7149 7151
f 7139 7151 7152
f 7152 7151 7153
f 7152 7153 7134
f 7134 7153 7154
f 7134 7154 7136
f 7152 7155 7139
f 7139 7155 7141
f 7139 7141 7140
f 7149 7156 7151
f 7144 7157 7149
f 7149 7157 7156
f 7156 7157 7158
f 7156 7158 7151
f 7151 7158 7153
f 7144 7143 7157
f 7157 7143 7158
f 7158 7143 7159
f 7159 7143 7160
f 7159 7160 7161
f 7162 7161 7163
f 7163 7161 7164
f 7163 7164 7165
f 7164 7137 7165
f 7161 7160 7164
f 7164 7160 7166
f 7164 7166 7130
f 7130 7166 7134
f 7134 7166 7167
f 7161 7162 7154
f 7154 7162 7136
f 7153 7158 7159
f 7153 7159 7161
f 7153 7161 7154
f 7137 7168 7165
f 7137 7164 7129
f 7129 7164 7130
f 7134 7166 7169
f 7169 7166 7167
f 7136 7162 7163
f 7152 7134 7155
f 7142 7141 7143
f 7160 7143 7170
f 7160 7170 7171
f 7061 7060 7172
f 7061 7172 7173
f 7173 7172 7174
f 7173 7174 7175
f 7175 7174 7176
f 7067 7066 7064
f 7177 7178 7065
f 7179 7180 7181
f 7180 7182 7183
f 7182 7183 7184
f 7184 7183 7177
f 7184 7177 7185
f 7185 7177 7186
f 7185 7186 7067
f 7067 7186 7064
f 7067 7186 7065
f 7065 7186 7177
f 7177 7183 7178
f 7178 7183 7182
f 7187 7066 7065
f 7066 7188 7064
f 7064 7188 7062
f 7062 7188 7063
f 7063 7188 7189
f 7063 7189 7190
f 7190 7189 7191
f 7192 7193 7194
f 7193 7194 7195
f 7195 7194 7196
f 7195 7196 7197
f 7197 7196 7198
f 7197 7198 7199
f 7199 7198 7200
f 7199 7200 7201
f 7201 7200 7202
f 7201 7202 7203
f 7201 7202 7199
f 7202 7200 7199
f 7204 7192 7205
f 7205 7192 7206
f 7205 7206 7207
f 7207 7206 7208
f 7207 7208 7209
f 7209 7208 7210
f 7208 7211 7210
f 7210 7211 7212
f 7211 7213 7212
f 7212 7213 7214
f 7213 7215 7214
f 7214 7215 7216
f 7214 7216 7217
f 7204 7205 7218
f 7218 7205 7219
f 7218 7219 7220
f 7220 7221 7218
f 7218 7221 7222
f 7221 7223 7222
f 7222 7223 7224
f 7223 7225 7224
f 7224 7225 7226
f 7225 7227 7226
f 7226 7227 7228
f 7227 7229 7228
f 7228 7229 7230
f 7228 7230 7231
f 7231 7230 7232
f 7231 7232 7233
f 7233 7232 7234
f 7233 7234 7235
f 7235 7234 7236
f 7235 7236 7237
f 7237 7236 7238
f 7237 7238 7239
f 7239 7238 7240
f 7238 7241 7240
f 7240 7241 7217
f 7241 7242 7217
f 7217 7242 7214
f 7242 7243 7214
f 7214 7243 7244
f 7214 7244 7212
f 7212 7244 7245
f 7212 7245 7210
f 7210 7245 7246
f 7210 7246 7209
f 7209 7246 7247
f 7209 7247 7207
f 7207 7247 7219
f 7207 7219 7205
f 7204 7218 7192
f 7192 7218 7193
f 7218 7222 7193
f 7193 7222 7195
f 7222 7224 7195
f 7195 7224 7197
f 7224 7226 7197
f 7197 7226 7228
f 7197 7228 7199
f 7199 7228 7231
f 7199 7231 7202
f 7202 7231 7233
f 7202 7233 7203
f 7203 7248 7249
f 7248 7249 7250
f 7250 7249 7251
f 7250 7251 7252
f 7252 7251 7253
f 7252 7253 7254
f 7233 7235 7203
f 7203 7235 7248
f 7248 7235 7250
f 7250 7235 7237
f 7250 7237 7252
f 7252 7237 7239
f 7252 7239 7240
f 7252 7240 7254
f 7254 7240 7217
f 7254 7217 7216
f 7216 7215 7255
f 7215 7213 7255
f 7255 7213 7256
f 7255 7256 7215
f 7215 7256 7213
f 7232 7230 7257
f 7257 7230 7258
f 7257 7258 7259
f 7259 7258 7260
f 7260 7258 7261
f 7261 7258 7262
f 7262 7258 7263
f 7263 7258 7264
f 7263 7264 7265
f 7265 7264 7266
f 7230 7229 7258
f 7258 7229 7264
f 7229 7227 7264
f 7264 7227 7267
f 7264 7267 7266
f 7266 7267 7268
f 7268 7267 7269
f 7269 7267 7270
f 7269 7270 7271
f 7271 7270 7272
f 7271 7272 7273
f 7273 7272 7274
f 7273 7274 7275
f 7274 7272 7220
f 7220 7272 7221
f 7221 7272 7223
f 7223 7272 7270
f 7223 7270 7225
f 7225 7270 7267
f 7225 7267 7227
f 7220 7219 7274
f 7274 7219 7276
f 7274 7276 7275
f 7275 7276 7277
f 7277 7276 7278
f 7278 7276 7279
f 7278 7279 7280
f 7280 7279 7281
f 7280 7281 7282
f 7282 7281 7283
f 7282 7283 7284
f 7284 7283 7285
f 7219 7247 7276
f 7276 7247 7279
f 7247 7246 7279
f 7279 7246 7281
f 7246 7245 7281
f 7281 7245 7283
f 7245 7244 7283
f 7283 7244 7286
f 7283 7286 7285
f 7285 7286 7287
f 7287 7286 7288
f 7288 7286 7289
f 7288 7289 7290
f 7290 7289 7291
f 7291 7289 7292
f 7289 7286 7242
f 7242 7286 7243
f 7286 7244 7243
f 7242 7241 7289
f 7289 7241 7293
f 7289 7293 7292
f 7292 7293 7294
f 7294 7293 7295
f 7295 7293 7296
f 7295 7296 7297
f 7297 7296 7236
f 7297 7236 7234
f 7236 7296 7238
f 7238 7296 7293
f 7238 7293 7241
f 7295 7297 7298
f 7298 7297 7299
f 7298 7299 7300
f 7300 7299 7257
f 7300 7257 7259
f 7257 7299 7232
f 7232 7299 7234
f 7297 7234 7299
f 7262 7263 7261
f 7261 7263 7265
f 7261 7265 7301
f 7301 7265 7302
f 7301 7302 7303
f 7303 7302 7304
f 7303 7304 7305
f 7305 7304 7306
f 7305 7306 7307
f 7307 7306 7308
f 7307 7308 7309
f 7307 7309 7181
f 7307 7181 7310
f 7307 7310 7305
f 7305 7310 7311
f 7305 7311 7312
f 7305 7312 7303
f 7303 7312 7313
f 7303 7313 7301
f 7301 7313 7314
f 7301 7314 7261
f 7261 7314 7260
f 7259 7260 7314
f 7181 7309 7315
f 7315 7309 7191
f 7308 7306 7316
f 7316 7306 7317
f 7317 7306 7318
f 7318 7306 7319
f 7319 7306 7320
f 7320 7306 7321
f 7320 7321 7322
f 7322 7321 7323
f 7322 7323 7070
f 7070 7323 7324
f 7323 7321 7325
f 7325 7321 7326
f 7266 7268 7265
f 7265 7268 7302
f 7327 7068 7323
f 7323 7068 7324
f 7324 7068 7070
f 7323 7325 7327
f 7327 7325 7326
f 7326 7328 7327
f 7327 7328 7329
f 7068 7320 7070
f 7070 7320 7322
f 7320 7318 7319
f 7318 7316 7317
f 7316 7330 7308
f 7308 7330 7331
f 7332 7333 7334
f 7332 7335 7336
f 7332 7336 7337
f 7332 7334 7335
f 7335 7334 7336
f 7334 7333 7336
f 7336 7333 7338
f 7333 7339 7338
f 7338 7339 7340
f 7333 7340 7339
f 7340 7337 7338
f 7338 7337 7336
f 7070 7069 7341
f 7341 7069 7324
f 7070 7342 7068
f 7068 7342 7343
f 7068 7343 7344
f 7069 7344 7324
f 7324 7344 7345
f 7345 7344 7343
f 7324 7345 7341
f 7341 7345 7070
f 7070 7345 7342
f 7342 7345 7343
f 7346 7347 7348
f 7348 7347 7349
f 7350 7351 7346
f 7347 7352 7349
f 7349 7352 7353
f 7353 7352 7354
f 7349 7353 7348
f 7348 7353 7346
f 7353 7354 7346
f 7120 7355 7118
f 7309 7308 7331
f 7309 7331 7330
f 7330 7356 7357
f 7358 7329 7359
f 7359 7329 7360
f 7360 7329 7328
f 7359 7361 7358
f 7358 7361 7362
f 7356 7362 7363
f 7356 7363 7357
f 7357 7363 7362
f 7357 7362 7364
f 7364 7362 7365
f 7364 7365 7366
f 7366 7365 7278
f 7366 7278 7280
f 7280 7282 7366
f 7366 7282 7367
f 7366 7367 7364
f 7364 7367 7368
f 7364 7368 7369
f 7369 7368 7370
f 7369 7370 7063
f 7063 7190 7369
f 7369 7190 7191
f 7369 7191 7309
f 7309 7330 7369
f 7369 7330 7364
f 7330 7357 7364
f 7370 7368 7371
f 7371 7368 7372
f 7371 7372 7373
f 7373 7372 7374
f 7368 7367 7372
f 7372 7367 7375
f 7372 7375 7376
f 7376 7375 7285
f 7376 7285 7287
f 7287 7288 7376
f 7376 7288 7290
f 7376 7290 7377
f 7377 7290 7291
f 7377 7291 7292
f 7377 7374 7376
f 7376 7374 7372
f 7285 7375 7284
f 7284 7375 7282
f 7367 7282 7375
f 7378 7379 7380
f 7381 7378 7380
f 7381 7382 7379
f 7381 7380 7382
f 7382 7380 7379
f 7346 7354 7350
f 7354 7383 7350
f 7350 7383 7351
f 7352 7351 7354
f 7354 7351 7383
f 7384 7385 7386
f 7386 7385 7387
f 7384 7388 7389
f 7385 7390 7387
f 7387 7390 7391
f 7391 7390 7392
f 7387 7391 7386
f 7386 7391 7384
f 7391 7392 7384
f 7384 7392 7388
f 7392 7393 7388
f 7388 7393 7389
f 7390 7389 7392
f 7392 7389 7393
f 7394 7395 7082
f 7082 7395 7396
f 7082 7396 7080
f 7394 7082 7051
f 7394 7051 7397
f 7397 7051 7050
f 7397 7050 7398
f 7398 7050 7052
f 7398 7052 7399
f 7399 7052 7081
f 7399 7081 7396
f 7396 7081 7080
f 7396 7395 7081
f 7081 7395 7394
f 7081 7394 7082
f 7396 7081 7400
f 7400 7081 7052
f 7400 7052 7399
f 7399 7052 7050
f 7399 7050 7398
f 7398 7050 7051
f 7398 7051 7397
f 7397 7051 7083
f 7397 7083 7401
f 7401 7083 7394
f 7394 7083 7082
f 7395 7396 7394
f 7394 7396 7400
f 7394 7400 7401
f 7401 7400 7399
f 7401 7399 7397
f 7397 7399 7398
f 7402 7398 7403
f 7403 7398 7404
f 7403 7404 7405
f 7403 7405 7402
f 7402 7405 7406
f 7406 7405 7404
f 7406 7404 7402
f 7402 7404 7407
f 7402 7407 7359
f 7359 7407 7408
f 7408 7407 7409
f 7409 7407 7365
f 7407 7404 7365
f 7365 7404 7399
f 7399 7404 7398
f 7398 7360 7397
f 7397 7360 7394
f 7360 7328 7394
f 7394 7328 7395
f 7395 7328 7396
f 7396 7328 7326
f 7326 7321 7396
f 7396 7321 7365
f 7396 7365 7399
f 7398 7402 7360
f 7402 7359 7360
f 7408 7410 7359
f 7359 7410 7361
f 7361 7410 7411
f 7411 7412 7361
f 7361 7412 7362
f 7404 7405 7407
f 7405 7053 7407
f 7084 7408 7055
f 7055 7408 7410
f 7408 7084 7412
f 7412 7084 7085
f 7412 7085 7411
f 7411 7085 7087
f 7411 7087 7055
f 7411 7055 7410
f 7412 7411 7410
f 7412 7410 7408
f 7412 7085 7413
f 7085 7086 7413
f 7413 7086 7414
f 7087 7411 7410
f 7087 7410 7055
f 7412 7413 7414
f 7412 7414 7362
f 7362 7414 7365
f 7365 7414 7409
f 7409 7414 7408
f 7408 7414 7413
f 7054 7414 7086
f 7414 7054 7413
f 7054 7084 7413
f 7413 7084 7408
f 7054 7409 7084
f 7084 7409 7408
f 7053 7055 7409
f 7409 7055 7408
f 7053 7409 7054
f 7155 7134 7365
f 7155 7365 7141
f 7365 7321 7141
f 7141 7321 7142
f 7142 7321 7143
f 7143 7321 7170
f 7170 7321 7171
f 7171 7321 7160
f 7321 7415 7160
f 7160 7415 7275
f 7160 7275 7277
f 7160 7277 7166
f 7166 7277 7167
f 7167 7277 7169
f 7169 7277 7278
f 7169 7278 7134
f 7134 7278 7365
f 7192 7206 7416
f 7206 7416 7208
f 7208 7416 7417
f 7208 7417 7211
f 7211 7417 7418
f 7211 7418 7213
f 7213 7418 7256
f 7292 7294 7377
f 7377 7294 7419
f 7377 7419 7374
f 7374 7419 7373
f 7294 7295 7419
f 7419 7295 7420
f 7419 7420 7421
f 7421 7420 7422
f 7421 7422 7064
f 7064 7422 7067
f 7067 7422 7185
f 7185 7422 7423
f 7185 7423 7184
f 7184 7423 7182
f 7064 7062 7421
f 7421 7062 7370
f 7421 7370 7371
f 7370 7062 7063
f 7371 7373 7421
f 7421 7373 7419
f 7295 7298 7420
f 7420 7298 7424
f 7420 7424 7422
f 7422 7424 7423
f 7259 7314 7300
f 7300 7314 7425
f 7300 7425 7298
f 7298 7425 7424
f 7313 7312 7314
f 7314 7312 7425
f 7311 7310 7312
f 7312 7310 7426
f 7312 7426 7425
f 7425 7426 7424
f 7424 7426 7423
f 7423 7426 7182
f 7182 7426 7180
f 7180 7426 7179
f 7179 7426 7181
f 7181 7426 7310
f 7073 7072 7192
f 7073 7192 7193
f 7073 7193 7427
f 7427 7193 7195
f 7427 7195 7428
f 7428 7195 7197
f 7428 7197 7429
f 7429 7197 7199
f 7429 7199 7430
f 7430 7199 7431
f 7199 7202 7431
f 7431 7202 7432
f 7432 7202 7433
f 7433 7202 7203
f 7433 7203 7434
f 7434 7203 7248
f 7434 7248 7435
f 7435 7248 7250
f 7435 7250 7436
f 7436 7250 7252
f 7436 7252 7437
f 7437 7252 7438
f 7252 7254 7438
f 7438 7254 7439
f 7254 7216 7439
f 7439 7216 7440
f 7216 7215 7440
f 7440 7215 7441
f 7215 7213 7441
f 7441 7213 7442
f 7442 7213 7443
f 7443 7213 7211
f 7443 7211 7444
f 7444 7211 7445
f 7211 7208 7445
f 7445 7208 7446
f 7208 7206 7446
f 7446 7206 7072
f 7072 7206 7192
f 7071 7073 7447
f 7447 7073 7448
f 7447 7448 7449
f 7449 7448 7450
f 7076 7075 7451
f 7076 7451 7452
f 7452 7451 7453
f 7452 7453 7454
f 7454 7453 7455
f 7454 7455 7456
f 7456 7455 7457
f 7456 7457 7458
f 7457 7455 7459
f 7459 7455 7453
f 7459 7453 7460
f 7460 7453 7451
f 7076 7452 7439
f 7439 7452 7438
f 7452 7454 7438
f 7438 7454 7437
f 7079 7078 7461
f 7079 7461 7462
f 7462 7461 7463
f 7462 7463 7464
f 7464 7463 7458
f 7458 7463 7456
f 7456 7463 7465
f 7456 7465 7454
f 7454 7465 7437
f 7437 7465 7436
f 7436 7465 7435
f 7463 7461 7465
f 7465 7461 7435
f 7435 7461 7434
f 7434 7461 7078
f 7434 7078 7433
f 7433 7078 7466
f 7433 7466 7432
f 7432 7466 7431
f 7078 7077 7466
f 7466 7077 7467
f 7466 7467 7431
f 7431 7467 7468
f 7431 7468 7430
f 7430 7468 7429
f 7077 7079 7467
f 7467 7079 7469
f 7467 7469 7468
f 7468 7469 7470
f 7468 7470 7429
f 7429 7470 7471
f 7429 7471 7428
f 7428 7471 7427
f 7079 7462 7469
f 7469 7462 7472
f 7469 7472 7470
f 7470 7472 7473
f 7470 7473 7471
f 7471 7473 7474
f 7471 7474 7427
f 7427 7474 7073
f 7073 7474 7448
f 7448 7474 7475
f 7448 7475 7450
f 7450 7475 7476
f 7476 7475 7477
f 7477 7475 7478
f 7477 7478 7457
f 7457 7478 7458
f 7458 7478 7464
f 7464 7478 7472
f 7464 7472 7462
f 7472 7478 7473
f 7473 7478 7475
f 7473 7475 7474
f 7457 7459 7477
f 7477 7459 7479
f 7477 7479 7476
f 7476 7479 7450
f 7459 7460 7479
f 7479 7460 7480
f 7479 7480 7481
f 7481 7480 7482
f 7481 7482 7483
f 7483 7482 7444
f 7483 7444 7445
f 7445 7446 7483
f 7483 7446 7484
f 7483 7484 7481
f 7481 7484 7485
f 7481 7485 7479
f 7479 7485 7450
f 7450 7485 7449
f 7449 7485 7447
f 7446 7072 7484
f 7484 7072 7486
f 7484 7486 7485
f 7485 7486 7447
f 7447 7486 7071
f 7071 7486 7072
f 7460 7451 7480
f 7480 7451 7075
f 7480 7075 7487
f 7487 7075 7074
f 7487 7074 7488
f 7488 7074 7076
f 7488 7076 7489
f 7489 7076 7439
f 7489 7439 7440
f 7440 7441 7489
f 7489 7441 7442
f 7489 7442 7488
f 7488 7442 7490
f 7488 7490 7487
f 7487 7490 7482
f 7487 7482 7480
f 7482 7490 7444
f 7444 7490 7443
f 7442 7443 7490
f 7302 7268 7491
f 7491 7268 7269
f 7491 7269 7271
f 7302 7491 7304
f 7304 7491 7492
f 7304 7492 7306
f 7306 7492 7321
f 7321 7492 7415
f 7415 7492 7122
f 7415 7122 7275
f 7275 7122 7117
f 7275 7117 7118
f 7118 7355 7275
f 7275 7355 7120
f 7275 7120 7273
f 7273 7120 7121
f 7273 7121 7126
f 7273 7126 7271
f 7271 7126 7107
f 7122 7492 7128
f 7128 7492 7125
f 7125 7492 7124
f 7124 7492 7106
f 7106 7492 7127
f 7127 7492 7107
f 7107 7492 7271
f 7491 7271 7492
f 7493 7178 7494
f 7178 7182 7494
f 7494 7182 7180
f 7494 7180 7179
f 7494 7179 7495
f 7495 7179 7181
f 7495 7181 7315
f 7315 7191 7495
f 7495 7191 7189
f 7494 7495 7496
f 7496 7495 7497
f 7495 7189 7497
f 7497 7189 7498
f 7189 7188 7498
f 7499 7188 7066
f 7499 7066 7187
f 7187 7065 7177
f 7187 7177 7500
f 7500 7177 7178
f 7500 7178 7493
f 7496 7493 7494
f 7163 7135 7136
f 7132 7133 7165
f 7165 7133 7163
f 7163 7133 7135
f 7131 7132 7165
f 7131 7165 7168
f 7168 7137 7131
f 7347 7346 7332
f 7332 7346 7316
f 7332 7316 7318
f 7332 7318 7333
f 7333 7318 7340
f 7318 7320 7340
f 7340 7320 7068
f 7340 7068 7337
f 7337 7068 7069
f 7068 7327 7069
f 7069 7327 7329
f 7069 7329 7344
f 7344 7329 7352
f 7344 7352 7347
f 7344 7347 7068
f 7068 7347 7337
f 7347 7332 7337
f 7329 7385 7352
f 7352 7385 7351
f 7385 7384 7351
f 7351 7384 7381
f 7351 7381 7379
f 7351 7379 7346
f 7346 7379 7316
f 7379 7378 7316
f 7316 7378 7330
f 7330 7378 7356
f 7356 7378 7384
f 7356 7384 7389
f 7384 7378 7381
f 7356 7389 7362
f 7362 7389 7358
f 7389 7390 7358
f 7358 7390 7385
f 7358 7385 7329
f 7176 7497 7175
f 7175 7497 7498
f 7175 7498 7173
f 7173 7498 7188
f 7173 7188 7061
f 7061 7188 7499
f 7061 7499 7059
f 7059 7499 7187
f 7059 7187 7060
f 7060 7187 7500
f 7060 7500 7172
f 7172 7500 7493
f 7172 7493 7174
f 7174 7493 7496
f 7174 7496 7176
f 7176 7496 7497
f 7501 7502 7503
f 7504 7505 7506
f 7507 7508 7509
f 7507 7509 7510
f 7510 7509 7511
f 7511 7508 7512
f 7511 7513 7510
f 7514 7515 7516
f 7517 7518 7519
f 7519 7520 7516
f 7516 7515 7519
f 7519 7515 7521
f 7519 7521 7517
f 7517 7521 7522
f 7517 7522 7523
f 7523 7522 7524
f 7523 7524 7525
f 7525 7526 7523
f 7526 7525 7527
f 7527 7525 7528
f 7528 7525 7524
f 7529 7530 7526
f 7526 7530 7523
f 7530 7531 7523
f 7523 7531 7532
f 7523 7532 7517
f 7533 7534 7535
f 7535 7534 7536
f 7536 7534 7537
f 7537 7538 7536
f 7539 7533 7535
f 7539 7535 7540
f 7540 7535 7541
f 7540 7541 7542
f 7539 7540 7543
f 7543 7540 7544
f 7540 7542 7544
f 7545 7546 7547
f 7547 7546 7548
f 7548 7546 7549
f 7548 7549 7550
f 7550 7551 7548
f 7552 7553 7554
f 7554 7552 7555
f 7556 7555 7557
f 7557 7558 7559
f 7560 7561 7562
f 7553 7563 7552
f 7563 7564 7565
f 7565 7566 7567
f 7568 7569 7567
f 7570 7544 7571
f 7570 7571 7572
f 7572 7571 7573
f 7574 7575 7576
f 7571 7577 7573
f 7573 7577 7578
f 7573 7578 7579
f 7579 7578 7580
f 7580 7578 7575
f 7575 7578 7576
f 7576 7578 7581
f 7578 7577 7581
f 7544 7542 7571
f 7571 7542 7577
f 7542 7541 7577
f 7577 7541 7581
f 7541 7535 7581
f 7581 7535 7582
f 7581 7582 7576
f 7576 7583 7574
f 7574 7583 7584
f 7584 7583 7585
f 7585 7583 7586
f 7576 7582 7583
f 7583 7582 7535
f 7583 7535 7536
f 7536 7538 7583
f 7583 7538 7587
f 7583 7587 7586
f 7586 7587 7588
f 7587 7538 7588
f 7588 7538 7589
f 7588 7589 7534
f 7534 7589 7537
f 7537 7589 7538
f 7588 7534 7590
f 7590 7534 7591
f 7591 7592 7593
f 7593 7592 7558
f 7593 7558 7594
f 7592 7591 7595
f 7592 7595 7562
f 7562 7595 7560
f 7534 7533 7591
f 7591 7533 7596
f 7591 7596 7595
f 7595 7596 7533
f 7595 7533 7597
f 7597 7533 7598
f 7598 7533 7539
f 7598 7539 7599
f 7599 7539 7543
f 7599 7543 7544
f 7544 7600 7599
f 7600 7544 7570
f 7600 7570 7601
f 7601 7570 7572
f 7601 7572 7602
f 7602 7572 7573
f 7602 7573 7603
f 7595 7597 7560
f 7560 7597 7598
f 7560 7598 7604
f 7604 7598 7605
f 7605 7598 7606
f 7606 7598 7607
f 7608 7609 7610
f 7547 7548 7611
f 7611 7548 7612
f 7612 7548 7613
f 7613 7548 7551
f 7613 7551 7614
f 7614 7551 7615
f 7614 7615 7616
f 7616 7615 7617
f 7616 7617 7618
f 7614 7616 7613
f 7616 7618 7619
f 7619 7618 7620
f 7619 7620 7621
f 7618 7622 7620
f 7620 7622 7621
f 7621 7622 7623
f 7623 7622 7624
f 7623 7624 7625
f 7625 7624 7626
f 7625 7626 7627
f 7627 7626 7628
f 7627 7628 7567
f 7567 7628 7629
f 7567 7629 7565
f 7565 7629 7630
f 7565 7630 7631
f 7623 7625 7632
f 7565 7631 7563
f 7563 7631 7633
f 7563 7633 7552
f 7552 7633 7634
f 7552 7634 7555
f 7555 7634 7635
f 7555 7635 7636
f 7555 7636 7557
f 7557 7636 7637
f 7557 7637 7638
f 7638 7594 7557
f 7557 7594 7639
f 7557 7639 7558
f 7558 7639 7594
f 7625 7627 7632
f 7632 7627 7640
f 7632 7640 7641
f 7641 7640 7642
f 7642 7640 7643
f 7643 7640 7644
f 7644 7640 7645
f 7645 7640 7569
f 7569 7640 7567
f 7627 7567 7640
f 7632 7641 7646
f 7641 7647 7646
f 7646 7647 7648
f 7551 7550 7615
f 7615 7550 7549
f 7615 7549 7649
f 7649 7549 7546
f 7649 7546 7650
f 7650 7546 7651
f 7615 7650 7652
f 7615 7652 7653
f 7653 7652 7654
f 7615 7649 7650
f 7654 7652 7655
f 7655 7652 7656
f 7655 7656 7657
f 7657 7656 7658
f 7615 7653 7659
f 7659 7653 7660
f 7659 7660 7661
f 7661 7660 7662
f 7661 7662 7663
f 7663 7664 7661
f 7661 7664 7665
f 7661 7665 7666
f 7650 7667 7652
f 7652 7667 7656
f 7667 7668 7656
f 7656 7668 7669
f 7669 7668 7670
f 7670 7668 7671
f 7671 7668 7672
f 7672 7668 7673
f 7673 7668 7674
f 7674 7668 7675
f 7675 7676 7677
f 7677 7676 7678
f 7676 7679 7678
f 7678 7679 7680
f 7680 7679 7681
f 7680 7681 7682
f 7682 7681 7683
f 7682 7683 7680
f 7680 7683 7678
f 7683 7684 7678
f 7678 7684 7685
f 7678 7685 7686
f 7686 7685 7677
f 7686 7677 7678
f 7681 7687 7683
f 7679 7688 7681
f 7675 7677 7674
f 7674 7677 7689
f 7674 7689 7507
f 7507 7509 7674
f 7674 7509 7690
f 7674 7690 7691
f 7691 7690 7510
f 7510 7692 7691
f 7691 7692 7693
f 7691 7693 7694
f 7691 7694 7695
f 7510 7690 7511
f 7696 7510 7513
f 7510 7696 7697
f 7697 7696 7692
f 7692 7696 7501
f 7501 7696 7694
f 7507 7689 7508
f 7698 7699 7700
f 7546 7701 7651
f 7651 7701 7702
f 7651 7702 7698
f 7698 7702 7699
f 7702 7701 7699
f 7699 7701 7545
f 7699 7545 7703
f 7703 7545 7704
f 7704 7545 7705
f 7704 7705 7706
f 7699 7703 7700
f 7700 7703 7707
f 7612 7613 7646
f 7646 7613 7623
f 7623 7613 7621
f 7621 7613 7619
f 7619 7613 7616
f 7612 7708 7611
f 7611 7708 7547
f 7547 7708 7709
f 7709 7708 7710
f 7710 7711 7709
f 7709 7711 7712
f 7709 7712 7713
f 7713 7712 7714
f 7714 7712 7715
f 7715 7716 7714
f 7714 7716 7717
f 7714 7717 7708
f 7708 7717 7710
f 7526 7527 7529
f 7560 7604 7561
f 7561 7604 7718
f 7604 7605 7718
f 7718 7605 7719
f 7605 7606 7719
f 7719 7606 7720
f 7606 7607 7720
f 7720 7607 7721
f 7607 7598 7721
f 7721 7598 7722
f 7721 7722 7723
f 7721 7723 7724
f 7598 7599 7722
f 7722 7599 7601
f 7722 7601 7602
f 7722 7602 7603
f 7599 7600 7601
f 7610 7609 7725
f 7725 7609 7726
f 7609 7727 7726
f 7726 7727 7728
f 7726 7728 7725
f 7725 7728 7729
f 7725 7729 7730
f 7730 7731 7725
f 7725 7731 7732
f 7732 7733 7725
f 7725 7733 7734
f 7733 7735 7734
f 7734 7735 7681
f 7734 7681 7736
f 7736 7681 7688
f 7736 7688 7737
f 7737 7734 7736
f 7705 7545 7706
f 7706 7545 7738
f 7738 7545 7547
f 7738 7547 7709
f 7709 7713 7738
f 7738 7713 7706
f 7706 7713 7704
f 7713 7714 7704
f 7704 7714 7703
f 7714 7739 7703
f 7703 7739 7647
f 7703 7647 7641
f 7641 7642 7703
f 7703 7642 7707
f 7737 7740 7734
f 7734 7740 7741
f 7740 7742 7743
f 7743 7742 7744
f 7745 7746 7747
f 7747 7746 7748
f 7749 7750 7751
f 7751 7750 7752
f 7751 7752 7753
f 7753 7752 7754
f 7707 7642 7755
f 7755 7642 7643
f 7645 7569 7568
f 7741 7610 7734
f 7610 7725 7734
f 7708 7612 7714
f 7714 7612 7739
f 7739 7612 7646
f 7739 7646 7648
f 7648 7647 7739
f 7632 7646 7623
f 7545 7701 7546
f 7698 7700 7756
f 7756 7700 7757
f 7756 7757 7758
f 7700 7707 7757
f 7756 7758 7759
f 7759 7758 7737
f 7759 7737 7688
f 7688 7679 7759
f 7698 7756 7651
f 7651 7756 7760
f 7651 7760 7650
f 7650 7760 7667
f 7756 7759 7760
f 7760 7759 7761
f 7760 7761 7667
f 7667 7761 7668
f 7759 7679 7761
f 7761 7679 7676
f 7761 7676 7668
f 7668 7676 7675
f 7687 7681 7762
f 7681 7735 7762
f 7735 7733 7762
f 7762 7733 7763
f 7733 7732 7763
f 7763 7732 7764
f 7524 7765 7766
f 7766 7765 7677
f 7766 7677 7685
f 7684 7683 7767
f 7765 7521 7677
f 7677 7521 7515
f 7677 7515 7689
f 7689 7515 7514
f 7689 7514 7516
f 7516 7520 7689
f 7689 7520 7768
f 7520 7519 7768
f 7768 7519 7769
f 7519 7518 7769
f 7769 7518 7517
f 7584 7585 7770
f 7770 7585 7771
f 7770 7771 7659
f 7659 7771 7585
f 7659 7585 7586
f 7659 7586 7615
f 7615 7586 7588
f 7615 7588 7617
f 7584 7770 7574
f 7574 7770 7772
f 7773 7774 7775
f 7689 7768 7776
f 7689 7776 7777
f 7777 7776 7774
f 7777 7774 7778
f 7778 7774 7773
f 7778 7773 7779
f 7779 7773 7780
f 7779 7780 7781
f 7781 7780 7782
f 7781 7782 7783
f 7783 7782 7780
f 7783 7780 7772
f 7772 7780 7574
f 7781 7778 7779
f 7774 7776 7768
f 7772 7770 7783
f 7783 7770 7781
f 7781 7770 7778
f 7778 7770 7659
f 7778 7659 7661
f 7780 7773 7748
f 7780 7748 7784
f 7784 7748 7754
f 7754 7748 7753
f 7753 7748 7751
f 7748 7749 7751
f 7773 7775 7748
f 7748 7775 7785
f 7748 7785 7747
f 7747 7785 7786
f 7747 7786 7745
f 7745 7786 7787
f 7745 7787 7788
f 7745 7788 7744
f 7744 7788 7789
f 7744 7789 7743
f 7743 7789 7790
f 7743 7790 7767
f 7767 7683 7743
f 7743 7683 7791
f 7791 7683 7687
f 7791 7687 7792
f 7792 7687 7741
f 7687 7762 7741
f 7741 7762 7763
f 7741 7763 7764
f 7741 7764 7793
f 7741 7793 7794
f 7794 7727 7741
f 7741 7727 7609
f 7741 7609 7608
f 7741 7608 7610
f 7792 7741 7791
f 7791 7741 7740
f 7791 7740 7743
f 7795 7796 7797
f 7797 7798 7795
f 7795 7798 7799
f 7798 7800 7799
f 7799 7800 7801
f 7799 7801 7802
f 7802 7801 7803
f 7802 7803 7804
f 7802 7804 7805
f 7805 7804 7806
f 7805 7806 7807
f 7807 7808 7805
f 7805 7808 7809
f 7809 7808 7810
f 7810 7808 7807
f 7810 7807 7811
f 7811 7807 7806
f 7811 7806 7804
f 7594 7638 7812
f 7812 7638 7637
f 7812 7637 7813
f 7813 7637 7636
f 7813 7636 7635
f 7812 7813 7795
f 7795 7813 7796
f 7796 7813 7797
f 7797 7813 7798
f 7768 7769 7814
f 7814 7769 7517
f 7517 7532 7814
f 7814 7532 7815
f 7532 7531 7815
f 7815 7531 7530
f 7815 7530 7816
f 7816 7530 7529
f 7816 7529 7527
f 7816 7527 7817
f 7817 7527 7528
f 7817 7528 7524
f 7767 7790 7684
f 7684 7790 7818
f 7684 7818 7685
f 7685 7818 7819
f 7790 7789 7818
f 7818 7789 7788
f 7818 7788 7820
f 7820 7788 7787
f 7820 7787 7786
f 7768 7814 7774
f 7774 7814 7821
f 7774 7821 7775
f 7775 7821 7785
f 7785 7821 7786
f 7786 7821 7820
f 7814 7815 7821
f 7821 7815 7820
f 7815 7816 7820
f 7820 7816 7817
f 7820 7817 7818
f 7818 7817 7819
f 7685 7819 7766
f 7766 7819 7524
f 7819 7817 7524
f 7524 7522 7765
f 7765 7522 7521
f 7672 7670 7671
f 7672 7673 7674
f 7822 7823 7824
f 7822 7825 7826
f 7826 7825 7827
f 7827 7825 7824
f 7827 7824 7823
f 7824 7825 7822
f 7823 7826 7827
f 7828 7829 7830
f 7828 7831 7832
f 7828 7830 7831
f 7831 7830 7829
f 7831 7829 7832
f 7832 7829 7833
f 7832 7833 7834
f 7834 7833 7835
f 7829 7835 7833
f 7835 7832 7834
f 7836 7837 7838
f 7836 7839 7840
f 7837 7840 7841
f 7837 7841 7838
f 7838 7841 7836
f 7836 7841 7839
f 7839 7841 7840
f 7842 7843 7844
f 7842 7845 7846
f 7843 7847 7848
f 7843 7848 7844
f 7844 7848 7847
f 7844 7847 7842
f 7842 7847 7849
f 7842 7849 7845
f 7845 7849 7846
f 7847 7846 7849
f 7850 7851 7852
f 7850 7853 7854
f 7851 7855 7856
f 7851 7856 7852
f 7852 7856 7855
f 7852 7855 7850
f 7850 7855 7857
f 7850 7857 7853
f 7853 7857 7854
f 7855 7854 7857
f 7504 7506 7858
f 7503 7502 7859
f 7859 7506 7503
f 7503 7506 7505
f 7506 7858 7505
f 7510 7697 7692
f 7692 7694 7693
f 7694 7692 7501
f 7508 7511 7507
f 7507 7511 7509
f 7509 7510 7690
f 7512 7860 7861
f 7513 7511 7512
f 7513 7512 7861
f 7513 7861 7696
f 7696 7861 7860
f 7696 7860 7777
f 7696 7777 7778
f 7778 7661 7696
f 7696 7661 7859
f 7696 7859 7502
f 7696 7502 7694
f 7502 7501 7694
f 7694 7501 7695
f 7501 7503 7695
f 7695 7503 7862
f 7862 7503 7505
f 7505 7504 7862
f 7862 7504 7666
f 7666 7504 7661
f 7661 7504 7858
f 7661 7858 7506
f 7661 7506 7859
f 7777 7860 7689
f 7689 7860 7508
f 7508 7860 7512
f 7670 7658 7669
f 7669 7658 7656
f 7658 7655 7657
f 7655 7653 7654
f 7653 7662 7660
f 7662 7664 7663
f 7664 7666 7665
f 7666 7695 7862
f 7695 7674 7691
f 7863 7626 7624
f 7863 7624 7622
f 7863 7622 7626
f 7626 7622 7810
f 7810 7811 7626
f 7626 7811 7628
f 7628 7811 7629
f 7629 7811 7630
f 7618 7864 7622
f 7622 7864 7810
f 7864 7809 7810
f 7809 7864 7805
f 7805 7864 7617
f 7805 7617 7802
f 7802 7617 7588
f 7802 7588 7799
f 7799 7588 7865
f 7799 7865 7795
f 7617 7864 7618
f 7795 7865 7812
f 7812 7865 7866
f 7812 7866 7594
f 7594 7866 7593
f 7593 7866 7591
f 7591 7866 7590
f 7590 7866 7588
f 7588 7866 7865
f 7867 7868 7869
f 7867 7869 7870
f 7867 7870 7871
f 7871 7870 7868
f 7871 7868 2211
f 2211 7868 7872
f 2211 7872 7873
f 7873 7872 7874
f 7870 7869 7868
f 7872 7875 7874
f 7874 7875 7876
f 7875 7877 7876
f 7876 7877 7878
f 7876 7878 7879
f 7876 7879 7877
f 7879 7878 7877
f 7874 7876 7880
f 7874 7880 7873
f 7873 7880 7881
f 7873 7881 2211
f 2211 7881 7871
f 7867 7871 7882
f 7740 7882 7883
f 7740 7883 7884
f 7884 7883 7871
f 7884 7871 7885
f 7885 7871 7886
f 7885 7886 7742
f 7742 7886 7744
f 7882 7871 7883
f 7742 7740 7885
f 7885 7740 7884
f 7871 7881 7886
f 7886 7881 7887
f 7886 7887 7744
f 7744 7887 7745
f 7887 7888 7745
f 7745 7888 7746
f 7888 7889 7746
f 7746 7889 7890
f 7746 7890 7891
f 7891 7890 7877
f 7891 7877 7892
f 7746 7892 7893
f 7893 7877 7894
f 7894 7877 7895
f 7746 7891 7892
f 7894 7896 7897
f 7894 7897 7898
f 7898 7897 7896
f 7898 7896 7899
f 7899 7900 7898
f 7898 7900 7562
f 7562 7900 7901
f 7901 7900 7902
f 7901 7902 7903
f 7899 7896 7900
f 7904 7905 7906
f 7906 7896 7904
f 7904 7896 7907
f 7904 7907 7908
f 7908 7907 7909
f 7908 7909 7910
f 7910 7909 7911
f 7910 7912 7908
f 7913 7914 7915
f 7915 7914 7916
f 7916 7914 7917
f 7916 7917 7918
f 7916 7917 7919
f 7916 7919 7920
f 7916 7920 7921
f 7912 7913 7915
f 7912 7915 7916
f 7912 7916 7921
f 7912 7921 7922
f 7913 7923 7914
f 7914 7923 7924
f 7908 7912 7904
f 7904 7912 7925
f 7904 7925 7905
f 7905 7925 7926
f 7905 7926 7927
f 7927 7926 7928
f 7926 7925 7929
f 7929 7925 7930
f 7930 7925 7931
f 7931 7925 7921
f 7931 7921 7932
f 7932 7921 7920
f 7932 7920 7919
f 7921 7925 7922
f 7922 7925 7912
f 7905 7900 7906
f 7906 7900 7896
f 7894 7898 7933
f 7933 7898 7893
f 7894 7933 7893
f 7893 7892 7877
f 7895 7877 7875
f 7895 7875 7894
f 7894 7875 7872
f 7894 7872 7934
f 7934 7872 7868
f 7934 7868 7867
f 7934 7867 7935
f 7935 7936 7934
f 7937 7936 7938
f 7938 7936 7882
f 7882 7936 7867
f 7867 7936 7935
f 7936 7939 7934
f 7934 7939 7940
f 7934 7940 7894
f 7894 7940 7941
f 7894 7941 7896
f 7896 7941 7907
f 7907 7941 7909
f 7909 7941 7940
f 7909 7940 7911
f 7911 7940 7939
f 7882 7740 7942
f 7942 7740 7943
f 7942 7943 7944
f 7943 7740 7945
f 7945 7740 7946
f 7946 7740 7947
f 7947 7740 7948
f 7947 7948 7949
f 7949 7948 7950
f 7949 7950 7951
f 7951 7950 7952
f 7937 7949 7951
f 7950 7953 7952
f 7952 7953 7954
f 7953 7955 7954
f 7954 7955 7923
f 7954 7923 7913
f 7923 7955 7924
f 7924 7955 7956
f 7956 7955 7957
f 7957 7955 7958
f 7947 7949 7959
f 7959 7949 7960
f 7960 7949 7961
f 7961 7949 7944
f 7949 7937 7944
f 7944 7937 7942
f 7882 7942 7938
f 7938 7942 7937
f 7890 7889 7877
f 7877 7889 7876
f 7889 7888 7876
f 7876 7888 7880
f 7888 7887 7880
f 7880 7887 7881
f 7912 7910 7962
f 7912 7962 7913
f 7913 7962 7954
f 7954 7962 7952
f 7952 7962 7963
f 7952 7963 7951
f 7951 7963 7936
f 7951 7936 7937
f 7936 7963 7939
f 7939 7963 7911
f 7911 7963 7962
f 7911 7962 7910
f 7903 7928 7964
f 7964 7928 7926
f 7964 7926 7965
f 7964 7965 7903
f 7903 7965 7966
f 7903 7966 7967
f 7967 7966 7926
f 7967 7926 7968
f 7968 7926 7929
f 7968 7929 7969
f 7969 7929 7970
f 7966 7965 7926
f 7929 7930 7970
f 7970 7930 7971
f 7930 7931 7971
f 7971 7931 7972
f 7972 7931 2257
f 2257 7931 7932
f 2257 7932 7973
f 7973 7932 7974
f 7974 7975 7976
f 7976 7975 7919
f 7976 7919 7977
f 7976 7977 7974
f 7974 7977 7919
f 7919 7917 7974
f 7974 7917 7978
f 7974 7978 7979
f 7979 2257 7974
f 7974 2257 7980
f 7974 7980 7973
f 7973 7980 2257
f 2257 7980 7972
f 7972 7980 7981
f 7972 7981 7971
f 7971 7981 7982
f 7971 7982 7970
f 7970 7982 7983
f 7970 7983 7969
f 7969 7983 7967
f 7969 7967 7968
f 7901 7903 7984
f 7901 7984 7985
f 7985 7984 7903
f 7985 7903 7986
f 7986 7903 7967
f 7986 7967 7987
f 7986 7987 7985
f 7985 7987 7988
f 7985 7988 7989
f 7989 7988 7967
f 7989 7967 7990
f 7990 7967 7983
f 7990 7983 7991
f 7991 7983 7992
f 7967 7988 7987
f 7983 7982 7992
f 7992 7982 7993
f 7982 7981 7993
f 7993 7981 7994
f 7981 7980 7994
f 7994 7980 2257
f 7985 7989 7995
f 7995 7989 7990
f 7995 7990 7991
f 7995 7991 7996
f 7996 7991 7992
f 7996 7992 7554
f 7554 7992 7993
f 7554 7993 7553
f 7553 7993 7994
f 7553 7994 7997
f 7997 7994 2257
f 7997 2257 7979
f 7997 7979 7998
f 7998 7979 7978
f 7998 7978 7999
f 7999 7978 7917
f 7999 7917 8000
f 8000 7917 8001
f 8000 8001 7998
f 7998 8001 7917
f 8000 7998 7999
f 7998 7917 8002
f 7998 8002 8003
f 8003 8002 7568
f 7917 7914 8002
f 8002 7914 8004
f 8002 8004 8005
f 8005 8006 8002
f 8002 8006 7568
f 8006 7958 7568
f 7568 7958 8007
f 8007 7958 8008
f 8008 7958 7955
f 8008 7955 8009
f 8009 7955 7755
f 7975 7974 7919
f 7919 7974 7932
f 7724 8010 7721
f 7721 8010 7720
f 7720 8010 7719
f 7719 8010 8011
f 7719 8011 7718
f 7718 8011 7561
f 8011 8012 7561
f 7561 8012 7562
f 8012 8013 7562
f 7562 8013 8014
f 7562 8014 7898
f 7898 8014 7893
f 7893 8014 7746
f 7746 8014 8015
f 8015 8014 8016
f 8016 8014 7750
f 7750 8014 7752
f 7752 8014 7754
f 7754 8014 7784
f 7784 8014 8013
f 7905 7927 7900
f 7900 7927 7902
f 7927 7928 7902
f 7902 7928 7903
f 7558 7592 7985
f 7985 7592 7901
f 7592 7562 7901
f 7985 7995 7558
f 7558 7995 7559
f 7559 7995 7557
f 7557 7995 7996
f 7557 7996 7556
f 7556 7996 7555
f 7996 7554 7555
f 7553 7997 7563
f 7563 7997 7564
f 7997 7998 7564
f 7564 7998 7565
f 7565 7998 7566
f 7566 7998 8003
f 7566 8003 7567
f 7724 8017 8010
f 8017 8018 8010
f 8010 8018 8011
f 8011 8018 8012
f 8012 8018 8019
f 8012 8019 8013
f 8013 8019 8020
f 8020 7784 8013
f 7750 7749 8016
f 7749 7748 8016
f 8016 7748 8015
f 7748 7746 8015
f 7740 7737 7948
f 8021 8022 7945
f 7945 8022 7943
f 8022 8023 7943
f 7943 8023 7944
f 8023 8024 7944
f 7944 8024 7961
f 8024 8025 7961
f 7961 8025 7960
f 7945 7946 8021
f 8021 7946 8026
f 7946 7947 8026
f 8026 7947 8027
f 7947 7959 8027
f 8027 7959 8028
f 7959 7960 8028
f 8028 7960 8025
f 7737 7758 7948
f 7948 7758 7950
f 7758 7757 7950
f 7950 7757 7953
f 7757 7707 7953
f 7953 7707 7955
f 7755 7643 8009
f 7643 7644 8009
f 8009 7644 8008
f 7644 7645 8008
f 8008 7645 8007
f 7645 7568 8007
f 7568 7567 8003
f 7707 7755 7955
f 8029 8030 8005
f 8005 8030 8006
f 8030 8031 8006
f 8006 8031 7958
f 8031 8032 7958
f 7958 8032 7957
f 8032 8033 7957
f 7957 8033 7956
f 8005 8004 8029
f 8029 8004 8034
f 8004 7914 8034
f 8034 7914 8035
f 7914 7924 8035
f 8035 7924 8036
f 7924 7956 8036
f 8036 7956 8033
f 7630 7811 8037
f 8037 7811 7804
f 8037 7804 7803
f 7630 8037 7631
f 7631 8037 7633
f 8037 8038 7633
f 7633 8038 7634
f 8037 7803 8038
f 8038 7803 7801
f 8038 7801 8039
f 8039 7801 7800
f 8039 7800 7798
f 7798 7813 8039
f 8039 7813 7635
f 8039 7635 7634
f 8039 7634 8038
f 7780 7784 8040
f 8040 7784 8020
f 8040 8020 8019
f 8019 8018 8040
f 8040 8018 8017
f 8040 8017 7724
f 7724 7723 8040
f 8040 7723 7722
f 8040 7722 7574
f 7780 8040 7574
f 7574 7722 7575
f 7575 7722 7580
f 7580 7722 7579
f 7722 7603 7579
f 7579 7603 7573
f 7732 8023 7764
f 7764 8023 8022
f 7764 8022 8021
f 7764 8021 7793
f 7793 8021 7794
f 7794 8021 8026
f 7794 8026 8027
f 7794 8027 7727
f 7727 8027 7728
f 8027 8028 7728
f 7728 8028 7729
f 8028 8025 7729
f 7729 8025 7730
f 7730 8025 8024
f 7730 8024 7731
f 7731 8024 8023
f 8023 7732 7731
f 7843 7658 7847
f 7847 7658 7670
f 7847 7670 7826
f 7826 7670 7822
f 7822 7670 7823
f 7823 7670 7855
f 7823 7855 7851
f 7670 7672 7855
f 7855 7672 7854
f 7672 7674 7854
f 7854 7674 7695
f 7854 7695 7850
f 7850 7695 7666
f 7850 7666 7851
f 7851 7666 7846
f 7851 7846 7823
f 7823 7846 7826
f 7847 7826 7846
f 7846 7666 7842
f 7842 7666 7664
f 7842 7664 7840
f 7840 7664 7836
f 7836 7664 7837
f 7837 7664 7832
f 7837 7832 7835
f 7664 7662 7832
f 7832 7662 7828
f 7662 7653 7828
f 7828 7653 7655
f 7828 7655 7829
f 7829 7655 7658
f 7829 7658 7835
f 7835 7658 7843
f 7835 7843 7837
f 7837 7843 7840
f 7840 7843 7842
f 7712 7711 8032
f 8032 7711 8033
f 8033 7711 8036
f 7711 7710 8036
f 8036 7710 8035
f 8035 7710 8034
f 8034 7710 7717
f 8034 7717 7716
f 8034 7716 8029
f 8029 7716 8030
f 8030 7716 7715
f 8030 7715 8031
f 8031 7715 7712
f 8031 7712 8032
f 8041 8042 8043
f 8044 8045 8046
f 8047 8048 8049
f 8049 8048 8050
f 8051 8050 8052
f 8052 8053 8051
f 8051 8054 8055
f 8056 8057 8058
f 8059 8060 8061
f 8059 8061 8057
f 8057 8061 8062
f 8059 8057 8063
f 8063 8057 8056
f 8063 8056 8064
f 8064 8056 8065
f 8064 8065 8066
f 8066 8065 8067
f 8066 8067 8068
f 8056 8069 8070
f 8056 8070 8065
f 8065 8070 8071
f 8065 8071 8072
f 8072 8067 8065
f 8073 8074 8075
f 8073 8075 8076
f 8076 8075 8077
f 8076 8077 8078
f 8073 8076 8079
f 8079 8076 8080
f 8076 8078 8080
f 8081 8082 8083
f 8083 8082 8084
f 8084 8082 8085
f 8084 8085 8086
f 8086 8087 8084
f 8088 8089 8090
f 8090 8088 8091
f 8092 8091 8093
f 8093 8094 8095
f 8094 8096 8097
f 8089 8098 8088
f 8098 8099 8100
f 8100 8101 8102
f 8103 8104 8105
f 8106 8107 8108
f 8108 8107 8109
f 8108 8109 8080
f 8110 8111 8112
f 8112 8111 8113
f 8113 8111 8114
f 8114 8111 8115
f 8110 8116 8117
f 8117 8116 8075
f 8075 8116 8077
f 8077 8116 8078
f 8116 8118 8078
f 8078 8118 8108
f 8078 8108 8080
f 8112 8119 8110
f 8108 8118 8106
f 8106 8118 8120
f 8106 8120 8121
f 8121 8120 8119
f 8119 8120 8110
f 8110 8120 8116
f 8120 8118 8116
f 8075 8074 8122
f 8075 8122 8123
f 8123 8122 8124
f 8124 8125 8123
f 8075 8123 8117
f 8117 8123 8110
f 8110 8123 8111
f 8111 8123 8125
f 8111 8125 8126
f 8126 8125 8127
f 8126 8127 8115
f 8115 8127 8128
f 8115 8128 8114
f 8111 8126 8115
f 8125 8124 8127
f 8127 8124 8129
f 8129 8124 8122
f 8129 8122 8130
f 8130 8122 8131
f 8127 8129 8130
f 8122 8074 8131
f 8131 8074 8132
f 8131 8132 8133
f 8133 8132 8134
f 8133 8134 8135
f 8135 8134 8136
f 8135 8136 8137
f 8137 8136 8138
f 8137 8138 8139
f 8139 8138 8136
f 8139 8136 8140
f 8140 8136 8141
f 8141 8136 8142
f 8142 8136 8143
f 8143 8136 8144
f 8144 8136 8145
f 8145 8136 8146
f 8146 8136 8147
f 8136 8134 8147
f 8147 8134 8148
f 8147 8148 8149
f 8149 8148 8150
f 8150 8148 8151
f 8151 8148 8152
f 8139 8140 8153
f 8153 8140 8154
f 8154 8140 8155
f 8140 8156 8155
f 8155 8156 8157
f 8156 8158 8157
f 8157 8158 8159
f 8159 8158 8160
f 8160 8158 8161
f 8160 8161 8162
f 8162 8161 8163
f 8162 8163 8164
f 8137 8139 8165
f 8165 8139 8166
f 8165 8166 8167
f 8167 8168 8165
f 8165 8168 8169
f 8168 8167 8169
f 8167 8170 8169
f 8169 8170 8058
f 8169 8058 8171
f 8058 8170 8056
f 8171 8062 8169
f 8169 8062 8061
f 8169 8061 8060
f 8169 8060 8172
f 8172 8060 8059
f 8172 8059 8063
f 8063 8064 8172
f 8172 8064 8173
f 8173 8064 8174
f 8174 8064 8066
f 8153 8166 8139
f 8135 8137 8133
f 8133 8137 8131
f 8137 8165 8131
f 8131 8165 8169
f 8131 8169 8175
f 8175 8169 8043
f 8175 8043 8045
f 8175 8045 8044
f 8175 8044 8176
f 8176 8046 8175
f 8175 8046 8177
f 8175 8177 8178
f 8178 8179 8175
f 8175 8179 8180
f 8175 8180 8131
f 8131 8180 8130
f 8130 8180 8127
f 8127 8180 8181
f 8127 8181 8182
f 8181 8180 8183
f 8183 8180 8184
f 8184 8180 8185
f 8185 8180 8179
f 8177 8046 8186
f 8177 8186 8187
f 8187 8186 8042
f 8042 8041 8187
f 8187 8041 8188
f 8187 8188 8189
f 8189 8188 8190
f 8190 8191 8189
f 8189 8191 8047
f 8189 8047 8192
f 8192 8047 8049
f 8049 8047 8050
f 8192 8049 8193
f 8193 8049 8054
f 8193 8054 8052
f 8193 8052 8169
f 8169 8172 8193
f 8052 8054 8051
f 8041 8043 8191
f 8191 8043 8169
f 8191 8169 8047
f 8047 8169 8048
f 8048 8169 8052
f 8048 8052 8050
f 8132 8074 8134
f 8134 8074 8148
f 8148 8074 8073
f 8148 8073 8194
f 8194 8073 8079
f 8194 8079 8080
f 8194 8080 8195
f 8195 8080 8109
f 8109 8107 8196
f 8196 8107 8197
f 8083 8198 8199
f 8199 8198 8200
f 8199 8200 8201
f 8202 8200 8203
f 8200 8204 8203
f 8203 8204 8205
f 8205 8204 8206
f 8206 8204 8207
f 8208 8081 8209
f 8209 8081 8210
f 8210 8081 8083
f 8210 8083 8199
f 8199 8211 8210
f 8209 8212 8208
f 8208 8212 8081
f 8081 8212 8213
f 8081 8213 8214
f 8214 8213 8215
f 8214 8215 8096
f 8215 8213 8216
f 8216 8213 8217
f 8081 8214 8218
f 8218 8214 8219
f 8218 8219 8220
f 8220 8219 8093
f 8220 8093 8221
f 8221 8093 8222
f 8222 8093 8223
f 8223 8093 8091
f 8223 8091 8224
f 8224 8091 8225
f 8091 8088 8225
f 8225 8088 8226
f 8088 8098 8226
f 8226 8098 8227
f 8098 8100 8227
f 8227 8100 8228
f 8228 8100 8229
f 8229 8100 8102
f 8229 8102 8230
f 8230 8102 8231
f 8230 8231 8232
f 8232 8231 8233
f 8233 8231 8102
f 8232 8233 8234
f 8234 8233 8235
f 8233 8103 8235
f 8236 8235 8113
f 8113 8235 8237
f 8113 8237 8112
f 8112 8237 8238
f 8112 8238 8239
f 8239 8238 8103
f 8239 8103 8105
f 8105 8240 8239
f 8239 8240 8241
f 8239 8241 8242
f 8242 8243 8239
f 8239 8243 8244
f 8239 8244 8245
f 8239 8245 8112
f 8112 8245 8119
f 8119 8245 8121
f 8121 8245 8106
f 8245 8197 8106
f 8103 8238 8235
f 8238 8237 8235
f 8113 8114 8236
f 8236 8114 8128
f 8236 8128 8246
f 8246 8128 8127
f 8246 8127 8247
f 8247 8127 8248
f 8247 8248 8207
f 8207 8248 8206
f 8093 8219 8094
f 8094 8219 8096
f 8096 8219 8214
f 8218 8220 8249
f 8249 8220 8250
f 8249 8250 8082
f 8082 8250 8251
f 8082 8251 8252
f 8252 8251 8253
f 8252 8253 8086
f 8086 8253 8247
f 8086 8247 8087
f 8087 8247 8254
f 8086 8085 8252
f 8082 8252 8085
f 8082 8218 8249
f 8247 8207 8254
f 8254 8207 8204
f 8254 8204 8084
f 8084 8204 8083
f 8084 8087 8254
f 8083 8204 8198
f 8198 8204 8200
f 8096 8215 8097
f 8217 8213 8255
f 8255 8213 8212
f 8255 8212 8256
f 8256 8212 8211
f 8212 8209 8211
f 8211 8209 8210
f 8256 8257 8255
f 8255 8257 8258
f 8255 8258 8259
f 8259 8260 8255
f 8255 8260 8261
f 8262 8263 8264
f 8263 8265 8264
f 8262 8264 8163
f 8163 8161 8266
f 8266 8161 8158
f 8156 8140 8267
f 8267 8140 8141
f 8142 8143 8268
f 8268 8143 8144
f 8268 8144 8269
f 8269 8144 8145
f 8201 8200 8256
f 8256 8200 8257
f 8257 8200 8202
f 8257 8202 8270
f 8270 8258 8257
f 8270 8202 8258
f 8258 8202 8259
f 8259 8202 8271
f 8259 8271 8272
f 8272 8271 8273
f 8272 8273 8274
f 8274 8273 8275
f 8272 8274 8276
f 8272 8276 8261
f 8261 8260 8272
f 8272 8260 8259
f 8248 8277 8278
f 8248 8127 8277
f 8277 8127 8182
f 8277 8182 8279
f 8279 8280 8277
f 8277 8280 8281
f 8277 8281 8282
f 8277 8282 8278
f 8278 8282 8283
f 8278 8283 8284
f 8273 8271 8275
f 8275 8271 8203
f 8275 8203 8205
f 8285 8263 8286
f 8286 8263 8287
f 8287 8263 8288
f 8288 8263 8289
f 8289 8263 8290
f 8290 8263 8291
f 8291 8263 8287
f 8291 8287 8292
f 8291 8292 8293
f 8291 8293 8294
f 8294 8293 8295
f 8295 8293 8296
f 8295 8296 8297
f 8297 8296 8298
f 8287 8263 8292
f 8292 8263 8262
f 8265 8285 8264
f 8264 8285 8299
f 8299 8285 8300
f 8300 8285 8286
f 8300 8286 8301
f 8300 8301 8302
f 8302 8301 8287
f 8302 8287 8303
f 8303 8287 8304
f 8304 8287 8288
f 8304 8288 8289
f 8304 8289 8305
f 8305 8289 8306
f 8305 8306 8307
f 8305 8307 8308
f 8308 8307 8309
f 8309 8307 8310
f 8309 8310 8302
f 8302 8310 8300
f 8306 8289 8311
f 8311 8289 8290
f 8311 8290 8291
f 8311 8291 8312
f 8312 8291 8294
f 8299 8300 8264
f 8264 8300 8313
f 8264 8313 8310
f 8310 8307 8264
f 8264 8307 8306
f 8306 8311 8264
f 8264 8311 8312
f 8264 8312 8294
f 8220 8314 8250
f 8250 8314 8251
f 8314 8315 8251
f 8251 8315 8316
f 8251 8316 8253
f 8314 8220 8221
f 8314 8221 8222
f 8081 8218 8082
f 8271 8202 8203
f 8274 8317 8276
f 8276 8317 8261
f 8261 8317 8318
f 8318 8317 8319
f 8318 8319 8320
f 8320 8319 8292
f 8320 8292 8262
f 8319 8293 8292
f 8310 8313 8300
f 8287 8301 8286
f 8293 8319 8296
f 8296 8319 8321
f 8296 8321 8322
f 8322 8321 8323
f 8319 8317 8321
f 8321 8317 8324
f 8321 8324 8323
f 8323 8324 8278
f 8317 8274 8324
f 8324 8274 8275
f 8324 8275 8278
f 8278 8275 8248
f 8164 8325 8326
f 8153 8154 8166
f 8166 8154 8327
f 8166 8327 8328
f 8328 8327 8329
f 8328 8167 8166
f 8154 8155 8327
f 8327 8155 8157
f 8327 8157 8330
f 8330 8157 8159
f 8330 8159 8160
f 8327 8330 8329
f 8329 8330 8331
f 8173 8332 8326
f 8326 8332 8333
f 8326 8333 8164
f 8164 8333 8162
f 8162 8333 8160
f 8160 8333 8330
f 8330 8333 8331
f 8331 8333 8334
f 8333 8332 8334
f 8334 8332 8068
f 8334 8068 8067
f 8067 8072 8334
f 8334 8072 8331
f 8072 8071 8331
f 8331 8071 8070
f 8331 8070 8329
f 8329 8070 8069
f 8329 8069 8056
f 8068 8332 8066
f 8066 8332 8174
f 8332 8173 8174
f 8195 8109 8194
f 8194 8109 8196
f 8194 8196 8148
f 8148 8196 8197
f 8148 8197 8245
f 8148 8245 8244
f 8152 8148 8244
f 8152 8244 8243
f 8152 8243 8335
f 8335 8243 8242
f 8335 8242 8336
f 8336 8242 8241
f 8336 8241 8337
f 8337 8241 8240
f 8337 8240 8338
f 8338 8240 8105
f 8338 8105 8104
f 8235 8236 8234
f 8234 8236 8339
f 8234 8339 8232
f 8232 8339 8340
f 8236 8246 8339
f 8339 8246 8341
f 8339 8341 8340
f 8340 8341 8342
f 8342 8343 8344
f 8344 8343 8345
f 8345 8343 8346
f 8346 8343 8347
f 8343 8348 8347
f 8347 8348 8349
f 8349 8348 8350
f 8350 8348 8351
f 8350 8351 8352
f 8352 8351 8353
f 8351 8315 8353
f 8353 8315 8354
f 8354 8315 8355
f 8342 8344 8340
f 8340 8344 8345
f 8340 8345 8356
f 8356 8345 8346
f 8356 8346 8347
f 8340 8356 8232
f 8232 8356 8230
f 8230 8356 8229
f 8229 8356 8228
f 8062 8171 8057
f 8057 8171 8058
f 8167 8328 8170
f 8170 8328 8056
f 8328 8329 8056
f 8357 8193 8358
f 8359 8360 8361
f 8359 8362 8363
f 8363 8362 8364
f 8364 8362 8361
f 8364 8361 8360
f 8361 8362 8359
f 8363 8364 8360
f 8365 8366 8367
f 8365 8368 8369
f 8365 8367 8368
f 8368 8367 8369
f 8367 8366 8369
f 8369 8366 8370
f 8366 8371 8370
f 8370 8371 8372
f 8366 8372 8371
f 8372 8369 8370
f 8373 8374 8375
f 8373 8376 8377
f 8374 8377 8378
f 8373 8374 8376
f 8374 8378 8376
f 8376 8378 8377
f 8379 8380 8381
f 8379 8382 8383
f 8380 8384 8385
f 8380 8385 8381
f 8381 8385 8379
f 8385 8384 8379
f 8379 8384 8382
f 8384 8386 8382
f 8382 8386 8383
f 8384 8383 8386
f 8387 8388 8389
f 8387 8390 8391
f 8388 8392 8393
f 8388 8393 8389
f 8389 8393 8387
f 8393 8392 8387
f 8387 8392 8390
f 8392 8394 8390
f 8390 8394 8391
f 8392 8391 8394
f 8046 8176 8044
f 8045 8176 8186
f 8045 8186 8046
f 8043 8042 8045
f 8042 8186 8045
f 8188 8041 8191
f 8188 8191 8190
f 8050 8051 8055
f 8050 8055 8049
f 8055 8054 8049
f 8284 8357 8395
f 8284 8283 8282
f 8284 8282 8281
f 8357 8358 8284
f 8284 8358 8278
f 8278 8358 8323
f 8323 8358 8193
f 8323 8193 8322
f 8322 8193 8172
f 8322 8172 8298
f 8322 8298 8296
f 8193 8189 8192
f 8189 8177 8187
f 8177 8179 8178
f 8179 8184 8185
f 8184 8181 8183
f 8181 8279 8182
f 8279 8281 8280
f 8315 8351 8316
f 8316 8351 8253
f 8253 8351 8247
f 8247 8351 8348
f 8247 8348 8343
f 8247 8343 8246
f 8246 8343 8341
f 8343 8342 8341
f 8396 8397 8398
f 8396 8398 8399
f 8399 8398 8400
f 8400 8398 8401
f 8401 8398 8402
f 8401 8402 8403
f 8403 8402 8404
f 8404 8402 8405
f 8405 8402 8406
f 8406 8402 8398
f 8406 8398 8397
f 8407 8408 8409
f 8409 8408 8410
f 8408 8411 8410
f 8410 8411 8412
f 8413 8414 8415
f 8413 8415 8416
f 8413 8416 8414
f 8414 8416 8417
f 8414 8417 8418
f 8418 8417 8415
f 8418 8415 8419
f 8419 8415 8420
f 8419 8420 650
f 650 8420 8421
f 8417 8416 8415
f 8420 8422 8421
f 8421 8422 8423
f 8423 8422 8424
f 8424 8422 8425
f 8424 8425 8426
f 8426 8425 8427
f 8426 8427 8428
f 8428 8427 8429
f 8429 8430 8431
f 8431 8430 8407
f 8431 8407 8432
f 8431 8432 8429
f 8429 8432 8407
f 8430 8429 8407
f 8407 8429 8427
f 8433 8414 8434
f 8414 8435 8434
f 8434 8435 8436
f 8434 8436 8437
f 8434 8437 8438
f 8438 8437 8404
f 8407 8427 8408
f 8408 8427 8411
f 8427 8425 8411
f 8411 8425 8422
f 8411 8422 8439
f 8439 8422 8420
f 8439 8420 8415
f 8414 8433 8415
f 8415 8433 8439
f 8433 8434 8439
f 8439 8434 8440
f 8439 8440 8411
f 8411 8441 8412
f 8412 8441 8442
f 8441 8443 8444
f 8444 8443 8445
f 8444 8445 8446
f 8446 8445 8447
f 8446 8447 8448
f 8448 8447 8269
f 8269 8447 8268
f 8268 8447 8449
f 8446 8450 8444
f 8444 8450 8451
f 8444 8451 8104
f 8104 8451 8452
f 8104 8452 8338
f 8338 8452 8453
f 8338 8453 8337
f 8337 8453 8336
f 8453 8454 8336
f 8336 8454 8335
f 8104 8103 8444
f 8444 8103 8233
f 8444 8233 8412
f 8412 8233 8410
f 8233 8455 8410
f 8410 8455 8409
f 8412 8442 8444
f 8444 8442 8441
f 8411 8456 8441
f 8457 8441 8458
f 8457 8458 8459
f 8459 8458 8460
f 8459 8460 8461
f 8461 8460 8406
f 8461 8406 8397
f 8397 8396 8461
f 8399 8462 8463
f 8463 8462 8464
f 8464 8462 8465
f 8464 8465 8266
f 8266 8465 8466
f 8462 8467 8465
f 8465 8467 8468
f 8465 8468 8469
f 8469 8470 8465
f 8465 8470 8466
f 8466 8470 8471
f 8471 8470 8472
f 8471 8472 8473
f 8473 8474 8471
f 8471 8474 8475
f 8471 8475 8400
f 8400 8475 8399
f 8471 8400 8476
f 8476 8400 8401
f 8476 8401 8477
f 8477 8401 8403
f 8477 8403 8478
f 8478 8403 8404
f 8477 8478 8479
f 8479 8478 8255
f 8255 8478 8480
f 8480 8478 8481
f 8480 8481 8482
f 8482 8481 8483
f 8481 8484 8483
f 8483 8484 8097
f 8097 8484 8485
f 8485 8484 8486
f 8485 8486 8487
f 8481 8478 8488
f 8488 8478 8489
f 8489 8478 8490
f 8490 8478 8491
f 8478 8404 8491
f 8491 8404 8437
f 8491 8437 8487
f 8487 8437 8485
f 8474 8462 8475
f 8475 8462 8399
f 8396 8399 8463
f 8396 8463 8464
f 8396 8464 8492
f 8396 8492 8493
f 8406 8460 8405
f 8405 8460 8494
f 8405 8494 8404
f 8404 8494 8440
f 8434 8438 8404
f 8404 8495 8434
f 8404 8440 8495
f 8495 8440 8434
f 8460 8458 8494
f 8494 8458 8441
f 8494 8441 8440
f 8440 8441 8456
f 8440 8456 8411
f 8102 8101 8455
f 8455 8101 8496
f 8101 8100 8496
f 8496 8100 8099
f 8496 8099 8497
f 8497 8099 8098
f 8497 8098 8089
f 8090 8091 8498
f 8498 8091 8092
f 8498 8092 8093
f 8498 8093 8499
f 8499 8093 8095
f 8499 8095 8094
f 8094 8485 8499
f 8455 8233 8102
f 8269 8145 8448
f 8145 8146 8448
f 8448 8146 8446
f 8268 8449 8142
f 8146 8147 8446
f 8446 8147 8450
f 8147 8149 8450
f 8450 8149 8451
f 8149 8150 8451
f 8451 8150 8452
f 8150 8151 8452
f 8452 8151 8453
f 8151 8152 8453
f 8453 8152 8454
f 8152 8335 8454
f 8141 8142 8447
f 8447 8142 8449
f 8447 8267 8141
f 8156 8267 8500
f 8156 8500 8501
f 8156 8501 8158
f 8158 8501 8266
f 8266 8466 8163
f 8308 8309 8468
f 8468 8309 8469
f 8469 8309 8470
f 8470 8309 8302
f 8470 8302 8472
f 8472 8302 8303
f 8303 8473 8472
f 8468 8467 8308
f 8308 8467 8305
f 8305 8467 8462
f 8305 8462 8304
f 8304 8462 8474
f 8304 8474 8473
f 8473 8303 8304
f 8502 8503 8504
f 8502 8504 8505
f 8502 8505 8506
f 8506 8505 8503
f 8506 8503 8507
f 8507 8503 8508
f 8507 8508 8509
f 8509 8508 8510
f 8509 8510 735
f 735 8510 8511
f 8511 8512 8513
f 8513 8512 8492
f 8504 8503 8505
f 8511 8513 8492
f 8511 8492 8464
f 8512 8511 8492
f 8492 8511 8510
f 8262 8163 8471
f 8471 8163 8466
f 8471 8476 8262
f 8262 8476 8320
f 8476 8477 8320
f 8320 8477 8318
f 8477 8479 8318
f 8318 8479 8261
f 8094 8097 8485
f 8097 8215 8483
f 8215 8216 8483
f 8483 8216 8482
f 8216 8217 8482
f 8482 8217 8480
f 8217 8255 8480
f 8255 8261 8479
f 8514 8515 8486
f 8486 8515 8487
f 8487 8515 8491
f 8491 8515 8516
f 8491 8516 8490
f 8490 8516 8517
f 8490 8517 8518
f 8518 8489 8490
f 8486 8484 8514
f 8514 8484 8519
f 8519 8484 8520
f 8520 8484 8481
f 8520 8481 8521
f 8521 8481 8488
f 8521 8488 8489
f 8489 8518 8521
f 8464 8522 8511
f 8511 8522 8523
f 8511 8523 8524
f 8524 8523 8525
f 8524 8525 8526
f 8526 8525 8527
f 8526 8527 8506
f 8506 8527 8528
f 8506 8528 8529
f 8511 8524 735
f 735 8524 8509
f 8524 8526 8509
f 8509 8526 8507
f 8526 8506 8507
f 8502 8506 8530
f 8530 8506 8531
f 8530 8531 8447
f 8447 8531 8529
f 8447 8529 8528
f 8506 8529 8531
f 8447 8528 8267
f 8267 8528 8527
f 8267 8527 8500
f 8500 8527 8525
f 8500 8525 8501
f 8501 8525 8523
f 8501 8523 8266
f 8266 8523 8522
f 8266 8522 8532
f 8532 8522 8464
f 8532 8464 8533
f 8533 8464 8534
f 8533 8534 8266
f 8266 8534 8464
f 8533 8266 8532
f 8493 8492 8510
f 8493 8510 8396
f 8396 8510 8535
f 8396 8535 8461
f 8461 8535 8459
f 8510 8508 8535
f 8535 8508 8503
f 8535 8503 8502
f 8535 8502 8536
f 8536 8457 8535
f 8535 8457 8459
f 8457 8502 8530
f 8445 8530 8447
f 8530 8445 8537
f 8537 8445 8457
f 8445 8443 8457
f 8457 8443 8441
f 8537 8457 8530
f 8457 8536 8502
f 8437 8435 8485
f 8485 8435 8538
f 8538 8418 8539
f 8539 8418 8540
f 8539 8540 8485
f 8485 8540 8541
f 8485 8541 8499
f 8499 8541 8542
f 8499 8542 8543
f 8538 8539 8485
f 8499 8543 8498
f 8498 8543 8544
f 8498 8544 8090
f 8090 8544 8545
f 8090 8545 8089
f 8089 8545 8546
f 8089 8546 8497
f 8497 8546 8547
f 8497 8547 8548
f 8497 8548 8496
f 8496 8548 8549
f 8496 8549 8550
f 8550 8549 8407
f 8550 8407 8551
f 8551 8407 8552
f 8551 8552 8496
f 8496 8552 8409
f 8409 8552 8407
f 8553 8409 8455
f 8553 8455 8496
f 8550 8551 8496
f 8553 8496 8409
f 8407 8549 8429
f 8429 8549 8548
f 8429 8548 8547
f 8540 8418 8541
f 8541 8418 8542
f 8538 8435 8418
f 8418 8435 8414
f 8418 8419 650
f 8435 8437 8436
f 8418 650 8554
f 8554 650 8421
f 8554 8421 8555
f 8555 8421 8423
f 8555 8423 8556
f 8556 8423 8424
f 8556 8424 8557
f 8557 8424 8426
f 8557 8426 8428
f 8428 8429 8557
f 8557 8429 8547
f 8557 8547 8546
f 8557 8546 8556
f 8556 8546 8545
f 8556 8545 8555
f 8555 8545 8544
f 8555 8544 8554
f 8554 8544 8543
f 8554 8543 8542
f 8418 8554 8542
f 8356 8558 8228
f 8228 8558 8227
f 8227 8558 8226
f 8226 8558 8559
f 8226 8559 8225
f 8225 8559 8560
f 8225 8560 8224
f 8224 8560 8561
f 8224 8561 8223
f 8223 8561 8222
f 8222 8561 8314
f 8314 8561 8315
f 8315 8561 8355
f 8355 8561 8354
f 8354 8561 8353
f 8353 8561 8560
f 8353 8560 8352
f 8352 8560 8350
f 8560 8559 8350
f 8350 8559 8349
f 8559 8558 8349
f 8349 8558 8347
f 8356 8347 8558
f 8173 8562 8172
f 8172 8562 8298
f 8173 8326 8562
f 8562 8326 8298
f 8298 8326 8297
f 8297 8326 8325
f 8297 8325 8563
f 8563 8325 8294
f 8294 8295 8563
f 8563 8295 8297
f 8325 8564 8294
f 8325 8164 8564
f 8564 8164 8163
f 8564 8163 8565
f 8565 8163 8264
f 8264 8294 8565
f 8565 8294 8564
f 8265 8263 8285
f 8275 8205 8566
f 8566 8205 8206
f 8566 8206 8248
f 8275 8566 8248
f 8106 8197 8107
f 8199 8201 8567
f 8567 8201 8568
f 8568 8201 8256
f 8568 8256 8569
f 8569 8256 8570
f 8570 8256 8211
f 8570 8211 8571
f 8571 8211 8199
f 8571 8199 8572
f 8572 8199 8567
f 8387 8383 8388
f 8388 8383 8384
f 8388 8384 8177
f 8177 8384 8377
f 8177 8377 8374
f 8177 8374 8179
f 8179 8374 8184
f 8384 8380 8377
f 8377 8380 8373
f 8177 8189 8388
f 8388 8189 8392
f 8392 8189 8391
f 8391 8189 8193
f 8391 8193 8357
f 8391 8357 8387
f 8387 8357 8359
f 8387 8359 8363
f 8387 8363 8383
f 8383 8363 8360
f 8383 8360 8379
f 8379 8360 8281
f 8379 8281 8365
f 8365 8281 8279
f 8365 8279 8366
f 8366 8279 8372
f 8279 8181 8372
f 8372 8181 8184
f 8372 8184 8369
f 8369 8184 8374
f 8369 8374 8373
f 8373 8380 8369
f 8369 8380 8365
f 8380 8379 8365
f 8360 8359 8281
f 8281 8359 8284
f 8357 8284 8359
f 8517 8568 8518
f 8568 8569 8518
f 8518 8569 8521
f 8521 8569 8570
f 8521 8570 8520
f 8520 8570 8519
f 8519 8570 8571
f 8519 8571 8514
f 8514 8571 8572
f 8514 8572 8515
f 8515 8572 8567
f 8515 8567 8516
f 8516 8567 8517
f 8517 8567 8568
f 8573 8574 8575
f 8576 8577 8578
f 8579 8580 8581
f 8579 8581 8582
f 8582 8581 8583
f 8583 8580 8584
f 8583 8585 8582
f 8586 8587 8588
f 8589 8590 8591
f 8591 8592 8588
f 8588 8587 8591
f 8591 8587 8593
f 8591 8593 8589
f 8589 8593 8594
f 8589 8594 8595
f 8595 8594 8596
f 8595 8596 8597
f 8597 8598 8595
f 8598 8597 8599
f 8599 8597 8600
f 8600 8597 8596
f 8601 8602 8598
f 8598 8602 8595
f 8602 8603 8595
f 8595 8603 8604
f 8595 8604 8589
f 8605 8606 8607
f 8607 8606 8608
f 8608 8606 8609
f 8609 8610 8608
f 8611 8605 8607
f 8611 8607 8612
f 8612 8607 8613
f 8612 8613 8614
f 8611 8612 8615
f 8615 8612 8616
f 8612 8614 8616
f 8617 8618 8619
f 8619 8618 8620
f 8620 8618 8621
f 8620 8621 8622
f 8622 8623 8620
f 8624 8625 8626
f 8626 8624 8627
f 8628 8627 8629
f 8629 8630 8631
f 8632 8633 8634
f 8625 8635 8624
f 8635 8636 8637
f 8637 8638 8639
f 8640 8641 8639
f 8642 8616 8643
f 8642 8643 8644
f 8644 8643 8645
f 8646 8647 8648
f 8643 8649 8645
f 8645 8649 8650
f 8645 8650 8651
f 8651 8650 8652
f 8652 8650 8647
f 8647 8650 8648
f 8648 8650 8653
f 8650 8649 8653
f 8616 8614 8643
f 8643 8614 8649
f 8614 8613 8649
f 8649 8613 8653
f 8613 8607 8653
f 8653 8607 8654
f 8653 8654 8648
f 8648 8655 8646
f 8646 8655 8656
f 8656 8655 8657
f 8657 8655 8658
f 8648 8654 8655
f 8655 8654 8607
f 8655 8607 8608
f 8608 8610 8655
f 8655 8610 8659
f 8655 8659 8658
f 8658 8659 8660
f 8659 8610 8660
f 8660 8610 8661
f 8660 8661 8606
f 8606 8661 8609
f 8609 8661 8610
f 8660 8606 8662
f 8662 8606 8663
f 8663 8664 8665
f 8665 8664 8630
f 8665 8630 8666
f 8664 8663 8667
f 8664 8667 8634
f 8634 8667 8632
f 8606 8605 8663
f 8663 8605 8668
f 8663 8668 8667
f 8667 8668 8605
f 8667 8605 8669
f 8669 8605 8670
f 8670 8605 8611
f 8670 8611 8671
f 8671 8611 8615
f 8671 8615 8616
f 8616 8672 8671
f 8672 8616 8642
f 8672 8642 8673
f 8673 8642 8644
f 8673 8644 8674
f 8674 8644 8645
f 8674 8645 8675
f 8667 8669 8632
f 8632 8669 8670
f 8632 8670 8676
f 8676 8670 8677
f 8677 8670 8678
f 8678 8670 8679
f 8680 8681 8682
f 8619 8620 8683
f 8683 8620 8684
f 8684 8620 8685
f 8685 8620 8623
f 8685 8623 8686
f 8686 8623 8687
f 8686 8687 8688
f 8688 8687 8689
f 8688 8689 8690
f 8686 8688 8685
f 8688 8690 8691
f 8691 8690 8692
f 8691 8692 8693
f 8690 8694 8692
f 8692 8694 8693
f 8693 8694 8695
f 8695 8694 8696
f 8695 8696 8697
f 8697 8696 8698
f 8697 8698 8699
f 8699 8698 8700
f 8699 8700 8639
f 8639 8700 8701
f 8639 8701 8637
f 8637 8701 8702
f 8637 8702 8703
f 8695 8697 8704
f 8637 8703 8635
f 8635 8703 8705
f 8635 8705 8624
f 8624 8705 8706
f 8624 8706 8627
f 8627 8706 8707
f 8627 8707 8708
f 8627 8708 8629
f 8629 8708 8709
f 8629 8709 8710
f 8710 8666 8629
f 8629 8666 8711
f 8629 8711 8630
f 8630 8711 8666
f 8697 8699 8704
f 8704 8699 8712
f 8704 8712 8713
f 8713 8712 8714
f 8714 8712 8715
f 8715 8712 8716
f 8716 8712 8717
f 8717 8712 8641
f 8641 8712 8639
f 8699 8639 8712
f 8704 8713 8718
f 8713 8719 8718
f 8718 8719 8720
f 8623 8622 8687
f 8687 8622 8621
f 8687 8621 8721
f 8721 8621 8618
f 8721 8618 8722
f 8722 8618 8723
f 8687 8722 8724
f 8687 8724 8725
f 8725 8724 8726
f 8687 8721 8722
f 8726 8724 8727
f 8727 8724 8728
f 8727 8728 8729
f 8729 8728 8730
f 8687 8725 8731
f 8731 8725 8732
f 8731 8732 8733
f 8733 8732 8734
f 8733 8734 8735
f 8735 8736 8733
f 8733 8736 8737
f 8733 8737 8738
f 8722 8739 8724
f 8724 8739 8728
f 8739 8740 8728
f 8728 8740 8741
f 8741 8740 8742
f 8742 8740 8743
f 8743 8740 8744
f 8744 8740 8745
f 8745 8740 8746
f 8746 8740 8747
f 8747 8748 8749
f 8749 8748 8750
f 8748 8751 8750
f 8750 8751 8752
f 8752 8751 8753
f 8752 8753 8754
f 8754 8753 8755
f 8754 8755 8752
f 8752 8755 8750
f 8755 8756 8750
f 8750 8756 8757
f 8750 8757 8758
f 8758 8757 8749
f 8758 8749 8750
f 8753 8759 8755
f 8751 8760 8753
f 8747 8749 8746
f 8746 8749 8761
f 8746 8761 8579
f 8579 8581 8746
f 8746 8581 8762
f 8746 8762 8763
f 8763 8762 8582
f 8582 8764 8763
f 8763 8764 8765
f 8763 8765 8766
f 8763 8766 8767
f 8582 8762 8583
f 8768 8582 8585
f 8582 8768 8769
f 8769 8768 8764
f 8764 8768 8573
f 8573 8768 8766
f 8579 8761 8580
f 8770 8771 8772
f 8618 8773 8723
f 8723 8773 8774
f 8723 8774 8770
f 8770 8774 8771
f 8774 8773 8771
f 8771 8773 8617
f 8771 8617 8775
f 8775 8617 8776
f 8776 8617 8777
f 8776 8777 8778
f 8771 8775 8772
f 8772 8775 8779
f 8684 8685 8718
f 8718 8685 8695
f 8695 8685 8693
f 8693 8685 8691
f 8691 8685 8688
f 8684 8780 8683
f 8683 8780 8619
f 8619 8780 8781
f 8781 8780 8782
f 8782 8783 8781
f 8781 8783 8784
f 8781 8784 8785
f 8785 8784 8786
f 8786 8784 8787
f 8787 8788 8786
f 8786 8788 8789
f 8786 8789 8780
f 8780 8789 8782
f 8598 8599 8601
f 8632 8676 8633
f 8633 8676 8790
f 8676 8677 8790
f 8790 8677 8791
f 8677 8678 8791
f 8791 8678 8792
f 8678 8679 8792
f 8792 8679 8793
f 8679 8670 8793
f 8793 8670 8794
f 8793 8794 8795
f 8793 8795 8796
f 8670 8671 8794
f 8794 8671 8673
f 8794 8673 8674
f 8794 8674 8675
f 8671 8672 8673
f 8682 8681 8797
f 8797 8681 8798
f 8681 8799 8798
f 8798 8799 8800
f 8798 8800 8797
f 8797 8800 8801
f 8797 8801 8802
f 8802 8803 8797
f 8797 8803 8804
f 8804 8805 8797
f 8797 8805 8806
f 8805 8807 8806
f 8806 8807 8753
f 8806 8753 8808
f 8808 8753 8760
f 8808 8760 8809
f 8809 8806 8808
f 8777 8617 8778
f 8778 8617 8810
f 8810 8617 8619
f 8810 8619 8781
f 8781 8785 8810
f 8810 8785 8778
f 8778 8785 8776
f 8785 8786 8776
f 8776 8786 8775
f 8786 8811 8775
f 8775 8811 8719
f 8775 8719 8713
f 8713 8714 8775
f 8775 8714 8779
f 8809 8812 8806
f 8806 8812 8813
f 8812 8814 8815
f 8815 8814 8816
f 8817 8818 8819
f 8819 8818 8820
f 8821 8822 8823
f 8823 8822 8824
f 8823 8824 8825
f 8825 8824 8826
f 8779 8714 8827
f 8827 8714 8715
f 8717 8641 8640
f 8813 8682 8806
f 8682 8797 8806
f 8780 8684 8786
f 8786 8684 8811
f 8811 8684 8718
f 8811 8718 8720
f 8720 8719 8811
f 8704 8718 8695
f 8617 8773 8618
f 8770 8772 8828
f 8828 8772 8829
f 8828 8829 8830
f 8772 8779 8829
f 8828 8830 8831
f 8831 8830 8809
f 8831 8809 8760
f 8760 8751 8831
f 8770 8828 8723
f 8723 8828 8832
f 8723 8832 8722
f 8722 8832 8739
f 8828 8831 8832
f 8832 8831 8833
f 8832 8833 8739
f 8739 8833 8740
f 8831 8751 8833
f 8833 8751 8748
f 8833 8748 8740
f 8740 8748 8747
f 8759 8753 8834
f 8753 8807 8834
f 8807 8805 8834
f 8834 8805 8835
f 8805 8804 8835
f 8835 8804 8836
f 8596 8837 8838
f 8838 8837 8749
f 8838 8749 8757
f 8756 8755 8839
f 8837 8593 8749
f 8749 8593 8587
f 8749 8587 8761
f 8761 8587 8586
f 8761 8586 8588
f 8588 8592 8761
f 8761 8592 8840
f 8592 8591 8840
f 8840 8591 8841
f 8591 8590 8841
f 8841 8590 8589
f 8656 8657 8842
f 8842 8657 8843
f 8842 8843 8731
f 8731 8843 8657
f 8731 8657 8658
f 8731 8658 8687
f 8687 8658 8660
f 8687 8660 8689
f 8656 8842 8646
f 8646 8842 8844
f 8845 8846 8847
f 8761 8840 8848
f 8761 8848 8849
f 8849 8848 8846
f 8849 8846 8850
f 8850 8846 8845
f 8850 8845 8851
f 8851 8845 8852
f 8851 8852 8853
f 8853 8852 8854
f 8853 8854 8855
f 8855 8854 8852
f 8855 8852 8844
f 8844 8852 8646
f 8853 8850 8851
f 8846 8848 8840
f 8844 8842 8855
f 8855 8842 8853
f 8853 8842 8850
f 8850 8842 8731
f 8850 8731 8733
f 8852 8845 8820
f 8852 8820 8856
f 8856 8820 8826
f 8826 8820 8825
f 8825 8820 8823
f 8820 8821 8823
f 8845 8847 8820
f 8820 8847 8857
f 8820 8857 8819
f 8819 8857 8858
f 8819 8858 8817
f 8817 8858 8859
f 8817 8859 8860
f 8817 8860 8816
f 8816 8860 8861
f 8816 8861 8815
f 8815 8861 8862
f 8815 8862 8839
f 8839 8755 8815
f 8815 8755 8863
f 8863 8755 8759
f 8863 8759 8864
f 8864 8759 8813
f 8759 8834 8813
f 8813 8834 8835
f 8813 8835 8836
f 8813 8836 8865
f 8813 8865 8866
f 8866 8799 8813
f 8813 8799 8681
f 8813 8681 8680
f 8813 8680 8682
f 8864 8813 8863
f 8863 8813 8812
f 8863 8812 8815
f 8867 8868 8869
f 8869 8870 8867
f 8867 8870 8871
f 8870 8872 8871
f 8871 8872 8873
f 8871 8873 8874
f 8874 8873 8875
f 8874 8875 8876
f 8874 8876 8877
f 8877 8876 8878
f 8877 8878 8879
f 8879 8880 8877
f 8877 8880 8881
f 8881 8880 8882
f 8882 8880 8879
f 8882 8879 8883
f 8883 8879 8878
f 8883 8878 8876
f 8666 8710 8884
f 8884 8710 8709
f 8884 8709 8885
f 8885 8709 8708
f 8885 8708 8707
f 8884 8885 8867
f 8867 8885 8868
f 8868 8885 8869
f 8869 8885 8870
f 8840 8841 8886
f 8886 8841 8589
f 8589 8604 8886
f 8886 8604 8887
f 8604 8603 8887
f 8887 8603 8602
f 8887 8602 8888
f 8888 8602 8601
f 8888 8601 8599
f 8888 8599 8889
f 8889 8599 8600
f 8889 8600 8596
f 8839 8862 8756
f 8756 8862 8890
f 8756 8890 8757
f 8757 8890 8891
f 8862 8861 8890
f 8890 8861 8860
f 8890 8860 8892
f 8892 8860 8859
f 8892 8859 8858
f 8840 8886 8846
f 8846 8886 8893
f 8846 8893 8847
f 8847 8893 8857
f 8857 8893 8858
f 8858 8893 8892
f 8886 8887 8893
f 8893 8887 8892
f 8887 8888 8892
f 8892 8888 8889
f 8892 8889 8890
f 8890 8889 8891
f 8757 8891 8838
f 8838 8891 8596
f 8891 8889 8596
f 8596 8594 8837
f 8837 8594 8593
f 8744 8742 8743
f 8744 8745 8746
f 8894 8895 8896
f 8894 8897 8898
f 8898 8897 8899
f 8899 8897 8896
f 8899 8896 8895
f 8896 8897 8894
f 8895 8898 8899
f 8900 8901 8902
f 8900 8903 8904
f 8900 8902 8903
f 8903 8902 8901
f 8903 8901 8904
f 8904 8901 8905
f 8904 8905 8906
f 8906 8905 8907
f 8901 8907 8905
f 8907 8904 8906
f 8908 8909 8910
f 8908 8911 8912
f 8909 8912 8913
f 8909 8913 8910
f 8910 8913 8908
f 8908 8913 8911
f 8911 8913 8912
f 8914 8915 8916
f 8914 8917 8918
f 8915 8919 8920
f 8915 8920 8916
f 8916 8920 8919
f 8916 8919 8914
f 8914 8919 8921
f 8914 8921 8917
f 8917 8921 8918
f 8919 8918 8921
f 8922 8923 8924
f 8922 8925 8926
f 8923 8927 8928
f 8923 8928 8924
f 8924 8928 8927
f 8924 8927 8922
f 8922 8927 8929
f 8922 8929 8925
f 8925 8929 8926
f 8927 8926 8929
f 8576 8578 8930
f 8575 8574 8931
f 8931 8578 8575
f 8575 8578 8577
f 8578 8930 8577
f 8582 8769 8764
f 8764 8766 8765
f 8766 8764 8573
f 8580 8583 8579
f 8579 8583 8581
f 8581 8582 8762
f 8584 8932 8933
f 8585 8583 8584
f 8585 8584 8933
f 8585 8933 8768
f 8768 8933 8932
f 8768 8932 8849
f 8768 8849 8850
f 8850 8733 8768
f 8768 8733 8931
f 8768 8931 8574
f 8768 8574 8766
f 8574 8573 8766
f 8766 8573 8767
f 8573 8575 8767
f 8767 8575 8934
f 8934 8575 8577
f 8577 8576 8934
f 8934 8576 8738
f 8738 8576 8733
f 8733 8576 8930
f 8733 8930 8578
f 8733 8578 8931
f 8849 8932 8761
f 8761 8932 8580
f 8580 8932 8584
f 8742 8730 8741
f 8741 8730 8728
f 8730 8727 8729
f 8727 8725 8726
f 8725 8734 8732
f 8734 8736 8735
f 8736 8738 8737
f 8738 8767 8934
f 8767 8746 8763
f 8935 8698 8696
f 8935 8696 8694
f 8935 8694 8698
f 8698 8694 8882
f 8882 8883 8698
f 8698 8883 8700
f 8700 8883 8701
f 8701 8883 8702
f 8690 8936 8694
f 8694 8936 8882
f 8936 8881 8882
f 8881 8936 8877
f 8877 8936 8689
f 8877 8689 8874
f 8874 8689 8660
f 8874 8660 8871
f 8871 8660 8937
f 8871 8937 8867
f 8689 8936 8690
f 8867 8937 8884
f 8884 8937 8938
f 8884 8938 8666
f 8666 8938 8665
f 8665 8938 8663
f 8663 8938 8662
f 8662 8938 8660
f 8660 8938 8937
f 8939 8940 8941
f 8939 8941 8942
f 8939 8942 8943
f 8943 8942 8940
f 8943 8940 624
f 624 8940 8944
f 624 8944 5463
f 5463 8944 8945
f 8942 8941 8940
f 8944 8946 8945
f 8945 8946 8947
f 8946 8948 8947
f 8947 8948 8949
f 8947 8949 8950
f 8947 8950 8948
f 8950 8949 8948
f 8945 8947 5481
f 8945 5481 5463
f 5463 5479 624
f 624 5479 8943
f 8939 8943 8951
f 8812 8951 8952
f 8812 8952 8953
f 8953 8952 8943
f 8953 8943 8954
f 8954 8943 8955
f 8954 8955 8814
f 8814 8955 8816
f 8951 8943 8952
f 8814 8812 8954
f 8954 8812 8953
f 8943 5479 8955
f 8955 5479 5480
f 8955 5480 8816
f 8816 5480 8817
f 5480 8956 8817
f 8817 8956 8818
f 8956 8957 8818
f 8818 8957 8958
f 8818 8958 8959
f 8959 8958 8948
f 8959 8948 8960
f 8818 8960 8961
f 8961 8948 8962
f 8962 8948 8963
f 8818 8959 8960
f 8962 8964 8965
f 8962 8965 8966
f 8966 8965 8964
f 8966 8964 8967
f 8967 8968 8966
f 8966 8968 8634
f 8634 8968 8969
f 8969 8968 8970
f 8969 8970 8971
f 8967 8964 8968
f 8972 8973 8974
f 8974 8964 8972
f 8972 8964 8975
f 8972 8975 8976
f 8976 8975 8977
f 8976 8977 8978
f 8978 8977 8979
f 8978 8980 8976
f 8981 8982 8983
f 8983 8982 8984
f 8984 8982 8985
f 8984 8985 8986
f 8984 8985 8987
f 8984 8987 8988
f 8984 8988 8989
f 8980 8981 8983
f 8980 8983 8984
f 8980 8984 8989
f 8980 8989 8990
f 8981 8991 8982
f 8982 8991 8992
f 8976 8980 8972
f 8972 8980 8993
f 8972 8993 8973
f 8973 8993 8994
f 8973 8994 8995
f 8995 8994 8996
f 8994 8993 8997
f 8997 8993 8998
f 8998 8993 8999
f 8999 8993 8989
f 8999 8989 9000
f 9000 8989 8988
f 9000 8988 8987
f 8989 8993 8990
f 8990 8993 8980
f 8973 8968 8974
f 8974 8968 8964
f 8962 8966 9001
f 9001 8966 8961
f 8962 9001 8961
f 8961 8960 8948
f 8963 8948 8946
f 8963 8946 8962
f 8962 8946 8944
f 8962 8944 9002
f 9002 8944 8940
f 9002 8940 8939
f 9002 8939 9003
f 9003 9004 9002
f 9005 9004 9006
f 9006 9004 8951
f 8951 9004 8939
f 8939 9004 9003
f 9004 9007 9002
f 9002 9007 9008
f 9002 9008 8962
f 8962 9008 9009
f 8962 9009 8964
f 8964 9009 8975
f 8975 9009 8977
f 8977 9009 9008
f 8977 9008 8979
f 8979 9008 9007
f 8951 8812 9010
f 9010 8812 9011
f 9010 9011 9012
f 9011 8812 9013
f 9013 8812 9014
f 9014 8812 9015
f 9015 8812 9016
f 9015 9016 9017
f 9017 9016 9018
f 9017 9018 9019
f 9019 9018 9020
f 9005 9017 9019
f 9018 9021 9020
f 9020 9021 9022
f 9021 9023 9022
f 9022 9023 8991
f 9022 8991 8981
f 8991 9023 8992
f 8992 9023 9024
f 9024 9023 9025
f 9025 9023 9026
f 9015 9017 9027
f 9027 9017 9028
f 9028 9017 9029
f 9029 9017 9012
f 9017 9005 9012
f 9012 9005 9010
f 8951 9010 9006
f 9006 9010 9005
f 8958 8957 8948
f 8948 8957 8947
f 8957 8956 8947
f 8947 8956 5481
f 8956 5480 5481
f 8980 8978 9030
f 8980 9030 8981
f 8981 9030 9022
f 9022 9030 9020
f 9020 9030 9031
f 9020 9031 9019
f 9019 9031 9004
f 9019 9004 9005
f 9004 9031 9007
f 9007 9031 8979
f 8979 9031 9030
f 8979 9030 8978
f 8971 8996 9032
f 9032 8996 8994
f 9032 8994 9033
f 9032 9033 8971
f 8971 9033 9034
f 8971 9034 9035
f 9035 9034 8994
f 9035 8994 9036
f 9036 8994 8997
f 9036 8997 9037
f 9037 8997 9038
f 9034 9033 8994
f 8997 8998 9038
f 9038 8998 9039
f 8998 8999 9039
f 9039 8999 9040
f 9040 8999 670
f 670 8999 9000
f 670 9000 9041
f 9041 9000 9042
f 9042 9043 9044
f 9044 9043 8987
f 9044 8987 9045
f 9044 9045 9042
f 9042 9045 8987
f 8987 8985 9042
f 9042 8985 9046
f 9042 9046 9047
f 9047 670 9042
f 9042 670 9048
f 9042 9048 9041
f 9041 9048 670
f 670 9048 9040
f 9040 9048 9049
f 9040 9049 9039
f 9039 9049 9050
f 9039 9050 9038
f 9038 9050 9051
f 9038 9051 9037
f 9037 9051 9035
f 9037 9035 9036
f 8969 8971 9052
f 8969 9052 9053
f 9053 9052 8971
f 9053 8971 9054
f 9054 8971 9035
f 9054 9035 9055
f 9054 9055 9053
f 9053 9055 9056
f 9053 9056 9057
f 9057 9056 9035
f 9057 9035 9058
f 9058 9035 9051
f 9058 9051 9059
f 9059 9051 9060
f 9035 9056 9055
f 9051 9050 9060
f 9060 9050 9061
f 9050 9049 9061
f 9061 9049 9062
f 9049 9048 9062
f 9062 9048 670
f 9053 9057 9063
f 9063 9057 9058
f 9063 9058 9059
f 9063 9059 9064
f 9064 9059 9060
f 9064 9060 8626
f 8626 9060 9061
f 8626 9061 8625
f 8625 9061 9062
f 8625 9062 9065
f 9065 9062 670
f 9065 670 9047
f 9065 9047 9066
f 9066 9047 9046
f 9066 9046 9067
f 9067 9046 8985
f 9067 8985 9068
f 9068 8985 9069
f 9068 9069 9066
f 9066 9069 8985
f 9068 9066 9067
f 9066 8985 9070
f 9066 9070 9071
f 9071 9070 8640
f 8985 8982 9070
f 9070 8982 9072
f 9070 9072 9073
f 9073 9074 9070
f 9070 9074 8640
f 9074 9026 8640
f 8640 9026 9075
f 9075 9026 9076
f 9076 9026 9023
f 9076 9023 9077
f 9077 9023 8827
f 9043 9042 8987
f 8987 9042 9000
f 8796 9078 8793
f 8793 9078 8792
f 8792 9078 8791
f 8791 9078 9079
f 8791 9079 8790
f 8790 9079 8633
f 9079 9080 8633
f 8633 9080 8634
f 9080 9081 8634
f 8634 9081 9082
f 8634 9082 8966
f 8966 9082 8961
f 8961 9082 8818
f 8818 9082 9083
f 9083 9082 9084
f 9084 9082 8822
f 8822 9082 8824
f 8824 9082 8826
f 8826 9082 8856
f 8856 9082 9081
f 8973 8995 8968
f 8968 8995 8970
f 8995 8996 8970
f 8970 8996 8971
f 8630 8664 9053
f 9053 8664 8969
f 8664 8634 8969
f 9053 9063 8630
f 8630 9063 8631
f 8631 9063 8629
f 8629 9063 9064
f 8629 9064 8628
f 8628 9064 8627
f 9064 8626 8627
f 8625 9065 8635
f 8635 9065 8636
f 9065 9066 8636
f 8636 9066 8637
f 8637 9066 8638
f 8638 9066 9071
f 8638 9071 8639
f 8796 9085 9078
f 9085 9086 9078
f 9078 9086 9079
f 9079 9086 9080
f 9080 9086 9087
f 9080 9087 9081
f 9081 9087 9088
f 9088 8856 9081
f 8822 8821 9084
f 8821 8820 9084
f 9084 8820 9083
f 8820 8818 9083
f 8812 8809 9016
f 9089 9090 9013
f 9013 9090 9011
f 9090 9091 9011
f 9011 9091 9012
f 9091 9092 9012
f 9012 9092 9029
f 9092 9093 9029
f 9029 9093 9028
f 9013 9014 9089
f 9089 9014 9094
f 9014 9015 9094
f 9094 9015 9095
f 9015 9027 9095
f 9095 9027 9096
f 9027 9028 9096
f 9096 9028 9093
f 8809 8830 9016
f 9016 8830 9018
f 8830 8829 9018
f 9018 8829 9021
f 8829 8779 9021
f 9021 8779 9023
f 8827 8715 9077
f 8715 8716 9077
f 9077 8716 9076
f 8716 8717 9076
f 9076 8717 9075
f 8717 8640 9075
f 8640 8639 9071
f 8779 8827 9023
f 9097 9098 9073
f 9073 9098 9074
f 9098 9099 9074
f 9074 9099 9026
f 9099 9100 9026
f 9026 9100 9025
f 9100 9101 9025
f 9025 9101 9024
f 9073 9072 9097
f 9097 9072 9102
f 9072 8982 9102
f 9102 8982 9103
f 8982 8992 9103
f 9103 8992 9104
f 8992 9024 9104
f 9104 9024 9101
f 8702 8883 9105
f 9105 8883 8876
f 9105 8876 8875
f 8702 9105 8703
f 8703 9105 8705
f 9105 9106 8705
f 8705 9106 8706
f 9105 8875 9106
f 9106 8875 8873
f 9106 8873 9107
f 9107 8873 8872
f 9107 8872 8870
f 8870 8885 9107
f 9107 8885 8707
f 9107 8707 8706
f 9107 8706 9106
f 8852 8856 9108
f 9108 8856 9088
f 9108 9088 9087
f 9087 9086 9108
f 9108 9086 9085
f 9108 9085 8796
f 8796 8795 9108
f 9108 8795 8794
f 9108 8794 8646
f 8852 9108 8646
f 8646 8794 8647
f 8647 8794 8652
f 8652 8794 8651
f 8794 8675 8651
f 8651 8675 8645
f 8804 9091 8836
f 8836 9091 9090
f 8836 9090 9089
f 8836 9089 8865
f 8865 9089 8866
f 8866 9089 9094
f 8866 9094 9095
f 8866 9095 8799
f 8799 9095 8800
f 9095 9096 8800
f 8800 9096 8801
f 9096 9093 8801
f 8801 9093 8802
f 8802 9093 9092
f 8802 9092 8803
f 8803 9092 9091
f 9091 8804 8803
f 8915 8730 8919
f 8919 8730 8742
f 8919 8742 8898
f 8898 8742 8894
f 8894 8742 8895
f 8895 8742 8927
f 8895 8927 8923
f 8742 8744 8927
f 8927 8744 8926
f 8744 8746 8926
f 8926 8746 8767
f 8926 8767 8922
f 8922 8767 8738
f 8922 8738 8923
f 8923 8738 8918
f 8923 8918 8895
f 8895 8918 8898
f 8919 8898 8918
f 8918 8738 8914
f 8914 8738 8736
f 8914 8736 8912
f 8912 8736 8908
f 8908 8736 8909
f 8909 8736 8904
f 8909 8904 8907
f 8736 8734 8904
f 8904 8734 8900
f 8734 8725 8900
f 8900 8725 8727
f 8900 8727 8901
f 8901 8727 8730
f 8901 8730 8907
f 8907 8730 8915
f 8907 8915 8909
f 8909 8915 8912
f 8912 8915 8914
f 8784 8783 9100
f 9100 8783 9101
f 9101 8783 9104
f 8783 8782 9104
f 9104 8782 9103
f 9103 8782 9102
f 9102 8782 8789
f 9102 8789 8788
f 9102 8788 9097
f 9097 8788 9098
f 9098 8788 8787
f 9098 8787 9099
f 9099 8787 8784
f 9099 8784 9100
f 9109 9110 9111
f 9112 9113 9114
f 9115 9116 9117
f 9117 9116 9118
f 9119 9118 9120
f 9120 9121 9119
f 9119 9122 9123
f 9124 9125 9126
f 9127 9128 9129
f 9127 9129 9125
f 9125 9129 9130
f 9127 9125 9131
f 9131 9125 9124
f 9131 9124 9132
f 9132 9124 9133
f 9132 9133 9134
f 9134 9133 9135
f 9134 9135 9136
f 9124 9137 9138
f 9124 9138 9133
f 9133 9138 9139
f 9133 9139 9140
f 9140 9135 9133
f 9141 9142 9143
f 9141 9143 9144
f 9144 9143 9145
f 9144 9145 9146
f 9141 9144 9147
f 9147 9144 9148
f 9144 9146 9148
f 9149 9150 9151
f 9151 9150 9152
f 9152 9150 9153
f 9152 9153 9154
f 9154 9155 9152
f 9156 9157 9158
f 9158 9156 9159
f 9160 9159 9161
f 9161 9162 9163
f 9162 9164 9165
f 9157 9166 9156
f 9166 9167 9168
f 9168 9169 9170
f 9171 9172 9173
f 9174 9175 9176
f 9176 9175 9177
f 9176 9177 9148
f 9178 9179 9180
f 9180 9179 9181
f 9181 9179 9182
f 9182 9179 9183
f 9178 9184 9185
f 9185 9184 9143
f 9143 9184 9145
f 9145 9184 9146
f 9184 9186 9146
f 9146 9186 9176
f 9146 9176 9148
f 9180 9187 9178
f 9176 9186 9174
f 9174 9186 9188
f 9174 9188 9189
f 9189 9188 9187
f 9187 9188 9178
f 9178 9188 9184
f 9188 9186 9184
f 9143 9142 9190
f 9143 9190 9191
f 9191 9190 9192
f 9192 9193 9191
f 9143 9191 9185
f 9185 9191 9178
f 9178 9191 9179
f 9179 9191 9193
f 9179 9193 9194
f 9194 9193 9195
f 9194 9195 9183
f 9183 9195 9196
f 9183 9196 9182
f 9179 9194 9183
f 9193 9192 9195
f 9195 9192 9197
f 9197 9192 9190
f 9197 9190 9198
f 9198 9190 9199
f 9195 9197 9198
f 9190 9142 9199
f 9199 9142 9200
f 9199 9200 9201
f 9201 9200 9202
f 9201 9202 9203
f 9203 9202 9204
f 9203 9204 9205
f 9205 9204 9206
f 9205 9206 9207
f 9207 9206 9204
f 9207 9204 9208
f 9208 9204 9209
f 9209 9204 9210
f 9210 9204 9211
f 9211 9204 9212
f 9212 9204 9213
f 9213 9204 9214
f 9214 9204 9215
f 9204 9202 9215
f 9215 9202 9216
f 9215 9216 9217
f 9217 9216 9218
f 9218 9216 9219
f 9219 9216 9220
f 9207 9208 9221
f 9221 9208 9222
f 9222 9208 9223
f 9208 9224 9223
f 9223 9224 9225
f 9224 9226 9225
f 9225 9226 9227
f 9227 9226 9228
f 9228 9226 9229
f 9228 9229 9230
f 9230 9229 9231
f 9230 9231 9232
f 9205 9207 9233
f 9233 9207 9234
f 9233 9234 9235
f 9235 9236 9233
f 9233 9236 9237
f 9236 9235 9237
f 9235 9238 9237
f 9237 9238 9126
f 9237 9126 9239
f 9126 9238 9124
f 9239 9130 9237
f 9237 9130 9129
f 9237 9129 9128
f 9237 9128 9240
f 9240 9128 9127
f 9240 9127 9131
f 9131 9132 9240
f 9240 9132 9241
f 9241 9132 9242
f 9242 9132 9134
f 9221 9234 9207
f 9203 9205 9201
f 9201 9205 9199
f 9205 9233 9199
f 9199 9233 9237
f 9199 9237 9243
f 9243 9237 9111
f 9243 9111 9113
f 9243 9113 9112
f 9243 9112 9244
f 9244 9114 9243
f 9243 9114 9245
f 9243 9245 9246
f 9246 9247 9243
f 9243 9247 9248
f 9243 9248 9199
f 9199 9248 9198
f 9198 9248 9195
f 9195 9248 9249
f 9195 9249 9250
f 9249 9248 9251
f 9251 9248 9252
f 9252 9248 9253
f 9253 9248 9247
f 9245 9114 9254
f 9245 9254 9255
f 9255 9254 9110
f 9110 9109 9255
f 9255 9109 9256
f 9255 9256 9257
f 9257 9256 9258
f 9258 9259 9257
f 9257 9259 9115
f 9257 9115 9260
f 9260 9115 9117
f 9117 9115 9118
f 9260 9117 9261
f 9261 9117 9122
f 9261 9122 9120
f 9261 9120 9237
f 9237 9240 9261
f 9120 9122 9119
f 9109 9111 9259
f 9259 9111 9237
f 9259 9237 9115
f 9115 9237 9116
f 9116 9237 9120
f 9116 9120 9118
f 9200 9142 9202
f 9202 9142 9216
f 9216 9142 9141
f 9216 9141 9262
f 9262 9141 9147
f 9262 9147 9148
f 9262 9148 9263
f 9263 9148 9177
f 9263 9177 9264
f 9264 9177 9175
f 9264 9175 9265
f 9265 9175 9266
f 9151 9267 9268
f 9268 9267 9269
f 9268 9269 9270
f 9271 9269 9272
f 9269 9273 9272
f 9272 9273 9274
f 9274 9273 9275
f 9275 9273 9276
f 9277 9149 9278
f 9278 9149 9279
f 9279 9149 9151
f 9279 9151 9268
f 9268 9280 9279
f 9278 9281 9277
f 9277 9281 9149
f 9149 9281 9282
f 9149 9282 9283
f 9283 9282 9284
f 9283 9284 9164
f 9284 9282 9285
f 9285 9282 9286
f 9149 9283 9287
f 9287 9283 9288
f 9287 9288 9289
f 9289 9288 9161
f 9289 9161 9290
f 9290 9161 9291
f 9291 9161 9292
f 9292 9161 9159
f 9292 9159 9293
f 9293 9159 9294
f 9159 9156 9294
f 9294 9156 9295
f 9156 9166 9295
f 9295 9166 9296
f 9166 9168 9296
f 9296 9168 9297
f 9297 9168 9298
f 9298 9168 9170
f 9298 9170 9299
f 9299 9170 9300
f 9299 9300 9301
f 9301 9300 9302
f 9302 9300 9170
f 9301 9302 9303
f 9303 9302 9304
f 9302 9171 9304
f 9305 9304 9181
f 9181 9304 9306
f 9181 9306 9180
f 9180 9306 9307
f 9180 9307 9308
f 9308 9307 9171
f 9308 9171 9173
f 9173 9309 9308
f 9308 9309 9310
f 9308 9310 9311
f 9311 9312 9308
f 9308 9312 9313
f 9308 9313 9314
f 9308 9314 9180
f 9180 9314 9187
f 9187 9314 9189
f 9189 9314 9174
f 9314 9266 9174
f 9171 9307 9304
f 9307 9306 9304
f 9181 9182 9305
f 9305 9182 9196
f 9305 9196 9315
f 9315 9196 9195
f 9315 9195 9316
f 9316 9195 9317
f 9316 9317 9276
f 9276 9317 9275
f 9161 9288 9162
f 9162 9288 9164
f 9164 9288 9283
f 9287 9289 9318
f 9318 9289 9319
f 9318 9319 9150
f 9150 9319 9320
f 9150 9320 9321
f 9321 9320 9322
f 9321 9322 9154
f 9154 9322 9316
f 9154 9316 9155
f 9155 9316 9323
f 9154 9153 9321
f 9150 9321 9153
f 9150 9287 9318
f 9316 9276 9323
f 9323 9276 9273
f 9323 9273 9152
f 9152 9273 9151
f 9152 9155 9323
f 9151 9273 9267
f 9267 9273 9269
f 9164 9284 9165
f 9286 9282 9324
f 9324 9282 9281
f 9324 9281 9325
f 9325 9281 9280
f 9281 9278 9280
f 9280 9278 9279
f 9325 9326 9324
f 9324 9326 9327
f 9324 9327 9328
f 9328 9329 9324
f 9324 9329 9330
f 9331 9332 9333
f 9332 9334 9333
f 9331 9333 9231
f 9231 9229 9335
f 9335 9229 9226
f 9224 9208 9336
f 9336 9208 9209
f 9210 9211 9337
f 9337 9211 9212
f 9337 9212 9338
f 9338 9212 9213
f 9270 9269 9325
f 9325 9269 9326
f 9326 9269 9271
f 9326 9271 9339
f 9339 9327 9326
f 9339 9271 9327
f 9327 9271 9328
f 9328 9271 9340
f 9328 9340 9341
f 9341 9340 9342
f 9341 9342 9343
f 9343 9342 9344
f 9341 9343 9345
f 9341 9345 9330
f 9330 9329 9341
f 9341 9329 9328
f 9317 9346 9347
f 9317 9195 9346
f 9346 9195 9250
f 9346 9250 9348
f 9348 9349 9346
f 9346 9349 9350
f 9346 9350 9351
f 9346 9351 9347
f 9347 9351 9352
f 9347 9352 9353
f 9342 9340 9344
f 9344 9340 9272
f 9344 9272 9274
f 9354 9332 9355
f 9355 9332 9356
f 9356 9332 9357
f 9357 9332 9358
f 9358 9332 9359
f 9359 9332 9360
f 9360 9332 9356
f 9360 9356 9361
f 9360 9361 9362
f 9360 9362 9363
f 9363 9362 9364
f 9364 9362 9365
f 9364 9365 9366
f 9366 9365 9367
f 9356 9332 9361
f 9361 9332 9331
f 9334 9354 9333
f 9333 9354 9368
f 9368 9354 9369
f 9369 9354 9355
f 9369 9355 9370
f 9369 9370 9371
f 9371 9370 9356
f 9371 9356 9372
f 9372 9356 9373
f 9373 9356 9357
f 9373 9357 9358
f 9373 9358 9374
f 9374 9358 9375
f 9374 9375 9376
f 9374 9376 9377
f 9377 9376 9378
f 9378 9376 9379
f 9378 9379 9371
f 9371 9379 9369
f 9375 9358 9380
f 9380 9358 9359
f 9380 9359 9360
f 9380 9360 9381
f 9381 9360 9363
f 9368 9369 9333
f 9333 9369 9382
f 9333 9382 9379
f 9379 9376 9333
f 9333 9376 9375
f 9375 9380 9333
f 9333 9380 9381
f 9333 9381 9363
f 9289 9383 9319
f 9319 9383 9320
f 9383 9384 9320
f 9320 9384 9385
f 9320 9385 9322
f 9383 9289 9290
f 9383 9290 9291
f 9149 9287 9150
f 9340 9271 9272
f 9343 9386 9345
f 9345 9386 9330
f 9330 9386 9387
f 9387 9386 9388
f 9387 9388 9389
f 9389 9388 9361
f 9389 9361 9331
f 9388 9362 9361
f 9379 9382 9369
f 9356 9370 9355
f 9362 9388 9365
f 9365 9388 9390
f 9365 9390 9391
f 9391 9390 9392
f 9388 9386 9390
f 9390 9386 9393
f 9390 9393 9392
f 9392 9393 9347
f 9386 9343 9393
f 9393 9343 9344
f 9393 9344 9347
f 9347 9344 9317
f 9232 9394 9395
f 9221 9222 9234
f 9234 9222 9396
f 9234 9396 9397
f 9397 9396 9398
f 9397 9235 9234
f 9222 9223 9396
f 9396 9223 9225
f 9396 9225 9399
f 9399 9225 9227
f 9399 9227 9228
f 9396 9399 9398
f 9398 9399 9400
f 9241 9401 9395
f 9395 9401 9402
f 9395 9402 9232
f 9232 9402 9230
f 9230 9402 9228
f 9228 9402 9399
f 9399 9402 9400
f 9400 9402 9403
f 9402 9401 9403
f 9403 9401 9136
f 9403 9136 9135
f 9135 9140 9403
f 9403 9140 9400
f 9140 9139 9400
f 9400 9139 9138
f 9400 9138 9398
f 9398 9138 9137
f 9398 9137 9124
f 9136 9401 9134
f 9134 9401 9242
f 9401 9241 9242
f 9263 9264 9262
f 9262 9264 9265
f 9262 9265 9216
f 9216 9265 9266
f 9216 9266 9314
f 9216 9314 9313
f 9220 9216 9313
f 9220 9313 9312
f 9220 9312 9404
f 9404 9312 9311
f 9404 9311 9405
f 9405 9311 9310
f 9405 9310 9406
f 9406 9310 9309
f 9406 9309 9407
f 9407 9309 9173
f 9407 9173 9172
f 9304 9305 9303
f 9303 9305 9408
f 9303 9408 9301
f 9301 9408 9409
f 9305 9315 9408
f 9408 9315 9410
f 9408 9410 9409
f 9409 9410 9411
f 9411 9412 9413
f 9413 9412 9414
f 9414 9412 9415
f 9415 9412 9416
f 9412 9417 9416
f 9416 9417 9418
f 9418 9417 9419
f 9419 9417 9420
f 9419 9420 9421
f 9421 9420 9422
f 9420 9384 9422
f 9422 9384 9423
f 9423 9384 9424
f 9411 9413 9409
f 9409 9413 9414
f 9409 9414 9425
f 9425 9414 9415
f 9425 9415 9416
f 9409 9425 9301
f 9301 9425 9299
f 9299 9425 9298
f 9298 9425 9297
f 9130 9239 9125
f 9125 9239 9126
f 9235 9397 9238
f 9238 9397 9124
f 9397 9398 9124
f 9426 9261 9427
f 9428 9429 9430
f 9428 9431 9432
f 9432 9431 9433
f 9433 9431 9430
f 9433 9430 9429
f 9430 9431 9428
f 9432 9433 9429
f 9434 9435 9436
f 9434 9437 9438
f 9434 9436 9437
f 9437 9436 9438
f 9436 9435 9438
f 9438 9435 9439
f 9435 9440 9439
f 9439 9440 9441
f 9435 9441 9440
f 9441 9438 9439
f 9442 9443 9444
f 9442 9445 9446
f 9443 9446 9447
f 9442 9443 9445
f 9443 9447 9445
f 9445 9447 9446
f 9448 9449 9450
f 9448 9451 9452
f 9449 9453 9454
f 9449 9454 9450
f 9450 9454 9448
f 9454 9453 9448
f 9448 9453 9451
f 9453 9455 9451
f 9451 9455 9452
f 9453 9452 9455
f 9456 9457 9458
f 9456 9459 9460
f 9457 9461 9462
f 9457 9462 9458
f 9458 9462 9456
f 9462 9461 9456
f 9456 9461 9459
f 9461 9463 9459
f 9459 9463 9460
f 9461 9460 9463
f 9114 9244 9112
f 9113 9244 9254
f 9113 9254 9114
f 9111 9110 9113
f 9110 9254 9113
f 9256 9109 9259
f 9256 9259 9258
f 9118 9119 9123
f 9118 9123 9117
f 9123 9122 9117
f 9353 9426 9464
f 9353 9352 9351
f 9353 9351 9350
f 9426 9427 9353
f 9353 9427 9347
f 9347 9427 9392
f 9392 9427 9261
f 9392 9261 9391
f 9391 9261 9240
f 9391 9240 9367
f 9391 9367 9365
f 9261 9257 9260
f 9257 9245 9255
f 9245 9247 9246
f 9247 9252 9253
f 9252 9249 9251
f 9249 9348 9250
f 9348 9350 9349
f 9384 9420 9385
f 9385 9420 9322
f 9322 9420 9316
f 9316 9420 9417
f 9316 9417 9412
f 9316 9412 9315
f 9315 9412 9410
f 9412 9411 9410
f 9465 9466 9467
f 9465 9467 9468
f 9468 9467 9469
f 9469 9467 9470
f 9470 9467 9471
f 9470 9471 9472
f 9472 9471 9473
f 9473 9471 9474
f 9474 9471 9475
f 9475 9471 9467
f 9475 9467 9466
f 9476 9477 9478
f 9478 9477 9479
f 9477 9480 9479
f 9479 9480 9481
f 9482 9483 9484
f 9482 9484 9485
f 9482 9485 9483
f 9483 9485 9486
f 9483 9486 9487
f 9487 9486 9484
f 9487 9484 9488
f 9488 9484 9489
f 9488 9489 3049
f 3049 9489 9490
f 9486 9485 9484
f 9489 9491 9490
f 9490 9491 9492
f 9492 9491 9493
f 9493 9491 9494
f 9493 9494 9495
f 9495 9494 9496
f 9495 9496 9497
f 9497 9496 9498
f 9498 9499 9500
f 9500 9499 9476
f 9500 9476 9501
f 9500 9501 9498
f 9498 9501 9476
f 9499 9498 9476
f 9476 9498 9496
f 9502 9483 9503
f 9483 9504 9503
f 9503 9504 9505
f 9503 9505 9506
f 9503 9506 9507
f 9507 9506 9473
f 9476 9496 9477
f 9477 9496 9480
f 9496 9494 9480
f 9480 9494 9491
f 9480 9491 9508
f 9508 9491 9489
f 9508 9489 9484
f 9483 9502 9484
f 9484 9502 9508
f 9502 9503 9508
f 9508 9503 9509
f 9508 9509 9480
f 9480 9510 9481
f 9481 9510 9511
f 9510 9512 9513
f 9513 9512 9514
f 9513 9514 9515
f 9515 9514 9516
f 9515 9516 9517
f 9517 9516 9338
f 9338 9516 9337
f 9337 9516 9518
f 9515 9519 9513
f 9513 9519 9520
f 9513 9520 9172
f 9172 9520 9521
f 9172 9521 9407
f 9407 9521 9522
f 9407 9522 9406
f 9406 9522 9405
f 9522 9523 9405
f 9405 9523 9404
f 9172 9171 9513
f 9513 9171 9302
f 9513 9302 9481
f 9481 9302 9479
f 9302 9524 9479
f 9479 9524 9478
f 9481 9511 9513
f 9513 9511 9510
f 9480 9525 9510
f 9526 9510 9527
f 9526 9527 9528
f 9528 9527 9529
f 9528 9529 9530
f 9530 9529 9475
f 9530 9475 9466
f 9466 9465 9530
f 9468 9531 9532
f 9532 9531 9533
f 9533 9531 9534
f 9533 9534 9335
f 9335 9534 9535
f 9531 9536 9534
f 9534 9536 9537
f 9534 9537 9538
f 9538 9539 9534
f 9534 9539 9535
f 9535 9539 9540
f 9540 9539 9541
f 9540 9541 9542
f 9542 9543 9540
f 9540 9543 9544
f 9540 9544 9469
f 9469 9544 9468
f 9540 9469 9545
f 9545 9469 9470
f 9545 9470 9546
f 9546 9470 9472
f 9546 9472 9547
f 9547 9472 9473
f 9546 9547 9548
f 9548 9547 9324
f 9324 9547 9549
f 9549 9547 9550
f 9549 9550 9551
f 9551 9550 9552
f 9550 9553 9552
f 9552 9553 9165
f 9165 9553 9554
f 9554 9553 9555
f 9554 9555 9556
f 9550 9547 9557
f 9557 9547 9558
f 9558 9547 9559
f 9559 9547 9560
f 9547 9473 9560
f 9560 9473 9506
f 9560 9506 9556
f 9556 9506 9554
f 9543 9531 9544
f 9544 9531 9468
f 9465 9468 9532
f 9465 9532 9533
f 9465 9533 9561
f 9465 9561 9562
f 9475 9529 9474
f 9474 9529 9563
f 9474 9563 9473
f 9473 9563 9509
f 9503 9507 9473
f 9473 9564 9503
f 9473 9509 9564
f 9564 9509 9503
f 9529 9527 9563
f 9563 9527 9510
f 9563 9510 9509
f 9509 9510 9525
f 9509 9525 9480
f 9170 9169 9524
f 9524 9169 9565
f 9169 9168 9565
f 9565 9168 9167
f 9565 9167 9566
f 9566 9167 9166
f 9566 9166 9157
f 9158 9159 9567
f 9567 9159 9160
f 9567 9160 9161
f 9567 9161 9568
f 9568 9161 9163
f 9568 9163 9162
f 9162 9554 9568
f 9524 9302 9170
f 9338 9213 9517
f 9213 9214 9517
f 9517 9214 9515
f 9337 9518 9210
f 9214 9215 9515
f 9515 9215 9519
f 9215 9217 9519
f 9519 9217 9520
f 9217 9218 9520
f 9520 9218 9521
f 9218 9219 9521
f 9521 9219 9522
f 9219 9220 9522
f 9522 9220 9523
f 9220 9404 9523
f 9209 9210 9516
f 9516 9210 9518
f 9516 9336 9209
f 9224 9336 9569
f 9224 9569 9570
f 9224 9570 9226
f 9226 9570 9335
f 9335 9535 9231
f 9377 9378 9537
f 9537 9378 9538
f 9538 9378 9539
f 9539 9378 9371
f 9539 9371 9541
f 9541 9371 9372
f 9372 9542 9541
f 9537 9536 9377
f 9377 9536 9374
f 9374 9536 9531
f 9374 9531 9373
f 9373 9531 9543
f 9373 9543 9542
f 9542 9372 9373
f 9571 9572 9573
f 9571 9573 9574
f 9571 9574 9575
f 9575 9574 9572
f 9575 9572 9576
f 9576 9572 9577
f 9576 9577 7873
f 7873 9577 9578
f 7873 9578 9579
f 9579 9578 9580
f 9580 9581 9582
f 9582 9581 9561
f 9573 9572 9574
f 9580 9582 9561
f 9580 9561 9533
f 9581 9580 9561
f 9561 9580 9578
f 9331 9231 9540
f 9540 9231 9535
f 9540 9545 9331
f 9331 9545 9389
f 9545 9546 9389
f 9389 9546 9387
f 9546 9548 9387
f 9387 9548 9330
f 9162 9165 9554
f 9165 9284 9552
f 9284 9285 9552
f 9552 9285 9551
f 9285 9286 9551
f 9551 9286 9549
f 9286 9324 9549
f 9324 9330 9548
f 9583 9584 9555
f 9555 9584 9556
f 9556 9584 9560
f 9560 9584 9585
f 9560 9585 9559
f 9559 9585 9586
f 9559 9586 9587
f 9587 9558 9559
f 9555 9553 9583
f 9583 9553 9588
f 9588 9553 9589
f 9589 9553 9550
f 9589 9550 9590
f 9590 9550 9557
f 9590 9557 9558
f 9558 9587 9590
f 9533 9591 9580
f 9580 9591 9592
f 9580 9592 7881
f 7881 9592 7887
f 7880 7887 9593
f 7880 9593 9575
f 9575 9593 9594
f 9575 9594 9595
f 9580 7881 9579
f 9579 7881 7873
f 7873 7880 9576
f 7880 9575 9576
f 9571 9575 9596
f 9596 9575 9597
f 9596 9597 9516
f 9516 9597 9595
f 9516 9595 9594
f 9575 9595 9597
f 9516 9594 9336
f 9336 9594 9593
f 9336 9593 9569
f 9569 9593 7887
f 9569 7887 9570
f 9570 7887 9592
f 9570 9592 9335
f 9335 9592 9591
f 9335 9591 9598
f 9598 9591 9533
f 9598 9533 9599
f 9599 9533 9600
f 9599 9600 9335
f 9335 9600 9533
f 9599 9335 9598
f 9562 9561 9578
f 9562 9578 9465
f 9465 9578 9601
f 9465 9601 9530
f 9530 9601 9528
f 9578 9577 9601
f 9601 9577 9572
f 9601 9572 9571
f 9601 9571 9602
f 9602 9526 9601
f 9601 9526 9528
f 9526 9571 9596
f 9514 9596 9516
f 9596 9514 9603
f 9603 9514 9526
f 9514 9512 9526
f 9526 9512 9510
f 9603 9526 9596
f 9526 9602 9571
f 9506 9504 9554
f 9554 9504 9604
f 9604 9487 9605
f 9605 9487 9606
f 9605 9606 9554
f 9554 9606 9607
f 9554 9607 9568
f 9568 9607 9608
f 9568 9608 3049
f 9604 9605 9554
f 9568 3049 9567
f 9567 3049 9609
f 9567 9609 9158
f 9158 9609 9610
f 9158 9610 9157
f 9157 9610 9611
f 9157 9611 9566
f 9566 9611 9612
f 9566 9612 9613
f 9566 9613 9565
f 9565 9613 9614
f 9565 9614 9615
f 9615 9614 9476
f 9615 9476 9616
f 9616 9476 9617
f 9616 9617 9565
f 9565 9617 9478
f 9478 9617 9476
f 9618 9478 9524
f 9618 9524 9565
f 9615 9616 9565
f 9618 9565 9478
f 9476 9614 9498
f 9498 9614 9613
f 9498 9613 9612
f 9606 9487 9607
f 9607 9487 9608
f 9604 9504 9487
f 9487 9504 9483
f 9487 9488 3049
f 9504 9506 9505
f 9487 3049 9619
f 9619 3049 9490
f 9619 9490 9620
f 9620 9490 9492
f 9620 9492 9621
f 9621 9492 9493
f 9621 9493 9622
f 9622 9493 9495
f 9622 9495 9497
f 9497 9498 9622
f 9622 9498 9612
f 9622 9612 9611
f 9622 9611 9621
f 9621 9611 9610
f 9621 9610 9620
f 9620 9610 9609
f 9620 9609 9619
f 9619 9609 3049
f 9619 3049 9608
f 9487 9619 9608
f 9425 9623 9297
f 9297 9623 9296
f 9296 9623 9295
f 9295 9623 9624
f 9295 9624 9294
f 9294 9624 9625
f 9294 9625 9293
f 9293 9625 9626
f 9293 9626 9292
f 9292 9626 9291
f 9291 9626 9383
f 9383 9626 9384
f 9384 9626 9424
f 9424 9626 9423
f 9423 9626 9422
f 9422 9626 9625
f 9422 9625 9421
f 9421 9625 9419
f 9625 9624 9419
f 9419 9624 9418
f 9624 9623 9418
f 9418 9623 9416
f 9425 9416 9623
f 9241 9627 9240
f 9240 9627 9367
f 9241 9395 9627
f 9627 9395 9367
f 9367 9395 9366
f 9366 9395 9394
f 9366 9394 9628
f 9628 9394 9363
f 9363 9364 9628
f 9628 9364 9366
f 9394 9629 9363
f 9394 9232 9629
f 9629 9232 9231
f 9629 9231 9630
f 9630 9231 9333
f 9333 9363 9630
f 9630 9363 9629
f 9334 9332 9354
f 9344 9274 9631
f 9631 9274 9275
f 9631 9275 9317
f 9344 9631 9317
f 9174 9266 9175
f 9268 9270 9632
f 9632 9270 9633
f 9633 9270 9325
f 9633 9325 9634
f 9634 9325 9635
f 9635 9325 9280
f 9635 9280 9636
f 9636 9280 9268
f 9636 9268 9637
f 9637 9268 9632
f 9456 9452 9457
f 9457 9452 9453
f 9457 9453 9245
f 9245 9453 9446
f 9245 9446 9443
f 9245 9443 9247
f 9247 9443 9252
f 9453 9449 9446
f 9446 9449 9442
f 9245 9257 9457
f 9457 9257 9461
f 9461 9257 9460
f 9460 9257 9261
f 9460 9261 9426
f 9460 9426 9456
f 9456 9426 9428
f 9456 9428 9432
f 9456 9432 9452
f 9452 9432 9429
f 9452 9429 9448
f 9448 9429 9350
f 9448 9350 9434
f 9434 9350 9348
f 9434 9348 9435
f 9435 9348 9441
f 9348 9249 9441
f 9441 9249 9252
f 9441 9252 9438
f 9438 9252 9443
f 9438 9443 9442
f 9442 9449 9438
f 9438 9449 9434
f 9449 9448 9434
f 9429 9428 9350
f 9350 9428 9353
f 9426 9353 9428
f 9586 9633 9587
f 9633 9634 9587
f 9587 9634 9590
f 9590 9634 9635
f 9590 9635 9589
f 9589 9635 9588
f 9588 9635 9636
f 9588 9636 9583
f 9583 9636 9637
f 9583 9637 9584
f 9584 9637 9632
f 9584 9632 9585
f 9585 9632 9586
f 9586 9632 9633
f 9638 9639 9640
f 9641 9642 9643
f 9644 9645 9646
f 9644 9646 9647
f 9647 9646 9648
f 9648 9645 9649
f 9648 9650 9647
f 9651 9652 9653
f 9654 9655 9656
f 9656 9657 9653
f 9653 9652 9656
f 9656 9652 9658
f 9656 9658 9654
f 9654 9658 9659
f 9654 9659 9660
f 9660 9659 9661
f 9660 9661 9662
f 9662 9663 9660
f 9663 9662 9664
f 9664 9662 9665
f 9665 9662 9661
f 9666 9667 9663
f 9663 9667 9660
f 9667 9668 9660
f 9660 9668 9669
f 9660 9669 9654
f 9670 9671 9672
f 9672 9671 9673
f 9673 9671 9674
f 9674 9675 9673
f 9676 9670 9672
f 9676 9672 9677
f 9677 9672 9678
f 9677 9678 9679
f 9676 9677 9680
f 9680 9677 9681
f 9677 9679 9681
f 9682 9683 9684
f 9684 9683 9685
f 9685 9683 9686
f 9685 9686 9687
f 9687 9688 9685
f 9689 9690 9691
f 9691 9689 9692
f 9693 9692 9694
f 9694 9695 9696
f 9697 9698 9699
f 9690 9700 9689
f 9700 9701 9702
f 9702 9703 9704
f 9705 9706 9704
f 9707 9681 9708
f 9707 9708 9709
f 9709 9708 9710
f 9711 9712 9713
f 9708 9714 9710
f 9710 9714 9715
f 9710 9715 9716
f 9716 9715 9717
f 9717 9715 9712
f 9712 9715 9713
f 9713 9715 9718
f 9715 9714 9718
f 9681 9679 9708
f 9708 9679 9714
f 9679 9678 9714
f 9714 9678 9718
f 9678 9672 9718
f 9718 9672 9719
f 9718 9719 9713
f 9713 9720 9711
f 9711 9720 9721
f 9721 9720 9722
f 9722 9720 9723
f 9713 9719 9720
f 9720 9719 9672
f 9720 9672 9673
f 9673 9675 9720
f 9720 9675 9724
f 9720 9724 9723
f 9723 9724 9725
f 9724 9675 9725
f 9725 9675 9726
f 9725 9726 9671
f 9671 9726 9674
f 9674 9726 9675
f 9725 9671 9727
f 9727 9671 9728
f 9728 9729 9730
f 9730 9729 9695
f 9730 9695 9731
f 9729 9728 9732
f 9729 9732 9699
f 9699 9732 9697
f 9671 9670 9728
f 9728 9670 9733
f 9728 9733 9732
f 9732 9733 9670
f 9732 9670 9734
f 9734 9670 9735
f 9735 9670 9676
f 9735 9676 9736
f 9736 9676 9680
f 9736 9680 9681
f 9681 9737 9736
f 9737 9681 9707
f 9738 9707 9709
f 9738 9709 9739
f 9739 9709 9710
f 9732 9734 9697
f 9697 9734 9735
f 9697 9735 9740
f 9740 9735 9741
f 9741 9735 9742
f 9742 9735 9743
f 9744 9745 9746
f 9684 9685 9747
f 9747 9685 9748
f 9748 9685 9749
f 9749 9685 9688
f 9749 9688 9750
f 9750 9688 9751
f 9750 9751 9752
f 9752 9751 9753
f 9752 9753 9754
f 9750 9752 9749
f 9752 9754 9755
f 9755 9754 9756
f 9755 9756 9757
f 9754 9758 9756
f 9756 9758 9757
f 9757 9758 9759
f 9759 9758 9760
f 9759 9760 9761
f 9761 9760 9762
f 9761 9762 9763
f 9763 9762 9764
f 9763 9764 9704
f 9704 9764 9765
f 9704 9765 9702
f 9702 9765 9766
f 9702 9766 9767
f 9759 9761 9768
f 9702 9767 9700
f 9700 9767 9769
f 9700 9769 9689
f 9689 9769 9770
f 9689 9770 9692
f 9692 9770 9771
f 9692 9771 9772
f 9692 9772 9694
f 9694 9772 9773
f 9694 9773 9774
f 9774 9731 9694
f 9694 9731 9775
f 9694 9775 9695
f 9695 9775 9731
f 9761 9763 9768
f 9768 9763 9776
f 9768 9776 9777
f 9777 9776 9778
f 9778 9776 9779
f 9779 9776 9780
f 9780 9776 9781
f 9781 9776 9706
f 9706 9776 9704
f 9763 9704 9776
f 9768 9777 9782
f 9777 9783 9782
f 9782 9783 9784
f 9688 9687 9751
f 9751 9687 9686
f 9751 9686 9785
f 9785 9686 9683
f 9785 9683 9786
f 9786 9683 9787
f 9751 9786 9788
f 9751 9788 9789
f 9789 9788 9790
f 9751 9785 9786
f 9790 9788 9791
f 9791 9788 9792
f 9791 9792 9793
f 9793 9792 9794
f 9751 9789 9795
f 9795 9789 9796
f 9795 9796 9797
f 9797 9796 9798
f 9797 9798 9799
f 9799 9800 9797
f 9797 9800 9801
f 9797 9801 9802
f 9786 9803 9788
f 9788 9803 9792
f 9803 9804 9792
f 9792 9804 9805
f 9805 9804 9806
f 9806 9804 9807
f 9807 9804 9808
f 9808 9804 9809
f 9809 9804 9810
f 9810 9804 9811
f 9811 9812 9813
f 9813 9812 9814
f 9812 9815 9814
f 9814 9815 9816
f 9816 9815 9817
f 9816 9817 9818
f 9818 9817 9819
f 9818 9819 9816
f 9816 9819 9814
f 9819 9820 9814
f 9814 9820 9821
f 9814 9821 9822
f 9822 9821 9813
f 9822 9813 9814
f 9817 9823 9819
f 9815 9824 9817
f 9811 9813 9810
f 9810 9813 9825
f 9810 9825 9644
f 9644 9646 9810
f 9810 9646 9826
f 9810 9826 9827
f 9827 9826 9647
f 9647 9828 9827
f 9827 9828 9829
f 9827 9829 9830
f 9827 9830 9831
f 9647 9826 9648
f 9832 9647 9650
f 9647 9832 9833
f 9833 9832 9828
f 9828 9832 9638
f 9638 9832 9830
f 9644 9825 9645
f 9834 9835 9836
f 9683 9837 9787
f 9787 9837 9838
f 9787 9838 9834
f 9834 9838 9835
f 9838 9837 9835
f 9835 9837 9682
f 9835 9682 9839
f 9839 9682 9840
f 9840 9682 9841
f 9840 9841 9842
f 9835 9839 9836
f 9836 9839 9843
f 9748 9749 9782
f 9782 9749 9759
f 9759 9749 9757
f 9757 9749 9755
f 9755 9749 9752
f 9748 9844 9747
f 9747 9844 9684
f 9684 9844 9845
f 9845 9844 9846
f 9846 9847 9845
f 9845 9847 9848
f 9845 9848 9849
f 9849 9848 9850
f 9850 9848 9851
f 9851 9852 9850
f 9850 9852 9853
f 9850 9853 9844
f 9844 9853 9846
f 9663 9664 9666
f 9697 9740 9698
f 9698 9740 9854
f 9740 9741 9854
f 9854 9741 9855
f 9741 9742 9855
f 9855 9742 9856
f 9742 9743 9856
f 9856 9743 9857
f 9743 9735 9857
f 9857 9735 9858
f 9857 9858 9859
f 9857 9859 9860
f 9735 9736 9858
f 9858 9736 9738
f 9858 9738 9739
f 9858 9739 9861
f 9861 9739 9710
f 9736 9737 9738
f 9738 9737 9707
f 9746 9745 9862
f 9862 9745 9863
f 9745 9864 9863
f 9863 9864 9865
f 9863 9865 9862
f 9862 9865 9866
f 9862 9866 9867
f 9867 9868 9862
f 9862 9868 9869
f 9869 9870 9862
f 9862 9870 9871
f 9870 9872 9871
f 9871 9872 9817
f 9871 9817 9873
f 9873 9817 9824
f 9873 9824 9874
f 9874 9871 9873
f 9841 9682 9842
f 9842 9682 9875
f 9875 9682 9684
f 9875 9684 9845
f 9845 9849 9875
f 9875 9849 9842
f 9842 9849 9840
f 9849 9850 9840
f 9840 9850 9839
f 9850 9876 9839
f 9839 9876 9783
f 9839 9783 9777
f 9777 9778 9839
f 9839 9778 9843
f 9874 9877 9871
f 9871 9877 9878
f 9877 9879 9880
f 9880 9879 9881
f 9882 9883 9884
f 9884 9883 9885
f 9886 9887 9888
f 9888 9887 9889
f 9888 9889 9890
f 9890 9889 9891
f 9843 9778 9892
f 9892 9778 9779
f 9781 9706 9705
f 9878 9746 9871
f 9746 9862 9871
f 9844 9748 9850
f 9850 9748 9876
f 9876 9748 9782
f 9876 9782 9784
f 9784 9783 9876
f 9768 9782 9759
f 9682 9837 9683
f 9834 9836 9893
f 9893 9836 9894
f 9893 9894 9895
f 9836 9843 9894
f 9893 9895 9896
f 9896 9895 9874
f 9896 9874 9824
f 9824 9815 9896
f 9834 9893 9787
f 9787 9893 9897
f 9787 9897 9786
f 9786 9897 9803
f 9893 9896 9897
f 9897 9896 9898
f 9897 9898 9803
f 9803 9898 9804
f 9896 9815 9898
f 9898 9815 9812
f 9898 9812 9804
f 9804 9812 9811
f 9823 9817 9899
f 9817 9872 9899
f 9872 9870 9899
f 9899 9870 9900
f 9870 9869 9900
f 9900 9869 9901
f 9661 9902 9903
f 9903 9902 9813
f 9903 9813 9821
f 9820 9819 9904
f 9902 9658 9813
f 9813 9658 9652
f 9813 9652 9825
f 9825 9652 9651
f 9825 9651 9653
f 9653 9657 9825
f 9825 9657 9905
f 9657 9656 9905
f 9905 9656 9906
f 9656 9655 9906
f 9906 9655 9654
f 9721 9722 9907
f 9907 9722 9908
f 9907 9908 9795
f 9795 9908 9722
f 9795 9722 9723
f 9795 9723 9751
f 9751 9723 9725
f 9751 9725 9753
f 9721 9907 9711
f 9711 9907 9909
f 9910 9911 9912
f 9825 9905 9913
f 9825 9913 9914
f 9914 9913 9911
f 9914 9911 9915
f 9915 9911 9910
f 9915 9910 9916
f 9916 9910 9917
f 9916 9917 9918
f 9918 9917 9919
f 9918 9919 9920
f 9920 9919 9917
f 9920 9917 9909
f 9909 9917 9711
f 9918 9915 9916
f 9911 9913 9905
f 9909 9907 9920
f 9920 9907 9918
f 9918 9907 9915
f 9915 9907 9795
f 9915 9795 9797
f 9917 9910 9885
f 9917 9885 9921
f 9921 9885 9891
f 9891 9885 9890
f 9890 9885 9888
f 9885 9886 9888
f 9910 9912 9885
f 9885 9912 9922
f 9885 9922 9884
f 9884 9922 9923
f 9884 9923 9882
f 9882 9923 9924
f 9882 9924 9925
f 9882 9925 9881
f 9881 9925 9926
f 9881 9926 9880
f 9880 9926 9927
f 9880 9927 9904
f 9904 9819 9880
f 9880 9819 9928
f 9928 9819 9823
f 9928 9823 9929
f 9929 9823 9878
f 9823 9899 9878
f 9878 9899 9900
f 9878 9900 9901
f 9878 9901 9930
f 9878 9930 9931
f 9931 9864 9878
f 9878 9864 9745
f 9878 9745 9744
f 9878 9744 9746
f 9929 9878 9928
f 9928 9878 9877
f 9928 9877 9880
f 9932 9933 9934
f 9934 9935 9932
f 9932 9935 9936
f 9935 9937 9936
f 9936 9937 9938
f 9936 9938 9939
f 9939 9938 9940
f 9939 9940 9941
f 9939 9941 9942
f 9942 9941 9943
f 9942 9943 9944
f 9944 9945 9942
f 9942 9945 9946
f 9946 9945 9947
f 9947 9945 9944
f 9947 9944 9948
f 9948 9944 9943
f 9948 9943 9941
f 9731 9774 9949
f 9949 9774 9773
f 9949 9773 9950
f 9950 9773 9772
f 9950 9772 9771
f 9949 9950 9932
f 9932 9950 9933
f 9933 9950 9934
f 9934 9950 9935
f 9905 9906 9951
f 9951 9906 9654
f 9654 9669 9951
f 9951 9669 9952
f 9669 9668 9952
f 9952 9668 9667
f 9952 9667 9953
f 9953 9667 9666
f 9953 9666 9664
f 9953 9664 9954
f 9954 9664 9665
f 9954 9665 9661
f 9904 9927 9820
f 9820 9927 9955
f 9820 9955 9821
f 9821 9955 9956
f 9927 9926 9955
f 9955 9926 9925
f 9955 9925 9957
f 9957 9925 9924
f 9957 9924 9923
f 9905 9951 9911
f 9911 9951 9958
f 9911 9958 9912
f 9912 9958 9922
f 9922 9958 9923
f 9923 9958 9957
f 9951 9952 9958
f 9958 9952 9957
f 9952 9953 9957
f 9957 9953 9954
f 9957 9954 9955
f 9955 9954 9956
f 9821 9956 9903
f 9903 9956 9661
f 9956 9954 9661
f 9661 9659 9902
f 9902 9659 9658
f 9808 9806 9807
f 9808 9809 9810
f 9959 9960 9961
f 9959 9962 9963
f 9963 9962 9964
f 9964 9962 9961
f 9964 9961 9960
f 9961 9962 9959
f 9960 9963 9964
f 9965 9966 9967
f 9965 9968 9969
f 9965 9967 9968
f 9968 9967 9966
f 9968 9966 9969
f 9969 9966 9970
f 9969 9970 9971
f 9971 9970 9972
f 9966 9972 9970
f 9972 9969 9971
f 9973 9974 9975
f 9973 9976 9977
f 9974 9977 9978
f 9974 9978 9975
f 9975 9978 9973
f 9973 9978 9976
f 9976 9978 9977
f 9979 9980 9981
f 9979 9982 9983
f 9980 9984 9985
f 9980 9985 9981
f 9981 9985 9984
f 9981 9984 9979
f 9979 9984 9986
f 9979 9986 9982
f 9982 9986 9983
f 9984 9983 9986
f 9987 9988 9989
f 9987 9990 9991
f 9988 9992 9993
f 9988 9993 9989
f 9989 9993 9992
f 9989 9992 9987
f 9987 9992 9994
f 9987 9994 9990
f 9990 9994 9991
f 9992 9991 9994
f 9641 9643 9995
f 9640 9639 9996
f 9996 9643 9640
f 9640 9643 9642
f 9643 9995 9642
f 9647 9833 9828
f 9828 9830 9829
f 9830 9828 9638
f 9645 9648 9644
f 9644 9648 9646
f 9646 9647 9826
f 9649 9997 9998
f 9650 9648 9649
f 9650 9649 9998
f 9650 9998 9832
f 9832 9998 9997
f 9832 9997 9914
f 9832 9914 9915
f 9915 9797 9832
f 9832 9797 9996
f 9832 9996 9639
f 9832 9639 9830
f 9639 9638 9830
f 9830 9638 9831
f 9638 9640 9831
f 9831 9640 9999
f 9999 9640 9642
f 9642 9641 9999
f 9999 9641 9802
f 9802 9641 9797
f 9797 9641 9995
f 9797 9995 9643
f 9797 9643 9996
f 9914 9997 9825
f 9825 9997 9645
f 9645 9997 9649
f 9806 9794 9805
f 9805 9794 9792
f 9794 9791 9793
f 9791 9789 9790
f 9789 9798 9796
f 9798 9800 9799
f 9800 9802 9801
f 9802 9831 9999
f 9831 9810 9827
f 10000 9762 9760
f 10000 9760 9758
f 10000 9758 9762
f 9762 9758 9947
f 9947 9948 9762
f 9762 9948 9764
f 9764 9948 9765
f 9765 9948 9766
f 9754 10001 9758
f 9758 10001 9947
f 10001 9946 9947
f 9946 10001 9942
f 9942 10001 9753
f 9942 9753 9939
f 9939 9753 9725
f 9939 9725 9936
f 9936 9725 10002
f 9936 10002 9932
f 9753 10001 9754
f 9932 10002 9949
f 9949 10002 10003
f 9949 10003 9731
f 9731 10003 9730
f 9730 10003 9728
f 9728 10003 9727
f 9727 10003 9725
f 9725 10003 10002
f 10004 10005 10006
f 10004 10006 10007
f 10004 10007 10008
f 10008 10007 10005
f 10008 10005 10009
f 10009 10005 10010
f 10009 10010 10011
f 10011 10010 10012
f 10007 10006 10005
f 10010 10013 10012
f 10012 10013 10014
f 10013 10015 10014
f 10014 10015 10016
f 10014 10016 10017
f 10014 10017 10015
f 10017 10016 10015
f 10012 10014 10018
f 10012 10018 10011
f 10011 10018 10019
f 10011 10019 10009
f 10009 10019 10008
f 10004 10008 10020
f 9877 10020 10021
f 9877 10021 10022
f 10022 10021 10008
f 10022 10008 10023
f 10023 10008 10024
f 10023 10024 9879
f 9879 10024 9881
f 10020 10008 10021
f 9879 9877 10023
f 10023 9877 10022
f 10008 10019 10024
f 10024 10019 10025
f 10024 10025 9881
f 9881 10025 9882
f 10025 10026 9882
f 9882 10026 9883
f 10026 10027 9883
f 9883 10027 10028
f 9883 10028 10029
f 10029 10028 10015
f 10029 10015 10030
f 9883 10030 10031
f 10031 10015 10032
f 10032 10015 10033
f 9883 10029 10030
f 10032 10034 10035
f 10032 10035 10036
f 10036 10035 10034
f 10036 10034 10037
f 10037 10038 10036
f 10036 10038 9699
f 9699 10038 10039
f 10039 10038 10040
f 10039 10040 10041
f 10037 10034 10038
f 10042 10043 10044
f 10044 10034 10042
f 10042 10034 10045
f 10042 10045 10046
f 10046 10045 10047
f 10046 10047 10048
f 10048 10047 10049
f 10048 10050 10046
f 10051 10052 10053
f 10053 10052 10054
f 10054 10052 10055
f 10054 10055 10056
f 10054 10055 10057
f 10054 10057 10058
f 10054 10058 10059
f 10050 10051 10053
f 10050 10053 10054
f 10050 10054 10059
f 10050 10059 10060
f 10051 10061 10052
f 10052 10061 10062
f 10046 10050 10042
f 10042 10050 10063
f 10042 10063 10043
f 10043 10063 10064
f 10043 10064 10065
f 10065 10064 10066
f 10064 10063 10067
f 10067 10063 10068
f 10068 10063 10069
f 10069 10063 10059
f 10069 10059 10070
f 10070 10059 10058
f 10070 10058 10057
f 10059 10063 10060
f 10060 10063 10050
f 10043 10038 10044
f 10044 10038 10034
f 10032 10036 10071
f 10071 10036 10031
f 10032 10071 10031
f 10031 10030 10015
f 10033 10015 10013
f 10033 10013 10032
f 10032 10013 10010
f 10032 10010 10072
f 10072 10010 10005
f 10072 10005 10004
f 10072 10004 10073
f 10073 10074 10072
f 10075 10074 10076
f 10076 10074 10020
f 10020 10074 10004
f 10004 10074 10073
f 10074 10077 10072
f 10072 10077 10078
f 10072 10078 10032
f 10032 10078 10079
f 10032 10079 10034
f 10034 10079 10045
f 10045 10079 10047
f 10047 10079 10078
f 10047 10078 10049
f 10049 10078 10077
f 10020 9877 10080
f 10080 9877 10081
f 10080 10081 10082
f 10081 9877 10083
f 10083 9877 10084
f 10084 9877 10085
f 10085 9877 10086
f 10085 10086 10087
f 10087 10086 10088
f 10087 10088 10089
f 10089 10088 10090
f 10075 10087 10089
f 10088 10091 10090
f 10090 10091 10092
f 10091 10093 10092
f 10092 10093 10061
f 10092 10061 10051
f 10061 10093 10062
f 10062 10093 10094
f 10094 10093 10095
f 10095 10093 10096
f 10085 10087 10097
f 10097 10087 10098
f 10098 10087 10099
f 10099 10087 10082
f 10087 10075 10082
f 10082 10075 10080
f 10020 10080 10076
f 10076 10080 10075
f 10028 10027 10015
f 10015 10027 10014
f 10027 10026 10014
f 10014 10026 10018
f 10026 10025 10018
f 10018 10025 10019
f 10050 10048 10100
f 10050 10100 10051
f 10051 10100 10092
f 10092 10100 10090
f 10090 10100 10101
f 10090 10101 10089
f 10089 10101 10074
f 10089 10074 10075
f 10074 10101 10077
f 10077 10101 10049
f 10049 10101 10100
f 10049 10100 10048
f 10041 10066 10102
f 10102 10066 10064
f 10102 10064 10103
f 10102 10103 10041
f 10041 10103 10104
f 10041 10104 10105
f 10105 10104 10064
f 10105 10064 10106
f 10106 10064 10067
f 10106 10067 10107
f 10107 10067 10108
f 10104 10103 10064
f 10067 10068 10108
f 10108 10068 10109
f 10068 10069 10109
f 10109 10069 10110
f 10110 10069 3029
f 3029 10069 10070
f 3029 10070 10111
f 10111 10070 10112
f 10112 10113 10114
f 10114 10113 10057
f 10114 10057 10115
f 10114 10115 10112
f 10112 10115 10057
f 10057 10055 10112
f 10112 10055 10116
f 10112 10116 10117
f 10117 3029 10112
f 10112 3029 10118
f 10112 10118 10111
f 10111 10118 3029
f 3029 10118 10110
f 10110 10118 10119
f 10110 10119 10109
f 10109 10119 10120
f 10109 10120 10108
f 10108 10120 10121
f 10108 10121 10107
f 10107 10121 10105
f 10107 10105 10106
f 10039 10041 10122
f 10039 10122 10123
f 10123 10122 10041
f 10123 10041 10124
f 10124 10041 10105
f 10124 10105 10125
f 10124 10125 10123
f 10123 10125 10126
f 10123 10126 10127
f 10127 10126 10105
f 10127 10105 10128
f 10128 10105 10121
f 10128 10121 10129
f 10129 10121 10130
f 10105 10126 10125
f 10121 10120 10130
f 10130 10120 10131
f 10120 10119 10131
f 10131 10119 10132
f 10119 10118 10132
f 10132 10118 3029
f 10123 10127 10133
f 10133 10127 10128
f 10133 10128 10129
f 10133 10129 10134
f 10134 10129 10130
f 10134 10130 9691
f 9691 10130 10131
f 9691 10131 9690
f 9690 10131 10132
f 9690 10132 10135
f 10135 10132 3029
f 10135 3029 10117
f 10135 10117 10136
f 10136 10117 10116
f 10136 10116 10137
f 10137 10116 10055
f 10137 10055 10138
f 10138 10055 10139
f 10138 10139 10136
f 10136 10139 10055
f 10138 10136 10137
f 10136 10055 10140
f 10136 10140 10141
f 10141 10140 9705
f 10055 10052 10140
f 10140 10052 10142
f 10140 10142 10143
f 10143 10144 10140
f 10140 10144 9705
f 10144 10096 9705
f 9705 10096 10145
f 10145 10096 10146
f 10146 10096 10093
f 10146 10093 10147
f 10147 10093 9892
f 10113 10112 10057
f 10057 10112 10070
f 9860 10148 9857
f 9857 10148 9856
f 9856 10148 9855
f 9855 10148 10149
f 9855 10149 9854
f 9854 10149 9698
f 10149 10150 9698
f 9698 10150 9699
f 10150 10151 9699
f 9699 10151 10152
f 9699 10152 10036
f 10036 10152 10031
f 10031 10152 9883
f 9883 10152 10153
f 10153 10152 10154
f 10154 10152 9887
f 9887 10152 9889
f 9889 10152 9891
f 9891 10152 9921
f 9921 10152 10151
f 10043 10065 10038
f 10038 10065 10040
f 10065 10066 10040
f 10040 10066 10041
f 9695 9729 10123
f 10123 9729 10039
f 9729 9699 10039
f 10123 10133 9695
f 9695 10133 9696
f 9696 10133 9694
f 9694 10133 10134
f 9694 10134 9693
f 9693 10134 9692
f 10134 9691 9692
f 9690 10135 9700
f 9700 10135 9701
f 10135 10136 9701
f 9701 10136 9702
f 9702 10136 9703
f 9703 10136 10141
f 9703 10141 9704
f 9860 10155 10148
f 10155 10156 10148
f 10148 10156 10149
f 10149 10156 10150
f 10150 10156 10157
f 10150 10157 10151
f 10151 10157 10158
f 10158 9921 10151
f 9887 9886 10154
f 9886 9885 10154
f 10154 9885 10153
f 9885 9883 10153
f 9877 9874 10086
f 10159 10160 10083
f 10083 10160 10081
f 10160 10161 10081
f 10081 10161 10082
f 10161 10162 10082
f 10082 10162 10099
f 10162 10163 10099
f 10099 10163 10098
f 10083 10084 10159
f 10159 10084 10164
f 10084 10085 10164
f 10164 10085 10165
f 10085 10097 10165
f 10165 10097 10166
f 10097 10098 10166
f 10166 10098 10163
f 9874 9895 10086
f 10086 9895 10088
f 9895 9894 10088
f 10088 9894 10091
f 9894 9843 10091
f 10091 9843 10093
f 9892 9779 10147
f 9779 9780 10147
f 10147 9780 10146
f 9780 9781 10146
f 10146 9781 10145
f 9781 9705 10145
f 9705 9704 10141
f 9843 9892 10093
f 10167 10168 10143
f 10143 10168 10144
f 10168 10169 10144
f 10144 10169 10096
f 10169 10170 10096
f 10096 10170 10095
f 10170 10171 10095
f 10095 10171 10094
f 10143 10142 10167
f 10167 10142 10172
f 10142 10052 10172
f 10172 10052 10173
f 10052 10062 10173
f 10173 10062 10174
f 10062 10094 10174
f 10174 10094 10171
f 9766 9948 10175
f 10175 9948 9941
f 10175 9941 9940
f 9766 10175 9767
f 9767 10175 9769
f 10175 10176 9769
f 9769 10176 9770
f 10175 9940 10176
f 10176 9940 9938
f 10176 9938 10177
f 10177 9938 9937
f 10177 9937 9935
f 9935 9950 10177
f 10177 9950 9771
f 10177 9771 9770
f 10177 9770 10176
f 9917 9921 10178
f 10178 9921 10158
f 10178 10158 10157
f 10157 10156 10178
f 10178 10156 10155
f 10178 10155 9860
f 9860 9859 10178
f 10178 9859 9858
f 10178 9858 9711
f 9917 10178 9711
f 9711 9858 9712
f 9712 9858 9717
f 9717 9858 9716
f 9858 9861 9716
f 9716 9861 9710
f 9869 10161 9901
f 9901 10161 10160
f 9901 10160 10159
f 9901 10159 9930
f 9930 10159 9931
f 9931 10159 10164
f 9931 10164 10165
f 9931 10165 9864
f 9864 10165 9865
f 10165 10166 9865
f 9865 10166 9866
f 10166 10163 9866
f 9866 10163 9867
f 9867 10163 10162
f 9867 10162 9868
f 9868 10162 10161
f 10161 9869 9868
f 9980 9794 9984
f 9984 9794 9806
f 9984 9806 9963
f 9963 9806 9959
f 9959 9806 9960
f 9960 9806 9992
f 9960 9992 9988
f 9806 9808 9992
f 9992 9808 9991
f 9808 9810 9991
f 9991 9810 9831
f 9991 9831 9987
f 9987 9831 9802
f 9987 9802 9988
f 9988 9802 9983
f 9988 9983 9960
f 9960 9983 9963
f 9984 9963 9983
f 9983 9802 9979
f 9979 9802 9800
f 9979 9800 9977
f 9977 9800 9973
f 9973 9800 9974
f 9974 9800 9969
f 9974 9969 9972
f 9800 9798 9969
f 9969 9798 9965
f 9798 9789 9965
f 9965 9789 9791
f 9965 9791 9966
f 9966 9791 9794
f 9966 9794 9972
f 9972 9794 9980
f 9972 9980 9974
f 9974 9980 9977
f 9977 9980 9979
f 9848 9847 10170
f 10170 9847 10171
f 10171 9847 10174
f 9847 9846 10174
f 10174 9846 10173
f 10173 9846 10172
f 10172 9846 9853
f 10172 9853 9852
f 10172 9852 10167
f 10167 9852 10168
f 10168 9852 9851
f 10168 9851 10169
f 10169 9851 9848
f 10169 9848 10170

