# https://github.com/mikedh/trimesh

o finger-phamed.stl
v 0.01077570 0.01122465 -0.01026863
v 0.01089358 0.01092791 -0.01088634
v 0.01085654 0.01213574 -0.01076616
v 0.01968020 0.01012688 -0.01042264
v 0.01924314 0.01135299 -0.01039640
v 0.02182269 0.01111060 -0.01037806
v 0.02834808 0.01025737 -0.01014015
v 0.02823611 0.01118471 -0.01026198
v 0.01077835 0.01132331 0.01067697
v 0.01079051 0.01217364 0.01134779
v 0.01085049 0.01097050 0.01143101
v 0.01934367 0.01137987 0.01095761
v 0.01994597 0.01014590 0.01098418
v 0.02180409 0.01114457 0.01094734
v 0.02880269 0.01103479 0.01078572
v 0.02895317 0.01012057 0.01078465
v 0.02807945 0.01048145 0.00975159
v 0.02067172 0.00849813 -0.01007789
v 0.01966402 0.00787076 -0.00970697
v 0.02057308 0.00729340 -0.01077628
v 0.01950196 0.00851234 -0.00722376
v 0.01953908 0.00787705 -0.00811669
v 0.01987424 0.00950825 -0.00629762
v 0.02029761 0.00997365 -0.00549337
v 0.02079898 0.00957948 -0.00736093
v 0.02064224 0.01031568 -0.00436231
v 0.01914654 0.00601447 -0.00778371
v 0.01918888 0.00750387 -0.00751746
v 0.01921632 0.00557375 -0.00900367
v 0.01887576 0.00416668 -0.00927819
v 0.01923091 0.00627922 -0.00998682
v 0.01661625 0.00786817 -0.00761655
v 0.01678432 0.00659541 -0.00778643
v 0.01642960 0.00899378 -0.00705524
v 0.01531028 0.01004976 -0.00723016
v 0.01566906 0.00884140 -0.01009492
v 0.01589574 0.01018163 -0.00569606
v 0.01564671 0.01069237 -0.00435001
v 0.01637375 0.00808105 -0.00986920
v 0.01549908 0.00763130 -0.01093724
v 0.01677579 0.00669839 -0.01014059
v 0.01607948 0.00642940 -0.01114420
v 0.01938468 0.00760885 0.00906360
v 0.01912404 0.00597668 0.00903508
v 0.01945497 0.00829432 0.00853248
v 0.01989003 0.00939867 0.00752768
v 0.01960271 0.00793697 0.01012008
v 0.02032021 0.00985435 0.00673816
v 0.02086657 0.01016426 0.00572395
v 0.02077198 0.00949901 0.00827289
v 0.02065521 0.00853109 0.01065370
v 0.01667059 0.00678923 0.01087129
v 0.01703019 0.00421232 0.01075651
v 0.01801897 0.00598565 0.01083720
v 0.01922600 0.00619087 0.01083120
v 0.01875317 0.00422127 0.01061421
v 0.01578628 0.00714423 0.01158158
v 0.02004953 0.00617891 0.01168321
v 0.02022057 0.00775289 0.01109117
v 0.01566622 0.00830515 0.01117787
v 0.01634478 0.00829193 0.01026977
v 0.01638319 0.00878221 0.00858105
v 0.01663148 0.00769570 0.00887856
v 0.01543384 0.00909561 0.01052910
v 0.01571711 0.00984721 0.00734742
v 0.01664023 0.00652190 0.00889981
v 0.01707155 0.00419997 -0.00787981
v 0.01805293 0.00606322 -0.00765526
v 0.01810616 0.00417391 -0.00773849
v 0.01812186 0.00433618 -0.00865248
v 0.01812186 0.00558615 -0.00865445
v 0.01716182 0.00578065 -0.00957795
v 0.01720732 0.00626153 -0.01099548
v 0.01986253 0.00607216 -0.01119991
v 0.01861876 0.00598216 -0.01116949
v 0.01708140 0.00419804 -0.00946035
v 0.01944416 0.01039038 -0.00436354
v 0.01801455 0.01049184 -0.00436157
v 0.01677307 0.01059228 -0.00435674
v 0.01803878 0.00602457 0.00890476
v 0.01747836 0.00418478 0.00903750
v 0.01544251 0.01057678 0.00569731
v 0.03478865 0.00625761 -0.00565237
v 0.03615527 0.00619461 -0.00664472
v 0.03485470 0.00609294 -0.00440174
v 0.03615288 0.00619938 -0.00365741
v 0.03752030 0.00625761 -0.00565020
v 0.03745221 0.00609294 -0.00439969
v 0.03830236 0.00559521 -0.00297838
v 0.03784394 0.00561306 0.00823644
v 0.03816624 0.00727226 -0.00284513
v 0.03796675 0.00714554 0.00812446
v 0.03422484 0.00725332 -0.00288601
v 0.03440237 0.00559521 -0.00298148
v 0.03403409 0.00711150 0.00815427
v 0.03422687 0.00561347 0.00849511
v 0.03439277 0.00727093 0.00901580
v 0.03193560 0.00772241 -0.01046155
v 0.03626924 0.00758403 -0.01055318
v 0.03785469 0.01076152 -0.01050699
v 0.04006457 0.00831133 -0.01055139
v 0.04420993 0.01014503 -0.01050100
v 0.04420417 0.00717741 -0.01054614
v 0.04723066 0.00413054 -0.01053899
v 0.04915153 0.00609717 -0.01049053
v 0.04800048 -0.00001691 -0.01058172
v 0.05150354 -0.00001891 -0.01054001
v 0.05002394 0.00001867 0.01177314
v 0.04681750 0.00001938 0.01221905
v 0.04873775 0.00506773 0.01153078
v 0.04482115 0.00847914 0.01142932
v 0.04480589 0.00483446 0.01222797
v 0.03999025 0.00662930 0.01217128
v 0.03999060 0.01005196 0.01174914
v 0.03479841 0.00668949 0.01220810
v 0.03373845 0.00604682 0.01204198
v 0.03458615 0.00061961 0.01234041
v 0.04598543 0.00027290 0.01269411
v 0.01857676 0.00058122 -0.01177588
v 0.02480357 0.00068137 -0.01167720
v 0.01804363 0.00203070 -0.01163313
v 0.02100926 0.00267292 -0.01143399
v 0.01922785 0.00361523 -0.01157263
v 0.02034065 0.00362943 -0.01149682
v 0.02115486 0.00344385 -0.01139985
v 0.02707767 0.00241625 -0.01145225
v 0.03141307 0.00068173 -0.01144605
v 0.01625082 0.00057999 -0.01255308
v 0.02872857 0.00287696 -0.01136770
v 0.02950986 0.00302976 -0.01140132
v 0.04001402 0.00598245 -0.01096328
v 0.02900910 0.00363171 -0.01145267
v 0.04599159 0.00047407 -0.01104005
v 0.04402520 0.00443915 -0.01124544
v 0.01625087 0.00597996 -0.01256168
v 0.01549339 0.00597978 -0.01266717
v 0.01549339 0.00057982 -0.01265856
v 0.00265285 0.00598013 -0.01244977
v 0.00123310 0.00067942 -0.01292007
v 0.03016358 0.00598270 -0.01084297
v 0.02607297 0.00760549 -0.01053839
v 0.04004687 0.00714576 -0.01071739
v 0.02899038 0.01011908 0.01200699
v 0.02899062 0.00583863 0.01174232
v 0.02913872 0.00846463 0.01069173
v 0.02899098 0.00685972 0.01127666
v 0.02899046 0.00331414 0.01194779
v 0.02914777 0.00257193 0.01193835
v 0.03307831 0.00065244 0.01202529
v 0.02824652 0.00262435 0.01201834
v 0.01972311 0.00432500 0.01203500
v 0.01900160 0.00361437 0.01217699
v 0.01900160 0.00601935 0.01217317
v 0.01623037 0.00602081 0.01309848
v 0.01798236 0.00213700 0.01219966
v 0.01798218 0.00071993 0.01253014
v 0.01623037 0.00062085 0.01310699
v 0.01547276 0.00062102 0.01321134
v 0.01547276 0.00602096 0.01320278
v 0.00139067 0.00089355 0.01327725
v 0.00263262 0.00602063 0.01298486
v 0.03435135 0.00621313 0.01216184
v 0.03999274 0.00561428 0.00902289
v 0.04000580 0.00558841 -0.00724703
v 0.03440576 0.00558841 -0.00725150
v 0.03245804 0.00798772 -0.00725687
v 0.03047215 0.00829500 -0.01019459
v 0.02740919 0.00902852 -0.00829196
v 0.02526672 0.00967528 -0.00624591
v 0.02457755 0.00988448 -0.00292838
v 0.03440576 0.00724500 -0.00725412
v 0.02441895 0.00993198 0.00069495
v 0.02476996 0.00984263 0.00411361
v 0.02553977 0.00962581 0.00705312
v 0.02750709 0.00902444 0.00897291
v 0.03275436 0.00770998 0.00901377
v 0.03275316 0.00771236 0.01051378
v 0.03010708 0.00842136 0.01051056
v 0.03239347 0.00930124 0.00901097
v 0.03999274 0.00732332 0.00902015
v 0.03239228 0.00930363 0.01051098
v 0.02957558 0.01011669 0.01050746
v 0.02633532 0.00934192 0.00819314
v 0.02796897 0.00879097 0.00994044
v 0.02550715 0.00953162 -0.00694579
v 0.02614140 0.00930560 -0.00769484
v 0.02369600 0.01040726 -0.00271714
v 0.02351808 0.01058405 -0.00006078
v 0.02369165 0.01045554 0.00291580
v 0.03999119 0.01011747 0.01101565
v 0.04504269 0.00876349 0.01102185
v 0.05009120 0.00001749 0.01103985
v 0.02738916 0.01070040 0.00893032
v 0.04000580 0.00729746 -0.00724977
v 0.02508624 0.01153811 0.00397423
v 0.02473390 0.01171156 0.00048285
v 0.02487808 0.01135796 -0.00212347
v 0.03231906 0.00935709 -0.00725913
v 0.02642625 0.01093578 -0.00745392
v 0.03232157 0.00935197 -0.01045918
v 0.02729568 0.01062229 -0.00875199
v 0.00979402 0.00573579 -0.01153313
v 0.04216849 0.00558042 -0.01085555
v 0.04532837 0.00275767 -0.01084858
v 0.00315410 0.00785327 -0.01192146
v 0.00390378 0.00967645 -0.01150635
v 0.01251685 0.00837338 -0.01094776
v 0.00949786 0.00872109 -0.01106069
v 0.00831777 0.00768852 -0.01144835
v 0.00612849 0.00855154 -0.01147878
v 0.04600466 0.00028014 -0.01243396
v -0.00598574 0.00029516 -0.01350852
v 0.00412163 0.01226943 -0.01304905
v 0.00449089 0.01284253 -0.01184588
v -0.00600765 0.00033902 0.01402793
v 0.02522248 0.00071951 0.01226919
v 0.01048984 0.00972714 -0.00995892
v 0.01297664 0.00933129 -0.01004707
v 0.02428650 0.00861579 -0.00969237
v 0.02822607 0.00868839 -0.00956505
v 0.02935099 0.00853956 -0.00990379
v 0.02533489 0.01162755 0.00508493
v 0.02475619 0.01197808 0.00221366
v 0.02468997 0.01200288 -0.00116974
v 0.02508944 0.01168462 -0.00409859
v 0.03264278 0.00815332 -0.01045697
v -0.01169699 0.00659019 0.01368016
v -0.00719261 0.01134127 0.01367616
v -0.01327764 0.00001109 0.01376880
v -0.00492722 0.01246947 0.01367616
v -0.00247294 0.01310545 0.01367717
v -0.00032668 0.01321667 0.01367866
v 0.00182414 0.01271038 0.01385384
v 0.00349325 0.01240632 0.01368302
v 0.00431720 0.01231021 0.01351787
v -0.00679237 0.01071137 0.01446318
v -0.00625151 0.00985896 0.01485985
v -0.00882500 0.00763911 0.01486128
v -0.01056128 0.00496077 0.01486414
v -0.00010991 0.00008127 0.01564580
v -0.00187938 -0.00006838 0.01563100
v -0.01178313 0.00001086 0.01471194
v -0.00335368 0.00015024 0.01558211
v -0.01268692 0.00000594 0.01440991
v -0.00160915 0.01223757 0.01458999
v 0.00152983 0.01141106 0.01464291
v -0.00009166 0.01145964 0.01484918
v -0.00128662 0.01144558 0.01488518
v -0.00385666 0.01097857 0.01486587
v 0.00208670 0.01215678 0.01425737
v 0.00321937 0.01241189 -0.01318717
v 0.00199084 0.01261017 -0.01333463
v -0.00028794 0.01314854 -0.01319116
v -0.00240040 0.01304566 -0.01319265
v -0.00487119 0.01241350 -0.01319366
v -0.00715625 0.01127874 -0.01319366
v -0.01165348 0.00653648 -0.01318967
v -0.01305337 -0.00003407 -0.01344136
v 0.00133636 0.01168157 -0.01402759
v 0.00199479 0.01131457 -0.01404315
v 0.02105575 0.00908095 -0.01286637
v 0.02169981 0.01044788 -0.01178443
v 0.03955015 0.01114812 -0.01215547
v 0.03935986 0.01187647 -0.01077290
v 0.03964198 0.00988018 -0.01280566
v 0.02265888 0.01061755 -0.01145416
v -0.00125462 0.01139899 -0.01435378
v -0.00170457 0.01241397 -0.01393818
v -0.00006895 0.01141226 -0.01431655
v 0.01195754 0.01329771 0.00023391
v -0.00675756 0.01065057 -0.01395100
v -0.00622672 0.00981343 -0.01433116
v -0.00385421 0.01092535 -0.01433676
v 0.04088702 0.01194611 -0.01067993
v 0.04222178 0.01179476 -0.01066867
v 0.04700332 -0.00001714 -0.01072234
v 0.04599151 -0.00050924 -0.01097008
v 0.04599943 -0.00061986 -0.01243260
v 0.01246809 0.00841272 0.01151227
v 0.01295310 0.00936508 0.01060819
v 0.01032632 0.00965369 0.01070922
v 0.00941580 0.00879979 0.01166337
v 0.01126766 0.00601929 0.01213455
v 0.02468347 0.00601834 0.01154220
v 0.00843084 0.00796440 0.01194438
v 0.00637364 0.00864988 0.01199126
v 0.00443669 0.00960298 0.01200624
v 0.00365603 0.00983590 0.01204532
v 0.00313467 0.00789207 0.01247137
v 0.02460080 0.00763893 0.01115435
v 0.02426987 0.00864762 0.01027357
v 0.00447341 0.01288775 0.01236206
v 0.02128247 0.00284319 0.01198633
v 0.02068008 0.00338104 0.01197484
v 0.02047944 0.00262645 0.01213103
v 0.01164406 0.01149475 0.00026552
v 0.05121721 -0.00003214 -0.01201625
v 0.04998295 -0.00003283 -0.01265072
v 0.04270723 0.00010401 -0.01349082
v 0.04028592 -0.00004480 -0.01342523
v 0.02049872 -0.00023207 -0.01426952
v 0.00033990 -0.00003691 -0.01505497
v -0.00338134 0.00010151 -0.01501557
v -0.01176014 -0.00003513 -0.01416064
v 0.04026031 -0.00000147 0.01405483
v 0.04298472 0.00000973 0.01409971
v 0.04147535 0.00027383 0.01429736
v 0.05186534 0.00001558 0.01123570
v 0.05114755 0.00000713 0.01267862
v 0.04991282 0.00000848 0.01330907
v 0.02064744 -0.00023906 0.01483100
v -0.00185702 -0.00011726 -0.01506365
v -0.00849128 0.00793785 -0.01432985
v -0.01021516 0.00555247 -0.01432746
v -0.00004002 0.00363845 0.01567587
v -0.00040384 0.00158024 0.01576507
v 0.01069605 0.01005107 0.01381540
v 0.04141843 0.00986418 0.01342090
v 0.04629665 0.00773555 0.01342695
v 0.04214185 0.01107656 0.01275628
v 0.04860079 0.00728130 0.01276749
v 0.04219756 0.01183509 0.01124843
v 0.04508537 0.01085287 0.01148480
v 0.04758805 0.00927168 0.01148927
v 0.04939893 0.00748929 0.01126048
v 0.05114272 0.00450239 0.01126667
v 0.04915016 0.00394195 0.01343530
v 0.03962111 0.00992197 0.01340721
v 0.03998899 0.00727653 0.01383745
v 0.03998875 0.00463253 0.01412057
v 0.03998869 0.00245255 0.01426047
v 0.04599195 0.01049089 0.01101988
v 0.04216170 0.01103687 -0.01215440
v 0.04143944 0.00982234 -0.01281627
v 0.05205718 -0.00004297 -0.01062838
v 0.05121663 0.00431824 -0.01064917
v 0.04918217 0.00781536 -0.01044327
v 0.04563638 0.01059347 -0.01066360
v 0.03377306 0.01133924 -0.01046115
v 0.04111927 0.01192045 0.01150065
v 0.03955555 0.01193723 0.01129866
v 0.03953034 0.01118785 0.01275286
v 0.03404408 0.01141047 0.01100897
v 0.04163080 0.00022931 -0.01365828
v 0.04786574 0.00901645 -0.01087248
v 0.04862070 0.00724167 -0.01214319
v 0.04989069 0.00674206 -0.01086717
v 0.04653215 0.00751317 -0.01280725
v 0.04927098 0.00365782 -0.01279896
v 0.04001086 0.00240701 -0.01363456
v 0.04001075 0.00458854 -0.01350158
v 0.04001045 0.00723332 -0.01322686
v 0.03013537 0.00276311 0.01440336
v 0.02898860 0.00189303 0.01428523
v 0.02972482 0.00348631 0.01404139
v 0.02178066 0.00909501 0.01342308
v 0.02894572 0.00401963 0.01416511
v 0.02797311 0.00323451 0.01422414
v 0.02169376 0.01048610 0.01235508
v 0.02333486 0.01064676 0.01200300
v -0.00037700 0.00148570 -0.01520144
v -0.00001493 0.00347996 -0.01512286
v 0.02901092 0.00185206 -0.01371140
v 0.03000304 0.00270741 -0.01366554
v 0.02973369 0.00343077 -0.01345682
v 0.02896906 0.00397132 -0.01359725
v 0.02163632 0.00235221 -0.01398842
v 0.02160063 0.00331477 -0.01364419
v 0.02095525 0.00392472 -0.01387231
v 0.02009058 0.00313941 -0.01385043
v 0.01987415 0.00217885 -0.01424717
v 0.02096115 0.00184563 -0.01401329
v 0.02800419 0.00318606 -0.01365004
v 0.02784919 0.00217241 -0.01396495
v 0.00679797 0.01250410 -0.01148450
v 0.00947615 0.01205802 -0.01137124
v 0.00900137 0.01214557 0.01198774
v 0.00678265 0.01255565 0.01198536
v 0.03102787 -0.00985378 -0.00235957
v 0.03150299 -0.01114693 -0.00375292
v 0.02955186 -0.00985378 -0.00236073
v 0.02960288 -0.01108908 -0.00363725
v 0.03103125 -0.01126387 -0.00525778
v 0.02960425 -0.01139408 -0.00535798
v 0.03102544 -0.00984901 0.00064039
v 0.02953938 -0.00984775 0.00076520
v 0.02954207 -0.01161129 -0.00054801
v 0.02954948 -0.01172276 0.00064220
v 0.02950066 -0.01030142 -0.00086009
v 0.02953490 -0.01150254 -0.00197603
v 0.01634931 -0.00942370 0.00082802
v 0.01649868 -0.01208096 0.00164556
v 0.01800003 -0.00984901 0.00063002
v 0.01849859 -0.01196056 0.00170213
v 0.01824778 -0.01266047 0.00407231
v 0.01649677 -0.01281315 0.00397396
v 0.01650190 -0.00985378 -0.00237113
v 0.01800257 -0.00985378 -0.00236994
v 0.02940721 -0.00155430 0.01207984
v 0.02925699 -0.00651873 0.01211122
v 0.02713527 -0.00351635 0.01190400
v 0.02854302 -0.00168983 0.01205322
v 0.02401036 -0.00507671 0.01222717
v 0.01939023 -0.00628127 0.01214673
v 0.01849030 -0.00731963 0.01213687
v 0.02923041 -0.00806421 0.01199528
v 0.02215349 -0.00878066 0.01177006
v 0.02905343 -0.00934377 0.01141723
v 0.02958409 -0.00626493 -0.01144572
v 0.02960893 -0.00806326 -0.01119503
v 0.02942599 -0.00159183 -0.01148859
v 0.02916294 -0.00318469 -0.01139900
v 0.02931684 -0.00437975 -0.01143968
v 0.02956507 -0.01105803 0.00195742
v 0.02996053 -0.01144263 0.00354195
v 0.02956644 -0.01287291 0.00030890
v 0.02955975 -0.01151899 0.00864991
v 0.02959436 -0.01120328 0.00705826
v 0.02955883 -0.01096487 0.00979074
v 0.02954787 -0.01053468 0.01048705
v 0.02958628 -0.01135276 -0.00786241
v 0.02957038 -0.01060731 -0.00982763
v 0.02960717 -0.01119285 -0.00899833
v 0.03149837 -0.01125344 0.00200143
v 0.03149718 -0.01139450 0.00347996
v 0.01850265 -0.01166248 -0.00344455
v 0.01650285 -0.01191085 -0.00360155
v 0.01857817 -0.01228947 -0.00570676
v 0.01650470 -0.01241528 -0.00593174
v 0.02836855 -0.00087779 0.01215736
v 0.02913337 -0.00082613 0.01212036
v 0.02832491 -0.00159321 -0.01143239
v 0.02924917 -0.00084337 -0.01151237
v 0.02716535 -0.00071858 -0.01164716
v 0.02742499 -0.00270154 -0.01143761
v 0.02588985 -0.00381687 -0.01143081
v 0.02271276 -0.00524259 -0.01164358
v 0.01861286 -0.00666827 -0.01159720
v 0.01850908 -0.00824302 -0.01140046
v 0.02336716 -0.00912100 -0.01102584
v 0.02957510 -0.00967530 -0.01059611
v 0.04597932 -0.00057969 0.01278764
v 0.03461139 -0.00058038 0.01235027
v 0.02301067 -0.00068026 0.01241284
v 0.01776897 -0.00067995 0.01260524
v 0.01623037 -0.00057914 0.01310891
v 0.01547276 -0.00057898 0.01321324
v 0.03155469 -0.00068076 0.01210457
v 0.03343606 -0.00092878 0.01203247
v 0.03481207 -0.00668765 0.01225263
v 0.03999018 -0.00698045 0.01229297
v 0.04266932 -0.00644746 0.01229426
v 0.04494008 -0.00493003 0.01229366
v 0.04645744 -0.00265896 0.01229116
v 0.02899082 -0.00996270 0.01150886
v 0.03361807 -0.00599722 0.01206063
v 0.03330218 -0.00223380 0.01203006
v 0.03181016 -0.00359452 0.01203107
v 0.02927645 -0.00456902 0.01203057
v 0.03999060 -0.01001461 0.01178113
v 0.04482017 -0.00844330 0.01145628
v 0.04873746 -0.00502944 0.01204675
v 0.04306072 -0.01129633 0.01116016
v 0.04227542 -0.01164970 0.00924393
v 0.04182085 -0.01035944 0.01104984
v 0.04214447 -0.01218366 0.00742572
v 0.04148173 -0.00997490 0.00715676
v 0.04194676 -0.01105946 0.00624776
v 0.04176837 -0.01004719 0.00611305
v 0.04178535 -0.01014029 0.00506687
v 0.04309201 -0.01148706 -0.01051052
v 0.04177175 -0.01074200 -0.01048630
v 0.04231226 -0.01185134 -0.00866869
v 0.04179930 -0.01019108 -0.00448895
v 0.04196947 -0.01115256 -0.00570029
v 0.04178094 -0.01008319 -0.00584114
v 0.04217779 -0.01233106 -0.00690746
v 0.04161016 -0.01017169 -0.00719064
v -0.00598226 -0.00065484 -0.01350685
v 0.00069395 -0.00072826 -0.01293297
v 0.01574817 -0.00062014 -0.01263535
v 0.03263169 -0.00071827 -0.01144289
v -0.01329284 -0.00302827 -0.01317578
v -0.01259437 -0.00567231 -0.01283924
v 0.00075972 -0.00068548 0.01346157
v -0.00600055 -0.00057798 0.01382100
v 0.00195807 -0.00067898 0.01320266
v -0.01262618 -0.00563452 0.01338703
v -0.01333969 -0.00299013 0.01369416
v 0.02387267 -0.01119840 -0.00899315
v 0.02115374 -0.01160895 -0.00806355
v 0.01998159 -0.01194042 -0.00697645
v 0.01849999 -0.01287052 -0.00000691
v 0.01849800 -0.01284527 0.00249863
v 0.01849585 -0.01248937 0.00514012
v 0.01975754 -0.01202249 0.00719413
v 0.02121347 -0.01158225 0.00866425
v 0.02400678 -0.01114118 0.00964487
v -0.00140786 -0.01169851 -0.01145252
v 0.00066862 -0.01147054 -0.01154441
v -0.00282150 -0.01099336 -0.01168531
v -0.00008072 -0.01101225 -0.01183009
v -0.00934011 -0.00666910 -0.01166677
v -0.00809169 -0.00828777 -0.01156494
v -0.01015452 -0.00478230 -0.01178902
v -0.00698298 -0.00846815 -0.01187765
v -0.00737023 -0.00376975 -0.01224237
v -0.00520724 -0.00298309 -0.01256779
v -0.00357207 -0.00480362 -0.01259743
v -0.00115299 -0.00589386 -0.01245689
v -0.00192779 -0.00817090 -0.01221948
v -0.00574940 -0.01017290 -0.01145839
v 0.04033682 -0.01007880 0.00726044
v 0.04504108 -0.00872934 0.01104974
v 0.04739483 -0.00676426 0.01114845
v 0.04916050 -0.00343650 0.01118351
v 0.03896707 -0.01008719 0.00807106
v 0.03791928 -0.01008605 0.00879782
v 0.03666740 -0.01008474 0.00959700
v 0.03525030 -0.01008355 0.01033514
v 0.03365468 -0.01008296 0.01072055
v 0.00166808 -0.01134370 0.01209566
v 0.00001679 -0.01150938 0.01212308
v 0.00073439 -0.01092857 0.01241558
v -0.00144849 -0.01141276 0.01216560
v -0.00284481 -0.01097160 0.01226816
v -0.00439167 -0.01083278 0.01201379
v -0.00563343 -0.01014147 0.01211495
v -0.00700235 -0.00842935 0.01246345
v -0.00839764 -0.00788045 0.01220589
v -0.01019839 -0.00475283 0.01234034
v -0.00522768 -0.00294217 0.01311886
v -0.00741416 -0.00373858 0.01280969
v -0.00359259 -0.00476261 0.01315031
v -0.00117335 -0.00585320 0.01304372
v -0.00193030 -0.00805855 0.01282078
v -0.00939190 -0.00737125 0.01483815
v -0.00695154 -0.00012620 0.01530742
v -0.00062695 -0.00131625 -0.01269418
v -0.00165720 -0.00182846 -0.01267148
v -0.01310235 -0.00585496 -0.01167106
v 0.00004519 -0.00221467 -0.01266646
v -0.00064763 -0.00127488 0.01326727
v -0.00178085 -0.00193357 0.01323741
v -0.00252509 -0.00238949 0.01320179
v -0.01313740 -0.00582284 0.01219874
v 0.00127206 -0.00171843 0.01321836
v 0.00087341 -0.00273472 0.01320505
v -0.00167730 -0.00337052 0.01320400
v -0.00028768 -0.00333744 0.01320505
v 0.04112834 -0.01043203 0.00008522
v 0.04065948 -0.01007449 -0.00719154
v 0.03944340 -0.01044106 -0.00719196
v 0.04031385 -0.00612088 -0.01089888
v 0.03896093 -0.00601736 -0.01088273
v 0.03411436 -0.00601768 -0.01108598
v 0.03865575 -0.00694030 -0.01077997
v 0.04025861 -0.00770372 -0.01062565
v 0.03873419 -0.00799125 -0.01062637
v 0.04567837 -0.00516099 -0.01062536
v 0.04411864 -0.00438599 -0.01123130
v 0.00029946 -0.00597914 0.01308556
v 0.01572760 -0.00597897 0.01320096
v 0.01647830 -0.00597924 0.01305508
v 0.01872078 -0.00570152 0.01221928
v 0.01811587 -0.00345760 0.01210564
v 0.00112927 -0.00813848 0.01278614
v 0.00976717 -0.00597978 0.01268267
v 0.00031984 -0.00601990 -0.01250932
v 0.01574817 -0.00602010 -0.01262679
v 0.01649856 -0.00601989 -0.01247966
v 0.01649856 -0.00061991 -0.01248827
v 0.01791965 -0.00071913 -0.01199966
v 0.01823020 -0.00351988 -0.01148835
v 0.00977208 -0.00577277 -0.01166081
v 0.00114977 -0.00818229 -0.01218789
v 0.00161171 -0.01091867 -0.01177215
v 0.03499925 -0.01109218 0.00089303
v 0.03500068 -0.01109087 -0.00086216
v 0.03499996 -0.01253980 -0.00002039
v 0.03500139 -0.01251345 -0.00173545
v 0.03500205 -0.01103609 -0.00260425
v 0.03274688 -0.01112933 0.00065059
v 0.03163791 -0.01107229 0.00021356
v 0.03149742 -0.01206123 -0.00071516
v 0.03150114 -0.01215601 -0.00145280
v 0.03163961 -0.01107244 -0.00192878
v 0.03274522 -0.01111229 -0.00236638
v 0.03147024 -0.01017431 -0.00085874
v 0.03240317 -0.01032477 0.01040357
v 0.01995867 -0.01104855 0.01082146
v 0.01734918 -0.01035547 0.01164430
v 0.01622098 -0.01118969 0.01098769
v 0.03757786 -0.01077997 0.00075869
v 0.03763391 -0.01034414 -0.00719356
v 0.03687918 -0.01024615 -0.00844330
v 0.03609424 -0.00996926 -0.00991657
v 0.03298628 -0.01036804 -0.00972259
v 0.00262105 -0.01175066 -0.01095437
v 0.01639795 -0.01120585 -0.01035076
v 0.02005118 -0.01107954 -0.01018106
v 0.02017998 -0.01027607 -0.01091098
v 0.02810257 -0.00986993 -0.01067537
v 0.03447902 -0.00917284 -0.01058221
v 0.01650071 -0.01277318 -0.00093355
v 0.00349605 -0.01193970 -0.01037019
v 0.00416648 -0.01250028 -0.00875926
v 0.00472999 -0.01299148 -0.00702196
v 0.00510040 -0.01401338 0.00003821
v 0.00477195 -0.01311516 0.00711667
v 0.00414133 -0.01258158 0.00909847
v 0.00309446 -0.01186236 0.01118091
v 0.02937092 -0.00184475 -0.01360027
v 0.02844928 -0.00185941 -0.01371637
v 0.02900335 -0.00044346 -0.01390955
v 0.03133589 -0.00327039 -0.01143985
v 0.03242444 -0.00207990 -0.01144087
v 0.03112047 -0.00071835 -0.01149898
v 0.02254229 -0.00071886 -0.01182258
v 0.02056876 -0.00175568 -0.01149888
v 0.02148931 -0.00151838 -0.01148956
v 0.02100918 -0.00092673 -0.01153773
v 0.03650277 -0.00850993 -0.01062738
v 0.03768879 -0.01046240 -0.01062327
v 0.04523381 -0.00935277 -0.01051909
v 0.04814237 -0.00696772 -0.01052058
v 0.05004611 -0.00372234 -0.01052421
v 0.02936213 -0.00117695 0.01418423
v 0.02847755 -0.00118409 0.01425652
v 0.02898847 -0.00252264 0.01445320
v 0.02919040 -0.00340654 0.01201472
v 0.02133958 -0.00164219 0.01208293
v 0.02076399 -0.00099803 0.01212190
v 0.02038519 -0.00183146 0.01203968
v 0.04061788 0.00002084 0.01315629
v 0.03893180 0.00001918 0.01376350
v 0.01944625 -0.00003956 0.01362806
v -0.00042850 0.00001744 0.01407086
v -0.00193930 0.00002301 0.01444244
v 0.04371160 -0.00017223 -0.01340702
v 0.04063880 -0.00002006 -0.01256155
v 0.03895890 -0.00014360 -0.01337371
v 0.01950019 -0.00008030 -0.01306617
v -0.00039957 -0.00002643 -0.01354128
v -0.00191745 -0.00002214 -0.01390552
v 0.05139958 -0.00416142 -0.01042246
v 0.04936754 -0.00766283 -0.01060482
v 0.04670097 -0.01007989 -0.01060306
v 0.00116634 -0.00012667 0.01558499
v -0.00693378 -0.00017408 -0.01474735
v 0.00117224 -0.00002792 -0.01418298
v 0.03894445 -0.00027889 0.01435002
v 0.00000906 -0.01310056 -0.01372468
v 0.00045783 -0.01198837 -0.01418388
v 0.00189751 -0.01191985 -0.01412397
v 0.00191659 -0.01299816 -0.01365089
v 0.00141334 -0.01376500 -0.01276177
v 0.00001021 -0.01384836 -0.01280707
v -0.00163627 -0.01186698 -0.01423466
v -0.00306475 -0.01156425 -0.01424789
v -0.00334853 -0.01262694 -0.01378226
v -0.00188649 -0.01369959 -0.01284635
v -0.00354487 -0.01335936 -0.01285970
v 0.00043994 -0.01194534 0.01479202
v -0.00001021 -0.01305598 0.01433616
v 0.00187701 -0.01188504 0.01473277
v 0.00188991 -0.01307463 0.01417002
v 0.00044779 -0.01377982 0.01341074
v 0.00186640 -0.01371115 0.01335215
v 0.04034469 -0.00991815 0.01345582
v 0.04070392 -0.01120912 0.01278158
v 0.04594910 -0.00952428 0.01278316
v 0.04663232 -0.00997215 0.01126879
v 0.04054257 -0.01192650 0.01148501
v 0.04187870 -0.01260620 0.00578439
v 0.04112474 -0.01294819 0.00026952
v 0.04187875 -0.01267307 -0.00508589
v 0.04053768 -0.01205773 -0.01079428
v 0.04985737 -0.00566095 -0.01209360
v 0.05093669 -0.00509572 -0.01079386
v 0.04909318 -0.00429135 -0.01277357
v 0.04070192 -0.01134732 -0.01209196
v 0.04601168 -0.00965166 -0.01209026
v 0.04321438 -0.00953221 -0.01276987
v 0.04565435 -0.00832003 -0.01276987
v 0.04076838 -0.00161093 -0.01365250
v 0.04084628 -0.00352347 -0.01356166
v 0.04041890 -0.01005375 -0.01277207
v 0.03865421 -0.01020423 -0.01278849
v 0.03871876 -0.00347876 -0.01362609
v 0.04768037 -0.00649410 -0.01277118
v 0.04896914 -0.00423598 0.01345288
v 0.04975509 -0.00556987 0.01277989
v 0.05081689 -0.00505394 0.01148009
v 0.04927286 -0.00758099 0.01126712
v 0.04556429 -0.00820559 0.01345646
v 0.04756528 -0.00641042 0.01345515
v 0.04074496 -0.00154811 0.01429289
v 0.05130529 -0.00409561 0.01104736
v -0.00308788 -0.01151800 0.01484978
v -0.00337094 -0.01258200 0.01438707
v -0.00356579 -0.01331746 0.01346647
v -0.00190163 -0.01365858 0.01345688
v -0.00182128 -0.00749999 0.01539617
v 0.00112140 -0.00746775 0.01537728
v 0.00093588 -0.00433177 0.01563358
v -0.00150174 -0.00421494 0.01565587
v -0.00162691 -0.00191903 0.01574414
v -0.01155996 -0.00852805 0.01220434
v -0.00948683 -0.01083709 0.01210977
v -0.00774380 -0.01218962 0.01201322
v -0.00519863 -0.01348286 0.01197412
v -0.00419438 -0.01394808 0.01170808
v -0.00349694 -0.01444488 0.01094216
v -0.00216055 -0.01636135 0.00433379
v -0.00213903 -0.01637607 -0.00371623
v -0.00345462 -0.01446950 -0.01037168
v -0.00445560 -0.01382907 -0.01125132
v -0.00554466 -0.01334369 -0.01145315
v -0.00807384 -0.01197677 -0.01145738
v -0.01096463 -0.00933343 -0.01156389
v -0.01213639 -0.00766468 -0.01166749
v -0.00936890 -0.00741750 -0.01425957
v -0.00893325 -0.01053607 -0.01286846
v -0.00750929 -0.01159715 -0.01286560
v 0.00000517 -0.01602667 -0.00648653
v -0.00000025 -0.01677185 0.00031178
v -0.00000566 -0.01600497 0.00710767
v -0.00753027 -0.01155525 0.01346045
v -0.00895417 -0.01049429 0.01345765
v -0.00159204 -0.00205654 -0.01516824
v -0.00147772 -0.00432229 -0.01507127
v -0.00178915 -0.00750428 -0.01480978
v 0.01100939 -0.01345700 -0.01214557
v 0.01897680 -0.01327824 -0.01164737
v 0.02013957 -0.01256835 -0.01261645
v 0.02453368 -0.01310437 -0.01134639
v 0.03871123 -0.01218943 -0.01083029
v 0.03875348 -0.01149055 -0.01211029
v 0.01989299 -0.01149350 -0.01320517
v 0.02845364 -0.01108956 -0.01294916
v 0.01701098 -0.01157796 -0.01332116
v 0.03858417 -0.01007763 0.01346959
v 0.02293449 -0.01132529 0.01374357
v 0.03869214 -0.01136838 0.01279568
v 0.02008199 -0.01269519 0.01309335
v 0.02296286 -0.01311296 0.01207405
v 0.01969677 -0.01322209 0.01224827
v 0.03874234 -0.01206382 0.01151374
v 0.01327705 -0.01164269 0.01411390
v 0.03808635 -0.01297760 -0.00578976
v 0.01922976 -0.01507425 -0.00367081
v 0.03789108 -0.01326537 0.00007141
v 0.01922345 -0.01506650 0.00428528
v 0.03801286 -0.01297086 0.00593430
v 0.03869795 -0.00338918 0.01427119
v 0.03420460 -0.00027727 0.01450747
v 0.04082298 -0.00343037 0.01421076
v 0.04315769 -0.00939798 0.01345646
v 0.03001117 -0.00224787 0.01465857
v 0.02903807 -0.00030287 0.01460732
v 0.02791017 -0.00230819 0.01473748
v 0.02493268 -0.00027891 0.01483309
v 0.02763909 -0.00118476 0.01475429
v 0.02839595 -0.00027874 0.01470935
v 0.02192873 -0.00134482 0.01467030
v 0.02135324 -0.00240047 0.01476905
v 0.02117714 -0.00040184 0.01478885
v 0.02092159 -0.00254431 0.01476249
v 0.01985887 -0.00175337 0.01494829
v 0.01964086 -0.00117117 0.01504868
v 0.01080298 -0.00027669 0.01535636
v 0.03417509 -0.00032248 -0.01388388
v 0.02495574 -0.00032518 -0.01422238
v 0.02110801 -0.00047719 -0.01417177
v 0.01088190 -0.00032468 -0.01476597
v 0.02901111 -0.00267199 -0.01400555
v 0.02771955 -0.00117433 -0.01413387
v 0.03019255 -0.00112986 -0.01403909
v 0.02194028 -0.00137953 -0.01409330
v 0.02137441 -0.00243828 -0.01419085
v 0.02095125 -0.00253968 -0.01413799
v 0.02002713 -0.00179976 -0.01421351
v 0.01972049 -0.00116980 -0.01444089
v 0.00113392 -0.00740600 -0.01479357
v 0.00096056 -0.00440007 -0.01504707
v 0.01850023 -0.01100685 -0.00029631
v 0.01850110 -0.01136251 -0.00139217
v 0.01850088 -0.01032598 -0.00115214
v 0.01634256 -0.01104211 -0.00187554
v 0.01653512 -0.01145732 -0.00043423
v 0.01653312 -0.01016820 -0.00084231
v 0.02185190 0.00331817 0.01442183
v 0.02181908 0.00247246 0.01441073
v 0.02778965 0.00219494 0.01457566
v 0.02098838 0.00189560 0.01457677
v 0.01983201 0.00274648 0.01471272
v 0.02017697 0.00361603 0.01445013
v 0.02098847 0.00401550 0.01444357
v 0.01701172 0.00424759 0.00914544
v 0.02087090 0.00261013 -0.01347182
v 0.02880242 0.00272513 -0.01316251
v 0.02878099 0.00276795 0.01372961
v 0.02941320 0.00301144 0.01373531
v 0.02078072 0.00276843 0.01402325
v 0.02077683 -0.00144447 -0.01370739
v 0.02074504 -0.00138786 0.01427873
v 0.03066625 0.00042301 0.00749705
v 0.03054347 0.00131301 0.00820221
v 0.03058712 0.00131140 0.00720796
v 0.03056266 -0.00330385 0.00923459
v 0.02984267 -0.00368529 0.00923461
v 0.02984407 0.00031185 0.00746325
v 0.02984392 0.00131211 0.00764167
v 0.03056266 -0.00100383 0.00923092
v 0.02994338 0.00031322 0.00832333
v 0.02972586 -0.00151171 0.00939608
v 0.03149265 0.00131464 0.00922799
v 0.03149515 0.00130957 0.00605798
v 0.03139309 0.00280377 0.00868052
v 0.03139475 0.00280043 0.00660051
v 0.02949517 0.00130957 0.00605637
v 0.03002779 0.00280101 0.00695942
v 0.02949267 0.00131464 0.00922638
v 0.02935782 0.00280434 0.00903890
v 0.02997405 0.00464875 0.00811337
v 0.03016055 0.00280285 0.00810354
v 0.03110311 0.00467759 0.00819269
v 0.03096366 0.00280265 0.00797617
v 0.02985335 0.00464050 0.00704917
v 0.03117592 0.00466370 0.00722005
v 0.03104419 0.00280160 0.00732024
v 0.03201858 0.00472276 0.00679747
v 0.03201735 0.00472526 0.00837045
v 0.02886033 0.00475640 0.00854467
v 0.03566476 0.00606774 0.01118872
v 0.04187452 0.00721781 0.01119182
v 0.03888660 0.00606774 0.01119128
v 0.04407281 0.00453507 0.01116672
v 0.04673196 0.00317749 0.01120215
v 0.04608545 0.00001774 0.01117553
v 0.04673196 -0.00314194 0.01121217
v 0.04407281 -0.00449959 0.01118117
v 0.04187452 -0.00718223 0.01121476
v 0.03888660 -0.00603218 0.01121059
v 0.03566476 -0.00603218 0.01120797
v 0.03253740 0.00606774 0.01118627
v 0.03821385 0.00945181 0.01118538
v 0.03833937 0.00751805 0.01118857
v 0.04480229 0.00600389 0.01119605
v 0.04906880 0.00347158 0.01121208
v 0.04767102 0.00001779 0.01120785
v 0.04480229 -0.00596836 0.01121518
v 0.03833937 -0.00748246 0.01121248
v 0.03821385 -0.00941621 0.01121536
v 0.03238122 -0.00601774 0.01129961
v 0.03199055 0.00501868 0.01176747
v 0.02899080 0.00501829 0.01151508
v 0.02913388 -0.00599632 0.01128986
v 0.03199034 -0.00598085 0.01203495
v 0.03271178 0.00353330 0.00002722
v 0.03314500 0.00350931 0.00589058
v 0.02980014 0.00350022 0.00018335
v 0.02984517 0.00350958 0.00604814
v 0.03314500 0.00460932 0.00588885
v 0.03271182 0.00459997 0.00002552
v 0.02980014 0.00460023 0.00018160
v 0.03720409 0.00559175 -0.00514926
v 0.03510407 0.00559175 -0.00515093
v 0.03545406 0.00169173 -0.00514442
v 0.03615468 0.00179046 -0.00594401
v 0.03650407 0.00164173 -0.00514352
v 0.03615349 0.00179303 -0.00434405
v 0.03615343 0.00559303 -0.00432515
v 0.03615480 0.00559041 -0.00597507
v 0.01651245 0.00793817 0.00524013
v 0.01623239 0.00722700 0.00450140
v 0.01627209 0.00781271 0.00358604
v 0.01749608 0.00683224 0.00489303
v 0.01749660 0.00852372 0.00424033
v 0.01749700 0.00705558 0.00372267
v 0.01104639 0.00736701 0.00370043
v 0.01123289 0.00664824 0.00457464
v 0.01129108 0.00841242 0.00449559
v 0.01106496 0.00750850 0.00536702
v 0.01651245 -0.00706177 0.00526402
v 0.01623236 -0.00777293 0.00452528
v 0.01627209 -0.00718722 0.00360993
v 0.01749608 -0.00816768 0.00491691
v 0.01749660 -0.00647622 0.00426424
v 0.01749700 -0.00794434 0.00374657
v 0.01107892 -0.00730231 0.00381051
v 0.01129108 -0.00839806 0.00452235
v 0.01118932 -0.00670369 0.00471135
v 0.01106496 -0.00749143 0.00539092
v 0.01619786 0.00750410 0.00260091
v 0.01619637 0.00884046 0.00449880
v 0.01739782 0.00750425 0.00270188
v 0.01729637 0.00940710 0.00449878
v 0.01619488 0.00751012 0.00640094
v 0.01739499 0.00750998 0.00630185
v 0.01619637 0.00600713 0.00450331
v 0.01739638 0.00570711 0.00450474
v 0.01619786 -0.00749582 0.00262481
v 0.01619637 -0.00615946 0.00452268
v 0.01739782 -0.00749567 0.00272578
v 0.01729637 -0.00559282 0.00452268
v 0.01619488 -0.00748980 0.00642478
v 0.01739492 -0.00748995 0.00632575
v 0.01619637 -0.00899279 0.00452718
v 0.01739638 -0.00929278 0.00452861
v 0.02188080 0.00408843 -0.00721905
v 0.03224071 0.00408843 -0.00721082
v 0.02187448 0.00410089 0.00060089
v 0.01579949 -0.01104382 0.00055879
v 0.01550066 -0.00963378 -0.00087232
v 0.01550179 -0.01104829 -0.00226831
v 0.01550066 -0.01245850 -0.00086782
v 0.03250068 -0.00963378 -0.00085878
v 0.03250068 -0.01245850 -0.00085428
v 0.03227490 -0.01084387 0.00056111
v 0.03227704 -0.01084840 -0.00227517
v 0.01290717 0.00180820 -0.00906259
v 0.01368445 0.00258553 -0.00906321
v 0.01212990 0.00258553 -0.00906444
v 0.01290717 0.00336283 -0.00906506
v 0.01487231 0.00234797 -0.01256189
v 0.01291003 0.00084341 -0.01263105
v 0.01332414 0.00278443 -0.01266381
v 0.01216687 0.00251616 -0.01266431
v 0.01286502 0.00431310 -0.01259164
v 0.01288142 0.00258144 -0.01162385
v 0.01291879 -0.00340746 -0.00935328
v 0.01362528 -0.00258539 -0.00918835
v 0.01212990 -0.00261441 -0.00905615
v 0.01290717 -0.00183710 -0.00905678
v 0.01487231 -0.00238800 -0.01255436
v 0.01291001 -0.00408932 -0.01260319
v 0.01332414 -0.00241552 -0.01265552
v 0.01216687 -0.00268379 -0.01265601
v 0.01288752 -0.00068490 -0.01262114
v 0.01288063 -0.00264707 -0.01162010
v 0.01289230 0.00339258 0.00960481
v 0.01366957 0.00261524 0.00960675
v 0.01211506 0.00261524 0.00960550
v 0.01289230 0.00183794 0.00960734
v 0.01485189 0.00238883 0.01310799
v 0.01288952 0.00409019 0.01315375
v 0.01330354 0.00241636 0.01320676
v 0.01214628 0.00268464 0.01320539
v 0.01286701 0.00068574 0.01317164
v 0.01291809 0.00261933 0.01216609
v 0.01289230 -0.00180736 0.00961312
v 0.01366957 -0.00258467 0.00961497
v 0.01211506 -0.00258467 0.00961375
v 0.01289230 -0.00336200 0.00961563
v 0.01485189 -0.00234711 0.01311554
v 0.01288950 -0.00084256 0.01318161
v 0.01330354 -0.00278358 0.01321500
v 0.01214628 -0.00251532 0.01321365
v 0.01284454 -0.00431225 0.01314207
v 0.01291881 -0.00260916 0.01217901
v 0.01899704 -0.00397408 0.01207145
v 0.01949088 -0.00348181 0.01141931
v 0.02054375 -0.00360036 0.01202923
v 0.01939753 -0.00212474 0.01205736
v 0.01956404 -0.00500722 0.01203099
v 0.02757848 -0.00348204 0.01128228
v 0.02815875 -0.00368993 0.01207830
v 0.02752041 -0.00220355 0.01201542
v 0.02749043 -0.00504758 0.01197991
v 0.02835019 -0.00351824 -0.01144180
v 0.02751340 -0.00353990 -0.01076644
v 0.02753903 -0.00480548 -0.01139041
v 0.02684071 -0.00372741 -0.01144269
v 0.02056954 -0.00339865 -0.01141250
v 0.01951169 -0.00495983 -0.01145352
v 0.01950857 -0.00351721 -0.01080504
v 0.01938156 -0.00206624 -0.01145959
v 0.01649945 -0.01104366 0.00063073
v 0.02122511 -0.00177524 0.01426968
v 0.02100827 -0.00151660 -0.01043084
v 0.02136566 -0.00166878 -0.01370033
v 0.02899153 0.00305999 0.01059638
v 0.02099138 0.00301719 0.01082524
v 0.02134359 0.00316921 0.01401198
v 0.02099125 -0.00148247 0.01099906
v 0.02899137 -0.00148279 0.01080543
v 0.02900798 0.00294078 -0.01002975
v 0.02936526 0.00312597 -0.01315158
v 0.02100815 0.00298359 -0.01027135
v 0.02902814 -0.00153630 -0.01023322
v 0.02050083 -0.01104636 -0.00106049
v 0.01750050 -0.01104571 -0.00063759
v 0.02050018 -0.01104515 -0.00028286
v 0.01750123 -0.01104721 -0.00156111
v 0.02750050 -0.01104577 -0.00066610
v 0.03050085 -0.01104645 -0.00108899
v 0.02750116 -0.01104694 -0.00144368
v 0.03050011 -0.01104498 -0.00016548
v 0.03144294 -0.01186037 -0.00085608
v 0.01091641 0.00223204 -0.01251489
v 0.01387123 0.00258166 -0.01150307
v 0.01387123 -0.00261830 -0.01149476
v 0.01290909 -0.00155161 -0.01149058
v 0.01091641 -0.00227192 -0.01250767
v 0.01089605 0.00227275 0.01305508
v 0.01192825 0.00261915 0.01204531
v 0.01192825 -0.00258080 0.01205360
v 0.01289039 -0.00151414 0.01204597
v 0.01089605 -0.00223118 0.01306220
v 0.01949271 -0.00323766 0.00916353
v 0.01949262 -0.00406329 0.00928865
v 0.02600900 -0.00348097 0.01195957
v 0.02749271 -0.00323766 0.00916988
v 0.02749260 -0.00406329 0.00929503
v 0.02750676 -0.00376136 -0.00854210
v 0.02750686 -0.00293575 -0.00867673
v 0.01950676 -0.00376136 -0.00854846
v 0.01950689 -0.00293575 -0.00868310
v 0.01139177 0.00455288 0.01030077
v 0.01139173 -0.00452008 0.01031522
v 0.01139038 0.00451910 0.01200187
v 0.01139038 -0.00448084 0.01201617
v 0.01469194 0.00460345 0.01000440
v 0.01619035 0.00451910 0.01200568
v 0.01619267 0.00512957 0.00911981
v 0.01469290 0.00535917 0.00891942
v 0.01469320 0.00661349 0.00850117
v 0.01469320 0.00901347 0.00849736
v 0.01469194 -0.00457156 0.01001900
v 0.01469290 -0.00533074 0.00893641
v 0.01497158 -0.00898767 0.00774842
v 0.01469320 -0.00658643 0.00852215
v 0.01487396 0.00901192 0.00749745
v 0.01497633 -0.00899714 0.00180401
v 0.01497633 0.00900280 0.00177536
v 0.01469916 -0.00659835 0.00102216
v 0.01469969 -0.00511444 0.00040477
v 0.01470088 -0.00450170 -0.00108111
v 0.01470744 0.00448501 -0.00938040
v 0.01470730 -0.00249684 -0.00924599
v 0.01470696 0.00258899 -0.00879236
v 0.01470088 0.00449818 -0.00109541
v 0.01470655 0.00448674 -0.00829542
v 0.01469969 0.00511569 0.00038848
v 0.01470714 -0.00451445 -0.00908106
v 0.01469916 0.00660157 0.00100118
v 0.01162126 -0.00448239 -0.00981396
v 0.01140749 0.00448489 -0.00946802
v 0.01343405 -0.00321835 -0.00991529
v 0.01620757 -0.00451526 -0.00957987
v 0.01620757 -0.00161791 -0.00958445
v 0.01140910 -0.00451821 -0.01145368
v 0.01140910 0.00448167 -0.01146805
v 0.01620875 -0.00451759 -0.01104987
v 0.01620090 0.00449818 -0.00109422
v 0.01619964 0.00511569 0.00038967
v 0.01619917 0.00660157 0.00100237
v 0.01619917 0.00900155 0.00099856
v 0.01620697 0.00158860 -0.00878956
v 0.01620875 0.00448232 -0.01106420
v 0.01620090 -0.00450170 -0.00107992
v 0.01619964 -0.00511444 0.00040596
v 0.01619917 -0.00659835 0.00102335
v 0.01619696 -0.00827187 0.00374824
v 0.01619315 -0.00898641 0.00852722
v 0.01619577 -0.00826937 0.00530386
v 0.01619315 -0.00658643 0.00852334
v 0.01619267 -0.00510055 0.00913608
v 0.01619133 -0.00448278 0.01081999
v 0.01619035 -0.00448084 0.01201999
v 0.01619577 0.00673056 0.00527996
v 0.01619696 0.00672805 0.00372434
v 0.01499680 -0.00695809 0.00398743
v 0.01499636 0.00664322 0.00450133
v 0.01499565 0.00776782 0.00539217
v 0.01499656 0.00839935 0.00423928
v 0.01499718 0.00750560 0.00354996
v 0.01499656 -0.00838582 0.00426600
v 0.01499565 -0.00775065 0.00541687
v 0.01499575 -0.00671375 0.00530040
v 0.04004962 -0.00604284 0.01164152
v 0.04381793 -0.00922006 0.01164958
v 0.04425081 -0.00424099 0.01204204
v 0.04706138 -0.00705182 0.01204866
v 0.04922896 0.00384629 0.01203310
v 0.04922896 -0.00380808 0.01204526
v 0.04706173 0.00708944 0.01162618
v 0.04381793 0.00925699 0.01162016
v 0.03199070 0.01001840 0.01160949
v 0.02899038 0.00901908 0.01200866
v 0.04006965 0.00608285 0.01115554
v 0.04222404 0.00568543 0.01122456
v 0.04222404 -0.00564977 0.01124262
v 0.04556095 -0.00258940 0.01124036
v 0.04556095 0.00262511 0.01123207
v 0.03037844 0.00602337 0.00216417
v 0.03268592 0.00607878 0.00241572
v 0.03239876 0.00585240 0.00154644
v 0.03019875 0.00560242 0.00154507
v 0.02581802 0.00593040 -0.00180886
v 0.02615320 0.00584355 -0.00400847
v 0.02515316 0.00584355 -0.00400928
v 0.02513748 0.00559738 -0.00160888
v 0.01954334 0.00436315 0.00828859
v 0.01987852 0.00427633 0.00608899
v 0.02068578 0.00444670 0.00842271
v 0.02054518 0.00460964 0.00608897
v 0.02464985 0.00585011 0.00009031
v 0.02498151 0.00593692 0.00229041
v 0.02574988 0.00599968 -0.00017385
v 0.02564817 0.00560361 0.00229150
v 0.01203244 0.01411014 0.00027255
v 0.01198118 0.01385235 -0.00414413
v 0.01198416 0.01388466 0.00455081
v 0.02625209 0.01208609 -0.00737691
v 0.02459412 0.01311186 -0.00117743
v 0.02533018 0.01268842 0.00539339
v 0.02500939 0.01293855 0.00420809
v 0.02486479 0.01295930 -0.00342888
v 0.03164207 0.00458765 0.00989789
v 0.02914208 0.00458765 0.00989589
v 0.03097376 0.00349316 -0.00425139
v 0.03510436 0.00349316 -0.00424808
v 0.03097206 0.00349653 -0.00215137
v 0.03510266 0.00349653 -0.00214809
v 0.03517093 0.00459268 -0.00454962
v 0.03097376 0.00459316 -0.00425312
v 0.03097206 0.00459653 -0.00215316
v 0.03510266 0.00459653 -0.00214982
v 0.03097546 0.00348979 -0.00635135
v 0.03510606 0.00348979 -0.00634807
v 0.03510606 0.00458980 -0.00634986
v 0.03097546 0.00458980 -0.00635314
v 0.01939839 0.00280315 0.00201344
v 0.02359837 0.00280315 0.00201678
v 0.01939666 0.00280666 0.00421345
v 0.02338522 0.00280687 0.00435537
v 0.02379283 0.00460386 0.00245738
v 0.01939839 0.00460315 0.00201058
v 0.01939666 0.00460666 0.00421059
v 0.02338528 0.00460687 0.00435251
v 0.02584660 0.00670582 0.00369090
v 0.02804988 0.00669926 -0.00043793
v 0.02804660 0.00670582 0.00369263
v 0.02584660 0.00560582 0.00369263
v 0.02804988 0.00559926 -0.00043618
v 0.02804660 0.00560582 0.00369435
v 0.02743234 0.00329956 -0.00024166
v 0.02754193 0.00325489 0.00311428
v 0.02399009 0.00309890 -0.00065273
v 0.02414232 0.00325489 0.00311157
v 0.02754193 0.00460491 0.00311211
v 0.02743234 0.00459957 -0.00024373
v 0.02399009 0.00459891 -0.00065512
v 0.02292698 0.00739103 -0.00561350
v 0.02292358 0.00739771 -0.00141352
v 0.02512699 0.00739103 -0.00561172
v 0.02512359 0.00739771 -0.00141174
v 0.02292358 0.00559771 -0.00141060
v 0.02292698 0.00559103 -0.00561064
v 0.02512699 0.00559103 -0.00560886
v 0.02976375 0.00671309 0.00824350
v 0.03020557 0.00670972 0.00613341
v 0.03358087 0.00670957 0.00604653
v 0.02976375 0.00561309 0.00824523
v 0.03020557 0.00560972 0.00613514
v 0.03358087 0.00560957 0.00604829
v 0.03529485 0.00350904 0.00573212
v 0.03529819 0.00350249 0.00160152
v 0.03734487 0.00350904 0.00573373
v 0.03734815 0.00350249 0.00160313
v 0.03529819 0.00460249 0.00159973
v 0.03529485 0.00460905 0.00573033
v 0.03734487 0.00460905 0.00573200
v 0.03734815 0.00460249 0.00160140
v 0.03765702 0.00705936 0.00592399
v 0.03318840 0.00561356 0.00855273
v 0.03765702 0.00560936 0.00592628
v 0.03324818 0.00350249 0.00159985
v 0.03324818 0.00460249 0.00159812
v 0.03494554 0.00670987 0.00622672
v 0.03494846 0.00670394 0.00251141
v 0.03279557 0.00670987 0.00622502
v 0.03520603 0.00560345 0.00220863
v 0.03533169 0.00560951 0.00601396
v 0.03279557 0.00560987 0.00622675
v 0.03495144 0.00669801 -0.00120384
v 0.03254113 0.00669774 -0.00138047
v 0.03495144 0.00559801 -0.00120205
v 0.03254113 0.00559774 -0.00137874
v 0.03505110 0.00349879 -0.00072726
v 0.03504776 0.00350535 0.00340331
v 0.03284776 0.00350535 0.00340158
v 0.03504776 0.00460535 0.00340158
v 0.03505110 0.00459880 -0.00072901
v 0.03284776 0.00460535 0.00339979
v 0.02820014 0.00669747 -0.00155866
v 0.03232908 0.00670093 0.00064457
v 0.02819848 0.00670093 0.00064128
v 0.02820014 0.00559747 -0.00155693
v 0.03232908 0.00560099 0.00064632
v 0.02819848 0.00560099 0.00064303
v 0.02317059 0.00281382 0.00869393
v 0.02097386 0.00280708 0.00449222
v 0.02097058 0.00281382 0.00869220
v 0.02317059 0.00461382 0.00869107
v 0.02097386 0.00460708 0.00448936
v 0.03572118 0.00740248 0.00159663
v 0.03571790 0.00740915 0.00579661
v 0.03792119 0.00740248 0.00159836
v 0.03792119 0.00560248 0.00160128
v 0.02974706 0.00350678 0.00429910
v 0.02754706 0.00350678 0.00429732
v 0.02974706 0.00460678 0.00429732
v 0.02754706 0.00460678 0.00429559
v 0.04213291 0.00511405 0.00886539
v 0.03311300 0.00461405 0.00885898
v 0.04214566 0.00508860 -0.00712451
v 0.03700405 0.00459170 -0.00514781
v 0.03615480 0.00459039 -0.00599843
v 0.02914565 0.00508860 -0.00713488
v 0.03615337 0.00459307 -0.00429857
v 0.03311169 0.00511649 0.01038817
v 0.02914685 0.00508615 -0.00864488
v 0.03239894 0.00483212 0.00763808
v 0.02858903 0.00479590 0.00749910
v 0.02858948 0.00501102 0.00695479
v 0.04299143 -0.00001803 -0.01128574
v 0.03702487 0.00010673 -0.01144068
v 0.03705108 -0.00051827 -0.01143968
v 0.01759427 -0.00211742 -0.01095255
v 0.01620906 -0.00131822 -0.01145499
v 0.01759427 0.00368249 -0.01096185
v 0.01620867 0.00128248 -0.01095918
v -0.00599068 -0.00001943 -0.01147478
v -0.00423252 -0.00426167 -0.01146656
v -0.00423342 0.00422430 -0.01148009
v -0.00400901 0.00048790 -0.01152390
v -0.00186756 0.00357053 -0.01152717
v 0.00000914 0.00598168 -0.01147949
v 0.00188589 0.00357053 -0.01152419
v 0.01031947 -0.00451744 -0.01095458
v 0.01031947 0.00448248 -0.01096889
v 0.01125903 -0.00141808 -0.01135878
v 0.01125903 0.00138184 -0.01136324
v 0.01195648 0.00203180 -0.01151367
v 0.01195648 0.00313148 -0.01151546
v 0.01290911 0.00368163 -0.01151555
v 0.01290911 -0.00371832 -0.01150375
v 0.01195648 -0.00316814 -0.01150548
v 0.01195648 -0.00206849 -0.01150718
v 0.01290911 0.00148162 -0.01151207
v 0.00402740 0.00048790 -0.01151758
v 0.00304636 -0.00269738 -0.01151326
v 0.00000917 -0.00406817 -0.01151353
v 0.00000913 -0.00601822 -0.01146036
v -0.00302800 -0.00269738 -0.01151812
v -0.00396463 -0.00002049 -0.01287109
v 0.00398932 -0.00035386 -0.01288624
v 0.00397882 0.00047956 -0.01283257
v 0.01759386 0.00208330 -0.01045930
v 0.00973815 0.00561461 -0.01047119
v 0.01620829 -0.00131667 -0.01045495
v 0.01759386 -0.00371665 -0.01045006
v 0.00973812 -0.00564793 -0.01045328
v 0.04425036 0.00422639 -0.01044148
v 0.04425036 -0.00425971 -0.01042795
v 0.04310828 -0.00001667 -0.01043570
v 0.04153352 -0.00265786 -0.01048269
v 0.03848311 -0.00265786 -0.01048514
v 0.03695833 -0.00001675 -0.01049053
v 0.04153352 0.00262439 -0.01049113
v 0.03848311 0.00262439 -0.01049351
v 0.02900826 0.00345826 -0.01045238
v 0.00001010 0.00597978 -0.01267945
v -0.00405186 0.00439554 -0.01268017
v -0.00596899 0.00047982 -0.01267546
v -0.00596899 -0.00052018 -0.01267385
v 0.01977098 -0.00601825 -0.01146575
v 0.01926836 -0.00051843 -0.01155873
v 0.02002578 -0.00051827 -0.01145315
v 0.04136228 -0.00269556 -0.01143276
v 0.03865587 -0.00269556 -0.01143485
v 0.04136228 0.00265902 -0.01144129
v 0.03865587 0.00265902 -0.01144349
v 0.01977098 0.00048170 -0.01147607
v 0.01469498 0.00386596 -0.01266449
v 0.00186372 0.00352418 -0.01267409
v 0.01112514 0.00386596 -0.01266729
v -0.00184351 0.00352418 -0.01267707
v -0.00327581 -0.00230086 -0.01266896
v -0.00184351 -0.00356454 -0.01266574
v 0.00001008 -0.00402015 -0.01266360
v 0.00186372 -0.00356454 -0.01266288
v 0.00329596 -0.00230086 -0.01266366
v 0.01112514 -0.00390631 -0.01265490
v 0.01469498 -0.00390631 -0.01265209
v 0.04163512 -0.00246465 0.01228707
v 0.03863710 -0.00265753 0.01253497
v 0.03701099 -0.00023009 0.01252981
v -0.00598961 0.00052102 0.01319438
v -0.00118349 -0.00585639 0.01134175
v 0.00009416 -0.00560543 0.01100898
v 0.03999119 -0.00598246 0.01104140
v 0.04423207 0.00426257 0.01202845
v 0.00677490 0.00601828 0.01149579
v -0.00000955 0.00601905 0.01199036
v -0.00001050 0.00602096 0.01319038
v -0.00280231 0.00532925 0.01198929
v -0.00407249 0.00443673 0.01318967
v -0.00495326 0.00341898 0.01199054
v -0.00596744 0.00072687 0.01199406
v -0.00561231 -0.00212771 0.01199889
v -0.00396901 -0.00448865 0.01200395
v 0.03863710 0.00269735 0.01252645
v 0.04163512 0.00250366 0.01227912
v 0.04296211 0.00035297 0.01236699
v 0.03703200 0.00051991 0.01252865
v 0.04294818 -0.00048049 0.01228496
v 0.04263227 -0.00150755 0.01108634
v 0.04263227 0.00154275 0.01108145
v 0.03999113 0.00306758 0.01107695
v 0.03735003 0.00154275 0.01107725
v 0.02899116 0.00254250 0.01101905
v 0.03734997 -0.00150755 0.01108217
v 0.03999113 -0.00303239 0.01108667
v 0.01757636 -0.00208166 0.01151725
v 0.01619077 -0.00128165 0.01151498
v 0.01757675 -0.00368243 0.01101988
v 0.00269496 -0.00448164 0.01150926
v 0.01619077 0.00131831 0.01151075
v 0.01757675 0.00211751 0.01101058
v 0.01757597 0.00371909 0.01200807
v 0.00637296 0.00451830 0.01149788
v -0.00407821 -0.00048698 0.01204753
v -0.00191158 -0.00361282 0.01205420
v 0.00189239 -0.00361282 0.01205727
v 0.00019630 -0.00522679 0.01200848
v 0.00149155 -0.00501162 0.01200920
v 0.00405902 -0.00048698 0.01205402
v 0.00306296 0.00273368 0.01204806
v -0.00000959 0.00411904 0.01204341
v -0.00308216 0.00273368 0.01204314
v 0.00149232 -0.00501317 0.01100915
v 0.01715767 -0.00258028 0.01281738
v 0.01924950 -0.00048072 0.01212098
v 0.02000707 -0.00048089 0.01201665
v 0.02086287 -0.00448376 0.01202374
v 0.01715779 -0.00437909 0.01282018
v 0.01467436 -0.00386512 0.01321786
v 0.00186813 -0.00356668 0.01320719
v 0.00402397 -0.00022898 0.01320359
v 0.01110458 -0.00386512 0.01321500
v -0.00404501 -0.00022898 0.01319718
v -0.00402951 0.00052102 0.01319599
v 0.00400847 0.00052102 0.01320236
v 0.01924950 0.00051928 0.01211938
v 0.02000707 0.00051911 0.01201510
v -0.00333989 0.00232673 0.01319366
v -0.00188917 0.00360870 0.01319277
v -0.00001051 0.00407100 0.01319348
v 0.00186819 0.00360870 0.01319575
v 0.00331885 0.00232673 0.01319897
v 0.01110458 0.00390714 0.01320254
v 0.01467436 0.00390714 0.01320546
v 0.01549398 -0.00998801 0.00752824
v 0.01235789 -0.00400466 0.00751620
v 0.01127725 -0.00998801 0.00752485
v 0.00792968 -0.01075392 0.00752342
v 0.00966877 -0.01024830 0.00752401
v 0.00793070 0.01077718 0.00748911
v 0.01235789 0.00402856 0.00750339
v 0.00966883 0.01027220 0.00749135
v 0.01127725 0.01001185 0.00749302
v 0.01549839 0.01000314 0.00199640
v 0.01549839 -0.00999677 0.00202823
v 0.01128166 -0.00999677 0.00202489
v 0.00967318 -0.01025706 0.00202399
v 0.00823087 -0.01101005 0.00202405
v 0.00005958 -0.01336262 0.00752133
v 0.00012916 -0.01374608 0.00202197
v -0.00783542 -0.01083164 0.00751099
v -0.00801986 -0.01116669 0.00201136
v -0.01272231 -0.00413337 0.00749644
v -0.01307046 -0.00427055 0.00199640
v -0.01272216 0.00415772 0.00748324
v -0.01307004 0.00427830 0.00198275
v -0.00783500 0.01085582 0.00747645
v -0.00801867 0.01117390 0.00197577
v 0.00006002 0.01338651 0.00747871
v 0.00013046 0.01375246 0.00197816
v 0.00823092 0.01101648 0.00198901
v 0.00967318 0.01026350 0.00199133
v 0.01128166 0.01000314 0.00199306
v 0.01164817 -0.00378171 0.00251529
v 0.01164859 0.00378889 0.00200319
v 0.00719777 -0.00990677 0.00252148
v -0.00000201 -0.01224598 0.00251946
v -0.00720176 -0.00990677 0.00251004
v -0.01165175 -0.00378251 0.00199669
v -0.01165216 0.00378969 0.00248465
v -0.00720176 0.00991473 0.00247845
v -0.00000198 0.01225397 0.00248048
v 0.00719780 0.00991473 0.00248989
v 0.01289039 0.00371918 0.01205438
v 0.01384302 0.00316900 0.01205599
v 0.01384302 0.00206932 0.01205766
v 0.01384302 -0.00203097 0.01206427
v 0.01289039 0.00151917 0.01205787
v 0.01289039 -0.00368079 0.01206606
v 0.01384302 -0.00313058 0.01206597
v 0.01711130 -0.00444889 -0.01227158
v 0.01711148 -0.00259000 -0.01227456
v 0.02599358 -0.00264323 -0.01144510
v 0.02091717 -0.00455701 -0.01144605
v 0.03849107 -0.00258034 0.01113480
v 0.03699105 0.00001768 0.01112937
v 0.03849107 0.00261575 0.01112645
v 0.03999036 -0.00298089 0.01203656
v 0.03999036 0.00301909 0.01202708
v 0.01011652 -0.00815171 0.00432086
v 0.01011621 0.00816604 0.00469515
v 0.00763845 -0.01051247 0.00302279
v -0.00000241 -0.01299518 0.00302064
v -0.00764328 -0.01051247 0.00301063
v -0.01200943 -0.00389636 0.00299662
v -0.01236629 0.00402135 0.00298375
v -0.00764322 0.01052206 0.00297713
v -0.00000237 0.01300477 0.00297928
v 0.00763845 0.01052206 0.00298929
v 0.01200461 0.00390592 0.00300333
v 0.01236146 -0.00401181 0.00301623
v 0.03114336 0.00031322 0.00832426
v 0.01849114 -0.00957006 0.01108157
v 0.01849317 -0.01139247 0.00859910
v 0.01850634 -0.01141899 -0.00800335
v 0.01850837 -0.00960445 -0.01049154
v 0.01849114 -0.00598246 0.01102429
v 0.01849114 -0.00198245 0.01101785
v 0.01849228 -0.00198454 0.00971788
v 0.01849228 -0.00791794 0.00972730
v 0.01849257 -0.00914276 0.00933540
v 0.01849335 -0.00990957 0.00830310
v 0.01849526 -0.01059567 0.00589478
v 0.01849728 -0.01103746 0.00342971
v 0.01849830 -0.01079374 0.00215024
v 0.01849895 -0.00984269 0.00126040
v 0.01850557 -0.00985593 -0.00703955
v 0.01850676 -0.00924325 -0.00852543
v 0.01850730 -0.00775927 -0.00914287
v 0.01850730 -0.00201458 -0.00915205
v 0.01850825 -0.00201666 -0.01045209
v 0.01850825 -0.00601661 -0.01044565
v 0.02950829 -0.00601661 -0.01043689
v 0.02950727 -0.00201458 -0.00914329
v 0.02950727 -0.00775927 -0.00913411
v 0.02950680 -0.00924325 -0.00851667
v 0.02950555 -0.00985593 -0.00703078
v 0.02949529 -0.01059567 0.00590354
v 0.02949339 -0.00990957 0.00831187
v 0.02949255 -0.00914276 0.00934416
v 0.02949225 -0.00791794 0.00973606
v 0.02949118 -0.00198245 0.01102668
v 0.01888227 -0.00351459 -0.00914937
v 0.02688229 -0.00351459 -0.00914299
v 0.02013230 -0.00351459 -0.00914836
v 0.02813225 -0.00351459 -0.00914198
v 0.02686727 -0.00348455 0.00972694
v 0.02811729 -0.00348455 0.00972789
v 0.02011728 -0.00348455 0.00972158
v 0.01886725 -0.00348455 0.00972056
v 0.02250067 -0.01084613 -0.00086481
v 0.02250069 -0.01164597 -0.00086354
v 0.02550067 -0.01084613 -0.00086240
v 0.02550065 -0.01164597 -0.00086115
v 0.02429479 0.00341040 0.00654411
v 0.02776980 0.00341040 0.00654685
v 0.02776980 0.00461036 0.00654495
v 0.02429735 0.00460523 0.00331801
v 0.02429479 0.00461036 0.00654220
f 1 2 3
f 2 4 3
f 3 4 5
f 5 4 6
f 6 4 7
f 6 7 8
f 9 10 11
f 11 10 12
f 11 12 13
f 13 12 14
f 13 14 15
f 13 15 16
f 16 15 17
f 18 19 20
f 21 22 23
f 23 22 19
f 23 19 24
f 24 19 18
f 24 18 25
f 25 26 24
f 27 22 21
f 27 21 28
f 29 30 31
f 32 33 34
f 35 36 37
f 35 37 38
f 37 36 39
f 37 39 34
f 36 40 39
f 41 39 42
f 39 40 42
f 43 44 45
f 45 46 43
f 43 46 47
f 47 46 48
f 47 48 49
f 49 50 47
f 47 50 51
f 52 53 54
f 52 54 55
f 54 53 55
f 55 53 56
f 52 55 57
f 55 58 57
f 57 58 54
f 43 47 45
f 43 47 55
f 43 55 44
f 47 59 55
f 55 59 58
f 59 47 51
f 57 60 52
f 60 61 52
f 62 63 61
f 61 60 64
f 62 61 65
f 61 64 65
f 66 63 62
f 55 56 54
f 33 67 68
f 68 67 69
f 69 67 70
f 29 27 71
f 27 68 71
f 72 41 31
f 41 73 31
f 31 73 74
f 74 73 75
f 76 30 70
f 70 67 76
f 76 67 33
f 76 33 72
f 72 33 41
f 41 33 32
f 41 32 39
f 32 34 39
f 29 31 27
f 27 31 22
f 22 31 19
f 19 31 74
f 19 74 20
f 30 76 72
f 30 72 31
f 27 28 68
f 68 28 33
f 33 28 32
f 32 28 21
f 32 21 34
f 34 21 23
f 34 23 37
f 37 23 24
f 37 24 26
f 37 26 77
f 37 77 78
f 78 79 37
f 37 79 38
f 68 69 70
f 70 71 68
f 54 80 55
f 55 80 44
f 80 54 81
f 81 54 56
f 65 82 49
f 65 49 48
f 65 48 46
f 65 46 62
f 62 46 45
f 62 45 63
f 63 45 43
f 63 43 44
f 44 80 63
f 63 80 66
f 80 44 66
f 66 80 81
f 71 70 29
f 29 70 30
f 83 84 85
f 85 84 86
f 84 87 86
f 86 87 88
f 89 90 91
f 91 90 92
f 91 92 93
f 91 93 89
f 89 93 94
f 93 92 95
f 95 92 96
f 92 90 96
f 95 96 97
f 98 99 100
f 100 99 101
f 100 101 102
f 102 101 103
f 102 103 104
f 102 104 105
f 105 104 106
f 105 106 107
f 108 109 110
f 110 109 111
f 109 112 111
f 111 112 113
f 111 113 114
f 114 113 115
f 114 115 116
f 117 115 113
f 113 112 117
f 117 112 118
f 112 109 118
f 119 120 121
f 121 120 122
f 121 122 123
f 123 122 124
f 124 125 126
f 126 125 120
f 120 125 122
f 120 127 126
f 119 121 128
f 128 121 123
f 128 123 74
f 74 123 124
f 74 124 126
f 74 126 129
f 129 126 127
f 129 127 130
f 130 127 131
f 130 131 132
f 132 131 74
f 132 74 129
f 127 133 131
f 131 133 134
f 74 135 128
f 128 135 136
f 128 136 137
f 137 136 138
f 137 138 139
f 74 140 20
f 20 140 141
f 141 140 98
f 140 131 98
f 98 131 99
f 99 131 101
f 101 131 142
f 143 144 16
f 16 144 145
f 145 144 146
f 143 114 144
f 144 114 147
f 114 116 147
f 147 116 148
f 148 116 149
f 148 149 150
f 147 150 144
f 144 150 151
f 144 151 58
f 58 151 152
f 58 152 153
f 153 152 154
f 152 155 154
f 154 155 156
f 154 156 157
f 157 158 154
f 154 158 159
f 158 160 159
f 159 160 161
f 149 116 117
f 117 116 162
f 117 162 115
f 115 162 116
f 163 96 90
f 163 90 89
f 163 89 164
f 164 89 87
f 164 87 84
f 164 84 165
f 165 84 83
f 165 83 85
f 165 85 94
f 94 85 86
f 94 86 89
f 89 86 88
f 89 88 87
f 98 166 167
f 167 166 168
f 168 166 169
f 169 166 93
f 169 93 170
f 93 166 171
f 170 93 172
f 172 93 95
f 172 95 173
f 173 95 174
f 174 95 175
f 175 95 97
f 175 97 176
f 176 177 175
f 175 177 178
f 165 94 171
f 171 94 93
f 176 97 179
f 179 97 163
f 179 163 180
f 163 97 96
f 181 177 179
f 179 177 176
f 177 181 178
f 178 181 182
f 178 182 145
f 182 16 145
f 178 145 175
f 175 145 174
f 174 145 183
f 183 145 175
f 145 184 175
f 174 183 175
f 185 186 169
f 169 170 187
f 187 170 172
f 187 172 188
f 188 172 189
f 172 173 189
f 189 173 174
f 16 182 143
f 143 16 190
f 143 190 114
f 114 190 191
f 114 191 111
f 111 191 110
f 110 192 108
f 16 182 15
f 15 182 17
f 181 179 182
f 182 179 17
f 17 179 193
f 193 179 194
f 193 194 195
f 195 194 196
f 194 179 180
f 196 194 197
f 197 194 198
f 197 198 199
f 199 198 200
f 199 200 201
f 201 200 7
f 163 164 180
f 180 164 194
f 164 165 194
f 194 165 171
f 194 171 166
f 166 198 194
f 138 136 202
f 136 135 202
f 202 135 73
f 73 135 74
f 74 131 140
f 131 134 203
f 134 133 204
f 138 202 205
f 205 202 206
f 41 42 73
f 73 42 202
f 202 42 207
f 202 207 208
f 202 208 209
f 209 210 202
f 202 210 206
f 42 40 207
f 211 133 127
f 127 120 211
f 211 120 119
f 211 119 128
f 211 128 137
f 211 137 139
f 211 139 212
f 139 138 213
f 138 205 206
f 138 206 213
f 213 206 214
f 118 215 117
f 215 160 158
f 215 158 117
f 117 158 149
f 158 157 149
f 149 157 216
f 216 157 156
f 208 207 217
f 217 207 218
f 218 207 40
f 218 40 36
f 20 141 18
f 18 141 219
f 219 141 220
f 141 98 220
f 220 98 221
f 221 98 167
f 167 168 221
f 221 168 220
f 168 169 186
f 193 195 222
f 222 195 223
f 195 196 223
f 223 196 224
f 196 197 224
f 224 197 225
f 197 199 225
f 226 166 98
f 98 100 226
f 166 226 198
f 198 226 200
f 227 228 229
f 229 228 215
f 228 230 215
f 215 230 231
f 215 231 232
f 215 232 160
f 160 232 233
f 160 233 234
f 234 235 160
f 228 227 236
f 236 227 237
f 237 227 238
f 238 227 239
f 238 239 240
f 240 239 241
f 227 229 239
f 239 229 242
f 239 242 241
f 241 242 243
f 229 244 242
f 231 245 232
f 232 245 233
f 233 245 246
f 246 245 247
f 245 248 247
f 231 230 245
f 245 230 228
f 245 228 236
f 245 236 237
f 245 237 249
f 249 248 245
f 233 246 250
f 251 252 213
f 213 252 139
f 139 252 253
f 139 253 254
f 254 255 139
f 139 255 212
f 255 256 212
f 256 257 212
f 212 257 258
f 259 252 260
f 252 213 260
f 260 213 261
f 261 213 262
f 261 262 263
f 263 262 264
f 263 265 261
f 264 262 266
f 214 262 213
f 267 268 269
f 269 268 259
f 259 268 252
f 268 254 252
f 252 254 253
f 13 16 11
f 16 17 11
f 11 17 9
f 17 193 9
f 9 193 222
f 9 222 223
f 9 223 270
f 270 223 224
f 270 224 225
f 225 199 270
f 270 199 1
f 199 201 1
f 1 201 7
f 1 7 2
f 2 7 4
f 254 268 255
f 255 268 256
f 256 268 271
f 271 268 267
f 271 267 272
f 272 267 273
f 274 264 275
f 131 203 142
f 142 203 101
f 101 203 103
f 103 203 134
f 103 134 104
f 104 134 204
f 104 204 133
f 133 276 104
f 104 276 106
f 133 211 277
f 277 211 278
f 60 279 64
f 64 279 280
f 280 279 281
f 281 279 282
f 161 283 159
f 283 58 159
f 159 58 154
f 154 58 153
f 58 284 144
f 58 283 54
f 54 283 57
f 57 283 60
f 60 283 279
f 279 283 282
f 282 283 285
f 285 283 161
f 285 161 286
f 286 161 287
f 288 287 161
f 161 289 288
f 145 290 184
f 184 290 291
f 291 290 59
f 291 59 51
f 144 284 146
f 146 284 145
f 145 284 290
f 290 284 58
f 58 59 290
f 160 235 161
f 161 235 289
f 289 235 288
f 235 292 288
f 155 152 156
f 156 152 151
f 149 216 150
f 150 216 293
f 293 294 150
f 150 294 151
f 151 294 156
f 294 295 156
f 156 295 293
f 156 293 216
f 36 35 218
f 218 35 217
f 35 38 217
f 217 38 296
f 219 220 18
f 18 220 168
f 18 168 186
f 18 186 25
f 25 186 185
f 25 185 169
f 25 169 26
f 26 169 187
f 26 187 77
f 77 187 78
f 78 187 79
f 79 187 38
f 187 188 38
f 38 188 296
f 188 189 296
f 296 189 82
f 296 82 65
f 296 65 281
f 281 65 64
f 64 280 281
f 291 51 184
f 51 50 184
f 184 50 175
f 175 50 183
f 183 50 174
f 50 49 174
f 174 49 189
f 189 49 82
f 107 106 297
f 297 106 298
f 106 276 298
f 298 276 133
f 298 133 211
f 298 211 299
f 299 211 212
f 299 212 300
f 300 212 301
f 301 212 302
f 302 212 303
f 303 212 304
f 304 212 258
f 305 306 307
f 308 309 310
f 229 215 244
f 244 215 242
f 242 215 243
f 215 118 243
f 243 118 240
f 240 118 311
f 311 118 305
f 305 118 306
f 306 118 108
f 306 108 310
f 310 108 308
f 108 192 308
f 118 109 108
f 303 312 302
f 258 257 304
f 272 313 271
f 271 313 256
f 256 313 257
f 257 313 314
f 257 314 304
f 304 314 303
f 303 314 312
f 312 314 302
f 314 313 302
f 302 313 272
f 302 272 273
f 240 241 243
f 248 315 247
f 247 315 246
f 315 316 240
f 240 316 238
f 238 316 237
f 237 316 249
f 316 315 249
f 249 315 248
f 315 240 311
f 315 311 246
f 246 311 317
f 318 319 320
f 320 319 321
f 320 321 322
f 322 321 323
f 323 321 324
f 324 321 325
f 308 326 309
f 309 326 325
f 309 325 321
f 309 321 310
f 310 321 327
f 310 327 306
f 306 327 307
f 307 327 305
f 305 327 319
f 305 319 318
f 319 327 321
f 305 318 328
f 305 328 329
f 329 330 305
f 305 330 331
f 325 332 324
f 324 332 323
f 332 322 323
f 275 333 274
f 274 333 264
f 264 333 263
f 263 333 334
f 263 334 265
f 335 336 107
f 107 336 337
f 107 337 105
f 105 337 338
f 105 338 102
f 102 338 275
f 102 275 274
f 274 264 102
f 102 264 100
f 264 339 100
f 100 339 226
f 226 339 200
f 200 339 8
f 200 8 7
f 107 297 335
f 322 340 320
f 320 340 341
f 320 341 342
f 320 342 318
f 318 342 328
f 340 322 341
f 326 308 192
f 326 192 325
f 325 192 110
f 325 110 332
f 332 110 191
f 332 191 322
f 322 191 190
f 322 190 341
f 190 16 341
f 341 16 343
f 343 16 15
f 344 299 300
f 275 338 333
f 333 338 345
f 333 345 346
f 346 345 347
f 346 347 336
f 335 297 336
f 336 297 346
f 336 347 337
f 337 347 345
f 337 345 338
f 333 346 334
f 334 346 348
f 299 344 298
f 298 344 300
f 298 300 349
f 349 300 348
f 348 300 334
f 334 300 350
f 334 350 351
f 351 352 334
f 334 352 265
f 348 346 349
f 349 346 297
f 349 297 298
f 329 328 330
f 330 328 331
f 331 328 305
f 305 328 353
f 305 353 354
f 353 328 355
f 328 356 355
f 355 356 357
f 357 356 358
f 246 317 250
f 250 317 233
f 233 317 234
f 234 317 235
f 235 317 359
f 235 359 292
f 359 342 360
f 360 342 341
f 342 359 328
f 328 359 356
f 359 317 356
f 302 361 362
f 259 362 269
f 269 362 267
f 362 361 267
f 267 361 273
f 361 302 273
f 362 259 302
f 302 259 260
f 300 301 350
f 350 301 363
f 350 363 351
f 351 363 352
f 363 364 352
f 352 364 265
f 364 365 265
f 265 365 366
f 265 366 367
f 265 367 368
f 265 368 261
f 368 369 261
f 261 369 370
f 261 370 260
f 260 370 302
f 370 371 302
f 302 371 301
f 371 372 301
f 301 372 367
f 301 367 373
f 373 367 366
f 373 374 301
f 301 374 363
f 214 206 210
f 214 210 375
f 375 210 209
f 375 209 376
f 376 209 208
f 376 208 3
f 3 208 217
f 3 217 1
f 1 217 296
f 1 296 270
f 270 296 281
f 270 281 9
f 9 281 10
f 10 281 282
f 10 282 285
f 10 285 377
f 377 285 378
f 285 286 378
f 378 286 287
f 378 287 292
f 292 287 288
f 339 264 8
f 8 264 262
f 8 262 6
f 6 262 214
f 6 214 5
f 5 214 376
f 5 376 3
f 376 214 375
f 12 10 377
f 12 377 292
f 377 378 292
f 292 359 12
f 12 359 14
f 14 359 15
f 15 359 341
f 15 341 343
f 341 359 360
f 379 380 381
f 381 380 382
f 382 380 383
f 383 384 382
f 379 381 385
f 385 381 386
f 387 388 389
f 388 386 389
f 389 386 381
f 389 381 390
f 391 392 393
f 393 392 394
f 394 392 395
f 392 396 395
f 391 393 397
f 397 393 398
f 399 400 401
f 399 401 402
f 401 400 403
f 403 400 404
f 404 400 405
f 400 406 405
f 405 406 407
f 406 408 407
f 409 410 411
f 411 410 412
f 412 410 409
f 412 409 413
f 386 388 414
f 414 388 415
f 381 382 390
f 390 382 416
f 390 416 387
f 387 416 388
f 416 417 388
f 388 417 415
f 415 417 418
f 418 417 419
f 418 419 420
f 382 384 416
f 416 384 421
f 421 422 423
f 386 414 385
f 385 414 424
f 424 414 425
f 414 415 425
f 398 426 397
f 397 426 427
f 427 426 428
f 428 429 427
f 430 431 402
f 409 411 432
f 433 434 432
f 432 434 409
f 434 435 409
f 409 435 436
f 409 436 437
f 437 438 409
f 438 439 409
f 409 439 410
f 439 440 410
f 410 440 441
f 442 443 444
f 442 444 445
f 445 446 442
f 442 446 447
f 444 443 430
f 430 443 431
f 431 443 448
f 448 443 449
f 443 442 450
f 450 442 451
f 451 442 452
f 452 442 453
f 453 442 454
f 454 442 109
f 442 118 109
f 406 455 408
f 450 456 443
f 443 456 449
f 449 456 457
f 455 406 458
f 455 458 457
f 406 459 458
f 457 456 455
f 455 456 450
f 455 450 451
f 455 451 460
f 460 451 452
f 460 452 453
f 460 453 461
f 461 453 454
f 461 454 462
f 462 454 109
f 462 109 108
f 463 464 465
f 465 464 466
f 465 466 467
f 467 466 468
f 467 468 469
f 469 468 470
f 471 472 473
f 474 475 476
f 476 475 477
f 476 477 478
f 478 477 473
f 478 473 472
f 479 480 481
f 479 481 277
f 277 481 482
f 479 277 278
f 483 484 258
f 258 484 479
f 258 479 212
f 484 480 479
f 485 486 442
f 485 442 447
f 447 487 485
f 485 488 486
f 486 488 215
f 215 488 229
f 229 488 489
f 423 422 490
f 490 491 423
f 423 491 421
f 491 492 421
f 421 492 428
f 421 428 493
f 421 493 416
f 416 493 494
f 416 494 395
f 395 495 416
f 416 495 496
f 496 497 416
f 416 497 417
f 497 498 417
f 417 498 419
f 498 420 419
f 499 500 501
f 500 502 501
f 503 504 505
f 505 504 506
f 505 506 507
f 507 506 508
f 508 506 509
f 509 506 501
f 509 501 510
f 510 501 511
f 504 512 506
f 506 512 501
f 465 467 513
f 465 513 460
f 465 460 461
f 465 461 514
f 514 461 515
f 461 462 515
f 515 462 516
f 462 108 516
f 516 108 192
f 513 517 460
f 460 517 518
f 460 518 519
f 519 520 460
f 460 520 521
f 460 521 455
f 522 523 524
f 525 526 523
f 527 528 526
f 526 528 529
f 528 530 529
f 529 530 531
f 529 531 532
f 532 531 533
f 532 534 529
f 529 534 535
f 529 535 526
f 526 535 536
f 229 489 244
f 244 489 242
f 489 488 242
f 242 488 537
f 242 537 538
f 538 537 241
f 480 484 539
f 539 484 540
f 540 484 508
f 508 484 507
f 507 484 505
f 505 484 541
f 480 539 540
f 480 540 542
f 485 543 544
f 544 545 485
f 485 545 532
f 485 532 488
f 488 532 531
f 488 531 546
f 485 547 543
f 543 547 544
f 547 548 544
f 544 548 549
f 548 550 549
f 467 469 513
f 469 470 513
f 513 470 551
f 551 474 476
f 476 478 551
f 551 478 552
f 478 553 552
f 554 409 555
f 555 409 556
f 554 555 557
f 554 557 558
f 557 559 558
f 558 560 554
f 554 560 561
f 561 560 277
f 277 560 106
f 277 106 276
f 277 276 133
f 549 545 544
f 532 545 534
f 534 545 549
f 549 550 534
f 534 550 562
f 550 548 562
f 562 548 547
f 562 547 447
f 447 547 487
f 562 447 563
f 563 447 446
f 563 446 564
f 564 446 565
f 565 446 566
f 566 446 445
f 526 536 525
f 525 536 523
f 523 536 524
f 524 536 522
f 522 536 567
f 567 536 535
f 535 562 567
f 535 534 562
f 562 563 568
f 568 563 564
f 568 564 565
f 508 509 540
f 540 509 569
f 540 569 542
f 542 569 570
f 542 570 480
f 480 570 481
f 570 571 481
f 481 571 572
f 572 571 573
f 573 571 574
f 571 438 574
f 509 510 569
f 569 575 570
f 575 438 570
f 438 571 570
f 510 511 576
f 510 576 569
f 576 511 577
f 577 511 501
f 577 501 500
f 578 579 580
f 580 579 581
f 579 582 581
f 578 580 583
f 583 580 584
f 584 580 585
f 585 580 581
f 585 581 586
f 586 581 587
f 587 581 588
f 588 581 582
f 424 584 385
f 385 584 585
f 379 587 380
f 587 379 589
f 589 379 385
f 589 385 584
f 520 590 521
f 521 590 420
f 521 420 455
f 455 420 591
f 455 591 592
f 592 591 593
f 592 593 522
f 415 418 425
f 590 520 420
f 420 520 519
f 420 519 518
f 420 518 418
f 418 518 594
f 418 594 425
f 425 594 424
f 584 424 583
f 583 424 578
f 424 594 578
f 578 594 579
f 594 595 579
f 579 595 582
f 582 595 588
f 588 595 587
f 587 595 380
f 380 595 383
f 383 595 384
f 384 595 421
f 421 595 596
f 421 596 597
f 597 598 421
f 421 598 422
f 518 517 594
f 594 517 513
f 594 513 551
f 594 551 552
f 552 553 594
f 594 553 595
f 500 599 577
f 577 599 600
f 577 600 601
f 577 601 602
f 602 601 422
f 602 422 603
f 422 598 603
f 603 598 604
f 604 598 597
f 429 605 427
f 427 605 397
f 422 601 490
f 490 601 491
f 491 601 492
f 600 599 601
f 601 599 606
f 606 607 601
f 601 607 492
f 607 608 492
f 492 608 428
f 428 608 429
f 608 609 429
f 429 609 605
f 605 609 396
f 396 609 610
f 396 610 395
f 395 610 495
f 495 610 496
f 496 610 611
f 496 611 612
f 420 498 591
f 591 498 497
f 591 497 496
f 496 612 591
f 591 612 522
f 591 522 593
f 395 494 394
f 494 493 394
f 394 493 393
f 411 613 614
f 411 614 432
f 432 614 615
f 432 615 433
f 433 615 613
f 433 613 411
f 409 554 413
f 413 554 616
f 616 554 617
f 617 554 482
f 554 561 482
f 482 561 277
f 411 412 413
f 411 413 616
f 482 618 617
f 617 618 616
f 616 618 411
f 411 618 433
f 433 618 482
f 433 482 481
f 433 481 434
f 434 481 619
f 619 481 572
f 619 572 573
f 576 577 569
f 569 577 575
f 577 602 575
f 575 602 439
f 575 439 438
f 438 437 620
f 620 437 621
f 621 437 619
f 621 619 622
f 619 573 622
f 622 573 620
f 437 436 619
f 619 436 435
f 619 435 434
f 438 620 573
f 438 573 574
f 439 602 440
f 440 602 603
f 440 603 441
f 441 603 604
f 441 604 410
f 410 604 409
f 409 604 556
f 604 623 556
f 556 623 555
f 555 623 557
f 557 623 559
f 604 597 624
f 624 597 596
f 596 595 624
f 624 595 553
f 624 553 472
f 472 553 478
f 604 624 623
f 623 624 559
f 624 472 559
f 559 472 558
f 558 472 625
f 558 625 560
f 560 625 626
f 560 626 106
f 106 626 627
f 106 627 107
f 399 628 431
f 431 628 629
f 431 629 402
f 629 630 402
f 402 630 399
f 630 628 399
f 431 448 399
f 399 448 459
f 399 459 631
f 459 448 458
f 458 448 449
f 458 449 457
f 406 400 459
f 459 400 631
f 631 400 399
f 402 401 430
f 401 403 430
f 430 403 444
f 403 404 444
f 444 404 632
f 632 633 444
f 444 633 445
f 445 633 566
f 566 633 565
f 565 633 404
f 565 404 405
f 404 633 634
f 404 634 632
f 407 408 455
f 407 455 592
f 407 592 405
f 405 592 565
f 565 592 568
f 568 592 522
f 568 522 567
f 567 562 568
f 487 547 485
f 485 547 548
f 308 108 309
f 108 109 309
f 309 109 310
f 310 109 118
f 118 635 310
f 310 635 306
f 635 305 306
f 442 486 118
f 118 486 635
f 635 486 305
f 305 486 636
f 636 486 637
f 637 486 485
f 485 486 638
f 638 486 639
f 486 215 639
f 298 640 297
f 297 640 211
f 297 211 107
f 107 211 133
f 133 276 107
f 107 276 106
f 640 300 211
f 300 641 211
f 211 641 278
f 278 641 300
f 278 300 642
f 642 643 278
f 278 643 480
f 278 480 644
f 644 645 278
f 278 645 212
f 278 212 479
f 335 107 646
f 646 107 627
f 646 627 626
f 646 626 647
f 647 626 625
f 647 625 648
f 648 625 472
f 472 471 648
f 639 241 638
f 241 240 638
f 638 240 649
f 649 485 638
f 241 639 538
f 538 639 242
f 242 639 215
f 242 215 229
f 212 645 258
f 258 645 304
f 304 645 650
f 645 312 650
f 312 645 644
f 312 644 302
f 644 480 302
f 480 651 302
f 480 643 651
f 651 643 302
f 302 643 301
f 301 643 642
f 636 637 311
f 311 637 485
f 311 485 649
f 652 305 636
f 653 654 655
f 653 655 656
f 656 657 653
f 653 657 658
f 654 653 659
f 659 653 660
f 660 653 661
f 661 653 658
f 661 658 662
f 662 663 661
f 664 665 666
f 666 665 667
f 667 665 668
f 667 668 669
f 390 387 587
f 587 387 586
f 586 387 585
f 585 387 584
f 584 387 389
f 584 389 589
f 589 389 390
f 589 390 587
f 670 671 672
f 672 671 463
f 672 463 673
f 463 674 675
f 675 674 676
f 463 671 674
f 677 676 678
f 677 678 471
f 647 648 679
f 647 679 680
f 680 679 297
f 680 297 335
f 297 679 298
f 298 679 681
f 298 681 640
f 640 681 300
f 647 680 646
f 646 680 335
f 678 682 683
f 683 682 684
f 683 684 685
f 685 684 686
f 685 686 300
f 686 684 687
f 687 684 688
f 684 682 688
f 688 689 690
f 688 690 687
f 687 690 686
f 678 683 471
f 471 683 648
f 648 683 679
f 679 683 691
f 679 691 681
f 681 691 300
f 300 691 685
f 685 691 683
f 306 305 310
f 310 305 692
f 310 692 309
f 309 692 693
f 309 693 694
f 694 693 695
f 673 695 672
f 672 695 693
f 672 693 696
f 696 693 697
f 696 697 698
f 698 697 692
f 698 692 305
f 693 692 697
f 695 699 694
f 694 699 308
f 694 308 309
f 464 463 675
f 464 675 466
f 466 675 468
f 468 675 470
f 470 675 676
f 470 676 551
f 551 676 677
f 551 677 474
f 474 677 475
f 475 677 477
f 477 677 471
f 477 471 473
f 673 463 465
f 673 465 514
f 673 514 695
f 695 514 515
f 695 515 516
f 695 516 699
f 699 516 192
f 699 192 308
f 664 700 665
f 665 700 701
f 665 701 668
f 668 701 702
f 668 702 703
f 700 664 666
f 700 666 704
f 704 666 705
f 704 705 706
f 704 706 707
f 707 706 649
f 707 649 708
f 708 649 240
f 708 240 241
f 241 537 708
f 708 537 700
f 708 700 707
f 707 700 704
f 700 537 701
f 701 537 702
f 546 531 709
f 709 531 710
f 531 530 710
f 710 530 528
f 710 528 711
f 711 528 712
f 712 528 527
f 712 527 526
f 526 525 712
f 712 525 523
f 712 523 522
f 712 522 713
f 713 522 612
f 713 612 714
f 714 612 611
f 714 611 610
f 714 610 715
f 715 610 609
f 715 609 716
f 716 609 608
f 716 608 607
f 607 606 716
f 716 606 717
f 606 599 717
f 717 599 718
f 718 599 500
f 718 500 499
f 718 499 719
f 719 499 501
f 719 501 512
f 512 504 719
f 719 504 720
f 504 721 720
f 541 484 722
f 722 484 721
f 720 721 484
f 484 723 724
f 724 723 660
f 724 660 725
f 725 660 661
f 725 661 663
f 663 662 725
f 725 662 658
f 725 658 719
f 719 658 718
f 718 658 717
f 658 726 717
f 717 726 716
f 726 727 716
f 716 727 715
f 727 728 715
f 715 728 714
f 728 668 714
f 714 668 713
f 713 668 712
f 712 668 711
f 668 703 711
f 711 703 702
f 711 702 729
f 729 702 537
f 729 537 730
f 730 537 488
f 730 488 729
f 729 488 546
f 729 546 709
f 709 710 729
f 729 710 711
f 719 720 725
f 725 720 724
f 724 720 484
f 484 483 723
f 723 483 304
f 723 304 312
f 312 304 650
f 312 731 723
f 723 731 732
f 723 732 660
f 660 732 733
f 483 258 304
f 504 503 721
f 721 503 505
f 721 505 541
f 541 722 721
f 657 656 734
f 734 656 735
f 735 656 736
f 735 736 737
f 737 736 738
f 738 736 739
f 739 736 740
f 739 740 741
f 741 689 739
f 740 736 742
f 742 736 655
f 656 655 736
f 743 744 745
f 745 744 746
f 745 746 747
f 747 746 748
f 747 749 745
f 744 750 746
f 746 750 666
f 746 666 667
f 746 667 748
f 667 669 748
f 669 668 748
f 748 668 728
f 737 738 735
f 735 738 751
f 735 751 752
f 752 751 753
f 752 753 754
f 754 753 755
f 754 755 749
f 735 752 734
f 734 752 657
f 657 752 658
f 658 752 726
f 726 752 727
f 752 754 727
f 727 754 728
f 728 754 748
f 748 754 749
f 748 749 747
f 738 678 751
f 751 678 676
f 751 676 753
f 753 676 755
f 755 676 674
f 745 749 674
f 745 674 671
f 674 749 755
f 743 756 757
f 757 756 652
f 652 756 305
f 305 756 698
f 698 756 758
f 756 743 758
f 758 743 670
f 758 670 759
f 758 759 698
f 698 759 696
f 696 759 672
f 672 759 670
f 743 757 628
f 743 628 760
f 628 757 761
f 760 630 743
f 743 630 762
f 743 762 763
f 763 762 764
f 763 764 765
f 743 763 744
f 744 763 766
f 744 766 767
f 766 763 768
f 767 769 744
f 744 769 770
f 744 770 750
f 750 770 771
f 750 771 772
f 772 771 311
f 750 772 666
f 666 772 649
f 666 649 705
f 705 649 706
f 745 671 743
f 743 671 670
f 642 773 615
f 642 615 774
f 642 774 775
f 642 775 301
f 301 776 302
f 300 686 642
f 686 690 642
f 642 690 773
f 690 689 773
f 773 689 741
f 773 741 613
f 613 741 777
f 777 741 614
f 614 741 740
f 614 740 778
f 778 740 774
f 778 774 615
f 613 779 773
f 773 779 615
f 688 682 689
f 738 739 678
f 678 739 682
f 682 739 689
f 775 774 780
f 780 774 781
f 774 740 781
f 781 740 782
f 782 740 783
f 783 740 742
f 783 742 784
f 784 742 776
f 784 776 301
f 742 655 776
f 776 655 302
f 655 785 302
f 785 786 302
f 302 786 731
f 302 731 312
f 731 786 732
f 732 786 785
f 732 785 733
f 733 785 655
f 733 655 654
f 733 654 659
f 733 659 660
f 768 763 311
f 311 649 772
f 763 765 311
f 311 765 761
f 636 311 652
f 652 311 757
f 311 761 757
f 393 493 787
f 493 428 787
f 787 428 788
f 428 426 788
f 426 398 788
f 788 398 789
f 398 393 789
f 789 393 787
f 397 605 790
f 790 605 791
f 791 605 396
f 791 396 392
f 791 392 391
f 791 391 792
f 792 391 397
f 792 397 790
f 356 793 358
f 358 793 794
f 358 794 795
f 795 794 354
f 354 794 305
f 305 794 796
f 305 796 311
f 311 796 797
f 311 797 317
f 317 797 798
f 798 799 317
f 317 799 793
f 317 793 356
f 81 56 53
f 81 53 800
f 800 53 52
f 800 52 66
f 800 66 81
f 61 63 52
f 52 63 66
f 801 370 122
f 122 370 124
f 370 369 124
f 124 369 125
f 369 368 125
f 125 368 122
f 122 368 367
f 122 367 801
f 802 373 129
f 373 366 129
f 129 366 132
f 366 365 132
f 132 365 130
f 365 364 130
f 364 802 130
f 130 802 129
f 358 803 147
f 147 803 150
f 150 803 148
f 803 804 148
f 804 355 148
f 148 355 147
f 355 357 147
f 357 358 147
f 798 805 294
f 294 805 295
f 295 805 293
f 805 794 293
f 794 793 293
f 793 799 293
f 293 799 294
f 799 798 294
f 355 804 353
f 353 804 803
f 353 803 354
f 354 803 795
f 795 803 358
f 794 805 796
f 796 805 797
f 797 805 798
f 374 802 363
f 802 364 363
f 373 802 374
f 371 801 372
f 801 367 372
f 370 801 371
f 791 792 787
f 792 790 787
f 787 790 789
f 789 790 788
f 790 791 788
f 788 791 787
f 783 620 782
f 620 621 782
f 782 621 781
f 781 621 780
f 621 622 780
f 780 622 775
f 622 620 775
f 775 620 806
f 806 620 783
f 807 633 768
f 633 632 768
f 768 632 766
f 766 632 767
f 767 632 769
f 769 632 634
f 769 634 807
f 634 633 807
f 783 784 806
f 806 784 301
f 301 775 806
f 613 615 779
f 613 777 614
f 614 778 615
f 628 761 765
f 628 765 629
f 629 765 764
f 629 764 762
f 629 762 630
f 630 760 628
f 768 311 807
f 807 311 771
f 807 771 770
f 807 770 769
f 768 311 766
f 808 809 810
f 811 808 812
f 812 808 813
f 808 814 813
f 813 814 810
f 815 816 817
f 817 816 813
f 816 809 813
f 813 809 814
f 818 819 820
f 820 819 821
f 819 822 821
f 821 822 823
f 822 824 823
f 823 824 825
f 824 818 825
f 825 818 820
f 826 827 828
f 828 827 829
f 830 823 831
f 831 823 829
f 831 832 830
f 830 832 823
f 828 829 826
f 826 829 827
f 829 828 820
f 830 833 823
f 823 833 821
f 834 835 820
f 820 835 825
f 820 821 834
f 834 821 828
f 834 821 831
f 831 821 833
f 823 825 830
f 830 825 826
f 826 825 835
f 823 821 831
f 832 831 821
f 818 809 810
f 818 810 819
f 819 810 822
f 810 809 814
f 809 818 824
f 809 824 822
f 809 822 814
f 814 822 810
f 829 823 827
f 829 827 832
f 829 827 825
f 829 825 820
f 820 821 829
f 829 821 832
f 825 827 823
f 827 823 832
f 836 837 838
f 838 837 839
f 837 840 839
f 839 840 841
f 840 842 841
f 841 842 843
f 842 844 843
f 843 844 845
f 844 846 845
f 847 848 836
f 836 848 849
f 848 111 849
f 849 111 837
f 837 111 850
f 850 111 851
f 850 851 840
f 840 851 852
f 851 516 852
f 852 516 842
f 516 461 842
f 842 461 853
f 853 461 844
f 844 461 854
f 461 855 854
f 854 855 856
f 854 856 846
f 857 856 858
f 858 856 859
f 856 857 860
f 857 858 144
f 858 859 144
f 144 859 400
f 859 856 400
f 400 856 860
f 860 857 400
f 400 857 144
f 861 862 863
f 863 862 864
f 864 862 830
f 830 862 865
f 862 861 865
f 865 861 866
f 861 863 866
f 866 863 867
f 865 866 830
f 830 866 867
f 863 864 867
f 867 864 830
f 84 83 86
f 86 868 87
f 87 868 84
f 84 869 83
f 869 86 83
f 870 871 872
f 872 873 870
f 870 873 869
f 869 873 874
f 873 872 874
f 874 872 868
f 872 871 868
f 868 871 875
f 871 870 875
f 875 870 869
f 868 875 84
f 875 869 84
f 869 874 86
f 874 868 86
f 876 877 878
f 877 876 879
f 878 880 876
f 877 881 878
f 878 881 880
f 877 879 881
f 882 883 884
f 884 883 885
f 886 887 888
f 887 886 889
f 888 890 886
f 887 891 888
f 888 891 890
f 887 889 891
f 892 893 894
f 894 893 895
f 896 897 898
f 898 897 899
f 897 900 899
f 899 900 901
f 900 902 901
f 901 902 903
f 902 896 903
f 903 896 898
f 901 880 899
f 899 880 898
f 901 903 879
f 903 898 879
f 879 898 881
f 881 898 880
f 880 901 876
f 876 901 879
f 896 902 878
f 878 902 877
f 902 900 877
f 877 900 876
f 900 897 876
f 897 896 878
f 882 884 878
f 878 884 897
f 884 885 897
f 897 885 876
f 885 883 876
f 876 883 877
f 883 882 877
f 877 882 878
f 904 905 906
f 906 905 907
f 905 908 907
f 907 908 909
f 908 910 909
f 909 910 911
f 910 904 911
f 911 904 906
f 909 890 907
f 907 890 906
f 909 911 889
f 911 906 889
f 889 906 891
f 891 906 890
f 890 909 886
f 886 909 889
f 904 910 888
f 888 910 887
f 910 908 887
f 887 908 886
f 908 905 886
f 905 904 888
f 892 894 888
f 888 894 905
f 894 895 905
f 905 895 886
f 895 893 886
f 886 893 887
f 893 892 887
f 887 892 888
f 912 913 914
f 914 913 861
f 861 913 866
f 913 912 866
f 866 912 914
f 914 861 866
f 783 301 782
f 775 780 781
f 358 354 357
f 354 353 357
f 797 796 799
f 796 793 799
f 770 769 311
f 767 766 768
f 629 630 761
f 630 628 761
f 373 366 363
f 366 364 363
f 370 369 372
f 614 615 777
f 615 613 777
f 915 916 917
f 918 915 917
f 588 919 583
f 920 588 583
f 301 775 781
f 301 781 782
f 769 767 768
f 769 768 311
f 630 628 629
f 629 628 761
f 369 367 372
f 615 613 614
f 790 915 917
f 917 916 790
f 584 587 921
f 921 587 583
f 587 922 583
f 583 922 588
f 587 584 588
f 588 584 583
f 583 919 921
f 921 919 584
f 588 920 587
f 923 924 925
f 925 924 926
f 927 928 929
f 930 931 929
f 931 927 929
f 932 928 930
f 932 929 928
f 929 932 931
f 932 930 929
f 933 934 935
f 935 934 936
f 937 938 939
f 940 941 939
f 941 937 939
f 942 938 940
f 942 939 938
f 939 942 941
f 942 940 939
f 943 944 945
f 945 944 946
f 947 948 949
f 950 951 949
f 951 947 949
f 952 948 950
f 952 949 948
f 949 952 951
f 952 950 949
f 953 954 955
f 955 954 956
f 957 958 959
f 960 961 959
f 961 957 959
f 962 958 960
f 962 959 958
f 959 962 961
f 962 960 959
f 566 963 964
f 965 966 964
f 966 566 964
f 566 967 963
f 963 967 964
f 965 964 967
f 968 401 969
f 969 401 631
f 631 970 969
f 969 970 968
f 968 970 401
f 401 971 969
f 971 631 969
f 972 973 412
f 412 974 972
f 972 974 973
f 974 436 975
f 975 436 973
f 436 432 975
f 975 432 973
f 973 432 435
f 432 412 435
f 973 435 412
f 975 973 974
f 976 977 978
f 977 574 978
f 574 979 978
f 976 978 979
f 587 920 585
f 920 583 585
f 585 583 584
f 584 919 589
f 919 588 589
f 589 588 922
f 589 922 587
f 915 918 980
f 980 918 605
f 918 917 605
f 605 917 790
f 790 916 792
f 916 915 792
f 792 915 980
f 801 367 368
f 367 369 368
f 370 372 801
f 802 364 365
f 364 366 365
f 366 373 802
f 373 363 802
f 768 766 807
f 767 769 766
f 766 769 981
f 769 770 981
f 981 770 807
f 770 311 807
f 793 796 805
f 797 799 805
f 357 353 355
f 353 354 355
f 355 354 803
f 354 358 803
f 358 357 803
f 781 780 782
f 301 783 775
f 775 783 806
f 783 782 806
f 806 982 983
f 775 806 780
f 806 983 780
f 780 983 782
f 782 983 806
f 803 984 804
f 804 984 357
f 357 984 803
f 803 804 355
f 355 804 357
f 805 985 986
f 986 985 799
f 799 985 805
f 805 986 793
f 793 986 799
f 807 987 981
f 766 981 807
f 628 988 629
f 366 989 990
f 990 989 802
f 802 989 366
f 366 990 365
f 365 990 802
f 369 991 368
f 368 991 801
f 801 991 369
f 370 801 369
f 613 992 614
f 993 994 995
f 993 994 996
f 791 994 792
f 791 792 980
f 980 605 791
f 791 790 994
f 994 790 996
f 790 792 996
f 996 792 994
f 997 998 999
f 997 998 1000
f 587 998 589
f 587 585 1001
f 1001 585 584
f 587 1001 998
f 1001 584 998
f 998 584 1000
f 584 589 1000
f 1000 589 998
f 924 932 926
f 926 932 925
f 925 932 923
f 923 932 924
f 930 928 1002
f 931 930 1002
f 1002 932 931
f 932 1003 931
f 931 1003 927
f 1003 932 927
f 927 932 928
f 928 932 1002
f 934 942 936
f 936 942 935
f 935 942 933
f 933 942 934
f 942 1004 1005
f 940 938 1006
f 941 940 1006
f 942 1005 1006
f 1006 1005 941
f 1005 1004 941
f 941 1004 937
f 1004 942 937
f 937 942 938
f 938 942 1006
f 944 952 946
f 946 952 945
f 945 952 943
f 943 952 944
f 950 948 1007
f 951 950 1007
f 1008 952 1007
f 1007 952 951
f 951 952 947
f 947 952 948
f 952 1008 948
f 948 1008 1007
f 954 962 956
f 956 962 955
f 955 962 953
f 953 962 954
f 962 1009 1010
f 960 958 1011
f 961 960 1011
f 1009 962 1011
f 1011 962 961
f 961 962 957
f 962 1010 957
f 957 1010 958
f 1010 1009 958
f 958 1009 1011
f 1012 964 1013
f 967 566 964
f 401 970 1014
f 971 401 1014
f 1015 968 1016
f 631 971 968
f 971 1014 968
f 1014 970 968
f 970 631 968
f 432 436 435
f 1017 973 1018
f 435 436 973
f 436 974 973
f 974 412 973
f 1019 978 1020
f 1021 1022 1023
f 1022 1024 1023
f 1025 1021 53
f 53 1021 1026
f 1021 1023 1026
f 53 1027 1025
f 1025 1027 1028
f 1027 66 1028
f 1028 66 1029
f 66 62 1029
f 1029 62 1030
f 1031 1025 1032
f 1032 1025 1033
f 1032 1033 1034
f 1025 1028 1033
f 1033 1028 1029
f 1033 1029 1030
f 1030 1035 1033
f 1036 1037 1038
f 1038 1037 1039
f 1039 1037 1040
f 1041 1042 1043
f 1043 1042 1044
f 1043 1044 1045
f 1044 1042 1046
f 1042 1047 1046
f 1046 1047 1040
f 1046 1040 1037
f 1046 1037 1048
f 934 1042 1041
f 934 1041 936
f 936 1041 924
f 936 924 923
f 936 923 935
f 935 923 1049
f 935 1049 933
f 923 925 1049
f 1049 925 1050
f 925 926 1050
f 1050 926 1041
f 1041 926 924
f 934 942 1051
f 1051 942 933
f 933 1049 1051
f 1047 1042 1052
f 1052 1042 1053
f 1053 1042 1051
f 1053 1051 1049
f 1042 934 1051
f 1053 1049 1052
f 1054 1049 1050
f 1054 1050 1055
f 1049 1054 1052
f 1052 1054 1056
f 1045 1044 67
f 67 1044 1057
f 1044 1046 1057
f 1057 1046 1058
f 1046 1048 1058
f 1058 1048 1059
f 1048 1037 1059
f 1059 1037 1060
f 1045 67 1043
f 1043 67 1061
f 1043 1061 76
f 1043 76 1041
f 67 1057 1061
f 1061 1057 1052
f 1061 1052 1053
f 1061 1053 76
f 76 1053 1056
f 1056 1053 1052
f 1056 1062 76
f 1052 1057 1063
f 1063 1057 1058
f 1063 1058 1064
f 1064 1058 1059
f 1064 1059 1065
f 1065 1059 878
f 1065 878 391
f 391 878 888
f 391 888 1066
f 1066 910 391
f 391 910 1067
f 910 1068 1067
f 1067 1068 1069
f 1068 886 1069
f 1069 886 66
f 1069 66 1027
f 1069 1027 1070
f 1070 1027 53
f 1070 53 1071
f 1071 53 1026
f 1071 1026 1072
f 66 886 62
f 62 886 876
f 876 897 62
f 62 897 1060
f 897 878 1060
f 1060 878 1059
f 876 886 1073
f 886 905 1073
f 1073 905 902
f 905 888 902
f 902 888 1074
f 1074 888 878
f 1052 1063 1047
f 1047 1063 1040
f 1063 1064 1040
f 1040 1064 1039
f 1064 1065 1039
f 1039 1065 1038
f 1065 391 1038
f 1038 391 1036
f 1055 1050 1062
f 1062 1050 1041
f 1041 76 1062
f 1072 1024 1071
f 1071 1024 1022
f 1071 1022 1031
f 1071 1031 1070
f 1070 1031 1032
f 1070 1032 1034
f 1070 1034 1069
f 1069 1034 1033
f 1069 1033 1067
f 1060 1037 1035
f 1060 1035 62
f 62 1035 1030
f 1067 1033 1036
f 1067 1036 391
f 953 946 954
f 954 946 1031
f 954 1031 956
f 956 1031 1022
f 956 1022 955
f 955 1022 1021
f 955 1021 953
f 953 1021 945
f 953 945 946
f 945 1021 943
f 943 1021 1025
f 943 1025 944
f 944 1025 1031
f 944 1031 946
f 1075 1035 1076
f 1076 1035 1077
f 1077 1035 1078
f 1035 1037 1078
f 1078 1037 1079
f 1079 1037 1036
f 1079 1036 1076
f 1076 1036 1075
f 1075 1036 1080
f 1036 1033 1080
f 1080 1033 1081
f 1081 1033 1035
f 1081 1035 1082
f 1082 1035 1075
f 942 932 1056
f 1056 1054 942
f 1054 1055 942
f 942 1055 932
f 1055 1062 932
f 1062 1056 932
f 1080 1081 910
f 910 1081 1068
f 1068 1081 886
f 1081 1082 886
f 1082 1075 886
f 886 1075 905
f 905 1075 888
f 1075 1080 888
f 888 1080 1066
f 1066 1080 910
f 902 1076 1073
f 1076 1077 1073
f 1073 1077 876
f 1077 1078 876
f 876 1078 897
f 897 1078 878
f 1078 1079 878
f 1079 1076 878
f 878 1076 1074
f 1074 1076 902
f 952 962 1026
f 1026 1023 952
f 1023 1024 952
f 952 1024 962
f 1024 1072 962
f 1072 1026 962
f 455 460 400
f 400 460 1083
f 460 1084 1083
f 1083 1084 1085
f 1084 1086 1085
f 1085 1086 109
f 108 1087 1088
f 1088 1087 1089
f 1088 1089 1086
f 1086 1089 109
f 1089 1090 109
f 109 1090 112
f 1090 114 112
f 112 114 113
f 114 1091 113
f 113 1091 1092
f 113 1092 144
f 1089 1087 851
f 1087 108 851
f 108 1088 516
f 1088 1086 516
f 516 1086 515
f 1086 1084 515
f 108 516 851
f 1089 851 111
f 1089 111 1090
f 1090 111 848
f 1090 848 114
f 114 848 1091
f 848 847 1091
f 1091 847 144
f 1091 144 145
f 516 515 461
f 515 1084 461
f 461 1084 460
f 461 460 855
f 855 460 455
f 855 455 856
f 856 455 859
f 455 400 859
f 847 836 144
f 144 836 838
f 144 838 1093
f 144 1093 113
f 113 1093 1094
f 113 1094 839
f 113 839 112
f 112 839 841
f 112 841 109
f 109 841 843
f 109 843 1085
f 1085 843 1095
f 1085 1095 1083
f 1083 845 846
f 1083 846 856
f 1083 856 859
f 1083 859 400
f 144 1092 145
f 1092 1091 145
f 845 1083 1095
f 1095 843 845
f 843 1096 841
f 841 1097 839
f 1094 1093 839
f 839 1093 838
f 852 842 840
f 850 840 837
f 837 836 849
f 842 853 844
f 844 854 846
f 1098 1099 1100
f 1098 1100 1101
f 1102 1103 1104
f 1102 1104 1105
f 1106 1107 1108
f 1108 1107 1109
f 1107 1106 1109
f 1109 1106 1108
f 1110 1111 1112
f 1112 1111 1113
f 1111 1110 1113
f 1113 1110 1112
f 3 270 1114
f 3 1114 1115
f 1115 1114 1116
f 1116 1114 10
f 10 1114 270
f 5 3 8
f 8 3 1117
f 3 1115 1117
f 1117 1115 1118
f 1115 1116 1118
f 1118 1116 1119
f 1116 10 1119
f 1119 10 12
f 1119 12 15
f 15 1119 1120
f 1119 1120 1118
f 1118 1120 1121
f 1118 1121 1117
f 1117 1121 8
f 2 3 5
f 2 5 4
f 4 5 8
f 4 8 7
f 1 270 3
f 270 9 10
f 10 11 13
f 10 13 12
f 12 13 16
f 12 16 15
f 8 1117 7
f 7 1117 225
f 1117 1118 225
f 225 1118 196
f 1118 1119 196
f 196 1119 195
f 1119 15 195
f 195 15 16
f 7 225 2
f 2 225 1
f 225 196 1
f 1 196 270
f 196 195 270
f 270 195 9
f 195 16 9
f 9 16 11
f 1122 1123 831
f 831 1123 830
f 1123 1122 830
f 830 1122 831
f 1124 1125 1126
f 1126 1125 1127
f 1125 1124 1128
f 1128 1124 1129
f 1124 1126 1129
f 1129 1126 1130
f 1126 1127 1130
f 1130 1127 1131
f 1127 1125 1131
f 1131 1125 1128
f 1128 1129 1131
f 1131 1129 1130
f 1132 1133 1124
f 1124 1133 1125
f 1133 1132 1134
f 1134 1132 1135
f 1132 1124 1135
f 1135 1124 1129
f 1124 1125 1129
f 1129 1125 1128
f 1125 1133 1128
f 1128 1133 1134
f 1134 1135 1128
f 1128 1135 1129
f 1136 1137 1138
f 1138 1137 1139
f 1137 1136 1140
f 1140 1136 1141
f 1136 1138 1141
f 1141 1138 1142
f 1138 1139 1142
f 1142 1139 1143
f 1139 1137 1143
f 1143 1137 1140
f 1140 1141 1143
f 1143 1141 1142
f 1112 1144 1145
f 1145 1144 1146
f 1144 1112 1147
f 1112 1145 1148
f 1145 1146 1148
f 1148 1146 1149
f 1146 1144 1149
f 1149 1144 1147
f 1147 1112 1149
f 1149 1112 1148
f 1150 1151 1152
f 1152 1151 1153
f 1153 1151 1140
f 1140 1151 1154
f 1151 1150 1154
f 1154 1150 1155
f 1150 1152 1155
f 1155 1152 1156
f 1154 1155 1140
f 1140 1155 1156
f 1152 1153 1156
f 1156 1153 1140
f 1157 1158 1159
f 1159 1158 1160
f 1158 1157 1161
f 1161 1157 1162
f 1157 1159 1162
f 1162 1159 1163
f 1159 1160 1163
f 1163 1160 1105
f 1160 1158 1105
f 1105 1158 1161
f 1161 1162 1105
f 1105 1162 1163
f 1164 95 1165
f 1165 95 1166
f 95 1164 96
f 96 1164 1167
f 1164 1165 1167
f 1167 1165 1168
f 1165 1166 1168
f 1168 1166 1169
f 1166 95 1169
f 1169 95 96
f 96 1167 1169
f 1169 1167 1168
f 1170 1171 1172
f 1172 1171 1173
f 1171 1170 1174
f 1174 1170 1175
f 1170 1172 1175
f 1175 1172 1176
f 1172 1173 1176
f 1176 1173 1177
f 1173 1171 1177
f 1177 1171 1174
f 1174 1175 1177
f 1177 1175 1176
f 95 92 1166
f 1166 92 1178
f 92 95 90
f 90 95 1179
f 95 1166 1179
f 1179 1166 1169
f 1166 1178 1169
f 1169 1178 1180
f 1178 92 1180
f 1180 92 90
f 90 1179 1180
f 1180 1179 1169
f 862 1181 1170
f 1170 1181 1171
f 1181 862 1182
f 1182 862 865
f 862 1170 865
f 865 1170 1175
f 1170 1171 1175
f 1175 1171 1174
f 1171 1181 1174
f 1174 1181 1182
f 1182 865 1174
f 1174 865 1175
f 1183 1184 1185
f 1185 1184 1099
f 1184 1183 1186
f 1186 1183 1187
f 1183 1185 1187
f 1187 1185 1188
f 1185 1099 1188
f 1099 1184 1186
f 1186 1187 1099
f 1099 1187 1188
f 1185 1099 1165
f 1165 1099 1098
f 1185 1165 1188
f 1188 1165 1168
f 1165 1098 1168
f 1099 1188 1098
f 1098 1188 1168
f 1184 1189 1099
f 1099 1189 1190
f 1189 1184 1191
f 1191 1184 1186
f 1099 1190 1192
f 1190 1189 1192
f 1192 1189 1191
f 1191 1186 1192
f 1192 1186 1099
f 1193 1194 861
f 861 1194 1195
f 1194 1193 1196
f 1196 1193 1197
f 1193 861 1197
f 1197 861 866
f 861 1195 866
f 866 1195 1198
f 1195 1194 1198
f 1198 1194 1196
f 1196 1197 1198
f 1198 1197 866
f 1190 1199 1200
f 1200 1199 1201
f 1199 1190 1202
f 1202 1190 1192
f 1190 1200 1192
f 1192 1200 1203
f 1200 1201 1203
f 1203 1201 1204
f 1201 1199 1204
f 1204 1199 1202
f 1202 1192 1204
f 1204 1192 1203
f 1139 1205 1206
f 1206 1205 1207
f 1205 1139 1208
f 1208 1139 1143
f 1139 1206 1143
f 1143 1206 1209
f 1206 1207 1209
f 1209 1207 1108
f 1207 1205 1108
f 1108 1205 1208
f 1208 1143 1108
f 1108 1143 1209
f 1210 1211 1212
f 1212 1211 1178
f 1211 1210 1187
f 1187 1210 1186
f 1210 1212 1186
f 1186 1212 1213
f 1212 1178 1213
f 1213 1178 1180
f 1178 1211 1180
f 1180 1211 1187
f 1187 1186 1180
f 1180 1186 1213
f 863 1214 1150
f 1150 1214 1215
f 1214 863 1216
f 1216 863 867
f 863 1150 867
f 867 1150 1155
f 1150 1215 1155
f 1155 1215 1217
f 1215 1214 1217
f 1217 1214 1216
f 1216 867 1217
f 1217 867 1155
f 1218 1219 1220
f 1220 1219 1221
f 1220 1221 1222
f 1220 1222 1223
f 1223 1222 1128
f 1223 1128 1219
f 1219 1128 1224
f 1219 1224 1221
f 1225 56 1219
f 1219 56 1223
f 1223 56 1226
f 1226 56 70
f 56 1225 54
f 1225 1219 1179
f 1219 1218 1179
f 1226 70 71
f 70 56 71
f 71 56 54
f 54 1225 71
f 71 1225 1223
f 71 1223 1226
f 1225 1179 1223
f 1223 1179 869
f 1223 869 875
f 1223 875 1220
f 1220 875 868
f 1220 868 1218
f 1218 868 874
f 1218 874 869
f 1179 1218 869
f 834 828 826
f 834 826 835
f 834 828 1227
f 834 831 828
f 828 831 826
f 1227 831 833
f 826 828 830
f 830 826 831
f 833 830 831
f 826 835 1228
f 830 1228 1229
f 1128 874 1224
f 1224 874 868
f 1224 868 1221
f 1221 868 875
f 1221 875 1222
f 1222 875 869
f 1222 869 1128
f 1128 869 874
f 211 278 479
f 211 479 212
f 1230 1231 1232
f 1233 1234 574
f 574 1234 1056
f 1235 1062 121
f 121 1062 1236
f 1237 1238 1239
f 1239 1238 1240
f 1239 1240 1241
f 1239 1241 1242
f 1242 1241 1243
f 1242 1243 202
f 202 1243 575
f 202 575 1244
f 202 1244 1245
f 1245 1244 1246
f 1245 1246 1247
f 1245 1247 1248
f 1245 1248 1249
f 1249 1250 1245
f 1245 1250 1062
f 1250 1003 1062
f 1062 1003 1236
f 1236 1003 1234
f 1234 1003 1056
f 1056 1003 1004
f 1004 1251 1056
f 1056 1251 1244
f 1251 1252 1244
f 1244 1252 1246
f 1246 1252 1247
f 1252 1253 1247
f 1247 1253 1248
f 1253 1005 1248
f 1248 1005 1254
f 1005 1004 1254
f 1254 1004 1003
f 1243 1255 575
f 575 1255 1256
f 575 1256 1257
f 575 1257 1258
f 1258 1257 1259
f 1258 1259 1238
f 1238 1259 1240
f 1260 1261 1262
f 1235 121 1263
f 121 1236 1263
f 1245 1264 202
f 1236 1234 1265
f 1234 1233 1265
f 1233 574 1266
f 574 1056 1266
f 1244 575 1267
f 277 1268 1269
f 1269 1268 1270
f 1269 1270 1271
f 1269 1271 554
f 554 1271 1272
f 554 1272 1273
f 1268 131 1270
f 1270 131 1274
f 1274 131 1275
f 1275 131 1264
f 1275 1264 1276
f 1276 1264 989
f 1275 1276 1273
f 1273 1276 989
f 1273 989 554
f 554 989 992
f 1264 131 202
f 202 131 74
f 202 74 136
f 202 136 1277
f 202 1277 1242
f 1242 1277 1278
f 1242 1278 1239
f 1239 1278 1279
f 1239 1279 1237
f 1237 1279 212
f 1237 212 479
f 479 1280 1237
f 1237 1280 1238
f 1280 509 1238
f 1238 509 569
f 1238 569 1258
f 1258 569 570
f 1258 570 575
f 575 570 1267
f 1267 570 571
f 1267 571 438
f 438 1281 1267
f 1267 1281 554
f 554 561 1269
f 1269 561 277
f 277 133 1268
f 133 134 1268
f 1268 134 131
f 136 74 135
f 941 1261 481
f 481 1261 278
f 481 278 572
f 572 278 1282
f 1282 278 1283
f 1283 278 1232
f 1232 278 1230
f 1230 278 277
f 278 1261 479
f 479 1261 1260
f 479 1260 1280
f 277 561 1230
f 1230 561 554
f 1230 554 1284
f 1284 554 1285
f 133 1230 134
f 134 1230 1286
f 134 1286 131
f 131 1286 1287
f 131 1287 1231
f 928 927 137
f 137 927 136
f 137 136 135
f 137 135 128
f 128 135 119
f 135 74 119
f 119 74 1288
f 1288 74 122
f 1288 122 129
f 129 122 132
f 1288 129 1231
f 1231 129 130
f 1231 130 131
f 132 122 131
f 131 122 125
f 131 125 74
f 74 125 124
f 74 124 122
f 927 1289 136
f 136 1289 931
f 136 931 1290
f 1290 931 1262
f 931 1291 1262
f 1262 1291 1002
f 1262 1002 928
f 136 1290 1277
f 1277 1290 1292
f 1277 1292 1278
f 1278 1292 1260
f 1278 1260 1279
f 1262 1261 1255
f 1262 1255 1243
f 1262 1243 1290
f 1290 1243 1241
f 1290 1241 1292
f 1292 1241 1240
f 1292 1240 1260
f 1260 1240 1259
f 1260 1259 1293
f 1293 1259 1294
f 1259 1257 1294
f 1294 1257 1295
f 1257 1256 1295
f 1295 1256 1296
f 1296 1256 1297
f 1297 1256 1255
f 1297 1255 1261
f 211 212 133
f 133 212 1230
f 119 1288 128
f 128 1288 1231
f 128 1231 137
f 1231 1230 137
f 137 1230 212
f 137 212 928
f 1262 928 212
f 1262 212 1260
f 212 1279 1260
f 1280 1260 509
f 509 1260 1293
f 509 1293 1294
f 1294 1295 509
f 509 1295 569
f 1295 1296 569
f 569 1296 1297
f 569 1297 1006
f 1006 1297 1261
f 1006 1261 941
f 1006 1298 569
f 569 1298 938
f 569 938 570
f 570 938 1299
f 570 1299 481
f 481 1299 937
f 481 937 941
f 481 572 570
f 570 572 571
f 1265 1233 1236
f 1236 1233 1263
f 1245 1062 1264
f 1267 554 1244
f 1244 554 1056
f 1056 554 978
f 1056 978 1266
f 1266 978 1233
f 1233 978 1263
f 1263 978 1235
f 1235 978 982
f 1235 982 991
f 991 982 973
f 991 973 992
f 992 973 554
f 554 973 978
f 992 989 991
f 991 989 1264
f 991 1264 1062
f 991 1062 1235
f 973 982 978
f 451 453 450
f 450 453 1300
f 450 1300 1301
f 1301 1302 450
f 450 1302 443
f 486 215 1303
f 1304 1305 562
f 562 1305 404
f 562 404 563
f 563 404 564
f 1305 1306 404
f 404 1306 456
f 456 1306 1083
f 1083 1306 843
f 1083 843 1085
f 1085 843 841
f 1085 841 118
f 118 841 839
f 118 839 1307
f 1307 839 1093
f 1307 1093 113
f 113 1093 1308
f 113 1308 116
f 116 1308 58
f 58 1308 153
f 153 1308 154
f 154 1308 159
f 159 1308 1309
f 159 1309 1310
f 1310 1309 1311
f 1310 1311 1312
f 1312 1311 1313
f 1312 1313 1314
f 1312 1314 1303
f 1303 1314 1315
f 1303 1315 486
f 486 1315 534
f 1315 1316 534
f 534 1316 1304
f 534 1304 562
f 451 450 456
f 451 456 1083
f 451 1083 453
f 453 1083 1085
f 453 1085 109
f 109 1085 118
f 109 118 1307
f 109 1307 112
f 112 1307 113
f 115 113 116
f 113 117 1317
f 113 1317 112
f 112 1317 1318
f 112 1318 1319
f 1317 117 1320
f 1319 118 112
f 109 442 453
f 453 442 1300
f 442 1321 1300
f 442 118 215
f 442 215 486
f 841 843 839
f 839 843 1322
f 839 1322 1323
f 1323 1324 839
f 839 1324 1093
f 1324 1325 1093
f 1093 1325 988
f 1093 988 984
f 984 988 1326
f 984 988 968
f 968 988 1325
f 968 1325 1327
f 968 1327 1328
f 968 1328 1306
f 1306 1328 1322
f 1306 1322 843
f 1306 1305 968
f 1093 984 985
f 1302 1320 1319
f 1302 1319 1321
f 566 1072 1329
f 1329 1072 1330
f 1329 1331 566
f 1331 1071 566
f 566 1071 1072
f 1071 1332 1072
f 1333 155 1334
f 155 1335 1334
f 1334 1335 53
f 1335 1026 53
f 1026 1336 53
f 155 1333 1335
f 1335 1333 1026
f 1314 1313 1315
f 1315 1313 1337
f 1315 1337 1316
f 1316 1337 1338
f 1316 1338 1304
f 1304 1338 1339
f 1304 1339 1340
f 1340 1339 1341
f 1341 1339 1332
f 1332 1339 1342
f 1332 1342 1336
f 1336 1342 1308
f 1342 1343 1308
f 1308 1343 1344
f 1308 1344 1309
f 1309 1344 1345
f 1309 1345 1311
f 1311 1345 1337
f 1311 1337 1313
f 1304 1340 1305
f 1332 1346 1341
f 1346 1305 1341
f 1341 1305 1340
f 1305 1346 1332
f 1305 1332 1071
f 958 957 447
f 447 957 563
f 446 564 1347
f 446 1347 1348
f 1348 1347 966
f 966 634 1348
f 1348 634 1349
f 1349 634 633
f 1349 633 970
f 1349 970 402
f 402 430 1349
f 1349 430 431
f 1349 431 449
f 449 431 399
f 449 399 456
f 456 399 402
f 456 402 459
f 459 971 456
f 456 971 1350
f 456 1350 967
f 456 967 404
f 967 565 404
f 404 565 564
f 564 565 1351
f 564 1351 1347
f 1350 971 965
f 965 971 632
f 965 632 634
f 971 1014 632
f 632 1014 633
f 633 1014 970
f 957 1352 563
f 563 1352 961
f 563 961 1353
f 1353 961 1354
f 961 1355 1354
f 1354 1355 1011
f 1354 1011 958
f 563 1353 562
f 562 1353 549
f 562 549 534
f 534 549 1356
f 534 1356 486
f 486 1356 1354
f 486 1354 958
f 486 958 447
f 486 447 443
f 443 447 449
f 449 447 446
f 449 446 1349
f 1349 446 1348
f 443 1302 486
f 486 1302 1321
f 486 1321 442
f 1356 1357 1358
f 1356 1358 1354
f 118 1319 1320
f 118 1320 117
f 1303 215 1357
f 1357 215 1358
f 1358 215 951
f 951 215 158
f 158 215 118
f 158 118 157
f 157 118 1359
f 1359 118 1360
f 1360 118 117
f 1360 117 149
f 1303 1357 1312
f 1312 1357 1361
f 1312 1361 1362
f 1362 1363 1312
f 1312 1363 1310
f 1363 1364 1310
f 1310 1364 1365
f 1310 1365 1007
f 1007 1365 1358
f 1007 1358 951
f 1007 1366 1310
f 1310 1366 948
f 1310 948 159
f 159 948 1367
f 159 1367 158
f 158 1367 947
f 158 947 951
f 158 157 159
f 159 157 154
f 154 157 153
f 153 157 1359
f 153 1359 58
f 58 1359 1360
f 58 1360 294
f 58 294 293
f 58 293 147
f 147 293 150
f 150 293 149
f 148 149 147
f 149 116 147
f 116 58 147
f 149 293 1360
f 1360 293 295
f 1360 295 294
f 1333 1334 1330
f 1330 1334 1329
f 1336 1308 53
f 53 1308 1093
f 53 1093 985
f 53 985 1334
f 1334 985 1329
f 1329 985 1331
f 1368 1033 1369
f 1368 1369 1370
f 1370 1369 1371
f 1370 1371 1372
f 1373 1374 1375
f 1375 1374 1376
f 1369 1033 1374
f 1374 1033 1376
f 1033 1035 1376
f 1376 1035 65
f 65 1037 1377
f 1035 1037 65
f 1368 1378 1033
f 1033 1378 1036
f 1378 1368 1379
f 1379 1368 1370
f 1379 1370 1372
f 1379 1372 1380
f 1380 1372 1371
f 1380 1371 1381
f 1381 1371 1382
f 1381 1382 1383
f 1383 1382 1384
f 1383 1384 1385
f 1385 1384 1386
f 1385 1386 1387
f 1387 1386 1388
f 1387 1388 1389
f 1389 1388 1390
f 1389 1390 1391
f 1391 1390 1392
f 1391 1392 1393
f 1393 1392 1373
f 1393 1373 1394
f 1394 1373 1375
f 1394 1375 1395
f 1395 1375 1376
f 1395 1376 1396
f 1396 1376 1377
f 1376 65 1377
f 1378 1379 1036
f 1036 1379 1037
f 1037 1379 1397
f 1037 1397 1398
f 1379 1380 1397
f 1397 1380 1381
f 1397 1381 1399
f 1399 1381 1383
f 1399 1383 1400
f 1400 1383 1385
f 1400 1385 1401
f 1401 1385 1402
f 1385 1387 1402
f 1402 1387 1403
f 1387 1389 1403
f 1403 1389 1391
f 1403 1391 1404
f 1404 1391 1393
f 1404 1393 1405
f 1405 1393 1406
f 1393 1394 1406
f 1406 1394 1395
f 1406 1395 1396
f 1406 1396 1398
f 1398 1396 1377
f 1398 1377 1037
f 985 964 1331
f 1331 964 1071
f 1071 964 1305
f 1305 964 968
f 968 964 987
f 968 987 984
f 984 987 985
f 985 987 964
f 1332 1336 1008
f 1008 1336 1407
f 1336 1026 1407
f 1407 1026 1408
f 1408 1026 1409
f 1409 1026 1410
f 1409 1410 1010
f 1409 1010 1411
f 1411 1010 1009
f 1411 1009 1008
f 1008 1009 1332
f 1332 1009 1412
f 1332 1412 1072
f 1072 1412 1413
f 1072 1413 1330
f 1330 1413 1333
f 1333 1413 1026
f 1026 1413 1410
f 571 572 1414
f 1414 572 1415
f 1415 572 979
f 979 572 1282
f 979 1282 620
f 620 1282 1283
f 620 621 976
f 976 621 1416
f 1416 621 432
f 432 411 412
f 413 411 1232
f 413 1232 974
f 974 1232 1285
f 974 1285 554
f 554 1281 974
f 974 1281 436
f 436 1281 1416
f 1416 1281 1417
f 1416 1417 976
f 1417 1281 977
f 1281 438 977
f 977 438 1414
f 438 571 1414
f 1232 411 433
f 1232 433 621
f 432 621 433
f 621 622 1232
f 1232 622 1283
f 622 620 1283
f 1006 941 1253
f 1253 941 1005
f 1004 937 1299
f 1004 1299 938
f 1004 938 1251
f 1251 938 1298
f 1251 1298 1252
f 1252 1298 1006
f 1252 1006 1253
f 927 928 1003
f 1003 928 1254
f 1254 928 1248
f 1248 928 1002
f 1248 1002 1249
f 1249 1002 1291
f 1249 1291 931
f 1249 931 1250
f 1250 931 1289
f 1250 1289 1003
f 1003 1289 927
f 979 978 1415
f 1415 978 1414
f 1414 978 977
f 977 978 1417
f 1417 978 976
f 976 978 620
f 620 978 979
f 1271 1230 1284
f 1271 1284 1285
f 1271 1285 1272
f 1272 1285 1232
f 1272 1232 1231
f 1272 1231 1273
f 1273 1231 1275
f 1275 1231 1287
f 1275 1287 1286
f 1275 1286 1274
f 1274 1286 1230
f 989 129 1276
f 1276 129 130
f 1276 130 989
f 989 130 129
f 122 125 991
f 992 432 433
f 992 433 411
f 992 411 432
f 982 620 622
f 982 622 621
f 982 621 620
f 1274 1230 1270
f 1230 1271 1270
f 130 129 132
f 125 122 124
f 413 973 412
f 412 973 432
f 432 973 1416
f 1416 973 436
f 974 973 413
f 147 148 984
f 984 148 1326
f 1326 148 147
f 1326 147 984
f 988 402 399
f 988 399 431
f 988 431 402
f 294 293 985
f 633 634 987
f 987 634 632
f 987 632 633
f 1410 958 1010
f 1009 1011 1355
f 1009 1355 961
f 1009 961 1412
f 1412 961 1352
f 1412 1352 1413
f 1413 1352 957
f 1413 957 1410
f 1410 957 958
f 1008 951 1411
f 1411 951 1409
f 1409 951 947
f 1409 947 1408
f 1408 947 1367
f 1408 1367 948
f 1408 948 1407
f 1407 948 1366
f 1407 1366 1008
f 1008 1366 1007
f 1008 1007 951
f 967 1350 964
f 964 1350 965
f 964 965 634
f 634 966 964
f 964 966 1347
f 964 1347 1351
f 964 1351 565
f 964 565 967
f 1328 1327 1418
f 1327 1325 1419
f 1325 1324 1420
f 1301 1300 1421
f 1421 1300 1328
f 1328 1300 1322
f 1328 1418 1421
f 1421 1418 1301
f 1418 1327 1301
f 1301 1327 1302
f 1327 1419 1302
f 1419 1325 1302
f 1302 1325 1320
f 1325 1420 1320
f 1320 1420 1317
f 1420 1324 1317
f 1317 1324 1422
f 1317 1422 1318
f 1319 1318 1323
f 1319 1323 1322
f 1318 1422 1323
f 1323 1422 1324
f 1319 1322 1321
f 1321 1322 1300
f 1339 1354 1342
f 1342 1354 1358
f 1358 1365 1342
f 1342 1365 1343
f 1365 1364 1343
f 1343 1364 1363
f 1343 1363 1344
f 1344 1363 1362
f 1344 1362 1345
f 1345 1362 1361
f 1345 1361 1357
f 1357 1356 1345
f 1345 1356 1337
f 1337 1356 549
f 1337 549 1338
f 1338 549 1353
f 1338 1353 1339
f 1339 1353 1354
f 148 147 150
f 293 294 295
f 970 968 402
f 402 968 459
f 459 968 971
f 1423 895 1080
f 1080 895 1081
f 895 894 1081
f 1081 894 1075
f 894 892 1075
f 1075 892 1423
f 1075 1423 1080
f 883 885 1076
f 1076 885 1077
f 885 1424 1077
f 1077 1424 1078
f 1078 1424 882
f 1078 882 1079
f 1079 882 1076
f 1076 882 883
f 1076 1077 1033
f 1033 1077 1035
f 1037 1079 1076
f 1037 1076 1075
f 1075 1076 1033
f 1075 1033 1081
f 1036 1037 1075
f 1369 1425 1371
f 1371 1425 1426
f 1371 1426 1382
f 1382 1426 1427
f 1382 1427 1384
f 1384 1427 1428
f 1384 1428 1386
f 1386 1428 1429
f 1386 1429 1388
f 1388 1429 1430
f 1388 1430 1390
f 1390 1430 1431
f 1390 1431 1392
f 1392 1431 1432
f 1392 1432 1373
f 1373 1432 1424
f 1424 885 1373
f 1373 885 1374
f 1424 1432 882
f 882 1432 1433
f 882 1433 883
f 883 1433 885
f 885 1433 1374
f 1433 1434 1374
f 1374 1434 1369
f 1369 1434 892
f 1434 1425 892
f 892 1425 1423
f 1423 1425 895
f 1425 1369 895
f 895 1369 894
f 894 1369 892
f 1401 1402 1428
f 1402 1403 1428
f 1406 1398 1433
f 1398 1397 1433
f 1433 1432 1406
f 1406 1432 1431
f 1406 1431 1405
f 1405 1431 1430
f 1405 1430 1404
f 1404 1430 1403
f 1430 1429 1403
f 1403 1429 1428
f 1428 1427 1401
f 1401 1427 1426
f 1401 1426 1400
f 1400 1426 1425
f 1400 1425 1399
f 1399 1425 1397
f 1425 1434 1397
f 1397 1434 1433
f 815 808 816
f 808 809 816
f 808 815 1435
f 808 809 1435
f 808 811 813
f 813 811 812
f 808 815 813
f 813 815 817
f 808 814 809
f 813 810 808
f 808 810 814
f 831 829 832
f 831 821 830
f 830 821 823
f 408 859 406
f 406 859 400
f 400 565 405
f 400 405 1436
f 400 1436 406
f 406 1436 408
f 408 1436 419
f 1436 1437 419
f 419 1437 417
f 1437 493 417
f 417 493 416
f 493 1438 416
f 416 1438 421
f 1438 1439 421
f 421 1439 441
f 1439 438 441
f 441 438 409
f 565 400 1440
f 1440 400 859
f 565 1440 405
f 405 1440 1436
f 1441 1442 1440
f 1440 1442 1436
f 1442 1443 1436
f 1436 1443 1444
f 1436 1444 1437
f 1437 1444 1445
f 1437 1445 1446
f 1446 1447 1437
f 1437 1447 493
f 1447 1448 493
f 493 1448 1449
f 493 1449 787
f 787 1449 789
f 1449 1450 789
f 789 1450 788
f 788 1450 493
f 788 493 787
f 493 1450 1438
f 1438 1450 1451
f 1438 1451 1452
f 1453 1454 1452
f 1452 1454 1455
f 1452 1455 1438
f 1438 1455 1439
f 1455 438 1439
f 1455 1456 438
f 438 1456 409
f 1453 1457 1454
f 1454 1457 992
f 409 1456 441
f 992 1457 1456
f 1456 1457 441
f 1457 1458 441
f 441 1458 1459
f 441 1459 421
f 421 1459 1460
f 421 1460 390
f 390 1460 389
f 1460 386 389
f 389 386 387
f 390 387 421
f 421 387 416
f 416 387 386
f 416 386 414
f 414 415 416
f 416 415 1461
f 416 1461 1462
f 416 1462 417
f 417 1462 1463
f 417 1463 419
f 419 1463 1464
f 419 1464 1465
f 1465 1464 817
f 1465 859 419
f 419 859 408
f 1449 1448 386
f 386 1448 414
f 1448 1447 414
f 414 1447 415
f 1447 1446 415
f 415 1446 1461
f 1446 1445 1461
f 1461 1445 1462
f 1445 1444 1462
f 1462 1444 1463
f 1444 1443 1463
f 1463 1443 1464
f 1449 386 1450
f 1450 386 1460
f 1450 1460 1459
f 1450 1459 1451
f 1451 1459 1458
f 1451 1458 1452
f 1452 1458 1019
f 1452 1019 1466
f 1452 1466 1453
f 1453 1466 1020
f 1453 1020 1467
f 1467 1020 1468
f 1467 1468 1458
f 1458 1468 1019
f 1467 1458 1017
f 1017 1458 1469
f 1458 1457 1469
f 1469 1457 1018
f 1457 1453 1018
f 1018 1453 1467
f 1441 1465 1442
f 1442 1465 817
f 1464 1443 1016
f 1016 1443 1470
f 1016 1471 1464
f 1464 1471 817
f 1471 1015 817
f 817 1015 1472
f 817 1472 1012
f 817 1012 1442
f 1442 1012 1473
f 1442 1473 1443
f 1443 1473 1013
f 1443 1013 1472
f 1443 1472 1470
f 1470 1472 1015
f 978 973 1455
f 1455 1454 978
f 1454 992 978
f 978 992 973
f 992 1456 973
f 1456 1455 973
f 973 1467 1017
f 973 1017 1469
f 973 1469 1018
f 973 1018 1467
f 978 1466 1019
f 978 1019 1468
f 978 1468 1020
f 978 1020 1466
f 1016 968 1471
f 1471 968 1015
f 1015 968 1470
f 1470 968 1016
f 1013 964 1472
f 1472 964 1012
f 1012 964 1473
f 1473 964 1013
f 968 964 859
f 968 859 1465
f 968 1465 1441
f 968 1441 964
f 964 1441 1440
f 964 1440 859
f 1474 788 1475
f 1475 788 787
f 1475 787 1474
f 1474 787 789
f 1474 789 788
f 1476 387 1477
f 1477 387 390
f 1477 390 1476
f 1476 390 389
f 1476 389 387
f 1153 1151 1478
f 1478 1151 1479
f 1479 1151 1480
f 1480 1151 1154
f 1151 1153 1154
f 1154 1153 1481
f 1153 1478 1481
f 1481 1478 1482
f 1154 1481 1480
f 1480 1481 1482
f 1478 1479 1482
f 1482 1479 1480

