# https://github.com/mikedh/trimesh

o finger-base.stl
v -0.08705670 -0.01722531 0.02287383
v -0.08416438 -0.01709943 0.02280795
v -0.05403798 -0.01578891 0.02297502
v -0.08795597 -0.01719137 -0.02302717
v -0.05448768 -0.01573526 -0.02302491
v -0.08795597 -0.01719605 -0.02008468
v -0.07296669 -0.01662285 -0.02080858
v -0.08795846 -0.01714352 -0.01719709
v -0.08506370 -0.01707494 -0.01714199
v -0.07255678 -0.01652648 -0.01984970
v -0.08795594 -0.01721116 -0.01059216
v -0.08506364 -0.01708537 -0.01059198
v -0.08795588 -0.01723164 0.00224027
v -0.08765040 -0.01737224 0.01507252
v -0.08705676 -0.01721483 0.01625782
v -0.08707410 -0.01681327 0.01507347
v -0.02772045 -0.01501047 0.00173616
v -0.02739080 -0.01499007 -0.00205879
v -0.02872705 -0.01547598 0.01509584
v -0.02985752 -0.01538508 0.02147557
v -0.02901455 -0.01534325 0.01822662
v -0.02849927 -0.01467301 0.01996208
v -0.02702868 -0.01540678 0.01807715
v -0.02743200 -0.01454667 0.02005931
v -0.02649658 -0.01497596 0.01352617
v -0.02667975 -0.01498688 0.01534966
v -0.02802122 -0.01445354 0.02090850
v -0.02101916 -0.01435232 0.02297723
v -0.02348860 -0.01510023 0.01660095
v -0.02651046 -0.01466206 0.01717668
v -0.02348860 -0.01509701 0.01460098
v -0.02257824 -0.01440188 0.01150814
v -0.02101928 -0.01431566 -0.00002275
v -0.02101934 -0.01427906 -0.02302270
v -0.02348860 -0.01509403 0.01270096
v -0.02484816 -0.01490000 0.01087627
v -0.02649658 -0.01497370 0.01207619
v -0.02484816 -0.01489601 0.00837633
v -0.02265030 -0.01480043 0.00837645
v -0.02265030 -0.01480358 0.01037645
v -0.02250045 -0.01474624 -0.02152347
v -0.02250045 -0.01475107 -0.01852345
v -0.02148400 -0.01510727 -0.01852403
v -0.02148400 -0.01510246 -0.02152399
v -0.02263942 -0.01504831 0.00720107
v -0.02484816 -0.01489478 0.00757635
v -0.02484816 -0.01489293 0.00642630
v -0.02263290 -0.01519668 0.00627584
v -0.02263290 -0.01519507 0.00527582
v -0.02386332 -0.01506064 -0.01852390
v -0.02386332 -0.01505583 -0.02152392
v -0.02548020 -0.01527637 -0.02152427
v -0.02549755 -0.01488149 -0.01852369
v -0.02649664 -0.01492017 -0.02152365
v -0.02999338 -0.01507229 -0.02152392
v -0.02484816 -0.01489108 0.00527632
v -0.02484816 -0.01488218 -0.00032364
v -0.02717947 -0.01493445 0.00023254
v -0.02703532 -0.01522672 -0.00089918
v -0.02484816 -0.01488107 -0.00102359
v -0.02484816 -0.01487946 -0.00202364
v -0.02484816 -0.01487725 -0.00342357
v -0.02484816 -0.01487547 -0.00452360
v -0.02710639 -0.01515674 -0.00392859
v -0.02731590 -0.01498247 -0.00478377
v -0.02484816 -0.01487380 -0.00562358
v -0.02649664 -0.01492488 -0.01852369
v -0.03037080 -0.01462372 0.01645298
v -0.03043529 -0.01474786 0.01410159
v -0.03144193 -0.01519191 0.01402586
v -0.03264921 -0.01519453 0.01408211
v -0.03153456 -0.01503029 0.01636533
v -0.03147447 -0.01560076 0.01847525
v -0.03285472 -0.01551073 0.01847537
v -0.03249456 -0.01502134 0.01640709
v -0.03348207 -0.01547460 0.02147546
v -0.03448897 -0.01533156 0.01847565
v -0.03588734 -0.01540240 0.01957559
v -0.03588741 -0.01537498 0.00237558
v -0.03807067 -0.01546078 0.00173545
v -0.05307116 -0.01612248 0.00237445
v -0.03942078 -0.01551896 0.00139135
v -0.05532836 -0.01621109 0.00139028
v -0.03855273 -0.01547768 -0.00084495
v -0.03866239 -0.01572791 -0.00382652
v -0.03898486 -0.01546347 -0.02152451
v -0.03898486 -0.01546824 -0.01852452
v -0.03942090 -0.01550060 -0.01016557
v -0.03711501 -0.01563423 0.02247521
v -0.03711501 -0.01563104 0.02047517
v -0.03147447 -0.01560556 0.02147523
v -0.03875164 -0.01552023 0.02047538
v -0.03875164 -0.01552339 0.02247536
v -0.04021694 -0.01558717 0.02247530
v -0.04021694 -0.01558395 0.02047526
v -0.04165618 -0.01583179 0.02247489
v -0.04165618 -0.01582858 0.02047486
v -0.04298097 -0.01570421 0.02047508
v -0.04289520 -0.01595391 0.02247469
v -0.04471268 -0.01578278 0.02247500
v -0.04471268 -0.01577961 0.02047497
v -0.04624458 -0.01584941 0.02247488
v -0.04624458 -0.01584625 0.02047485
v -0.04760508 -0.01608745 0.02047452
v -0.04760508 -0.01609062 0.02247449
v -0.04924174 -0.01597666 0.02047467
v -0.04924172 -0.01597980 0.02247470
v -0.05047393 -0.01603341 0.02247458
v -0.05038814 -0.01627678 0.02047418
v -0.05307113 -0.01614990 0.01957444
v -0.05367096 -0.01615258 0.00990772
v -0.03049278 -0.01515769 0.01847594
v -0.02753856 -0.01498798 -0.00737378
v -0.02753856 -0.01498448 -0.00957379
v -0.02754871 -0.01464809 -0.02000712
v -0.02772057 -0.01498937 -0.01148378
v -0.02817488 -0.01459392 -0.02084478
v -0.02985762 -0.01532139 -0.01852432
v -0.02899438 -0.01503539 -0.01737385
v -0.02934396 -0.01505955 -0.01180101
v -0.02882270 -0.01450892 -0.01504958
v -0.02797792 -0.01539516 -0.01517444
v -0.02797792 -0.01539167 -0.01737441
v -0.02856962 -0.01447902 -0.01995444
v -0.03805339 -0.01583936 -0.01148512
v -0.03698677 -0.01538134 -0.01852440
v -0.03352702 -0.01554202 -0.01170664
v -0.03443914 -0.01527768 -0.01402425
v -0.03024315 -0.01509517 -0.01402395
v -0.03024315 -0.01509195 -0.01602399
v -0.03443914 -0.01527446 -0.01602429
v -0.03147459 -0.01554187 -0.01852470
v -0.03147459 -0.01553708 -0.02152467
v -0.03285482 -0.01544704 -0.02152452
v -0.03348216 -0.01541088 -0.01852446
v -0.03547086 -0.01571577 -0.01852492
v -0.03647935 -0.01553651 -0.02152465
v -0.03448909 -0.01526784 -0.02152425
v -0.04048347 -0.01552867 -0.02152466
v -0.08412488 -0.01708742 0.01637762
v -0.08409596 -0.01628255 0.01462432
v -0.08111752 -0.01615307 0.01462452
v -0.08046298 -0.01692587 0.01497322
v -0.08046304 -0.01688921 -0.00802669
v -0.07344103 -0.01632445 -0.02000970
v -0.07680795 0.01775764 0.00882841
v -0.07569763 0.01769893 0.00949850
v -0.07664643 0.01780412 0.01022852
v -0.08113749 0.01808801 0.00980400
v -0.08793505 0.01877510 0.02303012
v -0.08143798 0.01809635 0.00593652
v -0.07946695 0.01796458 -0.00952116
v -0.08173852 0.01811908 -0.00700594
v -0.08554092 0.01835894 -0.00700552
v -0.08730541 0.01845891 -0.00952039
v -0.08730541 0.01847329 -0.01854736
v -0.08794099 0.01894566 0.00004489
v -0.08794105 0.01898225 -0.02294051
v -0.08554092 0.01833871 0.00569438
v -0.08113749 0.01808154 0.01385396
v -0.08113749 0.01807582 0.01747900
v -0.07664643 0.01779259 0.01747853
v -0.07328328 0.01768872 0.02008361
v -0.07266364 0.01770874 0.02073999
v -0.05453580 0.01680227 0.02302694
v -0.07664643 0.01779830 0.01385353
v -0.07469060 0.01749330 0.00976583
v -0.07365800 0.01757028 0.00953598
v -0.07245905 0.01736941 0.00884339
v -0.07227957 0.01792633 0.01990372
v -0.07211238 0.01753407 0.00789464
v -0.07166487 0.01732248 0.00682775
v -0.07109948 0.01729511 0.00163113
v -0.07031757 0.01724899 -0.00037235
v -0.07239869 0.01737190 0.00487557
v -0.07329346 0.01744053 0.00256742
v -0.07422893 0.01748885 0.00389728
v -0.07548855 0.01757194 0.00163159
v -0.07623357 0.01761460 0.00436887
v -0.07627042 0.01762445 -0.00037174
v -0.07749171 0.01782465 0.00645450
v -0.07839298 0.01793760 -0.00447121
v -0.07548855 0.01757827 -0.00237524
v -0.07390194 0.01765441 -0.00447168
v -0.07329345 0.01744987 -0.00331149
v -0.07336349 0.01779112 -0.02004970
v -0.07239211 0.01779691 -0.02022914
v -0.07109948 0.01730153 -0.00237568
v -0.07390193 0.01766014 -0.00807168
v -0.07839300 0.01794337 -0.00807121
v -0.07839303 0.01794982 -0.01212121
v -0.07390200 0.01766654 -0.01212167
v -0.07390200 0.01767241 -0.01577168
v -0.07839303 0.01795560 -0.01577120
v -0.07926964 0.01828989 -0.01848128
v -0.07292788 0.01803234 -0.02102112
v -0.05416621 0.01702362 -0.02274138
v -0.06941008 0.01740756 -0.01967206
v -0.06992619 0.01715502 -0.01683272
v -0.06706531 0.01725920 -0.01938903
v -0.06791245 0.01805728 0.01637899
v -0.07040756 0.01821458 0.01637917
v -0.06791245 0.01805329 0.01887887
v -0.06839120 0.01808178 0.01997900
v -0.06515696 0.01787787 0.01992863
v -0.06836603 0.01847828 0.02167962
v -0.07225435 0.01832437 0.02065438
v -0.07410181 0.01843917 0.02169054
v -0.08436841 0.01908665 0.02169156
v -0.08686978 0.01933299 0.01723098
v -0.08686978 0.01933490 0.01603099
v -0.08647578 0.01924020 0.00878084
v -0.08622622 0.01923138 0.00440583
v -0.08527297 0.01923428 0.01598084
v -0.08527297 0.01923238 0.01718083
v -0.08447968 0.01911425 0.00878066
v -0.08431080 0.01921423 0.01600911
v -0.08472919 0.01913699 0.00440565
v -0.08434343 0.01910117 0.01160561
v -0.08472919 0.01914733 -0.00209427
v -0.08447968 0.01913857 -0.00646931
v -0.08436841 0.01911008 0.00701964
v -0.08122456 0.01892864 -0.00360864
v -0.08122468 0.01894938 -0.01658058
v -0.07893568 0.01888738 -0.01716972
v -0.07095808 0.01830190 -0.01658165
v -0.07773796 0.01881184 -0.01716983
v -0.07664015 0.01874265 -0.01716995
v -0.07773796 0.01881375 -0.01836985
v -0.07664017 0.01874456 -0.01836997
v -0.07544255 0.01866899 -0.01837003
v -0.07444455 0.01860604 -0.01837015
v -0.07479136 0.01850073 -0.01720364
v -0.07324695 0.01852859 -0.01717032
v -0.07324695 0.01853050 -0.01837030
v -0.08647578 0.01926440 -0.00646907
v -0.08622622 0.01924171 -0.00209412
v -0.08558670 0.01944533 0.00203117
v -0.08547767 0.01919075 0.00028078
v -0.07410181 0.01846259 0.00701857
v -0.07095808 0.01828116 -0.00360966
v -0.08407869 0.01918345 0.01712430
v -0.06515696 0.01787510 0.02162861
v -0.06192278 0.01767396 0.01987826
v -0.06142544 0.01764428 0.01887828
v -0.06077665 0.01760017 0.02080780
v -0.06142544 0.01764816 0.01637828
v -0.06077665 0.01760494 0.01782655
v -0.05908006 0.01749795 0.01782637
v -0.05893039 0.01749080 0.01637798
v -0.05794159 0.01768069 0.01527834
v -0.05783256 0.01742681 0.01307791
v -0.05588746 0.01730227 0.01428735
v -0.05590197 0.01730656 0.01212701
v -0.05294932 0.01737450 0.00989433
v -0.05292669 0.01711896 0.01212671
v -0.05203682 0.01706825 0.01271042
v -0.05297966 0.01753056 0.00743430
v -0.05208270 0.01708030 0.00934633
v -0.04999810 0.01693997 0.00852707
v -0.04571674 0.01667502 0.00935432
v -0.04777729 0.01719989 0.00902750
v -0.04780244 0.01680225 0.00802684
v -0.03469282 0.01557612 0.00711471
v -0.04214507 0.01644337 0.00936836
v -0.03393006 0.01591795 0.01392549
v -0.02846584 0.01516204 0.02053387
v -0.03137441 0.01578486 0.01549990
v -0.02789242 0.01504703 0.01972583
v -0.02497268 0.01574308 0.02067510
v -0.02499788 0.01534736 0.01847445
v -0.02387175 0.01552689 0.01847479
v -0.02377401 0.01529414 0.01541484
v -0.03170931 0.01617867 0.01392583
v -0.03171874 0.01603077 0.01281305
v -0.04237128 0.01670511 0.01126685
v -0.04276509 0.01687807 0.01259718
v -0.04515781 0.01662864 0.01233762
v -0.04548800 0.01664576 0.01463016
v -0.04512035 0.01662838 0.01106870
v -0.04607457 0.01669619 0.01257389
v -0.04847699 0.01683717 0.01281964
v -0.04974915 0.01716719 0.01331216
v -0.05196046 0.01705482 0.01409217
v -0.04976486 0.01691538 0.01474717
v -0.04844969 0.01682966 0.01644140
v -0.04845100 0.01708318 0.01460319
v -0.05196046 0.01705294 0.01524740
v -0.05291217 0.01711457 0.01428705
v -0.02113074 0.01469549 0.02302349
v -0.04547435 0.01664197 0.01644104
v -0.02751850 0.01490186 0.02056954
v -0.02385005 0.01527151 0.02067434
v -0.03469288 0.01561102 -0.01477504
v -0.03402996 0.01596197 -0.00977447
v -0.03393006 0.01591983 0.01277545
v -0.03393006 0.01592191 0.01147547
v -0.03171874 0.01603286 0.01151308
v -0.05774984 0.01703032 0.00711709
v -0.05520045 0.01726899 0.00793388
v -0.05520045 0.01726770 0.00877333
v -0.05298911 0.01737897 0.00864624
v -0.05555847 0.01728847 0.00987005
v -0.05732882 0.01780397 0.00797849
v -0.06030405 0.01799167 0.00797878
v -0.05735397 0.01740205 0.00967783
v -0.05893045 0.01750117 0.00987798
v -0.06032925 0.01758974 0.00967812
v -0.06142544 0.01765859 0.00987828
v -0.06142544 0.01766258 0.00737828
v -0.06122750 0.01765245 0.00587827
v -0.06172412 0.01770797 -0.00932163
v -0.06120097 0.01767891 -0.01179749
v -0.06121176 0.01790479 0.00410364
v -0.06134301 0.01739847 0.00214452
v -0.05825215 0.01746475 0.00587791
v -0.05823643 0.01771709 0.00410334
v -0.05847209 0.01773520 0.00207212
v -0.05905486 0.01789236 0.02080821
v -0.06189761 0.01807046 0.02157889
v -0.07355087 0.01840609 0.02065449
v -0.07407682 0.01844564 0.01665457
v -0.07407682 0.01845365 0.01160458
v -0.07290256 0.01836699 0.01952946
v -0.07035790 0.01782077 0.01005351
v -0.07040769 0.01826018 -0.01222079
v -0.07040769 0.01827049 -0.01872080
v -0.06801257 0.01767292 0.01005331
v -0.06839126 0.01812505 -0.00722092
v -0.06819600 0.01836644 -0.00922057
v -0.06791257 0.01807159 0.00737893
v -0.06539392 0.01831568 0.00607930
v -0.06541907 0.01791941 0.00422868
v -0.06241865 0.01812799 0.00607901
v -0.06242810 0.01798115 0.00426628
v -0.06532347 0.01771597 0.00233550
v -0.06541907 0.01792806 -0.00122124
v -0.06539515 0.01817991 -0.00299585
v -0.06520697 0.01792428 -0.00722125
v -0.06520697 0.01792696 -0.00892126
v -0.06539720 0.01793247 -0.00482124
v -0.06242185 0.01774477 -0.00482154
v -0.06199753 0.01812268 -0.00722096
v -0.06791257 0.01810288 -0.01222097
v -0.06241438 0.01799199 -0.00304616
v -0.06250852 0.01774382 -0.00079656
v -0.06244308 0.01769845 0.00222830
v -0.06476891 0.01788487 0.00012865
v -0.06250001 0.01747371 0.00071132
v -0.06476891 0.01788359 0.00092865
v -0.07225447 0.01839017 -0.02064555
v -0.06791257 0.01811319 -0.01872098
v -0.06791257 0.01811718 -0.02122098
v -0.06127667 0.01769838 -0.02102169
v -0.05585743 0.01753872 -0.02097215
v -0.05812729 0.01790017 -0.02082133
v -0.05693609 0.01742178 -0.01922208
v -0.05383722 0.01747733 -0.01957390
v -0.05357804 0.01720635 -0.01696501
v -0.05322855 0.01718207 -0.01555347
v -0.04603250 0.01712817 -0.01502265
v -0.04308235 0.01654136 -0.01502358
v -0.04305838 0.01679312 -0.01676067
v -0.05708494 0.01742512 -0.01547211
v -0.05774987 0.01706519 -0.01477265
v -0.05070100 0.01727327 -0.01564375
v -0.05331808 0.01720142 -0.02123019
v -0.05586886 0.01735967 -0.02247089
v -0.05069684 0.01703235 -0.02187278
v -0.04850125 0.01689395 -0.02187296
v -0.04575824 0.01672166 -0.02232325
v -0.04275781 0.01693328 -0.02232292
v -0.02113080 0.01476869 -0.02294743
v -0.02803334 0.01528075 -0.02080785
v -0.02845668 0.01522575 -0.01984922
v -0.04568261 0.01671391 -0.02044826
v -0.04688378 0.01680092 -0.02112783
v -0.04582131 0.01672018 -0.01889827
v -0.04604667 0.01673102 -0.01677328
v -0.05289952 0.01717120 -0.01776822
v -0.05071675 0.01702598 -0.01705035
v -0.04688378 0.01679583 -0.01789964
v -0.04317622 0.01680377 -0.01880437
v -0.04300285 0.01679549 -0.02049186
v -0.03153457 0.01582380 -0.01278593
v -0.02638995 0.01557084 -0.01555514
v -0.02751037 0.01503266 -0.01995744
v -0.02638995 0.01557275 -0.01675516
v -0.02638995 0.01557483 -0.01809513
v -0.02519238 0.01549719 -0.01675528
v -0.02519238 0.01549933 -0.01809525
v -0.02348717 0.01532209 -0.01307223
v -0.02519238 0.01550123 -0.01929527
v -0.02227813 0.01562667 -0.01292504
v -0.02296863 0.01526564 -0.01055894
v -0.02227813 0.01562238 -0.01022503
v -0.02113076 0.01473209 0.00003801
v -0.02638995 0.01557679 -0.01929515
v -0.02266182 0.01549275 -0.00802526
v -0.02290198 0.01522812 0.01037430
v -0.02273565 0.01521380 0.01274096
v -0.02337580 0.01565457 0.01307501
v -0.02240300 0.01518875 0.01527428
v -0.02267719 0.01560188 0.01847492
v -0.02270239 0.01519918 0.02067428
v -0.02399784 0.01532817 0.01013977
v -0.02359869 0.01533261 -0.00780083
v -0.03117486 0.01581035 -0.00779999
v -0.03150943 0.01579034 0.01020977
v -0.02519238 0.01549528 -0.01555526
v -0.03402996 0.01596707 -0.01297450
v -0.03402996 0.01596522 -0.01182446
v -0.05685795 0.01766389 -0.01708420
v -0.05733364 0.01744484 -0.01802206
v -0.05833166 0.01750427 -0.01582199
v -0.05823028 0.01748037 -0.00482201
v -0.05824122 0.01747820 -0.00297198
v -0.05854141 0.01752245 -0.01892194
v -0.05833166 0.01750785 -0.01802200
v -0.05910512 0.01754674 -0.01179767
v -0.05927979 0.01755225 -0.00839227
v -0.06115126 0.01726982 -0.00858253
v -0.06120544 0.01766806 -0.00482166
v -0.06121647 0.01766577 -0.00297168
v -0.05847209 0.01774011 -0.00099033
v -0.06115501 0.01790928 -0.00099006
v -0.06107616 0.01765146 0.00047827
v -0.05904650 0.01725622 0.00051097
v -0.07355099 0.01847189 -0.02064538
v -0.07290267 0.01842916 -0.01952046
v -0.03380561 0.01554829 -0.01057511
v -0.03183430 0.01582403 -0.01007467
v -0.03183430 0.01582658 -0.01167470
v -0.03390491 0.01632297 0.01032609
v -0.07030827 0.01741820 0.00922787
v -0.06992614 0.01714912 -0.01313270
v -0.06932605 0.01713457 -0.00889750
v -0.06219152 0.01666134 -0.01313350
v -0.06711466 0.01724537 -0.00877234
v -0.06931030 0.01738140 -0.00717214
v -0.06711459 0.01724368 -0.00767237
v -0.06711459 0.01724207 -0.00667232
v -0.06823655 0.01710962 0.01082739
v -0.06788886 0.01726588 0.00905266
v -0.06471502 0.01666247 0.01057666
v -0.06084479 0.01653797 0.01097649
v -0.06857932 0.01701992 0.01467725
v -0.06084474 0.01653207 0.01467643
v -0.03160090 0.01473255 0.00544853
v -0.03378075 0.01512077 0.00532415
v -0.03405439 0.01513987 0.00407416
v -0.03068685 0.01492804 0.00377384
v -0.03405439 0.01514548 0.00059921
v -0.03368109 0.01512795 -0.00317579
v -0.03336870 0.01511598 -0.00803831
v -0.02938956 0.01486569 -0.00847626
v -0.02993839 0.01489895 -0.00760120
v -0.02993839 0.01489335 -0.00412619
v -0.03315615 0.01509636 -0.00412583
v -0.02948939 0.01486355 -0.00317621
v -0.02948939 0.01486045 -0.00117624
v -0.02956443 0.01445697 0.00347308
v -0.03003826 0.01489111 0.00127375
v -0.03083646 0.01494258 0.00059888
v -0.03368109 0.01512479 -0.00117582
v -0.02869045 0.01477646 0.01989859
v -0.02804225 0.01479840 -0.01952636
v -0.02754330 0.01474547 -0.00607646
v -0.02179467 0.01438289 -0.00607699
v -0.02754330 0.01472288 0.00807351
v -0.02739399 0.01469469 0.01989847
v -0.02179467 0.01436036 0.00807291
v -0.02869057 0.01484096 -0.02065128
v -0.02938956 0.01486885 -0.01047629
v -0.06132614 0.01687746 -0.00697294
v -0.05970649 0.01676371 -0.00602313
v -0.06315087 0.01698496 -0.00619150
v -0.06352181 0.01701703 -0.00762272
v -0.06132614 0.01687878 -0.00777292
v -0.06219152 0.01666722 -0.01683351
v -0.06354700 0.01661967 -0.00877337
v -0.06466949 0.01708373 -0.00402260
v -0.06559478 0.01713504 -0.00602254
v -0.06554665 0.01712580 0.00025244
v -0.06881662 0.01733815 -0.00602218
v -0.06867602 0.01732318 0.00025276
v -0.06812747 0.01729139 0.00250271
v -0.06781328 0.01726979 0.00362766
v -0.06561768 0.01713126 0.00362742
v -0.06468987 0.01706439 0.00887734
v -0.06480999 0.01683858 -0.00182298
v -0.06292830 0.01695724 -0.00000284
v -0.05970648 0.01675412 -0.00000317
v -0.02739405 0.01475930 -0.02065145
v -0.02804219 0.01473379 0.02102357
v -0.05937999 0.01674669 -0.00192314
v -0.05902155 0.01647708 -0.00412360
v -0.05840717 0.01628457 -0.00192388
v -0.05945088 0.01649396 0.00233263
v -0.05955493 0.01634847 0.00342617
v -0.06172537 0.01688617 0.00342703
v -0.06379169 0.01705187 -0.01882266
v -0.06676709 0.01724219 -0.02052235
v -0.06379169 0.01705455 -0.02052265
v -0.05690348 -0.01543379 -0.01602442
v -0.06069989 -0.01559901 -0.01602464
v -0.07233858 -0.01611536 -0.02065050
v -0.06069989 -0.01560980 -0.00922469
v -0.05698523 -0.01586770 -0.00802511
v -0.05690348 -0.01544469 -0.00922445
v -0.05698520 -0.01590436 0.01497483
v -0.06033350 -0.01561618 0.01626406
v -0.06027478 -0.01545427 0.02156208
v -0.06802372 -0.01579162 0.02173301
v -0.08021185 -0.01627314 0.02051177
v -0.08021837 -0.01612619 0.02232452
v -0.08317935 -0.01665550 0.02232366
v -0.08317934 -0.01665252 0.02047369
v -0.08317934 -0.01664933 0.01847365
v -0.07298706 -0.01621756 0.02060757
v -0.08021185 -0.01626994 0.01851179
v -0.08317935 -0.01664638 0.01662367
v -0.08077382 -0.01629111 0.01643676
v -0.07317005 -0.01628021 0.01976018
v -0.07232112 -0.01657947 0.01984876
v -0.06802372 -0.01578290 0.01625274
v -0.05346682 -0.01507387 -0.00189886
v -0.04716187 -0.01507508 0.01397609
v -0.05125796 -0.01522782 -0.00202408
v -0.05346682 -0.01506542 -0.00719885
v -0.05125796 -0.01521936 -0.00732407
v -0.04870749 -0.01471918 -0.00027332
v -0.04870749 -0.01471648 -0.00197328
v -0.04701197 -0.01506227 0.01002612
v -0.04701197 -0.01505875 0.00782612
v -0.04572907 -0.01458966 -0.00027312
v -0.04716187 -0.01507347 0.01297605
v -0.04497480 -0.01472861 0.01335168
v -0.04572907 -0.01458698 -0.00197310
v -0.04588552 -0.01493034 -0.01689428
v -0.04640250 -0.01495203 -0.01741179
v -0.04414589 -0.01485422 -0.01715287
v -0.04347625 -0.01465552 0.00840177
v -0.04362892 -0.01483253 -0.01663540
v -0.04301744 -0.01487976 0.00452638
v -0.04301744 -0.01487696 0.00282639
v -0.04127833 -0.01455951 0.00815190
v -0.03995972 -0.01449638 0.00452700
v -0.04214782 -0.01476731 -0.01715278
v -0.03995972 -0.01449369 0.00282700
v -0.04163083 -0.01474558 -0.01663528
v -0.04014970 -0.01468077 -0.01689391
v -0.03682005 -0.01460736 0.00282681
v -0.03963265 -0.01465741 -0.01741133
v -0.03815156 -0.01459383 -0.01689376
v -0.03763460 -0.01457050 -0.01741119
v -0.03415524 -0.01447414 0.01710640
v -0.03683745 -0.01421046 0.00452744
v -0.03615348 -0.01450649 -0.01715239
v -0.03563647 -0.01448479 -0.01663490
v -0.03415537 -0.01441997 -0.01689351
v -0.03363840 -0.01439665 -0.01741094
v -0.03215724 -0.01433262 -0.01715209
v -0.03164028 -0.01431093 -0.01663461
v -0.03414702 -0.01442714 -0.01497538
v -0.03396987 -0.01444502 -0.00726821
v -0.03396987 -0.01444923 -0.00464322
v -0.02871969 -0.01420770 -0.00447504
v -0.03149417 -0.01396286 -0.00492213
v -0.03132119 -0.01417214 -0.00592247
v -0.03367465 -0.01445642 -0.00602293
v -0.03126284 -0.01409969 -0.00697236
v -0.02870462 -0.01421621 -0.00711785
v -0.03414699 -0.01445597 0.00314455
v -0.03400733 -0.01446764 0.00593170
v -0.02885437 -0.01424349 0.00593204
v -0.03147511 -0.01412921 0.00577757
v -0.03174802 -0.01420764 0.00469561
v -0.02907896 -0.01427370 0.00477731
v -0.03029522 -0.01392576 0.00447788
v -0.03029522 -0.01392418 0.00347786
v -0.03379196 -0.01407825 0.00477766
v -0.03249317 -0.01401978 0.00347774
v -0.02861090 -0.01422808 0.00291333
v -0.03414692 -0.01447270 0.01364450
v -0.03363828 -0.01445077 0.01658896
v -0.03015912 -0.01424569 -0.01715198
v -0.02964213 -0.01422406 -0.01663451
v -0.02867949 -0.01423954 -0.00572258
v -0.02830820 -0.01412491 0.02042488
v -0.02871962 -0.01423657 0.01364492
v -0.02962309 -0.01428354 0.01706068
v -0.03041749 -0.01431189 0.01736534
v -0.03202796 -0.01438195 0.01736528
v -0.02779770 -0.01412516 0.01987377
v -0.02744795 -0.01379868 0.00252806
v -0.02844708 -0.01383868 0.00032803
v -0.02802997 -0.01418936 -0.01952254
v -0.02555125 -0.01413118 0.01163959
v -0.02738118 -0.01415938 -0.02064746
v -0.02616287 -0.01407223 -0.01689295
v -0.02564595 -0.01404898 -0.01741038
v -0.02416480 -0.01398529 -0.01689285
v -0.02364781 -0.01396200 -0.01741030
v -0.02216671 -0.01389836 -0.01689270
v -0.02164970 -0.01387504 -0.01741013
v -0.02555137 -0.01410239 -0.00639439
v -0.02250629 -0.01396989 -0.00639415
v -0.02867895 -0.01421576 -0.02064758
v -0.02190812 -0.01393385 0.01244847
v -0.02242510 -0.01395719 0.01296590
v -0.02216659 -0.01394812 0.01434847
v -0.02164959 -0.01392642 0.01486594
v -0.02190809 -0.01394005 0.01634847
v -0.02242510 -0.01396338 0.01686589
v -0.02738106 -0.01422506 0.02060240
v -0.04251629 -0.01487469 0.01502639
v -0.04145316 -0.01457816 0.01502685
v -0.04251629 -0.01487118 0.01282638
v -0.04145316 -0.01457466 0.01282689
v -0.04031825 -0.01477897 0.01502656
v -0.04031825 -0.01477545 0.01282656
v -0.03277546 -0.01445108 0.01517707
v -0.03059498 -0.01395577 0.01517783
v -0.04198208 -0.01559389 -0.02152472
v -0.04184632 -0.01584299 -0.01852511
v -0.04346322 -0.01605868 -0.02152550
v -0.04484352 -0.01596864 -0.02152531
v -0.04346322 -0.01606347 -0.01852552
v -0.04298075 -0.01565489 -0.01502483
v -0.04917492 -0.01592431 -0.01502521
v -0.04446230 -0.01610696 -0.01852552
v -0.04584252 -0.01601694 -0.01852541
v -0.04646039 -0.01618917 -0.02152568
v -0.05532836 -0.01619267 -0.01016670
v -0.04917492 -0.01592780 -0.01282522
v -0.04298075 -0.01565838 -0.01282482
v -0.04046607 -0.01593306 -0.01852532
v -0.05566895 -0.01623233 0.00544093
v -0.05367100 -0.01614546 0.00544107
v -0.05571895 -0.01624536 0.01227265
v -0.05580147 -0.01665737 0.01729405
v -0.06101387 -0.01648879 0.02047544
v -0.06101387 -0.01648408 0.01749426
v -0.06271225 -0.01655799 0.01749420
v -0.07230377 -0.01698029 0.02059817
v -0.07295268 -0.01700669 0.01947307
v -0.08237636 -0.01781737 0.01965141
v -0.08237636 -0.01781257 0.01667023
v -0.08317562 -0.01784008 0.01207343
v -0.08407480 -0.01789128 0.01965132
v -0.07360160 -0.01703679 0.02059805
v -0.06271225 -0.01656270 0.02047538
v -0.05581885 -0.01626247 0.02027589
v -0.05412048 -0.01618856 0.02027595
v -0.05400318 -0.01657587 0.01525332
v -0.05400318 -0.01657106 0.01227213
v -0.05566895 -0.01623944 0.00990758
v -0.05366479 -0.01629310 0.00854560
v -0.05566275 -0.01637999 0.00854546
v -0.05366479 -0.01629056 0.00694560
v -0.05566895 -0.01623460 0.00687428
v -0.05410307 -0.01658346 0.01729412
v -0.05570155 -0.01664978 0.01525326
v -0.08487397 -0.01791396 0.01207323
v -0.08489137 -0.01750957 0.00909269
v -0.08658853 -0.01759771 0.00853125
v -0.08323953 -0.01744664 0.00874198
v -0.08326750 -0.01744762 0.00497553
v -0.08389241 -0.01743519 -0.01032757
v -0.07969629 -0.01725256 -0.01032727
v -0.08658853 -0.01759211 0.00497529
v -0.08389241 -0.01743197 -0.01232755
v -0.08389246 -0.01742595 -0.01612758
v -0.08389246 -0.01742917 -0.01412755
v -0.07969629 -0.01724660 -0.01412725
v -0.07969629 -0.01724940 -0.01232725
v -0.07796206 -0.01741983 -0.01507753
v -0.07796206 -0.01742330 -0.01287752
v -0.07654130 -0.01711535 -0.01030910
v -0.07654136 -0.01710736 -0.01533508
v -0.06880670 -0.01677089 -0.01533454
v -0.06745797 -0.01670885 -0.01737648
v -0.06770769 -0.01672357 -0.01497647
v -0.06626073 -0.01691080 -0.01502675
v -0.06569219 -0.01703488 -0.01590649
v -0.06595939 -0.01665449 -0.01057636
v -0.06569871 -0.01689002 -0.01273061
v -0.06400029 -0.01681613 -0.01273040
v -0.06399377 -0.01697129 -0.00942525
v -0.06569219 -0.01704516 -0.00942537
v -0.06399377 -0.01696097 -0.01590641
v -0.06644152 -0.01706506 -0.01737700
v -0.06838205 -0.01676016 -0.01044252
v -0.07969636 -0.01724338 -0.01612728
v -0.01249264 -0.00003689 0.01067034
v -0.00904930 -0.00002638 0.00751382
v -0.01269783 0.00121245 0.01086900
v -0.00908778 0.00122353 0.00750196
v -0.00762617 0.00122732 0.00661307
v -0.00670492 0.00142310 0.00554467
v -0.01256678 0.00314788 0.01115741
v -0.01203473 0.00525245 0.01119382
v -0.01029658 0.00355136 0.00895575
v -0.00817775 0.00253561 0.00719243
v -0.00738414 0.00265691 0.00623317
v -0.00592861 0.00329071 0.00547380
v -0.00562376 0.00233990 0.00497482
v -0.00364851 -0.00001378 0.00500243
v -0.00557180 0.00335277 0.00499400
v -0.00555232 0.00354431 -0.00527905
v -0.00364853 0.00000216 -0.00500243
v -0.00563096 0.00259735 -0.00515000
v -0.00625779 0.00122212 -0.00537986
v -0.00653693 0.00244841 -0.00593147
v -0.00769579 0.00257716 -0.00655488
v -0.00851453 0.00263787 -0.00723896
v -0.01256684 0.00318340 -0.01114724
v -0.01200337 0.00511297 -0.01097168
v -0.01287727 0.00118762 -0.01111905
v -0.01029667 0.00357988 -0.00894433
v -0.01226551 0.00596362 -0.01166927
v -0.01254013 0.00474614 -0.01463869
v -0.01116144 0.00633962 -0.01463800
v -0.01187205 0.00545456 -0.01569286
v -0.00912238 0.00905847 -0.01563438
v -0.00979572 0.00695690 -0.01603520
v -0.00780189 0.00909391 -0.01616108
v -0.00664097 0.00901517 -0.01618018
v -0.01042658 0.00500043 -0.01632587
v -0.01141878 0.00703365 -0.01342916
v -0.01043331 0.00843405 -0.01454335
v -0.01293232 0.00125332 -0.01504454
v -0.01110455 0.00457412 -0.01603895
v -0.01166760 0.00000713 -0.01614165
v -0.01243203 0.00000546 -0.01586095
v -0.00897221 0.00106959 -0.00749826
v -0.00895456 -0.00007193 -0.00752504
v -0.01249144 -0.00009221 -0.01062900
v -0.00762623 0.00124836 -0.00660908
v -0.00756187 -0.00000346 -0.00538911
v -0.00738087 0.00138125 -0.00533152
v -0.00644049 -0.00000268 -0.00476050
v -0.00754107 0.00010492 0.00536715
v -0.00993679 -0.00002784 0.00754683
v -0.01238673 -0.00003529 0.00977001
v -0.01225436 0.00900254 -0.01386016
v -0.01213296 0.00796076 -0.01304568
v -0.01108019 0.00894226 -0.01390893
v -0.01225430 0.00895837 0.01388877
v -0.01108010 0.00889790 0.01393736
v -0.01235196 0.00792072 0.01311536
v -0.00836943 0.00315416 0.00656289
v -0.01238626 0.00580328 0.01029439
v -0.00864252 0.00307608 0.00608296
v -0.01067310 0.00418818 0.00818658
v -0.01244584 0.00667533 0.01164352
v -0.01245700 0.00598935 0.01166233
v -0.01245316 0.00584548 -0.01035954
v -0.01383888 0.00599408 -0.01013386
v -0.01067322 0.00421426 -0.00817314
v -0.00858770 0.00317526 -0.00626262
v -0.01532229 0.00577504 -0.01026882
v -0.01431816 0.00534135 -0.00914399
v -0.01407378 0.00491363 -0.00828820
v -0.01411616 0.00403926 -0.00744295
v -0.01486182 0.00370969 -0.00609058
v -0.01031562 0.00228500 -0.00459811
v -0.01614746 0.00351524 -0.00532424
v -0.01783776 0.00355056 -0.00423640
v -0.01086191 0.00193479 -0.00229925
v -0.01141261 0.00158974 0.00000266
v -0.01086193 0.00192745 0.00230533
v -0.01850533 0.00335118 0.00232536
v -0.01783776 0.00353706 0.00424775
v -0.01584843 0.00363290 0.00546986
v -0.01031556 0.00227034 0.00460544
v -0.01466748 0.00358432 0.00628436
v -0.01411613 0.00401553 0.00745585
v -0.01407378 0.00488722 0.00830388
v -0.01431812 0.00531220 0.00916100
v -0.01532220 0.00574228 0.01028724
v -0.01383876 0.00596177 0.01015299
v -0.00734365 0.00388516 0.00518595
v -0.00683234 0.00416864 0.00502523
v -0.00845494 0.00295755 0.00182528
v -0.00845486 0.00296339 -0.00181611
v -0.00633868 0.00399563 -0.00495193
v -0.00756678 0.00352600 -0.00536525
v -0.01850513 0.00321534 0.00000517
v -0.01850533 0.00335857 -0.00231457
v -0.00616399 0.00402983 0.00500402
v -0.01240634 0.00121456 0.00983810
v -0.00974202 0.00122246 0.00752276
v -0.00870031 0.00122577 0.00649661
v -0.01244591 0.00671239 -0.01162215
v -0.01251214 0.00766575 -0.01360207
v -0.01216580 0.00916179 -0.01535058
v -0.01058962 0.00894168 -0.01450028
v -0.01180723 0.00740898 0.01347267
v -0.01210218 0.00895673 0.01506212
v -0.01067045 0.00878988 0.01457721
v -0.01262756 0.00562702 -0.01123023
v -0.01677051 0.00591654 -0.01128562
v -0.01575088 0.00536466 -0.01052987
v -0.01607921 0.00545692 0.01073378
v -0.01670634 0.00595554 0.01119744
v -0.00822345 0.00250349 0.00619310
v -0.01489974 -0.00015414 -0.00183351
v -0.01460085 0.00198663 -0.00150353
v -0.01339973 -0.00015175 -0.00183351
v -0.01340274 0.00171782 -0.00150396
v -0.01489974 -0.00016035 0.00206642
v -0.01466737 0.00194573 0.00239751
v -0.01339973 -0.00015796 0.00206642
v -0.01340291 0.00183074 0.00239623
v -0.01486235 0.00599480 -0.01158797
v -0.00989020 0.00159168 -0.00214159
v -0.00799420 0.00273136 -0.00615759
v -0.00989020 0.00158489 0.00214672
v -0.01486229 0.00595784 0.01160705
v -0.01272407 0.00547841 0.01085591
v -0.00712371 0.00294882 0.00552362
v -0.01008143 0.00838778 0.01446522
v -0.01107776 0.00678152 0.01345115
v -0.00663534 0.00896361 0.01621183
v -0.00998425 0.00500038 0.01620262
v -0.00804899 0.00896151 0.01612126
v -0.00979567 0.00690579 0.01605728
v -0.00928378 0.00896055 0.01548495
v -0.01160681 -0.00004457 0.01638260
v -0.01098655 0.00470974 0.01626727
v -0.01235124 -0.00004483 0.01579916
v -0.01280321 0.00120500 0.01544281
v -0.01187193 0.00540453 0.01571025
v -0.01254001 0.00469950 0.01465377
v -0.01366778 0.00120991 0.01148092
v -0.01374518 0.00120479 0.01464825
v -0.01259166 0.00562370 0.01465529
v -0.01331979 0.00358969 0.01184904
v -0.01170426 0.00650120 0.01465666
v -0.01250139 0.00089334 0.01643687
v -0.00601000 0.00112706 0.00470179
v -0.00644046 -0.00001784 0.00476050
v -0.01238676 -0.00000417 -0.00977001
v -0.00993685 -0.00000381 -0.00754683
v -0.00657985 0.00394469 -0.00576490
v -0.00834715 0.00327265 -0.00700188
v -0.00974208 0.00124642 -0.00751877
v -0.00870037 0.00124645 -0.00649261
v -0.01255392 0.00124600 -0.01007171
v -0.00987148 0.00900710 -0.01432865
v -0.01340144 0.00125360 -0.01570028
v -0.01250163 0.00104917 -0.01640731
v -0.00765654 0.00345573 0.00339073
v -0.00859028 0.00287560 0.00000455
v -0.00765648 0.00346655 -0.00337979
v -0.03930348 -0.01819795 -0.01016986
v -0.03930336 -0.01821637 0.00138706
v -0.05521106 -0.01890856 0.00138599
v -0.05521106 -0.01889020 -0.01017099
v -0.02768808 0.01244997 -0.00608009
v -0.02193945 0.01208746 -0.00608069
v -0.02193939 0.01206487 0.00806928
v -0.02768796 0.01242744 0.00806981
v -0.07401996 0.01975995 0.00702065
v -0.08428657 0.02040737 0.00702166
v -0.08426163 0.02039855 0.01160767
v -0.07399502 0.01975107 0.01160669
v -0.08307700 0.01910072 0.01650098
v -0.07399493 0.01974305 0.01665660
v -0.08426163 0.02039054 0.01665768
v -0.08157993 0.01900611 0.01665549
v -0.08428657 0.02038407 0.02169370
v -0.07401990 0.01973658 0.02169257
v -0.08114290 0.02024680 -0.01657855
v -0.08114278 0.02022618 -0.00360656
v -0.07087630 0.01957857 -0.00360763
v -0.07087630 0.01959925 -0.01657956
v -0.01331984 0.00362742 -0.01183748
v -0.01259166 0.00567031 -0.01463729
v -0.04233428 0.00018744 0.01175042
v -0.04489224 -0.00083710 0.01162335
v -0.04778697 0.00017887 0.01175042
v -0.04641127 0.00056954 0.01150095
v -0.04882546 0.00260366 0.01165382
v -0.04776489 0.00290561 0.01150476
v -0.04641866 0.00524598 0.01150846
v -0.04779571 0.00563145 0.01175907
v -0.04371857 0.00525027 0.01150846
v -0.04234280 0.00564012 0.01175907
v -0.04130262 0.00321565 0.01165479
v -0.04888834 0.00340340 0.01175479
v -0.04236489 0.00291419 0.01150476
v -0.04124444 0.00241558 0.01175318
v -0.04371118 0.00057384 0.01150095
v -0.04148864 0.00303818 0.01300497
v -0.04523750 0.00665652 0.01163527
v -0.04457107 0.00680524 0.01188472
v -0.04224085 0.00574034 0.01300925
v -0.04457116 0.00687695 0.01301109
v -0.04519555 0.00648376 0.01301042
v -0.04493416 -0.00066872 0.01299902
v -0.04223209 0.00008358 0.01300024
v -0.04109549 0.00241381 0.01300400
v -0.04864119 0.00277680 0.01300458
v -0.04903435 0.00340116 0.01300555
v -0.04789799 0.00573128 0.01300925
v -0.04555866 -0.00098662 0.01187231
v -0.04788887 0.00007464 0.01300024
v -0.04555857 -0.00106186 0.01299840
v -0.04649382 0.00537339 0.01300868
v -0.04776489 0.00290322 0.01300477
v -0.04648601 0.00043711 0.01300075
v -0.04363599 0.00044165 0.01300075
v -0.04236489 0.00291181 0.01300477
v -0.04364377 0.00537792 0.01300868
v -0.06688028 -0.00358787 -0.01169249
v -0.06708854 -0.00321110 -0.01300497
v -0.06688187 -0.00258787 -0.01169088
v -0.07115911 -0.00687879 -0.01169763
v -0.07099285 -0.00663807 -0.01301038
v -0.07015909 -0.00687723 -0.01169763
v -0.07015907 -0.00690964 -0.01301082
v -0.06793442 -0.00581577 -0.01175907
v -0.07338712 -0.00582457 -0.01175907
v -0.06931138 -0.00543028 -0.01150846
v -0.06796520 -0.00308990 -0.01150476
v -0.06931889 -0.00075384 -0.01150095
v -0.06794313 -0.00036318 -0.01175042
v -0.07201886 -0.00075814 -0.01150095
v -0.07339588 -0.00037188 -0.01175042
v -0.07442844 -0.00279995 -0.01165382
v -0.07336515 -0.00309849 -0.01150476
v -0.07448401 -0.00359988 -0.01175479
v -0.07201135 -0.00543457 -0.01150846
v -0.07421144 -0.00276411 -0.01300426
v -0.07448298 -0.00359788 -0.01300555
v -0.07117120 0.00072798 -0.01174783
v -0.07037112 0.00066750 -0.01164824
v -0.07349818 -0.00026800 -0.01300024
v -0.07117146 0.00087599 -0.01299840
v -0.07054583 0.00048483 -0.01299902
v -0.07348906 -0.00592476 -0.01300925
v -0.06669735 -0.00258547 -0.01300400
v -0.06784117 -0.00025902 -0.01300024
v -0.06783229 -0.00591570 -0.01300925
v -0.06924409 -0.00062141 -0.01300075
v -0.06796520 -0.00308752 -0.01300477
v -0.06923619 -0.00555769 -0.01300868
v -0.07208616 -0.00556222 -0.01300868
v -0.07336515 -0.00309610 -0.01300477
v -0.07209408 -0.00062595 -0.01300075
v -0.07487118 -0.00147685 -0.02265215
v -0.07273313 0.00092013 -0.02257839
v -0.07486605 -0.00468942 -0.02265727
v -0.07366520 -0.00308067 -0.02300465
v -0.07326078 -0.00458014 -0.02300709
v -0.07272036 -0.00707980 -0.02259109
v -0.07216095 -0.00567639 -0.02300888
v -0.07066035 -0.00607586 -0.02300947
v -0.06916117 -0.00567162 -0.02300888
v -0.06859721 -0.00707325 -0.02259109
v -0.06806480 -0.00457186 -0.02300709
v -0.06766515 -0.00307113 -0.02300465
v -0.06639476 -0.00129617 -0.02276790
v -0.06806957 -0.00157165 -0.02300238
v -0.06861001 0.00092669 -0.02257839
v -0.06916940 -0.00047542 -0.02300059
v -0.07067000 -0.00007594 -0.02300000
v -0.06645905 -0.00467601 -0.02265727
v -0.07216918 -0.00048020 -0.02300059
v -0.07326555 -0.00157994 -0.02300238
v -0.04066348 0.00450542 0.02265727
v -0.04280920 0.00689580 0.02261109
v -0.04065835 0.00129285 0.02265215
v -0.04186445 0.00289667 0.02300465
v -0.04226410 0.00139594 0.02300238
v -0.04279651 -0.00110412 0.02259839
v -0.04336035 0.00029621 0.02300059
v -0.04485964 -0.00010805 0.02300000
v -0.04636019 0.00029143 0.02300059
v -0.04691967 -0.00111068 0.02259839
v -0.04746007 0.00138765 0.02300238
v -0.04786449 0.00288713 0.02300465
v -0.04907047 0.00449204 0.02265727
v -0.04746484 0.00438786 0.02300709
v -0.04693236 0.00688924 0.02261109
v -0.04636847 0.00548762 0.02300888
v -0.04486918 0.00589186 0.02300947
v -0.04906535 0.00127947 0.02265215
v -0.04336869 0.00549239 0.02300888
v -0.04226887 0.00439614 0.02300709
v -0.01519778 -0.00126401 0.01717302
v -0.01589986 -0.00005267 0.01717495
v -0.01379818 -0.00126177 0.01717302
v -0.01309988 -0.00004821 0.01717495
v -0.01520162 0.00116089 0.01717686
v -0.01380201 0.00116310 0.01717686
v -0.01321050 0.00001178 0.02335004
v -0.01431894 -0.00093313 0.02174571
v -0.01439059 -0.00097102 0.02334849
v -0.01347410 0.00017423 0.02171770
v -0.01444522 0.00076675 0.02335125
v -0.01464218 0.00137582 0.02335223
v -0.01478804 0.00092683 0.02172626
v -0.01570409 -0.00006220 0.02334993
v -0.01576645 -0.00015075 0.02165939
v -0.01179334 -0.00005553 0.02307495
v -0.01303851 0.00228522 0.02310369
v -0.01720641 -0.00006415 0.02307495
v -0.01596871 0.00228055 0.02310369
v -0.01596122 -0.00240499 0.02309624
v -0.01303104 -0.00240030 0.02309624
v -0.01379829 -0.00120705 -0.01717686
v -0.01309996 0.00000649 -0.01717495
v -0.01519787 -0.00120929 -0.01717686
v -0.01589998 0.00000203 -0.01717495
v -0.01380213 0.00121781 -0.01717302
v -0.01520171 0.00121558 -0.01717302
v -0.01578964 0.00008205 -0.02334982
v -0.01467529 -0.00079356 -0.02174972
v -0.01460642 -0.00089700 -0.02335138
v -0.01545062 0.00024283 -0.02171488
v -0.01455730 0.00084093 -0.02334862
v -0.01436230 0.00145066 -0.02334767
v -0.01420498 0.00091568 -0.02172213
v -0.01329586 0.00001600 -0.02334992
v -0.01329339 -0.00005678 -0.02164665
v -0.01725999 0.00000933 -0.02312000
v -0.01592897 0.00236018 -0.02309623
v -0.01173998 0.00001812 -0.02312000
v -0.01307852 0.00236473 -0.02309623
v -0.01307106 -0.00233279 -0.02310369
v -0.01592145 -0.00233734 -0.02310369
v -0.05225687 0.01197165 0.01851920
v -0.05332607 0.01341780 0.01852149
v -0.05119228 0.01342120 0.01852149
v -0.05226045 0.01422756 0.01852279
v -0.05064060 0.01301900 0.02343754
v -0.05211112 0.01224743 0.02185314
v -0.05214922 0.01205887 0.02351934
v -0.05147873 0.01331590 0.02182313
v -0.05220382 0.01379665 0.02352213
v -0.05235449 0.01466065 0.02335681
v -0.05264129 0.01373350 0.02180886
v -0.05095346 0.01109707 0.02323446
v -0.05347218 0.01094489 0.02307968
v -0.05346268 0.01296771 0.02352081
v -0.05454943 0.01308208 0.02323764
v -0.05095945 0.01484721 0.02324046
v -0.05352113 0.01488244 0.02324054
v -0.05320515 0.01279551 0.02173194
v -0.05350439 -0.00713865 0.01848878
v -0.05457359 -0.00569248 0.01849109
v -0.05243977 -0.00568908 0.01849109
v -0.05350798 -0.00488275 0.01849240
v -0.05188805 -0.00609131 0.02340710
v -0.05335806 -0.00686291 0.02182270
v -0.05339665 -0.00705144 0.02348892
v -0.05272587 -0.00579445 0.02179272
v -0.05345131 -0.00531365 0.02349173
v -0.05360202 -0.00444968 0.02332642
v -0.05388808 -0.00537686 0.02177843
v -0.05220093 -0.00801321 0.02320403
v -0.05480500 -0.00801736 0.02320403
v -0.05471010 -0.00614260 0.02349034
v -0.05580587 -0.00614389 0.02320704
v -0.05220687 -0.00426310 0.02321000
v -0.05481100 -0.00426725 0.02321000
v -0.05445217 -0.00631485 0.02170153
v -0.03257727 -0.00041199 0.01849939
v -0.03364646 0.00103418 0.01850178
v -0.03151267 0.00103760 0.01850178
v -0.03258085 0.00184393 0.01850295
v -0.03096497 0.00058041 0.02341765
v -0.03243113 -0.00013570 0.02183335
v -0.03246957 -0.00032477 0.02349958
v -0.03179888 0.00093259 0.02180336
v -0.03252416 0.00141299 0.02350230
v -0.03266690 0.00244128 0.02309097
v -0.03296117 0.00135053 0.02178910
v -0.03131437 -0.00132424 0.02321464
v -0.03385607 -0.00131158 0.02321466
v -0.03378298 0.00058406 0.02350100
v -0.03487616 0.00052225 0.02321757
v -0.03156876 0.00274827 0.02316695
v -0.03359387 0.00278411 0.02322119
v -0.03352522 0.00041234 0.02171212
v -0.07860438 0.00539660 -0.01829119
v -0.07753977 0.00684619 -0.01828887
v -0.07967358 0.00684279 -0.01828887
v -0.07860797 0.00765252 -0.01828759
v -0.08010773 0.00646412 -0.02328952
v -0.07873718 0.00571918 -0.02165298
v -0.07871236 0.00549941 -0.02329106
v -0.07935741 0.00677304 -0.02162218
v -0.07866332 0.00723736 -0.02328826
v -0.07849657 0.00803969 -0.02322701
v -0.07823811 0.00714155 -0.02163677
v -0.07968580 0.00424576 -0.02300764
v -0.07732344 0.00444472 -0.02309277
v -0.07740186 0.00641242 -0.02328963
v -0.07624597 0.00641395 -0.02308956
v -0.07985845 0.00840340 -0.02308645
v -0.07732970 0.00837974 -0.02308650
v -0.07765419 0.00630121 -0.02156052
v -0.07773638 -0.01425540 -0.01832248
v -0.07667177 -0.01280581 -0.01832017
v -0.07880556 -0.01280922 -0.01832017
v -0.07773995 -0.01199948 -0.01831889
v -0.07931564 -0.01324243 -0.02329363
v -0.07786951 -0.01393283 -0.02168427
v -0.07784437 -0.01415255 -0.02332235
v -0.07848972 -0.01287893 -0.02165348
v -0.07779532 -0.01241460 -0.02331955
v -0.07762858 -0.01161231 -0.02325829
v -0.07737029 -0.01251044 -0.02166807
v -0.07897356 -0.01524753 -0.02312413
v -0.07645541 -0.01520730 -0.02312407
v -0.07653385 -0.01323953 -0.02332092
v -0.07537796 -0.01323805 -0.02312085
v -0.07890713 -0.01117315 -0.02302585
v -0.07646169 -0.01127221 -0.02311779
v -0.07678617 -0.01335076 -0.02159183
v -0.07425778 0.00063088 -0.02198630
v -0.07067364 0.00222208 -0.02176296
v -0.06708438 0.00064230 -0.02198630
v -0.06547948 -0.00306948 -0.02184762
v -0.06707253 -0.00678589 -0.02199815
v -0.07065698 -0.00821544 -0.02171293
v -0.07424598 -0.00679732 -0.02199815
v -0.07585087 -0.00308599 -0.02184762
v -0.07065850 -0.00724500 -0.02146135
v -0.07387739 -0.00630079 -0.02145985
v -0.07500394 -0.00308523 -0.02146599
v -0.07388766 0.00013382 -0.02144960
v -0.07067246 0.00147158 -0.02144745
v -0.06745297 0.00014406 -0.02144960
v -0.06632641 -0.00307143 -0.02146599
v -0.06744270 -0.00629051 -0.02145985
v -0.07403810 0.00027920 -0.01853688
v -0.07518081 -0.00309017 -0.01853709
v -0.07402740 -0.00645593 -0.01854758
v -0.07065798 -0.00759299 -0.01854192
v -0.06729220 -0.00644521 -0.01854758
v -0.06614953 -0.00307581 -0.01853709
v -0.06730294 0.00028992 -0.01853688
v -0.07067233 0.00142693 -0.01852756
v -0.07307235 -0.00555299 -0.01847532
v -0.07313517 -0.00067607 -0.01846755
v -0.06825797 -0.00061325 -0.01846747
v -0.06819510 -0.00549015 -0.01847522
v -0.07295209 -0.00079865 -0.02147110
v -0.07294481 -0.00536529 -0.02147835
v -0.06837827 -0.00535802 -0.02147835
v -0.06838551 -0.00079137 -0.02147110
v -0.07067051 0.00025912 -0.02146193
v -0.07065994 -0.00636166 -0.02145993
v -0.07381620 -0.00308356 -0.02133470
v -0.06751417 -0.00307352 -0.02133470
v -0.04142028 0.00659279 0.02213062
v -0.04493965 0.00819373 0.02177985
v -0.04839349 0.00651417 0.02202718
v -0.04989699 0.00288584 0.02176411
v -0.04838194 -0.00073845 0.02201561
v -0.04492281 -0.00240618 0.02176296
v -0.04140851 -0.00079518 0.02211884
v -0.03981459 0.00290169 0.02190476
v -0.04495781 -0.00139325 0.02146038
v -0.04160211 -0.00051723 0.02118393
v -0.04048243 0.00290146 0.02137858
v -0.04161301 0.00631720 0.02119480
v -0.04497143 0.00718166 0.02147404
v -0.04815166 0.00607115 0.02143478
v -0.04909793 0.00288763 0.02145476
v -0.04814159 -0.00029277 0.02142467
v -0.04155295 0.00638800 0.01877305
v -0.04036563 0.00290605 0.01861294
v -0.04154183 -0.00058014 0.01876199
v -0.04497751 -0.00161111 0.01852756
v -0.04821028 -0.00032365 0.01854962
v -0.04932351 0.00289189 0.01854356
v -0.04822052 0.00611097 0.01855985
v -0.04499184 0.00740881 0.01854192
v -0.04251619 0.00043684 0.01846747
v -0.04246893 0.00531391 0.01847522
v -0.04734632 0.00536121 0.01847532
v -0.04739360 0.00048413 0.01846755
v -0.04258478 0.00518130 0.02147835
v -0.04257749 0.00061466 0.02147110
v -0.04714409 0.00060739 0.02147110
v -0.04715136 0.00517403 0.02147835
v -0.04485919 -0.00038893 0.02144952
v -0.04171345 0.00289958 0.02133470
v -0.04486964 0.00617766 0.02145993
v -0.04801549 0.00288954 0.02133470
v -0.01523258 0.00102901 0.02104952
v -0.01586454 -0.00005845 0.02083527
v -0.01522922 -0.00117486 0.02114866
v -0.01358454 -0.00110634 0.02106543
v -0.01313519 -0.00005410 0.02083527
v -0.01362433 0.00103900 0.02118816
v -0.01381912 0.00108932 -0.02099583
v -0.01313525 0.00001226 -0.02083527
v -0.01380671 -0.00110072 -0.02112044
v -0.01537604 -0.00102564 -0.02100692
v -0.01586466 0.00000792 -0.02083527
v -0.01534695 0.00109561 -0.02114986
v -0.05297090 0.01368363 0.02112189
v -0.05305608 0.01180129 0.02125223
v -0.05119082 0.01253321 0.02112006
v -0.05137598 0.01385879 0.02112215
v -0.04990845 0.01297396 0.02317076
v -0.05421841 -0.00542670 0.02109149
v -0.05421088 -0.00721125 0.02122199
v -0.05243831 -0.00657710 0.02108967
v -0.05264527 -0.00515392 0.02129191
v -0.05115598 -0.00613642 0.02314037
v -0.03329130 0.00129994 0.02110216
v -0.03301912 -0.00047783 0.02109933
v -0.03154526 -0.00022908 0.02123304
v -0.03139543 0.00173065 0.02130287
v -0.02996448 0.00035362 0.02280062
v -0.07789582 0.00711912 -0.02088842
v -0.07816234 0.00534046 -0.02089125
v -0.07972293 0.00575101 -0.02101061
v -0.07949125 0.00728917 -0.02088814
v -0.08096118 0.00654260 -0.02295603
v -0.07702779 -0.01253282 -0.02091976
v -0.07729432 -0.01431152 -0.02092260
v -0.07880422 -0.01368892 -0.02092158
v -0.07882978 -0.01221670 -0.02111925
v -0.08008795 -0.01324576 -0.02297085
v -0.06173777 -0.01696246 0.00486785
v -0.06264165 -0.01786923 0.00486639
v -0.06254265 -0.01600951 0.00457112
v -0.06354838 -0.01696539 0.00486785
v -0.06339256 -0.01771346 0.01407194
v -0.06325580 -0.01684152 0.01283333
v -0.06264446 -0.01609786 0.01387451
v -0.06264180 -0.01774675 0.01281386
v -0.06151589 -0.01762696 0.01407205
v -0.06210722 -0.01685102 0.01281456
v -0.06428998 -0.01602917 0.01277464
v -0.06264535 -0.01552656 0.01277541
v -0.06423547 -0.01809027 0.01277130
v -0.06258461 -0.01892489 0.01277002
v -0.06088506 -0.01614812 0.01277446
v -0.06098156 -0.01799592 0.01277145
v -0.08575979 -0.00314432 0.00488990
v -0.08666363 -0.00405106 0.00488844
v -0.08666655 -0.00224051 0.00489136
v -0.08757037 -0.00314724 0.00488990
v -0.08741464 -0.00389532 0.01409403
v -0.08727784 -0.00302336 0.01285537
v -0.08666644 -0.00227972 0.01389656
v -0.08666386 -0.00392864 0.01283595
v -0.08553794 -0.00380883 0.01409417
v -0.08612926 -0.00303288 0.01283661
v -0.08838159 -0.00223476 0.01279664
v -0.08677778 -0.00153438 0.01279773
v -0.08837858 -0.00408754 0.01279372
v -0.08682668 -0.00509500 0.01279211
v -0.08502119 -0.00220579 0.01279670
v -0.08501815 -0.00410575 0.01279366
v -0.06178188 0.01075017 0.00491196
v -0.06268575 0.00984347 0.00491053
v -0.06268861 0.01165401 0.00491342
v -0.06364472 0.01066066 0.00461358
v -0.06343670 0.00999925 0.01411606
v -0.06329995 0.01087117 0.01287747
v -0.06268857 0.01161481 0.01391864
v -0.06268594 0.00996591 0.01285803
v -0.06156000 0.01008576 0.01411622
v -0.06215135 0.01086165 0.01285869
v -0.06428354 0.01184442 0.01281902
v -0.06265298 0.01236857 0.01281988
v -0.06433105 0.00978357 0.01281577
v -0.06268417 0.00883615 0.01281416
v -0.06102902 0.01176091 0.01281887
v -0.06092646 0.00991389 0.01281598
v -0.05683227 0.01458273 -0.00442398
v -0.05603196 0.01371407 -0.00457448
v -0.05603478 0.01545445 -0.00457172
v -0.05523447 0.01458525 -0.00442398
v -0.05528152 0.01386698 -0.01407776
v -0.05545837 0.01478463 -0.01283630
v -0.05603479 0.01547950 -0.01387518
v -0.05594525 0.01383740 -0.01281981
v -0.05715849 0.01394748 -0.01407760
v -0.05659124 0.01467104 -0.01281772
v -0.05428555 0.01582892 -0.01277462
v -0.05622361 0.01620336 -0.01277405
v -0.05414271 0.01366138 -0.01261142
v -0.05603039 0.01269739 -0.01277965
v -0.05779715 0.01541125 -0.01277527
v -0.05768662 0.01356518 -0.01277825
v -0.03029151 0.00660855 -0.00443673
v -0.02949126 0.00573989 -0.00458723
v -0.02949404 0.00748024 -0.00458447
v -0.02869369 0.00661111 -0.00443673
v -0.02874078 0.00589273 -0.01409049
v -0.02891766 0.00681041 -0.01284907
v -0.02949404 0.00750529 -0.01388800
v -0.02940452 0.00586319 -0.01283260
v -0.03061771 0.00597322 -0.01409036
v -0.03005052 0.00669683 -0.01283049
v -0.02790576 0.00774366 -0.01278757
v -0.02953803 0.00825500 -0.01278676
v -0.02769702 0.00591499 -0.01279047
v -0.02930001 0.00449363 -0.01279274
v -0.03113955 0.00757050 -0.01278787
v -0.03140956 0.00588804 -0.01254051
v -0.05046777 -0.01238921 -0.00446694
v -0.04966751 -0.01325794 -0.00461745
v -0.04967026 -0.01151758 -0.00461469
v -0.04886994 -0.01238672 -0.00446694
v -0.04967035 -0.01149725 -0.01411819
v -0.04890976 -0.01303459 -0.01387064
v -0.04971806 -0.01184722 -0.01288873
v -0.05079397 -0.01302456 -0.01412063
v -0.04971124 -0.01291166 -0.01286168
v -0.04831164 -0.01177203 -0.01281863
v -0.04967194 -0.01047468 -0.01281654
v -0.04785279 -0.01333683 -0.01290444
v -0.04866898 -0.01237308 -0.01281958
v -0.04949187 -0.01430916 -0.01282262
v -0.05070426 -0.01250177 -0.01281976
v -0.05160940 -0.01147677 -0.01281815
v -0.05117994 -0.01357564 -0.01282146
v -0.06420328 -0.01608091 0.01397458
v -0.06264013 -0.01877844 0.01397022
v -0.06108566 -0.01607597 0.01397458
v -0.06099605 -0.01792567 0.01387155
v -0.06428688 -0.01793086 0.01387155
v -0.06264609 -0.01507824 0.01387619
v -0.08822528 -0.00226277 0.01399663
v -0.08666220 -0.00496030 0.01399234
v -0.08510768 -0.00225779 0.01399663
v -0.08501815 -0.00410747 0.01389366
v -0.08830899 -0.00411272 0.01389366
v -0.08666807 -0.00126010 0.01389819
v -0.06424739 0.01163178 0.01401865
v -0.06268432 0.00893426 0.01401435
v -0.06112977 0.01163678 0.01401865
v -0.06104028 0.00978702 0.01391577
v -0.06433105 0.00978178 0.01391577
v -0.06269019 0.01263439 0.01392024
v -0.05447602 0.01550176 -0.01397516
v -0.05603054 0.01279922 -0.01397946
v -0.05759360 0.01549684 -0.01397516
v -0.05767726 0.01364648 -0.01387804
v -0.05438649 0.01365166 -0.01387804
v -0.05603647 0.01649910 -0.01387357
v -0.02793520 0.00752753 -0.01398792
v -0.02948984 0.00482503 -0.01399221
v -0.03105285 0.00752255 -0.01398792
v -0.03113657 0.00567228 -0.01389086
v -0.02784568 0.00567752 -0.01389086
v -0.02949565 0.00852489 -0.01388639
v -0.04811146 -0.01147019 -0.01401814
v -0.04966607 -0.01417278 -0.01402241
v -0.05122918 -0.01147520 -0.01401814
v -0.05131280 -0.01332557 -0.01392108
v -0.04784175 -0.01337367 -0.01434618
v -0.04967194 -0.01047295 -0.01391655
v -0.07257385 0.00294890 -0.02106077
v -0.07593992 0.00074101 -0.02132029
v -0.07257385 0.00294550 -0.01892946
v -0.07582232 0.00075182 -0.01881393
v -0.07255463 -0.00911302 -0.02108001
v -0.06864292 -0.00926909 -0.02133631
v -0.07255463 -0.00911641 -0.01894869
v -0.06875648 -0.00911028 -0.01894869
v -0.07581013 -0.00693350 -0.01882622
v -0.07581013 -0.00692971 -0.02119552
v -0.07706621 -0.00309289 -0.01872483
v -0.07706620 -0.00308882 -0.02128471
v -0.06539041 -0.00689813 -0.02133256
v -0.06550801 -0.00691694 -0.01882622
v -0.06877571 0.00295504 -0.02106077
v -0.06877571 0.00295164 -0.01892946
v -0.06552020 0.00076836 -0.01881393
v -0.06552022 0.00077213 -0.02118321
v -0.06426416 -0.00307251 -0.01872483
v -0.06426416 -0.00306844 -0.02128471
v -0.07077404 0.00245881 -0.01906852
v -0.06682435 0.00090122 -0.01926800
v -0.06681212 -0.00714303 -0.01917084
v -0.07055628 -0.00862315 -0.01908615
v -0.07450598 -0.00706489 -0.01928064
v -0.07451822 0.00097899 -0.01915791
v -0.07067370 0.00231314 -0.02073270
v -0.07463773 0.00088035 -0.02071539
v -0.07450598 -0.00706256 -0.02074146
v -0.07065666 -0.00847218 -0.02074984
v -0.06669261 -0.00703942 -0.02072800
v -0.06682435 0.00090354 -0.02072880
v -0.06752979 0.00319931 -0.02009472
v -0.07070110 0.00403714 -0.02006004
v -0.06449427 0.00028329 -0.02009936
v -0.06355605 -0.00317019 -0.02013822
v -0.06455550 -0.00655860 -0.02011028
v -0.06679434 -0.00893581 -0.02011406
v -0.07069059 -0.01023961 -0.02006615
v -0.07429744 -0.00919223 -0.02014778
v -0.07673213 -0.00663257 -0.02011037
v -0.07767143 -0.00350508 -0.02010541
v -0.07666376 0.00058168 -0.02009889
v -0.07414202 0.00312102 -0.02012817
v -0.06904850 0.00180855 -0.01999695
v -0.06681316 0.00006477 -0.01999974
v -0.06553474 -0.00307258 -0.02000474
v -0.06680341 -0.00621376 -0.02000969
v -0.06903321 -0.00796452 -0.02001249
v -0.07228184 -0.00796992 -0.02001249
v -0.07451717 -0.00622612 -0.02000969
v -0.07579560 -0.00308875 -0.02000474
v -0.07452691 0.00005241 -0.01999974
v -0.07229714 0.00180313 -0.01999695
v -0.04317535 0.00892862 0.02108001
v -0.03980226 0.00673062 0.02133256
v -0.04317537 0.00893201 0.01894869
v -0.03991992 0.00674906 0.01882622
v -0.04315618 -0.00313330 0.02106077
v -0.04706744 -0.00330265 0.02131657
v -0.04315620 -0.00312990 0.01892946
v -0.04695440 -0.00313586 0.01892946
v -0.03990766 -0.00093627 0.01881393
v -0.03990766 -0.00094003 0.02118321
v -0.03846367 0.00290903 0.01865620
v -0.03846367 0.00290474 0.02135335
v -0.05032748 -0.00094207 0.02132029
v -0.05020985 -0.00095253 0.01881393
v -0.04697358 0.00892267 0.02108001
v -0.04697358 0.00892605 0.01894869
v -0.05022211 0.00673277 0.01882622
v -0.05022211 0.00672899 0.02119552
v -0.05132288 0.00288848 0.01869340
v -0.05146588 0.00288413 0.02128471
v -0.04890062 0.00672144 0.01901748
v -0.04507354 0.00829021 0.01927677
v -0.04882552 -0.00119673 0.01880268
v -0.04513586 -0.00273224 0.01891385
v -0.04507354 0.00828787 0.02074984
v -0.04505624 -0.00249743 0.02073270
v -0.04902481 -0.00107728 0.02071539
v -0.04891834 0.00686601 0.02074146
v -0.04844915 0.00873661 0.02001404
v -0.04504453 0.00992700 0.01976591
v -0.05124643 0.00624087 0.01976007
v -0.05209010 0.00308469 0.01975506
v -0.05116343 -0.00060075 0.01974919
v -0.04843056 -0.00295460 0.01999539
v -0.04487016 -0.00412863 0.01974353
v -0.04171502 -0.00328121 0.01974487
v -0.03898668 -0.00063595 0.01974907
v -0.03831487 0.00290710 0.02000474
v -0.03907802 0.00657806 0.01976058
v -0.04138946 0.00888681 0.01976427
v -0.04669710 0.00778045 0.02001249
v -0.04902042 0.00610760 0.01985071
v -0.05019537 0.00288810 0.02000474
v -0.04900980 -0.00032683 0.01984052
v -0.04668129 -0.00199263 0.01999695
v -0.04343263 -0.00198766 0.01999695
v -0.04105326 -0.00036129 0.01999955
v -0.03993443 0.00290461 0.02000474
v -0.04106408 0.00616666 0.02000988
v -0.04344843 0.00778539 0.02001249
v -0.07547724 -0.00735637 -0.02001153
v -0.07517385 -0.00760472 -0.01937550
v -0.07417237 -0.00770280 -0.02001208
v -0.07517385 -0.00760269 -0.02064830
v -0.07269469 -0.00918955 -0.02001449
v -0.07160043 -0.00917992 -0.01969623
v -0.07127577 -0.00840187 -0.02001315
v -0.07169377 -0.00908536 -0.02065068
v -0.06939758 -0.00905742 -0.02055746
v -0.06876818 -0.00952689 -0.02008167
v -0.06855320 -0.00879508 -0.02065026
v -0.07003778 -0.00840080 -0.02001315
v -0.06961685 -0.00908452 -0.01937788
v -0.06614208 -0.00759035 -0.01937550
v -0.06674694 -0.00771991 -0.02001211
v -0.06614208 -0.00758833 -0.02064830
v -0.06572389 -0.00690573 -0.02001088
v -0.06549937 -0.00417203 -0.01937008
v -0.06597846 -0.00432849 -0.02000677
v -0.06496722 -0.00402653 -0.02064260
v -0.06541537 -0.00486684 -0.02056943
v -0.06449377 -0.00472271 -0.02064377
v -0.06468496 -0.00513186 -0.01979589
v -0.06447327 -0.00392258 -0.02000606
v -0.06477683 -0.00448500 -0.01908877
v -0.06555795 -0.00501174 -0.01937139
v -0.06598246 -0.00181794 -0.02000278
v -0.06568138 -0.00127835 -0.01957760
v -0.06525719 -0.00105072 -0.02063790
v -0.06519520 -0.00188984 -0.02070516
v -0.06449896 -0.00141692 -0.02063846
v -0.06446071 -0.00186700 -0.01979066
v -0.06488198 -0.00071393 -0.02000099
v -0.06485405 -0.00132456 -0.01927767
v -0.06527715 -0.00219959 -0.01936697
v -0.06585312 0.00119500 -0.01999792
v -0.06615650 0.00144130 -0.01936119
v -0.06715786 0.00154140 -0.01999738
v -0.06615650 0.00144333 -0.02063399
v -0.06863566 0.00302818 -0.01999497
v -0.06972989 0.00301751 -0.01967680
v -0.07005459 0.00224048 -0.01999628
v -0.06963658 0.00292599 -0.02063155
v -0.07162049 0.00301611 -0.02031320
v -0.07242141 0.00339282 -0.02006107
v -0.07129257 0.00223941 -0.01999628
v -0.07171338 0.00292116 -0.01935875
v -0.07518827 0.00142693 -0.01936119
v -0.07458339 0.00155854 -0.01999735
v -0.07518827 0.00142896 -0.02063399
v -0.07560646 0.00074437 -0.01999855
v -0.07583100 -0.00199130 -0.01936658
v -0.07535189 -0.00183284 -0.02000278
v -0.07636308 -0.00213277 -0.02063962
v -0.07591496 -0.00129268 -0.02056371
v -0.07683658 -0.00143653 -0.02063846
v -0.07664531 -0.00103013 -0.01978929
v -0.07685697 -0.00223869 -0.02000337
v -0.07655343 -0.00167923 -0.01908427
v -0.07577240 -0.00115156 -0.01936525
v -0.07534790 -0.00434339 -0.02000677
v -0.07564898 -0.00488432 -0.01958332
v -0.07607314 -0.00510859 -0.02064433
v -0.07613513 -0.00426921 -0.02070890
v -0.07683140 -0.00474238 -0.02064377
v -0.07686954 -0.00429495 -0.01979450
v -0.07644838 -0.00544739 -0.02000850
v -0.07647625 -0.00483908 -0.01928325
v -0.07605320 -0.00396377 -0.01936966
v -0.04023930 -0.00136396 0.01999792
v -0.04089691 -0.00151656 0.01927345
v -0.04173449 -0.00136167 0.01967972
v -0.04125202 -0.00142411 0.02072211
v -0.04054188 -0.00161326 0.02063399
v -0.04122406 -0.00203270 0.01999688
v -0.04301593 -0.00320598 0.01999497
v -0.04411011 -0.00319883 0.01967680
v -0.04443728 -0.00242281 0.01999628
v -0.04401707 -0.00310701 0.02063155
v -0.04631343 -0.00308607 0.02053839
v -0.04694138 -0.00355566 0.01982778
v -0.04715877 -0.00282675 0.02063196
v -0.04567527 -0.00242573 0.01999628
v -0.04609400 -0.00310874 0.01935875
v -0.04990545 -0.00194749 0.01942885
v -0.04896608 -0.00176385 0.01983824
v -0.04957360 -0.00162762 0.02063399
v -0.04999399 -0.00094440 0.01999855
v -0.04850929 -0.00133866 0.01936155
v -0.05022722 0.00179055 0.01936658
v -0.04974770 0.00163364 0.02000278
v -0.05075979 0.00193033 0.02063962
v -0.05030894 0.00109166 0.02056371
v -0.05123096 0.00123262 0.02063846
v -0.05103854 0.00082680 0.01978929
v -0.05125397 0.00203466 0.02000337
v -0.05112877 0.00141802 0.01908418
v -0.05016589 0.00095106 0.01936525
v -0.04975169 0.00414413 0.02000677
v -0.05015023 0.00479343 0.01931455
v -0.05047926 0.00490704 0.02064433
v -0.05053860 0.00406748 0.02070890
v -0.05123627 0.00453842 0.02064377
v -0.05127317 0.00409090 0.01979450
v -0.05085569 0.00524467 0.02000850
v -0.05088151 0.00463625 0.01928325
v -0.05045568 0.00376230 0.01936966
v -0.04989054 0.00715673 0.02001153
v -0.04967491 0.00760158 0.01942130
v -0.04839528 0.00715548 0.01969334
v -0.04958796 0.00740403 0.02064830
v -0.04890567 0.00782543 0.02001255
v -0.04711380 0.00899878 0.02001449
v -0.04601961 0.00899261 0.01969623
v -0.04569250 0.00821561 0.02001315
v -0.04611265 0.00889772 0.02065068
v -0.04412904 0.00899517 0.02033263
v -0.04303527 0.00900477 0.02001449
v -0.04445445 0.00821847 0.02001315
v -0.04425468 0.00889495 0.01894607
v -0.04086355 0.00730113 0.01899957
v -0.04092651 0.00767610 0.01980018
v -0.04141792 0.00722030 0.02055481
v -0.04047340 0.00711116 0.02064782
v -0.04013580 0.00673711 0.02001088
v -0.04162049 0.00713342 0.01937508
v -0.03990263 0.00400415 0.01937008
v -0.04038214 0.00415909 0.02000677
v -0.03937003 0.00386032 0.02064260
v -0.03982086 0.00469927 0.02056943
v -0.03889876 0.00455809 0.02064377
v -0.03909121 0.00496660 0.01979589
v -0.03887575 0.00375801 0.02000606
v -0.03892406 0.00447708 0.01917268
v -0.03996396 0.00484371 0.01937139
v -0.04037815 0.00164854 0.02000278
v -0.04007538 0.00110993 0.01957760
v -0.03965047 0.00088366 0.02063790
v -0.03959119 0.00172298 0.02070516
v -0.03889346 0.00125223 0.02063846
v -0.03885657 0.00170247 0.01979066
v -0.03927409 0.00054806 0.02000099
v -0.03893724 0.00111933 0.01933367
v -0.03967416 0.00203246 0.01936697
v -0.07647180 -0.01870590 -0.01533758
v -0.06873708 -0.01836937 -0.01533704
v -0.06830379 -0.01855847 -0.01044535
v -0.07647180 -0.01871389 -0.01031160
v 0.00299519 0.00301349 -0.00549519
v 0.00299519 0.00301671 -0.00749516
v -0.00300479 0.00300395 -0.00549519
v -0.00300479 0.00300711 -0.00749516
v 0.00300473 -0.00298321 -0.00750476
v 0.00300473 -0.00298643 -0.00550473
v -0.00300199 0.00125396 -0.00549799
v -0.00280121 0.00138247 -0.00749776
v 0.00299519 0.00299281 0.00750476
v 0.00299519 0.00299597 0.00550473
v -0.00300473 0.00298321 0.00750476
v -0.00300473 0.00298643 0.00550473
v 0.00300479 -0.00300395 0.00549519
v 0.00300479 -0.00300711 0.00749516
v -0.00280115 0.00135860 0.00750217
v -0.00300193 0.00123644 0.00550193
v -0.00299519 -0.00299281 -0.00750476
v -0.00299519 -0.00299597 -0.00550473
v -0.00000317 0.00199103 0.00550318
v -0.00110729 0.00155759 0.00556914
v 0.00110233 0.00156112 0.00556914
v 0.00193332 -0.00000579 0.00556662
v 0.00110730 -0.00157531 0.00556411
v 0.00000320 -0.00200856 0.00549680
v -0.00299519 -0.00301349 0.00549519
v -0.00110229 -0.00157885 0.00556411
v -0.00193330 -0.00001194 0.00556662
v -0.00299793 -0.00126350 0.00549799
v -0.01189798 -0.00127768 0.00549799
v -0.01190197 0.00122225 0.00550193
v -0.01409000 -0.00127971 0.00458997
v -0.01409399 0.00122023 0.00459397
v -0.01499795 -0.00127768 0.00239795
v -0.01493032 -0.00187945 -0.00231288
v -0.01495161 0.00100519 -0.00252333
v -0.01409000 -0.00126511 -0.00459397
v -0.01409399 0.00123483 -0.00458997
v -0.01189798 -0.00126016 -0.00550193
v -0.01190197 0.00123978 -0.00549799
v -0.00299799 -0.00124597 -0.00550193
v -0.00110233 -0.00156112 -0.00556914
v -0.00193332 0.00000579 -0.00556662
v -0.00110730 0.00157531 -0.00556411
v -0.00000320 0.00200856 -0.00549680
v 0.00110229 0.00157885 -0.00556411
v 0.00193330 0.00001194 -0.00556662
v 0.00110729 -0.00155759 -0.00556914
v 0.00000317 -0.00199103 -0.00550318
v -0.00279683 -0.00136751 -0.00750217
v -0.00299519 -0.00301671 0.00749516
v -0.00279677 -0.00139141 0.00749776
v -0.01584395 0.00600052 -0.01617645
v -0.02000957 0.00599360 -0.01599037
v -0.01624375 0.00349957 -0.01599436
v -0.02000558 0.00349361 -0.01599436
v -0.01150959 0.00601798 -0.02280706
v -0.01149046 -0.00598192 -0.02282613
v -0.01150959 0.00601590 -0.02149039
v -0.01149046 -0.00598401 -0.02150946
v -0.00000965 0.00606114 -0.02271532
v -0.00216407 0.00193779 -0.02289691
v -0.00300002 0.00003169 -0.02289998
v -0.00215800 -0.00187175 -0.02290299
v 0.00000461 -0.00289673 -0.02293793
v 0.00000954 -0.00598878 -0.02273452
v 0.00216395 -0.00186486 -0.02290299
v 0.00354898 -0.00483236 -0.02273273
v 0.00299990 0.00004125 -0.02289998
v 0.00353345 0.00491601 -0.02271717
v 0.00215788 0.00194469 -0.02289691
v -0.00000473 0.00296976 -0.02292861
v 0.00572702 0.00190705 -0.02272198
v 0.00573295 -0.00181642 -0.02272787
v -0.02000957 0.00598723 -0.01199036
v -0.02000558 0.00348723 -0.01199436
v -0.01732146 0.00349152 -0.01199436
v -0.01615136 0.00598276 -0.00532031
v -0.01438850 0.00598770 -0.00668627
v -0.01784968 0.00597829 -0.00422215
v -0.01620960 0.00598526 -0.00695115
v -0.01740956 0.00598335 -0.00695115
v -0.01850944 0.00597417 -0.00231040
v -0.01800960 0.00598401 -0.00799042
v -0.02000945 0.00594902 0.01200950
v -0.01740956 0.00598663 -0.00902963
v -0.01620960 0.00598854 -0.00902963
v -0.01560956 0.00598782 -0.00799042
v -0.01850944 0.00596678 0.00232953
v -0.01784968 0.00596481 0.00424129
v -0.01732540 0.00595325 0.01200950
v -0.01620948 0.00595975 0.00904876
v -0.01560950 0.00596237 0.00800949
v -0.01438838 0.00596636 0.00670540
v -0.01620948 0.00596309 0.00697029
v -0.01740950 0.00596118 0.00697029
v -0.01615136 0.00596577 0.00533944
v -0.01800948 0.00595856 0.00800949
v -0.01740950 0.00595784 0.00904876
v -0.01732134 0.00345325 0.01200556
v -0.02000546 0.00344902 0.01200556
v -0.02000945 0.00594264 0.01600944
v -0.01584386 0.00594896 0.01619556
v -0.02000546 0.00344264 0.01600557
v -0.01624369 0.00344860 0.01600557
v -0.01250958 0.00600636 -0.01649039
v -0.01455199 0.00125307 -0.01649796
v -0.01455956 0.00600308 -0.01649039
v -0.01592206 0.00125039 -0.01617878
v -0.01701009 0.00124723 -0.01528686
v -0.01706236 0.00349706 -0.01521790
v -0.01754868 0.00349468 -0.01420074
v -0.01759177 0.00124425 -0.01400595
v -0.01763916 0.00349271 -0.01307696
v -0.01754748 0.00124210 -0.01259976
v -0.01688629 0.00124115 -0.01135808
v -0.01574426 0.00124168 -0.01053649
v -0.01421028 0.00124156 -0.00891709
v -0.01438075 0.00123775 -0.00669426
v -0.01614385 0.00123274 -0.00532788
v -0.01784229 0.00122827 -0.00422978
v -0.01850199 0.00122422 -0.00231797
v -0.01850199 0.00121683 0.00232196
v -0.01784229 0.00121480 0.00423378
v -0.01614385 0.00121576 0.00533187
v -0.01438075 0.00121641 0.00669825
v -0.01421028 0.00121313 0.00892109
v -0.01574414 0.00120813 0.01054048
v -0.01688617 0.00120497 0.01136207
v -0.01754736 0.00120199 0.01260375
v -0.01763910 0.00345105 0.01308816
v -0.01759165 0.00119966 0.01400995
v -0.01754856 0.00344938 0.01421195
v -0.01706230 0.00344855 0.01522904
v -0.01700997 0.00119853 0.01529085
v -0.01592195 0.00119883 0.01618278
v -0.01455944 0.00595051 0.01650947
v -0.01455187 0.00120050 0.01650196
v -0.01250946 0.00595379 0.01650947
v 0.00000400 -0.00251189 0.00749597
v -0.00120466 -0.00158679 0.00749746
v 0.00120968 -0.00158292 0.00749746
v 0.00239992 -0.00000812 0.00749993
v 0.00120468 0.00156289 0.00750247
v -0.00000317 0.00198799 0.00750315
v -0.00120965 0.00155905 0.00750247
v -0.00239992 -0.00001577 0.00749993
v -0.00937456 -0.00127687 0.00750721
v -0.01159399 0.00121814 0.00840992
v -0.01159000 -0.00128180 0.00840592
v -0.01263755 -0.00128706 0.01065372
v -0.01249826 -0.00108898 0.01640731
v -0.01250946 0.00595152 0.01790946
v -0.01249039 -0.00604612 0.01649039
v -0.01249039 -0.00604838 0.01789039
v -0.01160138 0.00594950 0.02010136
v -0.01158225 -0.00605041 0.02008229
v -0.00940949 0.00595152 0.02100950
v -0.00939035 -0.00604838 0.02099037
v -0.00004544 0.00645417 0.02138246
v -0.00208829 0.00204845 0.02100329
v -0.00299990 -0.00003822 0.02099996
v -0.00208166 -0.00212195 0.02099663
v 0.00000483 -0.00303330 0.02099519
v 0.00000989 -0.00620801 0.02074843
v 0.00208841 -0.00211532 0.02099663
v 0.00363755 -0.00502283 0.02075030
v 0.00300002 -0.00002867 0.02099996
v 0.00358369 0.00504901 0.02079372
v 0.00208174 0.00205506 0.02100329
v -0.00000472 0.00296642 0.02100479
v 0.00586975 0.00188433 0.02076133
v 0.00587581 -0.00193174 0.02075524
v -0.01150947 0.00594679 0.02188945
v -0.01149040 -0.00605311 0.02187038
v -0.01150947 0.00594503 0.02300947
v -0.01149040 -0.00605488 0.02299040
v 0.00000965 -0.00606114 0.02271532
v -0.00215788 -0.00194469 0.02289691
v -0.00299990 -0.00004125 0.02289998
v -0.00216395 0.00186486 0.02290299
v -0.00000461 0.00289673 0.02293793
v -0.00000954 0.00598878 0.02273452
v 0.00215800 0.00187175 0.02290299
v 0.00353354 0.00484362 0.02273273
v 0.00300002 -0.00003169 0.02289998
v 0.00354910 -0.00490475 0.02271717
v 0.00216407 -0.00193779 0.02289691
v 0.00000473 -0.00296976 0.02292861
v 0.00573307 -0.00188878 0.02272198
v 0.00572714 0.00183466 0.02272787
v -0.01250958 0.00600856 -0.01789039
v -0.01160144 0.00601351 -0.02008229
v -0.01992282 0.00594480 -0.02171193
v -0.00940955 0.00601846 -0.02099037
v 0.00002478 0.00652235 -0.02136177
v 0.00348599 0.00535653 -0.02088592
v 0.00590290 0.00196159 -0.02090688
v 0.00590900 -0.00187616 -0.02091301
v 0.00365809 -0.00498474 -0.02091792
v 0.00000984 -0.00617665 -0.02091982
v -0.01990392 -0.00593905 -0.02173084
v -0.00939047 -0.00598150 -0.02100950
v -0.01158237 -0.00598639 -0.02010136
v -0.01249045 -0.00599134 -0.01790946
v -0.01249045 -0.00599360 -0.01650947
v -0.01498079 -0.00599763 -0.01644557
v -0.01622867 -0.00600034 -0.01600944
v -0.01999050 -0.00600636 -0.01600944
v -0.01999437 -0.00350630 -0.01600557
v -0.01623255 -0.00350034 -0.01600557
v -0.00000400 0.00251189 -0.00749597
v -0.00120968 0.00158292 -0.00749746
v 0.00120466 0.00158679 -0.00749746
v 0.00239992 0.00001577 -0.00749993
v 0.00120965 -0.00155905 -0.00750247
v 0.00000317 -0.00198799 -0.00750315
v -0.00120468 -0.00156289 -0.00750247
v -0.00239992 0.00000812 -0.00749993
v -0.00937460 -0.00125296 -0.00751120
v -0.01159000 -0.00125503 -0.00840992
v -0.01159399 0.00124490 -0.00840592
v -0.01263755 -0.00125312 -0.01065771
v -0.01249830 -0.00103671 -0.01641064
v -0.00208174 -0.00205506 -0.02100329
v -0.00300002 0.00002867 -0.02099996
v -0.00208841 0.00211532 -0.02099663
v -0.00000483 0.00303330 -0.02099519
v 0.00208166 0.00212195 -0.02099663
v 0.00299990 0.00003822 -0.02099996
v 0.00208829 -0.00204845 -0.02100329
v 0.00000472 -0.00296642 -0.02100479
v -0.01714718 -0.00600856 -0.01175824
v -0.01648793 -0.00588415 -0.01100198
v -0.01999050 -0.00601268 -0.01200950
v -0.01548445 -0.00586875 -0.01040357
v -0.01619035 -0.00601137 -0.00904876
v -0.01427203 -0.00574702 -0.00909731
v -0.01559036 -0.00601208 -0.00800949
v -0.01436924 -0.00601220 -0.00670540
v -0.01619035 -0.00601464 -0.00697029
v -0.01739037 -0.00601655 -0.00697029
v -0.01613229 -0.00601715 -0.00533944
v -0.01783055 -0.00602162 -0.00424129
v -0.01799035 -0.00601590 -0.00800949
v -0.01739037 -0.00601327 -0.00904876
v -0.01849037 -0.00602573 -0.00232953
v -0.01849037 -0.00603312 0.00231040
v -0.01799035 -0.00604135 0.00799042
v -0.01739037 -0.00603872 0.00695115
v -0.01783055 -0.00603509 0.00422215
v -0.01619035 -0.00603682 0.00695115
v -0.01999038 -0.00605094 0.01199036
v -0.01714706 -0.00604600 0.01173913
v -0.01648789 -0.00591918 0.01098328
v -0.01739037 -0.00604206 0.00902963
v -0.01548437 -0.00590185 0.01038491
v -0.01619035 -0.00604015 0.00902963
v -0.01427191 -0.00577599 0.00907907
v -0.01559036 -0.00603753 0.00799042
v -0.01436924 -0.00603354 0.00668627
v -0.01613229 -0.00603413 0.00532031
v -0.01731026 -0.00350845 -0.01200556
v -0.01999437 -0.00351268 -0.01200556
v -0.01999437 -0.00355095 0.01199436
v -0.01731026 -0.00354665 0.01199436
v -0.01994199 0.00588838 0.02178719
v -0.01992304 -0.00602124 0.02176825
v -0.01999437 -0.00355726 0.01599436
v -0.01999038 -0.00605726 0.01599037
v -0.01582476 -0.00605094 0.01617645
v -0.01623255 -0.00355130 0.01599436
v -0.01454037 -0.00604939 0.01649039
v -0.01454800 -0.00124687 -0.01650196
v -0.01591807 -0.00124955 -0.01618278
v -0.01700609 -0.00125271 -0.01529085
v -0.01705116 -0.00350290 -0.01522904
v -0.01758778 -0.00125569 -0.01400995
v -0.01753747 -0.00350529 -0.01421195
v -0.01762795 -0.00350720 -0.01308816
v -0.01754349 -0.00125784 -0.01260375
v -0.01688230 -0.00125879 -0.01136207
v -0.01574027 -0.00125825 -0.01054048
v -0.01420629 -0.00125837 -0.00892109
v -0.01437675 -0.00126219 -0.00669825
v -0.01613986 -0.00126719 -0.00533187
v -0.01783829 -0.00127166 -0.00423378
v -0.01849800 -0.00127572 -0.00232196
v -0.01849800 -0.00128311 0.00231797
v -0.01783829 -0.00128513 0.00422978
v -0.01613986 -0.00128418 0.00532788
v -0.01437675 -0.00128353 0.00669426
v -0.01420629 -0.00128680 0.00891709
v -0.01574027 -0.00129181 0.01053649
v -0.01688230 -0.00129497 0.01135808
v -0.01754349 -0.00129801 0.01259976
v -0.01762795 -0.00354886 0.01307696
v -0.01758778 -0.00130027 0.01400595
v -0.01753747 -0.00355053 0.01420074
v -0.01700609 -0.00130141 0.01528686
v -0.01705116 -0.00355136 0.01521790
v -0.01591795 -0.00130111 0.01617878
v -0.01454800 -0.00129944 0.01649796
v -0.05075478 -0.00909177 -0.01248105
v -0.04496753 -0.01036818 -0.01248306
v -0.04701769 -0.01233530 -0.01281946
v -0.04579448 -0.01203358 -0.01281905
v -0.03987419 -0.01112455 -0.01281756
v -0.03919925 -0.00900708 -0.01248093
v -0.03478199 -0.00797182 -0.01281255
v -0.03459310 -0.00527815 -0.01247497
v -0.03206082 0.00007991 -0.01246643
v -0.03132909 -0.00307828 -0.01280474
v -0.03231507 0.00595674 -0.01254036
v -0.03172528 0.00980794 -0.01278430
v -0.03547227 0.01448029 -0.01277685
v -0.03471484 0.01132696 -0.01244854
v -0.03937514 0.01498790 -0.01244270
v -0.04074859 0.01731407 -0.01277226
v -0.04516248 0.01626439 -0.01244060
v -0.04671317 0.01785767 -0.01277148
v -0.05093069 0.01490320 -0.01244280
v -0.05241525 0.01602429 -0.01277434
v -0.05553690 0.01117434 -0.01244872
v -0.05732476 0.01228165 -0.01278024
v -0.05806915 0.00581622 -0.01245726
v -0.05767518 0.01107150 -0.01278215
v -0.05984795 0.00549030 -0.01279109
v -0.05802571 -0.00011021 -0.01246670
v -0.05715256 -0.00593316 -0.01280927
v -0.05541510 -0.00543088 -0.01247517
v -0.05271369 -0.00995469 -0.01281565
v -0.05966407 -0.00049592 -0.01280069
v -0.03006595 0.00277626 -0.01279544
v -0.03085237 0.00889945 -0.01278579
v -0.05966407 -0.00049990 -0.01030069
v -0.05715256 -0.00593716 -0.01030927
v -0.05984795 0.00548631 -0.01029109
v -0.05844736 -0.00021317 -0.01030015
v -0.05849230 0.00590611 -0.01029050
v -0.05767530 0.01106745 -0.01028215
v -0.05587756 0.01143866 -0.01028168
v -0.05732476 0.01227766 -0.01028025
v -0.05791407 0.01527315 -0.01027548
v -0.05769515 0.01348024 -0.01027840
v -0.05575197 -0.00570696 -0.01030898
v -0.05271375 -0.00995862 -0.01031565
v -0.05185925 -0.01088458 -0.01031714
v -0.05093979 -0.00948709 -0.01031500
v -0.05073958 -0.01263129 -0.01031994
v -0.05042296 -0.01157778 -0.01031827
v -0.04935234 -0.01132518 -0.01031786
v -0.04859834 -0.01212596 -0.01031917
v -0.04701769 -0.01233929 -0.01031947
v -0.04787397 -0.01326125 -0.01032096
v -0.04891484 -0.01317948 -0.01032090
v -0.04931718 -0.01434725 -0.01032269
v -0.04998546 -0.01343208 -0.01032125
v -0.05104726 -0.01382750 -0.01032185
v -0.05165308 -0.01212584 -0.01031917
v -0.04579436 -0.01203757 -0.01031905
v -0.04496419 -0.01080495 -0.01031708
v -0.03987425 -0.01112860 -0.01031756
v -0.03900855 -0.00939959 -0.01031488
v -0.03478187 -0.00797582 -0.01031255
v -0.03425240 -0.00554943 -0.01030880
v -0.03132909 -0.00308221 -0.01030474
v -0.03163766 -0.00001686 -0.01029998
v -0.03006595 0.00277215 -0.01029545
v -0.03168255 0.00610244 -0.01029014
v -0.02796345 0.00790799 -0.01028728
v -0.02962565 0.00861484 -0.01028615
v -0.02754867 0.00614983 -0.01029014
v -0.02842205 0.00687176 -0.01028895
v -0.02873855 0.00581831 -0.01029068
v -0.02871948 0.00477445 -0.01029229
v -0.02980917 0.00556564 -0.01029109
v -0.02969139 0.00397509 -0.01029360
v -0.03056329 0.00636649 -0.01028978
v -0.03172528 0.00980401 -0.01028430
v -0.03547227 0.01447629 -0.01027685
v -0.03437799 0.01159626 -0.01028150
v -0.03919005 0.01537638 -0.01027536
v -0.04074859 0.01731008 -0.01027226
v -0.04516577 0.01669424 -0.01027327
v -0.04671317 0.01785367 -0.01027148
v -0.05112135 0.01528888 -0.01027548
v -0.05241519 0.01602029 -0.01027435
v -0.05364418 0.01574325 -0.01027476
v -0.03085237 0.00889546 -0.01028579
v -0.03024679 0.00742000 -0.01028805
v -0.02917617 0.00767261 -0.01028770
v -0.06085735 -0.01501649 0.01277625
v -0.06235960 -0.01351304 0.01238973
v -0.06768621 -0.01608863 0.01238566
v -0.06523150 -0.01755118 0.01277220
v -0.06649136 -0.01754057 0.01277226
v -0.07246130 -0.01802486 0.01277148
v -0.07360274 -0.01609806 0.01238566
v -0.07814460 -0.01613497 0.01277446
v -0.07893748 -0.01353947 0.01238973
v -0.08263370 -0.00891958 0.01239710
v -0.08263528 -0.01217240 0.01278078
v -0.08390258 -0.00315337 0.01242017
v -0.08522927 0.00045628 0.01280099
v -0.08266407 0.00586837 0.01280957
v -0.08265209 0.00261683 0.01241548
v -0.07897057 0.00724845 0.01242284
v -0.07818585 0.00984526 0.01281589
v -0.07364397 0.00982406 0.01242693
v -0.07250869 0.01175320 0.01281887
v -0.06772745 0.00983348 0.01242693
v -0.06653726 0.01128798 0.01281815
v -0.06239269 0.00727485 0.01242284
v -0.06527745 0.01130259 0.01281815
v -0.06089526 0.00878179 0.01281416
v -0.05869646 0.00265498 0.01241548
v -0.06027460 0.00768548 0.01281237
v -0.05687028 0.00275785 0.01280456
v -0.05742758 -0.00311121 0.01242017
v -0.05685138 -0.00897926 0.01278585
v -0.05867806 -0.00888143 0.01239710
v -0.06024014 -0.01391816 0.01277798
v -0.05566519 -0.00310868 0.01279515
v -0.08521777 -0.00676846 0.01278948
v -0.08586049 -0.00568485 0.01279115
v -0.08586847 -0.00062940 0.01279920
v -0.05566519 -0.00310469 0.01029515
v -0.05685138 -0.00897533 0.01028585
v -0.05687028 0.00276184 0.01030457
v -0.05691510 -0.00310701 0.01029515
v -0.05828636 0.00285679 0.01030468
v -0.06027460 0.00768936 0.01031237
v -0.06210929 0.00763494 0.01031225
v -0.06089526 0.00878578 0.01031416
v -0.06101459 0.01183634 0.01031899
v -0.06081306 0.01004147 0.01031619
v -0.05826735 -0.00907522 0.01028567
v -0.06024014 -0.01391404 0.01027798
v -0.06085735 -0.01501250 0.01027625
v -0.06207507 -0.01386559 0.01027804
v -0.06154304 -0.01697075 0.01027309
v -0.06209456 -0.01601910 0.01027464
v -0.06319457 -0.01602077 0.01027464
v -0.06374305 -0.01697427 0.01027309
v -0.06523150 -0.01754719 0.01027220
v -0.06418520 -0.01824629 0.01027107
v -0.06319147 -0.01792597 0.01027154
v -0.06252998 -0.01896917 0.01026999
v -0.06209146 -0.01792424 0.01027154
v -0.06096696 -0.01806348 0.01027137
v -0.06077116 -0.01626789 0.01027429
v -0.06649136 -0.01753658 0.01027226
v -0.06758415 -0.01652926 0.01027387
v -0.07246130 -0.01802086 0.01027148
v -0.07370340 -0.01653909 0.01027387
v -0.07814460 -0.01613110 0.01027446
v -0.07922089 -0.01389288 0.01027804
v -0.08263528 -0.01216834 0.01028078
v -0.08304387 -0.00911468 0.01028567
v -0.08521777 -0.00676459 0.01028949
v -0.08441507 -0.00315082 0.01029515
v -0.08845067 -0.00225401 0.01029658
v -0.08699697 -0.00118202 0.01029837
v -0.08844786 -0.00406051 0.01029378
v -0.08776509 -0.00315612 0.01029515
v -0.08721357 -0.00410789 0.01029366
v -0.08699077 -0.00512785 0.01029205
v -0.08611357 -0.00410616 0.01029366
v -0.08586049 -0.00568086 0.01029115
v -0.08556509 -0.00315267 0.01029515
v -0.08522927 0.00046034 0.01030099
v -0.08266407 0.00587231 0.01030957
v -0.08306288 0.00281733 0.01030468
v -0.07925510 0.00760764 0.01031225
v -0.07818585 0.00984925 0.01031589
v -0.07374608 0.01027148 0.01031655
v -0.07250869 0.01175719 0.01031887
v -0.06762689 0.01028114 0.01031655
v -0.06653726 0.01129186 0.01031816
v -0.06527745 0.01130646 0.01031816
v -0.08586847 -0.00062542 0.01029914
v -0.08611655 -0.00220090 0.01029670
v -0.08721655 -0.00220263 0.01029670
v -0.06378716 0.01073837 0.01031726
v -0.06323570 0.00978666 0.01031577
v -0.06213569 0.00978839 0.01031577
v -0.06158715 0.01074188 0.01031726
v -0.06213867 0.01169359 0.01031875
v -0.06258046 0.01273709 0.01032048
v -0.06323868 0.01169186 0.01031875
v -0.06423336 0.01200896 0.01031929
v -0.05496275 0.01484596 -0.01027619
v -0.05527925 0.01379257 -0.01027786
v -0.05634987 0.01353985 -0.01027828
v -0.05710399 0.01434075 -0.01027697
v -0.05678749 0.01539427 -0.01027536
v -0.05659896 0.01651155 -0.01027357
v -0.05571687 0.01564687 -0.01027494
v -0.05482238 0.01618528 -0.01027405
v -0.03277850 0.00479731 -0.01619228
v -0.03294996 0.00635234 -0.01612313
v -0.03236693 0.00351306 -0.01604433
v -0.03934719 0.00320562 -0.01604481
v -0.03927779 0.00453731 -0.01619267
v -0.03977012 0.00577614 -0.01619067
v -0.04382403 -0.00263337 -0.01605403
v -0.04231623 -0.00942244 -0.01606493
v -0.04183846 -0.00210446 -0.01620328
v -0.03722065 -0.00665250 -0.01621046
v -0.04030364 -0.00069710 -0.01620099
v -0.03934258 0.00115034 -0.01619807
v -0.03372925 -0.00212091 -0.01620328
v -0.05673056 -0.00188345 -0.01605288
v -0.05310797 -0.00637853 -0.01620999
v -0.05035179 0.00076153 -0.01604864
v -0.04807150 -0.00902092 -0.01621427
v -0.04948616 -0.00110203 -0.01620167
v -0.04783356 -0.00236902 -0.01620367
v -0.04584717 -0.00299469 -0.01620468
v -0.05735018 0.00241289 -0.01619598
v -0.05078276 0.00270192 -0.01604555
v -0.05733835 0.00371608 -0.01619398
v -0.05703236 0.00507353 -0.01612510
v -0.05096918 0.00402194 -0.01619348
v -0.05040966 0.00548269 -0.01609115
v -0.05707114 0.00028729 -0.01619937
v -0.05092227 0.00165334 -0.01619729
v -0.03989997 0.00318223 -0.01664483
v -0.03179657 0.00353914 -0.01664429
v -0.04394402 -0.00209227 -0.01665318
v -0.04218542 -0.01001062 -0.01666587
v -0.04984075 0.00097443 -0.01664829
v -0.05733337 -0.00213247 -0.01665329
v -0.05833342 0.00236958 -0.01619606
v -0.05022996 0.00272721 -0.01664552
v -0.02672794 -0.01598942 0.01503479
v -0.06566607 -0.01763987 -0.01240748
v -0.06396770 -0.01756596 -0.01240736
v -0.08407073 -0.01861170 0.01646226
v -0.05407696 -0.01718765 0.02027440
v -0.05577540 -0.01726156 0.02027428
v -0.08484786 -0.01850867 0.00909114
v -0.08314955 -0.01843470 0.00909126
v -0.06097048 -0.01748800 0.02047389
v -0.06266885 -0.01756185 0.02047377
v -0.06266885 -0.01755708 0.01749259
v -0.06097048 -0.01748317 0.01749265
v -0.08499199 -0.01872336 -0.01714456
v -0.08499199 -0.01873379 -0.01059454
v -0.08409279 -0.01874786 0.02280539
v -0.05567544 -0.01724445 0.01227104
v -0.02746477 -0.01598581 -0.00737536
v -0.02727994 -0.01598251 -0.00437536
v -0.02734923 -0.01598920 -0.00206287
v -0.02767699 -0.01600956 0.00173455
v -0.03802716 -0.01645988 0.00173384
v -0.03850927 -0.01647671 -0.00084654
v -0.03802716 -0.01645100 -0.00382769
v -0.02930057 -0.01605910 -0.01148545
v -0.02767705 -0.01598846 -0.01148539
v -0.02746477 -0.01598233 -0.00957537
v -0.04306089 -0.01387786 0.00282800
v -0.04306089 -0.01388055 0.00452799
v -0.08386035 -0.01559124 0.01640371
v -0.08322286 -0.01565331 0.02047529
v -0.08322286 -0.01565629 0.02232527
v -0.08322286 -0.01565018 0.01847525
v -0.08024448 -0.01552039 0.01832544
v -0.08024448 -0.01551765 0.01662546
v -0.03686356 -0.01360827 0.00282842
v -0.03984194 -0.01373785 0.00282818
v -0.03984194 -0.01374059 0.00452816
v -0.09088128 -0.01904314 0.02280485
v -0.09102469 -0.01574629 0.02281016
v -0.08423620 -0.01545095 0.02281057
v -0.09088128 -0.01903277 0.01625490
v -0.09102475 -0.01573586 0.01626014
v -0.09178048 -0.01902908 -0.01059508
v -0.09192395 -0.01573228 -0.01058977
v -0.08513540 -0.01543694 -0.01058936
v -0.09178048 -0.01901865 -0.01714509
v -0.09192395 -0.01572179 -0.01713979
v -0.08513540 -0.01542645 -0.01713937
v -0.02270615 -0.00940299 0.01164704
v -0.02270615 -0.00937426 -0.00638688
v -0.02575129 -0.00950670 -0.00638705
v -0.02575117 -0.00953543 0.01164686
v -0.08024448 -0.01552355 0.02032548
v -0.03347915 -0.01664328 -0.01022641
v -0.02930057 -0.01606106 -0.01022547
v -0.04761815 -0.01442605 -0.01477289
v -0.04463976 -0.01429659 -0.01477265
v -0.04761815 -0.01442885 -0.01307284
v -0.04463976 -0.01429927 -0.01307266
v -0.04468327 -0.01330018 -0.01307106
v -0.04468327 -0.01329749 -0.01477110
v -0.08667331 -0.01564088 -0.00474507
v -0.08669940 -0.01580367 -0.00795935
v -0.08467859 -0.01605469 -0.00466052
v -0.08478462 -0.01572054 -0.00783422
v -0.08472645 -0.01495570 -0.00465879
v -0.04514157 -0.01431352 -0.00822267
v -0.03495117 -0.01387017 -0.00822198
v -0.04514157 -0.01432982 0.00197726
v -0.03495117 -0.01388639 0.00197795
v -0.04889297 -0.01451978 0.02198034
v -0.05607115 -0.01483207 0.02197980
v -0.04889297 -0.01450988 0.01574042
v -0.05607115 -0.01482215 0.01573991
v -0.07119578 -0.01550137 0.01622545
v -0.07134232 -0.01582151 0.01769999
v -0.06823914 -0.01487487 0.01792648
v -0.06826090 -0.01437264 0.01622730
v -0.07123929 -0.01450228 0.01622706
v -0.07123929 -0.01450496 0.01792705
v -0.07119578 -0.01550757 0.02012544
v -0.06823914 -0.01487835 0.02012648
v -0.07121754 -0.01501077 0.02182630
v -0.06826090 -0.01438158 0.02182728
v -0.07123929 -0.01450848 0.02012705
v -0.05714988 -0.01489522 0.01937637
v -0.06014273 -0.01469174 0.01932674
v -0.05714988 -0.01489228 0.01752644
v -0.06014996 -0.01452237 0.01752700
v -0.05719327 -0.01389610 0.01937797
v -0.05719339 -0.01389318 0.01752799
v -0.05714988 -0.01489818 0.02122640
v -0.06017166 -0.01402604 0.01952779
v -0.06017166 -0.01402878 0.02122777
v -0.05719327 -0.01389908 0.02122795
v -0.06795183 0.01626565 0.01040106
v -0.06795183 0.01626780 0.00905105
v -0.06475275 0.01606637 0.00887573
v -0.06552928 0.01612836 0.00067585
v -0.06560492 0.01613026 0.00250083
v -0.06819037 0.01629337 0.00250110
v -0.06850457 0.01631605 0.00067616
v -0.05944138 0.01574468 0.00057523
v -0.06210247 0.01590963 0.00235048
v -0.06241667 0.01593226 0.00057553
v -0.06705374 0.01625588 -0.01899892
v -0.06705374 0.01625802 -0.02034890
v -0.06385469 0.01605647 -0.02052426
v -0.06385469 0.01605379 -0.01882427
v -0.05901706 0.01849597 0.01782798
v -0.06071376 0.01860296 0.01782816
v -0.06071376 0.01859819 0.02080935
v -0.06185984 0.01867198 0.01987987
v -0.06509408 0.01887586 0.01993021
v -0.06509408 0.01887312 0.02163022
v -0.06832826 0.01907980 0.01998054
v -0.06535619 0.01892608 -0.00121969
v -0.06244555 0.01874184 -0.00079499
v -0.06238085 0.01874119 -0.00291997
v -0.06235897 0.01874279 -0.00481999
v -0.06533426 0.01893049 -0.00481963
v -0.06533426 0.01892775 -0.00311965
v -0.06535619 0.01891744 0.00423029
v -0.06116455 0.01865047 0.00587982
v -0.05818927 0.01846277 0.00587952
v -0.06238085 0.01872998 0.00407994
v -0.06108892 0.01865184 0.00200483
v -0.06116455 0.01865345 0.00397986
v -0.05818927 0.01846575 0.00397950
v -0.05921679 0.01855510 -0.01137185
v -0.06091350 0.01866209 -0.01137167
v -0.06091350 0.01865726 -0.00839049
v -0.05921679 0.01855027 -0.00839067
v -0.06195980 0.01872420 -0.00892001
v -0.06514408 0.01892497 -0.00891969
v -0.06514402 0.01892230 -0.00721967
v -0.06832826 0.01912307 -0.00721937
v -0.05687308 0.01841980 -0.01922047
v -0.05707186 0.01842996 -0.01777047
v -0.05384788 0.01822567 -0.01717087
v -0.05549559 0.01828658 0.00987160
v -0.05583902 0.01830461 0.01212862
v -0.05286372 0.01811698 0.01212831
v -0.05702197 0.01842311 -0.01547053
v -0.05332366 0.01818949 -0.01519412
v -0.05582445 0.01830029 0.01428896
v -0.05237337 0.01808264 0.01426881
v -0.04569536 0.01771968 -0.02232170
v -0.04561972 0.01771193 -0.02044665
v -0.04505735 0.01762908 0.00937027
v -0.04499014 0.01762169 0.01133429
v -0.04208207 0.01744139 0.00936997
v -0.04841399 0.01783519 0.01282119
v -0.04542499 0.01764384 0.01463177
v -0.04518079 0.01763147 0.01270964
v -0.04541134 0.01764005 0.01644265
v -0.04838669 0.01783037 0.01474297
v -0.04838669 0.01782768 0.01644295
v -0.04598372 0.01772907 -0.01677167
v -0.04301947 0.01753938 -0.01502197
v -0.04299747 0.01754087 -0.01682198
v -0.04575842 0.01771822 -0.01889667
v -0.06115355 0.01866379 -0.00297010
v -0.05817827 0.01847621 -0.00297040
v -0.05816727 0.01847845 -0.00482041
v -0.06114256 0.01866608 -0.00482011
v -0.06026625 0.01858776 0.00967973
v -0.05729109 0.01840007 0.00967944
v -0.06127661 0.01769500 -0.01892170
v -0.06119951 0.01892092 -0.02101972
v -0.06119951 0.01891755 -0.01891973
v -0.05846435 0.01874506 -0.01891997
v 0.00981250 -0.00001921 0.02187496
v 0.00859137 0.00491784 0.02169112
v 0.00859608 -0.00497882 0.02167536
v 0.00498273 0.00853908 0.02169694
v -0.00003311 0.00929102 0.02145778
v -0.03051596 0.01004136 0.02202858
v -0.01774686 0.00598660 0.02205956
v -0.01929289 0.00639760 0.02246028
v -0.02042245 0.00526440 0.02245849
v 0.00497170 -0.00861478 0.02166962
v 0.00007761 -0.01006170 0.02189231
v -0.01772755 -0.00611332 0.02204027
v -0.01927226 -0.00653052 0.02243965
v -0.02000600 0.00372025 0.02205598
v -0.01999390 -0.00385418 0.02204388
v -0.02093150 -0.00516628 0.02257935
v -0.03070238 -0.01013866 0.02199643
v 0.00991658 0.00005032 -0.02168329
v 0.00859596 -0.00490977 -0.02169114
v 0.00853397 0.00508344 -0.02167524
v 0.00497160 -0.00854572 -0.02169698
v 0.00006194 -0.00989168 -0.02177201
v -0.03048408 -0.01001357 -0.02195588
v -0.01772767 -0.00604311 -0.02205956
v -0.01927238 -0.00645900 -0.02246028
v -0.02040559 -0.00532943 -0.02245849
v 0.00478578 0.00871597 -0.02166948
v 0.00001553 0.00932251 -0.02139670
v -0.01774698 0.00605681 -0.02204027
v -0.01929295 0.00646913 -0.02243965
v -0.01999396 -0.00378397 -0.02205598
v -0.02000606 0.00379047 -0.02204388
v -0.02042257 0.00533593 -0.02244150
v -0.03051584 0.00998632 -0.02192398
v -0.02190621 0.00390020 -0.02204375
v -0.02425509 -0.00538105 -0.02187668
v -0.02580285 0.00179400 -0.02204707
v -0.02895781 0.00488854 -0.02177547
v -0.02903643 -0.00851152 -0.02179683
v -0.02961178 -0.00029100 -0.02200594
v -0.02189368 -0.00396995 0.02204375
v -0.02427211 0.00530377 0.02187668
v -0.02579699 -0.00187616 0.02204707
v -0.02894047 -0.00497930 0.02187071
v -0.02906339 0.00841900 0.02179683
v -0.02960162 0.00020665 0.02195041
v 0.00130004 -0.00003456 0.02300000
v 0.00065194 -0.00116128 0.02299815
v -0.00064824 -0.00116336 0.02299815
v -0.00129992 -0.00003870 0.02300000
v 0.00064835 0.00109011 0.02300179
v -0.00065182 0.00108802 0.02300179
v -0.00150394 0.00258362 0.00750410
v -0.00000476 0.00298804 0.00750476
v 0.00149572 0.00258839 0.00750410
v 0.00259566 0.00149220 0.00750238
v 0.00150400 -0.00260752 0.00749582
v -0.00149566 -0.00261229 0.00749582
v 0.00260043 -0.00150782 0.00749755
v -0.00065175 0.00109613 0.01800179
v -0.00129992 -0.00003074 0.01799994
v 0.00064825 0.00109815 0.01800179
v 0.00130004 -0.00002660 0.01799994
v -0.00064816 -0.00115549 0.01799815
v 0.00065184 -0.00115341 0.01799815
v -0.00130004 0.00003456 -0.02300000
v -0.00064835 -0.00109011 -0.02300179
v 0.00065182 -0.00108802 -0.02300179
v 0.00129992 0.00003870 -0.02300000
v -0.00065194 0.00116128 -0.02299815
v 0.00064824 0.00116336 -0.02299815
v 0.00259560 0.00151610 -0.00749755
v 0.00260037 -0.00148392 -0.00750238
v 0.00149566 0.00261229 -0.00749582
v -0.00150400 0.00260752 -0.00749582
v -0.00149572 -0.00258839 -0.00750410
v 0.00000476 -0.00298804 -0.00750476
v 0.00150394 -0.00258362 -0.00750410
v 0.00064816 0.00115549 -0.01799815
v 0.00129992 0.00003074 -0.01799994
v -0.00065184 0.00115341 -0.01799815
v -0.00130004 0.00002660 -0.01799994
v 0.00065175 -0.00109613 -0.01800179
v -0.00064825 -0.00109815 -0.01800179
v -0.04245182 -0.00998461 -0.00531577
v -0.04793745 -0.00974435 -0.00381535
v -0.04831583 -0.00983911 -0.00531553
v -0.05315405 -0.00724238 -0.00381136
v -0.05353783 -0.00716278 -0.00531125
v -0.05676847 -0.00272483 -0.00380415
v -0.05708054 -0.00248667 -0.00530379
v -0.05791843 0.00291321 -0.00344163
v -0.05824386 0.00326375 -0.00529464
v -0.05678647 0.00855607 -0.00378621
v -0.05679671 0.00894941 -0.00528558
v -0.05318647 0.01308518 -0.00377899
v -0.05302640 0.01344406 -0.00527843
v -0.04797786 0.01560366 -0.00377500
v -0.04767805 0.01585797 -0.00527461
v -0.04219239 0.01561295 -0.00377500
v -0.04181398 0.01571240 -0.00527484
v -0.03697580 0.01311099 -0.00377899
v -0.03659208 0.01303612 -0.00527912
v -0.03336125 0.00859338 -0.00378621
v -0.03304928 0.00836002 -0.00528659
v -0.03221130 0.00295415 -0.00344163
v -0.03188600 0.00260954 -0.00529577
v -0.03334337 -0.00268751 -0.00380415
v -0.03333317 -0.00307609 -0.00530479
v -0.03694349 -0.00721657 -0.00381136
v -0.03710352 -0.00757070 -0.00531194
v -0.04215204 -0.00973511 -0.00381535
v -0.04504523 -0.00942051 -0.00296131
v -0.04018336 -0.00879890 -0.00310677
v -0.04194128 -0.00865352 -0.00281364
v -0.04815167 -0.00866341 -0.00281364
v -0.03904837 -0.00744998 -0.00281173
v -0.05104839 -0.00746912 -0.00281173
v -0.03631558 -0.00578815 -0.00295553
v -0.05378649 -0.00581595 -0.00295553
v -0.04258096 -0.00467175 -0.00280732
v -0.04752469 -0.00467962 -0.00280732
v -0.04505330 -0.00435966 -0.00309968
v -0.04870140 -0.00338840 -0.00309813
v -0.04721748 -0.00372654 -0.00380582
v -0.05072158 -0.00118917 -0.00380176
v -0.05072158 -0.00118679 -0.00530171
v -0.05206489 0.00292551 -0.00529522
v -0.04721748 -0.00372416 -0.00530577
v -0.04289120 -0.00371963 -0.00380582
v -0.04289120 -0.00371724 -0.00530577
v -0.03939527 -0.00117117 -0.00380176
v -0.03939527 -0.00116879 -0.00530171
v -0.03791844 0.00294509 -0.00344163
v -0.03839822 0.00294727 -0.00529522
v -0.03940838 0.00705778 -0.00378865
v -0.03940838 0.00706017 -0.00528866
v -0.04291236 0.00959510 -0.00378460
v -0.04291236 0.00959748 -0.00528461
v -0.04723864 0.00958818 -0.00378460
v -0.04713521 0.00927369 -0.00528510
v -0.05073469 0.00703972 -0.00378865
v -0.05073469 0.00704211 -0.00528866
v -0.05221134 0.00292233 -0.00344163
v -0.04140847 -0.00337684 -0.00309813
v -0.03874325 -0.00070322 -0.00309390
v -0.03706485 0.00294542 -0.00279522
v -0.03860068 0.00764567 -0.00278771
v -0.03347909 0.00605756 -0.00279021
v -0.03468239 0.00894916 -0.00278562
v -0.03333288 0.00781459 -0.00308031
v -0.03634348 0.01168182 -0.00292772
v -0.03875488 0.00658965 -0.00308227
v -0.04142856 0.00925475 -0.00307804
v -0.04507648 0.01022595 -0.00307643
v -0.04872149 0.00924313 -0.00307804
v -0.05138659 0.00656950 -0.00308227
v -0.05306488 0.00291991 -0.00279522
v -0.05152916 -0.00178027 -0.00280267
v -0.05665087 -0.00019217 -0.00280017
v -0.05544757 -0.00308376 -0.00280476
v -0.05679708 -0.00194830 -0.00309580
v -0.05137497 -0.00072334 -0.00309390
v -0.04990899 -0.00881439 -0.00310677
v -0.03858578 -0.00175971 -0.00280267
v -0.03331738 -0.00191092 -0.00309580
v -0.03466325 -0.00305062 -0.00280476
v -0.03346920 -0.00015526 -0.00280017
v -0.03306490 0.00295174 -0.00279522
v -0.04260528 0.01054495 -0.00278306
v -0.04754889 0.01053708 -0.00278306
v -0.05381426 0.01165401 -0.00292772
v -0.05546665 0.00891602 -0.00278562
v -0.05681258 0.00777721 -0.00308031
v -0.05666077 0.00602060 -0.00279021
v -0.05706489 0.00291353 -0.00279522
v -0.05154418 0.00762504 -0.00278771
v -0.04022079 0.01468068 -0.00306940
v -0.03908145 0.01333445 -0.00277865
v -0.04197818 0.01452875 -0.00277674
v -0.05108147 0.01331537 -0.00277865
v -0.04818856 0.01451885 -0.00277674
v -0.04994636 0.01466518 -0.00306940
v -0.04508459 0.01528638 -0.00292197
v -0.05206489 0.00293666 -0.01229518
v -0.05072158 -0.00117564 -0.01230180
v -0.05221137 0.00293952 -0.01424873
v -0.05072158 -0.00117314 -0.01390177
v -0.05137497 -0.00070500 -0.01460808
v -0.05306500 0.00293916 -0.01489520
v -0.05152928 -0.00176102 -0.01490265
v -0.05741844 0.00293204 -0.01474875
v -0.05665087 -0.00017290 -0.01490014
v -0.05679708 -0.00192994 -0.01460999
v -0.05806487 0.00292963 -0.01389515
v -0.05676859 -0.00270873 -0.01390415
v -0.05831488 0.00292667 -0.01229518
v -0.05699374 -0.00281986 -0.01230434
v -0.05701200 0.00867744 -0.01228600
v -0.05678647 0.00857216 -0.01388615
v -0.05681258 0.00779557 -0.01459455
v -0.05666077 0.00603986 -0.01489025
v -0.05154418 0.00764435 -0.01488769
v -0.05138665 0.00658786 -0.01459646
v -0.05073469 0.00705582 -0.01388865
v -0.05073469 0.00705326 -0.01228868
v -0.05318629 0.01309877 -0.01227897
v -0.05318647 0.01310116 -0.01387900
v -0.05381438 0.01167282 -0.01473483
v -0.04994648 0.01468348 -0.01458358
v -0.05071405 0.01323172 -0.01487879
v -0.05176669 0.01241117 -0.01488006
v -0.05176424 0.01091086 -0.01488250
v -0.05046439 0.01016306 -0.01488369
v -0.05546665 0.00893527 -0.01488560
v -0.04803365 0.01586085 -0.01227460
v -0.04797786 0.01561975 -0.01387494
v -0.04508462 0.01530515 -0.01472908
v -0.04818856 0.01453816 -0.01487666
v -0.04495137 0.01470118 -0.01487648
v -0.04197818 0.01454806 -0.01487666
v -0.04365128 0.01395344 -0.01487767
v -0.03931444 0.01316465 -0.01487897
v -0.03634348 0.01170068 -0.01473483
v -0.03816980 0.01229065 -0.01488029
v -0.03816735 0.01079034 -0.01488268
v -0.04364889 0.01245319 -0.01488006
v -0.04076737 0.01228660 -0.01488029
v -0.04494655 0.01170128 -0.01488125
v -0.04076498 0.01078629 -0.01488268
v -0.04916667 0.01091498 -0.01488250
v -0.04260528 0.01056426 -0.01488310
v -0.04754894 0.01055639 -0.01488310
v -0.04507654 0.01024436 -0.01459068
v -0.04872149 0.00926149 -0.01459217
v -0.04723876 0.00960427 -0.01388460
v -0.04723876 0.00960171 -0.01228457
v -0.04291248 0.00961119 -0.01388460
v -0.04291248 0.00960863 -0.01228457
v -0.03940838 0.00707388 -0.01388865
v -0.03940838 0.00707132 -0.01228868
v -0.03791850 0.00296229 -0.01424873
v -0.03806495 0.00295895 -0.01229518
v -0.03939527 -0.00115508 -0.01390177
v -0.03939527 -0.00115764 -0.01230180
v -0.04289126 -0.00370353 -0.01390576
v -0.04289126 -0.00370610 -0.01230579
v -0.04721754 -0.00371045 -0.01390576
v -0.04721754 -0.00371295 -0.01230579
v -0.04142856 0.00927311 -0.01459217
v -0.03875499 0.00660795 -0.01459646
v -0.03706496 0.00296467 -0.01489520
v -0.03858578 -0.00174040 -0.01490265
v -0.03346920 -0.00013599 -0.01490014
v -0.03466325 -0.00303137 -0.01490479
v -0.03331738 -0.00189257 -0.01460999
v -0.03631567 -0.00576934 -0.01476260
v -0.03334337 -0.00267142 -0.01390415
v -0.03694349 -0.00720048 -0.01391136
v -0.03678737 -0.00739823 -0.01231169
v -0.04209623 -0.00996524 -0.01231579
v -0.03311792 -0.00278183 -0.01230434
v -0.03221142 0.00297138 -0.01424873
v -0.03181497 0.00296889 -0.01229518
v -0.03336137 0.00860947 -0.01388615
v -0.03313626 0.00871547 -0.01228600
v -0.03697586 0.01312708 -0.01387900
v -0.03682043 0.01332020 -0.01227867
v -0.04219239 0.01562899 -0.01387494
v -0.04213732 0.01587029 -0.01227460
v -0.04022085 0.01469898 -0.01458358
v -0.03333288 0.00783294 -0.01459455
v -0.03468239 0.00896841 -0.01488560
v -0.03347909 0.00607681 -0.01489025
v -0.03860080 0.00766498 -0.01488769
v -0.03306496 0.00297105 -0.01489520
v -0.03946495 0.01003855 -0.01488387
v -0.03874337 -0.00068488 -0.01460808
v -0.04140847 -0.00335848 -0.01461237
v -0.04505330 -0.00434136 -0.01461386
v -0.04870140 -0.00337011 -0.01461237
v -0.04752469 -0.00466037 -0.01490730
v -0.05544757 -0.00306445 -0.01490479
v -0.05378649 -0.00579715 -0.01476260
v -0.05315417 -0.00722629 -0.01391136
v -0.05330962 -0.00742453 -0.01231169
v -0.04258108 -0.00465250 -0.01490730
v -0.03904837 -0.00743073 -0.01491177
v -0.05104839 -0.00744986 -0.01491177
v -0.04194128 -0.00863427 -0.01491367
v -0.04815167 -0.00864410 -0.01491367
v -0.04504526 -0.00940171 -0.01476835
v -0.04990905 -0.00879604 -0.01462095
v -0.04793757 -0.00972825 -0.01391535
v -0.04215204 -0.00971901 -0.01391535
v -0.04799254 -0.00997464 -0.01231579
v -0.04018348 -0.00878054 -0.01462095
v -0.04916906 0.01241528 -0.01488006
v -0.04624658 0.01244908 -0.01488006
v -0.04624897 0.01394939 -0.01487767
v -0.07329600 -0.01620604 0.00527435
v -0.06775206 -0.01578807 0.00377500
v -0.06735834 -0.01605179 0.00527459
v -0.06254357 -0.01326948 0.00377899
v -0.06207494 -0.01333612 0.00527888
v -0.05894356 -0.00874036 0.00378621
v -0.05849373 -0.00859794 0.00528643
v -0.05781150 -0.00309750 0.00344163
v -0.05732253 -0.00277435 0.00529571
v -0.05896145 0.00254053 0.00380415
v -0.05879451 0.00298056 0.00530488
v -0.06257587 0.00705808 0.00381136
v -0.06261690 0.00752643 0.00531212
v -0.06779247 0.00956005 0.00381535
v -0.06803418 0.00996411 0.00531603
v -0.07357805 0.00955081 0.00381535
v -0.07397182 0.00980982 0.00531579
v -0.07878667 0.00703227 0.00381136
v -0.07925523 0.00709418 0.00531149
v -0.08238667 0.00250322 0.00380415
v -0.08283650 0.00235601 0.00530394
v -0.08351862 -0.00313845 0.00344163
v -0.08400766 -0.00346756 0.00529469
v -0.08236867 -0.00877768 0.00378621
v -0.08253571 -0.00922250 0.00528549
v -0.07875430 -0.01329529 0.00377899
v -0.07871330 -0.01376841 0.00527825
v -0.07353770 -0.01579725 0.00377500
v -0.07064541 -0.01547068 0.00292197
v -0.07550919 -0.01486498 0.00306940
v -0.07375186 -0.01471304 0.00277674
v -0.06754148 -0.01470315 0.00277674
v -0.07664859 -0.01351875 0.00277865
v -0.06464856 -0.01349967 0.00277865
v -0.07938667 -0.01186617 0.00292772
v -0.06191566 -0.01183831 0.00292772
v -0.07312476 -0.01072925 0.00278306
v -0.06818115 -0.01072138 0.00278306
v -0.07065349 -0.01041024 0.00307643
v -0.06700867 -0.00942743 0.00307804
v -0.06849139 -0.00977248 0.00378460
v -0.06499546 -0.00722402 0.00378865
v -0.06526547 -0.00703094 0.00528896
v -0.06399842 -0.00311033 0.00529522
v -0.06859483 -0.00945798 0.00528510
v -0.07281756 -0.00977939 0.00378460
v -0.07281756 -0.00978178 0.00528461
v -0.07632166 -0.00724208 0.00378865
v -0.07632166 -0.00724447 0.00528866
v -0.07781154 -0.00312939 0.00344163
v -0.07733177 -0.00313157 0.00529522
v -0.07633477 0.00098688 0.00380176
v -0.07633477 0.00098449 0.00530171
v -0.07283878 0.00353533 0.00380582
v -0.07283878 0.00353295 0.00530577
v -0.06851255 0.00354218 0.00380582
v -0.06851255 0.00353980 0.00530577
v -0.06500858 0.00100487 0.00380176
v -0.06527796 0.00080617 0.00530141
v -0.06351864 -0.00310662 0.00344163
v -0.07430148 -0.00943905 0.00307804
v -0.07697510 -0.00677395 0.00308227
v -0.07866507 -0.00312972 0.00279522
v -0.07714426 0.00157541 0.00280267
v -0.08226096 -0.00002905 0.00280017
v -0.08106690 0.00286633 0.00280476
v -0.08241266 0.00172663 0.00309580
v -0.07941448 0.00560385 0.00295553
v -0.07698667 0.00051892 0.00309390
v -0.07432156 0.00319248 0.00309813
v -0.07067668 0.00417536 0.00309968
v -0.06702876 0.00320411 0.00309813
v -0.06435507 0.00053903 0.00309390
v -0.06266510 -0.00310421 0.00279522
v -0.06418579 -0.00780940 0.00278771
v -0.05906927 -0.00620490 0.00279021
v -0.06026339 -0.00910032 0.00278562
v -0.05891758 -0.00796151 0.00308031
v -0.06434345 -0.00675380 0.00308227
v -0.06578356 -0.01484948 0.00306940
v -0.07712930 -0.00782996 0.00278771
v -0.08239716 -0.00799894 0.00308031
v -0.08104777 -0.00913346 0.00278562
v -0.08225107 -0.00624186 0.00279021
v -0.08266508 -0.00313610 0.00279522
v -0.07314896 0.00448745 0.00280732
v -0.06820535 0.00449532 0.00280732
v -0.06194352 0.00563165 0.00295553
v -0.06028246 0.00289947 0.00280476
v -0.05893307 0.00176400 0.00309580
v -0.05907917 0.00000787 0.00280017
v -0.05866509 -0.00309783 0.00279522
v -0.06420075 0.00159597 0.00280267
v -0.07554656 0.00861460 0.00310677
v -0.07668167 0.00726569 0.00281173
v -0.07378876 0.00846922 0.00281364
v -0.06468170 0.00728482 0.00281173
v -0.06757837 0.00847912 0.00281364
v -0.06582099 0.00863004 0.00310677
v -0.07068478 0.00923622 0.00296131
v -0.06399842 -0.00312149 0.01229518
v -0.06526547 -0.00704209 0.01228898
v -0.06351864 -0.00312385 0.01424873
v -0.06499546 -0.00724012 0.01388865
v -0.06434345 -0.00677216 0.01459646
v -0.06266510 -0.00312352 0.01489520
v -0.06418579 -0.00782865 0.01488769
v -0.05831151 -0.00311634 0.01474875
v -0.05906927 -0.00622422 0.01489025
v -0.05891758 -0.00797987 0.01459455
v -0.05766505 -0.00311392 0.01389515
v -0.05894345 -0.00875646 0.01388615
v -0.05896145 0.00252443 0.01390415
v -0.05893307 0.00174564 0.01460999
v -0.05907917 -0.00001140 0.01490014
v -0.06420075 0.00157672 0.01490265
v -0.06435507 0.00052070 0.01460808
v -0.06500858 0.00098883 0.01390177
v -0.06527796 0.00079505 0.01230146
v -0.06257587 0.00704199 0.01391136
v -0.06194346 0.00561285 0.01476260
v -0.06582099 0.00861174 0.01462095
v -0.06504884 0.00716140 0.01491159
v -0.06399345 0.00634426 0.01491028
v -0.06399106 0.00484389 0.01490789
v -0.06528878 0.00409198 0.01490670
v -0.06028246 0.00288016 0.01490479
v -0.06779247 0.00954395 0.01391535
v -0.07068472 0.00921738 0.01476835
v -0.06757837 0.00845981 0.01491367
v -0.07081615 0.00861263 0.01491385
v -0.07378876 0.00844991 0.01491367
v -0.07211375 0.00786072 0.01491266
v -0.07644805 0.00705804 0.01491148
v -0.07941448 0.00558504 0.01476260
v -0.07758998 0.00618052 0.01491010
v -0.07758766 0.00468016 0.01490765
v -0.07211136 0.00636035 0.01491028
v -0.07499230 0.00618464 0.01491010
v -0.07081139 0.00561261 0.01490908
v -0.07498997 0.00468433 0.01490765
v -0.06658876 0.00483978 0.01490789
v -0.07314896 0.00446814 0.01490730
v -0.06820535 0.00447607 0.01490730
v -0.07067668 0.00415707 0.01461386
v -0.06702876 0.00318581 0.01461237
v -0.06851255 0.00352609 0.01390576
v -0.06851255 0.00352865 0.01230579
v -0.07283878 0.00351924 0.01390576
v -0.07283878 0.00352180 0.01230579
v -0.07633465 0.00097080 0.01390177
v -0.07633477 0.00097334 0.01230180
v -0.07781154 -0.00314659 0.01424873
v -0.07733177 -0.00314271 0.01229518
v -0.07632160 -0.00725818 0.01388865
v -0.07605223 -0.00705928 0.01228898
v -0.07281756 -0.00979549 0.01388460
v -0.07281756 -0.00979292 0.01228457
v -0.06849139 -0.00978857 0.01388460
v -0.06849139 -0.00978607 0.01228457
v -0.07432156 0.00317418 0.01461237
v -0.07698667 0.00050058 0.01460808
v -0.07866507 -0.00314897 0.01489520
v -0.07712930 -0.00784928 0.01488769
v -0.08225095 -0.00626111 0.01489025
v -0.08104765 -0.00915271 0.01488560
v -0.08239710 -0.00801724 0.01459455
v -0.07938667 -0.01188498 0.01473483
v -0.08236867 -0.00879377 0.01388615
v -0.07875430 -0.01331138 0.01387900
v -0.08351862 -0.00315568 0.01424873
v -0.08238667 0.00248712 0.01390415
v -0.07878667 0.00701618 0.01391136
v -0.07357805 0.00953472 0.01391535
v -0.07554656 0.00859624 0.01462095
v -0.08241260 0.00170827 0.01460999
v -0.08106678 0.00284707 0.01490479
v -0.08226090 -0.00004832 0.01490014
v -0.07714426 0.00155610 0.01490265
v -0.08266508 -0.00315535 0.01489520
v -0.07628768 0.00393242 0.01490646
v -0.07697510 -0.00679225 0.01459646
v -0.07430136 -0.00945741 0.01459217
v -0.07065349 -0.01042866 0.01459068
v -0.06700855 -0.00944579 0.01459217
v -0.06818115 -0.01074069 0.01488310
v -0.06026339 -0.00911963 0.01488560
v -0.06191566 -0.01185711 0.01473483
v -0.06254345 -0.01328545 0.01387900
v -0.07312476 -0.01074856 0.01488310
v -0.07664847 -0.01353806 0.01487869
v -0.06464856 -0.01351898 0.01487869
v -0.07375180 -0.01473236 0.01487666
v -0.06754136 -0.01472246 0.01487666
v -0.07064541 -0.01548946 0.01472908
v -0.06578356 -0.01486778 0.01458358
v -0.06775206 -0.01580405 0.01387494
v -0.07353770 -0.01581335 0.01387494
v -0.07550919 -0.01488327 0.01458358
v -0.06659120 0.00634009 0.01491028
v -0.06951380 0.00636452 0.01491028
v -0.06951618 0.00786483 0.01491266
v 0.00002502 0.00860009 -0.02138040
v 0.00204560 0.00860481 -0.02092372
v 0.00276369 0.00922492 -0.02077100
v 0.00228383 0.00660227 -0.02088470
v 0.00204180 0.00781763 -0.02092853
v 0.00391563 0.00631274 -0.02084155
v 0.00351096 0.00836059 -0.02080625
v 0.00328851 0.00720839 -0.02083855
v -0.00005231 0.00853183 0.02140769
v -0.00207288 0.00853157 0.02095101
v -0.00279295 0.00914986 0.02080027
v -0.00238507 0.00645785 0.02090390
v -0.00206659 0.00774439 0.02095332
v -0.00392914 0.00617234 0.02085833
v -0.00357398 0.00829877 0.02083820
v -0.00331134 0.00713146 0.02086138
v -0.06633746 -0.00158292 -0.01425236
v -0.06470890 -0.00144188 -0.01413545
v -0.06677007 -0.00183114 -0.01580277
v -0.06467753 -0.00157791 -0.01575237
v -0.06470366 -0.00471916 -0.01414064
v -0.06676608 -0.00433359 -0.01425671
v -0.06467270 -0.00457787 -0.01575708
v -0.06676608 -0.00433114 -0.01580673
v -0.06449022 -0.00307995 -0.01422977
v -0.06768522 -0.00219166 -0.01425333
v -0.06788415 -0.00400525 -0.01423117
v -0.07499289 -0.00459671 -0.01425707
v -0.07662144 -0.00473813 -0.01414064
v -0.07499289 -0.00459427 -0.01580709
v -0.07665282 -0.00459698 -0.01575708
v -0.07662670 -0.00146085 -0.01413545
v -0.07456428 -0.00184601 -0.01425277
v -0.07665765 -0.00159696 -0.01575237
v -0.07456428 -0.00184357 -0.01580277
v -0.07337320 -0.00186773 -0.01423613
v -0.07374618 -0.00361314 -0.01424309
v -0.07684013 -0.00309977 -0.01422977
v -0.06843099 -0.00118201 -0.01588174
v -0.06970755 -0.00062327 -0.01615347
v -0.06893443 -0.00111189 -0.01006823
v -0.06803799 -0.00291657 -0.01007110
v -0.06868009 -0.00482664 -0.01007417
v -0.06833349 -0.00479353 -0.01599250
v -0.06978707 -0.00564843 -0.01599172
v -0.07048525 -0.00572354 -0.01007558
v -0.07162274 -0.00555032 -0.01616130
v -0.07239586 -0.00508108 -0.01007457
v -0.07326090 -0.00459400 -0.01423206
v -0.07329232 -0.00327637 -0.01007171
v -0.07265021 -0.00136630 -0.01006863
v -0.07308603 -0.00132451 -0.01598486
v -0.07154325 -0.00052570 -0.01598358
v -0.07084502 -0.00046945 -0.01006720
v -0.07310409 -0.00484251 -0.01587419
v -0.07665960 -0.00529537 -0.01795108
v -0.07629156 -0.00569159 -0.01580888
v -0.07421310 -0.00839771 -0.01795603
v -0.07574232 -0.00661458 -0.01574367
v -0.07298228 -0.00880095 -0.01571384
v -0.07044189 -0.00953493 -0.01786500
v -0.07044849 -0.00925523 -0.01571458
v -0.06669602 -0.00817395 -0.01786285
v -0.06725532 -0.00821391 -0.01571294
v -0.06557673 -0.00659839 -0.01574367
v -0.06446148 -0.00486629 -0.01785760
v -0.06503039 -0.00567365 -0.01580888
v -0.06467069 -0.00087252 -0.01794407
v -0.07686883 -0.00130188 -0.01785186
v -0.07629990 -0.00050105 -0.01580059
v -0.07575357 0.00042345 -0.01573244
v -0.07463431 0.00200574 -0.01784662
v -0.07407504 0.00203884 -0.01569652
v -0.07088181 0.00308019 -0.01569491
v -0.07088839 0.00336673 -0.01784444
v -0.06834805 0.00262591 -0.01569560
v -0.06711721 0.00222976 -0.01793915
v -0.06558795 0.00043964 -0.01573244
v -0.06503868 -0.00048311 -0.01580059
v -0.07427185 -0.00669315 -0.01576047
v -0.07065707 -0.00818735 -0.01576286
v -0.06704699 -0.00668165 -0.01576047
v -0.07428336 0.00050678 -0.01574897
v -0.07067328 0.00201246 -0.01574659
v -0.06705838 0.00051829 -0.01574897
v -0.04876357 0.00414961 0.01425671
v -0.05095714 0.00439617 0.01423206
v -0.04876357 0.00414714 0.01580673
v -0.05095714 0.00439373 0.01575708
v -0.05095231 0.00139618 0.01422735
v -0.04919219 0.00139892 0.01425236
v -0.05095231 0.00139373 0.01575237
v -0.04875957 0.00164714 0.01580277
v -0.05113962 0.00289595 0.01422977
v -0.04780828 0.00173132 0.01424039
v -0.04775782 0.00371598 0.01423603
v -0.04096537 0.00166205 0.01425277
v -0.03897225 0.00141525 0.01422735
v -0.04096537 0.00165957 0.01580277
v -0.03897225 0.00141281 0.01575237
v -0.03897709 0.00441524 0.01423206
v -0.04096937 0.00416201 0.01425671
v -0.03897709 0.00441283 0.01575708
v -0.04096937 0.00415957 0.01580673
v -0.04222719 0.00413648 0.01423996
v -0.04197631 0.00255257 0.01423752
v -0.04236424 0.00140983 0.01422735
v -0.03878971 0.00291544 0.01422977
v -0.04711322 0.00468550 0.01616772
v -0.04599406 0.00547660 0.01595555
v -0.04660149 0.00489157 0.01007457
v -0.04749220 0.00308400 0.01007171
v -0.04684400 0.00117601 0.01006863
v -0.04727866 0.00100306 0.01598465
v -0.04573877 0.00033939 0.01607532
v -0.04503595 0.00028491 0.01006720
v -0.04387067 0.00041432 0.01599685
v -0.04312745 0.00093343 0.01006823
v -0.04223674 0.00274096 0.01007110
v -0.04288490 0.00464898 0.01007417
v -0.04254441 0.00478911 0.01590770
v -0.04417412 0.00545057 0.01608664
v -0.04469295 0.00554011 0.01007558
v -0.04266639 0.00114329 0.01598203
v -0.03903968 0.00070123 0.01773454
v -0.03922975 0.00031706 0.01580059
v -0.04145955 -0.00234318 0.01772972
v -0.03984286 -0.00060755 0.01573244
v -0.04262935 -0.00280264 0.01569560
v -0.04517375 -0.00352980 0.01739448
v -0.04516169 -0.00326499 0.01569491
v -0.04890889 -0.00218210 0.01739667
v -0.04746624 -0.00271538 0.01569575
v -0.05000845 -0.00062374 0.01573244
v -0.05098940 0.00121401 0.01773538
v -0.05049085 0.00029913 0.01580059
v -0.05088396 0.00516553 0.01775835
v -0.03875409 0.00457735 0.01775741
v -0.03923797 0.00550765 0.01580888
v -0.03985404 0.00643049 0.01574367
v -0.04091847 0.00787951 0.01776264
v -0.04157119 0.00804061 0.01571294
v -0.04476765 0.00907177 0.01571458
v -0.04460525 0.00927751 0.01776491
v -0.04729997 0.00860941 0.01571384
v -0.04834179 0.00818885 0.01791313
v -0.05001967 0.00641429 0.01574367
v -0.05049920 0.00548971 0.01580888
v -0.04124629 -0.00069077 0.01574897
v -0.04485636 -0.00219646 0.01574659
v -0.04847115 -0.00070228 0.01574897
v -0.04125767 0.00650918 0.01576047
v -0.04487258 0.00800341 0.01576286
v -0.04848265 0.00649768 0.01576047
v -0.04827630 0.00291987 0.01831809
v -0.04490336 0.00633750 0.01847019
v -0.04160161 0.00287521 0.01841722
v -0.04498582 -0.00053948 0.01845924
v -0.06730220 -0.00304864 -0.01841722
v -0.07071735 0.00035522 -0.01845924
v -0.07402815 -0.00311774 -0.01841731
v -0.07061297 -0.00652146 -0.01847019
v -0.06697416 0.00280553 -0.01849538
v -0.06421726 -0.00048956 -0.01850056
v -0.06392395 -0.00477344 -0.01850748
v -0.06620585 -0.00841361 -0.01851326
v -0.07019037 -0.01001679 -0.01851576
v -0.07435619 -0.00897169 -0.01851409
v -0.07711309 -0.00567657 -0.01850885
v -0.07740640 -0.00139266 -0.01850199
v -0.07512450 0.00224745 -0.01849627
v -0.07113987 0.00385064 -0.01849365
v -0.07060144 -0.00642253 -0.01597252
v -0.07291436 -0.00545331 -0.01621864
v -0.07330729 -0.00334152 -0.01622184
v -0.07072886 0.00024833 -0.01596193
v -0.06841595 -0.00072009 -0.01621111
v -0.06759181 -0.00297461 -0.01612179
v -0.07211906 -0.00160221 -0.01625073
v -0.07167801 -0.00454115 -0.01609545
v -0.07040233 -0.00504031 -0.01617999
v -0.06905235 -0.00454295 -0.01634167
v -0.06859500 -0.00287492 -0.01623945
v -0.06951901 -0.00163241 -0.01609082
v -0.07068691 -0.00100150 -0.01621662
v -0.04857414 0.00877589 0.01851409
v -0.05132055 0.00547200 0.01850885
v -0.04930675 -0.00244564 0.01849627
v -0.04531705 -0.00403613 0.01849365
v -0.04115468 -0.00297773 0.01849538
v -0.03840839 0.00032612 0.01850056
v -0.03812867 0.00461090 0.01850748
v -0.04042220 0.00824380 0.01851326
v -0.04441177 0.00983429 0.01851576
v -0.04507039 -0.00054474 0.01604924
v -0.04274134 0.00054308 0.01621111
v -0.04222883 0.00288103 0.01615722
v -0.04492570 0.00635026 0.01606021
v -0.04735824 0.00545356 0.01608383
v -0.04804155 0.00299371 0.01615843
v -0.04358688 0.00438982 0.01615056
v -0.04363216 0.00137557 0.01623015
v -0.04502971 0.00081723 0.01621662
v -0.04613767 0.00152937 0.01609096
v -0.04695516 0.00287873 0.01620771
v -0.04604881 0.00435367 0.01609545
v -0.04454786 0.00485920 0.01619800
v -0.06782138 0.01951479 0.00988126
v -0.07031637 0.01967209 0.00988150
v -0.07031637 0.01966178 0.01638150
v -0.06782138 0.01950448 0.01638126
v -0.06782126 0.01950049 0.01888126
v -0.06133419 0.01909124 0.01888060
v -0.06133419 0.01909530 0.01638054
v -0.05883908 0.01893800 0.01638025
v -0.05883920 0.01894825 0.00988030
v -0.06133419 0.01910555 0.00988054
v -0.06133419 0.01910954 0.00738054
v -0.06782138 0.01951879 0.00738126
v -0.06782138 0.01956039 -0.01871865
v -0.07031649 0.01971769 -0.01871836
v -0.07031649 0.01970726 -0.01221847
v -0.06782138 0.01954996 -0.01221865
v -0.06782138 0.01954597 -0.00971866
v -0.06133425 0.01913690 -0.00971937
v -0.06133425 0.01914077 -0.01221936
v -0.05883920 0.01898348 -0.01221954
v -0.06782138 0.01956427 -0.02121865
v -0.03682676 0.00561466 0.00304236
v -0.03998208 0.00994293 0.00304923
v -0.03681820 0.00025838 0.00303380
v -0.03995972 -0.00407990 0.00302692
v -0.04507873 0.01159004 0.00305190
v -0.04363198 0.00372839 0.00330603
v -0.04383707 0.00172440 0.00330281
v -0.04525141 0.00134207 0.00330222
v -0.04505111 -0.00574320 0.00302426
v -0.04636396 0.00226537 0.00330369
v -0.05017018 0.00992671 0.00304923
v -0.05014783 -0.00409613 0.00302692
v -0.05331164 0.00558841 0.00304236
v -0.05330310 0.00023213 0.00303380
v -0.04646964 0.00371697 0.00330601
v -0.04510976 0.00453679 0.00330730
v -0.04856485 0.00292557 -0.00184518
v -0.04754370 0.00540218 -0.00184125
v -0.04753577 0.00045226 -0.00184914
v -0.04636520 0.00367933 -0.00209403
v -0.04636275 0.00217962 -0.00209635
v -0.04506248 0.00143152 -0.00209761
v -0.04505938 -0.00056881 -0.00185075
v -0.04376465 0.00218373 -0.00209635
v -0.04258626 0.00046014 -0.00184914
v -0.04507046 0.00643113 -0.00183961
v -0.04506725 0.00443154 -0.00209278
v -0.04259419 0.00541007 -0.00184125
v -0.04376709 0.00368351 -0.00209403
v -0.04156500 0.00293672 -0.00184518
v -0.05172568 0.00508338 -0.00159174
v -0.04918807 0.00858748 -0.00158620
v -0.05171877 0.00075691 -0.00159866
v -0.04917007 -0.00273901 -0.00160420
v -0.03840428 0.00077811 -0.00159866
v -0.04094177 -0.00272596 -0.00160420
v -0.03841120 0.00510460 -0.00159174
v -0.04095989 0.00860059 -0.00158620
v -0.07891184 -0.00044269 -0.00303380
v -0.07577039 0.00389558 -0.00302692
v -0.07890332 -0.00579896 -0.00304236
v -0.07574804 -0.01012722 -0.00304923
v -0.07067896 0.00555891 -0.00302426
v -0.07180031 -0.00230589 -0.00330345
v -0.07206760 -0.00390575 -0.00330601
v -0.07070515 -0.00472124 -0.00330730
v -0.07065132 -0.01177433 -0.00305190
v -0.06922992 -0.00390813 -0.00330603
v -0.06558217 0.00391181 -0.00302692
v -0.06555988 -0.01011103 -0.00304923
v -0.06242690 -0.00041644 -0.00303380
v -0.06241842 -0.00577271 -0.00304236
v -0.06944136 -0.00190481 -0.00330281
v -0.07063463 -0.00135943 -0.00330195
v -0.06716507 -0.00310987 0.00184518
v -0.06819438 -0.00063656 0.00184914
v -0.06818646 -0.00558650 0.00184125
v -0.06936717 -0.00236392 0.00209635
v -0.06936478 -0.00386363 0.00209403
v -0.07066267 -0.00461584 0.00209278
v -0.07065957 -0.00661543 0.00183961
v -0.07196295 -0.00386781 0.00209403
v -0.07313585 -0.00559437 0.00184125
v -0.07067066 0.00038451 0.00185075
v -0.07066750 -0.00161588 0.00209761
v -0.07314378 -0.00064444 0.00184914
v -0.07196539 -0.00236803 0.00209635
v -0.07416510 -0.00312102 0.00184518
v -0.06401127 -0.00094121 0.00159866
v -0.06655997 0.00255471 0.00160420
v -0.06400436 -0.00526774 0.00159174
v -0.06654191 -0.00877178 0.00158620
v -0.07731896 -0.00528890 0.00159174
v -0.07477027 -0.00878489 0.00158620
v -0.07732588 -0.00096242 0.00159866
v -0.07478839 0.00254160 0.00160420
v -0.04505777 -0.00156590 -0.00365236
v -0.04187798 -0.00024283 -0.00365025
v -0.04824185 -0.00025296 -0.00365025
v -0.04392854 0.00120406 -0.00381460
v -0.04592855 0.00120088 -0.00381460
v -0.04721469 0.00293076 -0.00374517
v -0.04956489 0.00292686 -0.00364518
v -0.04593404 0.00466492 -0.00380909
v -0.04825198 0.00611088 -0.00364011
v -0.04056489 0.00294119 -0.00364518
v -0.04293125 0.00293767 -0.00381184
v -0.04188805 0.00612101 -0.00364011
v -0.04393404 0.00466812 -0.00380909
v -0.04507207 0.00743401 -0.00363803
v -0.04507368 0.00845057 -0.01403635
v -0.04118216 0.00684583 -0.01403898
v -0.04896014 0.00683343 -0.01403898
v -0.04393410 0.00468485 -0.01430908
v -0.04593410 0.00468167 -0.01430908
v -0.04721478 0.00294745 -0.01424517
v -0.05056500 0.00294185 -0.01404517
v -0.04592861 0.00121758 -0.01431461
v -0.04894787 -0.00094466 -0.01405137
v -0.03956496 0.00295931 -0.01404517
v -0.04293137 0.00295442 -0.01431184
v -0.04116976 -0.00093228 -0.01405137
v -0.04392860 0.00122076 -0.01431461
v -0.04505616 -0.00254935 -0.01405400
v -0.07065796 -0.00761831 0.00363803
v -0.07384210 -0.00630534 0.00364011
v -0.06747817 -0.00629520 0.00364011
v -0.07166234 -0.00485180 0.00354242
v -0.06966235 -0.00484860 0.00354242
v -0.06871510 -0.00311506 0.00354517
v -0.06616508 -0.00311115 0.00364518
v -0.06966784 -0.00138454 0.00354793
v -0.06748825 0.00006866 0.00365025
v -0.07516509 -0.00312549 0.00364518
v -0.07261507 -0.00312126 0.00354517
v -0.07385218 0.00005852 0.00365025
v -0.07166785 -0.00138773 0.00354793
v -0.07067227 0.00138160 0.00365236
v -0.07067388 0.00236505 0.01405400
v -0.07456040 0.00074797 0.01405137
v -0.06678217 0.00076036 0.01405137
v -0.07166785 -0.00140442 0.01404793
v -0.06966784 -0.00140125 0.01404793
v -0.06871510 -0.00313178 0.01404517
v -0.06516510 -0.00312614 0.01404517
v -0.06966230 -0.00486533 0.01404241
v -0.06676977 -0.00701779 0.01403898
v -0.07616508 -0.00314367 0.01404517
v -0.07261507 -0.00313801 0.01404517
v -0.07454800 -0.00703019 0.01403898
v -0.07166231 -0.00486851 0.01404241
v -0.07065629 -0.00863486 0.01403635
v -0.07067626 0.00388485 0.00160634
v -0.07065397 -0.01011508 0.00158405
v -0.04507607 0.00993073 -0.00158405
v -0.04505378 -0.00406915 -0.00160634
v -0.05235469 0.00820184 0.00291318
v -0.05402207 0.00807561 0.00317963
v -0.05456486 0.00290844 0.00290471
v -0.05400554 -0.00225772 0.00316318
v -0.05233788 -0.00237781 0.00289631
v -0.05021725 -0.00603392 0.00315716
v -0.04783219 -0.00564033 0.00289112
v -0.04504843 -0.00741009 0.00315495
v -0.03988405 -0.00601749 0.00315716
v -0.04227048 -0.00563145 0.00289112
v -0.03610788 -0.00222921 0.00316318
v -0.03777515 -0.00235456 0.00289631
v -0.03556499 0.00293872 0.00290471
v -0.03612430 0.00810411 0.00317963
v -0.03779196 0.00822502 0.00291318
v -0.03991256 0.01188035 0.00318567
v -0.04229778 0.01148760 0.00291836
v -0.04508130 0.01325647 0.00318787
v -0.05024578 0.01186384 0.00318567
v -0.04785937 0.01147878 0.00291836
v -0.05394980 0.00804143 -0.00143702
v -0.05020395 0.01179913 -0.00143106
v -0.04508084 0.01293057 -0.00145926
v -0.03995416 0.01181542 -0.00143106
v -0.03619641 0.00806971 -0.00143702
v -0.03506496 0.00294647 -0.00147520
v -0.03618013 -0.00218037 -0.00145334
v -0.03992593 -0.00593807 -0.00145933
v -0.04504896 -0.00706936 -0.00149111
v -0.05017567 -0.00595437 -0.00145933
v -0.05393348 -0.00220863 -0.00145334
v -0.05506486 0.00291463 -0.00147520
v -0.05034345 -0.00435859 -0.00160676
v -0.04783219 -0.00563317 -0.00160885
v -0.04227048 -0.00562429 -0.00160885
v -0.03976315 -0.00434172 -0.00160676
v -0.03777515 -0.00234741 -0.00160360
v -0.03650116 0.00016292 -0.00159961
v -0.03651005 0.00572586 -0.00159079
v -0.03779208 0.00823218 -0.00158679
v -0.03978639 0.01022017 -0.00158358
v -0.04229778 0.01149475 -0.00158155
v -0.04785948 0.01148587 -0.00158155
v -0.05036669 0.01020330 -0.00158358
v -0.05235469 0.00820899 -0.00158679
v -0.05362868 0.00569862 -0.00159079
v -0.05361986 0.00013566 -0.00159961
v -0.05233788 -0.00237060 -0.00160360
v -0.03841096 0.00509733 0.00290817
v -0.03840404 0.00077110 0.00290131
v -0.04094135 -0.00273293 0.00289571
v -0.04505378 -0.00407636 0.00289363
v -0.04917037 -0.00274604 0.00289571
v -0.05171889 0.00074990 0.00290131
v -0.05172580 0.00507611 0.00290817
v -0.04918837 0.00858015 0.00291377
v -0.04507607 0.00992358 0.00291592
v -0.04095935 0.00859326 0.00291377
v -0.06339228 0.00219345 -0.00289631
v -0.06172442 0.00207343 -0.00316318
v -0.06166529 -0.00309354 -0.00290471
v -0.06033184 -0.00309100 -0.00317138
v -0.06170797 -0.00825991 -0.00317963
v -0.06337535 -0.00838614 -0.00291318
v -0.06548430 -0.01204814 -0.00318567
v -0.06787067 -0.01166307 -0.00291836
v -0.07064865 -0.01344076 -0.00318787
v -0.07581750 -0.01206465 -0.00318567
v -0.07343226 -0.01167190 -0.00291836
v -0.07960586 -0.00828840 -0.00317963
v -0.07793796 -0.00840932 -0.00291318
v -0.07966500 -0.00312221 -0.00290471
v -0.08099840 -0.00312392 -0.00317138
v -0.07962228 0.00204492 -0.00316318
v -0.07795488 0.00217026 -0.00289631
v -0.07584597 0.00583319 -0.00315716
v -0.07345956 0.00544715 -0.00289112
v -0.07068160 0.00722579 -0.00315495
v -0.06551275 0.00584962 -0.00315716
v -0.06789797 0.00545603 -0.00289112
v -0.06179656 0.00202432 0.00145334
v -0.06555436 0.00577007 0.00145933
v -0.07068108 0.00688505 0.00149111
v -0.07580413 0.00575376 0.00145933
v -0.07955000 0.00199607 0.00145334
v -0.08091503 -0.00313115 0.00144520
v -0.07953373 -0.00825402 0.00143702
v -0.07577582 -0.01199975 0.00143106
v -0.07064918 -0.01311487 0.00145926
v -0.06552611 -0.01198342 0.00143106
v -0.06178024 -0.00822574 0.00143702
v -0.06041509 -0.00309849 0.00144520
v -0.06536328 -0.01038759 0.00158358
v -0.06787067 -0.01167017 0.00158155
v -0.07343226 -0.01167905 0.00158155
v -0.07594370 -0.01040446 0.00158358
v -0.07793796 -0.00841647 0.00158679
v -0.07922005 -0.00591016 0.00159079
v -0.07966500 -0.00312936 0.00159520
v -0.07922899 -0.00034723 0.00159961
v -0.07795476 0.00216311 0.00160360
v -0.07596689 0.00415742 0.00160676
v -0.07345956 0.00544000 0.00160885
v -0.06789797 0.00544888 0.00160885
v -0.06538647 0.00417429 0.00160676
v -0.06339228 0.00218630 0.00160360
v -0.06211018 -0.00031997 0.00159961
v -0.06166517 -0.00310069 0.00159520
v -0.06210130 -0.00588292 0.00159079
v -0.06337535 -0.00839329 0.00158679
v -0.07732599 -0.00095541 -0.00290131
v -0.07731908 -0.00528163 -0.00290817
v -0.07477056 -0.00877756 -0.00291377
v -0.07065397 -0.01010787 -0.00291592
v -0.06654155 -0.00876444 -0.00291377
v -0.06400430 -0.00526041 -0.00290817
v -0.06401115 -0.00093420 -0.00290131
v -0.06655967 0.00256169 -0.00289571
v -0.07067626 0.00389200 -0.00289363
v -0.07478868 0.00254857 -0.00289571
v -0.04116970 -0.00094868 -0.00375140
v -0.04505616 -0.00256574 -0.00375396
v -0.04894775 -0.00096107 -0.00375140
v -0.05056488 0.00292539 -0.00374520
v -0.04896014 0.00681704 -0.00373900
v -0.04507368 0.00843418 -0.00373644
v -0.04118210 0.00682944 -0.00373900
v -0.03956484 0.00294292 -0.00374520
v -0.07454800 -0.00701374 0.00373900
v -0.07065635 -0.00861847 0.00373644
v -0.06676977 -0.00700140 0.00373900
v -0.06516510 -0.00310969 0.00374520
v -0.06678217 0.00077676 0.00375140
v -0.07067388 0.00238144 0.00375396
v -0.07456040 0.00076437 0.00375140
v -0.07616508 -0.00312722 0.00374520
v -0.04206705 0.01074813 -0.00010733
v -0.04193139 0.00996315 -0.00022042
v -0.04249148 0.01003304 0.00072647
v -0.04296725 0.01033896 -0.00021982
v -0.04258171 0.01108531 0.00077990
v -0.04171425 0.01055985 0.00105327
v -0.03957325 0.00925120 -0.00010973
v -0.03971439 0.00846720 -0.00022281
v -0.04021629 0.00872435 0.00072438
v -0.04055935 0.00917464 -0.00022168
v -0.03994112 0.00974395 0.00077774
v -0.03930544 0.00895357 0.00105071
v -0.03774193 0.00699164 -0.00011333
v -0.03814280 0.00630319 -0.00022626
v -0.03852594 0.00671640 0.00072118
v -0.03869479 0.00725692 -0.00022474
v -0.03791856 0.00758042 0.00077428
v -0.03759145 0.00662023 0.00104701
v -0.03679385 0.00424200 -0.00011771
v -0.03740608 0.00373220 -0.00023036
v -0.03762425 0.00425140 0.00071726
v -0.03759855 0.00481719 -0.00022863
v -0.03675804 0.00485557 0.00076996
v -0.03677886 0.00384146 0.00104260
v -0.03684341 0.00133391 -0.00012234
v -0.03759306 0.00106424 -0.00023461
v -0.03762003 0.00162668 0.00071307
v -0.03740286 0.00214958 -0.00023288
v -0.03659937 0.00189815 0.00076523
v -0.03696566 0.00095228 0.00103795
v -0.03788453 -0.00138180 -0.00012666
v -0.03868138 -0.00137883 -0.00023849
v -0.03851376 -0.00084117 0.00070915
v -0.03813135 -0.00042395 -0.00023698
v -0.03746177 -0.00093516 0.00076073
v -0.03812927 -0.00169873 0.00103378
v -0.03979178 -0.00357768 -0.00013016
v -0.04053956 -0.00330239 -0.00024155
v -0.04019765 -0.00285453 0.00070594
v -0.03969615 -0.00259316 -0.00024042
v -0.03924125 -0.00330267 0.00075697
v -0.04012960 -0.00379193 0.00103044
v -0.04233509 -0.00498885 -0.00013240
v -0.04294359 -0.00447434 -0.00024341
v -0.04246868 -0.00417054 0.00070386
v -0.04190850 -0.00409639 -0.00024281
v -0.04172315 -0.00491877 0.00075440
v -0.04272520 -0.00507474 0.00102842
v -0.04520754 -0.00544505 -0.00013312
v -0.04560345 -0.00475347 -0.00024385
v -0.04505275 -0.00463049 0.00070312
v -0.04450160 -0.00475228 -0.00024385
v -0.04460811 -0.00558859 0.00075333
v -0.04560285 -0.00539243 0.00102788
v -0.04806285 -0.00489130 -0.00013223
v -0.04819846 -0.00410598 -0.00024281
v -0.04763836 -0.00417886 0.00070386
v -0.04716259 -0.00448173 -0.00024341
v -0.04754821 -0.00523124 0.00075392
v -0.04841566 -0.00470680 0.00102901
v -0.05055658 -0.00339435 -0.00012984
v -0.05041545 -0.00260997 -0.00024042
v -0.04991356 -0.00287014 0.00070594
v -0.04957056 -0.00331742 -0.00024155
v -0.05018870 -0.00388994 0.00075606
v -0.05082440 -0.00310039 0.00103158
v -0.05238791 -0.00113479 -0.00012623
v -0.05198717 -0.00044602 -0.00023698
v -0.05160394 -0.00086220 0.00070915
v -0.05143505 -0.00139969 -0.00023849
v -0.05221124 -0.00172637 0.00075951
v -0.05253839 -0.00076712 0.00103527
v -0.05333605 0.00161481 -0.00012185
v -0.05272388 0.00212496 -0.00023288
v -0.05250563 0.00160275 0.00071307
v -0.05253130 0.00103998 -0.00023461
v -0.05337191 0.00099842 0.00076384
v -0.05335110 0.00201166 0.00103968
v -0.05328650 0.00452291 -0.00011722
v -0.05253678 0.00479293 -0.00022863
v -0.05250983 0.00422747 0.00071726
v -0.05272698 0.00370753 -0.00023036
v -0.05353051 0.00395584 0.00076857
v -0.05316430 0.00490087 0.00104433
v -0.05224527 0.00723866 -0.00011290
v -0.05144858 0.00723600 -0.00022474
v -0.05161610 0.00669536 0.00072118
v -0.05199849 0.00628114 -0.00022626
v -0.05266807 0.00678917 0.00077307
v -0.05200046 0.00755191 0.00104850
v -0.05033805 0.00943456 -0.00010941
v -0.04959034 0.00915956 -0.00022168
v -0.04993217 0.00870873 0.00072438
v -0.05043369 0.00845039 -0.00022281
v -0.05088858 0.00915668 0.00077683
v -0.05000025 0.00964504 0.00105184
v -0.04779484 0.01084569 -0.00010717
v -0.04718625 0.01033157 -0.00021982
v -0.04766117 0.01002474 0.00072647
v -0.04822134 0.00995356 -0.00022042
v -0.04840674 0.01077284 0.00077940
v -0.04740476 0.01092785 0.00105387
v -0.04492230 0.01130192 -0.00010645
v -0.04452639 0.01061069 -0.00021938
v -0.04507707 0.01048467 0.00072721
v -0.04562836 0.01060944 -0.00021938
v -0.04552173 0.01144262 0.00078047
v -0.04452705 0.01124554 0.00105441
v -0.07368796 0.00469739 0.00013223
v -0.07382100 0.00391161 0.00024281
v -0.07326116 0.00398632 -0.00070386
v -0.07278627 0.00429070 0.00024341
v -0.07317435 0.00503900 -0.00075392
v -0.07404017 0.00451177 -0.00102901
v -0.07617684 0.00319252 0.00012984
v -0.07603317 0.00240862 0.00024042
v -0.07553216 0.00267036 -0.00070594
v -0.07519066 0.00311869 0.00024155
v -0.07581059 0.00368925 -0.00075606
v -0.07644367 0.00289774 -0.00103158
v -0.07800100 0.00092715 0.00012623
v -0.07759797 0.00023965 0.00023698
v -0.07721618 0.00065706 -0.00070915
v -0.07704907 0.00119507 0.00023849
v -0.07782620 0.00151926 -0.00075951
v -0.07815027 0.00055899 -0.00103527
v -0.07894033 -0.00182545 0.00012185
v -0.07832658 -0.00233370 0.00023288
v -0.07810999 -0.00181076 -0.00071307
v -0.07813745 -0.00124806 0.00023461
v -0.07897814 -0.00120917 -0.00076384
v -0.07895410 -0.00222236 -0.00103968
v -0.07888153 -0.00473338 0.00011722
v -0.07813096 -0.00500101 0.00022863
v -0.07810584 -0.00443548 -0.00071726
v -0.07832467 -0.00391626 0.00023036
v -0.07912734 -0.00416710 -0.00076857
v -0.07875806 -0.00511098 -0.00104433
v -0.07783172 -0.00744581 0.00011290
v -0.07703500 -0.00744063 0.00022474
v -0.07720426 -0.00690049 -0.00072118
v -0.07758796 -0.00648749 0.00022626
v -0.07825595 -0.00699768 -0.00077307
v -0.07758587 -0.00775826 -0.00104850
v -0.07591750 -0.00963564 0.00010941
v -0.07517069 -0.00935829 0.00022168
v -0.07551393 -0.00890850 -0.00072438
v -0.07601630 -0.00865173 0.00022281
v -0.07646890 -0.00935952 -0.00077683
v -0.07557898 -0.00984508 -0.00105184
v -0.07336982 -0.01103867 0.00010717
v -0.07276278 -0.01052266 0.00021982
v -0.07323877 -0.01021727 -0.00072647
v -0.07379907 -0.01014786 0.00022042
v -0.07398188 -0.01096775 -0.00077940
v -0.07297950 -0.01111960 -0.00105387
v -0.07049584 -0.01148571 0.00010645
v -0.07010209 -0.01079314 0.00021938
v -0.07065317 -0.01066896 -0.00072721
v -0.07120400 -0.01079559 0.00021938
v -0.07109485 -0.01162833 -0.00078047
v -0.07010078 -0.01142817 -0.00105441
v -0.06764230 -0.01092284 0.00010733
v -0.06750917 -0.01013749 0.00022042
v -0.06806904 -0.01020912 -0.00072647
v -0.06854391 -0.01051646 0.00021982
v -0.06815592 -0.01126168 -0.00077990
v -0.06729006 -0.01073348 -0.00105327
v -0.06515336 -0.00941799 0.00010973
v -0.06529700 -0.00863445 0.00022281
v -0.06579804 -0.00889318 -0.00072438
v -0.06613957 -0.00934452 0.00022168
v -0.06551959 -0.00991189 -0.00077774
v -0.06488656 -0.00911951 -0.00105071
v -0.06332925 -0.00715261 0.00011333
v -0.06373226 -0.00646544 0.00022626
v -0.06411406 -0.00687986 -0.00072118
v -0.06428116 -0.00742090 0.00022474
v -0.06350400 -0.00774193 -0.00077428
v -0.06317996 -0.00678074 -0.00104701
v -0.06238988 -0.00439995 0.00011771
v -0.06300365 -0.00389206 0.00023036
v -0.06322022 -0.00441199 -0.00071726
v -0.06319278 -0.00497764 0.00022863
v -0.06235208 -0.00501342 -0.00076996
v -0.06237620 -0.00399935 -0.00104260
v -0.06244871 -0.00149203 0.00012234
v -0.06319916 -0.00122476 0.00023461
v -0.06322438 -0.00178728 -0.00071307
v -0.06300556 -0.00230950 0.00023288
v -0.06220291 -0.00205549 -0.00076523
v -0.06257218 -0.00111079 -0.00103795
v -0.06349850 0.00122036 0.00012666
v -0.06429529 0.00121480 0.00023849
v -0.06412599 0.00067770 -0.00070915
v -0.06374228 0.00026172 0.00023698
v -0.06307429 0.00077506 -0.00076073
v -0.06374430 0.00153649 -0.00103378
v -0.06541275 0.00341015 0.00013016
v -0.06615960 0.00313246 0.00024155
v -0.06581632 0.00268570 -0.00070594
v -0.06531387 0.00242591 0.00024042
v -0.06486136 0.00313687 -0.00075697
v -0.06575125 0.00362331 -0.00103044
v -0.06796045 0.00481319 0.00013240
v -0.06856727 0.00429678 0.00024341
v -0.06809144 0.00399446 -0.00070386
v -0.06753110 0.00392210 0.00024281
v -0.06734840 0.00474509 -0.00075440
v -0.06835079 0.00489783 -0.00102842
v -0.07083440 0.00526025 0.00013312
v -0.07122820 0.00456738 0.00024385
v -0.07067706 0.00444617 -0.00070312
v -0.07012629 0.00456971 0.00024385
v -0.07023545 0.00540566 -0.00075333
v -0.07122945 0.00520641 -0.00102788
v -0.07068759 0.00420588 -0.01599305
v -0.07036650 0.00533157 -0.01599138
v -0.07034835 0.00518491 -0.02018588
v -0.06916916 0.00541705 -0.01599115
v -0.06884373 0.00501859 -0.02016757
v -0.07168507 0.00413471 -0.01599329
v -0.07181228 0.00470130 -0.02015087
v -0.07213246 0.00513572 -0.01599168
v -0.07217062 0.00515431 -0.02012604
v -0.07054371 -0.01037910 -0.01601636
v -0.07140100 -0.01142406 -0.01601797
v -0.07114936 -0.01125027 -0.02019830
v -0.07628101 0.00296038 -0.01599508
v -0.07650740 0.00272405 -0.02018983
v -0.07897618 -0.00089257 -0.01600122
v -0.07863545 -0.00105350 -0.02016861
v -0.07874947 -0.00602290 -0.01600935
v -0.07857906 -0.00575846 -0.02017092
v -0.07572478 -0.00962341 -0.01601517
v -0.07559431 -0.00962263 -0.02021042
v -0.06962466 -0.01146358 -0.01601809
v -0.06934012 -0.01124685 -0.02021208
v -0.06754302 -0.01032796 -0.01601630
v -0.06772595 -0.01046381 -0.02017406
v -0.06842458 -0.01144319 -0.01601809
v -0.06842458 -0.01143676 -0.02001810
v -0.06662410 -0.01141250 -0.01601797
v -0.06662410 -0.01140618 -0.02001798
v -0.06504225 -0.01028537 -0.01601618
v -0.06543570 -0.01010763 -0.02015033
v -0.06542390 -0.01139205 -0.01601797
v -0.06553762 -0.01155888 -0.02029458
v -0.06404238 -0.01026839 -0.01601618
v -0.06404238 -0.01026195 -0.02001619
v -0.06362336 -0.01136136 -0.01601797
v -0.06362336 -0.01135510 -0.02001786
v -0.06154168 -0.01022573 -0.01601612
v -0.06154168 -0.01021942 -0.02001613
v -0.06242316 -0.01134085 -0.01601785
v -0.06242316 -0.01133459 -0.02001786
v -0.06062275 -0.01131027 -0.01601785
v -0.06062275 -0.01130390 -0.02001786
v -0.05904096 -0.01018315 -0.01601606
v -0.05904096 -0.01017689 -0.02001607
v -0.05942249 -0.01128989 -0.01601785
v -0.05942249 -0.01128345 -0.02001780
v -0.05804109 -0.01016616 -0.01601606
v -0.05804109 -0.01015979 -0.02001607
v -0.05762195 -0.01125919 -0.01601779
v -0.05762207 -0.01125276 -0.02001780
v -0.05554038 -0.01012358 -0.01601600
v -0.05604034 -0.01012569 -0.02001595
v -0.05642187 -0.01123875 -0.01601779
v -0.05642187 -0.01123237 -0.02001780
v -0.05504047 -0.01010864 -0.02001595
v -0.05462139 -0.01120805 -0.01601767
v -0.05462139 -0.01120167 -0.02001768
v -0.05303955 -0.01008099 -0.01601588
v -0.05253968 -0.01006605 -0.02001589
v -0.05342125 -0.01118755 -0.01601767
v -0.05342125 -0.01118117 -0.02001768
v -0.05203968 -0.01006394 -0.01601588
v -0.05162066 -0.01115685 -0.01601767
v -0.05162066 -0.01115059 -0.02001768
v -0.05003899 -0.01002985 -0.01601588
v -0.05003899 -0.01002347 -0.02001589
v -0.05042046 -0.01113647 -0.01601755
v -0.05042046 -0.01113009 -0.02001756
v -0.04903906 -0.01001274 -0.01601576
v -0.04903906 -0.01000648 -0.02001577
v -0.04862010 -0.01110589 -0.01601755
v -0.04862010 -0.01109945 -0.02001756
v -0.04703825 -0.00997871 -0.01601576
v -0.04703825 -0.00997233 -0.02001577
v -0.04741984 -0.01108539 -0.01601755
v -0.04741984 -0.01107907 -0.02001756
v -0.04603838 -0.00996172 -0.01601576
v -0.04603838 -0.00995535 -0.02001577
v -0.04561936 -0.01105475 -0.01601749
v -0.04561936 -0.01104837 -0.02001750
v -0.04353768 -0.00991911 -0.01601564
v -0.04403769 -0.00992125 -0.02001565
v -0.04441916 -0.01103436 -0.01601749
v -0.04441916 -0.01102799 -0.02001750
v -0.04303777 -0.00990420 -0.02001565
v -0.04261869 -0.01100367 -0.01601737
v -0.04261869 -0.01099729 -0.02001738
v -0.04053703 -0.00986800 -0.01601558
v -0.04053703 -0.00986162 -0.02001559
v -0.04141855 -0.01098316 -0.01601737
v -0.04141855 -0.01097679 -0.02001738
v -0.03961807 -0.01095247 -0.01601737
v -0.03961807 -0.01094609 -0.02001738
v -0.03803628 -0.00982541 -0.01601558
v -0.03803628 -0.00981903 -0.02001559
v -0.03841775 -0.01093208 -0.01601725
v -0.03841787 -0.01092565 -0.02001726
v -0.03703635 -0.00980836 -0.01601547
v -0.03703635 -0.00980198 -0.02001547
v -0.03661739 -0.01090139 -0.01601725
v -0.03661739 -0.01089507 -0.02001726
v -0.03453568 -0.00976580 -0.01601547
v -0.03453568 -0.00975943 -0.02001547
v -0.03541719 -0.01088094 -0.01601725
v -0.03541719 -0.01087468 -0.02001726
v -0.03361678 -0.01085036 -0.01601719
v -0.03361678 -0.01084399 -0.02001714
v -0.03203499 -0.00972319 -0.01601535
v -0.03203499 -0.00971681 -0.02001535
v -0.03241646 -0.01082974 -0.01601719
v -0.03241646 -0.01082348 -0.02001714
v -0.03103506 -0.00970614 -0.01601535
v -0.03103506 -0.00969976 -0.02001535
v -0.03061598 -0.01079916 -0.01601707
v -0.03061610 -0.01079279 -0.02001708
v -0.02853435 -0.00966358 -0.01601532
v -0.02853435 -0.00965720 -0.02001529
v -0.02941590 -0.01077878 -0.01601707
v -0.02941590 -0.01077234 -0.02001708
v -0.02761536 -0.01074808 -0.01601707
v -0.02761536 -0.01074165 -0.02001708
v -0.02603358 -0.00962096 -0.01601529
v -0.02603358 -0.00961459 -0.02001529
v -0.02641505 -0.01072770 -0.01601696
v -0.02641516 -0.01072126 -0.02001696
v -0.02503365 -0.00960392 -0.01601529
v -0.02503365 -0.00959760 -0.02001518
v -0.02461469 -0.01069694 -0.01601696
v -0.02461469 -0.01069068 -0.02001696
v -0.02303296 -0.00956988 -0.01601517
v -0.02303296 -0.00956350 -0.02001518
v -0.02341449 -0.01067650 -0.01601696
v -0.02341449 -0.01067006 -0.02001696
v -0.02203309 -0.00955284 -0.01601517
v -0.02203309 -0.00954646 -0.02001518
v -0.02161407 -0.01064574 -0.01601690
v -0.02161407 -0.01063948 -0.02001684
v -0.02003228 -0.00951874 -0.01601505
v -0.02003228 -0.00951236 -0.02001506
v -0.02041387 -0.01062536 -0.01601690
v -0.02041387 -0.01061910 -0.02001684
v -0.01903235 -0.00950169 -0.01601505
v -0.01903235 -0.00949538 -0.02001506
v -0.01861339 -0.01059478 -0.01601678
v -0.01861339 -0.01058834 -0.02001678
v -0.01653168 -0.00945914 -0.01601502
v -0.01703166 -0.00946128 -0.02001506
v -0.01741319 -0.01057440 -0.01601678
v -0.01741319 -0.01056796 -0.02001678
v -0.01603180 -0.00944424 -0.02001500
v -0.01561266 -0.01054370 -0.01601678
v -0.01561266 -0.01053726 -0.02001678
v -0.01353096 -0.00940800 -0.01601499
v -0.01353103 -0.00940162 -0.02001500
v -0.01441258 -0.01052320 -0.01601666
v -0.01441258 -0.01051676 -0.02001667
v -0.01261198 -0.01049250 -0.01601666
v -0.01261198 -0.01048606 -0.02001667
v -0.01103025 -0.00936544 -0.01601487
v -0.01103025 -0.00935906 -0.02001488
v -0.01141178 -0.01047205 -0.01601666
v -0.01141178 -0.01046568 -0.02001667
v -0.00978276 -0.00916898 -0.01604119
v -0.01003038 -0.00934201 -0.02001488
v -0.00961137 -0.01044136 -0.01601660
v -0.00961137 -0.01043510 -0.02001655
v -0.00802195 -0.00904163 -0.01610351
v -0.00802958 -0.00930792 -0.02001476
v -0.00841117 -0.01042097 -0.01601660
v -0.00841117 -0.01041460 -0.02001655
v -0.00674776 -0.00908891 -0.01614614
v -0.00702971 -0.00929093 -0.02001476
v -0.00661069 -0.01039028 -0.01601660
v -0.00661069 -0.01038396 -0.02001649
v -0.00492007 -0.00908373 -0.01559443
v -0.00474842 -0.00900370 -0.02021433
v -0.00541049 -0.01036989 -0.01601648
v -0.00541049 -0.01036357 -0.02001649
v -0.00361001 -0.01033926 -0.01601648
v -0.00361001 -0.01033288 -0.02001649
v -0.00190922 -0.00920886 -0.01578136
v -0.00201611 -0.00949347 -0.02024014
v -0.00241669 -0.01009436 -0.01554936
v -0.00220573 -0.01012420 -0.02021610
v -0.00102842 -0.00918871 -0.02001470
v -0.00016034 -0.01036266 -0.01578317
v -0.00005267 -0.01002487 -0.02019597
v -0.00205155 0.00923304 -0.01575193
v -0.00202352 0.00930597 -0.02018517
v -0.00114638 0.01026365 -0.01563364
v -0.00114640 0.01027079 -0.02013362
v 0.00551486 -0.00896169 -0.01566426
v 0.00537915 -0.00863337 -0.02019375
v 0.00930448 -0.00507704 -0.01577476
v 0.00889243 -0.00477736 -0.02022191
v 0.01034412 0.00023667 -0.01557963
v 0.01018438 0.00024375 -0.02017964
v 0.00872806 0.00558656 -0.01557115
v 0.00865829 0.00543492 -0.02019138
v 0.00463824 0.00942484 -0.01563499
v 0.00468289 0.00924237 -0.02016529
v -0.00335356 0.00987283 -0.01551758
v -0.07111936 0.00607991 -0.01599019
v -0.00085396 0.01109445 -0.01598238
v 0.00012523 -0.01107567 -0.01601767
v -0.00438944 0.00971475 -0.01563447
v -0.00630587 0.00990337 -0.01598417
v -0.00505984 0.00902855 -0.01563557
v -0.00577271 0.00871330 -0.01563608
v -0.01049667 0.00960427 -0.01598465
v -0.01081776 0.00847852 -0.01598650
v -0.01181524 0.00840735 -0.01598656
v -0.01349025 0.00939065 -0.01598495
v -0.01528638 0.00926244 -0.01598519
v -0.01381129 0.00826490 -0.01598680
v -0.01480877 0.00819373 -0.01598685
v -0.01648366 0.00917703 -0.01598536
v -0.01827985 0.00904882 -0.01598554
v -0.01680469 0.00805128 -0.01598715
v -0.01780217 0.00798011 -0.01598727
v -0.01947718 0.00896335 -0.01598566
v -0.02127337 0.00883520 -0.01598590
v -0.02029699 0.00780207 -0.01598751
v -0.02247065 0.00874972 -0.01598596
v -0.02426689 0.00862157 -0.01598620
v -0.02279180 0.00762403 -0.01598775
v -0.02378928 0.00755286 -0.01598787
v -0.02546417 0.00853610 -0.01598638
v -0.02726030 0.00840789 -0.01598656
v -0.02578514 0.00741041 -0.01598817
v -0.02678269 0.00733918 -0.01598829
v -0.02845770 0.00832248 -0.01598668
v -0.03025388 0.00819427 -0.01598685
v -0.02877867 0.00719672 -0.01598846
v -0.02977615 0.00712556 -0.01598858
v -0.03145116 0.00810885 -0.01598697
v -0.03324735 0.00798064 -0.01598715
v -0.03177225 0.00698310 -0.01598876
v -0.03444457 0.00789523 -0.01598739
v -0.03624075 0.00776702 -0.01598757
v -0.03476566 0.00676948 -0.01598918
v -0.03576320 0.00669831 -0.01598930
v -0.03743815 0.00768155 -0.01598769
v -0.03923428 0.00755340 -0.01598787
v -0.03775918 0.00655585 -0.01598948
v -0.03875666 0.00648469 -0.01598960
v -0.04043155 0.00746792 -0.01598799
v -0.04222780 0.00733971 -0.01598817
v -0.04125135 0.00630665 -0.01598984
v -0.04342508 0.00725430 -0.01598834
v -0.04522126 0.00712609 -0.01598858
v -0.04424488 0.00609299 -0.01599022
v -0.04641854 0.00704068 -0.01598864
v -0.04821479 0.00691247 -0.01598888
v -0.04673969 0.00591499 -0.01599049
v -0.04773718 0.00584376 -0.01599055
v -0.04941207 0.00682706 -0.01598900
v -0.05120819 0.00669885 -0.01598918
v -0.05240559 0.00661337 -0.01598936
v -0.05420178 0.00648522 -0.01598960
v -0.05272656 0.00548768 -0.01599109
v -0.05372405 0.00541651 -0.01599127
v -0.05539906 0.00639975 -0.01598966
v -0.05719524 0.00627160 -0.01598989
v -0.05572015 0.00527406 -0.01599144
v -0.05839246 0.00618613 -0.01598995
v -0.06018865 0.00605798 -0.01599019
v -0.05871355 0.00506043 -0.01599174
v -0.05971109 0.00498927 -0.01599186
v -0.06138604 0.00597250 -0.01599037
v -0.06318217 0.00584430 -0.01599055
v -0.06170707 0.00484681 -0.01599210
v -0.06270456 0.00477558 -0.01599228
v -0.06437957 0.00575888 -0.01599067
v -0.06617575 0.00563067 -0.01599085
v -0.06470060 0.00463319 -0.01599246
v -0.06569808 0.00456196 -0.01599258
v -0.06737297 0.00554526 -0.01599097
v -0.06819278 0.00438392 -0.01599282
v -0.07387369 0.00544733 -0.01599115
v -0.07630586 0.00400847 -0.01599335
v -0.07818526 0.00189805 -0.01599675
v -0.07964575 -0.00349218 -0.01600539
v -0.07771575 -0.00873274 -0.01601368
v -0.07565760 -0.01066917 -0.01601678
v -0.07310795 -0.01188808 -0.01601874
v -0.07030856 -0.01227539 -0.01601940
v -0.00295332 0.00945911 -0.02013492
v -0.00349441 0.00988859 -0.02013423
v -0.00484059 0.00870452 -0.02023611
v -0.00450975 0.01003795 -0.01998394
v -0.00603321 0.00853470 -0.02013635
v -0.00630593 0.00990969 -0.01998418
v -0.00832301 0.00866297 -0.01998621
v -0.00750321 0.00982428 -0.01998436
v -0.00929940 0.00969607 -0.01998460
v -0.01081776 0.00848490 -0.01998645
v -0.01049667 0.00961065 -0.01998466
v -0.01181524 0.00841373 -0.01998656
v -0.01229286 0.00948244 -0.01998490
v -0.01381129 0.00827128 -0.01998674
v -0.01349025 0.00939703 -0.01998496
v -0.01480877 0.00820011 -0.01998686
v -0.01528638 0.00926882 -0.01998519
v -0.01730346 0.00802207 -0.01998722
v -0.01648366 0.00918335 -0.01998537
v -0.01827985 0.00905520 -0.01998555
v -0.02029699 0.00780845 -0.01998752
v -0.01947718 0.00896972 -0.01998567
v -0.02127337 0.00884157 -0.01998585
v -0.02279180 0.00763041 -0.01998776
v -0.02247065 0.00875610 -0.01998597
v -0.02378928 0.00755924 -0.01998788
v -0.02426689 0.00862795 -0.01998615
v -0.02578514 0.00741678 -0.01998805
v -0.02546417 0.00854248 -0.01998639
v -0.02678269 0.00734556 -0.01998829
v -0.02726030 0.00841427 -0.01998656
v -0.02877867 0.00720310 -0.01998847
v -0.02845770 0.00832886 -0.01998668
v -0.02977615 0.00713193 -0.01998859
v -0.03025388 0.00820064 -0.01998686
v -0.03227096 0.00695389 -0.01998883
v -0.03145116 0.00811517 -0.01998698
v -0.03324735 0.00798702 -0.01998716
v -0.03476566 0.00677586 -0.01998907
v -0.03444457 0.00790155 -0.01998740
v -0.03576320 0.00670469 -0.01998925
v -0.03624075 0.00777340 -0.01998758
v -0.03775918 0.00656223 -0.01998949
v -0.03743815 0.00768793 -0.01998770
v -0.03875666 0.00649107 -0.01998955
v -0.03923428 0.00755978 -0.01998788
v -0.04075264 0.00634861 -0.01998978
v -0.04043167 0.00747430 -0.01998800
v -0.04164318 0.00605502 -0.01982354
v -0.04222786 0.00734609 -0.01998817
v -0.04404383 0.00592302 -0.01986944
v -0.04351014 0.00725404 -0.01982170
v -0.04522126 0.00713247 -0.01998859
v -0.04631915 0.00559392 -0.02007461
v -0.04643345 0.00711014 -0.01982190
v -0.04769234 0.00551418 -0.01955109
v -0.04821479 0.00691885 -0.01998889
v -0.05023187 0.00567210 -0.01999083
v -0.04941207 0.00683337 -0.01998895
v -0.05120819 0.00670522 -0.01998919
v -0.05272656 0.00549406 -0.01999109
v -0.05240559 0.00661975 -0.01998937
v -0.05372405 0.00542289 -0.01999127
v -0.05420178 0.00649160 -0.01998955
v -0.05621886 0.00524485 -0.01999151
v -0.05539906 0.00640613 -0.01998966
v -0.05719524 0.00627798 -0.01998984
v -0.05871355 0.00506681 -0.01999175
v -0.05839246 0.00619250 -0.01998996
v -0.05971109 0.00499558 -0.01999187
v -0.06018865 0.00606429 -0.01999020
v -0.06170707 0.00485319 -0.01999205
v -0.06138604 0.00597888 -0.01999026
v -0.06270456 0.00478196 -0.01999229
v -0.06318217 0.00585067 -0.01999050
v -0.06470060 0.00463951 -0.01999247
v -0.06437957 0.00576526 -0.01999068
v -0.06601473 0.00433606 -0.02012732
v -0.06592735 0.00561270 -0.02026727
v -0.06770057 0.00439582 -0.02014329
v -0.06737297 0.00555164 -0.01999098
v -0.07030868 -0.01226896 -0.02001935
v 0.00012522 -0.01106935 -0.02001768
v -0.00085397 0.01110088 -0.01998227
v -0.07301430 -0.01138391 -0.02019717
v -0.07565760 -0.01066279 -0.02001678
v -0.07721938 -0.00855170 -0.02018103
v -0.07911805 -0.00354831 -0.02021356
v -0.07788472 0.00147031 -0.02016510
v -0.07586776 0.00392026 -0.02012791
v -0.07364932 0.00501082 -0.02017106
v -0.07111936 0.00608629 -0.01999020
v 0.00002110 0.01063124 0.01578360
v 0.00555366 0.00888169 0.02011414
v 0.00541029 0.00907457 0.01578110
v 0.00932625 0.00485441 0.02000767
v 0.00925984 0.00499533 0.01577460
v 0.01041861 -0.00047143 0.02009920
v 0.01047792 -0.00070631 0.01599884
v 0.00863977 -0.00591071 0.02009058
v 0.00861546 -0.00607753 0.01599031
v 0.00428251 -0.00962317 0.02008467
v 0.00426465 -0.00973668 0.01598447
v -0.00137176 -0.01051600 0.02008324
v -0.00134629 -0.01065087 0.01598304
v -0.04592289 -0.00571680 0.01984727
v -0.04600691 -0.00583658 0.01599082
v -0.05085173 -0.00371978 0.01999423
v -0.05085173 -0.00371346 0.01599422
v -0.05347764 0.00085687 0.01985778
v -0.05360123 0.00080697 0.01600143
v -0.05325820 0.00607920 0.02000981
v -0.05325820 0.00608554 0.01600983
v -0.04984679 0.01006076 0.02005539
v -0.04994686 0.01021215 0.01601639
v -0.04502086 0.01178922 0.02002083
v -0.04486802 0.01169058 0.01601874
v 0.00007498 0.01054112 0.02011681
v -0.05572385 0.00314977 0.00317178
v -0.03440596 0.00269655 0.00317101
v -0.04539108 -0.01000062 -0.00161822
v -0.04216484 -0.00963608 -0.00158189
v -0.04526027 -0.00997237 0.00278723
v -0.04216105 -0.00964210 0.00278473
v -0.04809838 -0.00956315 0.00273487
v -0.05229137 -0.00776152 0.00278775
v -0.05464428 -0.00571495 0.00279101
v -0.05648851 -0.00306471 0.00279524
v -0.05640834 0.00896111 0.00276437
v -0.05761735 -0.00003346 0.00280007
v -0.05753776 0.00601411 0.00275972
v -0.05795573 0.00317933 0.00280519
v -0.05795573 0.00320047 -0.00156140
v -0.05762098 -0.00001206 -0.00156651
v -0.05460003 0.01153788 0.00276849
v -0.05235376 0.01350593 0.00277162
v -0.04796880 0.01548963 0.00282476
v -0.04486952 0.01581992 0.00282831
v -0.04203153 0.01541086 0.00277463
v -0.03783847 0.01360909 0.00282174
v -0.04179223 0.01543941 -0.00154193
v -0.03782737 0.01360845 -0.00154487
v -0.04473874 0.01586216 -0.00157703
v -0.04796505 0.01549752 -0.00154183
v -0.03548564 0.01156250 0.00281846
v -0.03547487 0.01155763 -0.00154815
v -0.03363388 0.00890533 -0.00155238
v -0.03370570 -0.00325115 -0.00157173
v -0.03548594 -0.00575898 -0.00157571
v -0.03771783 -0.00771252 -0.00157883
v -0.03777616 -0.00765827 0.00273788
v -0.03552982 -0.00569019 0.00274101
v -0.03372156 -0.00311342 0.00274512
v -0.03364138 0.00891227 0.00281425
v -0.03251256 0.00588099 0.00280942
v -0.03250892 0.00587350 -0.00155719
v -0.03256770 -0.00038786 -0.00156718
v -0.03217411 0.00266093 -0.00156232
v -0.03217423 0.00266818 0.00280430
v -0.03259208 -0.00016642 0.00274977
v -0.04833763 -0.00957795 -0.00158177
v -0.05230248 -0.00774699 -0.00157885
v -0.05465505 -0.00569618 -0.00157557
v -0.05649600 -0.00304389 -0.00157136
v -0.05642418 0.00911262 -0.00155199
v -0.05756219 0.00624929 -0.00155654
v -0.05464394 0.01162048 -0.00154799
v -0.05241208 0.01357396 -0.00154489
v -0.07042309 -0.01605242 0.00157702
v -0.07347398 -0.01575299 0.00160006
v -0.07050671 -0.01600789 -0.00282833
v -0.07363101 -0.01566183 -0.00282474
v -0.06731173 -0.01555843 -0.00282458
v -0.06349194 -0.01382740 -0.00282184
v -0.06112780 -0.01179404 -0.00281860
v -0.05926950 -0.00915319 -0.00281439
v -0.05934095 0.00296521 -0.00274512
v -0.05812472 -0.00612732 -0.00280958
v -0.05822430 0.00028320 -0.00279935
v -0.05776930 -0.00291550 -0.00280448
v -0.05772148 -0.00281593 0.00162063
v -0.05803518 -0.00595599 0.00161563
v -0.06115752 0.00553620 -0.00274101
v -0.06341007 0.00749713 -0.00273788
v -0.06769923 0.00944565 -0.00278477
v -0.07082352 0.00979176 -0.00278723
v -0.07401854 0.00934229 -0.00278491
v -0.07783827 0.00761125 -0.00278765
v -0.07405228 0.00937945 0.00164010
v -0.07784942 0.00759665 0.00157893
v -0.07090712 0.00982221 0.00161822
v -0.06785622 0.00952274 0.00164032
v -0.08039318 0.00565709 -0.00280932
v -0.08032973 0.00566113 0.00163613
v -0.08206817 0.00291618 0.00157150
v -0.08205543 -0.00924114 0.00155212
v -0.08037740 -0.01187519 0.00160822
v -0.07806396 -0.01372082 0.00154499
v -0.07792016 -0.01371341 -0.00277162
v -0.08041183 -0.01188821 -0.00281690
v -0.08198929 -0.00918150 -0.00276437
v -0.08206075 0.00293702 -0.00279510
v -0.08320557 -0.00008881 -0.00279991
v -0.08329502 -0.00027423 0.00162475
v -0.08315103 -0.00653663 0.00161476
v -0.08360873 -0.00341427 0.00161977
v -0.08356094 -0.00330059 -0.00280501
v -0.08310595 -0.00649931 -0.00281014
v -0.06727795 -0.01560968 0.00160028
v -0.06348081 -0.01382670 0.00154477
v -0.06111709 -0.01178910 0.00154801
v -0.05926207 -0.00914623 0.00155224
v -0.05927481 0.00301107 0.00157158
v -0.05817918 0.00030642 0.00162561
v -0.06104384 0.00552684 0.00157559
v -0.06326625 0.00749075 0.00157873
v -0.04636460 0.00294912 -0.01444518
v -0.04636448 0.00293243 -0.00394517
v -0.07713550 0.01770865 0.00501090
v -0.07789325 0.01739937 0.00682789
v -0.07801080 0.01211176 0.00681947
v -0.07723218 0.01206590 0.00480497
v -0.07197678 0.01173120 0.00681883
v -0.07275546 0.01178357 0.00480449
v -0.07275541 0.01177714 0.00883335
v -0.07723218 0.01205950 0.00883381
v -0.07499158 0.01195123 0.00980770
v -0.07400282 0.01171213 0.00955415
v -0.07600265 0.01183822 0.00955433
v -0.07499164 0.01196071 0.00383070
v -0.07600271 0.01184695 0.00408372
v -0.07400282 0.01172077 0.00408351
v -0.07588488 0.01199235 -0.00239509
v -0.07364428 0.01188716 -0.00336936
v -0.07465535 0.01177341 -0.00311634
v -0.07265553 0.01164728 -0.00311655
v -0.07140811 0.01171008 -0.00239557
v -0.07062943 0.01165771 -0.00038126
v -0.07666349 0.01203826 -0.00038063
v -0.07140811 0.01170364 0.00163323
v -0.07588483 0.01198597 0.00163368
v -0.07265553 0.01163864 0.00235400
v -0.07465532 0.01176467 0.00235420
v -0.07364428 0.01187768 0.00260758
v -0.06437813 0.00622111 -0.02360365
v -0.06285593 0.00592665 -0.02360349
v -0.06625006 0.00607598 -0.02360357
v -0.06297925 0.00779217 -0.02360460
v -0.06417886 0.00796997 -0.02364755
v -0.06339061 0.00834657 -0.02330492
v -0.06370787 0.00171706 -0.02364385
v -0.06286494 0.00246259 -0.02367643
v -0.06533634 0.00172226 -0.02367599
v -0.06299698 0.00120728 -0.02356319
v -0.06384188 0.00803291 -0.02300473
v -0.06310528 0.00622046 -0.02300363
v -0.06625050 0.00548983 -0.02300321
v -0.06624819 0.00839752 -0.02360494
v -0.06624847 0.00805575 -0.02300477
v -0.06467759 0.00622171 -0.02300363
v -0.06595311 0.00285000 -0.02360165
v -0.06273353 0.00299442 -0.02300173
v -0.06595125 0.00519597 -0.02360306
v -0.06640643 0.00257498 -0.02259859
v -0.06595591 -0.00066897 -0.02359958
v -0.06599188 0.00120967 -0.02356320
v -0.06574489 0.00109068 -0.02300063
v -0.06505572 0.00152999 -0.02300089
v -0.06360602 0.00146235 -0.02283997
v -0.06295987 0.00079525 -0.02300041
v -0.06288630 -0.00081804 -0.02359948
v -0.06318551 -0.00052420 -0.02299964
v -0.05828106 -0.00007512 -0.02344992
v -0.05579513 0.00234058 -0.02345135
v -0.05579632 0.00083460 -0.02345045
v -0.05471575 0.00150388 -0.02345087
v -0.05471819 -0.00155905 -0.02344906
v -0.05579906 -0.00260934 -0.02344843
v -0.05471944 -0.00306910 -0.02344817
v -0.05580025 -0.00411943 -0.02344754
v -0.05472326 -0.00792912 -0.02344527
v -0.05580300 -0.00756341 -0.02344549
v -0.05828893 -0.00997916 -0.02344405
v -0.05937081 -0.01244535 -0.02344259
v -0.05936628 -0.00677535 -0.02344595
v -0.05828619 -0.00653514 -0.02344611
v -0.06251239 -0.00569180 -0.02344659
v -0.05936539 -0.00569430 -0.02344659
v -0.06517130 -0.00677076 -0.02344595
v -0.05936175 -0.00112531 -0.02344929
v -0.05936294 -0.00263128 -0.02344840
v -0.05828225 -0.00158110 -0.02344903
v -0.05828499 -0.00502506 -0.02344701
v -0.05156880 0.00150135 -0.02345087
v -0.04890990 0.00257626 -0.02345151
v -0.05471491 0.00258091 -0.02345151
v -0.05579239 0.00578460 -0.02345341
v -0.05471038 0.00825086 -0.02345487
v -0.05935788 0.00373462 -0.02345219
v -0.05827832 0.00336882 -0.02345197
v -0.02645319 -0.01597508 0.01352455
v -0.02345597 -0.01584535 0.01397478
v -0.02645319 -0.01597979 0.01647457
v -0.02345597 -0.01584845 0.01597476
v -0.02645319 -0.01597279 0.01207458
v -0.02345597 -0.01584225 0.01207476
v -0.02495459 -0.01585883 -0.01852524
v -0.02445507 -0.01583230 -0.02152520
v -0.02645325 -0.01592409 -0.01852530
v -0.02645325 -0.01591926 -0.02152526
v -0.04193856 -0.01659298 -0.02152633
v -0.04243808 -0.01661950 -0.01852637
v -0.04543524 -0.01674509 -0.02152657
v -0.04643428 -0.01679337 -0.01852667
v -0.03744280 -0.01639735 -0.02152597
v -0.03694328 -0.01638043 -0.01852601
v -0.03844189 -0.01644569 -0.01852607
v -0.03844189 -0.01644086 -0.02152609
v -0.02245700 -0.01575016 -0.01852506
v -0.02245706 -0.01574540 -0.02152496
v -0.03044945 -0.01609790 -0.01852560
v -0.03044945 -0.01609319 -0.02152556
v -0.02945035 -0.01604968 -0.02152550
v -0.03244745 -0.01624846 0.02147418
v -0.03044939 -0.01616156 0.02147436
v -0.03044939 -0.01615685 0.01847440
v -0.02945029 -0.01611340 0.01847440
v -0.03444558 -0.01633548 0.02147406
v -0.03444558 -0.01633065 0.01847410
v -0.03344649 -0.01628714 0.01847416
v -0.03994047 -0.01650602 -0.02152615
v -0.03944098 -0.01648908 -0.01852619
v -0.03544479 -0.01631039 -0.02152585
v -0.03244757 -0.01618474 -0.01852566
v -0.03444570 -0.01627177 -0.01852589
v -0.03444570 -0.01626700 -0.02152580
v -0.03344655 -0.01622349 -0.02152580
v -0.06741446 -0.01771146 -0.01517808
v -0.06741446 -0.01770800 -0.01737809
v -0.07730507 -0.01814186 -0.01507866
v -0.07730507 -0.01814550 -0.01287865
v -0.02480471 -0.01587557 -0.00392517
v -0.02480465 -0.01587972 -0.00129187
v -0.02700269 -0.01597577 -0.00102538
v -0.02480465 -0.01589918 0.01087477
v -0.02260679 -0.01580349 0.01087490
v -0.02700269 -0.01596850 -0.00562537
v -0.02480477 -0.01587369 -0.00512519
v -0.02480465 -0.01588207 0.00017477
v -0.02480465 -0.01589264 0.00680808
v -0.02260679 -0.01579660 0.00657487
v -0.02480465 -0.01589018 0.00527471
v -0.02480465 -0.01589515 0.00837472
v -0.02260679 -0.01579949 0.00837490
v -0.02895087 -0.01603806 -0.01517546
v -0.02895087 -0.01603460 -0.01737546
v -0.03139847 -0.01619097 0.01402425
v -0.03024947 -0.01614105 0.01402437
v -0.03024947 -0.01614457 0.01622438
v -0.03124868 -0.01618796 0.01622426
v -0.04720526 -0.01407519 0.01347764
v -0.04500734 -0.01398038 0.01397788
v -0.04255980 -0.01387196 0.01282799
v -0.04255980 -0.01387548 0.01502799
v -0.04086127 -0.01379812 0.01282811
v -0.04086127 -0.01380163 0.01502811
v -0.05130147 -0.01422786 -0.00252253
v -0.05349946 -0.01432359 -0.00252265
v -0.05130147 -0.01422947 -0.00152248
v -0.04131096 -0.01381129 0.00877809
v -0.04350888 -0.01390528 0.00777793
v -0.05120497 -0.01410206 -0.00722231
v -0.05349946 -0.01431518 -0.00782263
v -0.04705547 -0.01406311 0.01002770
v -0.04705547 -0.01405960 0.00782773
v -0.02847307 -0.01324278 0.00252897
v -0.02747398 -0.01319575 0.00032905
v -0.02872288 -0.01323884 -0.00672102
v -0.03112062 -0.01334411 -0.00618782
v -0.02872288 -0.01324045 -0.00572097
v -0.03371816 -0.01345791 -0.00565465
v -0.02912247 -0.01327535 0.00527891
v -0.03132039 -0.01337015 0.00477874
v -0.03132039 -0.01337176 0.00577879
v -0.03381806 -0.01348048 0.00577861
v -0.03371816 -0.01345556 -0.00712132
v -0.03251928 -0.01342195 0.00447869
v -0.03062105 -0.01335477 0.01417875
v -0.03281885 -0.01345119 0.01467868
v -0.07037121 0.01641938 0.00972628
v -0.06423348 0.01605415 -0.00402427
v -0.06423348 0.01605069 -0.00182426
v -0.06523150 0.01611715 -0.00402415
v -0.05817103 0.01549905 -0.00405013
v -0.05944299 0.01574867 -0.00192475
v -0.06717766 0.01624679 -0.00840727
v -0.06937330 0.01638462 -0.00797373
v -0.06138914 0.01587947 -0.00697455
v -0.06358480 0.01601797 -0.00697431
v -0.03075611 0.01383021 0.00377208
v -0.03075611 0.01383477 0.00093458
v -0.02960216 0.01386165 0.00127214
v -0.03384375 0.01412269 0.00532255
v -0.03164815 0.01398509 0.00482231
v -0.06717765 0.01624405 -0.00667393
v -0.06937330 0.01638257 -0.00667369
v -0.06138914 0.01588156 -0.00827452
v -0.06358480 0.01601928 -0.00777429
v -0.06568056 0.01613324 0.00362581
v -0.06787616 0.01627177 0.00362605
v -0.05959266 0.01575130 0.00242519
v -0.06178826 0.01588809 0.00342542
v -0.06947308 0.01640948 -0.01967367
v -0.03177136 0.01682588 -0.01247307
v -0.03396707 0.01696438 -0.01247289
v -0.03167158 0.01678248 0.01082679
v -0.03386718 0.01691991 0.01147695
v -0.03177136 0.01682205 -0.01007308
v -0.03396707 0.01696051 -0.01007286
v -0.03177136 0.01682460 -0.01167309
v -0.03396707 0.01696306 -0.01167285
v -0.03386718 0.01691782 0.01277697
v -0.03167158 0.01677960 0.01262676
v -0.05881768 0.01850978 0.00122962
v -0.06101328 0.01864948 0.00047986
v -0.06470593 0.01888086 0.00143021
v -0.06251025 0.01874235 0.00143000
v -0.03386718 0.01691597 0.01392698
v -0.02233999 0.01618689 0.01527589
v -0.02233999 0.01619077 0.01282587
v -0.02333807 0.01624977 0.01527595
v -0.05727064 0.01838988 0.01527947
v -0.05776965 0.01842484 0.01307952
v -0.02333807 0.01625770 0.01037597
v -0.02333807 0.01625406 0.01257598
v -0.02233999 0.01619470 0.01037585
v -0.02323836 0.01628839 -0.01292395
v -0.02290571 0.01626364 -0.01055733
v -0.02323836 0.01628059 -0.00802398
v -0.05063396 0.01803037 -0.02187118
v -0.04843825 0.01789197 -0.02187135
v -0.04993516 0.01793798 0.00852868
v -0.04773956 0.01780027 0.00802845
v -0.05189758 0.01805397 0.01343855
v -0.04970198 0.01791441 0.01409357
v -0.05065375 0.01802480 -0.01754879
v -0.05284935 0.01816246 -0.01704856
v -0.05065375 0.01802298 -0.01640817
v -0.05826866 0.01850587 -0.01802039
v -0.05826866 0.01850229 -0.01582038
v -0.05580598 0.01835608 -0.02146935
v -0.05361038 0.01821794 -0.02169945
v -0.05580598 0.01835769 -0.02246940
v -0.05513757 0.01826664 0.00821531
v -0.05294185 0.01812779 0.00843525
v -0.06470596 0.01888215 0.00063024
v -0.06251025 0.01874369 0.00063001
v -0.06470596 0.01888376 -0.00036976
v -0.05881768 0.01851135 0.00022963
v -0.05881768 0.01851296 -0.00077037
v -0.06101328 0.01865148 -0.00077014
v -0.05284935 0.01816129 -0.01626735
v -0.05189758 0.01805108 0.01524895
v -0.04970198 0.01791256 0.01524877
v -0.02493488 0.01634538 0.01847606
v -0.02378711 0.01626956 0.02067595
v -0.02363735 0.01626366 0.01847594
v -0.02263939 0.01619720 0.02067589
v -0.04334837 0.01756846 -0.02027189
v -0.04334837 0.01756685 -0.01927185
v -0.04272729 0.01747846 0.01159816
v -0.08591377 0.02022379 -0.00191754
v -0.08591377 0.02022027 0.00028242
v -0.08491575 0.02015727 0.00028232
v -0.08491575 0.02016079 -0.00191766
v -0.08491575 0.02015095 0.00423229
v -0.08491575 0.02015447 0.00203228
v -0.08591377 0.02021396 0.00423241
v -0.05580598 0.01835399 -0.02015900
v -0.05361038 0.01821547 -0.02015918
v -0.05294185 0.01812565 0.00977468
v -0.00001955 0.01227324 -0.01463049
v -0.00614193 0.01062232 -0.01463305
v 0.00610804 0.01064180 -0.01463305
v 0.01059895 0.00616521 -0.01464015
v -0.00186306 0.00572667 -0.01462419
v 0.00184476 0.00573258 -0.01462419
v 0.00484844 0.00355764 -0.01462771
v 0.00599992 0.00003297 -0.01469998
v 0.01224988 0.00004284 -0.01464998
v 0.00485968 -0.00349557 -0.01463892
v 0.00186291 -0.00568062 -0.01430904
v 0.01061844 -0.00608474 -0.01465970
v -0.01084220 -0.00619692 -0.01465859
v -0.00610813 -0.01059517 -0.01466685
v 0.00614184 -0.01057561 -0.01466685
v 0.00001947 -0.01222664 -0.01466947
v -0.00184485 -0.00568652 -0.01430904
v -0.00484852 -0.00351103 -0.01463892
v -0.00599998 0.00001386 -0.01469998
v -0.01224994 0.00000326 -0.01429998
v -0.00485974 0.00354216 -0.01462771
v -0.00902304 -0.00504968 -0.01530800
v -0.00184494 -0.00568491 -0.01530909
v -0.00865296 0.00533849 -0.01529147
v 0.00186300 -0.00567901 -0.01530909
v 0.00533903 0.00897601 -0.01528566
v -0.00007867 0.01018061 -0.01528380
v -0.00001947 0.01222664 0.01466947
v 0.00610813 0.01059517 0.01466685
v -0.00614184 0.01057561 0.01466685
v 0.01059907 0.00611854 0.01465970
v -0.01061844 0.00608474 0.01465970
v 0.00184494 0.00568652 0.01430904
v -0.00186300 0.00568062 0.01430904
v -0.00485968 0.00349533 0.01480558
v -0.00599992 -0.00003312 0.01479997
v -0.01224988 -0.00004228 0.01429998
v -0.00484842 -0.00355795 0.01479437
v -0.00184482 -0.00573283 0.01479086
v -0.01084210 -0.00624359 0.01463882
v 0.01061856 -0.00613141 0.01464015
v 0.00614193 -0.01062232 0.01463305
v -0.00610804 -0.01064180 0.01463305
v 0.00001955 -0.01227324 0.01463049
v 0.00186312 -0.00572693 0.01479086
v 0.00485975 -0.00354245 0.01479437
v 0.00599998 -0.00001401 0.01479997
v 0.01224994 -0.00000382 0.01464998
v 0.00484851 0.00351080 0.01480558
v -0.00023065 -0.01020923 0.01528374
v 0.00498660 -0.00909531 0.01528547
v -0.00547478 -0.00888908 0.01528582
v 0.00903918 -0.00506963 0.01529190
v 0.01018684 0.00014112 0.01530018
v 0.00184494 0.00568491 0.01530909
v -0.00186300 0.00567901 0.01530909
v -0.00903909 0.00502090 0.01530800
v -0.01018675 -0.00018988 0.01529970
v -0.00863590 -0.00536605 0.01529147
v -0.00498636 0.00904669 0.01531440
v -0.03015619 -0.01709318 -0.01402717
v -0.03435218 -0.01727575 -0.01402735
v -0.03435218 -0.01727259 -0.01602739
v -0.03015619 -0.01708996 -0.01602715
v -0.07960945 -0.01924467 -0.01413047
v -0.08380550 -0.01942718 -0.01413065
v -0.08380550 -0.01942396 -0.01613068
v -0.07960945 -0.01924145 -0.01613044
v -0.06587237 -0.01864600 -0.01477944
v -0.06587237 -0.01865267 -0.01057958
v -0.06787055 -0.01873290 -0.01477968
v -0.07960945 -0.01925075 -0.01033049
v -0.08380550 -0.01943325 -0.01033067
v -0.08380550 -0.01943010 -0.01233065
v -0.07960945 -0.01924759 -0.01233047
v -0.03345304 -0.01723945 -0.01222735
v -0.02925705 -0.01705700 -0.01222705
v -0.02925705 -0.01706016 -0.01022708
v -0.08675158 -0.01613569 -0.01042544
v -0.08255547 -0.01595306 -0.01042515
v -0.08255547 -0.01595628 -0.00842518
v -0.08264249 -0.01395505 -0.01042199
v -0.08683848 -0.01413744 -0.01042228
v -0.08683848 -0.01414066 -0.00842225
v -0.08264249 -0.01395815 -0.00842202
v -0.06582129 -0.01522144 -0.01267406
v -0.06582140 -0.01521456 -0.01697409
v -0.06382328 -0.01513448 -0.01267397
v -0.06382328 -0.01512765 -0.01697397
v -0.06590825 -0.01321655 -0.01697087
v -0.06590825 -0.01322343 -0.01267087
v -0.06391018 -0.01313641 -0.01267078
v -0.06391018 -0.01312959 -0.01697075
v -0.06382328 -0.01514124 -0.00837392
v -0.06582129 -0.01522827 -0.00837409
v -0.06391018 -0.01314330 -0.00837076
v -0.06590825 -0.01323026 -0.00837088
v -0.03370720 0.01313716 -0.01047897
v -0.02951550 0.01287287 -0.01047939
v -0.02951550 0.01286965 -0.00847942
v -0.03370720 0.01313406 -0.00847900
v -0.02961528 0.01286429 -0.00117940
v -0.03380697 0.01312875 -0.00117898
v -0.03380697 0.01313197 -0.00317895
v -0.02961528 0.01286745 -0.00317943
v -0.08435386 0.02112787 -0.00226611
v -0.08435386 0.02113455 -0.00646609
v -0.08634990 0.02126038 -0.00646591
v -0.08634990 0.02125370 -0.00226593
v -0.08634978 0.02124279 0.00458401
v -0.08634978 0.02123618 0.00878400
v -0.08435380 0.02111029 0.00878382
v -0.08435380 0.02111697 0.00458383
v -0.02701300 -0.01032727 0.02148365
v 0.00001916 -0.01203209 0.02148085
v -0.07368045 -0.00315150 0.02146285
v -0.07285748 -0.00093878 0.02146120
v -0.07285042 -0.00536159 0.02145413
v -0.07284904 -0.00398317 0.02115884
v -0.07161756 -0.00591278 0.02149076
v -0.07043864 -0.00634630 0.02144006
v -0.06926117 -0.00590905 0.02149076
v -0.06818918 -0.00524754 0.02132780
v -0.06785905 -0.00419456 0.02149349
v -0.06744383 -0.00314142 0.02136762
v -0.07294327 -0.00209814 0.02149689
v -0.07162636 -0.00038378 0.02149956
v -0.06926999 -0.00038003 0.02149956
v -0.07030016 -0.00017235 0.02129493
v -0.06801724 -0.00230852 0.02116152
v -0.06804780 -0.00093113 0.02146120
v -0.02701300 -0.01032090 0.01748365
v 0.00001915 -0.01202565 0.01748085
v -0.03092809 -0.01020945 0.01748383
v -0.03154468 -0.00989640 0.02243435
v -0.03187843 -0.00929436 0.02148530
v -0.03198599 -0.00883669 0.02243596
v -0.03175967 -0.00810492 0.02148717
v -0.03154808 -0.00777554 0.02243769
v -0.03079441 -0.00739866 0.02148827
v -0.03048837 -0.00733429 0.02243834
v -0.03051149 0.00716638 0.02198648
v -0.08788347 -0.00648188 0.01748985
v -0.06535178 -0.00790608 0.01948755
v -0.06535178 -0.00790930 0.02148759
v -0.06633895 -0.00748265 0.01948827
v -0.06633895 -0.00748587 0.02148824
v -0.06683570 -0.00653082 0.01948976
v -0.06683570 -0.00653404 0.02148979
v -0.06661927 -0.00548029 0.01949149
v -0.06661868 -0.00548202 0.02149146
v -0.06605786 -0.00405145 0.01949369
v -0.06605815 -0.00405598 0.02149367
v -0.06600826 -0.00252432 0.02149617
v -0.06600850 -0.00251967 0.01949620
v -0.06647586 -0.00106472 0.02149850
v -0.06647646 -0.00106037 0.01949846
v -0.06740570 0.00015356 0.02150034
v -0.06740647 0.00015750 0.01950037
v -0.06869077 0.00098865 0.02150177
v -0.06869155 0.00099219 0.01950180
v -0.07018131 0.00134456 0.02150225
v -0.07018196 0.00134778 0.01950228
v -0.07170498 0.00117904 0.02150207
v -0.07170546 0.00118208 0.01950210
v -0.07308477 0.00051233 0.02150100
v -0.07308506 0.00051533 0.01950097
v -0.07416057 -0.00057927 0.02149927
v -0.07416069 -0.00057619 0.01949930
v -0.07480818 -0.00196516 0.01949709
v -0.07480818 -0.00196838 0.02149707
v -0.07495129 -0.00349086 0.01949465
v -0.07495129 -0.00349444 0.02149468
v -0.07457405 -0.00497860 0.01949226
v -0.07457447 -0.00498027 0.02149230
v -0.07449126 -0.00604802 0.01949059
v -0.07449126 -0.00605118 0.02149057
v -0.07510375 -0.00692987 0.01948916
v -0.07510375 -0.00693303 0.02148920
v -0.07613629 -0.00722593 0.01948869
v -0.07613629 -0.00722915 0.02148866
v -0.08788347 -0.00648826 0.02148985
v -0.00001905 0.01196354 0.02151906
v -0.03977870 0.01185093 0.02156984
v -0.04494770 0.01322742 0.02157209
v -0.03599077 0.00807524 0.02156384
v -0.03157585 0.00972509 0.02199056
v -0.03201377 0.00866398 0.02198886
v -0.03424285 0.00295931 0.02153026
v -0.03324512 0.00372148 0.02150601
v -0.03211461 0.00276990 0.02150447
v -0.03158281 0.00396800 0.02150638
v -0.03975020 -0.00604616 0.02154141
v -0.03597434 -0.00225850 0.02154739
v -0.04491473 -0.00743916 0.02153913
v -0.05526443 0.00287763 0.02155566
v -0.05387171 -0.00228699 0.02154739
v -0.05008386 -0.00606259 0.02154141
v -0.03157258 0.00760427 0.02198717
v -0.03245208 0.00458321 0.02150738
v -0.05505355 0.01153478 0.02151850
v -0.05499496 0.01009604 0.02151624
v -0.05404222 0.00817041 0.02155132
v -0.05369804 0.01046389 0.02151680
v -0.01255148 -0.00561464 0.02149105
v -0.01299279 -0.00455493 0.02149277
v -0.01256918 0.00550616 0.02150875
v -0.01256579 0.00338530 0.02150547
v -0.01300710 0.00444502 0.02150708
v -0.01255488 -0.00349378 0.02149444
v -0.01150465 0.00294739 0.02150475
v -0.01149517 -0.00305253 0.02149516
v -0.00109035 -0.00603792 0.02271538
v -0.01255148 -0.00561702 0.02299106
v -0.01299279 -0.00455731 0.02299278
v -0.01255476 -0.00349617 0.02299445
v -0.01149517 -0.00305492 0.02299517
v -0.01150465 0.00294500 0.02300465
v -0.04851186 0.00552800 0.02265900
v -0.04936444 0.00288474 0.02300465
v -0.04850345 0.00024533 0.02265047
v -0.04121708 0.00025693 0.02265047
v -0.04036450 0.00289905 0.02300465
v -0.04122549 0.00553960 0.02265900
v -0.03431785 0.00193399 0.02300316
v -0.03323766 0.00393227 0.02300631
v -0.03203109 0.00443402 0.02300712
v -0.02199903 -0.00063262 0.02286151
v -0.02309745 -0.00157294 0.02272256
v -0.02298482 -0.00483215 0.02280904
v -0.02733479 -0.00091611 0.02286109
v -0.02888339 -0.00106389 0.02281502
v -0.03138339 0.00358194 0.02300578
v -0.03071665 0.00175768 0.02300286
v -0.02893087 -0.00497150 0.02299219
v -0.02953863 -0.01409027 0.02297762
v -0.03040397 -0.01188814 0.02298116
v -0.03235697 -0.01099455 0.02298259
v -0.03257536 -0.00161320 0.02299749
v -0.02653127 -0.01419174 0.02297747
v -0.02773195 -0.00557301 0.02280791
v -0.02689266 -0.00457898 0.02271777
v -0.02618646 -0.01311844 0.02297919
v -0.02547025 -0.01224797 0.02298057
v -0.02448308 -0.01170367 0.02298146
v -0.02336466 -0.01156169 0.02298170
v -0.02199095 -0.00567117 0.02271607
v 0.00002076 -0.01303654 0.02297925
v -0.02089267 -0.00456989 0.02299278
v -0.02089744 -0.00156942 0.02272256
v -0.01449549 -0.00285965 0.02299547
v -0.01256579 0.00338292 0.02300548
v -0.01300710 0.00444263 0.02300709
v -0.01450437 0.00274026 0.02300435
v -0.01256918 0.00550377 0.02300876
v -0.00110948 0.00596201 0.02273446
v 0.00001741 -0.01093331 0.02270757
v 0.00038535 -0.00994772 0.02298414
v 0.00131047 -0.00944534 0.02270996
v 0.00239965 -0.00564405 0.02271598
v 0.00391519 -0.00869140 0.02271118
v 0.00509339 -0.00339240 0.02271958
v 0.00620609 -0.00722864 0.02271347
v 0.00610000 -0.00002648 0.02272499
v 0.00618315 0.00717598 0.02273636
v 0.00388759 0.00863144 0.02273878
v 0.00508270 0.00333622 0.02273025
v 0.00238180 0.00557932 0.02273386
v 0.00128049 0.00937709 0.02273997
v 0.00035378 0.00987559 0.02301579
v -0.00001730 0.01086095 0.02274226
v -0.00002064 0.01296329 0.02302068
v 0.00798619 -0.00518086 0.02271679
v 0.00796977 0.00513390 0.02273317
v 0.00911593 -0.00270897 0.02272066
v 0.00910735 0.00266561 0.02272927
v 0.00950003 -0.00002150 0.02300000
v -0.05350250 -0.00833988 0.02298688
v -0.06849026 -0.00871569 0.02298629
v -0.06845360 -0.00509018 0.02299207
v -0.06934487 -0.00568741 0.02299106
v -0.07010656 -0.00907135 0.02298575
v -0.07039678 -0.00589871 0.02299076
v -0.07128918 -0.01023119 0.02298384
v -0.07144939 -0.00569075 0.02299106
v -0.07167619 -0.01184016 0.02298140
v -0.07234269 -0.00509638 0.02299207
v -0.07148885 -0.01614779 0.02297449
v -0.07293987 -0.00420505 0.02299350
v -0.07315117 -0.00315309 0.02299517
v -0.07448595 -0.01627826 0.02297425
v -0.07471525 -0.01100969 0.02298265
v -0.07557046 -0.00903952 0.02298575
v -0.07752346 -0.00814599 0.02298730
v -0.08223176 0.00069685 0.02300125
v -0.08222907 -0.00103199 0.02299857
v -0.08324456 -0.00243443 0.02299636
v -0.08488905 -0.00297177 0.02299547
v -0.08653515 -0.00243968 0.02299636
v -0.08788186 -0.00749272 0.02298825
v -0.08755528 -0.00104046 0.02299857
v -0.08755797 0.00068837 0.02300125
v -0.08654236 0.00209075 0.02300357
v -0.08489799 0.00262815 0.02300435
v -0.08325177 0.00209600 0.02300357
v -0.07294327 -0.00210053 0.02299690
v -0.07234889 -0.00120729 0.02299827
v -0.07145750 -0.00061004 0.02299916
v -0.07040560 -0.00039875 0.02299958
v -0.06935298 -0.00060669 0.02299916
v -0.06845980 -0.00120109 0.02299827
v -0.06785905 -0.00419694 0.02299350
v -0.06765115 -0.00314432 0.02299517
v -0.06786251 -0.00209242 0.02299690
v -0.05526879 0.01102505 0.02301770
v -0.05437121 0.01184773 0.02301901
v -0.05447548 0.00988257 0.02301585
v -0.05225497 0.01077049 0.02301728
v 0.00002075 -0.01302778 0.01747930
v -0.02336466 -0.01155298 0.01748168
v -0.02448308 -0.01169496 0.01748150
v -0.02547025 -0.01223915 0.01748055
v -0.02618658 -0.01310980 0.01747918
v -0.02954876 -0.01384949 0.01747798
v -0.03040397 -0.01187938 0.01748114
v -0.03235697 -0.01098579 0.01748257
v -0.06849026 -0.00870693 0.01748627
v -0.07010656 -0.00906259 0.01748579
v -0.07128918 -0.01022237 0.01748389
v -0.07167625 -0.01183140 0.01748138
v -0.07448595 -0.01626950 0.01747429
v -0.07471525 -0.01100099 0.01748269
v -0.07557046 -0.00903076 0.01748579
v -0.07752346 -0.00813723 0.01748728
v -0.08788186 -0.00748396 0.01748830
v -0.08792167 0.01750737 0.02152806
v -0.08792167 0.01751375 0.01752805
v -0.08792328 0.01851588 0.01752966
v -0.00001906 0.01196998 0.01751905
v -0.00002066 0.01297205 0.01752066
v -0.05012914 0.01197797 0.02191919
v -0.07366239 -0.00314816 0.01939096
v -0.07301982 -0.00544697 0.01920815
v -0.07138281 -0.00623691 0.01986527
v -0.06937927 -0.00647038 0.01948988
v -0.06790298 -0.00543882 0.01920815
v -0.06726780 -0.00313798 0.01939096
v -0.07302719 -0.00084679 0.01921550
v -0.07155096 0.00018386 0.01950049
v -0.06954733 -0.00005082 0.01987508
v -0.06791031 -0.00083864 0.01921550
v -0.02887243 -0.00163108 0.02204749
v -0.02712768 -0.00536713 0.02204153
v -0.02799928 -0.00048034 0.02244925
v -0.02697244 -0.00162804 0.02204749
v -0.02277636 -0.00079438 0.02244877
v -0.02276909 -0.00534964 0.02244156
v -0.02122116 -0.00079191 0.02244877
v -0.02589517 -0.00302571 0.02164524
v -0.02625524 0.00050371 0.02165087
v -0.02589517 -0.00302249 0.01964527
v -0.02590030 0.00017746 0.01965039
v -0.02430027 0.00017682 0.02165037
v -0.02430027 0.00018001 0.01965039
v -0.02429515 -0.00302315 0.02164524
v -0.02429515 -0.00301999 0.01964527
v -0.02590465 0.00294322 -0.02164524
v -0.02625348 -0.00058733 -0.02165087
v -0.02590465 0.00294000 -0.01964527
v -0.02589958 -0.00025995 -0.01965039
v -0.02429956 -0.00025422 -0.02165037
v -0.02429956 -0.00025740 -0.01965039
v -0.02430468 0.00294572 -0.02164524
v -0.02430468 0.00294256 -0.01964527
v -0.02137635 0.00608188 0.02139312
v -0.02137893 0.00768187 0.02139562
v -0.02190965 0.00608188 0.02085977
v -0.02191227 0.00768185 0.02086228
v -0.02704307 -0.00434377 0.02137649
v -0.02704149 -0.00537622 0.02084147
v -0.02704558 -0.00277689 0.02124568
v -0.02864524 -0.00299957 0.02132532
v -0.02704387 -0.00387627 0.02084386
v -0.02864390 -0.00387877 0.02084386
v -0.02648589 0.00682364 0.02146089
v -0.02466102 0.00689332 0.02139433
v -0.02656217 0.00762447 0.02086220
v -0.02466234 0.00772750 0.02086237
v -0.02693877 0.00862291 0.02146378
v -0.02716234 0.00772288 0.02126237
v -0.02705464 0.00291084 -0.02132532
v -0.02865463 0.00290831 -0.02132532
v -0.02705663 0.00414008 -0.02084333
v -0.02865606 0.00378752 -0.02084386
v -0.02646406 -0.00690795 -0.02146089
v -0.02463893 -0.00697182 -0.02139433
v -0.02653774 -0.00770905 -0.02086220
v -0.02463758 -0.00780600 -0.02086237
v -0.02691110 -0.00870867 -0.02146378
v -0.02713758 -0.00780934 -0.02126237
v -0.02416115 -0.00345439 -0.02138882
v -0.02499443 -0.00350657 -0.02085554
v -0.02499190 -0.00510657 -0.02085807
v -0.02595756 0.00472603 -0.02137573
v -0.02435753 0.00472858 -0.02137573
v -0.02595669 0.00419181 -0.02084326
v -0.02435666 0.00419438 -0.02084326
v -0.02705258 0.00159073 -0.02124739
v -0.02865254 0.00158819 -0.02124739
v -0.02582510 -0.00515703 -0.02139151
v -0.02602137 -0.00367226 -0.02145577
v -0.02623707 -0.00810730 -0.02166289
v -0.02463648 -0.00850475 -0.02166348
v -0.02623575 -0.00890857 -0.02086406
v -0.02463579 -0.00890601 -0.02086406
v -0.02873852 -0.00724500 -0.02139477
v -0.02713936 -0.00670999 -0.02086055
v -0.02873927 -0.00671255 -0.02086055
v -0.02135681 -0.00614993 -0.02139312
v -0.02135435 -0.00774992 -0.02139562
v -0.02189016 -0.00615162 -0.02085977
v -0.02188766 -0.00775164 -0.02086228
v -0.02705782 0.00489136 -0.02164214
v -0.02705848 0.00529009 -0.02084147
v -0.02417205 0.00337742 0.02138882
v -0.02500546 0.00342697 0.02085554
v -0.02500802 0.00502694 0.02085807
v -0.02594236 -0.00480866 0.02137573
v -0.02434240 -0.00480614 0.02137573
v -0.02594316 -0.00427449 0.02084326
v -0.02434319 -0.00427192 0.02084326
v -0.02864736 -0.00167882 0.02084738
v -0.02704739 -0.00167626 0.02084738
v -0.02584141 0.00507478 0.02139151
v -0.02603295 0.00358936 0.02145577
v -0.02626276 0.00802368 0.02166289
v -0.02466344 0.00842622 0.02166348
v -0.02626407 0.00882494 0.02086406
v -0.02466410 0.00882751 0.02086406
v -0.02876142 0.00715345 0.02139477
v -0.02716058 0.00662351 0.02086055
v -0.02876055 0.00662094 0.02086055
v -0.01628530 -0.00922696 0.02156863
v -0.01428532 -0.00922376 0.02156863
v -0.01628732 -0.00796018 0.02150404
v -0.01428730 -0.00795700 0.02150404
v -0.01631403 0.00877297 0.02159734
v -0.01431399 0.00877613 0.02159734
v -0.01631510 0.00943983 0.02146506
v -0.01431506 0.00944299 0.02146506
v -0.01628935 -0.00666022 0.02153948
v -0.01428937 -0.00665703 0.02153948
v -0.01628595 -0.00882488 -0.02159734
v -0.01428591 -0.00882167 -0.02159734
v -0.01628488 -0.00949174 -0.02146506
v -0.01428484 -0.00948858 -0.02146506
v -0.01631233 0.00776834 -0.02155759
v -0.01431235 0.00777153 -0.02155759
v -0.01631045 0.00660819 -0.02143949
v -0.01431047 0.00661135 -0.02143949
v -0.01631516 0.00950831 -0.02153477
v -0.01431518 0.00951150 -0.02153477
v -0.02075535 0.00146145 0.02165240
v -0.02075535 0.00146878 0.01705235
v -0.02354937 0.00145698 0.02165240
v -0.02354937 0.00146431 0.01705235
v -0.02354449 -0.00159097 0.02164757
v -0.02075046 -0.00158650 0.02164757
v -0.02075046 -0.00157916 0.01704758
v -0.02354449 -0.00158363 0.01704758
v -0.02075058 -0.00152755 -0.02165240
v -0.02075058 -0.00153488 -0.01705235
v -0.02354454 -0.00153202 -0.02165240
v -0.02354454 -0.00153929 -0.01705235
v -0.02354937 0.00151592 -0.02164757
v -0.02075535 0.00152039 -0.02164757
v -0.02075535 0.00151306 -0.01704758
v -0.02354937 0.00150859 -0.01704758
v -0.02971625 0.00392818 0.02165639
v -0.02661508 0.00393551 0.02015638
v -0.02661019 0.00083553 0.02015137
v -0.02971136 0.00083059 0.02015137
v -0.02971625 0.00393057 0.02015638
v -0.02970355 -0.00402278 -0.02165639
v -0.02660238 -0.00402027 -0.02015638
v -0.02660739 -0.00092028 -0.02015137
v -0.02970856 -0.00092522 -0.02015137
v -0.02970355 -0.00402516 -0.02015638
v -0.00762224 -0.00125158 -0.00661307
v -0.00670036 -0.00144445 -0.00554467
v -0.01255665 -0.00318791 -0.01115741
v -0.01201797 -0.00529076 -0.01119382
v -0.01028522 -0.00358415 -0.00895575
v -0.00826044 -0.00257945 -0.00714101
v -0.00737566 -0.00268043 -0.00623317
v -0.00591811 -0.00330957 -0.00547380
v -0.00561627 -0.00235782 -0.00497482
v -0.00556108 -0.00337049 -0.00499400
v -0.00554100 -0.00356198 0.00527905
v -0.00562265 -0.00261528 0.00515000
v -0.00625387 -0.00124206 0.00537986
v -0.00652906 -0.00246921 0.00593147
v -0.00768754 -0.00260167 0.00655488
v -0.00832892 -0.00262807 0.00729849
v -0.01255663 -0.00322342 0.01114724
v -0.01198702 -0.00515117 0.01097168
v -0.01028519 -0.00361264 0.00894433
v -0.01342183 -0.00128982 0.01159838
v -0.01224647 -0.00600266 0.01166927
v -0.01252493 -0.00478607 0.01463869
v -0.01185462 -0.00549235 0.01569286
v -0.00912453 -0.00903913 0.01545886
v -0.00977349 -0.00698805 0.01603520
v -0.00784223 -0.00903836 0.01624898
v -0.00661218 -0.00903627 0.01618018
v -0.01041063 -0.00503361 0.01632587
v -0.01139625 -0.00707000 0.01342916
v -0.01040637 -0.00846723 0.01454335
v -0.01292833 -0.00129452 0.01504454
v -0.01108994 -0.00460949 0.01603895
v -0.00762218 -0.00127262 0.00660908
v -0.00747289 -0.00115262 0.00538733
v -0.01222556 -0.00904152 0.01386016
v -0.01210757 -0.00799936 0.01304568
v -0.01105159 -0.00897749 0.01390893
v -0.01222569 -0.00899735 -0.01388877
v -0.01105171 -0.00893314 -0.01393736
v -0.01232670 -0.00796002 -0.01311536
v -0.00835934 -0.00318080 -0.00656289
v -0.01236772 -0.00584270 -0.01029439
v -0.00863266 -0.00310358 -0.00608296
v -0.01065978 -0.00422215 -0.00818658
v -0.01242454 -0.00671494 -0.01164352
v -0.01243787 -0.00602900 -0.01166233
v -0.01243445 -0.00588511 0.01035954
v -0.01381969 -0.00603813 0.01013386
v -0.01065972 -0.00424823 0.00817314
v -0.00857753 -0.00320260 0.00626262
v -0.01405805 -0.00495839 0.00828820
v -0.01410320 -0.00408420 0.00744295
v -0.01484994 -0.00375700 0.00609058
v -0.01030826 -0.00231787 0.00459811
v -0.01613623 -0.00356668 0.00532424
v -0.01782637 -0.00360736 0.00423640
v -0.01085575 -0.00196940 0.00229925
v -0.01140749 -0.00162604 -0.00000266
v -0.01085579 -0.00196205 -0.00230533
v -0.01849458 -0.00341010 -0.00232536
v -0.01782640 -0.00359386 -0.00424775
v -0.01583677 -0.00368337 -0.00546986
v -0.01030832 -0.00230321 -0.00460544
v -0.01465598 -0.00363102 -0.00628436
v -0.01410326 -0.00406048 -0.00745585
v -0.01405817 -0.00493199 -0.00830388
v -0.01381975 -0.00600582 -0.01015299
v -0.00733124 -0.00390851 -0.00518595
v -0.00681903 -0.00419040 -0.00502523
v -0.00844548 -0.00298446 -0.00182528
v -0.00844538 -0.00299031 0.00181611
v -0.00632592 -0.00401580 0.00495193
v -0.00755548 -0.00355005 0.00536525
v -0.01849484 -0.00327423 -0.00000517
v -0.01849455 -0.00341749 0.00231457
v -0.00615114 -0.00404944 -0.00500402
v -0.00869638 -0.00125348 -0.00649661
v -0.01242443 -0.00675200 0.01162215
v -0.01248764 -0.00770557 0.01360207
v -0.01207346 -0.00904316 0.01503342
v -0.01056103 -0.00897536 0.01450028
v -0.01178356 -0.00744653 -0.01347267
v -0.01207357 -0.00899523 -0.01506212
v -0.01064240 -0.00882383 -0.01457721
v -0.01260955 -0.00566717 0.01123023
v -0.01492106 -0.00506359 0.01000750
v -0.01435935 -0.00460887 0.00927383
v -0.01435935 -0.00457930 -0.00928837
v -0.01492106 -0.00503164 -0.01002347
v -0.00821545 -0.00252966 -0.00619310
v -0.01459446 -0.00203313 0.00150353
v -0.01339719 -0.00176050 0.00150396
v -0.01340126 0.00077667 0.00125122
v -0.01490128 0.00077428 0.00125122
v -0.01389441 -0.00198942 -0.00243918
v -0.01340126 0.00078288 -0.00264871
v -0.01484316 -0.00604206 0.01158797
v -0.00988507 -0.00162321 0.00214159
v -0.00798546 -0.00275679 0.00615759
v -0.00988507 -0.00161636 -0.00214672
v -0.01484328 -0.00600517 -0.01160705
v -0.01270652 -0.00551891 -0.01085591
v -0.00711423 -0.00297153 -0.00552362
v -0.01005468 -0.00841985 -0.01446522
v -0.01105618 -0.00681674 -0.01345115
v -0.00996831 -0.00503212 -0.01620262
v -0.00977361 -0.00693697 -0.01605728
v -0.00911525 -0.00899032 -0.01519367
v -0.01097151 -0.00474471 -0.01626727
v -0.01285957 -0.00124615 -0.01525974
v -0.01185466 -0.00544234 -0.01571025
v -0.01252501 -0.00473940 -0.01465377
v -0.01342183 -0.00125287 -0.01160238
v -0.01374125 -0.00124854 -0.01464825
v -0.01257365 -0.00566375 -0.01465529
v -0.01330828 -0.00363213 -0.01184904
v -0.01203846 -0.00672316 -0.01465696
v -0.00600642 -0.00114620 -0.00470179
v -0.00656724 -0.00396565 0.00576490
v -0.00833666 -0.00329918 0.00700188
v -0.00869638 -0.00127417 0.00649261
v -0.00984275 -0.00903851 0.01432865
v -0.01339745 -0.00129628 0.01570028
v -0.00764549 -0.00348011 -0.00339073
v -0.00858107 -0.00290293 -0.00000455
v -0.00764540 -0.00349092 0.00337979
v -0.05362749 -0.01715114 0.00962278
v -0.05562555 -0.01723803 0.00962268
v -0.05562554 -0.01723431 0.00727267
v -0.05362750 -0.01714822 0.00777282
v -0.05362749 -0.01714548 0.00607280
v -0.05562555 -0.01723138 0.00543936
v -0.05362749 -0.01714378 0.00497282
v -0.03744268 -0.01646742 0.02247387
v -0.03744268 -0.01646429 0.02047389
v -0.03870817 -0.01652248 0.02247375
v -0.03870817 -0.01651932 0.02047377
v -0.04017346 -0.01658624 0.02247371
v -0.04017346 -0.01658304 0.02047369
v -0.04237133 -0.01668186 0.02247353
v -0.04243797 -0.01668158 0.02047356
v -0.04466923 -0.01678184 0.02247341
v -0.04466923 -0.01677862 0.02047340
v -0.04593467 -0.01683693 0.02247327
v -0.04593467 -0.01683372 0.02047330
v -0.04723345 -0.01689345 0.02247321
v -0.04723345 -0.01689022 0.02047324
v -0.04893186 -0.01696730 0.02247310
v -0.04893186 -0.01696413 0.02047309
v -0.05043047 -0.01703247 0.02247303
v -0.05073016 -0.01704227 0.02047300
v -0.07892799 0.01901096 -0.01836949
v -0.07543486 0.01878875 -0.01716989
v -0.03469866 -0.00078591 0.02149885
v -0.03429108 0.00067459 0.02150118
v -0.03430956 0.00520146 0.02150839
v -0.03122437 0.00500095 0.02150809
v -0.03469866 -0.00076281 0.00699884
v -0.03161334 -0.00096329 0.00699854
v -0.03122437 0.00502408 0.00700807
v -0.03430968 0.00522452 0.00700837
v -0.05360054 -0.00820291 0.02148705
v -0.05325434 -0.00842968 0.00698671
v -0.05151200 -0.00601864 0.02149057
v -0.05151200 -0.00599557 0.00699055
v -0.05458698 -0.00726867 0.00698854
v -0.05576878 -0.00612962 0.02149039
v -0.05576878 -0.00610649 0.00699037
v -0.05368018 -0.00394535 0.02149385
v -0.05368018 -0.00392222 0.00699389
v -0.05662417 0.01079225 0.02151739
v -0.05678993 0.01056117 0.00701696
v -0.05450445 0.00856453 0.00701374
v -0.05013656 0.01265496 0.02152025
v -0.05013668 0.01267808 0.00702029
v -0.05225628 0.01490575 0.02152389
v -0.05225628 0.01492887 0.00702387
v -0.03520268 0.00779521 0.00291246
v -0.03645014 0.00975686 0.00701558
v -0.03895968 0.01207345 0.00291932
v -0.04037785 0.01286840 0.00702059
v -0.04435169 0.01390016 0.00292224
v -0.04527848 0.01391476 0.00702226
v -0.04993480 0.01278668 0.00292045
v -0.05260759 0.01090067 0.02151745
v -0.05421388 0.00903052 0.00291449
v -0.05556666 0.00618947 0.00700998
v -0.05604177 0.00363034 0.00700593
v -0.05556327 -0.00036653 0.00699955
v -0.05492728 -0.00194800 0.00289702
v -0.05117028 -0.00622624 0.00289017
v -0.04684078 -0.00793844 0.00698745
v -0.04577815 -0.00805288 0.00288725
v -0.04179596 -0.00758570 0.00698799
v -0.04019504 -0.00693935 0.00288904
v -0.03744208 -0.00501311 0.00699210
v -0.03591597 -0.00318330 0.00289500
v -0.03214836 0.00831681 0.00701332
v -0.03384280 0.01128745 0.00701803
v -0.03620725 0.01375836 0.00702196
v -0.03910005 0.01558279 0.00702488
v -0.04234898 0.01665079 0.00702661
v -0.04575985 0.01689976 0.00702703
v -0.04912924 0.01631385 0.00702608
v -0.05777198 0.01359516 -0.00397819
v -0.05735176 0.01198995 -0.00398075
v -0.05664598 0.01648706 -0.00397360
v -0.05780782 0.00997732 -0.00398393
v -0.05494087 0.01625859 -0.00397396
v -0.05528557 0.01250177 -0.00397992
v -0.05272185 0.01465505 -0.00397652
v -0.05336546 0.01574349 -0.00397479
v -0.05174326 0.01608610 -0.00397426
v -0.04972004 0.01613777 -0.00397414
v -0.04641389 0.01724586 -0.00397241
v -0.04310476 0.01679635 -0.00397313
v -0.04082030 0.01706045 -0.00397271
v -0.03986948 0.01593488 -0.00397450
v -0.03693169 0.01432949 -0.00397706
v -0.03587347 0.01447039 -0.00397682
v -0.03445869 0.01207268 -0.00398064
v -0.03241827 0.00976038 -0.00398436
v -0.03143930 0.00615036 -0.00399011
v -0.03107929 0.00904757 -0.00398546
v -0.03070098 0.00248289 -0.00399595
v -0.02982187 0.00371861 -0.00399399
v -0.02858805 0.00482535 -0.00399220
v -0.03149217 -0.00049723 -0.00400066
v -0.03168594 -0.00327533 -0.00400513
v -0.03269529 -0.00362158 -0.00400567
v -0.03460550 -0.00637126 -0.00401002
v -0.03495317 -0.00780362 -0.00401229
v -0.03711426 -0.00858843 -0.00401354
v -0.03987362 -0.01047003 -0.00401655
v -0.04332625 -0.01095676 -0.00401729
v -0.04515945 -0.01181507 -0.00401866
v -0.04667437 -0.01097255 -0.00401735
v -0.04676377 -0.01223379 -0.00401932
v -0.04993039 -0.01019245 -0.00401610
v -0.04794299 -0.01339930 -0.00402117
v -0.04936599 -0.01436537 -0.00402272
v -0.05101180 -0.01387065 -0.00402194
v -0.05200755 -0.01065838 -0.00401682
v -0.05331521 -0.00906178 -0.00401428
v -0.05166590 -0.01228016 -0.00401938
v -0.02948039 0.00860900 -0.00398618
v -0.02793306 0.00786090 -0.00398737
v -0.02753800 0.00618648 -0.00399005
v -0.05466318 0.01308548 0.02152097
v -0.05726510 0.00978416 0.00701570
v -0.05860257 0.00872603 -0.00398591
v -0.05853426 0.00853735 0.00701374
v -0.05981558 0.00818020 -0.00398677
v -0.05981558 0.00816744 0.00401312
v -0.06027460 0.00816131 0.00701314
v -0.06114623 0.00811389 0.00401303
v -0.06242418 0.00888364 0.00401430
v -0.06229164 0.00901421 0.00701449
v -0.06374967 0.01048308 0.00701684
v -0.06409448 0.01210856 0.00401944
v -0.06409448 0.01210415 0.00701940
v -0.06475120 0.01369750 0.00402194
v -0.06475150 0.01369309 0.00702196
v -0.06639885 0.01418489 0.00702274
v -0.06639975 0.01418948 0.00402272
v -0.06782048 0.01321929 0.00402123
v -0.06781989 0.01321536 0.00702119
v -0.06899648 0.01205289 0.00401938
v -0.06899648 0.01204806 0.00701934
v -0.07059997 0.01163089 0.00401866
v -0.07059997 0.01162606 0.00701868
v -0.07590466 0.01066899 0.00401717
v -0.07608777 0.01059329 0.00701702
v -0.08043321 0.00786549 0.00401270
v -0.08079826 0.00759435 0.00701231
v -0.08264666 0.00548333 0.00400895
v -0.08405649 0.00305951 0.00700510
v -0.08421975 0.00269776 0.00400448
v -0.08461481 0.00034503 0.00400072
v -0.08539539 -0.00235605 0.00399643
v -0.08539539 -0.00236082 0.00699645
v -0.08590668 -0.00393331 0.00399393
v -0.08590656 -0.00393808 0.00699395
v -0.08713859 -0.00504279 0.00399220
v -0.08713817 -0.00504726 0.00699216
v -0.08818560 -0.00640583 0.00398999
v -0.08818548 -0.00641036 0.00699001
v -0.08778709 -0.00807935 0.00398731
v -0.08778697 -0.00808430 0.00698733
v -0.08623826 -0.00882441 0.00398612
v -0.08623790 -0.00882924 0.00698614
v -0.08480548 -0.00921327 0.00398552
v -0.08463859 -0.00926453 0.00698543
v -0.08366838 -0.01016387 0.00398400
v -0.08347135 -0.01044219 0.00698358
v -0.08212327 -0.01240718 0.00398040
v -0.08039822 -0.01413437 0.00397766
v -0.07983368 -0.01467776 0.00697678
v -0.07541328 -0.01708376 0.00397295
v -0.07488167 -0.01725798 0.00697267
v -0.06960278 -0.01783055 0.00397176
v -0.06932520 -0.01781266 0.00697178
v -0.06396067 -0.01625698 0.00397426
v -0.06396067 -0.01626175 0.00697422
v -0.06233894 -0.01591598 0.00697482
v -0.06076216 -0.01642340 0.00397396
v -0.06076216 -0.01642817 0.00697398
v -0.05905705 -0.01664817 0.00397360
v -0.05905729 -0.01665306 0.00697362
v -0.05780839 -0.01546746 0.00397551
v -0.05780816 -0.01547175 0.00697547
v -0.05793684 -0.01375406 0.00397819
v -0.05793684 -0.01375889 0.00697821
v -0.05836015 -0.01214975 0.00398075
v -0.05836015 -0.01215457 0.00698078
v -0.05791685 -0.01015213 0.00398394
v -0.05773397 -0.01021212 0.00698388
v -0.05712866 -0.00891122 0.00398591
v -0.05632567 -0.00857329 0.00698650
v -0.05591458 -0.00836450 0.00398677
v -0.05458536 -0.00829780 -0.00401303
v -0.05591458 -0.00835174 -0.00401312
v -0.04998505 -0.01018965 0.00698388
v -0.04679018 -0.01097619 0.00698262
v -0.04349964 -0.01099485 0.00698256
v -0.04029530 -0.01024538 0.00698376
v -0.03735464 -0.00876820 0.00698608
v -0.03484004 -0.00664592 0.00698948
v -0.03289067 -0.00399530 0.00699371
v -0.08277678 0.00392061 -0.00699353
v -0.08277678 0.00394374 -0.02149349
v -0.08049637 0.00183272 -0.00699687
v -0.08025332 0.00195603 -0.02149671
v -0.08002460 -0.00888079 -0.00701392
v -0.08211237 -0.01116108 -0.00701755
v -0.08117806 -0.00633740 -0.00700986
v -0.08165448 -0.00358540 -0.00700545
v -0.08428376 -0.00634587 -0.00700986
v -0.08142185 -0.00080221 -0.00700104
v -0.08451628 -0.00106674 -0.00700146
v -0.07988720 -0.00859988 -0.02171347
v -0.08211249 -0.01113796 -0.02151757
v -0.07928663 -0.01120287 -0.00701764
v -0.08055138 -0.01200929 -0.00701889
v -0.08061734 -0.01051077 -0.00701651
v -0.07994347 0.00371116 -0.00699389
v -0.08123028 0.00340429 -0.00699437
v -0.07998746 0.00471020 -0.00699228
v -0.08087468 0.00517166 -0.00699156
v -0.08171790 0.00463402 -0.00699240
v -0.07746600 -0.01351295 -0.00702131
v -0.07861369 -0.01369708 -0.00702160
v -0.07831161 -0.01268273 -0.00701997
v -0.07833164 0.00613912 -0.00699002
v -0.07947927 0.00595510 -0.00699031
v -0.07917726 0.00696939 -0.00698867
v -0.07644456 0.00625795 -0.00698984
v -0.07618748 0.00614379 -0.02169003
v -0.07872486 0.00834584 -0.00698650
v -0.07872486 0.00836897 -0.02148646
v -0.02753806 0.00619113 -0.00699007
v -0.02858769 0.00483036 -0.00699222
v -0.02793318 0.00786585 -0.00698739
v -0.02903046 0.00634795 -0.00698980
v -0.02983980 0.00721341 -0.00698841
v -0.02948045 0.00861382 -0.00698620
v -0.03107929 0.00905234 -0.00698548
v -0.02982187 0.00372338 -0.00699395
v -0.03033638 0.00214720 -0.00699645
v -0.03018444 0.00621259 -0.00699001
v -0.03168588 -0.00327045 -0.00700510
v -0.07359200 0.01058918 -0.00698292
v -0.07103025 0.00789249 -0.00698721
v -0.06799340 0.01064115 -0.00698286
v -0.06551939 0.00662082 -0.00698930
v -0.06282186 0.00849527 -0.00698632
v -0.06112909 0.00794738 -0.00698715
v -0.06136888 0.00277901 -0.00699538
v -0.05940425 0.00838900 -0.00698650
v -0.05967575 -0.00261730 -0.00700402
v -0.05798874 0.01004060 -0.00698384
v -0.05878609 0.00383091 -0.00699371
v -0.05735176 0.01199477 -0.00698072
v -0.05649547 0.01485401 -0.00697619
v -0.05703997 0.00969642 -0.00698441
v -0.05568618 0.01398855 -0.00697756
v -0.05336558 0.01574826 -0.00697476
v -0.05292338 0.01422220 -0.00697720
v -0.05174386 0.01609045 -0.00697422
v -0.04725027 0.01651448 -0.00697356
v -0.04637539 0.01763099 -0.00697178
v -0.04114186 0.01611769 -0.00697422
v -0.04082006 0.01706516 -0.00697273
v -0.03587335 0.01447516 -0.00697684
v -0.03581279 0.01311057 -0.00697899
v -0.03224408 0.01023226 -0.00698358
v -0.03231626 0.00809008 -0.00698703
v -0.03134387 0.00204778 -0.00699663
v -0.03309005 -0.00381768 -0.00700599
v -0.03495299 -0.00779873 -0.00701231
v -0.03720688 -0.00834358 -0.00701314
v -0.03966945 -0.01078820 -0.00701708
v -0.04287976 -0.01063579 -0.00701684
v -0.04516029 -0.01181030 -0.00701868
v -0.04676377 -0.01222896 -0.00701934
v -0.05494135 0.01626366 -0.00697392
v -0.05534148 0.01498937 -0.00697595
v -0.05664575 0.01649188 -0.00697356
v -0.05777198 0.01359987 -0.00697815
v -0.05789726 0.01531308 -0.00697547
v -0.07768720 -0.01521295 -0.00702399
v -0.07559925 -0.01293259 -0.00702035
v -0.07247310 -0.01698398 -0.00702685
v -0.07006227 -0.01408475 -0.00702220
v -0.06697958 -0.01660746 -0.00702625
v -0.06468451 -0.01233357 -0.00701946
v -0.06205666 -0.01414167 -0.00702232
v -0.06088775 -0.00814164 -0.00701278
v -0.05846506 -0.00996846 -0.00701570
v -0.05781346 -0.00221169 -0.00700337
v -0.05719578 -0.00872171 -0.00701374
v -0.05431669 -0.00723219 -0.00701135
v -0.05545544 -0.00834566 -0.00701314
v -0.05345068 -0.00919038 -0.00701449
v -0.04898768 -0.01023918 -0.00701618
v -0.05200755 -0.01065355 -0.00701684
v -0.05166578 -0.01227718 -0.00701940
v -0.05013100 -0.01211804 -0.00701916
v -0.04932164 -0.01298350 -0.00702053
v -0.04936569 -0.01436066 -0.00702274
v -0.04794299 -0.01339435 -0.00702119
v -0.04897695 -0.01198267 -0.00701892
v -0.07768720 -0.01518988 -0.02152395
v -0.07570000 -0.01266614 -0.02151997
v -0.07906257 0.00429881 -0.02149295
v -0.08042359 0.00196844 -0.00289667
v -0.08165448 -0.00359195 -0.00290549
v -0.07993948 -0.00902259 -0.00291413
v -0.07837931 -0.01119984 -0.02151769
v -0.07573968 -0.01286715 -0.00292027
v -0.07018107 -0.01409697 -0.00292224
v -0.06475216 -0.01238316 -0.00291955
v -0.06090664 -0.00818425 -0.00291288
v -0.05967575 -0.00262386 -0.00290400
v -0.06139075 0.00280678 -0.00289535
v -0.06559056 0.00665128 -0.00288922
v -0.07114911 0.00788110 -0.00288725
v -0.07657808 0.00616735 -0.00288993
v -0.07902187 0.00822201 -0.00398669
v -0.08211249 0.00495320 -0.00399190
v -0.08035737 0.00787836 -0.00398719
v -0.08568257 0.00786990 -0.00398719
v -0.08567786 0.00486988 -0.00399202
v -0.08427786 0.00289738 -0.00399518
v -0.08419805 0.00047998 -0.00399899
v -0.06794840 0.01061475 0.00401706
v -0.07902187 0.00820929 0.00401327
v -0.07350057 0.01059079 0.00401706
v -0.06655303 0.01194618 0.00401916
v -0.06574642 0.01281422 0.00402054
v -0.06539857 0.01181447 0.00401896
v -0.08011919 -0.01340395 -0.02152115
v -0.08208680 -0.01120197 -0.00401759
v -0.08418655 -0.00673538 -0.00401050
v -0.08466506 -0.00314033 0.00399518
v -0.08405816 0.00158393 0.00400269
v -0.08477729 0.00389331 0.00400638
v -0.08567780 0.00485712 0.00400794
v -0.08099079 0.00637567 -0.02148967
v -0.06226605 -0.01431947 0.00397736
v -0.06748825 -0.01675355 0.00397348
v -0.07324755 -0.01687848 0.00397330
v -0.07898574 -0.01447367 0.00397715
v -0.08568257 0.00785714 0.00401270
v -0.08418655 -0.00674814 0.00398946
v -0.08425867 -0.00915307 -0.00401431
v -0.08405208 -0.00810933 0.00398725
v -0.08565241 -0.01112997 -0.00401747
v -0.08489567 -0.01037365 0.00398368
v -0.08565241 -0.01114279 0.00398242
v -0.07898577 -0.01446098 -0.00402281
v -0.08032226 -0.01412147 -0.00402224
v -0.08564758 -0.01412999 -0.00402224
v -0.08564758 -0.01414275 0.00397766
v -0.05921139 -0.01501171 0.00397623
v -0.06036609 -0.01474687 0.00397664
v -0.05967479 -0.01394575 0.00397789
v -0.08669139 -0.00709186 0.00398888
v -0.08553755 -0.00682336 0.00398931
v -0.08623141 -0.00602448 0.00399059
v -0.05551165 0.01145964 0.00701839
v -0.05516072 0.01018425 0.00701633
v -0.05461508 0.01190257 0.00701904
v -0.05381572 0.01084846 0.00701740
v -0.03306487 0.00288889 0.00700465
v -0.03175228 0.00305414 0.00700492
v -0.03296757 0.00438574 0.00700706
v -0.03168749 0.00405204 0.00700652
v -0.05294017 0.01275726 0.00702041
v -0.05179655 0.01254940 0.00702011
v -0.05207737 0.01356973 0.00702172
v -0.05339699 -0.00673851 0.00698939
v -0.05401050 -0.00549611 0.00699136
v -0.05298650 -0.00576305 0.00699097
v -0.03325684 0.00037942 0.00700068
v -0.03211319 0.00017150 0.00700033
v -0.03239407 0.00119185 0.00700197
v -0.05921226 -0.01448317 0.00697706
v -0.06001883 -0.01535120 0.00697568
v -0.06162655 -0.01348519 0.00697869
v -0.06701695 -0.01638090 0.00697404
v -0.07313209 -0.01665049 0.00697362
v -0.07875645 -0.01424056 0.00697750
v -0.08277839 -0.00962967 0.00698483
v -0.08440178 -0.00372869 0.00699425
v -0.06036669 -0.01435148 0.00697726
v -0.05802625 -0.00853819 0.00698656
v -0.05692845 -0.00251859 0.00699609
v -0.05855119 0.00338095 0.00700551
v -0.06257200 0.00799191 0.00701284
v -0.06563047 0.01247616 0.00702000
v -0.06678431 0.01220769 0.00701958
v -0.06609046 0.01140874 0.00701833
v -0.06819605 0.01040267 0.00701672
v -0.07431155 0.01013386 0.00701630
v -0.07970255 0.00723869 0.00701171
v -0.08330351 0.00229216 0.00700384
v -0.08669139 -0.00709663 0.00698890
v -0.08588481 -0.00622860 0.00699028
v -0.08553689 -0.00722831 0.00698870
v -0.04923659 -0.00938851 0.00288516
v -0.03930854 -0.00873244 0.00288618
v -0.03648805 -0.00684523 0.00288916
v -0.03425174 -0.00429267 0.00289321
v -0.03275275 -0.00124806 0.00289810
v -0.05082130 0.01457965 0.00292331
v -0.04089319 0.01523578 0.00292432
v -0.05364179 0.01269245 0.00292033
v -0.05587810 0.01013988 0.00291628
v -0.05737715 0.00709528 0.00291145
v -0.07666349 -0.01464140 -0.00292307
v -0.07944399 -0.01269567 -0.00291997
v -0.08162647 -0.01009696 -0.00291586
v -0.06466680 0.00842547 -0.00288641
v -0.06188625 0.00647980 -0.00288951
v -0.05970376 0.00388116 -0.00289363
v -0.08064902 -0.01322391 -0.00286725
v -0.08064996 -0.01262557 -0.00182706
v -0.08064902 -0.01323237 0.00213301
v -0.08065092 -0.01203235 0.00282711
v -0.08064925 -0.01303458 0.00317162
v -0.08068067 0.00664139 -0.00202731
v -0.08068090 0.00677657 -0.00318181
v -0.08068067 0.00663344 0.00297221
v -0.08068090 0.00676972 0.00181878
v -0.08067899 0.00556749 0.00250906
v -0.05176687 0.01241576 -0.01788008
v -0.05046910 0.01316779 -0.01787889
v -0.05176454 0.01091575 -0.01788246
v -0.05046439 0.01016777 -0.01788365
v -0.04916876 0.01241987 -0.01788008
v -0.04916650 0.01091986 -0.01788246
v -0.04624915 0.01395398 -0.01787769
v -0.04495137 0.01470595 -0.01787650
v -0.04624676 0.01245397 -0.01788008
v -0.04494655 0.01170599 -0.01788127
v -0.04365110 0.01395809 -0.01787769
v -0.04364866 0.01245808 -0.01788008
v -0.04076755 0.01229125 -0.01788026
v -0.03946977 0.01304340 -0.01787918
v -0.04076516 0.01079130 -0.01788270
v -0.03946495 0.01004338 -0.01788389
v -0.03816956 0.01229536 -0.01788026
v -0.03816717 0.01079535 -0.01788270
v -0.06399327 0.00633925 0.01791030
v -0.06529361 0.00708723 0.01791149
v -0.06399089 0.00483930 0.01790785
v -0.06528878 0.00408721 0.01790666
v -0.06659138 0.00633514 0.01791030
v -0.06658899 0.00483513 0.01790785
v -0.06951588 0.00785988 0.01791268
v -0.07081615 0.00860786 0.01791387
v -0.06951349 0.00635993 0.01791030
v -0.07081139 0.00560784 0.01790904
v -0.07211399 0.00785577 0.01791268
v -0.07211160 0.00635576 0.01791030
v -0.07499206 0.00617969 0.01791006
v -0.07629239 0.00692767 0.01791119
v -0.07498979 0.00467974 0.01790767
v -0.07628768 0.00392765 0.01790648
v -0.07759016 0.00617558 0.01791006
v -0.07758790 0.00467557 0.01790767
v -0.04444279 0.00417186 -0.02144323
v -0.04361113 0.00282632 -0.02132819
v -0.04586672 0.00413221 -0.02145579
v -0.04636887 0.00282686 -0.02143808
v -0.04451963 0.00167316 -0.02146723
v -0.04588299 0.00172208 -0.02149719
v -0.04286879 0.00279301 0.00330454
v -0.04319065 0.00297048 0.01626178
v -0.04620810 0.00305619 0.02117697
v -0.04544396 0.00167906 0.02145279
v -0.04349565 0.00279252 0.02115312
v -0.04404366 0.00161962 0.02150269
v -0.04428495 0.00410966 0.02145666
v -0.04559988 0.00431210 0.02150696
v -0.04428232 0.00165903 0.01904561
v -0.04342476 0.00286992 0.01903702
v -0.04424086 0.00411308 0.01904950
v -0.04567859 0.00410305 0.01903662
v -0.04630414 0.00292650 0.01903713
v -0.04573835 0.00172737 0.01903288
v -0.07105771 -0.00193879 0.02144711
v -0.07175247 -0.00342801 0.02144560
v -0.06961700 -0.00197393 0.02145954
v -0.06916732 -0.00312345 0.02144673
v -0.07084440 -0.00451212 0.02145549
v -0.06957716 -0.00429523 0.02145582
v -0.06846988 -0.00297034 -0.00330454
v -0.07216278 -0.00311437 -0.01605327
v -0.06922871 -0.00291298 -0.02117645
v -0.07004844 -0.00429173 -0.02145666
v -0.07183462 -0.00320252 -0.02119906
v -0.07141520 -0.00435543 -0.02150672
v -0.07121524 -0.00186485 -0.02145279
v -0.06983428 -0.00165793 -0.02150246
v -0.07118618 -0.00432310 -0.01904954
v -0.07196843 -0.00298419 -0.01905372
v -0.07118303 -0.00181414 -0.01902772
v -0.06977491 -0.00187466 -0.01903281
v -0.06909551 -0.00305330 -0.01915049
v -0.06970752 -0.00425013 -0.01903656
v -0.00190031 -0.00584849 -0.02012933
v -0.00499395 -0.00360835 -0.02012574
v 0.00191894 -0.00584241 -0.02012933
v 0.00000632 -0.00396810 -0.02000629
v 0.00500543 -0.00359241 -0.02012574
v 0.00283289 -0.00279200 -0.02000445
v 0.00399989 0.00003822 -0.01999998
v 0.00617990 0.00004188 -0.02011998
v 0.00282387 0.00286472 -0.01999545
v 0.00499386 0.00367242 -0.02011420
v -0.00000642 0.00403182 -0.01999360
v -0.00191905 0.00590649 -0.02011057
v -0.00500553 0.00365651 -0.02011420
v 0.00183457 0.00570941 -0.01999090
v -0.00283299 0.00285568 -0.01999545
v -0.00400001 0.00002548 -0.01999998
v -0.00618000 0.00002220 -0.02011998
v -0.00282399 -0.00280100 -0.02000445
v 0.00001430 -0.00897717 -0.01431429
v -0.00276762 -0.00854105 -0.01431357
v 0.00279480 -0.00853217 -0.01431357
v -0.00527823 -0.00726688 -0.01431155
v 0.00530136 -0.00725007 -0.01431155
v -0.00727284 -0.00527865 -0.01430839
v -0.00855500 -0.00277209 -0.01430439
v -0.00900000 0.00000844 -0.01429998
v -0.00856388 0.00279039 -0.01429557
v -0.00728971 0.00530100 -0.01429158
v -0.00530148 0.00729561 -0.01428836
v 0.00727278 0.00532418 -0.01429158
v 0.00855493 0.00281763 -0.01429557
v 0.00899994 0.00003711 -0.01429998
v 0.00856376 -0.00274479 -0.01430439
v 0.00728965 -0.00525546 -0.01430839
v 0.00527817 0.00731242 -0.01428836
v -0.00279486 0.00857770 -0.01428639
v 0.00276756 0.00858658 -0.01428639
v -0.00001437 0.00902271 -0.01428568
v -0.00001358 0.00852805 -0.00758642
v -0.00253791 0.00778112 -0.00758758
v 0.00251314 0.00778916 -0.00758758
v 0.00499457 0.00690961 -0.00758898
v 0.00660437 0.00482669 -0.00759229
v 0.00817302 0.00002512 -0.00759995
v 0.00809497 0.00265658 -0.00759578
v 0.00661966 -0.00478145 -0.00760761
v 0.00810331 -0.00260657 -0.00760412
v 0.00253791 -0.00775692 -0.00761235
v 0.00501650 -0.00686943 -0.00761092
v -0.00501656 0.00689363 -0.00758898
v -0.00661972 0.00480565 -0.00759229
v -0.00660443 -0.00480249 -0.00760761
v -0.00499457 -0.00688541 -0.00761092
v -0.00251314 -0.00776494 -0.00761235
v 0.00001354 -0.00850385 -0.00761354
v -0.00199693 0.00612628 -0.00899023
v -0.00520790 0.00378555 -0.00899392
v 0.00197744 0.00613266 -0.00899023
v -0.00000626 0.00394233 -0.00911869
v 0.00519580 0.00380212 -0.00899392
v 0.00277592 0.00279334 -0.00912054
v 0.00374222 0.00002045 -0.00909995
v 0.00642997 0.00002457 -0.00899994
v 0.00278474 -0.00275545 -0.00912938
v 0.00520784 -0.00375688 -0.00900596
v 0.00000622 -0.00391327 -0.00913121
v -0.00197744 -0.00610399 -0.00900972
v -0.00519586 -0.00377345 -0.00900596
v 0.00199687 -0.00609767 -0.00900972
v -0.00277597 -0.00276427 -0.00912938
v -0.00392783 0.00000828 -0.00912495
v -0.00642997 0.00000409 -0.00899994
v -0.00278477 0.00278449 -0.00912054
v -0.00594096 -0.00197326 0.02047187
v -0.00366557 -0.00509471 0.02046688
v -0.00594710 0.00188911 0.02047802
v -0.00399989 -0.00003822 0.01999998
v -0.00363260 0.00495060 0.02037453
v -0.00283289 0.00279200 0.02000445
v -0.00000632 0.00396810 0.02000629
v -0.00000950 0.00596809 0.02000945
v 0.00282399 0.00280100 0.02000445
v 0.00400001 -0.00002548 0.01999998
v 0.00283299 -0.00285568 0.01999545
v 0.00000642 -0.00403182 0.01999360
v -0.00282387 -0.00286472 0.01999545
v -0.00899994 -0.00003711 0.01429998
v -0.00855493 -0.00281763 0.01429557
v -0.00856376 0.00274479 0.01430439
v -0.00727278 -0.00532418 0.01429158
v -0.00728965 0.00525546 0.01430839
v -0.00527817 -0.00731242 0.01428836
v -0.00570339 -0.00188565 0.01429694
v -0.00351885 -0.00488329 0.01479228
v -0.00276756 -0.00858658 0.01428639
v 0.00001437 -0.00902271 0.01428568
v 0.00000959 -0.00602353 0.01479038
v 0.00279486 -0.00857770 0.01428639
v 0.00353438 -0.00487202 0.01479228
v 0.00530148 -0.00729561 0.01428836
v 0.00570935 -0.00186747 0.01429694
v 0.00728971 -0.00530100 0.01429158
v 0.00570345 0.00184011 0.01430284
v 0.00527823 0.00726688 0.01431155
v 0.00351891 0.00483611 0.01480767
v 0.00276762 0.00854105 0.01431357
v -0.00001430 0.00897717 0.01431429
v -0.00000952 0.00597638 0.01480946
v -0.00279480 0.00853217 0.01431357
v -0.00353432 0.00482491 0.01480767
v -0.00530136 0.00725007 0.01431155
v -0.00570929 0.00182193 0.01430284
v 0.00727284 0.00527865 0.01430839
v 0.00856388 -0.00279039 0.01429557
v 0.00855500 0.00277209 0.01430439
v 0.00900000 -0.00000844 0.01429998
v 0.00851595 0.00000146 0.00759995
v 0.00777709 -0.00252524 0.00759596
v 0.00776905 0.00252581 0.00760397
v 0.00688159 0.00500441 0.00760794
v 0.00479358 0.00660759 0.00761047
v -0.00001300 0.00816095 0.00761297
v 0.00261867 0.00809121 0.00761288
v -0.00481459 0.00659227 0.00761047
v -0.00264442 0.00808287 0.00761288
v -0.00689751 0.00498247 0.00760794
v 0.00689751 -0.00500667 0.00759196
v 0.00481465 -0.00661647 0.00758943
v 0.00264448 -0.00810707 0.00758707
v 0.00001304 -0.00818515 0.00758696
v -0.00261867 -0.00811547 0.00758707
v -0.00479355 -0.00663179 0.00758943
v -0.00688153 -0.00502860 0.00759196
v 0.00611836 -0.00199181 0.00899678
v 0.00378781 -0.00521010 0.00899166
v 0.00611204 0.00198257 0.00900310
v 0.00392783 -0.00000828 0.00912495
v 0.00377124 0.00519347 0.00900823
v 0.00277595 0.00276428 0.00912938
v -0.00000625 0.00391327 0.00913121
v -0.00001022 0.00641560 0.00901019
v -0.00278474 0.00275542 0.00912938
v -0.00378775 0.00518149 0.00900823
v -0.00374222 -0.00002045 0.00909995
v -0.00611198 -0.00201124 0.00899678
v -0.00377118 -0.00522214 0.00899166
v -0.00611830 0.00196314 0.00900310
v -0.00277591 -0.00279336 0.00912054
v 0.00000629 -0.00394233 0.00911869
v 0.00001026 -0.00644427 0.00898975
v 0.00278480 -0.00278446 0.00912054
v 0.00471532 0.00838679 0.02031332
v 0.00025988 0.00984832 0.02031568
v -0.00510488 0.00855330 0.02031363
v -0.00671874 0.00735886 0.02047422
v -0.00865345 0.00484694 0.02040059
v -0.00993966 -0.00016780 0.02042975
v -0.00949635 0.00273067 0.02052104
v -0.00493938 -0.00849146 0.02041648
v -0.00023094 -0.01001757 0.02028404
v 0.00510515 -0.00861786 0.02028626
v 0.00871459 -0.00473838 0.02029243
v 0.00988293 0.00017344 0.02030025
v 0.00849351 0.00487064 0.02030772
v 0.00531739 0.00347415 0.02070554
v 0.00638001 -0.00002281 0.02069996
v 0.00516753 -0.00377476 0.02069400
v 0.00198128 -0.00609750 0.02069025
v -0.00196186 -0.00610378 0.02069025
v -0.00515548 -0.00379120 0.02069400
v -0.00637989 -0.00004313 0.02069996
v -0.00848190 -0.00493258 0.02042216
v -0.00532100 0.00347032 0.02070554
v 0.00190663 0.00586702 0.02040933
v -0.00500333 0.00840169 -0.02093654
v -0.00007826 0.00992236 -0.02028419
v 0.00669515 0.00744539 -0.02045065
v 0.00948749 0.00282623 -0.02051218
v -0.00501433 -0.00825131 -0.02063813
v -0.00865780 -0.00484137 -0.02040053
v -0.00850415 0.00489397 -0.02042218
v -0.00364162 0.00526023 -0.02070410
v -0.00537105 0.00330889 -0.02096142
v -0.00630001 0.00002336 -0.02096662
v -0.00509089 -0.00367775 -0.02097254
v -0.00193735 -0.00596130 -0.02097614
v 0.00195634 -0.00595508 -0.02097614
v 0.00510259 -0.00366151 -0.02097254
v 0.00629989 0.00004342 -0.02096662
v -0.00994014 0.00013612 -0.02042975
v 0.00534803 0.00334781 -0.02096134
v -0.01330828 -0.00366986 0.01183748
v -0.01257359 -0.00571042 0.01463729
v -0.01203835 -0.00676984 0.01463556
v -0.08335441 -0.00016734 0.02172495
v -0.08393724 0.00107865 0.02170194
v -0.08510011 0.00138928 0.02170242
v -0.08393328 -0.00141509 0.02169799
v -0.08509513 -0.00172947 0.02169743
v -0.08613884 -0.00112998 0.02169845
v -0.08645322 0.00003186 0.02170028
v -0.08602654 0.00095976 0.02165177
v -0.01584687 0.00083904 0.02185139
v -0.01360299 0.00128907 0.02185207
v -0.01315293 -0.00095481 0.02184853
v -0.01539680 -0.00140485 0.02184778
v -0.07301590 0.01656938 0.02027657
v -0.02810513 0.01373696 0.02027194
v -0.07311306 -0.01332063 0.02027895
v -0.02815561 -0.01136464 0.02028198
v -0.05378359 0.01132458 0.02151817
v -0.08067974 -0.01061390 -0.02151672
v -0.08057231 -0.01197440 -0.02151885
v -0.07949306 -0.01185931 -0.02151866
v -0.07945386 -0.01052243 -0.02151656
v -0.08135934 0.00479967 -0.02149216
v -0.08125156 0.00343913 -0.02149431
v -0.08011034 0.00353797 -0.02149416
v -0.08020297 0.00488730 -0.02149206
v -0.03581279 0.01310789 -0.00527900
v -0.03231638 0.00808751 -0.00528699
v -0.03134387 0.00204509 -0.00529665
v -0.03309017 -0.00382066 -0.00530601
v -0.03720694 -0.00834632 -0.00531316
v -0.04288005 -0.01063847 -0.00531679
v -0.04898828 -0.01024168 -0.00531614
v -0.05431705 -0.00723451 -0.00531137
v -0.05781358 -0.00221413 -0.00530338
v -0.05878609 0.00382823 -0.00529373
v -0.05703979 0.00969398 -0.00528437
v -0.05292296 0.01421970 -0.00527722
v -0.04724985 0.01651185 -0.00527358
v -0.04114168 0.01611495 -0.00527424
v -0.05799859 0.00085137 -0.00179845
v -0.05813735 0.00378048 -0.00179380
v -0.05039658 0.01483211 -0.00177622
v -0.04714465 0.01586478 -0.00177461
v -0.03862750 0.01433998 -0.00177705
v -0.03624957 0.01262110 -0.00177979
v -0.03431546 0.01041829 -0.00178331
v -0.03291887 0.00783795 -0.00178742
v -0.03213125 0.00501078 -0.00179189
v -0.03199255 0.00208163 -0.00179660
v -0.03973337 -0.00896993 -0.00181416
v -0.04298520 -0.01000255 -0.00181579
v -0.05150234 -0.00847775 -0.00181335
v -0.05388027 -0.00675899 -0.00181061
v -0.05581438 -0.00455606 -0.00180709
v -0.05721086 -0.00197577 -0.00180298
v -0.04089319 0.01524317 -0.00177556
v -0.05364179 0.01269990 -0.00177961
v -0.05587810 0.01014739 -0.00178367
v -0.05737715 0.00710273 -0.00178850
v -0.04923659 -0.00938105 -0.00181478
v -0.03648817 -0.00683772 -0.00181079
v -0.03425174 -0.00428522 -0.00180673
v -0.03275275 -0.00124055 -0.00180185
v -0.06508633 0.00867176 0.00181395
v -0.07686311 0.00842529 0.00181359
v -0.07927638 0.00675648 0.00181091
v -0.08125585 0.00459444 0.00180751
v -0.08270609 0.00204384 0.00180346
v -0.07624393 -0.01490256 0.00177643
v -0.06446707 -0.01465606 0.00177681
v -0.06205385 -0.01298725 0.00177944
v -0.06007426 -0.01082527 0.00178289
v -0.05862414 -0.00827467 0.00178695
v -0.06188625 0.00647235 0.00181043
v -0.05970364 0.00387365 0.00180632
v -0.07944399 -0.01270318 0.00177991
v -0.08162647 -0.01010447 0.00178409
v -0.08564905 -0.01317383 0.00247922
v -0.08565091 -0.01204085 0.00282729
v -0.08565056 -0.01223909 0.00178814
v -0.08565079 -0.01209888 -0.00251903
v -0.08564901 -0.01323303 -0.00217456
v -0.08564937 -0.01303148 -0.00321305
v -0.08567983 0.00610157 -0.00295172
v -0.08568120 0.00696707 -0.00214237
v -0.08567982 0.00609362 0.00204821
v -0.08568025 0.00635844 0.00320286
v -0.08568149 0.00715953 0.00251162
v -0.08567959 0.00596619 -0.00179773
v -0.04442559 0.00171945 -0.01903998
v -0.04349511 0.00293497 -0.01914100
v -0.04438413 0.00417350 -0.01903608
v -0.04579893 0.00416346 -0.01902325
v -0.04636781 0.00285640 -0.01904446
v -0.04583652 0.00171639 -0.01899717
v -0.07104323 -0.00438353 0.01903605
v -0.07190466 -0.00317538 0.01902745
v -0.07109255 -0.00192961 0.01903997
v -0.06965479 -0.00193508 0.01902707
v -0.06902549 -0.00310961 0.01902755
v -0.06958745 -0.00431055 0.01902329
v -0.00856388 0.00278717 -0.01229560
v -0.00900000 0.00000526 -0.01229995
v -0.00855500 -0.00277525 -0.01230436
v -0.00727284 -0.00528181 -0.01230835
v -0.00527823 -0.00727010 -0.01231157
v -0.00276762 -0.00854421 -0.01231360
v 0.00001430 -0.00898033 -0.01231426
v 0.00279480 -0.00853539 -0.01231360
v 0.00530136 -0.00725323 -0.01231157
v 0.00728965 -0.00525862 -0.01230835
v 0.00856382 -0.00274801 -0.01230436
v 0.00899994 0.00003392 -0.01229995
v 0.00855493 0.00281441 -0.01229560
v 0.00727278 0.00532097 -0.01229155
v 0.00527817 0.00730926 -0.01228839
v 0.00276756 0.00858343 -0.01228636
v -0.00001436 0.00901955 -0.01228564
v -0.00279486 0.00857454 -0.01228636
v -0.00530141 0.00729239 -0.01228839
v -0.00728971 0.00529778 -0.01229155
v 0.00511402 -0.00880569 -0.01231408
v 0.00001621 -0.01018035 -0.01231616
v -0.00508594 -0.00882196 -0.01231408
v -0.00882530 -0.00509441 -0.01230806
v -0.01019996 0.00000334 -0.01229995
v -0.00884151 0.00510543 -0.01229184
v -0.00511408 0.00884485 -0.01228588
v -0.00001628 0.01021957 -0.01228368
v 0.00508589 0.00886112 -0.01228588
v 0.00882524 0.00513357 -0.01229184
v 0.01019996 0.00003583 -0.01229995
v 0.00884145 -0.00506627 -0.01230806
v -0.00975174 0.00562733 -0.01124107
v -0.01124995 0.00000000 -0.01125007
v -0.00973380 -0.00562256 -0.01125895
v -0.00560945 -0.00973380 -0.01126557
v 0.00001789 -0.01123207 -0.01126796
v 0.00564045 -0.00971586 -0.01126557
v 0.00975168 -0.00559151 -0.01125895
v 0.01124995 0.00003583 -0.01125007
v 0.00973374 0.00565839 -0.01124107
v 0.00560939 0.00976962 -0.01123458
v -0.00001794 0.01126790 -0.01123219
v -0.00564051 0.00975168 -0.01123458
v -0.00560945 -0.00973594 -0.00990546
v 0.00001789 -0.01123416 -0.00990790
v 0.00564045 -0.00971806 -0.00990546
v 0.00975168 -0.00559372 -0.00989890
v 0.01124995 0.00003367 -0.00988996
v 0.00973380 0.00565624 -0.00988102
v 0.00560939 0.00976747 -0.00987446
v -0.00001794 0.01126569 -0.00987202
v -0.00564051 0.00974953 -0.00987446
v -0.00975174 0.00562519 -0.00988102
v -0.01124995 -0.00000217 -0.00988996
v -0.00973380 -0.00562471 -0.00989890
v 0.00279486 -0.00857454 0.01228636
v 0.00001436 -0.00901955 0.01228564
v -0.00276756 -0.00858343 0.01228636
v -0.00527817 -0.00730926 0.01228839
v -0.00727278 -0.00532097 0.01229155
v -0.00855493 -0.00281441 0.01229560
v -0.00899994 -0.00003392 0.01229995
v -0.00856382 0.00274801 0.01230436
v -0.00728965 0.00525862 0.01230835
v -0.00530136 0.00725323 0.01231157
v -0.00279480 0.00853539 0.01231360
v -0.00001430 0.00898033 0.01231426
v 0.00276762 0.00854421 0.01231360
v 0.00527823 0.00727010 0.01231157
v 0.00727284 0.00528181 0.01230835
v 0.00855500 0.00277525 0.01230436
v 0.00900000 -0.00000526 0.01229995
v 0.00856388 -0.00278717 0.01229560
v 0.00728971 -0.00529778 0.01229155
v 0.00530141 -0.00729239 0.01228839
v -0.00884151 0.00506627 0.01230806
v -0.01019996 -0.00003583 0.01229995
v -0.00882524 -0.00513363 0.01229184
v -0.00508582 -0.00886106 0.01228588
v 0.00001628 -0.01021957 0.01228368
v 0.00511402 -0.00884485 0.01228588
v 0.00884157 -0.00510549 0.01229184
v 0.01019996 -0.00000334 0.01229995
v 0.00882530 0.00509447 0.01230806
v 0.00508589 0.00882190 0.01231408
v -0.00001621 0.01018035 0.01231616
v -0.00511396 0.00880563 0.01231408
v 0.00564051 -0.00975168 0.01123458
v 0.00001794 -0.01126790 0.01123219
v -0.00560939 -0.00976962 0.01123458
v -0.00973374 -0.00565839 0.01124107
v -0.01124995 -0.00003583 0.01125007
v -0.00975168 0.00559151 0.01125895
v -0.00564045 0.00971586 0.01126557
v -0.00001789 0.01123207 0.01126796
v 0.00560945 0.00973380 0.01126557
v 0.00973380 0.00562256 0.01125895
v 0.01124995 0.00000000 0.01125007
v 0.00975174 -0.00562733 0.01124107
v -0.00973380 -0.00565624 0.00988102
v -0.01124995 -0.00003367 0.00988996
v -0.00975168 0.00559372 0.00989890
v -0.00564045 0.00971806 0.00990546
v -0.00001789 0.01123416 0.00990790
v 0.00560945 0.00973594 0.00990546
v 0.00973380 0.00562471 0.00989890
v 0.01124995 0.00000217 0.00988996
v 0.00975174 -0.00562519 0.00988102
v 0.00564051 -0.00974953 0.00987446
v 0.00001794 -0.01126569 0.00987202
v -0.00560939 -0.00976747 0.00987446
v -0.04346054 0.00047235 0.02108761
v -0.04626828 0.00532022 0.01942181
v -0.04766446 0.00289315 0.01941803
v -0.04346829 0.00532469 0.01942181
v -0.04206448 0.00290209 0.01941803
v -0.04346054 0.00047501 0.01941412
v -0.04626059 0.00047056 0.01941412
v -0.04626059 0.00046789 0.02108761
v -0.04626828 0.00531757 0.02109533
v -0.04346829 0.00532201 0.02109533
v -0.04399605 0.00485341 0.02016115
v -0.04612505 0.00462695 0.02016081
v -0.04702926 0.00262549 0.02005358
v -0.04573284 0.00093947 0.02015496
v -0.04360383 0.00116590 0.02015531
v -0.04269967 0.00316770 0.02005449
v -0.04777852 0.00250924 0.02025413
v -0.04195043 0.00328332 0.02025538
v -0.07206130 -0.00550601 -0.02109533
v -0.06926902 -0.00065528 -0.01894305
v -0.06786519 -0.00307715 -0.01941803
v -0.07206898 -0.00065974 -0.01894305
v -0.07346516 -0.00308603 -0.01941803
v -0.07206130 -0.00550944 -0.01895073
v -0.06926125 -0.00550498 -0.01895073
v -0.06926125 -0.00550154 -0.02109533
v -0.06926906 -0.00065188 -0.02108761
v -0.07206910 -0.00065634 -0.02108761
v -0.07153977 -0.00112623 -0.02015496
v -0.06941009 -0.00134587 -0.02015531
v -0.06979050 -0.00503461 -0.02016115
v -0.07192026 -0.00481495 -0.02016081
v -0.07276572 -0.00286082 -0.02008712
v -0.07278772 -0.00277483 -0.02116927
v -0.06799541 -0.00333197 -0.02025519
v -0.07358041 -0.00270250 -0.02025413
v -0.04695319 0.00535226 -0.01899132
v -0.04827518 0.00295372 -0.01922616
v -0.04185480 0.00296394 -0.01922616
v -0.04318430 0.00535828 -0.01899132
v -0.04747913 0.00524007 -0.02144152
v -0.04823683 0.00295712 -0.02132511
v -0.04507037 0.00638357 -0.01906472
v -0.04765502 0.00061933 -0.01926553
v -0.04765488 0.00062247 -0.02139888
v -0.04666293 0.00048738 -0.02131546
v -0.04678412 0.00055002 -0.01927455
v -0.04505947 -0.00046638 -0.01907563
v -0.04333815 0.00055551 -0.01927455
v -0.04247498 0.00529846 -0.01925812
v -0.04265815 0.00524775 -0.02144152
v -0.04189315 0.00296722 -0.02132511
v -0.04505969 -0.00032762 -0.02144042
v -0.04377173 0.00036940 -0.02122381
v -0.04265083 0.00068468 -0.02144881
v -0.04377996 0.00555874 -0.02121551
v -0.04507022 0.00625235 -0.02142993
v -0.04630290 0.00564007 -0.02149089
v -0.04246749 0.00062759 -0.01926553
v -0.04589384 0.00487294 -0.02018412
v -0.04380989 0.00469484 -0.02014576
v -0.04419037 0.00100611 -0.02015162
v -0.04632004 0.00122577 -0.02015125
v -0.04714401 0.00314820 -0.02016202
v -0.04239526 0.00270875 -0.02024557
v -0.04798028 0.00333822 -0.02024459
v -0.04304006 0.00254019 -0.02024585
v -0.07047054 0.00028239 0.01907563
v -0.07186889 -0.00072052 0.01941233
v -0.06906896 -0.00071606 0.01941233
v -0.06906116 -0.00556573 0.01940452
v -0.07045963 -0.00656757 0.01906472
v -0.07186120 -0.00557020 0.01940452
v -0.06932472 -0.00103255 0.02046026
v -0.07193361 -0.00115523 0.02048617
v -0.07295525 -0.00335344 0.02041426
v -0.07149951 -0.00529371 0.02052715
v -0.06903920 -0.00519688 0.02041131
v -0.06978333 -0.00123728 0.01991375
v -0.07177546 -0.00160019 0.01991313
v -0.07240285 -0.00341696 0.01999388
v -0.07114679 -0.00505054 0.01990761
v -0.06915472 -0.00468763 0.01990820
v -0.06838664 -0.00294980 0.02016262
v -0.04280905 0.00132026 0.02025216
v -0.04318237 0.00121868 0.02083206
v -0.04520160 0.00032828 0.02025066
v -0.04547548 0.00060033 0.02083104
v -0.04702675 0.00179297 0.02025297
v -0.04715758 0.00227702 0.02083379
v -0.04691986 0.00447230 0.02025727
v -0.04654645 0.00457203 0.02083736
v -0.04452722 0.00546429 0.02025880
v -0.04425334 0.00519037 0.02083837
v -0.04270207 0.00399959 0.02025649
v -0.04257136 0.00351369 0.02083569
v -0.07271560 -0.00466283 -0.02025727
v -0.07234185 -0.00476140 -0.02083736
v -0.07031979 -0.00564720 -0.02025880
v -0.07004678 -0.00537241 -0.02083837
v -0.06857483 -0.00389691 -0.02011104
v -0.06837010 -0.00369036 -0.02083569
v -0.06861477 -0.00149770 -0.02025216
v -0.06898850 -0.00139725 -0.02083206
v -0.07101050 -0.00051335 -0.02025066
v -0.07128345 -0.00078628 -0.02083104
v -0.07283097 -0.00198385 -0.02025297
v -0.04711536 0.00137790 -0.02024767
v -0.04674166 0.00127929 -0.02082788
v -0.04471957 0.00039354 -0.02024928
v -0.04444658 0.00066831 -0.02082890
v -0.04289919 0.00186404 -0.02024692
v -0.04301464 0.00454303 -0.02024267
v -0.04338836 0.00464344 -0.02082246
v -0.04519838 0.00538433 -0.02024128
v -0.04568326 0.00525445 -0.02082145
v -0.04723078 0.00405687 -0.02024337
v -0.04744239 0.00371850 -0.02104729
v -0.06842839 -0.00446540 0.02024307
v -0.07059067 -0.00556871 0.02024128
v -0.07262736 -0.00424775 0.02024337
v -0.07250177 -0.00182348 0.02024728
v -0.07033938 -0.00072019 0.02024909
v -0.06807246 -0.00215244 0.02024674
v -0.06216520 -0.00306433 -0.02174887
v -0.06378054 -0.00806299 -0.02175676
v -0.06400448 -0.00522983 -0.02220815
v -0.06401139 -0.00090331 -0.02220129
v -0.06805160 0.00501025 -0.02173597
v -0.07067626 0.00392276 -0.02219355
v -0.07330450 0.00500190 -0.02173597
v -0.07478839 0.00257951 -0.02219569
v -0.07732588 -0.00092452 -0.02220129
v -0.07754972 0.00190714 -0.02174088
v -0.07753384 -0.00808489 -0.02175676
v -0.07916516 -0.00309142 -0.02174887
v -0.07731896 -0.00525105 -0.02220815
v -0.07477039 -0.00874698 -0.02221375
v -0.07327875 -0.01116606 -0.02176168
v -0.07065397 -0.01007717 -0.02221590
v -0.06802585 -0.01115771 -0.02176168
v -0.06654196 -0.00873393 -0.02221375
v -0.07385789 0.00416827 -0.01396232
v -0.07510598 0.00347930 -0.01396344
v -0.07062948 0.00483934 -0.01396127
v -0.07204995 0.00471755 -0.01396147
v -0.06740735 0.00413928 -0.01396242
v -0.06875441 0.00460577 -0.01396165
v -0.06879937 0.00398821 -0.02019345
v -0.07308231 0.00486538 -0.01402871
v -0.06963746 0.00516070 -0.01402822
v -0.06595062 0.00351357 -0.01399230
v -0.07067495 0.00308412 -0.01361992
v -0.06704369 0.00191069 -0.01362178
v -0.06474841 0.00218916 -0.01396550
v -0.06370363 0.00138895 -0.01401494
v -0.06416368 0.00025302 -0.01394945
v -0.06311257 -0.00067380 -0.01397011
v -0.06248365 -0.00182977 -0.01402008
v -0.06336587 -0.00268036 -0.01395410
v -0.06278264 -0.00395459 -0.01397530
v -0.06267831 -0.00526644 -0.01402555
v -0.06492275 0.00230133 -0.02020469
v -0.06583491 0.00308790 -0.02020627
v -0.06323026 -0.00049957 -0.02020917
v -0.06381565 -0.00708596 -0.01398027
v -0.06383019 -0.00568467 -0.01395887
v -0.06333471 -0.00594446 -0.02021786
v -0.06702774 -0.00808078 -0.01363768
v -0.06425399 -0.00832684 -0.01403041
v -0.06547635 -0.00824034 -0.01396298
v -0.07065534 -0.00926578 -0.01363960
v -0.06603301 -0.00952643 -0.01398412
v -0.06513350 -0.00867845 -0.02022219
v -0.06905130 -0.01085400 -0.01398623
v -0.06768729 -0.01043963 -0.01398561
v -0.07234871 -0.01083920 -0.01398625
v -0.07231235 -0.01073974 -0.02022830
v -0.07093398 -0.01101543 -0.01398652
v -0.06995486 -0.01137442 -0.01405456
v -0.07413421 -0.01022094 -0.01398525
v -0.07338582 -0.01094715 -0.01405386
v -0.06664669 -0.01036928 -0.01405297
v -0.07535495 -0.00948453 -0.01398404
v -0.07428664 -0.00809234 -0.01363768
v -0.07664960 -0.00856958 -0.01401153
v -0.07755028 -0.00702421 -0.01398016
v -0.07677890 -0.00786581 -0.02021233
v -0.07840580 -0.00602411 -0.01402673
v -0.07771956 -0.00500888 -0.01395779
v -0.07855517 -0.00388370 -0.01397516
v -0.07892991 -0.00262205 -0.01402130
v -0.07812032 -0.00479552 -0.02020740
v -0.07819566 -0.00060599 -0.01396995
v -0.07764077 -0.00089237 -0.02020126
v -0.07789015 -0.00197369 -0.01395297
v -0.07789015 -0.00196373 -0.02020299
v -0.07631518 0.00295981 -0.01401241
v -0.07430255 0.00189909 -0.01362178
v -0.07614779 0.00174570 -0.01394695
v -0.07739414 0.00110510 -0.01396719
v -0.07819472 0.00043680 -0.01403571
v -0.07659679 0.00175053 -0.02019703
v -0.07746016 0.00114185 -0.02019798
v -0.07826286 0.00047880 -0.02026790
v -0.07901174 -0.00227275 -0.02027222
v -0.07862615 -0.00386870 -0.02020597
v -0.06256391 -0.00264319 -0.02022466
v -0.06066519 -0.00306305 -0.02105745
v -0.06201285 0.00193474 -0.02104947
v -0.06253836 -0.00104668 -0.02027028
v -0.06345540 0.00081444 -0.02023287
v -0.06406811 0.00208291 -0.02026534
v -0.06256279 -0.00389376 -0.02023179
v -0.06262243 -0.00542432 -0.02027728
v -0.06556946 0.00358504 -0.02026295
v -0.07068109 0.00692093 -0.02104148
v -0.07567900 0.00557324 -0.02104368
v -0.07410957 0.00420294 -0.02020452
v -0.07522354 0.00361139 -0.02021112
v -0.07933336 0.00190714 -0.02104947
v -0.08066517 -0.00309491 -0.02105745
v -0.07931751 -0.00809276 -0.02106538
v -0.07780281 -0.00710565 -0.02024541
v -0.07565140 -0.01174720 -0.02107116
v -0.07420871 -0.01046901 -0.02025077
v -0.07064926 -0.01307896 -0.02107336
v -0.06714558 0.00452596 -0.01405805
v -0.07569128 -0.00980800 -0.01408088
v -0.06626332 -0.01009133 -0.02026736
v -0.06199687 -0.00806519 -0.02106538
v -0.06600189 -0.00958067 -0.02021509
v -0.06427123 -0.00849292 -0.02028212
v -0.06361020 -0.00724898 -0.02024567
v -0.05356484 0.00288117 0.02104887
v -0.05193358 -0.00211224 0.02104088
v -0.05194950 0.00787979 0.02105676
v -0.05171865 0.00072012 0.02150130
v -0.05172556 0.00504661 0.02150815
v -0.04918807 0.00855070 0.02151376
v -0.04770419 0.01097452 0.02106168
v -0.04507595 0.00989395 0.02151590
v -0.04245129 0.01098293 0.02106168
v -0.04095977 0.00856382 0.02151376
v -0.03841108 0.00506782 0.02150815
v -0.03819611 0.00790170 0.02105676
v -0.03818023 -0.00209036 0.02104088
v -0.03656488 0.00290823 0.02104887
v -0.03840416 0.00074133 0.02150130
v -0.04094177 -0.00276273 0.02149569
v -0.04242557 -0.00518507 0.02103597
v -0.04505366 -0.00410598 0.02149355
v -0.04767846 -0.00519344 0.02103597
v -0.04916995 -0.00277585 0.02149569
v -0.04189535 0.01017580 0.01328547
v -0.04174392 0.01003225 0.01952457
v -0.04064502 0.00949081 0.01328438
v -0.04512578 0.01083651 0.01328653
v -0.04370502 0.01071930 0.01328633
v -0.04390490 0.01068127 0.01952569
v -0.04834576 0.01012627 0.01328538
v -0.04814505 0.01013949 0.01952479
v -0.04700011 0.01059705 0.01328615
v -0.04699284 0.01049067 0.01952817
v -0.04267316 0.01087020 0.01335404
v -0.04611882 0.01115460 0.01335449
v -0.04980037 0.00949586 0.01331331
v -0.04507473 0.00908205 0.01328960
v -0.04870230 0.00789705 0.01328769
v -0.05099848 0.00816768 0.01328231
v -0.05094063 0.00480595 0.01328278
v -0.05204067 0.00736396 0.01332916
v -0.05157697 0.00622970 0.01326006
v -0.05262513 0.00529949 0.01327772
v -0.05325040 0.00414136 0.01332404
v -0.05236536 0.00329375 0.01325535
v -0.05093458 0.00098949 0.01327666
v -0.05294462 0.00201764 0.01327246
v -0.05304476 0.00070533 0.01331857
v -0.05007338 0.00896786 0.01952293
v -0.05250799 0.00545423 0.01951733
v -0.05290170 0.00213468 0.01951203
v -0.05190158 -0.00111037 0.01326751
v -0.05189144 0.00029100 0.01325058
v -0.05238615 0.00000970 0.01950867
v -0.04868638 -0.00209442 0.01327178
v -0.05145937 -0.00234998 0.01331373
v -0.05023729 -0.00225943 0.01324647
v -0.04505503 -0.00326785 0.01326993
v -0.04967643 -0.00354375 0.01326366
v -0.04979674 -0.00339152 0.01950323
v -0.04665394 -0.00486175 0.01326153
v -0.04801935 -0.00445165 0.01326219
v -0.04781787 -0.00447571 0.01950151
v -0.04335669 -0.00483642 0.01326155
v -0.04355755 -0.00482723 0.01950092
v -0.04477087 -0.00501716 0.01326125
v -0.04574886 -0.00537948 0.01332816
v -0.04157310 -0.00421244 0.01326256
v -0.04231927 -0.00494122 0.01332881
v -0.04906015 -0.00438489 0.01332974
v -0.04035480 -0.00347217 0.01326374
v -0.04142752 -0.00208285 0.01327178
v -0.03906304 -0.00255318 0.01329412
v -0.03918916 0.00100815 0.01327666
v -0.03816729 -0.00100488 0.01326767
v -0.04054604 -0.00354633 0.01950299
v -0.03890347 -0.00199929 0.01950544
v -0.03731493 -0.00000223 0.01331742
v -0.03800439 0.00101101 0.01325166
v -0.03919524 0.00482467 0.01328278
v -0.03717247 0.00213877 0.01327264
v -0.03680165 0.00340146 0.01332283
v -0.03725269 0.00194381 0.01951170
v -0.03754230 0.00541534 0.01327786
v -0.03784358 0.00404674 0.01325654
v -0.03730329 0.00419949 0.01951532
v -0.03943420 0.00897499 0.01333173
v -0.04144343 0.00790858 0.01328769
v -0.03959769 0.00776058 0.01326245
v -0.03834930 0.00712389 0.01328060
v -0.03754662 0.00645792 0.01334698
v -0.03912894 0.00806464 0.01952150
v -0.03810078 0.00721576 0.01954587
v -0.03730545 0.00587964 0.01956667
v -0.03747946 0.00543922 0.01950877
v -0.03672096 0.00373107 0.01957485
v -0.03668816 0.00253687 0.01957297
v -0.05316749 0.00330843 0.01952600
v -0.05506485 0.00288063 0.01985746
v -0.05373305 0.00788277 0.01986539
v -0.05319809 0.00490472 0.01957678
v -0.05228706 0.00676888 0.01954517
v -0.05152765 0.00812562 0.01957031
v -0.05007869 0.01154806 0.02037117
v -0.05105906 0.00819522 0.01951318
v -0.05339264 0.00187677 0.01957195
v -0.05296969 0.00008533 0.01956909
v -0.05018174 0.00954610 0.01958417
v -0.04860866 0.01050186 0.01958566
v -0.04658168 0.01113593 0.01958665
v -0.04515602 0.01099348 0.01953467
v -0.04007869 0.01156485 0.01987117
v -0.04309952 0.01104053 0.01958647
v -0.04178470 0.01061916 0.01958578
v -0.04045939 0.00967495 0.01954980
v -0.03641259 0.00791037 0.01986539
v -0.03925961 0.00893676 0.01958313
v -0.03506487 0.00291252 0.01985746
v -0.03639668 -0.00208956 0.01984947
v -0.03722815 0.00037289 0.01954361
v -0.03791445 -0.00110547 0.01953268
v -0.04005110 -0.00575560 0.01984369
v -0.03899506 -0.00287673 0.01956432
v -0.04001748 -0.00380474 0.01956290
v -0.04149784 -0.00448024 0.01952727
v -0.04504889 -0.00710332 0.01984149
v -0.04273701 -0.00515029 0.01956066
v -0.04480688 -0.00529329 0.01952596
v -0.05005109 -0.00577158 0.01984369
v -0.04666201 -0.00514020 0.01952624
v -0.04860866 0.01051175 0.01338237
v -0.04001748 -0.00379491 0.01335954
v -0.04868048 -0.00465983 0.01956147
v -0.04987895 -0.00397432 0.01956260
v -0.05371719 -0.00211716 0.01984947
v -0.05116934 -0.00262755 0.01953888
v -0.05210648 -0.00129400 0.01953238
v -0.06257700 -0.00569236 -0.02129709
v -0.06258535 -0.00043912 -0.02128875
v -0.06379657 0.00192845 -0.02128499
v -0.06567990 0.00380593 -0.02128195
v -0.07067871 0.00542134 -0.02127939
v -0.07567226 0.00379002 -0.02128195
v -0.07875335 -0.00046487 -0.02128875
v -0.07874500 -0.00571811 -0.02129709
v -0.07565039 -0.00996321 -0.02130389
v -0.07065171 -0.01157855 -0.02130645
v -0.06565797 -0.00994730 -0.02130389
v -0.06555393 0.00580661 -0.02171698
v -0.06552564 -0.01194615 -0.02174517
v -0.05314469 0.00025593 0.02058875
v -0.05315297 0.00550920 0.02059710
v -0.04007965 0.00977999 0.02060389
v -0.03698515 0.00553495 0.02059710
v -0.03697675 0.00028168 0.02058875
v -0.04005777 -0.00397319 0.02058196
v -0.04505127 -0.00560451 0.02057939
v -0.05005007 -0.00398910 0.02058196
v -0.03840398 0.00074857 0.01710128
v -0.04094129 -0.00275546 0.01709568
v -0.04505366 -0.00409895 0.01709359
v -0.04917049 -0.00276858 0.01709568
v -0.05171889 0.00072736 0.01710128
v -0.05134454 0.00493237 0.01700797
v -0.04894873 0.00823739 0.01701327
v -0.04507536 0.00950110 0.01701524
v -0.04119837 0.00824994 0.01701327
v -0.03879183 0.00495270 0.01700797
v -0.04698721 0.00481684 0.01733332
v -0.04768319 0.00222934 0.01710359
v -0.04763979 0.00360048 0.01735226
v -0.04321970 0.00091455 0.01734140
v -0.04429686 0.00005249 0.01726001
v -0.04576322 0.00027773 0.01732611
v -0.04727695 0.00068221 0.01689108
v -0.04630807 0.00441891 0.01748850
v -0.04698507 0.00262086 0.01754267
v -0.04436813 0.00107633 0.01748319
v -0.04586331 0.00113495 0.01756351
v -0.04348494 0.00177308 0.01717613
v -0.04651212 0.00144884 0.01726222
v -0.04281162 0.00179942 0.01744934
v -0.04284783 0.00318356 0.01760543
v -0.04328623 0.00494125 0.01751775
v -0.04239528 0.00375599 0.01672618
v -0.04436658 0.00552353 0.01733446
v -0.04531937 0.00509343 0.01674842
v -0.04419876 0.00472589 0.01713752
v -0.06865628 -0.00508767 -0.01717209
v -0.06989711 -0.00593328 -0.01726907
v -0.07136349 -0.00570783 -0.01733446
v -0.07274779 -0.00517431 -0.01726782
v -0.07332294 -0.00367608 -0.01737433
v -0.07337087 -0.00236589 -0.01648396
v -0.07331506 -0.00224435 -0.01731513
v -0.07247824 -0.00127769 -0.01728169
v -0.07201075 -0.00174409 -0.01700258
v -0.07015655 -0.00497142 -0.01709433
v -0.07234462 -0.00420345 -0.01713641
v -0.07152548 -0.00483552 -0.01768141
v -0.07262243 -0.00320299 -0.01767555
v -0.06865232 -0.00301002 -0.01726442
v -0.06810178 -0.00212531 -0.01687331
v -0.06858253 -0.00099575 -0.01726124
v -0.06814667 -0.00264367 -0.01751231
v -0.06996684 -0.00046204 -0.01732611
v -0.06961001 -0.00153518 -0.01784466
v -0.06979908 -0.00126027 -0.01713171
v -0.00675390 0.00744283 0.01531189
v -0.00747660 0.00655714 0.01531043
v -0.00747657 0.00654918 0.02031042
v -0.00804883 0.00524801 0.01530838
v -0.00874787 0.00398260 0.01530635
v -0.00955149 0.00280130 0.01530450
v -0.01011374 0.00189882 0.01530307
v -0.01011374 0.00189087 0.02030306
v -0.00952244 0.00135571 0.01530218
v -0.00952244 0.00134772 0.02030217
v -0.00987014 -0.00136483 0.01529782
v -0.00987011 -0.00137281 0.02029782
v -0.00956291 -0.00281116 0.01529553
v -0.00956291 -0.00281915 0.02029552
v -0.00954798 -0.00387433 0.01529380
v -0.00954795 -0.00388229 0.02029379
v -0.00875688 -0.00401157 0.01529365
v -0.00781065 -0.00637799 0.01528984
v -0.00807652 -0.00641632 0.02028977
v -0.00727886 -0.00632512 0.02028995
v -0.00653815 -0.00753891 0.01528802
v -0.00653812 -0.00754687 0.02028796
v -0.00621182 -0.00824034 0.01528686
v -0.00621176 -0.00824827 0.02028685
v -0.00521111 -0.00811297 0.01528710
v -0.00415620 -0.00907654 0.01528551
v -0.00394231 -0.00954249 0.02028477
v -0.00334296 -0.00976148 0.01528444
v -0.00288075 -0.00956735 0.02028476
v -0.00272119 -0.00925350 0.01528525
v -0.00143754 -0.00988084 0.01528423
v -0.00145221 -0.00954401 0.02028477
v 0.00139752 -0.00988659 0.01528426
v 0.00139758 -0.00989455 0.02028423
v 0.00245199 -0.01002315 0.01528403
v 0.00245202 -0.01003107 0.02028402
v 0.00270045 -0.00925958 0.01528525
v 0.00270045 -0.00926757 0.02028524
v 0.00392067 -0.00881130 0.01528596
v 0.00392067 -0.00881928 0.02028596
v 0.00570929 -0.00186932 0.01529699
v -0.00570333 -0.00188750 0.01529699
v -0.00570923 0.00182062 0.01530289
v -0.00519282 0.00807595 0.01531285
v 0.00519294 -0.00812471 0.01528710
v 0.00650763 -0.00756544 0.01528793
v 0.00620468 0.00818034 0.01531300
v 0.00636423 0.00719219 0.01531147
v 0.00757861 0.00643951 0.01531022
v 0.00746846 -0.00711021 0.01528862
v 0.00726473 -0.00633359 0.01528990
v 0.00804889 -0.00529671 0.01529157
v 0.00570339 0.00183880 0.01530289
v 0.00521117 0.00806427 0.01531279
v 0.00415626 0.00902781 0.01531436
v 0.00334313 0.00971270 0.01531544
v 0.00272125 0.00920474 0.01531469
v 0.00143760 0.00983211 0.01531561
v 0.00046451 0.01026013 0.01531630
v 0.00001089 0.00959754 0.01531529
v -0.00139746 0.00983786 0.01531567
v -0.00245169 0.00997439 0.01531585
v 0.00650763 -0.00757337 0.02028792
v 0.00746849 -0.00711816 0.02028864
v 0.00726473 -0.00634152 0.02028989
v 0.00874793 -0.00403130 0.01529359
v 0.00955158 -0.00285003 0.01529541
v 0.00955161 -0.00285798 0.02029544
v 0.01011380 -0.00194761 0.01529687
v 0.01011380 -0.00195557 0.02029686
v 0.00952250 -0.00140440 0.01529777
v 0.00952250 -0.00141239 0.02029776
v 0.00987017 0.00131610 0.01530206
v 0.00987023 0.00130814 0.02030205
v 0.00956300 0.00276247 0.01530432
v 0.00956300 0.00275448 0.02030432
v 0.00954807 0.00382554 0.01530608
v 0.00954810 0.00381759 0.02030607
v 0.00875700 0.00396281 0.01530629
v 0.00839046 0.00534376 0.01530846
v 0.00827503 0.00610858 0.01530969
v 0.00807667 0.00635162 0.02031007
v 0.00727892 0.00626045 0.02030998
v 0.00653824 0.00748223 0.02031191
v 0.00621205 0.00818354 0.02031296
v 0.00394252 0.00947779 0.02031508
v 0.00288087 0.00950274 0.02031513
v 0.00143760 0.00982413 0.02031561
v -0.00139746 0.00982991 0.02031568
v -0.00245169 0.00996643 0.02031588
v -0.00270033 0.00921088 0.01531469
v -0.00392061 0.00876254 0.01531398
v -0.00431812 0.00931871 0.02031487
v 0.00673010 0.00751303 -0.01528805
v 0.00745562 0.00662964 -0.01528942
v 0.00745559 0.00663760 -0.02028945
v 0.00914723 0.00474823 -0.01529243
v 0.00901452 0.00426954 -0.02029323
v 0.00873506 0.00405913 -0.01529359
v 0.00954244 0.00288045 -0.01529541
v 0.01010763 0.00197977 -0.01529687
v 0.01010752 0.00198773 -0.02029686
v 0.00951797 0.00143474 -0.01529777
v 0.00951797 0.00144273 -0.02029776
v 0.01024901 -0.00094705 -0.01530152
v 0.01024901 -0.00093907 -0.02030152
v 0.00952977 -0.00130385 -0.01530206
v 0.00952977 -0.00129592 -0.02030205
v 0.00957173 -0.00273198 -0.01530432
v 0.00957173 -0.00272402 -0.02030432
v 0.00956017 -0.00379518 -0.01530608
v 0.00967884 -0.00349021 -0.02030557
v 0.00876957 -0.00393492 -0.01530629
v 0.00840744 -0.00531703 -0.01530846
v 0.00783084 -0.00630434 -0.01531004
v 0.00809681 -0.00632593 -0.02031007
v 0.00729883 -0.00623727 -0.02030998
v 0.00656205 -0.00746930 -0.01531192
v 0.00656202 -0.00746137 -0.02031191
v 0.00623792 -0.00817180 -0.01531308
v 0.00623792 -0.00816381 -0.02031296
v 0.00523680 -0.00804764 -0.01531279
v 0.00418499 -0.00901455 -0.01531436
v 0.00418499 -0.00900656 -0.02031433
v 0.00337392 -0.00970203 -0.01531544
v 0.00337392 -0.00969407 -0.02031543
v 0.00275057 -0.00919604 -0.01531469
v 0.00275052 -0.00918806 -0.02031469
v 0.00146893 -0.00982746 -0.01531561
v 0.00146893 -0.00981954 -0.02031561
v 0.00049707 -0.01025861 -0.01531630
v 0.00081652 -0.01023524 -0.02031630
v 0.00004146 -0.00959748 -0.01531529
v -0.00136614 -0.00984227 -0.01531567
v -0.00409055 -0.00905770 -0.01531442
v -0.00389266 -0.00876707 -0.02031397
v -0.00351900 -0.00483531 -0.01530766
v -0.00570339 -0.00183880 -0.01530289
v 0.00000952 -0.00597560 -0.01530945
v 0.00353438 -0.00482410 -0.01530766
v 0.00570923 -0.00182062 -0.01530289
v 0.00570333 0.00188750 -0.01529699
v 0.00516701 0.00814122 -0.01528710
v -0.00516707 -0.00809246 -0.01531285
v -0.00648358 -0.00753739 -0.01531201
v -0.00648761 0.00801793 -0.01528721
v -0.00638717 0.00722062 -0.01528847
v -0.00759917 0.00646406 -0.01528966
v -0.00744587 -0.00708523 -0.01531127
v -0.00724459 -0.00630796 -0.01530998
v -0.00803202 -0.00527364 -0.01530838
v -0.00570929 0.00186932 -0.01529699
v -0.00353444 0.00487280 -0.01529228
v -0.00523692 0.00809634 -0.01528710
v -0.00410104 0.00872862 -0.01528608
v -0.00275063 0.00924480 -0.01528525
v -0.00000959 0.00602430 -0.01529037
v 0.00136605 0.00989097 -0.01528426
v 0.00351894 0.00488406 -0.01529228
v 0.00241983 0.01003086 -0.01528403
v -0.00648358 -0.00752941 -0.02031194
v -0.00744587 -0.00707725 -0.02031123
v -0.00724459 -0.00629997 -0.02030998
v -0.00873518 -0.00401044 -0.01530635
v -0.00954255 -0.00283170 -0.01530450
v -0.00954255 -0.00282371 -0.02030447
v -0.01010763 -0.00193107 -0.01530307
v -0.01010772 -0.00192311 -0.02030306
v -0.00951809 -0.00138599 -0.01530218
v -0.00951809 -0.00137806 -0.02030217
v -0.00996071 -0.00002760 -0.01529997
v -0.01024913 0.00099571 -0.01529839
v -0.00987443 0.00134134 -0.02029782
v -0.00952989 0.00135261 -0.01529777
v -0.00957182 0.00278074 -0.01529553
v -0.00957185 0.00278866 -0.02029552
v -0.00956029 0.00384384 -0.01529380
v -0.00956032 0.00385180 -0.02029379
v -0.00876963 0.00398368 -0.01529365
v -0.00829452 0.00613093 -0.01529020
v -0.00809699 0.00639054 -0.02028977
v -0.00729895 0.00630194 -0.02028995
v -0.00656211 0.00752604 -0.02028796
v 0.00136602 0.00989896 -0.02028423
v 0.00241983 0.01003885 -0.02028402
v 0.00267088 0.00926816 -0.01528525
v 0.00389260 0.00882375 -0.01528596
v 0.00529265 0.00847054 -0.02028652
v -0.00371462 -0.00509671 -0.02064140
v -0.00602025 -0.00193373 -0.02063639
v -0.00602647 0.00198024 -0.02063016
v -0.04366105 0.00047691 0.01800090
v -0.04259395 0.00538129 0.01615869
v -0.04646098 0.00047246 0.01800090
v -0.04596674 0.00531679 0.01768831
v -0.04417570 0.00444545 0.01795717
v -0.06807661 -0.00415200 -0.01752609
v -0.07131854 -0.00113172 -0.01764983
v -0.07314395 -0.00061589 -0.01615077
v -0.06941029 -0.00448836 -0.01778479
v -0.06894171 -0.00308117 -0.01795630
v -0.04307609 0.00397563 0.01700645
v -0.04885399 0.00774723 0.01571249
v -0.04307508 0.00872236 0.01571398
v -0.04127585 -0.00194079 0.01569700
v -0.04883855 -0.00195283 0.01569700
v -0.04246926 0.00441164 0.01300716
v -0.04246449 0.00141162 0.01300239
v -0.04766058 0.00140339 0.01300239
v -0.04766535 0.00440335 0.01300716
v -0.06689149 0.00176853 -0.01569700
v -0.07267338 0.00272524 -0.01569545
v -0.07651096 -0.00500125 -0.01330775
v -0.07651710 -0.00120008 -0.01330167
v -0.06481927 -0.00118142 -0.01330167
v -0.07443886 -0.00794357 -0.01571249
v -0.06865686 -0.00890034 -0.01571398
v -0.06481319 -0.00498259 -0.01330775
v -0.06806945 -0.00158578 -0.01420235
v -0.07326567 -0.00159597 -0.01300239
v -0.07326090 -0.00459593 -0.01300716
v -0.06806468 -0.00458765 -0.01300716
v -0.06806945 -0.00158769 -0.01300239
v -0.03553154 0.00292289 0.01287144
v -0.03682096 0.00769536 0.01287899
v -0.03541558 0.00512621 0.01290929
v -0.03733378 0.00909316 0.01291560
v -0.04032804 0.01153737 0.01261721
v -0.04508059 0.01278838 0.01270091
v -0.04982921 0.01152220 0.01261721
v -0.05361296 0.00783587 0.01254592
v -0.05493152 0.00289251 0.01253811
v -0.05359725 -0.00204654 0.01253020
v -0.03651684 -0.00201933 0.01253020
v -0.04030062 -0.00570585 0.01258973
v -0.04504915 -0.00697233 0.01266944
v -0.04980172 -0.00572100 0.01258973
v -0.05279603 -0.00327781 0.01289590
v -0.05471417 0.00068913 0.01290228
v -0.03731414 -0.00325313 0.01289590
v -0.03540859 0.00071988 0.01290228
v -0.05472121 0.00509545 0.01290929
v -0.05281567 0.00906852 0.01291560
v -0.05020070 -0.00600642 0.00403696
v -0.04504847 -0.00737816 0.00403476
v -0.03990066 -0.00599003 0.00403696
v -0.03613668 -0.00221395 0.00404292
v -0.03476488 0.00293815 0.00405115
v -0.03615307 0.00808597 0.00405937
v -0.03992909 0.01185005 0.00406533
v -0.04508125 0.01322180 0.00406754
v -0.05022907 0.01183366 0.00406533
v -0.05399316 0.00805753 0.00405937
v -0.05536484 0.00290537 0.00405115
v -0.05397677 -0.00224239 0.00404292
v -0.05312287 0.00755006 0.01331216
v -0.04971647 0.01095998 0.01331758
v -0.04043895 0.01097476 0.01331758
v -0.04507964 0.01220697 0.01331955
v -0.04942119 0.01191669 0.01302617
v -0.04939246 -0.00611544 0.01299744
v -0.04070860 -0.00610161 0.01299744
v -0.04041337 -0.00514591 0.01329189
v -0.03700697 -0.00173598 0.01329725
v -0.05436486 0.00289220 0.01330476
v -0.05310809 -0.00176167 0.01329725
v -0.04969078 -0.00516075 0.01329189
v -0.04505008 -0.00639290 0.01328998
v -0.03615665 0.00807899 0.01231294
v -0.03476488 0.00292516 0.01230478
v -0.04073739 0.01193046 0.01302617
v -0.08019850 -0.00310723 -0.01287144
v -0.07892423 0.00166929 -0.01286377
v -0.08032142 -0.00090418 -0.01290228
v -0.07841593 0.00306883 -0.01289590
v -0.07542942 0.00552158 -0.01258973
v -0.07068090 0.00678801 -0.01266944
v -0.06592825 0.00553669 -0.01258973
v -0.06213285 0.00186219 -0.01253020
v -0.06079853 -0.00307687 -0.01253811
v -0.06211713 -0.00802022 -0.01254592
v -0.07919742 -0.00804736 -0.01254592
v -0.07540200 -0.01172163 -0.01261721
v -0.07064943 -0.01297268 -0.01270091
v -0.06590086 -0.01170654 -0.01261721
v -0.06291437 -0.00925282 -0.01291560
v -0.06100883 -0.00527978 -0.01290929
v -0.07839623 -0.00927746 -0.01291560
v -0.08031443 -0.00531053 -0.01290929
v -0.06101586 -0.00087344 -0.01290228
v -0.06293404 0.00309351 -0.01289590
v -0.06550085 -0.01201796 -0.00406533
v -0.07064867 -0.01340609 -0.00406754
v -0.07580089 -0.01203435 -0.00406533
v -0.07957696 -0.00827026 -0.00405937
v -0.08096510 -0.00312245 -0.00405115
v -0.07959336 0.00202966 -0.00404292
v -0.07582926 0.00580573 -0.00403696
v -0.07068145 0.00719386 -0.00403476
v -0.06552940 0.00582212 -0.00403696
v -0.06175327 0.00205809 -0.00404292
v -0.06036520 -0.00308967 -0.00405115
v -0.06173688 -0.00824183 -0.00405937
v -0.06262201 0.00157732 -0.01329725
v -0.06603920 0.00497639 -0.01329189
v -0.07531666 0.00496167 -0.01329189
v -0.07067996 0.00620860 -0.01328998
v -0.06633758 0.00593114 -0.01299744
v -0.06630885 -0.01210099 -0.01302617
v -0.07499265 -0.01211476 -0.01302617
v -0.07529109 -0.01115906 -0.01331758
v -0.07870829 -0.00775999 -0.01331216
v -0.06136518 -0.00307655 -0.01330476
v -0.06260728 -0.00773442 -0.01331216
v -0.06601357 -0.01114439 -0.01331758
v -0.07065039 -0.01239126 -0.01331955
v -0.07958990 0.00204903 -0.01229655
v -0.08096516 -0.00310916 -0.01230478
v -0.07502138 0.00591731 -0.01299744
v -0.04252636 0.00401872 -0.02149349
v -0.04252296 0.00191420 -0.02149689
v -0.04760366 0.00190616 -0.02149689
v -0.01256990 0.00557434 -0.02149105
v -0.01300698 0.00451350 -0.02149277
v -0.01255220 -0.00554591 -0.02150875
v -0.01255559 -0.00342554 -0.02150547
v -0.01299268 -0.00448644 -0.02150708
v -0.01256644 0.00345403 -0.02149444
v -0.01149529 -0.00298405 -0.02150475
v -0.01150476 0.00301587 -0.02149516
v -0.01256990 0.00557679 -0.02299106
v -0.01300698 0.00451589 -0.02299278
v -0.01256644 0.00345641 -0.02299445
v -0.01150476 0.00301826 -0.02299517
v -0.01149529 -0.00298166 -0.02300465
v -0.00001916 0.01203328 -0.02148085
v -0.08801317 0.00820488 -0.02148669
v -0.03164661 0.00951576 -0.02195978
v -0.03211298 0.00838384 -0.02196157
v 0.00001905 -0.01196479 -0.02151906
v -0.06156375 -0.00831309 -0.02191307
v -0.07064849 -0.01357763 -0.02192145
v -0.08797496 -0.01579326 -0.02152496
v -0.08116504 -0.00309434 -0.02190476
v -0.08341276 -0.00009818 -0.02176248
v -0.08401388 0.00118685 -0.02173121
v -0.08400978 -0.00138521 -0.02173530
v -0.08520782 -0.00170910 -0.02173582
v -0.08628412 -0.00109117 -0.02173485
v -0.08660842 0.00010716 -0.02173298
v -0.08599007 0.00118367 -0.02173121
v -0.08500260 0.00154900 -0.02167224
v -0.07068186 0.00742230 -0.02188795
v -0.04646199 0.00723988 -0.02148836
v -0.04870927 0.00560230 -0.02149099
v -0.04956495 0.00295526 -0.02149516
v -0.06158056 0.00218674 -0.02189635
v -0.06016531 -0.00306091 -0.02190476
v -0.04870086 0.00031105 -0.02149939
v -0.04644834 -0.00131935 -0.02150195
v -0.03161620 -0.00954652 -0.02199018
v -0.04366809 -0.00131494 -0.02150195
v -0.04142075 0.00032265 -0.02149939
v -0.04056495 0.00296962 -0.02149516
v -0.03862724 0.00084683 -0.02149853
v -0.04142916 0.00561386 -0.02149099
v -0.03894660 0.00486103 -0.02149218
v -0.04368168 0.00724429 -0.02148836
v -0.03761982 0.00541311 -0.02149132
v -0.03706297 0.00108639 -0.02149817
v -0.03208616 -0.00841609 -0.02198839
v -0.03690719 0.00447541 -0.02149277
v -0.03294059 0.00109293 -0.02149817
v -0.03294656 0.00487056 -0.02149218
v -0.03161981 0.00542268 -0.02149132
v -0.03164303 0.00725338 -0.02196335
v -0.03090715 0.00448501 -0.02149277
v -0.03051078 0.00678638 -0.02196407
v -0.03048920 -0.00681353 -0.02198576
v -0.03106298 0.00109593 -0.02149817
v -0.03161981 -0.00728413 -0.02198651
v -0.03200066 0.00038328 -0.02149927
v -0.08801317 0.00819850 -0.01748669
v -0.00001915 0.01202684 -0.01748085
v -0.07430416 -0.00572360 -0.02265900
v -0.07516515 -0.00308305 -0.02300465
v -0.07431256 -0.00044092 -0.02265047
v -0.06702619 -0.00042931 -0.02265047
v -0.06616520 -0.00306868 -0.02300465
v -0.06701779 -0.00571200 -0.02265900
v -0.01255559 -0.00342315 -0.02300548
v -0.01299268 -0.00448406 -0.02300709
v -0.01255220 -0.00554353 -0.02300876
v -0.08801478 0.00919938 -0.01748508
v -0.08801478 0.00920814 -0.02298510
v -0.08797496 -0.01579958 -0.01752495
v 0.00001730 -0.01086095 -0.02274226
v 0.00001906 -0.01197117 -0.01751905
v 0.00002066 -0.01297205 -0.01752066
v 0.00002064 -0.01296329 -0.02302068
v 0.00038524 -0.00987446 -0.02301579
v 0.00131035 -0.00937295 -0.02273997
v 0.00128037 0.00944945 -0.02270996
v 0.00035367 0.00994885 -0.02298414
v -0.00001741 0.01093331 -0.02270757
v -0.00002076 0.01303654 -0.02297925
v -0.00002075 0.01302778 -0.01747930
v -0.08073292 0.00505543 -0.02287491
v -0.08148450 0.00384235 -0.02299368
v -0.08302319 0.00188428 -0.02299678
v -0.08241510 0.00097678 -0.02299827
v -0.08219999 -0.00009428 -0.02300000
v -0.08241170 -0.00116599 -0.02300167
v -0.08074939 -0.01117006 -0.02301758
v -0.07987484 -0.01214277 -0.02290286
v -0.07773417 -0.01564198 -0.02302467
v -0.08301687 -0.00207543 -0.02300310
v -0.08392435 -0.00268358 -0.02300405
v -0.08499550 -0.00289869 -0.02300435
v -0.08606719 -0.00268698 -0.02300405
v -0.08697670 -0.00208175 -0.02300310
v -0.08758479 -0.00117421 -0.02300167
v -0.08779996 -0.00010320 -0.02300000
v -0.08758831 0.00096854 -0.02299827
v -0.08698296 0.00187796 -0.02299678
v -0.08063000 0.00319719 -0.02299469
v -0.07972467 -0.01027649 -0.02301618
v -0.07860219 0.00401002 -0.02299338
v -0.08393269 0.00248951 -0.02299588
v -0.08500438 0.00270122 -0.02299547
v -0.08607548 0.00248611 -0.02299588
v -0.07775276 0.00965464 -0.02298450
v -0.07578259 0.01050984 -0.02298307
v 0.00911590 -0.00263682 -0.02272927
v 0.00620580 -0.00715652 -0.02273636
v 0.00910735 0.00273824 -0.02272066
v 0.00618285 0.00724861 -0.02271347
v -0.02966064 0.01466751 -0.02297658
v -0.02665168 0.01471614 -0.02297645
v -0.03106298 0.00109832 -0.02299815
v -0.03056919 0.01247698 -0.02298009
v -0.03106895 0.00487596 -0.02299219
v -0.03239741 0.00542381 -0.02299133
v -0.03253936 0.01162177 -0.02298140
v -0.03310716 0.00448388 -0.02299278
v -0.03706297 0.00108877 -0.02299815
v -0.03294059 0.00109532 -0.02299815
v -0.03838968 0.00053667 -0.02299901
v -0.03706899 0.00486636 -0.02299219
v -0.03839742 0.00541428 -0.02299133
v -0.04231494 0.00296920 -0.02299517
v -0.04252636 0.00402111 -0.02299350
v -0.04312360 0.00491244 -0.02299207
v -0.04401677 0.00550687 -0.02299106
v -0.04506939 0.00571483 -0.02299076
v -0.04612129 0.00550353 -0.02299106
v -0.06871008 0.01004809 -0.02298384
v -0.07031905 0.01043510 -0.02298319
v -0.07147890 0.01161777 -0.02298128
v -0.07183456 0.01323395 -0.02297878
v -0.07156240 0.01754856 -0.02297186
v -0.07455641 0.01773738 -0.02297157
v -0.07488918 0.01246297 -0.02297997
v -0.04781496 0.00296044 -0.02299517
v -0.04760706 0.00401306 -0.02299350
v -0.04701268 0.00490630 -0.02299207
v -0.04760366 0.00190854 -0.02299690
v -0.04700648 0.00101721 -0.02299827
v -0.04611319 0.00042280 -0.02299916
v -0.04506057 0.00021487 -0.02299958
v -0.04400867 0.00042615 -0.02299916
v -0.03910237 0.00147432 -0.02299755
v -0.04311740 0.00102341 -0.02299827
v -0.03910720 0.00447434 -0.02299278
v -0.04252296 0.00191665 -0.02299690
v -0.03200066 0.00038567 -0.02299928
v -0.01708489 -0.00106198 -0.02300167
v -0.01449555 -0.00278646 -0.02300435
v -0.00109047 -0.00596550 -0.02273446
v 0.00240028 -0.00557139 -0.02273386
v 0.00509369 -0.00331941 -0.02273025
v 0.00609988 0.00004664 -0.02272499
v 0.00508213 0.00340927 -0.02271958
v 0.00238091 0.00565201 -0.02271598
v -0.00110960 0.00603440 -0.02271539
v -0.02353578 0.01201349 -0.02298074
v -0.01708829 0.00108075 -0.02299827
v -0.02563178 0.01274436 -0.02297967
v -0.01450449 0.00281352 -0.02299547
v -0.01191508 0.00108904 -0.02299827
v -0.01191169 -0.00105369 -0.02300167
v -0.02353566 0.01200479 -0.01748079
v -0.02563178 0.01273566 -0.01747965
v -0.02665168 0.01470738 -0.01747649
v -0.02966064 0.01465878 -0.01747658
v -0.03056919 0.01246827 -0.01748007
v -0.03253924 0.01161307 -0.01748138
v -0.06871008 0.01003926 -0.01748389
v -0.07031905 0.01042640 -0.01748317
v -0.07147890 0.01160895 -0.01748138
v -0.07183456 0.01322525 -0.01747876
v -0.07156240 0.01753979 -0.01747184
v -0.07775276 0.00964588 -0.01748448
v -0.07578259 0.01050114 -0.01748305
v -0.07488906 0.01245415 -0.01747995
v -0.07976597 0.00215918 -0.02229636
v -0.07590138 -0.01217788 -0.02231919
v -0.04870927 0.00559872 -0.01949095
v -0.04056495 0.00296640 -0.01949518
v -0.04142075 0.00031984 -0.01949936
v -0.04382291 -0.00084279 -0.01950124
v -0.04629496 -0.00084675 -0.01950124
v -0.04870086 0.00030824 -0.01949936
v -0.04956495 0.00295210 -0.01949518
v -0.00181442 -0.00564587 0.01999098
v -0.00476748 -0.00350743 0.01999449
v 0.00183236 -0.00564003 0.01999098
v 0.00477862 -0.00349224 0.01999449
v 0.00590002 -0.00002245 0.01999998
v 0.00476760 0.00344372 0.02000546
v -0.00183225 0.00557631 0.02000886
v -0.00477850 0.00342852 0.02000546
v -0.00589991 -0.00004125 0.01999998
v -0.00183236 0.00564164 -0.02099096
v -0.01315587 0.00091289 -0.02184853
v -0.01540121 0.00135580 -0.02184778
v -0.01584413 -0.00088951 -0.02185139
v -0.01359882 -0.00133237 -0.02185207
v -0.07303101 -0.01514506 -0.02027392
v -0.02807347 -0.01318907 -0.02027093
v -0.02833061 0.01192121 -0.02028097
v -0.07324141 0.01475361 -0.02027631
v -0.04020529 -0.00058237 -0.00530082
v -0.04320144 -0.00276655 -0.00530428
v -0.04691016 -0.00277251 -0.00530428
v -0.04991328 -0.00059783 -0.00530082
v -0.05106484 0.00292706 -0.00529522
v -0.04992449 0.00645566 -0.00528955
v -0.04321968 0.00864583 -0.00528610
v -0.04021656 0.00647116 -0.00528955
v -0.04320156 -0.00275540 -0.01230424
v -0.04691028 -0.00276130 -0.01230424
v -0.04991328 -0.00058668 -0.01230078
v -0.05106484 0.00293827 -0.01229518
v -0.04992455 0.00646681 -0.01228958
v -0.04692834 0.00865108 -0.01228606
v -0.04321968 0.00865698 -0.01228606
v -0.04021656 0.00648230 -0.01228958
v -0.03906500 0.00295734 -0.01229518
v -0.04020529 -0.00057122 -0.01230078
v -0.07551348 -0.00665545 0.00528955
v -0.07251030 -0.00883013 0.00528610
v -0.06881988 0.00258815 0.00530428
v -0.07252848 0.00258225 0.00530428
v -0.07552468 0.00039807 0.00530082
v -0.07251030 -0.00884128 0.01228606
v -0.06880170 -0.00883537 0.01228606
v -0.06881988 0.00257701 0.01230424
v -0.07252848 0.00257111 0.01230424
v -0.07552468 0.00038692 0.01230078
v -0.00146687 0.00299585 0.00900477
v -0.00260049 0.00148129 0.00900233
v -0.00259572 -0.00151825 0.00899756
v -0.00145727 -0.00302920 0.00899518
v 0.00000480 -0.00301427 0.00899517
v 0.00146693 -0.00302452 0.00899518
v 0.00260055 -0.00150996 0.00899756
v 0.00299996 -0.00000956 0.00899994
v 0.00259578 0.00148958 0.00900233
v 0.00145730 0.00300053 0.00900477
v -0.00000475 0.00298560 0.00900471
v 0.00154078 -0.00370645 0.00949407
v 0.00152898 0.00368106 0.00950587
v -0.00154078 0.00367618 0.00950587
v -0.00152892 -0.00371134 0.00949407
v 0.00145730 0.00302920 -0.00899518
v 0.00259572 0.00151825 -0.00899756
v 0.00260049 -0.00148129 -0.00900233
v 0.00146684 -0.00299585 -0.00900477
v 0.00000475 -0.00298560 -0.00900471
v -0.00145733 -0.00300053 -0.00900477
v -0.00259578 -0.00148958 -0.00900233
v -0.00299996 0.00000956 -0.00899994
v -0.00260055 0.00150996 -0.00899756
v -0.00146690 0.00302452 -0.00899518
v -0.00000480 0.00301427 -0.00899517
v -0.00152904 -0.00368106 -0.00950587
v -0.00154072 0.00370645 -0.00949407
v 0.00152898 0.00371128 -0.00949407
v 0.00154066 -0.00367618 -0.00950587
v -0.08445620 -0.01483839 -0.00804842
v -0.08118277 -0.01590269 -0.00457507
v -0.08118277 -0.01589715 -0.00805008
v -0.08123499 -0.01470375 -0.00457317
v -0.08123499 -0.01469826 -0.00804818
v -0.03412985 0.01394230 0.00407225
v -0.03412985 0.01394778 0.00059730
v -0.03001385 0.01370126 -0.00760311
v -0.03001385 0.01369577 -0.00412810
v -0.03323167 0.01389878 -0.00412774
v -0.03323167 0.01390427 -0.00760275
f 1 2 3
f 4 5 6
f 6 5 7
f 6 7 8
f 8 7 9
f 7 5 10
f 11 12 13
f 13 12 14
f 14 15 16
f 17 18 19
f 17 19 20
f 20 19 21
f 20 21 22
f 22 21 23
f 22 23 24
f 24 23 25
f 24 25 26
f 20 22 27
f 20 27 28
f 28 27 24
f 28 24 29
f 29 24 30
f 30 24 26
f 26 31 29
f 29 31 32
f 29 32 28
f 28 32 33
f 33 32 34
f 32 31 35
f 32 35 36
f 36 35 37
f 36 37 38
f 36 38 39
f 36 39 40
f 40 39 41
f 40 41 32
f 32 41 42
f 32 42 43
f 32 43 34
f 34 43 44
f 34 44 41
f 41 39 45
f 39 38 45
f 45 38 46
f 38 37 46
f 46 37 47
f 47 48 45
f 45 48 41
f 48 49 41
f 41 49 50
f 41 50 51
f 41 51 34
f 34 51 52
f 52 51 53
f 52 54 34
f 34 54 55
f 49 56 50
f 50 56 51
f 51 56 57
f 47 37 56
f 56 37 57
f 31 25 35
f 25 23 37
f 23 26 37
f 37 26 57
f 57 26 58
f 58 26 19
f 58 19 59
f 59 60 57
f 57 60 51
f 60 61 51
f 51 61 62
f 51 62 63
f 61 18 62
f 62 18 64
f 59 19 18
f 18 19 64
f 64 19 65
f 64 65 63
f 63 66 51
f 51 66 53
f 66 65 53
f 53 65 67
f 67 65 54
f 54 65 18
f 54 18 64
f 18 65 19
f 20 21 17
f 17 21 68
f 17 68 69
f 69 70 17
f 17 70 71
f 72 70 73
f 72 73 74
f 72 74 75
f 75 74 76
f 75 76 71
f 71 76 74
f 71 74 77
f 71 77 17
f 17 77 78
f 17 78 79
f 17 79 80
f 80 79 81
f 80 81 82
f 82 81 83
f 80 82 84
f 84 82 85
f 85 82 86
f 85 86 87
f 82 88 86
f 86 88 87
f 76 89 77
f 77 89 78
f 78 89 90
f 76 91 89
f 89 91 20
f 20 28 89
f 89 28 3
f 78 90 92
f 93 3 94
f 93 94 92
f 92 94 95
f 92 95 78
f 93 89 3
f 94 3 96
f 78 97 98
f 98 97 99
f 78 95 97
f 97 96 99
f 99 96 3
f 99 3 100
f 99 100 98
f 98 100 101
f 98 101 78
f 100 3 102
f 78 103 104
f 104 103 105
f 78 101 103
f 103 102 105
f 105 102 3
f 78 104 106
f 107 3 108
f 107 108 106
f 106 108 109
f 106 109 78
f 78 109 110
f 110 109 3
f 110 3 81
f 81 3 111
f 107 105 3
f 109 108 3
f 20 91 112
f 112 91 72
f 112 72 68
f 112 68 21
f 72 91 70
f 70 91 73
f 65 113 64
f 64 113 54
f 54 113 114
f 54 114 115
f 115 114 116
f 54 115 117
f 54 117 55
f 55 117 118
f 118 117 119
f 118 119 120
f 119 121 120
f 120 121 122
f 120 122 116
f 116 122 115
f 122 123 115
f 123 119 115
f 115 119 124
f 117 124 119
f 125 85 87
f 125 87 126
f 127 125 128
f 127 128 129
f 127 129 120
f 120 129 118
f 129 130 118
f 130 131 118
f 118 131 132
f 118 132 55
f 55 132 133
f 55 133 34
f 34 133 134
f 135 131 125
f 135 125 136
f 136 125 126
f 128 125 131
f 135 132 131
f 126 125 137
f 135 136 138
f 138 136 137
f 138 137 34
f 138 34 134
f 137 86 34
f 34 86 139
f 15 140 16
f 16 140 12
f 16 12 11
f 11 13 16
f 16 13 14
f 12 140 9
f 9 140 141
f 141 142 9
f 9 142 143
f 9 143 144
f 8 9 6
f 6 9 4
f 9 144 4
f 4 144 145
f 145 7 4
f 4 7 5
f 146 147 148
f 146 148 149
f 149 150 151
f 152 151 153
f 152 153 154
f 152 154 155
f 155 154 150
f 155 150 156
f 156 150 157
f 156 157 158
f 154 159 150
f 150 159 151
f 149 160 150
f 150 160 161
f 161 162 150
f 150 162 163
f 163 164 150
f 150 164 165
f 148 147 166
f 166 147 162
f 162 147 167
f 162 167 168
f 162 168 163
f 163 168 169
f 163 169 170
f 169 171 170
f 170 171 164
f 171 172 164
f 164 172 173
f 164 173 174
f 172 175 173
f 173 175 176
f 175 177 176
f 176 177 178
f 177 179 178
f 178 179 180
f 179 181 180
f 180 181 182
f 180 182 183
f 183 182 184
f 183 184 185
f 185 184 186
f 186 187 185
f 185 187 188
f 186 184 189
f 190 151 191
f 192 186 189
f 192 193 186
f 186 193 194
f 186 194 195
f 195 194 152
f 152 194 151
f 151 194 191
f 186 195 196
f 196 195 156
f 196 156 158
f 158 197 196
f 196 197 187
f 187 197 198
f 187 198 199
f 199 198 200
f 187 199 188
f 188 199 174
f 190 182 151
f 151 182 181
f 201 202 203
f 203 202 204
f 203 204 205
f 204 202 206
f 206 202 170
f 206 170 207
f 207 164 206
f 206 164 208
f 206 208 165
f 165 208 209
f 165 209 150
f 150 209 210
f 150 210 157
f 157 210 158
f 210 211 158
f 158 211 212
f 158 212 213
f 211 214 212
f 212 214 215
f 212 214 216
f 216 214 217
f 216 217 218
f 218 217 219
f 218 219 220
f 220 219 221
f 219 222 221
f 221 222 223
f 221 223 158
f 158 223 224
f 158 224 225
f 225 224 226
f 225 226 227
f 227 226 228
f 227 228 229
f 229 228 230
f 229 230 158
f 158 230 231
f 158 231 232
f 232 231 233
f 233 226 234
f 234 226 235
f 226 233 228
f 229 158 195
f 195 158 225
f 221 158 236
f 236 158 237
f 158 213 237
f 237 213 238
f 238 218 239
f 238 239 237
f 220 239 218
f 222 240 223
f 223 240 241
f 210 209 215
f 215 209 214
f 215 209 242
f 206 165 243
f 203 205 244
f 203 244 245
f 245 244 246
f 245 246 247
f 247 246 248
f 247 248 249
f 247 249 250
f 250 249 165
f 250 165 251
f 251 165 252
f 252 165 253
f 252 253 254
f 255 256 257
f 255 257 258
f 258 257 259
f 258 259 260
f 260 259 261
f 260 261 262
f 262 261 263
f 258 260 263
f 258 263 264
f 264 263 265
f 264 265 266
f 266 265 267
f 266 267 268
f 268 267 269
f 268 269 270
f 268 270 271
f 271 272 268
f 268 272 273
f 266 268 274
f 274 268 275
f 265 276 267
f 267 276 277
f 267 277 278
f 267 278 279
f 279 278 280
f 278 280 261
f 278 261 281
f 278 281 282
f 282 281 257
f 282 257 283
f 284 285 283
f 283 285 286
f 283 286 287
f 283 287 282
f 286 285 288
f 286 288 165
f 165 288 289
f 165 289 253
f 289 288 256
f 256 288 257
f 257 288 284
f 165 290 286
f 286 290 291
f 263 261 265
f 280 278 276
f 279 291 267
f 267 291 290
f 267 290 292
f 292 290 269
f 269 290 270
f 270 290 293
f 264 266 294
f 294 266 295
f 266 296 295
f 295 296 297
f 275 268 298
f 264 299 258
f 258 299 300
f 300 299 301
f 300 301 302
f 302 255 258
f 303 299 304
f 304 299 305
f 303 301 299
f 303 304 254
f 254 304 252
f 304 306 252
f 250 251 307
f 307 251 252
f 307 252 306
f 306 308 307
f 307 308 309
f 309 308 310
f 310 308 311
f 310 311 312
f 312 311 313
f 311 314 313
f 313 314 315
f 308 305 311
f 311 305 316
f 305 299 316
f 316 299 317
f 317 299 318
f 249 319 165
f 165 319 246
f 165 246 320
f 320 246 244
f 165 320 243
f 164 321 208
f 208 321 322
f 322 321 323
f 323 321 240
f 240 321 163
f 240 163 324
f 324 170 240
f 240 170 241
f 170 202 241
f 241 202 226
f 202 325 226
f 226 325 326
f 226 326 327
f 325 328 326
f 326 328 329
f 326 329 330
f 328 331 329
f 329 331 332
f 329 332 333
f 331 310 332
f 332 310 334
f 334 310 335
f 333 336 329
f 329 336 337
f 329 337 338
f 329 338 339
f 339 338 340
f 340 338 341
f 340 341 339
f 339 341 342
f 339 342 343
f 343 342 310
f 343 310 312
f 312 330 340
f 330 344 326
f 342 345 310
f 310 345 346
f 335 310 347
f 347 310 346
f 346 337 348
f 346 349 347
f 337 336 350
f 337 350 348
f 348 350 349
f 226 327 351
f 351 327 352
f 351 352 196
f 196 352 353
f 196 353 158
f 158 353 354
f 158 354 355
f 355 354 356
f 355 356 357
f 355 357 358
f 358 359 360
f 361 360 294
f 361 294 362
f 362 294 363
f 360 364 294
f 294 364 365
f 360 361 366
f 358 360 367
f 355 368 158
f 158 368 197
f 369 370 197
f 197 370 371
f 197 371 372
f 197 372 373
f 373 372 374
f 374 372 375
f 371 370 376
f 376 370 377
f 376 377 378
f 378 377 379
f 377 370 369
f 377 369 367
f 367 369 197
f 367 197 380
f 380 381 382
f 382 381 361
f 382 361 377
f 377 361 379
f 363 294 383
f 383 294 384
f 384 294 372
f 372 294 385
f 372 385 375
f 375 385 386
f 375 386 387
f 387 386 374
f 374 386 388
f 374 388 389
f 389 388 390
f 389 390 391
f 391 390 392
f 391 392 393
f 393 392 394
f 395 396 290
f 395 290 394
f 394 290 397
f 394 397 373
f 394 373 393
f 393 373 374
f 393 374 398
f 398 374 389
f 396 399 290
f 290 399 400
f 290 400 401
f 395 392 399
f 399 392 400
f 400 392 401
f 401 392 402
f 401 403 290
f 290 403 404
f 290 404 405
f 405 293 290
f 272 293 273
f 273 293 406
f 406 293 272
f 406 272 407
f 407 272 273
f 407 273 392
f 392 273 402
f 272 404 273
f 273 404 403
f 407 408 406
f 406 408 409
f 408 385 409
f 409 385 268
f 390 410 392
f 392 410 386
f 392 386 385
f 385 294 411
f 411 294 412
f 361 381 366
f 381 359 366
f 366 359 360
f 380 197 359
f 359 197 360
f 360 197 367
f 357 356 413
f 413 356 414
f 413 414 364
f 365 364 415
f 365 415 299
f 299 415 416
f 299 416 417
f 356 418 414
f 414 418 419
f 419 418 415
f 415 418 416
f 418 420 416
f 416 420 421
f 421 422 416
f 416 422 423
f 422 313 423
f 423 313 424
f 417 425 299
f 299 425 318
f 424 313 426
f 426 313 315
f 315 427 426
f 318 425 428
f 196 158 429
f 429 158 186
f 158 232 186
f 186 232 235
f 186 235 430
f 430 235 226
f 430 226 187
f 187 226 351
f 412 294 431
f 294 295 431
f 431 295 432
f 432 409 433
f 433 409 385
f 433 385 412
f 409 298 268
f 295 297 434
f 295 434 432
f 432 434 409
f 174 199 435
f 435 199 436
f 435 436 437
f 437 436 438
f 437 438 439
f 435 437 440
f 437 439 440
f 440 439 441
f 439 438 441
f 441 438 442
f 174 435 164
f 164 435 325
f 164 325 443
f 443 325 328
f 443 328 444
f 443 445 446
f 443 447 164
f 164 447 448
f 164 448 165
f 448 299 165
f 165 299 264
f 165 264 449
f 449 264 450
f 450 264 451
f 450 451 452
f 450 452 449
f 451 264 453
f 453 264 431
f 453 431 454
f 454 431 455
f 455 456 457
f 457 456 458
f 455 459 454
f 454 459 458
f 454 458 460
f 460 458 456
f 460 456 461
f 461 456 462
f 461 462 463
f 461 463 464
f 461 464 465
f 465 464 453
f 465 453 454
f 464 463 452
f 449 452 462
f 449 462 466
f 466 462 375
f 466 375 467
f 466 467 269
f 269 467 387
f 269 387 468
f 468 387 469
f 468 470 269
f 269 470 471
f 470 472 471
f 471 472 292
f 375 462 473
f 473 462 456
f 473 456 474
f 474 431 473
f 473 431 294
f 473 294 197
f 197 294 365
f 197 365 475
f 475 365 476
f 475 476 477
f 294 431 264
f 477 445 478
f 478 479 475
f 475 479 197
f 479 422 197
f 197 422 438
f 197 438 480
f 422 481 438
f 438 481 482
f 438 482 483
f 483 482 484
f 438 483 442
f 442 483 485
f 442 485 440
f 440 485 435
f 485 486 435
f 435 486 487
f 435 487 444
f 444 487 328
f 328 487 488
f 328 488 444
f 444 488 489
f 444 489 490
f 490 489 336
f 490 336 491
f 491 336 482
f 336 484 482
f 490 491 445
f 482 481 491
f 491 481 445
f 445 481 478
f 477 492 445
f 445 492 349
f 445 349 347
f 492 493 349
f 349 493 428
f 473 197 374
f 374 197 373
f 374 373 494
f 494 373 387
f 387 373 469
f 469 373 472
f 373 397 472
f 472 397 290
f 472 290 292
f 292 290 495
f 290 165 495
f 495 165 267
f 267 165 466
f 466 165 449
f 428 493 496
f 496 493 497
f 493 476 497
f 497 476 365
f 497 365 498
f 365 299 498
f 498 299 448
f 498 448 499
f 499 448 500
f 499 315 347
f 347 315 445
f 445 315 501
f 445 501 446
f 446 501 500
f 446 500 448
f 499 428 498
f 498 428 496
f 197 480 502
f 502 480 199
f 502 199 200
f 503 200 198
f 198 197 503
f 503 197 504
f 197 502 504
f 5 7 505
f 505 7 506
f 7 507 506
f 506 507 508
f 507 10 508
f 508 10 145
f 145 144 508
f 508 144 509
f 508 509 510
f 510 509 3
f 510 3 505
f 505 3 5
f 509 511 3
f 3 511 512
f 3 512 513
f 513 514 3
f 3 514 515
f 3 515 516
f 516 517 3
f 3 517 2
f 2 517 140
f 517 518 140
f 140 518 519
f 515 514 520
f 515 520 521
f 519 522 140
f 140 522 523
f 142 523 143
f 143 523 520
f 143 520 524
f 143 524 525
f 143 525 514
f 514 525 520
f 514 526 143
f 143 526 512
f 143 512 511
f 523 521 520
f 5 3 527
f 527 3 528
f 527 528 529
f 5 527 530
f 530 531 5
f 5 531 532
f 5 532 533
f 527 529 530
f 530 529 531
f 529 528 531
f 531 528 532
f 532 528 534
f 532 534 535
f 532 535 536
f 528 537 534
f 537 538 534
f 534 538 535
f 535 538 536
f 536 538 539
f 539 538 540
f 539 540 533
f 533 540 5
f 5 540 541
f 5 540 542
f 540 538 542
f 542 538 543
f 542 543 544
f 542 543 545
f 542 545 546
f 543 547 545
f 545 547 548
f 5 542 549
f 549 542 546
f 549 546 550
f 549 550 551
f 549 550 552
f 552 550 548
f 552 550 553
f 552 553 554
f 554 553 555
f 555 553 556
f 548 557 558
f 558 557 553
f 549 552 5
f 552 554 5
f 5 554 555
f 5 555 556
f 5 556 559
f 556 553 559
f 559 553 557
f 559 557 560
f 559 557 561
f 5 559 561
f 5 561 562
f 5 562 563
f 562 561 563
f 563 561 121
f 563 121 564
f 121 561 565
f 565 561 566
f 566 561 567
f 567 568 569
f 569 568 570
f 567 571 566
f 566 572 573
f 567 561 574
f 574 561 575
f 575 576 577
f 578 579 580
f 580 579 581
f 582 578 574
f 582 574 575
f 578 583 574
f 574 583 581
f 574 581 584
f 584 581 579
f 584 579 576
f 575 561 585
f 585 561 557
f 585 557 586
f 5 563 587
f 587 563 121
f 587 121 588
f 587 121 124
f 124 121 573
f 124 573 584
f 584 573 589
f 584 589 22
f 22 589 568
f 22 568 590
f 590 568 584
f 590 584 576
f 576 591 590
f 590 591 592
f 592 593 590
f 590 593 72
f 590 72 594
f 590 594 586
f 590 586 557
f 590 557 27
f 589 570 568
f 22 595 584
f 584 595 596
f 595 24 596
f 596 24 58
f 584 597 124
f 124 597 598
f 597 58 598
f 598 58 115
f 58 24 115
f 115 24 599
f 115 599 600
f 600 599 601
f 601 602 600
f 600 602 603
f 603 604 600
f 600 604 605
f 605 606 600
f 600 606 117
f 601 599 602
f 599 607 602
f 602 607 603
f 607 608 603
f 603 608 604
f 604 608 605
f 587 124 5
f 5 124 609
f 5 609 117
f 5 117 34
f 34 117 606
f 34 606 33
f 33 606 28
f 606 605 28
f 28 605 610
f 605 608 610
f 610 608 611
f 608 612 611
f 611 612 610
f 610 612 28
f 612 613 28
f 28 613 614
f 614 615 28
f 28 615 599
f 28 599 24
f 24 616 28
f 28 616 27
f 28 27 3
f 3 27 528
f 599 615 32
f 32 615 608
f 615 614 608
f 608 614 612
f 612 614 613
f 528 27 617
f 617 27 618
f 528 617 538
f 538 617 543
f 543 617 619
f 543 619 620
f 618 27 621
f 621 27 557
f 621 557 622
f 622 557 548
f 622 548 547
f 622 547 620
f 620 547 543
f 586 594 623
f 623 594 75
f 623 75 72
f 623 72 624
f 624 72 593
f 624 593 69
f 69 593 68
f 69 68 592
f 592 591 69
f 69 591 585
f 69 585 71
f 71 585 623
f 586 623 585
f 34 139 625
f 625 139 626
f 34 625 627
f 34 627 628
f 627 625 629
f 629 625 630
f 629 630 631
f 629 631 632
f 632 631 633
f 632 633 628
f 34 628 634
f 34 634 5
f 5 634 631
f 5 631 635
f 635 631 636
f 635 636 637
f 635 637 88
f 88 637 87
f 87 637 638
f 638 637 139
f 139 637 626
f 626 637 625
f 625 637 630
f 634 633 631
f 5 635 509
f 509 635 511
f 511 635 639
f 639 635 83
f 639 83 640
f 640 83 81
f 639 641 642
f 639 642 511
f 511 642 643
f 511 643 644
f 644 645 511
f 511 645 646
f 511 646 525
f 525 647 511
f 511 647 143
f 647 524 143
f 143 524 648
f 143 648 144
f 144 648 649
f 144 649 650
f 650 649 140
f 140 651 2
f 2 651 648
f 2 648 524
f 524 652 2
f 2 652 520
f 2 520 653
f 653 520 645
f 646 645 520
f 653 643 2
f 2 643 654
f 2 654 655
f 654 643 642
f 2 655 3
f 3 655 656
f 3 656 111
f 111 656 657
f 111 657 658
f 658 657 641
f 111 659 81
f 658 641 660
f 659 661 81
f 660 641 662
f 639 662 641
f 81 661 640
f 655 663 656
f 656 663 664
f 663 642 664
f 664 642 641
f 650 140 665
f 665 140 15
f 665 15 666
f 666 15 667
f 666 667 668
f 668 144 650
f 668 669 144
f 144 669 670
f 144 670 671
f 669 672 670
f 670 672 673
f 667 15 672
f 672 15 14
f 14 12 672
f 672 12 674
f 672 674 675
f 672 675 673
f 673 675 676
f 673 676 677
f 677 676 678
f 677 678 671
f 671 678 679
f 671 679 144
f 144 679 680
f 680 679 681
f 679 678 681
f 681 678 7
f 681 7 145
f 145 10 681
f 681 10 682
f 682 10 683
f 682 683 684
f 685 686 687
f 687 686 688
f 689 5 690
f 690 5 509
f 690 509 144
f 690 144 691
f 691 144 687
f 691 687 688
f 689 692 5
f 5 692 686
f 5 686 693
f 693 686 685
f 693 683 5
f 5 683 10
f 682 684 694
f 687 144 694
f 694 144 680
f 7 678 676
f 7 676 695
f 695 674 7
f 7 674 9
f 9 674 12
f 652 524 520
f 647 525 524
f 525 646 520
f 22 24 595
f 24 27 616
f 27 22 590
f 7 10 507
f 124 117 609
f 117 115 600
f 115 124 598
f 186 196 429
f 196 187 351
f 187 186 430
f 375 473 374
f 494 387 374
f 387 467 375
f 163 170 324
f 170 164 207
f 164 163 321
f 466 269 267
f 471 292 269
f 292 495 267
f 696 697 698
f 698 697 699
f 698 699 700
f 700 701 698
f 698 701 702
f 698 702 703
f 703 702 704
f 704 702 705
f 702 701 705
f 705 701 706
f 706 701 707
f 707 701 708
f 708 701 709
f 708 709 707
f 707 709 710
f 710 709 708
f 711 712 713
f 713 712 714
f 713 714 711
f 711 714 715
f 711 715 713
f 715 714 716
f 716 714 717
f 717 714 718
f 717 718 719
f 719 718 720
f 717 719 721
f 719 718 722
f 722 718 723
f 722 723 724
f 724 723 725
f 724 725 726
f 726 725 727
f 726 727 728
f 728 727 729
f 729 727 730
f 722 724 731
f 731 724 732
f 724 726 732
f 718 720 723
f 723 720 733
f 723 733 725
f 725 733 734
f 725 734 727
f 727 734 730
f 730 734 735
f 735 734 736
f 736 734 733
f 720 718 737
f 720 737 738
f 720 738 739
f 737 718 740
f 740 718 714
f 712 741 714
f 714 741 742
f 712 713 743
f 709 701 744
f 697 696 745
f 745 696 746
f 747 748 749
f 750 751 752
f 704 705 703
f 703 705 753
f 703 753 754
f 754 753 755
f 755 756 754
f 754 757 758
f 754 758 703
f 759 760 761
f 761 760 762
f 760 763 762
f 762 763 764
f 762 764 765
f 765 766 762
f 762 766 767
f 762 767 768
f 768 767 769
f 769 770 768
f 768 770 771
f 771 772 773
f 773 772 774
f 773 774 775
f 775 776 773
f 773 776 777
f 777 776 778
f 777 778 779
f 779 780 777
f 777 780 781
f 777 781 755
f 755 781 782
f 755 782 783
f 755 783 756
f 756 783 754
f 777 755 773
f 773 755 784
f 773 784 785
f 773 785 786
f 786 787 773
f 773 787 771
f 787 788 771
f 788 789 771
f 771 789 762
f 771 762 768
f 774 772 790
f 790 772 771
f 790 771 791
f 791 771 770
f 792 707 710
f 706 707 753
f 707 785 753
f 785 784 753
f 753 784 755
f 753 705 706
f 696 698 793
f 696 793 746
f 699 697 794
f 794 697 745
f 795 701 700
f 795 700 699
f 795 699 794
f 796 797 748
f 748 797 798
f 748 798 749
f 749 798 799
f 757 800 752
f 752 800 801
f 800 751 801
f 751 802 801
f 803 722 759
f 759 803 719
f 804 805 763
f 764 766 765
f 779 781 780
f 782 806 807
f 703 754 704
f 704 754 705
f 705 754 753
f 753 754 756
f 706 808 753
f 706 753 755
f 755 808 706
f 808 705 753
f 753 705 755
f 809 810 811
f 811 810 812
f 811 812 809
f 809 812 810
f 813 814 815
f 815 814 816
f 803 759 817
f 759 761 817
f 817 761 762
f 817 762 804
f 804 762 763
f 764 762 768
f 764 768 766
f 766 768 767
f 768 762 818
f 818 762 819
f 818 819 789
f 789 788 818
f 788 787 818
f 818 787 786
f 818 786 820
f 820 786 792
f 792 785 820
f 820 785 784
f 820 784 808
f 758 821 822
f 822 821 754
f 754 821 756
f 821 807 756
f 756 807 753
f 807 806 753
f 806 782 753
f 753 782 781
f 753 781 779
f 814 816 775
f 814 775 774
f 774 790 814
f 814 790 816
f 816 790 773
f 816 773 775
f 775 773 777
f 775 777 776
f 779 777 753
f 753 777 755
f 755 777 808
f 808 777 820
f 777 773 820
f 820 773 772
f 820 772 771
f 771 772 812
f 771 812 770
f 770 812 791
f 812 810 791
f 791 810 772
f 791 772 790
f 790 772 773
f 772 810 812
f 770 769 771
f 771 769 767
f 771 767 768
f 768 818 771
f 771 818 820
f 815 816 813
f 813 816 814
f 823 706 707
f 707 706 808
f 707 808 784
f 784 785 707
f 752 751 757
f 751 802 757
f 757 802 758
f 802 824 758
f 758 824 703
f 703 824 825
f 758 822 703
f 703 822 754
f 800 757 751
f 802 758 800
f 826 827 828
f 828 827 829
f 828 829 830
f 827 831 832
f 832 831 833
f 832 833 834
f 827 832 829
f 829 832 835
f 829 835 830
f 830 835 824
f 832 834 835
f 835 834 836
f 750 801 751
f 802 830 824
f 837 698 834
f 837 834 838
f 785 707 792
f 807 821 782
f 782 821 783
f 783 821 758
f 783 758 754
f 801 750 752
f 827 826 832
f 832 826 828
f 828 829 832
f 832 835 831
f 831 835 833
f 829 830 832
f 832 830 835
f 834 835 839
f 834 839 836
f 836 839 840
f 836 840 837
f 837 840 703
f 703 840 758
f 758 840 839
f 758 839 841
f 841 839 835
f 841 835 802
f 802 835 830
f 802 800 841
f 841 800 758
f 837 838 836
f 836 838 834
f 835 834 833
f 834 842 833
f 746 793 745
f 745 793 794
f 703 705 702
f 703 702 837
f 837 702 698
f 698 702 793
f 793 702 794
f 794 702 795
f 795 702 701
f 744 701 843
f 744 843 844
f 844 843 709
f 709 843 708
f 708 843 701
f 707 701 823
f 823 701 706
f 706 701 808
f 808 701 705
f 708 707 710
f 744 844 709
f 739 738 845
f 845 738 846
f 788 847 789
f 789 847 762
f 762 847 819
f 819 847 716
f 847 713 716
f 713 715 716
f 819 716 762
f 717 848 716
f 716 848 762
f 761 762 759
f 759 762 848
f 759 848 719
f 719 848 717
f 737 740 849
f 849 740 850
f 740 714 850
f 850 714 742
f 759 719 761
f 761 719 762
f 762 719 717
f 762 717 819
f 788 789 819
f 788 819 716
f 737 849 738
f 738 849 846
f 720 739 851
f 739 845 851
f 796 759 722
f 759 719 722
f 748 796 749
f 749 796 799
f 799 796 722
f 799 722 732
f 732 722 731
f 749 732 748
f 748 732 796
f 796 732 722
f 749 799 732
f 747 749 798
f 799 852 726
f 853 854 733
f 847 788 711
f 711 713 847
f 798 797 747
f 747 797 748
f 804 763 817
f 817 763 760
f 817 760 803
f 803 760 759
f 726 852 732
f 852 799 732
f 729 730 728
f 733 854 736
f 845 846 851
f 851 846 849
f 851 849 850
f 850 742 851
f 851 742 720
f 720 742 718
f 718 742 819
f 819 717 718
f 718 717 721
f 718 721 719
f 720 719 803
f 720 803 722
f 819 742 716
f 819 742 788
f 788 742 713
f 788 713 711
f 741 712 743
f 792 855 785
f 785 855 786
f 786 856 787
f 857 788 787
f 792 786 855
f 88 82 858
f 858 82 859
f 82 83 859
f 859 83 860
f 83 635 860
f 860 635 861
f 635 88 861
f 861 88 858
f 631 630 636
f 636 630 637
f 669 668 672
f 672 668 667
f 512 526 513
f 513 526 514
f 506 508 505
f 505 508 510
f 584 568 574
f 574 568 567
f 573 121 566
f 566 121 565
f 591 576 585
f 585 576 575
f 859 860 858
f 858 860 861
f 468 469 862
f 862 469 863
f 469 472 863
f 863 472 864
f 472 470 864
f 864 470 865
f 470 468 865
f 865 468 862
f 240 222 866
f 866 222 867
f 222 219 867
f 867 219 868
f 219 323 868
f 868 323 869
f 323 240 869
f 869 240 866
f 870 242 871
f 871 242 872
f 870 871 873
f 871 322 873
f 322 323 871
f 871 323 869
f 323 219 869
f 869 219 868
f 209 208 874
f 874 208 875
f 208 322 875
f 875 322 871
f 224 223 876
f 876 223 877
f 223 241 877
f 877 241 878
f 241 226 878
f 878 226 879
f 226 224 879
f 879 224 876
f 146 149 181
f 181 149 151
f 149 148 160
f 160 148 166
f 160 166 161
f 161 166 162
f 408 407 385
f 385 407 392
f 866 867 869
f 869 867 868
f 869 868 871
f 871 868 872
f 219 217 868
f 217 872 868
f 873 322 872
f 873 872 870
f 872 322 871
f 870 872 217
f 268 273 409
f 409 273 406
f 486 485 484
f 484 485 483
f 492 477 493
f 493 477 476
f 871 872 875
f 875 872 874
f 872 242 209
f 872 209 874
f 194 193 191
f 191 193 192
f 191 192 190
f 190 192 189
f 190 189 182
f 182 189 184
f 878 879 877
f 877 879 876
f 377 367 382
f 382 367 380
f 261 259 281
f 281 259 257
f 863 864 862
f 862 864 865
f 153 151 154
f 154 151 159
f 155 156 152
f 152 156 195
f 714 741 743
f 743 713 714
f 714 713 742
f 720 722 880
f 880 722 723
f 880 723 733
f 733 725 853
f 853 725 854
f 854 725 730
f 854 730 736
f 736 730 734
f 730 727 728
f 728 727 725
f 728 725 726
f 726 725 799
f 799 725 881
f 799 881 732
f 732 881 724
f 727 730 725
f 722 724 881
f 722 881 723
f 723 881 725
f 733 720 880
f 836 834 702
f 702 834 698
f 702 703 836
f 703 841 836
f 836 841 835
f 835 841 824
f 824 841 825
f 841 703 825
f 882 883 884
f 882 884 885
f 885 884 886
f 885 886 887
f 887 886 888
f 888 886 889
f 888 889 890
f 890 889 891
f 890 891 892
f 889 886 893
f 890 892 894
f 892 895 894
f 894 895 896
f 885 896 882
f 882 896 895
f 882 895 892
f 892 897 895
f 891 889 898
f 891 898 899
f 892 891 897
f 897 891 900
f 891 899 900
f 900 899 901
f 898 902 899
f 899 902 901
f 883 882 903
f 903 882 904
f 882 895 904
f 904 895 905
f 895 897 905
f 886 906 893
f 893 906 907
f 907 908 893
f 893 908 889
f 908 902 889
f 889 902 898
f 884 883 909
f 886 884 906
f 906 884 910
f 884 909 910
f 910 909 911
f 883 903 909
f 909 903 911
f 901 902 900
f 900 902 908
f 900 908 912
f 912 908 907
f 912 907 906
f 912 906 913
f 913 906 914
f 914 906 910
f 914 910 915
f 915 910 904
f 915 904 905
f 905 897 915
f 915 897 916
f 916 897 917
f 912 917 900
f 900 917 897
f 904 910 903
f 903 910 911
f 918 919 920
f 921 922 923
f 923 922 924
f 923 925 921
f 926 921 925
f 926 925 927
f 927 925 918
f 927 918 928
f 928 918 920
f 928 920 929
f 929 920 930
f 929 930 931
f 931 930 932
f 931 932 933
f 931 933 934
f 933 935 934
f 934 935 936
f 927 936 926
f 926 936 935
f 926 935 933
f 933 937 935
f 935 937 938
f 939 932 940
f 932 930 940
f 933 932 937
f 937 932 941
f 932 939 941
f 941 939 942
f 940 943 939
f 939 943 942
f 921 926 922
f 922 926 944
f 926 935 944
f 944 935 938
f 935 938 933
f 920 919 945
f 945 946 920
f 920 946 930
f 946 943 930
f 930 943 940
f 918 925 919
f 919 925 947
f 925 923 947
f 947 923 924
f 942 943 941
f 941 943 946
f 941 946 948
f 948 946 945
f 948 945 919
f 948 919 949
f 949 919 950
f 950 919 947
f 950 947 951
f 951 947 944
f 951 944 938
f 951 938 952
f 938 937 952
f 952 937 953
f 948 953 941
f 941 953 937
f 922 944 924
f 944 947 924
f 896 885 915
f 915 885 914
f 885 887 914
f 914 887 913
f 887 888 913
f 913 888 912
f 888 890 912
f 912 890 917
f 890 894 917
f 917 894 916
f 894 896 916
f 916 896 915
f 936 927 951
f 951 927 950
f 927 928 950
f 950 928 949
f 928 929 949
f 949 929 948
f 929 931 948
f 948 931 953
f 931 934 953
f 953 934 952
f 934 936 952
f 952 936 951
f 954 955 956
f 956 955 957
f 956 957 958
f 956 958 959
f 959 958 960
f 959 960 961
f 961 962 959
f 959 962 963
f 962 964 963
f 963 964 965
f 963 965 966
f 966 965 967
f 966 967 968
f 968 967 969
f 968 969 970
f 966 971 963
f 970 972 968
f 968 972 955
f 972 973 955
f 955 973 957
f 974 975 976
f 976 975 977
f 976 977 978
f 976 978 979
f 979 978 980
f 979 980 981
f 981 982 979
f 979 982 983
f 982 984 983
f 983 984 985
f 983 985 986
f 986 985 987
f 986 987 988
f 988 987 989
f 988 989 990
f 986 991 983
f 990 992 988
f 988 992 975
f 992 993 975
f 975 993 977
f 994 995 996
f 996 995 997
f 995 998 997
f 997 998 999
f 1000 1001 1002
f 1001 1000 1003
f 1004 1003 1000
f 1004 1005 1003
f 1003 1005 1006
f 1004 1006 1005
f 1007 1006 1004
f 1006 1007 1008
f 1002 1001 1007
f 1007 1001 1008
f 1000 1002 1009
f 1000 1009 1010
f 1000 1010 1004
f 1004 1010 1005
f 1005 1010 1011
f 1005 1011 1004
f 1011 1010 1012
f 1009 1002 1013
f 1014 1009 1013
f 1013 1002 1007
f 1013 1007 1011
f 1011 1007 1004
f 1003 1006 1001
f 1006 1008 1001
f 1015 1016 1017
f 1017 1016 1018
f 1016 1019 1018
f 1018 1019 1020
f 1021 1022 1023
f 1022 1021 1024
f 1025 1024 1021
f 1025 1026 1024
f 1024 1026 1027
f 1025 1027 1026
f 1028 1027 1025
f 1027 1028 1029
f 1023 1022 1028
f 1028 1022 1029
f 1021 1023 1030
f 1021 1030 1031
f 1021 1031 1025
f 1025 1031 1026
f 1026 1031 1032
f 1026 1032 1025
f 1032 1031 1033
f 1030 1023 1034
f 1035 1030 1034
f 1034 1023 1028
f 1034 1028 1032
f 1032 1028 1025
f 1024 1027 1022
f 1027 1029 1022
f 1036 1037 1038
f 1038 1037 1039
f 1040 1041 1042
f 1041 1040 1043
f 1044 1043 1040
f 1044 1045 1043
f 1043 1045 1046
f 1044 1046 1045
f 1040 1042 1047
f 1047 1042 1048
f 1048 1042 1049
f 1048 1049 1050
f 1040 1051 1044
f 1044 1051 1045
f 1045 1051 1052
f 1045 1052 1050
f 1045 1050 1044
f 1044 1050 1049
f 1049 1046 1044
f 1046 1049 1053
f 1042 1041 1049
f 1049 1041 1053
f 1043 1046 1041
f 1046 1053 1041
f 1054 1055 1056
f 1056 1055 1057
f 1058 1059 1060
f 1059 1058 1061
f 1062 1061 1058
f 1062 1063 1061
f 1061 1063 1064
f 1062 1064 1063
f 1058 1060 1065
f 1065 1060 1066
f 1066 1060 1067
f 1066 1067 1068
f 1058 1069 1062
f 1062 1069 1063
f 1063 1069 1070
f 1063 1070 1068
f 1063 1068 1062
f 1062 1068 1067
f 1067 1064 1062
f 1064 1067 1071
f 1060 1059 1067
f 1067 1059 1071
f 1061 1064 1059
f 1064 1071 1059
f 1072 1073 1074
f 1074 1073 1075
f 1076 1077 1078
f 1077 1076 1079
f 1080 1079 1076
f 1080 1081 1079
f 1079 1081 1082
f 1080 1082 1081
f 1076 1078 1083
f 1083 1078 1084
f 1084 1078 1085
f 1084 1085 1086
f 1076 1087 1080
f 1080 1087 1081
f 1081 1087 1088
f 1081 1088 1086
f 1081 1086 1080
f 1080 1086 1085
f 1085 1082 1080
f 1082 1085 1089
f 1078 1077 1085
f 1085 1077 1089
f 1079 1082 1077
f 1082 1089 1077
f 1090 1091 1092
f 1092 1091 1093
f 1094 1095 1096
f 1095 1094 1097
f 1098 1097 1094
f 1098 1099 1097
f 1097 1099 1100
f 1098 1100 1099
f 1094 1096 1101
f 1101 1096 1102
f 1102 1096 1103
f 1102 1103 1104
f 1094 1105 1098
f 1098 1105 1099
f 1099 1105 1106
f 1099 1106 1104
f 1099 1104 1098
f 1098 1104 1103
f 1103 1100 1098
f 1100 1103 1107
f 1096 1095 1103
f 1103 1095 1107
f 1097 1100 1095
f 1100 1107 1095
f 1108 1109 1110
f 1110 1109 1111
f 1112 1113 1114
f 1113 1112 1115
f 1116 1115 1112
f 1116 1117 1115
f 1115 1117 1118
f 1116 1118 1117
f 1112 1114 1119
f 1119 1114 1120
f 1120 1114 1121
f 1120 1121 1122
f 1112 1123 1116
f 1116 1123 1117
f 1117 1123 1124
f 1117 1124 1122
f 1117 1122 1116
f 1116 1122 1121
f 1121 1118 1116
f 1118 1121 1125
f 1114 1113 1121
f 1121 1113 1125
f 1115 1118 1113
f 1118 1125 1113
f 1126 1127 955
f 955 1127 968
f 1127 1128 968
f 968 1128 966
f 1128 1129 966
f 966 1129 971
f 1129 1130 971
f 971 1130 963
f 1130 1131 963
f 963 1131 959
f 1131 1132 959
f 959 1132 956
f 1132 1133 956
f 956 1133 954
f 1133 1126 954
f 954 1126 955
f 1134 1135 1132
f 1132 1135 1136
f 1132 1136 1133
f 1133 1136 1137
f 1133 1137 1126
f 1126 1137 1138
f 1126 1138 1127
f 1127 1138 1128
f 1138 1139 1128
f 1128 1139 1140
f 1128 1140 1129
f 1129 1140 1141
f 1129 1141 1130
f 1130 1141 1134
f 1130 1134 1131
f 1131 1134 1132
f 1137 1136 1142
f 1142 1136 1143
f 1136 1135 1143
f 1143 1135 1144
f 1135 1134 1144
f 1144 1134 1145
f 1134 1141 1145
f 1145 1141 1146
f 1141 1140 1146
f 1146 1140 1147
f 1140 1139 1147
f 1147 1139 1148
f 1139 1138 1148
f 1148 1138 1149
f 1138 1137 1149
f 1149 1137 1142
f 1145 1150 1144
f 1144 1150 1143
f 1143 1151 1142
f 1142 1151 1149
f 1149 1152 1148
f 1148 1152 1147
f 1147 1153 1146
f 1146 1153 1145
f 1151 1143 1154
f 1154 1143 1136
f 1143 1150 1136
f 1136 1150 1155
f 1150 1145 1155
f 1155 1145 1134
f 1145 1153 1134
f 1134 1153 1156
f 1153 1147 1156
f 1156 1147 1140
f 1147 1152 1140
f 1140 1152 1157
f 1152 1149 1157
f 1157 1149 1158
f 1149 1151 1158
f 1158 1151 1154
f 1156 1159 1134
f 1159 1155 1134
f 1155 1160 1136
f 1136 1160 1154
f 1157 1161 1140
f 1140 1161 1156
f 1154 1160 973
f 973 1160 957
f 1160 1155 957
f 957 1155 958
f 958 1155 960
f 1155 1159 960
f 960 1159 961
f 1159 1156 961
f 961 1156 962
f 962 1156 964
f 1156 1161 964
f 964 1161 965
f 1161 1157 965
f 965 1157 967
f 967 1157 969
f 1157 1158 969
f 969 1158 970
f 1158 1154 970
f 970 1154 972
f 972 1154 973
f 1162 1163 975
f 975 1163 988
f 1163 1164 988
f 988 1164 986
f 1164 1165 986
f 986 1165 991
f 1165 1166 991
f 991 1166 983
f 1166 1167 983
f 983 1167 979
f 1167 1168 979
f 979 1168 976
f 1168 1169 976
f 976 1169 974
f 1169 1162 974
f 974 1162 975
f 1170 1171 1168
f 1168 1171 1172
f 1168 1172 1169
f 1169 1172 1173
f 1169 1173 1162
f 1162 1173 1174
f 1162 1174 1163
f 1163 1174 1164
f 1174 1175 1164
f 1164 1175 1176
f 1164 1176 1165
f 1165 1176 1177
f 1165 1177 1166
f 1166 1177 1170
f 1166 1170 1167
f 1167 1170 1168
f 1173 1172 1178
f 1178 1172 1179
f 1172 1171 1179
f 1179 1171 1180
f 1171 1170 1180
f 1180 1170 1181
f 1170 1177 1181
f 1181 1177 1182
f 1177 1176 1182
f 1182 1176 1183
f 1176 1175 1183
f 1183 1175 1184
f 1175 1174 1184
f 1184 1174 1185
f 1174 1173 1185
f 1185 1173 1178
f 1181 1186 1180
f 1180 1186 1179
f 1179 1187 1178
f 1178 1187 1185
f 1185 1188 1184
f 1184 1188 1183
f 1183 1189 1182
f 1182 1189 1181
f 1187 1179 1190
f 1190 1179 1172
f 1179 1186 1172
f 1172 1186 1191
f 1186 1181 1191
f 1191 1181 1170
f 1181 1189 1170
f 1170 1189 1192
f 1189 1183 1192
f 1192 1183 1176
f 1183 1188 1176
f 1176 1188 1193
f 1188 1185 1193
f 1193 1185 1174
f 1185 1187 1174
f 1174 1187 1190
f 1192 1194 1170
f 1194 1191 1170
f 1191 1195 1172
f 1172 1195 1190
f 1190 1196 1174
f 1174 1196 1193
f 1193 1197 1176
f 1176 1197 1192
f 1190 1195 993
f 993 1195 977
f 1195 1191 977
f 977 1191 978
f 978 1191 980
f 1191 1194 980
f 980 1194 981
f 1194 1192 981
f 981 1192 982
f 982 1192 984
f 1192 1197 984
f 984 1197 985
f 1197 1193 985
f 985 1193 987
f 987 1193 989
f 1193 1196 989
f 989 1196 990
f 1196 1190 990
f 990 1190 992
f 992 1190 993
f 998 995 1198
f 1198 995 1199
f 995 994 1199
f 1199 994 1200
f 994 996 1200
f 1200 996 1201
f 996 997 1201
f 1201 997 1202
f 997 999 1202
f 1202 999 1203
f 999 998 1203
f 1203 998 1198
f 1198 1199 1008
f 1198 1008 1006
f 1001 1201 1003
f 1003 1201 1202
f 1003 1202 1203
f 1201 1001 1200
f 1200 1008 1199
f 1203 1198 1006
f 1001 1003 1014
f 1014 1003 1009
f 1003 1203 1009
f 1009 1203 1010
f 1203 1006 1010
f 1010 1006 1012
f 1006 1008 1012
f 1012 1008 1011
f 1008 1200 1011
f 1011 1200 1013
f 1200 1001 1013
f 1013 1001 1014
f 1019 1016 1204
f 1204 1016 1205
f 1016 1015 1205
f 1205 1015 1206
f 1015 1017 1206
f 1206 1017 1207
f 1017 1018 1207
f 1207 1018 1208
f 1018 1020 1208
f 1208 1020 1209
f 1020 1019 1209
f 1209 1019 1204
f 1204 1205 1029
f 1204 1029 1027
f 1022 1207 1024
f 1024 1207 1208
f 1024 1208 1209
f 1207 1022 1206
f 1206 1029 1205
f 1209 1204 1027
f 1022 1024 1035
f 1035 1024 1030
f 1024 1209 1030
f 1030 1209 1031
f 1209 1027 1031
f 1031 1027 1033
f 1027 1029 1033
f 1033 1029 1032
f 1029 1206 1032
f 1032 1206 1034
f 1206 1022 1034
f 1034 1022 1035
f 1037 1036 1210
f 1210 1036 1211
f 1211 1036 1212
f 1036 1038 1212
f 1212 1038 1213
f 1038 1039 1213
f 1213 1039 1210
f 1039 1037 1210
f 1041 1212 1043
f 1212 1213 1043
f 1213 1210 1043
f 1043 1210 1046
f 1046 1210 1053
f 1210 1211 1053
f 1053 1211 1041
f 1211 1212 1041
f 1051 1040 1214
f 1040 1047 1214
f 1050 1052 1053
f 1053 1052 1046
f 1047 1041 1043
f 1047 1043 1214
f 1214 1043 1051
f 1051 1043 1046
f 1051 1046 1052
f 1047 1048 1041
f 1053 1041 1050
f 1050 1041 1048
f 1055 1054 1215
f 1215 1054 1216
f 1216 1054 1217
f 1054 1056 1217
f 1217 1056 1218
f 1056 1057 1218
f 1218 1057 1215
f 1057 1055 1215
f 1059 1217 1061
f 1217 1218 1061
f 1218 1215 1061
f 1061 1215 1064
f 1064 1215 1071
f 1215 1216 1071
f 1071 1216 1059
f 1216 1217 1059
f 1069 1058 1219
f 1058 1065 1219
f 1068 1070 1071
f 1071 1070 1064
f 1065 1059 1061
f 1065 1061 1219
f 1219 1061 1069
f 1069 1061 1064
f 1069 1064 1070
f 1065 1066 1059
f 1071 1059 1068
f 1068 1059 1066
f 1073 1072 1220
f 1220 1072 1221
f 1221 1072 1222
f 1072 1074 1222
f 1222 1074 1223
f 1074 1075 1223
f 1223 1075 1220
f 1075 1073 1220
f 1077 1222 1079
f 1222 1223 1079
f 1223 1220 1079
f 1079 1220 1082
f 1082 1220 1089
f 1220 1221 1089
f 1089 1221 1077
f 1221 1222 1077
f 1087 1076 1224
f 1076 1083 1224
f 1086 1088 1089
f 1089 1088 1082
f 1083 1077 1079
f 1083 1079 1224
f 1224 1079 1087
f 1087 1079 1082
f 1087 1082 1088
f 1083 1084 1077
f 1089 1077 1086
f 1086 1077 1084
f 1091 1090 1225
f 1225 1090 1226
f 1226 1090 1227
f 1090 1092 1227
f 1227 1092 1228
f 1092 1093 1228
f 1228 1093 1225
f 1093 1091 1225
f 1095 1227 1097
f 1227 1228 1097
f 1228 1225 1097
f 1097 1225 1100
f 1100 1225 1107
f 1225 1226 1107
f 1107 1226 1095
f 1226 1227 1095
f 1105 1094 1229
f 1094 1101 1229
f 1104 1106 1107
f 1107 1106 1100
f 1101 1095 1097
f 1101 1097 1229
f 1229 1097 1105
f 1105 1097 1100
f 1105 1100 1106
f 1101 1102 1095
f 1107 1095 1104
f 1104 1095 1102
f 1109 1108 1230
f 1230 1108 1231
f 1231 1108 1232
f 1108 1110 1232
f 1232 1110 1233
f 1110 1111 1233
f 1233 1111 1230
f 1111 1109 1230
f 1113 1232 1115
f 1232 1233 1115
f 1233 1230 1115
f 1115 1230 1118
f 1118 1230 1125
f 1230 1231 1125
f 1125 1231 1113
f 1231 1232 1113
f 1123 1112 1234
f 1112 1119 1234
f 1122 1124 1125
f 1125 1124 1118
f 1119 1113 1115
f 1119 1115 1234
f 1234 1115 1123
f 1123 1115 1118
f 1123 1118 1124
f 1119 1120 1113
f 1125 1113 1122
f 1122 1113 1120
f 1235 1236 1237
f 1237 1236 1238
f 1239 1240 1241
f 1239 1242 1240
f 1243 1244 1239
f 1239 1244 1242
f 1241 1244 1243
f 1245 1246 1247
f 1247 1246 1240
f 1247 1240 1242
f 1247 1242 1248
f 1248 1242 1244
f 1248 1244 1249
f 1249 1244 1246
f 1249 1250 1248
f 1241 1240 1244
f 1242 1244 1240
f 1251 1252 1253
f 1253 1252 1254
f 1255 1256 1257
f 1255 1258 1256
f 1259 1260 1255
f 1255 1260 1258
f 1257 1260 1259
f 1261 1262 1263
f 1263 1262 1256
f 1263 1256 1258
f 1263 1258 1264
f 1264 1258 1260
f 1264 1260 1265
f 1265 1260 1262
f 1265 1266 1264
f 1257 1256 1260
f 1258 1260 1256
f 1267 1268 1269
f 1269 1268 1270
f 1271 1272 1273
f 1271 1274 1272
f 1275 1276 1271
f 1271 1276 1274
f 1273 1276 1275
f 1277 1278 1279
f 1279 1278 1272
f 1279 1272 1274
f 1279 1274 1280
f 1280 1274 1276
f 1280 1276 1281
f 1281 1276 1278
f 1281 1282 1280
f 1273 1272 1276
f 1274 1276 1272
f 1283 1284 1285
f 1285 1284 1286
f 1287 1288 1289
f 1287 1290 1288
f 1291 1292 1287
f 1287 1292 1290
f 1289 1292 1291
f 1293 1294 1295
f 1295 1294 1288
f 1295 1288 1290
f 1295 1290 1296
f 1296 1290 1292
f 1296 1292 1297
f 1297 1292 1294
f 1297 1298 1296
f 1289 1288 1292
f 1290 1292 1288
f 1299 1300 1301
f 1301 1300 1302
f 1303 1304 1305
f 1303 1306 1304
f 1307 1308 1303
f 1303 1308 1306
f 1305 1308 1307
f 1309 1310 1311
f 1311 1310 1304
f 1311 1304 1306
f 1311 1306 1312
f 1312 1306 1308
f 1312 1308 1313
f 1313 1308 1310
f 1313 1314 1312
f 1305 1304 1308
f 1306 1308 1304
f 1315 1316 1317
f 1317 1316 1318
f 1319 1320 1321
f 1322 1323 1320
f 1319 1321 1322
f 1322 1321 1323
f 1324 1325 1326
f 1326 1325 1327
f 1326 1327 1323
f 1326 1323 1328
f 1328 1323 1329
f 1328 1329 1330
f 1330 1329 1321
f 1330 1321 1325
f 1325 1321 1327
f 1330 1331 1328
f 1321 1320 1323
f 1240 1246 1238
f 1238 1246 1237
f 1246 1244 1237
f 1237 1244 1235
f 1244 1242 1235
f 1235 1242 1236
f 1242 1240 1236
f 1236 1240 1238
f 1241 1332 1239
f 1239 1333 1243
f 1243 1334 1241
f 1334 1243 1335
f 1243 1333 1335
f 1333 1239 1336
f 1239 1332 1336
f 1332 1241 1337
f 1241 1334 1337
f 1247 1248 1336
f 1336 1248 1333
f 1248 1250 1333
f 1333 1250 1335
f 1250 1249 1335
f 1335 1249 1334
f 1249 1246 1334
f 1334 1246 1337
f 1246 1245 1337
f 1337 1245 1332
f 1245 1247 1332
f 1332 1247 1336
f 1256 1262 1254
f 1254 1262 1253
f 1262 1260 1253
f 1253 1260 1251
f 1260 1258 1251
f 1251 1258 1252
f 1258 1256 1252
f 1252 1256 1254
f 1257 1338 1255
f 1255 1339 1259
f 1259 1340 1257
f 1340 1259 1341
f 1259 1339 1341
f 1339 1255 1342
f 1255 1338 1342
f 1338 1257 1343
f 1257 1340 1343
f 1263 1264 1342
f 1342 1264 1339
f 1264 1266 1339
f 1339 1266 1341
f 1266 1265 1341
f 1341 1265 1340
f 1265 1262 1340
f 1340 1262 1343
f 1262 1261 1343
f 1343 1261 1338
f 1261 1263 1338
f 1338 1263 1342
f 1272 1278 1270
f 1270 1278 1269
f 1278 1276 1269
f 1269 1276 1267
f 1276 1274 1267
f 1267 1274 1268
f 1274 1272 1268
f 1268 1272 1270
f 1273 1344 1271
f 1271 1345 1275
f 1275 1346 1273
f 1346 1275 1347
f 1275 1345 1347
f 1345 1271 1348
f 1271 1344 1348
f 1344 1273 1349
f 1273 1346 1349
f 1279 1280 1348
f 1348 1280 1345
f 1280 1282 1345
f 1345 1282 1347
f 1282 1281 1347
f 1347 1281 1346
f 1281 1278 1346
f 1346 1278 1349
f 1278 1277 1349
f 1349 1277 1344
f 1277 1279 1344
f 1344 1279 1348
f 1288 1294 1286
f 1286 1294 1285
f 1294 1292 1285
f 1285 1292 1283
f 1292 1290 1283
f 1283 1290 1284
f 1290 1288 1284
f 1284 1288 1286
f 1289 1350 1287
f 1287 1351 1291
f 1291 1352 1289
f 1352 1291 1353
f 1291 1351 1353
f 1351 1287 1354
f 1287 1350 1354
f 1350 1289 1355
f 1289 1352 1355
f 1295 1296 1354
f 1354 1296 1351
f 1296 1298 1351
f 1351 1298 1353
f 1298 1297 1353
f 1353 1297 1352
f 1297 1294 1352
f 1352 1294 1355
f 1294 1293 1355
f 1355 1293 1350
f 1293 1295 1350
f 1350 1295 1354
f 1304 1310 1302
f 1302 1310 1301
f 1310 1308 1301
f 1301 1308 1299
f 1308 1306 1299
f 1299 1306 1300
f 1306 1304 1300
f 1300 1304 1302
f 1305 1356 1303
f 1303 1357 1307
f 1307 1358 1305
f 1358 1307 1359
f 1307 1357 1359
f 1357 1303 1360
f 1303 1356 1360
f 1356 1305 1361
f 1305 1358 1361
f 1311 1312 1360
f 1360 1312 1357
f 1312 1314 1357
f 1357 1314 1359
f 1314 1313 1359
f 1359 1313 1358
f 1313 1310 1358
f 1358 1310 1361
f 1310 1309 1361
f 1361 1309 1356
f 1309 1311 1356
f 1356 1311 1360
f 1327 1321 1318
f 1318 1321 1317
f 1321 1329 1317
f 1317 1329 1315
f 1329 1323 1315
f 1315 1323 1316
f 1323 1327 1316
f 1316 1327 1318
f 1319 1362 1320
f 1320 1363 1322
f 1322 1364 1319
f 1364 1322 1365
f 1322 1363 1365
f 1363 1320 1366
f 1320 1362 1366
f 1362 1319 1367
f 1319 1364 1367
f 1326 1328 1366
f 1366 1328 1363
f 1328 1331 1363
f 1363 1331 1365
f 1331 1330 1365
f 1365 1330 1364
f 1330 1325 1364
f 1364 1325 1367
f 1325 1324 1367
f 1367 1324 1362
f 1324 1326 1362
f 1362 1326 1366
f 1368 1369 1370
f 1370 1369 1371
f 1372 1373 1374
f 1374 1373 1375
f 1374 1376 1372
f 1372 1376 1377
f 1376 1378 1377
f 1377 1378 1379
f 1369 1379 1371
f 1379 1378 1371
f 1373 1380 1375
f 1375 1380 1381
f 1382 1368 1383
f 1383 1368 1370
f 1383 1384 1382
f 1382 1384 1385
f 1384 1386 1385
f 1385 1386 1387
f 1380 1387 1381
f 1387 1386 1381
f 1149 1148 1388
f 1388 1148 1389
f 1148 1147 1389
f 1389 1147 1386
f 1147 1146 1386
f 1386 1146 1390
f 1146 1145 1390
f 1390 1145 1391
f 1145 1144 1391
f 1391 1144 1392
f 1144 1143 1392
f 1392 1143 1378
f 1143 1142 1378
f 1378 1142 1393
f 1142 1149 1393
f 1393 1149 1388
f 1130 1140 1129
f 1129 1140 1139
f 1129 1139 1128
f 1136 1137 1143
f 1136 1143 1144
f 1145 1146 1134
f 1134 1146 1141
f 1134 1141 1131
f 1131 1141 1130
f 1130 1141 1140
f 1131 1132 1135
f 1135 1132 1133
f 1135 1133 1136
f 1136 1133 1126
f 1136 1126 1137
f 1131 1135 1134
f 1134 1135 1145
f 1145 1135 1144
f 1144 1135 1136
f 1142 1143 1137
f 1142 1137 1138
f 1142 1138 1149
f 1149 1138 1139
f 1149 1139 1148
f 1148 1139 1140
f 1148 1140 1147
f 1147 1140 1141
f 1147 1141 1146
f 1127 1126 1394
f 1394 1126 1395
f 1126 1133 1395
f 1395 1133 1379
f 1133 1132 1379
f 1379 1132 1396
f 1132 1131 1396
f 1396 1131 1397
f 1131 1130 1397
f 1397 1130 1398
f 1130 1129 1398
f 1398 1129 1387
f 1129 1128 1387
f 1387 1128 1399
f 1128 1127 1399
f 1399 1127 1394
f 1384 1383 1400
f 1400 1383 1401
f 1400 1401 1382
f 1382 1401 1368
f 1382 1385 1400
f 1400 1385 1402
f 1400 1402 1384
f 1384 1402 1403
f 1384 1403 1386
f 1386 1403 1404
f 1386 1404 1381
f 1381 1404 1405
f 1381 1405 1375
f 1375 1405 1406
f 1375 1406 1374
f 1374 1406 1407
f 1374 1407 1376
f 1376 1407 1408
f 1376 1408 1409
f 1409 1408 1379
f 1409 1379 1369
f 1379 1408 1377
f 1377 1408 1407
f 1377 1407 1372
f 1372 1407 1406
f 1372 1406 1373
f 1373 1406 1405
f 1373 1405 1380
f 1380 1405 1404
f 1380 1404 1403
f 1380 1403 1387
f 1387 1403 1402
f 1387 1402 1385
f 1376 1409 1378
f 1378 1409 1410
f 1378 1410 1371
f 1371 1410 1411
f 1371 1411 1370
f 1370 1411 1401
f 1370 1401 1383
f 1401 1411 1368
f 1368 1411 1369
f 1411 1410 1369
f 1369 1410 1409
f 1388 1389 1412
f 1412 1389 1413
f 1412 1413 1399
f 1399 1413 1414
f 1399 1414 1387
f 1387 1414 1415
f 1387 1415 1398
f 1398 1415 1416
f 1398 1416 1397
f 1397 1416 1417
f 1397 1417 1396
f 1396 1417 1418
f 1396 1418 1419
f 1419 1418 1378
f 1419 1378 1393
f 1378 1418 1392
f 1392 1418 1417
f 1392 1417 1391
f 1391 1417 1416
f 1391 1416 1390
f 1390 1416 1415
f 1390 1415 1414
f 1390 1414 1386
f 1386 1414 1413
f 1386 1413 1389
f 1396 1419 1379
f 1379 1419 1420
f 1379 1420 1395
f 1395 1420 1421
f 1395 1421 1394
f 1394 1421 1412
f 1394 1412 1399
f 1412 1421 1388
f 1388 1421 1393
f 1421 1420 1393
f 1393 1420 1419
f 1422 1423 1424
f 1424 1423 1425
f 1426 1427 1428
f 1428 1427 1429
f 1428 1430 1426
f 1426 1430 1431
f 1430 1432 1431
f 1431 1432 1433
f 1423 1433 1425
f 1433 1432 1425
f 1427 1434 1429
f 1429 1434 1435
f 1436 1422 1437
f 1437 1422 1424
f 1437 1438 1436
f 1436 1438 1439
f 1438 1440 1439
f 1439 1440 1441
f 1434 1441 1435
f 1441 1440 1435
f 1185 1442 1443
f 1444 1181 1445
f 1181 1180 1445
f 1178 1185 1443
f 1172 1173 1179
f 1172 1179 1180
f 1181 1444 1182
f 1181 1182 1170
f 1170 1182 1177
f 1171 1168 1169
f 1171 1169 1172
f 1172 1169 1162
f 1172 1162 1173
f 1170 1171 1181
f 1181 1171 1180
f 1180 1171 1172
f 1444 1440 1182
f 1182 1440 1183
f 1178 1179 1173
f 1178 1173 1174
f 1178 1174 1185
f 1185 1174 1175
f 1185 1175 1184
f 1184 1175 1176
f 1184 1176 1183
f 1183 1176 1177
f 1183 1177 1182
f 1177 1176 1166
f 1166 1176 1165
f 1165 1175 1164
f 1176 1175 1165
f 1442 1185 1184
f 1442 1184 1183
f 1183 1440 1442
f 1163 1162 1446
f 1446 1162 1173
f 1168 1167 1171
f 1171 1167 1447
f 1167 1166 1447
f 1447 1166 1448
f 1166 1165 1448
f 1448 1165 1441
f 1165 1164 1441
f 1441 1164 1449
f 1164 1163 1449
f 1449 1163 1446
f 1438 1437 1450
f 1450 1437 1451
f 1450 1451 1436
f 1436 1451 1422
f 1436 1439 1450
f 1450 1439 1452
f 1450 1452 1438
f 1438 1452 1453
f 1438 1453 1440
f 1440 1453 1454
f 1440 1454 1435
f 1435 1454 1455
f 1435 1455 1429
f 1429 1455 1456
f 1429 1456 1428
f 1428 1456 1457
f 1428 1457 1430
f 1430 1457 1458
f 1430 1458 1459
f 1459 1458 1433
f 1459 1433 1423
f 1433 1458 1431
f 1431 1458 1457
f 1431 1457 1426
f 1426 1457 1456
f 1426 1456 1427
f 1427 1456 1455
f 1427 1455 1434
f 1434 1455 1454
f 1434 1454 1453
f 1434 1453 1441
f 1441 1453 1452
f 1441 1452 1439
f 1430 1459 1432
f 1432 1459 1460
f 1432 1460 1425
f 1425 1460 1461
f 1425 1461 1424
f 1424 1461 1451
f 1424 1451 1437
f 1451 1461 1422
f 1422 1461 1423
f 1461 1460 1423
f 1423 1460 1459
f 1443 1442 1462
f 1462 1442 1463
f 1462 1463 1449
f 1449 1463 1464
f 1449 1464 1441
f 1441 1464 1465
f 1441 1465 1448
f 1448 1465 1466
f 1448 1466 1447
f 1447 1466 1467
f 1447 1467 1171
f 1171 1467 1468
f 1171 1468 1469
f 1469 1468 1179
f 1469 1179 1178
f 1179 1468 1180
f 1180 1468 1467
f 1180 1467 1445
f 1445 1467 1466
f 1445 1466 1444
f 1444 1466 1465
f 1444 1465 1464
f 1444 1464 1440
f 1440 1464 1463
f 1440 1463 1442
f 1171 1469 1172
f 1172 1469 1470
f 1172 1470 1173
f 1173 1470 1471
f 1173 1471 1446
f 1446 1471 1462
f 1446 1462 1449
f 1462 1471 1443
f 1443 1471 1178
f 1471 1470 1178
f 1178 1470 1469
f 1396 1377 1472
f 1473 1472 1392
f 1392 1474 1418
f 1418 1474 1396
f 1396 1475 1377
f 1377 1475 1472
f 1472 1475 1474
f 1474 1475 1396
f 1474 1392 1472
f 1418 1396 1472
f 1418 1472 1376
f 1376 1472 1473
f 1376 1473 1392
f 1376 1392 1418
f 1417 1372 1476
f 1374 1476 1477
f 1374 1477 1391
f 1374 1391 1417
f 1417 1391 1478
f 1417 1478 1397
f 1417 1397 1372
f 1476 1372 1477
f 1477 1372 1479
f 1477 1479 1478
f 1478 1479 1397
f 1397 1479 1372
f 1478 1391 1477
f 1417 1476 1374
f 1480 1481 1375
f 1416 1480 1397
f 1481 1480 1482
f 1481 1482 1416
f 1416 1482 1480
f 1481 1416 1375
f 1416 1397 1483
f 1483 1397 1480
f 1483 1480 1484
f 1484 1480 1375
f 1416 1483 1391
f 1416 1391 1375
f 1375 1391 1484
f 1484 1391 1483
f 1485 1486 1381
f 1485 1381 1390
f 1398 1487 1486
f 1486 1487 1488
f 1488 1487 1398
f 1488 1398 1415
f 1415 1390 1488
f 1488 1390 1381
f 1488 1381 1486
f 1390 1486 1485
f 1398 1486 1415
f 1415 1486 1390
f 1489 1414 1490
f 1490 1414 1491
f 1490 1491 1492
f 1492 1493 1494
f 1494 1493 1495
f 1495 1493 1491
f 1495 1491 1414
f 1492 1491 1493
f 1414 1489 1495
f 1495 1489 1496
f 1495 1496 1494
f 1490 1492 1497
f 1490 1497 1489
f 1489 1497 1496
f 1496 1497 1494
f 1494 1497 1492
f 1498 1499 1500
f 1498 1500 1501
f 1501 1502 1503
f 1503 1502 1504
f 1504 1502 1500
f 1504 1500 1499
f 1501 1500 1502
f 1504 1499 1505
f 1504 1505 1503
f 1414 1501 1503
f 1501 1414 1498
f 1498 1414 1506
f 1498 1506 1499
f 1499 1506 1505
f 1505 1506 1503
f 1503 1506 1414
f 1399 1385 1507
f 1508 1507 1389
f 1389 1509 1413
f 1413 1509 1399
f 1399 1510 1385
f 1385 1510 1507
f 1507 1510 1509
f 1509 1510 1399
f 1509 1389 1507
f 1413 1399 1507
f 1413 1507 1384
f 1384 1507 1508
f 1384 1508 1389
f 1384 1389 1413
f 1412 1382 1511
f 1383 1511 1512
f 1383 1512 1388
f 1383 1388 1412
f 1412 1388 1513
f 1412 1513 1394
f 1412 1394 1382
f 1511 1382 1512
f 1512 1382 1514
f 1512 1514 1513
f 1513 1514 1394
f 1394 1514 1382
f 1513 1388 1512
f 1412 1511 1383
f 1515 1516 1370
f 1421 1368 1394
f 1394 1368 1515
f 1515 1368 1516
f 1516 1368 1421
f 1516 1421 1370
f 1421 1394 1517
f 1517 1394 1515
f 1517 1515 1518
f 1518 1515 1370
f 1421 1517 1388
f 1421 1388 1370
f 1370 1388 1518
f 1518 1388 1517
f 1519 1520 1371
f 1519 1371 1393
f 1395 1521 1520
f 1520 1521 1522
f 1522 1521 1395
f 1522 1395 1420
f 1420 1393 1522
f 1522 1393 1371
f 1522 1371 1520
f 1393 1520 1519
f 1395 1520 1420
f 1420 1520 1393
f 1523 1419 1524
f 1524 1419 1525
f 1524 1525 1526
f 1526 1527 1528
f 1528 1527 1529
f 1529 1527 1525
f 1529 1525 1419
f 1526 1525 1527
f 1419 1523 1529
f 1529 1523 1530
f 1529 1530 1528
f 1524 1526 1531
f 1524 1531 1523
f 1523 1531 1530
f 1530 1531 1528
f 1528 1531 1526
f 1532 1533 1534
f 1532 1534 1535
f 1535 1536 1537
f 1537 1536 1538
f 1538 1536 1534
f 1538 1534 1533
f 1535 1534 1536
f 1538 1533 1539
f 1538 1539 1537
f 1419 1535 1537
f 1535 1419 1532
f 1532 1419 1540
f 1532 1540 1533
f 1533 1540 1539
f 1539 1540 1537
f 1537 1540 1419
f 1468 1431 1541
f 1542 1543 1180
f 1180 1543 1468
f 1468 1543 1544
f 1468 1544 1171
f 1468 1544 1431
f 1544 1545 1431
f 1431 1545 1541
f 1541 1545 1546
f 1546 1545 1544
f 1546 1544 1543
f 1546 1543 1542
f 1546 1542 1541
f 1468 1541 1430
f 1430 1541 1542
f 1180 1468 1542
f 1542 1468 1430
f 1467 1426 1547
f 1428 1547 1548
f 1428 1548 1445
f 1428 1445 1467
f 1467 1445 1549
f 1467 1549 1447
f 1467 1447 1426
f 1547 1426 1548
f 1548 1426 1550
f 1548 1550 1549
f 1549 1550 1447
f 1447 1550 1426
f 1549 1445 1548
f 1467 1547 1428
f 1551 1552 1429
f 1466 1551 1447
f 1552 1551 1553
f 1552 1553 1466
f 1466 1553 1551
f 1552 1466 1429
f 1466 1447 1554
f 1554 1447 1551
f 1554 1551 1555
f 1555 1551 1429
f 1466 1554 1445
f 1466 1445 1429
f 1429 1445 1555
f 1555 1445 1554
f 1556 1557 1435
f 1556 1435 1444
f 1444 1435 1465
f 1448 1558 1557
f 1557 1558 1559
f 1559 1558 1448
f 1559 1448 1465
f 1559 1465 1435
f 1559 1435 1557
f 1557 1556 1444
f 1448 1557 1465
f 1465 1557 1560
f 1465 1560 1444
f 1444 1560 1557
f 1561 1464 1562
f 1562 1464 1563
f 1562 1563 1564
f 1564 1565 1566
f 1566 1565 1567
f 1567 1565 1563
f 1567 1563 1464
f 1564 1563 1565
f 1464 1561 1567
f 1567 1561 1568
f 1567 1568 1566
f 1562 1564 1569
f 1562 1569 1561
f 1561 1569 1568
f 1568 1569 1566
f 1566 1569 1564
f 1570 1571 1572
f 1570 1572 1573
f 1573 1574 1575
f 1575 1574 1576
f 1576 1574 1572
f 1576 1572 1571
f 1573 1572 1574
f 1576 1571 1577
f 1576 1577 1575
f 1464 1573 1575
f 1573 1464 1570
f 1570 1464 1578
f 1570 1578 1571
f 1571 1578 1577
f 1577 1578 1575
f 1575 1578 1464
f 1449 1439 1579
f 1442 1580 1581
f 1442 1581 1463
f 1463 1581 1449
f 1449 1582 1439
f 1439 1582 1579
f 1579 1582 1583
f 1583 1582 1449
f 1583 1449 1581
f 1583 1581 1580
f 1583 1580 1579
f 1463 1449 1579
f 1463 1579 1438
f 1438 1579 1580
f 1438 1580 1442
f 1442 1463 1438
f 1462 1436 1584
f 1437 1584 1585
f 1437 1585 1443
f 1437 1443 1462
f 1462 1443 1586
f 1462 1586 1446
f 1462 1446 1436
f 1584 1436 1585
f 1585 1436 1587
f 1585 1587 1586
f 1586 1587 1446
f 1446 1587 1436
f 1586 1443 1585
f 1462 1584 1437
f 1588 1589 1424
f 1471 1422 1446
f 1446 1422 1588
f 1588 1422 1589
f 1589 1422 1471
f 1589 1471 1424
f 1471 1446 1590
f 1590 1446 1588
f 1590 1588 1591
f 1591 1588 1424
f 1471 1590 1443
f 1471 1443 1424
f 1424 1443 1591
f 1591 1443 1590
f 1592 1593 1425
f 1592 1425 1470
f 1592 1470 1178
f 1173 1470 1594
f 1594 1595 1593
f 1593 1595 1596
f 1596 1595 1470
f 1470 1595 1594
f 1596 1470 1425
f 1596 1425 1593
f 1470 1594 1597
f 1470 1597 1178
f 1178 1597 1592
f 1592 1597 1593
f 1593 1597 1594
f 1598 1469 1599
f 1599 1469 1600
f 1599 1600 1601
f 1601 1602 1603
f 1603 1602 1604
f 1604 1602 1600
f 1604 1600 1469
f 1601 1600 1602
f 1469 1598 1604
f 1604 1598 1605
f 1604 1605 1603
f 1599 1601 1606
f 1599 1606 1598
f 1598 1606 1605
f 1605 1606 1603
f 1603 1606 1601
f 1607 1608 1609
f 1607 1609 1610
f 1610 1611 1612
f 1612 1611 1613
f 1613 1611 1609
f 1613 1609 1608
f 1610 1609 1611
f 1613 1608 1614
f 1613 1614 1612
f 1469 1610 1612
f 1610 1469 1607
f 1607 1469 1615
f 1607 1615 1608
f 1608 1615 1614
f 1614 1615 1612
f 1612 1615 1469
f 681 682 1616
f 1616 682 1617
f 682 694 1617
f 1617 694 1618
f 694 680 1618
f 1618 680 1619
f 680 681 1619
f 1619 681 1616
f 1616 1617 1619
f 1619 1617 1618
f 1620 1621 1622
f 1622 1621 1623
f 1621 1620 1624
f 1624 1620 1625
f 1622 1623 1626
f 1626 1623 1627
f 1628 1629 1630
f 1630 1629 1631
f 1629 1628 1632
f 1632 1628 1633
f 1630 1631 1634
f 1634 1631 1635
f 1624 1625 1636
f 1636 1625 1637
f 1631 1629 1635
f 1635 1629 1638
f 1635 1638 1639
f 1638 1629 1640
f 1640 1629 1641
f 1629 1632 1641
f 1641 1632 1642
f 1642 1632 1643
f 1643 1632 1644
f 1643 1644 1645
f 1645 1644 1646
f 1644 1647 1646
f 1646 1647 1639
f 1639 1647 1635
f 1635 1647 1648
f 1635 1648 1649
f 1649 1648 1650
f 1649 1650 1651
f 1651 1650 1652
f 1651 1652 814
f 814 1652 1653
f 814 1653 1654
f 1654 1653 1655
f 1654 1655 1656
f 1656 1655 1657
f 1656 1657 1658
f 1658 1657 1659
f 1658 1659 1626
f 1626 1659 1660
f 1626 1660 1661
f 1626 1661 1622
f 1622 1661 1662
f 1622 1662 1663
f 1622 1663 1620
f 1620 1663 1664
f 1620 1664 1665
f 1620 1665 1625
f 1625 1665 1666
f 1625 1666 1667
f 1660 1659 1667
f 1667 1659 1625
f 1659 1637 1625
f 1636 1637 1668
f 1668 1637 1659
f 1632 1633 1644
f 1644 1633 1669
f 1644 1669 1647
f 1647 1669 1670
f 1671 1672 1673
f 1673 1672 1674
f 1675 1676 1677
f 1677 1676 1678
f 1675 1679 1676
f 1676 1679 1680
f 1676 1680 1681
f 1681 1682 1676
f 1676 1682 1683
f 1676 1683 1684
f 1684 1683 1685
f 1684 1685 1686
f 1686 1685 1687
f 1686 1687 1688
f 1688 1687 1689
f 1688 1689 1690
f 1688 1690 1679
f 1679 1690 1680
f 1688 1691 1686
f 1686 1691 1692
f 1693 804 1694
f 1694 804 1695
f 1696 1697 1698
f 1698 1697 1699
f 1698 1699 1700
f 1698 1700 1701
f 1701 1700 1702
f 1701 1702 1703
f 1703 1702 1693
f 1693 1702 804
f 1702 1704 804
f 804 1704 763
f 1704 1705 763
f 763 1705 764
f 1705 1706 764
f 764 1706 1699
f 764 1699 1697
f 1701 1703 1707
f 1707 1703 1708
f 1709 807 1703
f 1703 807 782
f 1703 782 1710
f 1710 782 781
f 1710 781 1711
f 1711 781 1712
f 1711 1712 1713
f 1713 1712 1714
f 1712 1715 1714
f 1714 1715 1708
f 1714 1708 1716
f 1716 1708 1703
f 1716 1703 1717
f 1717 1703 1710
f 1709 1703 1718
f 1718 1703 1719
f 1720 1721 1722
f 1722 1721 1723
f 854 1724 1725
f 1725 1724 1726
f 1725 1726 1671
f 1725 1671 1727
f 1727 1671 1673
f 1727 1673 1728
f 1728 1673 1729
f 1728 1729 1730
f 1728 1730 1731
f 1731 1730 1732
f 1731 1732 1733
f 1733 1732 1695
f 1733 1695 1734
f 1734 1695 804
f 1734 804 763
f 1734 763 1735
f 1735 763 764
f 1735 764 1736
f 1736 764 1697
f 1736 1697 1737
f 1737 1697 1696
f 1737 1696 1738
f 1738 1696 1698
f 1738 1698 1739
f 1739 1698 1701
f 1739 1701 1740
f 1740 1701 1741
f 1701 1707 1741
f 1741 1707 1708
f 1741 1708 1742
f 1742 1708 1715
f 1742 1715 1743
f 1743 1715 1712
f 1743 1712 1744
f 1744 1712 781
f 1744 781 1745
f 1745 781 782
f 1745 782 1746
f 1746 782 807
f 1746 807 1747
f 1747 807 1709
f 1747 1709 1718
f 1747 1718 1748
f 1748 1718 1749
f 1748 1749 1750
f 1750 1749 1751
f 1750 1751 1752
f 1750 1752 1753
f 1753 1752 1723
f 1753 1723 1754
f 1754 1723 1721
f 1754 1721 1755
f 1754 1755 1756
f 1756 1755 842
f 1755 1757 842
f 1669 1633 1670
f 1670 1633 1758
f 1670 1758 1759
f 1758 1633 1760
f 1760 1633 1761
f 1633 1628 1761
f 1761 1628 1762
f 1762 1628 1763
f 1763 1628 1630
f 1763 1630 1764
f 1764 1630 1765
f 1630 1634 1765
f 1765 1634 1759
f 1759 1634 1670
f 1670 1634 699
f 1670 699 1766
f 1766 699 1767
f 1766 1767 1768
f 1768 1767 698
f 1768 698 1769
f 1769 698 842
f 1769 842 1770
f 1770 842 1771
f 1770 1771 1772
f 1772 1771 1773
f 842 1757 1771
f 1771 1774 1773
f 1773 1774 1775
f 1774 1776 1775
f 1775 1776 1777
f 1776 1778 1777
f 1777 1778 1779
f 1777 1779 1780
f 1780 1781 1777
f 1777 1781 1782
f 1777 1782 1783
f 1783 1782 1784
f 1783 1784 1785
f 1785 1784 1786
f 1785 1786 1787
f 1787 1786 1788
f 1787 1788 1789
f 1787 1789 1778
f 1778 1789 1779
f 1787 1790 1785
f 1785 1790 1791
f 1792 1793 1794
f 1794 1793 1795
f 1795 1796 1794
f 1794 1796 1797
f 1794 1797 1798
f 1798 1799 1794
f 1794 1799 1800
f 1794 1800 1801
f 1801 1800 1802
f 1801 1802 1803
f 1803 1802 1804
f 1803 1804 1805
f 1805 1804 1806
f 1805 1806 1807
f 1805 1807 1796
f 1796 1807 1797
f 1805 1808 1803
f 1803 1808 1809
f 1672 1671 1726
f 1672 1726 1810
f 1810 1726 1724
f 1810 1811 1672
f 1672 1811 1677
f 1672 1677 1812
f 1811 1813 1677
f 1677 1813 1679
f 1677 1679 1675
f 1813 1814 1679
f 1679 1814 1815
f 1679 1815 1688
f 1688 1815 1816
f 1688 1816 1691
f 1691 1816 1817
f 1691 1817 1692
f 1692 1817 1818
f 1692 1818 1686
f 1686 1818 1819
f 1686 1819 1684
f 1684 1819 1676
f 1676 1819 1678
f 1678 1819 1820
f 1819 1821 1820
f 1820 1821 1822
f 1820 1822 1823
f 1823 1824 1820
f 1820 1824 1825
f 1825 1826 1820
f 1820 1826 1827
f 1827 1826 1828
f 1828 1826 1829
f 1623 1621 1627
f 1627 1621 1830
f 1627 1830 1831
f 1830 1621 1832
f 1832 1621 1833
f 1621 1624 1833
f 1833 1624 1834
f 1834 1624 1835
f 1835 1624 1636
f 1835 1636 1836
f 1836 1636 1837
f 1636 1668 1837
f 1837 1668 1831
f 1831 1668 1627
f 1627 1668 1838
f 1627 1838 737
f 737 1838 1839
f 737 1839 1840
f 1840 1839 1841
f 1840 1841 720
f 720 1841 1842
f 720 1842 854
f 854 1842 1823
f 854 1823 1724
f 1724 1823 1810
f 1842 1824 1823
f 1823 1822 1810
f 1810 1822 1811
f 1822 1821 1811
f 1811 1821 1813
f 1821 1819 1813
f 1813 1819 1843
f 1813 1843 1844
f 1844 1845 1813
f 1813 1845 1846
f 1813 1846 1814
f 1814 1846 1847
f 1814 1847 1815
f 1815 1847 1848
f 1815 1848 1818
f 1818 1848 1849
f 1818 1849 1850
f 1818 1850 1819
f 1819 1850 1843
f 1818 1817 1815
f 1815 1817 1816
f 1851 1852 1853
f 1853 1852 1854
f 1853 1854 1855
f 1855 1854 1856
f 1855 1856 1857
f 1857 1856 1858
f 1857 1858 1859
f 1859 1858 1860
f 1858 1861 1860
f 1860 1861 1862
f 1860 1862 1863
f 1863 1862 1853
f 1863 1853 1864
f 1864 1853 1855
f 1862 1865 1853
f 1853 1865 1866
f 1853 1866 1867
f 1867 1866 1868
f 1866 1869 1868
f 1868 1869 1870
f 1853 1867 1871
f 1871 1867 1872
f 1872 1867 1873
f 1873 1867 1874
f 1873 1874 1875
f 1875 1874 1876
f 1875 1876 1877
f 1877 1876 1878
f 1877 1878 1870
f 1877 1870 1879
f 1879 1870 1869
f 1879 1869 1880
f 1851 1853 1881
f 1881 1853 1882
f 1871 1872 1883
f 1883 1872 1884
f 1885 1720 1886
f 1886 1720 1722
f 1886 1722 1887
f 1887 1722 1719
f 1887 1719 1883
f 1883 1719 1693
f 1883 1693 1871
f 1871 1693 1694
f 1871 1694 1882
f 1882 1694 1674
f 1882 1674 1828
f 1828 1674 1812
f 1828 1812 1827
f 1827 1812 1820
f 1812 1674 1672
f 1871 1882 1853
f 1693 1719 1703
f 1887 1888 1886
f 1889 1888 1890
f 1890 1888 1887
f 1720 1885 1721
f 1721 1885 1755
f 1755 1885 1757
f 1757 1885 1771
f 1771 1885 1774
f 1774 1885 1776
f 1776 1885 1778
f 1885 1792 1778
f 1778 1792 1794
f 1778 1794 1801
f 1801 1803 1778
f 1778 1803 1787
f 1803 1809 1787
f 1787 1809 1790
f 1809 1808 1790
f 1790 1808 1791
f 1808 1805 1791
f 1791 1805 1785
f 1805 1796 1785
f 1785 1796 1783
f 1783 1796 1777
f 1777 1796 1793
f 1777 1793 1775
f 1775 1793 1888
f 1775 1888 1773
f 1773 1888 1891
f 1773 1891 1772
f 1888 1793 1886
f 1793 1796 1795
f 1891 1888 1889
f 1824 1842 1825
f 1825 1842 1892
f 1825 1892 1893
f 1825 1893 1829
f 1825 1829 1826
f 1893 1894 1829
f 1829 1894 1895
f 1894 1896 1895
f 1895 1896 1897
f 1897 1896 1898
f 1898 1896 1899
f 1898 1899 1881
f 1881 1899 1900
f 1881 1900 1851
f 1851 1900 1852
f 1900 1901 1852
f 1852 1901 1854
f 1901 1902 1854
f 1854 1902 1856
f 1902 1903 1856
f 1856 1903 1858
f 1903 1904 1858
f 1858 1904 1861
f 1904 1905 1861
f 1861 1905 1862
f 1905 1906 1862
f 1862 1906 1865
f 1865 1906 1866
f 1866 1906 1907
f 1866 1907 1908
f 1866 1908 1869
f 1869 1908 1909
f 1869 1909 1880
f 1880 1909 1910
f 1880 1910 1879
f 1879 1910 1911
f 1879 1911 1877
f 1877 1911 1912
f 1877 1912 1875
f 1875 1912 1913
f 1875 1913 1873
f 1873 1913 1884
f 1873 1884 1872
f 1913 1914 1884
f 1884 1914 1915
f 1914 1916 1915
f 1915 1916 1917
f 1916 1918 1917
f 1917 1918 1919
f 1919 1918 1890
f 1890 1918 1920
f 1890 1920 1889
f 1920 1921 1889
f 1889 1921 1891
f 1891 1921 1772
f 1772 1921 1770
f 1626 1627 1658
f 1658 1627 1737
f 1658 1737 1738
f 1658 1738 1656
f 1656 1738 1739
f 1656 1739 1654
f 1654 1739 1740
f 1654 1740 1741
f 1654 1741 814
f 814 1741 1742
f 814 1742 1651
f 1651 1742 1743
f 1651 1743 1649
f 1649 1743 1744
f 1649 1744 1635
f 1635 1744 699
f 1635 699 1634
f 1744 1745 699
f 699 1745 1767
f 1745 1746 1767
f 1767 1746 698
f 1746 1747 698
f 698 1747 1748
f 698 1748 1750
f 1750 1753 698
f 698 1753 1754
f 698 1754 1756
f 1756 842 698
f 1627 737 1737
f 1737 737 1840
f 1737 1840 1736
f 1736 1840 720
f 1736 720 1735
f 1735 720 1734
f 720 854 1734
f 1734 854 1733
f 1733 854 1731
f 1731 854 1728
f 1728 854 1727
f 1727 854 1725
f 1647 1670 1648
f 1648 1670 1910
f 1648 1910 1909
f 1648 1909 1650
f 1650 1909 1908
f 1650 1908 1652
f 1652 1908 1907
f 1652 1907 1906
f 1652 1906 1653
f 1653 1906 1905
f 1653 1905 1655
f 1655 1905 1904
f 1655 1904 1657
f 1657 1904 1903
f 1657 1903 1659
f 1659 1903 1838
f 1659 1838 1668
f 1903 1902 1838
f 1838 1902 1839
f 1902 1901 1839
f 1839 1901 1841
f 1901 1900 1841
f 1841 1900 1899
f 1841 1899 1896
f 1896 1894 1841
f 1841 1894 1893
f 1841 1893 1892
f 1892 1842 1841
f 1670 1766 1910
f 1910 1766 1768
f 1910 1768 1911
f 1911 1768 1769
f 1911 1769 1912
f 1912 1769 1913
f 1769 1770 1913
f 1913 1770 1914
f 1914 1770 1916
f 1916 1770 1918
f 1918 1770 1920
f 1920 1770 1921
f 1882 1828 1881
f 1881 1828 1898
f 1898 1828 1897
f 1897 1828 1895
f 1828 1829 1895
f 1673 1674 1729
f 1729 1674 1694
f 1729 1694 1730
f 1730 1694 1732
f 1694 1695 1732
f 1719 1722 1718
f 1718 1722 1749
f 1749 1722 1751
f 1751 1722 1752
f 1722 1723 1752
f 1890 1887 1919
f 1919 1887 1883
f 1919 1883 1917
f 1917 1883 1915
f 1883 1884 1915
f 1019 1016 1020
f 1020 1016 1018
f 1016 1015 1018
f 1018 1015 1017
f 998 995 999
f 999 995 997
f 995 994 997
f 997 994 996
f 1331 1330 1922
f 1331 1922 1329
f 1329 1922 1321
f 1321 1922 1923
f 1321 1923 1324
f 1324 1923 1924
f 1324 1924 1326
f 1324 1326 1323
f 1323 1328 1331
f 1323 1331 1329
f 1924 1923 1925
f 1925 1923 1926
f 1923 1927 1926
f 1926 1927 1928
f 1927 1929 1928
f 1928 1929 1930
f 1928 1930 1931
f 1931 1930 1932
f 1931 1932 1933
f 1933 1932 1934
f 1932 1935 1934
f 1934 1935 1936
f 1934 1936 1937
f 1937 1936 1938
f 1937 1938 1939
f 1939 1938 1940
f 1939 1940 1941
f 1941 1940 1942
f 1941 1942 1293
f 1293 1942 1288
f 1293 1288 1294
f 1294 1288 1292
f 1297 1292 1943
f 1297 1943 1298
f 1288 1942 1290
f 1942 1944 1290
f 1290 1944 1292
f 1292 1944 1943
f 1943 1944 1945
f 1945 1944 1946
f 1946 1944 1947
f 1946 1947 1948
f 1948 1947 1949
f 1948 1949 1950
f 1950 1949 1922
f 1950 1922 1330
f 1946 1948 1951
f 1931 1933 1952
f 1952 1933 1308
f 1952 1308 1312
f 1312 1306 1304
f 1312 1304 1311
f 1311 1304 1309
f 1309 1304 1310
f 1304 1308 1310
f 1310 1308 1953
f 1953 1308 1933
f 1954 1955 1956
f 1956 1955 1957
f 1956 1957 1958
f 1956 1958 1959
f 1959 1958 1960
f 1959 1960 1961
f 1961 1960 1962
f 1961 1962 1963
f 1957 1955 1964
f 1964 1955 1965
f 1964 1965 1966
f 1964 1966 1967
f 1967 1966 1968
f 1967 1968 1969
f 1969 1970 1967
f 1967 1970 1971
f 1967 1971 1972
f 1972 1971 1973
f 1971 1974 1973
f 1973 1974 1975
f 1974 1976 1975
f 1975 1976 1968
f 1975 1968 1977
f 1977 1968 1966
f 1977 1966 1978
f 1972 1979 1967
f 1967 1979 1980
f 1979 1981 1980
f 1980 1981 1982
f 1981 1983 1982
f 1982 1983 1984
f 1983 1985 1984
f 1984 1985 1986
f 1985 1987 1986
f 1986 1987 1988
f 1989 1990 1991
f 1991 1990 1992
f 1991 1992 1993
f 1991 1993 1994
f 1994 1993 1995
f 1994 1995 1996
f 1996 1995 1997
f 1996 1997 1987
f 1987 1997 1998
f 1987 1998 1999
f 1987 1999 1988
f 1988 1999 2000
f 2000 1999 2001
f 2001 1999 2002
f 2001 2002 2003
f 2003 2002 2004
f 2003 2004 2005
f 2005 2004 2006
f 2005 2006 2007
f 1998 1997 2008
f 2008 1997 2009
f 2008 2009 1990
f 1990 2009 2010
f 1990 2010 1992
f 1249 2011 1250
f 1250 2011 2012
f 1250 2012 1244
f 1244 2012 1240
f 1240 2012 2013
f 1240 2013 2014
f 1240 2014 1247
f 1242 1248 1250
f 1242 1250 1244
f 2014 2013 2015
f 2015 2013 2016
f 2013 2017 2016
f 2016 2017 2018
f 2017 2019 2018
f 2018 2019 2020
f 2018 2020 2021
f 2021 2020 2022
f 2021 2022 2023
f 2023 2022 2024
f 2022 2025 2024
f 2024 2025 2026
f 2024 2026 2027
f 2027 2026 2028
f 2027 2028 2029
f 2029 2028 2030
f 2029 2030 2031
f 2031 2030 2032
f 2031 2032 2033
f 2033 2032 1272
f 2033 1272 1277
f 1277 1272 1278
f 1278 1272 1276
f 1281 1276 2034
f 1281 2034 1282
f 1272 2032 1274
f 2032 2035 1274
f 1274 2035 1276
f 1276 2035 2034
f 2034 2035 2036
f 2036 2035 2037
f 2037 2035 2038
f 2037 2038 2039
f 2039 2038 2040
f 2039 2040 2041
f 2041 2040 2012
f 2041 2012 2011
f 2037 2039 2042
f 2021 2023 2043
f 2043 2023 1260
f 2043 1260 2044
f 2044 1260 1258
f 2044 1258 1264
f 1264 1258 1256
f 1264 1256 1263
f 1263 1256 1261
f 1261 1256 1262
f 1256 1260 1262
f 1262 1260 2045
f 2045 1260 2023
f 2046 2047 2048
f 2048 2047 2049
f 2048 2049 2050
f 2048 2050 2051
f 2051 2050 2052
f 2051 2052 2053
f 2053 2052 2054
f 2053 2054 2055
f 2049 2047 2056
f 2056 2047 2057
f 2056 2057 2058
f 2056 2058 2059
f 2059 2058 2060
f 2059 2060 2061
f 2061 2062 2059
f 2059 2062 2063
f 2059 2063 2064
f 2064 2063 2065
f 2063 2066 2065
f 2065 2066 2067
f 2066 2068 2067
f 2067 2068 2060
f 2067 2060 2069
f 2069 2060 2058
f 2069 2058 2070
f 2064 2071 2059
f 2059 2071 2072
f 2071 2073 2072
f 2072 2073 2074
f 2073 2075 2074
f 2074 2075 2076
f 2075 2077 2076
f 2076 2077 2078
f 2077 2079 2078
f 2078 2079 2080
f 2081 2082 2083
f 2083 2082 2084
f 2083 2084 2085
f 2083 2085 2086
f 2086 2085 2087
f 2086 2087 2088
f 2088 2087 2089
f 2088 2089 2079
f 2079 2089 2090
f 2079 2090 2091
f 2079 2091 2080
f 2080 2091 2092
f 2092 2091 2093
f 2093 2091 2094
f 2093 2094 2095
f 2095 2094 2096
f 2095 2096 2097
f 2097 2096 2098
f 2097 2098 2099
f 2090 2089 2100
f 2100 2089 2101
f 2100 2101 2082
f 2082 2101 2102
f 2082 2102 2084
f 2099 2103 2097
f 2097 2103 2104
f 2097 2104 2052
f 2052 2104 2105
f 2052 2105 2106
f 2052 2106 2054
f 2054 2106 2107
f 2054 2107 2108
f 2108 2107 2109
f 2108 2109 2110
f 2110 2109 2103
f 2110 2103 2099
f 2007 2111 2005
f 2005 2111 2112
f 2005 2112 1960
f 1960 2112 2113
f 1960 2113 2114
f 1960 2114 1962
f 1962 2114 2115
f 1962 2115 2116
f 2116 2115 2117
f 2116 2117 2118
f 2118 2117 2111
f 2118 2111 2007
f 1764 1765 1639
f 1639 1765 1646
f 1765 1759 1646
f 1646 1759 1645
f 1759 1758 1645
f 1645 1758 1643
f 1758 1760 1643
f 1643 1760 1642
f 1760 1761 1642
f 1642 1761 1641
f 1761 1762 1641
f 1641 1762 1640
f 1762 1763 1640
f 1640 1763 1638
f 1763 1764 1638
f 1638 1764 1639
f 1836 1837 1660
f 1660 1837 1661
f 1837 1831 1661
f 1661 1831 1662
f 1831 1830 1662
f 1662 1830 1663
f 1830 1832 1663
f 1663 1832 1664
f 1832 1833 1664
f 1664 1833 1665
f 1833 1834 1665
f 1665 1834 1666
f 1834 1835 1666
f 1666 1835 1667
f 1835 1836 1667
f 1667 1836 1660
f 1717 1710 1874
f 1874 1710 1876
f 1710 1711 1876
f 1876 1711 1878
f 1711 1713 1878
f 1878 1713 1870
f 1713 1714 1870
f 1870 1714 1868
f 1714 1716 1868
f 1868 1716 1867
f 1716 1717 1867
f 1867 1717 1874
f 1700 1699 1860
f 1860 1699 1859
f 1699 1706 1859
f 1859 1706 1857
f 1706 1705 1857
f 1857 1705 1855
f 1705 1704 1855
f 1855 1704 1864
f 1704 1702 1864
f 1864 1702 1863
f 1702 1700 1863
f 1863 1700 1860
f 1678 1820 1022
f 1022 1820 1812
f 1022 1812 1024
f 1024 1812 1027
f 1027 1812 1677
f 1027 1677 1029
f 1029 1677 1678
f 1029 1678 1022
f 1793 1792 1003
f 1003 1792 1006
f 1006 1792 1885
f 1006 1885 1886
f 1006 1886 1008
f 1008 1886 1001
f 1001 1886 1793
f 1001 1793 1003
f 1683 1682 1850
f 1850 1682 1843
f 1682 1681 1843
f 1843 1681 1844
f 1681 1680 1844
f 1844 1680 1845
f 1680 1690 1845
f 1845 1690 1846
f 1690 1689 1846
f 1846 1689 1847
f 1689 1687 1847
f 1847 1687 1848
f 1687 1685 1848
f 1848 1685 1849
f 1685 1683 1849
f 1849 1683 1850
f 1800 1799 1789
f 1789 1799 1779
f 1799 1798 1779
f 1779 1798 1780
f 1798 1797 1780
f 1780 1797 1781
f 1797 1807 1781
f 1781 1807 1782
f 1807 1806 1782
f 1782 1806 1784
f 1806 1804 1784
f 1784 1804 1786
f 1804 1802 1786
f 1786 1802 1788
f 1802 1800 1788
f 1788 1800 1789
f 1015 1016 1022
f 1022 1016 1029
f 1016 1019 1029
f 1029 1019 1027
f 1019 1020 1027
f 1020 1018 1027
f 1027 1018 1024
f 1018 1017 1024
f 1024 1017 1022
f 1017 1015 1022
f 999 1006 998
f 1006 1008 998
f 998 1008 995
f 1008 1001 995
f 995 1001 994
f 994 1001 996
f 1001 1003 996
f 996 1003 997
f 1003 1006 997
f 997 1006 999
f 2112 1290 2113
f 1290 1292 2113
f 2113 1292 2114
f 2114 1292 2115
f 1292 1288 2115
f 2115 1288 2117
f 2117 1288 2111
f 1288 1290 2111
f 2111 1290 2112
f 1993 1306 1995
f 1306 1308 1995
f 1995 1308 1997
f 1997 1308 2009
f 1308 1304 2009
f 2009 1304 2010
f 2010 1304 1992
f 1304 1306 1992
f 1992 1306 1993
f 1974 1323 1976
f 1323 1329 1976
f 1976 1329 1968
f 1329 1321 1968
f 1968 1321 1969
f 1969 1321 1970
f 1321 1324 1970
f 1970 1324 1971
f 1324 1323 1971
f 1971 1323 1974
f 1996 1312 1994
f 1312 1311 1994
f 1994 1311 1991
f 1311 1309 1991
f 1991 1309 1989
f 1309 1310 1989
f 1989 1310 1990
f 1310 1953 1990
f 1990 1953 2008
f 1953 1933 2008
f 2008 1933 1998
f 1933 1934 1998
f 1998 1934 1999
f 1934 1937 1999
f 1999 1937 2002
f 1937 1939 2002
f 2002 1939 2004
f 1939 1941 2004
f 2004 1941 2006
f 1941 1293 2006
f 2006 1293 2007
f 2007 1293 2118
f 1293 1294 2118
f 2118 1294 2116
f 1294 1297 2116
f 2116 1297 1962
f 1297 1298 1962
f 1962 1298 1963
f 1298 1943 1963
f 1963 1943 1961
f 1943 1945 1961
f 1961 1945 1959
f 1945 1946 1959
f 1959 1946 1956
f 1946 1951 1956
f 1956 1951 1954
f 1951 1948 1954
f 1954 1948 1955
f 1948 1950 1955
f 1955 1950 1965
f 1950 1330 1965
f 1965 1330 1966
f 1966 1330 1978
f 1330 1331 1978
f 1978 1331 1977
f 1331 1328 1977
f 1977 1328 1975
f 1328 1326 1975
f 1975 1326 1973
f 1326 1924 1973
f 1973 1924 1972
f 1924 1925 1972
f 1972 1925 1979
f 1925 1926 1979
f 1979 1926 1981
f 1926 1928 1981
f 1981 1928 1983
f 1928 1931 1983
f 1983 1931 1985
f 1931 1952 1985
f 1985 1952 1987
f 1952 1312 1987
f 1987 1312 1996
f 1958 1957 1944
f 1944 1957 1947
f 1957 1964 1947
f 1947 1964 1949
f 1964 1967 1949
f 1949 1967 1922
f 1967 1980 1922
f 1922 1980 1923
f 1980 1982 1923
f 1923 1982 1927
f 1982 1984 1927
f 1927 1984 1929
f 1984 1986 1929
f 1929 1986 1930
f 1986 1988 1930
f 1930 1988 1314
f 1988 2000 1314
f 1314 2000 1935
f 2000 2001 1935
f 1935 2001 1936
f 2001 2003 1936
f 1936 2003 1938
f 2003 2005 1938
f 1938 2005 1940
f 2005 1960 1940
f 1940 1960 1942
f 1960 1958 1942
f 1942 1958 1944
f 1935 1932 1314
f 1314 1932 1930
f 2104 1274 2105
f 1274 1276 2105
f 2105 1276 2106
f 2106 1276 2107
f 1276 1272 2107
f 2107 1272 2109
f 2109 1272 2103
f 1272 1274 2103
f 2103 1274 2104
f 2085 1258 2087
f 1258 1260 2087
f 2087 1260 2089
f 2089 1260 2101
f 1260 1256 2101
f 2101 1256 2102
f 2102 1256 2084
f 1256 1258 2084
f 2084 1258 2085
f 2066 1242 2068
f 1242 1244 2068
f 2068 1244 2060
f 2060 1244 2061
f 1244 1240 2061
f 2061 1240 2062
f 2062 1240 2063
f 1240 1242 2063
f 2063 1242 2066
f 2044 1264 2088
f 2088 1264 2086
f 1264 1263 2086
f 2086 1263 2083
f 1263 1261 2083
f 2083 1261 2081
f 1261 1262 2081
f 2081 1262 2082
f 1262 2045 2082
f 2082 2045 2100
f 2045 2023 2100
f 2100 2023 2090
f 2023 2024 2090
f 2090 2024 2091
f 2024 2027 2091
f 2091 2027 2094
f 2027 2029 2094
f 2094 2029 2096
f 2029 2031 2096
f 2096 2031 2098
f 2031 2033 2098
f 2098 2033 2099
f 2033 1277 2099
f 2099 1277 2110
f 1277 1278 2110
f 2110 1278 2108
f 1278 1281 2108
f 2108 1281 2054
f 1281 1282 2054
f 2054 1282 2055
f 1282 2034 2055
f 2055 2034 2053
f 2034 2036 2053
f 2053 2036 2051
f 2036 2037 2051
f 2051 2037 2048
f 2037 2042 2048
f 2048 2042 2046
f 2042 2039 2046
f 2046 2039 2047
f 2039 2041 2047
f 2047 2041 2057
f 2041 2011 2057
f 2057 2011 2058
f 2011 1249 2058
f 2058 1249 2070
f 1249 1250 2070
f 2070 1250 2069
f 1250 1248 2069
f 2069 1248 2067
f 1248 1247 2067
f 2067 1247 2065
f 1247 2014 2065
f 2065 2014 2064
f 2014 2015 2064
f 2064 2015 2071
f 2015 2016 2071
f 2071 2016 2073
f 2016 2018 2073
f 2073 2018 2075
f 2018 2021 2075
f 2075 2021 2077
f 2021 2043 2077
f 2077 2043 2079
f 2043 2044 2079
f 2079 2044 2088
f 2050 2049 2035
f 2035 2049 2038
f 2049 2056 2038
f 2038 2056 2040
f 2056 2059 2040
f 2040 2059 2012
f 2059 2072 2012
f 2012 2072 2013
f 2072 2074 2013
f 2013 2074 2017
f 2074 2076 2017
f 2017 2076 2019
f 2076 2078 2019
f 2019 2078 2020
f 2078 2080 2020
f 2020 2080 2022
f 2080 2092 2022
f 2022 2092 2025
f 2092 2093 2025
f 2025 2093 2026
f 2093 2095 2026
f 2026 2095 2028
f 2095 2097 2028
f 2028 2097 2030
f 2097 2052 2030
f 2030 2052 2032
f 2052 2050 2032
f 2032 2050 2035
f 2119 2120 2121
f 2121 2120 2122
f 2122 2120 2123
f 2123 2120 2124
f 2125 2126 2127
f 2127 2126 2128
f 2127 2128 2129
f 2129 2128 2130
f 2130 2128 2122
f 2122 2128 2131
f 2122 2131 2121
f 2132 2133 2134
f 2134 2133 2135
f 2134 2135 2136
f 2136 2135 2137
f 2135 2126 2137
f 2137 2126 2138
f 2126 2125 2138
f 2139 2140 2141
f 2141 2140 2142
f 2140 2143 2142
f 2142 2143 2144
f 2145 2132 2139
f 2139 2132 2140
f 2140 2132 2146
f 2146 2132 2134
f 2121 2122 2119
f 2119 2122 2120
f 2126 2127 2129
f 2126 2129 2130
f 2126 2130 2128
f 2128 2122 2121
f 2121 2131 2128
f 2133 2134 2136
f 2133 2136 2135
f 2135 2137 2138
f 2138 2125 2135
f 2135 2125 2126
f 2141 2142 2139
f 2139 2142 2140
f 2139 2140 2145
f 2145 2140 2132
f 2147 2122 2121
f 2147 2121 2148
f 2149 2125 2126
f 2149 2126 2150
f 2148 2121 2122
f 2148 2122 2147
f 2151 2134 2132
f 2151 2132 2152
f 2150 2126 2125
f 2150 2125 2149
f 2140 2139 2153
f 2153 2140 2154
f 2154 2140 2139
f 2154 2139 2153
f 2152 2132 2134
f 2152 2134 2151
f 19 26 2155
f 26 23 2155
f 691 688 2156
f 688 689 2156
f 2156 689 2157
f 689 690 2157
f 140 649 2158
f 651 140 2158
f 655 654 2159
f 2159 654 2160
f 654 642 2160
f 663 655 2159
f 665 666 2161
f 666 668 2161
f 2161 668 2162
f 668 650 2162
f 643 653 2163
f 2163 653 2164
f 653 645 2164
f 2164 645 2165
f 645 644 2165
f 2165 644 2166
f 644 643 2166
f 2166 643 2163
f 9 12 2167
f 2167 12 2168
f 140 2 2158
f 2158 2 2169
f 641 657 2170
f 664 641 2170
f 113 65 2171
f 2171 65 2172
f 18 17 2173
f 2173 17 2174
f 17 80 2174
f 2174 80 2175
f 80 84 2175
f 2175 84 2176
f 84 85 2176
f 85 125 2177
f 120 116 2178
f 2178 116 2179
f 116 114 2179
f 2179 114 2180
f 546 545 2181
f 2181 545 2182
f 545 548 2182
f 550 546 2181
f 141 140 2183
f 140 523 2183
f 518 517 2184
f 2184 517 2185
f 517 516 2185
f 515 518 2184
f 522 519 2183
f 2183 519 2186
f 519 521 2186
f 2186 521 2187
f 521 523 2187
f 2187 523 2188
f 523 522 2188
f 2188 522 2183
f 558 553 2189
f 553 550 2189
f 2189 550 2190
f 550 548 2190
f 2190 548 2191
f 548 558 2191
f 2 1 2169
f 2169 1 2192
f 2192 1 2193
f 2193 1 2
f 2 2194 2193
f 2158 2195 140
f 140 2195 15
f 15 2195 2196
f 15 2196 2183
f 2183 140 15
f 2 140 2194
f 2194 140 2183
f 12 11 2168
f 2168 11 2197
f 2197 11 2198
f 2198 11 12
f 12 2199 2198
f 2167 2200 9
f 9 2200 8
f 8 2200 2201
f 8 2201 2202
f 2202 9 8
f 12 9 2199
f 2199 9 2202
f 32 608 2203
f 2203 608 2204
f 607 2205 608
f 608 2205 2204
f 32 2203 599
f 599 2203 2206
f 607 599 2205
f 2205 599 2206
f 519 518 2186
f 2186 518 2184
f 2184 515 2207
f 515 521 2207
f 2180 2171 2208
f 2180 2208 2209
f 2209 2178 2180
f 2180 2178 2179
f 127 2208 125
f 125 2208 2171
f 2171 2172 125
f 125 2172 2177
f 2176 85 2173
f 2176 2173 2174
f 2174 2175 2176
f 2173 85 2177
f 2173 2177 2172
f 2210 2211 2212
f 2212 2211 2213
f 2213 2211 2214
f 2214 2211 2215
f 2211 2210 2215
f 2215 2210 1366
f 2210 2212 1366
f 1366 2212 1326
f 2212 2213 1326
f 1326 2213 2214
f 2215 1366 2214
f 2214 1366 1326
f 688 686 689
f 689 686 692
f 21 19 23
f 23 19 2155
f 2216 2217 2218
f 2218 2217 2219
f 2216 2218 2220
f 2218 2219 2220
f 2217 2216 2219
f 2219 2216 2220
f 79 78 81
f 81 78 110
f 2221 2222 2223
f 2223 2222 2224
f 2222 2221 2224
f 2224 2221 2223
f 691 2156 690
f 690 2156 2157
f 649 648 2158
f 2158 648 651
f 2160 642 2159
f 2159 642 663
f 2225 2226 2227
f 2227 2226 2228
f 2226 2225 2228
f 2228 2225 2227
f 2229 526 2230
f 2230 526 2231
f 2231 526 2232
f 526 2229 2232
f 2232 2229 2233
f 2229 2230 2233
f 2233 2230 2234
f 2230 2231 2234
f 2232 2233 2231
f 2231 2233 2234
f 2235 2236 2237
f 2237 2236 514
f 514 2236 2238
f 2236 2235 2239
f 2235 2237 2239
f 2237 514 2238
f 2236 2239 2238
f 2238 2239 2237
f 2240 2241 2242
f 2242 2241 2243
f 2241 2240 2244
f 2240 2242 2244
f 2244 2242 2245
f 2242 2243 2245
f 2241 2244 2243
f 2243 2244 2245
f 2246 513 2240
f 2240 513 2241
f 2241 513 2247
f 2247 513 2248
f 513 2246 2248
f 2248 2246 2249
f 2246 2240 2249
f 2249 2240 2244
f 2244 2241 2247
f 2248 2249 2247
f 2247 2249 2244
f 2200 2167 2197
f 2197 2167 2168
f 2200 2197 2201
f 2201 2197 2198
f 2202 2201 2199
f 2199 2201 2198
f 665 2161 650
f 650 2161 2162
f 2164 2165 2163
f 2163 2165 2166
f 2182 548 2181
f 2181 548 550
f 2183 523 141
f 141 523 142
f 2185 516 2184
f 2184 516 515
f 2186 2187 2183
f 2183 2187 2188
f 2189 2190 558
f 558 2190 2191
f 2195 2158 2192
f 2192 2158 2169
f 2195 2192 2196
f 2196 2192 2193
f 2183 2196 2194
f 2194 2196 2193
f 2203 2204 2206
f 2206 2204 2205
f 539 533 536
f 536 533 532
f 657 656 2170
f 2170 656 664
f 2184 2207 2186
f 2186 2207 521
f 443 444 2250
f 2250 444 2251
f 444 490 2251
f 2251 490 2252
f 490 445 2252
f 445 443 2250
f 484 336 2253
f 2253 336 2254
f 336 487 2254
f 2254 487 2255
f 487 486 2255
f 2255 486 2256
f 486 484 2256
f 2256 484 2253
f 428 499 2257
f 499 347 2258
f 347 349 2258
f 2258 349 2259
f 349 428 2259
f 2259 428 2257
f 200 503 2260
f 2260 503 2261
f 503 504 2261
f 2261 504 2262
f 504 502 2262
f 2262 502 2263
f 502 200 2263
f 2263 200 2260
f 249 248 2264
f 2264 248 2265
f 248 246 2265
f 2265 246 2266
f 246 319 2266
f 319 249 2264
f 320 244 2267
f 244 205 2267
f 2267 205 2268
f 205 243 2268
f 2268 243 2269
f 243 320 2269
f 243 205 2269
f 2269 205 2268
f 205 204 2268
f 2268 204 2270
f 204 206 2270
f 206 243 2269
f 338 337 2271
f 337 346 2271
f 2271 346 2272
f 346 345 2272
f 2272 345 2273
f 345 338 2273
f 345 342 2274
f 342 341 2274
f 2274 341 2275
f 341 338 2275
f 2275 338 2276
f 338 345 2276
f 333 332 2277
f 335 333 2277
f 314 311 2278
f 311 316 2278
f 2278 316 2279
f 316 317 2279
f 336 333 2277
f 2277 335 2280
f 335 347 2280
f 315 314 2281
f 2281 314 2282
f 314 317 2282
f 2282 317 2283
f 317 318 2283
f 318 315 2281
f 420 313 2284
f 2284 313 2285
f 313 422 2285
f 2285 422 2286
f 422 421 2286
f 2286 421 2287
f 421 420 2287
f 2287 420 2284
f 343 312 2288
f 312 340 2288
f 2288 340 2289
f 340 339 2289
f 2289 339 2290
f 339 343 2290
f 339 340 2290
f 2290 340 2289
f 340 330 2289
f 330 329 2291
f 329 339 2291
f 2291 339 2290
f 357 413 2292
f 2292 413 2293
f 413 359 2293
f 2293 359 2294
f 359 358 2294
f 358 357 2292
f 303 254 2295
f 2295 254 2296
f 254 256 2296
f 2296 256 2297
f 256 255 2297
f 255 303 2295
f 413 364 2298
f 364 360 2298
f 2298 360 2299
f 360 359 2299
f 2299 359 2294
f 359 413 2294
f 254 253 2296
f 2296 253 2300
f 253 289 2300
f 2300 289 2301
f 289 256 2301
f 2301 256 2297
f 256 254 2297
f 2297 254 2296
f 371 376 2302
f 2302 376 2303
f 376 384 2303
f 372 371 2302
f 261 280 2304
f 2304 280 2305
f 280 276 2305
f 276 265 2306
f 265 261 2306
f 2306 261 2304
f 282 287 2307
f 287 279 2308
f 279 278 2308
f 2308 278 2309
f 278 282 2309
f 2309 282 2307
f 291 279 2310
f 2310 279 2308
f 2308 287 2311
f 287 286 2311
f 2311 286 2312
f 286 291 2312
f 2312 291 2310
f 379 361 2313
f 361 362 2314
f 362 363 2314
f 363 379 2313
f 363 383 2315
f 383 378 2316
f 378 379 2316
f 2316 379 2313
f 2313 363 2315
f 424 426 2317
f 425 417 2318
f 417 424 2318
f 2318 424 2317
f 417 416 2318
f 2318 416 2319
f 416 423 2319
f 2319 423 2320
f 423 424 2320
f 2320 424 2317
f 424 417 2317
f 2317 417 2318
f 305 308 2321
f 308 306 2321
f 2321 306 2322
f 306 304 2322
f 354 2323 2324
f 2324 2323 2325
f 2323 418 2325
f 2325 418 2326
f 418 356 2326
f 356 354 2324
f 2251 2252 2250
f 2250 2252 445
f 2265 2266 2264
f 2264 2266 319
f 2267 2268 320
f 320 2268 2269
f 2268 2270 2269
f 2269 2270 206
f 448 447 446
f 446 447 443
f 2271 2272 338
f 338 2272 2273
f 2274 2275 345
f 345 2275 2276
f 332 334 2277
f 2277 334 335
f 2278 2279 314
f 314 2279 317
f 2277 2280 336
f 336 2280 347
f 2282 2283 2281
f 2281 2283 318
f 2254 2255 2253
f 2253 2255 2256
f 499 2258 2257
f 2257 2258 2259
f 438 436 480
f 480 436 199
f 2285 2286 2284
f 2284 2286 2287
f 2288 2289 343
f 343 2289 2290
f 2289 330 2290
f 2290 330 2291
f 2261 2262 2260
f 2260 2262 2263
f 2293 2294 2292
f 2292 2294 358
f 2296 2297 2295
f 2295 2297 255
f 2298 2299 413
f 413 2299 2294
f 2300 2301 2296
f 2296 2301 2297
f 2303 384 2302
f 2302 384 372
f 2305 276 2304
f 2304 276 2306
f 287 2308 2307
f 2307 2308 2309
f 2308 2311 2310
f 2310 2311 2312
f 361 2314 2313
f 2313 2314 363
f 383 2316 2315
f 2315 2316 2313
f 426 425 2317
f 2317 425 2318
f 2319 2320 2318
f 2318 2320 2317
f 2321 2322 305
f 305 2322 304
f 2325 2326 2324
f 2324 2326 356
f 2327 2328 2329
f 2329 2328 2330
f 2329 2330 1809
f 1809 2330 1803
f 2330 2331 1803
f 1803 2331 1801
f 2331 2332 1801
f 1801 2332 2333
f 2333 2332 2334
f 2334 2332 2335
f 1809 1808 2329
f 2329 1808 2336
f 1808 1805 2336
f 2336 1805 1796
f 2336 1796 2337
f 2337 1796 2338
f 2337 2338 2339
f 2340 2335 2341
f 2341 2335 2342
f 2341 2342 1886
f 2342 2339 1886
f 2339 2338 1886
f 2340 1885 2335
f 2335 1885 2334
f 1885 2333 2334
f 2338 1796 1783
f 1796 1805 1783
f 1783 1805 1785
f 1805 1808 1785
f 1785 1808 1791
f 1808 1809 1791
f 1791 1809 1790
f 1809 1803 1790
f 1790 1803 1787
f 1803 1801 1787
f 1787 1801 1778
f 1801 2333 1778
f 2328 2329 2336
f 2328 2336 1791
f 1791 2336 1785
f 2336 2337 1785
f 1785 2337 1783
f 2337 2343 1783
f 1783 2343 2338
f 2338 2343 1886
f 1791 1790 2328
f 2328 1790 2330
f 1790 1787 2330
f 2330 1787 1778
f 2330 1778 2331
f 2331 1778 2333
f 2331 2333 1885
f 2341 1886 2340
f 2340 1886 1885
f 2344 2345 2346
f 2346 2345 2347
f 2346 2347 1692
f 1692 2347 1686
f 2347 2348 1686
f 1686 2348 1684
f 2348 2349 1684
f 1684 2349 2350
f 2350 2349 2351
f 2351 2349 2352
f 1692 1691 2346
f 2346 1691 2353
f 1691 1688 2353
f 2353 1688 1679
f 2353 1679 2354
f 2354 1679 2355
f 2354 2355 2356
f 2357 2352 2358
f 2358 2352 2359
f 2358 2359 1812
f 2359 2356 1812
f 2356 2355 1812
f 2357 1820 2352
f 2352 1820 2351
f 1820 2350 2351
f 2355 1679 1814
f 1679 1688 1814
f 1814 1688 1815
f 1688 1691 1815
f 1815 1691 1816
f 1691 1692 1816
f 1816 1692 1817
f 1692 1686 1817
f 1817 1686 1818
f 1686 1684 1818
f 1818 1684 1819
f 1684 2350 1819
f 2345 2346 2353
f 2345 2353 1816
f 1816 2353 1815
f 2353 2354 1815
f 1815 2354 1814
f 2354 2360 1814
f 1814 2360 2355
f 2355 2360 1812
f 1816 1817 2345
f 2345 1817 2347
f 1817 1818 2347
f 2347 1818 1819
f 2347 1819 2348
f 2348 1819 2350
f 2348 2350 1820
f 2358 1812 2357
f 2357 1812 1820
f 1820 1812 2361
f 1812 2360 2361
f 1820 2361 2362
f 2362 2361 2363
f 2362 2363 2364
f 2364 2363 2360
f 2360 2363 2361
f 2362 2364 2365
f 2362 2365 2348
f 2362 2348 1820
f 2348 2365 2349
f 2349 2365 2360
f 2364 2366 2365
f 2365 2366 2360
f 2366 2364 2360
f 2359 2352 2362
f 2352 2349 2362
f 2349 2365 2362
f 2362 2365 2363
f 2362 2361 2359
f 2359 2361 2356
f 2356 2361 2363
f 2365 2349 2366
f 2366 2349 2360
f 2360 2354 2364
f 2354 2356 2364
f 2364 2356 2363
f 2363 2365 2364
f 1885 1886 2367
f 1886 2343 2367
f 1885 2367 2368
f 2368 2367 2369
f 2368 2369 2370
f 2370 2369 2343
f 2343 2369 2367
f 2368 2370 2371
f 2368 2371 2331
f 2368 2331 1885
f 2331 2371 2332
f 2332 2371 2343
f 2370 2372 2371
f 2371 2372 2343
f 2372 2370 2343
f 2342 2335 2368
f 2335 2332 2368
f 2332 2371 2368
f 2368 2371 2369
f 2368 2367 2342
f 2342 2367 2339
f 2339 2367 2369
f 2371 2332 2372
f 2372 2332 1224
f 1224 2332 2343
f 1224 2343 2370
f 2343 2337 2370
f 2337 2339 2370
f 2370 2339 2369
f 2369 2371 2370
f 2370 2372 1224
f 1802 1800 1806
f 1806 1800 2373
f 1806 2373 2374
f 1806 2374 1807
f 1807 2374 2375
f 1807 2375 2376
f 2373 1800 2377
f 2377 1800 2378
f 1800 1799 2378
f 2378 1799 2376
f 2376 1799 1807
f 1807 1799 1797
f 1765 1634 1670
f 1670 1634 2379
f 1670 2379 1765
f 1765 2379 1764
f 2379 2380 1764
f 1764 2380 1762
f 2380 2381 1762
f 1762 2381 1761
f 2381 2382 1761
f 1761 2382 2383
f 1761 2383 1760
f 1760 2383 1758
f 1760 1758 1759
f 1759 1758 2384
f 1759 2384 1765
f 1765 2384 1670
f 2383 2382 2385
f 2385 2382 1761
f 1641 1642 1640
f 1640 1642 1645
f 1640 1645 1639
f 1639 1645 1646
f 2386 2387 2388
f 2388 2387 2389
f 2387 2390 2389
f 2389 2390 2391
f 1680 1690 1682
f 1682 1690 2392
f 1682 2392 2393
f 1682 2393 1683
f 1683 2393 2394
f 1683 2394 2395
f 2392 1690 2396
f 2396 1690 2397
f 1690 1689 2397
f 2397 1689 2395
f 2395 1689 1683
f 1683 1689 1685
f 1833 2398 2399
f 2399 2398 2400
f 2399 2400 1833
f 1833 2400 1832
f 2400 1830 1832
f 1832 1830 1831
f 1830 2401 1831
f 1831 2401 1837
f 2401 1627 1837
f 1837 1627 2402
f 1837 2402 1836
f 1836 2402 2403
f 1836 2403 1834
f 1834 2403 2404
f 1834 2404 1833
f 1833 2404 2399
f 2402 1627 1668
f 1668 1627 1837
f 1661 1660 1662
f 1662 1660 1666
f 1662 1666 1664
f 1664 1666 1665
f 2405 2406 2407
f 2407 2406 2408
f 2406 2409 2408
f 2408 2409 2410
f 2411 2412 2413
f 2413 2412 2414
f 2413 2414 2415
f 2415 2414 2416
f 2415 2416 2417
f 2417 2416 2418
f 2417 2418 2419
f 2419 2418 2420
f 2419 2420 2421
f 2421 2420 2422
f 2421 2422 2423
f 2423 2422 2424
f 2423 2424 2425
f 2425 2424 2426
f 2425 2426 2427
f 2427 2426 2428
f 2427 2428 2429
f 2429 2428 2430
f 2429 2430 2431
f 2431 2430 2432
f 2431 2432 2433
f 2433 2432 2434
f 2433 2434 2435
f 2435 2434 2436
f 2435 2436 2437
f 2437 2436 2438
f 2437 2438 2411
f 2411 2438 2412
f 2412 2438 2439
f 2439 2438 2440
f 2439 2440 2441
f 2439 2441 2442
f 2442 2441 2443
f 2442 2443 2444
f 2444 2443 2445
f 2444 2445 2446
f 2446 2445 2447
f 2446 2447 2448
f 2448 2447 2449
f 2448 2449 2450
f 2450 2449 2451
f 2450 2451 2452
f 2452 2451 2453
f 2452 2453 2454
f 2453 2451 2455
f 2455 2451 2456
f 2455 2456 2457
f 2457 2456 2458
f 2457 2458 2459
f 2459 2458 2460
f 2459 2460 2461
f 2461 2460 2462
f 2461 2462 2463
f 2463 2462 2464
f 2463 2464 2465
f 2465 2464 2466
f 2465 2466 2467
f 2467 2466 2468
f 2467 2468 2469
f 2469 2468 2470
f 2469 2470 2454
f 2454 2470 2452
f 2451 2449 2456
f 2456 2449 2471
f 2456 2471 2458
f 2458 2471 2472
f 2458 2472 2460
f 2460 2472 2473
f 2460 2473 2474
f 2474 2473 2475
f 2474 2475 2476
f 2476 2475 2477
f 2476 2477 2478
f 2478 2477 2430
f 2478 2430 2428
f 2460 2479 2462
f 2462 2479 2480
f 2462 2480 2464
f 2464 2480 2481
f 2464 2481 2466
f 2466 2481 2482
f 2466 2482 2468
f 2468 2482 2483
f 2468 2483 2470
f 2470 2483 2484
f 2470 2484 2485
f 2485 2484 2486
f 2485 2486 2487
f 2487 2486 2488
f 2487 2488 2446
f 2446 2488 2416
f 2446 2416 2414
f 2470 2489 2452
f 2452 2489 2450
f 2470 2485 2489
f 2489 2485 2450
f 2450 2485 2448
f 2448 2485 2487
f 2448 2487 2446
f 2490 2446 2414
f 2490 2414 2412
f 2412 2439 2490
f 2490 2439 2442
f 2490 2442 2444
f 2444 2446 2490
f 2460 2474 2479
f 2479 2474 2480
f 2449 2447 2471
f 2471 2447 2491
f 2471 2491 2472
f 2472 2491 2473
f 2441 2440 2443
f 2443 2440 2445
f 2445 2492 2493
f 2493 2492 2494
f 2493 2494 2491
f 2491 2494 2495
f 2491 2495 2473
f 2473 2495 2475
f 2475 2495 2477
f 2477 2495 2432
f 2477 2432 2430
f 2495 2494 2432
f 2432 2494 2492
f 2432 2492 2434
f 2492 2445 2434
f 2434 2445 2436
f 2445 2440 2436
f 2436 2440 2438
f 2491 2447 2493
f 2493 2447 2445
f 2474 2496 2480
f 2480 2496 2481
f 2474 2476 2496
f 2496 2476 2478
f 2496 2478 2497
f 2497 2478 2498
f 2497 2498 2499
f 2499 2498 2500
f 2499 2500 2501
f 2501 2500 2418
f 2501 2418 2502
f 2502 2418 2488
f 2502 2488 2486
f 2486 2484 2502
f 2502 2484 2503
f 2502 2503 2501
f 2501 2503 2499
f 2499 2503 2497
f 2497 2503 2482
f 2497 2482 2481
f 2481 2496 2497
f 2482 2503 2483
f 2483 2503 2484
f 2488 2418 2416
f 2418 2500 2420
f 2478 2504 2505
f 2505 2504 2506
f 2505 2506 2507
f 2507 2506 2508
f 2507 2508 2509
f 2509 2508 2510
f 2510 2506 2504
f 2510 2508 2506
f 2478 2505 2498
f 2498 2505 2507
f 2498 2507 2509
f 2498 2509 2422
f 2422 2509 2424
f 2509 2510 2424
f 2424 2510 2426
f 2510 2504 2426
f 2426 2504 2428
f 2428 2504 2478
f 2422 2420 2498
f 2498 2420 2500
f 2511 2512 2513
f 2513 2512 2514
f 2513 2514 2515
f 2513 2515 2516
f 2516 2515 2517
f 2516 2517 2518
f 2518 2517 2519
f 2518 2519 2520
f 2518 2520 2521
f 2521 2520 2522
f 2521 2522 2523
f 2523 2522 2524
f 2523 2525 2521
f 2521 2525 2526
f 2521 2526 2518
f 2518 2526 2527
f 2518 2527 2528
f 2518 2528 2516
f 2516 2528 2529
f 2516 2529 2513
f 2513 2529 2530
f 2513 2530 2531
f 2513 2531 2511
f 2511 2531 2532
f 2525 2533 2526
f 2526 2533 2534
f 2526 2534 2535
f 2535 2534 2536
f 2535 2536 2537
f 2535 2537 2538
f 2538 2539 2535
f 2535 2539 2540
f 2535 2540 2541
f 2541 2540 2529
f 2541 2529 2528
f 2528 2527 2541
f 2541 2527 2535
f 2535 2527 2526
f 2533 2542 2534
f 2534 2542 2543
f 2534 2543 2536
f 2536 2543 2544
f 2536 2544 2545
f 2545 2544 2546
f 2546 2544 2547
f 2546 2547 2548
f 2548 2547 2549
f 2549 2550 2551
f 2551 2550 2552
f 2548 2549 2553
f 2553 2549 2554
f 2553 2554 2555
f 2555 2554 2556
f 2555 2556 2557
f 2557 2556 2558
f 2557 2558 2559
f 2559 2558 2560
f 2559 2560 2561
f 2561 2560 2562
f 2561 2562 2531
f 2531 2562 2532
f 2532 2562 2563
f 2563 2562 2564
f 2563 2564 2565
f 2565 2564 2566
f 2565 2566 2567
f 2567 2566 2568
f 2567 2568 2569
f 2569 2568 2570
f 2569 2570 2571
f 2571 2570 2572
f 2571 2572 2573
f 2573 2572 2574
f 2573 2574 2575
f 2575 2574 2514
f 2575 2514 2512
f 2562 2560 2564
f 2564 2560 2576
f 2564 2576 2566
f 2566 2576 2577
f 2566 2577 2568
f 2568 2577 2578
f 2568 2578 2579
f 2579 2578 2580
f 2579 2580 2581
f 2581 2580 2582
f 2581 2582 2583
f 2583 2582 2584
f 2583 2584 2585
f 2585 2584 2586
f 2585 2586 2587
f 2586 2584 2588
f 2588 2584 2589
f 2588 2589 2590
f 2590 2589 2591
f 2590 2591 2592
f 2592 2591 2593
f 2592 2593 2594
f 2594 2593 2595
f 2594 2595 2596
f 2596 2595 2543
f 2596 2543 2542
f 2543 2595 2544
f 2544 2595 2597
f 2544 2597 2547
f 2547 2597 2549
f 2549 2597 2550
f 2550 2598 2599
f 2599 2598 2600
f 2599 2600 2601
f 2601 2600 2602
f 2601 2602 2578
f 2578 2602 2580
f 2580 2602 2582
f 2582 2602 2589
f 2582 2589 2584
f 2602 2600 2589
f 2589 2600 2598
f 2589 2598 2591
f 2598 2550 2591
f 2591 2550 2593
f 2550 2597 2593
f 2593 2597 2595
f 2578 2577 2601
f 2601 2577 2576
f 2601 2576 2558
f 2558 2576 2560
f 2601 2558 2599
f 2599 2558 2603
f 2599 2603 2552
f 2550 2599 2552
f 2556 2603 2558
f 2568 2604 2570
f 2570 2604 2605
f 2570 2605 2572
f 2572 2605 2606
f 2572 2606 2574
f 2574 2606 2607
f 2574 2607 2514
f 2514 2607 2515
f 2515 2607 2517
f 2517 2607 2608
f 2517 2608 2609
f 2609 2608 2610
f 2609 2610 2520
f 2520 2610 2522
f 2522 2610 2611
f 2522 2611 2524
f 2524 2611 2612
f 2520 2519 2609
f 2609 2519 2517
f 2607 2606 2608
f 2608 2606 2613
f 2608 2613 2583
f 2583 2613 2581
f 2581 2613 2579
f 2579 2613 2605
f 2579 2605 2604
f 2568 2579 2604
f 2613 2606 2605
f 2608 2583 2610
f 2610 2583 2614
f 2610 2614 2615
f 2615 2614 2616
f 2615 2616 2617
f 2617 2616 2618
f 2617 2618 2619
f 2619 2618 2620
f 2620 2618 2621
f 2620 2621 2622
f 2622 2621 2587
f 2587 2621 2585
f 2585 2621 2623
f 2585 2623 2583
f 2583 2623 2614
f 2614 2623 2616
f 2621 2618 2623
f 2623 2618 2616
f 2622 2612 2620
f 2620 2612 2611
f 2620 2611 2619
f 2619 2611 2610
f 2619 2610 2615
f 2615 2617 2619
f 2531 2530 2561
f 2561 2530 2529
f 2561 2529 2559
f 2559 2529 2540
f 2559 2540 2557
f 2557 2624 2555
f 2555 2624 2625
f 2624 2537 2625
f 2625 2537 2626
f 2626 2537 2545
f 2626 2545 2546
f 2545 2537 2536
f 2627 2628 2629
f 2629 2628 2630
f 2629 2630 2631
f 2631 2630 2632
f 2631 2632 2633
f 2633 2632 2634
f 2633 2634 2635
f 2635 2634 2636
f 2635 2636 2637
f 2637 2636 2638
f 2637 2638 2639
f 2639 2638 2640
f 2639 2640 2641
f 2641 2640 2642
f 2641 2642 2643
f 2643 2642 2644
f 2643 2644 2645
f 2645 2644 2646
f 2645 2646 2647
f 2647 2646 2648
f 2647 2648 2649
f 2649 2648 2650
f 2649 2650 2651
f 2651 2650 2652
f 2651 2652 2653
f 2653 2652 2654
f 2653 2654 2627
f 2627 2654 2628
f 2628 2654 2655
f 2655 2654 2656
f 2655 2656 2657
f 2655 2657 2658
f 2658 2657 2659
f 2658 2659 2660
f 2660 2659 2661
f 2660 2661 2662
f 2662 2661 2663
f 2662 2663 2664
f 2664 2663 2665
f 2664 2665 2666
f 2666 2665 2667
f 2666 2667 2668
f 2668 2667 2669
f 2668 2669 2670
f 2669 2667 2671
f 2671 2667 2672
f 2671 2672 2673
f 2673 2672 2674
f 2673 2674 2675
f 2675 2674 2676
f 2675 2676 2677
f 2677 2676 2678
f 2677 2678 2679
f 2679 2678 2680
f 2679 2680 2681
f 2681 2680 2682
f 2681 2682 2683
f 2683 2682 2684
f 2683 2684 2685
f 2685 2684 2686
f 2685 2686 2670
f 2670 2686 2668
f 2667 2665 2672
f 2672 2665 2687
f 2672 2687 2674
f 2674 2687 2688
f 2674 2688 2676
f 2676 2688 2689
f 2676 2689 2690
f 2690 2689 2691
f 2690 2691 2692
f 2692 2691 2693
f 2692 2693 2694
f 2694 2693 2646
f 2694 2646 2644
f 2676 2695 2678
f 2678 2695 2696
f 2678 2696 2680
f 2680 2696 2697
f 2680 2697 2682
f 2682 2697 2698
f 2682 2698 2684
f 2684 2698 2699
f 2684 2699 2686
f 2686 2699 2700
f 2686 2700 2701
f 2701 2700 2702
f 2701 2702 2703
f 2703 2702 2704
f 2703 2704 2662
f 2662 2704 2632
f 2662 2632 2630
f 2686 2705 2668
f 2668 2705 2666
f 2686 2701 2705
f 2705 2701 2666
f 2666 2701 2664
f 2664 2701 2703
f 2664 2703 2662
f 2706 2662 2630
f 2706 2630 2628
f 2628 2655 2706
f 2706 2655 2658
f 2706 2658 2660
f 2660 2662 2706
f 2676 2690 2695
f 2695 2690 2696
f 2665 2663 2687
f 2687 2663 2707
f 2687 2707 2688
f 2688 2707 2689
f 2657 2656 2659
f 2659 2656 2661
f 2661 2708 2709
f 2709 2708 2710
f 2709 2710 2707
f 2707 2710 2711
f 2707 2711 2689
f 2689 2711 2691
f 2691 2711 2693
f 2693 2711 2648
f 2693 2648 2646
f 2711 2710 2648
f 2648 2710 2708
f 2648 2708 2650
f 2708 2661 2650
f 2650 2661 2652
f 2661 2656 2652
f 2652 2656 2654
f 2707 2663 2709
f 2709 2663 2661
f 2690 2712 2696
f 2696 2712 2697
f 2690 2692 2712
f 2712 2692 2694
f 2712 2694 2713
f 2713 2694 2714
f 2713 2714 2715
f 2715 2714 2716
f 2715 2716 2717
f 2717 2716 2634
f 2717 2634 2718
f 2718 2634 2704
f 2718 2704 2702
f 2702 2700 2718
f 2718 2700 2719
f 2718 2719 2717
f 2717 2719 2715
f 2715 2719 2713
f 2713 2719 2698
f 2713 2698 2697
f 2697 2712 2713
f 2698 2719 2699
f 2699 2719 2700
f 2704 2634 2632
f 2634 2716 2636
f 2694 2720 2721
f 2721 2720 2722
f 2721 2722 2723
f 2723 2722 2724
f 2723 2724 2725
f 2725 2724 2726
f 2726 2722 2720
f 2726 2724 2722
f 2694 2721 2714
f 2714 2721 2723
f 2714 2723 2725
f 2714 2725 2638
f 2638 2725 2640
f 2725 2726 2640
f 2640 2726 2642
f 2726 2720 2642
f 2642 2720 2644
f 2644 2720 2694
f 2638 2636 2714
f 2714 2636 2716
f 2727 2728 2729
f 2729 2728 2730
f 2729 2730 2731
f 2729 2731 2732
f 2732 2731 2733
f 2732 2733 2734
f 2734 2733 2735
f 2734 2735 2736
f 2734 2736 2737
f 2737 2736 2738
f 2737 2738 2038
f 2038 2738 2040
f 2038 2035 2737
f 2737 2035 2739
f 2737 2739 2734
f 2734 2739 2740
f 2734 2740 2741
f 2734 2741 2732
f 2732 2741 2742
f 2732 2742 2729
f 2729 2742 2743
f 2729 2743 2744
f 2729 2744 2727
f 2727 2744 2745
f 2035 2032 2739
f 2739 2032 2746
f 2739 2746 2747
f 2747 2746 2748
f 2747 2748 2749
f 2747 2749 2750
f 2750 2751 2747
f 2747 2751 2752
f 2747 2752 2753
f 2753 2752 2742
f 2753 2742 2741
f 2741 2740 2753
f 2753 2740 2747
f 2747 2740 2739
f 2032 2030 2746
f 2746 2030 2754
f 2746 2754 2748
f 2748 2754 2755
f 2748 2755 2756
f 2756 2755 2757
f 2757 2755 2758
f 2757 2758 2759
f 2759 2758 2760
f 2760 2761 2762
f 2762 2761 2763
f 2759 2760 2764
f 2764 2760 2765
f 2764 2765 2766
f 2766 2765 2767
f 2766 2767 2768
f 2768 2767 2769
f 2768 2769 2770
f 2770 2769 2771
f 2770 2771 2772
f 2772 2771 2773
f 2772 2773 2744
f 2744 2773 2745
f 2745 2773 2774
f 2774 2773 2775
f 2774 2775 2776
f 2776 2775 2777
f 2776 2777 2778
f 2778 2777 2779
f 2778 2779 2780
f 2780 2779 2781
f 2780 2781 2782
f 2782 2781 2783
f 2782 2783 2784
f 2784 2783 2785
f 2784 2785 2786
f 2786 2785 2730
f 2786 2730 2728
f 2773 2771 2775
f 2775 2771 2787
f 2775 2787 2777
f 2777 2787 2788
f 2777 2788 2779
f 2779 2788 2789
f 2779 2789 2790
f 2790 2789 2791
f 2790 2791 2792
f 2792 2791 2793
f 2792 2793 2794
f 2794 2793 2795
f 2794 2795 2796
f 2796 2795 2019
f 2796 2019 2017
f 2019 2795 2020
f 2020 2795 2797
f 2020 2797 2022
f 2022 2797 2798
f 2022 2798 2025
f 2025 2798 2799
f 2025 2799 2026
f 2026 2799 2800
f 2026 2800 2028
f 2028 2800 2754
f 2028 2754 2030
f 2754 2800 2755
f 2755 2800 2801
f 2755 2801 2758
f 2758 2801 2760
f 2760 2801 2761
f 2761 2802 2803
f 2803 2802 2804
f 2803 2804 2805
f 2805 2804 2806
f 2805 2806 2789
f 2789 2806 2791
f 2791 2806 2793
f 2793 2806 2797
f 2793 2797 2795
f 2806 2804 2797
f 2797 2804 2802
f 2797 2802 2798
f 2802 2761 2798
f 2798 2761 2799
f 2761 2801 2799
f 2799 2801 2800
f 2789 2788 2805
f 2805 2788 2787
f 2805 2787 2769
f 2769 2787 2771
f 2805 2769 2803
f 2803 2769 2807
f 2803 2807 2763
f 2761 2803 2763
f 2767 2807 2769
f 2779 2808 2781
f 2781 2808 2809
f 2781 2809 2783
f 2783 2809 2810
f 2783 2810 2785
f 2785 2810 2811
f 2785 2811 2730
f 2730 2811 2731
f 2731 2811 2733
f 2733 2811 2812
f 2733 2812 2813
f 2813 2812 2814
f 2813 2814 2736
f 2736 2814 2738
f 2738 2814 2815
f 2738 2815 2040
f 2040 2815 2012
f 2736 2735 2813
f 2813 2735 2733
f 2811 2810 2812
f 2812 2810 2816
f 2812 2816 2794
f 2794 2816 2792
f 2792 2816 2790
f 2790 2816 2809
f 2790 2809 2808
f 2779 2790 2808
f 2816 2810 2809
f 2812 2794 2814
f 2814 2794 2817
f 2814 2817 2818
f 2818 2817 2819
f 2818 2819 2820
f 2820 2819 2821
f 2820 2821 2822
f 2822 2821 2823
f 2823 2821 2824
f 2823 2824 2013
f 2013 2824 2017
f 2017 2824 2796
f 2796 2824 2825
f 2796 2825 2794
f 2794 2825 2817
f 2817 2825 2819
f 2824 2821 2825
f 2825 2821 2819
f 2013 2012 2823
f 2823 2012 2815
f 2823 2815 2822
f 2822 2815 2814
f 2822 2814 2818
f 2818 2820 2822
f 2744 2743 2772
f 2772 2743 2742
f 2772 2742 2770
f 2770 2742 2752
f 2770 2752 2768
f 2768 2826 2766
f 2766 2826 2827
f 2826 2749 2827
f 2827 2749 2828
f 2828 2749 2756
f 2828 2756 2757
f 2756 2749 2748
f 1802 1806 1804
f 1797 1799 1798
f 2377 2378 2388
f 2388 2378 2386
f 2378 2376 2386
f 2386 2376 2387
f 2376 2375 2387
f 2387 2375 2390
f 2375 2374 2390
f 2390 2374 2391
f 2374 2373 2391
f 2391 2373 2389
f 2373 2377 2389
f 2389 2377 2388
f 2382 1802 1804
f 2382 1804 1761
f 1761 1804 1806
f 1761 1806 2385
f 2385 1806 2383
f 2383 1806 1807
f 2383 1807 1758
f 1758 1807 1797
f 1758 1797 2384
f 2384 1797 1670
f 1670 1797 1798
f 1670 1798 1765
f 1765 1798 1799
f 1765 1799 1634
f 1634 1799 2379
f 2379 1799 1800
f 2379 1800 2380
f 2380 1800 1802
f 2380 1802 2381
f 2381 1802 2382
f 1762 1761 1640
f 1640 1761 1641
f 1761 1760 1641
f 1641 1760 1642
f 1760 1759 1642
f 1642 1759 1645
f 1759 1765 1645
f 1645 1765 1646
f 1765 1764 1646
f 1646 1764 1639
f 1764 1762 1639
f 1639 1762 1640
f 1680 1682 1681
f 1685 1689 1687
f 2396 2397 2407
f 2407 2397 2405
f 2397 2395 2405
f 2405 2395 2406
f 2395 2394 2406
f 2406 2394 2409
f 2394 2393 2409
f 2409 2393 2410
f 2393 2392 2410
f 2410 2392 2408
f 2392 2396 2408
f 2408 2396 2407
f 1627 1680 1681
f 1627 1681 1837
f 1837 1681 1682
f 1837 1682 1668
f 1668 1682 2402
f 2402 1682 1683
f 2402 1683 2403
f 2403 1683 1685
f 2403 1685 2404
f 2404 1685 2399
f 2399 1685 1687
f 2399 1687 1833
f 1833 1687 1689
f 1833 1689 2398
f 2398 1689 2400
f 2400 1689 1690
f 2400 1690 1830
f 1830 1690 1680
f 1830 1680 2401
f 2401 1680 1627
f 1831 1837 1662
f 1662 1837 1661
f 1837 1836 1661
f 1661 1836 1660
f 1836 1834 1660
f 1660 1834 1666
f 1834 1833 1666
f 1666 1833 1665
f 1833 1832 1665
f 1665 1832 1664
f 1832 1831 1664
f 1664 1831 1662
f 2829 2354 2830
f 2354 2831 2830
f 2830 2831 2832
f 2830 2832 2833
f 2354 2829 2831
f 2831 2829 2830
f 2831 2830 2833
f 2831 2833 2832
f 2834 2835 2836
f 2832 2835 2831
f 2836 2835 2832
f 2832 2831 2836
f 2836 2831 2835
f 2837 2331 2838
f 2331 2839 2838
f 2838 2839 2840
f 2838 2840 2841
f 2331 2837 2839
f 2839 2837 2838
f 2839 2838 2841
f 2839 2841 2840
f 2842 2843 2844
f 2840 2843 2839
f 2844 2843 2840
f 2840 2839 2844
f 2844 2839 2843
f 2845 2846 2847
f 2847 2846 2848
f 2849 2850 2851
f 2851 2850 2852
f 2853 2846 2849
f 2849 2846 2845
f 2849 2845 2850
f 2850 2845 2854
f 2854 2855 2850
f 2856 2857 2858
f 2858 2857 2859
f 2860 2861 2862
f 2862 2861 2863
f 2864 2861 2865
f 2865 2861 2856
f 2861 2860 2856
f 2856 2860 2857
f 2860 2866 2857
f 2845 2847 2854
f 2847 2867 2854
f 2867 2868 2854
f 2854 2868 2869
f 2854 2869 2870
f 2870 2871 2854
f 2854 2871 2855
f 2855 2871 2872
f 2855 2872 2852
f 2855 2852 2850
f 2872 2871 2873
f 2873 2871 2874
f 2873 2874 2875
f 2875 2874 2876
f 2875 2876 2877
f 2877 2876 2878
f 2877 2878 2865
f 2878 2879 2865
f 2865 2879 2864
f 2864 2879 2880
f 2864 2880 2863
f 2864 2863 2861
f 2880 2879 2881
f 2881 2879 2882
f 2881 2882 2868
f 2868 2882 2869
f 2875 2877 2883
f 2883 2877 2865
f 2883 2865 2856
f 2883 2856 2858
f 2857 2866 2859
f 2859 2866 2884
f 2859 2884 2885
f 2885 2884 2886
f 2885 2886 2887
f 2887 2886 2888
f 2888 2886 2889
f 2888 2889 2890
f 2890 2889 2891
f 2890 2891 2892
f 2892 2891 2893
f 2891 2894 2893
f 2893 2894 2895
f 2895 2894 2851
f 2851 2894 2896
f 2851 2896 2849
f 2849 2896 2853
f 2866 2860 2884
f 2884 2860 2862
f 2884 2862 2897
f 2897 2862 2898
f 2897 2898 2899
f 2897 2899 2900
f 2900 2899 2901
f 2900 2901 2902
f 2900 2902 2903
f 2903 2902 2904
f 2903 2904 2905
f 2905 2904 2906
f 2906 2907 2905
f 2905 2907 2896
f 2907 2848 2896
f 2896 2848 2853
f 2848 2846 2853
f 2887 2888 2908
f 2908 2888 2909
f 2888 2890 2909
f 2909 2890 2892
f 2909 2892 2910
f 2910 2892 2893
f 2885 2887 2859
f 2859 2887 2858
f 2887 2908 2858
f 2858 2908 2883
f 2908 2909 2883
f 2883 2909 2875
f 2875 2909 2873
f 2909 2910 2873
f 2873 2910 2872
f 2872 2910 2852
f 2910 2893 2852
f 2852 2893 2895
f 2852 2895 2851
f 2862 2863 2898
f 2898 2863 2899
f 2899 2863 2911
f 2911 2863 2880
f 2880 2881 2911
f 2911 2881 2912
f 2881 2868 2912
f 2912 2868 2867
f 2912 2867 2847
f 2912 2847 2913
f 2913 2847 2906
f 2906 2847 2848
f 2906 2848 2907
f 2899 2911 2901
f 2901 2911 2912
f 2901 2912 2902
f 2902 2912 2904
f 2912 2913 2904
f 2904 2913 2906
f 2897 2900 2884
f 2884 2900 2886
f 2894 2891 2896
f 2896 2891 2905
f 2914 2915 2916
f 2916 2915 2917
f 2918 2919 2920
f 2920 2919 2921
f 2922 2915 2918
f 2918 2915 2914
f 2918 2914 2919
f 2919 2914 2923
f 2923 2914 2924
f 2925 2926 2927
f 2927 2926 2928
f 2929 2930 2931
f 2931 2930 2932
f 2933 2930 2934
f 2934 2930 2925
f 2934 2925 2935
f 2930 2929 2925
f 2925 2929 2926
f 2929 2936 2926
f 2916 2937 2914
f 2914 2937 2924
f 2937 2938 2924
f 2924 2938 2939
f 2924 2939 2940
f 2940 2941 2924
f 2924 2941 2923
f 2923 2941 2942
f 2923 2942 2921
f 2923 2921 2919
f 2942 2941 2943
f 2943 2941 2944
f 2943 2944 2945
f 2945 2944 2946
f 2945 2946 2935
f 2935 2946 2947
f 2935 2947 2934
f 2947 2948 2934
f 2934 2948 2933
f 2933 2948 2949
f 2933 2949 2932
f 2933 2932 2930
f 2949 2948 2950
f 2950 2948 2951
f 2950 2951 2938
f 2938 2951 2939
f 2945 2935 2952
f 2952 2935 2925
f 2952 2925 2927
f 2926 2936 2928
f 2928 2936 2953
f 2928 2953 2954
f 2954 2953 2955
f 2954 2955 2956
f 2956 2955 2957
f 2957 2955 2958
f 2957 2958 2959
f 2959 2958 2960
f 2959 2960 2961
f 2961 2960 2962
f 2960 2963 2962
f 2962 2963 2964
f 2964 2963 2920
f 2920 2963 2965
f 2920 2965 2918
f 2918 2965 2922
f 2936 2929 2953
f 2953 2929 2931
f 2953 2931 2966
f 2966 2931 2967
f 2966 2967 2968
f 2966 2968 2969
f 2969 2968 2970
f 2969 2970 2971
f 2969 2971 2972
f 2972 2971 2973
f 2972 2973 2974
f 2974 2973 2975
f 2975 2976 2974
f 2974 2976 2965
f 2976 2917 2965
f 2965 2917 2922
f 2917 2915 2922
f 2956 2957 2977
f 2977 2957 2978
f 2957 2959 2978
f 2978 2959 2961
f 2978 2961 2979
f 2979 2961 2962
f 2954 2956 2928
f 2928 2956 2927
f 2956 2977 2927
f 2977 2978 2927
f 2927 2978 2952
f 2952 2978 2945
f 2945 2978 2943
f 2978 2979 2943
f 2943 2979 2942
f 2942 2979 2921
f 2979 2962 2921
f 2921 2962 2964
f 2921 2964 2920
f 2931 2932 2967
f 2967 2932 2968
f 2968 2932 2980
f 2980 2932 2949
f 2949 2950 2980
f 2980 2950 2981
f 2950 2938 2981
f 2981 2938 2937
f 2981 2937 2916
f 2981 2916 2982
f 2982 2916 2975
f 2975 2916 2917
f 2975 2917 2976
f 2968 2980 2970
f 2970 2980 2981
f 2970 2981 2971
f 2971 2981 2973
f 2981 2982 2973
f 2973 2982 2975
f 2966 2969 2953
f 2953 2969 2955
f 2963 1444 2965
f 2965 1444 2974
f 1444 2983 2974
f 2974 2983 1188
f 2974 1188 2984
f 2974 2984 2972
f 2972 2984 1187
f 2972 1187 2969
f 2969 1187 2985
f 2969 2985 2955
f 2955 2985 1186
f 2955 1186 2986
f 2955 2986 1445
f 1445 2986 1189
f 1445 1189 1444
f 1444 1189 2983
f 2891 2987 2905
f 2905 2987 1152
f 2905 1152 2988
f 2905 2988 2903
f 2903 2988 1151
f 2903 1151 2900
f 2900 1151 2989
f 2900 2989 2886
f 2886 2989 1150
f 2886 1150 2990
f 2886 2990 2889
f 2889 2990 1153
f 2889 1153 2891
f 2891 1153 2987
f 2991 2992 2896
f 2896 2992 1496
f 2992 2993 1496
f 1496 2993 2994
f 1496 2994 1390
f 1390 2994 2995
f 1390 2995 1391
f 1391 2995 2996
f 1391 2996 2886
f 2886 2996 2884
f 2996 2997 2884
f 2884 2997 1530
f 2997 2998 1530
f 1530 2998 2999
f 1530 2999 1393
f 1393 2999 3000
f 1393 3000 1388
f 1388 3000 2991
f 1388 2991 2905
f 2905 2991 2896
f 2992 2896 2894
f 2992 2894 2993
f 2993 2894 2891
f 2993 2891 2994
f 2994 2891 2889
f 2994 2889 2995
f 2995 2889 2886
f 2995 2886 2996
f 2997 2884 2897
f 2997 2897 2998
f 2998 2897 2900
f 2998 2900 2999
f 2999 2900 2903
f 2999 2903 3000
f 3000 2903 2905
f 3000 2905 2991
f 1393 2897 1530
f 1530 2897 2884
f 2886 2889 1391
f 1391 2889 2891
f 1391 2891 1390
f 1390 2891 2894
f 1390 2894 1496
f 1496 2894 2896
f 2905 2903 1388
f 1388 2903 2900
f 1388 2900 1393
f 1393 2900 2897
f 2872 3001 2873
f 2873 3001 3002
f 2873 3002 2883
f 2883 3002 3003
f 2880 3004 2881
f 2881 3004 3005
f 2881 3005 2867
f 2867 3005 3006
f 3005 3004 1152
f 1152 3004 2988
f 3004 2880 2988
f 2988 2880 1151
f 2880 3003 1151
f 1151 3003 2989
f 3003 3002 2989
f 2989 3002 1150
f 3002 3001 1150
f 1150 3001 2990
f 3001 2872 2990
f 2990 2872 1153
f 2872 3006 1153
f 1153 3006 2987
f 3006 3005 2987
f 2987 3005 1152
f 2879 2878 3007
f 3007 2878 3003
f 2878 2876 3003
f 3003 2876 3008
f 2876 2874 3008
f 3008 2874 3009
f 2874 2871 3009
f 3009 2871 3010
f 2871 2870 3010
f 3010 2870 3011
f 2870 2869 3011
f 3011 2869 3012
f 2869 2882 3012
f 3012 2882 3013
f 2882 2879 3013
f 3013 2879 3007
f 3007 3003 2880
f 2883 3003 3008
f 2883 3008 3009
f 2883 3009 2873
f 2873 3009 3010
f 2873 3010 2872
f 2872 3010 3011
f 2872 3011 3006
f 3006 3011 2867
f 3011 3012 2867
f 2867 3012 3013
f 2867 3013 2881
f 2881 3013 3007
f 2881 3007 2880
f 3014 3015 1571
f 1571 3015 2963
f 3015 1568 2963
f 2963 1568 3016
f 2963 3016 1444
f 1444 3016 3017
f 1444 3017 1445
f 1445 3017 3018
f 1445 3018 2955
f 2955 3018 2953
f 3018 3019 2953
f 2953 3019 1605
f 3019 3020 1605
f 1605 3020 3021
f 1605 3021 1592
f 1592 3021 3022
f 1592 3022 1591
f 1591 3022 3014
f 1591 3014 2974
f 2974 3014 1571
f 3014 2965 3015
f 3015 2965 2963
f 1568 2963 2960
f 1568 2960 3016
f 3016 2960 2958
f 3016 2958 3017
f 3017 2958 2955
f 3017 2955 3018
f 3019 2953 2966
f 3019 2966 3020
f 3020 2966 2969
f 3020 2969 3021
f 3021 2969 2972
f 3021 2972 3022
f 3022 2972 2974
f 3022 2974 3014
f 3014 2974 2965
f 1592 2966 1605
f 1605 2966 2953
f 2963 2965 1571
f 1571 2965 2974
f 2974 2972 1591
f 1591 2972 2969
f 1591 2969 1592
f 1592 2969 2966
f 2942 3023 2943
f 2943 3023 3024
f 2943 3024 2952
f 2952 3024 3025
f 2949 3026 2950
f 2950 3026 3027
f 2950 3027 2937
f 2937 3027 3028
f 3027 3026 1188
f 1188 3026 2984
f 3026 2949 2984
f 2984 2949 1187
f 2949 3025 1187
f 1187 3025 2985
f 3025 3024 2985
f 2985 3024 1186
f 3024 3023 1186
f 1186 3023 2986
f 3023 2942 2986
f 2986 2942 1189
f 2942 3028 1189
f 1189 3028 2983
f 3028 3027 2983
f 2983 3027 1188
f 2948 2947 3029
f 3029 2947 3025
f 2947 2946 3025
f 3025 2946 3030
f 2946 2944 3030
f 3030 2944 3031
f 2944 2941 3031
f 3031 2941 3032
f 2941 2940 3032
f 3032 2940 3033
f 2940 2939 3033
f 3033 2939 3034
f 2939 2951 3034
f 3034 2951 3035
f 2951 2948 3035
f 3035 2948 3029
f 3029 3025 2949
f 2952 3025 3030
f 2952 3030 3031
f 2952 3031 2943
f 2943 3031 3032
f 2943 3032 2942
f 2942 3032 3033
f 2942 3033 3028
f 3028 3033 2937
f 3033 3034 2937
f 2937 3034 3035
f 2937 3035 2950
f 2950 3035 3029
f 2950 3029 2949
f 328 325 3036
f 3036 325 3037
f 325 202 3037
f 3037 202 3038
f 202 201 3038
f 3038 201 3039
f 201 203 3039
f 3039 203 3040
f 203 245 3040
f 3040 245 3041
f 245 247 3041
f 3041 247 3042
f 247 250 3042
f 3042 250 3043
f 250 307 3043
f 3043 307 3044
f 307 309 3044
f 3044 309 3045
f 309 310 3045
f 3045 310 3046
f 310 331 3046
f 3046 331 3047
f 331 328 3047
f 3047 328 3036
f 352 327 3048
f 3048 327 3049
f 327 326 3049
f 3049 326 3050
f 326 344 3050
f 3050 344 3051
f 344 330 3051
f 3051 330 3052
f 330 312 3052
f 3052 312 3053
f 312 313 3053
f 3053 313 3054
f 313 420 3054
f 3054 420 3055
f 420 418 3055
f 3055 418 2326
f 418 2323 2326
f 2326 2323 2325
f 2323 354 2325
f 2325 354 2324
f 354 353 2324
f 2324 353 3056
f 353 352 3056
f 3056 352 3048
f 3040 3041 3039
f 3039 3041 3036
f 3039 3036 3037
f 3037 3038 3039
f 3036 3041 3047
f 3047 3041 3042
f 3047 3042 3045
f 3045 3042 3043
f 3045 3043 3044
f 3045 3046 3047
f 3052 3053 3051
f 3051 3053 3048
f 3051 3048 3049
f 3049 3050 3051
f 3048 3053 3056
f 3056 3053 3054
f 3056 3054 2325
f 2325 3054 3055
f 2325 3055 2326
f 2325 2324 3056
f 3057 3058 3059
f 3059 3058 3060
f 3058 3061 3060
f 3060 3061 3062
f 3060 3062 3063
f 3063 3064 3060
f 3060 3064 3065
f 3064 3066 3065
f 3065 3066 3067
f 3065 3067 3068
f 3068 3067 3069
f 3068 3069 3070
f 3066 3071 3067
f 3067 3071 3072
f 3067 3072 3061
f 3061 3072 3062
f 3073 3074 3075
f 3075 3074 3076
f 3075 3076 3077
f 3077 3078 3075
f 3075 3078 3079
f 3078 3080 3079
f 3079 3080 3081
f 3074 3082 3076
f 3076 3082 3083
f 3082 3084 3083
f 3083 3084 3085
f 3085 3084 3080
f 3080 3084 3081
f 3084 3086 3081
f 3087 3088 3089
f 3089 3088 3090
f 3091 3092 3093
f 3093 3092 3094
f 3095 3096 3097
f 3097 3096 3098
f 3096 3099 3098
f 3098 3099 3100
f 3098 3100 3101
f 3101 3102 3098
f 3098 3102 3103
f 3102 3104 3103
f 3103 3104 3105
f 3103 3105 3106
f 3106 3105 3107
f 3106 3107 3108
f 3104 3109 3105
f 3105 3109 3110
f 3105 3110 3099
f 3099 3110 3100
f 3111 3112 3113
f 3113 3112 3114
f 3113 3114 3115
f 3115 3116 3113
f 3113 3116 3117
f 3116 3118 3117
f 3117 3118 3119
f 3112 3120 3114
f 3114 3120 3121
f 3120 3122 3121
f 3121 3122 3123
f 3123 3122 3118
f 3118 3122 3119
f 3122 3124 3119
f 3125 3126 3127
f 3127 3126 3128
f 3129 3130 3131
f 3131 3130 3132
f 3133 3134 3135
f 3135 3134 3136
f 3135 3136 3137
f 3137 3138 3135
f 3135 3138 3139
f 3138 3140 3139
f 3139 3140 3141
f 3134 3142 3136
f 3136 3142 3143
f 3142 3144 3143
f 3143 3144 3145
f 3145 3144 3140
f 3140 3144 3141
f 3144 3146 3141
f 3147 3148 3149
f 3149 3148 3150
f 3149 3150 3151
f 3151 3152 3149
f 3149 3152 3153
f 3152 3154 3153
f 3153 3154 3155
f 3148 3156 3150
f 3150 3156 3157
f 3156 3158 3157
f 3157 3158 3159
f 3159 3158 3154
f 3154 3158 3155
f 3158 3160 3155
f 3161 3162 3163
f 3163 3162 3164
f 3163 3164 3165
f 3165 3166 3163
f 3163 3166 3167
f 3166 3168 3167
f 3167 3168 3169
f 3162 3170 3164
f 3164 3170 3171
f 3170 3172 3171
f 3171 3172 3173
f 3173 3172 3168
f 3168 3172 3169
f 3172 3174 3169
f 3175 3176 3177
f 3177 3176 3178
f 3177 3178 3179
f 3179 3180 3177
f 3177 3180 3181
f 3180 3182 3181
f 3181 3182 3183
f 3176 3184 3178
f 3178 3184 3185
f 3184 3186 3185
f 3185 3186 3187
f 3187 3186 3182
f 3182 3186 3183
f 3186 3188 3183
f 3130 3124 3132
f 3132 3124 3122
f 3132 3122 3120
f 3132 3120 3189
f 3189 3120 3112
f 3189 3112 3126
f 3126 3112 3111
f 3126 3111 3128
f 3128 3111 3113
f 3128 3113 3117
f 3128 3117 3190
f 3190 3117 3119
f 3190 3119 3130
f 3130 3119 3124
f 3092 3086 3094
f 3094 3086 3084
f 3094 3084 3082
f 3094 3082 3191
f 3191 3082 3074
f 3191 3074 3088
f 3088 3074 3073
f 3088 3073 3090
f 3090 3073 3075
f 3090 3075 3079
f 3090 3079 3192
f 3192 3079 3081
f 3192 3081 3092
f 3092 3081 3086
f 3193 3194 3069
f 3069 3194 3195
f 3195 3196 3070
f 3070 3196 3197
f 3196 3198 3197
f 3197 3198 3068
f 3068 3198 3199
f 3199 3198 3200
f 3199 3200 3065
f 3065 3200 3201
f 3065 3201 3202
f 3202 3201 3060
f 3201 3203 3060
f 3060 3203 3204
f 3204 3203 3059
f 3059 3203 3205
f 3205 3206 3057
f 3057 3206 3207
f 3206 3208 3207
f 3207 3208 3058
f 3058 3208 3209
f 3209 3208 3210
f 3209 3210 3061
f 3061 3210 3211
f 3061 3211 3212
f 3212 3211 3067
f 3211 3194 3067
f 3067 3194 3193
f 3194 3211 3213
f 3213 3211 3214
f 3211 3210 3214
f 3214 3210 3215
f 3210 3208 3215
f 3215 3208 3216
f 3208 3206 3216
f 3216 3206 3217
f 3206 3205 3217
f 3217 3205 3218
f 3205 3203 3218
f 3218 3203 3219
f 3203 3201 3219
f 3219 3201 3220
f 3201 3200 3220
f 3220 3200 3221
f 3200 3198 3221
f 3221 3198 3222
f 3198 3196 3222
f 3222 3196 3223
f 3196 3195 3223
f 3223 3195 3224
f 3195 3194 3224
f 3224 3194 3213
f 3068 3199 3225
f 3225 3199 3226
f 3199 3065 3226
f 3226 3065 3221
f 3065 3202 3221
f 3221 3202 3227
f 3202 3060 3227
f 3227 3060 3228
f 3060 3204 3228
f 3228 3204 3229
f 3204 3059 3229
f 3229 3059 3230
f 3059 3205 3230
f 3230 3205 3218
f 3205 3057 3218
f 3218 3057 3231
f 3057 3207 3231
f 3231 3207 3232
f 3207 3058 3232
f 3232 3058 3233
f 3058 3209 3233
f 3233 3209 3234
f 3209 3061 3234
f 3234 3061 3215
f 3061 3212 3215
f 3215 3212 3235
f 3212 3067 3235
f 3235 3067 3236
f 3067 3193 3236
f 3236 3193 3237
f 3193 3069 3237
f 3237 3069 3238
f 3069 3195 3238
f 3238 3195 3224
f 3195 3070 3224
f 3224 3070 3239
f 3070 3197 3239
f 3239 3197 3240
f 3197 3068 3240
f 3240 3068 3225
f 3062 3072 3085
f 3085 3072 3083
f 3072 3071 3083
f 3083 3071 3076
f 3071 3066 3076
f 3076 3066 3077
f 3066 3064 3077
f 3077 3064 3078
f 3064 3063 3078
f 3078 3063 3080
f 3063 3062 3080
f 3080 3062 3085
f 3232 3217 3231
f 3231 3217 3218
f 3218 3219 3230
f 3230 3219 3229
f 3219 3220 3229
f 3229 3220 3228
f 3228 3220 3227
f 3227 3220 3221
f 3221 3222 3226
f 3226 3222 3225
f 3222 3223 3225
f 3225 3223 3240
f 3240 3223 3239
f 3239 3223 3224
f 3224 3213 3238
f 3238 3213 3237
f 3213 3214 3237
f 3237 3214 3236
f 3236 3214 3235
f 3235 3214 3215
f 3215 3216 3234
f 3234 3216 3233
f 3216 3217 3233
f 3233 3217 3232
f 3094 3241 3093
f 3093 3241 3242
f 3093 3242 3091
f 3091 3242 3243
f 3091 3243 3092
f 3092 3243 3244
f 3092 3244 3192
f 3192 3244 3245
f 3192 3245 3090
f 3090 3245 3246
f 3090 3246 3089
f 3089 3246 3247
f 3089 3247 3087
f 3087 3247 3248
f 3087 3248 3088
f 3088 3248 3249
f 3088 3249 3191
f 3191 3249 3250
f 3191 3250 3094
f 3094 3250 3241
f 3067 3061 3248
f 3248 3061 3249
f 3061 3058 3249
f 3249 3058 3250
f 3250 3058 3241
f 3241 3058 3057
f 3241 3057 3242
f 3242 3057 3059
f 3242 3059 3060
f 3242 3060 3243
f 3243 3060 3065
f 3243 3065 3244
f 3244 3065 3068
f 3244 3068 3245
f 3245 3068 3246
f 3068 3070 3246
f 3246 3070 3247
f 3070 3069 3247
f 3247 3069 3067
f 3247 3067 3248
f 3251 3252 3107
f 3107 3252 3253
f 3252 3254 3253
f 3253 3254 3255
f 3253 3255 3108
f 3108 3255 3256
f 3255 3257 3256
f 3256 3257 3106
f 3106 3257 3258
f 3258 3257 3259
f 3258 3259 3103
f 3103 3259 3260
f 3103 3260 3261
f 3261 3260 3098
f 3260 3262 3098
f 3098 3262 3263
f 3263 3262 3097
f 3097 3262 3264
f 3262 3265 3264
f 3264 3265 3266
f 3264 3266 3095
f 3095 3266 3267
f 3266 3268 3267
f 3267 3268 3096
f 3096 3268 3269
f 3269 3268 3270
f 3269 3270 3099
f 3099 3270 3271
f 3099 3271 3272
f 3272 3271 3105
f 3271 3252 3105
f 3105 3252 3251
f 3252 3271 3273
f 3273 3271 3274
f 3271 3270 3274
f 3274 3270 3275
f 3270 3268 3275
f 3275 3268 3276
f 3268 3266 3276
f 3276 3266 3277
f 3266 3265 3277
f 3277 3265 3278
f 3265 3262 3278
f 3278 3262 3279
f 3262 3260 3279
f 3279 3260 3280
f 3260 3259 3280
f 3280 3259 3281
f 3259 3257 3281
f 3281 3257 3282
f 3257 3255 3282
f 3282 3255 3283
f 3255 3254 3283
f 3283 3254 3284
f 3254 3252 3284
f 3284 3252 3273
f 3106 3258 3285
f 3285 3258 3286
f 3258 3103 3286
f 3286 3103 3281
f 3103 3261 3281
f 3281 3261 3287
f 3261 3098 3287
f 3287 3098 3288
f 3098 3263 3288
f 3288 3263 3289
f 3263 3097 3289
f 3289 3097 3290
f 3097 3264 3290
f 3290 3264 3291
f 3264 3095 3291
f 3291 3095 3292
f 3095 3267 3292
f 3292 3267 3293
f 3267 3096 3293
f 3293 3096 3294
f 3096 3269 3294
f 3294 3269 3295
f 3269 3099 3295
f 3295 3099 3275
f 3099 3272 3275
f 3275 3272 3296
f 3272 3105 3296
f 3296 3105 3297
f 3105 3251 3297
f 3297 3251 3298
f 3251 3107 3298
f 3298 3107 3299
f 3107 3253 3299
f 3299 3253 3300
f 3253 3108 3300
f 3300 3108 3301
f 3108 3256 3301
f 3301 3256 3302
f 3256 3106 3302
f 3302 3106 3285
f 3100 3110 3123
f 3123 3110 3121
f 3110 3109 3121
f 3121 3109 3114
f 3109 3104 3114
f 3114 3104 3115
f 3104 3102 3115
f 3115 3102 3116
f 3102 3101 3116
f 3116 3101 3118
f 3101 3100 3118
f 3118 3100 3123
f 3293 3277 3292
f 3292 3277 3291
f 3277 3278 3291
f 3291 3278 3279
f 3291 3279 3290
f 3290 3279 3289
f 3279 3280 3289
f 3289 3280 3288
f 3288 3280 3287
f 3287 3280 3281
f 3281 3282 3286
f 3286 3282 3285
f 3282 3283 3285
f 3285 3283 3302
f 3302 3283 3301
f 3301 3283 3300
f 3283 3284 3300
f 3300 3284 3273
f 3300 3273 3299
f 3299 3273 3298
f 3273 3274 3298
f 3298 3274 3297
f 3297 3274 3296
f 3296 3274 3275
f 3275 3276 3295
f 3295 3276 3294
f 3276 3277 3294
f 3294 3277 3293
f 3132 3303 3131
f 3131 3303 3304
f 3131 3304 3129
f 3129 3304 3305
f 3129 3305 3130
f 3130 3305 3306
f 3130 3306 3190
f 3190 3306 3307
f 3190 3307 3128
f 3128 3307 3308
f 3128 3308 3127
f 3127 3308 3309
f 3127 3309 3125
f 3125 3309 3310
f 3125 3310 3126
f 3126 3310 3311
f 3126 3311 3189
f 3189 3311 3312
f 3189 3312 3132
f 3132 3312 3303
f 3105 3099 3310
f 3310 3099 3311
f 3099 3096 3311
f 3311 3096 3312
f 3312 3096 3303
f 3303 3096 3095
f 3303 3095 3304
f 3304 3095 3097
f 3304 3097 3098
f 3304 3098 3305
f 3305 3098 3103
f 3305 3103 3306
f 3306 3103 3106
f 3306 3106 3307
f 3307 3106 3308
f 3106 3108 3308
f 3308 3108 3309
f 3108 3107 3309
f 3309 3107 3105
f 3309 3105 3310
f 3145 3140 3150
f 3150 3140 3151
f 3140 3138 3151
f 3151 3138 3152
f 3138 3137 3152
f 3152 3137 3154
f 3137 3136 3154
f 3154 3136 3159
f 3136 3143 3159
f 3159 3143 3157
f 3143 3145 3157
f 3157 3145 3150
f 3134 3133 3313
f 3313 3133 3314
f 3314 3133 3315
f 3315 3133 3135
f 3315 3135 3139
f 3315 3139 3316
f 3316 3139 3141
f 3316 3141 3317
f 3317 3141 3146
f 3317 3146 3318
f 3318 3146 3319
f 3146 3144 3319
f 3319 3144 3142
f 3319 3142 3320
f 3320 3142 3134
f 3320 3134 3313
f 3319 3320 3148
f 3148 3320 3156
f 3320 3313 3156
f 3156 3313 3158
f 3313 3314 3158
f 3158 3314 3160
f 3314 3315 3160
f 3160 3315 3155
f 3315 3316 3155
f 3155 3316 3153
f 3316 3317 3153
f 3153 3317 3149
f 3317 3318 3149
f 3149 3318 3147
f 3318 3319 3147
f 3147 3319 3148
f 3173 3168 3178
f 3178 3168 3179
f 3168 3166 3179
f 3179 3166 3180
f 3166 3165 3180
f 3180 3165 3182
f 3165 3164 3182
f 3182 3164 3187
f 3164 3171 3187
f 3187 3171 3185
f 3171 3173 3185
f 3185 3173 3178
f 3162 3161 3321
f 3321 3161 3322
f 3322 3161 3323
f 3323 3161 3163
f 3323 3163 3167
f 3323 3167 3324
f 3324 3167 3169
f 3324 3169 3325
f 3325 3169 3174
f 3325 3174 3326
f 3326 3174 3327
f 3174 3172 3327
f 3327 3172 3170
f 3327 3170 3328
f 3328 3170 3162
f 3328 3162 3321
f 3327 3328 3176
f 3176 3328 3184
f 3328 3321 3184
f 3184 3321 3186
f 3321 3322 3186
f 3186 3322 3188
f 3322 3323 3188
f 3188 3323 3183
f 3323 3324 3183
f 3183 3324 3181
f 3324 3325 3181
f 3181 3325 3177
f 3325 3326 3177
f 3177 3326 3175
f 3326 3327 3175
f 3175 3327 3176
f 3329 3330 3331
f 3329 3331 3332
f 3329 3331 3333
f 3331 3334 3333
f 3333 3334 3329
f 3329 3334 3331
f 3335 3336 3337
f 3335 3337 3338
f 3335 3337 3339
f 3337 3340 3339
f 3339 3340 3335
f 3335 3340 3337
f 3341 3342 3343
f 3341 3343 3344
f 3341 3343 3345
f 3343 3346 3345
f 3345 3346 3341
f 3341 3346 3343
f 3347 3348 3349
f 3347 3349 3350
f 3347 3349 3351
f 3349 3352 3351
f 3351 3352 3347
f 3347 3352 3349
f 3353 3354 3355
f 3353 3355 3356
f 3353 3355 3357
f 3355 3358 3357
f 3357 3358 3353
f 3353 3358 3355
f 3359 3360 3361
f 3359 3361 3362
f 3359 3361 3363
f 3361 3364 3363
f 3363 3364 3359
f 3359 3364 3361
f 3365 3366 3367
f 3365 3367 3368
f 3365 3367 3369
f 3367 3370 3369
f 3369 3370 3365
f 3365 3370 3367
f 3371 3372 3373
f 3371 3373 3374
f 3371 3373 3375
f 3373 3376 3375
f 3375 3376 3371
f 3371 3376 3373
f 3377 3378 3379
f 3377 3379 3380
f 3377 3379 3381
f 3379 3382 3381
f 3381 3382 3377
f 3377 3382 3379
f 3383 3384 3385
f 3383 3385 3386
f 3383 3385 3387
f 3385 3388 3387
f 3387 3388 3383
f 3383 3388 3385
f 3389 3390 3391
f 3389 3391 3392
f 3389 3391 3393
f 3391 3394 3393
f 3393 3394 3389
f 3389 3394 3391
f 3395 3396 3397
f 3395 3397 3398
f 3395 3397 3399
f 3397 3400 3399
f 3399 3400 3395
f 3395 3400 3397
f 3401 3402 3403
f 3401 3403 3404
f 3401 3403 3405
f 3403 3406 3405
f 3405 3406 3401
f 3401 3406 3403
f 3407 3408 3409
f 3407 3409 3410
f 3407 3409 3411
f 3409 3412 3411
f 3411 3412 3407
f 3407 3412 3409
f 3413 3414 3415
f 3413 3415 3416
f 3413 3415 3417
f 3415 3418 3417
f 3417 3418 3413
f 3413 3418 3415
f 3419 3420 3421
f 3419 3421 3422
f 3419 3421 3423
f 3421 3424 3423
f 3423 3424 3419
f 3419 3424 3421
f 3425 3426 3427
f 3425 3427 3428
f 3425 3427 3429
f 3427 3430 3429
f 3429 3430 3425
f 3425 3430 3427
f 3431 3432 3433
f 3431 3433 3434
f 3431 3433 3435
f 3433 3436 3435
f 3435 3436 3431
f 3431 3436 3433
f 3437 3438 3439
f 3437 3439 3440
f 3437 3439 3441
f 3439 3442 3441
f 3441 3442 3437
f 3437 3442 3439
f 3443 3444 3445
f 3443 3445 3446
f 3443 3445 3447
f 3445 3448 3447
f 3447 3448 3443
f 3443 3448 3445
f 3449 3450 3451
f 3449 3451 3452
f 3449 3451 3453
f 3451 3454 3453
f 3453 3454 3449
f 3449 3454 3451
f 3455 3456 3457
f 3455 3457 3458
f 3455 3457 3459
f 3457 3460 3459
f 3459 3460 3455
f 3455 3460 3457
f 3461 3462 3463
f 3461 3463 3464
f 3461 3463 3465
f 3463 3466 3465
f 3465 3466 3461
f 3461 3466 3463
f 3467 3468 3469
f 3467 3469 3470
f 3467 3469 3471
f 3469 3472 3471
f 3471 3472 3467
f 3467 3472 3469
f 3473 3474 3475
f 3473 3475 3476
f 3473 3475 3477
f 3475 3478 3477
f 3477 3478 3473
f 3473 3478 3475
f 3479 3480 3481
f 3479 3481 3482
f 3479 3481 3483
f 3481 3484 3483
f 3483 3484 3479
f 3479 3484 3481
f 3485 3486 3487
f 3485 3487 3488
f 3485 3487 3489
f 3487 3490 3489
f 3489 3490 3485
f 3485 3490 3487
f 3491 3492 3493
f 3491 3493 3494
f 3491 3493 3495
f 3493 3496 3495
f 3495 3496 3491
f 3491 3496 3493
f 3497 3498 3499
f 3497 3499 3500
f 3497 3499 3501
f 3499 3502 3501
f 3501 3502 3497
f 3497 3502 3499
f 3503 3504 3505
f 3503 3505 3506
f 3503 3505 3507
f 3505 3508 3507
f 3507 3508 3503
f 3503 3508 3505
f 3509 3510 3511
f 3509 3511 3512
f 3509 3511 3513
f 3511 3514 3513
f 3513 3514 3509
f 3509 3514 3511
f 3515 3516 3517
f 3515 3517 3518
f 3515 3517 3519
f 3517 3520 3519
f 3519 3520 3515
f 3515 3520 3517
f 3521 3522 3523
f 3521 3523 3524
f 3521 3523 3525
f 3523 3526 3525
f 3525 3526 3521
f 3521 3526 3523
f 3527 3528 3529
f 3527 3529 3530
f 3527 3529 3531
f 3529 3532 3531
f 3531 3532 3527
f 3527 3532 3529
f 3533 3534 3535
f 3533 3535 3536
f 3533 3535 3537
f 3535 3538 3537
f 3537 3538 3533
f 3533 3538 3535
f 3539 3540 3541
f 3539 3541 3542
f 3539 3541 3543
f 3541 3544 3543
f 3543 3544 3539
f 3539 3544 3541
f 3545 1401 3546
f 3546 1401 3547
f 3548 3546 3549
f 3549 3546 3547
f 3550 3551 3545
f 3545 3551 1401
f 3552 3553 3550
f 3550 3553 3551
f 3554 1406 3555
f 3555 1406 3556
f 3552 3557 3553
f 3553 3557 3558
f 3557 3559 3558
f 3558 3559 3560
f 3559 3561 3560
f 3560 3561 3562
f 3561 3563 3562
f 3562 3563 3564
f 3563 3555 3564
f 3564 3555 3556
f 3565 3566 3554
f 3554 3566 1406
f 3567 3568 3569
f 3569 3568 3570
f 3565 3569 3566
f 3566 3569 3570
f 3571 3572 3567
f 3567 3572 3568
f 3573 3574 3575
f 3575 3574 3576
f 3571 3575 3572
f 3572 3575 3576
f 3577 3578 3573
f 3573 3578 3574
f 3579 3580 3577
f 3577 3580 3578
f 3581 3582 3583
f 3583 3582 3584
f 3579 3583 3580
f 3580 3583 3584
f 3585 3586 3581
f 3581 3586 3582
f 3587 3588 3589
f 3589 3588 3590
f 3585 3589 3586
f 3586 3589 3590
f 3591 3592 3587
f 3587 3592 3588
f 3593 3594 3591
f 3591 3594 3592
f 3595 3596 3597
f 3597 3596 3598
f 3593 3597 3594
f 3594 3597 3598
f 3595 3599 3596
f 3600 3601 3595
f 3595 3601 3599
f 3602 3603 3604
f 3604 3603 3605
f 3600 3604 3601
f 3601 3604 3605
f 3606 3603 3602
f 3607 3608 3606
f 3606 3608 3603
f 3609 3610 3611
f 3611 3610 3612
f 3607 3611 3608
f 3608 3611 3612
f 3613 3614 3609
f 3609 3614 3610
f 3615 3616 3613
f 3613 3616 3614
f 3617 3618 3619
f 3619 3618 3620
f 3615 3619 3616
f 3616 3619 3620
f 3621 3622 3617
f 3617 3622 3618
f 3623 3624 3621
f 3621 3624 3622
f 3625 3626 3627
f 3627 3626 3628
f 3623 3627 3624
f 3624 3627 3628
f 3625 3629 3626
f 3630 3631 3625
f 3625 3631 3629
f 3632 3633 3634
f 3634 3633 3635
f 3630 3634 3631
f 3631 3634 3635
f 3636 3637 3632
f 3632 3637 3633
f 3638 3639 3640
f 3640 3639 3641
f 3636 3640 3637
f 3637 3640 3641
f 3642 3643 3638
f 3638 3643 3639
f 3644 3645 3642
f 3642 3645 3643
f 3646 3647 3648
f 3648 3647 3649
f 3644 3648 3645
f 3645 3648 3649
f 3650 3651 3646
f 3646 3651 3647
f 3652 3653 3654
f 3654 3653 3655
f 3650 3654 3651
f 3651 3654 3655
f 3656 3657 3652
f 3652 3657 3653
f 3658 3659 3656
f 3656 3659 3657
f 3660 3661 3662
f 3662 3661 3663
f 3658 3662 3659
f 3659 3662 3663
f 3664 3665 3660
f 3660 3665 3661
f 3666 3667 3668
f 3668 3667 3669
f 3664 3668 3665
f 3665 3668 3669
f 3670 3671 3666
f 3666 3671 3667
f 3672 3673 3670
f 3670 3673 3671
f 3674 3675 3676
f 3676 3675 3677
f 3672 3676 3673
f 3673 3676 3677
f 3678 3679 3674
f 3674 3679 3675
f 3680 3681 3678
f 3678 3681 3679
f 3682 3683 3684
f 3684 3683 3685
f 3680 3684 3681
f 3681 3684 3685
f 3686 3687 3682
f 3682 3687 3683
f 3688 3689 3686
f 3686 3689 3687
f 3690 3691 3692
f 3692 3691 3693
f 3688 3692 3689
f 3689 3692 3693
f 3690 3694 3691
f 3695 3696 3690
f 3690 3696 3694
f 3697 3698 3699
f 3699 3698 3700
f 3695 3699 3696
f 3696 3699 3700
f 3701 3702 3697
f 3697 3702 3698
f 3703 3704 3705
f 3705 3704 3706
f 3701 3705 3702
f 3702 3705 3706
f 3707 3708 3703
f 3703 3708 3704
f 3709 3710 3707
f 3707 3710 3708
f 3711 3712 3713
f 3713 3712 3714
f 3709 3713 3710
f 3710 3713 3714
f 3715 3716 3711
f 3711 3716 3712
f 3717 3718 3715
f 3715 3718 3716
f 3719 3720 3721
f 3721 3720 3722
f 3717 3721 3718
f 3718 3721 3722
f 3723 3724 3719
f 3719 3724 3720
f 3725 3726 3727
f 3727 3726 3728
f 3723 3727 3724
f 3724 3727 3728
f 3725 3729 3726
f 3730 3731 3725
f 3725 3731 3729
f 3732 3733 3734
f 3734 3733 3735
f 3730 3736 3731
f 3731 3736 3737
f 3736 3738 3737
f 3737 3738 3739
f 3738 3740 3739
f 3739 3740 3741
f 3740 3742 3741
f 3741 3742 3743
f 3742 3744 3743
f 3743 3744 3745
f 3744 3734 3745
f 3745 3734 3735
f 3746 3732 3734
f 3746 3734 3747
f 3747 3734 3748
f 3748 3734 3744
f 3736 3730 3749
f 3749 3730 3725
f 3725 3727 3749
f 3749 3727 3723
f 3749 3723 3721
f 3721 3723 3719
f 3721 3717 3749
f 3749 3717 3713
f 3749 3713 3709
f 3713 3717 3711
f 3711 3717 3715
f 3746 3747 3750
f 3750 3747 3751
f 3750 3751 3752
f 3752 3751 3753
f 3751 3747 728
f 728 3747 726
f 726 3747 3754
f 3754 3747 798
f 3754 798 3755
f 3755 798 3756
f 798 3747 3757
f 3757 3747 3758
f 3757 3758 3759
f 3759 3758 3760
f 3758 3747 3761
f 3761 3747 3762
f 3761 3762 3763
f 3763 3762 3764
f 3762 3747 3765
f 3765 3747 3766
f 3765 3766 3767
f 3766 3747 3768
f 3768 3747 3769
f 3768 3769 3770
f 3770 3769 3771
f 3769 3747 3772
f 3772 3747 3773
f 3772 3773 3774
f 3774 3773 3775
f 3773 3747 3776
f 3776 3747 3777
f 3776 3777 3778
f 3778 3777 3779
f 3777 3747 3780
f 3780 3747 3781
f 3780 3781 3782
f 3782 3781 2120
f 3781 3747 3783
f 3783 3747 3784
f 3783 3784 3785
f 3785 3784 3786
f 3784 3747 3787
f 3787 3747 3788
f 3787 3788 3789
f 3789 3788 3790
f 3788 3747 3791
f 3791 3747 3792
f 3791 3792 3793
f 3792 3747 3794
f 3794 3747 3795
f 3794 3795 3796
f 3795 3747 3797
f 3797 3747 3798
f 3797 3798 3799
f 3799 3798 3800
f 3798 3747 3801
f 3801 3747 3802
f 3801 3802 2144
f 3802 3747 3803
f 3803 3747 3804
f 3803 3804 3805
f 3805 3804 3806
f 3804 3747 3807
f 3807 3747 3808
f 3807 3808 3809
f 3809 3808 2142
f 3808 3747 3810
f 3810 3747 3811
f 3810 3811 3812
f 3812 3811 3813
f 3811 3747 3814
f 3814 3747 3815
f 3814 3815 3816
f 3816 3815 3817
f 3815 3747 3818
f 3818 3747 3819
f 3818 3819 3820
f 3820 3819 3821
f 3819 3747 3822
f 3822 3747 3548
f 3822 3548 3823
f 3548 3747 3546
f 3546 3747 3545
f 3545 3747 3550
f 3550 3747 3552
f 3747 3824 3552
f 3552 3824 3825
f 3552 3825 3557
f 3557 3825 3826
f 3557 3826 3559
f 3559 3827 3561
f 3561 3828 3563
f 3563 3828 3829
f 3563 3829 3830
f 3563 3830 3555
f 3555 3830 3831
f 3555 3831 3554
f 3554 3831 3565
f 3565 3831 3749
f 3565 3749 3569
f 3569 3749 3571
f 3569 3571 3567
f 3571 3749 3575
f 3575 3749 3579
f 3575 3579 3573
f 3573 3579 3577
f 3579 3749 3583
f 3583 3749 3585
f 3583 3585 3581
f 3585 3749 3589
f 3589 3749 3593
f 3589 3593 3587
f 3587 3593 3591
f 3593 3749 3597
f 3597 3749 3600
f 3597 3600 3595
f 3600 3749 3604
f 3604 3749 3607
f 3604 3607 3602
f 3602 3607 3606
f 3607 3749 3611
f 3611 3749 3615
f 3611 3615 3609
f 3609 3615 3613
f 3615 3749 3619
f 3619 3749 3623
f 3619 3623 3617
f 3617 3623 3621
f 3623 3749 3627
f 3627 3749 3630
f 3627 3630 3625
f 3630 3749 3634
f 3634 3749 3636
f 3634 3636 3632
f 3636 3749 3640
f 3640 3749 3644
f 3640 3644 3638
f 3638 3644 3642
f 3644 3749 3648
f 3648 3749 3650
f 3648 3650 3646
f 3650 3749 3654
f 3654 3749 3658
f 3654 3658 3652
f 3652 3658 3656
f 3658 3749 3662
f 3662 3749 3664
f 3662 3664 3660
f 3664 3749 3668
f 3668 3749 3672
f 3668 3672 3666
f 3666 3672 3670
f 3672 3749 3676
f 3676 3749 3680
f 3676 3680 3674
f 3674 3680 3678
f 3680 3749 3684
f 3684 3749 3688
f 3684 3688 3682
f 3682 3688 3686
f 3688 3749 3692
f 3692 3749 3695
f 3692 3695 3690
f 3695 3749 3699
f 3699 3749 3701
f 3699 3701 3697
f 3701 3749 3705
f 3705 3749 3709
f 3705 3709 3703
f 3703 3709 3707
f 3732 3832 3733
f 3746 3833 3732
f 3732 3833 3832
f 3752 3834 3750
f 3750 3834 3835
f 3746 3750 3833
f 3833 3750 3835
f 3753 3836 3752
f 3752 3836 3834
f 3751 3837 3753
f 3753 3837 3836
f 728 3838 3839
f 3751 728 3837
f 3837 728 3839
f 726 3838 728
f 726 3840 3838
f 3755 3841 3754
f 3754 3841 3842
f 726 3754 3840
f 3840 3754 3842
f 3756 3843 3755
f 3755 3843 3841
f 798 3844 3756
f 3756 3844 3843
f 3759 3845 3757
f 3757 3845 3846
f 798 3757 3844
f 3844 3757 3846
f 3760 3847 3759
f 3759 3847 3845
f 3758 3848 3760
f 3760 3848 3847
f 3763 3849 3761
f 3761 3849 3850
f 3758 3761 3848
f 3848 3761 3850
f 3764 3849 3763
f 3762 3851 3764
f 3764 3851 3849
f 3767 3852 3765
f 3765 3852 3853
f 3762 3765 3851
f 3851 3765 3853
f 3766 3854 3767
f 3767 3854 3852
f 3770 3855 3768
f 3768 3855 3856
f 3766 3768 3854
f 3854 3768 3856
f 3771 3857 3770
f 3770 3857 3855
f 3769 3858 3771
f 3771 3858 3857
f 3774 3859 3772
f 3772 3859 3860
f 3769 3772 3858
f 3858 3772 3860
f 3775 3861 3774
f 3774 3861 3859
f 3773 3862 3775
f 3775 3862 3861
f 3778 3863 3776
f 3776 3863 3864
f 3773 3776 3862
f 3862 3776 3864
f 3779 3865 3778
f 3778 3865 3863
f 3777 3866 3779
f 3779 3866 3865
f 3782 3867 3780
f 3780 3867 3868
f 3777 3780 3866
f 3866 3780 3868
f 2120 3867 3782
f 3781 3869 2120
f 2120 3869 3867
f 3785 3870 3783
f 3783 3870 3871
f 3781 3783 3869
f 3869 3783 3871
f 3786 3872 3785
f 3785 3872 3870
f 3784 3873 3786
f 3786 3873 3872
f 3789 3874 3787
f 3787 3874 3875
f 3784 3787 3873
f 3873 3787 3875
f 3790 3876 3789
f 3789 3876 3874
f 3788 3877 3790
f 3790 3877 3876
f 3793 3878 3791
f 3791 3878 3879
f 3788 3791 3877
f 3877 3791 3879
f 3793 3880 3878
f 3792 3881 3793
f 3793 3881 3880
f 3796 3882 3794
f 3794 3882 3883
f 3792 3794 3881
f 3881 3794 3883
f 3795 3884 3796
f 3796 3884 3882
f 3799 3885 3797
f 3797 3885 3886
f 3795 3797 3884
f 3884 3797 3886
f 3800 3887 3799
f 3799 3887 3885
f 3798 3888 3800
f 3800 3888 3887
f 2144 3889 3801
f 3801 3889 3890
f 3798 3801 3888
f 3888 3801 3890
f 3802 3891 2144
f 2144 3891 3889
f 3805 3892 3803
f 3803 3892 3893
f 3802 3803 3891
f 3891 3803 3893
f 3806 3894 3805
f 3805 3894 3892
f 3804 3895 3806
f 3806 3895 3894
f 3809 3896 3807
f 3807 3896 3897
f 3804 3807 3895
f 3895 3807 3897
f 2142 3896 3809
f 3808 3898 2142
f 2142 3898 3896
f 3812 3899 3810
f 3810 3899 3900
f 3808 3810 3898
f 3898 3810 3900
f 3813 3901 3812
f 3812 3901 3899
f 3811 3902 3813
f 3813 3902 3901
f 3816 3903 3814
f 3814 3903 3904
f 3811 3814 3902
f 3902 3814 3904
f 3817 3905 3816
f 3816 3905 3903
f 3815 3906 3817
f 3817 3906 3905
f 3820 3907 3818
f 3818 3907 3908
f 3815 3818 3906
f 3906 3818 3908
f 3821 3909 3820
f 3820 3909 3907
f 3819 3910 3821
f 3821 3910 3909
f 3823 3911 3822
f 3822 3911 3912
f 3819 3822 3910
f 3910 3822 3912
f 3548 3549 3823
f 3823 3549 3911
f 3726 3729 3728
f 3728 3729 3731
f 3728 3731 3913
f 3913 3731 3914
f 3914 3731 3737
f 3745 3735 3915
f 3915 3735 3832
f 3832 3735 3733
f 3832 3833 3915
f 3915 3833 3835
f 3915 3835 3837
f 3837 3835 3836
f 3835 3834 3836
f 3837 3839 3915
f 3915 3839 3840
f 3915 3840 3842
f 3840 3839 3838
f 3728 3913 3724
f 3724 3913 3722
f 3724 3722 3720
f 3722 3913 3718
f 3718 3913 3714
f 3718 3714 3716
f 3716 3714 3712
f 3714 3913 3710
f 3710 3913 3706
f 3710 3706 3708
f 3708 3706 3704
f 3706 3913 3702
f 3702 3913 3700
f 3702 3700 3698
f 3700 3913 3696
f 3696 3913 3693
f 3696 3693 3694
f 3694 3693 3691
f 3693 3913 3689
f 3689 3913 3685
f 3689 3685 3687
f 3687 3685 3683
f 3685 3913 3681
f 3681 3913 3677
f 3681 3677 3679
f 3679 3677 3675
f 3677 3913 3673
f 3673 3913 3669
f 3673 3669 3671
f 3671 3669 3667
f 3669 3913 3665
f 3665 3913 3663
f 3665 3663 3661
f 3663 3913 3659
f 3659 3913 3655
f 3659 3655 3657
f 3657 3655 3653
f 3655 3913 3651
f 3651 3913 3649
f 3651 3649 3647
f 3649 3913 3645
f 3645 3913 3641
f 3645 3641 3643
f 3643 3641 3639
f 3641 3913 3637
f 3637 3913 3635
f 3637 3635 3633
f 3635 3913 3631
f 3631 3913 3628
f 3631 3628 3629
f 3629 3628 3626
f 3628 3913 3624
f 3624 3913 3620
f 3624 3620 3622
f 3622 3620 3618
f 3620 3913 3616
f 3616 3913 3612
f 3616 3612 3614
f 3614 3612 3610
f 3612 3913 3608
f 3608 3913 3605
f 3608 3605 3603
f 3605 3913 3601
f 3601 3913 3598
f 3601 3598 3599
f 3599 3598 3596
f 3598 3913 3594
f 3594 3913 3590
f 3594 3590 3592
f 3592 3590 3588
f 3590 3913 3586
f 3586 3913 3584
f 3586 3584 3582
f 3584 3913 3580
f 3580 3913 3576
f 3580 3576 3578
f 3578 3576 3574
f 3576 3913 3572
f 3572 3913 3570
f 3572 3570 3568
f 3570 3913 3566
f 3566 3913 1406
f 1406 3913 3556
f 3913 3916 3556
f 3556 3916 3917
f 3556 3917 3564
f 3564 3917 3918
f 3564 3918 3562
f 3562 3919 3560
f 3560 3920 3558
f 3558 3920 3921
f 3558 3921 3922
f 3558 3922 3553
f 3553 3922 3923
f 3553 3923 3551
f 3551 3923 1401
f 1401 3923 3547
f 3547 3923 3915
f 3547 3915 3549
f 3549 3915 3912
f 3549 3912 3911
f 3912 3915 3910
f 3910 3915 3908
f 3910 3908 3909
f 3909 3908 3907
f 3908 3915 3906
f 3906 3915 3904
f 3906 3904 3905
f 3905 3904 3903
f 3904 3915 3902
f 3902 3915 3900
f 3902 3900 3901
f 3901 3900 3899
f 3900 3915 3898
f 3898 3915 3897
f 3898 3897 3896
f 3897 3915 3895
f 3895 3915 3893
f 3895 3893 3894
f 3894 3893 3892
f 3893 3915 3891
f 3891 3915 3890
f 3891 3890 3889
f 3890 3915 3888
f 3888 3915 3886
f 3888 3886 3887
f 3887 3886 3885
f 3886 3915 3884
f 3884 3915 3883
f 3884 3883 3882
f 3883 3915 3881
f 3881 3915 3879
f 3881 3879 3880
f 3880 3879 3878
f 3879 3915 3877
f 3877 3915 3875
f 3877 3875 3876
f 3876 3875 3874
f 3875 3915 3873
f 3873 3915 3871
f 3873 3871 3872
f 3872 3871 3870
f 3871 3915 3869
f 3869 3915 3868
f 3869 3868 3867
f 3868 3915 3866
f 3866 3915 3864
f 3866 3864 3865
f 3865 3864 3863
f 3864 3915 3862
f 3862 3915 3860
f 3862 3860 3861
f 3861 3860 3859
f 3860 3915 3858
f 3858 3915 3856
f 3858 3856 3857
f 3857 3856 3855
f 3856 3915 3854
f 3854 3915 3853
f 3854 3853 3852
f 3853 3915 3851
f 3851 3915 3850
f 3851 3850 3849
f 3850 3915 3848
f 3848 3915 3846
f 3848 3846 3847
f 3847 3846 3845
f 3846 3915 3844
f 3844 3915 3842
f 3844 3842 3843
f 3843 3842 3841
f 3924 3925 3926
f 3926 3925 3927
f 3926 3927 3928
f 3928 3927 3929
f 3928 3929 3930
f 3930 3929 3931
f 3930 3931 3932
f 3932 3931 3933
f 3932 3933 3934
f 3934 3933 3935
f 3934 3935 3936
f 3936 3935 3937
f 3936 3937 3938
f 3938 3937 3939
f 3938 3939 3940
f 3940 3939 3941
f 3940 3941 3942
f 3942 3941 3943
f 3942 3943 3944
f 3944 3943 3945
f 3944 3945 3946
f 3946 3945 3947
f 3946 3947 3948
f 3948 3947 3949
f 3948 3949 3924
f 3924 3949 3925
f 3946 3943 3944
f 3944 3943 3941
f 3944 3941 3942
f 3942 3941 3939
f 3942 3939 3940
f 3940 3939 3937
f 3940 3937 3938
f 3938 3937 3935
f 3938 3935 3936
f 3936 3935 3933
f 3936 3933 3934
f 3934 3933 3931
f 3934 3931 3932
f 3932 3931 3929
f 3932 3929 3930
f 3930 3929 3927
f 3930 3927 3928
f 3928 3927 3925
f 3928 3925 3926
f 3926 3925 3949
f 3926 3949 3924
f 3924 3949 3947
f 3924 3947 3948
f 3948 3947 3945
f 3948 3945 3946
f 3946 3945 3943
f 3736 3749 3737
f 3737 3749 3914
f 3749 3831 3914
f 3914 3831 3913
f 3831 3830 3913
f 3913 3830 3916
f 3830 3829 3916
f 3916 3829 3917
f 3829 3828 3917
f 3917 3828 3918
f 3828 3561 3918
f 3918 3561 3562
f 3561 3827 3562
f 3562 3827 3919
f 3827 3559 3919
f 3919 3559 3560
f 3559 3826 3560
f 3560 3826 3920
f 3826 3825 3920
f 3920 3825 3921
f 3825 3824 3921
f 3921 3824 3922
f 3824 3747 3922
f 3922 3747 3923
f 3747 3748 3923
f 3923 3748 3915
f 3748 3744 3915
f 3915 3744 3745
f 3744 3742 3745
f 3745 3742 3743
f 3742 3740 3743
f 3743 3740 3741
f 3740 3738 3741
f 3741 3738 3739
f 3738 3736 3739
f 3739 3736 3737
f 3208 3210 3216
f 3216 3210 3215
f 3210 3211 3215
f 3215 3211 3214
f 3211 3194 3214
f 3214 3194 3213
f 3194 3950 3213
f 3213 3950 3224
f 3950 3196 3224
f 3224 3196 3223
f 3196 3198 3223
f 3223 3198 3222
f 3198 3200 3222
f 3222 3200 3221
f 3200 3201 3221
f 3221 3201 3220
f 3201 3203 3220
f 3220 3203 3219
f 3203 3951 3219
f 3219 3951 3218
f 3951 3206 3218
f 3218 3206 3217
f 3206 3208 3217
f 3217 3208 3216
f 3952 3953 3954
f 3954 3953 3955
f 3956 3954 3198
f 3956 3198 3957
f 3957 3198 3196
f 3957 3196 3958
f 3958 3196 3950
f 3958 3950 3959
f 3959 3950 3960
f 3959 3960 3961
f 3961 3960 3962
f 3961 3962 3963
f 3963 3962 3964
f 3963 3964 3965
f 3960 3950 3966
f 3966 3950 3194
f 3966 3194 3967
f 3967 3194 3211
f 3967 3211 3968
f 3968 3211 3210
f 3968 3210 3969
f 3969 3210 3208
f 3969 3208 3970
f 3970 3208 3971
f 3970 3971 3972
f 3972 3971 3973
f 3974 3975 3969
f 3969 3975 3968
f 3969 3970 3974
f 3974 3970 3972
f 3208 3206 3971
f 3971 3206 3976
f 3971 3976 3973
f 3973 3976 3977
f 3977 3978 3218
f 3218 3978 3979
f 3218 3979 3980
f 3981 3980 3982
f 3981 3982 3955
f 3954 3955 3200
f 3954 3200 3198
f 3200 3955 3201
f 3201 3955 3982
f 3201 3982 3203
f 3203 3982 3983
f 3203 3983 3951
f 3951 3983 3984
f 3951 3984 3985
f 3985 3984 3986
f 3985 3986 3978
f 3978 3986 3987
f 3979 3978 3988
f 3988 3978 3987
f 3988 3987 3989
f 3978 3977 3985
f 3985 3977 3976
f 3985 3976 3951
f 3951 3976 3206
f 3986 3990 3987
f 3987 3990 3989
f 3989 3990 3991
f 3989 3991 3988
f 3988 3991 3984
f 3988 3984 3979
f 3979 3984 3983
f 3979 3983 3980
f 3980 3983 3982
f 3990 3986 3991
f 3984 3991 3986
f 3955 3953 3981
f 3980 3981 3219
f 3980 3219 3218
f 3219 3981 3220
f 3220 3981 3953
f 3220 3953 3952
f 3220 3952 3221
f 3221 3952 3992
f 3221 3992 3222
f 3222 3992 3993
f 3222 3993 3223
f 3223 3993 3994
f 3223 3994 3224
f 3224 3994 3995
f 3224 3995 3996
f 3996 3995 3997
f 3996 3997 3960
f 3960 3997 3962
f 3960 3966 3996
f 3996 3966 3998
f 3996 3998 3224
f 3224 3998 3213
f 3966 3967 3998
f 3998 3967 3999
f 3998 3999 3213
f 3213 3999 3214
f 3967 3968 3999
f 3999 3968 3975
f 3999 3975 3214
f 3214 3975 3974
f 3214 3974 3215
f 3215 3974 3972
f 3215 3972 3216
f 3216 3972 3973
f 3216 3973 3217
f 3217 3973 3977
f 3217 3977 3218
f 3962 3997 3964
f 3965 3964 3997
f 3965 3997 3995
f 3954 3956 3952
f 3952 3956 3992
f 3956 3957 3992
f 3992 3957 3993
f 3957 3958 3993
f 3993 3958 3994
f 3958 3959 3994
f 3994 3959 3995
f 3959 3961 3995
f 3995 3961 3965
f 3965 3961 3963
f 3268 3270 3276
f 3276 3270 3275
f 3270 3271 3275
f 3275 3271 3274
f 3271 3252 3274
f 3274 3252 3273
f 3252 3254 3273
f 3273 3254 3284
f 3254 3255 3284
f 3284 3255 3283
f 3255 3257 3283
f 3283 3257 3282
f 3257 3259 3282
f 3282 3259 3281
f 3259 3260 3281
f 3281 3260 3280
f 3260 3262 3280
f 3280 3262 3279
f 3262 3265 3279
f 3279 3265 3278
f 3265 3266 3278
f 3278 3266 3277
f 3266 3268 3277
f 3277 3268 3276
f 4000 4001 4002
f 4002 4001 4003
f 4004 4002 3257
f 4004 3257 4005
f 4005 3257 3255
f 4005 3255 4006
f 4006 3255 3254
f 4006 3254 4007
f 4007 3254 4008
f 4007 4008 4009
f 4009 4008 4010
f 4009 4010 4011
f 4011 4010 4012
f 4011 4012 4013
f 4008 3254 4014
f 4014 3254 3252
f 4014 3252 4015
f 4015 3252 3271
f 4015 3271 4016
f 4016 3271 3270
f 4016 3270 4017
f 4017 3270 3268
f 4017 3268 4018
f 4018 3268 4019
f 4018 4019 4020
f 4020 4019 4021
f 4022 4023 4017
f 4017 4023 4016
f 4017 4018 4022
f 4022 4018 4020
f 3268 3266 4019
f 4019 3266 4024
f 4019 4024 4021
f 4021 4024 4025
f 4025 4026 3278
f 3278 4026 4027
f 3278 4027 4028
f 4029 4028 4030
f 4029 4030 4003
f 4002 4003 3259
f 4002 3259 3257
f 3259 4003 3260
f 3260 4003 4030
f 3260 4030 3262
f 3262 4030 4031
f 3262 4031 3265
f 3265 4031 4032
f 3265 4032 4033
f 4033 4032 4034
f 4033 4034 4026
f 4026 4034 4035
f 4027 4026 4036
f 4036 4026 4035
f 4036 4035 4037
f 4026 4025 4033
f 4033 4025 4024
f 4033 4024 3265
f 3265 4024 3266
f 4034 4038 4035
f 4035 4038 4037
f 4037 4038 4039
f 4037 4039 4036
f 4036 4039 4032
f 4036 4032 4027
f 4027 4032 4031
f 4027 4031 4028
f 4028 4031 4030
f 4038 4034 4039
f 4032 4039 4034
f 4003 4001 4029
f 4028 4029 3279
f 4028 3279 3278
f 3279 4029 3280
f 3280 4029 4001
f 3280 4001 4000
f 3280 4000 3281
f 3281 4000 4040
f 3281 4040 3282
f 3282 4040 4041
f 3282 4041 3283
f 3283 4041 4042
f 3283 4042 3284
f 3284 4042 4043
f 3284 4043 4044
f 4044 4043 4045
f 4044 4045 4008
f 4008 4045 4010
f 4008 4014 4044
f 4044 4014 4046
f 4044 4046 3284
f 3284 4046 3273
f 4014 4015 4046
f 4046 4015 4047
f 4046 4047 3273
f 3273 4047 3274
f 4015 4016 4047
f 4047 4016 4023
f 4047 4023 3274
f 3274 4023 4022
f 3274 4022 3275
f 3275 4022 4020
f 3275 4020 3276
f 3276 4020 4021
f 3276 4021 3277
f 3277 4021 4025
f 3277 4025 3278
f 4010 4045 4012
f 4013 4012 4045
f 4013 4045 4043
f 4002 4004 4000
f 4000 4004 4040
f 4004 4005 4040
f 4040 4005 4041
f 4005 4006 4041
f 4041 4006 4042
f 4006 4007 4042
f 4042 4007 4043
f 4007 4009 4043
f 4043 4009 4013
f 4013 4009 4011
f 3151 4048 3152
f 3152 4048 3154
f 3154 4048 3137
f 3137 4048 4049
f 4048 3151 4049
f 4049 3151 3140
f 3154 3159 3137
f 3137 3159 3136
f 3159 3157 3136
f 3136 3157 3143
f 3157 3150 3143
f 3143 3150 3145
f 3150 3151 3145
f 3145 3151 3140
f 3151 3152 3140
f 3140 3152 3138
f 3152 3154 3138
f 3138 3154 3137
f 3137 4049 3138
f 3138 4049 3140
f 3164 3165 3187
f 3187 3165 3182
f 3165 3166 3182
f 3182 3166 3180
f 3166 3168 3180
f 3180 3168 3179
f 3168 3173 3179
f 3179 3173 3178
f 3173 3171 3178
f 3178 3171 3185
f 3171 3164 3185
f 3185 3164 3187
f 181 4050 4051
f 4051 4050 179
f 4051 179 4052
f 4052 179 4053
f 4052 4053 4054
f 4054 4053 4055
f 4054 4055 172
f 172 4055 175
f 172 171 169
f 172 169 4054
f 4054 169 4056
f 4054 4056 4052
f 4052 4056 4057
f 4052 4057 4051
f 4051 4057 146
f 4051 146 181
f 168 167 147
f 169 168 167
f 169 167 4056
f 4056 167 4058
f 4056 4058 4059
f 4059 4058 4060
f 4059 4060 4057
f 4059 4057 4056
f 4057 4060 4058
f 4057 4058 146
f 146 4058 167
f 146 167 147
f 4050 181 179
f 179 177 4053
f 4053 177 4061
f 4053 4061 4062
f 4062 4061 4063
f 4062 4063 4055
f 4062 4055 4053
f 4055 4063 4061
f 4055 4061 175
f 175 4061 177
f 183 185 4064
f 4064 185 4065
f 4064 4065 4066
f 4066 4065 4067
f 4066 4067 4068
f 4066 4068 4064
f 4064 4068 4069
f 4064 4069 4070
f 4070 4069 4071
f 4070 4071 4072
f 4072 4071 4073
f 4072 4073 4074
f 4074 4073 4075
f 4075 4073 4071
f 4075 4071 176
f 176 4071 173
f 176 178 4075
f 4075 178 4072
f 4075 4072 4074
f 4068 4067 4065
f 4071 4069 173
f 173 4069 174
f 4069 4068 174
f 174 4068 188
f 4068 4065 188
f 188 4065 185
f 4064 4070 183
f 183 4070 180
f 178 180 4072
f 4072 180 4070
f 4076 4077 4078
f 4079 4080 4081
f 4082 4083 4084
f 4083 4085 4084
f 4084 4085 4082
f 4080 4081 4086
f 4079 4086 4080
f 4079 4077 4087
f 4077 4076 4087
f 4078 4077 4088
f 4089 4080 4090
f 4090 4080 4086
f 4086 4091 4080
f 4080 4091 4076
f 4081 4086 4079
f 4077 4087 4088
f 4087 4076 4088
f 4088 4076 4091
f 4088 4091 4078
f 4080 4076 4086
f 4086 4076 4091
f 4076 4078 4091
f 4083 4092 4093
f 4094 4092 4088
f 4088 4092 4095
f 4092 4083 4095
f 4088 4095 4094
f 4094 4095 4092
f 4092 4095 4093
f 4093 4095 4083
f 4096 4097 4098
f 4084 4098 4097
f 4098 4084 4099
f 4084 4082 4099
f 4099 4082 4100
f 4100 4085 4101
f 4085 4100 4082
f 4085 4102 4101
f 4101 4102 4103
f 4102 4096 4103
f 4083 4082 4085
f 4084 4097 4082
f 4082 4097 4085
f 4085 4097 4099
f 4085 4099 4100
f 4102 4103 966
f 4103 4096 966
f 966 4096 4098
f 4097 4098 4099
f 4096 4102 966
f 4104 4105 4106
f 4106 4105 4107
f 4106 4107 4108
f 4106 4108 4109
f 4109 4108 4110
f 4109 4110 4111
f 4111 4110 4112
f 4111 4112 4113
f 4113 4112 4114
f 4112 4115 4114
f 4114 4115 4116
f 4114 4116 4117
f 4117 4116 4118
f 4117 4118 4119
f 4116 4120 4118
f 4118 4120 4121
f 4118 4121 4122
f 4122 4121 4123
f 4122 4123 4124
f 4122 4124 4119
f 4119 4124 4117
f 4117 4124 4111
f 4111 4124 4109
f 4108 4125 4110
f 4110 4125 4126
f 4126 4125 4127
f 4127 4125 4105
f 4127 4105 4128
f 4107 4105 4125
f 4127 4128 4129
f 4129 4128 4130
f 4128 4131 4130
f 4130 4131 4104
f 4130 4104 4121
f 4121 4104 4123
f 4123 4104 4106
f 4108 4109 4126
f 4108 4126 4125
f 4125 4126 4107
f 4126 4109 4110
f 4110 4109 4124
f 4110 4124 4111
f 4111 4124 4119
f 4111 4119 4117
f 4117 4119 4120
f 4117 4120 4116
f 4113 4112 4110
f 4113 4110 4111
f 4119 4118 4120
f 4120 4118 4122
f 4120 4122 4123
f 4120 4123 4121
f 4121 4123 4106
f 4121 4106 4104
f 4104 4106 4107
f 4104 4107 4105
f 4105 4107 4126
f 4105 4126 4127
f 4131 4130 4121
f 4131 4121 4104
f 25 31 4132
f 4132 31 4133
f 25 4132 26
f 26 4132 2155
f 31 26 2155
f 26 29 4134
f 4134 29 4135
f 26 4134 30
f 29 30 4134
f 37 35 4136
f 4136 35 4137
f 37 4136 25
f 25 4136 4132
f 35 25 4132
f 50 51 4138
f 4138 51 4139
f 52 53 4138
f 67 4140 53
f 53 4140 4138
f 54 52 4141
f 67 54 4140
f 4140 54 4141
f 625 626 4142
f 626 625 4143
f 4143 625 4142
f 628 633 4144
f 628 4144 634
f 633 634 4145
f 137 126 4146
f 4146 126 4147
f 87 4148 126
f 126 4148 4147
f 137 4146 86
f 86 4146 4149
f 87 86 4148
f 4148 86 4149
f 42 4150 43
f 41 44 4151
f 42 41 4150
f 4150 41 4151
f 118 55 4152
f 4152 55 4153
f 55 4154 4153
f 55 118 4154
f 76 4155 91
f 76 74 4155
f 20 112 4156
f 4156 112 4157
f 21 4158 112
f 112 4158 4157
f 21 20 4158
f 76 77 4159
f 4159 77 4160
f 74 4161 77
f 77 4161 4160
f 74 76 4161
f 638 139 4162
f 86 4162 139
f 87 638 4163
f 86 87 4162
f 4162 87 4163
f 126 137 4147
f 126 4147 136
f 137 136 4164
f 135 134 4165
f 135 4165 132
f 135 138 4166
f 4166 138 4167
f 134 4168 138
f 138 4168 4167
f 134 135 4168
f 684 683 4169
f 4169 683 4170
f 683 693 4170
f 684 4169 685
f 678 679 4171
f 4171 679 4172
f 62 64 4173
f 62 4173 63
f 64 63 2172
f 2172 63 4173
f 60 59 4174
f 4174 59 4175
f 18 2173 59
f 59 2173 4175
f 60 4174 61
f 18 61 2173
f 2173 61 4174
f 36 40 4176
f 4176 40 4177
f 32 4177 40
f 32 36 4177
f 4177 36 4176
f 65 66 4178
f 4178 66 4179
f 63 4179 66
f 65 4178 2172
f 63 65 4179
f 4179 65 2172
f 59 57 4174
f 57 4180 4174
f 57 58 4180
f 47 45 4181
f 4181 45 4182
f 47 4181 46
f 45 46 4181
f 56 49 4183
f 56 4183 47
f 47 4183 4181
f 48 47 4181
f 38 39 4184
f 4184 39 4185
f 39 38 4185
f 4185 38 4184
f 121 4186 122
f 119 123 4187
f 121 119 4186
f 4186 119 4187
f 70 72 4188
f 70 4188 71
f 69 68 4189
f 4189 68 4190
f 72 4191 68
f 68 4191 4190
f 69 4189 70
f 70 4189 4188
f 72 70 4191
f 4191 70 4188
f 114 113 2180
f 2180 113 2171
f 64 2172 65
f 64 18 2172
f 2172 18 2173
f 538 537 4192
f 528 4192 537
f 528 538 4192
f 4192 538 4193
f 619 4194 620
f 617 618 4195
f 619 617 4194
f 4194 617 4195
f 620 618 4196
f 4196 618 4197
f 621 4197 618
f 620 4196 622
f 621 622 4197
f 4197 622 4196
f 529 527 4198
f 4198 527 4199
f 529 4198 4200
f 527 529 4200
f 543 547 4201
f 547 543 4202
f 531 530 4203
f 4203 530 4204
f 534 535 4205
f 4205 535 4206
f 535 534 4206
f 4206 534 4205
f 597 584 4207
f 584 596 4207
f 58 597 4208
f 596 58 4208
f 573 572 4209
f 4209 572 4210
f 570 4210 572
f 573 4209 589
f 589 4209 4211
f 570 589 4210
f 4210 589 4211
f 570 571 4212
f 567 4212 571
f 567 569 4212
f 579 578 4213
f 4213 578 4214
f 577 4215 578
f 578 4215 4214
f 579 4213 576
f 577 576 4215
f 4215 576 4213
f 575 577 4216
f 575 4216 582
f 572 566 4217
f 571 4212 566
f 566 4212 4217
f 4212 570 4210
f 578 4218 583
f 578 580 4218
f 69 71 4219
f 4219 71 4220
f 623 4220 71
f 69 4219 624
f 623 624 4220
f 4132 4133 2155
f 2155 4133 31
f 4136 4137 4132
f 4132 4137 35
f 51 50 4139
f 4139 50 4138
f 52 4138 4141
f 4141 4138 4140
f 4142 626 4143
f 4144 633 634
f 4146 4147 4149
f 4149 4147 4148
f 44 43 4151
f 4151 43 4150
f 4152 4153 118
f 118 4153 4154
f 73 91 74
f 74 91 4155
f 4156 4157 20
f 20 4157 4158
f 4159 4160 76
f 76 4160 4161
f 638 4162 4163
f 4147 137 136
f 4165 134 132
f 132 134 133
f 4166 4167 135
f 135 4167 4168
f 632 628 629
f 629 628 627
f 618 620 4195
f 4195 620 4194
f 4198 4199 4200
f 4200 4199 527
f 543 4201 4202
f 4202 4201 547
f 4169 4170 685
f 685 4170 693
f 4171 4172 678
f 678 4172 679
f 4173 64 2172
f 4174 4175 2173
f 4178 4179 2172
f 59 4174 58
f 58 4174 4180
f 4183 49 4181
f 4181 49 48
f 123 122 4187
f 4187 122 4186
f 597 4207 4208
f 4208 4207 596
f 4209 4210 4211
f 4188 72 71
f 71 72 75
f 4189 4190 4188
f 4188 4190 4191
f 570 4212 569
f 4213 4214 4215
f 4216 577 582
f 582 577 578
f 572 4217 4210
f 4210 4217 4212
f 581 583 580
f 580 583 4218
f 4219 4220 624
f 435 444 4221
f 4221 444 2251
f 328 2250 444
f 435 4221 325
f 328 325 2250
f 2250 325 4221
f 482 491 4222
f 4222 491 4223
f 482 4222 4224
f 491 482 4224
f 497 498 4225
f 496 4226 498
f 496 497 4226
f 439 437 4227
f 4227 437 4228
f 475 477 4229
f 4229 477 4230
f 478 4230 477
f 478 475 4230
f 4230 475 4229
f 452 463 4231
f 4231 463 4232
f 463 4233 4232
f 452 4231 462
f 463 462 4233
f 449 450 4234
f 4234 449 4235
f 442 440 4236
f 4236 440 4237
f 440 4228 4237
f 442 4236 441
f 441 4236 4227
f 440 441 4228
f 4228 441 4227
f 479 478 4238
f 4238 478 4239
f 478 481 4239
f 479 4238 422
f 481 422 4238
f 487 336 2255
f 2255 336 2254
f 489 4240 336
f 336 4240 2254
f 487 2255 488
f 488 2255 4241
f 489 488 4240
f 4240 488 4241
f 315 499 2258
f 2258 499 4242
f 499 500 4242
f 315 2258 501
f 501 2258 4243
f 500 501 4243
f 198 200 4244
f 4244 200 2261
f 200 2260 2261
f 200 198 2260
f 2260 198 4244
f 385 411 4245
f 4245 411 4246
f 412 4246 411
f 412 385 4246
f 4246 385 4245
f 409 434 4247
f 297 4248 434
f 409 4247 298
f 297 298 4248
f 4248 298 4247
f 432 295 4249
f 4249 295 4250
f 295 432 4250
f 4250 432 4249
f 433 412 4251
f 4251 412 4252
f 431 4250 412
f 412 4250 4252
f 433 4251 432
f 432 4251 4249
f 431 432 4250
f 296 4253 297
f 297 4253 4248
f 275 298 4254
f 296 275 4253
f 4253 275 4254
f 2281 318 4255
f 428 4255 318
f 315 2281 427
f 427 2281 4256
f 428 427 4255
f 4255 427 4256
f 336 347 4257
f 4257 347 4258
f 349 4258 347
f 336 4257 350
f 349 350 4258
f 4258 350 4257
f 266 4259 296
f 296 4259 4253
f 266 274 4259
f 403 401 4260
f 4260 401 4261
f 401 402 4261
f 403 4260 273
f 273 4260 4262
f 402 273 4262
f 251 252 4263
f 4263 252 4264
f 252 251 4264
f 400 401 4265
f 4265 401 4266
f 401 4261 4266
f 400 4265 4267
f 401 400 4261
f 4261 400 4267
f 392 395 4268
f 4268 395 4269
f 392 4268 394
f 395 394 4269
f 395 4269 396
f 395 399 4269
f 4269 399 4270
f 369 370 4271
f 4271 370 4272
f 370 369 4272
f 4272 369 4271
f 260 262 4273
f 263 4274 262
f 263 260 4274
f 4274 260 4273
f 283 257 4275
f 284 4275 257
f 284 283 4275
f 4275 283 4276
f 381 380 4277
f 4277 380 4278
f 359 4278 380
f 381 4277 4279
f 359 381 4278
f 4278 381 4279
f 419 415 4280
f 4280 415 4281
f 364 2298 415
f 415 2298 4281
f 419 4280 414
f 414 4280 2293
f 364 414 2298
f 2298 414 2293
f 355 367 4282
f 4282 367 4283
f 197 4283 367
f 355 4282 368
f 368 4282 4284
f 197 368 4283
f 4283 368 4284
f 300 302 4285
f 4285 302 4286
f 302 258 4286
f 258 300 4285
f 348 349 4287
f 4287 349 4288
f 346 2272 349
f 349 2272 4288
f 348 4287 4289
f 346 348 2272
f 2272 348 4289
f 427 428 4256
f 4256 428 4290
f 425 4291 428
f 428 4291 4290
f 427 4256 426
f 426 4256 4292
f 425 426 4291
f 4291 426 4292
f 366 360 4279
f 4279 360 4293
f 360 2299 4293
f 360 366 2299
f 285 284 4276
f 4276 284 2301
f 288 4294 284
f 284 4294 2301
f 285 4276 4295
f 288 285 4294
f 4294 285 4295
f 271 270 4296
f 293 4297 270
f 271 4296 272
f 293 272 4297
f 272 293 4298
f 4298 293 4297
f 405 4299 293
f 293 4299 4297
f 272 4298 404
f 405 404 4299
f 384 376 4300
f 4300 376 2303
f 378 2316 376
f 376 2316 2303
f 384 4300 383
f 383 4300 4301
f 2316 383 4301
f 276 278 4302
f 4302 278 2305
f 278 2309 2305
f 276 4302 277
f 278 277 2309
f 237 239 4303
f 4303 239 4304
f 239 4305 4304
f 237 4303 220
f 220 4303 4306
f 239 220 4305
f 4305 220 4306
f 218 238 4307
f 4307 238 4308
f 218 4307 213
f 213 4307 4309
f 238 213 4309
f 355 358 4310
f 4310 358 4311
f 367 4283 358
f 358 4283 4311
f 367 355 4283
f 2295 255 4312
f 255 302 4312
f 303 2295 301
f 301 2295 4285
f 302 301 4285
f 4221 2251 2250
f 4247 434 4248
f 4251 4252 4249
f 4249 4252 4250
f 298 4248 4254
f 4254 4248 4253
f 4222 4223 4224
f 4224 4223 491
f 497 498 4226
f 2281 4255 4256
f 4231 4232 462
f 462 4232 4233
f 4236 4237 4227
f 4227 4237 4228
f 4238 4239 481
f 2255 2254 4241
f 4241 2254 4240
f 2258 4242 4243
f 4243 4242 500
f 275 4253 274
f 274 4253 4259
f 4260 4261 4262
f 4262 4261 402
f 4263 4264 251
f 4265 4266 4267
f 4267 4266 4261
f 4268 4269 394
f 4244 2261 2260
f 399 396 4270
f 4270 396 4269
f 4273 262 4274
f 4277 4278 4279
f 4280 4281 2293
f 2293 4281 2298
f 4282 4283 4284
f 4285 4286 258
f 4287 4288 4289
f 4289 4288 2272
f 4256 4290 4292
f 4292 4290 4291
f 4279 4293 366
f 366 4293 2299
f 4276 2301 4295
f 4295 2301 4294
f 4296 270 272
f 272 270 4297
f 4298 4297 404
f 404 4297 4299
f 4300 2303 4301
f 4301 2303 2316
f 4302 2305 277
f 277 2305 2309
f 4303 4304 4306
f 4306 4304 4305
f 4307 4308 4309
f 4309 4308 238
f 4310 4311 355
f 355 4311 4283
f 2295 4312 4285
f 4285 4312 302
f 4313 4314 4315
f 4315 4314 724
f 4315 724 4316
f 4316 724 4317
f 4316 4317 4318
f 4318 4319 4316
f 4316 4319 4320
f 4316 4320 4321
f 4321 4320 4322
f 4321 4322 4323
f 4321 4323 4324
f 4324 4323 4325
f 4324 4325 4326
f 4324 4326 4327
f 4327 4326 4328
f 4323 4329 4325
f 4325 4329 4330
f 4325 4330 4331
f 4325 4331 4332
f 4332 4331 4333
f 4332 4333 4317
f 724 4332 4317
f 3730 3719 3736
f 3736 3719 4334
f 3736 4334 4335
f 4335 4334 4330
f 4334 735 4330
f 4330 735 4331
f 735 4336 4331
f 4331 4336 4333
f 4333 4336 4317
f 4317 4336 3752
f 4317 3752 4318
f 4318 3752 3742
f 4318 3742 4319
f 4319 3742 3740
f 4319 3740 4320
f 4320 3740 3738
f 4320 3738 4322
f 4322 3738 4337
f 3738 3736 4337
f 4337 3736 4335
f 3742 3752 4338
f 4338 3752 4339
f 4340 4341 4342
f 4342 4341 4343
f 4342 4343 4344
f 4344 4343 4345
f 4344 4345 4346
f 4346 4347 4344
f 4344 4347 4348
f 4344 4348 4349
f 4349 4348 4350
f 4349 4350 4351
f 4349 4351 4352
f 4352 4351 4353
f 4352 4353 4354
f 4352 4354 4355
f 4355 4354 4356
f 4351 4357 4353
f 4353 4357 4358
f 4353 4358 4359
f 4353 4359 4360
f 4360 4359 4361
f 4360 4361 4345
f 4343 4360 4345
f 4362 4363 4364
f 4364 4363 4365
f 4364 4365 4357
f 4357 4365 4358
f 4365 4366 4358
f 4358 4366 4359
f 4366 3928 4359
f 4359 3928 4361
f 4361 3928 4367
f 4367 3928 3926
f 4367 3926 4368
f 4368 3926 4369
f 4368 4369 4347
f 4347 4369 4370
f 4347 4370 4348
f 4348 4370 4371
f 4348 4371 4350
f 4350 4371 4351
f 4371 4364 4351
f 4351 4364 4357
f 4369 3926 4372
f 4372 3926 3924
f 4330 4329 4335
f 4329 4323 4335
f 4335 4323 4337
f 4323 4322 4337
f 4325 4332 736
f 4332 724 736
f 4336 735 724
f 724 735 736
f 735 4334 736
f 736 4334 4325
f 4334 3719 4325
f 4325 3719 4326
f 3719 3730 4326
f 4326 3730 4328
f 3730 3736 4328
f 4328 3736 4327
f 3736 3738 4327
f 4327 3738 4324
f 3738 3740 4324
f 4324 3740 4321
f 3740 3742 4321
f 4321 3742 4316
f 3742 4338 4316
f 4316 4338 4315
f 4338 4339 4315
f 4315 4339 4313
f 4339 3752 4313
f 4313 3752 4314
f 3752 4336 4314
f 4314 4336 724
f 4347 4346 4368
f 4346 4345 4368
f 4368 4345 4367
f 4345 4361 4367
f 4344 4349 833
f 4349 4352 833
f 3928 4366 4343
f 4343 4366 4360
f 4366 4365 4360
f 4360 4365 4353
f 4365 4363 4353
f 4353 4363 4354
f 4363 4362 4354
f 4354 4362 4356
f 4362 4364 4356
f 4356 4364 4355
f 4364 4371 4355
f 4355 4371 4352
f 4371 4370 4352
f 4352 4370 833
f 4370 4369 833
f 833 4369 4344
f 4369 4372 4344
f 4344 4372 4342
f 4372 3924 4342
f 4342 3924 4340
f 3924 3926 4340
f 4340 3926 4341
f 3926 3928 4341
f 4341 3928 4343
f 129 128 4373
f 4373 128 4374
f 131 4375 128
f 128 4375 4374
f 129 4373 130
f 130 4373 4376
f 131 130 4375
f 4375 130 4376
f 676 675 4377
f 4377 675 4378
f 674 4379 675
f 675 4379 4378
f 676 4377 695
f 695 4377 4380
f 674 695 4379
f 4379 695 4380
f 685 687 4381
f 4381 687 4382
f 694 1618 687
f 687 1618 4382
f 685 4381 684
f 684 4381 4383
f 694 684 1618
f 1618 684 4383
f 671 670 4384
f 4384 670 4385
f 673 4386 670
f 670 4386 4385
f 671 4384 677
f 677 4384 4387
f 673 677 4386
f 4386 677 4387
f 127 120 4388
f 4388 120 4389
f 120 2178 4389
f 4389 2178 4390
f 4390 2178 2209
f 127 4388 2208
f 2209 2208 4390
f 4391 4392 2217
f 2217 4392 4393
f 4392 4391 4394
f 4394 4391 4395
f 2217 4396 4391
f 4391 4396 4395
f 4392 4394 4393
f 4393 4394 4397
f 2217 4393 4396
f 4396 4393 4397
f 4394 4395 4397
f 4397 4395 4396
f 4388 4389 2208
f 2208 4389 4390
f 4373 4374 4376
f 4376 4374 4375
f 4398 4399 4400
f 4400 4399 4401
f 4399 4398 4402
f 4402 4398 4403
f 4400 4404 4398
f 4398 4404 4403
f 4399 4402 4401
f 4401 4402 4405
f 4400 4401 4404
f 4404 4401 4405
f 4402 4403 4405
f 4405 4403 4404
f 4400 4406 4398
f 4398 4406 4407
f 4406 4400 4408
f 4408 4400 4404
f 4398 4403 4400
f 4400 4403 4404
f 4406 4408 4407
f 4407 4408 4409
f 4398 4407 4403
f 4403 4407 4409
f 4408 4404 4409
f 4409 4404 4403
f 4377 4378 4380
f 4380 4378 4379
f 4381 4382 4383
f 4383 4382 1618
f 4384 4385 4387
f 4387 4385 4386
f 431 474 4410
f 4410 474 4411
f 456 4412 474
f 474 4412 4411
f 431 4410 455
f 455 4410 4413
f 456 455 4412
f 4412 455 4413
f 461 465 4414
f 4414 465 4415
f 454 4416 465
f 465 4416 4415
f 461 4414 460
f 460 4414 4417
f 454 460 4416
f 4416 460 4417
f 220 221 4418
f 4418 221 4419
f 236 4420 221
f 221 4420 4419
f 220 4418 237
f 237 4418 4421
f 236 237 4420
f 4420 237 4421
f 213 212 4422
f 4422 212 4423
f 216 4424 212
f 212 4424 4423
f 213 4422 218
f 218 4422 4425
f 216 218 4424
f 4424 218 4425
f 4418 4419 4421
f 4421 4419 4420
f 4422 4423 4425
f 4425 4423 4424
f 4410 4411 4413
f 4413 4411 4412
f 4414 4415 4417
f 4417 4415 4416
f 4426 2337 4427
f 4428 4429 4430
f 4430 4428 4431
f 4432 4433 4434
f 4435 4436 4437
f 4428 4429 4438
f 4438 4429 4439
f 4439 4440 4441
f 4442 4443 4437
f 4437 4443 4435
f 4426 4427 4444
f 4444 4427 4445
f 2337 4426 2343
f 4444 4446 4426
f 4426 4446 2343
f 4447 2343 4448
f 4447 4448 4449
f 4449 4448 4450
f 4449 4450 4451
f 4451 4450 4452
f 4452 4453 4451
f 4452 4454 4453
f 4446 4455 2343
f 2343 4455 4456
f 2343 4456 4457
f 4457 4456 4458
f 4457 4458 4459
f 4459 4458 4460
f 4459 4460 4461
f 4461 4460 4462
f 4461 4462 4463
f 4463 4462 4464
f 4463 4464 4465
f 4465 4464 4466
f 4464 4467 4466
f 4466 4467 4468
f 4467 4469 4468
f 4468 4469 4470
f 4469 4471 4470
f 4470 4471 4472
f 4471 4473 4472
f 4472 4473 4474
f 4473 4475 4474
f 4474 4475 4476
f 4475 4477 4476
f 4476 4477 4478
f 4477 4479 4478
f 4478 4479 4480
f 4479 4481 4480
f 4480 4481 4482
f 4480 4482 4483
f 4483 4482 4484
f 4483 4484 4485
f 4485 4484 4486
f 4485 4486 4487
f 4487 4486 4488
f 4487 4488 4489
f 4489 4488 4490
f 4489 4490 4491
f 4491 4490 4492
f 4491 4492 4493
f 4493 4492 4455
f 4493 4455 4494
f 4455 4492 4456
f 4489 4491 4487
f 4487 4491 4485
f 4491 4493 4485
f 4485 4493 4483
f 2331 2332 4495
f 4495 2332 4496
f 4495 4496 4497
f 4496 2332 4498
f 4498 2332 4499
f 4498 4499 4500
f 4498 4500 4501
f 4501 4500 4502
f 4501 4502 1089
f 1089 4502 1082
f 4502 4503 1082
f 1082 4503 1079
f 4503 4504 1079
f 1079 4504 4450
f 1079 4450 1077
f 1077 4450 4448
f 1077 4448 4505
f 1077 4505 1089
f 1089 4505 4506
f 1089 4506 4501
f 4505 4448 4507
f 4507 4448 4457
f 4507 4457 1059
f 1059 4457 1071
f 1071 4457 4508
f 1071 4508 4509
f 1071 4509 1064
f 4509 4510 1064
f 1064 4510 1061
f 1061 4510 1059
f 1059 4510 4507
f 4457 4448 2343
f 4450 4504 4452
f 4452 4504 4454
f 4454 4504 4511
f 4511 4504 4500
f 4500 4504 4512
f 4500 4512 4502
f 4461 4463 4459
f 4459 4463 4465
f 4459 4465 4457
f 4457 4465 4466
f 4457 4466 4513
f 4513 4466 4468
f 4513 4468 4470
f 4457 4513 4508
f 4513 4514 4508
f 4508 4514 4515
f 4515 4514 4516
f 1793 1886 4517
f 4517 1886 4518
f 1792 4519 1885
f 1885 4519 1198
f 1885 1198 1886
f 1886 1198 1008
f 1886 1008 1200
f 1200 1001 1886
f 1886 1001 1201
f 1886 1201 4518
f 4518 1201 1003
f 4518 1003 4520
f 4520 1003 4521
f 1003 1203 4521
f 4521 1203 1006
f 4521 1006 4519
f 4519 1006 1198
f 4518 4520 4522
f 4522 4520 4523
f 4522 4523 4524
f 4525 1793 1795
f 1793 4517 1795
f 1795 4517 4526
f 4526 4517 4518
f 4526 4518 4527
f 4527 4518 4522
f 4527 4522 4528
f 4528 4522 4524
f 4528 4524 4529
f 4524 4523 4529
f 4529 4523 4530
f 4531 4532 1165
f 4532 4533 1165
f 4534 4535 1169
f 4535 4536 1169
f 1081 1088 4537
f 4537 1088 4538
f 4537 4538 1051
f 1051 4538 4539
f 1051 4539 4540
f 4540 4539 4541
f 4541 4539 4542
f 4542 4539 4543
f 4543 4539 4544
f 4544 4539 4545
f 4544 4545 4546
f 4546 4545 1087
f 4544 4546 4547
f 4547 4546 1076
f 4547 1076 4548
f 4548 1076 4549
f 1076 1083 4549
f 4549 1083 4550
f 1083 4551 4550
f 4550 4551 1084
f 4550 1084 1086
f 4547 4548 4552
f 4547 4552 4553
f 4553 4552 4554
f 4554 4552 4543
f 4543 4552 4555
f 4543 4555 4556
f 4556 4557 4543
f 4543 4557 4558
f 4543 4558 4542
f 4542 4558 4559
f 4559 4558 4560
f 4559 4560 2342
f 2342 4560 4561
f 4561 4560 4562
f 4562 4560 4526
f 4562 4526 1013
f 1013 4526 4563
f 4526 4527 4563
f 4563 4527 1014
f 4527 4528 1014
f 1014 4528 1009
f 4528 4529 1009
f 4529 4530 1009
f 1009 4530 4564
f 1009 4564 1010
f 1010 4564 4565
f 1010 4565 4566
f 4566 4565 1045
f 4566 1045 1012
f 1012 1045 1011
f 1045 1051 1011
f 1051 4540 1011
f 1011 4540 4562
f 1011 4562 1013
f 4565 4567 1045
f 1045 4567 1794
f 1045 1794 4568
f 4526 4560 1795
f 1795 4560 4525
f 4560 4569 4525
f 4525 4569 4570
f 4525 4570 4571
f 4525 4571 4572
f 4572 4571 4573
f 4572 4573 4574
f 4574 4573 4575
f 4574 4575 4576
f 4576 4575 4577
f 4576 4577 4578
f 4576 4578 4579
f 4579 4578 4580
f 4578 4581 4580
f 4580 4581 4582
f 4580 4582 4568
f 4568 4582 4583
f 4568 4583 1045
f 1045 4583 150
f 1045 150 1052
f 1052 150 1050
f 150 4583 4584
f 4575 4585 4577
f 4577 4585 4586
f 4585 4587 4586
f 4586 4587 4588
f 4588 4587 4589
f 4537 1051 1086
f 1086 1051 1162
f 1086 1162 4536
f 4536 4535 1086
f 1086 4535 4550
f 4535 4534 4550
f 4550 4534 1168
f 4550 1168 979
f 979 983 4550
f 4550 983 1166
f 4550 1166 1058
f 1058 1166 4533
f 1058 4533 4532
f 1058 1065 4550
f 4550 1065 4590
f 4550 4590 4591
f 4591 4590 4592
f 4591 4592 4593
f 4591 4593 4594
f 4594 4593 4595
f 4594 4595 4596
f 4596 4595 4597
f 4596 4597 4598
f 4598 4597 4599
f 4598 4599 4600
f 4600 4599 4601
f 4600 4601 4602
f 4600 4602 4603
f 4603 4602 4604
f 4604 4602 4605
f 4605 4602 150
f 4605 150 4606
f 4606 150 4607
f 4606 4607 4608
f 4608 4609 4606
f 4606 4609 4610
f 4606 4610 4611
f 4606 4611 4612
f 4612 4611 4613
f 4612 4613 150
f 150 4613 4614
f 150 4614 4615
f 4615 4616 150
f 150 4616 4617
f 150 4617 4607
f 4602 4618 150
f 150 4618 4619
f 150 4619 4620
f 4620 4621 150
f 150 4621 4622
f 150 4622 4623
f 4592 4590 4624
f 4624 4590 4625
f 4590 1066 4625
f 4625 1066 1068
f 4625 1068 4626
f 4626 1068 4623
f 4623 1068 150
f 150 1068 4627
f 150 4627 4628
f 150 4628 1050
f 1068 1070 4627
f 4627 1070 4629
f 4629 1070 1063
f 4629 1063 1048
f 1063 1069 1048
f 1048 1069 4630
f 4630 1069 1058
f 4630 1058 1047
f 1047 1058 4532
f 1047 4532 1040
f 1040 4532 4531
f 1040 4531 1164
f 1164 988 1040
f 1040 988 1051
f 988 975 1051
f 1051 975 1162
f 4523 4520 4530
f 4530 4520 4564
f 4520 4521 4564
f 4564 4521 4565
f 4521 4519 4565
f 4565 4519 4567
f 4519 1792 4567
f 4567 1792 1794
f 1794 1792 4568
f 4560 4558 4631
f 4631 4558 4632
f 4558 4557 4632
f 4632 4557 4633
f 4557 4556 4633
f 4633 4556 4634
f 4556 4555 4634
f 4634 4555 4635
f 4555 4552 4635
f 4635 4552 30
f 592 4548 4636
f 4636 4548 4549
f 4636 4549 4637
f 4637 4549 4550
f 4637 4550 4638
f 4638 4550 4591
f 4638 4591 4639
f 4639 4591 4594
f 4639 4594 4640
f 4640 4594 4596
f 4640 4596 4641
f 4641 4596 4598
f 4641 4598 4642
f 4642 4598 2230
f 4598 4600 2230
f 4643 4603 4644
f 4644 4603 4604
f 4644 4604 4605
f 4644 4605 4645
f 4645 4605 4606
f 4645 4606 4646
f 4646 4606 4612
f 4646 4612 4647
f 4455 4647 4494
f 4494 4647 4612
f 4494 4612 150
f 4494 150 4648
f 4648 150 4649
f 150 4650 4649
f 2331 4495 4583
f 4651 4652 4495
f 4495 4652 4584
f 4495 4584 4583
f 4583 4582 2331
f 2331 4582 4581
f 4588 4589 2327
f 2327 4589 4587
f 4571 4570 2337
f 2337 4570 4569
f 4569 4560 4427
f 4427 4560 4445
f 4560 4631 4445
f 4427 2337 4569
f 4650 4652 4649
f 4649 4652 4651
f 4455 4446 4647
f 4647 4446 4646
f 4631 4632 4445
f 4445 4632 4444
f 4632 4633 4444
f 4444 4633 4634
f 4444 4634 4635
f 4635 30 4444
f 4444 30 592
f 4444 592 4636
f 4636 4637 4444
f 4444 4637 4446
f 4637 4638 4446
f 4446 4638 4639
f 4446 4639 4646
f 4646 4639 4645
f 4639 4640 4645
f 4645 4640 4644
f 4640 4641 4644
f 4644 4641 4643
f 4641 4642 4643
f 4643 4642 2230
f 4508 4515 4509
f 4509 4515 4653
f 4509 4653 4510
f 4510 4653 1165
f 4510 1165 4533
f 4533 1166 4510
f 4510 1166 983
f 4510 983 4507
f 4507 983 979
f 4507 979 1168
f 1168 4534 4507
f 4507 4534 4505
f 4534 1169 4505
f 4505 1169 4496
f 4505 4496 4498
f 4505 4498 4506
f 4506 4498 4501
f 1169 4536 4496
f 4496 4536 1162
f 4496 1162 975
f 4496 975 4497
f 4497 975 988
f 4497 988 1164
f 1164 4531 4497
f 4497 4531 4653
f 4653 4531 1165
f 4456 4492 4458
f 4458 4492 4460
f 4484 4482 4486
f 4486 4482 4481
f 4486 4481 4488
f 4488 4481 4654
f 4488 4654 4655
f 4488 4655 4490
f 4490 4655 4656
f 4490 4656 4492
f 4492 4656 4657
f 4492 4657 4460
f 4460 4657 4658
f 4460 4658 4659
f 4481 4479 4654
f 4654 4479 4660
f 4479 4477 4660
f 4660 4477 4661
f 4477 4475 4661
f 4661 4475 4662
f 4475 4473 4662
f 4662 4473 4663
f 4473 4471 4663
f 4663 4471 4659
f 4471 4469 4659
f 4659 4469 4460
f 4460 4469 4462
f 4462 4469 4464
f 4469 4467 4464
f 2337 4572 4571
f 4573 4574 4576
f 4573 4576 4575
f 4575 4577 4586
f 4575 4586 4585
f 4585 4586 4588
f 4585 4588 4587
f 4587 4588 2327
f 4576 4579 4577
f 4577 4579 4578
f 4580 4568 4581
f 4581 4568 2331
f 4572 2337 4525
f 4525 2337 2343
f 4525 2343 1793
f 1793 2343 1886
f 4500 4499 4511
f 4511 4499 2332
f 4511 2332 4454
f 4454 2332 2331
f 4454 2331 1885
f 1885 2331 1792
f 1792 2331 4568
f 4449 4451 4447
f 4447 4451 4453
f 4447 4453 2343
f 2343 4453 4664
f 2343 4664 2370
f 2343 2370 4553
f 2343 4553 4665
f 4453 4454 4664
f 4664 4454 4544
f 4454 1885 4544
f 4544 1885 4666
f 4666 1885 4543
f 4543 1885 4667
f 4667 1885 4554
f 4554 1885 4668
f 4554 4668 4541
f 4554 4541 4665
f 4665 4541 2343
f 4541 4542 2343
f 2343 4542 4669
f 2343 4669 4559
f 4559 2342 2343
f 2343 2342 1886
f 1886 2342 1885
f 2342 4562 1885
f 1885 4562 4670
f 1885 4670 4540
f 4668 1885 4540
f 4671 4672 4673
f 4673 4672 4674
f 4675 4676 4672
f 4672 4676 4674
f 4672 4671 4675
f 4675 4671 4677
f 4671 4673 4677
f 4677 4673 4678
f 4675 4677 4676
f 4676 4677 4678
f 4673 4674 4678
f 4678 4674 4676
f 4679 4680 4681
f 4681 4680 4682
f 4683 4684 4680
f 4680 4684 4682
f 4680 4679 4683
f 4683 4679 4685
f 4679 4681 4685
f 4685 4681 4686
f 4683 4685 4684
f 4684 4685 4686
f 4681 4682 4686
f 4686 4682 4684
f 4687 4688 4689
f 4689 4688 4690
f 4688 4687 4690
f 4690 4687 4689
f 4691 2370 4665
f 4665 4692 4691
f 4665 2370 4692
f 2370 4691 4692
f 4693 4694 4691
f 4691 4695 4693
f 4691 4694 4695
f 4695 4694 4696
f 4694 4693 4696
f 4696 4693 4695
f 4697 4698 4699
f 4699 4698 4700
f 4698 4697 4700
f 4700 4697 4699
f 4701 2371 4702
f 4703 4704 4705
f 4705 4704 4706
f 4704 4703 4706
f 4706 4703 4705
f 4707 4708 4709
f 4709 4708 4710
f 4708 4707 4710
f 4710 4707 4709
f 4711 2365 4712
f 4713 2362 4714
f 4714 2362 4715
f 2362 4713 4715
f 4715 4713 4714
f 4716 4717 4718
f 4718 4717 4719
f 4717 4716 4719
f 4719 4716 4718
f 4720 4721 4703
f 4703 4721 4704
f 4721 4720 4704
f 4704 4720 4703
f 4722 4723 4715
f 4715 4723 4714
f 4723 4722 4714
f 4714 4722 4715
f 4724 4725 4711
f 4725 4724 4710
f 4710 4724 4709
f 4711 4726 4724
f 4724 4726 4709
f 4725 4710 4727
f 4711 4725 4726
f 4726 4725 4727
f 4710 4709 4727
f 4727 4709 4726
f 4712 4728 4707
f 4728 4712 4709
f 4707 4729 4712
f 4712 4729 4709
f 4707 4728 4729
f 4729 4728 4730
f 4728 4709 4730
f 4730 4709 4729
f 4731 4732 4733
f 4733 4732 4734
f 4732 4731 4734
f 4734 4731 4733
f 2364 4735 4705
f 4735 4736 4705
f 4735 2364 4736
f 2364 4705 4736
f 4737 2368 4738
f 4738 2368 4739
f 2368 4737 4739
f 4739 4737 4738
f 4740 4741 4742
f 4742 4741 4743
f 4741 4740 4743
f 4743 4740 4742
f 4667 4664 4693
f 4693 4664 4694
f 4664 4667 4744
f 4744 4667 4745
f 4667 4693 4745
f 4664 4744 4694
f 4744 4745 4694
f 4694 4745 4693
f 4746 4747 4739
f 4739 4747 4738
f 4747 4746 4738
f 4738 4746 4739
f 4748 4749 4701
f 4749 4748 4700
f 4700 4748 4699
f 4701 4750 4748
f 4748 4750 4699
f 4749 4700 4751
f 4701 4749 4750
f 4750 4749 4751
f 4700 4699 4751
f 4751 4699 4750
f 4702 4752 4697
f 4752 4702 4699
f 4697 4753 4702
f 4702 4753 4699
f 4697 4752 4753
f 4753 4752 4754
f 4752 4699 4754
f 4754 4699 4753
f 4755 4756 4757
f 4757 4756 4758
f 4756 4755 4758
f 4758 4755 4757
f 4759 4760 4761
f 4761 4760 4762
f 4760 4759 4762
f 4762 4759 4761
f 4757 4758 4763
f 4763 4758 4764
f 4758 4757 4764
f 4764 4757 4763
f 4765 4766 4767
f 4767 4766 4768
f 4766 4765 4768
f 4768 4765 4767
f 4769 4770 4771
f 4771 4770 4772
f 4770 4769 4772
f 4772 4769 4771
f 4773 4774 4769
f 4769 4774 4770
f 4774 4773 4770
f 4770 4773 4769
f 4775 4776 4777
f 4777 4776 4778
f 4777 4779 4775
f 4775 4779 4780
f 4780 4781 4775
f 4775 4781 4776
f 4779 4782 4780
f 4780 4782 4781
f 4777 4778 4779
f 4779 4778 4782
f 4782 4778 4781
f 4781 4778 4776
f 4783 4784 4785
f 4785 4784 4786
f 4785 4787 4783
f 4783 4787 4788
f 4788 4789 4783
f 4783 4789 4784
f 4787 4790 4788
f 4788 4790 4789
f 4785 4786 4787
f 4787 4786 4790
f 4790 4786 4789
f 4789 4786 4784
f 2372 4672 4791
f 4791 4672 4747
f 4747 4672 4792
f 4792 4672 4793
f 4672 2372 4793
f 4793 2372 4794
f 2372 4791 4794
f 4794 4791 4795
f 4791 4747 4795
f 4795 4747 4792
f 4793 4794 4792
f 4792 4794 4795
f 2366 4680 4796
f 4796 4680 4723
f 4723 4680 4797
f 4797 4680 4798
f 4680 2366 4798
f 4798 2366 4799
f 2366 4796 4799
f 4799 4796 4800
f 4796 4723 4800
f 4800 4723 4797
f 4798 4799 4797
f 4797 4799 4800
f 739 738 1841
f 1841 738 1838
f 1841 1838 4801
f 4801 4802 1841
f 1841 4802 4803
f 1841 4803 4804
f 4804 4803 4805
f 4805 4803 4806
f 4803 4802 4806
f 4806 4802 4807
f 4807 4802 4808
f 4808 4802 4809
f 4809 4802 712
f 4809 712 4808
f 4808 712 4810
f 4810 712 4809
f 4811 709 4812
f 4812 709 4813
f 4812 4813 4811
f 4811 4813 4814
f 4811 4814 4812
f 4814 4813 4815
f 4815 4813 4816
f 4816 4813 4817
f 4816 4817 4818
f 4818 4817 1769
f 4816 4818 4819
f 1769 4820 4818
f 4818 4820 4817
f 4818 4817 4821
f 4821 4817 4822
f 4821 4822 4352
f 4352 4822 4823
f 4352 4823 4824
f 4824 4823 4825
f 4824 4825 4826
f 4826 4825 4827
f 4827 4825 4828
f 4821 4352 4829
f 4829 4352 4830
f 4352 4824 4830
f 4817 4820 4822
f 4822 4820 4831
f 4822 4831 4823
f 4823 4831 4832
f 4823 4832 4825
f 4825 4832 4828
f 4828 4832 831
f 831 4832 833
f 833 4832 4831
f 1769 4817 1766
f 1769 1766 697
f 1769 697 696
f 1766 4817 4833
f 4833 4817 4813
f 709 744 4813
f 4813 744 4834
f 709 4812 844
f 712 4802 741
f 738 739 846
f 846 739 845
f 4835 4836 4837
f 4838 4839 4840
f 4805 4806 4804
f 4804 4806 4841
f 4804 4841 4842
f 4842 4841 4843
f 4843 4844 4842
f 4842 4845 4846
f 4842 4846 4804
f 4847 4848 4849
f 4849 4848 4850
f 4848 1875 4850
f 4850 1875 1877
f 4850 1877 4851
f 4851 4852 4850
f 4850 4852 4853
f 4850 4853 4854
f 4854 4853 4855
f 4855 4856 4854
f 4854 4856 4857
f 4857 4858 4859
f 4859 4858 4860
f 4859 4860 4861
f 4861 4862 4859
f 4859 4862 4863
f 4863 4862 4864
f 4863 4864 4865
f 4865 4866 4863
f 4863 4866 1856
f 4863 1856 4843
f 4843 1856 1854
f 4843 1854 4867
f 4843 4867 4844
f 4844 4867 4842
f 4863 4843 4859
f 4859 4843 4868
f 4859 4868 4869
f 4859 4869 4870
f 4870 4871 4859
f 4859 4871 4857
f 4871 4872 4857
f 4872 4873 4857
f 4857 4873 4850
f 4857 4850 4854
f 4860 4858 4874
f 4874 4858 4857
f 4874 4857 4875
f 4875 4857 4856
f 4876 4808 4810
f 4807 4808 4841
f 4808 4869 4841
f 4869 4868 4841
f 4841 4868 4843
f 4841 4806 4807
f 739 1841 845
f 1838 738 846
f 4877 4802 4801
f 4877 4801 1838
f 4878 4879 4836
f 4836 4879 4880
f 4836 4880 4837
f 4837 4880 4881
f 4845 4882 4840
f 4840 4882 4883
f 4882 4839 4883
f 4839 4884 4883
f 4885 4821 4847
f 4847 4885 4818
f 4886 4887 1875
f 1875 4887 1877
f 4887 4852 1877
f 1877 4852 4851
f 4865 4888 4866
f 4866 4888 1856
f 4888 4889 1856
f 1856 4889 1854
f 4804 4842 4805
f 4805 4842 4806
f 4806 4842 4841
f 4841 4842 4844
f 4807 4890 4841
f 4807 4841 4843
f 4843 4890 4807
f 4890 4806 4841
f 4841 4806 4843
f 813 4891 815
f 815 4891 4892
f 4893 4892 4894
f 4894 4892 4891
f 809 1653 811
f 811 1653 4895
f 4896 811 4895
f 4885 4847 4897
f 4847 4849 4897
f 4897 4849 4850
f 4897 4850 1872
f 1872 4850 4886
f 1872 4886 1875
f 1875 1873 1872
f 4886 4850 4887
f 4887 4850 4854
f 4887 4854 4852
f 4852 4854 4853
f 4854 4850 4898
f 4898 4850 4899
f 4898 4899 4873
f 4873 4872 4898
f 4872 4871 4898
f 4898 4871 4870
f 4898 4870 4900
f 4900 4870 4876
f 4876 4869 4900
f 4900 4869 4868
f 4900 4868 4890
f 4846 4901 4902
f 4902 4901 4842
f 4842 4901 4844
f 4901 1851 4844
f 4844 1851 4841
f 1852 1854 1851
f 1851 1854 4841
f 1854 4889 4841
f 4841 4889 4888
f 4841 4888 4865
f 4895 4861 4860
f 4895 4860 1653
f 4860 4874 1653
f 1653 4874 4895
f 4895 4874 4859
f 4895 4859 4861
f 4861 4859 4863
f 4861 4863 4862
f 4865 4863 4841
f 4841 4863 4843
f 4843 4863 4890
f 4890 4863 4900
f 4863 4859 4900
f 4900 4859 4858
f 4900 4858 4857
f 4857 4858 4892
f 4857 4892 4856
f 4856 4892 4875
f 4892 4891 4875
f 4875 4891 4858
f 4875 4858 4874
f 4874 4858 4859
f 4858 4891 4892
f 4856 4855 4857
f 4857 4855 4853
f 4857 4853 4854
f 4854 4898 4857
f 4857 4898 4900
f 4896 4895 1654
f 4903 4807 4808
f 4808 4807 4890
f 4808 4890 4868
f 4868 4869 4808
f 4840 4839 4845
f 4839 4884 4845
f 4845 4884 4846
f 4884 4904 4846
f 4846 4904 4804
f 4804 4904 4905
f 4846 4902 4804
f 4804 4902 4842
f 4882 4845 4839
f 4884 4846 4882
f 3715 4906 3711
f 3711 4906 4907
f 3711 4907 4908
f 4906 735 4909
f 4909 735 4910
f 4910 735 736
f 4906 4909 4907
f 4907 4909 4911
f 4907 4911 4908
f 4908 4911 4904
f 4909 4910 4911
f 4911 4910 4912
f 4838 4883 4839
f 4884 3707 4904
f 4904 3707 4908
f 3707 3711 4908
f 4913 4910 4914
f 4869 4808 4876
f 1851 4901 1852
f 1852 4901 1854
f 1854 4901 4867
f 4867 4901 4846
f 4867 4846 4842
f 4883 4838 4840
f 4906 3715 4909
f 4909 3715 3711
f 3711 4907 4909
f 4909 4911 735
f 735 4911 736
f 3711 3707 4907
f 4907 3707 4909
f 4909 3707 4911
f 4910 4911 4915
f 4910 4915 4912
f 4912 4915 4916
f 4912 4916 4913
f 4913 4916 4804
f 4804 4916 4846
f 4846 4916 4915
f 4846 4915 4917
f 4917 4915 4911
f 4917 4911 4884
f 4884 4911 3707
f 4884 4882 4917
f 4917 4882 4846
f 4913 4914 4912
f 4912 4914 4910
f 4910 1842 4911
f 4911 1842 736
f 4910 736 1842
f 845 1841 846
f 846 1841 1838
f 4804 4806 4803
f 4804 4803 4913
f 4913 4803 1841
f 1841 4803 1838
f 1838 4803 4877
f 4877 4803 4802
f 741 4802 4918
f 741 4918 743
f 743 4918 712
f 712 4918 4809
f 4809 4918 4802
f 4808 4802 4903
f 4903 4802 4807
f 4807 4802 4890
f 4890 4802 4806
f 4809 4808 4810
f 696 697 746
f 746 697 745
f 4872 4919 4873
f 4873 4919 4850
f 4850 4919 4899
f 4899 4919 4815
f 4919 4812 4815
f 4812 4814 4815
f 4899 4815 4850
f 4816 4920 4815
f 4815 4920 4850
f 4849 4850 4847
f 4847 4850 4920
f 4847 4920 4818
f 4818 4920 4816
f 1766 4833 4921
f 4833 4813 4921
f 4921 4813 4834
f 4847 4818 4849
f 4849 4818 4850
f 4850 4818 4816
f 4850 4816 4899
f 4872 4873 4899
f 4872 4899 4815
f 697 1766 745
f 696 746 1769
f 4878 4847 4821
f 4847 4818 4821
f 4836 4878 4837
f 4837 4878 4881
f 4881 4878 4821
f 4881 4821 4830
f 4830 4821 4829
f 4837 4830 4836
f 4836 4830 4878
f 4878 4830 4821
f 4837 4881 4830
f 4896 1654 811
f 811 1654 809
f 4894 4891 813
f 4835 4837 4880
f 4881 4922 4824
f 4923 1770 4831
f 4919 4872 4811
f 4811 4812 4919
f 4880 4879 4835
f 4835 4879 4836
f 1872 1875 4897
f 4897 1875 4848
f 4897 4848 4885
f 4885 4848 4847
f 4824 4922 4830
f 4922 4881 4830
f 4827 4828 4826
f 4831 1770 833
f 746 745 1769
f 1769 745 1766
f 1769 1766 4921
f 4921 4834 1769
f 1769 4834 4817
f 4817 4834 4899
f 4899 4816 4817
f 4817 4816 4819
f 4817 4819 4818
f 4820 4818 4885
f 4820 4885 4821
f 4899 4834 4815
f 4899 4834 4872
f 4872 4834 4812
f 4872 4812 4811
f 1654 4895 809
f 4895 1653 809
f 4876 4924 4869
f 4869 4924 4870
f 4870 4925 4871
f 4926 4872 4871
f 4876 4870 4924
f 815 4892 4893
f 4893 4894 815
f 815 4894 813
f 111 4927 659
f 658 660 4928
f 111 658 4927
f 4927 658 4928
f 662 661 4929
f 659 4930 661
f 662 4929 660
f 659 660 4930
f 4930 660 4929
f 4929 661 4931
f 661 4930 4931
f 661 662 4930
f 4930 662 4929
f 639 640 4932
f 4932 640 4931
f 661 4931 640
f 639 4932 662
f 662 4932 4929
f 661 662 4931
f 4931 662 4929
f 4932 640 4933
f 640 4931 4933
f 640 639 4931
f 4931 639 4932
f 658 111 4928
f 4928 111 4927
f 660 659 4929
f 4929 659 4930
f 659 4927 4930
f 660 4929 4928
f 659 660 4927
f 4927 660 4928
f 89 90 4934
f 4934 90 4935
f 93 92 4936
f 4936 92 4937
f 90 4935 92
f 92 4935 4937
f 93 4936 89
f 89 4936 4934
f 90 89 4935
f 4935 89 4934
f 92 93 4937
f 4937 93 4936
f 94 95 4938
f 4938 95 4939
f 95 94 4939
f 4939 94 4938
f 95 4939 97
f 94 96 4938
f 96 97 4940
f 4940 97 4941
f 97 96 4941
f 4941 96 4940
f 99 98 4940
f 4940 98 4941
f 98 99 4941
f 100 101 4942
f 4942 101 4943
f 101 100 4943
f 4943 100 4942
f 102 103 4944
f 4944 103 4945
f 101 4943 103
f 103 4943 4945
f 102 4944 100
f 100 4944 4942
f 102 103 4946
f 4946 103 4947
f 103 4945 4947
f 102 4946 4944
f 103 102 4945
f 4945 102 4944
f 105 104 4946
f 4946 104 4947
f 107 106 4948
f 4948 106 4949
f 104 4949 106
f 107 4948 105
f 104 105 4949
f 4949 105 4948
f 106 107 4949
f 4949 107 4948
f 108 109 4950
f 4950 109 4951
f 660 659 4928
f 4928 659 4927
f 4929 661 4930
f 4929 4931 4930
f 4932 4931 4929
f 4932 4933 4931
f 4929 4930 4928
f 4928 4930 4927
f 4936 4937 4934
f 4934 4937 4935
f 96 97 4938
f 4938 97 4939
f 4940 4941 99
f 4944 4945 4942
f 4942 4945 4943
f 4946 4947 4944
f 4944 4947 4945
f 4946 4947 105
f 105 4947 104
f 229 195 4952
f 195 225 4952
f 228 233 4953
f 233 231 4953
f 390 388 410
f 410 388 386
f 393 398 391
f 391 398 389
f 214 211 215
f 215 211 210
f 217 214 242
f 242 870 217
f 242 214 215
f 229 4952 227
f 227 4952 225
f 231 230 4953
f 4953 230 228
f 235 232 234
f 234 232 233
f 4954 1222 4955
f 4955 1222 1077
f 4955 1077 1089
f 4955 1089 4501
f 4501 4502 4956
f 4956 4502 4512
f 4956 4512 4957
f 4957 4512 4504
f 4957 4504 1222
f 1222 4504 4503
f 1222 4503 1079
f 1082 4503 4501
f 1082 4501 1089
f 1222 1223 4957
f 4954 4958 1222
f 1222 4958 4959
f 4957 4960 4956
f 4956 4960 4961
f 4962 4963 4964
f 4964 4963 4965
f 4962 1216 4963
f 4963 1216 4966
f 1216 4967 4966
f 4966 4967 4968
f 4969 4970 4967
f 4967 4970 4968
f 4971 4972 4515
f 4515 4972 4973
f 4974 4975 4976
f 4976 4975 4977
f 4969 1218 4970
f 4970 1218 4964
f 4970 4964 4965
f 4954 4955 4958
f 4958 4955 4501
f 4958 4501 3951
f 3951 4501 4956
f 4956 4961 3951
f 3951 4961 4978
f 4961 4979 4978
f 4978 4979 4980
f 4979 4981 4980
f 4980 4981 4982
f 4981 4983 4982
f 4982 4983 4984
f 4983 4975 4984
f 4984 4975 4985
f 4984 4985 4986
f 4986 4985 4515
f 4986 4515 4973
f 4975 4974 4985
f 4973 4987 4986
f 4986 4987 4988
f 4986 4988 3950
f 3950 4988 4989
f 3950 4989 4990
f 4990 4989 4970
f 4990 4970 4965
f 4990 4965 4991
f 4991 4965 4992
f 4991 4992 4993
f 4993 4992 4994
f 4993 4994 4995
f 4995 4994 4996
f 4995 4996 4997
f 4997 4996 4958
f 4997 4958 3951
f 4998 4999 4960
f 4960 4999 4961
f 4999 5000 4961
f 4961 5000 4979
f 5000 5001 4979
f 4979 5001 4981
f 5001 5002 4981
f 4981 5002 4983
f 5002 5003 4983
f 4983 5003 5004
f 4983 5004 4975
f 4975 5004 4977
f 5005 5006 4225
f 4225 5006 5007
f 5006 5008 5007
f 5007 5008 1283
f 5007 1283 1285
f 1285 1286 5007
f 5007 1286 5009
f 1283 5008 5010
f 1283 5010 1284
f 1284 5010 1286
f 1286 5010 5009
f 5010 5011 5009
f 5009 5011 5012
f 5012 5011 5013
f 5013 5011 5014
f 5013 5014 5015
f 5015 5016 5017
f 5017 5016 5018
f 5017 5018 5019
f 5017 5019 5020
f 5020 5019 5021
f 5020 5021 5022
f 5022 5023 5024
f 5024 5023 5025
f 5024 5025 1299
f 1299 5025 5026
f 1299 5026 1300
f 1300 5026 5027
f 1300 5027 1302
f 5025 5028 5029
f 5028 5030 5029
f 5029 5030 5031
f 5029 5031 5032
f 5032 5031 5033
f 5032 5033 5034
f 5034 5035 5036
f 5036 5035 5037
f 5036 5037 5038
f 5038 5037 5039
f 5038 5039 5040
f 5040 5039 1318
f 5040 1318 5041
f 5041 1318 1316
f 5041 1316 1315
f 5041 1315 5042
f 5042 1315 5043
f 5043 1315 5044
f 5045 5042 5043
f 5044 1315 5039
f 5039 1315 1317
f 5039 1317 1318
f 5024 1299 5046
f 5046 1299 1301
f 5046 1301 1302
f 5046 1302 5047
f 5047 1302 5027
f 5047 5027 5048
f 4957 1223 4960
f 4960 1223 5025
f 4960 5025 5023
f 4960 5023 4998
f 4998 5023 5022
f 4998 5022 4999
f 4999 5022 5021
f 4999 5021 5000
f 5000 5021 5019
f 5000 5019 5001
f 5001 5019 5018
f 5001 5018 5002
f 5002 5018 5016
f 5002 5016 5003
f 5003 5016 5015
f 5003 5015 5004
f 5004 5015 5014
f 5004 5014 4977
f 4977 5014 5011
f 4977 5011 4976
f 4976 5011 5049
f 5011 5010 5049
f 5049 5010 4972
f 5049 4972 4971
f 5010 5008 4972
f 4972 5008 5050
f 5050 5008 5051
f 5050 5051 5052
f 5052 5051 5053
f 5052 5053 5054
f 5052 5054 5055
f 5055 5054 5056
f 5055 5056 5057
f 5055 5057 5058
f 5058 5057 1270
f 5058 1270 5059
f 5059 1270 5060
f 5059 5060 5061
f 5061 5060 5062
f 5061 5062 5063
f 5063 5062 5064
f 5062 5065 5064
f 5064 5065 5066
f 5064 5066 5067
f 5067 5066 5068
f 5067 5068 5069
f 5069 5068 5070
f 5069 5070 5071
f 5071 5070 5072
f 5071 5072 5073
f 5073 5072 5074
f 5073 5074 5075
f 5075 5074 5076
f 5075 5076 5077
f 5077 5076 5078
f 5077 5078 5079
f 5079 5080 5077
f 5077 5080 5081
f 5080 5082 5081
f 5081 5082 5083
f 5082 5084 5083
f 5083 5084 5085
f 5084 5086 5085
f 5085 5086 5087
f 5086 5088 5087
f 5087 5088 5089
f 5088 5090 5089
f 5089 5090 5091
f 5090 5092 5091
f 5091 5092 5093
f 5093 5092 5094
f 5093 5094 5095
f 5095 5094 5096
f 5095 5096 5097
f 5095 5097 5098
f 5098 5097 5099
f 5098 5099 5100
f 5100 5099 5101
f 5100 5101 5102
f 5102 5101 5103
f 5102 5103 5104
f 5104 5103 1237
f 5104 1237 5105
f 5105 1237 5106
f 5105 5106 5107
f 5107 5106 5108
f 5107 5108 5109
f 5109 5108 5110
f 5109 5110 5111
f 5111 5110 5112
f 5111 5112 5113
f 5113 5112 5114
f 5113 5114 5115
f 5115 5114 5116
f 5115 5116 5117
f 5117 5116 5118
f 5117 5118 5119
f 5119 5118 5120
f 5119 5120 4966
f 4966 5120 5121
f 4966 5121 5044
f 5120 5122 5121
f 4966 5044 4963
f 4963 5044 5039
f 4963 5039 5123
f 5123 5039 5124
f 5039 5037 5124
f 5124 5037 5125
f 5037 5035 5125
f 5125 5035 5126
f 5035 5034 5126
f 5126 5034 5127
f 5034 5033 5127
f 5127 5033 5128
f 5033 5031 5128
f 5128 5031 5129
f 5031 5030 5129
f 5129 5030 4959
f 5030 5028 4959
f 4959 5028 1222
f 1222 5028 1223
f 1223 5028 5025
f 5130 5131 5132
f 5132 5131 5133
f 5134 5135 5136
f 5136 5135 5137
f 5135 5138 5137
f 5137 5138 5130
f 5137 5130 5139
f 5139 5130 5132
f 5130 5138 5140
f 5134 5141 5135
f 5135 5141 5142
f 5143 5144 5145
f 5146 5147 5148
f 5148 5147 5149
f 5149 5147 5150
f 5151 5152 5153
f 5154 5155 5156
f 5157 5158 5159
f 5159 5158 5160
f 5161 5162 5163
f 5163 5162 5164
f 5164 5165 5163
f 5163 5165 5166
f 5166 5165 5167
f 5162 5168 5164
f 5168 5169 5164
f 5164 5169 5170
f 5169 5171 5170
f 5170 5171 5165
f 5159 5172 5157
f 5157 5172 5173
f 5172 5174 5173
f 5173 5174 5175
f 5174 5176 5175
f 5175 5176 5177
f 5175 5177 5178
f 5178 5177 5179
f 5178 5179 5180
f 5180 5179 5181
f 5180 5181 5182
f 5181 5183 5182
f 5182 5183 5184
f 5182 5184 5185
f 5185 5184 5186
f 5185 5186 5187
f 5185 5187 5188
f 5188 5187 5189
f 5188 5189 5190
f 5190 5189 5191
f 5190 5191 5192
f 5192 5191 5193
f 5192 5193 5194
f 5192 5194 5195
f 5195 5194 5196
f 5195 5196 5197
f 5197 5196 5167
f 5197 5167 5198
f 5198 5167 5165
f 5198 5165 5171
f 5198 5171 5199
f 5199 5171 5200
f 5199 5200 5201
f 5201 5200 5202
f 5201 5202 5203
f 5203 5202 5204
f 5203 5204 5205
f 5187 5186 5206
f 5206 5186 5207
f 5206 5207 5184
f 5206 5184 5208
f 5184 5183 5208
f 5208 5183 5209
f 5208 5209 5210
f 5211 5212 5213
f 5213 5212 5214
f 5213 5214 5215
f 5215 5214 5216
f 5215 5216 5217
f 5217 5216 5218
f 5217 5218 5180
f 5217 5180 5219
f 5219 5180 5182
f 5219 5182 5220
f 5219 5220 5221
f 5221 5220 5222
f 5221 5222 5223
f 5223 5222 5224
f 5222 5225 5224
f 5224 5225 5226
f 5226 5225 5227
f 5227 5225 5228
f 5227 5228 4203
f 4203 5228 5229
f 4203 5229 5230
f 5230 5229 5231
f 5231 5229 5205
f 5205 5229 5203
f 5203 5229 5232
f 5203 5232 5225
f 5225 5232 5228
f 5211 5233 5212
f 5212 5233 5234
f 5133 5235 5132
f 5132 5235 5236
f 5132 5236 5237
f 5132 5237 5139
f 5139 5237 5137
f 5237 5238 5137
f 5137 5238 5136
f 5136 5238 5134
f 5134 5238 5141
f 5141 5238 5239
f 5239 5238 5240
f 5239 5240 5212
f 5212 5240 5241
f 5212 5241 5214
f 5214 5241 5242
f 5214 5242 5216
f 5216 5242 5243
f 5216 5243 5218
f 5218 5243 5244
f 5218 5244 5180
f 5180 5244 5245
f 5180 5245 5178
f 5178 5245 5175
f 5212 5234 5239
f 5245 5246 5175
f 5175 5246 5173
f 5246 5247 5173
f 5173 5247 5157
f 5247 5248 5157
f 5157 5248 5158
f 5158 5248 5235
f 5235 5248 5236
f 5249 5250 5251
f 5251 5250 5252
f 5252 5250 5253
f 5253 5250 5254
f 5254 5250 5255
f 5057 5256 1270
f 1270 5256 5060
f 5074 5072 5257
f 5257 5072 5258
f 5072 5070 5258
f 5258 5070 5068
f 5258 5068 5256
f 5256 5068 5066
f 5256 5066 5259
f 5066 5065 5259
f 5259 5065 5260
f 5065 5062 5260
f 5260 5062 5261
f 5261 5062 5060
f 5261 5060 5259
f 5259 5060 5256
f 5142 5262 5135
f 5135 5262 5263
f 5135 5263 5264
f 5135 5264 5138
f 5138 5264 5265
f 5138 5265 5140
f 5140 5265 5079
f 5140 5079 5255
f 5255 5079 5266
f 5255 5266 5078
f 5255 5078 5254
f 5254 5078 5267
f 5254 5267 5268
f 5253 5254 5268
f 5140 5255 5130
f 5130 5255 5250
f 5130 5250 5131
f 5131 5250 5269
f 5250 5249 5269
f 5269 5249 5159
f 5269 5159 5160
f 5159 5249 5172
f 5172 5249 5258
f 5172 5258 5174
f 5174 5258 5256
f 5174 5256 5057
f 5174 5057 5176
f 5176 5057 5056
f 5176 5056 5177
f 5177 5056 5054
f 5177 5054 5053
f 5177 5053 5179
f 5179 5053 5051
f 5179 5051 5008
f 5179 5008 5181
f 5181 5008 5006
f 5181 5006 5183
f 5183 5006 5005
f 5183 5005 5209
f 5209 5005 4225
f 5209 4225 5210
f 5210 4225 5007
f 5210 5007 5208
f 5208 5007 5009
f 5208 5009 5206
f 5206 5009 5012
f 5206 5012 5187
f 5187 5012 5013
f 5187 5013 5189
f 5189 5013 5015
f 5189 5015 5191
f 5191 5015 5017
f 5191 5017 5193
f 5193 5017 5020
f 5193 5020 5194
f 5194 5020 5022
f 5194 5022 5196
f 5196 5022 5024
f 5196 5024 5167
f 5167 5024 5046
f 5167 5046 5166
f 5166 5046 5047
f 5166 5047 5163
f 5163 5047 5048
f 5163 5048 5161
f 5161 5048 5027
f 5161 5027 5162
f 5162 5027 5026
f 5162 5026 5168
f 5168 5026 5025
f 5168 5025 5169
f 5169 5025 5029
f 5169 5029 5171
f 5171 5029 5200
f 5029 5032 5200
f 5200 5032 5202
f 5032 5034 5202
f 5202 5034 5036
f 5202 5036 5204
f 5204 5036 5038
f 5204 5038 5205
f 5205 5038 5040
f 5205 5040 5231
f 5231 5040 5041
f 5231 5041 5230
f 5230 5041 5042
f 5230 5042 4203
f 4203 5042 5045
f 4203 5045 5227
f 5227 5045 5043
f 5227 5043 5226
f 5226 5043 5044
f 5226 5044 5224
f 5224 5044 5121
f 5224 5121 5223
f 5223 5121 5122
f 5223 5122 5221
f 5221 5122 5118
f 5221 5118 5116
f 5122 5120 5118
f 5221 5116 5219
f 5219 5116 5270
f 5219 5270 5217
f 5217 5270 5215
f 5270 5271 5215
f 5215 5271 5213
f 5271 5272 5213
f 5213 5272 5211
f 5272 5273 5211
f 5211 5273 5233
f 5258 5249 5257
f 5257 5249 5251
f 5257 5251 5074
f 5074 5251 5274
f 5274 5251 5252
f 5265 5264 5275
f 5275 5264 5276
f 5275 5276 5277
f 5277 5276 5092
f 5276 5278 5092
f 5092 5278 5279
f 5280 5279 5278
f 5263 5262 5281
f 5281 5262 5233
f 5281 5233 5273
f 5273 5097 5281
f 5281 5097 5282
f 5282 5097 5283
f 5283 5097 5284
f 5110 5108 5112
f 5112 5108 5114
f 5097 5273 5099
f 5099 5273 5272
f 5099 5272 5101
f 5101 5272 5271
f 5101 5271 5103
f 5103 5271 5270
f 5103 5270 1237
f 1237 5270 5106
f 5116 5114 5108
f 5116 5108 5285
f 5108 5106 5285
f 5285 5106 5286
f 5286 5106 5270
f 5286 5270 5116
f 5286 5116 5287
f 5287 5116 5285
f 5274 5268 5074
f 5074 5268 5076
f 5268 5267 5076
f 5076 5267 5078
f 5086 5084 5088
f 5088 5084 5288
f 5088 5288 5090
f 5090 5288 5289
f 5090 5289 5092
f 5092 5289 5080
f 5080 5289 5082
f 5289 5290 5082
f 5082 5290 5288
f 5082 5288 5084
f 5080 5079 5092
f 5092 5079 5265
f 5092 5265 5275
f 5092 5275 5277
f 5079 5078 5265
f 5078 5266 5079
f 5097 5096 5284
f 5284 5096 5280
f 5096 5094 5280
f 5280 5094 5279
f 5279 5094 5092
f 5291 5292 5293
f 5292 5294 5293
f 5295 5296 5297
f 5297 5296 5298
f 5299 5300 5301
f 4966 5302 5303
f 5303 5302 5304
f 5305 5306 5307
f 4959 4958 5129
f 5129 4958 5128
f 4958 4996 5128
f 5128 4996 5127
f 4996 4994 5127
f 5127 4994 5126
f 5126 4994 5125
f 5125 4994 4992
f 5125 4992 5124
f 5124 4992 4965
f 5124 4965 5123
f 5123 4965 4963
f 4966 4968 5119
f 5119 4968 4972
f 5119 4972 5050
f 4972 4968 4988
f 4972 4988 4987
f 4972 4987 4973
f 4988 4968 4989
f 4989 4968 4970
f 5113 5115 5111
f 5111 5115 5308
f 5111 5308 5109
f 5109 5308 5309
f 5109 5309 5107
f 5107 5309 5310
f 5107 5310 5105
f 5105 5310 5311
f 5105 5311 5104
f 5104 5311 5102
f 5311 5312 5102
f 5102 5312 5100
f 5312 5313 5100
f 5100 5313 5098
f 5313 5314 5098
f 5098 5314 5095
f 5314 5315 5095
f 5095 5315 5093
f 5309 5316 5310
f 5310 5316 5308
f 5310 5308 5115
f 5310 5115 5317
f 5317 5115 5117
f 5317 5117 5318
f 5117 5119 5318
f 5318 5119 5050
f 5318 5050 5052
f 5318 5052 5319
f 5319 5052 5055
f 5319 5055 5058
f 5319 5058 5320
f 5320 5058 5059
f 5320 5059 5321
f 5321 5059 5063
f 5321 5063 5064
f 5059 5061 5063
f 5321 5064 5322
f 5064 5067 5322
f 5320 5321 5323
f 5320 5323 5322
f 5320 5322 5324
f 5324 5322 5067
f 5324 5067 5069
f 5069 5071 5324
f 5324 5071 5325
f 5071 5073 5325
f 5325 5073 5326
f 5073 5075 5326
f 5326 5075 5327
f 5075 5077 5327
f 5327 5077 5315
f 5077 5081 5315
f 5315 5081 5093
f 5087 5089 5085
f 5085 5089 5328
f 5328 5329 5085
f 5085 5329 5083
f 5083 5329 5081
f 5081 5329 5093
f 5093 5329 5330
f 5093 5330 5328
f 5093 5328 5091
f 5091 5328 5089
f 3954 5331 3955
f 3955 5331 3957
f 3955 3957 5332
f 5332 3957 4993
f 5332 4993 4995
f 5332 4995 5333
f 5333 4995 4997
f 5333 4997 5334
f 5334 4997 5335
f 4997 3951 5335
f 5335 3951 3990
f 3951 4978 3990
f 3990 4978 3986
f 3986 4978 3985
f 3985 4978 4980
f 3985 4980 3976
f 3976 4980 4982
f 3976 4982 3971
f 3971 4982 5336
f 3971 5336 3968
f 3971 3968 5337
f 5337 3968 3969
f 4982 4984 5336
f 5336 4984 5338
f 4984 4986 5338
f 5338 4986 5339
f 5339 4986 5340
f 5340 4986 3950
f 5340 3950 3963
f 3963 3950 4990
f 3963 4990 3961
f 3961 4990 3959
f 4990 4991 3959
f 3959 4991 3958
f 4991 4993 3958
f 3958 4993 3957
f 4002 4004 4003
f 4003 4004 4005
f 4003 4005 5341
f 5341 4005 5241
f 5341 5241 5240
f 5341 5240 5342
f 5342 5240 5238
f 5342 5238 5343
f 5343 5238 4039
f 5238 5237 4039
f 4039 5237 4038
f 5237 5236 4038
f 4038 5236 4034
f 4034 5236 4033
f 4033 5236 5248
f 4033 5248 4024
f 4024 5248 5247
f 4024 5247 4019
f 4019 5247 5344
f 4019 5344 4016
f 4019 4016 4018
f 4018 4016 4017
f 5247 5246 5344
f 5344 5246 5345
f 5246 5245 5345
f 5345 5245 5346
f 5346 5245 4010
f 4010 5245 5244
f 4010 5244 4011
f 4011 5244 5243
f 4011 5243 4009
f 4009 5243 4007
f 5243 5242 4007
f 4007 5242 4006
f 5242 5241 4006
f 4006 5241 4005
f 5264 5263 5276
f 5276 5263 5278
f 5263 5281 5282
f 5263 5282 5278
f 5278 5282 5283
f 5347 5348 4031
f 4028 5349 5350
f 5349 5351 5350
f 5352 5353 4024
f 5354 5355 5356
f 5356 5355 4025
f 5357 5358 5359
f 5359 5358 5360
f 5358 5361 5360
f 5360 5361 5362
f 5363 5364 5365
f 5365 5364 5366
f 5364 5367 5366
f 5366 5367 5368
f 5369 5370 5371
f 5371 5370 5372
f 5370 5373 5372
f 5372 5373 5374
f 5375 5376 5377
f 5377 5376 5378
f 5376 5379 5378
f 5378 5379 5380
f 5381 5382 5383
f 5383 5382 5384
f 5382 5385 5384
f 5384 5385 5386
f 5387 5388 5389
f 5389 5388 5390
f 5388 5391 5390
f 5390 5391 5392
f 5393 5394 5395
f 5395 5394 5396
f 5394 5397 5396
f 5396 5397 5398
f 3072 3062 3071
f 3072 3066 3071
f 3066 3064 3071
f 5399 3063 3062
f 3064 3063 3066
f 3031 3030 3032
f 3030 3025 5400
f 3025 3029 5400
f 3029 3035 3034
f 5401 5402 5403
f 5403 5402 5404
f 5403 5405 5401
f 5401 5405 5406
f 5403 5404 5407
f 5403 5407 5408
f 5408 5409 5403
f 5403 5409 5405
f 5405 5409 5410
f 5405 5410 5406
f 5406 5410 5401
f 5410 5411 5401
f 5401 5411 5412
f 5401 5412 5402
f 5412 5407 5402
f 5402 5407 5404
f 5413 5414 5415
f 5415 5414 5416
f 5414 5417 5416
f 5416 5417 5418
f 3110 3100 3109
f 3109 3104 5419
f 3100 3101 3102
f 3102 3101 3104
f 3009 3008 2872
f 2872 3008 3010
f 3008 3003 5420
f 3003 3007 5420
f 3007 3013 3012
f 5421 5422 5423
f 5423 5422 5424
f 5423 5425 5421
f 5421 5425 5426
f 5423 5424 5427
f 5423 5427 5428
f 5428 5429 5423
f 5423 5429 5425
f 5425 5429 5430
f 5425 5430 5426
f 5426 5430 5421
f 5430 5431 5421
f 5421 5431 5432
f 5421 5432 5422
f 5432 5427 5422
f 5422 5427 5424
f 5433 5434 5435
f 5435 5434 5436
f 5435 5436 5437
f 5437 5436 5438
f 5437 5438 5439
f 5437 5439 5440
f 5440 5439 5441
f 5440 5441 5442
f 5442 5441 5443
f 5442 5443 5444
f 5444 5443 5445
f 5444 5446 5442
f 5443 5447 5445
f 5445 5447 5448
f 5445 5448 5449
f 5449 5448 5450
f 5449 5450 5434
f 5434 5450 5436
f 5451 5452 5453
f 5453 5452 5454
f 5453 5454 5455
f 5455 5454 5456
f 5455 5456 4329
f 4329 5456 4330
f 5456 5457 4330
f 4330 5457 5458
f 4330 5458 4331
f 4331 5458 5459
f 4331 5459 4333
f 4333 5459 5460
f 4333 5460 4317
f 4317 5460 5461
f 4317 5461 4318
f 4318 5461 5462
f 4318 5462 4319
f 4319 5462 5463
f 4319 5463 5464
f 4319 5464 4320
f 4320 5464 5465
f 4320 5465 4322
f 4322 5465 5466
f 4322 5466 4323
f 4323 5466 5455
f 4323 5455 4329
f 5462 5461 5467
f 5467 5461 5468
f 5467 5468 5469
f 5469 5468 5470
f 5471 5472 5473
f 5474 5473 5475
f 5475 5476 5477
f 5476 5478 5479
f 5478 5480 5481
f 5472 5482 5483
f 5483 717 738
f 738 4806 5484
f 5484 5485 5486
f 5486 5487 5480
f 5488 5489 5490
f 5490 5489 5491
f 5490 5491 5492
f 5492 5491 5493
f 5492 5493 5494
f 5492 5494 5495
f 5495 5494 5496
f 5495 5496 5497
f 5497 5496 5498
f 5497 5498 5499
f 5499 5498 5500
f 5499 5501 5497
f 5498 5502 5500
f 5500 5502 5503
f 5500 5503 5504
f 5504 5503 5505
f 5504 5505 5489
f 5489 5505 5491
f 5506 5507 5508
f 5508 5507 5509
f 5508 5509 5510
f 5510 5509 5511
f 5510 5511 5512
f 5510 5512 5513
f 5513 5512 5514
f 5513 5514 1787
f 1787 5514 5515
f 1787 5515 1791
f 1791 5515 1785
f 1791 1790 1787
f 5515 5516 1785
f 1785 5516 5517
f 1785 5517 1783
f 1783 5517 5518
f 1783 5518 5507
f 5507 5518 5509
f 5519 5520 5521
f 5521 5520 5522
f 5521 5522 5523
f 5523 5522 5524
f 5523 5524 5525
f 5525 5524 5526
f 5524 5527 5526
f 5526 5527 5528
f 5526 5528 5529
f 5529 5528 5530
f 5529 5530 5531
f 5531 5530 5532
f 5531 5532 5533
f 5533 5532 5534
f 5533 5534 5535
f 5535 5534 5536
f 5535 5536 5537
f 5537 5536 5538
f 5537 5538 5539
f 5537 5539 5540
f 5540 5539 5541
f 5540 5541 5542
f 5542 5541 5543
f 5542 5543 5544
f 5544 5543 5523
f 5544 5523 5525
f 5536 5534 5545
f 5545 5534 5546
f 5545 5546 5547
f 5547 5546 5548
f 5549 5550 5551
f 5552 5551 5553
f 5553 5554 5555
f 5554 5556 5557
f 5556 705 5558
f 5550 5559 5560
f 5560 5561 5562
f 5562 5563 5564
f 5564 5565 4816
f 4816 697 705
f 5566 5567 5568
f 5568 5567 5569
f 5568 5569 5570
f 5570 5569 5571
f 5570 5571 5572
f 5570 5572 5573
f 5573 5572 5574
f 5573 5574 5575
f 5575 5574 5576
f 5575 5576 5577
f 5577 5576 5578
f 5577 5579 5575
f 5576 5580 5578
f 5578 5580 5581
f 5578 5581 5582
f 5582 5581 5583
f 5582 5583 5567
f 5567 5583 5569
f 2331 2330 5584
f 2331 5584 5585
f 2331 5585 2838
f 2838 5585 5586
f 2838 5586 2843
f 2843 5586 5587
f 5587 5586 5588
f 5588 5589 5590
f 5591 5592 2337
f 5592 5593 2337
f 2337 5593 2336
f 5593 5594 2336
f 2336 5594 2329
f 5594 5595 2329
f 2329 5595 2327
f 5595 5596 2327
f 2327 5596 2328
f 2328 5596 2330
f 2330 5596 5584
f 1778 1787 2331
f 2331 1787 2330
f 1787 5597 2330
f 2330 5597 5598
f 2330 5598 2329
f 2329 5598 5599
f 2329 5599 2336
f 2336 5599 5600
f 2336 5600 2337
f 2337 5600 5601
f 2337 5601 5591
f 5591 5601 5602
f 5591 5602 5603
f 5589 5604 5590
f 5590 5604 5588
f 5604 5591 5588
f 5588 5591 5603
f 5588 5603 5587
f 5587 5603 5605
f 5587 5605 2842
f 5587 2842 2843
f 2842 5605 2840
f 2840 5606 1778
f 1778 5606 1787
f 1787 5606 5597
f 2840 2844 2842
f 5592 5591 5593
f 5593 5591 5604
f 5593 5604 5601
f 5601 5604 5602
f 5604 5589 5602
f 5602 5589 5603
f 5589 5588 5603
f 5603 5588 5605
f 5605 5588 2840
f 2840 5588 5586
f 2840 5586 5606
f 5606 5586 5596
f 5606 5596 5597
f 5597 5596 5595
f 5597 5595 5598
f 5598 5595 5594
f 5598 5594 5599
f 5599 5594 5600
f 5594 5593 5600
f 5600 5593 5601
f 5596 5586 5584
f 5584 5586 5585
f 2331 2838 1778
f 1778 2838 2840
f 2838 2843 2840
f 2354 5607 3834
f 2354 3834 5608
f 2354 5608 2830
f 2830 5608 3745
f 2830 3745 2835
f 2835 3745 2353
f 2353 3745 5609
f 5609 3745 3743
f 5609 3743 2346
f 2346 3743 5610
f 3743 3741 5610
f 5610 3741 2344
f 3741 3739 2344
f 2344 3739 2345
f 3739 3737 2345
f 2345 3737 2347
f 3737 3731 2347
f 2347 3731 2348
f 3731 3720 2348
f 2348 3720 5611
f 3720 5612 5611
f 5607 5613 3834
f 1814 5614 2354
f 2354 5614 5607
f 5614 5615 5607
f 5607 5615 5616
f 5607 5616 5612
f 5612 5616 5617
f 5612 5617 5611
f 5611 5617 5618
f 5611 5618 2348
f 2348 5618 5619
f 2348 5619 2347
f 2347 5619 5620
f 2347 5620 5621
f 5607 5612 5613
f 5613 5612 5622
f 2344 2345 5610
f 5610 2345 2346
f 2346 2347 5621
f 2346 5621 5609
f 5609 5621 5623
f 5609 5623 2834
f 5609 2834 2353
f 2834 5623 1815
f 2353 2834 2835
f 1815 5623 5442
f 1815 5442 2832
f 2832 5444 1814
f 1814 5444 5614
f 5614 5444 5445
f 5614 5445 5615
f 5615 5445 5449
f 5615 5449 5616
f 5616 5449 5434
f 5616 5434 5617
f 5617 5434 5433
f 5617 5433 5618
f 5618 5433 5435
f 5618 5435 5619
f 5619 5435 5437
f 5619 5437 5620
f 5620 5437 5440
f 5620 5440 5621
f 5621 5440 5442
f 5621 5442 5623
f 2832 2836 2834
f 3731 3737 3720
f 3720 3737 3739
f 3720 3739 5435
f 5435 3739 5437
f 3739 3741 5437
f 5437 3741 5440
f 3741 3743 5440
f 5440 3743 5442
f 5442 3743 2832
f 2832 3743 3745
f 2832 3745 5444
f 5444 3745 5613
f 5444 5613 5445
f 5445 5613 5622
f 5445 5622 5449
f 5449 5622 5612
f 5449 5612 5434
f 5434 5612 5433
f 5612 3720 5433
f 5433 3720 5435
f 5613 3745 3834
f 3834 3745 5608
f 2354 2830 1814
f 1814 2830 2832
f 1815 2832 2834
f 2830 2835 2832
f 4813 744 844
f 844 4812 4813
f 4813 4812 4834
f 4820 4821 5624
f 5624 4821 4822
f 5624 4822 4831
f 4831 4823 4923
f 4923 4823 1770
f 1770 4823 4828
f 1770 4828 833
f 833 4828 4832
f 4828 4825 4826
f 4826 4825 4823
f 4826 4823 4824
f 4824 4823 4881
f 4881 4823 5625
f 4881 5625 4830
f 4830 5625 5626
f 4830 5626 4829
f 4825 4828 4823
f 4829 5626 4821
f 4821 5626 5625
f 4821 5625 4822
f 4822 5625 4823
f 4831 4820 5624
f 4912 4910 4803
f 4803 4910 4913
f 4803 4804 4912
f 4804 4325 4912
f 4912 4325 4911
f 4911 4325 4904
f 4904 4325 4905
f 4325 4804 4905
f 4515 4516 1053
f 4516 1211 1053
f 1053 1211 4513
f 1053 4513 1046
f 1046 4513 4470
f 4470 4472 1046
f 1046 4472 4474
f 1046 4474 4476
f 4476 4478 1046
f 1046 4478 5627
f 1046 5627 5628
f 5628 5629 1046
f 4478 4480 5627
f 5627 4480 4483
f 5627 4483 4493
f 5627 4493 5630
f 5630 4493 4494
f 5630 4494 5631
f 5631 4494 5632
f 5632 4494 5633
f 5633 4494 4648
f 5633 4648 5634
f 5634 4648 5629
f 5629 4648 1046
f 1046 4648 4495
f 1046 4495 1043
f 1043 4495 4497
f 1043 4497 4653
f 1043 4653 1041
f 1041 4653 4515
f 1041 4515 1053
f 1008 1198 5635
f 1198 1006 5635
f 1006 1203 5636
f 1203 1003 5636
f 1003 1201 5637
f 1201 1001 5637
f 1001 1200 5638
f 1200 1008 5638
f 4431 4599 4430
f 4430 4599 4597
f 4430 4597 4432
f 4432 4597 4595
f 4432 4595 4433
f 4433 4595 4593
f 4433 4593 4434
f 4434 4593 4592
f 4434 4592 4435
f 4435 4592 4624
f 4435 4624 4436
f 4436 4624 4625
f 4436 4625 4437
f 4437 4625 4626
f 4437 4626 4442
f 4442 4626 4623
f 4442 4623 4443
f 4443 4623 4622
f 4443 4622 4440
f 4440 4622 4621
f 4440 4621 4441
f 4441 4621 4620
f 4441 4620 4439
f 4439 4620 4619
f 4439 4619 4429
f 4429 4619 4618
f 4429 4618 4438
f 4438 4618 4602
f 4438 4602 4428
f 4428 4602 4601
f 4428 4601 4431
f 4431 4601 4599
f 4429 4428 4660
f 4660 4428 4654
f 4428 4430 4654
f 4654 4430 4655
f 4430 4432 4655
f 4655 4432 4656
f 4432 4434 4656
f 4656 4434 4657
f 4434 4435 4657
f 4657 4435 4658
f 4435 4437 4658
f 4658 4437 4659
f 4437 4443 4659
f 4659 4443 4663
f 4443 4440 4663
f 4663 4440 4662
f 4440 4439 4662
f 4662 4439 4661
f 4439 4429 4661
f 4661 4429 4660
f 1088 4502 4538
f 4502 4512 4538
f 4538 4512 4539
f 4512 4504 4539
f 4539 4504 4545
f 4504 4503 4545
f 4545 4503 1087
f 1087 4503 1081
f 4503 4502 1081
f 1081 4502 1088
f 4629 4514 4627
f 4514 4513 4627
f 4627 4513 4628
f 4513 1211 4628
f 4628 1211 1048
f 1211 4516 1048
f 4516 4514 1048
f 1048 4514 4629
f 4561 4562 2342
f 4562 4540 4670
f 4540 4541 4668
f 4542 4559 4669
f 4553 4554 4665
f 4554 4543 4667
f 4543 4544 4666
f 4544 4547 4664
f 4664 4547 2370
f 4547 4553 2370
f 1009 1010 1003
f 1003 1010 5636
f 5636 1010 4566
f 5636 4566 1006
f 1006 4566 1012
f 1006 1012 5635
f 1012 1011 5635
f 5635 1011 1008
f 1008 1011 1013
f 1008 1013 5638
f 1013 4563 5638
f 5638 4563 1001
f 4563 1014 1001
f 1001 1014 5637
f 5637 1014 1009
f 5637 1009 1003
f 1058 1069 1061
f 1069 1063 1061
f 1063 1070 1064
f 1070 1068 1064
f 1064 1068 1071
f 1068 1066 1071
f 1071 1066 1059
f 1066 4590 1059
f 4590 1065 1059
f 1065 1058 1059
f 4607 4617 5627
f 5627 4617 5628
f 5628 4617 4616
f 5628 4616 5629
f 5629 4616 4615
f 5629 4615 5634
f 4615 4614 5634
f 5634 4614 5633
f 5633 4614 4613
f 5633 4613 5632
f 5632 4613 4611
f 5632 4611 5631
f 4611 4610 5631
f 4610 4609 5631
f 5631 4609 5630
f 5630 4609 4608
f 5630 4608 5627
f 4608 4607 5627
f 267 269 4650
f 4650 269 4652
f 4652 269 4584
f 269 292 4584
f 4584 292 267
f 4584 267 164
f 164 267 163
f 163 267 4650
f 163 4650 150
f 163 150 4584
f 163 4584 164
f 163 164 5639
f 269 267 5640
f 267 292 5640
f 292 269 5640
f 2230 524 4643
f 4643 524 520
f 4643 520 4603
f 4603 520 4600
f 4600 520 2230
f 2230 520 524
f 30 24 592
f 592 24 22
f 592 22 4548
f 4548 22 27
f 4548 27 4552
f 4552 27 24
f 4552 24 30
f 4648 5640 4495
f 4495 5640 4651
f 4651 5640 5639
f 5639 5640 4648
f 5639 4648 4649
f 5639 4649 4651
f 1087 1081 1079
f 1082 1081 4537
f 1082 4537 1089
f 1089 4537 1086
f 1077 1084 4551
f 1077 4551 1083
f 1077 1083 1076
f 1079 1076 4546
f 1079 4546 1087
f 1041 1048 4630
f 1041 4630 1047
f 1041 1047 1040
f 1043 1040 1051
f 1043 1051 1045
f 1046 1045 1052
f 1046 1052 1050
f 1046 1050 1053
f 1053 1050 4628
f 1053 4628 1048
f 1048 1041 1053
f 22 24 590
f 590 24 595
f 24 27 595
f 595 27 590
f 524 5641 520
f 590 5642 595
f 4969 4967 1064
f 1064 4967 1071
f 4967 1216 1071
f 1071 1216 4962
f 1071 4962 1059
f 4962 4964 1059
f 1059 4964 1061
f 4964 1218 1061
f 1061 1218 4969
f 1061 4969 1064
f 1053 4985 1041
f 1041 4985 4974
f 1041 4974 1043
f 4974 4976 1043
f 1043 4976 1046
f 4976 5049 1046
f 1046 5049 1053
f 1053 5049 5643
f 1053 5643 4985
f 4985 5643 4516
f 4985 4516 4515
f 4515 4514 4971
f 4971 4514 4513
f 4971 4513 5049
f 5049 4513 5643
f 1082 1089 5305
f 1089 1077 5305
f 5305 1077 5306
f 1077 1079 5306
f 5306 1079 5307
f 1079 1082 5307
f 5307 1082 5305
f 1064 1071 5303
f 5303 1071 4966
f 1071 1059 4966
f 4966 1059 5302
f 1059 1061 5302
f 5302 1061 5304
f 1061 1064 5304
f 5304 1064 5303
f 1046 1053 5299
f 1053 1041 5299
f 5299 1041 5300
f 1041 1043 5300
f 5300 1043 5301
f 1043 1046 5301
f 5301 1046 5299
f 4502 4501 5297
f 5297 4501 5295
f 4501 4503 5295
f 5295 4503 5296
f 4503 4504 5296
f 5296 4504 5298
f 4504 4512 5298
f 5298 4512 5297
f 4512 4502 5297
f 4513 4514 5291
f 5291 4514 5292
f 4514 4516 5292
f 5292 4516 5294
f 4516 5643 5294
f 5643 4513 5294
f 5294 4513 5293
f 5293 4513 5291
f 5229 1318 5232
f 1318 1317 5232
f 5232 1317 5228
f 1317 1315 5228
f 1315 1316 5228
f 5228 1316 5229
f 1316 1318 5229
f 1302 1301 5164
f 5164 1301 5165
f 1301 1299 5165
f 5165 1299 5170
f 1299 1300 5170
f 5170 1300 5164
f 1300 1302 5164
f 5186 1286 5207
f 1286 1285 5207
f 5207 1285 5184
f 1285 1283 5184
f 1283 1284 5184
f 5184 1284 5186
f 1284 1286 5186
f 5145 5144 5644
f 5644 5144 5645
f 5144 5143 5645
f 5645 5143 5646
f 5646 5143 5647
f 5143 5145 5647
f 5647 5145 5644
f 5150 5147 5648
f 5648 5147 5649
f 5147 5146 5649
f 5649 5146 5650
f 5146 5148 5650
f 5650 5148 5651
f 5148 5149 5651
f 5651 5149 5648
f 5149 5150 5648
f 5153 5152 1115
f 1115 5152 1113
f 5152 5151 1113
f 1113 5151 1118
f 5151 5153 1118
f 1118 5153 1115
f 5156 5155 1097
f 1097 5155 1095
f 5155 5154 1095
f 1095 5154 1100
f 5154 5156 1100
f 1100 5156 1097
f 5195 5197 5652
f 5652 5197 5653
f 5197 5198 5653
f 5653 5198 5654
f 5198 5199 5654
f 5654 5199 5655
f 5199 5201 5655
f 5655 5201 5656
f 5201 5203 5656
f 5656 5203 5657
f 5203 5225 5657
f 5657 5225 5658
f 5225 5222 5658
f 5658 5222 5659
f 5222 5220 5659
f 5659 5220 5660
f 5220 5182 5660
f 5660 5182 5661
f 5182 5185 5661
f 5661 5185 5662
f 5185 5188 5662
f 5662 5188 5663
f 5188 5190 5663
f 5663 5190 5664
f 5190 5192 5664
f 5664 5192 5665
f 5192 5195 5665
f 5665 5195 5652
f 5235 5133 5650
f 5650 5133 5649
f 5133 5131 5649
f 5649 5131 5648
f 5648 5131 5269
f 5648 5269 1095
f 5648 1095 5235
f 5235 1095 5158
f 5158 1095 1100
f 5158 1100 1097
f 5158 1097 5160
f 5160 1097 5269
f 5269 1097 1095
f 5648 5235 5651
f 5651 5235 5650
f 5645 5262 5142
f 5645 5142 5644
f 5644 5142 5141
f 5644 5141 5239
f 5644 5239 5647
f 5647 5239 5646
f 5239 5234 5646
f 5646 5234 1115
f 5646 1115 5645
f 5645 1115 5262
f 5262 1115 1113
f 5262 1113 5233
f 5233 1113 5234
f 5234 1113 1118
f 5234 1118 1115
f 5308 5285 5309
f 5285 5286 5309
f 5309 5286 5316
f 5286 5287 5316
f 5316 5287 5308
f 5287 5285 5308
f 5329 5289 5330
f 5289 5288 5330
f 5330 5288 5328
f 5288 5290 5328
f 5328 5290 5329
f 5290 5289 5329
f 5260 5261 5321
f 5261 5259 5321
f 5321 5259 5323
f 5323 5259 5322
f 5259 5260 5322
f 5322 5260 5321
f 5327 2645 5326
f 5326 2645 2643
f 5326 2643 5325
f 5325 2643 2641
f 5325 2641 5324
f 5324 2641 2639
f 5324 2639 5320
f 5320 2639 2637
f 5320 2637 5319
f 5319 2637 2635
f 5319 2635 5318
f 5318 2635 2633
f 5318 2633 5317
f 5317 2633 5310
f 2633 2631 5310
f 5310 2631 5311
f 2631 2629 5311
f 5311 2629 5312
f 2629 2627 5312
f 5312 2627 5313
f 2627 2653 5313
f 5313 2653 2651
f 5313 2651 5314
f 5314 2651 2649
f 5314 2649 5315
f 5315 2649 2647
f 5315 2647 5327
f 5327 2647 2645
f 2431 2429 5653
f 5653 2429 5652
f 2429 2427 5652
f 5652 2427 5665
f 5665 2427 5664
f 5664 2427 2425
f 5664 2425 5663
f 5663 2425 2423
f 5663 2423 5662
f 5662 2423 2421
f 5662 2421 2419
f 5662 2419 5661
f 5661 2419 2417
f 5661 2417 5660
f 5660 2417 2415
f 5660 2415 5659
f 5659 2415 2413
f 5659 2413 5658
f 5658 2413 5657
f 2413 2411 5657
f 5657 2411 5656
f 2411 2437 5656
f 5656 2437 5655
f 2437 2435 5655
f 5655 2435 2433
f 5655 2433 5654
f 5654 2433 2431
f 5654 2431 5653
f 5666 2419 5667
f 5667 2419 2421
f 5667 2421 3997
f 3997 2421 3996
f 2421 2423 3996
f 3996 2423 3998
f 3998 2423 3999
f 3999 2423 2425
f 3999 2425 5668
f 5668 2425 5669
f 2425 2427 5669
f 5669 2427 3974
f 3974 2427 3972
f 3972 2427 2429
f 3972 2429 5670
f 5670 2429 5671
f 2429 2431 5671
f 5671 2431 5672
f 5672 2431 5673
f 5673 2431 2433
f 5673 2433 5674
f 5674 2433 5675
f 2433 2435 5675
f 5675 2435 3988
f 3988 2435 3979
f 3979 2435 2437
f 3979 2437 3980
f 3980 2437 3981
f 2437 2411 3981
f 3981 2411 5676
f 5676 2411 5677
f 5677 2411 2413
f 5677 2413 3952
f 3952 2413 3992
f 2413 2415 3992
f 3992 2415 5678
f 5678 2415 5679
f 5679 2415 2417
f 5679 2417 5680
f 5680 2417 5681
f 2417 2419 5681
f 5681 2419 5666
f 3987 3978 5673
f 5673 3978 5672
f 3978 3977 5672
f 5672 3977 5671
f 3977 3973 5671
f 5671 3973 5670
f 3973 5682 5670
f 5670 5682 3972
f 5682 3974 3972
f 5669 3974 3975
f 5669 3975 5668
f 3999 5668 5683
f 3999 5683 3998
f 3998 5683 5684
f 3998 5684 3996
f 3996 5684 5685
f 3996 5685 3997
f 3997 5685 3964
f 3997 3964 5667
f 5667 3964 3965
f 5667 3965 5666
f 5666 3965 5681
f 3965 3995 5681
f 5681 3995 5680
f 3995 3994 5680
f 5680 3994 5679
f 3994 3993 5679
f 5679 3993 5678
f 3993 5686 5678
f 5678 5686 3992
f 5686 3952 3992
f 5677 3952 3953
f 5677 3953 5676
f 3981 5676 5687
f 3981 5687 3980
f 3980 5687 5688
f 3980 5688 3979
f 3979 5688 5689
f 3979 5689 3988
f 3988 5689 3989
f 3988 3989 5675
f 5675 3989 3987
f 5675 3987 5674
f 5674 3987 5673
f 3965 3964 3961
f 3961 3964 3963
f 3964 5685 3963
f 3963 5685 5340
f 5685 5684 5340
f 5340 5684 5339
f 5684 5683 5339
f 5339 5683 5338
f 5683 5668 5338
f 5338 5668 5336
f 5668 3975 5336
f 5336 3975 3968
f 3975 3974 3968
f 3968 3974 3969
f 3974 5682 3969
f 3969 5682 5337
f 5682 3973 5337
f 5337 3973 3971
f 3973 3977 3971
f 3971 3977 3976
f 3977 3978 3976
f 3976 3978 3985
f 3978 3987 3985
f 3985 3987 3986
f 3987 3989 3986
f 3986 3989 3990
f 3989 5689 3990
f 3990 5689 5335
f 5689 5688 5335
f 5335 5688 5334
f 5688 5687 5334
f 5334 5687 5333
f 5687 5676 5333
f 5333 5676 5332
f 5676 3953 5332
f 5332 3953 3955
f 3953 3952 3955
f 3955 3952 3954
f 3952 5686 3954
f 3954 5686 5331
f 5686 3993 5331
f 5331 3993 3957
f 3993 3994 3957
f 3957 3994 3958
f 3994 3995 3958
f 3958 3995 3959
f 3995 3965 3959
f 3959 3965 3961
f 4013 2635 4012
f 4012 2635 2637
f 4012 2637 4045
f 4045 2637 4044
f 2637 2639 4044
f 4044 2639 4046
f 4046 2639 4047
f 4047 2639 2641
f 4047 2641 5690
f 5690 2641 4023
f 2641 2643 4023
f 4023 2643 4022
f 4022 2643 4020
f 4020 2643 2645
f 4020 2645 5691
f 5691 2645 5692
f 2645 2647 5692
f 5692 2647 5693
f 5693 2647 5694
f 5694 2647 2649
f 5694 2649 4035
f 4035 2649 4037
f 2649 2651 4037
f 4037 2651 4036
f 4036 2651 4027
f 4027 2651 2653
f 4027 2653 4028
f 4028 2653 4029
f 2653 2627 4029
f 4029 2627 5695
f 5695 2627 4001
f 4001 2627 2629
f 4001 2629 4000
f 4000 2629 4040
f 2629 2631 4040
f 4040 2631 5696
f 5696 2631 5697
f 5697 2631 2633
f 5697 2633 5698
f 5698 2633 5699
f 2633 2635 5699
f 5699 2635 4013
f 4035 4026 5694
f 5694 4026 5693
f 4026 4025 5693
f 5693 4025 5692
f 4025 4021 5692
f 5692 4021 5691
f 4021 4020 5691
f 4047 5690 5700
f 4047 5700 4046
f 4046 5700 5701
f 4046 5701 4044
f 4044 5701 4045
f 4013 4043 5699
f 5699 4043 5698
f 4043 4042 5698
f 5698 4042 5697
f 4042 4041 5697
f 5697 4041 5696
f 4041 4040 5696
f 4029 5695 5702
f 4029 5702 4028
f 4028 5702 5703
f 4028 5703 4027
f 4027 5703 4036
f 4013 4012 4009
f 4009 4012 4011
f 4012 4045 4011
f 4011 4045 4010
f 4045 5701 4010
f 4010 5701 5346
f 5701 5700 5346
f 5346 5700 5345
f 5700 5690 5345
f 5345 5690 5344
f 5690 4023 5344
f 5344 4023 4016
f 4023 4022 4016
f 4016 4022 4017
f 4022 4020 4017
f 4017 4020 4018
f 4020 4021 4018
f 4018 4021 4019
f 4021 4025 4019
f 4019 4025 4024
f 4025 4026 4024
f 4024 4026 4033
f 4026 4035 4033
f 4033 4035 4034
f 4035 4037 4034
f 4034 4037 4038
f 4037 4036 4038
f 4038 4036 4039
f 4036 5703 4039
f 4039 5703 5343
f 5703 5702 5343
f 5343 5702 5342
f 5702 5695 5342
f 5342 5695 5341
f 5695 4001 5341
f 5341 4001 4003
f 4001 4000 4003
f 4003 4000 4002
f 4000 4040 4002
f 4002 4040 4004
f 4040 4041 4004
f 4004 4041 4005
f 4041 4042 4005
f 4005 4042 4006
f 4042 4043 4006
f 4006 4043 4007
f 4043 4013 4007
f 4007 4013 4009
f 5704 5284 5705
f 5284 5280 5705
f 5280 5278 5705
f 5705 5278 5706
f 5706 5278 5704
f 5704 5278 5707
f 5704 5707 5284
f 5707 5708 5284
f 5284 5708 5283
f 5283 5708 5709
f 5283 5709 5278
f 5278 5709 5707
f 5707 5709 4031
f 4031 5709 5347
f 5709 5708 5347
f 5347 5708 5348
f 5708 5707 5348
f 5348 5707 4031
f 5706 5704 4028
f 4028 5704 5349
f 5349 5704 5351
f 5704 5705 5351
f 5351 5705 5350
f 5705 5706 5350
f 5350 5706 4028
f 5252 5710 5711
f 5252 5711 5712
f 5712 5711 5268
f 5712 5268 5713
f 5268 5274 5713
f 5713 5274 5714
f 5274 5252 5714
f 5714 5252 5712
f 5711 5715 5268
f 5268 5715 5710
f 5268 5710 5253
f 5253 5710 5252
f 5715 5711 5352
f 5711 5710 5352
f 5352 5710 5353
f 5353 5710 4024
f 5710 5715 4024
f 4024 5715 5352
f 5713 5714 5354
f 5714 5712 5354
f 5354 5712 5355
f 5355 5712 4025
f 4025 5712 5356
f 5712 5713 5356
f 5356 5713 5354
f 2624 2557 5361
f 5361 2557 5362
f 2557 2540 5362
f 5362 2540 5360
f 2540 2539 5360
f 5360 2539 5359
f 2539 2538 5359
f 5359 2538 5357
f 2538 2537 5357
f 5357 2537 5358
f 2537 2624 5358
f 5358 2624 5361
f 2548 2553 5367
f 5367 2553 5368
f 2553 2555 5368
f 5368 2555 5366
f 2555 2625 5366
f 5366 2625 5365
f 2625 2626 5365
f 5365 2626 5363
f 2626 2546 5363
f 5363 2546 5364
f 2546 2548 5364
f 5364 2548 5367
f 2551 2552 5373
f 5373 2552 5374
f 2552 2603 5374
f 5374 2603 5372
f 2603 2556 5372
f 5372 2556 5371
f 2556 2554 5371
f 5371 2554 5369
f 2554 2549 5369
f 5369 2549 5370
f 2549 2551 5370
f 5370 2551 5373
f 2826 2768 5379
f 5379 2768 5380
f 2768 2752 5380
f 5380 2752 5378
f 2752 2751 5378
f 5378 2751 5377
f 2751 2750 5377
f 5377 2750 5375
f 2750 2749 5375
f 5375 2749 5376
f 2749 2826 5376
f 5376 2826 5379
f 2759 2764 5385
f 5385 2764 5386
f 2764 2766 5386
f 5386 2766 5384
f 2766 2827 5384
f 5384 2827 5383
f 2827 2828 5383
f 5383 2828 5381
f 2828 2757 5381
f 5381 2757 5382
f 2757 2759 5382
f 5382 2759 5385
f 2762 2763 5391
f 5391 2763 5392
f 2763 2807 5392
f 5392 2807 5390
f 2807 2767 5390
f 5390 2767 5389
f 2767 2765 5389
f 5389 2765 5387
f 2765 2760 5387
f 5387 2760 5388
f 2760 2762 5388
f 5388 2762 5391
f 5397 5394 5716
f 5716 5394 5717
f 5394 5393 5717
f 5717 5393 5718
f 5393 5395 5718
f 5718 5395 5719
f 5395 5396 5719
f 5719 5396 5720
f 5396 5398 5720
f 5720 5398 5721
f 5398 5397 5721
f 5721 5397 5716
f 5716 5717 3063
f 3063 5717 3062
f 5717 5718 3062
f 5718 5719 3062
f 3062 5719 3072
f 5719 5720 3072
f 3072 5720 3066
f 5720 5721 3066
f 3066 5721 3064
f 5721 5716 3064
f 3064 5716 3063
f 3063 5399 3030
f 3030 5399 3025
f 5399 3062 3025
f 3025 3062 3029
f 3062 3072 3029
f 3029 3072 3035
f 3072 3071 3035
f 3035 3071 3034
f 3034 3071 3033
f 3071 3066 3033
f 3033 3066 3032
f 3066 3064 3032
f 3032 3064 3031
f 3064 3063 3031
f 3031 3063 3030
f 3030 5400 5407
f 5407 5400 5408
f 5400 3029 5408
f 5408 3029 5409
f 3029 3034 5409
f 5409 3034 5410
f 3034 3033 5410
f 5410 3033 5411
f 3033 3032 5411
f 5411 3032 5412
f 3032 3030 5412
f 5412 3030 5407
f 5417 5414 5722
f 5722 5414 5723
f 5414 5413 5723
f 5723 5413 5724
f 5413 5415 5724
f 5724 5415 5725
f 5415 5416 5725
f 5725 5416 5726
f 5416 5418 5726
f 5726 5418 5727
f 5418 5417 5727
f 5727 5417 5722
f 5722 5723 3102
f 3102 5723 3100
f 5723 5724 3100
f 5724 5725 3100
f 3100 5725 3109
f 5725 5726 3109
f 3109 5726 3104
f 5726 5727 3104
f 5727 5722 3104
f 3104 5722 3102
f 3008 3101 3003
f 3101 3100 3003
f 3003 3100 3007
f 3100 3110 3007
f 3007 3110 3013
f 3110 3109 3013
f 3013 3109 3012
f 3109 5419 3012
f 3012 5419 3011
f 5419 3104 3011
f 3011 3104 2872
f 3104 3102 2872
f 2872 3102 3009
f 3102 3101 3009
f 3009 3101 3008
f 3008 5420 5427
f 5427 5420 5428
f 5420 3007 5428
f 5428 3007 5429
f 3007 3012 5429
f 5429 3012 5430
f 3012 3011 5430
f 5430 3011 5431
f 3011 3010 5431
f 5431 3010 5432
f 3010 3008 5432
f 5432 3008 5427
f 5445 5449 4333
f 4333 5449 4331
f 5449 5434 4331
f 4331 5434 4330
f 5434 5433 4330
f 4330 5433 4329
f 5433 5435 4329
f 4329 5435 4323
f 5435 5437 4323
f 4323 5437 4322
f 5437 5440 4322
f 4322 5440 4320
f 5440 5442 4320
f 4320 5442 4319
f 5442 5446 4319
f 4319 5446 4318
f 5446 5444 4318
f 4318 5444 4317
f 5444 5445 4317
f 4317 5445 4333
f 5436 5450 5498
f 5498 5450 5502
f 5450 5448 5502
f 5502 5448 5503
f 5448 5447 5503
f 5503 5447 5505
f 5447 5443 5505
f 5505 5443 5491
f 5443 5441 5491
f 5491 5441 5493
f 5441 5439 5493
f 5493 5439 5494
f 5439 5438 5494
f 5494 5438 5496
f 5438 5436 5496
f 5496 5436 5498
f 5459 5458 5728
f 5728 5458 5729
f 5458 5457 5729
f 5729 5457 5730
f 5457 5456 5730
f 5730 5456 5731
f 5456 5454 5731
f 5731 5454 5732
f 5454 5452 5732
f 5732 5452 5733
f 5452 5451 5733
f 5733 5451 5734
f 5451 5453 5734
f 5734 5453 5735
f 5453 5455 5735
f 5735 5455 5736
f 5455 5466 5736
f 5736 5466 5737
f 5466 5465 5737
f 5737 5465 5738
f 5465 5464 5738
f 5738 5464 5739
f 5464 5463 5739
f 5739 5463 5740
f 5463 5462 5740
f 5740 5462 5741
f 5462 5467 5741
f 5741 5467 5742
f 5467 5469 5742
f 5742 5469 5743
f 5469 5470 5743
f 5743 5470 5744
f 5470 5468 5744
f 5744 5468 5745
f 5468 5461 5745
f 5745 5461 5746
f 5461 5460 5746
f 5746 5460 5747
f 5460 5459 5747
f 5747 5459 5728
f 5736 5748 5735
f 5735 5748 5734
f 5748 5749 5734
f 5734 5749 5750
f 5734 5750 5733
f 5733 5750 5732
f 5750 5751 5732
f 5732 5751 5731
f 5731 5751 5730
f 5730 5751 5752
f 5730 5752 5729
f 5729 5752 5753
f 5729 5753 5728
f 5728 5753 5747
f 5753 5754 5747
f 5747 5754 5746
f 5746 5754 5745
f 5745 5754 5744
f 5754 5755 5744
f 5744 5755 5756
f 5744 5756 5743
f 5743 5756 5742
f 5756 5757 5742
f 5742 5757 5741
f 5741 5757 5740
f 5740 5757 5758
f 5740 5758 5739
f 5739 5758 5759
f 5739 5759 5738
f 5738 5759 5737
f 5759 5748 5737
f 5737 5748 5736
f 5753 5752 5760
f 5760 5752 5761
f 5752 5751 5761
f 5761 5751 5762
f 5751 5750 5762
f 5762 5750 5763
f 5750 5749 5763
f 5763 5749 5764
f 5749 5748 5764
f 5764 5748 5765
f 5748 5759 5765
f 5765 5759 5766
f 5759 5758 5766
f 5766 5758 5767
f 5758 5757 5767
f 5767 5757 5768
f 5757 5756 5768
f 5768 5756 5769
f 5756 5755 5769
f 5769 5755 5770
f 5755 5754 5770
f 5770 5754 5771
f 5754 5753 5771
f 5771 5753 5760
f 5483 738 5489
f 5489 738 5504
f 738 5484 5504
f 5504 5484 5500
f 5484 5486 5500
f 5500 5486 5499
f 5486 5480 5499
f 5499 5480 5501
f 5480 5478 5501
f 5501 5478 5497
f 5478 5476 5497
f 5497 5476 5495
f 5476 5475 5495
f 5495 5475 5492
f 5475 5473 5492
f 5492 5473 5490
f 5473 5472 5490
f 5490 5472 5488
f 5472 5483 5488
f 5488 5483 5489
f 5484 5772 5485
f 5485 5772 5486
f 5772 5773 5486
f 5486 5773 5487
f 5773 5774 5487
f 5487 5774 5480
f 5480 5774 5481
f 5481 5774 5775
f 5481 5775 5478
f 5478 5775 5479
f 5775 5776 5479
f 5479 5776 5476
f 5776 5777 5476
f 5476 5777 5477
f 5477 5777 5475
f 5475 5777 5778
f 5475 5778 5474
f 5474 5778 5473
f 5778 5779 5473
f 5473 5779 5471
f 5779 5780 5471
f 5471 5780 5472
f 5472 5780 5482
f 5482 5780 5781
f 5482 5781 5483
f 5483 5781 717
f 5781 5782 717
f 717 5782 738
f 5782 5783 738
f 738 5783 4806
f 4806 5783 5484
f 5484 5783 5772
f 5766 5767 5775
f 5775 5767 5776
f 5767 5768 5776
f 5776 5768 5777
f 5768 5769 5777
f 5777 5769 5778
f 5769 5770 5778
f 5778 5770 5779
f 5770 5771 5779
f 5779 5771 5780
f 5771 5760 5780
f 5780 5760 5781
f 5760 5761 5781
f 5781 5761 5782
f 5761 5762 5782
f 5782 5762 5783
f 5762 5763 5783
f 5783 5763 5772
f 5763 5764 5772
f 5772 5764 5773
f 5764 5765 5773
f 5773 5765 5774
f 5765 5766 5774
f 5774 5766 5775
f 1785 1783 5531
f 5531 1783 5529
f 1783 5507 5529
f 5529 5507 5526
f 5507 5506 5526
f 5526 5506 5525
f 5506 5508 5525
f 5525 5508 5544
f 5508 5510 5544
f 5544 5510 5542
f 5510 5513 5542
f 5542 5513 5540
f 5513 1787 5540
f 5540 1787 5537
f 1787 1790 5537
f 5537 1790 5535
f 1790 1791 5535
f 5535 1791 5533
f 1791 1785 5533
f 5533 1785 5531
f 5509 5518 5576
f 5576 5518 5580
f 5518 5517 5580
f 5580 5517 5581
f 5517 5516 5581
f 5581 5516 5583
f 5516 5515 5583
f 5583 5515 5569
f 5515 5514 5569
f 5569 5514 5571
f 5514 5512 5571
f 5571 5512 5572
f 5512 5511 5572
f 5572 5511 5574
f 5511 5509 5574
f 5574 5509 5576
f 5530 5528 5784
f 5784 5528 5785
f 5528 5527 5785
f 5785 5527 5786
f 5527 5524 5786
f 5786 5524 5787
f 5524 5522 5787
f 5787 5522 5788
f 5522 5520 5788
f 5788 5520 5789
f 5520 5519 5789
f 5789 5519 5790
f 5519 5521 5790
f 5790 5521 5791
f 5521 5523 5791
f 5791 5523 5792
f 5523 5543 5792
f 5792 5543 5793
f 5543 5541 5793
f 5793 5541 5794
f 5541 5539 5794
f 5794 5539 5795
f 5539 5538 5795
f 5795 5538 5796
f 5538 5536 5796
f 5796 5536 5797
f 5536 5545 5797
f 5797 5545 5798
f 5545 5547 5798
f 5798 5547 5799
f 5547 5548 5799
f 5799 5548 5800
f 5548 5546 5800
f 5800 5546 5801
f 5546 5534 5801
f 5801 5534 5802
f 5534 5532 5802
f 5802 5532 5803
f 5532 5530 5803
f 5803 5530 5784
f 5792 5804 5791
f 5791 5804 5790
f 5804 5805 5790
f 5790 5805 5806
f 5790 5806 5789
f 5789 5806 5788
f 5806 5807 5788
f 5788 5807 5787
f 5787 5807 5786
f 5786 5807 5808
f 5786 5808 5785
f 5785 5808 5809
f 5785 5809 5784
f 5784 5809 5803
f 5809 5810 5803
f 5803 5810 5802
f 5802 5810 5801
f 5801 5810 5800
f 5810 5811 5800
f 5800 5811 5812
f 5800 5812 5799
f 5799 5812 5798
f 5812 5813 5798
f 5798 5813 5797
f 5797 5813 5796
f 5796 5813 5814
f 5796 5814 5795
f 5795 5814 5815
f 5795 5815 5794
f 5794 5815 5793
f 5815 5804 5793
f 5793 5804 5792
f 5809 5808 5816
f 5816 5808 5817
f 5808 5807 5817
f 5817 5807 5818
f 5807 5806 5818
f 5818 5806 5819
f 5806 5805 5819
f 5819 5805 5820
f 5805 5804 5820
f 5820 5804 5821
f 5804 5815 5821
f 5821 5815 5822
f 5815 5814 5822
f 5822 5814 5823
f 5814 5813 5823
f 5823 5813 5824
f 5813 5812 5824
f 5824 5812 5825
f 5812 5811 5825
f 5825 5811 5826
f 5811 5810 5826
f 5826 5810 5827
f 5810 5809 5827
f 5827 5809 5816
f 5560 5562 5567
f 5567 5562 5582
f 5562 5564 5582
f 5582 5564 5578
f 5564 4816 5578
f 5578 4816 5577
f 4816 705 5577
f 5577 705 5579
f 705 5556 5579
f 5579 5556 5575
f 5556 5554 5575
f 5575 5554 5573
f 5554 5553 5573
f 5573 5553 5570
f 5553 5551 5570
f 5570 5551 5568
f 5551 5550 5568
f 5568 5550 5566
f 5550 5560 5566
f 5566 5560 5567
f 5564 5828 5565
f 5565 5828 4816
f 5828 5829 4816
f 4816 5829 697
f 5829 5830 697
f 697 5830 705
f 705 5830 5558
f 5558 5830 5831
f 5558 5831 5556
f 5556 5831 5557
f 5831 5832 5557
f 5557 5832 5554
f 5832 5833 5554
f 5554 5833 5555
f 5555 5833 5553
f 5553 5833 5834
f 5553 5834 5552
f 5552 5834 5551
f 5834 5835 5551
f 5551 5835 5549
f 5835 5836 5549
f 5549 5836 5550
f 5550 5836 5559
f 5559 5836 5837
f 5559 5837 5560
f 5560 5837 5561
f 5837 5838 5561
f 5561 5838 5562
f 5838 5839 5562
f 5562 5839 5563
f 5563 5839 5564
f 5564 5839 5828
f 5822 5823 5831
f 5831 5823 5832
f 5823 5824 5832
f 5832 5824 5833
f 5824 5825 5833
f 5833 5825 5834
f 5825 5826 5834
f 5834 5826 5835
f 5826 5827 5835
f 5835 5827 5836
f 5827 5816 5836
f 5836 5816 5837
f 5816 5817 5837
f 5837 5817 5838
f 5817 5818 5838
f 5838 5818 5839
f 5818 5819 5839
f 5839 5819 5828
f 5819 5820 5828
f 5828 5820 5829
f 5820 5821 5829
f 5829 5821 5830
f 5821 5822 5830
f 5830 5822 5831
f 1195 5840 1191
f 1190 1195 1187
f 1190 1187 2984
f 1188 2984 5841
f 1188 5841 5842
f 5841 2984 5843
f 5843 2984 1187
f 5843 1187 2985
f 1186 2985 1191
f 1191 2985 1195
f 1195 2985 1187
f 5843 2985 5844
f 5844 2985 1186
f 5844 1186 5845
f 5845 1186 2986
f 5845 2986 5846
f 5846 2986 1189
f 5846 1189 2983
f 1188 2983 1193
f 1193 2983 1197
f 1191 5840 1194
f 1194 5840 5847
f 1194 5847 1192
f 1192 5847 1197
f 1197 5848 1193
f 1193 5848 1196
f 1193 1196 1188
f 1188 1196 2984
f 2983 1188 5842
f 2983 5842 5846
f 2984 1196 1190
f 1195 1190 5849
f 5849 1190 1196
f 5849 1196 5848
f 1191 1194 1186
f 1186 1194 2986
f 1194 1192 2986
f 2986 1192 1189
f 1192 1197 1189
f 1197 2983 1189
f 5409 5410 5850
f 5850 5410 5851
f 5410 5411 5851
f 5851 5411 5852
f 5411 5412 5852
f 5852 5412 5853
f 5412 5407 5853
f 5853 5407 5854
f 5407 5408 5854
f 5854 5408 5855
f 5408 5409 5855
f 5855 5409 5850
f 5403 5407 5402
f 5412 5411 5402
f 5402 5411 5401
f 5403 5405 5408
f 5408 5405 5409
f 5405 5401 5409
f 5409 5401 5410
f 5406 5405 5851
f 5851 5405 5850
f 5405 5403 5850
f 5403 5404 5854
f 5404 5402 5854
f 5854 5402 5853
f 5402 5401 5853
f 5401 5406 5851
f 1197 5847 5856
f 5856 5847 5842
f 5856 5842 5841
f 5856 5841 1197
f 1197 5841 5848
f 5841 5843 5848
f 5848 5843 5849
f 5843 5844 5849
f 5849 5844 5857
f 5849 5857 1195
f 1195 5857 5845
f 1195 5845 5840
f 5840 5845 5846
f 5840 5846 5847
f 5847 5846 5842
f 5857 5844 5845
f 5852 5853 5401
f 5401 5851 5852
f 5850 5403 5855
f 5855 5403 5854
f 1160 5858 1155
f 1154 1160 1151
f 1154 1151 2988
f 1152 2988 5859
f 1152 5859 5860
f 5859 2988 5861
f 5861 2988 1151
f 5861 1151 2989
f 1150 2989 1155
f 1155 2989 1160
f 1160 2989 1151
f 5861 2989 5862
f 5862 2989 1150
f 5862 1150 5863
f 5863 1150 2990
f 5863 2990 5864
f 5864 2990 1153
f 5864 1153 2987
f 1152 2987 1157
f 1157 2987 1161
f 1155 5858 1159
f 1159 5858 5865
f 1159 5865 1156
f 1156 5865 1161
f 1161 5866 1157
f 1157 5866 1158
f 1157 1158 1152
f 1152 1158 2988
f 2987 1152 5860
f 2987 5860 5864
f 2988 1158 1154
f 1160 1154 5867
f 5867 1154 1158
f 5867 1158 5866
f 1155 1159 1150
f 1150 1159 2990
f 1159 1156 2990
f 2990 1156 1153
f 1156 1161 1153
f 1161 2987 1153
f 5429 5430 5868
f 5868 5430 5869
f 5430 5431 5869
f 5431 5432 5870
f 5432 5427 5870
f 5870 5427 5871
f 5427 5428 5871
f 5871 5428 5872
f 5428 5429 5872
f 5872 5429 5868
f 5423 5427 5422
f 5424 5873 5423
f 5423 5873 5425
f 5432 5431 5422
f 5422 5431 5421
f 5423 5425 5428
f 5428 5425 5429
f 5425 5421 5429
f 5429 5421 5430
f 5426 5425 5869
f 5869 5425 5868
f 5425 5873 5868
f 5868 5873 5423
f 5423 5424 5871
f 5424 5422 5871
f 5871 5422 5870
f 5422 5421 5870
f 5421 5426 5869
f 1161 5865 5874
f 5874 5865 5860
f 5874 5860 5859
f 5874 5859 1161
f 1161 5859 5866
f 5859 5861 5866
f 5866 5861 5867
f 5861 5862 5867
f 5867 5862 5875
f 5867 5875 1160
f 1160 5875 5863
f 1160 5863 5858
f 5858 5863 5864
f 5858 5864 5865
f 5865 5864 5860
f 5875 5862 5863
f 5431 5870 5421
f 5421 5869 5431
f 5868 5423 5872
f 5872 5423 5871
f 5876 5877 3885
f 5878 5879 3882
f 5879 5876 3882
f 3882 5876 3885
f 5880 5881 3887
f 5880 3887 5882
f 5879 5882 5876
f 5883 5877 5884
f 5884 5877 5881
f 5884 5881 5885
f 5881 5877 3887
f 3887 5877 5876
f 3887 5876 5882
f 5886 5887 5888
f 5889 5878 5890
f 5890 5878 5891
f 5892 5884 5885
f 5892 5885 5893
f 5892 5893 5894
f 5894 5893 5891
f 5891 5895 5890
f 5890 5895 5896
f 5890 5896 5889
f 5889 5896 5882
f 5889 5882 5879
f 5889 5879 5878
f 5882 5896 5880
f 5881 5880 5897
f 5897 5880 5896
f 5897 5896 5895
f 5884 5892 5883
f 5883 5892 5887
f 5883 5887 5886
f 5877 5883 5886
f 5892 5894 5887
f 5887 5894 5898
f 5887 5898 5888
f 5894 5891 5898
f 5891 5878 5898
f 5898 5878 5888
f 5897 5895 3885
f 5881 5897 3885
f 5719 5718 5899
f 5899 5718 5900
f 5718 5717 5900
f 5717 5716 5901
f 5716 5721 5901
f 5901 5721 5902
f 5721 5720 5902
f 5902 5720 5903
f 5720 5719 5903
f 5903 5719 5899
f 5721 5716 5720
f 5720 5716 5396
f 5396 5716 5397
f 5396 5395 5720
f 5720 5395 5719
f 5395 5393 5719
f 5719 5393 5718
f 5393 5394 5718
f 5394 5717 5718
f 5393 5395 5900
f 5900 5395 5899
f 5395 5396 5899
f 5899 5396 5903
f 5396 5398 5903
f 5903 5398 5902
f 5398 5397 5902
f 5902 5397 5901
f 5397 5394 5901
f 5394 5393 5900
f 5891 5893 5904
f 5904 5893 5878
f 5904 5878 3882
f 5904 3882 5891
f 5891 3882 5895
f 3882 3885 5895
f 3885 5877 5905
f 3885 5905 5881
f 5881 5905 5886
f 5881 5886 5885
f 5885 5886 5888
f 5885 5888 5893
f 5893 5888 5878
f 5905 5877 5886
f 5717 5901 5906
f 5906 5901 5394
f 5906 5394 5900
f 5906 5900 5717
f 4437 4434 4435
f 4443 4437 4663
f 4443 4663 5907
f 4660 5907 5908
f 4660 5908 4654
f 5908 5907 5909
f 5909 5907 4663
f 5909 4663 4659
f 4658 4659 4435
f 4435 4659 4437
f 4437 4659 4663
f 4659 4658 5910
f 5910 4658 5911
f 5910 5911 5912
f 5912 5911 4655
f 5912 4655 4654
f 4660 4654 4429
f 4429 4654 4428
f 4435 4434 4433
f 4433 4432 4430
f 4430 4432 4428
f 4428 4439 4429
f 4429 4439 4441
f 4429 4441 4660
f 4660 4441 5907
f 5907 4441 4443
f 4437 4443 4440
f 4440 4443 4441
f 4435 4433 4658
f 4658 4433 5911
f 4433 4430 5911
f 5911 4430 4655
f 4430 4428 4655
f 4428 4654 4655
f 4440 4439 5913
f 5913 4439 5914
f 4439 4428 5914
f 5914 4428 5915
f 4428 4432 5915
f 5915 4432 5916
f 4432 4434 5916
f 5916 4434 5917
f 4434 4437 5917
f 4437 4440 5913
f 5725 5724 5918
f 5918 5724 5919
f 5724 5723 5919
f 5919 5723 5920
f 5723 5722 5920
f 5920 5722 5921
f 5722 5727 5921
f 5921 5727 5922
f 5727 5726 5922
f 5922 5726 5923
f 5726 5725 5923
f 5923 5725 5918
f 5418 5416 5727
f 5727 5416 5726
f 5727 5722 5418
f 5418 5722 5417
f 5418 4437 5416
f 5416 4437 5415
f 5416 5415 5726
f 5726 5415 5725
f 5415 5413 5725
f 5725 5413 5724
f 5413 5414 5724
f 5414 5723 5724
f 5413 5415 5914
f 5914 5415 5913
f 5415 4437 5913
f 5913 4437 5923
f 4437 5418 5923
f 5923 5418 5917
f 5418 5417 5917
f 5917 5417 5916
f 5417 5414 5916
f 5916 5414 5915
f 5414 5413 5915
f 5915 5413 5914
f 5915 5916 4654
f 4654 5908 5915
f 5915 5908 5914
f 5908 5909 5914
f 5914 5909 5913
f 5909 4659 5913
f 5913 4659 4437
f 4437 4659 5910
f 4437 5910 5917
f 5917 5910 5912
f 5917 5912 5916
f 5916 5912 4654
f 5920 5921 5915
f 5920 5915 5914
f 5920 5914 5919
f 5914 5913 5919
f 5919 5913 5918
f 5913 5923 5918
f 5923 5917 5922
f 5922 5917 5916
f 5922 5916 5921
f 5921 5916 5915
f 5924 5925 5854
f 5926 5927 5853
f 5856 5928 5929
f 5856 5929 5852
f 5856 5852 5928
f 5852 5929 5928
f 5930 5931 5851
f 5932 5933 5850
f 5857 5934 5935
f 5857 5935 5855
f 5857 5855 5934
f 5855 5935 5934
f 5936 5937 5871
f 5938 5939 5870
f 5874 5940 5941
f 5942 5943 5869
f 5944 5945 5868
f 5875 5946 5873
f 5875 5873 5872
f 5875 5872 5946
f 5872 5873 5946
f 5947 5948 5902
f 5949 5950 5901
f 5904 5951 5906
f 5952 5953 5900
f 3885 5954 5955
f 3885 5955 5899
f 3885 5899 5954
f 5899 5955 5954
f 5905 5956 5957
f 5905 5957 5903
f 5905 5903 5956
f 5903 5957 5956
f 5917 5958 4435
f 5917 4435 5922
f 5917 5922 5958
f 5922 4435 5958
f 4656 5959 5916
f 5916 5921 4656
f 4656 5921 5959
f 5921 5916 5959
f 5915 5960 4431
f 5915 4431 5920
f 5915 5920 5960
f 5920 4431 5960
f 5914 5919 5961
f 4662 5962 4441
f 4662 4441 5913
f 5913 4441 5918
f 5913 5918 4662
f 4662 5918 5962
f 5918 4441 5962
f 5963 4442 5923
f 592 68 593
f 72 75 594
f 5964 5965 4100
f 4100 5965 5966
f 4100 5966 5967
f 5967 4095 4100
f 4100 4095 5968
f 4095 5969 5968
f 5968 5969 5970
f 5969 5971 5970
f 5970 5971 5972
f 5970 5972 5973
f 5973 5972 5974
f 5973 5974 5975
f 5972 5976 5974
f 5974 5976 5977
f 5974 5977 5978
f 5978 5977 5979
f 5978 5979 5980
f 5980 5979 5981
f 5980 5981 5966
f 5980 5966 5965
f 5982 1411 5983
f 5984 1401 5985
f 5985 1401 1516
f 5986 1400 5987
f 5987 1400 5988
f 5989 5982 5985
f 5985 5982 5987
f 5985 5987 5984
f 5984 5987 5990
f 5987 5982 5986
f 5986 5982 5991
f 5982 5983 5991
f 5991 5983 5992
f 5991 5992 5993
f 5991 5993 5994
f 5994 5993 2846
f 5994 2846 5995
f 5995 2846 5996
f 5996 2846 5997
f 5997 2846 5998
f 5998 2846 5999
f 2846 2849 5999
f 5999 2849 6000
f 6000 2849 6001
f 5994 6002 5991
f 5991 6002 6003
f 5997 6004 5996
f 5996 6004 1402
f 6000 1403 5999
f 6005 1404 6006
f 6006 1404 6007
f 6006 6001 2849
f 6006 2849 6008
f 6006 6008 6005
f 6005 6008 6009
f 6009 6008 6010
f 6008 6011 6010
f 6010 6011 6012
f 6012 1405 6010
f 6010 1405 6013
f 6014 1481 6015
f 6015 1481 3568
f 6016 6017 6018
f 6018 6017 1406
f 6019 6014 6018
f 6018 6014 6016
f 6014 6015 6016
f 6016 6015 6020
f 6020 6021 6016
f 6015 6022 6012
f 6015 6012 6020
f 6020 6012 6011
f 6020 6011 6023
f 6023 6011 6024
f 6023 6024 6025
f 6024 2857 6025
f 6025 2857 6026
f 6023 1407 6020
f 6026 1408 6025
f 6025 1408 6027
f 6028 6026 2857
f 6028 2857 6029
f 2857 2860 6029
f 6029 2860 6030
f 6030 2860 6031
f 6030 1409 6029
f 6029 1409 6032
f 6033 6034 6035
f 6035 6034 6036
f 5983 6037 5992
f 5992 6037 6038
f 6037 6039 6038
f 6038 6039 6040
f 6038 6040 6033
f 6033 6040 6041
f 6038 6033 2860
f 6033 6035 2860
f 2860 6035 6031
f 6039 6042 6040
f 6040 6042 1410
f 6040 1410 6041
f 6041 1410 6043
f 6041 6043 3920
f 3920 6044 6041
f 6044 3560 6041
f 6033 6041 3560
f 3560 6034 6033
f 6035 6036 6031
f 6031 6036 3560
f 3560 6045 6031
f 6045 3919 6031
f 6030 6031 6046
f 6046 6031 3919
f 6046 1409 6030
f 5999 1403 5998
f 5998 1403 6047
f 6047 6048 6049
f 6047 6049 6050
f 6050 6049 6004
f 6004 6049 6051
f 6051 6049 6052
f 6052 6049 3910
f 6052 3910 6002
f 6047 6053 6048
f 6048 6053 6054
f 6047 6050 5998
f 5997 5998 6004
f 6004 5998 6050
f 5996 1402 5995
f 5995 1402 6051
f 6051 6052 5995
f 5994 5995 6002
f 6002 5995 6052
f 6003 6055 5991
f 6003 6002 6055
f 6002 3910 6055
f 6055 3910 3909
f 3909 3910 3911
f 3911 3910 6056
f 3911 6056 3549
f 3549 6056 3547
f 3547 6056 3551
f 3551 6056 6057
f 3551 6057 3553
f 3553 6057 3922
f 3922 6057 6058
f 6058 6057 6059
f 6059 6057 3921
f 3921 6057 6060
f 3921 6060 3558
f 3558 6060 6042
f 6042 6060 6043
f 6043 6060 3920
f 3920 6060 6044
f 6044 6060 6061
f 6044 6061 3560
f 3560 6061 6045
f 6045 6061 3919
f 3919 6061 6062
f 3919 6062 6046
f 6046 6062 6032
f 6032 6062 3562
f 3562 6062 6063
f 6063 6062 6027
f 6027 6062 6064
f 6027 6064 3918
f 3918 6064 3564
f 3564 6064 6065
f 6065 6064 6066
f 6065 6066 3916
f 3916 6066 6017
f 6017 6066 3556
f 3556 6066 3566
f 3566 6066 3576
f 3566 3576 3568
f 5986 5991 6067
f 6055 3909 5991
f 3909 3911 5991
f 5991 3911 6067
f 5986 6067 3911
f 3911 1400 5986
f 5987 5988 5990
f 5990 5988 3549
f 3549 3547 5990
f 5984 5990 3547
f 3547 1401 5984
f 5985 1516 5989
f 5989 1516 3551
f 3551 3553 5989
f 3553 3922 5989
f 5982 5989 6058
f 6058 5989 3922
f 6058 1411 5982
f 5983 1411 6037
f 6037 1411 6059
f 6059 3921 6037
f 3921 3558 6037
f 6039 6037 3558
f 3558 6042 6039
f 6029 6032 6028
f 6028 6032 3562
f 3562 6063 6028
f 6026 6028 6063
f 6063 1408 6026
f 6025 6027 3918
f 6023 6025 6068
f 3918 3564 6025
f 6025 3564 6068
f 6023 6068 3564
f 3564 1407 6023
f 6020 1407 6021
f 6021 1407 6065
f 6065 3916 6021
f 6016 6021 6017
f 6017 6021 3916
f 6018 1406 6019
f 6019 1406 3556
f 3556 3566 6019
f 6014 6019 3566
f 3566 1481 6014
f 6015 3568 6022
f 3568 3576 6069
f 6069 3576 3574
f 3574 3576 6070
f 3574 6070 6069
f 6069 6070 6071
f 6071 6070 6013
f 6013 6070 6072
f 6072 6070 6073
f 6073 6070 6007
f 6007 6070 6048
f 6007 6048 6054
f 3568 6069 6022
f 6069 3574 6022
f 6012 6022 6071
f 6071 6022 6069
f 6071 1405 6012
f 6010 6013 6009
f 6013 6072 6009
f 6072 6073 6009
f 6005 6009 6073
f 6073 1404 6005
f 6006 6007 6001
f 6007 6054 6001
f 6054 6053 6001
f 6000 6001 6053
f 6053 1403 6000
f 1410 6042 6043
f 3560 6036 6034
f 6032 1409 6046
f 6027 1408 6063
f 6065 1407 3564
f 3556 1406 6017
f 3568 1481 3566
f 1405 6071 6013
f 1404 6073 6007
f 6047 1403 6053
f 6051 1402 6004
f 3549 5988 3911
f 5988 1400 3911
f 1516 1401 3551
f 3551 1401 3547
f 6059 1411 6058
f 6074 6075 6076
f 6076 6075 6077
f 6076 6077 6078
f 6078 6079 6076
f 6076 6079 6080
f 6079 6081 6080
f 6080 6081 6082
f 6081 6083 6082
f 6082 6083 6084
f 6082 6084 6085
f 6085 6084 6086
f 6085 6086 6087
f 6084 6088 6086
f 6086 6088 6089
f 6086 6089 6090
f 6090 6089 6091
f 6090 6091 6092
f 6092 6091 6093
f 6092 6093 6077
f 6092 6077 6075
f 6094 6095 6096
f 6096 6095 1461
f 6097 1451 6098
f 6098 1451 6099
f 6100 6101 6102
f 6102 6101 6103
f 6104 6094 6098
f 6098 6094 6102
f 6098 6102 6097
f 6097 6102 6105
f 6102 6094 6100
f 6100 6094 6106
f 6094 6096 6106
f 6106 6096 6107
f 6106 6107 6108
f 6106 6108 6109
f 6109 6108 6110
f 6109 6110 6111
f 6111 6110 6112
f 6112 6110 6113
f 6113 6110 6114
f 6114 6110 6115
f 6110 6116 6115
f 6115 6116 6117
f 6117 6116 6118
f 6109 1580 6106
f 6106 1580 6119
f 6113 6120 6112
f 6112 6120 1452
f 6117 6121 6115
f 6115 6121 1453
f 6122 1454 6123
f 6123 1454 6124
f 6123 6118 6116
f 6123 6116 6125
f 6123 6125 6122
f 6122 6125 6126
f 6126 6125 6127
f 6125 6128 6127
f 6127 6128 6129
f 6129 6130 6127
f 6127 6130 1556
f 6131 1552 6132
f 6132 1552 6133
f 6134 6135 6136
f 6136 6135 1456
f 6137 6131 6136
f 6136 6131 6134
f 6131 6132 6134
f 6134 6132 6138
f 6138 6139 6134
f 6132 6140 6129
f 6132 6129 6138
f 6138 6129 6128
f 6138 6128 6141
f 6141 6128 6142
f 6141 6142 6143
f 6142 6144 6143
f 6143 6144 6145
f 6141 6146 6138
f 6138 6146 1457
f 6145 1458 6143
f 6143 1458 6147
f 6148 6145 6144
f 6148 6144 6149
f 6144 6150 6149
f 6149 6150 6151
f 6151 6150 6152
f 6151 6153 6149
f 6149 6153 1614
f 6154 1605 6155
f 6155 1605 6156
f 6096 6157 6107
f 6107 6157 6158
f 6157 6159 6158
f 6158 6159 6160
f 6158 6160 6154
f 6154 6160 6161
f 6158 6154 6150
f 6154 6155 6150
f 6150 6155 6152
f 6159 6162 6160
f 6160 6162 1460
f 6160 1460 6161
f 6161 1460 6163
f 6163 6164 6161
f 6154 6161 6165
f 6165 6161 6164
f 6165 1605 6154
f 6155 6156 6152
f 6156 6166 6152
f 6166 6167 6152
f 6151 6152 6153
f 6153 6152 6167
f 6115 1453 6114
f 6114 1453 6168
f 6168 6169 6170
f 6168 6170 6171
f 6171 6170 6120
f 6120 6170 6172
f 6172 6170 6173
f 6173 6170 6174
f 6173 6174 6175
f 6175 6174 6119
f 6168 6121 6169
f 6121 6176 6169
f 6169 6176 3941
f 6169 3941 6177
f 6168 6171 6114
f 6113 6114 6120
f 6120 6114 6171
f 6112 1452 6111
f 6111 1452 6172
f 6172 6173 6111
f 6109 6111 6175
f 6175 6111 6173
f 6175 1580 6109
f 6119 6178 6106
f 6119 6174 6178
f 6178 6174 3945
f 3945 6174 6179
f 6179 6174 3947
f 6179 3947 6101
f 6101 3947 6180
f 6101 6180 6103
f 6181 3947 6099
f 6099 3947 6182
f 6099 6182 6183
f 6183 6182 6184
f 6184 6182 6095
f 6095 6182 6185
f 6185 6182 6186
f 6185 6186 6187
f 6187 6186 6162
f 6162 6186 6163
f 6163 6186 6164
f 6164 6186 6188
f 6164 6188 6165
f 6165 6188 6156
f 6156 6188 6166
f 6166 6188 6167
f 6167 6188 6189
f 6167 6189 6153
f 6153 6189 6190
f 6190 6189 6191
f 6191 6189 6147
f 6147 6189 6192
f 6147 6192 6193
f 6193 6192 6194
f 6194 6192 6146
f 6146 6192 6195
f 6195 6192 6196
f 6195 6196 6197
f 6197 6196 6135
f 6135 6196 6198
f 6198 6196 3937
f 3937 6196 6199
f 3937 6199 6200
f 6200 6199 6133
f 6100 6106 6201
f 6178 3945 6106
f 3945 6179 6106
f 6106 6179 6201
f 6100 6201 6101
f 6101 6201 6179
f 6102 6103 6105
f 6103 6180 6105
f 6180 3947 6105
f 6097 6105 6181
f 6181 6105 3947
f 6181 1451 6097
f 6098 6099 6104
f 6099 6183 6104
f 6183 6184 6104
f 6094 6104 6095
f 6095 6104 6184
f 6096 1461 6157
f 6157 1461 6185
f 6185 6187 6157
f 6159 6157 6162
f 6162 6157 6187
f 6149 1614 6148
f 6148 1614 6190
f 6190 6191 6148
f 6145 6148 6191
f 6191 1458 6145
f 6147 6193 6143
f 6141 6143 6202
f 6193 6194 6143
f 6143 6194 6202
f 6141 6202 6146
f 6146 6202 6194
f 6138 1457 6139
f 6139 1457 6195
f 6195 6197 6139
f 6134 6139 6135
f 6135 6139 6197
f 6136 1456 6137
f 6137 1456 6198
f 6198 3937 6137
f 3937 6200 6137
f 6131 6137 6200
f 6200 1552 6131
f 6132 6133 6140
f 6133 6203 6140
f 6133 6199 6203
f 6203 6199 6204
f 6204 6199 6205
f 6204 6205 6130
f 6130 6205 6206
f 6206 6205 6207
f 6207 6205 6124
f 6124 6205 6169
f 6124 6169 6177
f 6203 6204 6140
f 6129 6140 6130
f 6130 6140 6204
f 6127 1556 6126
f 6126 1556 6206
f 6206 6207 6126
f 6122 6126 6207
f 6207 1454 6122
f 6123 6124 6118
f 6124 6177 6118
f 6177 3941 6118
f 3941 6176 6118
f 6117 6118 6121
f 6121 6118 6176
f 1460 6162 6163
f 6156 1605 6165
f 6190 1614 6153
f 6147 1458 6191
f 6195 1457 6146
f 6198 1456 6135
f 6133 1552 6200
f 1556 6130 6206
f 1454 6207 6124
f 6168 1453 6121
f 6172 1452 6120
f 6119 1580 6175
f 6099 1451 6181
f 1461 6095 6185
f 5965 5964 6208
f 5964 4100 6209
f 6209 4100 6210
f 6210 4100 5968
f 6210 5968 6211
f 5968 5970 6212
f 5970 5973 6213
f 5973 5975 6214
f 5975 5974 6215
f 5974 5978 6216
f 5978 5980 6217
f 5980 5965 6218
f 5972 2884 5976
f 5976 2884 2886
f 5976 2886 5977
f 5977 2886 2889
f 5977 2889 5979
f 5979 2889 2891
f 5979 2891 5981
f 5981 2891 5966
f 2891 2894 5966
f 5966 2894 2896
f 5966 2896 5967
f 5967 2896 2905
f 5967 2905 4095
f 4095 2905 2903
f 4095 2903 5969
f 5969 2903 2900
f 5969 2900 5971
f 5971 2900 5972
f 2900 2897 5972
f 5972 2897 2884
f 5993 5992 2905
f 2905 5992 2903
f 5992 6038 2903
f 2903 6038 2900
f 2900 6038 2897
f 2897 6038 2860
f 2897 2860 2857
f 2897 2857 2884
f 2884 2857 6024
f 2884 6024 2886
f 2886 6024 6011
f 2886 6011 2889
f 2889 6011 6008
f 2889 6008 2891
f 2891 6008 2894
f 6008 2849 2894
f 2894 2849 2846
f 2894 2846 2896
f 2896 2846 5993
f 2896 5993 2905
f 6056 3910 6219
f 3910 6049 6219
f 6070 3576 6220
f 3576 6066 6220
f 6062 6061 6215
f 6215 6061 5975
f 6061 6060 5975
f 5975 6060 6214
f 6214 6060 5973
f 5973 6060 6057
f 5973 6057 6213
f 6213 6057 5970
f 6057 6056 5970
f 5970 6056 6212
f 6056 6219 6212
f 6212 6219 5968
f 5968 6219 6211
f 6211 6219 6049
f 6211 6049 6210
f 6210 6049 6209
f 6049 6048 6209
f 6209 6048 5964
f 6048 6070 5964
f 5964 6070 6208
f 6208 6070 5965
f 5965 6070 6220
f 5965 6220 6218
f 6218 6220 5980
f 6220 6066 5980
f 5980 6066 6217
f 6066 6064 6217
f 6217 6064 5978
f 5978 6064 6216
f 6216 6064 6062
f 6216 6062 5974
f 5974 6062 6215
f 6075 6074 6221
f 6074 6076 6222
f 6076 6080 3945
f 6080 6082 3947
f 6082 6085 6223
f 6085 6087 6224
f 6087 6086 6225
f 6086 6090 6226
f 6090 6092 6227
f 6092 6075 6228
f 6084 6229 6088
f 6088 6229 6230
f 6088 6230 6089
f 6089 6230 6231
f 6089 6231 6091
f 6091 6231 6232
f 6091 6232 6093
f 6093 6232 6077
f 6232 6233 6077
f 6077 6233 6234
f 6077 6234 6078
f 6078 6234 6235
f 6078 6235 6079
f 6079 6235 6236
f 6079 6236 6081
f 6081 6236 6237
f 6081 6237 6083
f 6083 6237 6084
f 6237 6238 6084
f 6084 6238 6229
f 6108 6107 6235
f 6235 6107 6236
f 6107 6158 6236
f 6236 6158 6237
f 6237 6158 6238
f 6238 6158 6150
f 6238 6150 6144
f 6238 6144 2953
f 2953 6144 6142
f 2953 6142 2955
f 2955 6142 6128
f 2955 6128 2958
f 2958 6128 6125
f 2958 6125 2960
f 2960 6125 2963
f 6125 6116 2963
f 2963 6116 6110
f 2963 6110 6234
f 6234 6110 6108
f 6234 6108 6235
f 6235 2965 6234
f 6234 2965 2963
f 2953 2966 6238
f 6238 2966 2969
f 6238 2969 6237
f 6237 2969 2972
f 6237 2972 6236
f 6236 2972 2974
f 6236 2974 6235
f 6235 2974 2965
f 6189 6188 4506
f 4506 6188 4501
f 6188 6186 4501
f 4501 6186 4498
f 6186 6182 4498
f 4498 6182 4496
f 6182 3947 4496
f 4496 3947 4497
f 3947 6174 4497
f 6174 6170 4515
f 6170 6169 4515
f 4515 6169 4508
f 6169 6205 4508
f 4508 6205 4509
f 6205 6199 4509
f 4509 6199 4510
f 6199 6196 4510
f 4510 6196 4507
f 6196 6192 4507
f 4507 6192 4505
f 6192 6189 4505
f 4505 6189 4506
f 4506 4501 6225
f 6225 4501 6087
f 4501 4498 6087
f 6087 4498 6224
f 6224 4498 6085
f 6085 4498 4496
f 6085 4496 6223
f 6223 4496 6082
f 4496 4497 6082
f 6082 4497 3947
f 3947 6174 6080
f 6080 6174 3945
f 3945 6174 4515
f 3945 4515 6076
f 6076 4515 6222
f 4515 4508 6222
f 6222 4508 6074
f 4508 4509 6074
f 6074 4509 6221
f 6221 4509 6075
f 6075 4509 4510
f 6075 4510 6228
f 6228 4510 6092
f 4510 4507 6092
f 6092 4507 6227
f 4507 4505 6227
f 6227 4505 6090
f 6090 4505 6226
f 6226 4505 4506
f 6226 4506 6086
f 6086 4506 6225
f 6234 6233 2963
f 2963 6233 6232
f 2963 6232 2960
f 2960 6232 6231
f 2960 6231 2958
f 2958 6231 6230
f 2958 6230 2955
f 2955 6230 2953
f 6230 6229 2953
f 2953 6229 2966
f 6229 6238 2966
f 2966 6238 6237
f 2966 6237 2969
f 2969 6237 6236
f 2969 6236 2972
f 2972 6236 6235
f 2972 6235 2974
f 2937 6239 3028
f 2983 6240 6241
f 6242 2945 6243
f 6243 2945 2943
f 6243 2943 6244
f 6244 2943 2942
f 6244 2942 6245
f 6245 2942 6240
f 6239 6241 3028
f 3028 6241 6240
f 6241 6246 6247
f 6248 6249 3031
f 3031 3030 6248
f 6248 3030 6250
f 5400 6250 3030
f 6249 6251 3031
f 3031 6251 3032
f 6251 6247 3032
f 3032 6247 3033
f 3033 6247 3034
f 3034 6247 6246
f 6252 6250 6253
f 6253 6254 6255
f 6255 6254 3029
f 3029 6254 6256
f 5400 3025 6250
f 6257 6258 3035
f 3035 6258 3029
f 3029 6258 6253
f 3029 6253 5400
f 5400 6253 6250
f 6253 6258 6254
f 2872 6259 3010
f 3010 6259 6260
f 3010 6260 2873
f 2873 6260 6261
f 2873 6261 2875
f 2875 6261 6262
f 2875 6262 3002
f 3002 6262 6263
f 3002 6263 3003
f 3003 6263 6264
f 6265 6266 3007
f 3007 2880 6265
f 6265 2880 6264
f 6265 6264 6263
f 3007 6267 3003
f 3009 3008 6268
f 6268 3008 6269
f 6268 6269 6270
f 3008 3003 6269
f 6271 6269 6265
f 6265 6269 6266
f 6266 6269 6267
f 6267 6269 3003
f 3009 6268 3010
f 3010 6268 6272
f 3010 6272 3011
f 6273 3005 6274
f 6273 6274 6275
f 6276 6274 2868
f 6276 2868 2881
f 2868 6274 3005
f 6277 6278 6272
f 6277 6272 6275
f 3011 6272 6278
f 3011 6278 3012
f 6279 6280 5587
f 5587 6280 6281
f 6282 5588 6280
f 6280 5588 6281
f 4369 5588 6282
f 6283 5588 4369
f 6284 5590 6283
f 6283 5590 5588
f 6284 6285 5590
f 5590 6285 6286
f 6287 6288 6285
f 6285 6288 6286
f 4370 5589 6287
f 6287 5589 6288
f 4370 6289 5589
f 5589 6289 6290
f 6291 6292 6289
f 6289 6292 6290
f 6291 6293 6292
f 6292 6293 6294
f 6295 5604 6293
f 6293 5604 6294
f 4371 5604 6295
f 6293 6291 6295
f 6295 6291 6284
f 6295 6284 6283
f 6285 6284 6287
f 6287 6284 6291
f 6287 6291 6289
f 6287 6289 4370
f 6283 4369 6295
f 6295 4369 4371
f 4369 6282 4371
f 4371 6282 6296
f 6282 6280 6296
f 4371 6296 5604
f 5604 6296 6297
f 6296 6298 6297
f 6299 6300 6296
f 6296 6300 6298
f 6299 6301 6300
f 6300 6301 6302
f 6301 4364 6302
f 6302 4364 5591
f 6303 5591 4364
f 6304 5591 6303
f 6304 6305 5591
f 6304 6306 6305
f 6305 6306 6307
f 6308 6307 6306
f 6309 6310 6308
f 6308 6310 6307
f 6309 3935 6310
f 6309 4362 3935
f 3935 4362 5592
f 6311 6312 4362
f 4362 6312 5592
f 6311 6313 6312
f 6312 6313 6314
f 6315 6316 6313
f 6313 6316 6314
f 6317 6318 6315
f 6315 6318 6316
f 4363 3933 6317
f 6317 3933 6318
f 6315 6313 5531
f 6315 5531 6317
f 6317 5531 6319
f 6317 6319 4363
f 6313 6311 5531
f 5531 6311 5529
f 5529 6311 4362
f 5529 4362 6309
f 6309 6308 5529
f 5529 6308 5526
f 6308 6306 5526
f 5526 6306 6304
f 6304 6303 5526
f 5526 6303 4364
f 5526 4364 6320
f 6320 4364 6301
f 6320 6301 6321
f 6321 6301 6279
f 6321 6279 6322
f 6323 4363 6319
f 6323 6319 6324
f 6324 6319 6325
f 6324 6325 6326
f 6324 6326 6327
f 6324 6327 6328
f 6328 6327 6329
f 6329 6327 6330
f 6319 6331 6325
f 6331 5537 6325
f 6325 5537 6332
f 6332 5537 6333
f 6333 5537 6334
f 6334 5537 6335
f 5537 5540 6335
f 6335 5540 6336
f 6336 5540 6337
f 6337 5540 6338
f 6338 5540 6339
f 6339 5540 5542
f 6339 5542 6340
f 3933 4363 5593
f 6323 5593 4363
f 6324 6341 6323
f 6323 6341 5593
f 6324 6328 6341
f 6341 6328 6342
f 6329 6343 6328
f 6328 6343 6342
f 6330 5594 6329
f 6329 5594 6343
f 4365 3931 6330
f 6330 3931 5594
f 3931 4365 5594
f 6344 5594 4365
f 6345 6346 6344
f 6344 6346 5594
f 6345 6347 6346
f 6346 6347 6348
f 6349 6350 6347
f 6347 6350 6348
f 4366 5595 6349
f 6349 5595 6350
f 4366 3929 5595
f 4366 6351 5595
f 5595 6351 6352
f 6353 6354 6351
f 6351 6354 6352
f 6353 6355 6354
f 6354 6355 6356
f 6357 5596 6355
f 6355 5596 6356
f 6358 5596 6357
f 6355 6353 6357
f 6357 6353 6345
f 6357 6345 6344
f 6347 6345 6349
f 6349 6345 6353
f 6349 6353 6351
f 6349 6351 4366
f 6344 4365 6357
f 6357 4365 6358
f 4365 6330 6358
f 6358 6330 6327
f 6358 6327 6359
f 6358 6359 5596
f 5596 6359 6360
f 6359 6327 6360
f 6327 6361 6360
f 6326 6362 6327
f 6327 6362 6361
f 6325 6362 6326
f 6362 6325 6363
f 6363 6325 3925
f 6332 5584 6325
f 6325 5584 3925
f 6333 5584 6332
f 6333 6364 5584
f 6333 6334 6364
f 6364 6334 6365
f 6335 6365 6334
f 6336 6366 6335
f 6335 6366 6365
f 6336 6337 6366
f 6366 6337 5585
f 5585 6337 3949
f 6338 5585 6337
f 6339 6367 6338
f 6338 6367 5585
f 6339 6340 6367
f 6367 6340 6368
f 6369 2839 6340
f 6340 2839 6368
f 6370 2843 6369
f 6369 2843 2839
f 4372 6371 6370
f 6370 6371 2843
f 6280 6279 6296
f 6296 6279 6299
f 6299 6279 6301
f 6369 6340 5542
f 6369 5542 6370
f 6370 5542 6321
f 6370 6321 4372
f 6321 6322 4372
f 6371 4372 5586
f 6322 5586 4372
f 6279 5587 6322
f 6322 5587 5586
f 6356 5596 6354
f 6354 5596 6346
f 6354 6346 6350
f 6350 6346 6348
f 6354 6350 6352
f 6352 6350 5595
f 6352 5595 3929
f 6346 5596 5594
f 5594 5596 3931
f 6314 6316 1783
f 6314 1783 6312
f 6312 1783 5592
f 1783 5507 5592
f 5592 5507 6310
f 5592 6310 3935
f 6310 5507 6307
f 6307 5507 6305
f 6305 5507 5591
f 5507 5506 5591
f 5591 5506 6302
f 1783 6316 1785
f 1785 6316 6318
f 1785 6318 3933
f 3933 5593 1785
f 1785 5593 1791
f 1791 5593 6341
f 1791 6341 1790
f 1790 6341 6363
f 1790 6363 3925
f 3925 5584 1790
f 1790 5584 1787
f 1787 5584 6364
f 1787 6364 6365
f 1787 6365 6366
f 1787 6366 5585
f 5585 3949 1787
f 1787 5585 1778
f 1778 5585 6367
f 1778 6367 6368
f 6362 6363 6341
f 6341 6342 6362
f 6362 6342 6343
f 6362 6343 6361
f 6361 6343 5594
f 6361 5594 6360
f 6360 5594 5596
f 6294 5604 6292
f 6292 5604 5590
f 6292 5590 6288
f 6288 5590 6286
f 6292 6288 6290
f 6290 6288 5589
f 5587 6281 6300
f 6300 6281 6298
f 6298 6281 5588
f 6298 5588 6297
f 6297 5588 5604
f 6300 6302 5587
f 6302 5506 5587
f 5587 5506 5508
f 5587 5508 5586
f 5586 5508 5510
f 5586 5510 6371
f 6371 5510 2843
f 2843 5510 2839
f 5510 1778 2839
f 2839 1778 6368
f 6372 6373 5609
f 5609 6373 6374
f 3742 3743 6373
f 6373 3743 6374
f 3742 6375 3743
f 3743 6375 6376
f 6377 6376 6375
f 6378 5610 6377
f 6377 5610 6376
f 6378 6379 5610
f 5610 6379 6380
f 6381 6382 6379
f 6379 6382 6380
f 3740 3741 6381
f 6381 3741 6382
f 3740 6383 3741
f 3741 6383 6384
f 6385 6386 6383
f 6383 6386 6384
f 6387 6388 6385
f 6385 6388 6386
f 6387 6389 6388
f 6388 6389 6390
f 6390 6389 3739
f 6391 3739 6389
f 6392 3739 6391
f 6389 6387 6391
f 6391 6387 6378
f 6391 6378 6377
f 6379 6378 6381
f 6381 6378 6387
f 6381 6387 6385
f 6381 6385 3740
f 3740 6385 6383
f 6377 6375 3742
f 6377 3742 6391
f 6391 3742 6392
f 6392 3742 6393
f 3742 6373 6393
f 6392 6393 3739
f 3739 6393 6394
f 6393 6395 6394
f 6396 6397 6393
f 6393 6397 6395
f 6396 6398 6397
f 6397 6398 6399
f 6398 3736 6399
f 6399 3736 3737
f 6400 3737 3736
f 6401 6402 6400
f 6400 6402 3737
f 6401 6403 6402
f 6402 6403 6404
f 6405 6406 6403
f 6403 6406 6404
f 6407 6408 6405
f 6405 6408 6406
f 6407 6409 6408
f 6408 6409 6410
f 6410 6409 3731
f 6411 3731 6409
f 6412 3726 6411
f 6411 3726 3731
f 6412 3728 3726
f 6412 3727 3728
f 6413 6414 3725
f 3725 6414 3726
f 6413 3720 6414
f 3725 3727 6415
f 3725 6415 6413
f 6413 6415 6416
f 6413 6416 3719
f 3727 6412 6415
f 6415 6412 6417
f 6417 6412 6411
f 6417 6411 6409
f 6417 6409 6407
f 6407 6405 6417
f 6417 6405 6418
f 6405 6403 6418
f 6418 6403 6401
f 6401 6400 6418
f 6418 6400 3736
f 6418 3736 6419
f 6419 3736 6398
f 6419 6398 6420
f 6420 6398 6372
f 6420 6372 6421
f 6422 3719 6416
f 6422 6416 6423
f 6423 6416 6424
f 6423 6424 6425
f 6423 6425 6426
f 6423 6426 6427
f 6427 6426 6428
f 6428 6426 6429
f 6416 6430 6424
f 6424 6430 3753
f 6430 6431 3753
f 3753 6431 6432
f 6432 6431 6433
f 6433 6431 3746
f 6433 3746 3750
f 3746 6431 6434
f 6431 6435 6434
f 6434 6435 3732
f 3732 6435 3734
f 3734 6435 4339
f 4339 6435 6436
f 6436 6435 6437
f 6436 6437 6438
f 6413 3719 3720
f 6422 5611 3719
f 3719 5611 3720
f 6423 6439 6422
f 6422 6439 5611
f 6423 6427 6439
f 6439 6427 6440
f 6428 6441 6427
f 6427 6441 6440
f 6429 5612 6428
f 6428 5612 6441
f 4334 5612 6429
f 6442 5612 4334
f 6443 6444 6442
f 6442 6444 5612
f 6443 6445 6444
f 6444 6445 6446
f 6447 6448 6445
f 6445 6448 6446
f 6449 5622 6447
f 6447 5622 6448
f 6449 6450 5622
f 5622 6450 6451
f 6452 6451 6450
f 6453 6454 6452
f 6452 6454 6451
f 6453 6455 6454
f 6454 6455 6456
f 6457 5613 6455
f 6455 5613 6456
f 4336 5613 6457
f 6455 6453 6457
f 6457 6453 6443
f 6457 6443 6442
f 6445 6443 6447
f 6447 6443 6453
f 6447 6453 6452
f 6447 6452 6449
f 6449 6452 6450
f 6442 4334 6457
f 6457 4334 4336
f 4334 6429 4336
f 4336 6429 6426
f 4336 6426 6458
f 4336 6458 5613
f 5613 6458 6459
f 6458 6426 6459
f 6426 6460 6459
f 6425 6461 6426
f 6426 6461 6460
f 6424 6461 6425
f 6461 6424 3836
f 6424 3753 3836
f 3836 3753 3834
f 6432 3834 3753
f 6433 3834 6432
f 3750 3834 6433
f 3750 3746 3834
f 3834 3746 3833
f 3833 3746 3832
f 6434 3733 3746
f 3746 3733 3832
f 3732 3733 6434
f 3734 3735 3732
f 3732 3735 3733
f 3734 4339 3735
f 3735 4339 5608
f 6436 6462 4339
f 4339 6462 5608
f 6436 6438 6462
f 6462 6438 6463
f 6464 2831 6438
f 6438 2831 6463
f 6465 2835 6464
f 6464 2835 2831
f 3744 3745 6465
f 6465 3745 2835
f 6373 6372 6393
f 6393 6372 6396
f 6396 6372 6398
f 6464 6438 6437
f 6464 6437 6465
f 6465 6437 6420
f 6465 6420 3744
f 6420 6421 3744
f 3744 6421 4338
f 3744 4338 3745
f 3745 4338 6466
f 6421 6466 4338
f 6372 5609 6421
f 6421 5609 6466
f 6456 5613 6454
f 6454 5613 6444
f 6454 6444 6448
f 6448 6444 6446
f 6454 6448 6451
f 6451 6448 5622
f 6444 5613 5612
f 3726 1819 3731
f 1819 1818 3731
f 3731 1818 6410
f 6410 1818 6408
f 6408 1818 6406
f 6406 1818 6404
f 6404 1818 6402
f 1818 1817 6402
f 6402 1817 3737
f 3737 1817 6399
f 1819 3726 6467
f 6467 3726 6414
f 6467 6414 3720
f 6467 3720 5611
f 6467 5611 6468
f 6468 5611 6439
f 6468 6439 6469
f 6469 6439 3836
f 6469 3836 3834
f 6469 3834 5614
f 5614 3834 3833
f 5614 3833 3832
f 3832 3733 5614
f 5614 3733 3735
f 3735 5608 5614
f 5614 5608 1814
f 1814 5608 6462
f 1814 6462 6463
f 6461 3836 6439
f 6439 6440 6461
f 6461 6440 6441
f 6461 6441 6460
f 6460 6441 5612
f 6460 5612 6459
f 6459 5612 5613
f 6390 3739 6388
f 6388 3739 5610
f 6388 5610 6382
f 6382 5610 6380
f 6388 6382 6386
f 6386 6382 3741
f 6386 3741 6384
f 5610 3739 6376
f 6376 3739 3743
f 5609 6374 6397
f 6397 6374 6395
f 6395 6374 3743
f 6395 3743 6394
f 6394 3743 3739
f 6397 6399 5609
f 6399 1817 5609
f 5609 1817 1816
f 5609 1816 6466
f 6466 1816 1815
f 6466 1815 3745
f 3745 1815 2835
f 2835 1815 2831
f 1815 1814 2831
f 2831 1814 6463
f 3025 2945 2952
f 2952 2945 3024
f 2942 2943 3028
f 2942 3028 6240
f 3028 2938 2937
f 3029 2950 3025
f 3029 3025 6255
f 2985 6470 1186
f 1187 2985 6471
f 1187 6471 3026
f 2937 3026 2938
f 2938 3026 2950
f 2950 2949 3025
f 3024 3025 1186
f 1186 3025 2985
f 2985 3025 6471
f 6471 3025 2949
f 6471 2949 3026
f 2945 2952 3023
f 2945 3023 2943
f 3027 3028 1188
f 1188 3028 2983
f 1186 6470 2986
f 2986 6470 6472
f 2986 6472 1189
f 1189 6472 2983
f 2983 6473 1188
f 1188 6473 2984
f 1188 2984 3027
f 3027 2984 3026
f 3027 3026 2937
f 3026 2984 1187
f 2985 1187 6254
f 6254 1187 2984
f 6254 2984 6473
f 1186 2986 3024
f 3024 2986 3023
f 3024 3023 2952
f 2986 1189 3023
f 3023 1189 6245
f 3023 6245 2942
f 1189 2983 6245
f 2983 3028 6245
f 6245 3028 2942
f 6473 6256 6254
f 6254 6253 2985
f 2985 6253 6252
f 2985 6252 6242
f 2985 6242 6470
f 6470 6242 6243
f 6470 6243 6244
f 6470 6244 6472
f 6472 6244 6245
f 6472 6245 6240
f 6472 6240 2983
f 6241 6239 2983
f 2983 6239 6473
f 6257 2938 3034
f 3034 2938 3033
f 3033 2943 3032
f 3031 2943 2945
f 3031 2945 3030
f 2945 3025 3030
f 3025 2950 5400
f 5400 2950 3029
f 2950 2938 3035
f 3035 2938 6257
f 2950 3029 2938
f 2938 3029 3034
f 3032 3033 6249
f 6249 3033 6247
f 6249 6248 3032
f 3032 6248 3030
f 3032 3030 2945
f 2945 3030 5400
f 2945 5400 3025
f 2945 2943 3032
f 6248 6253 3030
f 3030 6253 5400
f 5400 3035 3029
f 3034 3035 6246
f 6246 3035 6474
f 3035 5400 6474
f 6474 5400 6253
f 6258 6474 6254
f 6254 6474 6253
f 6253 6248 6252
f 6252 6248 6250
f 6249 6247 6251
f 6246 6474 6473
f 6473 6474 6258
f 2987 5864 6275
f 6275 5864 6475
f 6475 5864 6259
f 6259 5864 6260
f 5864 5863 6260
f 6260 5863 6261
f 6261 5863 6262
f 6262 5863 2989
f 6262 2989 6263
f 6263 2989 5861
f 6263 5861 6265
f 6265 5861 6266
f 6266 5861 6476
f 5861 5859 6476
f 6476 5859 6276
f 6276 5859 6274
f 6274 5859 2987
f 6274 2987 6275
f 3006 2873 2872
f 3005 3006 1152
f 3005 1152 2988
f 5859 1152 2987
f 1153 2987 6259
f 6259 2987 3006
f 6259 3006 2872
f 3006 2987 1152
f 5863 1150 2989
f 1151 2989 6477
f 6477 2989 3003
f 6477 3003 2880
f 2883 3002 3001
f 3001 6259 2872
f 3001 2873 2875
f 3001 2875 2883
f 2883 2875 3003
f 3003 2881 2880
f 2880 3004 6477
f 6477 3004 1151
f 1151 3004 2988
f 2988 3004 3005
f 3005 3004 2867
f 3006 2867 2868
f 2868 2867 3004
f 2868 3004 2881
f 6259 3001 1153
f 1153 3001 2990
f 3001 3002 2990
f 2990 3002 1150
f 3002 3003 1150
f 3003 2989 1150
f 2868 3005 6273
f 6273 3006 2868
f 3006 2872 3010
f 3006 3010 2873
f 2875 3002 3003
f 3003 6264 2880
f 3003 3007 2881
f 6266 6476 6271
f 6266 6271 6265
f 6271 6270 6269
f 6270 6478 6268
f 6478 6479 6272
f 6272 6479 6277
f 6277 6476 6278
f 6270 6271 3008
f 3008 6271 5420
f 3011 3010 3009
f 3011 3009 2873
f 2873 3009 2875
f 2875 3009 3008
f 2875 3008 5420
f 2875 5420 3003
f 2881 3007 2868
f 3007 3012 2868
f 2868 3012 3011
f 3008 3009 3010
f 3008 3010 6270
f 6270 3010 6478
f 3010 3011 6478
f 6478 3011 6479
f 6271 6476 5420
f 5420 6476 3007
f 6476 6277 3007
f 3007 6277 3012
f 6277 6479 3012
f 3012 6479 3011
f 3013 2868 3012
f 3011 2873 3010
f 2875 3003 3008
f 2881 2868 3013
f 5542 5540 5510
f 5510 5540 1778
f 5540 5537 1778
f 1778 5537 1787
f 5537 6331 1787
f 1787 6331 1790
f 6331 6319 1790
f 1790 6319 1791
f 6319 5531 1791
f 1791 5531 1785
f 5531 5529 1785
f 1785 5529 1783
f 5529 5526 1783
f 1783 5526 5507
f 5526 6320 5507
f 5507 6320 5506
f 6320 6321 5506
f 5506 6321 5508
f 6321 5542 5508
f 5508 5542 5510
f 5508 5510 2842
f 2842 5510 1778
f 6437 6435 1815
f 1815 6435 1814
f 6435 6431 1814
f 1814 6431 5614
f 6431 6430 5614
f 5614 6430 6469
f 6430 6416 6469
f 6469 6416 6468
f 6416 6415 6468
f 6468 6415 6467
f 6415 6417 6467
f 6467 6417 1819
f 6417 6418 1819
f 1819 6418 1818
f 6418 6419 1818
f 1818 6419 1817
f 6419 6420 1817
f 1817 6420 1816
f 6420 6437 1816
f 1816 6437 1815
f 3024 6242 3030
f 6248 3030 6242
f 6248 6242 6250
f 6250 6252 3030
f 3030 6252 6242
f 6252 6250 6242
f 6249 3031 2943
f 6249 2943 6244
f 6244 6248 6249
f 6248 6244 2943
f 6248 2943 3031
f 6247 3033 6240
f 6246 3034 2937
f 6246 2937 6239
f 6258 3035 2950
f 6258 2950 6256
f 6256 6257 6258
f 6257 6256 2950
f 2950 3035 6257
f 6255 6253 3025
f 3025 6253 5400
f 5400 6253 6480
f 5400 6480 6255
f 5400 6255 3025
f 6255 6480 6253
f 6259 6478 6268
f 6268 6259 3010
f 6268 6270 6261
f 6270 6261 2875
f 6261 6268 2875
f 2875 6268 3009
f 3009 6268 6270
f 3009 6270 2875
f 6269 6271 6263
f 6271 6263 3003
f 6263 6269 3003
f 3003 6269 6271
f 3007 6266 6267
f 6278 6276 2868
f 6276 6476 2868
f 2868 6476 6278
f 2868 6278 3013
f 6476 6276 6278
f 6273 3011 6275
f 6275 3011 6272
f 6275 6272 6273
f 3011 6273 6272
f 2952 2928 2935
f 2935 2928 2926
f 2933 2929 2949
f 2949 2929 2931
f 2935 2926 2934
f 2934 2926 2933
f 2933 2926 2929
f 2937 2938 2917
f 2917 2938 2975
f 2975 2938 2968
f 2975 2968 2970
f 2975 2970 6481
f 6481 2970 6482
f 6481 6482 2973
f 2973 6482 2971
f 2938 2950 2968
f 2968 2950 2949
f 2968 2949 2931
f 2928 2956 2926
f 2926 2956 6144
f 2926 6144 6150
f 2926 6150 2936
f 2936 6150 2929
f 2929 6150 2931
f 2931 6150 2968
f 6150 6158 2968
f 2968 6158 2970
f 2970 6158 6482
f 6482 6158 6107
f 6482 6107 2971
f 2971 6107 6108
f 2971 6108 2973
f 2973 6108 6481
f 6108 6110 6481
f 6481 6110 2975
f 2956 6483 6144
f 6144 6483 6142
f 6483 2957 6142
f 6142 2957 2959
f 6142 2959 6128
f 6128 2959 2961
f 6128 2961 6125
f 6125 2961 6484
f 6125 6484 2962
f 6125 2962 6116
f 6116 2962 2920
f 6116 2920 2918
f 2918 2922 6116
f 6116 2922 2915
f 6116 2915 6110
f 6110 2915 2975
f 2915 2917 2975
f 2937 2917 2924
f 2924 2917 2915
f 2920 2962 2942
f 2942 2962 2943
f 2943 2962 2956
f 2943 2956 2928
f 2943 2928 2945
f 2945 2928 2952
f 2962 6484 2956
f 2956 6484 6483
f 6484 2961 6483
f 6483 2961 2957
f 2957 2961 2959
f 2949 2950 2933
f 2933 2950 6485
f 2933 6485 897
f 2933 897 2934
f 2934 897 6486
f 2934 6486 2935
f 2935 6486 915
f 2935 915 2952
f 2952 915 2945
f 915 903 2945
f 2945 903 2943
f 903 914 2943
f 914 6487 2943
f 2943 6487 2923
f 2943 2923 2942
f 6487 906 2923
f 2923 906 2924
f 906 6488 2924
f 6488 912 2924
f 2924 912 2937
f 2937 912 2938
f 2938 912 902
f 2938 902 917
f 2938 917 2950
f 2950 917 6485
f 2920 2942 2918
f 2918 2942 2923
f 2924 2915 2923
f 2923 2915 2918
f 2883 2859 2877
f 2877 2859 2857
f 2864 2860 2880
f 2880 2860 2862
f 2877 2857 2865
f 2865 2857 2864
f 2864 2857 2860
f 2867 2868 2848
f 2848 2868 3004
f 2848 3004 2906
f 2906 3004 2899
f 2906 2899 2901
f 2906 2901 6489
f 6489 2901 6490
f 6489 6490 2904
f 2904 6490 2902
f 3004 2881 2899
f 2899 2881 2880
f 2899 2880 2862
f 2859 2887 2857
f 2857 2887 6491
f 2857 6491 6492
f 2857 6492 2866
f 2866 6492 2860
f 2860 6492 2862
f 2862 6492 2899
f 6492 6038 2899
f 2899 6038 2901
f 2901 6038 6490
f 6490 6038 5992
f 6490 5992 2902
f 2902 5992 5993
f 2902 5993 2904
f 2904 5993 6489
f 5993 6493 6489
f 6489 6493 2906
f 2887 6494 6491
f 6491 6494 6024
f 6494 2888 6024
f 6024 2888 2890
f 6024 2890 6011
f 6011 2890 6495
f 6011 6495 6008
f 6008 6495 2892
f 6008 2892 2893
f 6008 2893 6496
f 6496 2893 2851
f 6496 2851 2849
f 2849 2853 6496
f 6496 2853 2846
f 6496 2846 6493
f 6493 2846 2906
f 2846 2848 2906
f 2867 2848 6497
f 6497 2848 2846
f 2851 2893 2872
f 2872 2893 2873
f 2873 2893 3001
f 3001 2893 2887
f 3001 2887 2859
f 3001 2859 2875
f 2875 2859 2883
f 2893 2892 2887
f 2887 2892 6494
f 2892 6495 6494
f 6494 6495 2888
f 2888 6495 2890
f 2880 2881 2864
f 2864 2881 6498
f 2864 6498 937
f 2864 937 2865
f 2865 937 6499
f 2865 6499 2877
f 2877 6499 951
f 2877 951 2883
f 2883 951 2875
f 951 922 2875
f 2875 922 3001
f 922 950 3001
f 3001 950 2873
f 950 6500 2873
f 2873 6500 2855
f 2873 2855 2872
f 6500 919 2855
f 919 6501 2855
f 2855 6501 6497
f 6501 948 6497
f 6497 948 2867
f 2867 948 2868
f 2868 948 943
f 2868 943 3004
f 3004 943 953
f 3004 953 2881
f 2881 953 6498
f 2851 2872 2849
f 2849 2872 2855
f 6497 2846 2855
f 2855 2846 2849
f 3194 3224 3950
f 3224 3223 3950
f 3950 3223 3196
f 3203 3218 3951
f 3218 3217 3951
f 3951 3217 3206
f 6485 917 6502
f 6502 917 6503
f 6502 6503 6504
f 6504 6503 6505
f 6503 6505 6506
f 6503 6506 3216
f 3216 6506 6507
f 3216 6507 3215
f 3215 6507 6508
f 3215 6508 3214
f 3214 6508 6509
f 3214 6509 3213
f 3213 6509 6510
f 3213 6510 3224
f 3224 6510 6511
f 3224 6511 3223
f 3223 6511 3222
f 3216 3217 6503
f 6503 3217 3218
f 6503 3218 6502
f 6502 3218 3219
f 6502 3219 6512
f 6512 3219 3220
f 6512 3220 6513
f 6513 3220 3221
f 6513 3221 6514
f 6514 3221 3222
f 6514 3222 6515
f 6515 3222 6511
f 6515 6511 6516
f 6516 6511 6517
f 6511 6517 6510
f 6511 6510 914
f 914 6510 6487
f 6487 6510 906
f 906 6510 6488
f 914 903 6511
f 6511 903 6512
f 6511 6512 6515
f 6515 6512 6513
f 6515 6513 6514
f 6513 6518 6512
f 6512 6518 6519
f 6512 6519 6502
f 6502 6519 6504
f 6502 6512 6486
f 6486 6512 915
f 6512 903 915
f 6486 897 6502
f 6502 897 6485
f 6517 6510 6520
f 6510 6520 6509
f 6510 6509 6488
f 6488 6509 912
f 912 6509 902
f 902 6509 6503
f 902 6503 917
f 6520 6509 6521
f 6509 6521 6508
f 6509 6508 6506
f 6506 6508 6507
f 6506 6503 6509
f 3198 3200 6522
f 6522 3200 6523
f 3200 3201 6523
f 6523 3201 6524
f 3201 3203 6524
f 6524 3203 6525
f 3203 3951 6525
f 6525 3951 6526
f 3951 3206 6526
f 6526 3206 6527
f 3206 3208 6527
f 6527 3208 6528
f 3208 3210 6528
f 6528 3210 6529
f 3210 3211 6529
f 6529 3211 6530
f 3211 3194 6530
f 6530 3194 6531
f 3194 3950 6531
f 6531 3950 6532
f 3950 3196 6532
f 6532 3196 6533
f 3196 3198 6533
f 6533 3198 6522
f 6110 6108 6534
f 6534 6108 6107
f 6534 6107 6535
f 6535 6107 6536
f 6535 6536 6537
f 6537 6536 6507
f 6537 6507 6538
f 6538 6507 6508
f 6538 6508 6521
f 6516 6515 6539
f 6539 6515 6514
f 6514 6513 6540
f 6540 6513 6518
f 6540 6518 6541
f 6541 6518 6542
f 6541 6542 6128
f 6128 6542 6142
f 6142 6542 6144
f 6144 6542 6502
f 6144 6502 6150
f 6150 6502 6503
f 6150 6503 6158
f 6158 6503 6536
f 6158 6536 6107
f 6537 6538 6535
f 6535 6538 6521
f 6535 6521 6534
f 6534 6521 6520
f 6534 6520 6543
f 6543 6520 6517
f 6543 6517 6544
f 6544 6517 6516
f 6544 6516 6545
f 6545 6516 6539
f 6545 6539 6514
f 6534 6543 6110
f 6110 6543 6116
f 6543 6544 6116
f 6116 6544 6125
f 6544 6545 6125
f 6125 6545 6128
f 6128 6545 6541
f 6541 6545 6546
f 6541 6546 6540
f 6540 6546 6514
f 6514 6546 6545
f 6536 6503 6505
f 6505 6504 6547
f 6547 6504 6548
f 6547 6548 6527
f 6527 6548 6526
f 6527 6528 6547
f 6547 6528 6506
f 6547 6506 6505
f 6505 6506 6549
f 6505 6549 6536
f 6536 6549 6507
f 6528 6529 6506
f 6506 6529 6507
f 6506 6507 6549
f 6508 6507 6530
f 6508 6530 6509
f 6509 6530 6531
f 6509 6531 6532
f 6530 6507 6529
f 6509 6532 6510
f 6510 6532 6533
f 6510 6533 6511
f 6511 6533 6522
f 6511 6522 6515
f 6515 6522 6523
f 6515 6523 6514
f 6514 6523 6524
f 6514 6524 6513
f 6513 6524 6512
f 6518 6519 6542
f 6542 6519 6502
f 6524 6525 6512
f 6512 6525 6526
f 6512 6526 6548
f 6512 6548 6519
f 6519 6548 6504
f 6498 953 6550
f 6550 953 6551
f 6550 6551 6552
f 6552 6551 6553
f 6551 6553 6554
f 6551 6554 3276
f 3276 6554 6555
f 3276 6555 3275
f 3275 6555 6556
f 3275 6556 3274
f 3274 6556 6557
f 3274 6557 3273
f 3273 6557 6558
f 3273 6558 3284
f 3284 6558 6559
f 3284 6559 3283
f 3283 6559 3282
f 3276 3277 6551
f 6551 3277 3278
f 6551 3278 6550
f 6550 3278 3279
f 6550 3279 6560
f 6560 3279 3280
f 6560 3280 6561
f 6561 3280 3281
f 6561 3281 6562
f 6562 3281 3282
f 6562 3282 6563
f 6563 3282 6559
f 6563 6559 6564
f 6564 6559 6565
f 6559 6565 6558
f 6559 6558 950
f 950 6558 6500
f 6500 6558 919
f 919 6558 6501
f 950 922 6559
f 6559 922 6560
f 6559 6560 6563
f 6563 6560 6561
f 6563 6561 6562
f 6561 6566 6560
f 6560 6566 6567
f 6560 6567 6550
f 6550 6567 6552
f 6550 6560 6499
f 6499 6560 951
f 6560 922 951
f 6499 937 6550
f 6550 937 6498
f 6565 6558 6568
f 6558 6568 6557
f 6558 6557 6501
f 6501 6557 948
f 948 6557 943
f 943 6557 6551
f 943 6551 953
f 6568 6557 6569
f 6557 6569 6556
f 6557 6556 6554
f 6554 6556 6555
f 6554 6551 6557
f 3257 3259 6570
f 6570 3259 6571
f 3259 3260 6571
f 6571 3260 6572
f 3260 3262 6572
f 6572 3262 6573
f 3262 3265 6573
f 6573 3265 6574
f 3265 3266 6574
f 6574 3266 6575
f 3266 3268 6575
f 6575 3268 6576
f 3268 3270 6576
f 6576 3270 6577
f 3270 3271 6577
f 6577 3271 6578
f 3271 3252 6578
f 6578 3252 6579
f 3252 3254 6579
f 6579 3254 6580
f 3254 3255 6580
f 6580 3255 6581
f 3255 3257 6581
f 6581 3257 6570
f 6493 5993 6582
f 6582 5993 5992
f 6582 5992 6583
f 6583 5992 6584
f 6583 6584 6585
f 6585 6584 6555
f 6585 6555 6586
f 6586 6555 6556
f 6586 6556 6569
f 6564 6563 6587
f 6587 6563 6562
f 6562 6561 6588
f 6588 6561 6566
f 6588 6566 6589
f 6589 6566 6590
f 6589 6590 6011
f 6011 6590 6024
f 6024 6590 6491
f 6491 6590 6550
f 6491 6550 6492
f 6492 6550 6551
f 6492 6551 6038
f 6038 6551 6584
f 6038 6584 5992
f 6585 6586 6583
f 6583 6586 6569
f 6583 6569 6582
f 6582 6569 6568
f 6582 6568 6591
f 6591 6568 6565
f 6591 6565 6592
f 6592 6565 6564
f 6592 6564 6593
f 6593 6564 6587
f 6593 6587 6562
f 6582 6591 6493
f 6493 6591 6496
f 6591 6592 6496
f 6496 6592 6008
f 6592 6593 6008
f 6008 6593 6011
f 6011 6593 6589
f 6589 6593 6594
f 6589 6594 6588
f 6588 6594 6562
f 6562 6594 6593
f 6584 6551 6553
f 6553 6552 6595
f 6595 6552 6596
f 6595 6596 6575
f 6575 6596 6574
f 6575 6576 6595
f 6595 6576 6554
f 6595 6554 6553
f 6553 6554 6597
f 6553 6597 6584
f 6584 6597 6555
f 6576 6577 6554
f 6554 6577 6555
f 6554 6555 6597
f 6556 6555 6578
f 6556 6578 6557
f 6557 6578 6579
f 6557 6579 6580
f 6578 6555 6577
f 6557 6580 6558
f 6558 6580 6581
f 6558 6581 6559
f 6559 6581 6570
f 6559 6570 6563
f 6563 6570 6571
f 6563 6571 6562
f 6562 6571 6572
f 6562 6572 6561
f 6561 6572 6560
f 6566 6567 6590
f 6590 6567 6550
f 6572 6573 6560
f 6560 6573 6574
f 6560 6574 6596
f 6560 6596 6567
f 6567 6596 6552
f 5881 5884 5880
f 5880 5881 5957
f 5895 5890 6598
f 5890 6598 5891
f 5890 5891 5894
f 5894 5891 6599
f 5885 6600 5884
f 5884 6600 5881
f 1678 1820 1676
f 1812 1677 1675
f 1677 1812 6601
f 6601 1812 6602
f 1678 6603 1820
f 1820 6603 1207
f 1820 1207 1812
f 1812 1207 1024
f 1812 1024 1209
f 1209 1027 1812
f 1812 1027 1204
f 1812 1204 6602
f 6602 1204 1029
f 6602 1029 6604
f 6604 1029 6605
f 1029 1206 6605
f 6605 1206 1022
f 6605 1022 6603
f 6603 1022 1207
f 6602 6604 6606
f 6606 6604 6607
f 6606 6607 6608
f 1677 6601 1675
f 1675 6601 6609
f 6609 6601 6602
f 6609 6602 6610
f 6610 6602 6606
f 6610 6606 6611
f 6611 6606 6608
f 6611 6608 6612
f 6608 6607 6612
f 6612 6607 6613
f 2354 6614 2360
f 2360 6614 6615
f 2360 6615 6616
f 6616 6615 6617
f 2348 2349 6618
f 6618 2349 6619
f 6618 6619 6220
f 6220 6620 6618
f 6618 6620 1113
f 6618 1113 6621
f 6621 1113 5645
f 5645 1113 5646
f 1113 1115 5646
f 5646 1115 1233
f 1233 1115 5239
f 5239 1115 5141
f 5141 1115 1118
f 5141 1118 5234
f 5234 1118 1125
f 5234 1125 6620
f 6620 1125 1113
f 5239 5141 5647
f 5141 6622 5647
f 5647 6622 5644
f 5644 6622 5648
f 5644 5648 6623
f 6623 5648 6624
f 6623 6625 5644
f 5644 6625 6626
f 5644 6626 5645
f 5645 6626 6627
f 5645 6627 6621
f 6621 6627 6628
f 6621 6628 6615
f 6615 6628 6629
f 6615 6629 6630
f 6630 6624 6615
f 6615 6624 5648
f 5648 5651 6615
f 6615 5651 1097
f 1097 1100 6615
f 6615 1100 6631
f 6615 6631 6632
f 6632 6631 6633
f 6633 6631 6634
f 6634 6631 6219
f 6634 6219 6635
f 6635 6636 6634
f 6634 6636 6637
f 6637 6636 6638
f 6638 6636 6639
f 6638 6639 6640
f 6640 6639 6641
f 6641 6639 6642
f 6642 6639 6643
f 6642 6643 6644
f 6644 6643 6645
f 6644 6645 6646
f 6646 6645 6647
f 6643 6639 6648
f 6648 6639 6649
f 6648 6649 6650
f 6650 6649 6651
f 6650 6651 6647
f 6647 6651 6652
f 6647 6652 6646
f 6646 6652 6617
f 6646 6617 6615
f 6646 6615 6632
f 6652 6653 6617
f 6617 6653 6654
f 6654 6653 6655
f 6654 6655 6656
f 6656 6655 6657
f 6655 6658 6657
f 6657 6658 6659
f 6659 6658 6660
f 6659 6660 6649
f 6649 6660 6651
f 6639 6636 2349
f 2349 6636 6619
f 6631 1100 5158
f 1100 1107 5158
f 5158 1107 1095
f 5651 1227 1097
f 1097 1227 5235
f 1097 5235 1095
f 5158 5235 5133
f 5133 5650 6622
f 6622 5650 5649
f 6622 5649 5648
f 6615 6614 6661
f 6661 6614 6662
f 6663 6664 1133
f 6664 6665 1133
f 6666 6667 1129
f 6667 6668 1129
f 6607 6604 6613
f 6613 6604 6669
f 6604 6605 6669
f 6669 6605 6670
f 6605 6603 6670
f 6670 6603 6671
f 6603 1678 6671
f 6671 1678 1676
f 6661 6672 6615
f 6615 6672 6673
f 6615 6673 4
f 6615 4 6621
f 6621 4 6674
f 4 8 6674
f 2348 6618 6675
f 6676 6677 6618
f 6618 6677 6678
f 6618 6678 6675
f 6675 6679 2348
f 2348 6679 6680
f 6681 6682 2354
f 2354 6682 6683
f 6683 6684 6614
f 6614 6684 6662
f 6684 6685 6662
f 6614 2354 6683
f 1229 6686 6687
f 1229 6687 6688
f 6688 6687 6689
f 6689 6687 6690
f 6690 6687 6691
f 6691 6687 6692
f 6691 6692 4
f 6692 6693 4
f 4 6693 1112
f 4 1112 1119
f 1119 6694 4
f 4 6694 6675
f 4 6675 6678
f 6691 4 6695
f 6695 4 6696
f 6696 4 6697
f 6697 4 6698
f 6698 4 6699
f 6699 4 6700
f 6700 4 6701
f 6701 4 6673
f 6701 6673 6702
f 6702 6673 6703
f 6687 6704 6692
f 6692 6704 1101
f 6692 1101 6705
f 6705 1101 1123
f 1123 1101 6706
f 6706 1102 1123
f 1123 1102 1117
f 1102 1104 1117
f 1117 1104 1124
f 6688 6707 1229
f 1229 6707 1105
f 6707 6708 1105
f 1105 6708 6709
f 1105 6709 6703
f 6703 6673 1105
f 1105 6673 6710
f 1105 6710 1099
f 1099 6710 1106
f 6710 6711 1106
f 1106 6711 1104
f 1104 6711 1124
f 1124 6711 1122
f 6712 6713 6714
f 6714 6713 6715
f 6716 6717 6718
f 6716 6718 6719
f 6719 6718 6720
f 6720 6721 6719
f 6719 6721 6722
f 6722 6721 6723
f 6722 6723 6724
f 6723 6725 6724
f 6724 6725 6726
f 6724 6727 6722
f 6722 6727 6728
f 6722 6728 6729
f 6722 6729 6730
f 6730 6731 6722
f 6722 6731 6732
f 6722 6732 6733
f 6733 6734 6722
f 6722 6734 6667
f 6722 6667 6666
f 6666 1128 6722
f 6722 1128 968
f 6722 968 6735
f 6735 968 955
f 6735 955 6736
f 6736 955 6737
f 6737 955 6738
f 6738 955 6739
f 955 1126 6739
f 6739 1126 6665
f 6739 6665 6740
f 6740 6665 6664
f 6740 6664 6741
f 6741 6664 6711
f 6711 6664 1122
f 1122 6664 6663
f 1122 6663 1132
f 1132 959 1122
f 1122 959 1120
f 959 963 1120
f 1120 963 1130
f 1120 1130 6742
f 6742 1130 6668
f 6742 6668 6667
f 6742 6667 6743
f 6743 6667 6744
f 6667 6734 6744
f 6742 6745 1120
f 1120 6745 6746
f 1120 6746 6747
f 6747 6748 1120
f 1120 6748 6749
f 1120 6749 6750
f 6750 6749 6751
f 6750 6751 6752
f 6752 6751 6753
f 6752 6753 6729
f 6729 6728 6752
f 6750 6726 1120
f 1120 6726 6694
f 6694 6726 6725
f 6725 6754 6694
f 6694 6754 1030
f 6694 1030 6755
f 6755 1035 6694
f 6694 1035 6756
f 6756 1034 6694
f 6694 1034 6670
f 6694 6670 6671
f 6671 1676 6694
f 6694 1676 6757
f 6694 6757 6675
f 6675 6757 6679
f 6757 6758 6679
f 6679 6758 6680
f 6758 6759 6680
f 6680 6759 6713
f 6759 6760 6713
f 6713 6760 6715
f 6760 6761 6715
f 6715 6761 6762
f 6715 6762 6681
f 6681 6762 6763
f 6681 6763 6682
f 6682 6763 6683
f 6683 6763 6684
f 6684 6763 1675
f 6684 1675 6609
f 6684 6609 6764
f 6764 6609 1031
f 6764 1031 6765
f 6765 1030 6764
f 6764 1030 6718
f 6764 6718 6766
f 6766 6718 6717
f 6754 6718 1030
f 1031 6609 6767
f 6609 6610 6767
f 6767 6610 1033
f 6610 6611 1033
f 6611 6612 1033
f 1033 6612 6768
f 6768 6612 1032
f 1032 6612 6613
f 1032 6613 6769
f 6769 6613 6669
f 6769 6669 1034
f 1034 6669 6670
f 6684 6764 6685
f 6685 6764 6770
f 6764 6766 6770
f 6770 6766 6771
f 6766 6717 6771
f 6771 6717 6772
f 6773 6716 6719
f 6773 6719 6774
f 6774 6719 6722
f 6774 6722 6775
f 6775 6722 6735
f 6775 6735 6776
f 6776 6735 6736
f 6776 6736 6777
f 6777 6736 6737
f 6777 6737 6778
f 6778 6737 6738
f 6778 6738 6779
f 6779 6738 6780
f 6738 6739 6780
f 6672 6781 6673
f 6673 6781 6710
f 6781 6782 6710
f 6710 6782 6711
f 6782 6783 6711
f 6711 6783 6741
f 6741 6783 6740
f 6740 6783 233
f 8 6677 6674
f 6674 6677 6676
f 6661 6662 6672
f 6672 6662 6781
f 6780 233 6779
f 6779 233 6778
f 233 6783 6778
f 6778 6783 6777
f 6783 6782 6777
f 6777 6782 6776
f 6782 6781 6776
f 6776 6781 6662
f 6776 6662 6775
f 6775 6662 6770
f 6775 6770 6774
f 6774 6770 6771
f 6774 6771 6773
f 6772 6773 6771
f 6662 6685 6770
f 6622 5141 6784
f 6784 5141 6785
f 6784 6785 5158
f 5158 6785 1133
f 5158 1133 6665
f 6665 1126 5158
f 5158 1126 955
f 5158 955 6631
f 6631 955 968
f 6631 968 1128
f 1128 6666 6631
f 6631 6666 6219
f 6666 1129 6219
f 6219 1129 6220
f 6219 6220 6619
f 6219 6619 6635
f 6635 6619 6636
f 1129 6668 6220
f 6220 6668 1130
f 6220 1130 963
f 6220 963 6620
f 6620 963 959
f 6620 959 1132
f 1132 6663 6620
f 6620 6663 6785
f 6785 6663 1133
f 3886 6786 3883
f 3883 6786 3885
f 3883 3885 3882
f 3883 3882 3880
f 3880 3882 5889
f 3880 5889 5878
f 3880 5878 6787
f 6787 5878 5898
f 6787 5898 6788
f 6788 5898 6789
f 6788 6789 6790
f 6791 6790 5883
f 6791 5883 5877
f 6791 5877 6792
f 6792 5877 3887
f 6792 3887 6786
f 6786 3887 3885
f 6617 6654 6616
f 6616 6654 6656
f 6616 6656 2360
f 2360 6656 1820
f 2360 1820 1812
f 1812 1675 2360
f 2360 1675 6763
f 2360 6763 2354
f 2354 6763 6762
f 2354 6762 6681
f 6762 6761 6681
f 6681 6761 6715
f 6715 6713 6712
f 6712 6714 6715
f 6713 6759 6758
f 6713 6758 6680
f 6680 6758 6757
f 6680 6757 2348
f 6757 1676 2348
f 2348 1676 1820
f 2348 1820 6657
f 6657 1820 6656
f 2348 6657 2349
f 2349 6657 6659
f 2349 6659 6639
f 6639 6659 6649
f 2840 5605 5606
f 5606 5605 5597
f 5600 5599 5601
f 5601 5599 5602
f 6793 6794 6795
f 6795 6794 5517
f 6795 5517 6796
f 6796 5517 5516
f 6796 5516 5515
f 6796 5515 6797
f 6797 5515 5514
f 6797 5514 6798
f 6798 5514 5512
f 6798 5512 6799
f 6799 5512 6800
f 6799 5606 6798
f 5512 5511 6800
f 6800 5511 5509
f 6800 5509 6801
f 6801 5509 5518
f 6801 5518 6794
f 6794 5518 5517
f 2832 5623 6802
f 6802 5623 5615
f 5618 5617 5619
f 5619 5617 5620
f 5435 5437 5433
f 5433 5437 5436
f 5433 5436 5434
f 5434 5450 5448
f 5434 5448 5449
f 5449 5448 5447
f 5449 5447 5445
f 5445 5443 5446
f 5446 5443 5442
f 5446 5444 5445
f 5442 5441 5439
f 5442 5439 5440
f 5440 5439 5438
f 5440 5438 5437
f 5617 1850 5620
f 5620 1850 1849
f 1849 1848 5620
f 5620 1848 5621
f 1848 1847 5621
f 5621 1847 5623
f 5623 1847 1846
f 5623 1846 5615
f 5615 1846 1845
f 1845 1844 5615
f 5615 1844 5616
f 1844 1843 5616
f 5616 1843 5617
f 5617 1843 1850
f 5599 1782 5602
f 5602 1782 1781
f 1781 1780 5602
f 5602 1780 5603
f 1780 1779 5603
f 5603 1779 5605
f 5605 1779 1789
f 5605 1789 5597
f 5597 1789 1788
f 1788 1786 5597
f 5597 1786 5598
f 1786 1784 5598
f 5598 1784 5599
f 5599 1784 1782
f 1029 1204 6803
f 1204 1027 6803
f 1027 1209 6804
f 1209 1024 6804
f 1024 1207 6805
f 1207 1022 6805
f 1022 1206 6806
f 1206 1029 6806
f 5141 5234 6785
f 5234 6620 6785
f 5158 5133 6784
f 5133 6622 6784
f 6658 6718 6754
f 6658 6754 6660
f 6660 6754 6725
f 6660 6725 6651
f 6651 6725 6723
f 6651 6723 6652
f 6652 6723 6721
f 6652 6721 6653
f 6653 6721 6720
f 6653 6720 6655
f 6655 6720 6718
f 6655 6718 6658
f 6648 6724 6726
f 6648 6726 6643
f 6643 6726 6750
f 6643 6750 6752
f 6643 6752 6645
f 6645 6752 6728
f 6645 6728 6647
f 6647 6728 6727
f 6647 6727 6650
f 6650 6727 6724
f 6650 6724 6648
f 6599 6751 5894
f 5894 6751 6749
f 5894 6749 5893
f 5893 6749 6748
f 5893 6748 5892
f 5892 6748 6747
f 5892 6747 5885
f 5885 6747 6746
f 5885 6746 6745
f 5885 6745 6600
f 6600 6745 6742
f 6600 6742 5881
f 5881 6742 6743
f 5881 6743 5957
f 5957 6743 6744
f 5957 6744 5880
f 5880 6744 6734
f 5880 6734 5897
f 5897 6734 6733
f 5897 6733 5896
f 5896 6733 6732
f 5896 6732 5895
f 5895 6732 6731
f 5895 6731 5890
f 5890 6731 6730
f 5890 6730 6598
f 6598 6730 6729
f 6598 6729 5891
f 5891 6729 6753
f 5891 6753 6599
f 6599 6753 6751
f 5884 5881 5883
f 5883 5881 5877
f 5881 5880 5877
f 5877 5880 3887
f 5880 5897 3887
f 3887 5897 3885
f 5895 5890 3882
f 3882 5890 5889
f 5890 5891 5889
f 5889 5891 5878
f 5891 5894 5878
f 5878 5894 5898
f 5894 5893 5898
f 5898 5893 6789
f 5893 5885 6789
f 6789 5885 6790
f 5885 5884 6790
f 6790 5884 5883
f 6633 3886 6632
f 6632 3886 3883
f 6632 3883 6646
f 6646 3883 3880
f 6646 3880 6644
f 6644 3880 6787
f 6644 6787 6642
f 6642 6787 6788
f 6642 6788 6641
f 6641 6788 6789
f 6641 6789 6640
f 6640 6789 6790
f 6640 6790 6638
f 6638 6790 6791
f 6638 6791 6637
f 6637 6791 6792
f 6637 6792 6634
f 6634 6792 6786
f 6634 6786 6633
f 6633 6786 3886
f 5650 5235 1101
f 5235 1227 1101
f 1101 1227 6686
f 6686 1227 5651
f 6686 5651 5648
f 6686 5648 6687
f 6687 5648 5649
f 6687 5649 5650
f 6687 5650 6704
f 6704 5650 1101
f 1233 5239 1123
f 5239 5647 1123
f 1123 5647 6705
f 6705 5647 5644
f 6705 5644 6692
f 5644 5645 6692
f 6692 5645 5646
f 6692 5646 6693
f 5646 1233 6693
f 1233 1123 6693
f 1034 6806 1029
f 1034 1029 6769
f 6769 1029 1032
f 1032 1029 6803
f 1032 6803 6768
f 6768 6803 1033
f 1033 6803 1027
f 1033 1027 6767
f 6767 1027 6804
f 6767 6804 1031
f 1031 6804 1024
f 1031 1024 6765
f 6765 1024 1030
f 1030 1024 6805
f 1030 6805 6755
f 6755 6805 1035
f 1035 6805 1022
f 1035 1022 6756
f 6756 1022 6806
f 6756 6806 1034
f 6709 6629 6703
f 6703 6629 6628
f 6703 6628 6702
f 6702 6628 6701
f 6701 6628 6627
f 6701 6627 6700
f 6700 6627 6699
f 6699 6627 6626
f 6699 6626 6698
f 6698 6626 6697
f 6697 6626 6625
f 6697 6625 6696
f 6696 6625 6695
f 6695 6625 6623
f 6695 6623 6691
f 6691 6623 6690
f 6690 6623 6689
f 6689 6623 6624
f 6689 6624 6688
f 6688 6624 6707
f 6707 6624 6630
f 6707 6630 6708
f 6708 6630 6629
f 6708 6629 6709
f 8 124 115
f 8 115 6677
f 6677 115 6678
f 6678 115 117
f 6678 117 10
f 10 117 124
f 10 124 8
f 10 8 145
f 145 8 7
f 7 8 4
f 7 4 6678
f 7 6678 10
f 7 10 6807
f 10 145 6807
f 145 7 6807
f 117 115 6808
f 115 124 6808
f 124 117 6808
f 6780 6739 187
f 187 6739 186
f 186 6739 6740
f 186 6740 233
f 233 6780 186
f 186 6780 187
f 6772 6717 387
f 387 6717 374
f 374 6717 6716
f 374 6716 375
f 375 6716 6773
f 375 6773 387
f 6773 6772 387
f 6621 6808 6618
f 6618 6808 6676
f 6676 6808 6807
f 6807 6808 6621
f 6807 6621 6674
f 6807 6674 6676
f 1101 1095 6706
f 6706 1095 1102
f 1095 1107 1102
f 1102 1107 1104
f 1107 1100 1104
f 1104 1100 1106
f 1106 1100 1099
f 1099 1097 1105
f 1229 1097 6686
f 6686 1097 1095
f 6686 1095 1101
f 6693 1115 1112
f 1112 1113 1119
f 1119 1113 6694
f 6694 1113 1120
f 1113 1125 1120
f 1120 1125 1122
f 1125 1118 1122
f 1122 1118 1124
f 1124 1118 1117
f 1117 1115 1123
f 1123 1115 6693
f 374 375 6809
f 375 387 6809
f 387 374 6809
f 187 186 6810
f 2431 2433 2592
f 2592 2433 2590
f 2433 2435 2590
f 2590 2435 2588
f 2435 2437 2588
f 2588 2437 2586
f 2437 2411 2586
f 2586 2411 2587
f 2411 2413 2587
f 2587 2413 2622
f 2413 2415 2622
f 2622 2415 2612
f 2415 2417 2612
f 2612 2417 2524
f 2417 2419 2524
f 2524 2419 2523
f 2419 2421 2523
f 2523 2421 2525
f 2421 2423 2525
f 2525 2423 1295
f 2423 2425 1295
f 1295 2425 2542
f 2425 2427 2542
f 2542 2427 2596
f 2427 2429 2596
f 2596 2429 2594
f 2429 2431 2594
f 2594 2431 2592
f 6811 6812 2459
f 2459 6812 2457
f 2457 6812 2455
f 2455 6812 6813
f 2455 6813 2453
f 2453 6813 6814
f 2453 6814 6815
f 2453 6815 2454
f 2454 6815 6816
f 2454 6816 2469
f 2469 6816 2467
f 2467 6817 2465
f 2465 6817 2463
f 6817 6818 2463
f 2463 6818 2461
f 2461 6811 2459
f 6811 6819 6812
f 6812 6819 6820
f 6812 6820 6813
f 6813 6820 6821
f 6813 6821 6814
f 6814 6821 6822
f 6814 6822 6815
f 6815 6822 6823
f 6815 6823 6816
f 6816 6823 6824
f 6816 6824 2467
f 2467 6824 6825
f 2467 6825 6817
f 6817 6825 6826
f 6817 6826 6818
f 6818 6826 6827
f 6818 6827 2461
f 2461 6827 6828
f 2461 6828 6811
f 6811 6828 6819
f 6821 6820 2512
f 2512 6820 2575
f 2575 6820 2573
f 2573 6820 6819
f 2573 6819 2571
f 2571 6819 6828
f 2571 6828 6827
f 2571 6827 2569
f 2569 6827 6826
f 2569 6826 2567
f 2567 6826 6825
f 2567 6825 2565
f 2565 6825 2563
f 6825 6824 2563
f 2563 6824 2532
f 6824 6823 2532
f 2532 6823 6822
f 2532 6822 2511
f 2511 6822 6821
f 2511 6821 2512
f 2525 1295 2533
f 2533 1295 2542
f 2647 2649 2025
f 2025 2649 2022
f 2649 2651 2022
f 2022 2651 2020
f 2651 2653 2020
f 2020 2653 2019
f 2653 2627 2019
f 2019 2627 2017
f 2627 2629 2017
f 2017 2629 2013
f 2629 2631 2013
f 2013 2631 2012
f 2631 2633 2012
f 2012 2633 2040
f 2633 2635 2040
f 2040 2635 2038
f 2635 2637 2038
f 2038 2637 2035
f 2637 2639 2035
f 2035 2639 2032
f 2639 2641 2032
f 2032 2641 2030
f 2641 2643 2030
f 2030 2643 2028
f 2643 2645 2028
f 2028 2645 2026
f 2645 2647 2026
f 2026 2647 2025
f 6829 6830 2675
f 2675 6830 2673
f 2673 6830 2671
f 2685 6831 2683
f 2683 6831 2681
f 6831 6832 2681
f 2681 6832 2679
f 6832 6833 2679
f 2679 6833 2677
f 2677 6829 2675
f 6829 6834 6830
f 6830 6834 6835
f 6830 6835 2671
f 2671 6835 2728
f 2671 2728 2669
f 2669 2728 2727
f 2669 2727 2670
f 2670 2727 2745
f 2670 2745 2685
f 2685 2745 6836
f 2685 6836 6831
f 6831 6836 6837
f 6831 6837 6832
f 6832 6837 6838
f 6832 6838 6833
f 6833 6838 2780
f 6833 2780 2677
f 2677 2780 2782
f 2677 2782 6829
f 6829 2782 6834
f 2728 6835 2786
f 2786 6835 2784
f 2784 6835 6834
f 2784 6834 2782
f 2780 6838 2778
f 2778 6838 6837
f 2778 6837 2776
f 2776 6837 2774
f 6837 6836 2774
f 2774 6836 2745
f 5602 6793 5601
f 5601 6793 6795
f 5601 6795 5600
f 5600 6795 6796
f 5600 6796 5599
f 5599 6796 6797
f 5599 6797 5598
f 5598 6797 6798
f 5598 6798 5597
f 5597 6798 5606
f 5606 6799 2840
f 2840 6799 6800
f 2840 6800 5605
f 5605 6800 6801
f 5605 6801 5603
f 5603 6801 6794
f 5603 6794 5602
f 5602 6794 6793
f 6839 1779 6840
f 1779 1780 6840
f 6840 1780 5576
f 1780 1781 5576
f 5576 1781 6841
f 6841 1781 6842
f 1781 1782 6842
f 6842 1782 6843
f 1782 1784 6843
f 6843 1784 6844
f 6844 1784 6845
f 1784 1786 6845
f 6845 1786 6846
f 1786 1788 6846
f 6846 1788 6847
f 6847 1788 6848
f 1788 1789 6848
f 6848 1789 6849
f 1789 1779 6849
f 6849 1779 6839
f 6848 6849 5572
f 6849 6839 5572
f 6839 6840 5574
f 6840 5576 5574
f 5580 5576 6841
f 5580 6841 6842
f 6842 6843 5581
f 5581 6843 6844
f 6844 6845 5583
f 5583 6845 6846
f 5583 6846 5569
f 5569 6846 5571
f 6846 6847 5571
f 5571 6847 6848
f 5581 6844 6850
f 6850 6844 5583
f 5571 6848 6851
f 6851 6848 5572
f 5572 6839 6852
f 6852 6839 5574
f 5580 6842 6853
f 6853 6842 5581
f 5514 5515 5571
f 5571 5515 5569
f 5515 5516 5569
f 5569 5516 5583
f 5583 5516 6850
f 6850 5516 5517
f 6850 5517 5581
f 5581 5517 6853
f 5517 5518 6853
f 6853 5518 5580
f 5518 5509 5580
f 5580 5509 5576
f 5509 5511 5576
f 5576 5511 5574
f 5574 5511 6852
f 6852 5511 5512
f 6852 5512 5572
f 5572 5512 6851
f 5512 5514 6851
f 6851 5514 5571
f 5620 5435 5619
f 5619 5435 5433
f 5619 5433 5618
f 5618 5433 5434
f 5618 5434 5617
f 5617 5434 5449
f 5617 5449 5616
f 5616 5449 5445
f 5616 5445 5615
f 5615 5445 5444
f 5615 5444 6802
f 6802 5444 5446
f 6802 5446 2832
f 2832 5446 5442
f 2832 5442 5623
f 5623 5442 5440
f 5623 5440 5621
f 5621 5440 5437
f 5621 5437 5620
f 5620 5437 5435
f 6854 1847 6855
f 1847 1848 6855
f 6855 1848 5494
f 1848 1849 5494
f 5494 1849 6856
f 6856 1849 6857
f 1849 1850 6857
f 6857 1850 6858
f 1850 1843 6858
f 6858 1843 6859
f 6859 1843 6860
f 1843 1844 6860
f 6860 1844 6861
f 1844 1845 6861
f 6861 1845 6862
f 6862 1845 6863
f 1845 1846 6863
f 6863 1846 6864
f 1846 1847 6864
f 6864 1847 6854
f 6863 6864 5491
f 6864 6854 5491
f 6854 6855 5493
f 6855 5494 5493
f 5496 5494 6856
f 5496 6856 6857
f 6857 6858 5498
f 5498 6858 6859
f 6859 6860 5502
f 5502 6860 6861
f 5502 6861 5503
f 5503 6861 5505
f 6861 6862 5505
f 5505 6862 6863
f 5498 6859 6865
f 6865 6859 5502
f 5505 6863 6866
f 6866 6863 5491
f 5491 6854 6867
f 6867 6854 5493
f 5496 6857 6868
f 6868 6857 5498
f 5447 5448 5505
f 5505 5448 5503
f 5448 5450 5503
f 5503 5450 5502
f 5502 5450 6865
f 6865 5450 5436
f 6865 5436 5498
f 5498 5436 6868
f 5436 5438 6868
f 6868 5438 5496
f 5438 5439 5496
f 5496 5439 5494
f 5439 5441 5494
f 5494 5441 5493
f 5493 5441 6867
f 6867 5441 5443
f 6867 5443 5491
f 5491 5443 6866
f 5443 5447 6866
f 6866 5447 5505
f 2219 2218 6869
f 6869 2218 2220
f 2218 2219 6870
f 6870 2219 6871
f 2218 6870 2220
f 2220 6870 6872
f 6870 6871 6872
f 6872 6871 6873
f 6871 2219 6873
f 6873 2219 6869
f 6869 2220 6873
f 6873 2220 6872
f 464 452 4232
f 4232 452 4231
f 452 451 4231
f 4231 451 6874
f 451 453 6874
f 6874 453 6875
f 453 464 6875
f 6875 464 4232
f 457 458 6876
f 6876 458 6877
f 458 459 6877
f 6877 459 6878
f 459 455 6878
f 6878 455 6879
f 455 457 6879
f 6879 457 6876
f 4232 4231 6875
f 6875 4231 6874
f 6876 6877 6879
f 6879 6877 6878

