# https://github.com/mikedh/trimesh

o finger-phaprox.stl
v 0.07377899 -0.00913514 0.00951166
v 0.08001026 -0.00811805 0.00736582
v 0.08001200 -0.00811805 0.00950671
v 0.08411130 -0.00331427 0.00736255
v 0.08385842 -0.00313274 0.00966117
v 0.08413804 0.00300049 0.00736253
v 0.08383331 0.00296141 0.00966117
v 0.08007791 0.00783873 0.00736576
v 0.08007962 0.00783873 0.00950664
v 0.07374409 0.00894493 0.00739897
v 0.07374576 0.00894493 0.00948353
v 0.05110190 0.00461820 0.00741928
v 0.05105780 0.00433235 0.00957044
v 0.04769642 0.00212527 0.00742199
v 0.04791103 0.00194630 0.00957293
v 0.04757237 -0.00223160 0.00746208
v 0.04785809 -0.00200186 0.00957298
v 0.05100003 -0.00484857 0.00745934
v 0.05100164 -0.00484857 0.00945938
v 0.07377725 -0.00913514 0.00737080
v 0.07489564 -0.01466556 -0.01405606
v 0.07215363 -0.01629904 -0.00743991
v 0.06671297 -0.01517599 -0.01416015
v 0.05787785 -0.01488679 -0.01461187
v 0.05451506 -0.01472920 -0.01477998
v 0.05436319 -0.01750290 -0.00561863
v 0.07148053 -0.01681807 -0.00276944
v 0.07157721 -0.01667499 0.00319989
v 0.01363680 -0.01509900 -0.01743050
v 0.03382552 -0.01381588 -0.01614916
v 0.01391357 -0.01608288 -0.01603239
v 0.03396725 -0.01796627 -0.00599450
v 0.01461619 -0.01664555 -0.01492989
v 0.01958888 -0.01971620 -0.00510460
v 0.03497159 -0.01408588 -0.01577627
v 0.03290349 -0.01410448 0.01422560
v 0.01435548 -0.01561463 0.01500913
v 0.01500320 -0.01621890 0.01388788
v 0.01949548 -0.01943439 0.00489759
v 0.07025110 -0.01309448 0.01407927
v 0.06674051 -0.01103216 0.01439237
v 0.05718129 -0.01286649 0.01442140
v 0.06396716 -0.00804025 0.01472377
v 0.06217789 -0.00438720 0.01495885
v 0.06151281 -0.00009966 0.01475768
v 0.04088555 -0.00006508 0.01533992
v 0.04214590 -0.01224547 0.01499569
v 0.03808817 -0.00337300 0.01532321
v 0.03700529 -0.00416494 0.01494380
v 0.03592604 -0.00337022 0.01536032
v 0.02753198 -0.01230317 0.01568305
v 0.03592598 -0.00243252 0.01565796
v 0.02219648 -0.00003744 0.01599514
v 0.01926398 -0.00731569 0.01638835
v 0.01488663 -0.01344839 0.01642618
v 0.03700883 -0.00195286 0.01494567
v 0.03809040 -0.00243443 0.01558685
v 0.01474696 -0.01356673 -0.01804020
v 0.01924127 -0.00730705 -0.01801896
v 0.02847898 -0.01226568 -0.01727735
v 0.02216972 -0.00003731 -0.01763045
v 0.03590082 -0.00305396 -0.01703139
v 0.03698320 -0.00226287 -0.01662263
v 0.04085940 -0.00006508 -0.01700502
v 0.03806308 -0.00305837 -0.01699822
v 0.03806167 -0.00399709 -0.01723289
v 0.04326516 -0.01228016 -0.01661670
v 0.03697968 -0.00447493 -0.01662012
v 0.03589695 -0.00399154 -0.01730257
v 0.06148795 -0.00009982 -0.01645562
v 0.05762636 -0.01288676 -0.01609736
v 0.06215298 -0.00438797 -0.01665776
v 0.06394338 -0.00804162 -0.01642549
v 0.06671780 -0.01103347 -0.01609838
v 0.07022678 -0.01309430 -0.01579105
v 0.05112822 0.00087274 0.01254341
v 0.05497688 0.00085349 0.01275616
v 0.05201790 0.00485049 0.01267709
v 0.05478299 0.00275854 0.01273967
v 0.05521148 0.00336043 0.01303449
v 0.05801785 0.00484093 0.01262951
v 0.05894452 0.00086854 0.01257581
v 0.05557691 0.00258708 0.01235568
v 0.06152750 0.00054066 0.01326609
v 0.06071601 0.00086186 0.01251274
v 0.04131204 0.00058067 0.01397639
v 0.03800386 0.00087808 0.01305276
v 0.02550995 0.00090285 0.01355087
v 0.02396130 0.00091621 0.01407259
v 0.02242966 0.00080278 0.01455657
v 0.06065189 -0.00518787 -0.01415759
v 0.05943684 0.00087316 -0.01425079
v 0.06154056 -0.01148547 -0.01353699
v 0.06074632 -0.01150419 -0.01291258
v 0.05871924 0.00051025 -0.01291767
v 0.06034696 -0.00956270 -0.01294842
v 0.05866914 0.00085360 -0.01461666
v 0.05799631 0.00484093 -0.01443525
v 0.05786627 0.00470779 -0.01294565
v 0.06002934 -0.00767662 -0.01294706
v 0.05656870 0.00290993 -0.01304212
v 0.05574274 0.00138853 -0.01283927
v 0.05571979 0.00435132 -0.01306982
v 0.05411099 0.00426035 -0.01306857
v 0.05212826 0.00471695 -0.01294110
v 0.05335551 0.00283347 -0.01291686
v 0.05497348 0.00113504 -0.01421377
v 0.05526448 0.00273706 -0.01449807
v 0.05487312 0.00337854 -0.01472952
v 0.05199629 0.00485049 -0.01447324
v 0.05102212 0.00088145 -0.01460060
v 0.05454640 0.00246510 -0.01398339
v 0.03646987 0.00088076 -0.01475900
v 0.04939329 -0.00492173 -0.01441079
v 0.04865973 -0.01087247 -0.01392894
v 0.06152316 0.00086473 -0.01436182
v 0.06150289 0.00038767 -0.01521170
v 0.04132181 0.00091588 -0.01564136
v 0.03190106 0.00091375 -0.01593589
v 0.02244079 0.00093179 -0.01551989
v 0.02237686 0.00069901 -0.01637344
v 0.04114819 -0.00007759 -0.01564577
v 0.02216827 -0.00004707 -0.01638499
v 0.06191188 -0.00345039 0.01265364
v 0.06358337 -0.00745207 0.01265239
v 0.06637439 -0.01096484 0.01225978
v 0.07033685 -0.01312673 0.01264131
v 0.07135051 -0.01348769 0.01397287
v 0.07107460 -0.01339906 0.01260095
v 0.07291531 -0.01393343 0.01371643
v 0.07254439 -0.01380246 0.01264548
v 0.07380369 -0.01423697 0.01317793
v 0.01422152 -0.01443102 0.01621523
v 0.07402854 -0.01475401 0.01224938
v 0.05544358 -0.01477324 0.01304525
v 0.05368566 -0.01371240 0.01420450
v 0.04372656 -0.01423007 0.01368224
v 0.03398865 -0.01302325 0.01512938
v 0.06222420 -0.00459844 -0.01414680
v 0.06498879 -0.00938022 -0.01378476
v 0.06702098 -0.01132962 -0.01367682
v 0.07028612 -0.01311442 -0.01378237
v 0.07108277 -0.01340878 -0.01373660
v 0.07204478 -0.01369035 -0.01559805
v 0.07311177 -0.01391696 -0.01388007
v 0.07400721 -0.01404166 -0.01535195
v 0.07468083 -0.01414059 -0.01493260
v 0.07233632 -0.01582992 0.00823969
v 0.06989658 -0.01528677 0.00638023
v 0.06958443 -0.01601135 -0.00057525
v 0.07031017 -0.01546275 -0.00739181
v 0.07202267 -0.01662027 -0.00541544
v 0.06912062 -0.01579177 0.00122666
v 0.06929588 -0.01539885 0.00488269
v 0.06908166 -0.01583248 -0.00053611
v 0.06914699 -0.01579409 -0.00251657
v 0.06971150 -0.01396876 -0.01143294
v 0.06956349 -0.01456203 -0.00963234
v 0.06582337 -0.01031935 -0.01367729
v 0.06818949 -0.01251447 -0.01295206
v 0.06842732 -0.01340278 -0.01132163
v 0.06836060 -0.01388064 -0.01001459
v 0.06425535 -0.01119744 -0.01361906
v 0.06164336 -0.00248724 0.01251298
v 0.06254506 -0.00572163 0.01239317
v 0.06413716 -0.00867182 0.01216268
v 0.06776240 -0.01252776 0.01124808
v 0.06806749 -0.01336741 0.00977829
v 0.06978666 -0.01394176 0.01041579
v 0.06941873 -0.01451246 0.00844871
v 0.06813020 -0.01374024 0.00890413
v 0.06944346 -0.01548576 -0.00588888
v 0.06061387 -0.00484663 0.01247614
v 0.06154668 -0.01151674 0.01180976
v 0.06404298 -0.01119709 0.01192229
v 0.01892832 -0.01350136 0.01260775
v 0.01696527 -0.01366055 0.01268565
v 0.01711934 -0.01272982 0.01353916
v 0.01513117 -0.01387959 0.01282370
v 0.01562691 -0.01265596 0.01373823
v 0.04149501 -0.01256437 0.01116425
v 0.04501330 -0.01276725 0.01112145
v 0.04167123 -0.01312617 0.01021500
v 0.04840052 -0.01276770 0.01103318
v 0.05083179 -0.01295047 0.01083928
v 0.01537609 -0.01447457 0.01178377
v 0.02019566 -0.01402404 0.01126131
v 0.02103782 -0.01402947 0.01105236
v 0.01615696 -0.01522549 0.01021331
v 0.02079124 -0.01327228 0.01237375
v 0.02639579 -0.01288747 0.01207578
v 0.03234675 -0.01261317 0.01169899
v 0.03244318 -0.01316926 0.01052399
v 0.03235075 -0.01385932 0.00939378
v 0.01701706 -0.01610783 0.00887602
v 0.03296655 -0.01400876 0.00897407
v 0.03684186 -0.01368725 0.00935280
v 0.05028485 -0.01404466 0.00886002
v 0.04228517 -0.01366266 0.00913346
v 0.05829548 -0.01319098 0.01048147
v 0.05053907 -0.01391685 -0.01004010
v 0.05549078 -0.01297149 -0.01254945
v 0.05081117 -0.01295155 -0.01251798
v 0.04239928 -0.01389220 -0.01020106
v 0.03288278 -0.01417318 -0.01023662
v 0.03683406 -0.01393467 -0.01041418
v 0.01680866 -0.01640316 -0.00990842
v 0.03211876 -0.01393195 -0.01078930
v 0.01613259 -0.01572436 -0.01088535
v 0.03238467 -0.01342523 -0.01163773
v 0.01564776 -0.01539260 -0.01169836
v 0.01493906 -0.01467496 -0.01319718
v 0.03236758 -0.01258617 -0.01333144
v 0.02297645 -0.01310026 -0.01391488
v 0.01481488 -0.01373413 -0.01469588
v 0.04155022 -0.01317498 -0.01158967
v 0.04163283 -0.01262065 -0.01287352
v 0.01755929 -0.01695048 0.00836876
v 0.01949697 -0.01859045 -0.00048051
v 0.01736784 -0.01723092 -0.00939202
v 0.01516956 -0.01599144 -0.01333808
v 0.05788545 0.00470779 0.01108346
v 0.05869567 0.00082164 0.01163536
v 0.05956709 -0.00416696 0.01160830
v 0.06044947 -0.01001427 0.01108537
v 0.06073391 -0.01152241 0.01106400
v 0.05680358 0.00290954 0.01145479
v 0.05591076 0.00446093 0.01095545
v 0.05214736 0.00471695 0.01108805
v 0.05412137 0.00446379 0.01145688
v 0.05326569 0.00283476 0.01119756
v 0.05590587 0.00136095 0.01095545
v 0.05411649 0.00136381 0.01145688
v 0.02043607 -0.01234183 0.01336219
v 0.03218567 -0.01174581 0.01270782
v 0.02071243 -0.01095971 0.01365351
v 0.02634978 -0.01086109 0.01332557
v 0.03263008 -0.01070073 0.01287767
v 0.03336710 -0.00513694 0.01320929
v 0.03701406 -0.00512057 0.01308369
v 0.03376549 -0.00369960 0.01319468
v 0.03404396 -0.00227696 0.01318478
v 0.03453767 -0.00080499 0.01299667
v 0.04868092 -0.01087102 0.01225197
v 0.04505330 -0.01073426 0.01250976
v 0.04946655 -0.00462752 0.01274037
v 0.04141324 -0.01071146 0.01249558
v 0.04125410 -0.00771940 0.01284289
v 0.04057920 -0.00443031 0.01297656
v 0.03730520 -0.00323225 0.01317048
v 0.03669598 -0.00269396 0.01317958
v 0.03644207 -0.00338280 0.01311778
v 0.06156167 -0.01271517 0.01111088
v 0.05516916 -0.01293408 0.01095604
v 0.04823773 -0.01194011 0.01201450
v 0.04187268 -0.01178088 0.01226276
v 0.04123336 -0.00772595 -0.01450818
v 0.04138848 -0.01071173 -0.01415819
v 0.04058261 -0.00450823 -0.01464053
v 0.04505246 -0.01073575 -0.01418077
v 0.03728293 -0.00319666 -0.01483926
v 0.03699505 -0.00512022 -0.01474255
v 0.03667194 -0.00373272 -0.01484338
v 0.03335137 -0.00511838 -0.01486213
v 0.03642064 -0.00304282 -0.01477721
v 0.04024028 -0.00334033 -0.01464972
v 0.03995645 -0.00191963 -0.01465737
v 0.03950047 -0.00081293 -0.01448729
v 0.03699898 -0.00080894 -0.01474267
v 0.03438298 -0.00110556 -0.01471304
v 0.03389617 -0.00294378 -0.01484322
v 0.03367215 -0.00401622 -0.01485097
v 0.01548318 -0.01275461 -0.01534823
v 0.03216442 -0.01174235 -0.01436063
v 0.01633685 -0.01173126 -0.01553189
v 0.02396899 -0.01100426 -0.01509016
v 0.03260827 -0.01070002 -0.01452961
v 0.06146218 -0.01257349 -0.01292341
v 0.04822325 -0.01189315 -0.01372057
v 0.04185169 -0.01177802 -0.01393094
v 0.04853341 -0.01258333 -0.01291494
v 0.02213203 -0.00025177 0.01470698
v 0.02145558 -0.00234172 0.01490849
v 0.02119660 -0.00305301 0.01534497
v 0.01915657 -0.00751251 0.01539474
v 0.01637589 -0.01170944 0.01552039
v 0.01524704 -0.01305258 0.01511657
v 0.01595395 -0.01223260 0.01468700
v 0.06090575 -0.01247775 0.01095145
v 0.04923657 -0.01178640 0.01105774
v 0.04926432 -0.01136628 -0.01295467
v 0.05404123 0.00141935 -0.01249354
v 0.04921656 -0.01090598 -0.01317197
v 0.05027288 -0.00496942 -0.01351457
v 0.05130589 0.00083440 -0.01351225
v 0.05399668 -0.01410335 -0.01560294
v 0.01420664 -0.01412814 -0.01796746
v 0.01472747 -0.01359057 -0.01661390
v 0.02001684 -0.00577873 -0.01549988
v 0.02278343 -0.00323115 0.01429245
v 0.02299651 -0.00387689 0.01389700
v 0.02357065 -0.00506282 0.01367396
v 0.02222168 -0.00686842 0.01385259
v 0.02109259 -0.01001447 0.01367336
v 0.04111206 -0.00006546 0.01398199
v 0.05477178 -0.01522779 -0.00916546
v 0.05335205 -0.01455098 -0.00985652
v 0.03737717 -0.01542907 -0.00917923
v 0.03635966 -0.01479637 -0.00982731
v 0.02532029 -0.01624947 -0.00919366
v 0.02463585 -0.01565378 -0.00981152
v 0.03615528 -0.01681667 -0.00049297
v 0.05270880 -0.01637029 -0.00051554
v 0.05408328 -0.01505315 0.00809127
v 0.04170149 -0.01511186 0.00812125
v 0.03179425 -0.01548349 0.00814748
v 0.02392125 -0.01617097 0.00816995
v 0.05871134 -0.01436549 0.00876671
v 0.03589349 -0.01461309 0.00875866
v 0.02522718 -0.01536518 0.00876129
v 0.03948740 -0.00081287 0.01277240
v 0.03884421 -0.00081185 0.01154409
v 0.03702116 -0.00080894 0.01308369
v 0.03519625 -0.00087211 0.01111674
v 0.03500849 -0.00080574 0.01221197
v 0.03321784 -0.01187908 0.01128372
v 0.03323021 -0.01100446 0.01173294
v 0.03412938 -0.00574487 0.01221418
v 0.03275066 -0.00806874 0.01314789
v 0.04020327 -0.00307506 0.01298731
v 0.03996258 -0.00182593 0.01299428
v 0.04052232 -0.01079408 0.01137437
v 0.03985166 -0.00564027 0.01194900
v 0.03365561 -0.01122057 0.01116347
v 0.03692585 -0.01092594 0.01117056
v 0.03653792 -0.00311724 0.01110723
v 0.03756698 -0.00305980 0.01117008
v 0.03700506 -0.00240886 0.01117044
v 0.04087298 -0.01237773 0.01078232
v 0.03272837 -0.00806838 -0.01480007
v 0.03314855 -0.01114219 -0.01331685
v 0.03498768 -0.00080574 -0.01386779
v 0.03410875 -0.00574464 -0.01386857
v 0.03898823 -0.00081211 -0.01324212
v 0.03866148 -0.00081159 -0.01237470
v 0.03520711 -0.00080609 -0.01251405
v 0.04075620 -0.01110173 -0.01288862
v 0.04068094 -0.01189654 -0.01236038
v 0.03986608 -0.00583953 -0.01360487
v 0.04027140 -0.01105886 -0.01230210
v 0.03322889 -0.01179650 -0.01252242
v 0.04090565 -0.01284694 -0.01170295
v 0.03290146 -0.01321399 -0.01161867
v 0.03689807 -0.01114577 -0.01229935
v 0.05591160 0.00446093 0.01195549
v 0.05590665 0.00136095 0.01195549
v 0.05034667 -0.00466865 0.01184266
v 0.04923647 -0.01090484 0.01149398
v 0.05599622 0.00353838 -0.01368257
v 0.05494205 0.00178449 -0.01365976
v 0.05406441 0.00345105 -0.01369702
v 0.05557769 0.00323594 0.01195567
v 0.05445188 0.00323772 0.01195657
v 0.05501317 0.00226235 0.01195615
v 0.06362700 0.00731885 -0.01625996
v 0.06207919 0.00390941 -0.01655608
v 0.06355661 0.00852942 -0.01613795
v 0.06342913 0.01002106 -0.01596600
v 0.04338798 0.01069937 -0.01639789
v 0.05950423 0.01407017 -0.00718072
v 0.04366236 0.01487618 -0.00629702
v 0.05866468 0.01486688 0.00064689
v 0.04367119 0.01487505 0.00463322
v 0.06011417 0.01330179 0.00792828
v 0.04333907 0.01069636 0.01473156
v 0.06312556 0.01004092 0.01427058
v 0.02424350 0.01265847 0.00613594
v 0.02389719 0.00864707 0.01578772
v 0.02426269 0.01314732 -0.00534362
v 0.02414426 0.01142487 -0.01164054
v 0.02387070 0.00864707 -0.01742576
v 0.02320867 0.00417590 0.01607459
v 0.03701482 0.00183501 0.01489487
v 0.03593537 0.00262997 0.01530027
v 0.03593635 0.00356913 0.01552885
v 0.03701831 0.00404707 0.01488473
v 0.03809830 0.00325227 0.01523866
v 0.05393508 0.00260127 0.01486146
v 0.05501450 0.00180635 0.01447710
v 0.05609687 0.00259748 0.01483747
v 0.05609965 0.00353664 0.01501208
v 0.06202608 0.00363994 0.01487416
v 0.05501802 0.00401841 0.01446566
v 0.05393600 0.00354057 0.01505887
v 0.06336337 0.00683838 0.01461035
v 0.03809785 0.00231308 0.01550894
v 0.06300240 0.00621313 -0.01508975
v 0.06248199 0.00505900 -0.01396656
v 0.06184405 0.00301403 -0.01410496
v 0.05068647 -0.00010290 -0.01542896
v 0.03168165 -0.00007557 -0.01594406
v 0.05764691 0.01322363 -0.00326236
v 0.05774882 0.01364183 -0.00401653
v 0.05865508 0.01373589 -0.00320750
v 0.05078549 0.01311662 0.00447799
v 0.05074684 0.01359228 0.00530289
v 0.05004774 0.01375433 0.00467911
v 0.05834656 0.00290370 -0.01418358
v 0.05499327 0.00453737 -0.01388320
v 0.05164170 0.00292390 -0.01431739
v 0.06209906 0.00965938 -0.01341733
v 0.06164824 0.01078289 -0.01257508
v 0.05137318 0.01013380 -0.01371979
v 0.05122959 0.01164448 -0.01271378
v 0.04292565 0.01162874 -0.01291817
v 0.04151928 0.01125717 -0.01314490
v 0.04131681 0.01001665 -0.01387357
v 0.02396500 0.00946551 -0.01379585
v 0.02388799 0.00876993 -0.01462095
v 0.02818340 0.00992292 -0.01356339
v 0.03268090 0.01038172 -0.01328501
v 0.03245037 0.00980025 -0.01412504
v 0.02376085 0.00773966 -0.01498329
v 0.02824479 0.00824439 -0.01470917
v 0.03294047 0.00889206 -0.01430627
v 0.03329557 0.00485146 -0.01470935
v 0.03431552 0.00094533 -0.01468828
v 0.02820295 0.00095507 -0.01506417
v 0.02320295 0.00427514 -0.01520019
v 0.02318167 0.00417554 -0.01771169
v 0.02417618 0.01178425 -0.00528192
v 0.02418267 0.01177608 0.00370765
v 0.02398568 0.00946551 0.01215767
v 0.02390986 0.00876999 0.01298296
v 0.02378350 0.00773966 0.01334547
v 0.02322590 0.00427550 0.01356315
v 0.06228446 0.00447243 0.01231265
v 0.06215876 0.00691229 0.01212155
v 0.06275457 0.00564897 0.01339679
v 0.06185967 0.00968602 0.01172146
v 0.06142276 0.01080709 0.01088064
v 0.05916690 0.01339906 0.00384653
v 0.05925136 0.01339238 -0.00553054
v 0.06237018 0.00717974 -0.01378995
v 0.04153953 0.01125892 0.01147830
v 0.04294425 0.01162886 0.01124960
v 0.04133796 0.01001909 0.01220756
v 0.05119419 0.01164674 0.01103365
v 0.05134755 0.01013487 0.01203906
v 0.05166316 0.00292390 0.01263517
v 0.05500596 0.00491238 0.01244765
v 0.05836790 0.00290370 0.01249057
v 0.06154727 0.00090200 0.01249295
v 0.06179869 0.00270915 0.01242256
v 0.04570925 0.00092722 0.01284188
v 0.03962564 0.00085358 0.01278891
v 0.03433701 0.00094533 0.01303410
v 0.03905486 0.00093782 0.01158192
v 0.03518484 0.00094398 0.01138798
v 0.03496718 0.00094433 0.01218819
v 0.02822577 0.00095507 0.01341915
v 0.02829664 0.00824827 0.01306235
v 0.03296199 0.00889194 0.01265382
v 0.03331768 0.00485140 0.01305639
v 0.03247165 0.00979990 0.01247358
v 0.03268953 0.01038888 0.01163750
v 0.02823305 0.00992656 0.01191687
v 0.03718960 0.01234447 0.00830799
v 0.04193776 0.01276677 0.00837058
v 0.03211015 0.01174128 0.00826126
v 0.03264616 0.01121292 0.00971368
v 0.04138102 0.01195148 0.00987557
v 0.03322395 0.01077968 0.01021480
v 0.04081068 0.01080694 0.01081675
v 0.03368835 0.00957001 0.01113077
v 0.04066622 0.00999373 0.01118442
v 0.04045760 0.00882172 0.01116776
v 0.03740495 0.00850910 0.01117014
v 0.03393928 0.00807702 0.01138842
v 0.03494638 0.00094433 -0.01384377
v 0.03425669 0.00489336 -0.01371598
v 0.03348797 0.00929683 -0.01309438
v 0.03258118 0.01127904 -0.01110708
v 0.03206658 0.01190716 -0.00928610
v 0.03334656 0.01071586 -0.01157814
v 0.03359802 0.00989830 -0.01215424
v 0.03357571 0.00890741 0.01170251
v 0.03427726 0.00489330 0.01206135
v 0.03726395 0.00307065 0.01113531
v 0.03635721 0.00294209 0.01110539
v 0.03701257 0.00229102 0.01117044
v 0.03516578 0.00094398 -0.01251393
v 0.04568767 0.00092722 -0.01451468
v 0.03970759 0.00093675 -0.01451322
v 0.03903513 0.00093782 -0.01322910
v 0.03870833 0.00093834 -0.01237481
v 0.04066934 0.01096279 -0.01208109
v 0.04021099 0.00913295 -0.01243561
v 0.04067574 0.01015480 -0.01285004
v 0.03303736 0.01135617 -0.01068794
v 0.03717720 0.01252520 -0.00933027
v 0.04195469 0.01296240 -0.00939095
v 0.04140119 0.01225773 -0.01097945
v 0.03401069 0.00851907 -0.01231718
v 0.03708219 0.00862378 -0.01229947
v 0.03368288 0.00818229 -0.01279675
v 0.03985345 0.00553733 -0.01343107
v 0.04099506 0.01158654 -0.01173007
v 0.04087918 0.00550008 -0.01442426
v 0.03724539 0.00312062 -0.01226464
v 0.03633912 0.00325209 -0.01223330
v 0.03699648 0.00390106 -0.01229947
v 0.04090106 0.00550133 0.01275897
v 0.03964984 0.00523788 0.01146808
v 0.05318138 0.01308358 0.00454016
v 0.05390181 0.01355429 0.00467667
v 0.05307847 0.01350575 0.00564933
v 0.05445218 0.01392489 0.00277227
v 0.05449099 0.01402373 0.00065797
v 0.05345129 0.01327776 0.00265133
v 0.05350536 0.01342886 0.00099097
v 0.05270984 0.01149991 0.00033036
v 0.05266860 0.01152720 0.00385516
v 0.04303079 0.01389139 0.00347692
v 0.05132739 0.01150214 0.00033141
v 0.05137442 0.01152909 0.00385592
v 0.05029359 0.01385167 0.00107855
v 0.05052959 0.01346385 0.00272560
v 0.05200165 0.01292335 0.00450677
v 0.05085912 0.01150038 -0.00088183
v 0.05317631 0.01149669 -0.00088378
v 0.04964502 0.01150486 -0.00134824
v 0.05438957 0.01149727 -0.00135201
v 0.04711943 0.01153590 -0.00268460
v 0.05691413 0.01152025 -0.00139817
v 0.04964393 0.01150486 -0.00273079
v 0.05438850 0.01149727 -0.00273454
v 0.05085719 0.01150038 -0.00319901
v 0.05317438 0.01149669 -0.00320098
v 0.05132361 0.01150214 -0.00441319
v 0.05270612 0.01149991 -0.00441422
v 0.05136524 0.01152909 -0.00793799
v 0.05265915 0.01152702 -0.00793877
v 0.05199788 0.01232415 -0.00837147
v 0.05085529 0.01288702 -0.00879434
v 0.05321803 0.01282030 -0.00864363
v 0.05204528 0.01293265 -0.00962347
v 0.05396708 0.01305201 -0.00884938
v 0.05431115 0.01354044 -0.00682944
v 0.05430306 0.01378242 -0.00479044
v 0.05012091 0.01325774 -0.00870740
v 0.04973620 0.01374077 -0.00686604
v 0.04972415 0.01396906 -0.00484965
v 0.04302388 0.01389127 -0.00514614
v 0.04773056 0.01412165 -0.00459015
v 0.04897740 0.01372098 -0.00374100
v 0.05065345 0.01310110 -0.00666994
v 0.05055415 0.01337909 -0.00505394
v 0.05330848 0.01290726 -0.00662351
v 0.05341374 0.01319158 -0.00498968
v 0.05204838 0.01355588 0.00566572
v 0.05629616 0.01399618 0.00038970
v 0.05781643 0.01381506 -0.00006579
v 0.05507296 0.01366552 -0.00037079
v 0.05622297 0.01334178 -0.00059185
v 0.05769238 0.01335438 -0.00079388
v 0.05765569 0.01315605 -0.00194782
v 0.05868989 0.01382988 -0.00093795
v 0.05868136 0.01380807 -0.00198811
v 0.04960709 0.01411616 0.00284427
v 0.04592627 0.01422348 -0.00019957
v 0.04927555 0.01429500 0.00077031
v 0.04997825 0.01375776 0.00000541
v 0.04891052 0.01389992 -0.00028428
v 0.04524689 0.01426929 -0.00194746
v 0.04569779 0.01408871 -0.00357997
v 0.04640242 0.01362476 -0.00354476
v 0.04712025 0.01153590 -0.00139063
v 0.04622507 0.01361095 -0.00191462
v 0.04632492 0.01367088 -0.00059108
v 0.04767090 0.01365637 -0.00047546
v 0.04766458 0.01431345 0.00050601
v 0.04773557 0.01347059 -0.00353289
v 0.04621544 0.01411187 -0.00449407
v 0.05399560 0.01355725 -0.00006945
v 0.05691335 0.01152025 -0.00269214
v 0.05615139 0.01315158 -0.00342834
v 0.05500152 0.01348590 -0.00366470
v 0.05622386 0.01379907 -0.00449294
v 0.05005067 0.01355409 -0.00401270
v 0.05391716 0.01335304 -0.00394279
v 0.05607203 0.00259790 -0.01661181
v 0.05498995 0.00180635 -0.01631772
v 0.05391019 0.00260085 -0.01663231
v 0.05391019 0.00353974 -0.01674467
v 0.05607390 0.00353742 -0.01670140
v 0.05499348 0.00401841 -0.01630628
v 0.03807228 0.00293660 -0.01700419
v 0.03807407 0.00387603 -0.01710355
v 0.03699366 0.00435706 -0.01669507
v 0.03591111 0.00356555 -0.01701018
v 0.03590875 0.00262636 -0.01722508
v 0.03699013 0.00214500 -0.01670583
v 0.01925702 -0.01273508 0.01414257
v 0.01857381 -0.01327711 0.01357865
v 0.05941736 -0.00342411 -0.01332479
v 0.03397560 -0.01795315 0.00440830
v 0.05437088 -0.01749485 0.00398648
v 0.03631006 -0.00312115 0.01424101
v 0.03618497 -0.00258237 0.01427117
v 0.03700764 -0.00233998 0.01424086
v 0.03770293 -0.00299664 0.01423990
v 0.03782808 -0.00353539 0.01426985
v 0.03700535 -0.00377779 0.01424086
v 0.03628575 -0.00330443 -0.01591881
v 0.03615892 -0.00384280 -0.01594877
v 0.03698085 -0.00408779 -0.01591985
v 0.03767824 -0.00343336 -0.01591991
v 0.03780504 -0.00289500 -0.01595008
v 0.03698312 -0.00264998 -0.01591986
v 0.03651885 -0.00342724 -0.01223544
v 0.03726709 -0.00288212 -0.01229968
v 0.03754729 -0.00369424 -0.01229989
v 0.05429146 0.00284568 -0.01563357
v 0.05417033 0.00338840 -0.01566305
v 0.05499345 0.00367714 -0.01565312
v 0.05569309 0.00297908 -0.01563471
v 0.05581417 0.00243637 -0.01566442
v 0.05499111 0.00219347 -0.01563416
v 0.03629602 0.00318880 -0.01601882
v 0.03617093 0.00372755 -0.01604876
v 0.03699363 0.00396995 -0.01601986
v 0.03768893 0.00331329 -0.01601993
v 0.03781395 0.00277454 -0.01605006
v 0.03699132 0.00253214 -0.01601986
v 0.05431512 0.00298138 0.01377710
v 0.05419262 0.00243848 0.01380681
v 0.05501451 0.00219347 0.01377655
v 0.05571620 0.00284338 0.01377599
v 0.05583873 0.00338626 0.01380548
v 0.05501691 0.00367714 0.01379551
v 0.03631978 0.00300551 0.01419099
v 0.03619298 0.00246715 0.01422116
v 0.03701485 0.00222214 0.01419085
v 0.03771226 0.00287657 0.01418989
v 0.03783914 0.00341493 0.01421987
v 0.03701717 0.00365995 0.01419085
v 0.04297872 -0.01296474 -0.00108446
v 0.04266357 -0.01296869 -0.00728393
v 0.04046851 -0.01296517 -0.00108218
v 0.04046356 -0.01296517 -0.00728220
v 0.03169967 -0.00392063 0.00740455
v 0.03083092 -0.00304906 0.00740524
v 0.03257123 -0.00305184 0.00740385
v 0.03170247 -0.00218026 0.00740455
v 0.03258043 -0.00305185 0.01247402
v 0.03110525 -0.00252950 0.01214188
v 0.03225883 -0.00305133 0.01123727
v 0.03125357 -0.00382972 0.01247507
v 0.03113766 -0.00313621 0.01121187
v 0.02779968 -0.00391444 0.00740764
v 0.02693086 -0.00304286 0.00740834
v 0.02867128 -0.00304564 0.00740695
v 0.02780248 -0.00217406 0.00740764
v 0.02868041 -0.00304563 0.01247712
v 0.02720525 -0.00252330 0.01214498
v 0.02835883 -0.00304512 0.01124037
v 0.02735358 -0.00382352 0.01247817
v 0.02723765 -0.00313001 0.01121497
v 0.03170923 0.00207929 0.00740453
v 0.03084047 0.00295089 0.00740524
v 0.03258079 0.00294808 0.00740385
v 0.03171200 0.00381966 0.00740453
v 0.03258997 0.00294809 0.01247402
v 0.03111477 0.00347042 0.01214188
v 0.03226837 0.00294859 0.01123727
v 0.03126305 0.00217020 0.01247507
v 0.03114718 0.00286371 0.01121186
v 0.02780924 0.00208549 0.00740764
v 0.02694044 0.00295709 0.00740834
v 0.02868084 0.00295432 0.00740695
v 0.02781200 0.00382586 0.00740764
v 0.02868998 0.00295430 0.01247712
v 0.02721478 0.00347666 0.01214498
v 0.02836838 0.00295481 0.01124037
v 0.02736306 0.00217640 0.01247817
v 0.02724722 0.00286993 0.01121497
v 0.03169931 0.00381966 -0.00852503
v 0.03082776 0.00295089 -0.00852436
v 0.03256807 0.00294808 -0.00852571
v 0.03169657 0.00207929 -0.00852503
v 0.03256923 0.00294809 -0.01359593
v 0.03109292 0.00243044 -0.01326139
v 0.03224958 0.00294860 -0.01235869
v 0.03124487 0.00373018 -0.01359486
v 0.03112876 0.00303704 -0.01233142
v 0.02779930 0.00382586 -0.00852193
v 0.02692777 0.00295709 -0.00852122
v 0.02866810 0.00295432 -0.00852261
v 0.02779658 0.00208549 -0.00852193
v 0.02866922 0.00295430 -0.01359283
v 0.02719291 0.00243664 -0.01325829
v 0.02834959 0.00295481 -0.01235559
v 0.02734488 0.00373644 -0.01359176
v 0.02722875 0.00304327 -0.01232832
v 0.03168978 -0.00218026 -0.00852503
v 0.03081822 -0.00304906 -0.00852432
v 0.03255853 -0.00305184 -0.00852571
v 0.03168698 -0.00392063 -0.00852501
v 0.03100821 -0.00343937 -0.01359465
v 0.03179542 -0.00369574 -0.01235531
v 0.03256492 -0.00305185 -0.01339591
v 0.03091847 -0.00304923 -0.01232959
v 0.03123527 -0.00226974 -0.01359486
v 0.03178909 -0.00248613 -0.01233656
v 0.02778977 -0.00217406 -0.00852191
v 0.02691815 -0.00304286 -0.00852120
v 0.02865858 -0.00304564 -0.00852261
v 0.02778697 -0.00391444 -0.00852191
v 0.02710822 -0.00343317 -0.01359155
v 0.02789541 -0.00368954 -0.01235218
v 0.02866491 -0.00304564 -0.01339280
v 0.02701847 -0.00304303 -0.01232649
v 0.02733528 -0.00226354 -0.01359176
v 0.02788909 -0.00247993 -0.01233343
v 0.03170617 -0.00171711 0.01117479
v 0.03170194 -0.00438378 0.01117479
v 0.02975407 -0.00304735 0.01117631
v 0.03360408 -0.00305349 0.01117318
v 0.03170212 -0.00485045 0.01237478
v 0.03170788 -0.00125045 0.01237478
v 0.02983836 -0.00304749 0.01234291
v 0.03360497 -0.00305349 0.01227319
v 0.02780618 -0.00171091 0.01117789
v 0.02780195 -0.00437758 0.01117789
v 0.02597116 -0.00315565 0.01094653
v 0.02780214 -0.00484425 0.01237789
v 0.02780786 -0.00124425 0.01237789
v 0.02600503 -0.00304136 0.01237928
v 0.03171575 0.00428281 0.01117467
v 0.03171150 0.00161614 0.01117479
v 0.02976364 0.00295261 0.01117628
v 0.03361356 0.00294644 0.01117318
v 0.03171172 0.00114947 0.01237478
v 0.03171748 0.00474948 0.01237466
v 0.02984788 0.00295248 0.01234289
v 0.03361445 0.00294644 0.01227319
v 0.02781574 0.00428901 0.01117789
v 0.02781150 0.00162236 0.01117789
v 0.02591365 0.00295871 0.01117938
v 0.02781173 0.00115570 0.01237789
v 0.02781748 0.00475570 0.01237789
v 0.02601460 0.00295857 0.01237928
v 0.03169280 0.00161614 -0.01229518
v 0.03169707 0.00428281 -0.01229518
v 0.02974498 0.00295261 -0.01229363
v 0.03379568 0.00330991 -0.01210808
v 0.03169682 0.00474948 -0.01349518
v 0.03169113 0.00114947 -0.01349518
v 0.02982736 0.00295248 -0.01346038
v 0.03359407 0.00294644 -0.01339679
v 0.02779281 0.00162236 -0.01229208
v 0.02779708 0.00428901 -0.01229208
v 0.02589499 0.00295871 -0.01229059
v 0.02779683 0.00475570 -0.01349207
v 0.02779114 0.00115570 -0.01349207
v 0.02599400 0.00295857 -0.01349068
v 0.03301870 -0.00305257 -0.01229624
v 0.03168237 -0.00495046 -0.01229518
v 0.02928538 -0.00304663 -0.01229328
v 0.03168839 -0.00115043 -0.01229518
v 0.03168732 -0.00125045 -0.01349518
v 0.03168156 -0.00485045 -0.01349518
v 0.02981778 -0.00304749 -0.01346038
v 0.03358447 -0.00305349 -0.01339668
v 0.02778238 -0.00494426 -0.01229208
v 0.02588540 -0.00304121 -0.01229059
v 0.02778840 -0.00114423 -0.01229208
v 0.02778732 -0.00124425 -0.01349207
v 0.02778157 -0.00484425 -0.01349207
v 0.02598440 -0.00304136 -0.01349068
v 0.05468848 0.00151272 -0.00666852
v 0.05468337 -0.00168693 -0.00666852
v 0.05372694 -0.00008557 -0.00681776
v 0.05191001 -0.00292430 -0.00675797
v 0.04914073 -0.00167811 -0.00666410
v 0.05010201 -0.00007980 -0.00681487
v 0.04914585 0.00152156 -0.00666410
v 0.05191905 0.00275895 -0.00675797
v 0.05191698 0.00141728 -0.00669131
v 0.05191216 -0.00158262 -0.00669131
v 0.05454439 0.00145669 0.00453267
v 0.05192839 0.00296239 0.00453101
v 0.04930694 0.00146377 0.00453685
v 0.04930267 -0.00162204 0.00453685
v 0.05191868 -0.00312776 0.00453102
v 0.05454012 -0.00162913 0.00453267
v 0.05045025 -0.00008042 0.00449194
v 0.05192118 -0.00154843 0.00449450
v 0.05339675 -0.00008495 0.00448960
v 0.05192585 0.00138308 0.00449449
v 0.03799384 -0.00096213 -0.00575471
v 0.03801008 0.00938713 -0.00611746
v 0.03693389 -0.00096044 -0.00575387
v 0.03695029 0.00932652 -0.00575387
v 0.03800666 0.00932485 -0.01032680
v 0.03799027 -0.00096213 -0.01032680
v 0.03694665 0.00932652 -0.01032584
v 0.03693026 -0.00096044 -0.01032584
v 0.03799969 0.00069775 -0.00182956
v 0.03801548 0.01109897 -0.00175049
v 0.03693967 0.00069944 -0.00182870
v 0.03695607 0.01098647 -0.00182873
v 0.03801256 0.01097404 -0.00621450
v 0.03799617 0.00068704 -0.00621450
v 0.03695255 0.01097577 -0.00621367
v 0.03693616 0.00068873 -0.00621367
v 0.03800320 0.00070846 0.00255531
v 0.03801959 0.01099544 0.00255531
v 0.03694319 0.00071015 0.00255614
v 0.03695958 0.01099717 0.00255614
v 0.04806574 -0.01296832 0.00412172
v 0.04182267 -0.01295834 0.00406665
v 0.04806395 -0.01406830 0.00412172
v 0.04182088 -0.01405835 0.00406665
v 0.04166996 -0.01295811 0.00104132
v 0.04745363 -0.01296734 0.00092191
v 0.04166827 -0.01405811 0.00104132
v 0.04745187 -0.01406733 0.00092192
v 0.05754532 -0.01310843 0.00129191
v 0.05159508 -0.01297399 0.00114871
v 0.05776860 -0.01408380 0.00092950
v 0.05159327 -0.01412397 0.00114871
v 0.05155309 -0.01297393 -0.00194126
v 0.05796772 -0.01298412 -0.00172165
v 0.05155127 -0.01407390 -0.00194126
v 0.05796602 -0.01408412 -0.00172165
v 0.03196728 -0.00760871 0.00767451
v 0.03300327 -0.00178790 0.00767368
v 0.03232616 -0.00661671 0.00767422
v 0.03299689 -0.00580251 0.00767368
v 0.03200358 -0.00738978 0.00417447
v 0.03267711 -0.00278296 0.00363618
v 0.03298651 -0.00186649 0.00417370
v 0.03124320 -0.01165425 0.00244302
v 0.03093459 -0.01151172 0.00435111
v 0.03139990 -0.01078736 0.00548714
v 0.03179788 -0.00855994 0.00738239
v 0.03196846 -0.00761333 0.01017445
v 0.03286073 -0.00644787 0.00993623
v 0.03299746 -0.00543927 0.01006954
v 0.03022571 -0.01147259 0.00415569
v 0.02908006 -0.00672188 0.01017683
v 0.02884417 -0.00803429 0.00738478
v 0.02838993 -0.01057735 0.00521278
v 0.02850961 -0.01128649 0.00397728
v 0.02829009 -0.01112866 0.00302273
v 0.03195220 -0.00760871 -0.01129537
v 0.03176558 -0.00866884 -0.00880384
v 0.02906376 -0.00671726 -0.01129311
v 0.02881199 -0.00814319 -0.00880152
v 0.03133556 -0.01109355 -0.00685376
v 0.02838203 -0.01056790 -0.00685143
v 0.03059945 -0.01154072 -0.00576834
v 0.03020931 -0.01147092 -0.00579883
v 0.02852952 -0.01117241 -0.00535604
v 0.02836603 -0.01132166 -0.00458521
v 0.03137003 -0.01160042 -0.00423973
v 0.03199559 -0.00738978 -0.00582546
v 0.03294022 -0.00208217 -0.00577162
v 0.03195416 -0.00760871 -0.00879544
v 0.03299015 -0.00178790 -0.00879622
v 0.03284436 -0.00624641 -0.01103875
v 0.03275606 -0.00699661 -0.00894175
v 0.03298070 -0.00546452 -0.01121911
v 0.03298377 -0.00580251 -0.00879622
v 0.03257322 -0.00291768 -0.00510114
v 0.03299987 0.00428289 -0.00879627
v 0.03283593 0.00588800 -0.00851043
v 0.03108417 0.00462383 -0.00879472
v 0.02913087 -0.00635147 -0.00879317
v 0.02575024 -0.00595155 -0.00889531
v 0.02600204 0.00570857 -0.00879067
v 0.03109729 0.00462383 0.00767523
v 0.03301298 0.00428289 0.00767368
v 0.02612468 -0.00541657 0.01042917
v 0.02914398 -0.00635147 0.00767678
v 0.02599686 -0.00579137 0.00767928
v 0.03191006 -0.00287342 0.00307459
v 0.02982425 -0.00250238 0.00185364
v 0.02985382 -0.00234377 0.00346509
v 0.03001898 -0.00141943 0.00417608
v 0.03255092 -0.00098728 0.00417405
v 0.03021168 -0.00033647 0.00417590
v 0.03040355 0.00074643 0.00307578
v 0.03300297 0.00028383 0.00307369
v 0.03020995 -0.00033647 0.00197589
v 0.03304163 -0.00107486 0.00220764
v 0.03254297 -0.00098728 -0.00582588
v 0.03020375 -0.00033647 -0.00582403
v 0.02994302 -0.00180229 -0.00566268
v 0.02981907 -0.00250238 -0.00472373
v 0.03190386 -0.00287342 -0.00472540
v 0.02982008 -0.00250238 -0.00350118
v 0.03299665 0.00028383 -0.00472629
v 0.03039735 0.00074643 -0.00472420
v 0.03303676 -0.00107486 -0.00386024
v 0.03020548 -0.00033647 -0.00362402
v 0.02610717 -0.00541657 -0.01154076
v 0.03284857 0.00582093 0.00748368
v 0.02601516 0.00570857 0.00767928
v 0.02615876 0.00085833 -0.01162413
v 0.02616530 0.00495829 -0.01162413
v 0.02693186 0.00295708 -0.01129144
v 0.02805358 0.00206266 -0.01129231
v 0.02805640 0.00384788 -0.01129231
v 0.03169709 0.00381340 -0.01129521
v 0.03080274 0.00269163 -0.01129452
v 0.02874579 0.00295418 -0.01129287
v 0.03195357 0.00205646 -0.01129541
v 0.03255007 -0.00305182 -0.01129591
v 0.03142835 -0.00215743 -0.01129499
v 0.02632264 -0.00094194 -0.01162427
v 0.02778756 -0.00218032 -0.01129209
v 0.02689318 -0.00330212 -0.01129142
v 0.02804404 -0.00393726 -0.01129229
v 0.03142547 -0.00394265 -0.01129499
v 0.03264578 0.00294799 -0.01129597
v 0.03299864 0.00494742 -0.01162974
v 0.02873616 -0.00304574 -0.01129287
v 0.03073617 -0.00304896 -0.01129448
v 0.02649128 0.00065780 -0.01229107
v 0.02624875 0.00533315 -0.01229086
v 0.02623906 -0.00074180 -0.01229086
v 0.02623218 -0.00504178 -0.01229086
v 0.03298217 -0.00505251 -0.01229625
v 0.03300088 -0.00502750 0.01110365
v 0.02625087 -0.00504178 0.01117906
v 0.03301716 0.00519743 0.01112367
v 0.03323694 0.00528881 0.01005203
v 0.02618291 0.00495829 0.01051247
v 0.03299927 0.00569743 -0.01229625
v 0.02626738 0.00533315 0.01117906
v 0.02634018 -0.00094194 0.01051233
v 0.02626016 0.00078320 0.01117906
v 0.02634308 0.00085806 0.01051233
v 0.02625751 -0.00086680 0.01117906
v 0.05701348 0.01043477 0.00150463
v 0.05658527 0.00962046 0.00132105
v 0.05573288 0.01023415 0.00155559
v 0.05605767 0.00893911 0.00172200
v 0.05729180 0.00917101 0.00155437
v 0.05749287 0.00994693 0.00556393
v 0.05658290 0.01088719 0.00541045
v 0.05568608 0.00964504 0.00522230
v 0.05658739 0.00899984 0.00522987
v 0.05658930 0.00987929 0.00582284
v 0.04780325 -0.00938973 0.00162195
v 0.04725587 -0.01030350 0.00132847
v 0.04640346 -0.00968975 0.00156301
v 0.04690158 -0.01089763 0.00156262
v 0.04796248 -0.01075285 0.00156176
v 0.04811301 -0.01004603 0.00531165
v 0.04694662 -0.00928157 0.00560700
v 0.04617982 -0.01031342 0.00534169
v 0.04708300 -0.01110975 0.00560690
v 0.04725986 -0.01004469 0.00583029
v 0.04767540 -0.01060153 -0.00718799
v 0.04725005 -0.00978583 -0.00700372
v 0.04639535 -0.01039684 -0.00723690
v 0.04689728 -0.00919053 -0.00723731
v 0.04795765 -0.00933868 -0.00723815
v 0.04805103 -0.01004594 -0.01123823
v 0.04708177 -0.01097953 -0.01103742
v 0.04623675 -0.00986627 -0.01090345
v 0.04724795 -0.00916523 -0.01091251
v 0.04724609 -0.01004469 -0.01150548
v 0.05700476 0.00932239 -0.00719541
v 0.05657940 0.01013809 -0.00701114
v 0.05572473 0.00952706 -0.00724435
v 0.05622666 0.01073336 -0.00724474
v 0.05728709 0.01058524 -0.00724560
v 0.05752536 0.00987775 -0.01097908
v 0.05638168 0.00904714 -0.01100851
v 0.05572268 0.01023414 -0.01124438
v 0.05657747 0.01088280 -0.01098503
v 0.05657547 0.00987929 -0.01151299
v 0.02867679 0.00295432 0.01017713
v 0.02755206 0.00206359 0.01017805
v 0.02692067 0.00321629 0.01017852
v 0.02781432 0.00390568 0.01017785
v 0.02866720 -0.00304560 0.01017713
v 0.02754251 -0.00393633 0.01017805
v 0.02691107 -0.00278368 0.01017852
v 0.02780481 -0.00209424 0.01017785
v 0.03256721 -0.00305182 0.01017403
v 0.03144252 -0.00394253 0.01017495
v 0.03081106 -0.00278987 0.01017542
v 0.03170478 -0.00210044 0.01017475
v 0.03257677 0.00294810 0.01017403
v 0.03145207 0.00205739 0.01017495
v 0.03145490 0.00384239 0.01017493
v 0.03076296 0.00295100 0.01017546
v 0.06146258 -0.00991726 -0.00838894
v 0.06146025 -0.00991726 -0.01128888
v 0.06186556 -0.00815311 -0.00818899
v 0.06146299 -0.00821728 -0.01128888
v 0.06036299 -0.00821555 -0.01128804
v 0.06036025 -0.00991553 -0.01128804
v 0.06036257 -0.00991553 -0.00838804
v 0.06036525 -0.00821555 -0.00838804
v 0.03447988 -0.00668737 -0.01191976
v 0.03499639 0.00367176 -0.01192015
v 0.03433612 0.00376493 -0.00404829
v 0.03427250 -0.00627762 -0.00409906
v -0.00998893 0.00010876 0.01250797
v -0.00929373 -0.00366247 0.01250743
v -0.00921270 0.00386515 0.01250725
v -0.00707227 -0.00705969 0.01250559
v -0.00793993 0.00001266 0.01250634
v -0.00565592 -0.00564762 0.01250443
v -0.00410196 -0.00911048 0.01250329
v -0.00037003 -0.00998607 0.01250028
v -0.00000271 -0.00794994 0.01249998
v 0.00341511 -0.00939235 0.01249727
v 0.00565781 -0.00566564 0.01249551
v 0.00706965 -0.00708222 0.01249438
v 0.00795984 -0.00001266 0.01249361
v 0.00924235 -0.00384194 0.01249259
v 0.00709218 0.00705969 0.01249438
v 0.00909603 0.00415894 0.01249274
v 0.01000988 -0.00001593 0.01249200
v 0.00567583 0.00564762 0.01249543
v 0.00362253 0.00932127 0.01249706
v -0.00015241 0.00999704 0.01250013
v 0.00002261 0.00794994 0.01249998
v -0.00390369 0.00920162 0.01250305
v -0.00563792 0.00566564 0.01250443
v -0.00704974 0.00708222 0.01250559
v 0.01161906 -0.00247078 0.01045030
v 0.01055598 -0.00076160 0.00904572
v 0.01159755 -0.00127472 0.01031382
v 0.01020777 0.00075934 0.00872552
v 0.00852752 0.00033853 0.00748228
v 0.00822270 0.00242637 0.00745999
v 0.01076397 -0.00377110 0.01097494
v 0.00976419 -0.00113165 0.00970101
v -0.00172855 -0.01174296 0.01046092
v -0.00009015 -0.01057547 0.00905394
v -0.00053630 -0.01164648 0.01032350
v 0.00140536 -0.01013284 0.00873244
v 0.00095741 -0.00848091 0.00749104
v 0.00300706 -0.00799902 0.00749659
v 0.00024111 -0.01139736 0.01098039
v 0.00194633 -0.00962865 0.00970721
v 0.00309096 -0.00771624 0.00770226
v 0.00149802 -0.01188266 0.01035098
v 0.00254291 -0.01026749 0.00905186
v 0.00237713 -0.01141599 0.01032117
v 0.00388139 -0.00946677 0.00873047
v 0.00432314 -0.00742553 0.00738114
v 0.00306827 -0.01098146 0.01097813
v 0.00427997 -0.00884408 0.00970536
v 0.00504094 -0.00688914 0.00750634
v 0.00440629 -0.01113883 0.01034867
v 0.00501734 -0.00931203 0.00904834
v 0.00514175 -0.01046820 0.01031897
v 0.00611395 -0.00820583 0.00872868
v 0.00645736 -0.00563749 0.00746139
v 0.00523645 0.00521231 0.00869578
v 0.00786467 0.00322807 0.00748054
v 0.00721796 0.00453649 0.00751004
v 0.00739050 -0.00001176 0.00869411
v 0.00839226 -0.00157527 0.00750367
v 0.00570312 -0.00987566 0.01097607
v 0.00634515 -0.00750375 0.00970369
v 0.00694241 -0.00490562 0.00748128
v 0.00764572 -0.00372950 0.00754053
v 0.00821370 -0.00278208 0.00729343
v 0.00820410 -0.00201279 0.00754720
v 0.00521982 -0.00522894 0.00869584
v 0.00703824 -0.00969511 0.01034659
v 0.00717568 -0.00777453 0.00904733
v 0.00758382 -0.00886265 0.01031704
v 0.00796282 -0.00642926 0.00872725
v 0.00798023 -0.00814927 0.01097422
v 0.00801217 -0.00569189 0.00970238
v 0.00922847 -0.00764223 0.01034482
v 0.00888371 -0.00574654 0.00904524
v 0.00954988 -0.00670026 0.01031545
v 0.00931173 -0.00424874 0.00872618
v 0.00975644 -0.00591078 0.01097282
v 0.00917625 -0.00352245 0.00970149
v 0.01083932 -0.00510913 0.01034353
v 0.01003509 -0.00336075 0.00904596
v 0.01094710 -0.00414604 0.01008215
v 0.01007610 -0.00180125 0.00872552
v -0.00849789 -0.00111545 0.00743628
v -0.00737661 0.00001176 0.00870585
v -0.00522256 -0.00521231 0.00870412
v -0.00850203 0.00070176 0.00749857
v -0.00811673 0.00261393 0.00751682
v -0.00819536 -0.00221765 0.00749334
v -0.00773736 -0.00350919 0.00755277
v -0.00736973 -0.00455090 0.00730586
v -0.00662139 -0.00532464 0.00755187
v -0.01164466 -0.00026857 0.01056314
v -0.01001816 -0.00203192 0.00874156
v -0.00948018 -0.00253934 0.00971633
v -0.01175735 -0.00223295 0.01036153
v -0.01008075 -0.00317538 0.00906187
v -0.01123649 -0.00308104 0.01033204
v -0.00919789 -0.00446123 0.00874090
v -0.01075903 -0.00374302 0.01098912
v -0.00855058 -0.00481915 0.00971556
v -0.01083250 -0.00508881 0.01036079
v -0.00897181 -0.00558495 0.00905949
v -0.01011699 -0.00578072 0.01033113
v -0.00779921 -0.00661021 0.00873977
v -0.00600624 -0.00624216 0.00730476
v -0.00508898 -0.00680553 0.00755067
v -0.00000483 -0.00738346 0.00869995
v -0.00324594 -0.00789024 0.00749439
v -0.00461346 -0.00734383 0.00730365
v -0.00103961 -0.00846864 0.00751119
v -0.00167841 -0.00838959 0.00742820
v -0.00948986 -0.00630328 0.01098811
v -0.00708324 -0.00679612 0.00971442
v -0.00922632 -0.00762490 0.01035954
v -0.00730318 -0.00764251 0.00905967
v -0.00836132 -0.00811716 0.01032974
v -0.00591010 -0.00834387 0.00873828
v -0.00762388 -0.00846746 0.01098662
v -0.00517034 -0.00834608 0.00971287
v -0.00703994 -0.00968190 0.01035779
v -0.00517285 -0.00922042 0.00905800
v -0.00607971 -0.00994356 0.01032789
v -0.00364911 -0.00955319 0.00873649
v -0.00527829 -0.01009962 0.01098477
v -0.00293207 -0.00937158 0.00971109
v -0.00441072 -0.01113053 0.01035567
v -0.00271797 -0.01021945 0.00905669
v -0.00341556 -0.01114515 0.01032580
v -0.00115847 -0.01016235 0.00873446
v -0.00279838 -0.01086187 0.01118165
v -0.00050911 -0.00980824 0.00970918
v -0.00275087 -0.00475848 0.00870216
v 0.00274956 -0.00476724 0.00869781
v 0.00550687 -0.00000876 0.00869560
v 0.00276470 0.00475848 0.00869775
v -0.00549304 0.00000876 0.00870436
v -0.00520593 0.00522894 0.00870412
v -0.00273567 0.00476724 0.00870216
v 0.00001869 0.00738346 0.00869995
v -0.01124052 0.00216057 0.01092517
v -0.01192906 0.00101040 0.01036167
v -0.01137248 0.00332373 0.01025670
v -0.01034980 0.00489026 0.01092445
v -0.01018836 0.00604957 0.01025576
v -0.00880816 0.00731268 0.01092320
v -0.00836353 0.00839528 0.01025432
v -0.01055407 -0.00056632 0.00906271
v -0.00981367 -0.00010004 0.00971657
v -0.01020848 0.00052506 0.00874168
v -0.01036268 0.00207728 0.00906211
v -0.00671256 0.00927559 0.01092153
v -0.00601268 0.01021349 0.01025242
v -0.00419464 0.01065573 0.01091955
v -0.00328352 0.01138995 0.01025027
v 0.01134610 -0.00054819 0.01102632
v 0.01190294 0.00027046 0.01043079
v 0.01164458 0.00154425 0.01032108
v 0.01116073 0.00236395 0.01097169
v -0.00141264 0.01136624 0.01091732
v -0.00034758 0.01185075 0.01024793
v 0.00145865 0.01136267 0.01091504
v 0.00261073 0.01156686 0.01024557
v 0.00423888 0.01064511 0.01091283
v 0.00540554 0.01055628 0.01024334
v 0.00675330 0.00925865 0.01091084
v 0.00786121 0.00888232 0.01024143
v 0.00884394 0.00729044 0.01090916
v 0.00982346 0.00665029 0.01023982
v 0.01037943 0.00486420 0.01090791
v 0.01116895 0.00400038 0.01023875
v 0.01041358 0.00188601 0.00904554
v 0.00969833 0.00327235 0.00872582
v 0.00973910 0.00133020 0.00970101
v 0.00961763 0.00441468 0.00904620
v 0.00858003 0.00557971 0.00872672
v 0.00603741 0.00608471 0.00746174
v 0.00910258 0.00370848 0.00970149
v 0.00821787 0.00666600 0.00904733
v 0.00692308 0.00753647 0.00872809
v 0.00533744 0.00661474 0.00748257
v 0.00414041 0.00744975 0.00751249
v 0.00789457 0.00585377 0.00970250
v 0.00630206 0.00849849 0.00904882
v 0.00483155 0.00901967 0.00872970
v 0.00236001 0.00823775 0.00746464
v 0.00619101 0.00763124 0.00970381
v 0.00398862 0.00979608 0.00904918
v 0.00243688 0.00993609 0.00873160
v 0.00149127 0.00836504 0.00748563
v 0.00012775 0.00850058 0.00754651
v 0.00409895 0.00892925 0.00970548
v 0.00142926 0.01047986 0.00905269
v -0.00011046 0.01022827 0.00873369
v -0.00097162 0.00861129 0.00730073
v 0.00174975 0.00966614 0.00970739
v -0.00122160 0.01050430 0.00905484
v -0.00265044 0.00987774 0.00873566
v -0.00207983 0.00826086 0.00751743
v -0.00391713 0.00761655 0.00746965
v -0.00070880 0.00979572 0.00970936
v -0.00379515 0.00986904 0.00905710
v -0.00502342 0.00890654 0.00873756
v -0.00463750 0.00711461 0.00749051
v -0.00572428 0.00627997 0.00755118
v -0.00660154 0.00560823 0.00730523
v -0.00716946 0.00459403 0.00752149
v -0.00791946 0.00322658 0.00743318
v -0.00312239 0.00930977 0.00971126
v -0.00613010 0.00861299 0.00905871
v -0.00708038 0.00737572 0.00873923
v -0.00533926 0.00823885 0.00971299
v -0.00807905 0.00681370 0.00905871
v -0.00869197 0.00538140 0.00874048
v -0.00722021 0.00665027 0.00971448
v -0.00952029 0.00459087 0.00906145
v -0.00975698 0.00304901 0.00874132
v -0.00864697 0.00464380 0.00971568
v -0.00952995 0.00234556 0.00971633
v -0.00188869 -0.00462621 -0.01669627
v -0.00489581 -0.00101209 -0.01669919
v 0.00278932 -0.00414628 -0.01669669
v 0.00000000 -0.00299680 -0.01669758
v 0.00259781 -0.00149697 -0.01669877
v 0.00499999 0.00000319 -0.01669996
v 0.00259781 0.00150335 -0.01670116
v 0.00278932 0.00415265 -0.01670330
v 0.00000000 0.00300318 -0.01670235
v -0.00188869 0.00463259 -0.01670366
v -0.00259781 0.00150335 -0.01670116
v -0.00489581 0.00101846 -0.01670080
v -0.00259781 -0.00149697 -0.01669877
v -0.00450003 0.00000358 -0.01619997
v -0.00555265 0.00000679 -0.01336693
v -0.00498255 0.00000398 -0.01569998
v -0.00489581 -0.00101125 -0.01569914
v -0.00274546 -0.00474500 -0.01329644
v 0.00274012 -0.00474636 -0.01329712
v 0.00554728 0.00000201 -0.01336933
v 0.00274248 0.00475503 -0.01330354
v -0.00274310 0.00475639 -0.01330286
v -0.00489581 0.00101924 -0.01570075
v -0.00054094 0.00853015 -0.00849859
v -0.00233036 0.00954938 -0.01071637
v -0.00171789 0.00850448 -0.00830674
v -0.00303346 0.00977749 -0.00974136
v -0.00487377 0.01037329 -0.01192448
v -0.00564196 0.01036145 -0.01118624
v -0.00272976 0.00806092 -0.00855304
v -0.00463003 0.00867003 -0.01071566
v -0.00377646 0.00781038 -0.00830617
v -0.00536758 0.00871622 -0.00974053
v -0.00729863 0.00883549 -0.01192323
v -0.00803965 0.00863310 -0.01118487
v -0.00464627 0.00712912 -0.00855230
v -0.00663870 0.00724649 -0.01071459
v -0.00559771 0.00662613 -0.00830522
v -0.00736439 0.00710779 -0.00973922
v -0.00926489 0.00674301 -0.01192158
v -0.00993214 0.00636274 -0.01118308
v -0.00627084 0.00574996 -0.00855118
v -0.00823033 0.00536805 -0.01071310
v -0.00706726 0.00502616 -0.00830397
v -0.00889850 0.00505328 -0.00973761
v -0.01064902 0.00422730 -0.01191955
v -0.01120058 0.00369302 -0.01118089
v -0.00750138 0.00401011 -0.00854982
v -0.00930476 0.00315285 -0.01071125
v -0.00809273 0.00311100 -0.00830245
v -0.00987351 0.00268179 -0.00973570
v -0.01136398 0.00144642 -0.01191737
v -0.01176522 0.00079178 -0.01117863
v -0.00826060 0.00201891 -0.00854822
v -0.00979453 0.00074009 -0.01070940
v -0.00860974 0.00100102 -0.00830075
v -0.01022809 0.00014243 -0.00973368
v -0.01136497 -0.00142486 -0.01191511
v -0.01159061 -0.00215870 -0.01117626
v -0.00850075 -0.00009853 -0.00854654
v -0.00966889 -0.00171870 -0.01070737
v -0.00858572 -0.00117124 -0.00829902
v -0.00993997 -0.00240534 -0.00973165
v -0.01065182 -0.00420622 -0.01191282
v -0.01068776 -0.00497313 -0.01117400
v -0.00820678 -0.00220916 -0.00854485
v -0.00893575 -0.00406903 -0.01070547
v -0.00802225 -0.00326931 -0.00829738
v -0.00902730 -0.00480151 -0.00972974
v -0.00926938 -0.00672287 -0.01191083
v -0.00911331 -0.00747458 -0.01117203
v -0.00739713 -0.00418039 -0.00854327
v -0.00764108 -0.00616318 -0.01070386
v -0.00695470 -0.00516134 -0.00829586
v -0.00754744 -0.00689536 -0.00972807
v -0.00730451 -0.00881662 -0.01190922
v -0.00696625 -0.00950593 -0.01117040
v -0.00612270 -0.00588836 -0.00854192
v -0.00586635 -0.00786954 -0.01070249
v -0.00545019 -0.00672844 -0.00829461
v -0.00559336 -0.00855547 -0.00972676
v -0.00488071 -0.01035601 -0.01190789
v -0.00438146 -0.01093949 -0.01116929
v -0.00446355 -0.00722572 -0.00854085
v -0.00372296 -0.00908095 -0.01070159
v -0.00360319 -0.00787216 -0.00829369
v -0.00328779 -0.00967741 -0.00972587
v -0.00215014 -0.01124419 -0.01190724
v -0.00152139 -0.01168519 -0.01116869
v -0.00252394 -0.00810845 -0.00854017
v -0.00134569 -0.00972128 -0.01070100
v -0.00152978 -0.00852060 -0.00829321
v -0.00077558 -0.01019090 -0.00972557
v 0.00075850 -0.01139070 -0.01194361
v 0.00143425 -0.01169624 -0.01116867
v -0.00033087 -0.00848559 -0.00852435
v 0.00111616 -0.00975031 -0.01070100
v 0.00063970 -0.00863308 -0.00829309
v 0.00178522 -0.01006329 -0.00972557
v 0.00353606 -0.01088835 -0.01190754
v 0.00429980 -0.01097178 -0.01116923
v 0.00847938 -0.00095524 -0.00849104
v 0.01057559 0.00008899 -0.01005399
v 0.00980908 0.00050918 -0.01070916
v 0.01174570 0.00172551 -0.01146092
v 0.01097574 0.00307783 -0.01198589
v 0.00845295 0.00118379 -0.00849275
v 0.01022374 0.00271743 -0.01005667
v 0.00937629 0.00293285 -0.01071107
v 0.01094935 0.00459257 -0.01146324
v 0.00986722 0.00571090 -0.01198798
v 0.00789541 0.00324907 -0.00849439
v 0.00922871 0.00517386 -0.01005798
v 0.00835431 0.00517273 -0.01071286
v 0.00946508 0.00717151 -0.01146525
v 0.00813866 0.00798559 -0.01198983
v 0.00684175 0.00511081 -0.00849587
v 0.00765419 0.00730663 -0.01005965
v 0.00680739 0.00708812 -0.01071435
v 0.00738604 0.00930034 -0.01146696
v 0.00589877 0.00975892 -0.01199123
v 0.00535822 0.00665204 -0.00849710
v 0.00559926 0.00897860 -0.01005947
v 0.00483274 0.00855863 -0.01071560
v 0.00484292 0.01084522 -0.01146824
v 0.00328821 0.01091950 -0.01199212
v 0.00353799 0.00777589 -0.00849799
v 0.00319141 0.01009136 -0.01006186
v 0.00255448 0.00949186 -0.01071625
v 0.00199552 0.01170909 -0.01146889
v 0.00053120 0.01134511 -0.01204416
v 0.00149546 0.00841176 -0.00849851
v 0.00058314 0.01056885 -0.01006269
v 0.00011568 0.00982916 -0.01071655
v -0.00097727 0.01183773 -0.01146899
v -0.00237566 0.01115387 -0.01199236
v -0.00206071 0.01038169 -0.01006215
v -0.00369322 0.01139938 -0.01136128
v -0.00457573 0.00954330 -0.01006150
v -0.00662035 0.00999191 -0.01136016
v -0.00680083 0.00810558 -0.01005876
v -0.00889537 0.00803182 -0.01135864
v -0.00860315 0.00615948 -0.01005876
v -0.01061150 0.00556752 -0.01135662
v -0.00986302 0.00382650 -0.01005709
v -0.01166087 0.00275388 -0.01135435
v 0.00000000 0.00739235 -0.00970584
v -0.00522065 0.00522995 -0.00970411
v -0.00738346 0.00000876 -0.00970000
v -0.01050227 0.00125402 -0.01005488
v -0.01197752 -0.00023234 -0.01135197
v -0.01048219 -0.00139683 -0.01005280
v -0.01154157 -0.00320348 -0.01134967
v -0.00980240 -0.00395733 -0.01004916
v -0.01038047 -0.00597289 -0.01134744
v -0.00850850 -0.00627285 -0.01004886
v -0.00856706 -0.00836650 -0.01134553
v -0.00667906 -0.00819158 -0.01004737
v -0.00621542 -0.01023406 -0.01134407
v -0.00522065 -0.00521243 -0.00969583
v -0.00443000 -0.00959492 -0.01004630
v -0.00347319 -0.01145798 -0.01134309
v -0.00190258 -0.01039487 -0.01004558
v -0.00028940 -0.01188686 -0.01143086
v 0.00696564 -0.00492085 -0.00848789
v 0.00930405 -0.00501645 -0.01004838
v 0.00883722 -0.00427836 -0.01070535
v 0.01112058 -0.00414550 -0.01145623
v 0.01109749 -0.00258958 -0.01198142
v 0.00552061 -0.00649822 -0.00848662
v 0.00776315 -0.00717235 -0.01004737
v 0.00749361 -0.00634146 -0.01070368
v 0.00973843 -0.00678059 -0.01145418
v 0.01010313 -0.00526786 -0.01197928
v 0.00372871 -0.00766669 -0.00848570
v 0.00573242 -0.00887716 -0.01004528
v 0.00567913 -0.00800556 -0.01070237
v 0.00774437 -0.00898921 -0.01145239
v 0.00836152 -0.00768379 -0.01235375
v 0.00178543 -0.00832149 -0.00850915
v 0.00334477 -0.01002466 -0.01004594
v 0.00350785 -0.00916612 -0.01070147
v 0.00547085 -0.01049693 -0.01148700
v 0.00631225 -0.00948265 -0.01197591
v -0.01046144 0.00000613 -0.01299995
v -0.00739729 0.00740343 -0.01300585
v -0.00739729 -0.00739115 -0.01299405
v 0.00000000 -0.01045536 -0.01299166
v 0.00739729 -0.00739115 -0.01299405
v 0.00247988 -0.01171302 -0.01134288
v 0.01046144 0.00000613 -0.01299995
v 0.01170974 -0.00184932 -0.01124616
v 0.01145474 0.00000320 -0.01191626
v 0.00739729 0.00740343 -0.01300585
v 0.00000000 0.01046758 -0.01300829
v -0.00272417 0.01138451 -0.01109996
v -0.00050879 0.01022499 -0.00974172
v 0.00042478 0.00867528 -0.00830686
v 0.00006433 0.01176844 -0.01131605
v 0.00204784 0.01003056 -0.00974154
v -0.00259781 -0.00149143 -0.00969881
v -0.00259781 0.00150895 -0.00970119
v 0.00000000 0.00300872 -0.00970238
v 0.00259781 0.00150895 -0.00970119
v 0.00522065 0.00522995 -0.00970411
v 0.00000000 -0.00737482 -0.00969410
v 0.00000000 -0.00299120 -0.00969762
v 0.00522065 -0.00521243 -0.00969583
v 0.00259781 -0.00149143 -0.00969881
v 0.00738346 0.00000876 -0.00970000
v 0.01016420 0.00115800 -0.00973451
v 0.01118338 0.00344080 -0.01109361
v 0.00955903 0.00364959 -0.00973648
v 0.00997823 0.00611415 -0.01109579
v 0.00835323 0.00591248 -0.00973827
v 0.00814614 0.00840378 -0.01109757
v 0.00662261 0.00780433 -0.00973976
v 0.00580212 0.01016586 -0.01109898
v 0.00799423 -0.00300412 -0.00849657
v 0.00771129 -0.00308758 -0.00870223
v 0.00773281 -0.00392383 -0.00829685
v 0.00447583 0.00920641 -0.00974089
v 0.00309360 0.01128965 -0.01109987
v 0.00423390 -0.00930279 -0.00972617
v 0.00672099 -0.00956747 -0.01108327
v 0.00641662 -0.00795734 -0.00972724
v 0.00889107 -0.00759518 -0.01108482
v 0.00819611 -0.00611132 -0.00972873
v 0.01050251 -0.00514519 -0.01108684
v 0.00946057 -0.00388074 -0.00973046
v 0.01026338 -0.00254357 -0.01005190
v 0.00962555 -0.00194597 -0.01070719
v 0.01013070 -0.00140583 -0.00973242
v 0.01168581 0.00055178 -0.01109132
v 0.00074480 -0.01054149 -0.01004564
v 0.00281733 0.00484529 0.01239770
v 0.00560981 -0.00000892 0.01239553
v 0.00280189 -0.00485423 0.01239770
v -0.00279760 -0.00484529 0.01240220
v -0.00559011 0.00000892 0.01240440
v -0.00278214 0.00485423 0.01240220
v -0.00565408 -0.00564776 0.01470444
v -0.00000104 -0.00799994 0.01469997
v 0.00565946 -0.00566578 0.01469550
v 0.00801166 -0.00001274 0.01469357
v 0.00567748 0.00564776 0.01469544
v 0.00002445 0.00799994 0.01469997
v -0.00563608 0.00566578 0.01470444
v -0.00798827 0.00001274 0.01470637
v 0.04356241 -0.00099375 -0.00883466
v 0.04600980 0.00100150 -0.00877662
v 0.04556131 0.00541437 -0.00883627
v 0.04991841 0.00338459 -0.00883973
v 0.05786174 0.00584775 -0.00884604
v 0.05391841 0.00337821 -0.00884291
v 0.05591288 -0.00008906 -0.00884449
v 0.05161702 0.00831211 -0.00884107
v 0.06030669 -0.00040448 -0.00884801
v 0.05390736 -0.00354993 -0.00884288
v 0.05289514 -0.00581920 -0.00878210
v 0.04801761 -0.00396550 -0.00883821
v 0.04990738 -0.00354355 -0.00883973
v 0.04791292 -0.00007631 -0.00883812
v 0.05739021 -0.00645119 -0.00884569
v 0.05097523 -0.00843012 -0.00884056
v 0.04645889 0.00062881 -0.00913697
v 0.05302286 -0.00638878 -0.00914222
v 0.07922303 0.00479880 -0.01061302
v 0.07550126 0.00605464 -0.01061007
v 0.07177553 0.00481069 -0.01060712
v 0.07175988 -0.00503930 -0.01060712
v 0.07548162 -0.00629514 -0.01061007
v 0.07920739 -0.00505117 -0.01061302
v 0.06550647 -0.00010433 -0.01006611
v 0.06646051 0.00168898 -0.01012291
v 0.06645482 -0.00190069 -0.01012287
v 0.07241972 0.00129296 -0.01012762
v 0.07241522 -0.00152365 -0.01012762
v 0.07436239 0.00101280 -0.01012915
v 0.07389187 -0.00011769 -0.01012879
v 0.07435876 -0.00124967 -0.01012915
v 0.07548928 -0.00172019 -0.01013004
v 0.07548687 -0.00312015 -0.01034507
v 0.07662141 -0.00125331 -0.01013100
v 0.07844480 -0.00155616 -0.01023994
v 0.07844932 0.00130628 -0.01023994
v 0.08449417 0.00136542 -0.01013725
v 0.08448946 -0.00163454 -0.01013725
v 0.07709187 -0.00012279 -0.01013135
v 0.07662498 0.00100922 -0.01013100
v 0.07549440 0.00147974 -0.01013004
v 0.07549640 0.00287968 -0.01034507
v 0.07847288 -0.00140310 -0.00906246
v 0.08458703 -0.00207883 -0.00906733
v 0.08459323 0.00180939 -0.00906733
v 0.07250845 -0.00139361 -0.00905771
v 0.07406738 -0.00258610 -0.00450894
v 0.07264631 -0.00011570 -0.00450781
v 0.07253411 0.00019513 -0.00905772
v 0.07407527 0.00235018 -0.00450894
v 0.07248862 0.00130595 -0.00905769
v 0.07692527 0.00234565 -0.00451121
v 0.07847695 0.00115313 -0.00906246
v 0.07834627 -0.00012478 -0.00451234
v 0.07849270 -0.00012501 -0.00906247
v 0.07691737 -0.00259063 -0.00451121
v 0.06581797 -0.00010482 -0.00872737
v 0.06649601 -0.00231553 -0.00905292
v 0.06650305 0.00210370 -0.00905292
v 0.08518871 0.00505641 -0.01196279
v 0.06600183 0.00490829 -0.01206844
v 0.08437487 0.00636560 -0.01183715
v 0.06662679 0.00639385 -0.01182309
v 0.08042330 0.00656775 -0.01133403
v 0.07057989 0.00658339 -0.01132616
v 0.06644231 -0.00636196 -0.01198951
v 0.08451845 -0.00639079 -0.01200395
v 0.07055854 -0.00680819 -0.01132616
v 0.08040193 -0.00682390 -0.01133397
v 0.08528048 -0.00513583 -0.01183787
v 0.06596247 -0.00498117 -0.01202222
v 0.08440059 0.00633132 -0.01086717
v 0.08631968 -0.00013748 -0.01107015
v 0.08619016 0.00243419 -0.01133859
v 0.08437997 -0.00660014 -0.01086717
v 0.08618199 -0.00270873 -0.01133859
v 0.07886699 -0.01058926 -0.01109776
v 0.07208180 -0.01057847 -0.01109239
v 0.06658196 -0.00657183 -0.01085299
v 0.07890033 0.01033803 -0.01109776
v 0.07211518 0.01034882 -0.01109239
v 0.06660258 0.00635970 -0.01085299
v 0.06469028 0.00278483 -0.01152774
v 0.06466253 -0.00010299 -0.01105292
v 0.06468110 -0.00299087 -0.01152774
v 0.08317865 0.00445378 -0.00900081
v 0.08387018 0.00325198 -0.00913009
v 0.08374321 0.00459003 -0.00846666
v 0.08486008 -0.00013516 -0.00816756
v 0.08490258 -0.00013523 -0.01114370
v 0.08441234 -0.00268775 -0.01129434
v 0.08442049 0.00241883 -0.01129434
v 0.08296873 0.00293201 -0.01172413
v 0.08287666 0.00321101 -0.00919263
v 0.08234403 0.00383063 -0.00914154
v 0.08235162 0.00381301 -0.01155741
v 0.08164498 0.00478938 -0.00906500
v 0.08164319 0.00478938 -0.01133504
v 0.07916676 0.00487387 -0.00906300
v 0.08174625 -0.00489316 -0.01133507
v 0.07915079 -0.00512606 -0.00906300
v 0.08174805 -0.00489316 -0.00906507
v 0.08242951 -0.00389086 -0.01155533
v 0.08255943 -0.00386075 -0.00919873
v 0.08312680 -0.00347777 -0.00919283
v 0.08304609 -0.00311849 -0.01177491
v 0.08430722 -0.00315843 -0.00906710
v 0.08332908 -0.00460600 -0.00900561
v 0.06771046 0.00474840 -0.00875389
v 0.06717498 0.00401010 -0.00920123
v 0.06688865 0.00347913 -0.00922423
v 0.06667636 0.00250349 -0.01155028
v 0.06621315 -0.00010546 -0.01125599
v 0.06666806 -0.00271588 -0.01155027
v 0.06801922 -0.00325000 -0.01133910
v 0.06822351 -0.00318128 -0.00905430
v 0.06881130 -0.00412623 -0.00905476
v 0.06876588 -0.00407200 -0.01128098
v 0.06934043 -0.00502989 -0.00905517
v 0.06933865 -0.00502989 -0.01132520
v 0.07181870 -0.00511438 -0.00905716
v 0.06823331 0.00296394 -0.00905430
v 0.06802920 0.00303330 -0.01133910
v 0.06877849 0.00385292 -0.01128098
v 0.06882408 0.00390700 -0.00905476
v 0.06935429 0.00480896 -0.01132520
v 0.06935608 0.00480896 -0.00905520
v 0.07183456 0.00488555 -0.00905716
v 0.06743845 -0.00485165 -0.00882923
v 0.06699096 -0.00384341 -0.00921956
v 0.06904503 0.00637159 -0.00860494
v 0.07043087 0.00708809 -0.00905606
v 0.07084476 0.00638711 -0.00905639
v 0.07550287 0.00605473 -0.00861010
v 0.08042508 0.00656775 -0.00906399
v 0.08046621 0.00738072 -0.00906402
v 0.08196178 0.00635099 -0.00861522
v 0.07261359 0.00840664 -0.00845778
v 0.07550519 0.00887966 -0.01133006
v 0.07840001 0.00839746 -0.00846243
v 0.08046436 0.00738072 -0.01133406
v 0.07054138 0.00739652 -0.01132619
v 0.07548317 -0.00629520 -0.00861007
v 0.08194104 -0.00661203 -0.00861522
v 0.06799370 -0.00474578 -0.00905412
v 0.06902438 -0.00659144 -0.00860494
v 0.07040798 -0.00731239 -0.00905606
v 0.07082408 -0.00661278 -0.00905639
v 0.08040375 -0.00682390 -0.00906399
v 0.08044230 -0.00763696 -0.00906402
v 0.08296847 -0.00513214 -0.00846606
v 0.07837277 -0.00864714 -0.00846237
v 0.07547658 -0.00912017 -0.01133006
v 0.07258641 -0.00863791 -0.00845778
v 0.07051748 -0.00762117 -0.01132619
v 0.08044040 -0.00763696 -0.01133406
v 0.08316004 -0.00454904 -0.01169097
v 0.06749629 0.00392875 -0.01141218
v 0.06660422 0.00635976 -0.00885302
v 0.06449294 -0.00010272 -0.00877135
v 0.06658363 -0.00657189 -0.00885299
v 0.07207689 -0.01057627 -0.00885737
v 0.07887548 -0.01058706 -0.00886279
v 0.08438146 -0.00660023 -0.00886714
v 0.08629271 -0.00013744 -0.00900201
v 0.08440208 0.00633141 -0.00886720
v 0.07890883 0.01033577 -0.00886279
v 0.07211024 0.01034668 -0.00885737
v 0.08317412 0.00428410 -0.01169098
v 0.06752507 -0.00410933 -0.01141958
v 0.07389646 -0.00011769 -0.00435883
v 0.07436698 0.00101280 -0.00435918
v 0.07549899 0.00147974 -0.00436008
v 0.07662957 0.00100922 -0.00436097
v 0.07709646 -0.00012279 -0.00436133
v 0.07662600 -0.00125331 -0.00436097
v 0.07549387 -0.00172019 -0.00436008
v 0.07436341 -0.00124967 -0.00435918
v 0.07550799 0.01014642 -0.01032674
v 0.08276282 0.00712778 -0.01033258
v 0.08273976 -0.00739137 -0.01033254
v 0.07547531 -0.01038684 -0.01032674
v 0.06822056 -0.00736823 -0.01032098
v 0.06824370 0.00715089 -0.01032102
v 0.06739968 0.00577849 -0.01055717
v 0.07241231 0.00940818 -0.01056116
v 0.07860106 0.00939834 -0.01056605
v 0.08360207 0.00575268 -0.01057004
v 0.08562988 -0.00013638 -0.00990029
v 0.08358329 -0.00601894 -0.01057004
v 0.07857066 -0.00964868 -0.01056605
v 0.07238197 -0.00963879 -0.01056104
v 0.06738096 -0.00599319 -0.01055717
v 0.06815046 0.00724530 -0.00925422
v 0.06740045 0.00577849 -0.00955009
v 0.06738179 -0.00599319 -0.00955009
v 0.06812709 -0.00746232 -0.00925422
v 0.07547599 -0.01052016 -0.00926006
v 0.08283460 -0.00748575 -0.00926596
v 0.08285808 0.00722188 -0.00926596
v 0.07550907 0.01027965 -0.00926012
v 0.07241308 0.00940818 -0.00955409
v 0.07860189 0.00939834 -0.00955903
v 0.08360290 0.00575268 -0.00956303
v 0.08358407 -0.00601894 -0.00956303
v 0.07857149 -0.00964868 -0.00955903
v 0.07238280 -0.00963879 -0.00955409
v 0.05654607 -0.00825068 -0.01214506
v 0.05832898 -0.01006227 -0.01254636
v 0.05654031 -0.01186821 -0.01214506
v 0.05475676 -0.01005655 -0.01254355
v 0.05655510 -0.01186821 0.00645502
v 0.05834436 -0.01006227 0.00685352
v 0.05656089 -0.00825068 0.00645502
v 0.05477219 -0.01005655 0.00685638
v 0.04728927 0.00808532 0.00646241
v 0.04907858 0.00989121 0.00686091
v 0.04729500 0.01170281 0.00646239
v 0.04550635 0.00989693 0.00686371
v 0.04728022 0.01170281 -0.01213772
v 0.04906308 0.00989121 -0.01253908
v 0.04727445 0.00808532 -0.01213767
v 0.04549098 0.00989693 -0.01253616
v 0.06711951 0.00264933 -0.01202881
v 0.06706475 0.00475148 -0.01202387
v 0.06823363 0.00372745 -0.01224184
v 0.06587132 0.00355105 -0.01200909
v 0.08299788 0.00484784 -0.01225895
v 0.08423364 0.00370195 -0.01225454
v 0.08298197 -0.00511220 -0.01225895
v 0.08422135 -0.00397026 -0.01225454
v 0.06704929 -0.00496510 -0.01202385
v 0.06711073 -0.00286312 -0.01202881
v 0.06822141 -0.00394480 -0.01224184
v 0.06585970 -0.00376085 -0.01200909
v 0.05654585 -0.01081138 -0.00724500
v 0.05730170 -0.01006066 -0.00724560
v 0.05579245 -0.01005828 -0.00724441
v 0.05654829 -0.00930750 -0.00724500
v 0.05655527 -0.00930750 0.00155496
v 0.05711647 -0.01021036 0.00120442
v 0.05579948 -0.01005828 0.00155556
v 0.05655288 -0.01081138 0.00155496
v 0.04728949 0.01064598 0.00156230
v 0.04804289 0.00989288 0.00156170
v 0.04653370 0.00989527 0.00156289
v 0.04728710 0.00914210 0.00156230
v 0.04728007 0.00914210 -0.00723761
v 0.04803586 0.00989288 -0.00723821
v 0.04652667 0.00989527 -0.00723702
v 0.04728245 0.01064598 -0.00723761
v 0.08338296 0.00382620 -0.00925636
v 0.04727993 0.01104563 -0.01119322
v 0.04612656 0.00989590 -0.01119230
v 0.04727630 0.00876930 -0.01118975
v 0.04840282 0.00989227 -0.01119069
v 0.04728961 0.00876930 0.00551447
v 0.04610896 0.00995971 0.00552479
v 0.04729324 0.01104563 0.00551788
v 0.04841611 0.00989227 0.00551357
v 0.05658633 -0.01122939 0.00551343
v 0.05543253 -0.01005763 0.00550799
v 0.05655902 -0.00893467 0.00550707
v 0.05772062 -0.01010750 0.00551939
v 0.05654569 -0.00893467 -0.01119715
v 0.05541919 -0.01005763 -0.01119626
v 0.05654211 -0.01121102 -0.01120056
v 0.05769546 -0.01006129 -0.01120149
v 0.05654318 -0.01105415 -0.01013831
v 0.05770389 -0.00998661 -0.01015701
v 0.05565857 -0.00990247 -0.01008430
v 0.05654630 -0.00914578 -0.01004499
v 0.05655774 -0.00919117 0.00442160
v 0.05761825 -0.01027055 0.00442700
v 0.05566962 -0.01021352 0.00439565
v 0.05671100 -0.01121594 0.00438466
v 0.04729211 0.01088868 0.00445565
v 0.04817673 0.00973716 0.00440161
v 0.04622871 0.00979122 0.00444887
v 0.04728903 0.00898041 0.00436231
v 0.04727755 0.00902568 -0.01010427
v 0.04816571 0.01004822 -0.01007833
v 0.04612006 0.00999411 -0.01014784
v 0.04728069 0.01096763 -0.01009217
v 0.06680858 0.00363777 -0.01151649
v 0.06686262 -0.00376743 -0.01151248
v 0.03700257 -0.00305891 0.00927049
v 0.03701554 0.00311549 0.01322050
v 0.03701445 0.00241771 0.01322048
v 0.03701207 0.00294104 0.00922048
v 0.03699297 0.00307660 -0.01504943
v 0.03699406 0.00377437 -0.01504945
v 0.03690867 0.00317202 -0.01113269
v 0.03689823 -0.00344792 -0.01106605
v 0.05506556 0.00279559 -0.01271561
v 0.05501327 0.00291239 0.01080618
v 0.06683473 -0.00010644 0.00181343
v 0.06938280 0.00601760 0.00181138
v 0.06936330 -0.00623854 0.00181142
v 0.07551514 0.00854637 0.00180650
v 0.07375085 -0.00011745 0.00114128
v 0.07550358 0.00162971 0.00113985
v 0.08163943 0.00599808 0.00180163
v 0.07725081 -0.00012302 0.00113846
v 0.07549801 -0.00187018 0.00113986
v 0.07548753 -0.00878688 0.00180652
v 0.08161991 -0.00625805 0.00180163
v 0.08416797 -0.00013404 0.00179962
v 0.07853910 0.00162488 0.00668743
v 0.07551077 0.00337970 0.00668985
v 0.07853359 -0.00187504 0.00668743
v 0.07700550 -0.00012263 0.00693864
v 0.07550311 -0.00162023 0.00693983
v 0.07549968 -0.00362021 0.00668985
v 0.07400548 -0.00011785 0.00694102
v 0.07247695 0.00163454 0.00669226
v 0.07550776 0.00137973 0.00693983
v 0.07247138 -0.00186539 0.00669226
v 0.08250498 -0.00013138 0.00643426
v 0.08046239 0.00482184 0.00643593
v 0.08044666 -0.00507808 0.00643593
v 0.07549387 -0.00712019 0.00643986
v 0.07054769 -0.00506228 0.00644380
v 0.07551616 0.00687975 0.00643986
v 0.07056337 0.00483757 0.00644380
v 0.06850516 -0.00010909 0.00644541
v 0.05804943 -0.00709492 -0.01024615
v 0.05804890 -0.01008677 -0.00494617
v 0.05838200 -0.00719839 -0.00494644
v 0.04575180 -0.00707531 -0.01023638
v 0.04574735 -0.01006870 -0.01023638
v 0.04542731 -0.00717774 -0.00493613
v 0.04575127 -0.01006728 -0.00493640
v 0.04724466 -0.01154470 -0.01023757
v 0.04630814 -0.01099117 -0.01023689
v 0.05759557 -0.01112961 -0.01024585
v 0.05807173 0.00690994 -0.01024615
v 0.05807622 0.00990330 -0.01024615
v 0.05840462 0.00701237 -0.00494650
v 0.05808067 0.00990188 -0.00494623
v 0.05657887 0.01137930 -0.01024508
v 0.05751541 0.01082579 -0.01024575
v 0.04622798 0.01096430 -0.01023679
v 0.04577412 0.00692952 -0.01023650
v 0.04578310 0.00992143 -0.00493646
v 0.04544996 0.00703299 -0.00493616
v 0.04623978 0.01096430 0.00456315
v 0.05691151 0.01128558 0.00455466
v 0.05773210 0.01056599 0.00455448
v 0.06191587 0.00345462 0.00455069
v 0.06120024 -0.00009746 0.00455123
v 0.06191384 0.00345462 0.00205070
v 0.06128530 -0.00009763 0.00205116
v 0.06190454 -0.00365180 0.00455069
v 0.06190258 -0.00365180 0.00205070
v 0.05762056 -0.01127646 0.00479411
v 0.04725688 -0.01129469 0.00456232
v 0.04631986 -0.01099111 0.00456309
v 0.06086099 -0.00365013 0.00205153
v 0.06087225 0.00345623 0.00205147
v 0.05859116 0.00652322 0.00205332
v 0.05195656 0.00930464 0.00205861
v 0.04530118 0.00657269 0.00206390
v 0.04830825 0.00883830 0.00206149
v 0.04253411 -0.00006774 0.00206612
v 0.04304265 0.00363272 0.00206572
v 0.04528002 -0.00671695 0.00206393
v 0.04303085 -0.00376981 0.00206572
v 0.05192673 -0.00947007 0.00205861
v 0.05857008 -0.00670983 0.00205333
v 0.05568295 -0.00894219 0.00205564
v 0.06086677 0.00345623 -0.00494844
v 0.06190836 0.00345462 -0.00494927
v 0.05783803 0.00988869 0.00455475
v 0.04550856 0.00874370 0.00456375
v 0.04549670 0.00873452 -0.00493622
v 0.04477405 0.00775009 -0.00493562
v 0.04478156 0.00775009 0.00456428
v 0.04221412 0.00276846 -0.00493357
v 0.04173129 0.00282884 0.00456673
v 0.04220507 -0.00290289 -0.00493357
v 0.04172217 -0.00296193 0.00456673
v 0.04474920 -0.00789267 -0.00493562
v 0.04475617 -0.00789213 0.00456434
v 0.04546868 -0.00887942 -0.00493616
v 0.04548054 -0.00888860 0.00456375
v 0.04575919 -0.01006510 0.00456354
v 0.05833846 -0.00890911 0.00455350
v 0.05833530 -0.00889993 -0.00494641
v 0.05905795 -0.00791550 -0.00494701
v 0.05906546 -0.00791550 0.00455296
v 0.06073868 -0.00595808 -0.00494832
v 0.06074625 -0.00595796 0.00455159
v 0.06223897 -0.00414525 -0.00482154
v 0.05836659 0.00872326 0.00455350
v 0.05836325 0.00871408 -0.00494647
v 0.05909067 0.00772691 0.00455290
v 0.05908286 0.00772732 -0.00494701
v 0.06076484 0.00576454 0.00455159
v 0.06075727 0.00576460 -0.00494838
v 0.05971348 0.00555992 -0.00494754
v 0.05192708 0.00954229 -0.01024138
v 0.05189645 -0.00970763 -0.01024127
v 0.05969548 -0.00575012 -0.00494748
v 0.06085538 -0.00365013 -0.00494844
v 0.04808735 0.00989282 0.00056171
v 0.04728877 0.01069408 0.00056235
v 0.04728615 0.00909406 0.00056235
v 0.04648756 0.00989532 0.00056298
v 0.04825568 -0.01004630 0.00056158
v 0.04725730 -0.00904465 0.00056237
v 0.04725408 -0.01104468 0.00056237
v 0.04625564 -0.01004308 0.00056317
v 0.05758506 0.00987768 0.00055415
v 0.05658668 0.01087927 0.00055494
v 0.05658346 0.00887924 0.00055494
v 0.05558508 0.00988084 0.00055574
v 0.05735319 -0.01006066 0.00055433
v 0.05655455 -0.00925946 0.00055497
v 0.05673718 -0.01120978 0.00070472
v 0.05575335 -0.01005816 0.00055561
v 0.04808199 0.00989282 -0.00623828
v 0.04728078 0.00909406 -0.00623763
v 0.04728329 0.01069408 -0.00623763
v 0.04648220 0.00989532 -0.00623697
v 0.04825025 -0.01004630 -0.00623840
v 0.04724866 -0.01104468 -0.00623757
v 0.04725188 -0.00904465 -0.00623763
v 0.04625028 -0.01004308 -0.00623679
v 0.05757969 0.00987768 -0.00624579
v 0.05657809 0.00887924 -0.00624502
v 0.05658119 0.01087927 -0.00624502
v 0.05557966 0.00988084 -0.00624424
v 0.05734777 -0.01006066 -0.00624561
v 0.05654656 -0.01085948 -0.00624502
v 0.05654919 -0.00925946 -0.00624502
v 0.05574798 -0.01005816 -0.00624436
v 0.05190897 -0.00923264 0.00455862
v 0.04726017 -0.00921219 0.00456234
v 0.04557216 -0.00645108 0.00456369
v 0.04277357 -0.00006811 0.00456592
v 0.04559247 0.00630592 0.00456366
v 0.05193814 0.00906727 0.00455862
v 0.05825699 -0.00646612 0.00455761
v 0.05827760 0.00627986 0.00455762
v 0.05572292 0.00988060 -0.01024437
v 0.04810063 -0.01004603 -0.01023826
v 0.08281367 0.00716896 0.00159742
v 0.08582622 -0.00013668 0.00159502
v 0.08279042 -0.00743268 0.00159745
v 0.07548477 -0.01044517 0.00160326
v 0.06818870 -0.00740944 0.00160907
v 0.06517622 -0.00010379 0.00161147
v 0.06821194 0.00719221 0.00160906
v 0.07551764 0.01020476 0.00160325
v 0.08579069 -0.00013662 0.00643167
v 0.08276439 0.00711608 0.00643405
v 0.07552088 0.00981724 0.00643986
v 0.06826877 0.00713916 0.00644562
v 0.06521939 -0.00010386 0.00644803
v 0.06824570 -0.00735654 0.00644562
v 0.07548919 -0.01005768 0.00643986
v 0.08274128 -0.00737962 0.00643408
v 0.08419488 -0.00007042 0.00689798
v 0.08162586 -0.00637984 0.00689503
v 0.06915277 -0.00606930 0.00685019
v 0.06681596 -0.00016999 0.00691183
v 0.06938498 0.00613946 0.00690480
v 0.08185792 0.00582886 0.00684009
v 0.06850147 -0.00010909 0.00194544
v 0.07055968 0.00483733 0.00194377
v 0.07551258 0.00687975 0.00193983
v 0.08045905 0.00482160 0.00193590
v 0.08250147 -0.00013138 0.00193429
v 0.08044326 -0.00507784 0.00193590
v 0.07549029 -0.00712019 0.00193983
v 0.07054388 -0.00506204 0.00194383
v 0.07308578 0.00655544 0.00444180
v 0.07229096 0.00722470 0.00474240
v 0.07314511 0.00753432 0.00376672
v 0.07247281 0.00824785 0.00444227
v 0.07351249 0.00766700 0.00489145
v 0.07094830 0.00532591 0.00444347
v 0.06997257 0.00568291 0.00474425
v 0.07066935 0.00626630 0.00376868
v 0.06979346 0.00670666 0.00444442
v 0.07096916 0.00651634 0.00489348
v 0.06936025 0.00343954 0.00444472
v 0.06832132 0.00344117 0.00474556
v 0.06877649 0.00422794 0.00377020
v 0.06780296 0.00434202 0.00444597
v 0.06897276 0.00456512 0.00489503
v 0.06851327 0.00112378 0.00444543
v 0.06753638 0.00076992 0.00474620
v 0.06769498 0.00166517 0.00377107
v 0.06674110 0.00143915 0.00444680
v 0.06776416 0.00204885 0.00489598
v 0.06850939 -0.00134200 0.00444543
v 0.06771246 -0.00200870 0.00474606
v 0.06755513 -0.00111296 0.00377119
v 0.06673616 -0.00165170 0.00444680
v 0.06748896 -0.00072908 0.00489622
v 0.06934899 -0.00366044 0.00444478
v 0.06882823 -0.00455956 0.00474515
v 0.06837404 -0.00377133 0.00377050
v 0.06778877 -0.00455791 0.00444597
v 0.06818056 -0.00343352 0.00489569
v 0.07093095 -0.00555187 0.00444347
v 0.07074918 -0.00657499 0.00474363
v 0.07005274 -0.00598940 0.00376919
v 0.06977176 -0.00692892 0.00444442
v 0.06975549 -0.00573844 0.00489443
v 0.07306450 -0.00678813 0.00444180
v 0.07324356 -0.00781188 0.00474167
v 0.07238877 -0.00749952 0.00376734
v 0.07244616 -0.00847858 0.00444227
v 0.07202368 -0.00736564 0.00489265
v 0.07549220 -0.00722021 0.00443989
v 0.07601054 -0.00812101 0.00473944
v 0.07510047 -0.00811958 0.00376517
v 0.07548928 -0.00902021 0.00443989
v 0.07471168 -0.00811899 0.00489050
v 0.07792109 -0.00679588 0.00443792
v 0.07871649 -0.00746514 0.00473728
v 0.07786068 -0.00777480 0.00376296
v 0.07853406 -0.00848830 0.00443745
v 0.07749509 -0.00790751 0.00488830
v 0.08005857 -0.00556642 0.00443619
v 0.08103482 -0.00592337 0.00473545
v 0.08033647 -0.00650677 0.00376099
v 0.08121341 -0.00694710 0.00443530
v 0.08003848 -0.00675678 0.00488627
v 0.08164656 -0.00367999 0.00443494
v 0.08268603 -0.00368168 0.00473412
v 0.08222935 -0.00446844 0.00375947
v 0.08320397 -0.00458246 0.00443369
v 0.08203488 -0.00480562 0.00488466
v 0.08249360 -0.00136423 0.00443429
v 0.08347098 -0.00101038 0.00473352
v 0.08331087 -0.00190562 0.00375864
v 0.08426576 -0.00167966 0.00443286
v 0.08324348 -0.00228929 0.00488371
v 0.08249747 0.00110149 0.00443429
v 0.08329494 0.00176823 0.00473366
v 0.08345070 0.00087247 0.00375855
v 0.08427065 0.00141126 0.00443286
v 0.08351856 0.00048860 0.00488347
v 0.08165788 0.00341994 0.00443494
v 0.08217916 0.00431911 0.00473454
v 0.08263179 0.00353089 0.00375918
v 0.08321809 0.00431746 0.00443369
v 0.08282697 0.00319308 0.00488400
v 0.08007586 0.00531137 0.00443619
v 0.08025821 0.00633454 0.00473607
v 0.08095315 0.00574893 0.00376052
v 0.08123511 0.00668842 0.00443530
v 0.08125215 0.00549793 0.00488526
v 0.07794237 0.00654769 0.00443792
v 0.07776377 0.00757138 0.00473805
v 0.07861703 0.00725901 0.00376236
v 0.07856076 0.00823814 0.00443745
v 0.07898396 0.00712514 0.00488710
v 0.07551479 0.00697970 0.00443983
v 0.07499681 0.00788057 0.00474026
v 0.07590535 0.00787911 0.00376454
v 0.07551759 0.00877970 0.00443983
v 0.07629597 0.00787848 0.00488925
v 0.03283842 0.00608317 -0.00586013
v 0.03275641 0.00708467 -0.00615215
v 0.03275467 0.00708467 -0.00835213
v 0.03424006 -0.00391409 -0.00470209
v 0.03424086 -0.00391409 -0.00370207
v 0.03426572 0.00972478 0.00030419
v 0.03421926 0.01203493 0.00013393
v 0.03426477 0.00973424 -0.00089637
v 0.03426829 0.01193419 -0.00089637
v 0.03418344 0.00975925 0.00151292
v 0.03427016 0.01191526 0.00150472
v 0.03413492 0.00333422 0.00572035
v 0.03409434 0.00139865 0.00563544
v 0.03451019 0.00314999 0.00639015
v 0.03450667 0.00095003 0.00639015
v 0.03425147 0.00271109 -0.00358468
v 0.03416490 0.00051126 -0.00325125
v 0.03425228 0.00271109 -0.00258467
v 0.03449875 0.00051073 -0.00258487
v 0.03418380 0.00809024 0.00536340
v 0.03413872 0.00601070 0.00521094
v 0.03451770 0.00808972 0.00602978
v 0.03418926 0.00561555 0.00643406
v 0.03411474 0.00532253 0.00146453
v 0.03417837 0.00531620 0.00400559
v 0.03457791 0.00624154 0.00162101
v 0.03451275 0.00598234 0.00400531
v 0.03297080 0.00826058 0.00731595
v 0.03276437 0.00590709 0.00620535
v 0.03268450 0.00811537 0.00614430
v 0.03276693 0.00817538 0.00491601
v 0.03276397 0.00630800 0.00491570
v 0.03915419 -0.00948783 0.00322721
v 0.03911378 -0.00976774 0.00545526
v 0.03948855 -0.00882167 0.00322693
v 0.03949028 -0.00882167 0.00542694
v 0.03913342 0.00412153 0.00232275
v 0.03913565 0.00423804 0.00483693
v 0.03950989 0.00494987 0.00247729
v 0.03951168 0.00494987 0.00467729
v 0.03776567 0.00719744 0.00528982
v 0.03776398 0.00719744 0.00308984
v 0.03795267 0.00852072 0.00553790
v 0.03776559 0.00819746 0.00308984
v 0.03409468 -0.00639075 0.00605668
v 0.03411798 -0.00641035 0.00398418
v 0.03432685 -0.00725694 0.00634972
v 0.03432510 -0.00725694 0.00414971
v 0.03424188 -0.00832716 0.00635537
v 0.03424006 -0.00832716 0.00415537
v 0.03288796 0.00683401 0.00255063
v 0.03251439 0.00768489 0.00260961
v 0.03284995 0.00904334 0.00271656
v 0.03296683 0.00987104 0.00518595
v 0.03251767 0.00971055 0.00271684
v 0.03275662 0.00828964 -0.00831094
v 0.03275837 0.00828964 -0.00611095
v 0.03275838 0.00939324 -0.00828513
v 0.03276017 0.00939324 -0.00608513
v 0.03464841 -0.01307200 -0.00174005
v 0.03697220 -0.01305071 -0.00180962
v 0.03481650 -0.01344728 -0.00262767
v 0.03724095 -0.01375115 -0.00235513
v 0.06396610 -0.01324367 -0.00370091
v 0.06363107 -0.01315981 -0.00590064
v 0.06296608 -0.01324206 -0.00370014
v 0.06296390 -0.01349204 -0.00590008
v 0.04392548 -0.01137272 0.00443164
v 0.04172548 -0.01136920 0.00443343
v 0.04392546 -0.01103937 0.00376499
v 0.04172545 -0.01103585 0.00376677
v 0.06311896 -0.01315893 -0.00021693
v 0.06091896 -0.01315545 -0.00021517
v 0.06311939 -0.01332561 0.00064974
v 0.06061940 -0.01340829 0.00059213
v 0.06312039 -0.01324227 0.00174969
v 0.06080389 -0.01315527 0.00201144
v 0.06394023 -0.01140457 0.00209906
v 0.06420051 -0.01144665 0.00443126
v 0.06327408 -0.01107019 0.00209957
v 0.06327587 -0.01107019 0.00429958
v 0.05996590 -0.01143989 0.00037720
v 0.05762246 -0.01131117 0.00055412
v 0.05762169 -0.01131117 -0.00044588
v 0.05989163 -0.01131475 -0.00053019
v 0.05512028 -0.01322958 0.00165605
v 0.05760484 -0.01315019 0.00282756
v 0.05512109 -0.01322958 0.00265610
v 0.05996918 -0.01143989 0.00453322
v 0.05982667 -0.01106464 0.00535232
v 0.04344755 -0.01312768 -0.00613455
v 0.04340882 -0.01308596 -0.00373468
v 0.04411369 -0.01346206 -0.00613511
v 0.04411548 -0.01346206 -0.00393510
v 0.05629130 0.00215991 -0.01380010
v 0.05369347 0.00216444 -0.01379813
v 0.05437159 0.00327337 -0.01281327
v 0.05535548 0.00353533 -0.01281410
v 0.05192971 0.00116730 0.00982531
v 0.05067771 -0.00008069 0.00982628
v 0.05317771 -0.00008468 0.00982431
v 0.05192575 -0.00133264 0.00982531
v 0.05153333 -0.00138539 -0.01194660
v 0.05019669 -0.00007983 -0.01201374
v 0.05313562 -0.00008471 -0.01191421
v 0.05150859 0.00123448 -0.01194582
v 0.05191039 -0.00195762 -0.00824129
v 0.05031985 -0.00167113 -0.00824004
v 0.05350190 -0.00167620 -0.00824255
v 0.05378839 -0.00008567 -0.00824278
v 0.05191635 0.00179228 -0.00824129
v 0.05350685 0.00150573 -0.00824261
v 0.05032485 0.00151080 -0.00824004
v 0.05003837 -0.00007970 -0.00823980
v 0.05032598 0.00151080 -0.00694007
v 0.05350798 0.00150573 -0.00694257
v 0.05350285 -0.00167620 -0.00694257
v 0.05032086 -0.00167113 -0.00694007
v 0.07552204 0.01275036 0.00206912
v 0.07986828 0.01196530 0.00208637
v 0.08570525 0.00769028 0.00208175
v 0.08767954 0.00398075 0.00208017
v 0.08765503 -0.00429347 0.00208017
v 0.08565888 -0.00799090 0.00208175
v 0.07981423 -0.01222523 0.00208640
v 0.07982858 -0.01222133 0.00628641
v 0.07548443 -0.01299087 0.00631058
v 0.07114588 -0.01220858 0.00629333
v 0.07548105 -0.01299087 0.00206917
v 0.07113484 -0.01220580 0.00209334
v 0.06529793 -0.00793078 0.00209796
v 0.06332355 -0.00422123 0.00209954
v 0.06334805 0.00405297 0.00209954
v 0.06265169 -0.00008212 0.00210008
v 0.06334411 0.00403145 0.00629952
v 0.06265496 -0.00010341 0.00630006
v 0.06333330 -0.00424007 0.00629955
v 0.06531217 -0.00794509 0.00629795
v 0.06533283 0.00773129 0.00629795
v 0.07118124 0.01198083 0.00629330
v 0.06534427 0.00775045 0.00209796
v 0.07118889 0.01198480 0.00209328
v 0.07552544 0.01275036 0.00631052
v 0.07986394 0.01196814 0.00628638
v 0.08569765 0.00770458 0.00628173
v 0.08767664 0.00399962 0.00628015
v 0.08766570 -0.00427192 0.00628015
v 0.08835483 -0.00013706 0.00627962
v 0.08835149 -0.00015836 0.00207963
v 0.08567706 -0.00797179 0.00628176
v 0.05150912 0.00128510 -0.01030441
v 0.05296768 -0.00008445 -0.01032333
v 0.05153115 -0.00143490 -0.01030518
v 0.05018509 -0.00007983 -0.01028616
v 0.00298578 -0.00954008 -0.01510238
v 0.00670159 -0.00741124 -0.01510524
v 0.00822139 -0.00886834 -0.01510655
v 0.01336544 -0.01005190 -0.01511055
v 0.00918674 -0.00392193 -0.01510727
v 0.01506894 -0.01077824 -0.01511198
v 0.00998276 0.00032254 -0.01510798
v 0.01830339 -0.00319224 -0.01511460
v 0.02250945 -0.00373471 -0.01399856
v 0.02027457 -0.01299685 -0.01277297
v 0.02602118 -0.00327009 -0.01075506
v 0.02534389 -0.00709194 -0.00712013
v 0.02243447 -0.01391589 -0.00711787
v 0.02534669 -0.00709194 -0.00352013
v 0.02385544 -0.01089477 -0.00351897
v 0.02385973 -0.01089477 0.00188097
v 0.02481567 -0.01051115 -0.00351971
v 0.02481997 -0.01051115 0.00188023
v 0.02878147 -0.01121616 0.00187707
v 0.02244579 -0.01391589 0.00708210
v 0.02535516 -0.00709194 0.00707978
v 0.02553188 -0.00610769 0.00896311
v 0.02535098 -0.00709194 0.00187975
v 0.01832747 -0.00319224 0.01508539
v 0.01509308 -0.01077824 0.01508796
v 0.01282000 -0.00033569 0.01508975
v 0.01338946 -0.01005190 0.01508927
v 0.00824541 -0.00886851 0.01509338
v 0.00893950 0.00450539 0.01509284
v 0.00284896 -0.00950869 0.01526436
v -0.00092007 -0.00958923 0.01517214
v -0.00147060 -0.00883146 0.01524403
v -0.00437182 -0.00898760 0.01510345
v -0.00931174 -0.00361119 0.01527408
v -0.00877590 0.00165671 0.01523740
v -0.00919998 0.00389027 0.01510727
v -0.00393391 0.00918788 0.01526975
v -0.00036216 0.00993185 0.01535031
v -0.00998634 0.00014110 0.01527464
v 0.00339729 0.00940931 0.01509726
v 0.00177636 0.00911435 0.01519855
v 0.01279598 -0.00033569 -0.01511019
v 0.00891548 0.00450539 -0.01510709
v 0.02568680 -0.00518137 -0.00352043
v 0.02569109 -0.00518137 0.00187951
v 0.01609530 -0.00880289 0.01232606
v 0.01933488 -0.01020819 0.01113927
v 0.01581579 -0.00945705 0.01138734
v 0.01854485 -0.01062089 0.01038986
v 0.02115541 -0.01113401 0.00804810
v 0.02016210 -0.01131129 0.00781101
v 0.01338750 -0.01005190 0.01248925
v 0.00824332 -0.00886851 0.01249337
v 0.00857368 -0.00799960 0.01243347
v 0.00917679 -0.00543028 0.01249265
v 0.01270675 -0.00024363 0.01248985
v 0.00160876 0.00898382 0.01249867
v 0.01804637 -0.00311208 0.01248556
v 0.01735305 -0.00584966 0.01248615
v 0.00980282 -0.00622916 0.01237726
v 0.01063180 -0.00710806 0.01188006
v 0.01135987 -0.00755715 0.01139098
v 0.01395451 -0.00866392 0.00998884
v 0.01717787 -0.01003855 0.00890303
v 0.01879578 -0.01072925 0.00612140
v 0.02114707 -0.01173406 -0.00040793
v 0.01943808 -0.01100546 -0.00039483
v 0.01861727 -0.01065766 -0.00688755
v 0.02048239 -0.01122800 -0.00871726
v 0.01697516 -0.00995845 -0.00957352
v 0.01859035 -0.01047256 -0.01137247
v 0.01386961 -0.00863472 -0.01061102
v 0.01569658 -0.00923914 -0.01240143
v 0.01107629 -0.00741395 -0.01218176
v 0.01041328 -0.00694537 -0.01263940
v 0.00978249 -0.00622904 -0.01299297
v 0.01606416 -0.00837541 -0.01311278
v 0.00915640 -0.00543028 -0.01310729
v 0.01261800 -0.00018607 -0.01311010
v 0.00891709 0.00450539 -0.01310706
v 0.01785510 -0.00306004 -0.01311415
v 0.01716607 -0.00578886 -0.01311367
v 0.01933008 -0.00981468 -0.01194387
v 0.02131938 -0.00370365 -0.01197379
v 0.02268379 -0.00373167 -0.01062047
v 0.02132296 -0.01068627 -0.00889158
v 0.02271479 -0.00727200 -0.00889307
v 0.02356398 -0.00368398 -0.00889373
v 0.02256476 -0.01121228 -0.00042389
v 0.02495217 -0.00350332 -0.00042336
v 0.02294999 -0.00730646 0.00810671
v 0.02380496 -0.00366318 0.00810599
v 0.02295118 -0.00372332 0.00988591
v 0.02158069 -0.00371772 0.01129227
v 0.00976652 -0.00850827 0.01202327
v 0.01336621 -0.01004374 0.00998932
v 0.01336705 -0.01005190 -0.01311057
v 0.00822294 -0.00886851 -0.01310658
v 0.00298738 -0.00954008 -0.01310235
v -0.00439429 -0.00898760 -0.01309645
v -0.00440609 -0.00898284 -0.01509648
v -0.00937396 -0.00351053 -0.01309245
v -0.00938350 -0.00348925 -0.01509249
v -0.00922245 0.00389027 -0.01309269
v -0.00921082 0.00392193 -0.01509267
v -0.00402331 0.00915950 -0.01309674
v -0.00921237 0.00392193 -0.01709270
v -0.00701183 0.00714296 -0.01709437
v -0.00374478 0.00927758 -0.01709699
v 0.00337487 0.00940931 -0.01310265
v 0.00009040 0.00999933 -0.01710009
v 0.00390834 0.00919878 -0.01710307
v 0.00712937 0.00699818 -0.01710569
v -0.01001298 0.00010402 -0.01709198
v -0.00929117 -0.00373119 -0.01709258
v -0.00715655 -0.00699818 -0.01709425
v -0.00393558 -0.00919878 -0.01709687
v -0.00011764 -0.00999933 -0.01709985
v 0.00371754 -0.00927758 -0.01710295
v 0.00698459 -0.00714296 -0.01710557
v 0.00918519 -0.00392193 -0.01710724
v 0.00998568 -0.00010402 -0.01710796
v 0.00926393 0.00373119 -0.01710736
v 0.01658958 -0.01141840 0.00890350
v 0.01820749 -0.01210916 0.00612181
v 0.01884979 -0.01238518 -0.00039437
v 0.01802897 -0.01203745 -0.00688708
v 0.01638686 -0.01133829 -0.00957304
v 0.00935846 -0.00834274 -0.01281333
v 0.01328131 -0.01001453 -0.01061051
v 0.00263408 0.00620919 -0.01660207
v -0.00253180 0.00626248 -0.01659795
v -0.00622240 0.00264728 -0.01659509
v -0.00627568 -0.00251859 -0.01659497
v -0.00266051 -0.00620919 -0.01659789
v 0.00250494 -0.00626248 -0.01710200
v 0.00619596 -0.00264728 -0.01660486
v 0.00624925 0.00251859 -0.01660499
v 0.03062236 -0.00087867 0.00330955
v 0.03061580 -0.00087867 -0.00495833
v 0.02877718 -0.01121616 -0.00352287
v 0.02972757 -0.00589973 0.00187629
v 0.02972328 -0.00589973 -0.00352365
v -0.00512864 0.00513456 -0.01309591
v 0.00000124 0.00734263 -0.01313229
v 0.00512413 0.00511825 -0.01310406
v 0.00730948 -0.00000693 -0.01313581
v 0.00510782 -0.00513456 -0.01310406
v -0.00002215 -0.00734263 -0.01313229
v -0.00514499 -0.00511825 -0.01309591
v -0.00733039 0.00000693 -0.01312410
v 0.02179896 -0.01168686 -0.00323778
v 0.02187168 -0.01171594 0.00243336
v -0.00158885 -0.00898382 0.01250128
v -0.00897385 0.00159880 0.01250711
v 0.00291850 0.00686245 -0.01606476
v -0.00000061 0.00734116 -0.01548482
v -0.00286716 0.00689445 -0.01606023
v -0.00414127 0.00626087 -0.01509666
v -0.00689371 0.00298174 -0.01537779
v 0.00685522 0.00291496 -0.01606790
v 0.00684608 -0.00297157 -0.01574710
v 0.00411725 -0.00626087 -0.01510328
v -0.00002402 -0.00734116 -0.01548482
v 0.00272964 -0.00668380 -0.01607714
v -0.00294408 -0.00686245 -0.01606014
v -0.00688079 -0.00291496 -0.01605704
v -0.00684857 0.00296140 -0.01609456
v 0.06215791 -0.00521190 -0.01182614
v 0.06229689 -0.00760873 -0.01178944
v 0.06231836 -0.00536862 -0.01025628
v 0.06230243 -0.00754870 -0.01021447
v 0.06232063 -0.00226863 -0.00466102
v 0.06232527 -0.00426862 -0.00373960
v 0.06232893 -0.00226864 -0.00318959
v 0.06234280 -0.00426865 -0.00268960
v 0.06231999 -0.00426860 -0.00146103
v 0.06231787 -0.00226862 -0.00134585
v 0.06237947 -0.00226873 -0.00248963
v 0.06232363 -0.00426862 -0.00583960
v 0.06234343 -0.00226867 -0.00588961
v 0.06218259 -0.00226125 -0.00929283
v 0.06232106 -0.00426862 -0.00908962
v 0.06232523 -0.00226864 -0.00782294
v 0.06232203 -0.00426862 -0.00782294
v 0.06232607 -0.00226864 -0.00678959
v 0.06232288 -0.00426862 -0.00678959
v -0.00313061 0.00264046 0.00740245
v -0.00384900 -0.00139618 0.00740302
v -0.00417834 0.00074467 0.00740331
v -0.00071249 -0.00403655 0.00740054
v -0.00273120 -0.00325119 0.00740212
v 0.00314239 -0.00264046 0.00739744
v 0.00145322 -0.00399589 0.00739884
v 0.00419009 -0.00074467 0.00739664
v 0.00386080 0.00139618 0.00739691
v 0.00072428 0.00403655 0.00739941
v 0.00274300 0.00325119 0.00739777
v -0.00144142 0.00399589 0.00740111
v -0.00143528 0.00399589 0.01510107
v -0.00417220 0.00074467 0.01510328
v -0.00272506 -0.00325119 0.01510214
v 0.00145936 -0.00399589 0.01509875
v 0.00419623 -0.00074467 0.01509666
v 0.00274908 0.00325119 0.01509779
v -0.00370151 -0.00134504 0.01560294
v -0.00300938 0.00254381 0.01560235
v 0.00070453 0.00388884 0.01559937
v 0.00372630 0.00134504 0.01559698
v 0.00303423 -0.00254381 0.01559758
v -0.00067968 -0.00388884 0.01560050
v 0.00573477 -0.00820071 0.01534536
v -0.00818828 -0.00572282 0.01535647
v -0.00571030 0.00820071 0.01535457
v 0.00821275 0.00572282 0.01534348
v 0.00985751 -0.00175214 0.01534217
v -0.00972967 0.00173372 0.01535771
v -0.00227576 -0.00886118 0.01535177
v -0.00172963 -0.00978784 0.01543472
v 0.00092190 0.00910646 0.01534927
v 0.00176453 0.00984526 0.01559859
v 0.00148857 0.00829464 0.01559877
v -0.00909406 0.00090968 0.01560717
v 0.05158525 0.01141124 -0.01607376
v 0.04143649 0.01124638 -0.01640039
v 0.03540015 0.01054447 0.01504719
v 0.04497075 0.01147246 0.01458609
v 0.06314420 0.01141268 -0.01557409
v 0.06265848 0.01224946 -0.01481515
v 0.06001806 0.01497995 -0.00943589
v 0.05845296 0.01634865 -0.00166428
v 0.05962985 0.01521086 0.00707805
v 0.06237065 0.01227897 0.01312088
v 0.06283628 0.01145386 0.01387214
v 0.02406948 0.01029080 0.01534539
v 0.02414345 0.01115280 0.01440900
v 0.04360240 0.01322430 0.01350575
v 0.04465556 0.01326680 0.01347005
v 0.04315656 0.01320177 -0.01519078
v 0.04117900 0.01306939 -0.01526039
v 0.02404385 0.01029175 -0.01698315
v 0.02411919 0.01115280 -0.01604735
v 0.02425748 0.01313388 -0.01115906
v 0.02431440 0.01422458 -0.00604975
v 0.02432274 0.01422595 0.00440067
v 0.02433288 0.01458460 -0.00083158
v 0.02427387 0.01313376 0.00952095
v 0.04341316 0.01589590 0.00667953
v 0.04340845 0.01669919 -0.00086233
v 0.04340118 0.01588416 -0.00840169
v 0.06096398 -0.00009710 -0.00744849
v 0.05830305 -0.00649208 -0.00744641
v 0.05832350 0.00630635 -0.00744641
v 0.05192840 0.00896728 -0.00744134
v 0.04665476 -0.00164020 -0.00743711
v 0.04619789 -0.00053229 -0.00743675
v 0.04552489 0.00632674 -0.00743621
v 0.04509139 -0.00007182 -0.00743586
v 0.04398345 -0.00052876 -0.00743496
v 0.04352295 -0.00163519 -0.00743461
v 0.04286396 -0.00006827 -0.00743413
v 0.04398000 -0.00274312 -0.00743496
v 0.04569933 -0.00627756 -0.00743636
v 0.05189955 -0.00913262 -0.00744128
v 0.04844939 -0.00502694 -0.01604855
v 0.04800820 -0.00608706 -0.01604819
v 0.04801160 -0.00396538 -0.01604819
v 0.04694718 -0.00652450 -0.01604735
v 0.04695194 -0.00352454 -0.01604735
v 0.04588747 -0.00608367 -0.01604646
v 0.04589086 -0.00396198 -0.01604646
v 0.04544967 -0.00502211 -0.01604616
v 0.04664790 -0.00164020 -0.01604706
v 0.04618728 -0.00274694 -0.01604676
v 0.04619079 -0.00053203 -0.01604676
v 0.04507958 -0.00320363 -0.01604586
v 0.04508459 -0.00007182 -0.01604586
v 0.04397326 -0.00274336 -0.01604497
v 0.04397690 -0.00052850 -0.01604497
v 0.04351627 -0.00163519 -0.01604467
v 0.05183029 -0.00690514 -0.01605129
v 0.05138909 -0.00796527 -0.01605087
v 0.05139249 -0.00584358 -0.01605087
v 0.05032795 -0.00840276 -0.01605010
v 0.05033278 -0.00540274 -0.01605010
v 0.04926830 -0.00796193 -0.01604920
v 0.04927170 -0.00584024 -0.01604920
v 0.04883050 -0.00690037 -0.01604884
v 0.03401666 0.00494581 0.01102286
v 0.03352179 0.01046357 0.00637853
v 0.03301948 0.01247739 -0.00054629
v 0.03367694 0.01007499 -0.00732801
v 0.03399878 0.00494581 -0.01146403
v 0.03398293 -0.00500411 -0.01146208
v 0.03347965 -0.00752243 -0.01045778
v 0.03347798 -0.00961330 -0.00844663
v 0.03399080 -0.00961411 0.00756293
v 0.03298816 -0.00924553 0.00745649
v 0.03400033 -0.00506908 0.01050329
v 0.03349569 -0.00751671 0.00957522
v 0.03297597 -0.00805795 -0.00931813
v 0.03297720 -0.00691773 -0.01006035
v 0.03297979 -0.00517952 -0.01034015
v 0.03299167 -0.00738238 0.00901349
v 0.03299317 -0.00640567 0.00897676
v 0.03301430 0.00663350 0.00941102
v 0.03301248 0.00571635 0.00900036
v 0.03801519 0.00884312 0.00614875
v 0.03801569 0.00817190 0.00703432
v 0.03801818 0.01006802 0.00582206
v 0.03801567 0.01004764 0.00431241
v 0.03401169 -0.00132400 0.00135928
v 0.03400792 -0.00181620 0.00554964
v 0.03401277 0.00184675 0.00170356
v 0.03401485 -0.00105043 0.01001096
v 0.03399819 -0.00519901 0.00810408
v 0.03400474 -0.00106841 0.00810408
v 0.03510475 -0.00107020 0.00810325
v 0.03509998 -0.00520074 0.01030325
v 0.03509819 -0.00520074 0.00810325
v 0.03400278 -0.00218177 0.00774664
v 0.03399616 -0.00631237 0.00774664
v 0.03509616 -0.00631410 0.00774574
v 0.03509446 -0.00630465 0.00563276
v 0.03510108 -0.00217405 0.00563276
v 0.03510266 -0.00218350 0.00774574
v 0.03900748 0.00410098 0.00118452
v 0.03900730 0.00190103 0.00531512
v 0.03900396 0.00190103 0.00118452
v 0.04010397 0.00189924 0.00118369
v 0.04010748 0.00409925 0.00118363
v 0.04011076 0.00409925 0.00531423
v 0.04010725 0.00189924 0.00531429
v 0.03399938 -0.00216281 0.00352067
v 0.03509277 -0.00629520 0.00351977
v 0.03509938 -0.00216460 0.00351977
v 0.03399467 -0.00488597 0.00301325
v 0.03400129 -0.00075542 0.00301325
v 0.03399288 -0.00488597 0.00081329
v 0.03399950 -0.00075542 0.00081329
v 0.03509944 -0.00075718 0.00081241
v 0.03510117 -0.00075718 0.00301236
v 0.03509467 -0.00488776 0.00301242
v 0.03509289 -0.00488776 0.00081242
v 0.03400236 -0.00158475 -0.00193021
v 0.03398901 -0.00611222 -0.00158516
v 0.03399729 -0.00198162 0.00051542
v 0.03399068 -0.00611222 0.00051543
v 0.03509068 -0.00611395 0.00051455
v 0.03508901 -0.00611395 -0.00158605
v 0.03509563 -0.00198334 -0.00158605
v 0.03509730 -0.00198334 0.00051455
v 0.06225758 -0.01221954 -0.01008904
v 0.06225925 -0.01221954 -0.00798905
v 0.06335926 -0.01222127 -0.00798994
v 0.06335759 -0.01222127 -0.01008993
v 0.06336417 -0.00809067 -0.01008993
v 0.06336587 -0.00809067 -0.00798994
v 0.06226784 -0.01162162 -0.01198196
v 0.06335586 -0.01222127 -0.01218998
v 0.06336247 -0.00809067 -0.01218998
v 0.03400748 0.00388527 0.00157946
v 0.03511077 0.00388354 0.00570917
v 0.03510725 0.00168353 0.00570917
v 0.03510397 0.00168353 0.00157857
v 0.03510749 0.00388354 0.00157857
v 0.03399395 -0.00198162 -0.00368577
v 0.03508734 -0.00611395 -0.00368667
v 0.03509396 -0.00198334 -0.00368667
v 0.03400560 0.00728061 -0.00759153
v 0.03400868 0.00721171 -0.00352955
v 0.03401255 0.00944960 -0.00311363
v 0.03581255 0.00944674 -0.00311506
v 0.03580909 0.00724673 -0.00311506
v 0.03560561 0.00727806 -0.00759278
v 0.03580927 0.00944674 -0.00731504
v 0.03400367 0.00741839 -0.01024049
v 0.03399699 0.00321841 -0.01024049
v 0.03399958 0.00358403 -0.00773048
v 0.03579878 0.00321555 -0.00804192
v 0.03579699 0.00321555 -0.01024186
v 0.03580367 0.00741553 -0.01024186
v 0.03120589 0.00628579 -0.00524396
v 0.03121197 0.00628579 0.00237596
v 0.03301823 0.01156314 0.00291653
v 0.03301447 0.01171529 -0.00524539
v 0.03122055 0.01171815 0.00237596
v 0.03121447 0.01171815 -0.00524396
v 0.03402927 0.00547847 0.00986439
v 0.03401636 -0.00104144 0.00663620
v 0.03401937 0.00533202 -0.00227523
v 0.03870606 0.00493833 0.01016894
v 0.03902137 0.01046007 0.00585240
v 0.03851899 0.01240489 -0.00104719
v 0.03900992 0.00995282 -0.00750409
v 0.03800990 0.00995439 -0.00750331
v 0.03899854 0.00493783 -0.01174280
v 0.03799852 0.00493944 -0.01174196
v 0.03864902 -0.00511153 -0.01196565
v 0.03797972 -0.00528116 -0.01115609
v 0.03900918 0.00914791 -0.00678104
v 0.03868994 -0.00509907 0.00999599
v 0.03847697 -0.01176127 -0.00544062
v 0.03847787 -0.00911984 -0.00953218
v 0.03848418 -0.01176127 0.00355932
v 0.03849158 -0.00913569 0.00769845
v 0.03800028 -0.00511050 0.01049709
v 0.03801461 0.00498211 0.00936840
v 0.03800845 0.00884956 -0.00708026
v 0.03897839 -0.01060748 -0.00596052
v 0.03899669 0.00089249 -0.00596052
v 0.04017835 -0.01060938 -0.00596148
v 0.04019665 0.00089058 -0.00596154
v 0.03900587 0.00089249 0.00553936
v 0.04020589 0.00089058 0.00553840
v 0.04018759 -0.01060938 0.00553846
v 0.03801762 0.00772947 0.00820541
v 0.03801536 0.00636649 0.00811407
v 0.03801426 0.00636113 0.00673798
v 0.03799515 -0.00466388 0.00320697
v 0.03799849 -0.00466388 0.00740582
v 0.03799200 -0.00669271 0.00320697
v 0.03799527 -0.00669271 0.00740582
v 0.03669530 -0.00669062 0.00740683
v 0.03669846 -0.00466180 0.00740683
v 0.03669518 -0.00466180 0.00320804
v 0.03669196 -0.00669062 0.00320804
v 0.03800028 -0.00140840 0.00316417
v 0.03800368 -0.00140840 0.00736296
v 0.03799706 -0.00343716 0.00316417
v 0.03800046 -0.00343716 0.00736296
v 0.03670048 -0.00343513 0.00736397
v 0.03670370 -0.00140631 0.00736397
v 0.03670024 -0.00140631 0.00316518
v 0.03669708 -0.00343513 0.00316518
v 0.03800547 0.00180423 0.00316417
v 0.03800874 0.00180423 0.00736296
v 0.03800219 -0.00022455 0.00316417
v 0.03800559 -0.00022455 0.00736296
v 0.03670555 -0.00022248 0.00736397
v 0.03670877 0.00180632 0.00736397
v 0.03670549 0.00180632 0.00316518
v 0.03670215 -0.00022248 0.00316518
v 0.03901445 0.00813490 0.00185829
v 0.03900438 0.00362420 -0.00181916
v 0.03901157 0.00812420 -0.00181916
v 0.04111153 0.00812086 -0.00182083
v 0.04111444 0.00813156 0.00185662
v 0.04110729 0.00363153 0.00185662
v 0.04110437 0.00362083 -0.00182083
v 0.03900140 0.00361347 -0.00549668
v 0.03900855 0.00811350 -0.00549668
v 0.04110854 0.00811016 -0.00549835
v 0.04110139 0.00361013 -0.00549835
v 0.03899818 0.00196433 -0.00632322
v 0.03900527 0.00646430 -0.00632322
v 0.03899556 0.00196433 -0.00952321
v 0.03900277 0.00646430 -0.00952321
v 0.04110276 0.00646096 -0.00952488
v 0.04110527 0.00646096 -0.00632489
v 0.04109817 0.00196099 -0.00632489
v 0.04109555 0.00196099 -0.00952488
v 0.03801601 0.00620347 0.00922274
v 0.03801287 0.00485918 0.00797485
v 0.03799688 -0.00212657 0.00022437
v 0.03798449 -0.00987655 0.00022438
v 0.03799384 -0.00212657 -0.00347561
v 0.03798156 -0.00987655 -0.00347561
v 0.03688156 -0.00987482 -0.00347471
v 0.03688448 -0.00987482 0.00022526
v 0.03689688 -0.00212479 0.00022525
v 0.03689390 -0.00212479 -0.00347471
v 0.03801524 0.01175606 -0.00291097
v 0.03801334 0.01055610 -0.00291097
v 0.03801804 0.01167035 0.00085912
v 0.03801613 0.01047039 0.00085913
v 0.03801715 0.01167035 -0.00034088
v 0.03801524 0.01047039 -0.00034087
v 0.03801176 0.00485384 0.00659877
v 0.03801280 0.00619274 0.00527054
v 0.03801095 0.00499278 0.00527054
v 0.03801071 0.00351494 0.00792697
v 0.03800970 0.00351494 0.00672698
v 0.06148105 -0.00226730 -0.00053895
v 0.06187168 -0.00816789 -0.00053927
v 0.06186645 -0.00816789 -0.00703922
v 0.06186849 -0.01144480 -0.00697589
v 0.06219987 -0.00525108 -0.00914200
v 0.06145727 -0.01146727 -0.01203888
v 0.06383482 -0.00510166 -0.01121961
v 0.06551912 -0.00474626 -0.01082214
v 0.06385072 0.00489829 -0.01121961
v 0.06553390 0.00453752 -0.01082217
v 0.06477889 -0.00376856 -0.01107156
v 0.06507480 -0.00364947 -0.00845182
v 0.06479057 0.00356221 -0.01107156
v 0.06508606 0.00344217 -0.00845182
v 0.06340032 0.00187459 -0.01080380
v 0.06379669 0.00208425 -0.00845075
v 0.06339402 -0.00207653 -0.01080379
v 0.06378966 -0.00228745 -0.00845075
v 0.02845299 -0.01293706 0.00449735
v 0.02844589 -0.01293706 -0.00450259
v 0.03835809 -0.01153045 -0.00451052
v 0.03835576 -0.01295286 -0.00451052
v 0.03893768 -0.01153135 0.00748896
v 0.03835570 -0.01153045 -0.00752050
v 0.06846755 -0.01157838 0.00746542
v 0.06825265 -0.01157808 -0.00032435
v 0.07056262 -0.01158177 -0.00032619
v 0.07087570 -0.01158225 -0.00754642
v 0.03835338 -0.01295286 -0.00752050
v 0.07087337 -0.01300466 -0.00754642
v 0.07087939 -0.01300466 -0.00004644
v 0.06845939 -0.01300078 -0.00004451
v 0.06846541 -0.01300078 0.00746548
v 0.03893536 -0.01295375 0.00748896
v 0.07024025 -0.01158130 -0.00480592
v 0.06804031 -0.01157778 -0.00480413
v 0.06804656 -0.00977772 -0.00060418
v 0.07024657 -0.00978124 -0.00060593
v 0.07024317 -0.00978124 -0.00480592
v 0.06804317 -0.00977772 -0.00480413
v 0.03538519 -0.01152575 0.00442678
v 0.03537815 -0.01152575 -0.00446314
v 0.03538918 -0.00902575 0.00442678
v 0.03538209 -0.00902575 -0.00446314
v 0.03157210 -0.00901967 -0.00446010
v 0.03157919 -0.00901967 0.00442982
v 0.05995607 -0.01156485 -0.00696272
v 0.05996006 -0.00906485 -0.00696272
v 0.05996519 -0.00906485 -0.00061275
v 0.06377118 -0.01157099 -0.00061578
v 0.06376606 -0.01157099 -0.00696576
v 0.06377518 -0.00907093 -0.00061578
v 0.06377005 -0.00907093 -0.00696576
v 0.03634434 -0.01294970 0.00312102
v 0.03414440 -0.01294618 0.00312281
v 0.03413820 -0.01474618 -0.00107718
v 0.03633815 -0.01474964 -0.00107890
v 0.03634154 -0.01474964 0.00312102
v 0.03414160 -0.01474618 0.00312281
v 0.03969249 -0.01153260 0.00051889
v 0.04382309 -0.01153916 0.00051561
v 0.03969407 -0.01153260 0.00256884
v 0.04382467 -0.01153916 0.00256556
v 0.04382646 -0.01043915 0.00256556
v 0.04382487 -0.01038918 0.00051560
v 0.03969428 -0.01038259 0.00051889
v 0.03969585 -0.01043260 0.00256884
v 0.05412239 -0.01297798 0.00317728
v 0.05412566 -0.01297798 0.00730786
v 0.05627238 -0.01298135 0.00317556
v 0.05627566 -0.01298135 0.00730616
v 0.05627399 -0.01408135 0.00730616
v 0.05412399 -0.01407799 0.00730786
v 0.05412066 -0.01407799 0.00317728
v 0.05627065 -0.01408135 0.00317556
v 0.04936966 -0.01297041 0.00094029
v 0.04936638 -0.01297041 -0.00319028
v 0.04734211 -0.01296717 -0.00316343
v 0.04734036 -0.01406717 -0.00316343
v 0.04936454 -0.01412042 -0.00319028
v 0.04936781 -0.01412042 0.00094029
v 0.03944817 -0.01295456 0.00534818
v 0.03950771 -0.01295468 0.00163281
v 0.03737318 -0.01295125 0.00534981
v 0.03742024 -0.01295137 0.00163448
v 0.03741848 -0.01405137 0.00163448
v 0.03950593 -0.01405468 0.00163281
v 0.03944638 -0.01405456 0.00534818
v 0.03737139 -0.01405125 0.00534981
v 0.04329055 -0.01296079 0.00096503
v 0.04741951 -0.01296728 -0.00108824
v 0.04741778 -0.01406729 -0.00108824
v 0.04328876 -0.01406079 0.00096503
v 0.04328718 -0.01406079 -0.00108496
v 0.04438698 -0.01296245 0.00406513
v 0.04062169 -0.01295650 0.00406814
v 0.04438867 -0.01296245 0.00626513
v 0.04062336 -0.01295650 0.00626814
v 0.04062169 -0.01405650 0.00626814
v 0.04061985 -0.01405650 0.00406814
v 0.04438516 -0.01406246 0.00406513
v 0.04438698 -0.01406246 0.00626513
v 0.05042227 -0.01297211 0.00423944
v 0.05041900 -0.01297211 0.00010885
v 0.04836899 -0.01296877 0.00011049
v 0.04836726 -0.01406878 0.00011049
v 0.05041726 -0.01407208 0.00010885
v 0.05042049 -0.01407208 0.00423944
v 0.05247229 -0.01297539 0.00423777
v 0.05246895 -0.01297539 0.00010722
v 0.05246728 -0.01407539 0.00010722
v 0.05247050 -0.01407539 0.00423777
v 0.03956728 -0.01295480 -0.00208250
v 0.03956547 -0.01405480 -0.00208247
v 0.03969085 -0.01153260 -0.00153106
v 0.04382145 -0.01153916 -0.00153434
v 0.04382336 -0.01033920 -0.00153434
v 0.03969275 -0.01033258 -0.00153106
v 0.05515349 -0.01297962 -0.00204438
v 0.05138647 -0.01297366 -0.00414139
v 0.05515177 -0.01297963 -0.00414438
v 0.05515001 -0.01407962 -0.00414438
v 0.05515166 -0.01407962 -0.00204438
v 0.05138477 -0.01407366 -0.00414139
v 0.05891877 -0.01298564 -0.00204742
v 0.05891707 -0.01298564 -0.00414738
v 0.05891531 -0.01408565 -0.00414738
v 0.05891698 -0.01408565 -0.00204736
v 0.05197244 -0.01297456 0.00317901
v 0.05197566 -0.01297456 0.00730961
v 0.05197399 -0.01407456 0.00730961
v 0.05197066 -0.01407456 0.00317901
v 0.04152315 -0.01295787 0.00534654
v 0.04152137 -0.01405787 0.00534654
v 0.05146640 -0.01297378 -0.00319195
v 0.05146449 -0.01417380 -0.00319195
v 0.05867379 -0.01298528 0.00613284
v 0.05852067 -0.01298501 0.00226766
v 0.05647379 -0.01298165 0.00613463
v 0.05647045 -0.01298165 0.00200403
v 0.05646878 -0.01408165 0.00200403
v 0.05851897 -0.01408496 0.00226766
v 0.05867195 -0.01408517 0.00613284
v 0.05647200 -0.01408165 0.00613463
v 0.05817568 -0.01298445 0.00730467
v 0.06037235 -0.01298797 0.00317228
v 0.06037569 -0.01298797 0.00730288
v 0.06037396 -0.01408797 0.00730288
v 0.05817395 -0.01408445 0.00730467
v 0.05817067 -0.01408445 0.00317407
v 0.06046992 -0.01408812 0.00285181
v 0.06056755 -0.01298826 -0.00159919
v 0.06056588 -0.01408827 -0.00159919
v 0.05796700 -0.01298409 -0.00362575
v 0.06016695 -0.01298755 -0.00362748
v 0.05796527 -0.01408410 -0.00362575
v 0.06016528 -0.01408755 -0.00362748
v 0.04815399 -0.01296848 0.00626212
v 0.04815226 -0.01406848 0.00626212
v 0.06884336 -0.01300150 -0.00705427
v 0.06471276 -0.01299488 -0.00705099
v 0.06929217 -0.01301060 -0.00468788
v 0.06471449 -0.01299488 -0.00485098
v 0.06471276 -0.01409488 -0.00485098
v 0.06471097 -0.01409488 -0.00705099
v 0.06884157 -0.01410150 -0.00705427
v 0.06884336 -0.01410150 -0.00485426
v 0.05138486 -0.01297366 -0.00624138
v 0.05515005 -0.01297962 -0.00624436
v 0.05514839 -0.01407962 -0.00624436
v 0.05138307 -0.01407366 -0.00624138
v 0.06497269 -0.01157289 0.00069726
v 0.06717598 -0.01157635 0.00482607
v 0.06717270 -0.01157635 0.00069551
v 0.06717449 -0.01047635 0.00069551
v 0.06497448 -0.01047289 0.00069726
v 0.06497776 -0.01047289 0.00482786
v 0.06717777 -0.01047635 0.00482607
v 0.05891537 -0.01298564 -0.00624740
v 0.05891370 -0.01408565 -0.00624740
v 0.04328554 -0.01406079 -0.00313496
v 0.04167056 -0.01295816 0.00204641
v 0.04166728 -0.01295816 -0.00208414
v 0.04166549 -0.01405817 -0.00208414
v 0.04166877 -0.01405817 0.00204641
v 0.06732904 -0.01301168 0.00624639
v 0.06732386 -0.01301168 -0.00027361
v 0.06410083 -0.01300657 0.00624895
v 0.06409567 -0.01300657 -0.00027104
v 0.06581836 -0.01300927 -0.00121409
v 0.06951838 -0.01301515 -0.00121701
v 0.06581568 -0.01300927 -0.00460178
v 0.05183726 -0.00690514 -0.00744122
v 0.05139619 -0.00796503 -0.00744092
v 0.05033487 -0.00840276 -0.00744003
v 0.04927498 -0.00796169 -0.00743920
v 0.04883730 -0.00690037 -0.00743884
v 0.05139958 -0.00584388 -0.00744092
v 0.05033969 -0.00540274 -0.00744009
v 0.04927837 -0.00584048 -0.00743920
v 0.04845637 -0.00502694 -0.00743854
v 0.04801857 -0.00396562 -0.00743818
v 0.04695880 -0.00352454 -0.00743735
v 0.04589748 -0.00396222 -0.00743651
v 0.04619437 -0.00274664 -0.00743675
v 0.04545646 -0.00502211 -0.00743616
v 0.04508650 -0.00320363 -0.00743586
v 0.04695409 -0.00652450 -0.00743735
v 0.04801529 -0.00608677 -0.00743818
v 0.04257851 -0.00006781 -0.00493386
v 0.05190112 -0.00942013 -0.00494128
v 0.06125343 -0.00009756 -0.00494873
v 0.05193081 0.00925478 -0.00494134
v 0.04552668 0.00632650 -0.00493622
v 0.05832564 0.00630611 -0.00494641
v 0.05830526 -0.00649190 -0.00494641
v 0.04550629 -0.00647151 -0.00493622
v 0.04198765 -0.01156687 0.00756651
v 0.04199016 -0.01083457 0.00933427
v 0.04198735 -0.01083457 0.00579882
v 0.04199355 -0.00906688 0.01006656
v 0.04198968 -0.00906688 0.00506651
v 0.04199588 -0.00729912 0.00933427
v 0.04199308 -0.00729912 0.00579876
v 0.04199558 -0.00656682 0.00756651
v 0.04999560 -0.00657958 0.00756013
v 0.04999589 -0.00731182 0.00932789
v 0.04999297 -0.00731182 0.00579244
v 0.04999357 -0.00907957 0.01006019
v 0.04998970 -0.00907957 0.00506019
v 0.04999017 -0.01084727 0.00932795
v 0.04998737 -0.01084727 0.00579244
v 0.04998767 -0.01157957 0.00756019
v 0.06228638 -0.00939920 -0.00684956
v 0.06268316 -0.01139980 -0.00684988
v 0.06229156 -0.00939920 -0.00034960
v 0.06230109 -0.00339919 -0.00034961
v 0.06230336 -0.00049923 -0.00324958
v 0.06230675 0.00470075 -0.00944957
v 0.06231468 0.00660074 -0.00324958
v 0.06230556 0.00470075 -0.01094955
v 0.06230857 0.00660074 -0.01094955
v 0.07482517 -0.00083195 -0.01388799
v 0.07530918 0.00112825 -0.01388144
v 0.07673497 -0.00031448 -0.01388143
v 0.07647700 0.00095881 -0.01380464
v 0.07653455 0.00105295 0.01120778
v 0.07460303 0.00101512 0.01115307
v 0.07641453 -0.00125557 0.01115162
v 0.07448310 -0.00129339 0.01120942
v 0.07662888 0.00099757 0.00957229
v 0.07662536 -0.00124161 0.00957231
v 0.07673988 0.00111520 0.00073889
v 0.07673597 -0.00135961 0.00073890
v 0.07438625 -0.00123802 0.00957406
v 0.07426116 -0.00135565 0.00074087
v 0.07438979 0.00100114 0.00957406
v 0.07426503 0.00111914 0.00074087
v 0.07349926 -0.00011705 -0.00085852
v 0.07426372 0.00111914 -0.00085913
v 0.07550239 0.00187969 -0.00086012
v 0.07673860 0.00111520 -0.00086110
v 0.07749921 -0.00012342 -0.00086171
v 0.07673475 -0.00135961 -0.00086110
v 0.07549607 -0.00212014 -0.00086011
v 0.07425988 -0.00135565 -0.00085913
v 0.07437927 -0.00128141 -0.01220135
v 0.07431064 0.00106311 -0.01219997
v 0.07660116 0.00104097 -0.01220313
v 0.07666980 -0.00130356 -0.01220187
v 0.07289099 -0.00161606 -0.01055794
v 0.06952476 -0.00161070 -0.01055538
v 0.06952595 -0.00161070 -0.00905532
v 0.06953078 0.00138920 -0.00905532
v 0.07289576 0.00138384 -0.01055794
v 0.06952959 0.00138920 -0.01055538
v 0.06934309 -0.00011044 -0.00860518
v 0.08145821 0.00137025 -0.01056486
v 0.07699534 0.00247541 -0.01094627
v 0.07399534 0.00248021 -0.01094388
v 0.07016235 -0.00318670 -0.00815582
v 0.07017219 0.00296318 -0.00815582
v 0.07242691 0.00521064 -0.00815767
v 0.07857686 0.00520080 -0.00816256
v 0.08082437 0.00294626 -0.00816435
v 0.08145940 0.00137025 -0.00906485
v 0.08164298 -0.00013003 -0.00861499
v 0.08081459 -0.00320369 -0.00816435
v 0.08145457 -0.00162971 -0.00906485
v 0.08145338 -0.00162971 -0.01056486
v 0.07855987 -0.00545108 -0.00816256
v 0.07240998 -0.00544131 -0.00815761
v 0.07398706 -0.00271588 -0.01094388
v 0.07698708 -0.00272065 -0.01094627
v 0.07289797 0.00138384 -0.00785804
v 0.07289320 -0.00161606 -0.00785804
v 0.07548886 -0.00312018 -0.00786006
v 0.07808941 -0.00162434 -0.00786215
v 0.07549846 0.00287974 -0.00786006
v 0.07809418 0.00137562 -0.00786215
v 0.03940987 -0.00506270 0.01116859
v 0.04044699 -0.00506437 0.00966835
v 0.04109644 -0.00506538 0.01066786
v 0.04158967 -0.00506622 0.00833058
v 0.04223918 -0.00506723 0.00933003
v 0.04244858 -0.00506759 0.00640243
v 0.04332142 -0.00506896 0.00704259
v 0.04314595 -0.00506866 0.00541574
v 0.04446577 -0.00512874 0.00468892
v 0.04416805 -0.00507033 0.00611269
v 0.04527717 -0.00552076 0.00456393
v 0.04545998 -0.00578320 0.00560421
v 0.04576510 -0.00667286 0.00556767
v 0.05730817 -0.01101199 0.00555436
v 0.05813312 -0.00636580 0.00563186
v 0.05855917 -0.00553536 0.00462001
v 0.05856198 -0.00553358 0.00576097
v 0.05999972 -0.00509552 0.00538140
v 0.05975740 -0.00509514 0.00658758
v 0.06256967 -0.00509959 0.01001280
v 0.06304287 -0.00510037 0.00901234
v 0.06364220 -0.00510132 0.01085048
v 0.06411540 -0.00510210 0.00985014
v 0.06497025 -0.00510341 0.01114827
v 0.06544345 -0.00510418 0.01014786
v 0.07550040 -0.00512022 0.01063987
v 0.07551637 0.00487971 0.01063987
v 0.06545937 0.00489575 0.01014786
v 0.06498616 0.00489652 0.01114827
v 0.06413125 0.00489783 0.00985014
v 0.06365805 0.00489861 0.01085048
v 0.06305879 0.00489956 0.00901234
v 0.06258559 0.00490034 0.01001280
v 0.06001563 0.00490441 0.00538141
v 0.05977336 0.00490479 0.00658756
v 0.05857837 0.00534701 0.00462043
v 0.05840283 0.00559771 0.00570503
v 0.05808365 0.00650746 0.00561601
v 0.04651027 0.01092231 0.00556296
v 0.04572093 0.00621232 0.00557238
v 0.04503614 0.00520992 0.00458577
v 0.04530495 0.00538540 0.00563049
v 0.04418289 0.00492960 0.00477075
v 0.04387232 0.00493011 0.00639796
v 0.04316186 0.00493127 0.00541568
v 0.04311394 0.00493133 0.00740194
v 0.04246449 0.00493234 0.00640243
v 0.04225516 0.00493270 0.00933003
v 0.04160565 0.00493371 0.00833058
v 0.04111236 0.00493455 0.01066786
v 0.04046285 0.00493556 0.00966829
v 0.02651125 0.00070780 0.01267886
v 0.02650886 -0.00079220 0.01267886
v 0.06227614 -0.00084917 0.01083948
v 0.06367972 -0.00136194 0.01099977
v 0.06752577 -0.00048251 0.01114618
v 0.06497567 -0.00165343 0.01114827
v 0.06754517 0.00064245 0.01114618
v 0.06752699 -0.00048252 0.01264619
v 0.06754636 0.00064245 0.01264619
v 0.04714083 0.00176799 0.00556242
v 0.04623378 0.00085761 0.00617295
v 0.04832232 0.00182837 0.00627291
v 0.04761379 0.00098162 0.00676208
v 0.04618802 0.00022645 0.00697319
v 0.04487649 0.00067854 0.00702828
v 0.04415768 0.00067969 0.00786987
v 0.04321506 0.00119834 0.00744963
v 0.04425120 0.00147951 0.00606400
v 0.04235619 0.00119971 0.00937772
v 0.04651218 0.00911784 0.00556296
v 0.04329880 0.00068106 0.00979802
v 0.04213341 0.00068292 0.01082348
v 0.04192298 0.00068325 0.01192545
v 0.05012500 0.00436693 0.00556004
v 0.04974587 0.00325970 0.00666036
v 0.05199695 0.00390825 0.00665857
v 0.05405225 0.00329258 0.00665692
v 0.05557955 0.00181590 0.00666258
v 0.05945688 0.00077248 0.00701746
v 0.05845169 0.00065692 0.00715367
v 0.06188037 0.00065147 0.01077721
v 0.06300997 0.00064967 0.01220649
v 0.06261301 0.00065030 0.01115006
v 0.06368371 0.00115912 0.01099977
v 0.06248903 0.00116763 0.01008698
v 0.05619610 0.00084932 0.00682666
v 0.05749032 0.00048032 0.00653847
v 0.06498068 0.00144648 0.01114827
v 0.05985796 0.00145465 0.00668973
v 0.05878549 0.00145638 0.00585192
v 0.05731297 0.00197785 0.00555441
v 0.05617177 0.00215316 0.00555521
v 0.05371916 0.00436884 0.00555718
v 0.05192196 0.00471723 0.00555861
v 0.07150876 -0.00011387 0.01114308
v 0.07350391 -0.00358122 0.01114147
v 0.07351487 0.00334716 0.01114147
v 0.07751369 0.00334078 0.01113826
v 0.07984218 0.00237316 0.01063635
v 0.07950878 -0.00012661 0.01113665
v 0.07983419 -0.00262743 0.01063635
v 0.07750266 -0.00358760 0.01113826
v 0.06498056 0.00064653 0.01264828
v 0.04806816 0.00911534 0.00556171
v 0.04807066 0.01067036 0.00556171
v 0.05749477 0.00319296 0.00556322
v 0.05767692 0.00290815 0.00455409
v 0.05349259 0.00221260 0.00455737
v 0.05036181 0.00221759 0.00455987
v 0.04912380 -0.00007751 0.00485333
v 0.05035450 -0.00237795 0.00455987
v 0.05766739 -0.00309183 0.00455411
v 0.04796504 -0.01075255 0.00456178
v 0.07394619 0.00218004 0.01014111
v 0.07707703 0.00217505 0.01013861
v 0.07807378 -0.00012388 0.01037375
v 0.07706974 -0.00242052 0.01013861
v 0.07393895 -0.00241554 0.01014111
v 0.07294254 -0.00011660 0.01037783
v 0.05348529 -0.00238297 0.00455737
v 0.05472381 -0.00008786 0.00484888
v 0.05588209 0.01058715 0.00455546
v 0.05587977 0.00917357 0.00455546
v 0.05729436 0.00917137 0.00455433
v 0.03650325 -0.00305809 0.01017090
v 0.03651280 0.00294183 0.01017090
v 0.06497818 -0.00085347 0.01264828
v 0.06300759 -0.00085033 0.01220649
v 0.06141608 -0.00084779 0.01096326
v 0.05871456 -0.00084350 0.00736086
v 0.05762979 -0.00084177 0.00660922
v 0.04185188 -0.00081664 0.01154607
v 0.04329648 -0.00081894 0.00979802
v 0.04445845 -0.00082079 0.00768717
v 0.04622968 -0.00082362 0.00669648
v 0.05615050 -0.00102589 0.00692193
v 0.05552286 -0.00206967 0.00651433
v 0.05445857 0.00113539 0.00638303
v 0.05443606 -0.00143698 0.00636569
v 0.05344418 -0.00221211 0.00644766
v 0.05192049 -0.00283745 0.00630800
v 0.05197753 -0.00421818 0.00692524
v 0.05039881 -0.00220704 0.00645008
v 0.04827090 -0.00198126 0.00666838
v 0.04941596 -0.00136611 0.00636926
v 0.04938833 0.00120012 0.00638833
v 0.05040025 0.00204262 0.00645008
v 0.05192931 0.00267207 0.00630800
v 0.05345683 0.00203766 0.00644763
v 0.04765464 -0.00101469 0.00683346
v 0.06248498 -0.00136661 0.01008698
v 0.05976286 -0.00136229 0.00676396
v 0.05878049 -0.00164360 0.00585192
v 0.05577808 -0.01083564 0.00555557
v 0.05578047 -0.00928074 0.00555557
v 0.05192667 -0.00488257 0.00555861
v 0.05012959 -0.00453424 0.00556004
v 0.04743805 -0.00206512 0.00556219
v 0.04623127 -0.00134075 0.00568029
v 0.04468339 -0.00082115 0.00673479
v 0.04321107 -0.00133595 0.00744963
v 0.04235210 -0.00133458 0.00937772
v 0.04247897 -0.00081764 0.01048028
v 0.04424619 -0.00162041 0.00606400
v 0.04080793 -0.00135696 0.01091790
v 0.03941535 -0.00161272 0.01116859
v 0.04979829 -0.00345796 0.00666032
v 0.05410466 -0.00342510 0.00665688
v 0.05372375 -0.00453234 0.00555718
v 0.05640429 -0.00207943 0.00555506
v 0.05746158 -0.00280157 0.00555878
v 0.05724633 -0.00924024 0.00555441
v 0.05738493 -0.00107568 0.00578856
v 0.08649009 -0.00013761 -0.01233887
v 0.07849067 -0.00012620 -0.01162578
v 0.06661431 -0.00427596 -0.01140634
v 0.06393553 -0.00342506 -0.01142257
v 0.06394611 0.00322135 -0.01142257
v 0.07249063 -0.00011427 -0.01162101
v 0.06699585 0.00304329 -0.01132327
v 0.05990385 -0.00509941 -0.01027759
v 0.05991977 0.00490855 -0.01027762
v 0.05883492 -0.00521438 -0.01025655
v 0.05391847 -0.00159419 -0.01026785
v 0.05145249 -0.00299378 -0.01037410
v 0.05392396 0.00142111 -0.01026786
v 0.05146175 0.00282985 -0.01037410
v 0.05885123 0.00502694 -0.01025655
v 0.04410553 0.00493287 -0.01025731
v 0.04903313 0.00143853 -0.01030294
v 0.04408955 -0.00507335 -0.01025730
v 0.04902767 -0.00159353 -0.01030294
v 0.04534727 -0.00560611 -0.01023608
v 0.05821150 -0.00599462 -0.01024639
v 0.04313027 0.00493127 -0.01048439
v 0.04311430 -0.00506866 -0.01048439
v 0.04148372 -0.00506604 -0.01114639
v 0.04149964 0.00493389 -0.01114639
v 0.04057836 0.00493532 -0.01130229
v 0.04056245 -0.00506461 -0.01130229
v 0.03624859 -0.00313023 -0.01129886
v 0.03625908 0.00348970 -0.01129886
v 0.04654115 -0.00933641 -0.01023709
v 0.05932405 0.00497106 -0.01134772
v 0.05838012 0.00561467 -0.01124641
v 0.05823028 0.00580913 -0.01024639
v 0.05807030 0.00650746 -0.01124620
v 0.05763804 0.01093816 -0.01124584
v 0.04636025 0.01081472 -0.01123687
v 0.04577267 0.00652707 -0.01123648
v 0.04543095 0.00554138 -0.01123619
v 0.04536485 0.00546157 -0.01023608
v 0.04420817 0.00494420 -0.01126955
v 0.04333448 0.00493097 -0.01148456
v 0.04170391 0.00493354 -0.01214650
v 0.04078257 0.00493503 -0.01230245
v 0.06350203 0.00489883 -0.01228664
v 0.06380039 0.00489837 -0.00945079
v 0.06348610 -0.00510110 -0.01228664
v 0.06378448 -0.00510156 -0.00945073
v 0.05930790 -0.00516002 -0.01134769
v 0.05836195 -0.00580060 -0.01124641
v 0.05804926 -0.00669247 -0.01124620
v 0.05746167 -0.01098009 -0.01124569
v 0.04618388 -0.01110357 -0.01123678
v 0.04575169 -0.00667286 -0.01123636
v 0.04541319 -0.00568610 -0.01123619
v 0.04419216 -0.00508501 -0.01126955
v 0.04331856 -0.00506896 -0.01148456
v 0.04168805 -0.00506639 -0.01214650
v 0.04076665 -0.00506490 -0.01230245
v 0.02648818 -0.00054220 -0.01379108
v 0.02648979 0.00045780 -0.01379108
v 0.04358963 0.00047258 -0.01234200
v 0.04180146 0.00097752 -0.01220367
v 0.04077666 0.00123501 -0.01230245
v 0.04938223 0.00028854 -0.01222814
v 0.04707786 0.00058121 -0.01203230
v 0.04867839 0.00143509 -0.01199133
v 0.05037483 0.00361088 -0.01217508
v 0.05127141 0.00264254 -0.01201339
v 0.05437914 0.00011362 -0.01220326
v 0.05687912 0.00053632 -0.01197138
v 0.05247286 0.00260898 -0.01204171
v 0.04924991 -0.00150723 -0.01201293
v 0.05264570 -0.00262692 -0.01213186
v 0.05126273 -0.00280587 -0.01201338
v 0.05440433 -0.00072368 -0.01187632
v 0.04945945 -0.00057878 -0.01273936
v 0.05665316 -0.00072691 -0.01231512
v 0.05561590 -0.00158858 -0.01231426
v 0.05344516 -0.00377637 -0.01231259
v 0.05036336 -0.00377148 -0.01231008
v 0.04848519 -0.00144275 -0.01210340
v 0.04671806 -0.00057442 -0.01230716
v 0.06749749 -0.00035749 -0.01232373
v 0.06330095 -0.00071215 -0.01225553
v 0.06749630 -0.00035751 -0.01382371
v 0.06331916 -0.00060086 -0.01378645
v 0.05890622 -0.00059383 -0.01128077
v 0.05873213 -0.00059355 -0.01278064
v 0.05665409 -0.00072691 -0.01124512
v 0.05561667 -0.00158858 -0.01124429
v 0.05344605 -0.00377637 -0.01124256
v 0.05036407 -0.00377148 -0.01124006
v 0.04790669 -0.00121296 -0.01123812
v 0.04671889 -0.00057442 -0.01123720
v 0.04423436 -0.00057046 -0.01126682
v 0.04454073 -0.00057095 -0.01276701
v 0.04363209 -0.00056950 -0.01298475
v 0.04332566 -0.00056901 -0.01148456
v 0.04200148 -0.00056691 -0.01364677
v 0.04169517 -0.00056642 -0.01214650
v 0.04108097 -0.00006544 -0.01380264
v 0.04077386 -0.00056495 -0.01230245
v 0.06750649 0.00039248 -0.01232379
v 0.06750530 0.00039248 -0.01382374
v 0.08165923 -0.00400233 -0.01233500
v 0.08340972 -0.00267559 -0.01233643
v 0.08341783 0.00240990 -0.01233643
v 0.08213835 -0.00281638 -0.01233536
v 0.08189675 0.00292525 -0.01233518
v 0.07349556 0.00334704 -0.01232844
v 0.07149010 -0.00011387 -0.01232689
v 0.07348459 -0.00358111 -0.01232844
v 0.07748460 -0.00358748 -0.01233166
v 0.07949006 -0.00012661 -0.01233327
v 0.08169668 0.00418860 -0.01233506
v 0.07749557 0.00334066 -0.01233166
v 0.06613850 -0.00279093 -0.01232266
v 0.06306858 0.00086701 -0.01231326
v 0.06614696 0.00258023 -0.01232266
v 0.06362531 0.00143048 -0.01230427
v 0.06422660 0.00343878 -0.01227108
v 0.06428254 0.00263622 -0.01232117
v 0.06287626 0.00216426 -0.01217573
v 0.06184339 0.00156096 -0.01193383
v 0.05889769 0.00097990 -0.01137595
v 0.06162986 0.00066506 -0.01217457
v 0.05952566 0.00040519 -0.01221251
v 0.05868541 0.00040653 -0.01205423
v 0.06332076 0.00039914 -0.01378645
v 0.05334842 0.00190155 -0.01125182
v 0.05449805 0.00031320 -0.01122338
v 0.05402825 -0.00155342 -0.01186686
v 0.05320962 -0.00228222 -0.01119948
v 0.04962916 0.00160383 -0.01173827
v 0.05407685 -0.00215781 -0.01204305
v 0.05732297 -0.00928283 -0.01124554
v 0.05576485 -0.01083600 -0.01124435
v 0.05576735 -0.00928038 -0.01124435
v 0.04649895 0.00911748 -0.01123696
v 0.04805707 0.01067066 -0.01123827
v 0.04805457 0.00911498 -0.01123827
v 0.05728238 0.00917101 -0.01024556
v 0.04200306 0.00043309 -0.01364677
v 0.04470011 0.00042880 -0.01238557
v 0.04434065 0.00104078 -0.01133447
v 0.06345213 0.00129274 -0.00945050
v 0.06336477 0.00053023 -0.01080043
v 0.06378710 -0.00345129 -0.00945073
v 0.06238740 -0.00093925 -0.00944963
v 0.06190427 0.00138240 -0.00944924
v 0.06379771 0.00324809 -0.00945079
v 0.06282120 0.00221962 -0.00945002
v 0.06369313 -0.00055892 -0.00945070
v 0.06303483 -0.00086753 -0.01080015
v 0.06266069 0.00055572 -0.01079988
v 0.06265187 0.00224635 -0.01079982
v 0.06350859 -0.00178961 -0.00945054
v 0.06228613 -0.00087615 -0.01203852
v 0.06185957 -0.00189653 -0.01193898
v 0.06264435 -0.00244594 -0.01079982
v 0.06286909 -0.00236456 -0.01217573
v 0.06343775 -0.00160110 -0.01229357
v 0.05345785 0.00360578 -0.01204258
v 0.04954928 0.00343197 -0.01147377
v 0.05191755 0.00415158 -0.01147556
v 0.05428349 0.00342441 -0.01147747
v 0.05628651 0.00151849 -0.01132291
v 0.05710440 0.00120902 -0.01124548
v 0.05376809 0.00434351 -0.01124274
v 0.05006808 0.00434941 -0.01123988
v 0.04711838 0.00143715 -0.01123752
v 0.04332858 0.00123096 -0.01148456
v 0.06413687 -0.00347151 -0.01229915
v 0.03942030 0.00148719 0.01116859
v 0.04081293 0.00122669 0.01091790
v 0.06867003 -0.00694334 -0.00750467
v 0.06584393 -0.00010490 -0.00750241
v 0.07547817 -0.01000060 -0.00754048
v 0.08245021 -0.00711749 -0.00739896
v 0.08564419 -0.00013645 -0.00716817
v 0.08247253 0.00685479 -0.00739898
v 0.07550965 0.00976013 -0.00754054
v 0.06853783 0.00687701 -0.00738788
v 0.07550817 0.00917971 -0.00816011
v 0.06820660 -0.00739902 -0.00715428
v 0.07547861 -0.00942022 -0.00816005
v 0.06519418 -0.00010369 -0.00715190
v 0.07747900 -0.00354421 0.01228827
v 0.07945972 -0.00012653 0.01228672
v 0.07748982 0.00329745 0.01228827
v 0.07354042 0.00330374 0.01229143
v 0.07155972 -0.00011395 0.01229304
v 0.07352960 -0.00353792 0.01229143
v 0.07702895 0.00201375 0.01205294
v 0.07809643 0.00006359 0.01181439
v 0.07701296 -0.00226568 0.01205294
v 0.07399867 -0.00226055 0.01205531
v 0.07292279 0.00007094 0.01181851
v 0.07399713 0.00201872 0.01205538
v 0.05467913 -0.00008766 0.00634186
v 0.04917081 -0.00007771 0.00634626
v 0.07801667 -0.00149408 0.01195219
v 0.07551373 0.00262833 0.01186328
v 0.07299715 -0.00148473 0.01195618
v 0.07550492 -0.00286880 0.01186328
v 0.07297405 0.00127812 0.01196427
v 0.07805058 0.00126781 0.01196024
v 0.07395191 -0.00251513 -0.01331061
v 0.07701904 -0.00252002 -0.01331309
v 0.07826816 -0.00012494 -0.01331654
v 0.07702666 0.00227466 -0.01331309
v 0.07395956 0.00227954 -0.01331062
v 0.07273751 -0.00011560 -0.01335610
v 0.06496000 -0.00341344 -0.01214665
v 0.07749480 0.00334066 -0.01343166
v 0.07948917 -0.00012661 -0.01343327
v 0.07748371 -0.00358748 -0.01343166
v 0.07348370 -0.00358111 -0.01342844
v 0.07148915 -0.00011387 -0.01342689
v 0.07349479 0.00334704 -0.01342844
v 0.07985055 -0.00734170 0.00990063
v 0.07984822 -0.00734170 0.00697215
v 0.08123623 -0.00647852 0.00982735
v 0.08097916 -0.00628024 0.00693548
v 0.07871608 -0.00805433 0.00982934
v 0.07716044 -0.00848274 0.00985218
v 0.07715822 -0.00848274 0.00702487
v 0.07871386 -0.00805433 0.00704524
v 0.07419276 -0.00844370 0.00990513
v 0.07419041 -0.00844370 0.00697668
v 0.07574141 -0.00835758 0.00993967
v 0.07580675 -0.00867316 0.00704756
v 0.07286553 -0.00826040 0.00983402
v 0.07139852 -0.00758862 0.00985677
v 0.07139625 -0.00758862 0.00702947
v 0.07286330 -0.00826040 0.00704989
v 0.06909200 -0.00573277 0.00985862
v 0.07039189 -0.00658053 0.00994390
v 0.07023854 -0.00686578 0.00705199
v 0.06755926 -0.00319999 0.00985982
v 0.06755704 -0.00319999 0.00703252
v 0.06849086 -0.00444114 0.00994545
v 0.06835793 -0.00476514 0.00703189
v 0.06698529 -0.00029578 0.00986028
v 0.06743615 -0.00178063 0.00994629
v 0.06713483 -0.00190207 0.00705445
v 0.06743921 0.00262961 0.00985993
v 0.06743694 0.00262961 0.00703263
v 0.06735497 0.00108009 0.00994635
v 0.06703018 0.00106828 0.00705454
v 0.06886628 0.00522335 0.00985877
v 0.06874467 0.00512710 0.00705317
v 0.06825727 0.00379616 0.00994563
v 0.06794784 0.00389533 0.00705381
v 0.07109447 0.00717261 0.00985701
v 0.07109222 0.00717261 0.00702972
v 0.07003396 0.00603980 0.00994420
v 0.07003170 0.00603980 0.00694424
v 0.07389657 0.00815102 0.00990537
v 0.07389426 0.00815102 0.00697689
v 0.07247096 0.00754046 0.00994229
v 0.07229723 0.00781386 0.00705033
v 0.07498935 0.00858501 0.00976017
v 0.07681470 0.00830322 0.00985247
v 0.07681242 0.00830322 0.00702516
v 0.07527428 0.00811708 0.00994003
v 0.07520433 0.00843269 0.00704804
v 0.07959020 0.00725158 0.00990084
v 0.07958785 0.00725158 0.00697237
v 0.07810568 0.00770020 0.00993776
v 0.07814774 0.00801989 0.00704569
v 0.08077474 0.00662529 0.00982773
v 0.08192347 0.00549242 0.00984839
v 0.08077250 0.00662529 0.00704360
v 0.08337131 0.00290279 0.00696935
v 0.08252477 0.00420070 0.00993425
v 0.08265300 0.00452477 0.00702052
v 0.08403023 0.00005541 0.00984672
v 0.08387844 0.00166160 0.00982524
v 0.08387623 0.00166160 0.00704113
v 0.08347422 -0.00286044 0.00696927
v 0.08366060 -0.00132060 0.00993335
v 0.08398087 -0.00130877 0.00704105
v 0.08417074 -0.00112143 0.00975285
v 0.08306543 -0.00413582 0.00982588
v 0.08213082 -0.00558459 0.00981451
v 0.07687899 -0.00012253 0.01017869
v 0.08278751 0.00468124 0.00975396
v 0.07550502 -0.00201623 0.01019518
v 0.07602599 -0.00882548 0.00975932
v 0.07413704 -0.00011794 0.01018087
v 0.07204325 0.00788273 0.00976249
v 0.06951502 0.00621520 0.00976451
v 0.06770957 0.00378348 0.00976595
v 0.06702469 -0.00214232 0.00976650
v 0.06822786 -0.00492172 0.00976555
v 0.07030910 -0.00712201 0.00976390
v 0.06684463 0.00088095 0.00976664
v 0.07551105 0.00177576 0.01019518
v 0.07799802 0.00823727 0.00975776
v 0.08226635 -0.00536761 0.00704239
v 0.08306319 -0.00413582 0.00704178
v 0.07660758 -0.00896686 0.00722766
v 0.07066339 -0.00760543 0.00723237
v 0.06839519 -0.00549781 0.00723421
v 0.06698477 -0.00274163 0.00723529
v 0.06729328 0.00334877 0.00723505
v 0.07144451 0.00781596 0.00723177
v 0.07440376 0.00872636 0.00722939
v 0.07749587 0.00856972 0.00722694
v 0.08261620 0.00525737 0.00722289
v 0.05361187 0.00389594 0.00725728
v 0.05368288 0.00378250 0.00965723
v 0.05180881 0.00419581 0.00725873
v 0.05224147 0.00411802 0.00965837
v 0.05006225 0.00381604 0.00726011
v 0.04974192 0.00360723 0.00966036
v 0.04883903 0.00278178 0.00966108
v 0.04864379 0.00253445 0.00726125
v 0.04787355 0.00061838 0.00726185
v 0.04767990 0.00050889 0.00966201
v 0.04776235 -0.00071145 0.00966194
v 0.04881465 -0.00303467 0.00726110
v 0.04881652 -0.00303467 0.00966112
v 0.05023939 -0.00406124 0.00725996
v 0.05017228 -0.00394781 0.00966002
v 0.05385500 -0.00386498 0.00965708
v 0.05378916 -0.00398140 0.00725715
v 0.05202311 -0.00432665 0.00965855
v 0.05530527 -0.00265410 0.00965594
v 0.05342364 -0.00268313 0.00990745
v 0.05608646 -0.00093391 0.00965532
v 0.05492779 -0.00008746 0.00990626
v 0.05604400 0.00095473 0.00965534
v 0.05042371 -0.00267836 0.00990984
v 0.04892778 -0.00007791 0.00991100
v 0.05516634 -0.00289184 0.00725605
v 0.05518628 0.00263792 0.00965604
v 0.05043205 0.00251779 0.00990981
v 0.05343168 0.00251299 0.00965744
v 0.05503688 0.00286919 0.00725615
v 0.00146848 -0.00833265 0.01619880
v 0.00707245 -0.00708222 0.01599436
v -0.00706950 -0.00705969 0.01600557
v 0.01001268 -0.00001593 0.01599198
v -0.00923157 -0.00381249 0.01640737
v -0.00872128 -0.00266170 0.01620693
v -0.00965295 -0.00140017 0.01614099
v -0.00956047 -0.00005864 0.01640761
v -0.00839925 -0.00096958 0.01613998
v 0.00709495 0.00705969 0.01599436
v -0.00704697 0.00708222 0.01600557
v 0.00028463 -0.00950833 0.01619973
v 0.00382522 -0.00924462 0.01599699
v 0.00197252 -0.00956806 0.01613175
v 0.00298852 -0.00865054 0.01599758
v -0.00144268 0.00833265 0.01620113
v -0.00025883 0.00950833 0.01620021
v -0.00379944 0.00924462 0.01640295
v -0.00194683 0.00956806 0.01613485
v -0.00296304 0.00865054 0.01600236
v 0.07763287 -0.00012365 -0.01370188
v 0.07798190 -0.00164008 -0.01390436
v 0.07798599 0.00139313 -0.01390437
v 0.07689050 -0.00012236 -0.01230361
v 0.07549234 0.00125949 -0.01225409
v 0.07408976 -0.00011811 -0.01230140
v 0.07548796 -0.00149996 -0.01225409
v 0.07548559 -0.00299926 -0.01222638
v 0.07549337 0.00267569 -0.01380079
v 0.07299577 0.00139961 -0.01390039
v 0.07299171 -0.00163359 -0.01390039
v 0.07548440 -0.00292595 -0.01383933
v 0.07309031 -0.00011641 -0.01212817
v 0.07549484 0.00277431 -0.01218173
v 0.07789027 -0.00012406 -0.01213198
v 0.07686701 -0.00012251 0.01178122
v 0.07550730 -0.00142163 0.01185563
v 0.07551141 0.00118115 0.01185564
v 0.07415155 -0.00011796 0.01178337
v 0.05066272 0.00115980 -0.01155033
v 0.05073839 0.00097128 -0.01032036
v 0.05311006 0.00161248 -0.01204228
v 0.04890646 -0.00007861 -0.01061639
v 0.05300777 -0.00168428 -0.01182967
v 0.05327663 -0.00008473 0.00623096
v 0.05201030 0.00119097 0.00630146
v 0.05124700 -0.00113368 0.00463915
v 0.05183959 -0.00135633 0.00630160
v 0.05057314 -0.00008064 0.00623313
v -0.00626248 0.00000995 -0.01572614
v -0.00483689 0.00279435 -0.01609611
v -0.00484583 -0.00277892 -0.01609611
v -0.00434774 -0.00249141 -0.01594644
v -0.00002083 -0.00506459 -0.01603533
v -0.00001855 -0.00506459 -0.01316461
v 0.00438145 -0.00254285 -0.01317843
v 0.00465653 0.00268308 -0.01315369
v 0.00518089 -0.00300825 -0.01310408
v -0.00000161 0.00568875 -0.01340380
v -0.00466887 0.00269798 -0.01314624
v -0.00467747 -0.00268308 -0.01314624
v -0.00002051 -0.00608331 -0.01359172
v -0.00433975 0.00250524 -0.01594644
v -0.00000470 0.00506459 -0.01603533
v -0.00000259 0.00499993 -0.01324999
v 0.00438732 0.00252879 -0.01602843
v 0.00437915 -0.00254285 -0.01602843
v -0.00302100 -0.00519127 -0.01609760
v -0.00002248 -0.00624998 -0.01573115
v 0.00297880 -0.00520080 -0.01610237
v 0.00517851 -0.00300825 -0.01610410
v -0.00300449 0.00520080 -0.01609760
v -0.00000257 0.00624998 -0.01573115
v 0.00299537 0.00519127 -0.01610237
v 0.00518805 0.00299168 -0.01610410
v 0.00623740 -0.00000995 -0.01573613
v 0.05260026 0.00096834 0.00463807
v 0.05468538 0.00467604 0.00990644
v 0.04918536 0.00468480 0.00991082
v 0.04642781 -0.00007393 0.00991296
v 0.04917028 -0.00484139 0.00991085
v 0.05742779 -0.00009144 0.00990423
v 0.05467024 -0.00485015 0.00990644
v 0.05466785 -0.00485015 0.00700644
v 0.04916790 -0.00484139 0.00701082
v 0.04918306 0.00468480 0.00701082
v 0.05468306 0.00467604 0.00700644
v 0.00073762 -0.00844389 0.01559937
v 0.00084886 -0.00973910 0.01559925
v 0.00219285 -0.00818968 0.01559829
v -0.00071278 0.00844389 0.01560056
v -0.00250244 0.00944590 0.01560199
v -0.00216800 0.00818968 0.01560169
v -0.00943071 -0.00048482 0.01560747
v -0.00943351 -0.00251490 0.01560747
v -0.00825670 -0.00181937 0.01560652
v 0.07781673 -0.00169393 -0.01222578
v 0.07312722 -0.00167162 -0.01220896
v 0.07316364 0.00145347 -0.01222206
v 0.07785317 0.00143116 -0.01221272
v 0.07360136 -0.00011723 -0.01346880
v 0.07807276 0.00136892 -0.01216997
v 0.07291386 0.00137267 -0.01216291
v 0.07290768 -0.00160938 -0.01216585
v 0.07806657 -0.00161314 -0.01216700
v 0.07358262 0.00157393 0.01124887
v 0.07743911 0.00156972 0.01124580
v 0.07718977 -0.00180668 0.01091975
v 0.07382211 -0.00180131 0.01092241
v 0.07804726 -0.00163104 0.01016716
v 0.07805286 0.00138092 0.01016717
v 0.07296876 0.00139057 0.01017120
v 0.07296319 -0.00162140 0.01017121
v 0.07550328 -0.00311170 0.01019024
v 0.07551276 0.00287122 0.01019024
v 0.04924206 -0.00007932 -0.01144857
v 0.05141442 0.00203058 -0.01114088
v 0.05113303 -0.00196606 -0.01114068
v 0.05140560 -0.00307733 -0.01198262
v 0.05141518 0.00291355 -0.01198262
v 0.05441170 -0.00008311 -0.01032328
v 0.05024196 -0.00175935 0.00516244
v 0.05192063 -0.00229098 0.00531946
v 0.05360077 -0.00176469 0.00515975
v 0.05360611 0.00159401 0.00515975
v 0.05192769 0.00212562 0.00531942
v 0.05024730 0.00159935 0.00516242
v 0.05437946 0.00164223 0.00627667
v 0.04948008 0.00165582 0.00628060
v 0.05436980 -0.00182122 0.00627667
v 0.04947036 -0.00180757 0.00628060
v -0.00432737 0.00432992 -0.01406082
v 0.00431873 0.00431617 -0.01406772
v 0.00430496 -0.00432992 -0.01406772
v -0.00434112 -0.00431617 -0.01406082
v 0.00447325 0.00447118 -0.01531781
v -0.00448336 0.00448543 -0.01531068
v -0.00449763 -0.00447118 -0.01531068
v 0.00445900 -0.00448543 -0.01531781
v 0.00545585 -0.00000871 -0.01460432
v -0.00000294 0.00545496 -0.01459997
v -0.00547910 0.00000871 -0.01459562
v -0.00002031 -0.00545496 -0.01459997
v -0.00000038 0.00674999 -0.01398187
v -0.00677755 0.00001078 -0.01424754
v -0.00002188 -0.00674999 -0.01398187
v 0.00675486 -0.00001078 -0.01425835
v -0.00477809 0.00478047 -0.01609617
v 0.00476766 0.00476527 -0.01610380
v 0.00673783 -0.00001075 -0.01522350
v 0.00475246 -0.00478047 -0.01610380
v -0.00479329 -0.00476527 -0.01609617
v -0.00676209 0.00001075 -0.01521265
v -0.00002453 -0.00734997 -0.01609998
v 0.00741216 0.00000000 -0.01603087
v 0.00676703 0.00303221 -0.01318031
v 0.00291073 0.00682601 -0.01317727
v -0.00292012 0.00683096 -0.01317268
v -0.00678819 0.00303185 -0.01316955
v -0.00293171 -0.00682601 -0.01317262
v -0.00678801 -0.00303221 -0.01316955
v 0.00289914 -0.00683096 -0.01317727
v 0.00676721 -0.00303185 -0.01318031
v -0.00000111 0.00734997 -0.01609998
v -0.00743768 0.00000000 -0.01601904
v 0.07466679 0.00130999 -0.01302945
v 0.07631677 0.00130737 -0.01303076
v 0.07631230 -0.00155044 -0.01303076
v 0.07466226 -0.00154781 -0.01302945
v 0.05291169 -0.00158685 -0.01066708
v 0.05291646 0.00141829 -0.01066708
v 0.04956966 -0.00191742 -0.01113945
v 0.05110156 0.00134754 0.00545931
v 0.05274695 -0.00151288 0.00545800
v -0.00568432 0.00413525 -0.01459544
v -0.00443989 0.00322807 -0.01459646
v -0.00445014 -0.00321394 -0.01459646
v -0.00171327 -0.00520909 -0.01459854
v -0.00219154 -0.00667292 -0.01459825
v 0.00214702 -0.00667983 -0.01460164
v 0.00167346 -0.00521445 -0.01460129
v 0.00441664 -0.00322807 -0.01460349
v 0.00567418 0.00411719 -0.01460444
v 0.00216830 0.00667292 -0.01460164
v -0.00217026 0.00667983 -0.01459825
v -0.00569749 -0.00411719 -0.01459544
v 0.00566107 -0.00413525 -0.01460444
v 0.00442690 0.00321394 -0.01460349
v 0.00169003 0.00520909 -0.01460129
v -0.00169671 0.00521445 -0.01459866
v 0.03401947 0.00984710 0.00475353
v 0.03521949 0.00984520 0.00475258
v 0.03521400 0.00637019 0.00475258
v 0.03521698 0.00984520 0.00152838
v 0.03520315 0.00394773 -0.00394642
v 0.03520035 0.00394773 -0.00742137
v 0.03520828 0.00717193 -0.00394642
v 0.06039929 -0.01036554 0.00085171
v 0.06040179 -0.01036554 0.00407588
f 1 2 3
f 3 2 4
f 3 4 5
f 5 4 6
f 5 6 7
f 7 6 8
f 7 8 9
f 9 8 10
f 9 10 11
f 11 10 12
f 11 12 13
f 13 12 14
f 13 14 15
f 15 14 16
f 15 16 17
f 17 16 18
f 17 18 19
f 19 18 20
f 19 20 1
f 1 20 2
f 17 14 15
f 15 14 12
f 15 12 13
f 13 12 10
f 13 10 11
f 11 10 8
f 11 8 9
f 9 8 6
f 9 6 7
f 7 6 4
f 7 4 5
f 5 4 2
f 5 2 3
f 3 2 20
f 3 20 1
f 1 20 18
f 1 18 19
f 19 18 16
f 19 16 17
f 17 16 14
f 21 22 23
f 23 22 24
f 25 24 22
f 25 22 26
f 26 22 27
f 26 27 28
f 29 30 31
f 31 30 32
f 31 32 33
f 33 32 34
f 30 35 32
f 32 35 25
f 32 25 26
f 36 37 38
f 36 38 39
f 40 41 42
f 42 41 43
f 42 43 44
f 44 45 42
f 42 45 46
f 42 46 47
f 47 46 48
f 47 48 49
f 49 50 47
f 47 50 51
f 50 52 51
f 51 52 53
f 51 53 54
f 54 55 51
f 52 56 53
f 53 56 46
f 56 57 46
f 46 57 48
f 58 59 60
f 60 59 61
f 60 61 62
f 62 61 63
f 61 64 63
f 63 64 65
f 65 64 66
f 66 64 67
f 66 67 60
f 66 60 68
f 68 60 69
f 69 60 62
f 64 70 67
f 67 70 71
f 70 72 71
f 71 72 73
f 71 73 74
f 74 75 71
f 76 77 78
f 78 77 79
f 79 80 78
f 78 80 81
f 81 80 82
f 80 83 82
f 82 83 79
f 82 79 77
f 82 84 85
f 82 77 84
f 84 77 76
f 84 76 86
f 86 76 87
f 86 87 88
f 88 89 86
f 86 89 90
f 91 92 93
f 93 92 94
f 92 95 94
f 94 95 96
f 97 98 95
f 95 98 99
f 95 99 100
f 100 99 101
f 100 101 102
f 101 99 103
f 103 99 104
f 99 105 104
f 104 105 106
f 97 107 98
f 98 107 108
f 108 109 98
f 98 109 110
f 110 109 111
f 109 112 111
f 111 112 107
f 112 108 107
f 111 113 114
f 114 113 115
f 95 92 97
f 92 116 117
f 92 117 97
f 97 117 111
f 97 111 107
f 111 118 113
f 113 118 119
f 113 119 120
f 119 121 120
f 111 117 122
f 111 122 118
f 118 122 119
f 122 123 119
f 119 123 121
f 84 45 124
f 124 45 44
f 124 44 125
f 125 44 43
f 125 43 126
f 126 43 41
f 126 41 127
f 127 41 40
f 127 40 128
f 127 128 129
f 129 128 130
f 129 130 131
f 131 130 132
f 37 36 133
f 134 132 135
f 135 132 136
f 135 136 137
f 137 136 138
f 137 138 36
f 36 138 133
f 133 138 55
f 55 138 51
f 51 138 47
f 47 138 136
f 47 136 42
f 42 136 132
f 42 132 40
f 40 132 128
f 128 132 130
f 117 116 139
f 117 139 70
f 70 139 72
f 72 139 73
f 139 140 73
f 73 140 74
f 140 141 74
f 74 141 142
f 74 142 75
f 75 142 143
f 75 143 144
f 144 143 145
f 144 145 146
f 146 145 147
f 132 134 131
f 131 134 129
f 129 134 148
f 129 148 149
f 149 148 28
f 149 28 150
f 150 28 27
f 150 27 151
f 151 27 22
f 151 22 143
f 143 22 21
f 143 21 145
f 145 21 147
f 134 148 28
f 28 152 27
f 27 152 22
f 152 22 21
f 153 154 155
f 155 154 150
f 155 150 156
f 150 154 153
f 157 142 158
f 140 159 141
f 141 160 142
f 142 160 158
f 158 160 161
f 158 161 162
f 92 91 116
f 91 93 116
f 116 93 139
f 93 163 139
f 139 163 140
f 140 163 159
f 159 163 141
f 84 124 85
f 85 124 164
f 164 124 165
f 124 125 165
f 165 125 166
f 125 126 166
f 126 127 167
f 167 127 168
f 169 170 127
f 127 170 171
f 127 171 168
f 127 129 169
f 129 149 169
f 169 149 170
f 154 149 150
f 156 150 151
f 156 151 172
f 172 151 158
f 151 143 158
f 158 143 157
f 143 142 157
f 82 85 173
f 173 85 164
f 173 164 174
f 174 164 165
f 174 165 175
f 175 165 166
f 175 166 126
f 176 177 178
f 177 179 178
f 178 179 180
f 181 182 183
f 183 182 184
f 183 184 185
f 177 176 179
f 179 176 186
f 186 176 187
f 187 188 186
f 186 188 189
f 190 191 192
f 190 192 193
f 190 193 188
f 188 193 189
f 189 193 194
f 189 194 195
f 195 194 196
f 194 197 196
f 196 197 198
f 196 198 199
f 197 199 198
f 198 199 183
f 198 183 185
f 198 185 171
f 171 185 168
f 185 200 168
f 162 161 201
f 201 161 202
f 202 203 201
f 201 203 204
f 201 204 205
f 205 204 206
f 207 205 208
f 207 208 209
f 209 208 210
f 209 210 211
f 211 210 212
f 210 213 212
f 212 213 214
f 212 214 215
f 204 203 216
f 216 203 217
f 38 189 195
f 38 195 218
f 38 218 39
f 39 218 219
f 39 219 34
f 34 219 220
f 34 220 221
f 221 220 211
f 211 220 209
f 34 221 33
f 220 207 209
f 81 82 222
f 222 82 223
f 222 223 224
f 224 223 82
f 224 82 225
f 225 82 226
f 226 82 174
f 174 82 173
f 224 225 222
f 222 225 227
f 222 227 228
f 222 228 229
f 229 228 230
f 229 230 231
f 227 225 232
f 232 225 233
f 233 225 231
f 231 225 226
f 190 234 235
f 190 235 191
f 191 235 192
f 236 237 234
f 234 237 235
f 237 238 235
f 239 240 241
f 241 240 242
f 242 240 243
f 244 245 246
f 246 245 76
f 245 247 76
f 76 247 248
f 76 248 249
f 76 249 87
f 87 249 250
f 250 251 87
f 87 251 239
f 239 251 252
f 239 252 250
f 239 250 240
f 240 250 249
f 168 200 167
f 174 175 253
f 175 126 253
f 253 126 167
f 167 200 253
f 253 200 254
f 254 200 185
f 254 185 184
f 184 182 255
f 182 181 255
f 255 181 256
f 247 245 256
f 256 245 255
f 245 244 255
f 257 258 259
f 259 258 260
f 259 260 115
f 115 113 259
f 259 113 261
f 259 261 262
f 262 261 263
f 262 263 264
f 264 263 265
f 264 265 120
f 120 265 113
f 265 261 113
f 259 262 266
f 266 262 267
f 267 262 268
f 268 262 261
f 268 261 269
f 269 261 265
f 269 265 270
f 270 265 271
f 271 265 272
f 272 265 264
f 215 214 273
f 273 214 213
f 273 213 274
f 273 274 275
f 275 274 276
f 274 277 276
f 141 163 160
f 160 163 278
f 278 163 93
f 115 260 279
f 279 260 280
f 279 280 281
f 281 280 217
f 280 260 258
f 281 217 203
f 281 203 202
f 202 161 278
f 278 161 160
f 282 283 53
f 53 283 284
f 53 284 54
f 54 284 285
f 54 285 286
f 54 286 55
f 55 286 287
f 287 286 180
f 286 288 180
f 38 37 189
f 189 37 186
f 186 37 179
f 37 133 179
f 179 133 180
f 133 55 180
f 180 55 287
f 254 184 253
f 253 184 289
f 184 290 289
f 289 290 226
f 226 290 231
f 231 290 229
f 202 278 281
f 281 278 291
f 291 278 94
f 291 94 96
f 291 96 100
f 100 102 291
f 291 102 292
f 291 292 106
f 106 105 291
f 291 293 281
f 281 293 115
f 281 115 279
f 291 105 293
f 293 105 294
f 294 105 295
f 295 105 111
f 105 110 111
f 147 21 23
f 147 23 24
f 24 25 147
f 147 25 296
f 147 296 146
f 146 296 144
f 144 296 75
f 75 296 71
f 71 296 67
f 67 296 30
f 67 30 60
f 60 30 29
f 60 29 58
f 58 29 297
f 30 296 35
f 25 35 296
f 221 211 33
f 33 211 31
f 211 212 31
f 31 212 29
f 212 215 29
f 215 273 29
f 29 273 298
f 29 298 297
f 121 123 120
f 120 123 299
f 297 298 58
f 298 273 58
f 273 275 58
f 58 275 59
f 275 299 59
f 59 299 61
f 299 123 61
f 70 64 117
f 117 64 122
f 64 61 122
f 122 61 123
f 283 282 300
f 282 90 300
f 300 90 301
f 90 89 301
f 301 89 302
f 301 302 303
f 303 302 304
f 302 89 88
f 283 300 301
f 84 86 305
f 305 86 90
f 90 282 305
f 84 305 45
f 45 305 46
f 305 282 46
f 46 282 53
f 306 158 307
f 306 307 308
f 308 307 309
f 308 309 310
f 310 309 311
f 310 311 220
f 220 311 207
f 207 311 205
f 205 311 309
f 205 309 204
f 204 309 307
f 204 307 201
f 201 307 162
f 162 307 158
f 220 219 310
f 310 219 312
f 310 312 308
f 308 312 313
f 308 313 306
f 306 313 155
f 306 155 156
f 156 172 306
f 306 172 158
f 155 313 153
f 153 313 314
f 153 314 154
f 154 314 149
f 314 170 149
f 314 313 315
f 315 313 312
f 315 312 316
f 316 312 219
f 316 219 317
f 317 219 218
f 170 318 171
f 171 318 198
f 199 198 319
f 199 319 196
f 196 319 320
f 196 320 195
f 195 320 218
f 218 320 317
f 317 320 316
f 316 320 319
f 316 319 315
f 315 319 198
f 315 198 314
f 314 198 318
f 314 318 170
f 321 322 323
f 322 324 323
f 324 325 323
f 323 325 243
f 235 238 192
f 192 238 326
f 326 238 327
f 328 325 327
f 327 325 324
f 236 304 302
f 236 302 237
f 237 302 88
f 237 88 87
f 87 239 237
f 237 239 329
f 237 329 238
f 329 239 238
f 238 239 241
f 238 241 242
f 238 242 243
f 238 243 327
f 327 243 325
f 249 248 247
f 249 247 330
f 330 247 331
f 331 247 321
f 321 247 332
f 321 332 322
f 322 332 333
f 327 324 334
f 334 324 335
f 335 324 336
f 335 336 332
f 332 336 337
f 332 337 322
f 322 337 324
f 324 337 338
f 324 338 336
f 197 194 199
f 199 194 183
f 183 194 193
f 183 193 339
f 339 193 326
f 339 326 332
f 326 334 332
f 332 334 335
f 275 276 299
f 299 276 120
f 276 277 120
f 120 277 340
f 120 340 264
f 264 340 277
f 264 277 272
f 272 277 271
f 271 277 270
f 277 341 270
f 270 341 342
f 341 343 342
f 268 269 344
f 344 269 345
f 345 269 346
f 342 346 269
f 342 269 270
f 280 258 217
f 258 347 217
f 217 347 348
f 349 344 347
f 344 347 268
f 347 258 268
f 268 258 267
f 267 258 266
f 266 258 259
f 344 345 347
f 347 345 350
f 346 341 351
f 205 204 216
f 205 216 208
f 208 216 210
f 210 216 352
f 210 352 353
f 353 352 348
f 353 348 351
f 351 348 354
f 348 350 354
f 110 105 99
f 110 99 98
f 81 222 229
f 81 229 78
f 228 227 355
f 232 356 227
f 232 233 356
f 228 355 230
f 342 343 346
f 346 343 341
f 210 353 351
f 210 208 213
f 213 210 351
f 277 274 213
f 277 213 351
f 277 351 341
f 293 294 115
f 115 294 111
f 115 111 114
f 111 294 295
f 76 78 229
f 76 229 290
f 76 290 357
f 357 290 358
f 246 76 244
f 244 76 357
f 357 358 244
f 255 244 184
f 184 244 358
f 184 358 290
f 101 103 102
f 102 103 359
f 102 359 108
f 108 360 102
f 102 360 112
f 102 112 292
f 292 112 104
f 292 104 106
f 112 361 104
f 104 361 109
f 104 109 359
f 104 359 103
f 227 356 355
f 355 356 83
f 355 83 362
f 362 80 355
f 355 80 363
f 355 363 230
f 230 363 233
f 230 233 231
f 363 79 233
f 233 79 364
f 233 364 83
f 233 83 356
f 256 181 247
f 181 332 247
f 332 181 339
f 216 217 348
f 193 192 194
f 193 192 326
f 94 96 100
f 278 93 94
f 174 253 226
f 253 289 226
f 348 347 350
f 352 216 348
f 181 183 339
f 339 183 199
f 326 327 334
f 365 366 367
f 367 366 368
f 368 369 370
f 370 369 371
f 370 371 372
f 372 371 373
f 372 373 374
f 374 373 375
f 374 375 376
f 375 373 377
f 375 377 378
f 377 373 379
f 379 373 371
f 379 371 380
f 380 371 369
f 369 381 380
f 53 46 382
f 382 46 383
f 382 383 378
f 378 383 384
f 378 384 385
f 385 386 378
f 378 386 375
f 386 387 375
f 375 387 46
f 375 46 388
f 388 46 389
f 46 45 389
f 389 45 390
f 390 45 391
f 391 45 392
f 391 392 393
f 393 392 375
f 393 375 394
f 394 375 388
f 375 392 376
f 376 392 395
f 387 396 46
f 46 396 383
f 397 398 365
f 365 398 366
f 398 399 366
f 366 399 116
f 366 116 117
f 366 117 70
f 117 400 70
f 400 122 70
f 70 122 64
f 122 401 64
f 64 401 123
f 64 123 61
f 46 282 86
f 46 86 45
f 86 84 45
f 402 403 404
f 405 406 407
f 92 408 98
f 98 409 110
f 110 410 111
f 411 412 413
f 412 414 413
f 413 414 415
f 413 415 416
f 413 416 417
f 418 419 420
f 420 419 421
f 421 419 422
f 422 419 423
f 422 423 424
f 424 425 422
f 425 424 426
f 426 424 427
f 427 424 428
f 428 424 423
f 428 423 429
f 429 120 428
f 123 121 61
f 61 121 430
f 120 429 121
f 121 429 430
f 429 423 430
f 430 423 381
f 423 419 381
f 381 419 418
f 381 418 380
f 380 418 431
f 380 431 377
f 377 431 432
f 377 432 433
f 379 380 377
f 377 433 378
f 378 433 434
f 378 434 435
f 435 436 378
f 378 436 382
f 436 90 382
f 382 90 53
f 53 90 282
f 437 438 439
f 439 438 440
f 439 440 376
f 376 440 441
f 376 395 439
f 376 441 374
f 374 441 442
f 374 442 372
f 372 442 443
f 372 443 370
f 370 443 412
f 370 412 368
f 368 412 367
f 367 412 365
f 365 412 411
f 365 411 397
f 397 411 444
f 397 444 398
f 445 446 447
f 446 448 447
f 447 448 449
f 448 441 449
f 449 441 440
f 76 450 78
f 78 451 81
f 81 452 82
f 453 454 84
f 84 454 45
f 45 454 392
f 392 454 437
f 392 437 439
f 392 439 395
f 82 85 453
f 82 453 84
f 84 86 82
f 82 86 76
f 76 86 455
f 455 86 456
f 456 86 90
f 456 90 457
f 456 457 458
f 458 457 459
f 457 460 459
f 457 90 461
f 90 436 461
f 461 436 435
f 461 435 462
f 462 463 461
f 461 463 464
f 461 464 457
f 435 434 462
f 462 434 465
f 462 465 463
f 465 434 466
f 466 434 433
f 466 433 467
f 123 401 121
f 401 122 121
f 121 122 118
f 122 400 118
f 118 400 117
f 282 90 86
f 468 469 470
f 470 469 471
f 469 472 471
f 471 472 473
f 473 472 474
f 473 474 475
f 475 474 476
f 475 476 477
f 475 477 478
f 478 479 475
f 426 427 425
f 425 427 480
f 425 480 481
f 481 482 425
f 422 425 421
f 421 425 482
f 483 421 484
f 483 421 485
f 485 421 482
f 485 482 486
f 465 466 463
f 463 466 475
f 463 475 487
f 487 479 488
f 488 479 459
f 488 459 460
f 477 458 478
f 478 458 489
f 478 489 479
f 479 489 490
f 479 490 459
f 459 490 458
f 458 490 491
f 458 491 489
f 475 479 487
f 487 488 463
f 463 488 457
f 463 457 464
f 457 488 460
f 121 118 120
f 120 118 428
f 428 118 427
f 427 118 480
f 480 118 492
f 92 111 117
f 117 111 493
f 117 493 118
f 118 493 494
f 118 494 492
f 492 494 495
f 492 495 496
f 497 498 499
f 484 500 501
f 501 500 502
f 502 500 503
f 503 500 485
f 503 485 497
f 485 486 497
f 497 486 498
f 486 504 498
f 498 504 505
f 482 481 506
f 506 481 480
f 506 480 492
f 506 492 504
f 499 498 507
f 503 497 508
f 416 503 508
f 416 508 497
f 416 497 417
f 417 497 499
f 444 411 398
f 398 411 399
f 411 413 399
f 399 413 98
f 399 98 116
f 116 98 92
f 98 413 409
f 409 413 110
f 110 413 410
f 410 413 111
f 413 417 111
f 111 417 493
f 417 509 493
f 493 509 494
f 494 509 417
f 499 507 417
f 417 507 494
f 494 507 495
f 507 498 495
f 495 498 496
f 496 498 510
f 496 510 492
f 492 510 511
f 492 511 504
f 511 512 504
f 504 512 498
f 512 510 498
f 437 454 438
f 438 454 440
f 454 453 440
f 440 453 85
f 440 85 82
f 82 452 440
f 440 452 81
f 440 81 451
f 451 78 440
f 440 78 449
f 78 450 449
f 449 450 76
f 449 76 455
f 449 455 447
f 447 455 456
f 447 456 513
f 456 458 447
f 447 458 476
f 458 514 476
f 445 447 476
f 445 476 474
f 458 477 514
f 477 476 514
f 472 445 469
f 445 474 472
f 484 483 500
f 500 483 485
f 485 483 486
f 506 504 482
f 482 504 486
f 471 473 466
f 466 473 475
f 473 475 471
f 515 516 517
f 518 516 519
f 516 515 519
f 519 515 520
f 519 520 521
f 521 520 522
f 515 523 520
f 520 523 522
f 445 472 446
f 446 472 469
f 446 469 524
f 524 469 432
f 524 432 431
f 469 468 432
f 432 468 470
f 432 470 471
f 471 466 432
f 432 466 467
f 432 467 433
f 446 524 448
f 448 524 441
f 525 526 527
f 527 526 528
f 528 526 405
f 405 526 529
f 405 529 515
f 515 529 523
f 523 529 526
f 523 526 525
f 523 525 522
f 522 525 530
f 522 530 531
f 531 530 532
f 531 532 533
f 533 532 534
f 533 534 535
f 535 534 536
f 535 536 537
f 537 536 538
f 537 538 539
f 539 538 540
f 539 540 541
f 541 540 542
f 541 542 543
f 543 542 544
f 544 545 546
f 546 545 547
f 547 545 412
f 547 412 546
f 546 412 548
f 412 443 548
f 548 443 549
f 549 443 550
f 412 545 414
f 414 545 415
f 415 545 551
f 551 552 415
f 415 552 553
f 415 553 554
f 554 553 555
f 555 553 556
f 544 542 545
f 545 542 557
f 557 542 540
f 557 540 558
f 544 546 543
f 546 559 543
f 543 559 560
f 543 560 541
f 405 515 406
f 515 517 406
f 406 517 561
f 406 561 441
f 441 561 517
f 441 517 516
f 441 516 442
f 516 518 442
f 442 518 519
f 442 519 562
f 442 562 563
f 563 562 564
f 563 564 565
f 564 562 519
f 563 565 566
f 566 565 535
f 566 535 567
f 566 567 402
f 566 402 568
f 568 402 569
f 569 402 404
f 569 404 442
f 442 404 443
f 404 403 443
f 443 403 550
f 569 442 568
f 568 442 563
f 565 564 535
f 535 564 533
f 406 441 524
f 406 524 407
f 407 524 570
f 570 524 571
f 570 571 572
f 572 527 570
f 570 527 407
f 407 527 528
f 407 528 405
f 527 573 525
f 525 573 530
f 573 574 530
f 530 574 532
f 527 572 573
f 573 572 574
f 575 576 571
f 571 576 577
f 534 578 579
f 534 579 577
f 577 579 571
f 571 579 580
f 580 579 578
f 580 578 581
f 580 581 574
f 574 581 532
f 532 581 578
f 532 578 534
f 580 574 571
f 574 572 571
f 571 572 582
f 534 577 583
f 534 583 556
f 556 583 577
f 556 577 584
f 556 584 555
f 555 584 554
f 554 584 576
f 576 575 554
f 554 575 571
f 571 524 554
f 554 524 431
f 554 431 501
f 501 431 484
f 431 418 484
f 484 418 483
f 418 420 483
f 483 420 421
f 501 502 554
f 554 502 503
f 554 503 415
f 415 503 416
f 556 536 534
f 568 563 566
f 522 531 521
f 521 531 585
f 531 533 585
f 585 533 564
f 564 519 585
f 585 519 521
f 576 584 577
f 535 586 567
f 567 586 402
f 402 586 587
f 402 587 588
f 588 587 537
f 537 587 586
f 537 586 535
f 402 588 403
f 403 588 550
f 403 550 589
f 556 590 536
f 536 590 538
f 538 590 540
f 540 590 558
f 552 551 553
f 553 551 545
f 553 545 557
f 557 558 553
f 558 590 553
f 556 553 590
f 537 539 588
f 588 539 591
f 539 541 591
f 591 541 560
f 559 546 550
f 559 550 560
f 550 546 549
f 546 548 549
f 588 591 550
f 550 591 560
f 368 366 592
f 592 366 70
f 592 70 593
f 593 70 64
f 593 64 594
f 594 64 595
f 592 596 368
f 368 596 597
f 368 597 595
f 368 595 369
f 369 595 64
f 369 64 598
f 369 598 599
f 599 600 369
f 369 600 601
f 369 601 381
f 381 601 430
f 430 601 61
f 61 601 602
f 61 602 603
f 61 603 64
f 64 603 598
f 300 301 604
f 300 604 286
f 286 604 605
f 286 605 176
f 176 605 187
f 176 178 605
f 605 178 180
f 180 288 605
f 605 288 286
f 187 605 188
f 605 604 188
f 188 604 190
f 190 604 234
f 234 604 236
f 236 604 304
f 304 604 303
f 303 604 301
f 286 285 300
f 300 285 284
f 300 284 283
f 243 240 252
f 252 240 250
f 250 249 330
f 330 331 250
f 250 331 321
f 250 321 323
f 250 323 251
f 251 323 243
f 251 243 252
f 100 606 95
f 95 606 96
f 606 100 96
f 39 607 36
f 36 607 137
f 137 607 135
f 135 607 608
f 135 608 134
f 134 608 148
f 148 608 28
f 28 608 26
f 26 608 32
f 32 608 607
f 32 607 34
f 34 607 39
f 50 609 52
f 52 609 610
f 52 610 611
f 52 611 56
f 56 611 612
f 56 612 57
f 57 612 48
f 612 613 48
f 48 613 614
f 48 614 49
f 49 614 609
f 49 609 50
f 62 615 69
f 69 615 616
f 69 616 617
f 69 617 68
f 68 617 618
f 68 618 66
f 66 618 65
f 618 619 65
f 65 619 620
f 65 620 63
f 63 620 615
f 63 615 62
f 252 251 610
f 610 251 611
f 611 251 250
f 611 250 612
f 612 250 613
f 613 250 614
f 614 250 252
f 614 252 609
f 609 252 610
f 616 263 617
f 263 261 617
f 617 261 618
f 618 261 619
f 619 261 620
f 261 265 620
f 620 265 615
f 265 263 615
f 615 263 616
f 337 336 250
f 250 336 252
f 252 336 251
f 336 338 251
f 338 337 251
f 251 337 250
f 263 265 621
f 265 261 621
f 621 261 622
f 622 261 623
f 261 263 623
f 623 263 621
f 621 351 354
f 621 354 350
f 621 350 623
f 623 350 345
f 623 345 622
f 622 345 621
f 621 345 346
f 621 346 351
f 594 595 624
f 624 595 625
f 595 597 625
f 625 597 626
f 597 596 626
f 626 596 627
f 596 592 627
f 627 592 628
f 592 593 628
f 628 593 629
f 593 594 629
f 629 594 624
f 602 601 630
f 630 601 631
f 601 600 631
f 631 600 632
f 600 599 632
f 632 599 633
f 599 598 633
f 633 598 634
f 598 603 634
f 634 603 635
f 603 602 635
f 635 602 630
f 394 388 636
f 636 388 637
f 388 389 637
f 637 389 638
f 389 390 638
f 638 390 639
f 390 391 639
f 639 391 640
f 391 393 640
f 640 393 641
f 393 394 641
f 641 394 636
f 385 384 642
f 642 384 643
f 384 383 643
f 643 383 644
f 383 396 644
f 644 396 645
f 396 387 645
f 645 387 646
f 387 386 646
f 646 386 647
f 386 385 647
f 647 385 642
f 92 108 111
f 108 112 111
f 111 112 110
f 112 109 110
f 98 108 92
f 624 625 112
f 112 625 109
f 112 109 361
f 112 360 108
f 112 108 624
f 624 108 629
f 629 108 628
f 628 108 627
f 359 109 108
f 108 109 627
f 627 109 626
f 626 109 625
f 76 79 82
f 82 83 81
f 83 80 81
f 78 79 76
f 639 640 83
f 83 640 80
f 83 80 362
f 83 364 79
f 83 79 639
f 639 79 638
f 638 79 637
f 637 79 636
f 363 80 79
f 79 80 636
f 636 80 641
f 641 80 640
f 490 489 642
f 642 489 647
f 647 489 646
f 646 489 645
f 489 491 645
f 645 491 644
f 491 490 644
f 644 490 643
f 643 490 642
f 511 510 630
f 630 510 635
f 635 510 634
f 634 510 633
f 510 512 633
f 633 512 632
f 512 511 632
f 632 511 631
f 631 511 630
f 648 649 650
f 650 649 651
f 649 648 651
f 651 648 650
f 652 653 654
f 654 653 655
f 656 657 658
f 659 660 657
f 656 658 659
f 659 658 660
f 658 657 660
f 661 662 663
f 663 662 664
f 665 666 667
f 668 669 666
f 665 667 668
f 668 667 669
f 667 666 669
f 670 671 672
f 672 671 673
f 674 675 676
f 677 678 675
f 674 676 677
f 677 676 678
f 676 675 678
f 679 680 681
f 681 680 682
f 683 684 685
f 686 687 684
f 683 685 686
f 686 685 687
f 685 684 687
f 688 689 690
f 690 689 691
f 692 693 694
f 695 696 693
f 692 694 695
f 695 694 696
f 694 693 696
f 697 698 699
f 699 698 700
f 701 702 703
f 704 705 702
f 701 703 704
f 704 703 705
f 703 702 705
f 706 707 708
f 708 707 709
f 710 711 712
f 710 713 711
f 714 715 710
f 710 715 713
f 712 715 714
f 712 711 715
f 713 715 711
f 716 717 718
f 718 717 719
f 720 721 722
f 720 723 721
f 724 725 720
f 720 725 723
f 722 725 724
f 722 721 725
f 723 725 721
f 726 658 655
f 655 658 654
f 658 727 654
f 654 727 652
f 727 660 652
f 652 660 653
f 660 726 653
f 653 726 655
f 726 660 728
f 660 727 728
f 727 658 729
f 658 726 729
f 659 730 656
f 656 731 657
f 731 732 657
f 732 730 657
f 657 730 659
f 730 733 656
f 656 733 731
f 731 733 726
f 726 733 729
f 733 730 729
f 729 730 727
f 730 732 727
f 727 732 728
f 732 731 728
f 728 731 726
f 734 667 664
f 664 667 663
f 667 735 663
f 663 735 661
f 735 669 661
f 661 669 662
f 669 734 662
f 662 734 664
f 734 669 736
f 669 735 736
f 735 667 728
f 667 734 728
f 668 737 665
f 665 738 666
f 738 739 666
f 739 737 666
f 666 737 668
f 737 732 665
f 665 732 738
f 738 732 734
f 734 732 728
f 732 737 728
f 728 737 735
f 737 739 735
f 735 739 736
f 739 738 736
f 736 738 734
f 740 676 673
f 673 676 672
f 676 741 672
f 672 741 670
f 741 678 670
f 670 678 671
f 678 740 671
f 671 740 673
f 740 678 742
f 678 741 742
f 741 676 743
f 676 740 743
f 677 744 674
f 674 745 675
f 745 746 675
f 746 744 675
f 675 744 677
f 744 747 674
f 674 747 745
f 745 747 740
f 740 747 743
f 747 744 743
f 743 744 741
f 744 746 741
f 741 746 742
f 746 745 742
f 742 745 740
f 748 685 682
f 682 685 681
f 685 749 681
f 681 749 679
f 749 687 679
f 679 687 680
f 687 748 680
f 680 748 682
f 748 687 750
f 687 749 750
f 749 685 742
f 685 748 742
f 686 751 683
f 683 752 684
f 752 753 684
f 753 751 684
f 684 751 686
f 751 746 683
f 683 746 752
f 752 746 748
f 748 746 742
f 746 751 742
f 742 751 749
f 751 753 749
f 749 753 750
f 753 752 750
f 750 752 748
f 754 694 691
f 691 694 690
f 694 755 690
f 690 755 688
f 755 696 688
f 688 696 689
f 696 754 689
f 689 754 691
f 754 696 756
f 696 755 756
f 755 694 757
f 694 754 757
f 695 758 692
f 692 759 693
f 759 760 693
f 760 758 693
f 693 758 695
f 758 761 692
f 692 761 759
f 759 761 754
f 754 761 757
f 761 758 757
f 757 758 755
f 758 760 755
f 755 760 756
f 760 759 756
f 756 759 754
f 762 703 700
f 700 703 699
f 703 763 699
f 699 763 697
f 763 705 697
f 697 705 698
f 705 762 698
f 698 762 700
f 762 705 764
f 705 763 764
f 763 703 756
f 703 762 756
f 704 765 701
f 701 766 702
f 766 767 702
f 767 765 702
f 702 765 704
f 765 760 701
f 701 760 766
f 766 760 762
f 762 760 756
f 760 765 756
f 756 765 763
f 765 767 763
f 763 767 764
f 767 766 764
f 764 766 762
f 711 768 709
f 709 768 708
f 768 715 708
f 708 715 706
f 715 713 706
f 706 713 707
f 713 711 707
f 707 711 709
f 711 713 769
f 769 713 770
f 713 715 770
f 770 715 771
f 715 768 771
f 768 711 769
f 714 772 712
f 712 773 710
f 773 774 710
f 774 772 710
f 710 772 714
f 772 775 712
f 712 775 773
f 773 775 769
f 769 775 768
f 775 772 768
f 768 772 771
f 772 774 771
f 771 774 770
f 774 773 770
f 770 773 769
f 721 770 719
f 719 770 718
f 770 725 718
f 718 725 716
f 725 723 716
f 716 723 717
f 723 721 717
f 717 721 719
f 721 723 776
f 776 723 777
f 723 725 777
f 777 725 778
f 725 770 778
f 770 721 776
f 724 779 722
f 722 780 720
f 780 781 720
f 781 779 720
f 720 779 724
f 779 774 722
f 722 774 780
f 780 774 776
f 776 774 770
f 774 779 770
f 770 779 778
f 779 781 778
f 778 781 777
f 781 780 777
f 777 780 776
f 782 783 784
f 784 783 785
f 785 786 787
f 787 786 788
f 787 788 789
f 789 782 784
f 784 790 789
f 789 790 787
f 787 791 785
f 785 791 784
f 782 789 792
f 792 789 793
f 789 788 793
f 793 788 794
f 788 786 794
f 794 786 795
f 786 785 795
f 795 785 796
f 785 783 796
f 796 783 797
f 783 782 797
f 797 782 792
f 794 795 798
f 798 795 796
f 798 796 799
f 799 796 797
f 799 797 800
f 800 797 792
f 800 792 793
f 800 793 801
f 801 793 794
f 801 794 798
f 787 790 798
f 798 790 801
f 790 784 801
f 801 784 800
f 784 791 800
f 800 791 799
f 791 787 799
f 799 787 798
f 802 803 804
f 804 803 805
f 803 802 806
f 806 802 807
f 803 806 805
f 805 806 808
f 806 807 808
f 808 807 809
f 807 802 809
f 809 802 804
f 804 805 809
f 809 805 808
f 810 811 812
f 812 811 813
f 811 810 814
f 814 810 815
f 811 814 813
f 813 814 816
f 814 815 816
f 816 815 817
f 815 810 817
f 817 810 812
f 812 813 817
f 817 813 816
f 818 819 820
f 820 819 821
f 819 818 811
f 811 818 810
f 819 811 821
f 821 811 813
f 811 810 813
f 813 810 812
f 810 818 812
f 812 818 820
f 820 821 812
f 812 821 813
f 822 823 824
f 824 823 825
f 823 822 826
f 826 822 827
f 823 826 825
f 825 826 828
f 826 827 828
f 828 827 829
f 827 822 829
f 829 822 824
f 824 825 829
f 829 825 828
f 830 831 832
f 832 831 833
f 831 830 834
f 834 830 835
f 831 834 833
f 833 834 836
f 834 835 836
f 836 835 837
f 835 830 837
f 837 830 832
f 832 833 837
f 837 833 836
f 838 839 840
f 840 839 841
f 842 843 844
f 842 844 839
f 845 842 846
f 842 839 846
f 846 839 847
f 847 839 848
f 848 839 838
f 848 838 849
f 849 838 840
f 849 840 850
f 850 840 841
f 850 841 851
f 842 846 852
f 853 854 849
f 849 854 848
f 854 855 848
f 848 855 847
f 847 855 846
f 855 856 846
f 846 856 852
f 856 857 852
f 858 859 860
f 860 859 861
f 859 862 861
f 861 862 863
f 862 864 863
f 863 864 865
f 863 865 866
f 865 867 866
f 868 864 869
f 869 864 862
f 869 862 870
f 870 862 871
f 870 871 872
f 862 859 871
f 871 859 858
f 871 858 873
f 871 873 874
f 874 873 875
f 874 875 876
f 869 870 877
f 871 874 872
f 872 874 876
f 878 879 880
f 880 879 697
f 880 697 699
f 699 700 880
f 880 700 716
f 880 716 718
f 880 718 881
f 881 718 882
f 718 719 882
f 882 719 717
f 882 717 700
f 700 717 716
f 700 698 882
f 882 698 883
f 698 697 883
f 883 697 879
f 880 884 878
f 878 884 885
f 853 886 887
f 887 886 888
f 843 842 889
f 889 842 890
f 890 842 852
f 890 852 857
f 890 891 889
f 889 891 843
f 843 891 892
f 843 892 844
f 844 892 893
f 893 892 894
f 893 894 895
f 893 895 896
f 896 895 897
f 896 897 898
f 870 899 900
f 870 900 901
f 870 901 877
f 877 901 902
f 877 902 903
f 902 904 903
f 899 905 900
f 900 905 906
f 905 907 906
f 906 907 908
f 897 908 898
f 898 908 907
f 869 877 903
f 869 903 904
f 904 867 869
f 869 867 865
f 904 902 867
f 867 902 901
f 867 901 866
f 866 901 863
f 863 901 880
f 863 880 881
f 863 881 861
f 861 881 860
f 901 900 880
f 880 900 906
f 880 906 897
f 897 906 908
f 897 895 880
f 880 895 884
f 895 894 884
f 884 894 887
f 890 857 891
f 891 857 856
f 891 856 892
f 856 855 892
f 892 855 894
f 894 855 854
f 894 854 887
f 887 854 853
f 858 860 873
f 873 860 875
f 875 860 909
f 881 882 860
f 860 882 909
f 910 885 911
f 911 885 884
f 911 884 682
f 682 884 681
f 884 887 681
f 681 887 679
f 682 680 911
f 911 680 664
f 911 664 662
f 911 662 888
f 888 662 661
f 888 661 887
f 887 661 663
f 887 663 679
f 679 663 664
f 679 664 680
f 912 913 914
f 912 914 915
f 914 913 916
f 916 913 917
f 916 917 918
f 916 918 919
f 919 918 920
f 919 920 915
f 915 920 921
f 915 921 922
f 915 922 912
f 912 922 923
f 923 922 924
f 923 924 925
f 923 925 909
f 909 925 926
f 909 926 875
f 875 926 927
f 875 927 921
f 921 920 875
f 875 920 928
f 875 928 929
f 929 928 917
f 929 917 913
f 926 930 927
f 927 930 931
f 930 924 931
f 931 924 922
f 912 923 932
f 933 913 883
f 883 913 882
f 882 913 912
f 882 912 923
f 923 912 934
f 923 909 882
f 909 875 935
f 935 875 936
f 869 865 868
f 868 865 864
f 851 886 937
f 937 886 938
f 910 939 885
f 885 939 940
f 885 940 839
f 839 940 841
f 940 851 841
f 839 844 885
f 885 844 893
f 885 893 896
f 941 940 939
f 849 850 853
f 853 850 886
f 850 851 886
f 870 872 899
f 899 872 905
f 898 907 896
f 896 907 885
f 907 905 885
f 885 905 878
f 905 872 878
f 878 872 875
f 878 875 879
f 879 875 929
f 875 872 876
f 879 929 942
f 941 939 943
f 910 911 939
f 939 911 943
f 942 933 879
f 879 933 883
f 942 929 933
f 933 929 913
f 888 886 911
f 911 886 944
f 945 946 947
f 947 946 944
f 944 946 911
f 911 946 941
f 941 943 911
f 708 709 706
f 706 709 707
f 690 691 688
f 688 691 689
f 654 655 652
f 652 655 653
f 672 673 670
f 670 673 671
f 948 949 950
f 950 949 951
f 951 949 952
f 952 949 948
f 953 948 954
f 948 950 954
f 954 950 955
f 950 951 955
f 955 951 956
f 951 952 956
f 956 952 953
f 952 948 953
f 956 957 955
f 955 957 954
f 954 957 953
f 953 957 956
f 958 959 960
f 960 959 961
f 961 959 962
f 962 959 958
f 963 958 964
f 958 960 964
f 964 960 965
f 960 961 965
f 965 961 966
f 961 962 966
f 966 962 963
f 962 958 963
f 966 967 965
f 965 967 964
f 964 967 963
f 963 967 966
f 968 969 970
f 970 969 971
f 971 969 972
f 972 969 968
f 973 968 974
f 968 970 974
f 974 970 975
f 970 971 975
f 975 971 976
f 971 972 976
f 976 972 973
f 972 968 973
f 976 977 975
f 975 977 974
f 974 977 973
f 973 977 976
f 978 979 980
f 980 979 981
f 981 979 982
f 982 979 978
f 983 978 984
f 978 980 984
f 984 980 985
f 980 981 985
f 985 981 986
f 981 982 986
f 986 982 983
f 982 978 983
f 986 987 985
f 985 987 984
f 984 987 983
f 983 987 986
f 914 700 915
f 915 700 699
f 915 699 919
f 919 699 697
f 919 697 916
f 916 697 698
f 916 698 914
f 914 698 700
f 925 719 926
f 926 719 718
f 926 718 930
f 930 718 716
f 930 716 924
f 924 716 717
f 924 717 925
f 925 717 719
f 921 706 922
f 922 706 707
f 922 707 931
f 931 707 709
f 931 709 927
f 927 709 708
f 927 708 921
f 921 708 706
f 928 688 917
f 917 688 689
f 917 689 918
f 918 689 691
f 918 691 920
f 920 691 690
f 920 690 928
f 928 690 688
f 988 679 989
f 989 679 680
f 989 680 990
f 990 680 682
f 990 682 991
f 991 682 681
f 991 681 988
f 988 681 679
f 992 661 993
f 993 661 662
f 993 662 994
f 994 662 664
f 994 664 995
f 995 664 663
f 995 663 992
f 992 663 661
f 996 652 997
f 997 652 653
f 997 653 998
f 998 653 655
f 998 655 999
f 999 655 654
f 999 654 996
f 996 654 652
f 992 993 997
f 997 993 851
f 997 851 996
f 996 851 940
f 996 940 999
f 999 940 1000
f 999 1000 1001
f 1000 940 1002
f 1002 940 941
f 1002 941 991
f 991 941 990
f 941 946 990
f 990 946 989
f 989 946 1001
f 989 1001 988
f 988 1001 1003
f 988 1003 991
f 991 1003 1002
f 946 944 1001
f 1001 944 999
f 999 944 995
f 999 995 998
f 998 995 992
f 998 992 997
f 995 944 994
f 994 944 886
f 994 886 993
f 993 886 851
f 1000 670 1001
f 1001 670 671
f 1001 671 1003
f 1003 671 673
f 1003 673 1002
f 1002 673 672
f 1002 672 1000
f 1000 672 670
f 1004 1005 1006
f 1006 1005 1007
f 1007 1005 1008
f 1008 1005 1009
f 1005 1004 1009
f 1009 1004 1010
f 1004 1006 1010
f 1010 1006 1011
f 1006 1007 1011
f 1011 1007 1008
f 1009 1010 1008
f 1008 1010 1011
f 1012 757 1013
f 757 1012 1014
f 1014 1012 1015
f 757 1014 1013
f 1012 1013 1015
f 1015 1013 1014
f 1016 1017 1018
f 1018 1017 1019
f 1018 1019 1020
f 1020 1019 1021
f 1019 1022 1021
f 1021 1022 1023
f 1021 1023 1024
f 1024 1023 1025
f 1024 1025 1026
f 1026 1025 1027
f 1026 1027 1028
f 1028 1027 1029
f 1028 1029 1030
f 1030 1029 1031
f 1029 1032 1031
f 1028 1030 1033
f 1033 1030 1034
f 1033 1034 1035
f 1033 1035 1036
f 1036 1035 1037
f 1036 1037 1038
f 1038 1037 1039
f 1038 1039 1020
f 1020 1039 1018
f 1040 1041 1042
f 1042 1041 1043
f 1043 1041 1044
f 1044 1045 1043
f 1046 1047 1040
f 1040 1047 1041
f 1041 1047 1044
f 1048 1049 1050
f 1050 1049 1051
f 1051 1049 1052
f 1052 1053 1051
f 1050 1048 1054
f 1050 1051 1054
f 1054 1051 1055
f 1051 1053 1055
f 1055 1053 1056
f 1054 1055 1057
f 1057 1055 1058
f 1058 1055 1056
f 1058 1056 1053
f 1057 1058 1059
f 1059 1058 1060
f 1060 1058 1053
f 1053 1056 1060
f 1060 1056 1061
f 1059 1057 1062
f 1059 1060 1062
f 1062 1060 1063
f 1060 1061 1063
f 1063 1061 1064
f 1065 1066 1067
f 1067 1066 1068
f 1068 1066 1064
f 1064 1069 1068
f 1045 1044 1070
f 1045 1070 1071
f 1071 1070 1072
f 1070 1044 1073
f 1073 1044 1074
f 1067 1065 1075
f 1067 1068 1075
f 1075 1068 1076
f 1068 1069 1076
f 1069 1077 1076
f 1077 1069 1078
f 1078 1069 1073
f 1078 1073 1079
f 1079 1073 1074
f 1079 1074 1080
f 1073 1069 1081
f 1069 1064 1081
f 1081 1064 1061
f 1061 1056 1081
f 1081 1056 1053
f 1082 1083 1084
f 1084 1083 1085
f 1085 1083 1069
f 1085 1069 1077
f 1084 1082 1086
f 1084 1085 1086
f 1086 1085 1087
f 1085 1077 1087
f 1087 1077 1078
f 1088 1089 1090
f 1090 1089 1091
f 1091 1089 1078
f 1091 1078 1079
f 1090 1088 1092
f 1090 1091 1092
f 1092 1091 1093
f 1091 1079 1093
f 1093 1079 1080
f 1093 1080 1074
f 1094 1095 1096
f 1096 1095 1097
f 1097 1095 1074
f 1074 1044 1097
f 1098 1099 1100
f 1098 1101 1099
f 1099 1101 1102
f 1103 1098 1104
f 1104 1098 1100
f 1104 1100 1105
f 1105 1100 1106
f 1107 1108 1109
f 1109 1108 1103
f 1109 1103 1104
f 1110 1111 1112
f 1112 1111 1113
f 1113 1111 1104
f 1113 1104 1105
f 1112 1110 1114
f 1112 1113 1114
f 1114 1113 1115
f 1113 1105 1115
f 1115 1105 1106
f 1116 1117 1118
f 1118 1117 1119
f 1119 1117 1106
f 1119 1106 1120
f 1106 1100 1120
f 1120 1100 1121
f 1100 1122 1121
f 1121 1122 1123
f 1121 1123 1124
f 1053 1052 1056
f 1056 1052 1081
f 1081 1052 1122
f 1052 1125 1122
f 1122 1125 1126
f 1122 1126 1123
f 1118 1116 1127
f 1118 1119 1127
f 1127 1119 1128
f 1119 1120 1128
f 1128 1120 1121
f 1129 1130 1131
f 1131 1130 1132
f 1132 1130 1121
f 1132 1121 1124
f 1124 1123 1132
f 1131 1129 1133
f 1131 1132 1133
f 1133 1132 1134
f 1132 1123 1134
f 1135 1136 1137
f 1137 1136 1138
f 1138 1136 1123
f 1123 1126 1138
f 1137 1135 1139
f 1137 1138 1139
f 1139 1138 1140
f 1138 1126 1140
f 1140 1126 1125
f 1141 1142 1143
f 1143 1142 1144
f 1144 1142 1125
f 1125 1052 1144
f 1143 1141 1145
f 1143 1144 1145
f 1145 1144 1146
f 1144 1052 1146
f 1122 1100 1081
f 1081 1100 1147
f 1081 1147 1148
f 1148 1149 1081
f 1081 1149 1073
f 1149 1150 1073
f 1073 1150 1070
f 1100 1099 1147
f 1147 1099 1151
f 1099 1152 1151
f 1151 1152 1153
f 1153 1152 1150
f 1150 1152 1070
f 1152 1154 1070
f 1048 1022 1145
f 1145 1022 1143
f 1143 1022 1141
f 1141 1022 1139
f 1139 1022 1019
f 1139 1019 1137
f 1137 1019 1135
f 1135 1019 1133
f 1133 1019 1131
f 1131 1019 1017
f 1131 1017 1129
f 1129 1017 1127
f 1127 1017 1118
f 1118 1017 1116
f 1116 1017 1114
f 1114 1017 1016
f 1114 1016 1112
f 1112 1016 1110
f 1110 1016 1107
f 1016 1018 1107
f 1107 1018 1155
f 1107 1155 1156
f 1155 1018 1157
f 1157 1018 1158
f 1018 1039 1158
f 1158 1039 1159
f 1159 1039 1160
f 1160 1039 1161
f 1022 1048 1050
f 1022 1050 1054
f 1022 1054 1023
f 1023 1054 1057
f 1023 1057 1059
f 1059 1062 1023
f 1023 1062 1025
f 1062 1065 1025
f 1025 1065 1067
f 1067 1075 1025
f 1025 1075 1082
f 1025 1082 1084
f 1084 1086 1025
f 1025 1086 1027
f 1027 1086 1088
f 1027 1088 1090
f 1027 1090 1092
f 1103 1108 1098
f 1098 1108 1162
f 1162 1108 1107
f 1162 1107 1156
f 1103 1163 1098
f 1098 1163 1164
f 1163 1155 1164
f 1164 1155 1157
f 1098 1164 1101
f 1101 1164 1165
f 1165 1164 1157
f 1161 1039 1166
f 1166 1039 1037
f 1166 1037 1167
f 1167 1037 1168
f 1037 1035 1168
f 1168 1035 1169
f 1092 1094 1027
f 1027 1094 1029
f 1029 1094 1046
f 1046 1040 1029
f 1029 1040 1042
f 1029 1042 1170
f 1029 1170 1032
f 1032 1170 1171
f 1171 1172 1032
f 1032 1172 1173
f 1174 1169 1035
f 1174 1035 1175
f 1175 1035 1176
f 1176 1035 1034
f 1176 1034 1177
f 1177 1034 1178
f 1178 1034 1030
f 1178 1030 1179
f 1179 1030 1180
f 1180 1030 1181
f 1181 1030 1182
f 1182 1030 1031
f 1182 1031 1183
f 1183 1031 1184
f 1184 1031 1185
f 1031 1032 1185
f 1032 1173 1185
f 1092 1093 1094
f 1094 1093 1095
f 1095 1093 1074
f 1086 1087 1088
f 1088 1087 1089
f 1089 1087 1078
f 1075 1076 1082
f 1082 1076 1083
f 1083 1076 1077
f 1083 1077 1069
f 1062 1063 1065
f 1065 1063 1066
f 1066 1063 1064
f 1171 1186 1172
f 1172 1186 1187
f 1187 1186 1045
f 1187 1045 1071
f 1170 1188 1171
f 1171 1188 1186
f 1186 1188 1071
f 1186 1071 1045
f 1185 1189 1190
f 1190 1189 1072
f 1072 1191 1190
f 1173 1192 1185
f 1185 1192 1189
f 1189 1192 1072
f 1183 1193 1194
f 1194 1193 1191
f 1194 1191 1195
f 1072 1070 1191
f 1070 1154 1191
f 1191 1154 1196
f 1191 1196 1195
f 1184 1197 1183
f 1183 1197 1193
f 1193 1197 1195
f 1193 1195 1191
f 1181 1198 1199
f 1199 1198 1196
f 1196 1200 1199
f 1182 1201 1181
f 1181 1201 1198
f 1198 1201 1196
f 1179 1202 1203
f 1203 1202 1200
f 1203 1200 1204
f 1196 1154 1200
f 1200 1154 1204
f 1204 1154 1205
f 1180 1206 1179
f 1179 1206 1202
f 1202 1206 1204
f 1202 1204 1200
f 1177 1207 1208
f 1208 1207 1205
f 1208 1205 1209
f 1178 1210 1177
f 1177 1210 1207
f 1207 1210 1205
f 1175 1211 1212
f 1212 1211 1213
f 1213 1214 1212
f 1176 1215 1175
f 1175 1215 1211
f 1211 1215 1213
f 1169 1216 1217
f 1217 1216 1214
f 1217 1214 1218
f 1205 1154 1209
f 1209 1154 1213
f 1154 1152 1213
f 1213 1152 1214
f 1214 1152 1218
f 1218 1152 1219
f 1219 1152 1220
f 1220 1152 1221
f 1152 1099 1221
f 1221 1099 1102
f 1221 1102 1222
f 1174 1223 1169
f 1169 1223 1216
f 1216 1223 1218
f 1216 1218 1214
f 1167 1224 1225
f 1225 1224 1219
f 1225 1219 1220
f 1168 1226 1167
f 1167 1226 1224
f 1224 1226 1219
f 1161 1227 1228
f 1228 1227 1221
f 1221 1222 1228
f 1166 1229 1161
f 1161 1229 1227
f 1227 1229 1221
f 1159 1230 1231
f 1231 1230 1102
f 1102 1101 1231
f 1160 1232 1159
f 1159 1232 1230
f 1230 1232 1102
f 1158 1233 1157
f 1157 1233 1165
f 1165 1233 1101
f 1155 1163 1156
f 1156 1163 1162
f 1162 1163 1103
f 1162 1103 1098
f 1107 1109 1110
f 1110 1109 1111
f 1111 1109 1104
f 1114 1115 1116
f 1116 1115 1117
f 1117 1115 1106
f 1127 1128 1129
f 1129 1128 1130
f 1130 1128 1121
f 1133 1134 1135
f 1135 1134 1136
f 1136 1134 1123
f 1139 1140 1141
f 1141 1140 1142
f 1142 1140 1125
f 1145 1146 1048
f 1048 1146 1049
f 1049 1146 1052
f 1046 1094 1096
f 1096 1097 1046
f 1046 1097 1047
f 1097 1044 1047
f 1042 1040 1170
f 1042 1043 1170
f 1170 1043 1188
f 1043 1045 1188
f 1045 1071 1188
f 1172 1187 1173
f 1173 1187 1192
f 1187 1071 1192
f 1192 1071 1072
f 1185 1190 1184
f 1184 1190 1197
f 1190 1191 1197
f 1191 1195 1197
f 1183 1194 1182
f 1182 1194 1201
f 1194 1195 1201
f 1201 1195 1196
f 1181 1199 1180
f 1180 1199 1206
f 1199 1200 1206
f 1200 1204 1206
f 1179 1203 1178
f 1178 1203 1210
f 1203 1204 1210
f 1210 1204 1205
f 1177 1208 1176
f 1176 1208 1215
f 1208 1209 1215
f 1215 1209 1213
f 1175 1212 1174
f 1174 1212 1223
f 1212 1214 1223
f 1214 1218 1223
f 1169 1217 1168
f 1168 1217 1226
f 1217 1218 1226
f 1226 1218 1219
f 1167 1225 1166
f 1166 1225 1229
f 1225 1220 1229
f 1229 1220 1221
f 1161 1228 1160
f 1160 1228 1232
f 1228 1222 1232
f 1232 1222 1102
f 1159 1231 1158
f 1158 1231 1233
f 1231 1101 1233
f 1234 1235 1236
f 1236 1235 1237
f 1236 1237 1238
f 1236 1238 1239
f 1239 1238 1240
f 1239 1240 1241
f 1241 1240 1242
f 1241 1242 1243
f 1243 1242 1244
f 1243 1244 1245
f 1245 1244 1246
f 1245 1246 1247
f 1247 1246 1235
f 1235 1246 1237
f 1248 1249 1250
f 1248 1250 1251
f 1251 1250 1234
f 1251 1234 1252
f 1252 1234 1236
f 1252 1236 1239
f 1234 1250 1235
f 1252 1239 1253
f 1253 1239 1241
f 1253 1241 1254
f 1254 1241 1243
f 1254 1243 1255
f 1255 1243 1245
f 1255 1245 1256
f 1256 1249 1255
f 1255 1249 1248
f 1250 1247 1235
f 1247 1256 1245
f 1250 1249 1247
f 1247 1249 1256
f 1257 1258 1259
f 1259 1258 1260
f 1258 1261 1260
f 1260 1261 1262
f 1263 1264 1265
f 1265 1264 1266
f 1264 1267 1266
f 1266 1267 1268
f 1269 1270 1271
f 1271 1270 1272
f 1270 1273 1272
f 1272 1273 1274
f 1275 1276 1277
f 1277 1276 1278
f 1276 1279 1278
f 1278 1279 1280
f 1281 1282 1283
f 1283 1282 1284
f 1282 1285 1284
f 1284 1285 1286
f 1287 1288 1289
f 1289 1288 1290
f 1288 1291 1290
f 1290 1291 1292
f 1293 1294 1295
f 1295 1294 1296
f 1294 1297 1296
f 1296 1297 1298
f 1299 1300 1301
f 1301 1300 1302
f 1300 1303 1302
f 1302 1303 1304
f 1305 1306 1307
f 1307 1306 1308
f 1306 1309 1308
f 1308 1309 1310
f 1311 1312 1313
f 1313 1312 1314
f 1312 1315 1314
f 1314 1315 1316
f 1317 1318 1319
f 1319 1318 1320
f 1318 1321 1320
f 1320 1321 1322
f 1323 1324 1325
f 1325 1324 1326
f 1324 1327 1326
f 1326 1327 1328
f 1329 1330 1331
f 1331 1330 1332
f 1330 1333 1332
f 1332 1333 1334
f 1335 1336 1337
f 1336 1338 1337
f 1337 1338 1339
f 1340 1341 1342
f 1341 1343 1342
f 1342 1343 1344
f 1345 1346 1347
f 1346 1348 1347
f 1347 1348 1349
f 1350 1351 1352
f 1351 1353 1352
f 1352 1353 1354
f 1355 1356 1357
f 1356 1358 1357
f 1357 1358 1359
f 1360 1361 1362
f 1361 1363 1362
f 1362 1363 1364
f 1365 1366 1367
f 1366 1368 1367
f 1367 1368 1369
f 1257 1370 1258
f 1370 1371 1258
f 1258 1371 1261
f 1263 1372 1264
f 1372 1373 1264
f 1264 1373 1267
f 1259 1260 1263
f 1263 1260 1372
f 1372 1260 1262
f 1372 1262 1373
f 1269 1374 1270
f 1374 1375 1270
f 1270 1375 1273
f 1265 1266 1269
f 1269 1266 1374
f 1374 1266 1268
f 1374 1268 1375
f 1275 1376 1276
f 1376 1377 1276
f 1276 1377 1279
f 1271 1272 1275
f 1275 1272 1376
f 1376 1272 1274
f 1376 1274 1377
f 1281 1378 1282
f 1378 1379 1282
f 1282 1379 1285
f 1265 1269 1263
f 1263 1269 1380
f 1263 1380 1259
f 1259 1380 1257
f 1380 1269 1381
f 1381 1269 1271
f 1381 1271 1275
f 1381 1275 1277
f 1277 1281 1381
f 1381 1281 1283
f 1381 1283 1287
f 1381 1287 1382
f 1382 1287 1289
f 1382 1289 1293
f 1382 1293 1295
f 1277 1278 1281
f 1281 1278 1378
f 1378 1278 1280
f 1378 1280 1379
f 1287 1383 1288
f 1383 1384 1288
f 1288 1384 1291
f 1283 1284 1287
f 1287 1284 1383
f 1383 1284 1286
f 1383 1286 1384
f 1293 1385 1294
f 1385 1386 1294
f 1294 1386 1297
f 1289 1290 1293
f 1293 1290 1385
f 1385 1290 1292
f 1385 1292 1386
f 1299 1387 1300
f 1387 1388 1300
f 1300 1388 1303
f 1295 1299 1382
f 1382 1299 1301
f 1382 1301 1305
f 1295 1296 1299
f 1299 1296 1387
f 1387 1296 1298
f 1387 1298 1388
f 1305 1389 1306
f 1389 1390 1306
f 1306 1390 1309
f 1301 1302 1305
f 1305 1302 1389
f 1389 1302 1304
f 1389 1304 1390
f 1311 1391 1312
f 1391 1392 1312
f 1312 1392 1315
f 1307 1311 1305
f 1305 1311 1382
f 1382 1311 1393
f 1393 1311 1313
f 1393 1313 1317
f 1393 1317 1319
f 1307 1308 1311
f 1311 1308 1391
f 1391 1308 1310
f 1391 1310 1392
f 1317 1394 1318
f 1394 1395 1318
f 1318 1395 1321
f 1313 1314 1317
f 1317 1314 1394
f 1394 1314 1316
f 1394 1316 1395
f 1323 1396 1324
f 1396 1397 1324
f 1397 1327 1324
f 1319 1320 1323
f 1323 1320 1396
f 1396 1320 1322
f 1396 1322 1397
f 1398 1399 1400
f 1399 1401 1400
f 1400 1401 1402
f 1403 1404 1405
f 1404 1406 1405
f 1405 1406 1407
f 1408 1409 1410
f 1409 1411 1410
f 1410 1411 1412
f 1413 1414 1415
f 1414 1416 1415
f 1415 1416 1417
f 1377 1274 1279
f 1279 1274 1273
f 1279 1273 1418
f 1418 1273 1419
f 1419 1273 1375
f 1419 1375 1268
f 1268 1267 1419
f 1419 1267 1373
f 1373 1262 1419
f 1419 1262 1261
f 1279 1418 1280
f 1379 1280 1285
f 1285 1280 1418
f 1285 1418 1286
f 1286 1418 1384
f 1384 1418 1291
f 1418 1420 1291
f 1386 1292 1297
f 1297 1292 1291
f 1297 1291 1420
f 1297 1420 1298
f 1395 1316 1321
f 1321 1316 1315
f 1321 1315 1421
f 1421 1315 1309
f 1309 1315 1310
f 1310 1315 1392
f 1421 1309 1420
f 1420 1309 1390
f 1420 1390 1304
f 1420 1304 1303
f 1420 1303 1298
f 1298 1303 1388
f 1321 1421 1322
f 1322 1421 1397
f 1397 1421 1327
f 1421 1422 1327
f 1327 1422 1333
f 1327 1333 1328
f 1328 1333 1423
f 1333 1422 1417
f 1333 1417 1334
f 1334 1417 1416
f 1417 1422 1411
f 1411 1422 1412
f 1422 1424 1412
f 1412 1424 1407
f 1412 1407 1406
f 1407 1424 1402
f 1407 1402 1401
f 1402 1424 1425
f 1425 1424 1426
f 1424 1427 1426
f 1426 1427 1339
f 1426 1339 1338
f 1339 1427 1344
f 1339 1344 1343
f 1344 1427 1348
f 1348 1427 1349
f 1349 1427 1354
f 1349 1354 1353
f 1427 1428 1354
f 1371 1370 1429
f 1429 1370 1430
f 1430 1370 1257
f 1430 1257 1431
f 1430 1431 1365
f 1261 1371 1369
f 1261 1369 1419
f 1419 1369 1428
f 1428 1369 1432
f 1428 1432 1364
f 1428 1364 1363
f 1428 1363 1359
f 1428 1359 1354
f 1354 1359 1358
f 1432 1369 1368
f 1369 1371 1429
f 1429 1430 1369
f 1369 1430 1367
f 1430 1365 1367
f 1368 1366 1432
f 1432 1366 1433
f 1433 1366 1365
f 1365 1360 1433
f 1382 1393 1381
f 1381 1393 1434
f 1381 1434 1435
f 1435 1436 1381
f 1381 1436 1380
f 1436 1437 1380
f 1380 1437 1438
f 1393 1439 1434
f 1434 1439 1440
f 1439 1441 1440
f 1440 1441 1442
f 1442 1441 1437
f 1437 1441 1438
f 1441 1443 1438
f 1335 1337 1444
f 1337 1339 1444
f 1444 1339 1445
f 1445 1339 1343
f 1335 1444 1340
f 1340 1444 1341
f 1341 1444 1445
f 1445 1343 1341
f 1340 1342 1446
f 1342 1344 1446
f 1446 1344 1447
f 1447 1344 1348
f 1340 1446 1345
f 1345 1446 1346
f 1346 1446 1447
f 1447 1348 1346
f 1345 1347 1448
f 1347 1349 1448
f 1448 1349 1449
f 1449 1349 1353
f 1345 1448 1350
f 1350 1448 1351
f 1351 1448 1449
f 1449 1353 1351
f 1350 1352 1450
f 1352 1354 1450
f 1450 1354 1451
f 1451 1354 1358
f 1452 1335 1453
f 1453 1335 1441
f 1453 1441 1452
f 1453 1441 1454
f 1454 1441 1398
f 1441 1335 1443
f 1335 1340 1443
f 1443 1340 1345
f 1345 1350 1443
f 1443 1350 1438
f 1350 1355 1438
f 1438 1355 1360
f 1350 1450 1355
f 1355 1450 1356
f 1356 1450 1451
f 1451 1358 1356
f 1355 1357 1455
f 1357 1359 1455
f 1455 1359 1456
f 1456 1359 1363
f 1355 1455 1360
f 1360 1455 1361
f 1361 1455 1456
f 1456 1363 1361
f 1360 1362 1433
f 1362 1364 1433
f 1433 1364 1432
f 1432 1364 1368
f 1360 1365 1438
f 1438 1365 1380
f 1380 1365 1257
f 1257 1365 1431
f 1331 1332 1413
f 1413 1332 1414
f 1414 1332 1334
f 1414 1334 1416
f 1413 1415 1457
f 1415 1417 1457
f 1457 1417 1458
f 1458 1417 1411
f 1413 1457 1408
f 1408 1457 1409
f 1409 1457 1458
f 1458 1411 1409
f 1408 1410 1459
f 1410 1412 1459
f 1459 1412 1460
f 1460 1412 1406
f 1408 1459 1403
f 1403 1459 1404
f 1404 1459 1460
f 1460 1406 1404
f 1403 1405 1461
f 1405 1407 1461
f 1461 1407 1462
f 1462 1407 1401
f 1408 1403 1439
f 1408 1439 1413
f 1413 1439 1331
f 1331 1439 1329
f 1439 1393 1329
f 1329 1393 1323
f 1329 1323 1325
f 1393 1319 1323
f 1439 1403 1441
f 1403 1398 1441
f 1403 1461 1398
f 1398 1461 1399
f 1399 1461 1462
f 1462 1401 1399
f 1398 1400 1463
f 1400 1402 1463
f 1463 1402 1425
f 1398 1463 1454
f 1454 1463 1453
f 1453 1463 1452
f 1452 1463 1464
f 1464 1463 1425
f 1453 1452 1464
f 1453 1464 1465
f 1465 1464 1425
f 1465 1425 1426
f 1453 1465 1452
f 1452 1465 1466
f 1465 1426 1466
f 1466 1426 1467
f 1467 1426 1338
f 1452 1466 1335
f 1335 1466 1336
f 1336 1466 1467
f 1467 1338 1336
f 1329 1468 1330
f 1468 1423 1330
f 1330 1423 1333
f 1325 1326 1329
f 1329 1326 1468
f 1468 1326 1328
f 1468 1328 1423
f 1421 1420 1422
f 1422 1420 1251
f 1422 1251 1252
f 1252 1253 1422
f 1422 1253 1424
f 1253 1254 1424
f 1424 1254 1427
f 1420 1418 1251
f 1251 1418 1248
f 1418 1419 1248
f 1248 1419 1255
f 1255 1419 1254
f 1254 1419 1427
f 1419 1428 1427
f 1150 1149 1469
f 1469 1149 1470
f 1149 1148 1470
f 1470 1148 1471
f 1148 1147 1471
f 1471 1147 1472
f 1147 1151 1472
f 1472 1151 1473
f 1151 1153 1473
f 1473 1153 1474
f 1153 1150 1474
f 1474 1150 1469
f 1021 1024 1475
f 1475 1024 1476
f 1024 1026 1476
f 1476 1026 1477
f 1026 1028 1477
f 1477 1028 1478
f 1028 1033 1478
f 1478 1033 1479
f 1033 1036 1479
f 1479 1036 1480
f 1036 1038 1480
f 1480 1038 1481
f 1038 1020 1481
f 1481 1020 1482
f 1020 1021 1482
f 1482 1021 1475
f 1475 1476 1021
f 1021 1476 1024
f 1476 1477 1024
f 1024 1477 1026
f 1477 1478 1026
f 1026 1478 1028
f 1478 1479 1028
f 1028 1479 1033
f 1479 1480 1033
f 1033 1480 1036
f 1480 1481 1036
f 1036 1481 1038
f 1481 1482 1038
f 1038 1482 1020
f 1482 1475 1020
f 1020 1475 1021
f 1026 1028 1470
f 1470 1028 1033
f 1470 1033 1469
f 1469 1033 1036
f 1469 1036 1474
f 1474 1036 1038
f 1474 1038 1473
f 1473 1038 1020
f 1473 1020 1021
f 1473 1021 1472
f 1472 1021 1024
f 1472 1024 1471
f 1471 1024 1026
f 1471 1026 1470
f 1246 1244 1434
f 1434 1244 1435
f 1244 1242 1435
f 1435 1242 1436
f 1242 1240 1436
f 1436 1240 1437
f 1240 1238 1437
f 1437 1238 1442
f 1238 1237 1442
f 1442 1237 1440
f 1237 1246 1440
f 1440 1246 1434
f 1483 1484 1485
f 1485 1484 1486
f 1485 1486 1487
f 1487 1486 1488
f 1487 1488 1489
f 1487 1490 1485
f 1487 1489 1491
f 1491 1489 1492
f 1491 1492 1493
f 1493 1492 1494
f 1492 1495 1494
f 1494 1495 1496
f 1494 1496 1484
f 1484 1496 1486
f 1491 1493 1497
f 1497 1493 1498
f 1499 1494 1484
f 1500 1498 1493
f 1498 1500 1497
f 1497 1500 1493
f 1493 1494 1497
f 1497 1494 1495
f 1497 1495 1492
f 1497 1492 1491
f 1491 1489 1488
f 1491 1488 1487
f 1487 1488 1485
f 1488 1486 1485
f 1484 1496 1499
f 1496 1495 1499
f 1499 1495 1494
f 1501 1502 1503
f 1504 1505 1506
f 1507 1508 1509
f 1509 1508 1510
f 1509 1510 1511
f 1511 1510 1512
f 1511 1512 1513
f 1513 1514 1511
f 1511 1514 1515
f 1511 1515 1516
f 1516 1515 1517
f 1516 1517 1518
f 1518 1517 1519
f 1518 1519 1520
f 1518 1520 1521
f 1517 1522 1519
f 1519 1522 1523
f 1519 1523 1524
f 1519 1524 1525
f 1525 1524 1512
f 1525 1512 1510
f 1518 1521 1526
f 1526 1521 1527
f 1521 1520 1527
f 1527 1520 1528
f 1511 1516 1529
f 1529 1516 1530
f 1529 1530 1531
f 1529 1531 1532
f 1531 1533 1532
f 1532 1533 1534
f 1534 1533 1510
f 1510 1533 1525
f 1525 1533 1535
f 1525 1535 1536
f 1536 1535 1537
f 1536 1537 1538
f 1537 1539 1538
f 1538 1539 1526
f 1526 1539 1518
f 1518 1539 1516
f 1516 1539 1530
f 1525 1536 1519
f 1520 1519 1528
f 1528 1519 1536
f 1536 1538 1526
f 1526 1527 1536
f 1536 1527 1528
f 1540 1541 1542
f 1542 1541 1529
f 1542 1529 1534
f 1534 1529 1532
f 1543 1544 1545
f 1545 1544 1546
f 1545 1546 1547
f 1546 1548 1547
f 1549 1550 1551
f 1550 1552 1551
f 1553 1550 1549
f 1549 1554 1553
f 1543 1555 1556
f 1543 1556 1557
f 1556 1558 1559
f 1559 1558 1553
f 1553 1558 1550
f 1558 1560 1550
f 1549 1561 1562
f 1543 1545 1555
f 1555 1545 1563
f 1564 1546 1565
f 1565 1546 1544
f 1565 1544 1566
f 1565 1566 1567
f 1567 1568 1554
f 1567 1554 1562
f 1562 1554 1549
f 1569 1570 1571
f 1571 1570 1528
f 1571 1528 1572
f 1572 1528 1573
f 1572 1573 1574
f 1573 1528 1575
f 1575 1528 1570
f 1575 1570 1576
f 1570 1577 1576
f 1576 1577 1578
f 1576 1578 1579
f 1579 1578 1580
f 1579 1580 1581
f 1581 1580 1582
f 1581 1582 1501
f 1501 1503 1581
f 1581 1503 1543
f 1553 1554 1583
f 1584 1585 1506
f 1506 1585 1583
f 1506 1583 1554
f 1583 1585 1586
f 1586 1585 1587
f 1586 1587 1588
f 1586 1588 1589
f 1589 1588 1574
f 1588 1590 1574
f 1574 1590 1527
f 1574 1527 1572
f 1527 1590 1572
f 1572 1590 1591
f 1592 1540 1593
f 1593 1540 1594
f 1594 1540 1542
f 1595 1542 1508
f 1595 1508 1507
f 1595 1507 1596
f 1596 1507 1509
f 1596 1509 1597
f 1597 1509 1541
f 1597 1541 1598
f 1541 1599 1598
f 1598 1599 1600
f 1598 1600 1601
f 1601 1600 1602
f 1601 1602 1603
f 1603 1602 1604
f 1603 1604 1504
f 1504 1506 1603
f 1603 1506 1554
f 1542 1534 1508
f 1508 1534 1510
f 1542 1595 1605
f 1605 1595 1606
f 1605 1606 1607
f 1605 1607 1608
f 1608 1607 1609
f 1608 1609 1610
f 1610 1609 1503
f 1610 1503 1611
f 1503 1609 1543
f 1543 1609 1544
f 1540 1612 1541
f 1509 1511 1541
f 1541 1511 1529
f 1541 1612 1613
f 1594 1542 1593
f 1592 1608 1614
f 1614 1608 1610
f 1605 1593 1542
f 1615 1614 1610
f 1615 1610 1611
f 1615 1611 1616
f 1616 1611 1617
f 1616 1617 1618
f 1618 1617 1582
f 1618 1582 1580
f 1618 1580 1619
f 1619 1580 1620
f 1580 1578 1620
f 1620 1578 1577
f 1578 1569 1620
f 1592 1614 1615
f 1592 1615 1621
f 1621 1615 1622
f 1621 1622 1623
f 1623 1622 1624
f 1623 1624 1619
f 1619 1624 1547
f 1619 1547 1618
f 1618 1547 1548
f 1618 1548 1616
f 1616 1548 1615
f 1615 1548 1625
f 1615 1625 1622
f 1619 1620 1623
f 1623 1620 1569
f 1582 1617 1501
f 1501 1617 1502
f 1617 1611 1502
f 1502 1611 1503
f 1604 1626 1504
f 1504 1626 1505
f 1626 1584 1505
f 1505 1584 1506
f 1591 1587 1585
f 1591 1585 1627
f 1588 1591 1590
f 1613 1612 1628
f 1600 1628 1629
f 1600 1629 1599
f 1600 1629 1602
f 1602 1629 1630
f 1602 1630 1631
f 1602 1631 1604
f 1604 1631 1626
f 1631 1632 1626
f 1626 1632 1584
f 1584 1632 1585
f 1585 1632 1627
f 1627 1632 1633
f 1599 1541 1613
f 1591 1627 1634
f 1634 1627 1633
f 1634 1633 1635
f 1635 1633 1636
f 1635 1636 1637
f 1637 1636 1638
f 1637 1638 1630
f 1630 1638 1551
f 1630 1551 1631
f 1631 1551 1552
f 1631 1552 1632
f 1632 1552 1639
f 1632 1639 1633
f 1633 1639 1636
f 1630 1629 1637
f 1637 1629 1628
f 1637 1628 1612
f 1553 1583 1640
f 1640 1583 1586
f 1553 1589 1574
f 1553 1574 1559
f 1559 1574 1573
f 1559 1573 1556
f 1556 1573 1575
f 1556 1575 1557
f 1589 1553 1640
f 1552 1550 1639
f 1550 1560 1639
f 1639 1560 1636
f 1561 1549 1560
f 1560 1549 1636
f 1636 1549 1638
f 1638 1549 1551
f 1545 1547 1624
f 1545 1624 1622
f 1548 1546 1625
f 1546 1564 1625
f 1625 1564 1622
f 1622 1564 1545
f 1545 1564 1563
f 1544 1609 1607
f 1544 1607 1641
f 1544 1606 1595
f 1544 1595 1566
f 1566 1595 1596
f 1566 1596 1567
f 1567 1596 1597
f 1567 1597 1568
f 1606 1544 1641
f 1592 1621 1642
f 1642 1643 1592
f 1592 1643 1540
f 1643 1644 1540
f 1540 1644 1612
f 1612 1644 1637
f 1644 1645 1637
f 1637 1645 1635
f 1645 1646 1635
f 1635 1646 1647
f 1635 1647 1591
f 1591 1634 1635
f 1591 1647 1648
f 1591 1648 1572
f 1572 1648 1649
f 1572 1649 1571
f 1571 1649 1569
f 1569 1649 1623
f 1623 1649 1650
f 1623 1650 1621
f 1621 1650 1651
f 1621 1651 1642
f 1597 1598 1568
f 1575 1576 1557
f 1652 1579 1581
f 1581 1543 1652
f 1652 1543 1557
f 1652 1557 1576
f 1653 1601 1603
f 1603 1554 1653
f 1653 1554 1568
f 1653 1568 1598
f 1513 1512 1654
f 1654 1512 1655
f 1512 1524 1655
f 1655 1524 1656
f 1524 1523 1656
f 1656 1523 1657
f 1523 1522 1657
f 1657 1522 1658
f 1522 1517 1658
f 1658 1517 1659
f 1517 1515 1659
f 1659 1515 1660
f 1515 1514 1660
f 1660 1514 1661
f 1514 1513 1661
f 1661 1513 1654
f 1593 1605 1641
f 1641 1605 1606
f 1605 1608 1606
f 1606 1608 1607
f 1608 1592 1607
f 1607 1592 1641
f 1592 1593 1641
f 1578 1577 1579
f 1579 1577 1576
f 1576 1570 1652
f 1570 1569 1652
f 1569 1578 1652
f 1652 1578 1579
f 1600 1599 1601
f 1601 1599 1598
f 1599 1613 1598
f 1598 1613 1653
f 1613 1628 1653
f 1628 1600 1653
f 1653 1600 1601
f 1591 1588 1640
f 1640 1588 1589
f 1588 1587 1589
f 1589 1587 1586
f 1587 1591 1586
f 1586 1591 1640
f 1530 1539 1659
f 1659 1539 1537
f 1659 1537 1658
f 1658 1537 1535
f 1658 1535 1657
f 1657 1535 1656
f 1656 1535 1655
f 1655 1535 1533
f 1655 1533 1531
f 1655 1531 1654
f 1654 1531 1530
f 1654 1530 1661
f 1661 1530 1660
f 1530 1659 1660
f 1564 1662 1563
f 1563 1662 1663
f 1563 1663 1555
f 1555 1663 1556
f 1556 1664 1558
f 1558 1664 1560
f 1664 1665 1560
f 1560 1665 1561
f 1665 1666 1561
f 1561 1666 1562
f 1666 1567 1562
f 1667 1567 1668
f 1667 1668 1669
f 1669 1667 1662
f 1567 1667 1565
f 1565 1667 1564
f 1564 1667 1662
f 1662 1669 1670
f 1670 1662 1663
f 1663 1670 1671
f 1663 1671 1573
f 1573 1671 1672
f 1573 1672 1664
f 1672 1671 1663
f 1663 1573 1556
f 1556 1573 1673
f 1556 1673 1664
f 1664 1673 1674
f 1664 1674 1665
f 1665 1674 1675
f 1665 1675 1666
f 1666 1675 1676
f 1666 1676 1507
f 1667 1668 1507
f 1507 1668 1567
f 1507 1567 1666
f 1664 1673 1573
f 1643 1642 1540
f 1540 1642 1677
f 1540 1677 1507
f 1507 1677 1678
f 1507 1678 1667
f 1507 1666 1679
f 1507 1679 1540
f 1540 1679 1680
f 1540 1680 1643
f 1643 1680 1644
f 1644 1680 1645
f 1645 1680 1681
f 1645 1681 1646
f 1646 1681 1682
f 1646 1682 1647
f 1647 1682 1648
f 1648 1683 1649
f 1649 1683 1650
f 1642 1651 1677
f 1677 1651 1684
f 1677 1684 1685
f 1685 1684 1686
f 1685 1686 1662
f 1662 1686 1663
f 1662 1667 1685
f 1685 1667 1678
f 1685 1678 1677
f 1651 1650 1684
f 1684 1650 1683
f 1684 1683 1686
f 1686 1683 1687
f 1686 1687 1663
f 1663 1687 1672
f 1672 1688 1664
f 1664 1688 1689
f 1664 1689 1665
f 1665 1689 1690
f 1665 1690 1666
f 1666 1690 1679
f 1679 1690 1680
f 1680 1690 1681
f 1690 1689 1681
f 1681 1689 1682
f 1689 1688 1682
f 1682 1688 1672
f 1682 1672 1648
f 1648 1672 1687
f 1648 1687 1683
f 1691 1692 1693
f 1691 1693 1694
f 1695 1696 1697
f 1695 1697 1698
f 1699 1700 1701
f 1699 1701 1702
f 1703 1704 1705
f 1703 1705 1706
f 1707 1708 1709
f 1707 1710 1708
f 1576 1711 1712
f 1576 1579 1711
f 1713 1589 1714
f 1713 1586 1589
f 1715 1716 1717
f 1715 1718 1716
f 49 48 56
f 49 56 50
f 383 387 386
f 383 386 384
f 600 598 603
f 600 603 601
f 63 65 68
f 63 68 62
f 597 592 593
f 597 593 594
f 389 390 393
f 389 393 388
f 1719 1720 1721
f 1721 1720 1722
f 1723 1724 1725
f 1725 1724 1726
f 1727 1728 1729
f 1729 1728 1730
f 1731 1732 1733
f 1733 1732 1734
f 1707 1595 1708
f 1595 1710 1707
f 1712 1711 1652
f 1576 1652 1711
f 1579 1652 1711
f 1569 1578 1735
f 1735 1578 1570
f 1570 1578 1577
f 1713 1714 1640
f 1713 1640 1589
f 1640 1586 1713
f 1588 1587 1591
f 1715 1597 1716
f 1718 1597 1716
f 389 388 638
f 638 388 636
f 388 393 636
f 636 393 641
f 393 390 641
f 641 390 639
f 390 389 639
f 639 389 638
f 597 594 626
f 626 594 624
f 594 593 624
f 624 593 629
f 593 592 629
f 629 592 627
f 592 597 627
f 627 597 626
f 63 62 620
f 620 62 615
f 62 68 615
f 615 68 617
f 68 65 617
f 617 65 618
f 65 63 618
f 618 63 620
f 600 601 632
f 632 601 630
f 601 603 630
f 630 603 635
f 603 598 635
f 635 598 633
f 598 600 633
f 633 600 632
f 383 384 644
f 644 384 642
f 384 386 642
f 642 386 647
f 386 387 647
f 647 387 645
f 387 383 645
f 645 383 644
f 49 50 614
f 614 50 609
f 50 56 609
f 609 56 611
f 56 48 611
f 611 48 612
f 48 49 612
f 612 49 614
f 1715 1717 1653
f 1717 1716 1653
f 1714 1589 1640
f 1576 1712 1652
f 1707 1709 1641
f 1709 1708 1641
f 1703 1706 1736
f 1736 1706 1737
f 1706 1705 1737
f 1737 1705 1738
f 1705 1704 1738
f 1738 1704 1739
f 1704 1703 1739
f 1739 1703 1736
f 1699 1702 1740
f 1740 1702 1741
f 1702 1701 1741
f 1741 1701 1742
f 1701 1700 1742
f 1742 1700 1743
f 1700 1699 1743
f 1743 1699 1740
f 1695 1698 1744
f 1744 1698 1745
f 1698 1697 1745
f 1745 1697 1746
f 1697 1696 1746
f 1746 1696 1747
f 1696 1695 1747
f 1747 1695 1744
f 1691 1694 1748
f 1748 1694 1749
f 1694 1693 1749
f 1749 1693 1750
f 1693 1692 1750
f 1750 1692 1751
f 1692 1691 1751
f 1751 1691 1748
f 1750 1751 1752
f 1752 1751 1753
f 1752 1754 1750
f 1750 1754 1749
f 1754 1755 1749
f 1749 1755 1748
f 1755 1753 1748
f 1748 1753 1751
f 1752 1721 1754
f 1754 1721 1722
f 1754 1722 1755
f 1755 1722 1720
f 1755 1720 1753
f 1753 1720 1719
f 1753 1719 1752
f 1752 1719 1721
f 1746 1747 1756
f 1756 1747 1757
f 1756 1758 1746
f 1746 1758 1745
f 1758 1759 1745
f 1745 1759 1744
f 1759 1757 1744
f 1744 1757 1747
f 1756 1725 1758
f 1758 1725 1726
f 1758 1726 1759
f 1759 1726 1724
f 1759 1724 1757
f 1757 1724 1723
f 1757 1723 1756
f 1756 1723 1725
f 1742 1743 1760
f 1760 1743 1761
f 1760 1762 1742
f 1742 1762 1741
f 1762 1763 1741
f 1741 1763 1740
f 1763 1761 1740
f 1740 1761 1743
f 1760 1729 1762
f 1762 1729 1730
f 1762 1730 1763
f 1763 1730 1728
f 1763 1728 1761
f 1761 1728 1727
f 1761 1727 1760
f 1760 1727 1729
f 1738 1739 1764
f 1764 1739 1765
f 1764 1766 1738
f 1738 1766 1737
f 1766 1767 1737
f 1737 1767 1736
f 1767 1765 1736
f 1736 1765 1739
f 1764 1733 1766
f 1766 1733 1734
f 1766 1734 1767
f 1767 1734 1732
f 1767 1732 1765
f 1765 1732 1731
f 1765 1731 1764
f 1764 1731 1733
f 1641 1708 1768
f 1768 1708 1710
f 1710 1707 1768
f 1768 1707 1641
f 1768 1593 1641
f 1641 1593 1594
f 1641 1594 1768
f 1768 1594 1593
f 1579 1569 1652
f 1652 1569 1735
f 1652 1735 1570
f 1579 1578 1569
f 1589 1588 1591
f 1589 1591 1640
f 1640 1591 1587
f 1640 1587 1586
f 1653 1716 1769
f 1769 1716 1718
f 1718 1715 1769
f 1769 1715 1653
f 1769 1613 1653
f 1653 1613 1612
f 1653 1612 1769
f 1769 1612 1613
f 611 612 251
f 251 612 250
f 611 251 609
f 251 250 609
f 609 250 614
f 612 614 250
f 250 1770 251
f 647 645 1771
f 647 1771 642
f 1771 1772 642
f 642 1772 644
f 645 644 1771
f 1771 644 1772
f 1771 1773 1772
f 635 633 1774
f 635 1774 630
f 1774 1775 630
f 630 1775 632
f 633 632 1774
f 1774 632 1775
f 1774 1776 1775
f 617 618 263
f 263 618 261
f 617 263 615
f 263 261 615
f 615 261 620
f 618 620 261
f 261 1777 263
f 109 626 624
f 627 108 629
f 629 108 109
f 109 624 629
f 108 109 1778
f 639 638 80
f 80 638 79
f 79 638 636
f 639 80 641
f 79 80 1779
f 1780 1781 1782
f 1782 1781 1783
f 1782 1783 1784
f 1784 1783 1785
f 1783 1786 1785
f 1785 1786 1787
f 1784 1788 1782
f 1782 1788 1789
f 1788 1787 1789
f 1789 1787 1786
f 1789 1786 1790
f 1790 1786 1791
f 1792 1793 1794
f 1794 1793 1795
f 1794 1795 1796
f 1794 1796 1797
f 1797 1796 1798
f 1797 1798 1799
f 1799 1798 1800
f 1799 1800 1793
f 1793 1800 1795
f 1799 1801 1797
f 1802 1803 1804
f 1804 1803 1792
f 1804 1792 1794
f 1794 1797 1804
f 1804 1797 1805
f 1797 1801 1805
f 1805 1801 1806
f 1803 1807 1792
f 1792 1807 1793
f 1807 1808 1793
f 1793 1808 1799
f 1799 1808 1801
f 1801 1808 1806
f 1808 1809 1806
f 1753 1810 1811
f 1811 1810 1812
f 1813 1814 1815
f 1815 1814 1816
f 1817 1818 1752
f 1752 1818 1819
f 1820 1821 1822
f 1822 1821 1823
f 1824 1825 1767
f 1767 1825 1826
f 1766 1827 1828
f 1828 1827 1829
f 1760 1830 1831
f 1831 1830 1832
f 1833 1834 1835
f 1835 1834 1836
f 1834 1837 1836
f 1836 1837 1838
f 1759 1839 1840
f 1840 1839 1841
f 1838 1842 1836
f 1835 1836 1843
f 1836 1844 1843
f 951 1844 1845
f 1845 1846 1847
f 1846 1848 1849
f 1848 1850 1851
f 958 1850 1852
f 1852 1853 1854
f 1853 1836 1842
f 1843 1855 1835
f 1835 1855 1856
f 1823 1821 1857
f 1857 1821 1825
f 1857 1825 1832
f 1832 1825 1824
f 1832 1824 1831
f 1831 1824 1760
f 1824 1767 1760
f 1760 1767 1826
f 1760 1826 1830
f 1830 1826 1766
f 1830 1766 1762
f 1766 1828 1762
f 1762 1828 1858
f 1828 1859 1858
f 1858 1859 1860
f 1858 1860 1861
f 1861 1860 1862
f 1861 1862 1863
f 1863 1862 1864
f 1863 1864 1865
f 1865 1864 1866
f 1865 1866 1867
f 1867 1866 1868
f 1867 1868 1869
f 1869 1868 1816
f 1869 1816 1870
f 1870 1816 1814
f 1870 1814 1818
f 1870 1818 1841
f 1841 1818 1817
f 1841 1817 1840
f 1840 1817 1759
f 1817 1752 1759
f 1759 1752 1819
f 1759 1819 1839
f 1839 1819 1753
f 1839 1753 1757
f 1753 1811 1757
f 1757 1811 1871
f 1811 1872 1871
f 1871 1872 1873
f 1871 1873 1874
f 1874 1873 1875
f 1874 1875 1876
f 1876 1875 1877
f 1876 1877 1838
f 1876 1838 1837
f 1857 1878 1823
f 1823 1878 1879
f 1878 1880 1879
f 1879 1880 1881
f 1880 1882 1881
f 1881 1882 1883
f 1882 1833 1883
f 1883 1833 1835
f 1883 1835 1856
f 1843 1844 1855
f 1855 1844 1884
f 1884 1844 1822
f 1822 1844 951
f 1822 951 1820
f 1820 951 1845
f 1820 1845 1885
f 1885 1845 1847
f 1885 1847 1829
f 1829 1847 1846
f 1829 1846 1849
f 1829 1827 1885
f 1829 1849 1862
f 1862 1849 1848
f 1862 1848 1864
f 1864 1848 1851
f 1864 1851 1850
f 1864 1850 1815
f 1815 1850 958
f 1815 958 1813
f 1813 958 1886
f 958 1852 1886
f 1886 1852 1854
f 1886 1854 1812
f 1812 1854 1853
f 1812 1853 1887
f 1887 1853 1842
f 1887 1842 1888
f 1886 1812 1810
f 1838 1877 1842
f 1842 1877 1888
f 1856 1855 1883
f 1883 1855 1884
f 1883 1884 1881
f 1881 1884 1822
f 1881 1822 1879
f 1879 1822 1823
f 1828 1829 1859
f 1859 1829 1862
f 1859 1862 1860
f 1866 1864 1815
f 1866 1815 1868
f 1868 1815 1816
f 1877 1875 1888
f 1888 1875 1887
f 1875 1873 1887
f 1887 1873 1872
f 1887 1872 1812
f 1812 1872 1811
f 1889 1890 1891
f 1891 1890 1892
f 1893 1894 1895
f 1895 1894 1896
f 1897 1898 1899
f 1899 1898 1900
f 1901 1902 1903
f 1903 1902 1904
f 1905 1906 1907
f 1907 1906 1908
f 1909 1910 1911
f 1911 1910 1912
f 1913 1914 1915
f 1915 1914 1916
f 1917 1918 1919
f 1919 1918 1920
f 1841 1839 1759
f 1759 1839 1757
f 1757 1871 1756
f 1756 1871 1921
f 1756 1921 963
f 963 1921 1922
f 1921 1923 1922
f 1922 1923 1869
f 1922 1869 1870
f 1922 1870 965
f 965 1870 1840
f 1870 1841 1840
f 1840 1841 1759
f 1840 1759 1758
f 1840 1758 963
f 963 1758 1756
f 1869 1923 1867
f 1867 1923 1865
f 1923 1924 1865
f 1865 1924 1863
f 1924 1925 1863
f 1863 1925 1861
f 1925 1926 1861
f 1861 1926 1858
f 1871 1874 1921
f 1921 1874 1927
f 1874 1876 1927
f 1927 1876 1837
f 1927 1837 1834
f 1834 1833 1882
f 1834 1882 1928
f 1928 1882 1880
f 1928 1880 1878
f 1878 956 1928
f 1928 956 1926
f 956 955 1926
f 1926 955 1763
f 1926 1763 1858
f 1858 1763 1762
f 1762 1760 1830
f 1830 1760 1832
f 1763 955 1761
f 1761 955 954
f 1761 954 1760
f 1760 954 1832
f 1832 954 1857
f 956 1878 1857
f 1826 1825 986
f 986 1825 1821
f 986 1821 983
f 1821 1820 983
f 983 1820 984
f 1820 1885 984
f 984 1885 1929
f 1885 1765 1929
f 1929 1765 1767
f 1929 1767 986
f 986 1767 1826
f 1826 1767 1766
f 1766 1764 1827
f 1827 1764 1885
f 1885 1764 1765
f 1819 1818 974
f 974 1818 1814
f 974 1814 975
f 1814 1813 975
f 975 1813 976
f 1813 1886 976
f 976 1886 1930
f 1886 1754 1930
f 1930 1754 1752
f 1930 1752 974
f 974 1752 1819
f 1819 1752 1753
f 1753 1755 1810
f 1810 1755 1886
f 1886 1755 1754
f 1931 1932 1791
f 1791 1932 1933
f 1791 1933 1790
f 1790 1933 1934
f 1790 1934 1789
f 1789 1934 1935
f 1789 1935 1782
f 1782 1935 1780
f 1935 1936 1780
f 1780 1936 1937
f 1780 1937 1781
f 1781 1937 1938
f 1781 1938 1783
f 1783 1938 1931
f 1783 1931 1786
f 1786 1931 1791
f 1932 1931 1939
f 1939 1931 1940
f 1931 1938 1940
f 1940 1938 1941
f 1938 1937 1941
f 1941 1937 1942
f 1937 1936 1942
f 1942 1936 1943
f 1936 1935 1943
f 1943 1935 1944
f 1935 1934 1944
f 1944 1934 1945
f 1934 1933 1945
f 1945 1933 1946
f 1933 1932 1946
f 1946 1932 1939
f 1791 1790 1947
f 1947 1790 1948
f 1790 1789 1948
f 1948 1789 1945
f 1789 1782 1945
f 1945 1782 1949
f 1782 1780 1949
f 1949 1780 1950
f 1780 1781 1950
f 1950 1781 1951
f 1781 1783 1951
f 1951 1783 1941
f 1783 1786 1941
f 1941 1786 1952
f 1786 1791 1952
f 1952 1791 1947
f 1784 1785 1798
f 1798 1785 1800
f 1785 1787 1800
f 1800 1787 1795
f 1787 1788 1795
f 1795 1788 1796
f 1788 1784 1796
f 1796 1784 1798
f 1942 1943 1950
f 1950 1943 1944
f 1950 1944 1949
f 1949 1944 1945
f 1945 1946 1948
f 1948 1946 1947
f 1946 1939 1947
f 1947 1939 1940
f 1947 1940 1952
f 1952 1940 1941
f 1941 1942 1951
f 1951 1942 1950
f 1809 1808 1953
f 1953 1808 1954
f 1808 1807 1954
f 1954 1807 1955
f 1807 1803 1955
f 1955 1803 1956
f 1803 1802 1956
f 1956 1802 1957
f 1802 1804 1957
f 1957 1804 1958
f 1804 1805 1958
f 1958 1805 1959
f 1805 1806 1959
f 1959 1806 1960
f 1806 1809 1960
f 1960 1809 1953
f 1786 1783 1956
f 1956 1783 1955
f 1783 1781 1955
f 1955 1781 1954
f 1954 1781 1953
f 1953 1781 1780
f 1953 1780 1782
f 1953 1782 1960
f 1960 1782 1789
f 1960 1789 1959
f 1959 1789 1790
f 1959 1790 1958
f 1958 1790 1957
f 1790 1791 1957
f 1957 1791 1786
f 1957 1786 1956
f 1765 1907 1767
f 1767 1907 1908
f 1767 1908 1766
f 1766 1908 1906
f 1766 1906 1764
f 1764 1906 1905
f 1764 1905 1765
f 1765 1905 1907
f 1930 1911 976
f 976 1911 1912
f 976 1912 975
f 975 1912 1910
f 975 1910 974
f 974 1910 1909
f 974 1909 1930
f 1930 1909 1911
f 983 1915 986
f 986 1915 1916
f 986 1916 1929
f 1929 1916 1914
f 1929 1914 984
f 984 1914 1913
f 984 1913 983
f 983 1913 1915
f 1753 1919 1755
f 1755 1919 1920
f 1755 1920 1754
f 1754 1920 1918
f 1754 1918 1752
f 1752 1918 1917
f 1752 1917 1753
f 1753 1917 1919
f 1927 1834 1853
f 1853 1834 1836
f 1834 1928 1836
f 1836 1928 1844
f 1928 1926 1844
f 1844 1926 1845
f 1926 1925 1845
f 1845 1925 1846
f 1925 1924 1846
f 1846 1924 1848
f 1924 1923 1848
f 1848 1923 1850
f 1923 1921 1850
f 1850 1921 1852
f 1921 1927 1852
f 1852 1927 1853
f 1761 1891 1763
f 1763 1891 1892
f 1763 1892 1762
f 1762 1892 1890
f 1762 1890 1760
f 1760 1890 1889
f 1760 1889 1761
f 1761 1889 1891
f 963 1895 1840
f 1840 1895 1896
f 1840 1896 965
f 965 1896 1894
f 965 1894 1922
f 1922 1894 1893
f 1922 1893 963
f 963 1893 1895
f 1857 1899 956
f 956 1899 1900
f 956 1900 955
f 955 1900 1898
f 955 1898 954
f 954 1898 1897
f 954 1897 1857
f 1857 1897 1899
f 1757 1903 1759
f 1759 1903 1904
f 1759 1904 1758
f 1758 1904 1902
f 1758 1902 1756
f 1756 1902 1901
f 1756 1901 1757
f 1757 1901 1903
f 1961 1962 1963
f 1963 1964 1965
f 1965 1964 1962
f 1965 1962 1961
f 1963 1965 1961
f 1964 1963 1962
f 1966 1967 1968
f 1968 1969 1970
f 1970 1969 1967
f 1970 1967 1966
f 1968 1970 1966
f 1969 1968 1967
f 1971 1972 1973
f 1973 1974 1975
f 1975 1974 1972
f 1975 1972 1971
f 1973 1975 1971
f 1974 1973 1972
f 1976 1977 1978
f 1978 1979 1980
f 1980 1979 1977
f 1980 1977 1976
f 1978 1980 1976
f 1979 1978 1977
f 1981 1982 1983
f 1983 1984 1985
f 1985 1984 1982
f 1985 1982 1981
f 1983 1985 1981
f 1984 1983 1982
f 1986 1987 1988
f 1988 1989 1990
f 1990 1989 1987
f 1990 1987 1986
f 1988 1990 1986
f 1989 1988 1987
f 1991 1992 1993
f 1993 1994 1995
f 1995 1994 1992
f 1995 1992 1991
f 1993 1995 1991
f 1994 1993 1992
f 1996 1997 1998
f 1998 1999 2000
f 2000 1999 1997
f 2000 1997 1996
f 1998 2000 1996
f 1999 1998 1997
f 2001 2002 2003
f 2003 2004 2005
f 2005 2004 2002
f 2005 2002 2001
f 2003 2005 2001
f 2004 2003 2002
f 2006 2007 2008
f 2008 2009 2010
f 2010 2009 2007
f 2010 2007 2006
f 2008 2010 2006
f 2009 2008 2007
f 2011 2012 2013
f 2013 2014 2015
f 2015 2014 2012
f 2015 2012 2011
f 2013 2015 2011
f 2014 2013 2012
f 2016 2017 2018
f 2018 2019 2020
f 2020 2019 2017
f 2020 2017 2016
f 2018 2020 2016
f 2019 2018 2017
f 2021 2022 2023
f 2023 2024 2025
f 2025 2024 2022
f 2025 2022 2021
f 2023 2025 2021
f 2024 2023 2022
f 2026 2027 2028
f 2028 2029 2030
f 2030 2029 2027
f 2030 2027 2026
f 2028 2030 2026
f 2029 2028 2027
f 2031 2032 2033
f 2033 2034 2035
f 2035 2034 2032
f 2035 2032 2031
f 2033 2035 2031
f 2034 2033 2032
f 2036 2037 2038
f 2038 2039 2040
f 2040 2039 2037
f 2040 2037 2036
f 2038 2040 2036
f 2039 2038 2037
f 2041 2042 2043
f 2043 2044 2045
f 2045 2044 2042
f 2045 2042 2041
f 2043 2045 2041
f 2044 2043 2042
f 2046 2047 2048
f 2048 2049 2050
f 2050 2049 2047
f 2050 2047 2046
f 2048 2050 2046
f 2049 2048 2047
f 2051 879 2052
f 2052 879 2053
f 879 2051 2053
f 2053 2051 2052
f 2054 1015 2055
f 2056 2057 2058
f 2058 2057 2059
f 2057 2056 2059
f 2059 2056 2058
f 2060 2061 2056
f 2056 2061 2057
f 2061 2060 2057
f 2057 2060 2056
f 2062 2063 2064
f 2064 2063 2065
f 2063 2062 2065
f 2065 2062 2064
f 2066 2067 2068
f 2068 2067 2069
f 2067 2066 2069
f 2069 2066 2068
f 2070 2071 2072
f 2072 2071 2073
f 2071 2070 2073
f 2073 2070 2072
f 2074 2075 2076
f 2076 2075 2077
f 2075 2074 2077
f 2077 2074 2076
f 2078 910 2079
f 2078 2079 2080
f 2080 2079 2081
f 2081 2079 2082
f 2079 2080 2082
f 2082 2080 2081
f 2083 2084 2085
f 2085 2084 2086
f 2084 2083 2086
f 2086 2083 2085
f 2087 2088 2089
f 2089 2088 2090
f 2088 2087 2090
f 2090 2087 2089
f 2091 2092 2093
f 2093 2092 2094
f 2092 2091 2094
f 2094 2091 2093
f 2095 2096 2097
f 2097 2096 2098
f 2096 2095 2098
f 2098 2095 2097
f 2097 2098 2099
f 2099 2098 2100
f 2098 2097 2100
f 2100 2097 2099
f 2082 2101 2081
f 2081 2101 2102
f 2101 2082 2102
f 2102 2082 2081
f 2081 2103 2104
f 2104 2103 2105
f 2103 2081 2105
f 2105 2081 2104
f 2106 2107 2053
f 2053 2107 2052
f 2107 2106 2052
f 2052 2106 2053
f 2108 2109 2106
f 2106 2109 2107
f 2109 2108 2107
f 2107 2108 2106
f 2110 2111 2112
f 2112 2111 2113
f 2111 2110 2113
f 2113 2110 2112
f 2114 2115 2116
f 2116 2115 2117
f 2115 2114 2117
f 2117 2114 2116
f 2118 2119 2120
f 2120 2119 2121
f 2119 2118 2121
f 2121 2118 2120
f 2122 2123 2124
f 2124 2123 2125
f 2123 2122 2125
f 2125 2122 2124
f 2124 2125 2126
f 2126 2125 2127
f 2125 2124 2127
f 2127 2124 2126
f 2128 2129 2130
f 2130 2129 2131
f 2129 2128 2131
f 2131 2128 2130
f 2132 2133 2134
f 2132 2134 2135
f 830 2136 2137
f 2137 2136 2138
f 2136 830 2138
f 2138 830 2137
f 1839 2139 2140
f 2141 2142 2143
f 2143 2142 2144
f 2142 2141 2144
f 2144 2141 2143
f 2145 359 101
f 103 359 409
f 2145 360 359
f 359 360 107
f 359 107 108
f 359 109 361
f 359 361 409
f 409 361 2146
f 361 112 2146
f 2146 112 360
f 360 108 107
f 409 361 104
f 106 361 2146
f 2146 360 292
f 360 2145 102
f 102 101 1778
f 102 1778 292
f 292 1778 2147
f 292 2147 106
f 106 2147 103
f 106 103 104
f 2147 2148 103
f 2148 1778 103
f 103 1778 101
f 292 106 2146
f 360 107 292
f 292 107 102
f 107 360 102
f 102 2145 101
f 101 359 103
f 103 409 104
f 106 104 361
f 1778 361 2147
f 2147 361 359
f 2147 359 2148
f 2148 359 1778
f 1778 360 361
f 359 108 1778
f 108 112 1778
f 1778 112 360
f 112 361 360
f 2149 2150 2151
f 2151 2150 2152
f 2153 2154 2155
f 2155 2154 2156
f 2157 2158 2159
f 2159 2157 2160
f 2160 2161 2162
f 2162 2161 2163
f 2161 2164 2163
f 2164 2157 2158
f 789 2165 2166
f 2166 2165 790
f 2166 790 784
f 784 791 2167
f 2167 791 2168
f 2167 2168 785
f 791 787 2168
f 787 790 2165
f 1937 1938 1942
f 1942 1938 1941
f 1938 1931 1941
f 1941 1931 1940
f 1931 1932 1940
f 1940 1932 1939
f 1932 1933 1939
f 1939 1933 1946
f 1933 1934 1946
f 1946 1934 1945
f 1934 1935 1945
f 1945 1935 1944
f 1935 1936 1944
f 1944 1936 1943
f 1936 1937 1943
f 1943 1937 1942
f 2169 2170 1938
f 1938 2170 1931
f 2170 2171 1931
f 1931 2171 1932
f 2171 2172 1932
f 1932 2172 2173
f 1932 2173 2174
f 2175 2174 2176
f 2175 2176 2177
f 2178 2177 1944
f 1944 2177 1945
f 2177 2176 1945
f 1945 2176 1946
f 1932 2174 1933
f 1933 2174 2175
f 1933 2175 2179
f 2180 2179 2178
f 2178 2179 2177
f 2177 2179 2175
f 1933 2179 1934
f 1934 2179 2180
f 1934 2180 1935
f 1935 2180 2181
f 1935 2181 1936
f 1936 2181 2182
f 1936 2182 2183
f 2183 2182 2184
f 2183 2184 2185
f 2185 2184 2186
f 2185 2186 2187
f 2188 2187 2181
f 2188 2181 2180
f 2184 2182 2186
f 2186 2182 2187
f 2187 2182 2181
f 2180 2178 2188
f 2187 2188 1943
f 2187 1943 2185
f 2185 1943 2189
f 2189 2190 2191
f 2191 2190 2192
f 2191 2192 1937
f 1937 2192 2169
f 1937 2169 1938
f 1937 1936 2191
f 2191 1936 2183
f 2191 2183 2189
f 2189 2183 2185
f 1943 1942 2189
f 2189 1942 2190
f 2193 2194 2169
f 2169 2194 2170
f 2169 2192 2193
f 2193 2192 2190
f 1942 1941 2190
f 2190 1941 2193
f 1941 1940 2193
f 2193 1940 2194
f 1943 2188 1944
f 1944 2188 2178
f 2194 1940 2195
f 2195 1940 1939
f 2195 1939 2196
f 2196 1939 2197
f 2196 2197 2198
f 2196 2198 2172
f 2196 2172 2171
f 2171 2170 2195
f 2171 2195 2196
f 2195 2170 2194
f 2173 2199 2197
f 2173 2197 2200
f 2200 2197 1939
f 2200 1939 1946
f 1946 2176 2200
f 2200 2176 2174
f 2200 2174 2173
f 2199 2173 2172
f 2198 2197 2199
f 2198 2199 2172
f 2152 2150 799
f 799 2150 798
f 2150 2149 798
f 798 2149 801
f 2149 2151 801
f 801 2151 800
f 2151 2152 800
f 800 2152 799
f 799 798 791
f 791 798 787
f 798 801 787
f 787 801 790
f 801 800 790
f 790 800 784
f 800 799 784
f 784 799 791
f 2161 2160 2201
f 2201 2160 2202
f 2160 2157 2202
f 2202 2157 2203
f 2157 2164 2203
f 2203 2164 2204
f 2164 2161 2204
f 2204 2161 2201
f 2203 2204 2153
f 2153 2204 2154
f 2204 2201 2154
f 2154 2201 2156
f 2201 2202 2156
f 2156 2202 2155
f 2202 2203 2155
f 2155 2203 2153
f 2161 2163 789
f 789 2163 2165
f 2163 2164 2165
f 2165 2164 787
f 2164 2158 787
f 787 2158 2168
f 2158 2157 2168
f 2168 2157 785
f 2157 2159 785
f 785 2159 2167
f 2159 2160 2167
f 2167 2160 784
f 2160 2162 784
f 784 2162 2166
f 2162 2161 2166
f 2166 2161 789
f 2205 2206 2207
f 2207 2206 2208
f 2206 2209 2208
f 2208 2209 2210
f 2209 2211 2210
f 2210 2211 2212
f 2210 2212 2213
f 2210 2213 2214
f 2214 2213 2215
f 2214 2215 882
f 882 2216 2214
f 2214 2216 2217
f 2216 2218 2217
f 2217 2218 2219
f 2217 2219 2220
f 2220 2219 2221
f 2220 2221 2222
f 2222 2221 2223
f 2217 2220 2224
f 2224 2220 2225
f 2224 2225 2226
f 2225 2220 2227
f 2226 736 2224
f 2224 736 190
f 736 301 190
f 190 301 2228
f 190 2228 2229
f 2229 2228 2230
f 2229 2230 2231
f 2231 2230 2232
f 2230 2233 2232
f 2232 2233 1478
f 2232 1478 1477
f 2232 1477 2234
f 2234 1477 1476
f 2234 1476 2235
f 2235 1476 2236
f 2237 2235 2236
f 2237 2236 1475
f 1475 2236 1476
f 2237 1475 2238
f 2238 1475 1482
f 2238 1482 2239
f 2239 1482 1481
f 2239 1481 2240
f 2240 1481 2241
f 1481 1480 2241
f 2241 1480 2242
f 2240 2243 2239
f 2243 2238 2239
f 1478 2233 1479
f 1479 2233 2244
f 1479 2244 2245
f 2244 2242 2245
f 2242 1480 2245
f 1480 1479 2245
f 2212 2211 2246
f 2246 2211 2247
f 2218 2216 2248
f 2248 2216 882
f 2248 882 2215
f 2215 736 2248
f 2248 736 2249
f 2249 736 2227
f 2227 736 2225
f 736 2226 2225
f 2250 2251 2252
f 2252 2251 2253
f 2251 2254 2253
f 2253 2254 2255
f 2256 2257 2258
f 2258 2257 1025
f 2258 1025 2259
f 2259 1025 1026
f 2259 1026 2260
f 2260 1026 1028
f 2260 1028 1031
f 1031 1028 1033
f 1031 1033 1034
f 1034 1033 2261
f 1034 2261 1035
f 1033 1036 2261
f 2261 1036 1035
f 1036 1038 1035
f 1035 1038 1037
f 2260 2262 2259
f 2259 2262 2263
f 2259 2263 2250
f 2259 2250 2264
f 2264 2250 2265
f 2265 2250 2252
f 2265 2252 2266
f 2252 2253 2266
f 2266 2253 2267
f 2253 2255 2267
f 2267 2255 2268
f 2268 2255 2269
f 2269 2255 2270
f 2269 2270 2271
f 2271 2270 2272
f 2270 2273 2272
f 2272 2273 2274
f 2273 2275 2274
f 2274 2275 2276
f 2276 2275 2277
f 2276 2277 2278
f 2278 2277 2279
f 2279 2277 2280
f 2280 2277 2281
f 2280 2281 2282
f 2282 2281 2283
f 2282 2283 2284
f 2283 2281 2285
f 2285 2281 2286
f 2285 2286 2287
f 2287 2286 2281
f 2285 2287 2288
f 2288 2287 2289
f 2287 2290 2289
f 2289 2290 2291
f 2289 2291 2292
f 2292 2291 2290
f 2292 2290 2293
f 2292 2293 2294
f 2294 2293 2254
f 2294 2254 2295
f 2294 2295 2296
f 2296 2295 2251
f 2296 2251 2297
f 2297 2251 2298
f 2254 2251 2295
f 2251 2250 2298
f 2298 2250 2263
f 2298 2263 2262
f 1025 1023 1026
f 1026 1023 1024
f 2259 2264 2258
f 2264 2265 2258
f 2258 2265 2299
f 2299 2265 2266
f 2299 2266 2267
f 2267 2300 2299
f 2210 2214 2208
f 2208 2214 2301
f 2208 2301 2302
f 2208 2302 2207
f 2207 2302 2303
f 2207 2303 2205
f 2205 2303 2304
f 2205 2304 2305
f 2305 2304 2306
f 2305 2306 2307
f 2307 2306 2308
f 2307 2308 2309
f 2309 2308 2310
f 2309 2310 2311
f 2311 2310 2312
f 2312 2310 2313
f 2313 2310 2314
f 2313 2314 2315
f 2315 2314 2316
f 2314 2284 2316
f 2316 2284 2317
f 2311 2318 2309
f 2309 2318 2307
f 2318 2319 2307
f 2307 2319 2320
f 2307 2320 2305
f 2305 2320 2321
f 2305 2321 2322
f 2305 2322 2205
f 2205 2322 2323
f 2205 2323 2206
f 2206 2323 2324
f 2206 2324 2325
f 2206 2325 2209
f 2209 2325 2326
f 2209 2326 2211
f 2211 2326 2327
f 2211 2327 2247
f 2247 2327 2317
f 2247 2317 2284
f 2284 2283 2247
f 2247 2283 2246
f 2283 2285 2246
f 2246 2285 2212
f 2285 2288 2212
f 2212 2288 2213
f 2288 2289 2213
f 2213 2289 2292
f 2213 2292 2215
f 2215 2292 2294
f 2215 2294 736
f 736 2294 2296
f 736 2296 2297
f 736 2297 301
f 301 2297 2298
f 301 2298 2228
f 2228 2298 2262
f 2228 2262 2230
f 2230 2262 2260
f 2230 2260 1031
f 2230 1031 2233
f 2233 1031 1034
f 2233 1034 2244
f 2244 1034 2242
f 1034 1035 2242
f 2242 1035 2241
f 1035 1037 2241
f 2241 1037 2240
f 1037 1018 2240
f 2240 1018 2243
f 1018 1016 2243
f 2243 1016 2238
f 1016 1017 2238
f 2238 1017 2237
f 1017 1022 2237
f 2237 1022 2235
f 1022 1023 2235
f 2235 1023 1025
f 2235 1025 2234
f 2234 1025 2257
f 2234 2257 2232
f 2232 2257 2256
f 2232 2256 2231
f 2231 2256 2229
f 2229 2256 190
f 190 2256 2299
f 190 2299 2300
f 190 2300 2328
f 190 2328 2224
f 2224 2328 2329
f 2224 2329 2330
f 2330 2331 2224
f 2224 2331 2217
f 2331 2332 2217
f 2217 2332 2333
f 2217 2333 2214
f 2214 2333 1412
f 2214 1412 2301
f 2332 2334 2333
f 2299 2256 2258
f 2316 2317 2315
f 2315 2317 2327
f 2315 2327 2313
f 2313 2327 2335
f 2313 2335 2336
f 2313 2336 2312
f 2312 2336 2337
f 2312 2337 2311
f 2311 2337 2338
f 2311 2338 2318
f 2318 2338 2339
f 2318 2339 2319
f 2319 2339 2323
f 2319 2323 2322
f 2319 2322 2320
f 2320 2322 2321
f 2339 2340 2323
f 2323 2340 2324
f 2340 2341 2324
f 2324 2341 2325
f 2341 2342 2325
f 2325 2342 2326
f 2342 2335 2326
f 2326 2335 2327
f 845 898 852
f 852 898 893
f 898 845 907
f 907 845 868
f 893 898 2343
f 2343 898 907
f 2343 907 2344
f 2344 907 899
f 907 868 899
f 899 868 865
f 865 868 866
f 866 868 2345
f 868 845 2345
f 2345 845 2221
f 2221 845 2223
f 2223 845 856
f 845 852 856
f 852 893 856
f 856 893 2343
f 2249 2227 2346
f 2346 2227 2222
f 2346 2222 2223
f 2222 2227 2220
f 2346 2347 2249
f 2249 2347 2248
f 866 2344 865
f 865 2344 899
f 856 2343 2223
f 2223 2343 2346
f 2346 2343 2347
f 2347 2343 2344
f 2347 2344 866
f 866 2345 2347
f 2219 2218 2221
f 2221 2218 2345
f 2345 2218 2248
f 2345 2248 2347
f 2300 2267 2268
f 2300 2268 2328
f 2328 2268 2269
f 2328 2269 2329
f 2329 2269 2271
f 2329 2271 2330
f 2330 2271 2272
f 2330 2272 2331
f 2331 2272 2274
f 2331 2274 2332
f 2332 2274 2276
f 2332 2276 2334
f 2308 2306 2310
f 2310 2306 2348
f 2310 2348 2349
f 2310 2349 2314
f 2314 2349 2350
f 2314 2350 2284
f 2284 2350 2351
f 2284 2351 1412
f 1412 2351 2352
f 1412 2352 2302
f 2302 2352 2303
f 1412 2302 2301
f 2352 2353 2303
f 2303 2353 2304
f 2353 2354 2304
f 2304 2354 2355
f 2304 2355 2306
f 2306 2355 2348
f 2284 1412 2282
f 2282 1412 2333
f 2282 2333 2280
f 2280 2333 2279
f 2279 2333 2334
f 2279 2334 2278
f 2334 2276 2278
f 2290 2287 2273
f 2273 2287 2275
f 2277 2275 2281
f 2281 2275 2287
f 2273 2270 2356
f 2273 2356 2290
f 2290 2356 2293
f 2293 2356 2357
f 2293 2357 2254
f 2254 2357 2255
f 2255 2357 2270
f 2270 2357 2356
f 1023 2358 1024
f 1024 2358 1021
f 1021 2358 1022
f 1021 1022 1017
f 1021 1017 1020
f 1020 1017 1016
f 1020 1016 2359
f 1016 1018 2359
f 2359 1018 1037
f 1037 1038 2359
f 2359 1038 1020
f 1022 2358 1023
f 2236 2358 2235
f 2360 2361 2362
f 2362 2361 2363
f 2362 2363 2364
f 2364 2363 2348
f 2364 2348 2355
f 2363 2361 2348
f 2348 2361 2349
f 2361 2360 2349
f 2349 2360 2350
f 2360 2365 2350
f 2350 2365 2351
f 2365 2366 2351
f 2351 2366 2352
f 2352 2366 2367
f 2352 2367 2368
f 2368 2367 2369
f 2368 2369 2370
f 2367 2366 2369
f 2352 2368 2353
f 2353 2368 2370
f 2353 2370 2354
f 2354 2370 2371
f 2354 2371 2355
f 2355 2371 2372
f 2355 2372 2364
f 2364 2372 2362
f 2369 2366 2341
f 2366 2365 2341
f 2341 2365 2342
f 2342 2365 2335
f 2335 2365 2360
f 2335 2360 2362
f 2335 2362 2336
f 2336 2362 2372
f 2336 2372 2337
f 2337 2372 2371
f 2337 2371 2338
f 2338 2371 2339
f 2371 2370 2339
f 2339 2370 2369
f 2339 2369 2340
f 2369 2341 2340
f 2373 2374 2375
f 2375 2374 2376
f 2374 2373 2376
f 2376 2373 2375
f 2377 1877 2378
f 2379 2378 2380
f 2381 2382 2380
f 2380 2382 2383
f 2380 2383 2381
f 2381 2383 2382
f 2377 2384 1877
f 2384 2377 2385
f 2384 2385 1877
f 1877 2385 2377
f 2386 2387 2388
f 2388 2387 2389
f 2387 2386 2389
f 2389 2386 2388
f 2390 2391 2385
f 2385 2391 2384
f 2391 2390 2384
f 2384 2390 2385
f 2392 2393 2394
f 2393 2395 2396
f 2395 2397 2398
f 2399 2397 2400
f 2400 2401 2402
f 2403 2401 2392
f 2403 2392 2404
f 2404 2392 2394
f 2404 2394 2405
f 2405 2394 2393
f 2405 2393 2396
f 2405 2396 2406
f 2406 2396 2395
f 2406 2395 2398
f 2406 2398 2407
f 2407 2398 2397
f 2407 2397 2399
f 2407 2399 2408
f 2408 2399 2400
f 2408 2400 2402
f 2408 2402 2409
f 2409 2402 2401
f 2409 2401 2403
f 2403 2404 2409
f 2393 2392 2410
f 2410 2392 2411
f 2392 2401 2411
f 2411 2401 2412
f 2401 2400 2412
f 2412 2400 2413
f 2400 2397 2413
f 2413 2397 2414
f 2397 2395 2414
f 2414 2395 2415
f 2395 2393 2415
f 2415 2393 2410
f 2235 2236 2416
f 2416 2236 2417
f 2416 2417 2406
f 2406 2417 2239
f 2406 2239 2405
f 2405 2239 2404
f 2404 2239 2418
f 2404 2418 2409
f 2409 2418 2419
f 2409 2419 2420
f 2409 2420 2408
f 2408 2420 2416
f 2408 2416 2407
f 2407 2416 2406
f 2239 2421 2418
f 2421 2239 2417
f 2236 2422 2417
f 2417 2236 2423
f 2423 2236 2235
f 2423 2235 2416
f 2418 2245 2419
f 2245 2424 2418
f 2419 2245 2425
f 2245 2418 2425
f 2422 2423 2236
f 2424 2426 2245
f 2421 2417 2427
f 2417 2410 2427
f 2427 2410 2411
f 2427 2411 2239
f 2411 2412 2239
f 2239 2412 2419
f 2239 2419 2418
f 2418 2419 2426
f 2418 2426 2424
f 2426 2419 2245
f 2412 2413 2419
f 2419 2413 2420
f 2413 2414 2420
f 2420 2414 2415
f 2420 2415 2417
f 2417 2415 2410
f 2420 2417 2416
f 2236 2423 2416
f 2423 2422 2417
f 368 369 2428
f 2428 369 2429
f 2429 369 381
f 378 375 2430
f 2430 375 2431
f 2431 375 376
f 2432 2433 368
f 368 2433 2434
f 368 2434 370
f 370 2434 2435
f 370 2435 372
f 372 2435 2436
f 372 2436 374
f 374 2436 2437
f 374 2437 2438
f 374 2438 376
f 378 2430 2439
f 2439 2430 2440
f 2440 2430 2441
f 2441 2430 2431
f 2441 2431 2442
f 2442 2431 2437
f 2431 376 2437
f 2437 376 2438
f 2437 2436 2442
f 2442 2436 2441
f 368 2428 2432
f 2432 2428 2433
f 2433 2428 2443
f 2443 2428 2429
f 2443 2429 2444
f 2444 2429 381
f 2444 381 2445
f 2445 2446 2444
f 2446 2447 2444
f 2444 2447 2443
f 381 380 2445
f 2445 380 2446
f 2446 380 2447
f 2447 380 379
f 2447 379 2448
f 2448 379 2449
f 2448 2449 2450
f 2449 379 2451
f 2451 379 377
f 2451 377 2440
f 2440 377 378
f 2440 378 2439
f 2440 2441 2451
f 2451 2441 2452
f 2451 2452 2449
f 2449 2452 2453
f 2449 2453 2450
f 2450 2453 2448
f 2441 2436 2452
f 2452 2436 2435
f 2452 2435 2453
f 2453 2435 2454
f 2453 2454 2448
f 2448 2454 2447
f 2447 2454 2443
f 2443 2454 2433
f 2433 2454 2434
f 2434 2454 2435
f 2455 2456 2457
f 2457 2456 783
f 2457 783 782
f 782 789 2457
f 2457 789 2458
f 789 788 2458
f 2458 788 2459
f 2458 2459 2460
f 2458 2460 2461
f 2461 2460 2462
f 2461 2462 2463
f 2463 2464 2461
f 2461 2464 2465
f 2464 2466 2465
f 2465 2466 2467
f 2456 2468 783
f 783 2468 785
f 1924 1923 1925
f 1925 1923 795
f 1925 795 794
f 794 793 1925
f 1925 793 1926
f 793 792 1926
f 1926 792 1928
f 1923 1921 795
f 795 1921 796
f 1921 1927 796
f 796 1927 797
f 797 1927 792
f 792 1927 1928
f 1927 1834 1928
f 2469 2470 2471
f 2471 2470 2472
f 2471 2472 2473
f 2473 2472 2474
f 2473 2474 2475
f 2475 2474 2476
f 2477 2478 2479
f 2479 2478 2480
f 2479 2480 2481
f 2481 2480 2482
f 2481 2482 2483
f 2483 2482 2484
f 2485 2486 2487
f 2487 2486 2488
f 2487 2488 2489
f 2489 2488 2490
f 2489 2490 2491
f 2491 2490 2492
f 2493 2494 939
f 2494 2057 2495
f 2057 2496 2495
f 2496 2497 929
f 2497 2498 929
f 929 2498 875
f 2498 2499 875
f 2500 2501 2502
f 2503 2504 940
f 2504 2501 940
f 940 2501 2494
f 940 2494 2493
f 2501 2500 2494
f 2494 2500 2057
f 2057 2500 2496
f 2496 2500 2499
f 2496 2499 2498
f 2498 2497 2496
f 2503 851 937
f 2501 2504 2502
f 2504 2503 937
f 2493 939 940
f 2503 940 851
f 2496 929 2500
f 2496 2500 2502
f 2496 2502 2495
f 2495 2502 2494
f 2502 2504 2494
f 2494 2504 851
f 2494 851 940
f 940 939 2494
f 2504 937 851
f 2500 929 2499
f 2499 929 875
f 874 2505 2506
f 875 2507 873
f 850 2508 2509
f 2510 940 2511
f 851 850 2509
f 2512 2513 2093
f 2514 2093 2515
f 2516 2517 2518
f 2518 2517 2063
f 2517 2516 2063
f 2063 2516 2518
f 2503 2519 2520
f 2520 2519 2521
f 2521 2519 2522
f 2522 2519 324
f 2519 2503 324
f 324 2503 2523
f 2503 2520 2523
f 2523 2520 2524
f 2520 2521 2524
f 2524 2521 2522
f 324 2523 2522
f 2522 2523 2524
f 2517 2095 2525
f 2525 2095 2526
f 2526 2095 2527
f 2527 2095 2528
f 2095 2517 2528
f 2528 2517 2529
f 2517 2525 2529
f 2529 2525 2530
f 2525 2526 2530
f 2530 2526 2527
f 2528 2529 2527
f 2527 2529 2530
f 2088 2531 2532
f 2532 2531 2533
f 2533 2531 2534
f 2534 2531 2535
f 2531 2088 2535
f 2535 2088 2536
f 2088 2532 2536
f 2536 2532 2537
f 2532 2533 2537
f 2537 2533 2534
f 2535 2536 2534
f 2534 2536 2537
f 2538 2096 2517
f 2517 2096 2095
f 2095 2096 2528
f 2528 2096 2539
f 2096 2538 2539
f 2539 2538 2540
f 2538 2517 2540
f 2540 2517 2529
f 2517 2095 2529
f 2529 2095 2528
f 2539 2540 2528
f 2528 2540 2529
f 2541 2542 2543
f 2543 2542 2544
f 2544 2542 2545
f 2545 2542 2546
f 2542 2541 2546
f 2546 2541 2547
f 2541 2543 2547
f 2547 2543 2548
f 2543 2544 2548
f 2548 2544 2545
f 2546 2547 2545
f 2545 2547 2548
f 2549 2550 2551
f 2551 2550 2552
f 2552 2550 2553
f 2553 2550 2554
f 2550 2549 2554
f 2554 2549 2555
f 2549 2551 2555
f 2555 2551 2556
f 2551 2552 2556
f 2556 2552 2553
f 2554 2555 2553
f 2553 2555 2556
f 2376 2557 1006
f 1006 2557 2558
f 2558 2557 2559
f 2559 2557 2560
f 2557 2376 2560
f 2560 2376 2561
f 2376 1006 2561
f 2561 1006 2562
f 1006 2558 2562
f 2562 2558 2559
f 2560 2561 2559
f 2559 2561 2562
f 2374 2563 2376
f 2376 2563 2557
f 2557 2563 2560
f 2560 2563 2564
f 2563 2374 2564
f 2564 2374 2565
f 2374 2376 2565
f 2565 2376 2561
f 2376 2557 2561
f 2561 2557 2560
f 2564 2565 2560
f 2560 2565 2561
f 2518 2063 2566
f 2566 2063 2062
f 2062 2063 2567
f 2567 2063 2568
f 2063 2518 2568
f 2568 2518 2569
f 2518 2566 2569
f 2569 2566 2570
f 2566 2062 2570
f 2570 2062 2567
f 2568 2569 2567
f 2567 2569 2570
f 2571 1015 2549
f 2549 1015 2550
f 2550 1015 2554
f 2554 1015 2572
f 1015 2571 2572
f 2572 2571 2573
f 2571 2549 2573
f 2573 2549 2555
f 2549 2550 2555
f 2555 2550 2554
f 2572 2573 2554
f 2554 2573 2555
f 2574 2575 2496
f 2496 2575 2576
f 2576 2575 2577
f 2577 2575 2578
f 2575 2574 2578
f 2578 2574 2579
f 2574 2496 2579
f 2579 2496 2580
f 2496 2576 2580
f 2580 2576 2577
f 2578 2579 2577
f 2577 2579 2580
f 2581 2582 2574
f 2574 2582 2583
f 2583 2582 2584
f 2584 2582 2585
f 2582 2581 2585
f 2585 2581 2586
f 2581 2574 2586
f 2586 2574 2579
f 2574 2583 2579
f 2579 2583 2584
f 2585 2586 2584
f 2584 2586 2579
f 2051 2101 2587
f 2587 2101 2588
f 2101 2051 2589
f 2589 2051 2590
f 2101 2589 2588
f 2588 2589 2591
f 2589 2590 2591
f 2591 2590 2592
f 2590 2051 2592
f 2592 2051 2587
f 2587 2588 2592
f 2592 2588 2591
f 2519 2593 2594
f 2594 2593 2073
f 2593 2519 2073
f 2073 2519 2594
f 2516 2074 2549
f 2549 2074 2595
f 2074 2516 2595
f 2595 2516 2549
f 2596 2597 2514
f 2597 2598 2514
f 2598 2599 2600
f 2599 2601 2600
f 2600 2601 2602
f 2601 2603 2602
f 2602 2603 2604
f 2601 2599 2605
f 2599 2596 2605
f 2605 2596 2601
f 2596 2606 2601
f 2601 2606 2603
f 2596 2599 2597
f 2597 2599 2598
f 2607 2608 2609
f 2609 2608 2610
f 2608 2603 2610
f 2610 2603 2606
f 2610 2606 2611
f 2606 2596 2612
f 2609 2610 2607
f 2607 2610 2608
f 2610 2611 2608
f 2608 2611 2606
f 2608 2606 2604
f 2604 2606 2612
f 2604 2612 2602
f 2602 2612 2514
f 2602 2514 2613
f 2602 2613 2600
f 2596 2514 2612
f 2604 2603 2608
f 2514 2600 803
f 2514 803 2613
f 2514 2598 2600
f 2614 2615 2616
f 2616 2615 2617
f 2615 2614 2618
f 2618 2614 2084
f 2615 2618 2617
f 2617 2618 2619
f 2618 2084 2619
f 2619 2084 2620
f 2084 2614 2620
f 2620 2614 2616
f 2616 2617 2620
f 2620 2617 2619
f 2621 2622 2513
f 2513 2622 2623
f 2622 2621 2623
f 2623 2621 2513
f 2624 2625 2626
f 2626 2625 2627
f 2627 2625 2628
f 2628 2625 2629
f 2625 2624 2629
f 2629 2624 2630
f 2624 2626 2630
f 2630 2626 2631
f 2626 2627 2631
f 2631 2627 2628
f 2629 2630 2628
f 2628 2630 2631
f 2632 2633 2634
f 2634 2633 2635
f 2635 2633 2636
f 2636 2633 2637
f 2633 2632 2637
f 2637 2632 2638
f 2632 2634 2638
f 2638 2634 2639
f 2634 2635 2639
f 2639 2635 2636
f 2637 2638 2636
f 2636 2638 2639
f 2640 2641 2642
f 2642 2641 2643
f 2643 2641 2644
f 2644 2641 2645
f 2641 2640 2645
f 2645 2640 2646
f 2640 2642 2646
f 2646 2642 2647
f 2642 2643 2647
f 2647 2643 2644
f 2645 2646 2644
f 2644 2646 2647
f 2087 2648 2649
f 2649 2648 2650
f 2650 2648 2651
f 2651 2648 2652
f 2648 2087 2652
f 2652 2087 2653
f 2087 2649 2653
f 2653 2649 2654
f 2649 2650 2654
f 2654 2650 2651
f 2652 2653 2651
f 2651 2653 2654
f 2649 2650 2655
f 2655 2650 2656
f 2656 2650 2657
f 2657 2650 2651
f 2650 2649 2651
f 2651 2649 2654
f 2649 2655 2654
f 2654 2655 2658
f 2655 2656 2658
f 2658 2656 2657
f 2651 2654 2657
f 2657 2654 2658
f 2659 2660 2661
f 2661 2660 2662
f 2662 2660 2663
f 2663 2660 2664
f 2660 2659 2664
f 2664 2659 2665
f 2659 2661 2665
f 2665 2661 2666
f 2661 2662 2666
f 2666 2662 2663
f 2664 2665 2663
f 2663 2665 2666
f 2667 2612 2622
f 2622 2612 2668
f 2612 2667 2668
f 2668 2667 2622
f 2669 2670 2671
f 2671 2670 2672
f 2672 2670 2673
f 2673 2670 2674
f 2670 2669 2674
f 2674 2669 2675
f 2669 2671 2675
f 2675 2671 2676
f 2671 2672 2676
f 2676 2672 2673
f 2674 2675 2673
f 2673 2675 2676
f 2677 811 2678
f 2679 2680 2681
f 2681 2680 2682
f 2680 2679 2682
f 2682 2679 2681
f 2623 2683 2684
f 2684 2683 2685
f 2683 2623 2685
f 2685 2623 2684
f 2668 2686 2683
f 2683 2686 2687
f 2686 2668 2687
f 2687 2668 2683
f 2386 2688 2382
f 2688 2689 2382
f 2688 2386 2689
f 2689 2386 2690
f 2690 2386 2691
f 2691 2386 2692
f 2691 2692 2373
f 2373 2693 2691
f 2691 2693 2563
f 2693 2373 2563
f 2373 2692 2563
f 2563 2692 2690
f 2563 2690 2691
f 2386 2382 2692
f 2692 2382 2690
f 2382 2689 2690
f 2694 1554 2695
f 1554 2694 1567
f 1567 2694 2696
f 1567 2696 1544
f 1544 2696 2697
f 1554 1567 2695
f 2695 1567 2698
f 2698 1567 2699
f 2699 1567 1643
f 1643 1567 2700
f 1643 2700 2701
f 1567 1544 2700
f 2700 1544 2697
f 2702 2703 2700
f 2700 2703 2701
f 2700 2697 2702
f 2702 2697 2696
f 2698 2699 2704
f 2704 2699 2705
f 2694 2704 2702
f 2694 2702 2696
f 2702 2704 2703
f 2703 2704 2705
f 2704 2694 2698
f 2698 2694 2695
f 2699 1643 2705
f 2705 1643 2703
f 1643 2701 2703
f 856 867 2706
f 2706 867 2707
f 867 2708 2707
f 2707 2708 2709
f 856 2710 867
f 867 2710 2708
f 2708 2710 2711
f 2711 2710 2712
f 2711 2712 2713
f 2713 2714 2711
f 2711 2714 2715
f 2708 2711 2709
f 2709 2711 2716
f 2711 2715 2716
f 2716 2715 2717
f 2715 2714 2717
f 2717 2714 2718
f 2714 2713 2718
f 2718 2713 2719
f 2713 2712 2719
f 2719 2712 2720
f 2712 2710 2720
f 2720 2710 2721
f 2710 856 2721
f 2721 856 2706
f 2720 2721 2719
f 2719 2721 2717
f 2719 2717 2718
f 2707 2709 2706
f 2706 2709 2721
f 2721 2709 2717
f 2717 2709 2716
f 2722 2714 2723
f 2723 2714 2713
f 2713 2714 2724
f 2724 2714 2725
f 2714 2722 2725
f 2725 2722 2726
f 2722 2723 2726
f 2726 2723 2727
f 2723 2713 2727
f 2727 2713 2724
f 2725 2726 2724
f 2724 2726 2727
f 2728 2729 2730
f 2730 2729 2731
f 2729 2728 868
f 868 2728 846
f 2729 868 2731
f 2731 868 2732
f 868 846 2732
f 2732 846 2733
f 846 2728 2733
f 2733 2728 2730
f 2730 2731 2733
f 2733 2731 2732
f 2734 2135 2735
f 2735 2135 2736
f 2135 2734 2737
f 2737 2734 2738
f 2135 2737 2736
f 2736 2737 2739
f 2737 2738 2739
f 2739 2738 2740
f 2738 2734 2740
f 2740 2734 2735
f 2735 2736 2740
f 2740 2736 2739
f 2741 2111 2742
f 2742 2111 2110
f 2110 2111 2743
f 2743 2111 2744
f 2111 2741 2744
f 2744 2741 2745
f 2741 2742 2745
f 2745 2742 2746
f 2742 2110 2746
f 2746 2110 2743
f 2744 2745 2743
f 2743 2745 2746
f 2747 2748 2749
f 2749 2748 2750
f 2750 2748 2751
f 2751 2748 2752
f 2748 2747 2752
f 2752 2747 2753
f 2747 2749 2753
f 2753 2749 2754
f 2749 2750 2754
f 2754 2750 2751
f 2752 2753 2751
f 2751 2753 2754
f 2755 2756 2757
f 2757 2756 2758
f 2758 2756 2759
f 2759 2756 2760
f 2756 2755 2760
f 2760 2755 2761
f 2755 2757 2761
f 2761 2757 2762
f 2757 2758 2762
f 2762 2758 2759
f 2760 2761 2759
f 2759 2761 2762
f 2763 2764 827
f 827 2764 2765
f 2765 2764 2766
f 2766 2764 2767
f 2764 2763 2767
f 2767 2763 2768
f 2763 827 2768
f 2768 827 829
f 827 2765 829
f 829 2765 2766
f 2767 2768 2766
f 2766 2768 829
f 2769 2770 2771
f 2771 2770 2772
f 2772 2770 2773
f 2773 2770 2774
f 2770 2769 2774
f 2774 2769 2775
f 2769 2771 2775
f 2775 2771 2776
f 2771 2772 2776
f 2776 2772 2773
f 2774 2775 2773
f 2773 2775 2776
f 2777 827 648
f 648 827 2778
f 2778 827 2779
f 2779 827 829
f 827 2777 829
f 829 2777 2780
f 2777 648 2780
f 2780 648 2781
f 648 2778 2781
f 2781 2778 2779
f 829 2780 2779
f 2779 2780 2781
f 2782 2783 2784
f 2784 2783 2785
f 2785 2783 2786
f 2786 2783 2787
f 2783 2782 2787
f 2787 2782 2788
f 2782 2784 2788
f 2788 2784 2789
f 2784 2785 2789
f 2789 2785 2786
f 2787 2788 2786
f 2786 2788 2789
f 2790 2791 822
f 822 2791 2792
f 2792 2791 2793
f 2793 2791 2794
f 2791 2790 2794
f 2794 2790 2795
f 2790 822 2795
f 2795 822 824
f 822 2792 824
f 824 2792 2793
f 2794 2795 2793
f 2793 2795 824
f 2796 2797 2790
f 2790 2797 2791
f 2791 2797 2794
f 2794 2797 2798
f 2797 2796 2798
f 2798 2796 2799
f 2796 2790 2799
f 2799 2790 2795
f 2790 2791 2795
f 2795 2791 2794
f 2798 2799 2794
f 2794 2799 2795
f 2770 2800 2772
f 2772 2800 2111
f 2111 2800 2113
f 2113 2800 2801
f 2800 2770 2801
f 2801 2770 2774
f 2770 2772 2774
f 2774 2772 2773
f 2772 2111 2773
f 2773 2111 2113
f 2801 2774 2113
f 2113 2774 2773
f 2802 2803 2747
f 2747 2803 2748
f 2748 2803 2752
f 2752 2803 2804
f 2803 2802 2804
f 2804 2802 2805
f 2802 2747 2805
f 2805 2747 2753
f 2747 2748 2753
f 2753 2748 2752
f 2804 2805 2752
f 2752 2805 2753
f 834 2806 2807
f 2807 2806 2808
f 2808 2806 2809
f 2809 2806 2810
f 2806 834 2810
f 2810 834 836
f 834 2807 836
f 836 2807 2811
f 2807 2808 2811
f 2811 2808 2809
f 2810 836 2809
f 2809 836 2811
f 2806 2812 2808
f 2808 2812 2813
f 2813 2812 2814
f 2814 2812 2815
f 2812 2806 2815
f 2815 2806 2810
f 2806 2808 2810
f 2810 2808 2809
f 2808 2813 2809
f 2809 2813 2814
f 2815 2810 2814
f 2814 2810 2809
f 2816 2817 2755
f 2755 2817 2756
f 2756 2817 2760
f 2760 2817 2818
f 2817 2816 2818
f 2818 2816 2819
f 2816 2755 2819
f 2819 2755 2761
f 2755 2756 2761
f 2761 2756 2760
f 2818 2819 2760
f 2760 2819 2761
f 2820 826 2769
f 2769 826 2770
f 2770 826 2774
f 2774 826 828
f 826 2820 828
f 828 2820 2821
f 2820 2769 2821
f 2821 2769 2775
f 2769 2770 2775
f 2775 2770 2774
f 828 2821 2774
f 2774 2821 2775
f 831 2822 2763
f 2763 2822 2764
f 2764 2822 2767
f 2767 2822 2823
f 2822 831 2823
f 2823 831 833
f 831 2763 833
f 833 2763 2768
f 2763 2764 2768
f 2768 2764 2767
f 2823 833 2767
f 2767 833 2768
f 2824 2825 2826
f 2826 2825 2827
f 2827 2825 2828
f 2828 2825 2829
f 2825 2824 2829
f 2829 2824 2830
f 2824 2826 2830
f 2830 2826 2831
f 2826 2827 2831
f 2831 2827 2828
f 2829 2830 2828
f 2828 2830 2831
f 2137 2832 2833
f 2833 2832 2834
f 2834 2832 2835
f 2835 2832 2836
f 2832 2137 2836
f 2836 2137 2837
f 2137 2833 2837
f 2837 2833 2838
f 2833 2834 2838
f 2838 2834 2835
f 2836 2837 2835
f 2835 2837 2838
f 2127 2839 2825
f 2825 2839 835
f 835 2839 837
f 837 2839 2840
f 2839 2127 2840
f 2840 2127 2838
f 2127 2825 2838
f 2838 2825 2829
f 2825 835 2829
f 2829 835 837
f 2840 2838 837
f 837 2838 2829
f 2841 830 2842
f 2842 830 2125
f 2125 830 832
f 830 2841 832
f 832 2841 2843
f 2841 2842 2843
f 2843 2842 2844
f 2842 2125 2844
f 832 2843 2125
f 2125 2843 2844
f 822 2782 2845
f 2845 2782 2784
f 2784 2782 2789
f 2789 2782 2788
f 2782 822 2788
f 2788 822 824
f 822 2845 824
f 824 2845 2846
f 2845 2784 2846
f 2846 2784 2789
f 2788 824 2789
f 2789 824 2846
f 2847 2848 2849
f 2849 2848 2850
f 2850 2848 2851
f 2851 2848 2852
f 2848 2847 2852
f 2852 2847 2853
f 2847 2849 2853
f 2853 2849 2854
f 2849 2850 2854
f 2854 2850 2851
f 2852 2853 2851
f 2851 2853 2854
f 2807 2808 2855
f 2855 2808 2856
f 2856 2808 2857
f 2857 2808 2809
f 2808 2807 2809
f 2809 2807 2811
f 2807 2855 2811
f 2811 2855 2858
f 2855 2856 2858
f 2858 2856 2857
f 2809 2811 2857
f 2857 2811 2858
f 2129 2859 2860
f 2860 2859 2861
f 2861 2859 2862
f 2862 2859 2863
f 2859 2129 2863
f 2863 2129 2864
f 2129 2860 2864
f 2864 2860 2865
f 2860 2861 2865
f 2865 2861 2862
f 2863 2864 2862
f 2862 2864 2865
f 2808 2813 2856
f 2856 2813 2866
f 2866 2813 2867
f 2867 2813 2814
f 2813 2808 2814
f 2814 2808 2809
f 2808 2856 2809
f 2809 2856 2857
f 2856 2866 2857
f 2857 2866 2867
f 2814 2809 2867
f 2867 2809 2857
f 648 2778 2142
f 2142 2778 2765
f 2765 2778 2766
f 2766 2778 2779
f 2778 648 2779
f 2779 648 2781
f 648 2142 2781
f 2781 2142 2868
f 2142 2765 2868
f 2868 2765 2766
f 2779 2781 2766
f 2766 2781 2868
f 2869 2870 2770
f 2770 2870 2800
f 2800 2870 2801
f 2801 2870 2871
f 2870 2869 2871
f 2871 2869 2872
f 2869 2770 2872
f 2872 2770 2774
f 2770 2800 2774
f 2774 2800 2801
f 2871 2872 2801
f 2801 2872 2774
f 2873 2874 2875
f 2875 2874 2876
f 2874 2873 2876
f 2876 2873 2875
f 2877 2878 2879
f 2879 2878 2849
f 2878 2877 2849
f 2849 2877 2879
f 785 2468 2880
f 2880 2468 2881
f 2881 2468 2882
f 2882 2468 2467
f 2882 2467 2883
f 2883 2467 2884
f 2880 2885 785
f 785 2885 2886
f 785 2886 2887
f 785 2887 786
f 786 2887 2884
f 786 2884 788
f 788 2884 2888
f 788 2888 2889
f 2889 2890 788
f 788 2890 2459
f 2890 2891 2459
f 2459 2891 2892
f 2891 2893 2892
f 2892 2893 2894
f 2894 2893 2466
f 2466 2893 2467
f 2467 2895 2884
f 2884 2895 2896
f 2884 2896 2888
f 788 789 794
f 794 789 793
f 789 782 793
f 793 782 792
f 782 783 792
f 792 783 797
f 783 785 797
f 797 785 796
f 785 786 796
f 796 786 795
f 786 788 795
f 795 788 794
f 2897 1815 1848
f 1848 1815 1850
f 1815 2898 1850
f 1850 2898 1852
f 2898 1812 1852
f 1852 1812 1853
f 1812 2899 1853
f 1853 2899 1836
f 2899 1822 1836
f 1836 1822 1844
f 1822 2900 1844
f 1844 2900 1845
f 2900 1829 1845
f 1845 1829 1846
f 1829 2897 1846
f 1846 2897 1848
f 1829 2900 2901
f 2900 1822 2902
f 2902 1822 2899
f 2899 1812 2903
f 2903 1812 2898
f 2898 1815 2904
f 2904 1815 2897
f 2897 1829 2901
f 1848 1850 1924
f 1924 1850 1923
f 1850 1852 1923
f 1923 1852 1921
f 1852 1853 1921
f 1921 1853 1927
f 1853 1836 1927
f 1927 1836 1834
f 1836 1844 1834
f 1834 1844 1928
f 1844 1845 1928
f 1928 1845 1926
f 1845 1846 1926
f 1926 1846 1925
f 1846 1848 1925
f 1925 1848 1924
f 2899 2903 2455
f 2455 2903 2456
f 2903 2898 2456
f 2456 2898 2468
f 2898 2904 2468
f 2468 2904 2467
f 2904 2897 2467
f 2467 2897 2465
f 2897 2901 2465
f 2465 2901 2461
f 2901 2900 2461
f 2461 2900 2458
f 2900 2902 2458
f 2458 2902 2457
f 2902 2899 2457
f 2457 2899 2455
f 2888 2896 2469
f 2469 2896 2470
f 2896 2895 2470
f 2470 2895 2472
f 2895 2467 2472
f 2472 2467 2474
f 2467 2893 2474
f 2474 2893 2476
f 2893 2891 2476
f 2476 2891 2475
f 2891 2890 2475
f 2475 2890 2473
f 2890 2889 2473
f 2473 2889 2471
f 2889 2888 2471
f 2471 2888 2469
f 2459 2892 2477
f 2477 2892 2478
f 2892 2894 2478
f 2478 2894 2480
f 2894 2466 2480
f 2480 2466 2482
f 2466 2464 2482
f 2482 2464 2484
f 2464 2463 2484
f 2484 2463 2483
f 2463 2462 2483
f 2483 2462 2481
f 2462 2460 2481
f 2481 2460 2479
f 2460 2459 2479
f 2479 2459 2477
f 2880 2881 2485
f 2485 2881 2486
f 2881 2882 2486
f 2486 2882 2488
f 2882 2883 2488
f 2488 2883 2490
f 2883 2884 2490
f 2490 2884 2492
f 2884 2887 2492
f 2492 2887 2491
f 2887 2886 2491
f 2491 2886 2489
f 2886 2885 2489
f 2489 2885 2487
f 2885 2880 2487
f 2487 2880 2485
f 2599 2600 2613
f 2599 2613 2605
f 2605 2613 803
f 2605 803 2600
f 2605 2600 2599
f 2905 2906 2907
f 2907 2906 2908
f 2907 2908 2909
f 2909 2908 2910
f 2909 2910 2911
f 2911 2910 2912
f 2913 2914 2915
f 2915 2914 2916
f 2915 2916 2917
f 2917 2916 2918
f 2917 2918 2919
f 2919 2918 2920
f 2912 2910 2913
f 2913 2910 2914
f 2910 2908 2914
f 2914 2908 2916
f 2908 2906 2916
f 2916 2906 2918
f 2906 2905 2918
f 2918 2905 2920
f 2905 2907 2920
f 2920 2907 2919
f 2907 2909 2919
f 2919 2909 2917
f 2909 2911 2917
f 2917 2911 2915
f 2911 2912 2915
f 2915 2912 2913
f 2421 2427 2239
f 2921 2691 2922
f 2691 2921 2563
f 2563 2921 2692
f 2691 2563 2922
f 2923 2924 2921
f 2921 2924 2692
f 2924 2925 2692
f 2692 2925 2926
f 2925 2927 2926
f 2926 2927 2928
f 2927 2929 2928
f 2928 2929 2926
f 2926 2929 2925
f 2926 2925 2924
f 2927 2925 2929
f 2926 2924 2692
f 2692 2924 2923
f 2692 2923 2373
f 2373 2923 2921
f 2373 2921 2922
f 2922 2563 2373
f 2930 2931 2932
f 2932 2931 2933
f 2934 2935 2936
f 2936 2935 2937
f 2938 2939 2940
f 2940 2939 2941
f 2939 2942 2941
f 2941 2942 2943
f 2942 2944 2943
f 2943 2944 2945
f 2944 2938 2945
f 2945 2938 2940
f 2940 2941 1787
f 2941 2943 1788
f 2943 2945 1784
f 2945 2940 1785
f 1784 2945 2946
f 2946 2945 2947
f 2945 1785 2947
f 2947 1785 2948
f 1785 2940 2948
f 2948 2940 2949
f 2940 1787 2949
f 2949 1787 2950
f 1787 2941 2950
f 2950 2941 2951
f 2941 1788 2951
f 2951 1788 2952
f 1788 2943 2952
f 2952 2943 2953
f 2943 1784 2953
f 2953 1784 2946
f 2949 2947 2948
f 2947 2953 2946
f 2953 2951 2952
f 2951 2949 2950
f 2953 2947 2954
f 2954 2947 2955
f 2947 2949 2955
f 2955 2949 2956
f 2949 2951 2956
f 2956 2951 2957
f 2951 2953 2957
f 2957 2953 2954
f 2954 2955 2930
f 2930 2955 2931
f 2955 2956 2931
f 2931 2956 2933
f 2956 2957 2933
f 2933 2957 2932
f 2957 2954 2932
f 2932 2954 2930
f 2937 2935 2942
f 2942 2935 2944
f 2935 2934 2944
f 2944 2934 2938
f 2934 2936 2938
f 2938 2936 2939
f 2936 2937 2939
f 2939 2937 2942
f 2958 2959 1529
f 1529 2959 2960
f 1534 2961 2962
f 2962 2961 2963
f 1529 2960 1532
f 1532 2960 1534
f 1534 2960 2961
f 2961 2960 2964
f 1503 1501 2965
f 1503 2965 1525
f 1525 2965 2966
f 2966 2965 1519
f 1525 2967 1503
f 1503 2967 2962
f 1503 2962 2963
f 2959 1504 2960
f 2960 1504 2968
f 2960 2968 2964
f 2964 2969 2961
f 2961 2969 2963
f 2963 2969 1503
f 1503 2969 2970
f 1503 2970 1617
f 1503 1617 1502
f 1502 1617 2971
f 1502 2971 1501
f 1501 2971 2972
f 1501 2972 2973
f 2973 2972 2974
f 2974 2975 2976
f 2976 2975 2977
f 2973 2965 1501
f 2977 2975 1506
f 1506 2975 2978
f 1506 2978 1626
f 1506 1626 1505
f 1505 1626 2979
f 1505 2979 1504
f 1504 2979 2968
f 1519 2965 1536
f 1536 2965 2973
f 1506 1504 2959
f 1506 2959 1516
f 1516 2959 2980
f 2980 2959 2958
f 1516 2981 1506
f 1506 2981 1518
f 1506 1518 2977
f 2962 2967 1534
f 1534 2967 2982
f 1534 2982 2983
f 1534 2983 1532
f 1532 2983 1529
f 2983 2984 1529
f 1529 2984 2958
f 2958 2984 2980
f 2980 2984 1516
f 2984 2985 1516
f 1516 2985 2981
f 2967 1525 2982
f 2982 1525 2986
f 1525 2966 2986
f 2986 2966 1519
f 2986 1519 1536
f 2986 1536 2987
f 2987 1536 1538
f 2987 1538 1526
f 2987 1526 2985
f 2985 1526 2981
f 1526 1518 2981
f 2977 1518 2976
f 2976 1518 1526
f 1536 2973 1538
f 1538 2973 1526
f 1526 2973 2976
f 2976 2973 2974
f 886 2606 938
f 938 2606 2988
f 2606 2989 2988
f 2988 2989 2990
f 2989 2991 2990
f 2990 2991 2992
f 2991 2993 2992
f 2992 2993 2994
f 2993 2995 2994
f 2995 2996 2994
f 2994 2996 2997
f 2997 2996 2998
f 2997 2998 2999
f 2999 2998 1923
f 2999 1923 3000
f 3000 1923 1870
f 3000 1870 965
f 965 1870 1841
f 965 1841 966
f 966 1841 1840
f 966 1840 1759
f 966 1759 1744
f 1744 1759 3001
f 1759 1757 3001
f 3001 1757 1747
f 1747 1757 1927
f 1747 1927 3002
f 3002 1927 3003
f 3002 3003 3004
f 3004 3003 3005
f 3004 3005 3006
f 3006 3005 3007
f 3005 3008 3007
f 3007 3008 3009
f 3008 3010 3009
f 3009 3010 3011
f 3010 3012 3011
f 3011 3012 3013
f 3014 3015 3016
f 3016 3015 3017
f 3016 3017 3018
f 3018 3017 3019
f 3018 3019 3020
f 3020 3019 3021
f 3020 3021 3022
f 3021 3023 3022
f 3022 3023 3024
f 3024 3023 1928
f 3024 1928 3025
f 3025 1928 1857
f 3025 1857 953
f 953 1857 1832
f 953 1832 1831
f 953 1831 954
f 1831 1760 954
f 954 1760 1742
f 1760 1830 1742
f 1742 1830 3026
f 3026 1830 1741
f 1741 1830 1762
f 1762 1925 1741
f 1741 1925 3027
f 1925 3028 3027
f 3027 3028 3029
f 3029 3028 3030
f 3029 3030 3031
f 3031 3030 3032
f 3031 3032 3033
f 3032 3034 3033
f 3033 3034 3035
f 3034 3036 3035
f 3035 3036 3037
f 3036 3038 3037
f 3037 3038 514
f 3038 2596 514
f 514 2596 941
f 514 941 943
f 938 947 886
f 886 947 945
f 886 945 943
f 943 941 886
f 945 947 3039
f 3039 947 3040
f 3041 3042 3043
f 3043 3042 3044
f 3043 3044 3013
f 3013 3044 3011
f 3043 3045 3046
f 3046 3045 3047
f 3048 3049 3050
f 3050 3049 3051
f 3052 3049 3053
f 3053 3049 3054
f 3055 3049 3056
f 3055 3056 3033
f 3055 3033 3057
f 3057 3033 3035
f 3057 3035 3037
f 3033 3056 3031
f 3031 3056 3029
f 3029 3056 3049
f 3029 3049 3027
f 3027 3049 1741
f 3026 1742 1741
f 1741 3049 3058
f 3058 3049 1740
f 3049 3055 3054
f 3054 3055 3059
f 3059 3060 3061
f 3061 3060 456
f 456 3060 945
f 456 945 3039
f 3049 3048 3062
f 3062 3048 3063
f 3062 3063 3064
f 3065 3064 3066
f 3067 3068 3069
f 3069 3070 3071
f 3069 3071 3072
f 3069 3072 3073
f 3069 3073 3067
f 3074 3075 3066
f 3068 3067 3075
f 3072 3076 3073
f 3073 3072 3020
f 3073 3020 3077
f 3077 3020 3022
f 3077 3022 3078
f 3077 3078 3075
f 3075 3078 3079
f 3075 3079 3066
f 3066 3079 3080
f 3066 3080 3081
f 3066 3081 3065
f 3065 3081 3082
f 3065 3082 3064
f 3064 3082 3062
f 3075 3067 3077
f 3077 3067 3073
f 3022 3024 3078
f 3078 3024 3025
f 3020 3072 3018
f 3018 3072 3076
f 3018 3076 3016
f 3016 3076 3045
f 3016 3045 3083
f 3083 3045 3084
f 3083 3085 3016
f 3016 3085 3014
f 3085 3086 3014
f 3014 3086 3087
f 3086 3088 3087
f 3087 3088 3089
f 3088 3090 3089
f 3089 3090 3013
f 3090 3084 3013
f 3013 3084 3045
f 3013 3045 3043
f 3076 3072 3045
f 3045 3072 3071
f 3070 3091 3071
f 3071 3091 3047
f 3071 3047 3045
f 3048 3050 3063
f 3063 3050 3064
f 3049 3062 1740
f 1740 3062 3082
f 1740 3082 956
f 956 3082 953
f 3082 3081 953
f 1740 956 3092
f 3092 956 955
f 3092 955 1743
f 1743 955 954
f 1743 954 3093
f 3093 954 1742
f 1742 954 3026
f 953 3094 3025
f 3025 3094 3078
f 3094 3079 3078
f 3079 3094 3080
f 3080 3094 3081
f 3081 3094 953
f 1925 1762 1763
f 1925 1763 3095
f 1925 3095 3028
f 3028 3095 3096
f 3028 3096 3097
f 3097 3098 3028
f 3028 3098 3099
f 3028 3099 2998
f 2998 3099 3100
f 2998 3100 1756
f 1756 3100 1757
f 1870 1923 965
f 965 1923 1922
f 1922 1923 1756
f 1922 1756 1758
f 1922 1758 963
f 963 1758 3101
f 3101 1758 1840
f 1756 1923 2998
f 1757 3100 1832
f 1757 1832 1857
f 1857 1928 1757
f 1757 1928 1927
f 1927 1928 3003
f 3003 1928 3023
f 3003 3023 3021
f 3003 3021 3005
f 3005 3021 3008
f 3021 3019 3008
f 3008 3019 3017
f 3008 3017 3010
f 3010 3017 3015
f 3010 3015 3012
f 3012 3015 3014
f 3012 3014 3102
f 3102 3014 3103
f 3014 3087 3103
f 3103 3087 3104
f 3087 3089 3104
f 3104 3089 3105
f 3089 3013 3105
f 3105 3013 3106
f 3013 3012 3106
f 3106 3012 3107
f 3107 3012 3102
f 3100 3099 3108
f 3100 3108 3109
f 3100 3109 3095
f 3100 3095 1832
f 1832 3095 1857
f 1832 954 1831
f 954 3110 1760
f 1760 3110 955
f 1760 955 1761
f 1761 955 3111
f 1761 3111 956
f 1761 956 1763
f 1763 956 3095
f 3095 956 3112
f 3095 3112 1857
f 3109 3096 3095
f 2998 2996 3028
f 3028 2996 3030
f 2996 2995 3030
f 3030 2995 3032
f 2995 2993 3032
f 3032 2993 3034
f 3034 2993 3036
f 3036 2993 2991
f 3036 2991 2989
f 3036 2989 3038
f 3038 2989 2606
f 3038 2606 2596
f 2596 2606 3113
f 2596 3113 3114
f 3114 3113 996
f 996 3113 997
f 997 3113 886
f 886 3113 2606
f 997 886 998
f 2596 3114 1000
f 1000 1002 2596
f 2596 1002 988
f 2596 988 991
f 2596 991 941
f 941 990 886
f 886 990 994
f 886 993 992
f 886 992 998
f 998 992 1003
f 1003 992 988
f 1003 988 1002
f 992 995 988
f 988 995 989
f 995 994 989
f 989 994 990
f 1003 1001 998
f 998 1001 999
f 999 1000 996
f 996 1000 3114
f 3047 3091 3046
f 3046 3091 3115
f 3115 3091 3070
f 3115 3070 3116
f 3116 3070 3069
f 3116 3069 3117
f 3117 3069 3068
f 3117 3068 3118
f 3118 3068 3075
f 3075 3119 3118
f 3040 321 3039
f 3039 321 456
f 321 3120 456
f 456 3120 3061
f 3120 3121 3061
f 3061 3121 3059
f 3121 3122 3059
f 3059 3122 3054
f 3054 3122 3053
f 3122 3123 3053
f 3053 3123 3052
f 3119 3075 3074
f 3119 3074 3124
f 3124 3074 3066
f 3124 3066 3125
f 3125 3066 3126
f 3125 3126 3127
f 3127 3128 3125
f 3125 3128 3129
f 3125 3129 3130
f 3130 3129 3131
f 3130 3131 3132
f 3132 3131 3133
f 3132 3133 3050
f 3050 3133 3134
f 3050 3134 3135
f 3135 3136 3050
f 3050 3136 3064
f 3136 3137 3064
f 3064 3137 3066
f 3126 3066 3137
f 3050 3051 3132
f 3132 3051 3138
f 3051 3049 3138
f 3138 3049 3123
f 3049 3052 3123
f 3046 3115 3043
f 3043 3115 3116
f 3043 3116 3041
f 3041 3116 3117
f 3139 3041 3140
f 3140 3141 3006
f 3006 3141 3004
f 3041 3139 3042
f 1744 3001 966
f 966 1744 3142
f 966 3142 963
f 963 3142 1745
f 963 1745 3143
f 963 3143 964
f 3143 1746 964
f 964 1746 3144
f 964 3144 3145
f 964 3145 3146
f 965 964 3146
f 965 3146 3147
f 3123 3122 3148
f 3123 3148 3149
f 3149 3148 3122
f 3149 3122 3150
f 3150 3122 3121
f 3150 3121 3151
f 3151 3121 3120
f 3120 321 3040
f 3040 947 3120
f 3123 3149 3147
f 3147 3149 3152
f 3152 3149 2997
f 3152 2997 2999
f 3152 2999 3147
f 2999 3000 3147
f 3147 3000 965
f 2997 3149 2994
f 2994 3149 2992
f 2992 3149 3150
f 2992 3150 3153
f 3153 3150 3120
f 3153 3154 2990
f 3153 2990 2992
f 2990 3154 2988
f 2988 3154 336
f 2988 336 658
f 658 727 2988
f 2988 727 667
f 2988 667 735
f 2988 735 938
f 938 735 669
f 938 669 947
f 947 669 734
f 734 667 947
f 947 667 660
f 660 726 947
f 947 726 336
f 947 336 3154
f 3154 3153 947
f 947 3153 3120
f 336 726 658
f 660 667 727
f 3120 3150 3151
f 3132 3155 3130
f 3156 3130 3157
f 3156 3157 3158
f 3158 3157 3159
f 3159 3141 3140
f 3141 3159 3004
f 3004 3159 3002
f 3002 3159 1747
f 1747 3159 3160
f 3160 3159 1746
f 1746 3159 3157
f 1746 3157 3144
f 3144 3157 3130
f 3144 3130 3155
f 3144 3155 3145
f 3145 3155 3132
f 3132 3138 3147
f 3147 3138 3123
f 3145 3132 3146
f 3146 3132 3147
f 3118 3119 3161
f 3118 3161 3140
f 3140 3161 3159
f 3159 3161 3158
f 3158 3161 3125
f 3158 3125 3156
f 3156 3125 3130
f 3161 3119 3125
f 3125 3119 3124
f 3117 3118 3041
f 3118 3140 3041
f 1553 3162 1556
f 3162 1543 1556
f 1556 1543 1553
f 1553 1543 1573
f 1553 1573 1574
f 1553 1574 1640
f 1573 1543 1575
f 1575 1543 1652
f 1575 1652 1574
f 1575 1574 1573
f 1574 1652 1640
f 1640 1652 1576
f 1640 1576 1589
f 1589 1576 1579
f 1589 1579 1586
f 1586 1579 2966
f 1586 2966 3163
f 1586 3163 1640
f 1640 3163 2981
f 1640 2981 2980
f 1640 2980 1553
f 1553 2980 1653
f 1553 1653 3164
f 1553 3164 2694
f 2694 3164 2698
f 2694 2698 3165
f 2698 3164 1568
f 1568 3164 1566
f 1566 3164 1596
f 1596 3164 1597
f 3164 1769 1597
f 1597 1769 1595
f 1597 1595 1596
f 1566 3166 1568
f 1568 3166 3165
f 1652 1543 2696
f 1652 2696 1579
f 1579 2696 1641
f 1579 1641 2966
f 2966 1641 2967
f 2967 1641 3167
f 3167 1641 2980
f 2980 1641 1653
f 1641 3168 1653
f 1653 3168 1769
f 1769 3168 1595
f 1595 3168 1768
f 1595 1768 2696
f 1595 2696 1566
f 1566 2696 2700
f 1641 2696 1768
f 2700 2696 3166
f 3166 2696 3165
f 3165 2696 2694
f 3169 3170 3171
f 3171 3170 3172
f 3171 3172 3173
f 3172 3170 3174
f 3174 3170 3175
f 3170 3176 3175
f 3175 3176 3177
f 3175 3177 3178
f 3178 3177 3179
f 3178 3179 3180
f 3180 3179 3173
f 3173 3179 3171
f 3179 3181 3171
f 3171 3181 3182
f 3181 1813 3182
f 3182 1813 1810
f 3177 3183 3179
f 3179 3183 3184
f 3184 3183 3185
f 3185 3183 3186
f 3185 3186 3187
f 3185 3187 3188
f 3188 3187 1776
f 3188 1776 1777
f 1777 1776 3189
f 3189 1776 3190
f 3189 3190 917
f 3189 917 928
f 917 3190 913
f 913 3190 3187
f 3187 3190 1776
f 917 913 918
f 3188 1777 921
f 921 927 3188
f 3188 927 926
f 3188 926 909
f 909 925 913
f 913 925 914
f 913 916 918
f 918 919 931
f 931 919 930
f 919 915 930
f 930 915 924
f 915 914 924
f 924 914 925
f 931 922 918
f 918 922 920
f 922 921 920
f 920 921 928
f 928 921 3189
f 3189 921 1777
f 1752 1819 1817
f 1818 1752 974
f 1930 1754 976
f 976 1754 1755
f 976 1755 1810
f 1810 1813 976
f 976 1813 3191
f 1813 1814 3191
f 3191 1814 975
f 1814 1818 975
f 3170 3192 3176
f 3192 3193 3176
f 3176 3193 3194
f 3194 3193 3195
f 3194 3195 1820
f 1820 3195 983
f 1821 983 3196
f 1821 3196 1825
f 1825 3196 986
f 1825 986 1824
f 1824 986 1736
f 1824 1736 1767
f 1767 1736 3197
f 1767 3197 1826
f 1826 3197 1737
f 1826 1737 1766
f 1766 1737 3198
f 1766 3198 1827
f 1827 3198 3199
f 1827 3199 3200
f 3200 3199 3201
f 3200 3201 3177
f 3201 3202 3177
f 3177 3202 3183
f 3202 3203 3183
f 3183 3203 3186
f 3203 3204 3186
f 3186 3204 3187
f 3204 933 3187
f 3187 933 913
f 3192 3170 3205
f 3205 3170 3206
f 3205 3206 2696
f 3205 2696 1544
f 1544 2696 1708
f 1708 2696 1543
f 3169 3207 2694
f 3169 2694 3208
f 3207 1554 2694
f 2694 1554 1715
f 3207 3169 3209
f 3209 3169 3171
f 3209 3171 3210
f 3210 3171 3182
f 3210 3182 1810
f 3210 1810 3211
f 3211 1810 1753
f 3211 1753 1751
f 1751 1753 1819
f 1751 1819 3212
f 3212 1819 1752
f 3212 1752 1750
f 1750 1752 1817
f 1750 1817 974
f 974 1817 1818
f 974 1818 3213
f 3213 1818 1814
f 3213 1814 975
f 975 1813 3214
f 3214 1813 3181
f 3214 3181 3215
f 3215 3181 3216
f 3181 3179 3216
f 3216 3179 3217
f 3179 3184 3217
f 3217 3184 3218
f 3184 3185 3218
f 3218 3185 3219
f 3185 3188 3219
f 3219 3188 909
f 3219 909 935
f 933 932 913
f 913 932 934
f 913 934 935
f 935 909 913
f 934 932 3220
f 3220 932 3221
f 3222 932 3223
f 3223 932 3224
f 3225 3226 3227
f 3225 3227 3228
f 3225 3228 3229
f 3229 3228 106
f 106 102 3230
f 3230 102 3231
f 3230 3232 106
f 106 3232 3229
f 3229 3232 3225
f 3233 3234 3235
f 3234 3236 3230
f 3233 3237 3225
f 3230 3238 3239
f 3230 3239 3240
f 3230 3240 3234
f 3234 3240 3241
f 3234 3241 3235
f 3235 3241 3233
f 3241 3242 3233
f 3233 3242 3243
f 3244 3245 3246
f 3246 3245 3247
f 3245 3248 3247
f 3247 3248 3249
f 3248 3250 3249
f 3249 3250 3238
f 3249 3238 3230
f 3249 3230 3236
f 3236 3230 2155
f 3250 3251 3238
f 3238 3251 3239
f 3251 3252 3239
f 3239 3252 3240
f 3252 3253 3240
f 3240 3253 3241
f 3253 3254 3241
f 3241 3254 3242
f 3254 3255 3242
f 3242 3255 3243
f 3255 3256 3243
f 3243 3256 3257
f 3243 3257 3237
f 3237 3233 3243
f 3257 3256 3258
f 3258 3256 3259
f 3258 3259 3260
f 3260 3259 3261
f 3260 3261 3262
f 3262 3261 3263
f 3262 3263 934
f 3262 934 3220
f 3264 3244 3265
f 3265 3244 3246
f 1554 3207 1718
f 1713 1715 3266
f 1713 1714 1553
f 1553 1714 1543
f 1553 1543 3162
f 1543 1714 1712
f 1712 1711 1543
f 1714 3267 1712
f 1712 3267 3268
f 3267 3269 3268
f 3268 3269 3270
f 3269 3266 3270
f 1708 1711 1709
f 1543 1711 1652
f 1543 1711 1708
f 3244 3264 1707
f 3244 1707 1716
f 1716 1707 1709
f 1716 1709 1717
f 1717 1709 3271
f 1717 3271 3272
f 1717 3272 3273
f 1717 3273 1715
f 1715 3273 3274
f 1715 3274 3266
f 3266 3274 3270
f 3274 3275 3270
f 3270 3275 3276
f 3275 3277 3276
f 3276 3277 1711
f 3277 3271 1711
f 1711 3271 1709
f 3244 1716 3278
f 3244 3278 1718
f 1707 3264 3279
f 1707 3279 3280
f 3280 3279 3281
f 3280 3281 1710
f 1544 1710 3282
f 1544 3282 3205
f 1710 3281 3283
f 3283 3281 3282
f 3282 3281 3279
f 3282 3279 3205
f 3205 3279 3281
f 3281 3284 3205
f 3205 3284 3192
f 3284 3285 3192
f 3192 3285 3286
f 3286 3285 3287
f 3286 3287 3279
f 3287 3288 3286
f 3286 3288 3289
f 3289 3288 95
f 95 3288 3290
f 3288 3264 3290
f 3290 3264 3265
f 3279 3264 3287
f 3264 3288 3287
f 3175 3291 3174
f 3291 3292 3174
f 3174 3292 3236
f 3174 3236 3293
f 3174 3293 3172
f 3172 3293 3294
f 3172 3294 3173
f 3236 3292 3230
f 3175 3178 3229
f 3175 3229 3232
f 3175 3232 3291
f 3291 3232 292
f 3291 292 3230
f 3230 3292 3291
f 3229 3178 3295
f 3295 3178 3225
f 3178 3180 3225
f 3225 3180 3233
f 3180 3173 3233
f 3233 3173 3235
f 3235 3173 3234
f 3173 3294 3234
f 3234 3294 3296
f 3294 3293 3296
f 3296 3293 3236
f 3255 3254 3256
f 3256 3254 3253
f 974 3213 1750
f 1751 3297 3211
f 3211 3297 1748
f 3211 1748 3214
f 3214 1748 976
f 3214 976 975
f 975 974 3213
f 1750 974 3298
f 3298 974 973
f 3298 973 1749
f 1749 973 3299
f 3299 973 976
f 3299 976 1748
f 3214 3215 3211
f 3211 3215 3210
f 3210 3215 3216
f 3210 3216 3253
f 3253 3216 3256
f 3256 3216 3217
f 3256 3217 3259
f 3259 3217 3261
f 3217 3218 3261
f 3261 3218 3219
f 3261 3219 3263
f 3263 3219 621
f 3263 621 768
f 3263 768 715
f 3263 715 725
f 3263 725 934
f 934 725 723
f 934 723 935
f 935 723 721
f 935 721 713
f 713 711 935
f 935 711 621
f 935 621 3219
f 621 711 768
f 721 770 713
f 715 770 725
f 3253 3252 3210
f 3210 3252 3251
f 3210 3251 3250
f 3210 3250 3248
f 3210 3248 3209
f 3209 3248 3207
f 986 3196 1736
f 1737 3300 3198
f 3198 3300 1738
f 3198 1738 3195
f 3195 1738 984
f 3195 984 983
f 983 986 3196
f 1736 986 3301
f 3301 986 985
f 3301 985 1739
f 1739 985 984
f 1739 984 3302
f 3302 984 1738
f 3195 3193 3198
f 3198 3193 3199
f 3199 3193 3201
f 1713 1553 1640
f 1640 1553 2694
f 1640 2694 1713
f 2694 1715 1713
f 1767 1826 1824
f 1825 1767 1765
f 1825 1765 986
f 986 1765 1929
f 1765 1764 1929
f 1929 1764 984
f 984 1764 1827
f 1825 983 1821
f 1821 983 3303
f 1821 3303 1820
f 1820 3303 984
f 1820 984 1827
f 1827 3200 1820
f 1820 3200 3194
f 3194 3200 3176
f 3176 3200 3177
f 3221 3262 3220
f 3262 3304 3260
f 3304 3222 3260
f 3260 3222 3258
f 3258 3222 3257
f 3222 3305 3257
f 3305 3225 3257
f 3257 3225 3237
f 932 3222 3221
f 3221 3222 3262
f 3262 3222 3304
f 3305 3222 3306
f 3305 3306 3226
f 3226 3225 3305
f 3223 3224 3203
f 3203 3224 3204
f 3204 3224 511
f 3204 511 510
f 3204 511 694
f 3204 694 755
f 694 511 754
f 754 511 932
f 754 932 696
f 511 3224 932
f 2155 3230 292
f 292 3230 3231
f 292 3231 95
f 95 3231 3289
f 3230 292 3232
f 3229 3295 3232
f 3232 3295 3225
f 3296 3236 3234
f 3307 2702 3308
f 3208 3309 3169
f 3169 3309 2386
f 2386 3310 3169
f 3169 3310 3311
f 3169 3311 3170
f 3170 3311 3206
f 3206 3311 3312
f 3312 3311 3313
f 3311 3310 3307
f 3307 3310 3314
f 3310 3315 3314
f 3314 3315 3308
f 2386 3309 2704
f 2704 3309 3165
f 2702 3307 3279
f 2702 3279 3308
f 3308 3279 3316
f 3308 3316 3307
f 3307 3316 3287
f 3287 3316 3279
f 3307 3287 3311
f 3311 3287 3285
f 3311 3285 3284
f 3279 3307 3281
f 3281 3307 2702
f 3281 2702 3284
f 3313 3311 2702
f 2702 3311 3317
f 2702 3317 3284
f 3284 3317 3311
f 3312 3313 3166
f 3166 3313 2702
f 3314 3308 3307
f 3206 3312 2696
f 2696 3312 3166
f 2696 3166 2702
f 2702 3308 2696
f 2696 3308 3315
f 2696 3315 2704
f 2704 3315 3318
f 3318 3315 3314
f 2704 3165 2696
f 2694 3165 3208
f 3208 3165 3309
f 3245 3315 3319
f 3319 3315 3310
f 3319 3310 3320
f 3310 2386 3320
f 3320 2386 3321
f 3320 3321 3322
f 3322 3321 2704
f 2704 3321 2386
f 3322 2704 3323
f 3323 2704 3318
f 3323 2704 3315
f 3323 3315 3245
f 292 95 3230
f 3230 95 3236
f 3236 95 3249
f 3249 95 3290
f 3249 3290 3247
f 3247 3290 3265
f 3247 3265 3246
f 102 106 3324
f 3324 106 3228
f 3227 3325 3228
f 3228 3325 3326
f 3228 3326 3324
f 3324 3326 3327
f 3324 3327 3328
f 3231 3328 3329
f 3329 3328 3286
f 3329 3286 3231
f 3231 3286 3289
f 3328 3231 102
f 3328 102 3324
f 3286 3328 3330
f 3286 3330 3193
f 3193 3330 3201
f 3193 3192 3286
f 3328 3327 3330
f 3330 3327 3326
f 3330 3326 3331
f 3331 3326 3325
f 3331 3325 3227
f 3330 3331 3201
f 3201 3331 3332
f 3332 3227 3226
f 3332 3226 3306
f 3306 3333 3201
f 3201 3333 3202
f 3227 3332 3331
f 3202 3333 3203
f 3203 3333 3223
f 3223 3333 3222
f 3222 3333 3306
f 3306 3201 3332
f 932 703 696
f 696 703 755
f 755 703 763
f 755 763 3204
f 3204 763 933
f 763 705 933
f 933 705 932
f 932 705 762
f 703 932 762
f 3207 3248 3320
f 3320 3248 3319
f 3248 3245 3319
f 3323 3245 3207
f 3323 3207 3322
f 3322 3207 3320
f 3207 3245 3334
f 3334 1718 3207
f 3244 1718 3334
f 3244 3334 3245
f 3139 3140 3006
f 3006 3007 3139
f 3139 3007 3009
f 3139 3009 3042
f 3042 3009 3011
f 3042 3011 3044
f 3335 3336 514
f 3335 514 490
f 490 514 943
f 490 943 740
f 740 943 678
f 678 943 685
f 678 685 741
f 741 685 3060
f 741 3060 676
f 676 3060 3336
f 676 3336 490
f 676 490 740
f 3336 3335 490
f 490 3335 489
f 685 749 3060
f 3060 749 945
f 749 687 945
f 945 687 943
f 943 687 748
f 943 748 685
f 514 3336 3037
f 3037 3336 3057
f 3060 3059 3336
f 3336 3059 3057
f 3055 3057 3059
f 2984 2983 3337
f 3337 2983 3338
f 3337 3338 1944
f 1944 3338 1943
f 1944 1945 3337
f 3337 1945 3339
f 3340 3341 1572
f 1572 3341 3342
f 3343 3344 3342
f 3342 3344 2986
f 3342 2986 2987
f 3342 2987 1572
f 1572 2987 2985
f 1572 2985 2984
f 1572 2984 3340
f 3340 2984 3337
f 3340 3337 3339
f 3340 3339 1946
f 3340 1946 1939
f 1946 3339 1945
f 3340 1939 3341
f 3341 1939 1940
f 3341 1940 3342
f 3342 1940 1941
f 3342 1941 3343
f 3343 1941 1942
f 3343 1942 3344
f 3344 1942 1943
f 3344 1943 3338
f 3344 3338 2986
f 2986 3338 2982
f 3338 2983 2982
f 2971 1617 1620
f 1620 1617 1614
f 1620 1614 3345
f 3345 1614 3343
f 3345 3343 3342
f 3342 3343 1931
f 1931 3343 1938
f 1931 1932 3342
f 3342 1932 3341
f 1572 3340 1627
f 1627 3340 3339
f 3339 3346 3347
f 3347 3346 1629
f 3347 1629 1627
f 1627 1629 1626
f 1627 1626 2978
f 3339 3347 1627
f 2978 2975 1627
f 1627 2975 1572
f 2975 2974 1572
f 1572 2974 2972
f 1572 2972 2971
f 2971 1620 1572
f 1572 1620 3342
f 3342 1620 3345
f 1626 1629 2979
f 2979 1629 1540
f 2979 1540 2968
f 2968 1540 2964
f 2964 1540 2969
f 2969 1540 1614
f 2969 1614 2970
f 2970 1614 1617
f 1629 3346 1540
f 1540 3346 3348
f 1540 3348 3344
f 3344 3348 1937
f 3344 1937 1938
f 1938 3343 3344
f 3344 3343 1614
f 3344 1614 1540
f 1937 3348 1936
f 1936 3348 3346
f 1936 3346 1935
f 1935 3346 3339
f 1935 3339 1934
f 1934 3339 3340
f 1934 3340 1933
f 1933 3340 3341
f 1933 3341 1932
f 998 999 660
f 660 999 726
f 999 996 726
f 726 996 658
f 996 997 658
f 658 997 727
f 727 997 660
f 997 998 660
f 994 995 669
f 669 995 734
f 995 992 734
f 734 992 667
f 992 993 667
f 667 993 735
f 735 993 669
f 993 994 669
f 1003 1002 678
f 678 1002 740
f 1002 1000 740
f 740 1000 676
f 1000 1001 676
f 676 1001 741
f 741 1001 678
f 1001 1003 678
f 990 991 687
f 687 991 748
f 991 988 748
f 748 988 685
f 988 989 685
f 685 989 749
f 749 989 687
f 989 990 687
f 489 3114 490
f 3090 3088 3349
f 3349 3088 3350
f 3088 3086 3350
f 3350 3086 3351
f 3086 3085 3351
f 3351 3085 3352
f 3085 3083 3352
f 3352 3083 3353
f 3083 3084 3353
f 3353 3084 3354
f 3084 3090 3354
f 3354 3090 3349
f 963 964 1922
f 964 965 1922
f 966 963 1840
f 1840 963 3101
f 1743 3093 1761
f 1761 3093 1760
f 3093 1742 1760
f 1742 3026 1760
f 3026 1741 1760
f 1760 1741 1762
f 1741 3058 1762
f 3058 1740 1762
f 1762 1740 1763
f 1740 3092 1763
f 1763 3092 1761
f 3092 1743 1761
f 3103 3104 3355
f 3355 3104 3356
f 3104 3105 3356
f 3356 3105 3357
f 3105 3106 3357
f 3357 3106 3358
f 3106 3107 3358
f 3358 3107 3359
f 3107 3102 3359
f 3359 3102 3360
f 3102 3103 3360
f 3360 3103 3355
f 3096 3109 3137
f 3137 3109 3361
f 3109 3108 3361
f 3361 3108 3128
f 3108 3099 3128
f 3128 3099 3131
f 3099 3098 3131
f 3131 3098 3362
f 3098 3097 3362
f 3362 3097 3135
f 3097 3096 3135
f 3135 3096 3137
f 1832 953 954
f 3110 954 955
f 3111 955 956
f 956 953 3112
f 953 1857 3112
f 1747 3160 1757
f 1757 3160 1756
f 1756 3160 1746
f 1756 1746 3143
f 1756 3143 1745
f 1756 1745 1758
f 1758 1745 3142
f 1758 3142 1744
f 1758 1744 1759
f 3095 3094 3079
f 3357 3363 3356
f 3355 3364 3360
f 3359 3365 3358
f 3358 3366 3357
f 3360 3367 3359
f 3359 3367 3365
f 3363 3368 3356
f 3356 3368 3355
f 3355 3368 3351
f 3351 3368 3350
f 3368 3363 3350
f 3350 3363 3349
f 3363 3357 3349
f 3349 3357 3366
f 3349 3366 3358
f 3349 3358 3354
f 3354 3358 3365
f 3354 3365 3353
f 3353 3365 3367
f 3353 3367 3352
f 3352 3367 3360
f 3352 3360 3364
f 3364 3355 3352
f 3352 3355 3351
f 3128 3131 3129
f 3131 3362 3133
f 3133 3362 3134
f 3134 3362 3135
f 3135 3137 3136
f 3137 3361 3126
f 3126 3361 3127
f 3127 3361 3128
f 2980 2981 3369
f 3369 2981 3370
f 2981 3163 3370
f 3370 3163 3371
f 3163 2966 3371
f 3371 2966 3372
f 2966 2967 3372
f 3372 2967 3373
f 2967 3167 3373
f 3373 3167 3374
f 3167 2980 3374
f 3374 2980 3369
f 1715 3164 1653
f 1653 1769 1598
f 1598 1769 1716
f 1716 1769 3164
f 1769 3164 1718
f 1768 3168 1710
f 1768 3168 1707
f 1707 3168 1641
f 1707 1641 1606
f 1566 2700 3282
f 2700 3166 3282
f 3165 2698 3334
f 2698 1568 3334
f 3334 1568 3375
f 1754 1752 1749
f 1749 1752 3298
f 3298 1752 1750
f 1752 1753 3212
f 3212 1753 1751
f 1751 1753 3297
f 1753 1755 3297
f 3297 1755 1748
f 1755 1754 1748
f 1748 1754 3299
f 3299 1754 1749
f 975 1818 974
f 974 1930 973
f 1930 976 973
f 976 3191 975
f 1766 1764 1737
f 1737 1764 3300
f 3300 1764 1738
f 1738 1764 3302
f 1764 1765 3302
f 3302 1765 1739
f 1739 1765 3301
f 1765 1767 3301
f 3301 1767 1736
f 1767 1766 1736
f 1736 1766 3197
f 3197 1766 1737
f 985 1929 984
f 984 3303 983
f 1825 986 983
f 986 1929 985
f 918 920 696
f 696 920 754
f 754 920 694
f 920 928 694
f 928 917 694
f 694 917 755
f 755 917 696
f 917 918 696
f 914 915 705
f 705 915 762
f 762 915 703
f 915 919 703
f 919 916 703
f 703 916 763
f 916 914 763
f 763 914 705
f 925 926 723
f 723 926 721
f 926 930 721
f 721 930 770
f 930 924 770
f 770 924 725
f 725 924 723
f 924 925 723
f 931 927 713
f 713 927 711
f 927 921 711
f 711 921 768
f 768 921 715
f 921 922 715
f 715 922 713
f 922 931 713
f 3190 1776 511
f 511 1776 510
f 1776 3190 510
f 510 3190 511
f 1777 3189 621
f 3277 3275 3376
f 3376 3275 3377
f 3275 3274 3377
f 3377 3274 3378
f 3274 3273 3378
f 3378 3273 3379
f 3273 3272 3379
f 3379 3272 3380
f 3272 3271 3380
f 3380 3271 3381
f 3271 3277 3381
f 3381 3277 3376
f 3282 3283 1566
f 1566 3282 3166
f 3282 1710 3283
f 3334 3375 1718
f 1718 3375 1568
f 1718 1568 3334
f 3334 1568 3165
f 3378 3379 3370
f 3370 3379 3369
f 3379 3380 3369
f 3369 3380 3374
f 3380 3381 3374
f 3374 3381 3373
f 3381 3376 3373
f 3373 3376 3372
f 3376 3377 3372
f 3372 3377 3371
f 3377 3378 3371
f 3371 3378 3370
f 1544 1708 1768
f 1641 1709 1606
f 1606 1709 1707
f 1707 3280 1768
f 1768 3280 1710
f 1710 1544 1768
f 1576 1712 3268
f 1576 3268 3270
f 1576 3270 1579
f 1579 3270 3276
f 1579 3276 1711
f 1715 1554 3164
f 3164 1554 1718
f 1769 1718 3278
f 1769 3278 1716
f 1598 1716 1717
f 1598 1717 1653
f 1586 1713 3266
f 1586 3266 3269
f 1586 3269 3267
f 1586 3267 1589
f 1589 3267 1714
f 3382 3383 3384
f 3384 3383 3385
f 3382 3 2
f 2 3383 3382
f 3 3382 3386
f 3387 3388 3386
f 3386 3388 3389
f 3390 3391 3392
f 3392 3391 3393
f 3390 1 20
f 20 3391 3390
f 1 3390 3394
f 3395 3396 3394
f 3394 3396 3397
f 3398 1949 3399
f 3399 1949 3400
f 3401 3402 3403
f 3403 3402 3404
f 3405 1950 3406
f 3406 1950 3407
f 3408 3409 3410
f 3410 3409 3411
f 3412 3413 3414
f 3414 3413 3415
f 3416 3417 3418
f 3418 3417 3419
f 3420 3421 3422
f 3422 3421 3423
f 3420 11 10
f 10 3421 3420
f 11 3420 3424
f 3425 3426 3427
f 3427 3426 3428
f 3429 3430 3431
f 3431 3430 3432
f 3429 9 8
f 8 3430 3429
f 9 3429 3433
f 3434 1952 3433
f 3433 1952 3435
f 7 3436 3437
f 3437 3436 3438
f 6 3436 7
f 3439 1947 3440
f 3440 1947 3441
f 5 3442 3443
f 3443 3442 3444
f 3445 3439 3443
f 3443 3439 3440
f 3443 3440 7
f 3443 7 5
f 5 7 3446
f 3446 7 3437
f 3446 3437 3434
f 3446 3434 3447
f 3447 3434 3384
f 3384 3434 3433
f 3384 3433 3429
f 3384 3429 3382
f 3382 3429 3386
f 3386 3429 3431
f 3386 3431 3448
f 3386 3448 3387
f 3387 3448 2939
f 3434 3437 3449
f 2939 3450 3387
f 3387 3450 3451
f 3451 3450 3392
f 3392 3450 3390
f 3450 2942 3390
f 3390 2942 3452
f 3390 3452 3394
f 3394 3452 3422
f 3394 3422 3453
f 3394 3453 3395
f 3395 3453 3416
f 3395 3416 3418
f 3395 3418 3399
f 3399 3418 3454
f 3399 3454 3398
f 3398 3454 3412
f 3398 3412 3414
f 3398 3414 3403
f 3403 3414 3455
f 3403 3455 3401
f 3401 3455 3408
f 3401 3408 3410
f 3401 3410 3406
f 3406 3410 3405
f 3401 3406 3456
f 3398 3403 3457
f 3395 3399 3458
f 3410 3459 3405
f 3422 3452 3420
f 3420 3452 2944
f 2944 3460 3420
f 3420 3460 3424
f 3424 3460 3427
f 3427 3460 3425
f 3460 2938 3425
f 3425 2938 3448
f 3425 3448 3431
f 3431 3461 3425
f 4 3442 5
f 3447 3462 3446
f 3446 3462 3463
f 3443 3444 3445
f 3437 3438 3449
f 3436 3441 3442
f 3436 3442 3463
f 3436 3463 3438
f 3438 3463 3462
f 3438 3462 1952
f 3442 3441 3444
f 3444 3441 1947
f 3462 1948 1952
f 1952 1948 3385
f 1952 3385 3435
f 3435 3385 3383
f 3435 3383 3430
f 3431 3432 3461
f 3427 3428 3424
f 3422 3423 3453
f 3418 3419 3454
f 3454 3419 1951
f 3414 3415 3455
f 3410 3411 3459
f 3406 3407 3456
f 3403 3404 3457
f 3399 3400 3458
f 3392 3393 3451
f 3402 3407 3409
f 3402 3409 3415
f 3402 3415 3404
f 3404 3415 3413
f 3404 3413 1949
f 3409 3407 3411
f 3411 3407 1950
f 3413 1951 1949
f 1949 1951 3419
f 1949 3419 3400
f 3400 3419 3417
f 3400 3417 3396
f 3396 3417 3423
f 3396 3423 3397
f 3397 3423 3421
f 3397 3421 3391
f 3391 3421 1798
f 3391 1798 1796
f 3391 1796 3393
f 1796 1795 3393
f 3393 1795 3388
f 3421 3428 1798
f 1798 3428 1800
f 1800 3428 3426
f 1800 3426 1795
f 1795 3426 3388
f 3388 3426 3432
f 3388 3432 3389
f 3389 3432 3430
f 3389 3430 3383
f 3384 3385 1948
f 3389 2 3386
f 3386 2 3
f 3389 3383 2
f 3393 3464 3451
f 3464 3388 3451
f 3451 3388 3387
f 3393 3388 3464
f 3397 20 3394
f 3394 20 1
f 3397 3391 20
f 3400 3465 3458
f 3465 3396 3458
f 3458 3396 3395
f 3400 3396 3465
f 3404 3466 3457
f 3466 1949 3457
f 3457 1949 3398
f 3466 3404 1949
f 3407 3467 3456
f 3467 3402 3456
f 3456 3402 3401
f 3407 3402 3467
f 3411 1950 3459
f 3459 1950 3405
f 3415 3468 3455
f 3468 3409 3455
f 3455 3409 3408
f 3415 3409 3468
f 1951 3413 3454
f 3454 3413 3412
f 3423 3469 3453
f 3469 3417 3453
f 3453 3417 3416
f 3423 3417 3469
f 3428 3470 3424
f 3470 10 3424
f 3424 10 11
f 3428 3421 3470
f 3421 10 3470
f 3432 3471 3461
f 3471 3426 3461
f 3461 3426 3425
f 3432 3426 3471
f 3435 8 3433
f 3433 8 9
f 3435 3430 8
f 3438 3472 3449
f 3472 1952 3449
f 3449 1952 3434
f 3472 3438 1952
f 3441 6 3440
f 3440 6 7
f 3441 3436 6
f 3444 1947 3445
f 3445 1947 3439
f 3462 3447 1948
f 3447 3384 1948
f 3463 4 3446
f 3446 4 5
f 3463 3442 4
f 3473 3474 3065
f 3475 3476 3064
f 3476 3475 13
f 3475 12 13
f 3473 3065 3477
f 3473 3477 3475
f 3473 3475 3064
f 3064 3475 12
f 13 3477 3478
f 3478 3477 3063
f 3479 3480 15
f 3480 14 15
f 3051 15 3481
f 15 3051 3482
f 3051 3481 3482
f 3483 3138 17
f 3138 3132 17
f 3132 3484 17
f 17 3484 3485
f 3486 3487 3155
f 3488 3489 3156
f 3488 3487 3490
f 3487 3488 3485
f 3485 3488 3491
f 3485 3491 3492
f 3491 3493 3492
f 3492 3493 3494
f 3494 3493 3495
f 3492 3496 3485
f 3485 3496 17
f 17 3496 3497
f 3498 3125 3491
f 3486 3155 3489
f 3486 3489 3130
f 3489 3155 3156
f 3155 3484 3156
f 3156 3484 3498
f 3484 3132 3498
f 3132 3138 3131
f 3131 3138 3362
f 3362 3138 3481
f 3362 3481 3051
f 3132 3131 3498
f 3498 3131 3128
f 3498 3128 3125
f 3128 3361 3125
f 3125 3361 3124
f 3481 3480 3362
f 3362 3480 3135
f 3480 14 3135
f 3135 3480 3137
f 3137 3480 3066
f 3137 3066 3074
f 3137 3074 3361
f 3361 3074 3124
f 3074 3066 3495
f 3499 3479 15
f 3479 3499 3478
f 3478 3499 3474
f 3478 3474 13
f 13 3474 3476
f 3483 17 3497
f 3483 3497 3482
f 3482 3497 3500
f 3482 3500 15
f 15 3500 3499
f 3500 3501 3499
f 3499 3501 3494
f 3499 3494 3495
f 3066 3502 3499
f 3066 3480 3502
f 3480 3063 3502
f 3502 3063 3065
f 3063 3477 3065
f 3065 3474 3502
f 3502 3474 3499
f 3064 3476 3473
f 3473 3476 3474
f 3477 13 3475
f 3480 3479 3063
f 3063 3479 3478
f 3481 15 3480
f 3138 3483 3481
f 3481 3483 3482
f 3155 3487 3484
f 3484 3487 3485
f 3130 3490 3486
f 3486 3490 3487
f 3489 3488 3130
f 3130 3488 3490
f 3498 3491 3156
f 3156 3491 3488
f 3124 3493 3125
f 3125 3493 3491
f 3074 3495 3124
f 3124 3495 3493
f 3066 3499 3495
f 3503 3504 3505
f 3505 3504 3506
f 3505 3506 3507
f 3507 3506 3508
f 3508 3509 3507
f 3507 3509 3510
f 3506 3510 3511
f 3511 3508 3506
f 3506 3512 3510
f 3510 3512 3513
f 3503 3505 3514
f 3514 3515 3516
f 3516 3515 3517
f 3517 3515 3504
f 3517 3504 3503
f 3518 3513 3512
f 3518 3512 3519
f 3519 3520 3521
f 3521 3520 3522
f 3522 3520 3513
f 3522 3513 3518
f 3523 3524 3525
f 3525 3524 2932
f 3525 2932 2931
f 2932 2930 3526
f 2932 3526 2956
f 2956 3526 3527
f 2954 3528 3529
f 2954 3529 2930
f 2930 3529 3526
f 3529 3528 3530
f 3530 3528 2954
f 3530 2957 3529
f 3529 2957 3526
f 3525 2931 3531
f 3531 2931 2930
f 3531 2930 3532
f 3532 2930 3533
f 3532 3533 3374
f 3533 2930 3534
f 2930 2932 3534
f 3534 2932 3524
f 3535 2954 2955
f 2955 2954 3528
f 2955 3528 3527
f 3527 3526 3536
f 3527 3536 2955
f 3536 3526 2956
f 2956 3526 2957
f 2956 2957 3537
f 3356 3355 3357
f 3357 3355 3538
f 3357 3538 3539
f 3538 3540 3448
f 3538 3448 2936
f 2936 3448 3450
f 2935 3452 3460
f 2935 3460 3540
f 3540 3460 3448
f 3460 3452 3102
f 3460 3103 3448
f 3357 3539 3366
f 3366 3539 3541
f 3366 3541 3358
f 3358 3541 3360
f 3358 3360 3359
f 3541 3540 3360
f 3360 3540 3364
f 3540 3538 3364
f 3364 3538 3355
f 3107 3102 3106
f 3106 3102 3452
f 3106 3452 3450
f 3450 3448 3105
f 3105 3448 3103
f 3105 3103 3104
f 2202 3174 3172
f 3172 2202 2203
f 2202 2201 2155
f 2202 2155 2153
f 3542 2154 2156
f 3542 2156 3543
f 3543 2156 2201
f 2201 2156 2155
f 2156 2154 3229
f 3229 2154 3295
f 3229 3544 2156
f 2156 3544 2155
f 3172 2203 3173
f 3173 2203 2204
f 3173 2204 3180
f 3180 2204 3178
f 3180 3178 3545
f 2204 2201 3178
f 3178 2201 3175
f 2201 2202 3175
f 3175 2202 3174
f 3225 3295 3233
f 3233 3295 2154
f 3233 2154 2153
f 2153 2155 3235
f 2153 3235 3233
f 3235 2155 3546
f 3546 2155 3544
f 800 3108 3096
f 3096 800 801
f 800 799 3547
f 800 3547 3548
f 3549 3550 799
f 799 3550 3547
f 3550 3551 3129
f 3129 3551 3131
f 3129 3128 3550
f 3550 3128 3547
f 801 798 3097
f 3097 798 3099
f 798 799 3099
f 799 800 3108
f 3133 3131 3135
f 3135 3131 3551
f 3135 3551 3548
f 3548 3547 3136
f 3548 3136 3135
f 3136 3547 3137
f 3137 3547 3128
f 3137 3128 3126
f 3552 3553 3554
f 3554 3553 3555
f 3554 3555 3556
f 3556 3555 3557
f 3556 3557 3558
f 3559 3558 3560
f 3559 3560 1253
f 3559 1254 3561
f 3561 1255 3562
f 1248 3563 3562
f 1251 3564 3563
f 3563 3564 3557
f 3558 3557 1252
f 3558 1252 3560
f 3557 3564 1252
f 3557 3555 3563
f 3563 3555 3565
f 3563 3565 3562
f 3562 3565 3566
f 3562 3566 3567
f 3567 3566 3568
f 3567 3568 3559
f 3559 3568 3569
f 3559 3569 3558
f 3558 3569 3556
f 3561 3562 3567
f 3561 3567 3559
f 3555 3553 3565
f 3565 3553 3566
f 3570 3554 3556
f 3570 3556 3571
f 3571 3556 3569
f 3571 3569 3572
f 3572 3569 3573
f 3553 3574 3575
f 3553 3575 3566
f 3566 3575 3576
f 3566 3576 3568
f 3568 3576 3577
f 3568 3577 3569
f 3569 3577 3573
f 3577 3578 3573
f 801 800 3579
f 3579 800 3548
f 798 801 3551
f 798 3551 3550
f 3550 3549 798
f 798 3549 799
f 3551 801 3548
f 3548 801 3579
f 2203 2202 2153
f 2204 2203 2154
f 2204 2154 3542
f 3542 3543 2204
f 2204 3543 2201
f 2154 2203 2153
f 3539 3538 2936
f 3541 3539 3452
f 3541 3452 2935
f 3541 2935 3540
f 3452 3539 3450
f 3450 3539 2936
f 2933 2932 2956
f 2933 2956 3527
f 2930 2931 3528
f 2930 3528 2954
f 3528 2931 3527
f 3527 2931 2933
f 2944 3452 3107
f 3452 2942 3107
f 2939 3448 3104
f 3448 2938 3104
f 3460 3452 1800
f 1800 3452 1798
f 3452 3450 1798
f 1798 3450 1796
f 3450 3448 1796
f 1796 3448 1795
f 3448 3460 1795
f 1795 3460 1800
f 3460 3448 2938
f 3448 3450 3104
f 3104 3450 2939
f 3450 3452 2942
f 3452 3460 3107
f 3107 3460 2944
f 3548 3547 2149
f 2149 3547 2151
f 3547 3550 2151
f 2151 3550 2152
f 3550 3551 2152
f 2152 3551 2150
f 3551 3548 2150
f 2150 3548 2149
f 3128 3126 3361
f 3134 3131 3362
f 3500 231 3501
f 231 3494 3501
f 3580 3581 3500
f 3500 3581 3582
f 3500 3582 3497
f 3497 3582 3583
f 3497 3583 3496
f 3496 3583 3492
f 3496 3492 3494
f 3494 3492 3584
f 3494 3584 3580
f 3584 3492 3585
f 3585 3492 3583
f 3494 3580 231
f 231 3580 3500
f 231 3500 3497
f 231 3497 2149
f 2149 3497 2150
f 3497 3496 2150
f 2150 3496 2152
f 3496 3494 2152
f 2152 3494 2151
f 3494 231 2151
f 2151 231 2149
f 3585 3583 3496
f 3496 3583 3582
f 3496 3582 3497
f 3497 3582 3581
f 3497 3581 3500
f 3500 3581 3501
f 3581 3580 3501
f 3501 3580 3584
f 3501 3584 3494
f 3494 3584 3585
f 3494 3585 3492
f 3492 3585 3496
f 3586 3587 3131
f 3131 3587 3052
f 3131 3052 3134
f 3134 3052 3588
f 3134 3588 3135
f 3135 3588 3137
f 3135 3137 3126
f 3126 3137 3075
f 3126 3075 3586
f 3075 3137 3589
f 3589 3137 3588
f 3126 3586 3128
f 3128 3586 3131
f 3128 3131 3134
f 3128 3134 3550
f 3550 3134 3551
f 3134 3135 3551
f 3135 3126 3548
f 3548 3126 3547
f 3126 3128 3547
f 3589 3588 3135
f 3135 3588 3052
f 3135 3052 3362
f 3362 3052 3587
f 3362 3587 3131
f 3131 3587 3128
f 3587 3586 3128
f 3128 3586 3075
f 3128 3075 3361
f 3361 3075 3589
f 3361 3589 3137
f 3137 3589 3135
f 3519 3512 2242
f 3515 3514 2235
f 3514 3505 2235
f 3505 3507 2238
f 3507 3510 2238
f 2238 3510 2243
f 3510 3513 2243
f 3513 3520 2241
f 3520 3519 2241
f 2241 3519 2242
f 3503 3514 3590
f 3514 3516 3591
f 3516 3517 2234
f 3517 3503 3592
f 3518 3519 3593
f 3519 3521 2242
f 3521 3522 3594
f 3522 3518 3595
f 3511 3510 3596
f 3510 3509 3596
f 3509 3508 3597
f 3508 3511 3598
f 3592 3503 3505
f 3505 3503 3590
f 3505 3590 3514
f 3514 3591 3505
f 3505 3591 2235
f 3591 3516 2235
f 2235 3516 3515
f 3516 2234 3515
f 3515 2234 3517
f 3504 3517 3592
f 3504 3592 3505
f 3505 2238 3504
f 3504 2238 3508
f 3504 3508 3598
f 3504 3598 3511
f 3504 3511 3596
f 3504 3596 3506
f 3506 3596 2243
f 3506 2243 3513
f 3506 3513 3512
f 3512 3513 3595
f 3512 3595 3518
f 3518 3593 3512
f 3512 3593 3519
f 2242 3521 2241
f 2241 3521 3594
f 2241 3594 3522
f 2241 3522 3513
f 3513 3522 3595
f 2243 3596 3509
f 2243 3509 2238
f 2238 3509 3597
f 2238 3597 3508
f 3533 3534 3369
f 3534 3524 3370
f 3524 3523 3370
f 3370 3523 3371
f 3523 3525 3371
f 3371 3525 3372
f 3525 3531 3372
f 3531 3532 3373
f 3532 3374 3373
f 3374 3533 3369
f 2957 3530 3599
f 3530 2954 3600
f 2954 3535 3600
f 3600 3535 3374
f 3535 2955 3374
f 3374 2955 3601
f 2955 3536 3601
f 3536 2956 3602
f 2956 3537 3602
f 3602 3537 3371
f 3537 2957 3371
f 3371 2957 3599
f 3374 3369 3534
f 3523 3534 3370
f 3523 3371 3531
f 3531 3371 3372
f 3603 3531 3373
f 3603 3373 3374
f 3374 3534 3603
f 3603 3534 3529
f 3603 3529 3528
f 3528 3530 3600
f 3600 3374 3528
f 3528 3374 3527
f 3527 3526 3523
f 3523 3526 3534
f 3534 3526 3529
f 3529 3526 3371
f 3529 3371 3599
f 3529 3599 3530
f 3371 3526 3602
f 3602 3526 3536
f 3536 3527 3601
f 3601 3527 3374
f 3523 3531 3527
f 3527 3531 3528
f 3531 3603 3528
f 3525 3524 3602
f 3602 3524 3599
f 3524 3534 3599
f 3599 3534 3530
f 3534 3533 3530
f 3530 3533 3600
f 3533 3532 3600
f 3600 3532 3601
f 3532 3531 3601
f 3601 3531 3536
f 3531 3525 3536
f 3536 3525 3602
f 3525 3531 3602
f 3525 3602 3604
f 3604 3602 3536
f 3600 3601 3605
f 3600 3605 3606
f 3606 3605 3167
f 3167 3605 3374
f 3167 3374 3533
f 3601 3536 3605
f 3601 3536 3532
f 3532 3374 3605
f 3532 3605 3601
f 3531 3532 3536
f 3531 3536 3602
f 3599 3530 3607
f 3599 3607 3602
f 3602 3607 3604
f 3600 3606 3530
f 3599 3530 3524
f 3533 3534 3600
f 3533 3600 3606
f 3606 3167 3533
f 3530 3600 3534
f 3530 3534 3524
f 3524 3525 3371
f 3371 3525 3163
f 3371 3163 3607
f 3607 3163 3604
f 3607 3599 3524
f 3607 3524 3371
f 3604 3163 3525
f 3360 3364 3608
f 3364 3355 3609
f 3355 3356 3609
f 3356 3357 3610
f 3357 3366 3610
f 3366 3358 3611
f 3358 3359 3611
f 3359 3360 3608
f 3103 3460 3609
f 3460 3102 3608
f 3102 3107 3608
f 3107 3106 3611
f 3106 3450 3611
f 3450 3105 3610
f 3105 3104 3610
f 3104 3103 3609
f 3359 3608 3364
f 3538 3364 3609
f 3538 3609 3356
f 3538 3356 3366
f 3366 3356 3610
f 3541 3366 3611
f 3541 3611 3359
f 3359 3364 3541
f 3541 3364 3540
f 3541 3540 3460
f 3541 3460 3452
f 3452 3460 3608
f 3608 3107 3452
f 3452 3107 3450
f 3539 3450 3538
f 3460 3448 3104
f 3460 3104 3609
f 3104 3448 3610
f 3610 3448 3450
f 3538 3450 3448
f 3611 3450 3107
f 3538 3366 3539
f 3363 3368 3612
f 3612 3368 3613
f 3368 3364 3613
f 3613 3364 3460
f 3364 3367 3460
f 3460 3367 3614
f 3367 3365 3614
f 3614 3365 3615
f 3365 3366 3615
f 3615 3366 3450
f 3366 3363 3450
f 3450 3363 3612
f 3364 3367 3608
f 3367 3608 3365
f 3368 3609 3364
f 3363 3366 3612
f 3612 3616 3450
f 3614 3615 3107
f 3107 3615 3359
f 3107 3359 3367
f 3450 3616 3615
f 3615 3616 3365
f 3365 3359 3615
f 3366 3365 3616
f 3366 3616 3612
f 3460 3614 3617
f 3460 3617 3613
f 3613 3617 3609
f 3613 3609 3368
f 3608 3364 3614
f 3614 3107 3367
f 3614 3367 3608
f 3617 3614 3364
f 3617 3364 3609
f 3356 3363 3104
f 3356 3104 3613
f 3613 3104 3612
f 3613 3368 3356
f 3612 3104 3363
f 3174 2202 3291
f 2202 3172 3294
f 3544 3229 3291
f 3295 3225 3618
f 3225 3233 3618
f 3235 3546 3294
f 3546 2155 3294
f 2155 3544 3291
f 3545 3178 2201
f 2202 3175 3291
f 2203 2202 3294
f 2203 3294 3173
f 2204 3180 3545
f 3545 2201 2204
f 2204 2201 3619
f 2204 3619 3618
f 3618 3619 2156
f 3618 2156 3225
f 3225 2156 3229
f 3225 3229 3295
f 3225 3618 2153
f 3225 2153 3620
f 3620 2153 2155
f 3620 2155 2202
f 2201 2155 3619
f 3619 2155 2156
f 2156 2155 3291
f 2156 3291 3229
f 3294 2155 3235
f 3233 2153 3618
f 2202 2203 3620
f 3620 2203 3618
f 3620 3618 3225
f 2203 2204 3618
f 3293 3174 292
f 3174 3175 292
f 292 3175 3229
f 3229 3178 3227
f 3178 3180 3227
f 3227 3180 3233
f 3173 3172 3235
f 3235 3172 3293
f 3172 3173 3293
f 3293 3621 3235
f 3227 3233 3242
f 3227 3242 3618
f 3618 3242 3545
f 3618 3545 3178
f 3233 3235 3242
f 3235 3621 3242
f 3242 3621 3233
f 3233 3621 3180
f 3180 3545 3242
f 3180 3242 3233
f 3173 3180 3621
f 3173 3621 3293
f 3229 3227 3622
f 3229 3622 292
f 292 3622 3174
f 3178 3175 3227
f 3227 3618 3178
f 3622 3227 3175
f 3622 3175 3174
f 3174 3172 3623
f 3623 3172 3230
f 3623 3230 292
f 292 3230 3293
f 292 3174 3623
f 3293 3230 3172
f 3099 799 3624
f 3624 799 3625
f 799 3108 3625
f 3625 3108 3626
f 3108 800 3626
f 3626 800 3109
f 800 3096 3109
f 3109 3096 3627
f 3096 801 3627
f 3627 801 3628
f 801 3097 3628
f 3628 3097 3629
f 3097 798 3629
f 3629 798 3098
f 798 3099 3098
f 3098 3099 3624
f 3133 3135 3362
f 3098 3624 799
f 799 3625 800
f 800 3625 3626
f 800 3109 801
f 801 3109 3627
f 801 3628 798
f 798 3628 3629
f 3098 799 798
f 798 799 3625
f 798 3625 3551
f 3551 3625 3129
f 3131 3362 3551
f 3551 3362 3136
f 3551 3136 3628
f 3628 3136 3547
f 3628 3547 800
f 799 3547 3625
f 3625 3547 3129
f 3129 3547 3361
f 3129 3361 3128
f 3361 3547 3137
f 3135 3136 3362
f 800 801 3628
f 3628 801 3551
f 792 797 3126
f 3126 797 3127
f 797 796 3127
f 3127 796 3129
f 796 795 3129
f 3129 795 3133
f 795 794 3133
f 3133 794 3134
f 794 793 3134
f 3134 793 3136
f 793 792 3136
f 3136 792 3126
f 792 793 3630
f 792 3630 3126
f 3126 3630 3136
f 3362 3134 3098
f 3362 3098 795
f 795 3098 794
f 3134 3136 3631
f 3631 3136 794
f 794 3098 3134
f 794 3134 3631
f 793 794 3136
f 793 3136 3630
f 3127 3129 3632
f 3632 3129 797
f 795 796 3633
f 795 3633 3133
f 3133 3633 3129
f 3133 3362 795
f 3129 3633 796
f 3129 796 797
f 797 792 3109
f 3109 792 3361
f 3109 3361 3127
f 3127 3632 797
f 3127 797 3109
f 3126 3361 792
f 3562 1255 3634
f 3634 1255 3561
f 3561 1254 3635
f 3635 1254 3559
f 3635 3559 1253
f 1253 3560 3636
f 3636 3560 1252
f 3636 1252 3564
f 3564 1251 3637
f 3637 1251 3563
f 3637 3563 1248
f 1248 3562 3634
f 3577 3576 3638
f 3638 3576 3575
f 3575 3574 3639
f 3639 3574 3553
f 3639 3553 3552
f 3552 3554 3640
f 3640 3554 3570
f 3640 3570 3571
f 3571 3572 3641
f 3641 3572 3573
f 3641 3573 3578
f 3578 3577 3638
f 3635 1253 3642
f 3635 3642 3638
f 3638 3642 3578
f 3638 3575 3635
f 3635 3575 3643
f 3635 3643 3561
f 3575 3639 3643
f 3643 3639 3634
f 3643 3634 3561
f 3639 3552 3634
f 3634 3552 3644
f 3634 3644 1248
f 3552 3640 3644
f 3644 3640 3637
f 3644 3637 1248
f 3640 3571 3637
f 3637 3571 3645
f 3637 3645 3564
f 3571 3641 3645
f 3645 3641 3636
f 3645 3636 3564
f 3641 3578 3636
f 3636 3578 3642
f 3636 3642 1253
f 2350 2349 3635
f 3635 2349 3646
f 2349 2348 3646
f 3646 2348 3634
f 2348 2355 3634
f 3634 2355 3647
f 2355 2354 3647
f 3647 2354 3637
f 2354 2353 3637
f 3637 2353 3648
f 2353 2352 3648
f 3648 2352 3636
f 2352 2351 3636
f 3636 2351 3649
f 2351 2350 3649
f 3649 2350 3635
f 3650 3575 3639
f 3639 3575 2361
f 3575 3651 2361
f 2361 3651 3638
f 3651 3578 3638
f 3638 3578 3652
f 3578 3653 3652
f 3652 3653 3641
f 3653 3571 3641
f 3641 3571 2368
f 3571 3654 2368
f 2368 3654 3640
f 3654 3552 3640
f 3640 3552 3655
f 3552 3650 3655
f 3655 3650 3639
f 3571 3653 3656
f 3656 3653 2369
f 2369 3653 2366
f 2366 3653 3578
f 2366 3578 3657
f 3657 3578 2365
f 3657 2365 2351
f 2351 2365 3658
f 2351 3658 2350
f 3578 3651 2365
f 2365 3651 2360
f 2365 2360 3658
f 3658 2360 3659
f 3658 3659 2350
f 2350 3659 2349
f 2349 3660 2348
f 2348 3660 3661
f 2348 3661 2355
f 3662 3663 2370
f 3662 2370 2368
f 2369 2368 3656
f 2368 2370 3656
f 3656 2370 3571
f 3571 2370 3654
f 2355 3663 2354
f 2354 3663 3662
f 2354 3662 2353
f 3664 2353 2369
f 2369 2353 2368
f 2369 2366 3664
f 3664 2366 3665
f 2351 2352 3665
f 3665 2352 3664
f 2352 2353 3664
f 2351 3665 3657
f 3665 2366 3657
f 2368 2353 3662
f 3651 3575 2360
f 2360 3575 3666
f 2360 3666 2361
f 2364 2372 3667
f 3666 2362 2361
f 2370 3663 2371
f 2371 3663 2355
f 2371 2355 3667
f 3667 2355 3661
f 3667 3661 2364
f 2364 3661 3660
f 2364 3660 2362
f 2362 3660 2349
f 2362 2349 2361
f 2361 2349 3659
f 2361 3659 2360
f 2370 2371 3654
f 3654 2371 3552
f 2371 3667 3552
f 3552 3667 2372
f 3552 2372 3650
f 3650 2372 2362
f 3650 2362 3666
f 3666 3575 3650
f 3655 3639 3647
f 3647 3637 3655
f 3655 3637 3640
f 3637 3648 3640
f 3640 3648 2368
f 3648 3636 2368
f 2368 3636 3641
f 3636 3649 3641
f 3641 3649 3652
f 3652 3649 3635
f 3652 3635 3638
f 3638 3635 3646
f 3638 3646 2361
f 2361 3646 3634
f 2361 3634 3639
f 3639 3634 3647
f 3668 3669 3527
f 3527 3669 2956
f 3527 2956 3531
f 3531 2956 3372
f 3531 3372 2933
f 3531 2933 3669
f 3669 2933 3371
f 3669 3371 3526
f 3526 3371 2932
f 3526 2932 3670
f 3670 2932 3534
f 3670 3534 3671
f 3671 3534 2930
f 3671 2930 3374
f 3373 3374 2955
f 3373 2955 3527
f 3527 2955 3668
f 3527 3531 3373
f 3373 3531 2931
f 3373 2931 3374
f 3374 2931 3528
f 3374 3528 3671
f 3671 3528 2954
f 3671 2954 3529
f 3529 2954 3530
f 3529 3530 3370
f 3370 3530 2932
f 3370 2932 3371
f 2932 3530 3534
f 3534 3530 3369
f 3534 3369 2930
f 2930 3369 3374
f 3530 2954 3369
f 3369 2954 3528
f 3369 3528 3374
f 3374 3528 2955
f 2955 3528 3668
f 3668 3528 2931
f 3671 3529 3670
f 3670 3529 2957
f 3670 2957 3526
f 3526 2957 3371
f 3526 3371 3372
f 3372 3371 2933
f 3371 2957 3370
f 3370 2957 3529
f 3372 2956 3526
f 2956 3669 3526
f 2931 3531 3668
f 3531 3669 3668
f 2937 2936 3450
f 3450 2936 3610
f 3450 3610 3366
f 3366 3610 2936
f 2936 3356 3538
f 3538 3356 2934
f 2934 3364 2935
f 3359 2935 3107
f 3359 3107 3611
f 3450 3611 2937
f 3450 3366 3611
f 3611 3366 2937
f 3611 2937 3359
f 3359 2937 3541
f 3359 3541 2935
f 2935 3541 3608
f 2935 3608 3460
f 3460 3608 3364
f 3460 3364 3609
f 3609 3364 2934
f 3609 2934 3356
f 3364 3608 2935
f 2935 3608 3107
f 3611 3107 2937
f 2937 3107 3541
f 3541 3107 3608
f 2935 3460 2934
f 2934 3460 3609
f 2934 3609 3104
f 3610 3104 2936
f 2936 3104 3356
f 3356 3104 3609
f 3104 3610 3538
f 3104 3538 2934
f 3610 2936 3538
f 3366 2936 2937
f 3620 2153 3235
f 3235 2153 3546
f 3235 3546 3620
f 3620 3546 3294
f 3620 3294 2203
f 2203 3294 3672
f 2203 3672 2153
f 2153 3672 2202
f 2155 2202 3673
f 2155 3673 2156
f 2156 3673 2201
f 2156 2201 3542
f 3542 2201 3178
f 3542 3178 3545
f 3674 3545 3233
f 3674 3233 3235
f 3235 3233 3620
f 3235 3620 3674
f 3674 3620 3180
f 3674 3180 3545
f 3545 3180 3618
f 3545 3618 3542
f 3542 3618 3295
f 3542 3295 3229
f 3229 3295 3619
f 3229 3619 3291
f 3291 3619 3673
f 3291 3673 2202
f 3673 3619 2201
f 2201 3619 3295
f 2201 3295 3178
f 3178 3295 3545
f 3295 3225 3545
f 3545 3225 3233
f 3233 3225 3620
f 3620 3618 3180
f 3542 3229 2156
f 2155 3291 3292
f 2155 3292 3294
f 3294 3292 3672
f 3672 3292 2202
f 2202 3292 3291
f 3546 2153 2155
f 3620 2203 3180
f 2203 2153 3620
f 3675 3548 3136
f 3136 3548 3137
f 3136 3137 3628
f 3628 3137 3627
f 801 3627 3548
f 3548 3627 800
f 3547 800 3626
f 3547 3626 3676
f 3676 3626 799
f 3676 799 3550
f 3550 799 3624
f 3550 3624 798
f 798 3624 3098
f 3629 3098 3135
f 3629 3135 3136
f 3136 3135 3675
f 3136 3628 3629
f 798 3629 3551
f 3550 3551 3131
f 3550 3131 3129
f 3129 3131 3625
f 3129 3625 3626
f 3626 3625 799
f 3625 3131 3624
f 3624 3131 3362
f 3624 3362 3098
f 3098 3362 3135
f 3135 3362 3675
f 3675 3362 3551
f 3675 3551 3629
f 3550 3129 3676
f 3676 3129 3128
f 3676 3128 3361
f 3361 3128 3109
f 3361 3109 3627
f 3627 3109 800
f 3109 3128 3626
f 3626 3128 3129
f 3627 3137 3361
f 3361 3547 3676
f 3137 3548 3547
f 3628 801 3629
f 3629 801 3675
f 801 3548 3675
f 3677 3647 3634
f 3634 3647 3678
f 3678 3647 3644
f 3678 3644 3639
f 3639 3644 3552
f 3639 3552 3677
f 3677 3552 3647
f 3647 3552 3640
f 3640 3552 3679
f 3640 3679 3680
f 3680 3679 3637
f 3680 3637 3564
f 3564 3637 3681
f 3564 3681 3682
f 3682 3681 3571
f 3682 3571 3641
f 3641 3571 3683
f 3641 3683 3684
f 3684 3683 3636
f 3684 3636 3649
f 3685 3649 3638
f 3685 3638 3686
f 3686 3638 3575
f 3686 3575 3687
f 3687 3575 3639
f 3687 3639 3677
f 3677 3634 3687
f 3687 3634 3561
f 3687 3561 3686
f 3686 3561 3635
f 3686 3635 3685
f 3685 3635 3649
f 3552 3644 3679
f 3679 3644 3637
f 3644 3647 3637
f 3637 3647 3688
f 3637 3688 3681
f 3681 3688 3640
f 3681 3640 3571
f 3571 3640 3680
f 3571 3680 3683
f 3683 3680 3564
f 3683 3564 3636
f 3636 3564 3682
f 3636 3682 3689
f 3689 3682 3641
f 3689 3641 3578
f 3578 3641 3642
f 3578 3642 3690
f 3690 3642 3635
f 3690 3635 3691
f 3691 3635 3561
f 3691 3561 3692
f 3692 3561 3634
f 3692 3634 3678
f 3678 3639 3692
f 3692 3639 3575
f 3692 3575 3691
f 3691 3575 3638
f 3691 3638 3690
f 3690 3638 3578
f 3638 3649 3578
f 3578 3649 3689
f 3636 3689 3649
f 3635 3642 3649
f 3649 3642 3684
f 3641 3684 3642
f 3640 3688 3647
f 3693 2071 3694
f 3694 2071 3695
f 2071 3693 2076
f 2076 3693 2060
f 2071 2076 3695
f 2076 2060 3696
f 2060 3693 3696
f 3696 3693 3694
f 3694 3695 3696
f 3696 3695 2076
f 1014 2583 3697
f 3697 2583 3698
f 2583 1014 2574
f 2574 1014 2575
f 2583 2574 3698
f 3698 2574 2579
f 2574 2575 2579
f 2579 2575 3699
f 2575 1014 3699
f 3699 1014 3697
f 3697 3698 3699
f 3699 3698 2579
f 2132 1903 3700
f 3700 1903 1724
f 1903 2132 1759
f 1759 2132 2139
f 1903 1759 1724
f 1759 2139 1757
f 1757 2139 3701
f 2139 2132 3701
f 3701 2132 3700
f 3700 1724 3701
f 3701 1724 1757

