# https://github.com/mikedh/trimesh

o head2.stl
v 0.13769791 -0.11099900 0.05459678
v 0.14331791 -0.09023946 0.04324859
v 0.13602600 -0.09086996 0.05070686
v 0.03915784 -0.10675400 0.07741736
v 0.02718433 -0.10678850 0.07379597
v 0.06865966 -0.15888099 0.08200150
v 0.07075238 -0.11676300 0.07794028
v 0.05874794 -0.12176999 0.07952940
v 0.07563775 -0.13691691 0.08011168
v 0.13415401 -0.06999045 0.04502689
v 0.14087100 -0.06935507 0.03811699
v 0.14625791 -0.06884169 0.03021079
v 0.13908800 -0.04720175 0.02939820
v 0.14398600 -0.04660367 0.02058845
v 0.14510800 -0.11033090 0.04678648
v 0.14919500 -0.08972555 0.03453660
v -0.02722758 -0.07448977 -0.04421168
v -0.02100688 -0.09517490 -0.05368369
v -0.02649348 -0.09564816 -0.05080288
v 0.12453600 -0.16923800 -0.06821095
v 0.11547400 -0.17024601 -0.07249701
v 0.12191500 -0.14583400 -0.06949907
v 0.11646690 -0.19456999 -0.06960296
v 0.09037375 -0.04795998 -0.05623787
v 0.09892225 -0.05210775 -0.05565416
v 0.09578657 -0.07701528 -0.06482076
v 0.10701100 -0.07602316 -0.06139600
v 0.06325250 -0.13863701 0.08126777
v 0.08768916 -0.13576791 0.07846647
v 0.09920990 -0.13466200 0.07616680
v 0.09647840 -0.11460390 0.07384848
v 0.08393275 -0.11566600 0.07625669
v 0.06916129 -0.09634459 0.07404226
v 0.05334168 -0.11251000 0.07827287
v -0.01916730 -0.09506386 0.05453646
v -0.01714295 -0.07381260 0.04954755
v -0.02650636 -0.09564900 0.05079549
v -0.02722746 -0.07448965 0.04421168
v 0.08246797 -0.09529840 0.07226336
v 0.09506690 -0.09428769 0.06975746
v 0.08390575 -0.07460939 0.06643217
v 0.07117986 -0.07574409 0.06844466
v 0.05778086 -0.07692331 0.06982076
v 0.11766990 -0.09242677 0.06221306
v 0.10684000 -0.09332597 0.06643658
v 0.11914200 -0.11264300 0.06638336
v 0.12743799 -0.09160369 0.05699908
v 0.11710600 -0.07158285 0.05606347
v 0.08941829 -0.04069417 0.05358409
v 0.10100700 -0.03879940 0.04976606
v 0.08724015 -0.03414845 0.05095469
v 0.16008185 -0.12710151 -0.00252294
v 0.15977789 -0.11872999 0.00000000
v 0.16017669 -0.12735784 0.00000000
v 0.15901200 -0.10589000 0.00000000
v 0.15799400 -0.09559297 0.00000000
v 0.15830091 -0.10912500 0.01426535
v 0.15429600 -0.09609866 -0.02549147
v 0.14983501 -0.09649366 -0.03587627
v 0.15089490 -0.07202076 -0.02181500
v 0.16008185 -0.12710151 0.00252213
v 0.15896432 -0.12114667 0.01601897
v 0.15904678 -0.12111384 0.01421701
v 0.15764648 -0.12160833 0.02279398
v 0.15554100 -0.10938000 0.02673935
v 0.15109999 -0.10978700 0.03754019
v 0.15527400 -0.12241700 0.03061509
v 0.14683369 -0.12612361 0.04757329
v 0.06382918 -0.14153101 -0.08139640
v 0.06053358 -0.12845200 -0.08033818
v 0.07371169 -0.12680700 -0.07915425
v 0.07881081 -0.15031500 -0.08074170
v 0.07053220 -0.16589200 -0.08189755
v 0.06683886 -0.15206499 -0.08192330
v 0.04261597 -0.08310553 -0.07192811
v 0.03989976 -0.10544600 -0.07723367
v 0.03915798 -0.10675400 -0.07741737
v 0.10657100 -0.10018100 -0.06823027
v 0.11759900 -0.09926277 -0.06403219
v -0.01714295 -0.07381266 -0.04954767
v -0.01730388 -0.09509289 -0.05534327
v -0.01404678 -0.09475475 -0.05666744
v 0.10260300 -0.01953464 -0.03161257
v 0.09662979 -0.01904690 -0.02947938
v 0.10804700 -0.01833599 -0.02636057
v 0.11416400 -0.02017885 -0.02847546
v 0.10809400 -0.02152508 -0.03404939
v 0.14189400 -0.03996896 0.01963847
v 0.14479201 -0.03957426 0.01031959
v 0.14123900 -0.03234249 0.00967777
v 0.13514800 -0.02490758 0.00899231
v 0.12713900 -0.01897215 0.00825399
v 0.12488400 -0.01944935 0.01586616
v 0.12414300 -0.01725387 0.00000000
v 0.11870400 -0.01640546 0.00748676
v 0.13849691 -0.03277528 0.01847577
v 0.14686200 -0.07239836 -0.03096318
v 0.14416400 -0.04658180 -0.02016389
v 0.13892300 -0.02783060 0.00000000
v 0.11807500 -0.03156799 -0.03844648
v 0.10547200 -0.02740097 -0.04149019
v 0.11345400 -0.02575129 -0.03633475
v 0.10941000 -0.03311806 -0.04377239
v -0.04127448 -0.09639519 -0.03930568
v -0.03499668 -0.09616208 -0.04506957
v 0.07669520 -0.18657450 -0.08036146
v -0.03547090 -0.07504385 -0.03778547
v -0.02934866 -0.06087639 -0.03811388
v -0.04243677 -0.09661155 -0.03800398
v -0.03547078 -0.07504385 0.03778547
v -0.04244375 -0.09661209 0.03799635
v -0.03780657 -0.09618675 0.04270750
v -0.03500735 -0.09616267 0.04506129
v 0.12069999 -0.12255999 -0.06748235
v 0.13029300 -0.12167000 -0.06214147
v 0.12756599 -0.09842079 -0.05879867
v 0.12676500 -0.19349700 -0.06385618
v 0.11728100 -0.07510489 -0.05716007
v 0.12649891 -0.07427167 -0.05205595
v 0.11289500 -0.05040085 -0.05018156
v 0.08973085 -0.04255449 -0.05429154
v 0.09629476 -0.02931869 -0.04594588
v 0.09254485 -0.02503269 -0.04331386
v 0.06529420 -0.14628200 0.08172160
v 0.09118300 -0.15584201 0.07919520
v 0.04376065 -0.07813018 0.07061105
v 0.04263487 -0.08297276 0.07189226
v 0.05526489 -0.09741270 0.07518166
v 0.05637878 -0.11629900 0.07879340
v -0.01836207 -0.05925252 0.04432964
v -0.00863683 -0.05751517 0.04773623
v -0.01731735 -0.09509378 0.05533725
v -0.03087252 -0.06105632 0.03693222
v 0.15182900 -0.11964490 -0.03827935
v 0.15616100 -0.11923100 -0.02729028
v 0.14380999 -0.09702199 -0.04482167
v 0.14138789 -0.07290697 -0.03901469
v 0.13456699 -0.07353538 -0.04602646
v 0.06714099 -0.05598968 0.06251835
v 0.10825800 -0.11359100 0.07059687
v 0.11008390 -0.13361099 0.07309150
v 0.10696200 -0.07251769 0.06029307
v 0.11354900 -0.05032140 0.04986858
v 0.12899891 -0.11177400 0.06108957
v 0.09798496 -0.03203195 0.04717195
v 0.10756900 -0.03016269 0.04266059
v 0.09382909 -0.02625268 0.04421669
v 0.14730300 -0.21028800 -0.01426124
v 0.14517701 -0.21048591 -0.02659100
v 0.15069690 -0.20047800 -0.01545387
v 0.15069100 -0.19100200 -0.02813148
v 0.15292200 -0.19076900 -0.01608568
v 0.13510600 -0.19262700 -0.05692666
v 0.13891800 -0.20163500 -0.04925185
v 0.13235900 -0.20227601 -0.05693554
v 0.12625395 -0.21312550 -0.05784022
v 0.12494900 -0.21245800 -0.05946117
v 0.12186000 -0.21134600 -0.06222259
v 0.16006541 -0.12658042 -0.00510283
v 0.15985176 -0.12624051 0.00601436
v 0.12620100 -0.07073676 0.05099189
v 0.15623000 -0.08910155 0.01299995
v 0.15714000 -0.08892399 0.00000000
v 0.15666600 -0.08564388 0.00000000
v 0.15421191 -0.07158046 0.00000000
v 0.15267099 -0.06822478 0.01120364
v 0.14691600 -0.04624599 0.01102030
v 0.15173578 -0.12418330 0.03952606
v 0.15662715 -0.12220968 0.02721374
v 0.12019500 -0.13262799 0.06911939
v 0.14242060 -0.12798047 0.05320237
v 0.11192400 -0.15361901 0.07393568
v 0.06530475 -0.14632200 -0.08172339
v 0.07448684 -0.18106350 -0.08098917
v 0.06911367 -0.16131599 -0.08192235
v 0.06837356 -0.10324700 -0.07562279
v 0.05736535 -0.08031886 -0.07080000
v 0.07086598 -0.07917469 -0.06946569
v 0.08183199 -0.10218700 -0.07392466
v 0.02718421 -0.10678850 -0.07379606
v -0.00521404 -0.07301235 -0.05385226
v -0.01215442 -0.05816293 -0.04666441
v -0.00038293 -0.05594187 -0.04970723
v 0.04327279 -0.08158636 -0.07157820
v 0.04608683 -0.05852474 -0.06438820
v 0.09460628 -0.10116000 -0.07149416
v -0.01225137 -0.04808425 0.04142957
v -0.01635282 -0.04885291 0.03986331
v 0.05002844 -0.02910381 0.04778053
v -0.00526484 -0.04678179 0.04333080
v 0.05940037 -0.02465128 0.04006290
v 0.05053615 -0.02644115 0.04198205
v 0.05011314 -0.02690785 0.04299381
v 0.06435060 -0.02595418 0.04492294
v -0.04626956 -0.06139916 0.00000000
v -0.05006366 -0.07588696 0.00000000
v -0.04565858 -0.06153717 0.00956988
v 0.11608090 -0.20386091 -0.06801956
v 0.14197764 -0.21968035 -0.01016925
v 0.14101550 -0.21927050 -0.02083620
v 0.14122000 -0.21938300 -0.01948386
v 0.13967800 -0.21874300 -0.02910465
v 0.10768400 -0.01675969 -0.01531499
v 0.11238400 -0.01738947 -0.02056437
v 0.10305800 -0.01771008 -0.02283775
v 0.11750400 -0.01628756 -0.00737512
v 0.11020900 -0.01624578 -0.00767600
v 0.11098700 -0.01608836 0.00000000
v 0.09707707 -0.01714926 -0.01417577
v 0.11555700 -0.01670396 -0.01423287
v 0.10086500 -0.02314627 -0.03899687
v 0.08864057 -0.02266055 -0.04044848
v 0.07707786 -0.02319639 -0.04080587
v 0.06751018 -0.02300477 -0.03751009
v 0.07483679 -0.02153158 -0.03442537
v 0.10018750 -0.01653626 0.00000000
v 0.09947997 -0.01668715 0.00737548
v 0.08820086 -0.01910018 -0.02715939
v 0.08624476 -0.01993167 -0.03113579
v 0.08732599 -0.01966947 -0.03014737
v 0.08831828 -0.02079629 -0.03535479
v 0.05045455 -0.02531713 0.03786802
v 0.13404299 -0.03348070 0.02640807
v 0.12852000 -0.02614927 0.02470278
v 0.12292100 -0.02721089 0.03143119
v 0.13262400 -0.02537757 0.01722484
v 0.11135900 -0.03711867 0.04515367
v 0.13079999 -0.04148620 0.03537160
v 0.13719501 -0.04061025 0.02798086
v 0.13215500 -0.04804915 0.03738105
v 0.11944700 -0.01626908 0.00000000
v 0.15338500 -0.07178580 -0.01151299
v 0.14701100 -0.04623407 -0.01053005
v 0.14515300 -0.04056459 -0.01041495
v 0.12122200 -0.03768450 -0.04037058
v 0.12895299 -0.03650367 -0.03405904
v 0.14223400 -0.04095530 -0.01981037
v 0.13750100 -0.04158949 -0.02821248
v 0.13967600 -0.03487616 -0.01882636
v 0.14247200 -0.03445547 -0.00987101
v 0.13926099 -0.04718089 -0.02915138
v -0.03260678 -0.09587395 -0.04688686
v -0.05478920 -0.09734833 -0.01043403
v 0.08290330 -0.19404450 -0.07875352
v -0.05552275 -0.09739254 0.00000000
v -0.05248341 -0.09728116 -0.02023041
v 0.08370518 -0.19481800 -0.07587617
v 0.08378285 -0.19487500 0.07585775
v -0.04338517 -0.06173762 0.01918831
v -0.04918789 -0.07596737 0.01137638
v -0.05326068 -0.09727550 0.01738840
v -0.04343938 -0.09652495 0.03683698
v 0.07391947 -0.17857189 0.08122545
v 0.07052356 -0.16585991 0.08189851
v -0.02989935 -0.09571099 0.04873579
v -0.05091497 -0.09713455 0.02422821
v 0.07971300 -0.19100769 0.07952398
v -0.04834407 -0.09703105 0.02961018
v -0.05248439 -0.09728122 0.02022845
v 0.08603906 -0.19633301 0.07532680
v 0.08824703 -0.19745499 0.07480588
v 0.08592179 -0.19612400 0.07804814
v 0.08599287 -0.19630700 -0.07533776
v 0.11011600 -0.12353300 -0.07172745
v 0.12982489 -0.15710381 -0.06508323
v 0.13680100 -0.17317495 -0.05880132
v 0.08370566 -0.07806956 -0.06749171
v 0.07679527 -0.04457819 -0.05731767
v 0.10256900 -0.04630368 -0.05241018
v 0.10151300 -0.04072278 -0.05046975
v 0.11348700 -0.04482537 -0.04771995
v 0.08830720 -0.03694128 -0.05213248
v 0.04922866 -0.03572067 0.05454540
v 0.05006072 -0.03175529 0.05135163
v 0.04927337 -0.03154820 0.05085676
v 0.08562868 -0.17701800 0.07983887
v 0.09692567 -0.17575100 0.07783895
v 0.07666779 -0.18652350 0.08036870
v 0.08005106 -0.15703490 0.08084225
v 0.04608705 -0.05852477 0.06438821
v -0.00521397 -0.07301229 0.05385226
v 0.03069239 -0.08183318 0.06795018
v 0.03224748 -0.07081335 0.06474286
v 0.08074140 -0.02489930 0.04453140
v 0.08929580 -0.02294009 0.04094296
v 0.05717450 -0.11769000 0.07898229
v -0.02557673 -0.06037771 0.04064261
v -0.03562691 -0.06151282 0.03241669
v -0.04187637 -0.07547479 0.03021019
v -0.03993984 -0.06174766 0.02656861
v -0.02416163 -0.05014177 0.03597014
v -0.03371006 -0.05126730 0.02764492
v -0.04177119 -0.05109539 -0.00000911
v -0.04168557 -0.05113580 0.00339240
v -0.04040485 -0.05042278 0.00000000
v -0.03990596 -0.05052417 0.00836849
v -0.05479892 -0.09742107 0.01023500
v 0.14598601 -0.12019900 -0.04766654
v 0.14683649 -0.12612700 -0.04757458
v 0.13634500 -0.09766906 -0.05242890
v 0.10991700 -0.02268546 0.03482788
v 0.10351900 -0.01973539 0.03202956
v 0.09690868 -0.02121615 0.03677296
v 0.11590900 -0.02855229 0.03741538
v 0.10243600 -0.02433359 0.03984910
v 0.08776950 -0.02091288 0.03567546
v 0.11671900 -0.01683288 0.01444137
v 0.11348500 -0.01753640 0.02085548
v 0.10249300 -0.04538655 0.05207848
v 0.15035251 -0.17955750 -0.03605118
v 0.14711800 -0.19137400 -0.03880345
v 0.14978985 -0.17929848 -0.03811797
v 0.14551909 -0.17811501 -0.04706511
v 0.15301710 -0.18037325 -0.02734542
v 0.14821801 -0.20072199 -0.02869266
v 0.14176491 -0.21080101 -0.03713899
v 0.14424899 -0.20111200 -0.03989815
v 0.14176901 -0.19193199 -0.04875749
v 0.14207001 -0.17710668 -0.05218198
v 0.11874295 -0.21000150 -0.06467827
v 0.10180800 -0.20296851 -0.07355073
v 0.10989700 -0.20632699 -0.07007882
v 0.13717000 -0.21122400 -0.04605478
v 0.13149999 -0.21174400 -0.05348789
v 0.13120401 -0.21518394 -0.05123937
v 0.15994412 -0.12603116 -0.00648697
v 0.15261759 -0.12385650 -0.03779183
v 0.15635768 -0.12207600 -0.02706259
v 0.15992999 -0.12514417 -0.00781275
v 0.15971287 -0.12414725 -0.00917107
v 0.15924500 -0.10895400 0.00000000
v 0.15971287 -0.12414725 0.00917086
v 0.15967311 -0.12314135 0.01052734
v 0.15967311 -0.12314134 -0.01052751
v 0.12281390 -0.04258275 0.04183506
v 0.15353800 -0.08934175 0.02448290
v 0.15990569 -0.12516901 0.00770817
v 0.15232849 -0.12390400 0.03786948
v 0.14122000 -0.21938300 0.01948368
v 0.14103845 -0.21928000 0.02065488
v 0.14198163 -0.21968201 0.01009527
v 0.14223833 -0.21978900 0.00000000
v 0.13475800 -0.21666351 0.04458373
v 0.13952667 -0.21866000 0.02969906
v 0.12659395 -0.21326700 0.05745383
v 0.13236700 -0.20227499 0.05692827
v 0.12497000 -0.21246700 0.05943948
v 0.13151100 -0.21174291 0.05347597
v 0.14444108 -0.12702277 0.05074377
v 0.10184200 -0.15469900 0.07693368
v 0.12132400 -0.15261100 0.07007920
v 0.10765100 -0.17455301 0.07507747
v 0.10117900 -0.19616500 0.07490080
v 0.12471300 -0.20302200 0.06312388
v 0.08433616 -0.17372391 -0.08017325
v 0.09526127 -0.17250100 -0.07833760
v 0.05435705 -0.10432490 -0.07668960
v 0.04918158 -0.03947317 -0.05681097
v 0.04860457 -0.04054620 -0.05727198
v 0.04915797 -0.03631362 -0.05493208
v 0.04758314 -0.04895953 -0.06093184
v 0.04697612 -0.05223727 -0.06215247
v 0.07306826 -0.17538600 -0.08145350
v -0.00632137 -0.09428846 -0.05931949
v -0.02341085 -0.05026435 -0.03671967
v -0.02117082 -0.05971657 -0.04304293
v -0.01961162 -0.04928236 -0.03833016
v 0.07697296 -0.02321827 0.04084730
v 0.06748658 -0.02300965 0.03751879
v 0.07481116 -0.02153658 0.03443777
v -0.04169547 -0.05113354 -0.00316548
v 0.08845778 -0.19754633 -0.07475612
v 0.13938496 -0.21859100 -0.03029739
v 0.13720360 -0.21769333 -0.03831841
v 0.12470300 -0.20302300 -0.06313097
v 0.10628100 -0.20478851 -0.07186404
v 0.09317827 -0.01790618 -0.02038705
v 0.13513801 -0.03556358 -0.02688336
v 0.13545600 -0.02850484 -0.01777768
v 0.13118599 -0.02925050 -0.02545797
v 0.13105999 -0.04245537 -0.03564727
v 0.12536299 -0.03027576 -0.03234469
v 0.12551591 -0.02329385 -0.02391767
v 0.12943891 -0.02250605 -0.01665258
v 0.12254890 -0.01834654 -0.01546537
v 0.13184999 -0.02202600 -0.00868058
v 0.05942088 -0.02464628 -0.04005736
v 0.06423038 -0.02598005 -0.04495406
v 0.05010536 -0.02698686 -0.04320505
v 0.08024066 -0.02457088 -0.04401427
v 0.08804625 -0.01936805 -0.02873557
v 0.08108303 -0.02022358 -0.03065100
v 0.08001637 -0.02004665 -0.02911728
v 0.08509236 -0.02011275 -0.03164750
v 0.08189350 -0.02027219 -0.03125798
v 0.09611469 -0.02097845 -0.03631156
v 0.09948170 -0.01668715 -0.00736844
v 0.08030617 -0.02012097 0.02970784
v 0.07076555 -0.02117335 0.03044837
v 0.07974928 -0.01990449 0.02808594
v 0.05045452 -0.02531713 -0.03786802
v -0.03996896 -0.05051416 -0.00786251
v 0.08921760 -0.01723098 0.00000000
v 0.12037900 -0.03566390 0.03973275
v 0.12797201 -0.03444689 0.03348898
v 0.11810900 -0.01614203 0.00000000
v 0.13261101 -0.02181756 0.00000000
v 0.13808200 -0.02804899 -0.00929469
v 0.15706401 -0.09585118 -0.01356649
v 0.15885600 -0.11897300 -0.01457267
v 0.14587995 -0.03970962 0.00000000
v 0.14331500 -0.03411108 0.00000000
v 0.14506499 -0.03768247 0.00000000
v 0.11204300 -0.03909516 -0.04583519
v 0.12376900 -0.04907256 -0.04404824
v 0.12301999 -0.04353797 -0.04214107
v -0.04834064 -0.09703082 -0.02961549
v -0.04086088 -0.06177243 -0.02494841
v -0.04759377 -0.09677398 -0.03100037
v 0.07974415 -0.19104300 -0.07951665
v -0.05195581 -0.09719709 -0.02154958
v -0.04918789 -0.07596725 -0.01137638
v -0.04644757 -0.07578259 0.02142679
v -0.04759889 -0.09677428 0.03099209
v 0.07448690 -0.18106350 0.08098903
v 0.06911379 -0.16131599 0.08192235
v 0.08885437 -0.19760299 0.07737375
v 0.08286782 -0.19401550 0.07876167
v 0.09867060 -0.12457400 -0.07500350
v 0.13164972 -0.16691145 -0.06336319
v 0.09945797 -0.03491216 -0.04833149
v 0.08600068 -0.03149449 -0.04970365
v 0.04743194 -0.04899424 0.06092372
v 0.04756540 -0.04491186 0.05919045
v 0.04080414 -0.09905207 0.07589370
v 0.04554188 -0.10776100 0.07761597
v 0.04989445 -0.10980100 0.07789719
v 0.02990627 -0.08740359 0.06942677
v -0.00770301 -0.09451276 0.05888116
v 0.06197708 -0.03353434 0.05337446
v 0.04956239 -0.03647845 0.05512720
v 0.08416867 -0.02843195 0.04792827
v 0.07352727 -0.03086256 0.05098176
v -0.02786117 -0.04985678 0.03103488
v -0.02104300 -0.04872030 0.03521156
v -0.02947118 -0.05085655 0.03207883
v -0.04134935 -0.05118749 0.00783294
v -0.05502450 -0.09721815 0.00899488
v -0.05054026 -0.07772475 0.00000000
v 0.10212200 -0.01790428 0.02398920
v 0.10906500 -0.01850587 0.02672100
v 0.11620100 -0.02131545 0.02915549
v 0.09582287 -0.01921629 0.03015196
v 0.09316438 -0.01790815 0.02040475
v 0.08511859 -0.01881676 0.02344000
v 0.08636111 -0.01879179 0.02401936
v 0.10999400 -0.01628857 0.00864214
v 0.10709100 -0.01688027 0.01653718
v 0.09973007 -0.05200904 0.05539125
v 0.07668757 -0.04279106 0.05662214
v 0.06291019 -0.04507809 0.05889439
v 0.07707685 -0.04891735 0.05890768
v 0.08405959 -0.05392307 0.05960577
v 0.15506600 -0.18131101 -0.01219931
v 0.15504037 -0.18118425 -0.01463483
v 0.15555461 -0.18141526 -0.00756222
v 0.15472700 -0.18623599 0.00000000
v 0.15568975 -0.18140416 0.00000000
v 0.15346044 -0.18063951 -0.02428844
v 0.14373589 -0.17761400 -0.05002588
v 0.13463095 -0.21661049 -0.04486229
v 0.12832300 -0.21402900 -0.05541098
v 0.15896431 -0.12114667 -0.01601918
v 0.15953565 -0.12227632 0.01169909
v 0.15952665 -0.12222551 -0.01177539
v 0.12395700 -0.04904967 0.04392135
v 0.11334300 -0.04388725 0.04739576
v 0.15022400 -0.06846106 0.02125680
v 0.15069690 -0.20047800 0.01545065
v 0.14822000 -0.20072199 0.02868747
v 0.14517900 -0.21048500 0.02658289
v 0.13726798 -0.21772000 0.03812136
v 0.13141400 -0.21527150 0.05090170
v 0.12942700 -0.13172500 0.06412947
v 0.14319800 -0.12718400 0.05209577
v 0.11767600 -0.17343600 0.07139140
v 0.11939250 -0.21027149 0.06418929
v 0.11609400 -0.20385900 0.06801307
v 0.11436800 -0.20823599 0.06765937
v 0.09768277 -0.20130900 0.07499760
v 0.09496187 -0.20012550 0.07577433
v 0.10210750 -0.20309296 0.07344045
v 0.11057550 -0.20660850 0.06973403
v 0.12928300 -0.19323400 0.06203687
v 0.13615300 -0.19251791 0.05584007
v 0.13686100 -0.17324001 0.05873560
v 0.04554325 -0.10776200 -0.07761609
v 0.04971349 -0.03519958 -0.05428749
v 0.06173515 -0.03220015 -0.05243939
v 0.07466900 -0.03391748 -0.05276525
v 0.03143370 -0.07657951 -0.06646847
v 0.03056770 -0.08271586 -0.06819069
v 0.04661658 -0.05479061 -0.06307491
v 0.04799873 -0.04494020 -0.05927175
v 0.02896088 -0.09410339 -0.07107418
v -0.00769049 -0.09451210 -0.05888569
v -0.00475448 -0.04667019 -0.04350006
v -0.04187637 -0.07547485 -0.03021019
v 0.06105428 -0.02949255 0.04993057
v 0.08692616 -0.01880919 -0.02448147
v 0.08591157 -0.01879340 -0.02375268
v 0.08784336 -0.01892193 -0.02579981
v 0.12016200 -0.02437865 -0.03047788
v 0.12544000 -0.01770889 0.00000000
v 0.12787691 -0.01879578 0.00000000
v 0.12472590 -0.01787728 -0.00803751
v 0.11900600 -0.01911580 -0.02227938
v 0.05053538 -0.02645015 -0.04200959
v -0.02539080 -0.05008476 -0.03487759
v 0.06090396 -0.02904945 -0.04939746
v 0.05009418 -0.02911212 -0.04781797
v 0.08320397 -0.02717727 -0.04699605
v 0.08347072 -0.02024749 -0.03174027
v 0.08632725 -0.01788067 -0.01414597
v 0.06328678 -0.02270436 -0.03404235
v 0.06214296 -0.02293747 0.03448647
v -0.03856140 -0.05065727 0.01499867
v -0.03623646 -0.05067914 0.02096480
v -0.03275710 -0.05045688 0.02630555
v -0.03874444 -0.05064618 -0.01434087
v -0.03651279 -0.05068588 -0.02040737
v -0.03315615 -0.05049359 -0.02581018
v 0.08913087 -0.01725095 -0.00263619
v 0.08877986 -0.01733165 -0.00581390
v -0.03685414 -0.05138134 0.02301365
v -0.03779176 -0.05143600 0.02102276
v -0.03984630 -0.05132716 -0.01567447
v -0.03779125 -0.05116820 -0.02037817
v -0.03921258 -0.05168616 -0.01829999
v -0.04427116 -0.06169611 -0.01636999
v -0.04099756 -0.05155998 -0.01178967
v 0.13002691 -0.02001446 0.00000000
v 0.13600591 -0.02474629 0.00000000
v 0.14796300 -0.04611778 0.00000000
v 0.14118800 -0.03072839 0.00000000
v 0.13224800 -0.04803729 -0.03729265
v -0.04644769 -0.07578259 -0.02142679
v 0.08386468 -0.19485299 0.07856458
v 0.08649259 -0.12567000 -0.07743698
v 0.10162290 -0.14794800 -0.07669669
v 0.10567800 -0.17133699 -0.07582569
v 0.13152610 -0.14209750 -0.06360316
v 0.13064900 -0.14521299 -0.06452685
v 0.13250448 -0.13773900 -0.06247775
v 0.12997100 -0.15072000 -0.06519496
v 0.14115900 -0.17674650 -0.05347553
v 0.13932538 -0.17546956 -0.05583795
v 0.14469415 -0.12698685 -0.05059979
v 0.13761666 -0.17386864 -0.05788590
v 0.13876399 -0.12087900 -0.05557847
v 0.13547000 -0.17146267 -0.06022570
v 0.09488337 -0.20009300 -0.07579699
v 0.08885426 -0.19760299 -0.07737394
v 0.10385900 -0.19588500 -0.07416987
v 0.09768265 -0.20130900 -0.07499778
v 0.07700800 -0.04978126 -0.05922907
v 0.08326089 -0.05402070 -0.05977708
v 0.04843658 -0.03858858 0.05618250
v 0.04859761 -0.04165868 0.05783069
v 0.04810529 -0.04731827 0.06032484
v 0.06260430 -0.03908288 0.05635535
v 0.04608505 -0.05543124 0.06323885
v -0.00511205 -0.09421545 0.05968254
v -0.01978207 -0.04931074 0.03824753
v -0.02630656 -0.05041605 0.03464055
v -0.03984588 -0.05132734 0.01567685
v -0.04034116 -0.05133247 0.01355552
v 0.12121400 -0.02023345 0.02283406
v 0.09707069 -0.01715129 0.01418864
v 0.09586447 -0.07353019 0.06373220
v 0.09036868 -0.04706799 0.05590754
v 0.15506600 -0.18131101 0.01219966
v 0.13344599 -0.21615601 -0.04737669
v 0.15926529 -0.12166139 0.01274831
v 0.15917429 -0.12113313 -0.01454154
v 0.14696690 -0.19138999 0.03915369
v 0.14425100 -0.20111200 0.03989160
v 0.14201300 -0.19190700 0.04838919
v 0.14176901 -0.21080101 0.03712868
v 0.15287501 -0.19077399 0.01646685
v 0.15504986 -0.18118899 0.01453914
v 0.14730300 -0.21028800 0.01425647
v 0.12832300 -0.21402900 0.05541080
v 0.12982489 -0.15710381 0.06508306
v 0.12980500 -0.16047201 0.06532627
v 0.13017100 -0.15212800 0.06506908
v 0.13152610 -0.14209750 0.06360294
v 0.13208921 -0.13819200 0.06271985
v 0.12687100 -0.17241400 0.06661778
v 0.12186000 -0.21134600 0.06222230
v 0.10707900 -0.20528500 0.06853920
v 0.10629100 -0.20479250 0.07185965
v 0.11200200 -0.19503590 0.07146567
v 0.13408367 -0.13533027 0.06132767
v 0.04989457 -0.10980100 -0.07789719
v 0.04851239 -0.04438757 -0.05910438
v 0.07604628 -0.03919458 -0.05518436
v 0.04632758 -0.05683466 -0.06379265
v 0.04978637 -0.03180464 -0.05131917
v -0.01738405 -0.04926919 -0.03971529
v -0.03563159 -0.05163735 -0.02544027
v -0.03581953 -0.06152755 -0.03219986
v 0.07130718 -0.02708578 0.04753005
v 0.11436700 -0.20823599 -0.06765979
v 0.07999581 -0.01958066 -0.02600938
v 0.07097518 -0.02670347 -0.04700028
v 0.08443012 -0.01885920 -0.02333158
v 0.08795857 -0.01751798 -0.00962955
v 0.08337479 -0.01852536 -0.01931488
v 0.07110756 -0.02110356 -0.03024917
v 0.07845550 -0.01957345 -0.02487754
v -0.02790439 -0.04986280 -0.03100138
v -0.03225129 -0.05110728 -0.02945399
v 0.08455228 -0.01826930 0.01751637
v 0.08651638 -0.01783889 0.01371729
v -0.04171520 -0.05145639 -0.00684792
v -0.04123607 -0.05104094 -0.00769076
v -0.04018294 -0.05105298 -0.01302719
v -0.03685450 -0.05138117 -0.02301216
v -0.04587959 -0.06148281 -0.00772390
v 0.15349400 -0.06808096 0.00000000
v 0.15300299 -0.06580519 0.00000000
v 0.14208700 -0.03205806 0.00000000
v 0.09047359 -0.14910600 -0.07904815
v 0.11214200 -0.14685300 -0.07355695
v 0.12981081 -0.14966501 -0.06479148
v 0.14309281 -0.12748961 -0.05253414
v 0.12980101 -0.16043800 -0.06532996
v 0.13029701 -0.16315290 -0.06491160
v 0.13139200 -0.16522333 -0.06399590
v 0.13924721 -0.12993371 -0.05640576
v 0.14049700 -0.12868795 -0.05511695
v 0.13749294 -0.13139534 -0.05815865
v 0.13482800 -0.17086899 -0.06086253
v 0.08594012 -0.19613500 -0.07804402
v 0.06272280 -0.05092298 0.06110340
v 0.04729640 -0.05309808 0.06253069
v 0.07541859 -0.03650307 0.05401408
v 0.08634591 -0.01991176 0.03107136
v 0.08511108 -0.02010977 0.03164190
v 0.08396607 -0.02022290 0.03179949
v 0.15938264 -0.12159280 -0.01290902
v 0.13892300 -0.20163400 0.04924470
v 0.14388764 -0.17762847 0.04995293
v 0.14551909 -0.17811501 0.04706493
v 0.15025733 -0.17960967 0.03632948
v 0.13344701 -0.21615601 0.04737645
v 0.15055791 -0.19101600 0.02864480
v 0.15308800 -0.18074501 0.02617335
v 0.15346044 -0.18063951 0.02428838
v 0.15384799 -0.19067290 0.00000000
v 0.15108100 -0.20201591 0.00000000
v 0.12981145 -0.14966001 0.06479077
v 0.13324091 -0.16909499 0.06237965
v 0.12126800 -0.19407000 0.06721496
v 0.14116549 -0.17675096 0.05346593
v 0.13902034 -0.17536066 0.05622764
v 0.14211500 -0.17712596 0.05211759
v 0.14084095 -0.12846550 0.05475026
v 0.13913372 -0.13002425 0.05652189
v 0.13804600 -0.13053900 0.05761545
v 0.05637764 -0.11629700 -0.07879316
v 0.06276428 -0.04165798 -0.05749619
v -0.00954759 -0.04783636 -0.04245388
v -0.01217052 -0.04796531 -0.04128500
v 0.08078527 -0.01933825 -0.02470809
v 0.07291096 -0.02956908 -0.05003917
v 0.05642318 -0.02409690 -0.03638088
v 0.08222830 -0.01877546 -0.02069318
v 0.08290266 -0.01899600 -0.02341479
v 0.07971209 -0.01982849 -0.02756404
v -0.03366714 -0.05101525 -0.02727705
v 0.08909976 -0.01725786 0.00306284
v 0.08774548 -0.01756590 0.01036238
v 0.08848106 -0.01739937 0.00746602
v 0.08152395 -0.01892185 0.02170068
v 0.08291149 -0.01899498 0.02341228
v 0.08396446 -0.01889085 0.02327919
v -0.03225058 -0.05110728 0.02945464
v 0.13615531 -0.13271433 -0.05943054
v 0.14164600 -0.12817851 -0.05385613
v 0.13833091 -0.13033400 -0.05733615
v 0.08386456 -0.19485299 -0.07856476
v 0.04655355 -0.05211049 0.06204199
v 0.08135869 -0.02024725 0.03090393
v 0.08272266 -0.02027690 0.03161209
v 0.13717800 -0.21122400 0.04604327
v 0.14798699 -0.21032500 0.00000000
v 0.15152000 -0.20050791 0.00000000
v 0.12997700 -0.15065400 0.06518918
v 0.13666350 -0.13203500 0.05893873
v 0.13515078 -0.17117001 0.06054593
v 0.05334055 -0.11250900 -0.07827275
v 0.05874788 -0.12176999 -0.07952940
v 0.06237858 -0.03657668 -0.05513244
v 0.08181780 -0.01914209 -0.02386128
v 0.07708597 -0.01986634 -0.02593576
v -0.02956849 -0.05062747 -0.03164917
v -0.03162288 -0.05133169 -0.03040164
v -0.02785199 -0.05089676 -0.03374129
v 0.08919298 -0.01723694 0.00141168
v 0.08888989 -0.01730680 0.00505179
v 0.05674386 -0.02403217 0.03628778
v 0.07706236 -0.01986634 0.02609360
v 0.07988047 -0.01963955 0.02636098
v 0.13458461 -0.13459431 -0.06087296
v 0.13309579 -0.16835099 -0.06251866
v 0.08813160 -0.01930415 0.02839297
v 0.08802276 -0.01898658 0.02632505
v 0.14737700 -0.21160699 0.00000000
v 0.13031299 -0.16321591 0.06489789
v 0.13147299 -0.16520050 0.06395058
v 0.13170321 -0.16701400 0.06331223
v 0.06280416 -0.04678195 -0.05956536
v 0.06257939 -0.05175387 -0.06141018
v 0.06648850 -0.05606937 -0.06260377
v 0.04717808 -0.05393338 -0.06283199
v -0.02630728 -0.05041605 -0.03463995
v 0.08064806 -0.01937115 0.02487128
v 0.08746737 -0.01962459 0.02995717
v 0.08748298 -0.01885670 0.02514606
v 0.08175736 -0.01915210 0.02389508
v 0.04017430 -0.03753799 -0.02746796
v 0.04013049 -0.03753799 0.02753198
v 0.01650220 -0.08465999 0.02751308
v -0.03127646 -0.01570999 -0.03072488
v -0.02073228 -0.01072257 -0.03551650
v 0.01066917 -0.09305596 -0.03049147
v -0.01166385 0.03535878 -0.04086810
v -0.02333825 0.00000000 -0.03551858
v -0.03497529 -0.00005060 -0.03072786
v 0.00003384 0.03700000 -0.04249995
v 0.01172858 0.03535884 -0.04084956
v -0.01732349 -0.01565045 -0.03551375
v 0.01449465 -0.08752697 0.02751147
v 0.01062059 -0.09305596 0.03050845
v 0.01599907 -0.08537596 0.02902817
v 0.03152787 -0.05217897 -0.03047490
v 0.03957706 -0.03020995 -0.03096848
v 0.01654595 -0.08465999 -0.02748680
v 0.02819889 0.00853577 0.00003384
v 0.14319667 -0.16317701 -0.01823000
v 0.13813081 -0.16033733 -0.01865412
v 0.13822615 -0.15860766 -0.01643755
v 0.14011616 -0.13603100 -0.03216145
v 0.13745914 -0.13844334 -0.02770590
v 0.13721281 -0.13961701 -0.03074735
v -0.03626990 -0.01859694 -0.01822888
v -0.03567814 -0.01976400 0.01797157
v -0.03627425 -0.01859694 -0.01272886
v -0.03318220 -0.01110994 -0.03072637
v 0.13687332 -0.15016465 0.03692287
v 0.12921216 -0.14601600 0.03752752
v 0.13680060 -0.14688399 0.03639079
v -0.03451180 -0.02173095 0.01027250
v 0.01066440 -0.09305596 -0.02449148
v 0.01062536 -0.09305596 0.02450847
v 0.01499539 -0.08680999 0.02902740
v 0.03959769 -0.03777694 -0.02855098
v 0.01453846 -0.08752697 -0.02748835
v 0.01504158 -0.08680999 -0.02900350
v 0.02769905 0.00853577 0.00649875
v 0.02770936 0.00853577 -0.00643188
v 0.12930711 -0.15010300 0.03825374
v -0.04189729 0.02002376 -0.00712865
v -0.04073548 -0.00005040 -0.01823240
v -0.04190856 0.02002376 0.00706196
v 0.15678212 -0.12761401 0.00516683
v 0.14348121 -0.13068600 0.00776213
v 0.15658821 -0.12704900 0.00670749
v -0.04075849 -0.00004999 0.01066750
v 0.15659915 -0.12751234 -0.00551546
v 0.14369722 -0.13182101 -0.00292912
v 0.15680622 -0.12809691 -0.00261190
v 0.15018721 -0.12949701 -0.00549996
v 0.03147929 -0.05217897 0.03052508
v 0.13079922 -0.14799200 -0.05392864
v 0.13134915 -0.15707940 -0.06401335
v 0.13095012 -0.15501399 -0.05914196
v 0.13146630 -0.14971894 -0.06363809
v 0.01166385 0.03535878 0.04086810
v 0.03952765 -0.03020995 0.03103148
v -0.01738029 -0.01565027 0.03548616
v -0.02078884 -0.01072245 0.03548347
v -0.01172858 0.03535884 0.04084956
v 0.13200721 -0.14254200 -0.05777829
v 0.13276863 -0.14223188 -0.06251400
v 0.13123122 -0.14299101 -0.05307814
v -0.03291904 -0.01721197 -0.02606868
v -0.03763794 -0.01564395 -0.01273000
v -0.03875738 -0.01259195 -0.01823085
v -0.03876179 -0.01259195 -0.01273089
v -0.03889048 -0.01221895 0.00006903
v -0.03472000 -0.02138298 0.00047236
v 0.01604527 -0.08537596 -0.02900266
v 0.13162822 -0.14021590 -0.05227839
v 0.13273421 -0.13911000 -0.05679541
v -0.04073596 0.00146747 0.01796758
v -0.04038041 -0.00562295 0.01779282
v 0.13735922 -0.14076100 -0.03236195
v 0.13734655 -0.14144000 -0.03335398
v -0.03864097 -0.01303195 0.01796919
v -0.03701746 -0.01069694 0.02377045
v -0.03996658 -0.00800395 0.00046818
v 0.03955215 -0.03777694 0.02861398
v 0.13762622 -0.13895100 -0.02929094
v -0.00003384 0.03700000 0.04249995
v -0.03194010 -0.01658195 -0.02858358
v -0.03540658 -0.01120698 -0.02607065
v -0.03766196 -0.01564395 0.01761996
v -0.04040986 -0.00536895 0.01066780
v -0.03989875 -0.00837499 0.01026815
v -0.03838187 0.00319475 0.02376937
v -0.02339488 0.00000000 0.03548139
v -0.03544157 -0.00662500 0.02873200
v -0.03496477 -0.00004954 0.03098055
v -0.03426879 -0.01096099 -0.02858448
v -0.03752017 -0.00004999 0.02535575
v -0.02937677 -0.01900297 0.03098496
v -0.03189855 -0.01325297 0.03107458
v -0.03706675 -0.01189297 -0.02218669
v -0.03417823 -0.00740129 0.03098364
v 0.13639012 -0.12810799 -0.04400002
v 0.13638921 -0.12940800 -0.04370313
v 0.13639121 -0.12680900 -0.04370313
v 0.13638821 -0.13045301 -0.04286932
v 0.13639221 -0.12576289 -0.04286932
v 0.13638821 -0.13103300 -0.04166576
v 0.13639221 -0.12518300 -0.04166576
v 0.13638821 -0.13103300 -0.04033437
v 0.13639221 -0.12518300 -0.04033437
v 0.13638821 -0.13045301 -0.03913068
v 0.13639221 -0.12576289 -0.03913068
v 0.13638921 -0.12940800 -0.03829693
v 0.13639121 -0.12680900 -0.03829693
v 0.13639012 -0.12810799 -0.03799998
v 0.13635221 -0.17560799 0.04399985
v 0.13635321 -0.17430900 0.04370296
v 0.13635121 -0.17690800 0.04370296
v 0.13635412 -0.17326300 0.04286915
v 0.13635011 -0.17795300 0.04286915
v 0.13635522 -0.17268300 0.04166555
v 0.13635011 -0.17853300 0.04166555
v 0.13635522 -0.17268300 0.04033416
v 0.13635011 -0.17853300 0.04033416
v 0.13635412 -0.17326300 0.03913053
v 0.13635011 -0.17795300 0.03913053
v 0.13635321 -0.17430900 0.03829672
v 0.13635121 -0.17690800 0.03829672
v 0.13635221 -0.17560799 0.03799983
v 0.13635221 -0.17560799 -0.03799998
v 0.13635321 -0.17430900 -0.03829693
v 0.13635121 -0.17690800 -0.03829693
v 0.13635412 -0.17326300 -0.03913068
v 0.13635011 -0.17795300 -0.03913068
v 0.13635522 -0.17268300 -0.04033437
v 0.13635011 -0.17853300 -0.04033437
v 0.13635522 -0.17268300 -0.04166576
v 0.13635011 -0.17853300 -0.04166576
v 0.13635412 -0.17326300 -0.04286932
v 0.13635011 -0.17795300 -0.04286932
v 0.13635321 -0.17430900 -0.04370313
v 0.13635121 -0.17690800 -0.04370313
v 0.13635221 -0.17560799 -0.04400002
v 0.13787949 -0.14074500 0.03943771
v 0.13870513 -0.13849333 0.03686651
v 0.13846521 -0.13941500 0.03825935
v 0.13945921 -0.13722800 0.03515633
v 0.13994622 -0.13643350 0.03331947
v 0.14043821 -0.13581291 0.03173917
v 0.14104334 -0.13522160 0.02880722
v 0.14265011 -0.13612199 0.02039371
v 0.14341022 -0.13760500 0.01731276
v 0.14348622 -0.13818249 0.01636804
v 0.14380421 -0.13992500 0.01433184
v 0.14388973 -0.14125699 0.01308317
v 0.14406021 -0.14289500 0.01198765
v 0.14408568 -0.14446250 0.01113036
v 0.14419921 -0.14636600 0.01047971
v 0.14416717 -0.14736900 0.01019951
v 0.14408436 -0.15011457 0.00997765
v 0.14395216 -0.15288466 0.01027313
v 0.14419422 -0.15388300 0.01048591
v 0.14407071 -0.15590450 0.01119393
v 0.14404622 -0.15737100 0.01201012
v 0.14386122 -0.15912700 0.01320812
v 0.14378121 -0.16034999 0.01437863
v 0.14332576 -0.16229640 0.01675598
v 0.14129922 -0.16508199 0.02824834
v 0.14176086 -0.16509022 0.02494567
v 0.14074847 -0.16483767 0.02947423
v 0.14037022 -0.16436000 0.03190225
v 0.13986781 -0.16391566 0.03284746
v 0.13904360 -0.16270272 0.03556347
v 0.13840616 -0.14059299 0.01758873
v 0.13849112 -0.13974801 0.01879537
v 0.13804349 -0.13898200 0.02043269
v 0.13826212 -0.13839500 0.02220293
v 0.13776144 -0.13813901 0.02418128
v 0.13795322 -0.13813201 0.02578201
v 0.13744281 -0.13851330 0.02797975
v 0.13763621 -0.13894200 0.02926614
v 0.13720460 -0.13968889 0.03095708
v 0.13736822 -0.14074799 0.03234380
v 0.13700783 -0.14165801 0.03349479
v 0.13707438 -0.14357834 0.03495339
v 0.13687247 -0.14428897 0.03542099
v 0.13730329 -0.14733434 0.03677890
v 0.13698578 -0.15293318 0.03667471
v 0.13706422 -0.15369400 0.03625196
v 0.13685083 -0.15590550 0.03546276
v 0.13716422 -0.15687791 0.03472354
v 0.13699560 -0.15868600 0.03337204
v 0.13734521 -0.15948300 0.03232994
v 0.13721031 -0.16074499 0.03057051
v 0.13760921 -0.16127400 0.02927285
v 0.13747248 -0.16185935 0.02732458
v 0.13792521 -0.16208600 0.02581477
v 0.13780016 -0.16200635 0.02339988
v 0.13823512 -0.16183791 0.02226015
v 0.13804914 -0.16106901 0.02003246
v 0.13847022 -0.16051300 0.01886308
v 0.13839072 -0.15962645 0.01758851
v 0.14392185 -0.15005317 -0.00998306
v 0.14396182 -0.14767934 -0.01020965
v 0.14405447 -0.14598268 -0.01051570
v 0.14397821 -0.14534301 -0.01099154
v 0.14391297 -0.14310241 -0.01189164
v 0.14377481 -0.14126500 -0.01299526
v 0.14363581 -0.13961533 -0.01454249
v 0.14343822 -0.13883699 -0.01582419
v 0.14324015 -0.13740133 -0.01750179
v 0.14295022 -0.13681599 -0.01917657
v 0.14265981 -0.13582334 -0.02108744
v 0.14198908 -0.13538094 -0.02394165
v 0.14099982 -0.13530767 -0.02849038
v 0.14075822 -0.13536100 -0.03062066
v 0.13976721 -0.13662000 -0.03415280
v 0.14184122 -0.13486400 -0.02617543
v 0.13940522 -0.13732600 -0.03532999
v 0.13872622 -0.13873200 -0.03747552
v 0.13841721 -0.13954701 -0.03840163
v 0.13903922 -0.13815700 -0.03621631
v 0.13783249 -0.14096302 -0.03951714
v 0.13781878 -0.15931967 -0.03957164
v 0.13867283 -0.16169500 -0.03691095
v 0.13844022 -0.16077890 -0.03828266
v 0.13942422 -0.16296799 -0.03520160
v 0.13979721 -0.16359851 -0.03376435
v 0.14040312 -0.16439700 -0.03178492
v 0.14064172 -0.16465899 -0.03066256
v 0.14132522 -0.16509300 -0.02814117
v 0.14152671 -0.16515049 -0.02701749
v 0.14214821 -0.16503800 -0.02441415
v 0.14241672 -0.16478646 -0.02276183
v 0.14284022 -0.16421901 -0.02075484
v 0.14338812 -0.16263500 -0.01733407
v 0.14361437 -0.16057222 -0.01456918
v 0.14388411 -0.15770379 -0.01218625
v 0.14410672 -0.15499300 -0.01081390
v 0.14419422 -0.15387000 -0.01048222
v 0.14417072 -0.15241045 -0.01011631
v 0.13707945 -0.15010892 -0.03695527
v 0.13702822 -0.14876850 -0.03693853
v 0.13692415 -0.14706184 -0.03658236
v 0.13708621 -0.14544201 -0.03607295
v 0.13701382 -0.14364913 -0.03506011
v 0.13794422 -0.13813300 -0.02581220
v 0.13778114 -0.13816068 -0.02388165
v 0.13825521 -0.13838699 -0.02223622
v 0.13804848 -0.13902700 -0.02032226
v 0.13848922 -0.13973300 -0.01881924
v 0.13839871 -0.14047000 -0.01775218
v 0.13802621 -0.16153291 -0.02132913
v 0.13806215 -0.16190627 -0.02255934
v 0.13761115 -0.16206500 -0.02542696
v 0.13717015 -0.16037667 -0.03111827
v 0.13729516 -0.16137502 -0.02887974
v 0.13725749 -0.15944125 -0.03252770
v 0.13699414 -0.15868166 -0.03327105
v 0.13698877 -0.15668094 -0.03487080
v 0.13795622 -0.16205099 -0.02674531
v 0.13773711 -0.16108391 -0.03013634
v 0.13688414 -0.15359664 -0.03637673
v 0.13702467 -0.15115450 -0.03696758
v 0.13703467 -0.15237600 -0.03679699
v 0.13684115 -0.15532668 -0.03572740
v 0.13746421 -0.15773199 -0.03456172
v 0.13639012 -0.12810799 0.03799983
v 0.13638921 -0.12940800 0.03829672
v 0.13639121 -0.12680900 0.03829672
v 0.13638821 -0.13045301 0.03913053
v 0.13639221 -0.12576289 0.03913053
v 0.13654381 -0.13101901 0.04027863
v 0.13639221 -0.12518300 0.04033416
v 0.13638821 -0.13103300 0.04166555
v 0.13639221 -0.12518300 0.04166555
v 0.13638821 -0.13045301 0.04286915
v 0.13639221 -0.12576289 0.04286915
v 0.13638921 -0.12940800 0.04370296
v 0.13639121 -0.12680900 0.04370296
v 0.13639012 -0.12810799 0.04399985
v 0.12920514 -0.15419102 0.03752704
v 0.12930635 -0.15010300 -0.03825390
v 0.12920514 -0.15418968 -0.03752768
v 0.12921216 -0.14601466 -0.03752722
v 0.13853322 -0.15010999 0.01149988
v 0.13849622 -0.14649101 0.01199400
v 0.14352621 -0.15011390 0.00678497
v 0.14348622 -0.14516400 0.00749087
v 0.14333321 -0.14038099 0.00967342
v 0.13834712 -0.14300300 0.01352167
v 0.14299312 -0.13631800 0.01323086
v 0.13801922 -0.14003800 0.01601028
v 0.14238621 -0.13338500 0.01784706
v 0.13743922 -0.13790201 0.01923495
v 0.14144912 -0.13182200 0.02320423
v 0.13654022 -0.13675991 0.02298146
v 0.14015922 -0.13181500 0.02894729
v 0.13530521 -0.13675500 0.02699145
v 0.13384822 -0.13793400 0.03083896
v 0.13863721 -0.13342999 0.03444868
v 0.13238321 -0.14015000 0.03411865
v 0.13710721 -0.13647200 0.03914412
v 0.13115421 -0.14314499 0.03656810
v 0.13582221 -0.14057501 0.04264700
v 0.13035922 -0.14657900 0.03803166
v 0.13499221 -0.14528500 0.04473873
v 0.13471521 -0.15010700 0.04540777
v 0.14348021 -0.15505400 0.00748783
v 0.13849021 -0.15372100 0.01199165
v 0.14331822 -0.15983200 0.00966406
v 0.13833721 -0.15720500 0.01351454
v 0.14297222 -0.16390000 0.01321965
v 0.13800421 -0.16017289 0.01600116
v 0.14236121 -0.16683599 0.01783683
v 0.13742122 -0.16231200 0.01922595
v 0.14142212 -0.16840100 0.02319437
v 0.13652122 -0.16345499 0.02297213
v 0.13528521 -0.16346000 0.02698606
v 0.14013122 -0.16840801 0.02894300
v 0.13383022 -0.16227899 0.03083732
v 0.13861021 -0.16678999 0.03444868
v 0.13236822 -0.16006100 0.03411710
v 0.13708612 -0.16374700 0.03914338
v 0.13114312 -0.15706500 0.03656697
v 0.13580722 -0.15964200 0.04264625
v 0.13035421 -0.15362801 0.03803154
v 0.13498512 -0.15492900 0.04473873
v 0.13035922 -0.14657800 -0.03803163
v 0.13471521 -0.15010700 -0.04540792
v 0.13499321 -0.14528500 -0.04473888
v 0.13582221 -0.14057399 -0.04264622
v 0.13115421 -0.14314291 -0.03656706
v 0.13710822 -0.13647100 -0.03914335
v 0.13238421 -0.14014891 -0.03411707
v 0.13863721 -0.13342999 -0.03444847
v 0.13384922 -0.13793300 -0.03083723
v 0.14016022 -0.13181500 -0.02894285
v 0.13530621 -0.13675401 -0.02698603
v 0.14145121 -0.13182300 -0.02319479
v 0.13654311 -0.13676099 -0.02297255
v 0.13744122 -0.13790600 -0.01922646
v 0.14238821 -0.13338999 -0.01783743
v 0.13802022 -0.14004600 -0.01600155
v 0.14299312 -0.13632700 -0.01322004
v 0.13834822 -0.14301500 -0.01351469
v 0.14333321 -0.14039500 -0.00966421
v 0.13849622 -0.14649899 -0.01199179
v 0.14348711 -0.14517400 -0.00748792
v 0.13853322 -0.15010999 -0.01150003
v 0.14352621 -0.15011390 -0.00678509
v 0.13498512 -0.15492900 -0.04473888
v 0.13035421 -0.15362801 -0.03803181
v 0.13580722 -0.15964100 -0.04264697
v 0.13114312 -0.15706299 -0.03656813
v 0.13708612 -0.16374590 -0.03914403
v 0.13236721 -0.16006000 -0.03411856
v 0.13861021 -0.16679101 -0.03444832
v 0.13382922 -0.16227791 -0.03083878
v 0.14013022 -0.16840699 -0.02894702
v 0.13528322 -0.16346000 -0.02699130
v 0.13651921 -0.16345701 -0.02298197
v 0.14142022 -0.16840200 -0.02320477
v 0.13741921 -0.16231599 -0.01923552
v 0.14235921 -0.16684100 -0.01784771
v 0.13800322 -0.16018100 -0.01601067
v 0.14297022 -0.16391000 -0.01323121
v 0.13833621 -0.15721600 -0.01352182
v 0.14331822 -0.15984701 -0.00967356
v 0.13849021 -0.15372901 -0.01199415
v 0.14347921 -0.15506400 -0.00749102
v 0.13061811 -0.15530901 -0.05427312
v 0.13074422 -0.15745600 -0.05402234
v 0.13061021 -0.15297000 -0.05429252
v 0.13138022 -0.16137590 -0.05274847
v 0.13188021 -0.16322491 -0.05172273
v 0.13235122 -0.13767400 -0.05077782
v 0.13246222 -0.16493700 -0.05049639
v 0.13293621 -0.13639100 -0.04952263
v 0.13367221 -0.16748700 -0.04782390
v 0.13368221 -0.13509400 -0.04786095
v 0.13426021 -0.13423900 -0.04652434
v 0.13493921 -0.16891000 -0.04482546
v 0.13490321 -0.13340101 -0.04498293
v 0.13560721 -0.13257000 -0.04322013
v 0.13845222 -0.12952501 -0.03506451
v 0.14071122 -0.12747701 -0.02666375
v 0.14235021 -0.12638900 -0.01811742
v 0.14254822 -0.12631699 -0.01678064
v 0.14271721 -0.12635601 -0.01555207
v 0.14298412 -0.12684999 -0.01336917
v 0.14318721 -0.12807401 -0.01142394
v 0.14327422 -0.12881300 -0.01047012
v 0.14335622 -0.12952299 -0.00949803
v 0.14344022 -0.13030200 -0.00836930
v 0.14351812 -0.13099501 -0.00717074
v 0.14359012 -0.13137999 -0.00583017
v 0.14370121 -0.17207500 0.00000000
v 0.14373322 -0.13196500 0.00000000
v 0.14349322 -0.17200491 0.00703025
v 0.14369722 -0.13182101 0.00292900
v 0.14359012 -0.13137999 0.00583005
v 0.14335622 -0.12952299 0.00949782
v 0.14327422 -0.12881300 0.01047009
v 0.14318721 -0.12807401 0.01142373
v 0.14298122 -0.12683991 0.01339370
v 0.14271522 -0.12635601 0.01556506
v 0.14254822 -0.12631799 0.01678475
v 0.14235112 -0.12638900 0.01811721
v 0.14071222 -0.12747601 0.02666229
v 0.13845222 -0.12952501 0.03506323
v 0.13560721 -0.13257000 0.04321998
v 0.13490221 -0.13340200 0.04498484
v 0.13425921 -0.13424100 0.04652768
v 0.13367221 -0.16748600 0.04782494
v 0.13368021 -0.13509700 0.04786509
v 0.13245521 -0.16491801 0.05051144
v 0.13293412 -0.13639499 0.04952701
v 0.13234921 -0.13767800 0.05078163
v 0.13187322 -0.16320100 0.05173778
v 0.13162822 -0.14022000 0.05227977
v 0.13137521 -0.16135100 0.05276036
v 0.13123222 -0.14299101 0.05307784
v 0.13098821 -0.15941700 0.05353715
v 0.13079922 -0.14799200 0.05392849
v 0.13074322 -0.15743890 0.05402529
v 0.13061722 -0.15529899 0.05427345
v 0.13061021 -0.15297000 0.05429238
v 0.13494022 -0.16891100 0.04482194
v 0.13635412 -0.16958900 0.04117250
v 0.13855621 -0.17033800 0.03461879
v 0.14038621 -0.17095600 0.02789807
v 0.14183122 -0.17144300 0.02101755
v 0.14287022 -0.17179500 0.01403975
v 0.14349322 -0.17200491 -0.00703058
v 0.14287022 -0.17179500 -0.01404014
v 0.14183122 -0.17144300 -0.02101779
v 0.14038621 -0.17095600 -0.02789834
v 0.13855621 -0.17033800 -0.03461894
v 0.13635412 -0.16958900 -0.04117265
v 0.13112929 -0.15947294 -0.06394322
v 0.13106121 -0.15865500 -0.05895033
v 0.13120943 -0.16188096 -0.06392662
v 0.13187163 -0.16413766 -0.06315589
v 0.13345796 -0.13813466 -0.06140248
v 0.13561848 -0.13424599 -0.05963764
v 0.15682422 -0.12826000 0.00000000
v 0.15680622 -0.12809800 0.00259718
v 0.15018721 -0.12949701 0.00549978
v 0.15640889 -0.12601766 0.00825574
v 0.15624322 -0.12514700 0.00948858
v 0.15595758 -0.12410360 0.01087114
v 0.15610522 -0.12311300 0.01219275
v 0.15627821 -0.12248300 0.01329505
v 0.15625522 -0.12210800 0.01456412
v 0.15580097 -0.12213279 0.01610412
v 0.15443422 -0.12286600 0.02430087
v 0.15239422 -0.12393500 0.03209122
v 0.14499621 -0.12720400 0.03814163
v 0.14255096 -0.12831901 0.03802132
v 0.14085117 -0.12901095 0.03815299
v 0.13971862 -0.12955245 0.03838619
v 0.13875666 -0.13005100 0.03873386
v 0.13772881 -0.13056134 0.03930113
v 0.13739473 -0.13107461 0.04124033
v 0.13851559 -0.13080734 0.04225967
v 0.13956021 -0.13024999 0.04310280
v 0.14072521 -0.12965500 0.04357233
v 0.14686622 -0.12642999 0.03851881
v 0.14828621 -0.12584700 0.03903985
v 0.14945622 -0.12536100 0.03981858
v 0.14071108 -0.12964034 0.04500035
v 0.14050068 -0.17351261 -0.04347869
v 0.13188921 -0.15561500 0.05397719
v 0.13202222 -0.15757699 0.05370911
v 0.13166277 -0.15335880 0.05438809
v 0.13198172 -0.14827600 0.05389665
v 0.13256721 -0.16065800 0.05260175
v 0.13218960 -0.14326620 0.05303196
v 0.13272348 -0.14058034 0.05207814
v 0.13322221 -0.16287400 0.05123335
v 0.13338482 -0.13854200 0.05068497
v 0.13384722 -0.16451000 0.04988539
v 0.13442722 -0.16573100 0.04859489
v 0.13452312 -0.13699500 0.04842945
v 0.13490108 -0.16698501 0.04729159
v 0.13557622 -0.13559200 0.04597094
v 0.13573322 -0.16742000 0.04552805
v 0.13598116 -0.13475068 0.04469750
v 0.13645822 -0.16785291 0.04371750
v 0.13674171 -0.15002900 0.04299733
v 0.13675971 -0.15127495 0.04294809
v 0.13719249 -0.16843134 0.04153680
v 0.13682768 -0.15262049 0.04276487
v 0.13696167 -0.15409450 0.04240416
v 0.13699982 -0.15562901 0.04186866
v 0.13729915 -0.15724833 0.04104536
v 0.14002022 -0.16899100 0.03319981
v 0.13788623 -0.15895195 0.03982626
v 0.13819586 -0.16071349 0.03817288
v 0.14235622 -0.16977200 0.02361649
v 0.14265454 -0.16424836 0.02092354
v 0.14403522 -0.17036100 0.01263734
v 0.14460647 -0.17089367 0.00000000
v 0.13627522 -0.16855200 0.04471546
v 0.13795330 -0.16946727 0.04180820
v 0.13703212 -0.16936401 0.04419633
v 0.13618022 -0.16884200 0.04616147
v 0.13543062 -0.16783834 0.04783526
v 0.13459122 -0.16682999 0.04956007
v 0.13375714 -0.16546434 0.05043091
v 0.14407912 -0.17120200 0.01417323
v 0.14545463 -0.17195100 0.00000000
v 0.14530621 -0.17212400 0.00659597
v 0.14481822 -0.17195401 0.01278245
v 0.14407912 -0.17170000 0.01851797
v 0.14158322 -0.17034499 0.02812296
v 0.14313212 -0.17137900 0.02388149
v 0.14075622 -0.17059200 0.03355875
v 0.13719249 -0.16843134 -0.04153696
v 0.14003322 -0.16899601 -0.03315404
v 0.14158221 -0.17034499 -0.02812361
v 0.13795263 -0.16946727 -0.04180834
v 0.14076921 -0.17059600 -0.03351256
v 0.14314522 -0.17138299 -0.02381473
v 0.14407912 -0.17120200 -0.01417413
v 0.14408721 -0.17170300 -0.01846155
v 0.14482422 -0.17195600 -0.01272264
v 0.14237021 -0.16977599 -0.02355113
v 0.14404121 -0.17036100 -0.01258096
v 0.14530912 -0.17212500 -0.00654355
v 0.13198172 -0.14827600 -0.05389682
v 0.13166277 -0.15335880 -0.05438826
v 0.13182862 -0.15334333 -0.05500000
v 0.13187721 -0.14815900 -0.05473354
v 0.13218960 -0.14326644 -0.05303217
v 0.13236721 -0.14305000 -0.05388835
v 0.13189322 -0.15571000 -0.05397072
v 0.13203922 -0.15773199 -0.05367514
v 0.13261822 -0.16086100 -0.05249634
v 0.13269448 -0.14070800 -0.05213783
v 0.13328521 -0.16305600 -0.05109953
v 0.13328815 -0.13876167 -0.05089311
v 0.13374513 -0.16491301 -0.04990896
v 0.13289781 -0.16325957 -0.05220887
v 0.13397512 -0.16559400 -0.05078855
v 0.13464221 -0.16692100 -0.04945623
v 0.13490511 -0.16744074 -0.04755593
v 0.13627522 -0.16855200 -0.04471555
v 0.13619421 -0.16885300 -0.04613029
v 0.13703321 -0.16936401 -0.04419282
v 0.13250521 -0.16143499 -0.05350545
v 0.13217722 -0.16005591 -0.05384257
v 0.13184622 -0.15798301 -0.05466607
v 0.13155141 -0.15642995 -0.05481511
v 0.13447021 -0.16580999 -0.04849779
v 0.13574411 -0.16742900 -0.04549983
v 0.13645922 -0.16785400 -0.04371410
v 0.13415514 -0.13709366 -0.04900029
v 0.13487822 -0.13647690 -0.04761558
v 0.13546622 -0.13572100 -0.04623430
v 0.13673282 -0.13399367 -0.04277962
v 0.13593782 -0.13479595 -0.04480586
v 0.13727272 -0.13298549 -0.04329563
v 0.13644347 -0.13380350 -0.04532581
v 0.13471921 -0.13591591 -0.04986053
v 0.13508016 -0.13537095 -0.04886835
v 0.13401821 -0.13701400 -0.05083522
v 0.13360521 -0.13790600 -0.05185392
v 0.13326222 -0.13874801 -0.05241578
v 0.13584422 -0.13439849 -0.04722077
v 0.13512622 -0.13549300 -0.04739144
v 0.13284521 -0.14016099 -0.05308210
v 0.13674171 -0.15010890 -0.04299796
v 0.13679972 -0.15218145 -0.04284061
v 0.13682583 -0.15438101 -0.04234043
v 0.13720849 -0.15680000 -0.04129808
v 0.13678971 -0.14827400 -0.04287431
v 0.13697071 -0.14610700 -0.04239776
v 0.13832322 -0.13281301 -0.03869491
v 0.13719675 -0.14360000 -0.04132717
v 0.13948214 -0.13132828 -0.03476756
v 0.13993222 -0.13129100 -0.03360572
v 0.14158615 -0.12971367 -0.02659841
v 0.14334914 -0.12828867 -0.01750242
v 0.14346136 -0.12831523 -0.01601359
v 0.14372660 -0.12877597 -0.01390278
v 0.14413822 -0.13046899 -0.01194709
v 0.14394614 -0.12948267 -0.01277933
v 0.14415215 -0.13107935 -0.01067097
v 0.14503047 -0.13014171 -0.01007202
v 0.14483194 -0.12858300 -0.01214849
v 0.14560921 -0.12894990 -0.01095566
v 0.14446846 -0.13331033 -0.00619344
v 0.14440796 -0.13291720 -0.00792068
v 0.14532594 -0.13217273 -0.00599350
v 0.14523219 -0.13176125 -0.00745684
v 0.14559416 -0.13085815 -0.00833776
v 0.14457682 -0.13137734 -0.00891725
v 0.14469022 -0.13406689 -0.00316134
v 0.14462881 -0.13395333 0.00000000
v 0.14549197 -0.13278325 0.00000000
v 0.14614122 -0.13215700 -0.00300154
v 0.14469022 -0.13406689 0.00316447
v 0.14446846 -0.13331033 0.00619328
v 0.14532594 -0.13217273 0.00599332
v 0.14614122 -0.13215700 0.00300479
v 0.14425680 -0.13278797 0.00808962
v 0.14523247 -0.13176598 0.00744696
v 0.14426950 -0.13205266 0.00926179
v 0.14517497 -0.13094336 0.00874424
v 0.14428836 -0.13066648 0.01039838
v 0.14587012 -0.13103500 0.00790179
v 0.14563030 -0.12986264 0.00991374
v 0.14415522 -0.13059999 0.01177448
v 0.14394614 -0.12948267 0.01277909
v 0.14483194 -0.12858300 0.01214833
v 0.14562522 -0.12907501 0.01078864
v 0.14334914 -0.12828867 0.01750226
v 0.14345385 -0.12831497 0.01606831
v 0.14417547 -0.12713026 0.01767924
v 0.14436121 -0.12707518 0.01632479
v 0.14510448 -0.12698734 0.01401084
v 0.14481571 -0.12690845 0.01507477
v 0.14441571 -0.12795699 0.01343474
v 0.14372182 -0.12884000 0.01425536
v 0.14399222 -0.12780800 0.01485815
v 0.14116421 -0.13019800 0.02905565
v 0.14167608 -0.12940767 0.02647650
v 0.13945314 -0.13135500 0.03486257
v 0.14253777 -0.12813637 0.02670781
v 0.14020196 -0.13020825 0.03518530
v 0.13747221 -0.13273250 0.04346491
v 0.13938922 -0.13100001 0.03952658
v 0.13888322 -0.13227500 0.03700995
v 0.13673282 -0.13399367 0.04277944
v 0.13729614 -0.14304234 0.04108721
v 0.13691306 -0.14522864 0.04212651
v 0.13683021 -0.14761600 0.04276863
v 0.12921506 -0.14246300 0.03538430
v 0.12921715 -0.13958466 0.03254278
v 0.12921847 -0.13771766 0.02895601
v 0.12921914 -0.13704467 0.02493645
v 0.12921882 -0.13745767 0.02086710
v 0.12921715 -0.13932900 0.01716447
v 0.12921506 -0.14226533 0.01421208
v 0.13847221 -0.14253549 0.01558527
v 0.13849571 -0.14466700 0.01419501
v 0.12921216 -0.14598364 0.01231048
v 0.13850021 -0.14677995 0.01335899
v 0.12920913 -0.15010300 0.01181129
v 0.13850121 -0.14859250 0.01298232
v 0.13837716 -0.15033612 0.01289963
v 0.12920514 -0.15416935 0.01245939
v 0.13849872 -0.15206750 0.01304705
v 0.13849571 -0.15331195 0.01332271
v 0.13849172 -0.15476801 0.01382973
v 0.12920216 -0.15783668 0.01434061
v 0.13848016 -0.15637250 0.01465498
v 0.13845316 -0.15801901 0.01586915
v 0.12920013 -0.16072333 0.01725679
v 0.12919880 -0.16255367 0.02090348
v 0.12919813 -0.16338161 0.02496506
v 0.12919848 -0.16271535 0.02906238
v 0.12920013 -0.16082500 0.03273614
v 0.12920249 -0.15789202 0.03565086
v 0.14204997 -0.13524117 0.02424957
v 0.14436716 -0.13230300 -0.00936997
v 0.14119822 -0.12938900 0.03421849
v 0.13249929 -0.15704474 -0.06394647
v 0.13225576 -0.16062862 -0.06382871
v 0.13255072 -0.16344020 -0.06360771
v 0.13320573 -0.16529098 -0.06294196
v 0.13511004 -0.16853169 -0.06103799
v 0.13415171 -0.16704349 -0.06194226
v 0.13397232 -0.14229450 -0.06245975
v 0.13273071 -0.14881951 -0.06351235
v 0.13296421 -0.14714000 -0.06332227
v 0.13320796 -0.14334267 -0.06310972
v 0.13217935 -0.15247549 -0.06383818
v 0.14112921 -0.12944899 -0.03444102
v 0.14292522 -0.12790498 -0.02707335
v 0.14198542 -0.12859535 -0.02642669
v 0.14045772 -0.12995401 -0.03537233
v 0.13897729 -0.13090767 -0.03955416
v 0.14417547 -0.12713026 -0.01767937
v 0.14091505 -0.13026381 -0.05510864
v 0.14275610 -0.12886098 -0.05310526
v 0.14019817 -0.13045500 -0.05606996
v 0.13911816 -0.13162997 -0.05684500
v 0.13826022 -0.13287289 -0.05808237
v 0.13656345 -0.13418400 -0.05971130
v 0.13604492 -0.13522166 -0.06031095
v 0.13505186 -0.13648520 -0.06112664
v 0.13437738 -0.13902201 -0.06171207
v 0.14466222 -0.12680545 -0.01635405
v 0.14400081 -0.12758367 -0.01483803
v 0.13853496 -0.15016201 -0.01288518
v 0.13850170 -0.14821249 -0.01303742
v 0.13850072 -0.14619601 -0.01354488
v 0.13849221 -0.14408299 -0.01451435
v 0.13846472 -0.14214051 -0.01592259
v 0.13826716 -0.15658768 -0.01480128
v 0.13849366 -0.15391049 -0.01350678
v 0.14474837 -0.12765098 -0.01331398
v 0.14508696 -0.12683368 -0.01513069
v 0.15892011 -0.12209825 -0.01597692
v 0.15790749 -0.12259433 -0.02196625
v 0.15688321 -0.12316800 -0.02704814
v 0.15607417 -0.12323900 -0.02915520
v 0.15297182 -0.12487100 -0.03761593
v 0.15977749 -0.12492967 -0.00973934
v 0.15956886 -0.12389825 -0.01108729
v 0.15983611 -0.12592925 -0.00833371
v 0.15944636 -0.12313125 -0.01211859
v 0.15942816 -0.12240338 -0.01337684
v 0.16002536 -0.12756650 -0.00524123
v 0.15993910 -0.12690775 -0.00689505
v 0.16036272 -0.12800050 -0.00281346
v 0.16040786 -0.12820333 0.00000000
v 0.16036272 -0.12800151 0.00280836
v 0.16022445 -0.12709630 0.00512509
v 0.16013557 -0.12712760 0.00640668
v 0.15996414 -0.12652066 0.00748404
v 0.15999398 -0.12592801 0.00833342
v 0.15998271 -0.12498251 0.00960195
v 0.15984222 -0.12387533 0.01107204
v 0.15962698 -0.12317016 0.01201176
v 0.15962321 -0.12268850 0.01275628
v 0.15916111 -0.12212451 0.01430162
v 0.13668621 -0.13349400 0.04533005
v 0.13512622 -0.13549300 0.04739084
v 0.13422121 -0.13680699 0.04944318
v 0.13236721 -0.14305000 0.05388820
v 0.13290122 -0.13993099 0.05299210
v 0.13326612 -0.13873599 0.05240812
v 0.13378382 -0.13717000 0.05105880
v 0.13486572 -0.13566449 0.04928402
v 0.13565648 -0.13441834 0.04712103
v 0.15273686 -0.12488675 0.03753408
v 0.15605715 -0.12345234 0.02902392
v 0.15688321 -0.12316800 0.02704775
v 0.15812522 -0.12254100 0.02185678
v 0.15892011 -0.12209850 0.01597672
v 0.13187721 -0.14815900 0.05473339
v 0.13182862 -0.15334333 0.05499980
v 0.13457969 -0.13850172 0.06151620
v 0.13565072 -0.13624695 0.06053100
v 0.13617821 -0.13544400 0.06008470
v 0.13684772 -0.13380036 0.05932835
v 0.13826022 -0.13287289 0.05808210
v 0.13935997 -0.13140999 0.05659581
v 0.14040263 -0.13061634 0.05604070
v 0.14119625 -0.13006140 0.05477234
v 0.14264975 -0.12898220 0.05289782
v 0.13168022 -0.15569291 0.05499458
v 0.13173221 -0.15674900 0.05472916
v 0.13182722 -0.15781400 0.05470055
v 0.13217722 -0.16005591 0.05384248
v 0.13244721 -0.16121200 0.05360800
v 0.13287382 -0.16319293 0.05225320
v 0.13217708 -0.15705299 0.06397878
v 0.13238171 -0.15293148 0.06385574
v 0.13220480 -0.14937048 0.06358700
v 0.13356330 -0.14226009 0.06249365
v 0.13321227 -0.14331667 0.06310487
v 0.15576832 -0.18048361 0.00000000
v 0.15556014 -0.18054241 0.00786523
v 0.15575321 -0.18028000 0.01212865
v 0.15517022 -0.18004951 0.01750309
v 0.15416512 -0.17961501 0.02414709
v 0.15327671 -0.17930645 0.02815967
v 0.15109721 -0.17854100 0.03584536
v 0.15027478 -0.17849641 0.03772429
v 0.14557055 -0.17714313 0.04669705
v 0.14557055 -0.17714313 -0.04669721
v 0.15019149 -0.17829733 -0.03775354
v 0.15109721 -0.17854100 -0.03584569
v 0.15318766 -0.17927395 -0.02853044
v 0.15416512 -0.17961501 -0.02414742
v 0.15513621 -0.18003500 -0.01777378
v 0.15575221 -0.18028000 -0.01212888
v 0.15577058 -0.18041301 -0.00802022
v 0.14002849 -0.17561968 0.05530884
v 0.13813350 -0.17394330 0.05763251
v 0.13130930 -0.16387933 0.06422893
v 0.13097192 -0.16187139 0.06439322
v 0.13120796 -0.15244797 0.06483145
v 0.13119382 -0.14846796 0.06449512
v 0.13170990 -0.14340800 0.06370699
v 0.13351297 -0.13779996 0.06210625
v 0.13548988 -0.13430464 0.06050106
v 0.13593641 -0.13319799 0.05964318
v 0.13758647 -0.13192524 0.05852118
v 0.14238220 -0.12824699 0.05357259
v 0.14499334 -0.12782758 0.04998806
v 0.14686255 -0.12704732 0.04710934
v 0.15081322 -0.12500200 0.04192507
v 0.15418921 -0.12362100 0.03490680
v 0.15717621 -0.12230300 0.02606084
v 0.15925622 -0.12120850 0.01501803
v 0.13210618 -0.16107240 0.06380402
v 0.13244545 -0.16369298 0.06330479
v 0.13343215 -0.16798100 0.06252682
v 0.13337684 -0.16547374 0.06268448
v 0.13413906 -0.16718180 0.06207316
v 0.13514319 -0.16881251 0.06086566
v 0.13666537 -0.17099950 0.05962839
v 0.13874698 -0.17324516 0.05733833
v 0.14137411 -0.17537725 0.05370445
v 0.14396818 -0.17654881 0.05021082
v 0.15327121 -0.18024299 0.02740290
v 0.14402086 -0.17655498 -0.05029364
v 0.14141238 -0.17532980 -0.05386770
v 0.13863710 -0.17298800 -0.05730516
v 0.13687298 -0.17078817 -0.05935963
v 0.13231862 -0.16528100 -0.06379610
v 0.13087022 -0.16394645 -0.06421989
v 0.15601912 -0.12248200 0.02916127
v 0.15569521 -0.18140100 0.00757390
v 0.14992322 -0.17927299 0.03813245
v 0.13079387 -0.16203000 -0.06466805
v 0.13101721 -0.15249850 -0.06484180
v 0.13137421 -0.14853644 -0.06449592
v 0.13170899 -0.14341800 -0.06370890
v 0.13328072 -0.13850600 -0.06256199
v 0.13382900 -0.13613251 -0.06158518
v 0.14221101 -0.12795401 -0.05304318
v 0.13744421 -0.13204691 -0.05866622
v 0.14534993 -0.12785138 -0.04999513
v 0.14686188 -0.12704918 -0.04710858
v 0.15080021 -0.12500700 -0.04194533
v 0.15420112 -0.12361600 -0.03487816
v 0.15719222 -0.12229600 -0.02600154
v 0.15926719 -0.12207500 -0.01465211
v 0.15775922 -0.12168700 -0.02268883
v 0.15173712 -0.12431800 -0.03970745
v 0.15309522 -0.12512200 -0.00779006
v 0.15318921 -0.12602100 -0.00647721
v 0.15310448 -0.12694468 -0.00508338
v 0.15339722 -0.12725700 0.00000000
v 0.15310448 -0.12694468 0.00508320
v 0.15318622 -0.12600000 0.00651002
v 0.15309522 -0.12512200 0.00778985
v 0.15297921 -0.12414690 0.00915819
v 0.15284821 -0.12312100 0.01049989
v 0.15276021 -0.12250800 0.01130670
v 0.15266122 -0.12195600 0.01214715
v 0.15254721 -0.12149800 0.01304227
v 0.15241821 -0.12118700 0.01400065
v 0.15227112 -0.12108400 0.01499897
v 0.15211412 -0.12112100 0.01599985
v 0.14975122 -0.12215390 0.02677339
v 0.14612821 -0.12385999 0.03743529
v 0.14139721 -0.12611200 0.04749989
v 0.13918822 -0.12726191 0.05137968
v 0.13690822 -0.12902500 0.05500698
v 0.13478422 -0.13146791 0.05810028
v 0.13291821 -0.13443491 0.06062579
v 0.13101099 -0.13805500 0.06243515
v 0.13014500 -0.14210400 0.06349986
v 0.12941721 -0.15950701 0.06493955
v 0.12913390 -0.16188700 0.06469148
v 0.12958100 -0.16425800 0.06415879
v 0.13040599 -0.16683599 0.06315696
v 0.13223422 -0.16968890 0.06147748
v 0.13402012 -0.17258699 0.05911144
v 0.13625921 -0.17528500 0.05592432
v 0.13897522 -0.17720900 0.05166813
v 0.14162321 -0.17811200 0.04699987
v 0.14735922 -0.17971399 0.03410816
v 0.15119411 -0.18083599 0.02067607
v 0.15311421 -0.18141291 0.00692803
v 0.15311421 -0.18141291 -0.00692871
v 0.15119521 -0.18083599 -0.02067422
v 0.14736022 -0.17971399 -0.03410708
v 0.14162321 -0.17811200 -0.04700002
v 0.13899322 -0.17721801 -0.05163863
v 0.13628712 -0.17531200 -0.05588397
v 0.13401821 -0.17258391 -0.05911451
v 0.13220821 -0.16963999 -0.06151109
v 0.13037901 -0.16676900 -0.06318968
v 0.12956600 -0.16419891 -0.06417638
v 0.12912890 -0.16184999 -0.06469738
v 0.12941621 -0.15948901 -0.06494078
v 0.13014500 -0.14210400 -0.06350010
v 0.13102099 -0.13801999 -0.06242275
v 0.13294312 -0.13438700 -0.06059330
v 0.13534500 -0.13373600 -0.06012320
v 0.13482122 -0.13141800 -0.05804812
v 0.13690622 -0.12902591 -0.05500912
v 0.13916822 -0.12727500 -0.05141445
v 0.14139721 -0.12611200 -0.04750004
v 0.14612821 -0.12385999 -0.03743481
v 0.14975312 -0.12215300 -0.02676567
v 0.15211412 -0.12112100 -0.01600006
v 0.15223283 -0.12117533 -0.01414330
v 0.15259822 -0.12167900 -0.01265519
v 0.15272622 -0.12229900 -0.01160547
v 0.15284821 -0.12312100 -0.01050004
v 0.15297921 -0.12414690 -0.00915834
v 0.14353321 -0.17762600 -0.04322510
v 0.14263621 -0.17737900 -0.04504755
v 0.14407220 -0.17841201 -0.04208081
v 0.14170012 -0.17712300 -0.04685762
v 0.13919322 -0.17628400 -0.05130612
v 0.13663422 -0.17445700 -0.05536523
v 0.13453822 -0.17187300 -0.05839812
v 0.13286921 -0.16910601 -0.06065469
v 0.13161822 -0.16638801 -0.06226241
v 0.13035600 -0.16392700 -0.06322085
v 0.12994590 -0.16166291 -0.06372237
v 0.12976100 -0.15939300 -0.06394779
v 0.12971900 -0.15710200 -0.06400007
v 0.14471121 -0.17859700 -0.04067382
v 0.14529112 -0.17811801 -0.03934609
v 0.14976622 -0.17941000 -0.02655294
v 0.15245721 -0.18021300 -0.01337331
v 0.15335421 -0.18048599 -0.00000085
v 0.15245721 -0.18021300 0.01337304
v 0.14976622 -0.17941000 0.02655413
v 0.14529112 -0.17811801 0.03934594
v 0.14471321 -0.17859600 0.04066982
v 0.14407322 -0.17841300 0.04207685
v 0.14353321 -0.17762600 0.04322499
v 0.14263621 -0.17737900 0.04504740
v 0.14170012 -0.17712300 0.04685744
v 0.13921221 -0.17629200 0.05127507
v 0.13666321 -0.17448500 0.05532300
v 0.13453822 -0.17187101 0.05839896
v 0.13284412 -0.16905999 0.06068655
v 0.13159321 -0.16632301 0.06229391
v 0.13083422 -0.16386999 0.06323766
v 0.12994100 -0.16162691 0.06372767
v 0.13025221 -0.15937600 0.06394845
v 0.13021122 -0.15710196 0.06399989
v 0.13051422 -0.14975396 0.06364148
v 0.13143221 -0.14230296 0.06251990
v 0.13223422 -0.13842399 0.06150865
v 0.13355921 -0.13496500 0.05977603
v 0.13531521 -0.13213600 0.05734845
v 0.13727522 -0.12985300 0.05444395
v 0.13941422 -0.12818600 0.05099976
v 0.14152922 -0.12708101 0.04725188
v 0.14638521 -0.17762800 -0.04322510
v 0.14497821 -0.17671999 -0.04378902
v 0.14563622 -0.17742690 -0.04471790
v 0.14320159 -0.17531326 -0.04395387
v 0.14176017 -0.17428049 -0.04364431
v 0.14416701 -0.17717302 -0.04652116
v 0.14192621 -0.17633501 -0.05112051
v 0.13934222 -0.17469600 -0.05500182
v 0.13701722 -0.17229190 -0.05798953
v 0.13495411 -0.16959301 -0.06030803
v 0.13276000 -0.16683500 -0.06203830
v 0.13002200 -0.14975500 -0.06364178
v 0.13093999 -0.14230300 -0.06252008
v 0.13173300 -0.13845800 -0.06152117
v 0.13353522 -0.13500999 -0.05980703
v 0.13528222 -0.13217999 -0.05739551
v 0.13785399 -0.13142399 -0.05655896
v 0.13956700 -0.12994801 -0.05458849
v 0.13727821 -0.12985000 -0.05443963
v 0.14125800 -0.12878899 -0.05247145
v 0.13943522 -0.12817290 -0.05096456
v 0.14351021 -0.12786999 -0.05006402
v 0.14529386 -0.12703075 -0.04704162
v 0.14152922 -0.12708101 -0.04725199
v 0.14257112 -0.12658390 -0.04525583
v 0.14680521 -0.12651691 -0.04496818
v 0.14777522 -0.12610801 -0.04322764
v 0.14357321 -0.12610391 -0.04322764
v 0.14008749 -0.17268866 -0.04150921
v 0.14074321 -0.17278200 -0.04000475
v 0.14141122 -0.17315800 -0.03927436
v 0.14222021 -0.17366900 -0.03871503
v 0.14311722 -0.17427100 -0.03831735
v 0.14405821 -0.17492691 -0.03807973
v 0.14500721 -0.17561500 -0.03799998
v 0.14615922 -0.17648400 -0.03812819
v 0.14723821 -0.17734399 -0.03854665
v 0.15195021 -0.17938200 -0.02691105
v 0.14811121 -0.17812000 -0.03934609
v 0.15394022 -0.18017390 -0.01432827
v 0.15394400 -0.18039900 -0.00757772
v 0.15412299 -0.18048701 0.00000000
v 0.15394400 -0.18039900 0.00759101
v 0.15393822 -0.18017299 0.01435077
v 0.15194722 -0.17938100 0.02692326
v 0.14811121 -0.17812000 0.03934594
v 0.14704929 -0.17706135 0.03840961
v 0.14558822 -0.17605250 0.03806495
v 0.14448717 -0.17523900 0.03804772
v 0.14345968 -0.17451051 0.03823619
v 0.14248772 -0.17385000 0.03860318
v 0.14162421 -0.17329450 0.03913638
v 0.14091271 -0.17288046 0.03983396
v 0.13993350 -0.17266396 0.04067448
v 0.14026621 -0.17280801 0.04206717
v 0.14054789 -0.17355821 0.04352559
v 0.14416701 -0.17717302 0.04652100
v 0.14218795 -0.17450494 0.04375503
v 0.14342321 -0.17561390 0.04399985
v 0.14563622 -0.17742690 0.04471775
v 0.14491521 -0.17667700 0.04380548
v 0.14638521 -0.17762800 0.04322499
v 0.13957712 -0.17329291 0.04665476
v 0.14194222 -0.17634200 0.05109491
v 0.13805522 -0.17247300 0.04935598
v 0.13936521 -0.17471500 0.05497038
v 0.13652821 -0.17105700 0.05183327
v 0.13509022 -0.16913100 0.05396050
v 0.13691822 -0.17217401 0.05810692
v 0.13375421 -0.16687100 0.05575355
v 0.13252921 -0.16432899 0.05724945
v 0.13154621 -0.16144601 0.05837488
v 0.13102521 -0.15824690 0.05899801
v 0.13095121 -0.15501399 0.05914175
v 0.13227101 -0.14220700 0.06250003
v 0.13199611 -0.14254799 0.05770945
v 0.13259311 -0.13959600 0.05696275
v 0.13365212 -0.13684200 0.05572915
v 0.13508412 -0.13462301 0.05402708
v 0.13663122 -0.13284500 0.05205035
v 0.13822022 -0.13141499 0.04986473
v 0.13978422 -0.13031501 0.04753375
v 0.14529386 -0.12703076 0.04704145
v 0.14311200 -0.12782700 0.04992985
v 0.14138500 -0.12871300 0.05230408
v 0.13967399 -0.12986501 0.05445969
v 0.13793300 -0.13135000 0.05647170
v 0.13523600 -0.13436700 0.05934494
v 0.13079999 -0.15710300 0.06399989
v 0.13131812 -0.15943700 0.06394505
v 0.13258900 -0.16650599 0.06220567
v 0.14257112 -0.12658390 0.04525536
v 0.14680412 -0.12651800 0.04497027
v 0.14357321 -0.12610391 0.04322749
v 0.14777522 -0.12610801 0.04322749
v 0.14512922 -0.12535800 0.03981858
v 0.14459112 -0.12511601 0.04103496
v 0.14403422 -0.12538990 0.04225200
v 0.14579621 -0.12705199 0.04380506
v 0.14368412 -0.12811400 0.04399985
v 0.14209421 -0.12894000 0.04388368
v 0.14940421 -0.12332300 0.02798905
v 0.15212421 -0.12211900 0.01593562
v 0.15233721 -0.12210700 0.01455315
v 0.15255222 -0.12262600 0.01299858
v 0.15266721 -0.12318100 0.01208895
v 0.15277922 -0.12390500 0.01112046
v 0.15292321 -0.12495200 0.00975180
v 0.15304922 -0.12594600 0.00835621
v 0.15315922 -0.12692989 0.00690746
v 0.15339622 -0.12825701 0.00000000
v 0.15315722 -0.12691499 -0.00693253
v 0.15637815 -0.12687501 -0.00698602
v 0.15304922 -0.12594600 -0.00835642
v 0.15640889 -0.12601733 -0.00825609
v 0.15292321 -0.12495200 -0.00975194
v 0.15623622 -0.12511191 -0.00953701
v 0.15595758 -0.12410360 -0.01087120
v 0.15277922 -0.12390500 -0.01112061
v 0.15266521 -0.12316900 -0.01210641
v 0.15610912 -0.12309300 -0.01222327
v 0.15254821 -0.12260900 -0.01303145
v 0.15628521 -0.12245200 -0.01336419
v 0.15233321 -0.12210400 -0.01457956
v 0.15624622 -0.12210400 -0.01460778
v 0.15212421 -0.12211900 -0.01593583
v 0.15580097 -0.12213279 -0.01610501
v 0.14940621 -0.12332200 -0.02798143
v 0.15482822 -0.12265900 -0.02238193
v 0.15348022 -0.12337100 -0.02831333
v 0.14512922 -0.12535800 -0.03981873
v 0.15172121 -0.12427600 -0.03413054
v 0.14945622 -0.12536100 -0.03981873
v 0.14459021 -0.12511601 -0.04103705
v 0.14403321 -0.12538990 -0.04225334
v 0.14791921 -0.12599701 -0.03887748
v 0.14611821 -0.12673800 -0.03833505
v 0.14407229 -0.12766300 -0.03805148
v 0.14216471 -0.12841696 -0.03803121
v 0.14087722 -0.12899895 -0.03814903
v 0.13975573 -0.12953451 -0.03837570
v 0.13880622 -0.13002351 -0.03870951
v 0.13756350 -0.13045600 -0.03915974
v 0.13720615 -0.13101101 -0.04033653
v 0.13779294 -0.13106167 -0.04137774
v 0.13843521 -0.13077900 -0.04236888
v 0.14071108 -0.12964034 -0.04500051
v 0.13929121 -0.13038300 -0.04295861
v 0.14026412 -0.12989400 -0.04341307
v 0.14133921 -0.12933500 -0.04373949
v 0.14249422 -0.12873100 -0.04393571
v 0.14368412 -0.12811400 -0.04400002
v 0.14569421 -0.12710300 -0.04382383
v 0.13952811 -0.13047999 -0.04792928
v 0.13768922 -0.13185300 -0.05061399
v 0.13585022 -0.13368990 -0.05306720
v 0.13410522 -0.13604300 -0.05520188
v 0.13947721 -0.17362900 -0.05651566
v 0.13947822 -0.17362900 0.05651545
v 0.12920913 -0.15010300 -0.01181145
v 0.12920514 -0.15422234 -0.01231062
v 0.12920216 -0.15793967 -0.01421224
v 0.12920013 -0.16087668 -0.01716470
v 0.12919848 -0.16274801 -0.02086728
v 0.12919813 -0.16316064 -0.02493663
v 0.12919880 -0.16248766 -0.02895621
v 0.12920013 -0.16062067 -0.03254296
v 0.12920281 -0.15774199 -0.03538445
v 0.12921475 -0.14231333 -0.03565102
v 0.12921715 -0.13938099 -0.03273636
v 0.12921882 -0.13749033 -0.02906257
v 0.12921914 -0.13682434 -0.02496530
v 0.12921847 -0.13765228 -0.02090364
v 0.12921715 -0.13948193 -0.01725701
v 0.12921506 -0.14236900 -0.01434077
v 0.12921216 -0.14603600 -0.01245957
v 0.13939121 -0.17321691 -0.04699835
v 0.13766922 -0.17217900 -0.05000340
v 0.13597521 -0.17038199 -0.05267557
v 0.13441122 -0.16803500 -0.05489382
v 0.13297121 -0.16531800 -0.05672523
v 0.13175622 -0.16220300 -0.05813643
v 0.13208921 -0.15876400 -0.05929586
v 0.13278121 -0.16217490 -0.05851832
v 0.13197422 -0.15518799 -0.05944785
v 0.13306221 -0.14268300 -0.05813965
v 0.13366422 -0.13976291 -0.05737322
v 0.13470522 -0.13713600 -0.05613690
v 0.13613121 -0.13499400 -0.05442473
v 0.13770421 -0.13324501 -0.05242162
v 0.13400021 -0.16518500 -0.05708387
v 0.13544622 -0.16782700 -0.05520734
v 0.13700221 -0.17009400 -0.05297127
v 0.13865621 -0.17179699 -0.05034869
v 0.14034121 -0.17277600 -0.04739993
v 0.14177896 -0.17343834 -0.04415905
v 0.14177929 -0.17343834 0.04415887
v 0.14034121 -0.17277600 0.04739972
v 0.13865621 -0.17179699 0.05034846
v 0.13700221 -0.17009400 0.05297106
v 0.13544622 -0.16782591 0.05520719
v 0.13400021 -0.16518500 0.05708363
v 0.13278121 -0.16217490 0.05851817
v 0.13208921 -0.15876400 0.05929559
v 0.13197422 -0.15518799 0.05944761
v 0.13306221 -0.14268300 0.05813950
v 0.13366422 -0.13976291 0.05737301
v 0.13470522 -0.13713500 0.05613663
v 0.13613121 -0.13499400 0.05442446
v 0.13770421 -0.13324501 0.05242145
v 0.13932021 -0.13184491 0.05021044
v 0.14091511 -0.13078301 0.04783692
v 0.14219263 -0.12976500 0.04528383
v 0.14219263 -0.12976500 -0.04528397
v 0.14091422 -0.13078301 -0.04783713
v 0.13932021 -0.13184491 -0.05021062
v 0.13757300 -0.15956999 -0.02955585
v 0.13757400 -0.15888400 -0.02700275
v 0.13757201 -0.16060999 -0.02500009
v 0.13757899 -0.15244600 -0.03523677
v 0.12687500 -0.15664800 -0.01679086
v 0.13757899 -0.15244600 -0.01476335
v 0.12687901 -0.15243800 -0.01476335
v 0.11187300 -0.15909900 -0.02066129
v 0.10787400 -0.15858600 -0.02500009
v 0.11187300 -0.16008900 -0.02500009
v 0.12687200 -0.16060100 -0.02500009
v 0.12687500 -0.15664800 -0.03320926
v 0.12687300 -0.15956099 -0.02955585
v 0.10787700 -0.15433601 -0.03236138
v 0.10787700 -0.15433601 -0.01763880
v 0.11187300 -0.15909900 -0.02933889
v 0.11187600 -0.15632400 -0.03281837
v 0.13758591 -0.14356300 -0.03320926
v 0.13758799 -0.14064901 -0.02955585
v 0.13758899 -0.13960999 -0.02500009
v 0.12688901 -0.13960099 -0.02500009
v 0.13758200 -0.14777300 -0.03523677
v 0.12687901 -0.15243800 -0.03523677
v 0.11188500 -0.14385399 -0.03281837
v 0.11188200 -0.14786400 -0.03474938
v 0.10788400 -0.14583591 -0.03236138
v 0.13758200 -0.14777300 -0.01476335
v 0.13758591 -0.14356300 -0.01679086
v 0.13758799 -0.14064901 -0.02044427
v 0.11188500 -0.14385399 -0.01718175
v 0.11188800 -0.14107899 -0.02066129
v 0.10788600 -0.14272501 -0.02075046
v 0.13758400 -0.14620499 -0.03310877
v 0.13758400 -0.14620499 -0.01689136
v 0.13757500 -0.15665600 -0.01679086
v 0.13757300 -0.15956999 -0.02044427
v 0.11188800 -0.14008901 -0.02500009
v 0.11188800 -0.14107899 -0.02933889
v 0.11187600 -0.15632400 -0.01718175
v 0.12687300 -0.15956099 -0.02044427
v 0.10787500 -0.15744700 -0.02075046
v 0.13757500 -0.15665600 -0.03320926
v 0.11187900 -0.15231399 -0.03474938
v 0.10788600 -0.14272501 -0.02924966
v 0.10787500 -0.15744700 -0.02924966
v 0.12688600 -0.14355400 -0.03320926
v 0.12688200 -0.14776500 -0.01476335
v 0.12688600 -0.14355400 -0.01679086
v 0.11187900 -0.15231399 -0.01525080
v 0.10788400 -0.14583591 -0.01763880
v 0.13757400 -0.15888400 -0.02299737
v 0.10788100 -0.15008600 -0.03350007
v 0.10788700 -0.14158601 -0.02500009
v 0.12688801 -0.14064100 -0.02955585
v 0.12688200 -0.14776500 -0.03523677
v 0.12688801 -0.14064100 -0.02044427
v 0.10788100 -0.15008600 -0.01650005
v 0.11188200 -0.14786400 -0.01525080
v 0.11187300 -0.16008900 0.02499985
v 0.11187300 -0.15909900 0.02933865
v 0.10787400 -0.15858600 0.02499985
v 0.12687500 -0.15664800 0.03320908
v 0.13757899 -0.15244600 0.03523659
v 0.12687901 -0.15243800 0.03523659
v 0.13757899 -0.15244600 0.01476317
v 0.13757500 -0.15665600 0.01679068
v 0.12687500 -0.15664800 0.01679068
v 0.12687901 -0.15243800 0.01476317
v 0.11187900 -0.15231399 0.01525056
v 0.12688200 -0.14776500 0.01476317
v 0.11188200 -0.14786400 0.01525056
v 0.12687200 -0.16060100 0.02499985
v 0.10787700 -0.15433601 0.03236114
v 0.10787700 -0.15433601 0.01763856
v 0.12688200 -0.14776500 0.03523659
v 0.11187900 -0.15231399 0.03474915
v 0.11187600 -0.15632400 0.03281819
v 0.12687300 -0.15956099 0.02955567
v 0.13757201 -0.16060999 0.02499985
v 0.13757400 -0.15888400 0.02700257
v 0.13757300 -0.15956999 0.02955567
v 0.13758200 -0.14777300 0.01476317
v 0.13758591 -0.14356300 0.01679068
v 0.13758799 -0.14133500 0.02299720
v 0.13758799 -0.14064901 0.02044409
v 0.13758899 -0.13960999 0.02499985
v 0.13757300 -0.15956999 0.02044409
v 0.10787500 -0.15744700 0.02075028
v 0.10788700 -0.14158601 0.02499985
v 0.11188800 -0.14008901 0.02499985
v 0.11188800 -0.14107899 0.02066105
v 0.10788100 -0.15008600 0.01649987
v 0.10787500 -0.15744700 0.02924948
v 0.12688901 -0.13960099 0.02499985
v 0.13758799 -0.14064901 0.02955567
v 0.13757500 -0.15665600 0.03320908
v 0.13758101 -0.15010999 0.03399986
v 0.13758101 -0.15010999 0.01599985
v 0.12687300 -0.15956099 0.02044409
v 0.11187600 -0.15632400 0.01718157
v 0.12688600 -0.14355400 0.01679068
v 0.11188500 -0.14385399 0.01718157
v 0.10788400 -0.14583591 0.01763856
v 0.11188200 -0.14786400 0.03474915
v 0.11188800 -0.14107899 0.02933865
v 0.10788600 -0.14272501 0.02924948
v 0.11188600 -0.14385399 0.03281819
v 0.12688600 -0.14355400 0.03320908
v 0.13758200 -0.14777300 0.03523659
v 0.13758799 -0.14133500 0.02700257
v 0.13757400 -0.15888400 0.02299720
v 0.11187300 -0.15909900 0.02066105
v 0.12688801 -0.14064100 0.02044409
v 0.10788600 -0.14272501 0.02075028
v 0.10788100 -0.15008600 0.03349989
v 0.13758591 -0.14356300 0.03320908
v 0.12688801 -0.14064100 0.02955567
v 0.10788400 -0.14583591 0.03236114
v 0.03551244 -0.08906209 0.07572859
v 0.02862739 -0.08875018 -0.07589626
v 0.02862745 -0.08875018 0.07589626
v 0.04121530 -0.09057027 -0.07585930
v 0.04210656 -0.09091979 0.07590186
v 0.03290197 -0.09481511 0.09058300
v 0.00182396 -0.23830800 0.08438235
v -0.00929999 -0.23316690 0.08488070
v -0.01007884 -0.24393600 0.07696157
v -0.02305936 -0.23791400 0.07710248
v 0.03563624 -0.08908230 -0.07572889
v 0.02540600 -0.08897280 0.07606267
v -0.01306056 -0.09163230 0.06867450
v -0.01664608 -0.09650236 0.08121985
v -0.00129044 -0.09081846 0.07311719
v 0.05037599 -0.09600615 -0.07663989
v 0.05324208 -0.09885036 0.07708567
v 0.05447435 -0.10034300 -0.07732290
v -0.08455860 -0.17531601 -0.00812054
v -0.08451271 -0.19045500 -0.00769544
v -0.08497476 -0.18174000 0.00000000
v -0.07928347 -0.12993200 0.00000000
v -0.08166545 -0.14497299 0.00884390
v -0.07885736 -0.12977199 0.00921148
v -0.02373546 -0.16905700 -0.08654427
v -0.00711846 -0.17976800 -0.09210187
v -0.02453035 -0.18342599 -0.08641028
v 0.15739100 -0.23054899 0.00000000
v 0.15626800 -0.22976600 -0.01417577
v 0.15655851 -0.23020396 0.01340648
v 0.02273488 -0.13307600 -0.09521740
v 0.02424776 -0.14557990 -0.09619909
v 0.00889945 -0.14888300 -0.09452456
v 0.02698427 -0.09384003 -0.09019443
v -0.03503108 -0.15638500 -0.08060610
v -0.02237617 -0.15467390 -0.08648008
v -0.00737906 -0.16593590 -0.09183156
v 0.02540588 -0.08897286 -0.07606267
v -0.02370935 -0.09236800 -0.06251990
v -0.00129294 -0.09081870 -0.07311648
v -0.05320936 -0.09440720 -0.02340066
v -0.04833430 -0.09407019 -0.03473538
v -0.06435757 -0.09989315 -0.03466224
v -0.04357588 -0.09841370 -0.06467896
v -0.03333628 -0.09303367 -0.05465328
v 0.15674350 -0.23103800 -0.01350432
v -0.08478575 -0.19065000 0.00000000
v -0.08451068 -0.19045500 0.00762093
v -0.08436226 -0.19748600 0.00000000
v -0.08055639 -0.14492200 0.01733165
v -0.07768028 -0.12972189 0.01803237
v -0.08254146 -0.16010600 0.01659399
v -0.08082640 -0.16001800 0.02441275
v -0.07082486 -0.20458201 0.04700428
v -0.07046788 -0.18948999 0.04909729
v -0.07450109 -0.18979400 0.04232037
v -0.06597745 -0.20411099 0.05431395
v -0.07515418 -0.11454999 0.00949049
v -0.07393819 -0.11450300 0.01856267
v -0.06809870 -0.10096334 0.02629272
v -0.07192707 -0.11442500 0.02720189
v -0.07017976 -0.10145900 0.01784747
v -0.05274045 -0.10042200 0.05690950
v -0.05611008 -0.11379300 0.05721139
v -0.04843252 -0.09937364 0.06114500
v -0.06539559 -0.10118290 0.03524649
v -0.05014640 -0.11353500 0.06365340
v -0.04438275 -0.09989470 0.06564539
v -0.04726618 -0.12824599 0.06917476
v -0.04327595 -0.11321400 0.06969630
v -0.03842428 -0.09866810 0.07000870
v -0.03578585 -0.09785848 0.07088536
v -0.04359644 -0.09841477 0.06465238
v -0.02370095 -0.09236741 0.06252557
v -0.03333169 -0.09303337 0.05465769
v -0.04165977 -0.09360879 0.04525578
v -0.02869659 -0.09735459 0.07539975
v -0.02270716 -0.09845495 0.07995039
v -0.01503297 -0.09703397 0.08275127
v -0.02717578 -0.09788036 0.07721224
v 0.03747165 -0.09647816 0.09072238
v 0.04811829 -0.09423017 0.07636910
v 0.03883355 -0.09789041 0.09153571
v 0.02698433 -0.09383997 0.09019211
v -0.03233396 -0.22851801 0.07979947
v -0.03611207 -0.22951201 0.07745397
v -0.04805499 -0.17246900 0.07295697
v -0.05425077 -0.15833800 0.06690865
v -0.05677080 -0.17336801 0.06551820
v -0.06125348 -0.15887301 0.05983877
v -0.05813348 -0.14376400 0.06136870
v 0.01259148 -0.18845500 0.09582036
v -0.00495195 -0.20739099 0.09194409
v 0.01484096 -0.20157400 0.09578120
v -0.00645387 -0.19361790 0.09210449
v -0.00741398 -0.16594701 0.09180909
v -0.02242338 -0.15468399 0.08644139
v -0.02378350 -0.16906999 0.08650469
v -0.02482056 -0.19780600 0.08600330
v -0.08253949 -0.16010299 -0.01672714
v -0.08166748 -0.14497299 -0.00891095
v -0.08055436 -0.14492200 -0.01745676
v -0.07767528 -0.12972189 -0.01814937
v -0.07870638 -0.14483599 -0.02560704
v -0.06951510 -0.12937000 -0.04220265
v -0.07299315 -0.12952100 -0.03461658
v -0.06909805 -0.11431500 -0.03553479
v -0.08357560 -0.16015491 -0.00852740
v -0.08427590 -0.16434690 0.00000000
v -0.08393466 -0.16033299 0.00000000
v -0.08366465 -0.19040200 -0.01513957
v -0.08203947 -0.14499600 0.00000000
v -0.07885837 -0.12977199 -0.00927591
v 0.07466238 -0.24321200 0.08246988
v 0.08223205 -0.24765800 0.07754689
v 0.08087909 -0.24095701 0.08249008
v 0.02643758 -0.25333399 0.07678586
v 0.03310275 -0.24625999 0.08323305
v 0.02307850 -0.24465100 0.08355855
v 0.03375148 -0.23626199 0.08924108
v 0.04160755 -0.23766491 0.08869558
v 0.03758358 -0.25427499 0.07680976
v 0.00850660 -0.22649100 0.09127396
v 0.00780806 -0.21785751 0.09387508
v 0.07444530 -0.23531400 0.08696049
v 0.00976896 -0.16207799 -0.09520637
v 0.01102960 -0.17525500 -0.09564709
v 0.04457086 -0.16545901 -0.09788578
v 0.02783548 -0.17060100 -0.09736216
v 0.04207277 -0.15370890 -0.09748548
v 0.01262736 -0.18843791 -0.09583097
v 0.06440335 -0.17096999 -0.09741175
v 0.05011296 -0.18891101 -0.09784507
v 0.04715335 -0.17722490 -0.09800618
v 0.06666326 -0.17940800 -0.09722447
v 0.04798048 -0.10692345 -0.09246162
v 0.05768758 -0.10551800 -0.07814949
v -0.08025050 -0.19018300 -0.02922129
v -0.07981938 -0.17504700 -0.03068697
v -0.07767635 -0.19001199 -0.03590947
v -0.08224558 -0.19031200 -0.02229356
v -0.08203250 -0.17517500 -0.02345699
v -0.07532316 -0.15972599 -0.03925609
v -0.07151907 -0.15951601 -0.04617547
v -0.07344406 -0.17466190 -0.04438757
v -0.00951988 -0.23324999 -0.08478325
v 0.00163406 -0.23840600 -0.08429205
v -0.01021885 -0.24400800 -0.07686430
v -0.02321934 -0.23797300 -0.07699710
v -0.00489855 -0.20737299 -0.09196346
v 0.01488524 -0.20155600 -0.09579050
v 0.05717968 -0.10452400 0.07799077
v 0.13546801 -0.22119400 0.06228905
v 0.14316000 -0.22434999 0.05152338
v 0.14956149 -0.22732401 0.03946292
v 0.08520656 -0.26326299 0.05949330
v 0.09381276 -0.25975901 0.06029069
v 0.08438748 -0.25878099 0.06600129
v 0.08870106 -0.24467699 0.07781785
v 0.09064328 -0.25039601 0.07250660
v 0.09721606 -0.24667200 0.07300126
v 0.14368400 -0.22572699 0.05128925
v 0.14948401 -0.22888249 0.03971251
v 0.14716101 -0.22822700 0.04446840
v 0.15740900 -0.23222350 0.00000000
v 0.03188204 -0.10682300 -0.09306806
v 0.03536736 -0.11843000 -0.09460908
v 0.02150028 -0.12055400 -0.09397751
v 0.02688881 -0.09490778 -0.09107614
v 0.03305128 -0.09595889 -0.09144782
v 0.04934179 -0.11266067 -0.09379101
v 0.03746885 -0.13019601 -0.09584599
v 0.00826728 -0.13569801 -0.09358417
v 0.00800580 -0.12249600 -0.09240657
v 0.09857809 -0.27362999 -0.01526045
v 0.09882777 -0.27420500 -0.00749814
v 0.08780980 -0.27726400 -0.01477307
v 0.09817707 -0.27261701 -0.02309226
v 0.10879500 -0.26928499 -0.01579439
v 0.08760535 -0.27626300 -0.02243405
v 0.07625538 -0.27919400 -0.02182626
v 0.07620018 -0.27773300 -0.02938824
v 0.08793801 -0.27782801 -0.00722980
v 0.02551949 -0.09363466 -0.08978527
v 0.02403494 -0.09386724 -0.09001288
v 0.03290379 -0.09481563 -0.09058473
v 0.00953835 -0.09467756 -0.08822757
v 0.01077857 -0.09523984 -0.08926773
v 0.00394934 -0.09506350 -0.08725446
v -0.01306790 -0.09163278 -0.06867110
v -0.01645249 -0.09648895 -0.08130359
v -0.02848517 -0.09733980 -0.07552629
v -0.06733781 -0.10010200 -0.02553057
v -0.06794173 -0.10076550 -0.02647715
v -0.08357256 -0.16015799 0.00845766
v -0.08204048 -0.17517599 0.02329707
v -0.07983535 -0.17504901 0.03052365
v -0.07573318 -0.12963900 0.02645397
v -0.07871729 -0.14483701 0.02546089
v -0.07615220 -0.14471599 0.03323268
v -0.07156097 -0.15952191 0.04601597
v -0.06913077 -0.17437699 0.05104845
v -0.06693178 -0.15924899 0.05287849
v -0.08026748 -0.19018599 0.02905315
v -0.08225458 -0.19031391 0.02212738
v -0.07842928 -0.15989400 0.03192269
v -0.07700127 -0.17488299 0.03745895
v -0.06367349 -0.17396800 0.05814164
v -0.07798385 -0.12410700 0.00000000
v -0.07153487 -0.10153400 0.00506914
v -0.07111090 -0.10151100 0.01095098
v -0.07750445 -0.22037891 0.02588927
v -0.08131557 -0.20542701 0.02089530
v -0.07896357 -0.22050799 0.01962000
v -0.08366656 -0.19040300 0.01499116
v -0.08327770 -0.20556700 0.00717235
v -0.07448017 -0.20489900 0.04029768
v -0.06995189 -0.21964400 0.04481530
v -0.05928587 -0.21835700 0.06042098
v -0.05069959 -0.21711200 0.06909376
v -0.05945885 -0.20338599 0.06225579
v -0.06550645 -0.21914300 0.05221468
v -0.02423477 -0.26823199 -0.02548277
v -0.04048389 -0.26030999 -0.02510356
v -0.03897446 -0.25932300 -0.03141725
v -0.00690752 -0.27254900 -0.03260844
v -0.02100688 -0.26532799 -0.03861349
v -0.00527859 -0.27062801 -0.03939324
v 0.00860947 -0.27634901 -0.03325116
v -0.01189297 -0.09771966 0.08433169
v -0.00676936 -0.09737056 0.08595180
v -0.00560158 -0.12438000 0.08964258
v -0.01835417 -0.12590191 0.08566099
v -0.00662231 -0.13824590 0.09058660
v -0.05430179 -0.12864500 0.06276559
v -0.02225738 -0.09689849 0.07876449
v -0.02651906 -0.11227400 0.08029747
v -0.03542655 -0.11280500 0.07527506
v -0.02941620 -0.12695400 0.08081167
v -0.01650989 -0.11157200 0.08463287
v -0.03902339 -0.12770499 0.07524240
v -0.04263556 -0.14263400 0.07465296
v -0.03644287 -0.09937667 0.07197380
v -0.01701849 -0.09806889 0.08243048
v 0.04593849 -0.09281957 -0.07616096
v 0.01159775 -0.08992755 0.07566159
v 0.10271800 -0.20952199 0.08752506
v 0.10927634 -0.21156165 0.08423624
v 0.09953388 -0.20785500 0.08893808
v 0.13604400 -0.23649099 0.05092066
v 0.12556200 -0.24205200 0.05697596
v 0.12879200 -0.24464700 0.04995357
v -0.05109095 -0.14329600 0.06811428
v 0.01099950 -0.17526899 0.09563547
v -0.02064555 -0.14029899 0.08614575
v -0.03508490 -0.15639500 0.08054965
v -0.00715655 -0.17978200 0.09207999
v 0.00974238 -0.16208999 0.09519410
v -0.00718272 -0.15209500 0.09132099
v -0.03912687 -0.21514800 0.07769799
v -0.03952818 -0.22999400 0.07528293
v -0.04978358 -0.18737000 0.07184356
v -0.03856068 -0.18580700 0.07950007
v -0.05203825 -0.09901809 -0.05580979
v -0.06551796 -0.11417400 -0.04325878
v -0.06527185 -0.12918100 -0.04938459
v -0.07019376 -0.10145900 -0.01779305
v -0.07052942 -0.10095295 -0.01334828
v -0.07190620 -0.11442500 -0.02733278
v -0.06545257 -0.10118600 -0.03512507
v -0.07613027 -0.14471391 -0.03338509
v -0.07571828 -0.12963800 -0.02659296
v -0.07392919 -0.11450300 -0.01867055
v -0.06999188 -0.10028500 -0.01078629
v -0.07041287 -0.10031400 -0.00498432
v 0.07588440 -0.26999599 0.05169469
v 0.07571136 -0.26615101 0.05869299
v 0.06520640 -0.26838300 0.05788975
v 0.06487095 -0.27223101 0.05081659
v 0.07550436 -0.26159599 0.06534916
v 0.07520359 -0.25630099 0.07158070
v 0.06610745 -0.25843400 0.07114946
v 0.07496798 -0.25017500 0.07731699
v -0.04133099 -0.24390700 0.05969649
v -0.05658859 -0.23306601 0.05959982
v -0.04682016 -0.24578799 0.05135929
v 0.03351849 -0.26039499 0.06998306
v 0.00253785 -0.24833401 0.07686179
v 0.01263326 -0.24205101 0.08394169
v 0.01715826 -0.23084299 0.09053015
v 0.00984904 -0.21720195 0.09425163
v 0.02616563 -0.21155751 0.09644856
v 0.03264266 -0.19556800 0.09747076
v 0.03021597 -0.21004100 0.09678828
v 0.09971129 -0.22787701 0.08314716
v 0.09134376 -0.22574200 0.08676290
v 0.09575557 -0.23178600 0.08289647
v 0.10641900 -0.21831700 0.08382135
v 0.09744536 -0.21875390 0.08706086
v 0.10324900 -0.22344100 0.08345550
v 0.11865550 -0.21513149 0.07835945
v 0.12211200 -0.21754190 0.07571679
v 0.12711039 -0.21897978 0.07151201
v 0.11592551 -0.21496946 0.08022293
v 0.10858700 -0.22782591 0.07931387
v 0.06890559 -0.23681191 0.08717530
v 0.02589756 -0.15809891 -0.09691107
v 0.02998965 -0.18311501 -0.09754496
v 0.04168975 -0.09922868 -0.09118986
v 0.04371329 -0.10179700 -0.09209734
v 0.03883370 -0.09789047 -0.09153673
v 0.04529708 -0.10277000 -0.09172499
v 0.13496999 -0.22098999 -0.06288355
v -0.08361160 -0.17526400 -0.01595145
v -0.08081847 -0.16001500 -0.02456605
v -0.07446020 -0.18978800 -0.04249370
v -0.07041686 -0.18948200 -0.04925930
v -0.07283318 -0.14455600 -0.04077440
v -0.07697325 -0.17487900 -0.03762739
v -0.08253967 -0.20551400 -0.01428550
v -0.06907987 -0.17437100 -0.05120348
v 0.00809246 -0.25699100 -0.06923270
v 0.00319010 -0.26150200 -0.06147515
v -0.00542289 -0.25340599 -0.06892269
v 0.01711279 -0.26416001 -0.06210017
v 0.00241798 -0.24841490 -0.07677197
v 0.01463276 -0.25149399 -0.07672047
v 0.00823319 -0.22660491 -0.09120136
v -0.00641000 -0.19360200 -0.09212535
v 0.11788800 -0.22542891 0.07519185
v 0.11343400 -0.23196600 0.07461249
v 0.13607645 -0.22263449 0.06205445
v 0.09689849 -0.26913601 0.03868955
v 0.09605735 -0.26659301 0.04622030
v 0.08647316 -0.27021998 0.04532074
v 0.08589005 -0.26706499 0.05257338
v 0.08335191 -0.25360799 0.07203310
v 0.09964960 -0.25144199 0.06732010
v 0.10729400 -0.27096599 0.00000000
v 0.09882658 -0.27420101 0.00759482
v 0.10917700 -0.26986501 0.00789708
v 0.10917900 -0.26986998 -0.00779641
v 0.13587990 -0.25010201 0.02630728
v 0.14468300 -0.24157500 0.02721506
v 0.13395999 -0.24869201 0.03454649
v 0.14641300 -0.24255399 0.01848906
v 0.13729300 -0.25111300 0.01776999
v 0.10817000 -0.26825601 0.02387887
v 0.09817188 -0.27260900 0.02316766
v 0.10879100 -0.26927799 0.01588469
v 0.09760910 -0.27112800 0.03097397
v 0.11858300 -0.26416799 0.01646775
v 0.11772300 -0.26314199 0.02463924
v 0.12692700 -0.25717199 0.02544867
v 0.15399565 -0.23034634 0.02685560
v 0.15062299 -0.22973400 0.03655099
v 0.15341291 -0.23095700 0.02815729
v 0.15374100 -0.22871500 0.02680414
v 0.13157991 -0.24687991 0.04244858
v 0.12349200 -0.25382999 0.04146367
v 0.12125700 -0.25147200 0.04899996
v 0.04279148 -0.10223700 -0.09250140
v 0.01913309 -0.10816700 -0.09235846
v 0.00683200 -0.10941000 -0.09078317
v 0.03975635 -0.14194299 -0.09680557
v -0.00556248 -0.12437400 -0.08966428
v -0.02935326 -0.12694789 -0.08086299
v -0.03895264 -0.12770000 -0.07531285
v -0.03534615 -0.11280100 -0.07534176
v 0.01178330 -0.27151701 -0.04728037
v 0.02621787 -0.27343601 -0.04814976
v 0.02479690 -0.27632701 -0.04099684
v 0.07588618 -0.27001801 -0.05164146
v 0.07603478 -0.27318799 -0.04438036
v 0.06487095 -0.27225599 -0.05076634
v 0.05371999 -0.26986799 -0.05703306
v 0.05287498 -0.27366799 -0.04989278
v 0.11508600 -0.25974101 -0.04044449
v 0.12540500 -0.25573599 -0.03351879
v 0.11655200 -0.26168200 -0.03260326
v 0.08692777 -0.27279499 -0.03776478
v 0.07612746 -0.27574700 -0.03693425
v 0.06435108 -0.27795601 -0.03613489
v 0.08647108 -0.27023801 -0.04526287
v 0.09690326 -0.26914799 -0.03862667
v 0.08730536 -0.27478999 -0.03012496
v 0.07627987 -0.28017899 -0.01433217
v 0.07629710 -0.28073299 -0.00699150
v 0.03747558 -0.09648036 -0.09072399
v 0.01159948 -0.08992749 -0.07566177
v 0.01621580 -0.09422045 -0.08908277
v 0.02405453 -0.09494188 -0.09091425
v 0.01618278 -0.09581577 -0.09038966
v -0.00119913 -0.09542077 -0.08612990
v -0.00635987 -0.09578037 -0.08476209
v -0.01140987 -0.09613406 -0.08316987
v -0.02717927 -0.09788083 -0.07721611
v -0.02248555 -0.09843939 -0.08006095
v -0.02902567 -0.09888088 -0.07667618
v -0.03562706 -0.09784758 -0.07100296
v -0.03842833 -0.09866858 -0.07001176
v -0.02203917 -0.09688335 -0.07887375
v -0.05320709 -0.09440708 0.02340757
v -0.08455556 -0.17531601 0.00804842
v -0.07348310 -0.17466700 0.04422098
v -0.06883990 -0.14435890 0.04768139
v -0.07770526 -0.19001600 0.03573524
v -0.07732528 -0.20512600 0.03390938
v -0.07535320 -0.15973100 0.03909355
v -0.05853599 -0.18838599 0.06397759
v -0.07561337 -0.11475200 0.00000000
v -0.07957649 -0.20529801 0.02750009
v -0.07317316 -0.21997400 0.03818976
v -0.08254569 -0.20551500 0.01412975
v -0.04007586 -0.23010141 -0.07490116
v -0.03635150 -0.22956100 -0.07730287
v -0.03371959 -0.24141100 -0.06836497
v -0.04685681 -0.23136699 -0.06961718
v -0.02280545 -0.26696998 -0.03199726
v -0.00821471 -0.27402699 -0.02590656
v -0.07997769 -0.22059400 -0.01340246
v -0.07894456 -0.22050491 -0.01979798
v -0.02534747 -0.26915500 -0.01898229
v -0.02614736 -0.26977101 -0.01254779
v -0.04165107 -0.26103401 -0.01877748
v -0.04798555 -0.23164198 0.06858121
v -0.03361469 -0.24136999 0.06846249
v -0.00528687 -0.11061100 0.08818840
v -0.00152969 -0.09701430 0.08734679
v -0.05685192 -0.09997145 0.05074573
v -0.06029629 -0.10088300 0.04594570
v -0.06339493 -0.10043900 0.03906723
v -0.05926120 -0.09953325 0.04529637
v -0.06429946 -0.09988880 0.03478246
v -0.02924066 -0.09889620 0.07654809
v 0.03304937 -0.09595835 0.09144609
v 0.03187739 -0.10682500 0.09306567
v 0.03835958 -0.09872609 0.09198915
v -0.01158410 -0.09614610 0.08310407
v -0.00230122 -0.09614878 0.08671942
v 0.02551859 -0.09363460 0.08978277
v 0.02403627 -0.09411142 0.09027101
v 0.08191007 -0.20004334 0.09474629
v 0.06140047 -0.15976800 0.09738999
v 0.06440508 -0.17097600 0.09741157
v 0.04456716 -0.16546400 0.09788429
v 0.04714739 -0.17723200 0.09800517
v 0.14307800 -0.22645500 0.05190068
v 0.02588868 -0.15810700 0.09690576
v 0.02423936 -0.14558700 0.09619325
v 0.03975474 -0.14194800 0.09680348
v -0.03253334 -0.14167900 0.08076679
v -0.04563158 -0.15755591 0.07390588
v -0.03713786 -0.17110690 0.08011507
v -0.02458184 -0.18344000 0.08637040
v -0.02614874 -0.22714500 0.08304283
v -0.03931957 -0.20049600 0.07866787
v -0.02055398 -0.22587396 0.08553813
v -0.04166257 -0.09360897 -0.04525220
v -0.05943429 -0.09954607 -0.04501456
v -0.06340453 -0.10043950 -0.03907146
v -0.06117075 -0.11400001 -0.05051189
v -0.06021070 -0.12894399 -0.05625134
v -0.05603510 -0.11378900 -0.05733394
v -0.05686092 -0.09997240 -0.05075072
v -0.05296498 -0.10043500 -0.05664908
v -0.06845676 -0.10136100 -0.02584916
v -0.05938798 -0.20337400 -0.06237506
v -0.05920284 -0.21834300 -0.06054395
v -0.06591355 -0.20410100 -0.05446028
v -0.05062109 -0.21709700 -0.06918227
v -0.05615317 -0.09461086 -0.01163744
v -0.05615240 -0.09461086 0.01164197
v -0.06906777 -0.10022200 -0.01758688
v -0.07052538 -0.10095295 0.01334744
v 0.06562817 -0.26379901 0.06470179
v 0.05609148 -0.25990099 0.07073956
v 0.05478626 -0.26527500 0.06405937
v 0.04264730 -0.24701491 0.08296525
v 0.04910767 -0.23835100 0.08821636
v 0.05164200 -0.24700990 0.08275496
v -0.03897809 -0.25930601 0.03139698
v -0.05333274 -0.24828900 0.03706878
v -0.05532586 -0.24912100 0.03083306
v -0.06905493 -0.23473600 0.03855339
v -0.06980818 -0.23503891 0.03629577
v -0.04048317 -0.26029599 0.02508866
v -0.02423149 -0.26821500 0.02548140
v -0.02534669 -0.26914099 0.01897835
v -0.02280604 -0.26694900 0.03199100
v -0.03705459 -0.25801998 0.03783315
v 0.04520249 -0.26058999 0.07035076
v 0.05371886 -0.26983199 0.05708378
v 0.02805554 -0.26984501 0.05546277
v 0.04130464 -0.27036300 0.05627477
v 0.03044629 -0.26554400 0.06278878
v 0.01714324 -0.26410699 0.06216067
v 0.01409119 -0.26815599 0.05464798
v -0.00321376 -0.26816699 0.04643458
v -0.00527322 -0.27060199 0.03940248
v 0.01003265 -0.27418500 0.04020750
v -0.01868510 -0.26321599 0.04555988
v -0.01553875 -0.26060900 0.05300945
v 0.01473236 -0.25140801 0.07680326
v 0.00815803 -0.25692299 0.06931138
v -0.00047250 -0.26515099 0.05383014
v -0.01929014 -0.24826999 0.06872427
v -0.03101509 -0.25428900 0.05218589
v -0.03452408 -0.25637400 0.04468590
v 0.02113854 -0.25921300 0.06963670
v 0.02558648 -0.23402891 0.08985257
v 0.03949469 -0.22519091 0.09354650
v 0.03307837 -0.22256699 0.09421819
v -0.00215715 -0.22089450 0.09165501
v -0.00506613 -0.22173199 0.09087747
v 0.00072054 -0.22004500 0.09236466
v 0.00333655 -0.21925350 0.09296033
v -0.00795567 -0.22254196 0.09004292
v -0.01132806 -0.22345901 0.08898324
v -0.01548721 -0.22455049 0.08753943
v -0.02418237 -0.21212400 0.08547866
v 0.01720637 -0.21474800 0.09541580
v 0.01982104 -0.21386597 0.09575566
v 0.01466321 -0.21561345 0.09504694
v 0.01209077 -0.21647000 0.09463790
v 0.02276921 -0.21279350 0.09610420
v 0.04644697 -0.21319599 0.09617328
v 0.08632290 -0.21965499 0.09016758
v 0.08339178 -0.22195400 0.09023237
v 0.08015459 -0.21369091 0.09308809
v 0.09455257 -0.22246191 0.08687877
v 0.08896827 -0.21703491 0.09016346
v 0.10720300 -0.21136799 0.08536070
v 0.09449779 -0.24124099 0.07813006
v 0.11568590 -0.24541691 0.06266516
v 0.12194700 -0.23904800 0.06345087
v 0.11234999 -0.24168690 0.06865817
v 0.10438500 -0.23289400 0.07887810
v 0.09970736 -0.23732901 0.07848346
v 0.10854800 -0.23755200 0.07405430
v 0.07940769 -0.23343500 0.08681190
v 0.08382529 -0.23120990 0.08672940
v 0.07646256 -0.22564100 0.09054398
v 0.08778131 -0.22864799 0.08671307
v 0.09133499 -0.23524700 0.08270335
v 0.05049306 -0.21524701 -0.09568148
v 0.03288936 -0.22270100 -0.09418267
v 0.04625630 -0.21334399 -0.09615600
v 0.12200800 -0.21565400 -0.07538080
v 0.05009466 -0.11251500 -0.09336107
v 0.11865500 -0.21513149 -0.07836132
v 0.05469036 -0.19988200 -0.09737735
v 0.06726610 -0.18141291 -0.09714937
v 0.11242800 -0.22197400 -0.07975035
v 0.12206300 -0.21752200 -0.07575607
v 0.11793700 -0.22545700 -0.07514965
v 0.12707871 -0.21913874 -0.07155176
v 0.12312200 -0.22858500 -0.06997007
v 0.12788799 -0.21996500 -0.07070279
v 0.13337500 -0.22228999 -0.06503909
v 0.12722901 -0.21834090 -0.07135635
v -0.07841038 -0.15988991 -0.03208088
v -0.06879299 -0.14435600 -0.04783320
v -0.08327865 -0.20556700 -0.00724906
v -0.08130359 -0.20542400 -0.02106755
v -0.05467751 -0.23268700 -0.06190243
v -0.07076799 -0.20457301 -0.04717266
v -0.06243923 -0.23385300 -0.05153483
v -0.06988489 -0.21963499 -0.04498958
v -0.06543159 -0.21913201 -0.05236595
v -0.05847108 -0.18837491 -0.06409257
v -0.05670839 -0.17335901 -0.06562829
v -0.04972237 -0.18735901 -0.07192838
v -0.04799610 -0.17245999 -0.07303905
v -0.03850436 -0.18579391 -0.07955938
v -0.04843893 -0.09937444 -0.06114924
v -0.03628087 -0.09936475 -0.07209330
v -0.05422979 -0.12864099 -0.06287837
v -0.05806869 -0.14375900 -0.06148928
v -0.06687986 -0.15924200 -0.05302608
v -0.06361657 -0.17396100 -0.05827605
v -0.06119358 -0.15886500 -0.05996668
v -0.05418688 -0.15832900 -0.06701338
v -0.03925698 -0.20048200 -0.07872796
v -0.02411359 -0.21210600 -0.08551758
v -0.03905338 -0.21513191 -0.07775807
v -0.03708440 -0.17109700 -0.08017325
v 0.06610471 -0.25849301 -0.07109355
v 0.05783498 -0.25369400 -0.07692086
v 0.06682389 -0.25226900 -0.07707256
v 0.05998134 -0.24642500 -0.08254498
v 0.06768655 -0.24512491 -0.08245396
v 0.05158847 -0.24711791 -0.08269315
v 0.02108687 -0.25928199 -0.06956338
v 0.03266239 -0.19555691 -0.09747356
v 0.03730738 -0.20732100 -0.09720575
v 0.01247274 -0.24215600 -0.08385789
v 0.02294665 -0.24476101 -0.08348095
v 0.02538639 -0.23416300 -0.08978718
v 0.01692199 -0.23096900 -0.09046125
v 0.00664234 -0.21822646 -0.09364887
v 0.01143509 -0.21668550 -0.09452778
v 0.00188535 -0.21969500 -0.09263562
v -0.03450772 -0.22897699 -0.07852720
v -0.02969518 -0.22794400 -0.08124933
v -0.02432217 -0.22672096 -0.08390367
v 0.11237200 -0.22193190 0.07979089
v 0.12308400 -0.22855900 0.07001549
v 0.13334800 -0.22228099 0.06506836
v 0.12782399 -0.23150600 0.06423360
v 0.13529301 -0.22310600 0.06280636
v 0.10169600 -0.25564700 0.06108510
v 0.10896190 -0.25088999 0.06187659
v 0.10628100 -0.24689500 0.06798666
v 0.09238487 -0.25539401 0.06665825
v 0.09061425 -0.27721399 0.00000000
v 0.08780819 -0.27725700 0.01485466
v 0.09857547 -0.27362299 0.01534706
v 0.11912200 -0.26476899 -0.00812465
v 0.12291100 -0.26286301 0.00000000
v 0.11858900 -0.26417601 -0.01637476
v 0.14749201 -0.24314500 0.00940370
v 0.15679200 -0.23243199 0.00974244
v 0.15656501 -0.23186699 0.01349773
v 0.13817391 -0.25171399 0.00898242
v 0.11911900 -0.26476401 0.00822914
v 0.12875000 -0.25879899 0.00859094
v 0.11654600 -0.26166999 0.03267318
v 0.12805000 -0.25819701 0.01709616
v 0.15679801 -0.23243500 -0.00968927
v 0.12875500 -0.25880399 -0.00848287
v 0.13844900 -0.22445899 0.05878168
v 0.13943490 -0.23854500 0.04346346
v 0.15550600 -0.23187199 0.01915729
v 0.11864200 -0.24868301 0.05609428
v 0.03836309 -0.09872817 -0.09199059
v 0.04677665 -0.10690250 -0.09307181
v -0.00524139 -0.11060700 -0.08820980
v -0.00660777 -0.09735935 -0.08600467
v -0.00139105 -0.09700459 -0.08738595
v 0.00380868 -0.09665220 -0.08852398
v -0.00658661 -0.13823900 -0.09060895
v -0.02644735 -0.11226900 -0.08034646
v -0.01644945 -0.11156700 -0.08466708
v -0.01682215 -0.09805500 -0.08251506
v -0.02059656 -0.14029101 -0.08618319
v -0.01830095 -0.12589601 -0.08569645
v -0.03247648 -0.14167100 -0.08082097
v -0.04257178 -0.14262800 -0.07472795
v -0.01869195 -0.26324600 -0.04554605
v -0.01125550 -0.25741801 -0.06085485
v 0.01002615 -0.27421099 -0.04018765
v 0.02362990 -0.27862799 -0.03392505
v -0.00048880 -0.26519200 -0.05378746
v -0.01555800 -0.26064801 -0.05296969
v 0.06460380 -0.27541700 -0.04351240
v 0.06521147 -0.26841500 -0.05783808
v 0.07571977 -0.26618099 -0.05864065
v 0.06562638 -0.26384401 -0.06464755
v 0.05477815 -0.26532301 -0.06400358
v 0.04130136 -0.27040198 -0.05622559
v 0.03890198 -0.27713799 -0.04182070
v 0.06396389 -0.28136101 -0.02126878
v 0.13589700 -0.25011101 -0.02622866
v 0.14642800 -0.24256399 -0.01839494
v 0.13730399 -0.25112200 -0.01767510
v 0.12694000 -0.25718099 -0.02536898
v 0.10731800 -0.26678699 -0.03173249
v 0.09761077 -0.27113801 -0.03090637
v 0.10817700 -0.26826400 -0.02380079
v 0.09502589 -0.26350501 -0.05339604
v 0.08521747 -0.26328999 -0.05944055
v 0.09382605 -0.25978300 -0.06023788
v 0.06373709 -0.28286499 0.00686651
v 0.07629710 -0.28072801 0.00707954
v 0.06382167 -0.28232101 0.01400625
v 0.05046266 -0.28354800 0.01365005
v 0.07625240 -0.27918500 0.02189278
v 0.07620090 -0.27772200 0.02944874
v 0.06413918 -0.27990898 0.02875155
v 0.08692407 -0.27278301 0.03782498
v 0.08760136 -0.27625600 0.02250570
v 0.00944984 -0.09627020 -0.08951306
v -0.00230339 -0.09614893 -0.08672449
v -0.01171648 -0.09770739 -0.08439821
v -0.04833197 -0.09407007 0.03473985
v -0.08487880 -0.17553900 0.00000000
v -0.08361256 -0.17526400 0.01581066
v -0.06398069 -0.14410400 0.05455958
v -0.06528449 -0.18904901 0.05630868
v -0.07138750 -0.10109375 0.00000008
v -0.07515317 -0.11454999 -0.00955164
v -0.07111787 -0.10151100 -0.01090717
v -0.07568604 -0.23552251 0.00925207
v -0.07531368 -0.23564801 0.01232969
v -0.07509699 -0.23545700 0.01505345
v -0.07998770 -0.22059600 0.01323956
v -0.08059269 -0.22064699 0.00670946
v -0.07990950 -0.22412300 0.00000000
v 0.03801590 -0.27955601 -0.03463035
v 0.05162507 -0.27928001 -0.03536695
v -0.00820994 -0.27400899 0.02591758
v 0.00746787 -0.27797499 0.02639734
v -0.00690639 -0.27252701 0.03261494
v -0.04815477 -0.23182300 -0.06834459
v -0.05677938 -0.23325200 -0.05924886
v -0.04138505 -0.24393500 -0.05962854
v -0.04684108 -0.24580900 -0.05132645
v -0.05686157 -0.24976701 -0.02476918
v -0.05888247 -0.25054401 0.01242667
v -0.05937469 -0.25072300 0.00623357
v -0.04248207 -0.26150900 0.01246529
v -0.05804967 -0.25022799 0.01858788
v -0.05138325 -0.25668499 0.00000000
v -0.00998062 -0.27582499 -0.01266318
v -0.01042646 -0.27622801 -0.00619119
v -0.02662587 -0.27011600 -0.00616270
v -0.02029848 -0.27291101 0.00000000
v -0.02662420 -0.27010998 0.00621331
v -0.04248237 -0.26151699 -0.01247876
v -0.04297715 -0.26179001 -0.00616425
v -0.04297620 -0.26178399 0.00620860
v -0.06285440 -0.23414300 0.05063629
v -0.05064368 -0.24720600 0.04381239
v -0.06406637 -0.23407894 0.04882564
v -0.06695890 -0.23468891 0.04304158
v -0.05181640 -0.09900176 0.05606627
v -0.06556791 -0.11417600 0.04311740
v -0.06955701 -0.12937200 0.04205387
v -0.06913298 -0.11431600 0.03539496
v -0.06027668 -0.12894800 0.05612039
v -0.07286810 -0.14455900 0.04061865
v 0.04314148 -0.10210550 0.09240832
v 0.04527497 -0.10519590 0.09291249
v -0.00651950 -0.09579116 0.08470988
v -0.00133610 -0.09543007 0.08609127
v 0.00931358 -0.09627956 0.08948737
v 0.01077955 -0.09523973 0.08926338
v 0.00368255 -0.09666085 0.08849376
v 0.09554600 -0.20656200 0.09053540
v 0.06152784 -0.15693900 0.09709829
v 0.08773452 -0.20297195 0.09317755
v 0.05065417 -0.21508600 0.09570157
v 0.05869746 -0.21728700 0.09486699
v 0.05740177 -0.22860000 0.09189558
v 0.06248265 -0.21772800 0.09450405
v 0.06776809 -0.22799499 0.09109848
v 0.04571467 -0.22700299 0.09293550
v 0.09353405 -0.21066199 0.09033739
v 0.08720827 -0.20634900 0.09286946
v 0.08568859 -0.20853500 0.09286969
v 0.08012908 -0.22395100 0.09035789
v 0.07535797 -0.21607800 0.09341496
v 0.03536438 -0.11843200 0.09460675
v 0.02148854 -0.12055800 0.09397149
v 0.02782475 -0.17061000 0.09735745
v 0.04207038 -0.15371500 0.09748357
v -0.05075424 -0.20225699 0.07053029
v -0.06047040 -0.10089200 -0.04565936
v -0.06905275 -0.10022100 0.01764076
v -0.06730866 -0.10010000 0.02560979
v -0.05711400 -0.09467780 0.00000363
v -0.07052385 -0.10032100 0.00000025
v -0.07041090 -0.10031400 0.00501579
v 0.05619597 -0.23839501 0.08780318
v 0.06001257 -0.24632201 0.08260238
v 0.06281250 -0.23786099 0.08745616
v 0.06769818 -0.24502701 0.08250725
v 0.05786108 -0.25361201 0.07698106
v -0.04165196 -0.26102200 0.01875859
v -0.05686479 -0.24975900 0.02473938
v -0.02100396 -0.26530501 0.03861105
v 0.04303079 -0.26589501 0.06342166
v 0.01179057 -0.27148399 0.04730975
v 0.02480357 -0.27630201 0.04102587
v 0.02268224 -0.28038099 0.02692067
v 0.00861126 -0.27632600 0.03326904
v -0.00534367 -0.25334299 0.06900715
v -0.02608907 -0.25164801 0.06030529
v -0.00033771 -0.22047600 0.09208780
v 0.00567925 -0.21852851 0.09345555
v 0.02650105 -0.21895300 0.09495055
v 0.08640187 -0.23829900 0.08256798
v 0.10316400 -0.24240901 0.07351720
v 0.03933787 -0.22533700 -0.09350967
v 0.01749411 -0.21464950 -0.09545528
v 0.01929187 -0.21410391 -0.09568220
v 0.05271738 -0.12734000 -0.09558379
v 0.05559760 -0.13471700 -0.09599018
v 0.05855888 -0.14916000 -0.09708446
v 0.06138708 -0.15971850 -0.09738942
v 0.10931634 -0.21157768 -0.08421774
v 0.09953400 -0.20785500 -0.08894097
v 0.05859345 -0.21745999 -0.09484219
v 0.06240558 -0.21790200 -0.09447735
v 0.05733448 -0.22875400 -0.09185600
v 0.05461394 -0.21659599 -0.09524357
v 0.04558897 -0.22715500 -0.09289747
v 0.06453025 -0.20515400 -0.09629255
v 0.05160206 -0.22826199 -0.09234631
v 0.04900765 -0.23848701 -0.08816039
v 0.04147595 -0.23780391 -0.08863669
v 0.06775075 -0.22813800 -0.09105807
v 0.06273496 -0.22869401 -0.09142661
v 0.06601959 -0.21796501 -0.09414905
v 0.06553226 -0.19477400 -0.09691578
v 0.06882756 -0.20592800 -0.09586000
v 0.09461820 -0.22253600 -0.08684068
v 0.08903908 -0.21711700 -0.09012657
v 0.09751838 -0.21881899 -0.08702379
v 0.12786099 -0.23152100 -0.06418639
v 0.12197600 -0.23906600 -0.06340175
v 0.11795700 -0.23568800 -0.06928819
v 0.13607550 -0.22263345 -0.06205660
v 0.12126400 -0.25149301 -0.04893988
v 0.11131100 -0.25437400 -0.05515635
v 0.11865600 -0.24870400 -0.05603855
v 0.15349200 -0.22861201 -0.02772837
v -0.08262646 -0.21162701 0.00000000
v -0.04436087 -0.09989219 -0.06567299
v -0.05006426 -0.11353100 -0.06375867
v -0.06392377 -0.14409891 -0.05469906
v -0.06522458 -0.18904100 -0.05644929
v -0.04557156 -0.15754600 -0.07398468
v -0.04719150 -0.12824100 -0.06926685
v -0.02476239 -0.19779000 -0.08604300
v -0.05068689 -0.20224400 -0.07061725
v 0.07550799 -0.26163799 -0.06529635
v 0.05607825 -0.25996500 -0.07067996
v 0.04517740 -0.26065701 -0.07028698
v 0.06276869 -0.23798899 -0.08740550
v 0.02635776 -0.25342199 -0.07670956
v 0.03348034 -0.26046401 -0.06991475
v 0.03299856 -0.24637100 -0.08316117
v 0.03358626 -0.23639999 -0.08917897
v -0.00047585 -0.22051699 -0.09205406
v -0.00411877 -0.22146150 -0.09113753
v -0.01077309 -0.22331050 -0.08916453
v -0.01728632 -0.22500850 -0.08686437
v -0.02093535 -0.22607599 -0.08534598
v 0.11792600 -0.23565800 0.06933438
v 0.12786201 -0.21995600 0.07072776
v 0.10497700 -0.26229599 0.04713338
v 0.09502106 -0.26348498 0.05345267
v 0.08793735 -0.27782398 0.00732231
v 0.07306367 -0.28154600 0.00000000
v 0.13668790 -0.25335899 0.00000000
v 0.12539490 -0.25572199 0.03358805
v 0.11507700 -0.25972798 0.04050886
v 0.10731400 -0.26677501 0.03180176
v 0.15627900 -0.23221000 -0.01431876
v 0.15551600 -0.23187600 -0.01911479
v 0.13214500 -0.23416300 0.05785816
v 0.14233799 -0.24023600 0.03554838
v 0.11130100 -0.25435400 0.05521315
v 0.04527449 -0.10519500 -0.09291297
v -0.00714874 -0.15208390 -0.09134346
v -0.03705358 -0.25803900 -0.03784835
v 0.01407879 -0.26819801 -0.05460280
v -0.00322145 -0.26819998 -0.04641246
v 0.05220508 -0.27678600 -0.04265916
v 0.03042340 -0.26559699 -0.06272989
v 0.03995817 -0.27410799 -0.04902046
v 0.06413739 -0.27992100 -0.02869617
v 0.06382155 -0.28232801 -0.01393765
v 0.05075746 -0.28261399 -0.02076178
v 0.12805900 -0.25820500 -0.01700168
v 0.11773300 -0.26315001 -0.02455967
v 0.08589339 -0.26708600 -0.05251818
v 0.09239697 -0.25543100 -0.06660795
v 0.10171200 -0.25566998 -0.06103265
v 0.09605646 -0.26661101 -0.04616010
v 0.07496929 -0.25024900 -0.07726496
v 0.08224397 -0.24772701 -0.07749819
v 0.08336555 -0.25365999 -0.07198327
v 0.07466775 -0.24330400 -0.08242011
v 0.05075675 -0.28260401 0.02081447
v 0.05114626 -0.28119200 0.02809768
v 0.03729075 -0.28140301 0.02748745
v 0.05028408 -0.28407699 0.00668329
v 0.05462825 -0.28396800 0.00000000
v 0.05162465 -0.27926299 0.03541177
v 0.06434947 -0.27794099 0.03618609
v 0.07627910 -0.28017300 0.01440775
v 0.06396198 -0.28135201 0.02132910
v 0.08730477 -0.27478001 0.03018957
v 0.02546215 -0.09522765 -0.09111207
v -0.01503607 -0.09703436 -0.08275634
v -0.07400638 -0.23533300 0.02176538
v 0.02267730 -0.28039801 -0.02688837
v -0.05064427 -0.24721999 -0.04381740
v -0.06295448 -0.23415700 -0.05047565
v -0.02613890 -0.25168699 -0.06023937
v -0.05531769 -0.24913199 -0.03086858
v -0.05937469 -0.25072700 -0.00619572
v -0.07747650 -0.22037500 -0.02606600
v -0.07337371 -0.23532097 -0.02458395
v -0.07443517 -0.20489199 -0.04047715
v -0.07729238 -0.20512190 -0.03408879
v -0.00923824 -0.27510700 -0.01923739
v 0.00589889 -0.27999300 -0.01282507
v -0.05804586 -0.25023600 -0.01862305
v -0.03649938 -0.26554701 0.00000000
v -0.07560640 -0.22020599 0.03201115
v -0.06123477 -0.11400300 0.05037659
v -0.07302105 -0.12952299 0.03447008
v 0.02688881 -0.09490784 0.09107378
v 0.01608020 -0.09582281 0.09037470
v 0.01911717 -0.10817000 0.09235227
v 0.02407026 -0.09528410 0.09103029
v 0.00797868 -0.12250200 0.09239417
v 0.04934184 -0.11266067 0.09379047
v 0.04975157 -0.11624690 0.09437310
v 0.05551553 -0.13777250 0.09644678
v 0.05009478 -0.11251500 0.09336066
v 0.12200590 -0.21565300 0.07538169
v 0.00382453 -0.09507185 0.08722478
v 0.00940353 -0.09468668 0.08820235
v 0.01611417 -0.09422737 0.08906835
v 0.10006200 -0.21449800 0.08730900
v 0.07789438 -0.21498999 0.09323340
v 0.06943106 -0.21751601 0.09388697
v 0.06607156 -0.21779300 0.09417736
v 0.08218336 -0.21218599 0.09297907
v 0.06666338 -0.17940800 0.09722447
v 0.07645822 -0.19598565 0.09587651
v 0.07098698 -0.20577200 0.09567439
v 0.06016010 -0.20310400 0.09679168
v 0.06555038 -0.19476600 0.09691470
v 0.05779045 -0.20161100 0.09706747
v 0.04799437 -0.20285399 0.09744960
v 0.06473726 -0.20498800 0.09629225
v 0.05474585 -0.21642700 0.09526616
v 0.06277608 -0.22854500 0.09146666
v 0.05169779 -0.22810701 0.09238529
v 0.08861649 -0.20372400 0.09291976
v 0.09136056 -0.21406500 0.09022009
v 0.00824195 -0.13570599 0.09357136
v 0.02272516 -0.13308100 0.09521138
v 0.02997559 -0.18312500 0.09754109
v 0.04214596 -0.21063800 0.09668117
v 0.03762388 -0.20719400 0.09721958
v 0.04100614 -0.20581301 0.09734195
v -0.06998485 -0.10028500 0.01082986
v 0.06683528 -0.25219101 0.07712846
v 0.04808729 -0.25433701 0.07687479
v 0.02622377 -0.27340400 0.04818558
v 0.02363139 -0.27860600 0.03395318
v 0.02192467 -0.28167799 0.01993256
v 0.02136850 -0.28254199 0.01307368
v 0.00590152 -0.27998301 0.01285356
v 0.02103149 -0.28302601 0.00640607
v 0.03627347 -0.28367800 0.01333916
v 0.00322783 -0.26144999 0.06153738
v 0.02627956 -0.21906900 -0.09491670
v 0.02520612 -0.21190999 -0.09635699
v 0.04975056 -0.11624300 -0.09437310
v 0.05550963 -0.13775049 -0.09644568
v 0.11605801 -0.21502450 -0.08013608
v 0.10281600 -0.20956300 -0.08748406
v 0.10648999 -0.21835890 -0.08378350
v 0.06152778 -0.15693900 -0.09709846
v 0.09144067 -0.21413200 -0.09018456
v 0.08408385 -0.21058100 -0.09287470
v 0.06940227 -0.21768400 -0.09385746
v 0.06878027 -0.18522400 -0.09694722
v 0.07623551 -0.19577199 -0.09591227
v 0.06672435 -0.20566499 -0.09606760
v 0.10863600 -0.22787400 -0.07927328
v 0.14257699 -0.22410999 -0.05247336
v 0.14470491 -0.24158400 -0.02713865
v 0.15343399 -0.23096600 -0.02809774
v 0.14235801 -0.24025200 -0.03548377
v 0.13397400 -0.24870799 -0.03447890
v -0.08349388 -0.20580100 0.00000000
v -0.08059066 -0.22064699 -0.00678825
v -0.05102330 -0.14329000 -0.06821298
v -0.04319149 -0.11320900 -0.06978237
v 0.07520979 -0.25635600 -0.07152807
v 0.05612540 -0.23852800 -0.08774995
v 0.06888580 -0.23693290 -0.08712697
v 0.04804456 -0.25442299 -0.07680976
v 0.14797600 -0.24322800 0.00000000
v 0.13818000 -0.25171998 -0.00887108
v 0.10624200 -0.26480100 0.03958415
v 0.10345400 -0.25926101 0.05433267
v 0.11334800 -0.25728300 0.04805999
v 0.02804756 -0.26988700 -0.05541539
v 0.04301548 -0.26594600 -0.06336438
v 0.03728669 -0.28141901 -0.02744626
v 0.05114328 -0.28120700 -0.02804887
v 0.06373649 -0.28286901 -0.00678319
v 0.05046164 -0.28355598 -0.01358979
v 0.08439570 -0.25882000 -0.06594979
v 0.09966546 -0.25147700 -0.06727087
v 0.10497800 -0.26231399 -0.04707199
v 0.07612490 -0.27573401 0.03699046
v 0.06460785 -0.27539599 0.04356235
v -0.07153785 -0.10153400 -0.00503772
v -0.07203022 -0.23516664 0.02980067
v -0.07451957 -0.23556601 0.01832097
v -0.07595658 -0.23555300 0.00417071
v -0.07602723 -0.23556334 0.00000000
v -0.07577866 -0.23569600 0.00618029
v 0.00655967 -0.27919301 -0.01954299
v 0.02136617 -0.28255200 -0.01303344
v 0.00550085 -0.28043801 -0.00624961
v -0.00258148 -0.27867499 0.00000000
v 0.00656140 -0.27917901 0.01956540
v -0.01042449 -0.27622199 0.00624782
v -0.02614569 -0.26976100 0.01254940
v -0.00997818 -0.27581501 0.01267880
v -0.01938265 -0.24832501 -0.06863349
v -0.03103595 -0.25432101 -0.05214935
v -0.05332595 -0.24830100 -0.03709787
v -0.07062614 -0.23493150 -0.03436479
v -0.07556539 -0.22019999 -0.03219544
v -0.06392288 -0.24722300 0.00000000
v -0.07955545 -0.20529500 -0.02767264
v -0.05888044 -0.25054899 -0.01245635
v -0.06532686 -0.12918399 0.04924094
v 0.02546107 -0.09522777 0.09110945
v 0.00680041 -0.10941400 0.09077090
v 0.04393219 -0.10161700 0.09187698
v 0.04168659 -0.09922587 0.09118860
v 0.04677585 -0.10690150 0.09307110
v 0.05856084 -0.14916700 0.09708446
v 0.05271935 -0.12734801 0.09558397
v 0.07454478 -0.20524900 0.09534978
v 0.07253217 -0.21693191 0.09363299
v 0.08402055 -0.21047200 0.09290629
v 0.05010336 -0.18891791 0.09784477
v 0.07510372 -0.19461995 0.09607600
v 0.06897538 -0.19307999 0.09668296
v 0.07780629 -0.19721800 0.09564548
v 0.07890355 -0.19812891 0.09543055
v 0.07872051 -0.20330700 0.09499377
v 0.06691819 -0.20548800 0.09606885
v 0.06247979 -0.20420700 0.09653329
v 0.00887465 -0.14889289 0.09451186
v 0.03511828 -0.20819400 0.09709805
v 0.03890806 -0.27711400 0.04185789
v 0.02102959 -0.28303200 -0.00633806
v 0.03558105 -0.28433400 0.00000000
v 0.03600889 -0.28419301 -0.00645643
v 0.03601038 -0.28418800 0.00652981
v 0.03670686 -0.28276598 0.02034896
v -0.01121127 -0.25737101 0.06091898
v 0.04192519 -0.21076700 -0.09666711
v 0.03553879 -0.20802701 -0.09712040
v 0.04902869 -0.20240399 -0.09744936
v 0.05754816 -0.20173790 -0.09707248
v 0.05992889 -0.20324500 -0.09679508
v 0.06226027 -0.20436101 -0.09653508
v 0.10014100 -0.21455100 -0.08727276
v 0.09362280 -0.21071100 -0.09030336
v 0.10738300 -0.21144190 -0.08527147
v 0.08218610 -0.20009746 -0.09467548
v 0.07990807 -0.19890299 -0.09521919
v 0.09357547 -0.20574999 -0.09127187
v 0.09569019 -0.20662500 -0.09048205
v 0.08385866 -0.23130891 -0.08668720
v 0.08016538 -0.22406700 -0.09031826
v 0.08782720 -0.22873899 -0.08667236
v 0.07234197 -0.22714201 -0.09075057
v 0.07082259 -0.20596901 -0.09566986
v 0.07792067 -0.21513300 -0.09320157
v 0.07536840 -0.21623100 -0.09338361
v 0.08344107 -0.22205999 -0.09019351
v 0.08019447 -0.21382400 -0.09305608
v 0.09140050 -0.22582391 -0.08672356
v 0.09976929 -0.22793700 -0.08310806
v 0.13217200 -0.23418300 -0.05780750
v 0.13845600 -0.22446391 -0.05877280
v 0.13159791 -0.24689400 -0.04238760
v 0.14891399 -0.22671799 -0.04052209
v 0.15065300 -0.22974800 -0.03648686
v -0.08076578 -0.22077800 0.00000000
v 0.07444626 -0.23542699 -0.08691436
v 0.03752285 -0.25436300 -0.07673937
v 0.04256927 -0.24712600 -0.08289855
v 0.14749999 -0.24315099 -0.00928926
v 0.03670656 -0.28277901 -0.02030509
v 0.05028295 -0.28408200 -0.00660485
v 0.10898100 -0.25091201 -0.06182497
v 0.10346100 -0.25928101 -0.05427545
v 0.11335200 -0.25730199 -0.04799854
v 0.10624900 -0.26481301 -0.03951996
v 0.07603770 -0.27316999 0.04443478
v 0.02192348 -0.28169200 -0.01989889
v 0.00746250 -0.27799299 -0.02637505
v 0.00550300 -0.28043199 0.00631207
v -0.00923663 -0.27509201 0.01924729
v -0.03452867 -0.25639799 -0.04468095
v -0.07178837 -0.23526700 -0.03037399
v -0.06966918 -0.23502091 -0.03666889
v 0.05559760 -0.13471700 0.09598976
v 0.03746676 -0.13019900 0.09584367
v 0.04797988 -0.10692200 0.09246092
v 0.04529458 -0.10276700 0.09172379
v 0.07233846 -0.22700600 0.09079086
v 0.06877621 -0.18521550 0.09694767
v 0.06726646 -0.18141399 0.09714925
v 0.08017969 -0.19910291 0.09515857
v 0.07609647 -0.20473699 0.09521365
v 0.06900727 -0.20573999 0.09586286
v 0.03996217 -0.27407801 0.04906195
v 0.03801655 -0.27953601 0.03466749
v 0.01629108 -0.28255200 0.00000000
v 0.08223557 -0.21230701 -0.09294706
v 0.08729100 -0.20642599 -0.09283947
v 0.08871495 -0.20375501 -0.09289318
v 0.07784078 -0.19724250 -0.09563845
v 0.07902598 -0.19822600 -0.09540599
v 0.08773442 -0.20297195 -0.09317946
v 0.08354967 -0.20128800 -0.09434795
v 0.09066319 -0.25044399 -0.07245916
v 0.08872210 -0.24474201 -0.07777190
v 0.11237500 -0.24171790 -0.06861096
v 0.07252430 -0.21709301 -0.09360218
v 0.07441419 -0.20546401 -0.09534215
v 0.07648390 -0.22576700 -0.09050387
v 0.08638370 -0.21974900 -0.09012955
v 0.06896656 -0.19308500 -0.09668368
v 0.10331400 -0.22349299 -0.08341717
v 0.12558100 -0.24207291 -0.05692237
v 0.13606299 -0.23651591 -0.05086648
v 0.12350490 -0.25384301 -0.04140037
v 0.13946000 -0.23855899 -0.04340606
v 0.14718300 -0.22823890 -0.04443168
v 0.13479200 -0.22289200 -0.06340426
v 0.14336599 -0.22631299 -0.05161052
v 0.14374889 -0.22529800 -0.05122315
v 0.14975899 -0.22819349 -0.03944268
v 0.08089870 -0.24104200 -0.08244329
v 0.08643347 -0.23837800 -0.08252376
v 0.07942628 -0.23354100 -0.08676785
v 0.03627175 -0.28368700 -0.01328837
v -0.07336747 -0.23544200 0.02428644
v -0.06721413 -0.23457366 -0.04268894
v -0.07311820 -0.21996590 -0.03837519
v -0.07528567 -0.23564491 -0.01260030
v 0.05568534 -0.19942796 0.09735239
v 0.07445240 -0.19390300 0.09616070
v 0.07283848 -0.20560201 0.09550338
v 0.07982796 -0.20240501 0.09491008
v 0.07748538 -0.20408499 0.09509497
v 0.05287688 -0.27364099 0.04993897
v 0.07739156 -0.20431300 -0.09508419
v 0.08598905 -0.20256200 -0.09369015
v 0.07976698 -0.20264600 -0.09489589
v 0.08078360 -0.20162600 -0.09482806
v 0.11571000 -0.24543799 -0.06261467
v 0.07269036 -0.20580800 -0.09549731
v 0.07456627 -0.19402850 -0.09614643
v 0.07519680 -0.19472399 -0.09606426
v 0.10442800 -0.23294701 -0.07883697
v 0.09452658 -0.24130200 -0.07808625
v 0.09580600 -0.23185191 -0.08285605
v 0.09974336 -0.23738600 -0.07844126
v 0.12880500 -0.24466999 -0.04989576
v 0.14883099 -0.22895500 -0.04090505
v 0.14244100 -0.22617999 -0.05293560
v -0.07443958 -0.23555601 -0.01881855
v -0.07575565 -0.23569299 -0.00661248
v 0.08083039 -0.20137700 0.09484380
v 0.05221015 -0.27676401 0.04270339
v 0.07598400 -0.20495901 -0.09520435
v 0.07864397 -0.20354190 -0.09498137
v 0.08576196 -0.20862900 -0.09283876
v 0.11347700 -0.23199990 -0.07457005
v 0.09724169 -0.24671599 -0.07295578
v 0.09137660 -0.23531999 -0.08266139
v 0.15414101 -0.22997749 -0.02675157
v -0.07524353 -0.23547350 -0.01386913
v 0.10858500 -0.23759000 -0.07401126
v 0.10630200 -0.24692801 -0.06793856
v 0.10319500 -0.24244991 -0.07347309
v 0.14477593 -0.15005243 -0.00983952
v 0.13058543 -0.15010300 -0.03850001
v 0.13283843 -0.14317849 0.05334750
v 0.14365442 -0.12775990 -0.02688223
v 0.14785193 -0.12663676 -0.04743969
v 0.15973277 -0.12179734 -0.01600247
v 0.16040076 -0.12366034 -0.01092205
v 0.16084974 -0.12727934 -0.00517339
v 0.15973277 -0.12179767 0.01600231
v 0.14784944 -0.12662974 0.04743958
v 0.14652494 -0.17758846 0.04697038
v 0.15664722 -0.18096142 0.00000000
v 0.14652494 -0.17758846 -0.04697053
v 0.13758734 -0.14526591 0.04203218
v 0.13796642 -0.14310300 0.04098498
v 0.13854043 -0.14084099 0.03932631
v 0.13937943 -0.13834800 0.03698277
v 0.14185242 -0.13512801 0.02809727
v 0.14276543 -0.13500400 0.02416139
v 0.14341542 -0.13622600 0.02006366
v 0.14481743 -0.15011500 0.00972032
v 0.14479043 -0.15294200 0.01000708
v 0.14387242 -0.16266800 0.01738828
v 0.14237793 -0.16513245 0.02538504
v 0.13968444 -0.16250646 0.03580501
v 0.14336044 -0.16451791 0.02093005
v 0.14150544 -0.16508500 0.02954334
v 0.14058743 -0.16412900 0.03294932
v 0.13892794 -0.16077600 0.03829455
v 0.13796943 -0.15718500 0.04094111
v 0.13767342 -0.15558501 0.04177099
v 0.13776088 -0.15015222 0.03714238
v 0.13776343 -0.14693500 0.03658360
v 0.13787238 -0.14405996 0.03553271
v 0.13800788 -0.14150099 0.03356686
v 0.13819444 -0.13955191 0.03098377
v 0.13838243 -0.13841189 0.02802008
v 0.13864633 -0.13807900 0.02418500
v 0.13889644 -0.13894400 0.02042168
v 0.13775644 -0.15336791 0.03656095
v 0.13889943 -0.16110900 0.02002722
v 0.13867643 -0.16206300 0.02341079
v 0.13840143 -0.16195200 0.02736920
v 0.13818893 -0.16082200 0.03069597
v 0.13785487 -0.15610999 0.03556195
v 0.13799343 -0.15881801 0.03346720
v 0.14480142 -0.14773200 -0.00992584
v 0.14475343 -0.14547400 -0.01051199
v 0.14467442 -0.14345200 -0.01139700
v 0.14421442 -0.14106700 -0.01350182
v 0.14263543 -0.13517299 -0.02454853
v 0.14180744 -0.13514499 -0.02827942
v 0.14328143 -0.13553999 -0.02150034
v 0.14392243 -0.13715400 -0.01761043
v 0.14430943 -0.13920599 -0.01474952
v 0.14055642 -0.13635500 -0.03264129
v 0.13835143 -0.14132901 -0.04001116
v 0.13777442 -0.14387400 -0.04160034
v 0.13750143 -0.15434900 -0.04224658
v 0.13787943 -0.15674400 -0.04119747
v 0.13848034 -0.15922500 -0.03945982
v 0.13934644 -0.16184101 -0.03702813
v 0.14427742 -0.16031700 -0.01434522
v 0.14454032 -0.15734491 -0.01199454
v 0.13766143 -0.14676151 -0.03642797
v 0.13779444 -0.14338741 -0.03499632
v 0.13889943 -0.13897900 -0.02033442
v 0.13866143 -0.13810000 -0.02391284
v 0.13839343 -0.13835000 -0.02776813
v 0.13819642 -0.13948300 -0.03086423
v 0.13910343 -0.15681700 -0.01491171
v 0.13905643 -0.15888700 -0.01667606
v 0.13894843 -0.16068800 -0.01917499
v 0.13840143 -0.16206300 -0.02605259
v 0.13809143 -0.16119300 -0.02946913
v 0.13873443 -0.16193500 -0.02263683
v 0.13818043 -0.16069600 -0.03093010
v 0.13797642 -0.15876900 -0.03342944
v 0.13785543 -0.15600544 -0.03561818
v 0.13779339 -0.15365091 -0.03660833
v 0.13807443 -0.15959390 -0.03263753
v 0.12986542 -0.15010300 0.03751528
v 0.12986143 -0.15402900 0.03690248
v 0.12985943 -0.15760000 0.03511273
v 0.12985642 -0.16042300 0.03234237
v 0.12985542 -0.16226400 0.02883845
v 0.12985443 -0.16294099 0.02489548
v 0.12985443 -0.16294099 0.02082538
v 0.12985642 -0.16102600 0.01706659
v 0.12985843 -0.15803801 0.01407980
v 0.12986143 -0.15427200 0.01216048
v 0.12986542 -0.15010300 0.01149988
v 0.12986843 -0.14608291 0.01261049
v 0.12987134 -0.14246200 0.01447653
v 0.12987342 -0.13962699 0.01736015
v 0.12987442 -0.13784300 0.02095055
v 0.12987544 -0.13660400 0.02499979
v 0.12987544 -0.13726500 0.02917432
v 0.12987342 -0.13917999 0.03293299
v 0.12987134 -0.14216700 0.03591990
v 0.12986843 -0.14617999 0.03690391
v 0.12986442 -0.15010300 -0.03751540
v 0.12986843 -0.14617600 -0.03690266
v 0.12987043 -0.14260601 -0.03511285
v 0.12987342 -0.13978299 -0.03234249
v 0.12987442 -0.13794100 -0.02883863
v 0.12987544 -0.13726500 -0.02489566
v 0.12987544 -0.13726500 -0.02082550
v 0.12987342 -0.13917999 -0.01706683
v 0.12987134 -0.14216700 -0.01407992
v 0.12986843 -0.14593400 -0.01216053
v 0.12986542 -0.15010300 -0.01150000
v 0.12986143 -0.15412299 -0.01261061
v 0.12985843 -0.15774301 -0.01447665
v 0.12985642 -0.16057800 -0.01736027
v 0.12985542 -0.16236199 -0.02095073
v 0.12985443 -0.16360191 -0.02500003
v 0.12985443 -0.16294099 -0.02917444
v 0.12985642 -0.16102600 -0.03293323
v 0.12985843 -0.15803801 -0.03592002
v 0.12986143 -0.15402500 -0.03690403
v 0.13058543 -0.15010300 0.03849989
v 0.15652743 -0.12390800 0.01112043
v 0.15635243 -0.12215000 0.01635998
v 0.13783944 -0.13099100 0.04016757
v 0.13440543 -0.16545500 0.05090951
v 0.13283843 -0.14317900 -0.05334773
v 0.13441743 -0.16546901 -0.05019152
v 0.13375942 -0.16384891 -0.05213266
v 0.13590343 -0.16807400 -0.04784345
v 0.13217643 -0.15579399 -0.05498635
v 0.13559543 -0.16678700 -0.04703599
v 0.13821644 -0.13252500 -0.04363811
v 0.13734643 -0.13334800 -0.04556453
v 0.13471343 -0.13680699 -0.04944390
v 0.13386244 -0.13846700 -0.05128562
v 0.13320944 -0.14066200 -0.05264282
v 0.14232042 -0.12965100 -0.02625203
v 0.14424343 -0.12856100 -0.01534676
v 0.14444743 -0.12914400 -0.01366674
v 0.14600334 -0.12820400 -0.01192331
v 0.14620343 -0.12974900 -0.00985569
v 0.14639942 -0.13128699 -0.00739509
v 0.14650244 -0.13170590 -0.00593215
v 0.14630842 -0.13059945 -0.00861236
v 0.14667943 -0.13230900 0.00000000
v 0.14650244 -0.13170590 0.00593209
v 0.14490743 -0.13269790 0.00872517
v 0.14473744 -0.13130000 0.01082038
v 0.14640144 -0.13130189 0.00735927
v 0.14630538 -0.13057449 0.00864962
v 0.14600334 -0.12820400 0.01192319
v 0.14533442 -0.12665500 0.01780992
v 0.14548843 -0.12660500 0.01653856
v 0.14582543 -0.12721400 0.01340830
v 0.14428544 -0.12862900 0.01500859
v 0.14126043 -0.12976600 0.03557842
v 0.13899143 -0.15101445 0.01292008
v 0.13741843 -0.13353500 0.04296010
v 0.14361942 -0.12778650 0.02703153
v 0.13292243 -0.16115500 -0.06378841
v 0.13413593 -0.16549695 -0.06264316
v 0.13597238 -0.16873050 -0.06089509
v 0.13339242 -0.16330300 -0.06326425
v 0.13498643 -0.16702899 -0.06179964
v 0.13287693 -0.15288100 -0.06385306
v 0.14022844 -0.13078900 -0.03486144
v 0.14533442 -0.12665500 -0.01781010
v 0.14612544 -0.12763891 -0.04986476
v 0.13492443 -0.13934000 -0.06164544
v 0.13591044 -0.13681300 -0.06067305
v 0.13734843 -0.13455799 -0.05930149
v 0.13986842 -0.13183591 -0.05681711
v 0.14164142 -0.13034600 -0.05495131
v 0.14430843 -0.12768391 -0.01621174
v 0.14585143 -0.12734246 -0.01319875
v 0.15867643 -0.12242900 -0.02200692
v 0.16026843 -0.12283701 -0.01203632
v 0.15995568 -0.12190900 -0.01423027
v 0.16066542 -0.12568334 -0.00817758
v 0.16056442 -0.12457250 -0.00949192
v 0.16015634 -0.12183800 -0.01292347
v 0.16077468 -0.12658098 -0.00666359
v 0.16094634 -0.12734801 -0.00255692
v 0.16097388 -0.12765050 0.00000000
v 0.16094634 -0.12734801 0.00255567
v 0.16078976 -0.12753966 0.00523521
v 0.16077706 -0.12632801 0.00631791
v 0.16074876 -0.12647367 0.00702443
v 0.16068542 -0.12556300 0.00809967
v 0.16057242 -0.12434600 0.00932926
v 0.16043243 -0.12331600 0.01067787
v 0.16023692 -0.12263000 0.01222196
v 0.15997511 -0.12182501 0.01428391
v 0.13652943 -0.13443200 0.04521101
v 0.13386244 -0.13846600 0.05128490
v 0.13321044 -0.14066100 0.05264258
v 0.13428943 -0.13750000 0.05152839
v 0.13667943 -0.13403700 0.04696327
v 0.15346244 -0.12453934 0.03766989
v 0.15681744 -0.12328700 0.02908027
v 0.14341606 -0.12874702 0.05306293
v 0.14617743 -0.12772146 0.04968539
v 0.14016242 -0.13156800 0.05651533
v 0.13768442 -0.13413499 0.05897843
v 0.13368744 -0.16364899 0.05226570
v 0.13322341 -0.14881450 0.06351158
v 0.14469692 -0.17708001 0.04999911
v 0.14216043 -0.17547351 0.05370780
v 0.15648243 -0.18085849 0.00782239
v 0.15077594 -0.17875899 -0.03798982
v 0.14316094 -0.17701694 0.05200803
v 0.14226143 -0.17661490 0.05330651
v 0.14011043 -0.17515700 0.05608880
v 0.13801344 -0.17314400 0.05854558
v 0.13597943 -0.17074999 0.06069177
v 0.13258976 -0.16514894 0.06384571
v 0.14080943 -0.17549300 0.05533355
v 0.13194343 -0.14848199 0.06446766
v 0.13286242 -0.14212289 0.06347996
v 0.13134193 -0.15710449 0.06497839
v 0.13521242 -0.13545245 0.06121841
v 0.14018488 -0.13001800 0.05640003
v 0.14530942 -0.12716395 0.05075237
v 0.13821343 -0.13200700 0.05849975
v 0.15985844 -0.12117700 0.01452761
v 0.16010743 -0.12171150 0.01298269
v 0.13343534 -0.16364095 0.06327882
v 0.15064743 -0.17906199 0.03818988
v 0.15591943 -0.18095399 0.01467806
v 0.15644044 -0.18117800 -0.00759190
v 0.15591943 -0.18095399 -0.01467919
v 0.15388443 -0.18013901 -0.02741980
v 0.14464593 -0.17756000 -0.04979622
v 0.14313093 -0.17700350 -0.05205181
v 0.14068937 -0.17556846 -0.05534917
v 0.13879243 -0.17388844 -0.05766574
v 0.13632610 -0.17112434 -0.06035388
v 0.13419640 -0.16816768 -0.06241868
v 0.13176943 -0.16208491 -0.06461143
v 0.13291693 -0.16097695 0.06374537
v 0.13408288 -0.16528645 0.06268498
v 0.13501944 -0.16708800 0.06176739
v 0.13604543 -0.16872999 0.06076705
v 0.14223343 -0.17546301 -0.05359834
v 0.15605943 -0.18120401 0.01219159
v 0.15445644 -0.18053301 0.02427238
v 0.15135443 -0.17945200 0.03602629
v 0.15135443 -0.17945200 -0.03602635
v 0.15445644 -0.18053301 -0.02427244
v 0.15605943 -0.18120401 -0.01219159
v 0.13134193 -0.15710449 -0.06497851
v 0.13799743 -0.17312691 -0.05856311
v 0.14009742 -0.17514691 -0.05610364
v 0.14225343 -0.17661101 -0.05331766
v 0.13286242 -0.14212300 -0.06348014
v 0.14541943 -0.12720700 -0.05066913
v 0.14027044 -0.12994850 -0.05631193
v 0.13840839 -0.13166499 -0.05822708
v 0.14337733 -0.12815800 -0.05310672
v 0.13720094 -0.13288799 -0.05938089
v 0.15727943 -0.12228400 -0.02719634
v 0.15652643 -0.12247500 -0.02911341
v 0.16049942 -0.12567100 -0.00700599
v 0.16052543 -0.12592100 0.00663954
v 0.13395242 -0.13778500 -0.06233680
v 0.13562644 -0.13466100 -0.06077504
v 0.15296642 -0.12129400 -0.01359099
v 0.14103542 -0.17315499 -0.04272145
v 0.14080243 -0.17261399 -0.04088324
v 0.14074343 -0.17261399 0.04112428
v 0.14114943 -0.17327490 0.04288190
v 0.15375143 -0.12759000 0.00524980
v 0.15375143 -0.12759000 -0.00524998
v 0.15722144 -0.12735100 -0.00604623
v 0.15696643 -0.12658501 -0.00743693
v 0.15652743 -0.12390800 -0.01112055
v 0.15635243 -0.12215000 -0.01636010
v 0.13930343 -0.17287000 -0.05720639
v 0.13779442 -0.17118900 -0.05903595
v 0.13762292 -0.17093301 0.05917045
v 0.13935943 -0.17293100 0.05713909
f 1 2 3
f 4 5 6
f 7 8 9
f 10 3 2
f 11 2 12
f 12 13 11
f 11 10 2
f 14 13 12
f 15 2 1
f 12 2 16
f 2 15 16
f 17 18 19
f 20 21 22
f 23 21 20
f 24 25 26
f 27 26 25
f 28 9 8
f 29 30 31
f 32 33 7
f 32 29 31
f 7 9 32
f 29 32 9
f 34 7 33
f 35 36 37
f 36 38 37
f 39 40 41
f 32 39 33
f 39 31 40
f 39 32 31
f 42 43 33
f 42 33 39
f 42 39 41
f 44 45 46
f 47 44 46
f 48 44 47
f 49 50 51
f 52 53 54
f 55 56 57
f 58 59 60
f 61 54 53
f 57 62 63
f 64 57 65
f 64 62 57
f 66 67 65
f 66 15 68
f 66 16 15
f 69 70 71
f 72 73 74
f 75 76 77
f 78 26 27
f 78 27 79
f 80 18 17
f 81 80 82
f 18 80 81
f 83 84 85
f 83 85 86
f 83 86 87
f 88 89 90
f 88 14 89
f 14 88 13
f 91 92 93
f 92 94 95
f 90 91 96
f 96 88 90
f 97 98 60
f 59 97 60
f 99 91 90
f 100 101 102
f 100 103 101
f 104 105 106
f 105 104 107
f 105 107 108
f 109 104 106
f 110 111 112
f 113 110 112
f 114 115 22
f 116 114 79
f 116 115 114
f 117 23 20
f 79 27 118
f 118 116 79
f 116 118 119
f 27 120 118
f 121 25 24
f 122 101 103
f 122 123 101
f 124 9 28
f 124 4 6
f 30 29 125
f 126 127 43
f 128 33 43
f 128 43 127
f 128 34 33
f 34 129 7
f 130 38 36
f 130 36 131
f 132 36 35
f 133 113 38
f 113 133 110
f 134 58 135
f 59 58 134
f 97 136 137
f 136 97 59
f 136 138 137
f 42 139 43
f 139 42 41
f 140 46 45
f 140 141 46
f 40 31 140
f 140 45 40
f 140 30 141
f 31 30 140
f 142 44 48
f 142 45 44
f 142 48 143
f 144 47 46
f 144 1 3
f 3 47 144
f 145 146 147
f 50 145 51
f 148 149 150
f 150 151 152
f 153 154 155
f 117 153 155
f 155 156 157
f 156 158 157
f 52 159 53
f 160 61 53
f 161 143 48
f 48 47 161
f 10 161 3
f 161 47 3
f 162 65 57
f 162 163 164
f 162 164 165
f 166 162 165
f 162 57 56
f 56 163 162
f 14 167 89
f 168 66 68
f 67 169 65
f 169 64 65
f 170 46 141
f 170 144 46
f 171 15 1
f 172 170 141
f 173 74 77
f 173 72 74
f 71 72 173
f 173 69 71
f 174 106 19
f 174 19 18
f 74 73 175
f 176 177 178
f 176 178 179
f 176 179 71
f 175 180 77
f 180 175 73
f 18 81 180
f 180 174 18
f 181 80 182
f 80 181 82
f 181 182 183
f 184 185 177
f 186 26 78
f 187 188 131
f 189 187 190
f 191 192 193
f 191 193 194
f 195 196 197
f 23 117 198
f 199 200 201
f 200 202 201
f 203 204 205
f 205 85 84
f 205 204 85
f 206 207 208
f 209 207 203
f 210 204 203
f 210 207 206
f 207 210 203
f 211 123 212
f 211 101 123
f 101 211 102
f 211 87 102
f 213 214 215
f 216 217 208
f 216 208 207
f 218 205 84
f 219 220 84
f 83 221 84
f 221 219 84
f 212 213 221
f 221 213 215
f 191 222 192
f 223 224 225
f 226 91 93
f 226 96 91
f 226 224 223
f 96 226 223
f 227 145 50
f 146 145 227
f 228 229 223
f 13 88 229
f 229 96 223
f 229 88 96
f 230 11 13
f 13 229 230
f 230 229 228
f 11 230 10
f 231 94 206
f 94 231 95
f 232 165 164
f 232 58 60
f 60 98 233
f 98 234 233
f 233 232 60
f 235 103 100
f 235 100 236
f 237 238 239
f 237 234 98
f 237 239 240
f 237 240 234
f 97 241 98
f 241 237 98
f 238 237 241
f 241 97 137
f 106 242 19
f 242 106 105
f 242 17 19
f 242 108 17
f 242 105 108
f 243 244 245
f 246 244 243
f 247 248 245
f 247 245 244
f 249 250 251
f 250 249 197
f 110 252 111
f 253 254 5
f 37 38 255
f 113 255 38
f 256 257 258
f 256 259 257
f 260 261 262
f 263 260 262
f 264 78 79
f 114 264 79
f 265 20 22
f 266 153 117
f 179 178 267
f 186 267 26
f 267 186 179
f 268 121 24
f 269 27 25
f 269 120 27
f 25 121 269
f 269 121 270
f 269 270 271
f 269 271 120
f 272 270 121
f 190 273 274
f 190 274 275
f 189 190 275
f 276 277 125
f 276 254 253
f 276 278 257
f 279 29 9
f 279 125 29
f 279 124 6
f 124 279 9
f 6 254 279
f 279 276 125
f 254 276 279
f 280 126 43
f 43 139 280
f 5 132 35
f 281 131 36
f 281 282 131
f 283 131 282
f 283 280 131
f 280 283 126
f 127 126 283
f 127 283 282
f 284 147 285
f 286 8 7
f 129 286 7
f 287 38 130
f 287 133 38
f 130 131 188
f 288 110 133
f 288 252 110
f 289 252 288
f 288 290 289
f 291 193 192
f 292 290 288
f 293 294 295
f 294 296 295
f 297 251 250
f 298 136 59
f 134 298 59
f 298 134 299
f 138 136 300
f 300 119 138
f 300 116 119
f 115 116 300
f 301 302 303
f 301 304 225
f 285 147 305
f 305 303 285
f 305 301 303
f 147 146 305
f 305 146 304
f 305 304 301
f 306 303 302
f 303 306 285
f 307 308 93
f 307 93 92
f 307 92 95
f 309 142 143
f 50 49 309
f 310 151 311
f 311 312 310
f 311 313 312
f 314 151 310
f 315 150 149
f 315 151 150
f 315 316 317
f 315 149 316
f 315 317 311
f 315 311 151
f 318 153 319
f 153 318 154
f 313 311 318
f 318 317 154
f 318 311 317
f 320 158 156
f 320 321 322
f 323 154 317
f 317 316 323
f 154 324 155
f 324 156 155
f 323 324 154
f 324 323 325
f 325 320 156
f 159 326 53
f 327 134 135
f 327 135 328
f 53 329 330
f 331 332 53
f 53 330 331
f 331 333 332
f 331 330 334
f 331 55 57
f 335 230 228
f 336 162 166
f 65 162 336
f 336 66 65
f 66 336 16
f 53 332 337
f 67 66 338
f 338 66 168
f 339 340 341
f 341 340 342
f 343 340 344
f 342 340 343
f 343 345 342
f 345 346 347
f 345 348 346
f 68 15 349
f 350 125 277
f 30 125 350
f 141 30 350
f 350 172 141
f 351 170 172
f 352 277 353
f 352 350 277
f 352 172 350
f 347 346 354
f 355 73 72
f 355 356 244
f 177 176 357
f 173 77 69
f 70 69 77
f 358 359 360
f 183 361 362
f 363 180 73
f 174 180 363
f 355 363 73
f 364 82 181
f 75 357 76
f 75 184 177
f 177 357 75
f 365 366 108
f 365 367 366
f 274 189 275
f 368 191 194
f 368 369 191
f 306 368 285
f 368 370 369
f 368 306 370
f 368 284 285
f 284 368 194
f 294 293 195
f 195 197 294
f 195 293 371
f 372 260 263
f 372 261 260
f 342 345 373
f 321 373 345
f 373 321 320
f 320 325 373
f 373 199 342
f 200 199 373
f 373 202 200
f 374 202 373
f 375 198 117
f 375 117 155
f 375 157 158
f 155 157 375
f 321 376 322
f 23 198 322
f 322 376 23
f 200 202 149
f 200 149 148
f 200 148 199
f 373 316 149
f 149 202 373
f 373 374 316
f 205 377 203
f 377 209 203
f 378 239 238
f 378 379 239
f 378 380 379
f 378 381 236
f 378 238 381
f 236 100 382
f 382 378 236
f 378 382 380
f 382 100 102
f 383 384 379
f 383 379 380
f 385 386 384
f 204 210 385
f 387 388 389
f 387 214 213
f 213 388 387
f 390 213 212
f 390 388 213
f 390 212 123
f 84 220 391
f 391 218 84
f 220 392 391
f 392 393 391
f 391 393 218
f 219 221 394
f 219 395 220
f 212 221 396
f 396 221 83
f 396 211 212
f 396 83 87
f 211 396 87
f 397 207 209
f 397 216 207
f 370 398 399
f 399 398 400
f 401 402 295
f 401 222 403
f 404 335 228
f 335 404 227
f 404 304 146
f 146 227 404
f 405 228 223
f 223 225 405
f 405 404 228
f 405 225 304
f 404 405 304
f 406 206 208
f 407 92 91
f 408 379 384
f 384 386 408
f 239 379 408
f 408 240 239
f 409 164 163
f 409 232 164
f 409 163 56
f 55 409 56
f 409 55 410
f 232 409 58
f 58 409 135
f 411 233 234
f 89 167 411
f 412 90 89
f 413 411 234
f 413 234 240
f 412 413 240
f 413 89 411
f 413 412 89
f 235 414 103
f 271 270 414
f 138 119 415
f 415 120 271
f 118 415 119
f 415 118 120
f 236 381 416
f 416 235 236
f 416 415 271
f 271 414 416
f 416 414 235
f 417 418 419
f 420 421 417
f 420 246 421
f 420 244 246
f 246 243 422
f 251 259 423
f 423 249 251
f 423 290 249
f 424 252 289
f 424 290 258
f 424 289 290
f 425 35 37
f 425 5 35
f 425 253 5
f 426 6 5
f 426 254 6
f 5 254 426
f 256 423 259
f 290 256 258
f 256 290 423
f 111 252 257
f 257 252 424
f 257 424 258
f 427 262 261
f 245 248 428
f 428 297 245
f 251 297 428
f 428 259 251
f 428 257 259
f 429 186 78
f 78 264 429
f 430 117 20
f 431 270 272
f 431 122 103
f 431 432 122
f 431 272 432
f 103 414 431
f 431 414 270
f 190 187 131
f 131 433 434
f 425 276 253
f 276 425 278
f 435 436 128
f 435 128 127
f 435 5 4
f 34 128 437
f 436 437 128
f 4 129 34
f 34 437 4
f 4 437 436
f 4 286 129
f 8 286 4
f 4 28 8
f 436 435 4
f 282 281 438
f 435 438 5
f 438 127 282
f 438 435 127
f 132 439 36
f 439 281 36
f 5 439 132
f 273 440 274
f 273 441 440
f 147 284 442
f 51 145 442
f 442 145 147
f 442 443 51
f 444 291 445
f 188 189 193
f 188 187 189
f 291 133 287
f 446 291 444
f 296 294 447
f 448 250 197
f 448 297 250
f 196 449 448
f 448 197 196
f 448 449 245
f 297 448 245
f 308 450 451
f 452 225 224
f 452 301 225
f 301 452 302
f 452 451 302
f 453 306 302
f 451 453 302
f 453 451 450
f 454 455 456
f 208 217 457
f 457 307 95
f 457 406 208
f 95 406 457
f 307 458 308
f 458 450 308
f 458 307 457
f 458 454 450
f 309 459 142
f 460 461 462
f 462 139 41
f 463 462 41
f 464 152 465
f 464 466 152
f 467 466 468
f 469 465 152
f 469 152 151
f 151 314 469
f 470 318 319
f 313 318 470
f 471 316 374
f 471 323 316
f 472 325 156
f 156 324 472
f 472 324 325
f 299 134 327
f 326 329 53
f 473 328 135
f 135 409 473
f 473 409 410
f 474 63 62
f 474 62 333
f 474 331 57
f 331 474 333
f 475 331 334
f 334 473 475
f 475 410 55
f 331 475 55
f 143 161 476
f 476 161 10
f 10 230 476
f 476 230 335
f 477 335 227
f 477 309 143
f 143 476 477
f 477 476 335
f 477 227 50
f 50 309 477
f 478 336 166
f 478 167 14
f 166 167 478
f 478 14 12
f 12 16 478
f 336 478 16
f 479 480 481
f 482 343 344
f 483 345 343
f 484 144 170
f 351 484 170
f 485 15 171
f 485 349 15
f 486 351 172
f 172 352 486
f 487 488 489
f 487 354 488
f 490 491 492
f 493 489 488
f 494 495 496
f 494 354 346
f 494 346 495
f 420 355 244
f 355 420 106
f 497 77 76
f 497 76 357
f 360 498 499
f 500 432 272
f 501 185 75
f 183 185 501
f 75 502 501
f 501 181 183
f 501 502 181
f 185 184 75
f 503 183 362
f 504 361 183
f 183 359 504
f 74 175 77
f 174 355 106
f 174 363 355
f 505 181 502
f 505 364 181
f 77 505 75
f 505 502 75
f 82 364 506
f 507 498 360
f 360 359 507
f 359 183 507
f 182 80 366
f 366 80 17
f 366 17 108
f 508 109 419
f 418 508 419
f 509 274 440
f 443 509 440
f 198 375 320
f 320 375 158
f 377 510 511
f 512 205 218
f 512 377 205
f 86 383 513
f 102 87 513
f 513 87 86
f 513 382 102
f 382 513 380
f 513 383 380
f 514 92 515
f 94 92 514
f 385 516 386
f 516 514 515
f 94 514 516
f 206 94 516
f 516 210 206
f 516 385 210
f 383 517 384
f 517 385 384
f 517 383 86
f 204 385 517
f 517 86 85
f 85 204 517
f 518 387 389
f 401 387 518
f 401 518 519
f 518 389 519
f 520 521 388
f 522 390 123
f 522 122 432
f 122 522 123
f 392 220 395
f 392 395 215
f 523 395 219
f 215 395 523
f 209 377 524
f 215 214 525
f 526 369 370
f 399 526 370
f 222 401 295
f 295 296 222
f 296 527 222
f 222 527 528
f 528 529 222
f 222 529 444
f 444 445 222
f 222 291 192
f 222 445 291
f 530 401 531
f 401 530 402
f 401 532 531
f 533 534 401
f 401 403 533
f 533 403 216
f 216 397 533
f 533 397 534
f 292 535 290
f 535 536 290
f 537 538 539
f 538 530 531
f 538 531 532
f 540 539 418
f 540 537 539
f 540 541 537
f 231 406 95
f 406 231 206
f 542 407 386
f 542 516 515
f 516 542 386
f 515 92 542
f 542 92 407
f 386 407 543
f 408 543 99
f 543 408 386
f 543 91 99
f 543 407 91
f 544 233 411
f 544 167 166
f 544 411 167
f 545 99 90
f 545 408 99
f 240 408 545
f 138 415 546
f 546 137 138
f 546 416 381
f 546 415 416
f 546 241 137
f 546 381 238
f 238 241 546
f 547 417 421
f 418 417 547
f 278 255 113
f 37 255 278
f 278 425 37
f 278 113 112
f 112 111 278
f 111 257 278
f 427 491 490
f 248 262 548
f 548 428 248
f 179 186 549
f 429 549 186
f 549 71 179
f 549 72 71
f 550 551 356
f 550 429 264
f 552 553 22
f 115 552 22
f 554 552 115
f 555 265 22
f 556 319 153
f 556 153 557
f 558 298 299
f 153 266 559
f 560 300 136
f 136 298 560
f 300 560 115
f 561 266 117
f 562 563 356
f 564 356 551
f 564 562 356
f 562 564 321
f 564 376 321
f 564 23 376
f 564 21 23
f 564 551 21
f 565 562 321
f 566 567 267
f 567 24 26
f 26 267 567
f 567 268 24
f 567 566 268
f 568 441 273
f 273 190 568
f 569 190 131
f 131 434 569
f 569 568 190
f 570 569 434
f 570 434 433
f 440 441 571
f 569 570 571
f 571 570 461
f 571 461 460
f 280 572 131
f 4 124 28
f 573 439 5
f 281 439 573
f 438 573 5
f 573 438 281
f 291 574 193
f 574 188 193
f 575 291 446
f 575 133 291
f 576 577 249
f 249 536 576
f 249 577 197
f 249 290 536
f 577 527 296
f 447 577 296
f 294 197 447
f 447 197 577
f 578 452 224
f 578 226 93
f 224 226 578
f 93 308 578
f 308 451 578
f 452 578 451
f 454 458 579
f 579 457 217
f 579 458 457
f 459 580 142
f 580 41 40
f 580 463 41
f 580 40 45
f 580 45 142
f 581 462 463
f 581 309 49
f 581 459 309
f 463 580 581
f 581 580 459
f 581 49 460
f 460 462 581
f 467 468 582
f 583 325 323
f 471 583 323
f 474 584 63
f 57 63 584
f 584 474 57
f 585 473 410
f 585 475 473
f 481 344 340
f 586 587 480
f 586 588 587
f 589 481 480
f 587 589 480
f 589 482 344
f 589 344 481
f 589 343 482
f 480 479 590
f 590 582 591
f 592 479 481
f 592 340 341
f 481 340 592
f 337 160 53
f 483 593 345
f 593 483 348
f 345 593 348
f 594 351 595
f 594 596 351
f 597 484 351
f 484 597 598
f 351 599 595
f 486 599 351
f 347 354 600
f 354 487 600
f 600 345 347
f 487 345 600
f 493 487 489
f 493 345 487
f 321 493 601
f 493 321 345
f 493 602 492
f 603 493 488
f 603 352 353
f 603 486 352
f 353 492 603
f 604 484 598
f 420 109 106
f 420 419 109
f 420 417 419
f 497 605 77
f 605 497 357
f 359 606 504
f 607 500 272
f 121 268 607
f 607 272 121
f 503 608 183
f 364 505 180
f 180 506 364
f 180 505 77
f 82 506 180
f 180 81 82
f 367 519 389
f 498 507 609
f 609 507 521
f 610 366 367
f 610 182 366
f 418 611 612
f 613 284 194
f 194 509 613
f 613 509 443
f 613 442 284
f 613 443 442
f 614 322 198
f 198 320 614
f 614 320 322
f 512 510 377
f 512 615 510
f 616 388 390
f 616 520 388
f 522 616 390
f 219 394 523
f 523 394 221
f 523 221 215
f 617 377 511
f 401 534 618
f 618 524 401
f 209 524 618
f 618 397 209
f 397 618 534
f 619 401 524
f 619 524 377
f 619 377 617
f 620 525 621
f 215 525 620
f 620 392 215
f 620 393 392
f 622 401 519
f 622 532 401
f 623 612 611
f 624 625 222
f 624 455 454
f 454 579 624
f 624 579 625
f 536 529 528
f 536 528 527
f 536 577 576
f 577 536 527
f 292 444 529
f 292 446 444
f 536 292 529
f 292 536 535
f 541 626 627
f 627 626 371
f 628 538 537
f 628 530 538
f 530 628 402
f 628 627 402
f 628 537 541
f 541 627 628
f 538 629 539
f 539 629 418
f 629 611 418
f 630 626 541
f 540 630 541
f 630 195 371
f 626 630 371
f 631 165 232
f 631 166 165
f 632 232 233
f 632 233 544
f 632 631 232
f 632 544 166
f 166 631 632
f 633 90 412
f 633 545 90
f 633 412 240
f 545 633 240
f 418 547 540
f 540 547 421
f 540 421 246
f 540 246 422
f 491 492 353
f 491 353 277
f 276 262 277
f 427 321 601
f 427 601 493
f 427 492 491
f 427 493 492
f 634 549 429
f 429 550 634
f 72 549 634
f 634 550 356
f 634 355 72
f 634 356 355
f 635 550 264
f 635 114 22
f 635 264 114
f 22 21 635
f 635 21 551
f 635 551 550
f 22 553 636
f 636 555 22
f 153 559 557
f 637 560 298
f 265 638 20
f 638 639 20
f 638 265 639
f 640 430 20
f 20 639 640
f 641 560 642
f 641 643 560
f 644 561 117
f 645 244 356
f 427 562 321
f 562 427 372
f 569 441 568
f 569 571 441
f 646 139 462
f 646 462 461
f 646 280 139
f 647 280 646
f 648 571 460
f 648 51 443
f 648 443 440
f 440 571 648
f 648 49 51
f 648 460 49
f 574 130 188
f 130 574 287
f 574 291 287
f 133 575 446
f 288 133 446
f 453 649 306
f 649 650 306
f 651 370 306
f 306 650 651
f 325 583 471
f 373 471 374
f 471 373 325
f 410 475 652
f 652 585 410
f 652 475 585
f 344 340 339
f 653 495 346
f 653 588 495
f 348 653 346
f 587 588 653
f 654 588 655
f 588 586 655
f 655 586 656
f 657 483 343
f 480 590 658
f 658 659 656
f 658 586 480
f 658 656 586
f 660 590 591
f 658 660 659
f 660 658 590
f 582 661 467
f 590 661 582
f 661 590 479
f 661 150 152
f 661 466 467
f 661 152 466
f 148 150 662
f 662 479 592
f 663 597 351
f 664 599 494
f 494 599 665
f 488 354 665
f 354 494 665
f 665 603 488
f 665 599 486
f 603 665 486
f 603 602 493
f 602 603 492
f 666 667 495
f 668 588 654
f 668 495 588
f 668 666 495
f 669 171 1
f 670 1 671
f 670 669 1
f 672 357 176
f 673 504 606
f 359 673 606
f 673 607 268
f 608 185 183
f 185 608 503
f 674 183 182
f 674 507 183
f 389 521 675
f 675 367 389
f 388 521 389
f 609 521 520
f 612 508 418
f 109 508 612
f 104 109 612
f 107 104 612
f 612 108 107
f 193 189 194
f 676 511 510
f 510 615 676
f 676 617 511
f 676 615 621
f 677 616 522
f 677 500 499
f 499 520 677
f 520 616 677
f 500 677 432
f 677 522 432
f 678 621 525
f 678 619 621
f 619 678 401
f 678 387 401
f 214 387 678
f 678 525 214
f 621 619 679
f 617 680 619
f 621 615 681
f 681 393 620
f 218 393 681
f 681 512 218
f 615 512 681
f 682 532 622
f 682 538 532
f 682 629 538
f 682 623 611
f 611 629 682
f 683 217 216
f 222 625 684
f 684 685 222
f 579 684 625
f 684 579 217
f 217 685 684
f 686 687 688
f 686 688 455
f 455 624 686
f 689 446 292
f 689 292 288
f 288 446 689
f 371 293 295
f 402 371 295
f 371 402 627
f 630 540 422
f 422 243 630
f 630 243 245
f 630 245 449
f 630 449 196
f 195 630 196
f 427 491 277
f 428 276 257
f 428 262 276
f 262 428 548
f 560 690 115
f 643 690 560
f 298 558 637
f 691 560 637
f 643 641 692
f 563 645 356
f 645 693 244
f 693 247 244
f 563 372 427
f 647 694 572
f 694 433 131
f 572 694 131
f 433 694 647
f 433 647 646
f 461 570 433
f 433 646 461
f 280 647 572
f 695 398 370
f 696 695 370
f 696 370 651
f 649 696 650
f 696 651 650
f 697 589 587
f 587 653 697
f 697 343 589
f 697 657 343
f 483 657 697
f 697 348 483
f 697 653 348
f 148 662 698
f 698 662 592
f 699 661 479
f 662 699 479
f 150 661 699
f 699 662 150
f 596 700 351
f 700 663 351
f 701 671 1
f 701 1 144
f 484 701 144
f 701 484 604
f 702 494 496
f 667 496 495
f 703 605 357
f 357 672 703
f 605 703 77
f 703 672 77
f 704 176 71
f 704 672 176
f 704 71 70
f 704 70 77
f 704 77 672
f 705 359 358
f 705 673 359
f 705 360 499
f 358 360 705
f 499 500 705
f 607 705 500
f 705 607 673
f 521 507 675
f 507 674 675
f 182 610 675
f 675 674 182
f 675 610 367
f 498 609 499
f 609 520 499
f 706 617 676
f 680 617 706
f 706 676 621
f 621 679 706
f 706 619 680
f 706 679 619
f 707 620 621
f 621 681 707
f 707 681 620
f 708 682 622
f 623 682 708
f 708 622 519
f 612 623 709
f 709 108 612
f 709 710 108
f 623 708 709
f 709 708 710
f 711 403 222
f 222 683 711
f 711 216 403
f 711 683 216
f 712 222 685
f 712 683 222
f 712 685 217
f 683 712 217
f 713 526 399
f 399 686 713
f 713 222 191
f 713 624 222
f 713 686 624
f 191 369 713
f 369 526 713
f 714 686 399
f 714 399 400
f 400 715 714
f 427 277 262
f 716 554 115
f 690 716 115
f 717 117 430
f 691 642 560
f 645 372 263
f 645 563 372
f 247 693 645
f 262 645 263
f 248 247 645
f 645 262 248
f 563 562 372
f 372 427 261
f 718 453 450
f 450 719 718
f 398 695 718
f 718 400 398
f 718 719 400
f 454 719 450
f 719 715 400
f 720 592 341
f 720 698 592
f 720 341 342
f 342 199 720
f 720 199 148
f 148 698 720
f 721 595 599
f 722 721 599
f 599 664 723
f 723 722 599
f 702 664 494
f 724 362 361
f 725 362 724
f 504 673 724
f 724 361 504
f 724 673 268
f 566 724 268
f 177 185 726
f 185 725 726
f 726 178 177
f 726 267 178
f 726 566 267
f 726 724 566
f 725 724 726
f 727 503 362
f 727 185 503
f 727 362 725
f 728 708 519
f 710 708 728
f 728 367 365
f 728 519 367
f 728 365 108
f 108 710 728
f 729 714 715
f 729 686 714
f 729 456 455
f 717 644 117
f 565 562 563
f 730 649 453
f 730 453 718
f 730 718 695
f 730 696 649
f 695 696 730
f 731 454 456
f 731 719 454
f 715 719 731
f 729 731 456
f 731 729 715
f 687 686 732
f 729 732 686
f 732 688 687
f 455 688 732
f 732 729 455
f 185 608 725
f 503 727 725
f 725 608 503
f 733 734 735
f 736 737 738
f 739 740 741
f 740 739 737
f 742 743 738
f 744 737 739
f 744 739 742
f 744 738 737
f 744 742 738
f 745 735 746
f 747 735 734
f 738 743 748
f 748 743 749
f 750 733 735
f 751 734 733
f 752 753 754
f 755 756 757
f 758 759 760
f 736 761 737
f 761 740 737
f 741 740 761
f 758 761 736
f 762 763 764
f 765 766 746
f 759 765 746
f 765 738 766
f 767 745 746
f 735 768 746
f 768 747 746
f 768 735 747
f 769 749 733
f 769 748 749
f 770 738 750
f 770 767 738
f 745 767 770
f 771 750 738
f 772 734 751
f 773 751 733
f 762 774 763
f 775 776 777
f 778 779 780
f 776 781 777
f 782 783 784
f 785 783 782
f 746 747 786
f 787 788 789
f 787 790 788
f 746 786 791
f 791 786 792
f 793 794 746
f 793 795 794
f 796 797 798
f 738 758 799
f 800 758 760
f 801 761 758
f 801 758 800
f 802 803 801
f 804 758 738
f 804 738 765
f 759 758 804
f 804 765 759
f 769 805 748
f 738 748 805
f 805 771 738
f 805 769 733
f 733 750 805
f 750 771 805
f 796 806 807
f 798 806 796
f 808 777 781
f 808 781 809
f 757 810 811
f 812 813 809
f 812 803 802
f 801 812 802
f 812 801 800
f 776 801 814
f 815 747 734
f 815 786 747
f 792 815 734
f 815 792 786
f 816 810 757
f 756 816 757
f 746 791 817
f 817 793 746
f 793 817 795
f 818 758 736
f 818 799 758
f 818 736 738
f 738 799 818
f 819 776 741
f 820 812 800
f 820 760 759
f 820 800 760
f 813 820 759
f 812 820 813
f 821 814 809
f 814 821 776
f 821 781 776
f 809 781 821
f 822 812 809
f 809 814 822
f 803 812 822
f 822 801 803
f 822 814 801
f 823 808 809
f 795 824 794
f 825 826 809
f 813 825 809
f 761 801 827
f 741 761 827
f 827 819 741
f 809 826 828
f 828 823 809
f 823 828 826
f 826 824 795
f 746 794 829
f 830 829 794
f 831 827 801
f 819 827 831
f 831 801 776
f 776 819 831
f 829 759 746
f 829 813 759
f 829 830 813
f 826 832 824
f 824 832 794
f 832 830 794
f 826 825 832
f 832 825 813
f 813 830 832
f 746 766 767
f 767 766 738
f 770 750 735
f 735 745 770
f 189 509 194
f 274 509 189
f 743 773 733
f 795 823 826
f 777 808 795
f 741 776 739
f 743 791 773
f 777 795 775
f 742 739 743
f 833 834 835
f 835 834 836
f 835 836 837
f 837 836 838
f 837 838 839
f 839 838 840
f 839 840 841
f 841 840 842
f 841 842 843
f 843 842 844
f 843 844 845
f 845 844 846
f 847 848 849
f 849 848 850
f 849 850 851
f 851 850 852
f 851 852 853
f 853 852 854
f 853 854 855
f 855 854 856
f 855 856 857
f 857 856 858
f 857 858 859
f 859 858 860
f 861 862 863
f 863 862 864
f 863 864 865
f 865 864 866
f 865 866 867
f 867 866 868
f 867 868 869
f 869 868 870
f 869 870 871
f 871 870 872
f 871 872 873
f 873 872 874
f 875 876 877
f 877 876 878
f 876 878 879
f 878 879 880
f 879 880 881
f 882 883 884
f 884 883 885
f 884 885 886
f 886 885 887
f 886 887 888
f 888 887 889
f 888 889 890
f 890 889 891
f 891 892 893
f 892 893 894
f 894 893 895
f 894 895 896
f 896 895 897
f 896 897 898
f 899 900 901
f 899 901 902
f 902 901 903
f 902 903 904
f 905 906 907
f 907 906 908
f 907 908 909
f 909 908 910
f 909 910 911
f 911 910 912
f 911 912 913
f 913 912 914
f 913 914 915
f 915 914 916
f 915 916 917
f 917 916 764
f 762 764 918
f 918 764 917
f 762 919 920
f 919 920 921
f 921 920 922
f 921 922 923
f 923 922 924
f 923 924 925
f 925 924 926
f 925 926 927
f 927 926 928
f 927 928 929
f 929 928 930
f 929 930 931
f 931 930 932
f 931 932 933
f 934 935 936
f 935 937 936
f 936 937 938
f 938 939 940
f 940 939 941
f 940 941 942
f 942 941 943
f 942 943 944
f 944 943 945
f 946 755 947
f 947 755 948
f 947 949 946
f 946 949 945
f 949 944 945
f 755 950 948
f 948 950 951
f 951 950 952
f 952 950 953
f 952 953 954
f 953 950 755
f 955 956 957
f 957 956 958
f 956 958 959
f 958 959 960
f 959 960 961
f 960 961 962
f 961 962 963
f 962 963 964
f 963 964 965
f 964 965 966
f 965 966 752
f 966 752 967
f 752 967 968
f 969 970 971
f 970 971 972
f 971 972 934
f 973 974 975
f 975 976 977
f 811 977 810
f 756 816 978
f 756 978 979
f 979 978 980
f 979 980 981
f 981 980 982
f 981 982 983
f 984 753 985
f 984 985 986
f 987 988 989
f 987 989 990
f 990 989 991
f 985 992 986
f 986 992 988
f 992 993 988
f 988 993 987
f 973 994 995
f 995 994 996
f 994 991 997
f 997 991 998
f 991 990 998
f 998 990 989
f 994 973 996
f 996 973 995
f 999 1000 1001
f 1001 1000 1002
f 1001 1002 1003
f 1003 1002 1004
f 1003 1004 1005
f 1005 1004 1006
f 1005 1006 1007
f 1007 1006 1008
f 1007 1008 1009
f 1009 1008 1010
f 1009 1010 1011
f 1011 1010 1012
f 774 763 1013
f 1014 1015 1016
f 1017 1018 1019
f 1019 1018 1020
f 1020 1018 1021
f 1021 1018 1022
f 1021 1022 1023
f 1023 1022 1024
f 1023 1024 1025
f 1025 1024 1026
f 1025 1026 1027
f 1027 1026 1028
f 1027 1028 1029
f 1029 1028 1030
f 1029 1030 1031
f 1029 1031 1032
f 1032 1031 1033
f 1032 1033 1034
f 1034 1033 1035
f 1034 1035 1036
f 1036 1035 1037
f 1036 1037 1038
f 1038 1037 774
f 1038 774 1039
f 1019 1040 1017
f 1017 1040 1041
f 1040 1042 1041
f 1041 1042 1043
f 1042 1044 1043
f 1043 1044 1045
f 1044 1046 1045
f 1045 1046 1047
f 1046 1048 1047
f 1047 1048 1049
f 1049 1048 1050
f 1050 1048 1051
f 1050 1051 1052
f 1052 1051 1053
f 1052 1053 1054
f 1054 1053 1055
f 1054 1055 1056
f 1056 1055 1057
f 1056 1057 1058
f 1058 1057 1059
f 1058 1059 1039
f 774 1058 1039
f 1014 1060 1061
f 1061 1060 1062
f 1062 1060 1063
f 1063 1060 1064
f 1063 1064 1065
f 1065 1064 1066
f 1065 1066 1067
f 1067 1066 1068
f 1067 1068 1069
f 1069 1068 1070
f 1069 1070 1071
f 1071 1070 1072
f 1071 1072 1073
f 1071 1073 1074
f 1074 1073 1075
f 1074 1075 1076
f 1076 1075 1077
f 1076 1077 1078
f 1078 1077 1079
f 1078 1079 1080
f 1080 1079 1081
f 1080 1081 1082
f 1061 1083 1014
f 1014 1083 1084
f 1083 1085 1084
f 1084 1085 1086
f 1085 1087 1086
f 1086 1087 1088
f 1087 1089 1088
f 1088 1089 1090
f 1089 1091 1090
f 1090 1091 1092
f 1092 1091 1093
f 1093 1091 1094
f 1093 1094 1095
f 1095 1094 1096
f 1095 1096 1097
f 1097 1096 1098
f 1097 1098 1099
f 1099 1098 1100
f 1099 1100 1101
f 1101 1100 1102
f 1101 1102 1082
f 1081 1101 1082
f 1103 1104 1105
f 1105 1104 787
f 1104 1106 787
f 787 1106 798
f 798 1106 806
f 806 1106 1107
f 806 1107 1108
f 1108 1107 1109
f 1108 1109 1110
f 1110 1109 1111
f 1110 1111 1112
f 1112 1111 1113
f 1111 1114 1113
f 1113 1114 1061
f 1113 1061 1115
f 1115 1061 1062
f 1115 1062 1116
f 1116 1062 1063
f 1116 1063 1065
f 1116 1065 1117
f 1117 1065 1067
f 1117 1067 1069
f 1117 1069 1118
f 1118 1069 1071
f 1118 1071 1119
f 1119 1071 1074
f 1119 1074 1120
f 1120 1074 1076
f 1120 1076 1121
f 1121 1076 1122
f 1122 1076 1123
f 1123 1076 1078
f 1123 1078 1124
f 1124 1078 1125
f 1078 1080 1125
f 1125 1080 1126
f 1126 1080 1127
f 1127 1080 1082
f 1127 1082 1128
f 1128 1082 1129
f 1128 1129 783
f 783 1129 1130
f 1129 1131 1130
f 1130 1131 1132
f 1132 1131 1133
f 1133 1131 1019
f 1133 1019 1020
f 1133 1020 779
f 779 1020 1021
f 779 1021 1134
f 1134 1021 1135
f 1021 1023 1135
f 1135 1023 1136
f 1136 1023 1137
f 1137 1023 1025
f 1137 1025 1138
f 1138 1025 1139
f 1139 1025 1140
f 1140 1025 1027
f 1140 1027 1141
f 1141 1027 1029
f 1141 1029 1032
f 1141 1032 1142
f 1142 1032 1034
f 1142 1034 1036
f 1142 1036 1143
f 1143 1036 1038
f 1143 1038 1144
f 1144 1038 1039
f 1144 1039 1145
f 1145 1039 1146
f 1145 1146 1147
f 1147 1146 1148
f 1147 1148 1149
f 1149 1148 1150
f 1148 1151 1150
f 1150 1151 1152
f 1151 1153 1152
f 1152 1153 1154
f 1153 1155 1154
f 1154 1155 1156
f 1155 1157 1156
f 1156 1157 1158
f 1156 1158 1159
f 1146 1039 1160
f 1160 1039 1059
f 1160 1059 1057
f 1160 1057 1161
f 1161 1057 1055
f 1161 1055 1162
f 1162 1055 1053
f 1162 1053 1051
f 1162 1051 1163
f 1163 1051 1048
f 1163 1048 1164
f 1164 1048 1046
f 1164 1046 1165
f 1165 1046 1044
f 1165 1044 1042
f 1042 1040 1165
f 1165 1040 1131
f 1131 1040 1019
f 1129 1082 1166
f 1166 1082 1102
f 1166 1102 1100
f 1100 1098 1166
f 1166 1098 1167
f 1098 1096 1167
f 1167 1096 1168
f 1096 1094 1168
f 1168 1094 1169
f 1094 1091 1169
f 1169 1091 1089
f 1169 1089 1170
f 1170 1089 1087
f 1170 1087 1171
f 1171 1087 1085
f 1171 1085 1083
f 1171 1083 1114
f 1114 1083 1061
f 796 807 797
f 798 797 790
f 798 790 787
f 789 788 1172
f 787 789 1105
f 1105 789 1173
f 1105 1173 1103
f 1103 1173 1104
f 789 1172 1173
f 1173 1172 1174
f 1173 1174 1175
f 797 807 1176
f 1176 807 1177
f 1128 783 785
f 784 783 1130
f 784 1130 1178
f 1178 1130 1132
f 1178 1132 1179
f 1179 1132 1133
f 1179 1133 1180
f 1179 1180 778
f 1133 779 1180
f 1180 779 778
f 779 1134 780
f 780 1134 1181
f 1134 1135 1181
f 1181 1135 1182
f 1135 1136 1182
f 1182 1136 1183
f 1136 1137 1183
f 1183 1137 1184
f 1184 1137 1185
f 1185 1137 1138
f 1185 1138 1186
f 1186 1138 1139
f 1186 1139 1187
f 1187 1139 1140
f 1140 1141 1187
f 1187 1141 1188
f 1188 1141 1189
f 1189 1141 1142
f 1189 1142 1190
f 1190 1142 1191
f 1191 1142 1192
f 1192 1142 1193
f 1193 1142 1194
f 1194 1142 1195
f 1195 1142 1143
f 1195 1143 1004
f 1004 1143 1196
f 1196 1143 1197
f 1197 1143 1198
f 1198 1143 1199
f 1190 1200 1189
f 1189 1200 1201
f 1189 1201 1202
f 1143 1144 1203
f 1171 1114 1204
f 1205 1206 1207
f 1207 1206 1208
f 1206 1209 1208
f 1208 1209 1210
f 1210 1209 1211
f 1211 1209 1212
f 1211 1212 1213
f 1213 1212 1214
f 1213 1214 1215
f 1213 1215 1216
f 1216 1215 1217
f 1216 1217 1218
f 1218 1217 1219
f 1218 1219 1220
f 1220 1219 1221
f 1220 1221 1222
f 1222 1221 1223
f 1221 1224 1223
f 1223 1224 1225
f 1225 1224 1226
f 1226 1224 1227
f 1227 1224 1228
f 1228 1224 1229
f 1228 1229 1230
f 1230 1229 1231
f 1231 1229 904
f 904 1229 903
f 903 1229 1232
f 903 1232 901
f 901 1232 900
f 900 1232 1233
f 1233 1232 1234
f 1233 1234 898
f 898 1234 896
f 896 1234 894
f 894 1234 1235
f 894 1235 892
f 892 1235 891
f 1224 1221 1236
f 1224 1236 1237
f 1237 1236 1238
f 1238 1236 1239
f 1239 1236 1217
f 1239 1217 1240
f 1240 1217 1241
f 1221 1219 1236
f 1236 1219 1217
f 1217 1215 1242
f 1242 1215 1214
f 1242 1214 1212
f 1217 1242 1241
f 1235 1234 1243
f 1235 1243 1244
f 1244 1243 1245
f 1245 1243 1246
f 1246 1243 1247
f 1234 1232 1243
f 1243 1232 1248
f 1243 1248 1247
f 1247 1248 1249
f 1249 1248 1250
f 1250 1248 1224
f 1250 1224 1237
f 1224 1248 1229
f 1229 1248 1232
f 1251 1252 1253
f 1251 1253 1254
f 1254 1253 1255
f 1255 1253 1256
f 1256 1253 1257
f 1256 1257 1258
f 1258 1257 1259
f 1252 1260 1253
f 1253 1260 1257
f 1260 1261 1257
f 1257 1261 1235
f 1257 1235 1259
f 1259 1235 1262
f 1262 1235 1244
f 1263 1264 1265
f 1263 1265 1266
f 1263 1266 1267
f 1268 1267 1266
f 1264 1263 1269
f 1269 1263 1270
f 1263 1267 1270
f 1270 1267 1271
f 1267 1272 1271
f 1271 1272 1273
f 1272 1274 1273
f 1273 1274 1275
f 1273 1275 1276
f 1276 1275 1277
f 1277 1275 1278
f 1278 1275 1279
f 1279 1280 1281
f 1281 1280 1282
f 1276 1283 1284
f 1276 1284 1271
f 1271 1284 1270
f 1273 1276 1271
f 1283 1285 1284
f 1284 1285 1286
f 1284 1286 1270
f 1270 1286 1269
f 1269 1286 1264
f 1264 1286 1265
f 1275 1287 1279
f 1279 1288 1280
f 1280 1288 1289
f 1280 1289 1251
f 1280 1251 1282
f 1282 1251 1254
f 1274 1290 1275
f 1275 1290 1287
f 1290 1291 1287
f 1287 1291 1279
f 1291 1292 1279
f 1279 1292 1288
f 1293 1294 1295
f 1295 1294 1296
f 1297 1298 1299
f 1297 1299 1300
f 1300 1299 1301
f 1296 1294 1302
f 1302 1294 1303
f 1302 1303 1298
f 1298 1303 1290
f 1298 1290 1299
f 1299 1290 1274
f 1299 1274 1301
f 1301 1274 1272
f 1301 1272 1304
f 1304 1272 1267
f 1304 1267 1268
f 1290 1303 1291
f 1291 1303 1292
f 1303 1294 1292
f 1292 1294 1288
f 1288 1294 1289
f 1294 1293 1289
f 1289 1293 1305
f 1289 1305 1306
f 1306 1307 1289
f 1289 1307 1251
f 1307 1308 1251
f 1251 1308 955
f 1251 955 957
f 957 956 1251
f 1251 956 959
f 1251 959 1252
f 1252 959 961
f 1252 961 963
f 1252 963 1260
f 1260 963 965
f 1260 965 752
f 752 968 1260
f 1260 968 1261
f 968 969 1261
f 1261 969 970
f 1261 970 972
f 1305 1293 1309
f 1309 1293 1310
f 1293 1311 1310
f 1310 1311 1312
f 1312 1311 954
f 954 1311 952
f 1311 1313 952
f 952 1313 951
f 951 1313 948
f 948 1313 1314
f 948 1314 947
f 947 1314 1315
f 947 1315 949
f 949 1315 944
f 944 1315 1316
f 944 1316 942
f 942 1316 1317
f 942 1317 940
f 940 1317 1318
f 1311 1293 1313
f 1319 1320 1321
f 1321 1320 1322
f 1320 1323 1322
f 1322 1323 1324
f 1325 1326 1327
f 1327 1326 1328
f 1329 1328 1330
f 1329 1330 1322
f 1322 1330 1321
f 1331 1325 1332
f 1332 1325 1333
f 1325 1327 1333
f 1333 1327 1334
f 1335 1332 1336
f 1336 1332 1333
f 1336 1333 1337
f 1337 1333 1338
f 1336 1337 1339
f 1339 1337 1340
f 1339 1340 1341
f 1341 1340 1342
f 1341 1342 1343
f 1342 1340 1344
f 1343 1342 1345
f 1346 1343 1347
f 1347 1343 1348
f 1348 1343 1345
f 1348 1345 1349
f 1350 1351 1352
f 1352 1351 1353
f 1354 1355 1356
f 1354 1356 1348
f 1348 1356 1347
f 1347 1356 1357
f 1356 1355 1358
f 1356 1358 1357
f 1357 1358 1351
f 1351 1358 1353
f 1353 1358 1355
f 1359 1360 1361
f 1350 1352 1360
f 1360 1352 1362
f 1360 1362 1363
f 1364 1363 1365
f 1363 1364 1361
f 1363 1361 1360
f 1366 1361 1367
f 1366 1367 877
f 877 1367 875
f 875 1367 1368
f 1368 1367 1369
f 1369 1367 1370
f 1370 1367 1220
f 1370 1220 1222
f 764 763 917
f 763 1371 917
f 917 1371 915
f 1371 1372 915
f 915 1372 913
f 1372 1373 913
f 913 1373 911
f 1373 1374 911
f 911 1374 909
f 1374 1375 909
f 909 1375 907
f 1375 1376 907
f 907 1376 905
f 1376 1377 905
f 905 1377 1378
f 1378 1377 1379
f 1379 1377 1380
f 1379 1380 1381
f 1381 1380 1382
f 1381 1382 1383
f 1383 1382 1384
f 1382 1385 1384
f 1384 1385 1386
f 1386 1385 1387
f 1387 1385 1388
f 1388 1385 1389
f 1388 1389 1390
f 1390 1389 1391
f 1389 1392 1391
f 1391 1392 933
f 933 1392 931
f 931 1392 1393
f 931 1393 929
f 929 1393 1394
f 929 1394 927
f 927 1394 1395
f 927 1395 925
f 925 1395 1396
f 925 1396 923
f 923 1396 1397
f 923 1397 921
f 921 1397 1013
f 921 1013 919
f 919 1013 774
f 919 774 762
f 762 918 1222
f 1222 918 1370
f 1370 918 1369
f 1369 918 917
f 1369 917 1368
f 1368 917 875
f 917 915 875
f 875 915 876
f 915 913 876
f 876 913 879
f 879 913 911
f 879 911 881
f 881 911 909
f 881 909 1398
f 1398 909 907
f 1398 907 882
f 882 907 906
f 882 906 884
f 884 906 905
f 884 905 1378
f 884 1378 886
f 886 1378 1379
f 886 1379 888
f 888 1379 1381
f 888 1381 890
f 890 1381 1383
f 890 1383 1384
f 890 1384 891
f 891 1384 1386
f 891 1386 892
f 892 1386 1387
f 892 1387 894
f 894 1387 1388
f 894 1388 1390
f 894 1390 896
f 896 1390 1391
f 896 1391 933
f 896 933 898
f 898 933 932
f 898 932 931
f 898 931 1233
f 1233 931 929
f 1233 929 900
f 900 929 927
f 900 927 901
f 901 927 903
f 927 925 903
f 903 925 904
f 904 925 923
f 904 923 1231
f 1231 923 921
f 1231 921 1230
f 1230 921 1228
f 921 919 1228
f 1228 919 1227
f 1227 919 1226
f 1226 919 1225
f 919 762 1225
f 1225 762 1223
f 762 1222 1223
f 877 876 1366
f 1366 876 1361
f 876 879 1361
f 1361 879 1359
f 879 881 1359
f 1359 881 1360
f 881 1398 1360
f 1360 1398 882
f 1360 882 1350
f 1350 882 884
f 1350 884 1351
f 884 886 1351
f 1351 886 1357
f 1357 886 1347
f 1347 886 1346
f 1346 886 888
f 1346 888 1343
f 1343 888 890
f 1343 890 891
f 1343 891 1341
f 1341 891 1235
f 1341 1235 1339
f 1339 1235 1336
f 1336 1235 1335
f 1335 1235 1332
f 1332 1235 1261
f 1332 1261 1331
f 1331 1261 1325
f 1261 972 1325
f 1325 972 1326
f 1326 972 934
f 1326 934 1399
f 1367 1361 1364
f 1363 1362 1400
f 1401 1402 788
f 1403 1402 1404
f 1404 1405 1406
f 1407 1408 797
f 797 1408 1409
f 797 1409 1410
f 1410 1409 1408
f 1408 1409 1411
f 788 1411 1401
f 1412 1413 1414
f 1412 1414 1415
f 1416 1415 1295
f 1295 1415 1313
f 1295 1313 1293
f 1314 1313 1315
f 1315 1313 1414
f 1315 1414 1316
f 1316 1414 1417
f 1417 1414 1413
f 1415 1414 1313
f 1418 1419 1420
f 1418 1420 1421
f 1421 1420 1422
f 1421 1422 1423
f 1423 1422 1424
f 1423 1424 1425
f 1425 1424 1426
f 797 1426 1407
f 1417 1427 1316
f 1316 1427 1317
f 1317 1428 1318
f 1318 1320 940
f 940 1320 939
f 1320 1319 939
f 939 1319 938
f 1319 1321 938
f 938 1321 936
f 1321 1399 936
f 936 1399 935
f 935 1399 934
f 934 1429 1430
f 934 1430 935
f 935 1430 937
f 1430 1431 937
f 937 1431 938
f 1431 1432 938
f 938 1432 939
f 1432 1433 939
f 939 1433 941
f 1433 983 941
f 941 983 982
f 941 982 943
f 943 982 981
f 943 981 945
f 945 981 979
f 945 979 946
f 946 979 756
f 946 756 755
f 755 757 953
f 953 757 811
f 953 811 954
f 954 811 977
f 954 977 1312
f 1312 977 976
f 1312 976 1310
f 1310 976 975
f 1310 975 1309
f 1309 975 974
f 1309 974 973
f 1309 973 1305
f 1305 973 995
f 1305 995 1306
f 1306 995 996
f 1306 996 1307
f 1307 996 994
f 1307 994 1308
f 1308 994 997
f 1308 997 955
f 955 997 998
f 955 998 956
f 956 998 989
f 956 989 987
f 956 987 959
f 959 987 993
f 959 993 961
f 961 993 992
f 961 992 963
f 963 992 985
f 963 985 965
f 965 985 753
f 965 753 752
f 752 754 968
f 968 754 1434
f 968 1434 969
f 969 1434 1435
f 969 1435 970
f 970 1435 972
f 1435 1429 972
f 972 1429 934
f 1320 1318 1323
f 1323 1318 1436
f 1436 1428 1437
f 1437 1428 1427
f 1427 1428 1317
f 1428 1436 1318
f 1438 1439 1440
f 1439 1440 1441
f 1441 1440 1442
f 1443 1444 1445
f 1443 1444 334
f 1443 334 330
f 334 1444 475
f 475 1444 1446
f 475 1446 652
f 652 1446 1447
f 1448 1449 326
f 326 1449 329
f 329 1449 1445
f 329 1445 330
f 330 1445 1443
f 326 159 1448
f 1448 159 1450
f 159 52 1450
f 1450 52 54
f 54 61 1451
f 1451 61 1452
f 1450 54 1451
f 61 1453 1452
f 1453 160 1454
f 1455 1454 1456
f 1454 160 1455
f 1455 160 337
f 1455 337 1456
f 1456 337 332
f 1456 332 1457
f 1457 332 333
f 1457 333 1458
f 1458 333 474
f 1458 474 1459
f 1459 474 1460
f 1457 1458 1456
f 1450 1448 1451
f 1452 1451 1453
f 1460 1461 1459
f 1364 1462 1367
f 1367 1462 1220
f 1218 1220 1463
f 1218 1463 1216
f 1216 1463 1464
f 1216 1464 1213
f 1210 1211 1465
f 1465 1211 1466
f 1466 1211 1213
f 1466 1213 1467
f 1467 1213 1468
f 1213 1464 1468
f 1468 1464 1469
f 1462 1470 1220
f 1220 1470 1463
f 1470 1469 1463
f 1463 1469 1464
f 1471 1472 1473
f 1472 1473 1474
f 1474 1473 1475
f 1465 1476 1210
f 1210 1476 1208
f 1208 1476 1207
f 1207 1476 1477
f 1478 1479 1480
f 1479 1480 1481
f 1481 1480 1482
f 1481 1482 1483
f 1483 1482 1484
f 1483 1484 1485
f 1485 1484 1486
f 1477 1487 1207
f 1207 1487 1488
f 1207 1488 1205
f 1205 1488 1206
f 1487 1489 1488
f 1488 1489 1490
f 1488 1490 1206
f 1206 1490 1209
f 1489 1491 1490
f 1490 1491 1492
f 1490 1492 1209
f 1209 1492 1212
f 1212 1492 1242
f 1493 1494 1495
f 1495 1496 1497
f 1498 1499 1500
f 1499 1500 1501
f 1501 1500 1502
f 1501 1502 1503
f 1503 1502 1504
f 1503 1504 1505
f 1505 1504 1506
f 1507 1508 1509
f 1508 1509 1510
f 1510 1509 1511
f 1510 1511 1512
f 1512 1511 1513
f 1512 1513 1514
f 1514 1513 1498
f 668 654 666
f 668 666 1515
f 1515 666 667
f 1515 667 1516
f 1516 667 496
f 1516 496 702
f 1517 1518 722
f 594 1519 596
f 596 1519 1520
f 1520 1521 597
f 1519 594 1520
f 1520 594 1521
f 594 1518 1521
f 1521 1518 1494
f 1521 1494 1495
f 1495 1497 1521
f 1521 1497 597
f 597 1497 1522
f 1522 1497 1496
f 1522 1496 1478
f 1522 1478 604
f 604 1478 1479
f 604 1479 1523
f 1523 1479 1524
f 1523 1524 701
f 1524 701 1525
f 1525 701 670
f 670 1526 171
f 171 1526 349
f 670 1525 1483
f 1483 1525 1481
f 1483 1485 670
f 670 1485 171
f 1485 1486 171
f 171 1486 349
f 1486 1527 349
f 349 1527 68
f 1527 1528 68
f 68 1528 1529
f 1528 1471 1529
f 1529 1471 1530
f 1471 1472 1530
f 1530 1472 1531
f 1472 1474 1531
f 1531 1474 62
f 1474 1475 62
f 62 1475 1532
f 1475 1461 1532
f 1532 1461 63
f 63 1532 62
f 1525 1524 1481
f 1481 1524 1479
f 1523 604 1522
f 1518 1517 1494
f 1494 1517 1493
f 1493 1517 1533
f 1533 1517 1534
f 1517 722 1534
f 1534 722 1535
f 1534 1535 1536
f 1536 1535 1537
f 1537 1535 702
f 1537 702 1538
f 1538 702 1539
f 702 1516 1539
f 1539 1516 1540
f 1516 1515 1540
f 1540 1515 1541
f 1515 668 1541
f 1541 668 1542
f 668 654 1542
f 1542 654 655
f 1542 655 1506
f 1506 655 1505
f 1505 1543 1503
f 1503 1543 1501
f 1543 591 1501
f 1501 591 1499
f 468 466 1498
f 1498 466 1514
f 1498 1499 468
f 466 465 1514
f 1514 465 1512
f 465 314 1512
f 1512 314 1510
f 314 312 1510
f 1510 312 1508
f 1508 312 1507
f 1507 312 313
f 1507 313 470
f 1507 470 1544
f 1544 470 319
f 1544 319 1545
f 1545 319 557
f 1545 557 1546
f 1546 557 559
f 1546 559 1547
f 1547 559 561
f 1547 561 1405
f 1405 561 717
f 1405 717 1406
f 1406 717 1404
f 717 1548 1404
f 1404 1548 1403
f 1548 1549 1403
f 1403 1549 1402
f 1402 1549 788
f 788 1549 1174
f 788 1174 1411
f 1411 1174 1408
f 1534 1533 1536
f 1536 1538 1537
f 1453 61 160
f 160 61 54
f 333 332 337
f 68 1529 338
f 68 338 168
f 168 338 1550
f 1550 338 169
f 1550 169 64
f 64 169 62
f 62 169 1531
f 1531 169 1530
f 1530 169 338
f 1530 338 1529
f 468 1499 582
f 468 582 1551
f 1551 582 591
f 591 582 660
f 591 660 1543
f 1543 660 656
f 1543 656 1552
f 1552 656 655
f 655 656 1505
f 1505 656 1543
f 591 582 1499
f 313 312 310
f 312 310 314
f 314 310 469
f 314 469 465
f 465 469 464
f 465 464 466
f 466 464 468
f 265 1174 1553
f 1553 1174 1549
f 1553 1549 640
f 640 1549 1548
f 640 1548 717
f 644 717 561
f 644 561 266
f 266 561 559
f 266 559 557
f 556 557 319
f 556 319 470
f 1554 1555 265
f 265 1555 1556
f 265 1556 1174
f 1174 1556 1408
f 1408 1556 1410
f 1410 1556 1557
f 1410 1557 1558
f 1557 1556 552
f 1410 1558 797
f 797 1558 1426
f 1558 716 1426
f 1426 716 1425
f 1556 1555 552
f 1559 558 691
f 1559 691 641
f 641 691 1419
f 1419 691 558
f 641 1560 643
f 643 1560 690
f 1560 690 1177
f 1177 690 1425
f 1177 1425 716
f 1425 690 1423
f 1423 690 643
f 1423 643 1421
f 1421 643 641
f 1421 641 1418
f 1418 641 1419
f 1419 558 1561
f 1561 558 299
f 1561 299 1562
f 1562 299 1563
f 1562 1563 1442
f 1442 1563 1564
f 1442 1564 1441
f 1441 1564 1565
f 1441 1565 1439
f 1439 1565 473
f 1439 473 1438
f 1438 473 585
f 1438 585 1566
f 1566 585 1447
f 1447 585 652
f 473 1565 328
f 473 328 1567
f 1567 328 1441
f 1441 328 327
f 1441 327 1568
f 1568 327 299
f 299 327 1563
f 1563 327 1564
f 1564 327 328
f 1564 328 1565
f 330 334 329
f 329 330 1569
f 329 1569 1570
f 329 1570 326
f 1570 1571 326
f 326 1571 159
f 159 1571 1572
f 159 1572 52
f 52 1572 54
f 54 1572 61
f 61 1572 1573
f 61 1573 160
f 160 1573 1574
f 160 1574 1575
f 160 1575 337
f 337 1575 1576
f 337 1576 332
f 332 1576 1577
f 332 1577 333
f 333 1577 1578
f 333 1578 474
f 474 1578 1579
f 474 1579 584
f 584 1579 1580
f 584 1580 1581
f 584 1581 63
f 63 1581 1582
f 63 1582 1532
f 1532 1582 1583
f 1532 1583 62
f 62 1583 1584
f 62 1584 64
f 64 1584 1550
f 1584 1585 1550
f 1550 1585 168
f 1585 1586 168
f 168 1586 68
f 1586 1587 68
f 68 1587 349
f 349 1587 171
f 171 1587 1588
f 171 1588 670
f 670 1588 1589
f 670 1589 1525
f 1525 1589 1590
f 1525 1590 1524
f 1524 1590 1523
f 1523 1590 604
f 604 1590 1591
f 604 1591 1522
f 1522 1591 1592
f 1522 1592 597
f 597 1592 663
f 597 663 1520
f 1520 663 596
f 663 594 596
f 594 1593 1594
f 594 1594 1518
f 1518 1594 1595
f 1518 1595 722
f 722 1595 1596
f 1597 1598 702
f 702 1598 1516
f 1598 1599 1516
f 1516 1599 1515
f 1599 1600 1515
f 1515 1600 668
f 668 1600 654
f 654 1600 1601
f 654 1601 655
f 655 1601 1602
f 655 1602 1552
f 1552 1602 1543
f 1602 1603 1543
f 1543 1603 591
f 1603 1604 591
f 591 1604 1551
f 1551 1604 468
f 468 1604 1605
f 468 1605 466
f 466 1605 1606
f 466 1606 465
f 465 1606 314
f 1606 1607 314
f 314 1607 312
f 1607 1608 312
f 312 1608 313
f 1608 1609 313
f 313 1609 470
f 470 1609 319
f 319 1609 1610
f 319 1610 557
f 557 1610 559
f 1610 1611 559
f 559 1611 561
f 1611 1612 561
f 561 1612 717
f 1612 1613 717
f 717 1613 640
f 1613 1614 640
f 640 1614 1553
f 1553 1614 1615
f 1553 1615 1616
f 1616 265 1553
f 265 636 1554
f 1554 636 1555
f 1555 636 1617
f 1555 1617 552
f 552 1617 1618
f 552 1618 1557
f 1557 1618 554
f 1618 1619 554
f 554 1619 1558
f 1558 1619 716
f 716 1619 1620
f 1619 1621 1620
f 1620 1621 690
f 554 1558 1557
f 690 1621 643
f 643 1621 641
f 1621 1622 641
f 641 1622 1559
f 1622 1623 1559
f 1559 1623 558
f 1623 1624 558
f 558 1624 299
f 1624 1625 299
f 299 1625 1568
f 1568 1625 1441
f 1441 1625 1626
f 1441 1626 1567
f 1567 1626 1627
f 1567 1627 473
f 473 1627 1628
f 473 1628 585
f 585 1628 652
f 1628 1629 652
f 652 1629 475
f 1629 1630 475
f 475 1630 1631
f 475 1631 334
f 334 1631 330
f 1631 1632 330
f 330 1632 1569
f 52 159 54
f 1633 1634 1635
f 1635 1634 1636
f 1635 1636 1608
f 1608 1636 1637
f 1608 1637 1609
f 1609 1637 1638
f 1609 1638 1610
f 1610 1638 1639
f 1610 1639 1611
f 1611 1639 1640
f 1611 1640 1612
f 1612 1640 1641
f 1612 1641 1613
f 1613 1641 1642
f 1613 1642 1643
f 1613 1643 1614
f 1614 1643 1644
f 1614 1644 1645
f 1608 1607 1635
f 1635 1607 1646
f 1646 1607 1647
f 1647 1607 1648
f 1607 1606 1648
f 1648 1606 1649
f 1606 1605 1649
f 1649 1605 1650
f 1605 1604 1650
f 1650 1604 1651
f 1604 1603 1651
f 1651 1603 1652
f 1603 1602 1652
f 1652 1602 1653
f 1653 1602 1654
f 1654 1602 1601
f 1654 1601 1655
f 1655 1601 1656
f 1656 1601 1657
f 1657 1601 1658
f 1658 1601 1659
f 1659 1601 1600
f 1659 1600 1660
f 1660 1600 1599
f 1660 1599 1661
f 1661 1599 1598
f 1661 1598 1662
f 1662 1598 1597
f 1662 1597 1663
f 1663 1597 1596
f 1663 1596 1664
f 1664 1596 1595
f 1664 1595 1665
f 1665 1595 1666
f 1666 1595 1667
f 1667 1595 663
f 1667 663 1592
f 1667 1592 1668
f 1668 1592 1669
f 1592 1591 1669
f 1669 1591 1670
f 1591 1590 1670
f 1670 1590 1671
f 1590 1589 1671
f 1671 1589 1672
f 1589 1588 1672
f 1672 1588 1673
f 1588 1587 1673
f 1673 1587 1674
f 1587 1586 1674
f 1674 1586 1675
f 1595 1594 663
f 663 1594 1593
f 663 1593 594
f 1676 1677 1678
f 1678 1677 1679
f 1678 1679 1680
f 1676 1678 1633
f 1633 1678 1634
f 1678 1681 1634
f 1634 1681 1636
f 1636 1681 1682
f 1636 1682 1637
f 1637 1682 1683
f 1637 1683 1638
f 1638 1683 1684
f 1638 1684 1639
f 1639 1684 1685
f 1639 1685 1640
f 1640 1685 1686
f 1640 1686 1641
f 1641 1686 1175
f 1641 1175 1642
f 1642 1175 1174
f 1642 1174 1643
f 1643 1174 1172
f 1643 1172 1644
f 1644 1172 788
f 1644 788 1645
f 1687 790 797
f 1687 797 1688
f 1688 797 1689
f 1689 797 1176
f 1689 1176 1690
f 1690 1176 1177
f 1690 1177 1691
f 1691 1177 1692
f 1691 1692 1693
f 1691 1693 1694
f 1694 1693 1695
f 1694 1695 1696
f 1696 1695 1697
f 1696 1697 1698
f 1696 1698 1699
f 1699 1698 1700
f 1700 1698 1701
f 1700 1701 1702
f 1702 1703 1700
f 1681 1678 1204
f 1678 1680 1204
f 1171 1204 1704
f 1171 1704 1705
f 1171 1705 1706
f 1706 1707 1171
f 1171 1707 1170
f 1707 1708 1170
f 1170 1708 1709
f 1170 1709 1710
f 1710 1711 1170
f 1170 1711 1712
f 1170 1712 1713
f 1713 1712 1714
f 1170 1713 1169
f 1169 1713 1168
f 1713 1715 1168
f 1168 1715 1167
f 1167 1715 1166
f 1166 1715 1716
f 1166 1716 1717
f 1166 1717 1129
f 1129 1717 1718
f 1129 1718 1131
f 1131 1718 1719
f 1131 1719 1165
f 1165 1719 1720
f 1165 1720 1164
f 1164 1720 1163
f 1720 1721 1163
f 1163 1721 1722
f 1163 1722 1162
f 1162 1722 1723
f 1162 1723 1724
f 1724 1725 1162
f 1162 1725 1726
f 1162 1726 1727
f 1727 1728 1162
f 1162 1728 1729
f 1729 1730 1162
f 1162 1730 1161
f 1161 1730 1731
f 1732 1731 1733
f 1732 1733 1734
f 1732 1734 1735
f 1735 1734 1736
f 1735 1736 1737
f 1731 1732 1738
f 1738 1732 1739
f 1738 1739 1740
f 1740 1739 1741
f 1740 1741 1742
f 1742 1741 1743
f 1742 1743 1146
f 1146 1743 1148
f 1742 1146 1740
f 1740 1146 1160
f 1740 1160 1738
f 1738 1160 1161
f 1738 1161 1731
f 1741 1744 1743
f 1743 1744 1745
f 1743 1745 1148
f 1148 1745 1151
f 1151 1745 1153
f 1153 1745 1746
f 1153 1746 1155
f 1155 1746 1747
f 1155 1747 1157
f 1157 1747 1748
f 1157 1748 1158
f 1158 1748 1749
f 1158 1749 1159
f 1159 1749 1495
f 1159 1495 1156
f 1156 1495 1750
f 1156 1751 1154
f 1154 1751 1752
f 1154 1752 1152
f 1152 1752 1753
f 1152 1753 1150
f 1150 1753 1754
f 1150 1754 1149
f 1149 1754 1755
f 1149 1755 1147
f 1147 1755 1756
f 1147 1756 1145
f 1145 1756 1757
f 1145 1757 1144
f 1144 1757 1203
f 1203 1757 1758
f 1758 1757 1759
f 1757 1756 1759
f 1759 1756 1760
f 1760 1756 1761
f 1761 1756 1755
f 1761 1755 1762
f 1762 1755 1754
f 1762 1754 1763
f 1763 1754 1753
f 1763 1753 1522
f 1522 1753 1752
f 1522 1752 1751
f 1764 1748 1765
f 1765 1748 1518
f 1518 1748 1747
f 1518 1747 1534
f 1534 1747 1766
f 1747 1746 1766
f 1766 1746 1538
f 1746 1745 1538
f 1538 1745 1744
f 1737 1736 1656
f 1656 1736 849
f 1656 849 851
f 1656 851 1655
f 1655 851 853
f 1655 853 1654
f 1654 853 855
f 1654 855 1653
f 1653 855 857
f 1653 857 1721
f 1721 857 1722
f 857 859 1722
f 1722 859 1723
f 859 860 1723
f 1723 860 1724
f 860 858 1724
f 1724 858 1725
f 1725 858 1726
f 1726 858 856
f 1726 856 1727
f 1727 856 1728
f 856 854 1728
f 1728 854 1729
f 1729 854 852
f 1729 852 1730
f 1730 852 850
f 1730 850 1731
f 1731 850 848
f 1731 848 1733
f 848 847 1733
f 1733 847 1734
f 847 849 1734
f 1734 849 1736
f 1656 1657 1737
f 1737 1657 1735
f 1735 1657 1732
f 1732 1657 1658
f 1658 1659 1732
f 1732 1659 1739
f 1739 1659 1741
f 1741 1659 1660
f 1741 1660 1744
f 1744 1660 1661
f 1744 1661 1538
f 1538 1661 1662
f 1538 1662 1766
f 1766 1662 1663
f 1766 1663 1534
f 1534 1663 1664
f 1534 1664 1518
f 1518 1664 1665
f 1518 1665 1765
f 1765 1665 1666
f 1765 1666 1667
f 1765 1667 1764
f 1764 1667 1668
f 1668 1669 1495
f 1495 1669 1750
f 1669 1670 1750
f 1750 1670 1522
f 1670 1671 1522
f 1522 1671 1763
f 1671 1672 1763
f 1763 1672 1762
f 1672 1673 1762
f 1762 1673 1761
f 1761 1673 1760
f 1760 1673 1674
f 1760 1674 1759
f 1759 1674 1675
f 1759 1675 1758
f 1758 1675 1767
f 1758 1767 1768
f 1768 1767 1769
f 1768 1769 1770
f 1714 1712 1647
f 1647 1712 865
f 1647 865 867
f 1647 867 1646
f 1646 867 869
f 1646 869 1635
f 1635 869 871
f 1635 871 1633
f 1633 871 873
f 1633 873 1676
f 1676 873 1677
f 873 874 1677
f 1677 874 1679
f 874 872 1679
f 1679 872 1680
f 1680 872 1204
f 1204 872 870
f 1204 870 868
f 1204 868 1704
f 868 866 1704
f 1704 866 1705
f 866 864 1705
f 1705 864 1706
f 1706 864 1707
f 1707 864 862
f 1707 862 1708
f 1708 862 1709
f 862 861 1709
f 1709 861 1710
f 861 863 1710
f 1710 863 1711
f 1711 863 1712
f 1712 863 865
f 1647 1648 1714
f 1714 1648 1713
f 1713 1648 1715
f 1715 1648 1649
f 1715 1649 1716
f 1716 1649 1650
f 1716 1650 1717
f 1717 1650 1651
f 1717 1651 1718
f 1718 1651 1719
f 1651 1652 1719
f 1719 1652 1720
f 1652 1653 1720
f 1720 1653 1721
f 1202 1201 1771
f 1771 1201 1003
f 1771 1003 1005
f 1771 1005 1772
f 1772 1005 1007
f 1772 1007 1773
f 1773 1007 1009
f 1773 1009 1769
f 1769 1009 1011
f 1769 1011 1770
f 1770 1011 1774
f 1011 1012 1774
f 1774 1012 1775
f 1012 1010 1775
f 1775 1010 1776
f 1776 1010 1199
f 1199 1010 1008
f 1199 1008 1198
f 1198 1008 1197
f 1008 1006 1197
f 1197 1006 1196
f 1196 1006 1004
f 1004 1002 1195
f 1002 1000 1195
f 1195 1000 1194
f 1194 1000 1193
f 1193 1000 999
f 1193 999 1192
f 1192 999 1191
f 999 1001 1191
f 1191 1001 1190
f 1190 1001 1200
f 1200 1001 1003
f 1200 1003 1201
f 1771 1777 1202
f 1202 1777 1189
f 1189 1777 1188
f 1188 1777 1778
f 1188 1778 1187
f 1187 1778 1779
f 1187 1779 1186
f 1186 1779 1185
f 1779 1780 1185
f 1185 1780 1184
f 1780 1781 1184
f 1184 1781 1782
f 1184 1782 1183
f 1183 1782 1783
f 1183 1783 1182
f 1182 1783 1784
f 1182 1784 1181
f 1181 1784 1785
f 1181 1785 780
f 780 1785 1573
f 778 1786 1179
f 1179 1786 1178
f 1178 1786 1571
f 1178 1571 784
f 782 1571 1787
f 782 1787 1788
f 1788 1787 1789
f 1788 1789 1790
f 1790 1789 1791
f 1790 1791 1792
f 1792 1791 1793
f 1791 1794 1793
f 1793 1794 1795
f 1793 1795 1796
f 1796 1795 1797
f 1796 1797 1798
f 1798 1797 1799
f 1798 1799 1800
f 1800 1799 1801
f 1800 1801 1802
f 1802 1801 1803
f 1802 1803 1804
f 1804 1803 1805
f 1803 1806 1805
f 1805 1806 1807
f 1808 1807 1806
f 1758 1768 1203
f 1203 1768 1143
f 1143 1768 1199
f 1199 1768 1776
f 1776 1768 1775
f 1775 1768 1774
f 1774 1768 1770
f 1769 1767 1773
f 1773 1767 1675
f 1773 1675 1586
f 1586 1585 1773
f 1773 1585 1772
f 1772 1585 1771
f 1771 1585 1777
f 1585 1584 1777
f 1777 1584 1583
f 1777 1583 1778
f 1778 1583 1582
f 1778 1582 1779
f 1779 1582 1581
f 1779 1581 1580
f 1779 1580 1780
f 1780 1580 1579
f 1780 1579 1781
f 1781 1579 1578
f 1781 1578 1782
f 1782 1578 1577
f 1782 1577 1783
f 1783 1577 1576
f 1783 1576 1784
f 1784 1576 1575
f 1784 1575 1785
f 1785 1575 1574
f 1785 1574 1573
f 1573 1572 1786
f 1786 1572 1571
f 1571 1570 1787
f 1787 1570 1569
f 1787 1569 1789
f 1789 1569 1632
f 1789 1632 1791
f 1791 1632 1631
f 1791 1631 1794
f 1794 1631 1630
f 1794 1630 1795
f 1795 1630 1629
f 1795 1629 1797
f 1797 1629 1628
f 1797 1628 1799
f 1799 1628 1627
f 1799 1627 1801
f 1801 1627 1626
f 1801 1626 1803
f 1803 1626 1625
f 1803 1625 1806
f 1806 1625 1809
f 1625 1624 1809
f 1809 1624 1810
f 1810 1624 1703
f 1703 1624 1700
f 1700 1624 1699
f 1699 1624 1696
f 1624 1623 1696
f 1696 1623 1694
f 1623 1622 1694
f 1694 1622 1691
f 1622 1621 1691
f 1691 1621 1690
f 1621 1619 1690
f 1690 1619 1689
f 1619 1618 1689
f 1689 1618 1688
f 1618 1617 1688
f 1688 1617 1687
f 1617 636 1687
f 1687 636 1645
f 1645 636 1614
f 1614 636 1615
f 636 265 1615
f 1615 265 1616
f 785 782 1128
f 1128 782 1127
f 782 1788 1127
f 1127 1788 1126
f 1126 1788 1790
f 1126 1790 1125
f 1125 1790 1124
f 1124 1790 1792
f 1124 1792 1793
f 1124 1793 1123
f 1793 1796 1123
f 1123 1796 1122
f 1796 1798 1122
f 1122 1798 1121
f 1798 1800 1121
f 1121 1800 1120
f 1800 1802 1120
f 1120 1802 1119
f 1119 1802 1804
f 1119 1804 1118
f 1118 1804 1805
f 1118 1805 1807
f 1118 1807 1117
f 1117 1807 1811
f 1117 1811 1812
f 1808 1811 1807
f 1812 1813 1117
f 1117 1813 1814
f 1117 1814 1815
f 1815 1816 1117
f 1117 1816 1817
f 1117 1817 1818
f 1117 1818 1819
f 1117 1819 1116
f 1116 1819 1820
f 1820 1821 1116
f 1116 1821 1822
f 1822 1821 1823
f 1822 1823 1698
f 1698 1823 1824
f 1698 1824 1825
f 1825 1826 1698
f 1698 1826 1701
f 1826 1827 1701
f 1701 1827 1828
f 1701 1828 1702
f 1822 1698 1829
f 1829 1698 1697
f 1829 1697 1695
f 1822 1829 1116
f 1116 1829 1115
f 1115 1829 1113
f 1702 1828 1703
f 1703 1828 835
f 1703 835 837
f 1703 837 1810
f 1810 837 839
f 1810 839 1809
f 1809 839 841
f 1809 841 1806
f 1806 841 843
f 1806 843 1808
f 1808 843 1811
f 843 845 1811
f 1811 845 1812
f 1812 845 1813
f 1813 845 846
f 1813 846 1814
f 1814 846 844
f 1814 844 1815
f 1815 844 1816
f 1816 844 1817
f 1817 844 842
f 1817 842 1818
f 842 840 1818
f 1818 840 1819
f 1819 840 838
f 1819 838 1820
f 1820 838 1821
f 838 836 1821
f 1821 836 1823
f 836 834 1823
f 1823 834 1824
f 1824 834 1825
f 1825 834 833
f 1825 833 1826
f 1826 833 1827
f 833 835 1827
f 1827 835 1828
f 474 584 1460
f 1460 584 1461
f 1461 584 63
f 1113 1829 1830
f 1830 1829 1695
f 1830 1695 1693
f 1113 1830 1112
f 1112 1830 1831
f 1112 1831 1110
f 1110 1831 1832
f 1110 1832 1108
f 1108 1832 806
f 806 1832 807
f 807 1832 1177
f 1177 1832 1692
f 1692 1832 1831
f 1692 1831 1693
f 1693 1831 1830
f 1833 1545 1546
f 1546 1833 1547
f 1539 1540 1834
f 1834 1540 1541
f 1835 1429 1435
f 1835 1435 1836
f 1836 1435 1434
f 1836 1434 1837
f 1837 1434 754
f 1837 754 1838
f 1838 754 753
f 1838 753 1839
f 1839 753 984
f 1839 984 1840
f 1840 984 986
f 1840 986 988
f 1840 988 1841
f 1841 988 987
f 1841 987 1842
f 1842 987 990
f 1842 990 1843
f 1843 990 991
f 1843 991 997
f 1843 997 1015
f 1015 997 994
f 1015 994 996
f 996 995 1015
f 1015 995 973
f 1015 973 1014
f 1014 973 974
f 1014 974 975
f 1014 975 1016
f 1016 975 976
f 1016 976 977
f 1016 977 1844
f 1844 977 811
f 1844 811 1845
f 1845 811 757
f 1845 757 1846
f 1846 757 756
f 1846 756 1847
f 1847 756 979
f 1847 979 1848
f 1848 979 981
f 1848 981 1849
f 1849 981 983
f 1849 983 1433
f 1849 1433 1850
f 1850 1433 1432
f 1850 1432 1431
f 1850 1431 1851
f 1851 1431 1430
f 1326 1399 1330
f 1330 1399 1321
f 1330 1328 1326
f 1114 1852 1204
f 1204 1852 1681
f 1681 1852 1682
f 1682 1852 1853
f 1682 1853 1683
f 1683 1853 1854
f 1683 1854 1684
f 1684 1854 1855
f 1684 1855 1685
f 1685 1855 1856
f 1685 1856 1686
f 1686 1856 1857
f 1686 1857 1175
f 1175 1857 1173
f 1173 1857 1104
f 1104 1857 1106
f 1857 1856 1106
f 1106 1856 1107
f 1856 1855 1107
f 1107 1855 1109
f 1855 1854 1109
f 1109 1854 1111
f 1854 1853 1111
f 1111 1853 1114
f 1852 1114 1853
f 1041 1043 1385
f 1385 1043 1389
f 1043 1045 1389
f 1389 1045 1392
f 1045 1047 1392
f 1392 1047 1393
f 1047 1049 1393
f 1393 1049 1394
f 1049 1050 1394
f 1394 1050 1395
f 1050 1052 1395
f 1395 1052 1396
f 1052 1054 1396
f 1396 1054 1397
f 1054 1056 1397
f 1397 1056 1013
f 1056 1058 1013
f 1013 1058 774
f 774 1037 763
f 763 1037 1035
f 763 1035 1371
f 1371 1035 1033
f 1371 1033 1372
f 1372 1033 1031
f 1372 1031 1373
f 1373 1031 1030
f 1373 1030 1374
f 1374 1030 1028
f 1374 1028 1375
f 1375 1028 1026
f 1375 1026 1376
f 1376 1026 1024
f 1376 1024 1377
f 1377 1024 1022
f 1377 1022 1380
f 1380 1022 1018
f 1380 1018 1017
f 1380 1017 1382
f 1382 1017 1041
f 1382 1041 1385
f 1084 1086 1015
f 1015 1086 1843
f 1086 1088 1843
f 1843 1088 1842
f 1088 1090 1842
f 1842 1090 1841
f 1090 1092 1841
f 1841 1092 1840
f 1092 1093 1840
f 1840 1093 1839
f 1093 1095 1839
f 1839 1095 1838
f 1095 1097 1838
f 1838 1097 1837
f 1097 1099 1837
f 1837 1099 1836
f 1099 1101 1836
f 1836 1101 1081
f 1836 1081 1835
f 1835 1081 1079
f 1835 1079 1851
f 1851 1079 1077
f 1851 1077 1850
f 1850 1077 1075
f 1850 1075 1849
f 1849 1075 1073
f 1849 1073 1848
f 1848 1073 1072
f 1848 1072 1847
f 1847 1072 1070
f 1847 1070 1846
f 1846 1070 1068
f 1846 1068 1845
f 1845 1068 1066
f 1845 1066 1844
f 1844 1066 1064
f 1844 1064 1016
f 1016 1064 1060
f 1016 1060 1014
f 1014 1084 1015
f 1286 1285 1858
f 1858 1285 1859
f 1858 1859 1403
f 1403 1859 1404
f 1403 1402 1858
f 1858 1402 1401
f 1858 1401 1860
f 1860 1401 1411
f 1860 1411 1265
f 1265 1411 1266
f 1411 1408 1266
f 1266 1408 1407
f 1266 1407 1861
f 1861 1407 1426
f 1861 1426 1862
f 1862 1426 1425
f 1862 1425 1863
f 1863 1425 1423
f 1863 1423 1864
f 1864 1423 1421
f 1864 1421 1865
f 1865 1421 1418
f 1865 1418 1419
f 1266 1861 1268
f 1268 1861 1862
f 1268 1862 1304
f 1304 1862 1863
f 1304 1863 1301
f 1301 1863 1300
f 1863 1864 1300
f 1300 1864 1297
f 1864 1865 1297
f 1297 1865 1298
f 1265 1286 1860
f 1860 1286 1858
f 1285 1283 1859
f 1859 1283 1866
f 1859 1866 1404
f 1404 1866 1406
f 1406 1866 1405
f 1405 1866 1867
f 1405 1867 1547
f 1547 1867 1546
f 1283 1276 1866
f 1866 1276 1867
f 1276 1277 1867
f 1867 1277 1868
f 1867 1868 1546
f 1546 1868 1545
f 1277 1278 1868
f 1868 1278 1279
f 1868 1279 1869
f 1869 1279 1281
f 1869 1281 1870
f 1870 1281 1282
f 1870 1282 1254
f 1868 1869 1545
f 1545 1869 1544
f 1869 1870 1544
f 1544 1870 1871
f 1544 1871 1507
f 1507 1871 1255
f 1507 1255 1508
f 1508 1255 1510
f 1255 1256 1510
f 1510 1256 1258
f 1510 1258 1512
f 1512 1258 1259
f 1512 1259 1514
f 1514 1259 1262
f 1514 1262 1244
f 1514 1244 1498
f 1498 1244 1245
f 1498 1245 1499
f 1499 1245 1246
f 1499 1246 1501
f 1501 1246 1247
f 1501 1247 1249
f 1501 1249 1503
f 1503 1249 1250
f 1503 1250 1505
f 1505 1250 1237
f 1505 1237 1872
f 1872 1237 1238
f 1872 1238 1873
f 1873 1238 1239
f 1873 1239 1874
f 1874 1239 1240
f 1874 1240 1241
f 1505 1872 1506
f 1506 1872 1873
f 1506 1873 1542
f 1542 1873 1874
f 1542 1874 1541
f 1541 1874 1875
f 1541 1875 1540
f 1540 1875 1876
f 1540 1876 1539
f 1539 1876 1877
f 1539 1877 1538
f 1538 1877 1537
f 1874 1241 1875
f 1875 1241 1242
f 1875 1242 1876
f 1876 1242 1492
f 1876 1492 1877
f 1877 1492 1491
f 1877 1491 1878
f 1878 1491 1489
f 1878 1489 1879
f 1879 1489 1487
f 1879 1487 1477
f 1877 1878 1537
f 1537 1878 1536
f 1536 1878 1534
f 1534 1878 1879
f 1534 1879 1533
f 1533 1879 1880
f 1533 1880 1493
f 1493 1880 1476
f 1493 1476 1494
f 1494 1476 1495
f 1476 1465 1495
f 1495 1465 1881
f 1495 1881 1496
f 1496 1881 1882
f 1496 1882 1478
f 1478 1882 1883
f 1478 1883 1479
f 1479 1883 1481
f 1465 1466 1881
f 1881 1466 1882
f 1882 1466 1883
f 1883 1466 1467
f 1883 1467 1468
f 1476 1880 1477
f 1477 1880 1879
f 1255 1871 1254
f 1254 1871 1870
f 1468 1884 1883
f 1883 1884 1481
f 1481 1884 1483
f 1483 1884 1885
f 1483 1885 1485
f 1485 1885 1886
f 1485 1886 1486
f 1486 1886 1887
f 1486 1887 1527
f 1527 1887 1888
f 1527 1888 1528
f 1528 1888 1365
f 1528 1365 1471
f 1471 1365 1363
f 1471 1363 1400
f 1471 1400 1472
f 1472 1400 1362
f 1472 1362 1474
f 1474 1362 1352
f 1474 1352 1475
f 1475 1352 1353
f 1475 1353 1461
f 1461 1353 1355
f 1461 1355 1354
f 1461 1354 1460
f 1460 1354 1459
f 1459 1354 1348
f 1459 1348 1458
f 1458 1348 1349
f 1458 1349 1457
f 1457 1349 1345
f 1457 1345 1456
f 1456 1345 1342
f 1456 1342 1455
f 1455 1342 1344
f 1455 1344 1454
f 1454 1344 1340
f 1454 1340 1337
f 1454 1337 1453
f 1453 1337 1338
f 1453 1338 1452
f 1452 1338 1333
f 1452 1333 1451
f 1451 1333 1334
f 1451 1334 1450
f 1450 1334 1327
f 1450 1327 1448
f 1448 1327 1328
f 1448 1328 1329
f 1448 1329 1449
f 1329 1322 1449
f 1449 1322 1445
f 1322 1324 1445
f 1445 1324 1443
f 1324 1323 1443
f 1443 1323 1444
f 1323 1436 1444
f 1444 1436 1446
f 1446 1436 1447
f 1436 1437 1447
f 1437 1427 1447
f 1447 1427 1566
f 1427 1417 1566
f 1566 1417 1438
f 1417 1413 1438
f 1438 1413 1439
f 1439 1413 1441
f 1413 1412 1441
f 1441 1412 1415
f 1441 1415 1442
f 1442 1415 1416
f 1442 1416 1295
f 1365 1888 1364
f 1364 1888 1887
f 1364 1887 1462
f 1462 1887 1470
f 1887 1886 1470
f 1470 1886 1885
f 1470 1885 1469
f 1469 1885 1884
f 1469 1884 1468
f 1295 1889 1442
f 1442 1889 1562
f 1295 1296 1889
f 1889 1296 1890
f 1889 1890 1562
f 1562 1890 1561
f 1296 1302 1890
f 1890 1302 1891
f 1890 1891 1561
f 1561 1891 1419
f 1419 1891 1865
f 1865 1891 1298
f 1891 1302 1298
f 1892 1893 1894
f 1893 1892 1895
f 1896 1897 1898
f 1899 1900 1901
f 1901 1902 1899
f 1903 1892 1904
f 1905 1900 1906
f 1907 1901 1900
f 1902 1907 1904
f 1907 1902 1901
f 1907 1903 1904
f 1908 1903 1907
f 1909 1910 1911
f 1910 1912 1911
f 1913 1909 1895
f 1895 1903 1914
f 1914 1903 1908
f 1915 1916 1917
f 1918 1897 1919
f 1920 1919 1911
f 1912 1920 1911
f 1921 1922 1923
f 1924 1909 1911
f 1924 1893 1895
f 1924 1895 1909
f 1925 1919 1897
f 1911 1919 1925
f 1925 1924 1911
f 1926 1897 1896
f 1926 1896 1927
f 1926 1927 1897
f 1922 1912 1928
f 1928 1912 1929
f 1930 1899 1896
f 1896 1898 1930
f 1931 1927 1896
f 1896 1899 1931
f 1931 1899 1902
f 1932 1906 1900
f 1932 1900 1899
f 1932 1930 1906
f 1932 1899 1930
f 1892 1933 1895
f 1933 1903 1895
f 1933 1892 1903
f 1905 1934 1908
f 1934 1914 1908
f 1935 1917 1905
f 1935 1915 1917
f 1915 1935 1929
f 1936 1905 1908
f 1908 1907 1936
f 1905 1936 1900
f 1936 1907 1900
f 1937 1910 1909
f 1909 1913 1937
f 1937 1915 1929
f 1937 1916 1915
f 1938 1918 1939
f 1939 1918 1919
f 1919 1920 1939
f 1921 1939 1922
f 1940 1898 1938
f 1930 1940 1906
f 1940 1930 1898
f 1941 1923 1906
f 1941 1921 1923
f 1942 1925 1897
f 1897 1927 1942
f 1942 1927 1894
f 1942 1894 1893
f 1943 1916 1934
f 1943 1934 1905
f 1916 1943 1917
f 1943 1905 1917
f 1944 1928 1929
f 1935 1944 1929
f 1944 1935 1923
f 1944 1923 1922
f 1922 1928 1944
f 1945 1937 1929
f 1910 1937 1945
f 1945 1929 1912
f 1945 1912 1910
f 1937 1946 1916
f 1946 1937 1913
f 1946 1934 1916
f 1914 1934 1946
f 1939 1947 1922
f 1947 1939 1920
f 1947 1912 1922
f 1947 1920 1912
f 1906 1940 1948
f 1948 1941 1906
f 1949 1948 1940
f 1949 1940 1938
f 1921 1941 1949
f 1941 1948 1949
f 1938 1939 1949
f 1949 1939 1921
f 1892 1902 1904
f 1902 1892 1894
f 1918 1898 1897
f 1918 1938 1898
f 1931 1902 1894
f 1894 1927 1931
f 1935 1905 1906
f 1935 1906 1923
f 1942 1924 1925
f 1924 1942 1893
f 1895 1914 1946
f 1946 1913 1895
f 1950 1951 1952
f 1953 1954 1955
f 1956 1957 1958
f 1959 1956 1958
f 1959 1960 1961
f 1962 1961 1960
f 1963 1951 1950
f 1964 1965 1952
f 1966 1967 1955
f 1953 1968 1951
f 1967 1964 1968
f 1955 1967 1968
f 1968 1953 1955
f 1969 1953 1951
f 1951 1963 1969
f 1970 1971 1972
f 1972 1971 1954
f 1972 1953 1969
f 1973 1974 1956
f 1975 1976 1977
f 1974 1976 1975
f 1978 1957 1956
f 1957 1978 1958
f 1952 1965 1979
f 1980 1981 1982
f 1965 1983 1960
f 1983 1962 1960
f 1984 1952 1951
f 1984 1964 1952
f 1968 1984 1951
f 1984 1968 1964
f 1985 1986 1977
f 1976 1985 1977
f 1981 1985 1982
f 1954 1953 1987
f 1987 1972 1954
f 1972 1987 1953
f 1988 1954 1971
f 1989 1956 1974
f 1974 1975 1989
f 1958 1978 1990
f 1991 1979 1965
f 1991 1965 1960
f 1991 1959 1958
f 1960 1959 1991
f 1992 1993 1982
f 1992 1976 1974
f 1992 1973 1961
f 1973 1992 1974
f 1961 1962 1992
f 1992 1962 1993
f 1994 1983 1965
f 1994 1993 1962
f 1962 1983 1994
f 1966 1995 1967
f 1996 1997 1998
f 1996 1980 1997
f 1981 1980 1996
f 1996 1985 1981
f 1999 1966 2000
f 1999 1995 1966
f 1995 1999 1998
f 1999 1996 1998
f 1977 1986 2001
f 2001 1975 1977
f 2002 1956 1989
f 2002 1978 1956
f 1978 2002 1970
f 2002 1971 1970
f 1979 1991 2003
f 2003 1950 1952
f 1952 1979 2003
f 2003 1990 1963
f 2003 1963 1950
f 1958 1990 2003
f 2003 1991 1958
f 2004 1992 1982
f 1976 1992 2004
f 2004 1982 1985
f 2004 1985 1976
f 2005 1980 1982
f 1982 1993 2005
f 1993 1994 2005
f 2005 1994 1965
f 1997 1980 2005
f 2006 1964 1967
f 2006 1967 1995
f 2007 1999 2000
f 1986 1999 2007
f 2007 2000 1954
f 1954 1988 2007
f 2001 2007 1988
f 2007 2001 1986
f 2008 1999 1986
f 2008 1996 1999
f 1985 2008 1986
f 1996 2008 1985
f 2009 1997 1964
f 2006 2009 1964
f 2009 1998 1997
f 2009 1995 1998
f 2009 2006 1995
f 1966 1954 2000
f 1966 1955 1954
f 1972 1969 1963
f 1972 1963 1970
f 1959 1973 1956
f 1973 1959 1961
f 1963 1990 1970
f 1990 1978 1970
f 1989 2001 1988
f 2001 1989 1975
f 2002 1989 1988
f 2002 1988 1971
f 2005 1965 1964
f 2005 1964 1997
f 2010 2011 2012
f 2013 2010 2014
f 2014 2010 2015
f 2016 2017 2018
f 2017 2019 2018
f 2020 2011 2010
f 2020 2010 2013
f 2021 2012 2011
f 2022 2023 2024
f 2025 2026 2027
f 2028 2029 2030
f 2031 2032 2033
f 2034 2035 2036
f 2027 2037 2038
f 2039 2037 2026
f 2037 2027 2026
f 2040 2041 2042
f 2020 2043 2011
f 2044 2045 2034
f 2046 2035 2034
f 2045 2046 2034
f 2047 2048 2011
f 2047 2049 2048
f 2050 2051 2052
f 2053 2054 2048
f 2055 2038 2037
f 2056 2057 2030
f 2058 2057 2056
f 2056 2030 2029
f 2029 2058 2056
f 2033 2059 2060
f 2059 2033 2032
f 2061 2059 2032
f 2059 2061 2062
f 2063 2064 2065
f 2066 2064 2063
f 2067 2033 2060
f 2060 2068 2067
f 2069 2068 2070
f 2069 2071 2068
f 2072 2073 2074
f 2075 2069 2070
f 2076 2074 2073
f 2076 2077 2074
f 2076 2078 2079
f 2076 2079 2077
f 2080 2081 2082
f 2083 2084 2082
f 2083 2082 2081
f 2083 2022 2024
f 2083 2085 2084
f 2024 2021 2083
f 2083 2021 2085
f 2086 2083 2081
f 2083 2086 2022
f 2087 2088 2089
f 2015 2090 2014
f 2025 2091 2026
f 2091 2014 2090
f 2091 2090 2092
f 2093 2015 2010
f 2093 2010 2012
f 2094 2095 2019
f 2096 2097 2098
f 2097 2099 2098
f 2097 2100 2099
f 2101 2102 2103
f 2102 2101 2104
f 2105 2106 2107
f 2108 2102 2104
f 2109 2110 2111
f 2111 2112 2113
f 2114 2115 2116
f 2117 2110 2109
f 2117 2118 2119
f 2117 2028 2118
f 2120 2029 2028
f 2031 2121 2032
f 2121 2031 2110
f 2121 2117 2119
f 2110 2117 2121
f 2110 2031 2122
f 2112 2111 2122
f 2122 2111 2110
f 2123 2124 2125
f 2126 2127 2128
f 2128 2127 2129
f 2127 2130 2129
f 2131 2127 2126
f 2017 2016 2132
f 2102 2133 2103
f 2134 2123 2125
f 2041 2135 2042
f 2135 2046 2042
f 2135 2136 2035
f 2135 2035 2046
f 2137 2138 2139
f 2138 2140 2136
f 2141 2142 2143
f 2142 2141 2144
f 2145 2027 2146
f 2147 2148 2149
f 2150 2151 2147
f 2147 2151 2148
f 2152 2153 2154
f 2155 2156 2157
f 2155 2157 2158
f 2159 2140 2160
f 2161 2162 2163
f 2164 2161 2163
f 2165 2166 2167
f 2168 2125 2124
f 2169 2168 2124
f 2169 2170 2168
f 2171 2164 2163
f 2172 2171 2173
f 2037 2174 2055
f 2175 2176 2177
f 2175 2178 2179
f 2175 2180 2176
f 2176 2181 2177
f 2181 2040 2177
f 2181 2041 2040
f 2040 2182 2177
f 2182 2183 2177
f 2182 2040 2042
f 2184 2185 2186
f 2184 2187 2188
f 2184 2189 2187
f 2186 2189 2184
f 2190 2191 2189
f 2190 2189 2186
f 2192 2186 2185
f 2043 2193 2011
f 2193 2047 2011
f 2047 2193 2194
f 2195 2020 2013
f 2195 2043 2020
f 2196 2197 2198
f 2194 2193 2043
f 2049 2199 2048
f 2199 2049 2200
f 2199 2201 2048
f 2202 2052 2203
f 2202 2050 2052
f 2204 2061 2032
f 2121 2204 2032
f 2204 2121 2119
f 2119 2118 2204
f 2061 2205 2062
f 2205 2206 2062
f 2207 2068 2060
f 2068 2207 2070
f 2208 2059 2062
f 2207 2208 2209
f 2060 2059 2208
f 2208 2207 2060
f 2210 2211 2212
f 2213 2205 2214
f 2206 2205 2213
f 2215 2206 2216
f 2062 2206 2215
f 2215 2208 2062
f 2208 2215 2209
f 2099 2217 2098
f 2217 2099 2212
f 2212 2211 2217
f 2218 2031 2033
f 2033 2067 2218
f 2218 2122 2031
f 2219 2067 2220
f 2221 2222 2223
f 2224 2222 2214
f 2225 2057 2058
f 2226 2227 2063
f 2065 2226 2063
f 2228 2229 2230
f 2228 2230 2066
f 2231 2066 2063
f 2231 2063 2227
f 2231 2228 2066
f 2232 2233 2234
f 2235 2236 2237
f 2235 2237 2238
f 2239 2240 2088
f 2241 2242 2243
f 2074 2080 2082
f 2074 2077 2080
f 2244 2076 2073
f 2076 2244 2078
f 2023 2022 2245
f 2022 2086 2245
f 2246 2247 2248
f 2246 2248 2242
f 2249 2246 2242
f 2248 2247 2250
f 2251 2250 2078
f 2250 2079 2078
f 2250 2247 2079
f 2079 2247 2252
f 2087 2253 2088
f 2253 2239 2088
f 2249 2239 2253
f 2253 2246 2249
f 2253 2087 2246
f 2254 2091 2025
f 2254 2013 2014
f 2014 2091 2254
f 2255 2021 2024
f 2256 2257 2258
f 2259 2260 2261
f 2262 2251 2078
f 2100 2097 2262
f 2244 2262 2078
f 2262 2244 2100
f 2101 2263 2104
f 2264 2242 2248
f 2242 2264 2243
f 2265 2107 2106
f 2266 2105 2107
f 2104 2263 2266
f 2105 2266 2267
f 2266 2263 2267
f 2268 2106 2105
f 2268 2243 2264
f 2268 2264 2106
f 2269 2270 2095
f 2229 2270 2269
f 2271 2272 2096
f 2271 2096 2098
f 2054 2053 2273
f 2274 2114 2116
f 2275 2114 2274
f 2276 2277 2203
f 2278 2116 2115
f 2278 2279 2116
f 2203 2279 2278
f 2280 2113 2281
f 2281 2115 2280
f 2281 2113 2112
f 2281 2278 2115
f 2112 2282 2281
f 2278 2281 2282
f 2283 2277 2284
f 2285 2286 2287
f 2285 2287 2288
f 2289 2290 2291
f 2167 2290 2289
f 2289 2165 2167
f 2165 2289 2286
f 2292 2124 2123
f 2293 2294 2295
f 2296 2131 2126
f 2016 2297 2298
f 2297 2016 2018
f 2299 2016 2298
f 2299 2132 2016
f 2300 2103 2133
f 2301 2302 2103
f 2303 2302 2301
f 2304 2305 2306
f 2307 2308 2309
f 2310 2311 2312
f 2310 2257 2313
f 2314 2309 2304
f 2315 2123 2134
f 2316 2139 2138
f 2316 2135 2041
f 2136 2135 2316
f 2316 2138 2136
f 2317 2137 2143
f 2317 2138 2137
f 2160 2140 2317
f 2138 2317 2140
f 2318 2319 2320
f 2025 2319 2318
f 2254 2318 2320
f 2318 2254 2025
f 2321 2025 2027
f 2321 2319 2025
f 2322 2145 2146
f 2150 2120 2323
f 2323 2151 2150
f 2323 2120 2028
f 2151 2323 2109
f 2323 2117 2109
f 2028 2117 2323
f 2148 2151 2324
f 2324 2151 2109
f 2111 2324 2109
f 2324 2111 2113
f 2325 2154 2326
f 2327 2153 2152
f 2327 2152 2280
f 2115 2327 2280
f 2327 2115 2114
f 2328 2152 2154
f 2149 2148 2328
f 2328 2325 2149
f 2154 2325 2328
f 2120 2329 2029
f 2330 2154 2153
f 2154 2330 2326
f 2331 2332 2333
f 2331 2334 2332
f 2335 2157 2156
f 2335 2333 2157
f 2335 2331 2333
f 2335 2336 2331
f 2156 2155 2337
f 2338 2036 2035
f 2338 2140 2159
f 2035 2136 2338
f 2140 2338 2136
f 2339 2314 2340
f 2162 2341 2163
f 2341 2171 2163
f 2342 2343 2344
f 2345 2344 2343
f 2345 2285 2344
f 2345 2165 2286
f 2345 2286 2285
f 2346 2290 2167
f 2346 2169 2124
f 2292 2346 2124
f 2346 2292 2290
f 2170 2169 2347
f 2185 2348 2349
f 2349 2348 2350
f 2351 2348 2185
f 2351 2185 2184
f 2351 2184 2188
f 2352 2353 2354
f 2353 2352 2355
f 2355 2352 2356
f 2357 2358 2359
f 2357 2360 2358
f 2357 2359 2361
f 2357 2361 2362
f 2352 2363 2356
f 2364 2365 2366
f 2365 2364 2172
f 2037 2039 2174
f 2164 2171 2172
f 2164 2172 2364
f 2367 2161 2164
f 2367 2164 2364
f 2367 2039 2026
f 2367 2026 2161
f 2364 2039 2367
f 2368 2369 2354
f 2370 2368 2261
f 2369 2368 2370
f 2319 2371 2320
f 2177 2183 2372
f 2183 2373 2372
f 2372 2175 2177
f 2181 2374 2041
f 2139 2316 2374
f 2374 2316 2041
f 2375 2373 2183
f 2182 2375 2183
f 2376 2377 2378
f 2379 2380 2381
f 2382 2383 2384
f 2385 2384 2386
f 2387 2388 2389
f 2390 2391 2383
f 2191 2392 2391
f 2393 2383 2382
f 2393 2390 2383
f 2394 2390 2393
f 2395 2189 2191
f 2191 2391 2395
f 2395 2391 2390
f 2395 2187 2189
f 2396 2190 2186
f 2396 2192 2397
f 2192 2396 2186
f 2398 2195 2013
f 2398 2013 2254
f 2398 2254 2320
f 2049 2047 2399
f 2198 2049 2399
f 2399 2196 2198
f 2399 2047 2194
f 2400 2194 2197
f 2400 2197 2196
f 2400 2399 2194
f 2400 2196 2399
f 2401 2372 2402
f 2175 2372 2401
f 2403 2049 2198
f 2403 2404 2049
f 2405 2200 2049
f 2405 2049 2404
f 2406 2407 2408
f 2201 2409 2048
f 2409 2410 2053
f 2409 2053 2048
f 2409 2406 2410
f 2406 2409 2201
f 2411 2199 2200
f 2199 2411 2201
f 2411 2406 2201
f 2412 2085 2050
f 2413 2204 2118
f 2057 2413 2030
f 2413 2057 2224
f 2210 2414 2211
f 2216 2065 2414
f 2414 2065 2064
f 2414 2064 2211
f 2415 2210 2212
f 2416 2216 2206
f 2213 2416 2206
f 2416 2065 2216
f 2416 2213 2417
f 2417 2226 2416
f 2416 2226 2065
f 2418 2215 2216
f 2216 2414 2418
f 2418 2414 2210
f 2215 2418 2209
f 2098 2217 2419
f 2419 2271 2098
f 2420 2067 2219
f 2420 2218 2067
f 2221 2421 2222
f 2213 2421 2417
f 2222 2421 2214
f 2421 2213 2214
f 2422 2226 2417
f 2422 2227 2226
f 2223 2222 2423
f 2222 2224 2423
f 2423 2224 2057
f 2423 2057 2225
f 2424 2425 2158
f 2424 2158 2426
f 2426 2427 2424
f 2232 2234 2428
f 2235 2428 2236
f 2428 2429 2232
f 2428 2235 2429
f 2430 2329 2431
f 2432 2433 2434
f 2432 2233 2232
f 2432 2434 2233
f 2435 2293 2436
f 2437 2239 2249
f 2437 2240 2239
f 2437 2249 2242
f 2241 2437 2242
f 2437 2438 2240
f 2074 2439 2072
f 2440 2439 2441
f 2441 2439 2442
f 2441 2442 2443
f 2089 2245 2086
f 2081 2080 2089
f 2089 2086 2081
f 2080 2252 2089
f 2080 2077 2079
f 2079 2252 2080
f 2444 2089 2252
f 2444 2252 2247
f 2247 2246 2444
f 2444 2087 2089
f 2444 2246 2087
f 2015 2093 2445
f 2092 2090 2015
f 2015 2445 2092
f 2445 2446 2447
f 2447 2092 2445
f 2023 2448 2024
f 2449 2088 2240
f 2240 2438 2449
f 2012 2021 2450
f 2450 2093 2012
f 2450 2451 2093
f 2452 2453 2454
f 2455 2456 2453
f 2456 2454 2453
f 2457 2259 2173
f 2173 2171 2457
f 2458 2459 2267
f 2267 2263 2458
f 2458 2460 2459
f 2106 2264 2461
f 2461 2265 2106
f 2461 2264 2248
f 2248 2250 2461
f 2461 2250 2251
f 2265 2461 2251
f 2462 2265 2251
f 2262 2462 2251
f 2462 2097 2096
f 2462 2262 2097
f 2463 2107 2265
f 2096 2272 2463
f 2463 2462 2096
f 2462 2463 2265
f 2464 2266 2107
f 2272 2108 2464
f 2464 2108 2104
f 2104 2266 2464
f 2463 2464 2107
f 2464 2463 2272
f 2094 2269 2095
f 2094 2465 2269
f 2271 2466 2272
f 2466 2108 2272
f 2465 2017 2467
f 2465 2019 2017
f 2465 2094 2019
f 2054 2273 2468
f 2468 2048 2054
f 2468 2011 2048
f 2468 2021 2011
f 2468 2085 2021
f 2468 2050 2085
f 2468 2051 2050
f 2052 2051 2469
f 2468 2469 2051
f 2469 2468 2273
f 2279 2470 2116
f 2470 2274 2116
f 2275 2274 2471
f 2471 2472 2275
f 2473 2472 2471
f 2471 2474 2475
f 2471 2475 2473
f 2476 2282 2276
f 2476 2276 2203
f 2476 2278 2282
f 2203 2278 2476
f 2277 2276 2282
f 2477 2478 2479
f 2477 2480 2478
f 2481 2412 2050
f 2481 2482 2412
f 2481 2050 2202
f 2277 2283 2483
f 2203 2277 2483
f 2483 2202 2203
f 2483 2481 2202
f 2481 2483 2283
f 2069 2441 2443
f 2075 2441 2069
f 2071 2484 2068
f 2484 2067 2068
f 2484 2220 2067
f 2485 2289 2291
f 2485 2486 2487
f 2291 2486 2485
f 2487 2287 2485
f 2485 2287 2286
f 2289 2485 2286
f 2488 2130 2127
f 2131 2488 2127
f 2488 2489 2130
f 2488 2490 2489
f 2491 2492 2493
f 2493 2492 2494
f 2494 2495 2493
f 2493 2496 2491
f 2497 2496 2498
f 2497 2499 2491
f 2497 2491 2496
f 2499 2500 2491
f 2500 2492 2491
f 2131 2296 2501
f 2501 2487 2486
f 2502 2288 2287
f 2502 2287 2487
f 2503 2504 2505
f 2503 2506 2507
f 2503 2505 2506
f 2508 2509 2510
f 2508 2511 2509
f 2508 2512 2511
f 2513 2128 2298
f 2298 2297 2513
f 2126 2128 2513
f 2513 2297 2514
f 2512 2508 2515
f 2516 2018 2019
f 2516 2019 2436
f 2517 2293 2295
f 2518 2517 2295
f 2517 2518 2511
f 2517 2511 2512
f 2505 2296 2519
f 2519 2506 2505
f 2519 2514 2506
f 2519 2296 2126
f 2126 2513 2519
f 2519 2513 2514
f 2520 2299 2298
f 2520 2298 2128
f 2520 2128 2129
f 2129 2521 2520
f 2520 2521 2522
f 2522 2299 2520
f 2523 2102 2524
f 2523 2525 2102
f 2102 2525 2526
f 2102 2527 2524
f 2528 2527 2102
f 2529 2467 2017
f 2528 2530 2529
f 2102 2108 2530
f 2530 2528 2102
f 2269 2465 2530
f 2466 2530 2108
f 2530 2466 2269
f 2531 2532 2103
f 2533 2531 2103
f 2534 2103 2300
f 2534 2533 2103
f 2535 2103 2532
f 2535 2301 2103
f 2303 2522 2536
f 2537 2538 2305
f 2539 2538 2537
f 2309 2308 2540
f 2540 2304 2309
f 2305 2304 2540
f 2540 2537 2305
f 2540 2308 2541
f 2540 2541 2537
f 2256 2542 2257
f 2543 2168 2170
f 2544 2545 2546
f 2544 2260 2545
f 2547 2314 2304
f 2547 2304 2306
f 2306 2548 2547
f 2548 2549 2547
f 2314 2547 2340
f 2547 2549 2340
f 2550 2551 2552
f 2550 2134 2125
f 2305 2553 2306
f 2538 2553 2305
f 2554 2306 2553
f 2554 2553 2551
f 2554 2548 2306
f 2554 2543 2548
f 2555 2556 2557
f 2145 2558 2559
f 2559 2558 2560
f 2561 2144 2562
f 2561 2142 2144
f 2563 2564 2565
f 2566 2565 2564
f 2567 2568 2569
f 2565 2566 2567
f 2567 2566 2568
f 2570 2145 2322
f 2570 2558 2145
f 2560 2558 2570
f 2148 2324 2571
f 2571 2328 2148
f 2571 2152 2328
f 2152 2571 2280
f 2571 2113 2280
f 2571 2324 2113
f 2327 2572 2153
f 2572 2114 2275
f 2572 2327 2114
f 2573 2329 2430
f 2573 2058 2029
f 2573 2029 2329
f 2574 2120 2150
f 2574 2329 2120
f 2574 2431 2329
f 2480 2575 2478
f 2479 2576 2326
f 2576 2325 2326
f 2577 2578 2579
f 2579 2479 2478
f 2579 2576 2479
f 2578 2576 2579
f 2580 2581 2582
f 2582 2581 2583
f 2582 2583 2584
f 2585 2473 2475
f 2378 2586 2408
f 2586 2406 2408
f 2587 2588 2472
f 2587 2472 2473
f 2589 2330 2153
f 2572 2589 2153
f 2590 2581 2580
f 2581 2590 2591
f 2590 2589 2591
f 2330 2589 2590
f 2592 2583 2581
f 2592 2591 2588
f 2592 2581 2591
f 2593 2594 2595
f 2593 2582 2584
f 2034 2036 2596
f 2036 2584 2596
f 2596 2044 2034
f 2596 2584 2583
f 2597 2598 2599
f 2600 2601 2599
f 2598 2600 2599
f 2600 2598 2602
f 2603 2331 2336
f 2334 2331 2603
f 2604 2142 2605
f 2142 2604 2143
f 2604 2317 2143
f 2160 2317 2604
f 2606 2607 2336
f 2336 2335 2606
f 2606 2335 2156
f 2606 2608 2607
f 2156 2337 2609
f 2609 2606 2156
f 2608 2606 2609
f 2609 2556 2608
f 2610 2611 2337
f 2610 2337 2612
f 2613 2158 2425
f 2613 2614 2158
f 2615 2155 2158
f 2614 2615 2158
f 2339 2616 2314
f 2313 2307 2616
f 2616 2339 2311
f 2616 2307 2309
f 2616 2309 2314
f 2617 2339 2340
f 2618 2341 2312
f 2618 2619 2620
f 2618 2617 2619
f 2621 2622 2347
f 2623 2347 2622
f 2544 2623 2622
f 2623 2544 2546
f 2170 2347 2623
f 2624 2347 2169
f 2624 2346 2167
f 2169 2346 2624
f 2167 2166 2624
f 2621 2624 2166
f 2624 2621 2347
f 2625 2192 2185
f 2185 2349 2625
f 2625 2397 2192
f 2626 2349 2627
f 2627 2359 2358
f 2627 2350 2359
f 2627 2349 2350
f 2628 2629 2348
f 2348 2351 2628
f 2628 2188 2630
f 2628 2351 2188
f 2631 2632 2633
f 2631 2633 2355
f 2631 2355 2356
f 2634 2631 2356
f 2635 2629 2636
f 2635 2636 2361
f 2635 2350 2348
f 2348 2629 2635
f 2359 2350 2635
f 2635 2361 2359
f 2363 2637 2362
f 2638 2356 2363
f 2636 2634 2638
f 2638 2634 2356
f 2638 2361 2636
f 2362 2361 2638
f 2638 2363 2362
f 2639 2055 2174
f 2640 2629 2628
f 2640 2628 2630
f 2641 2171 2341
f 2641 2620 2619
f 2642 2173 2259
f 2642 2259 2261
f 2368 2642 2261
f 2364 2366 2353
f 2643 2355 2633
f 2353 2355 2643
f 2643 2364 2353
f 2633 2632 2174
f 2174 2039 2633
f 2643 2633 2364
f 2633 2039 2364
f 2260 2644 2261
f 2644 2370 2261
f 2544 2644 2260
f 2644 2544 2622
f 2645 2175 2179
f 2645 2371 2175
f 2645 2179 2320
f 2645 2320 2371
f 2180 2175 2646
f 2647 2648 2649
f 2375 2647 2373
f 2647 2650 2373
f 2647 2649 2650
f 2651 2375 2182
f 2652 2378 2408
f 2652 2376 2378
f 2652 2408 2407
f 2653 2652 2654
f 2652 2407 2654
f 2655 2376 2656
f 2656 2652 2653
f 2376 2652 2656
f 2656 2651 2655
f 2651 2656 2375
f 2653 2647 2656
f 2656 2647 2375
f 2376 2657 2377
f 2657 2658 2377
f 2658 2657 2044
f 2657 2376 2655
f 2657 2655 2045
f 2657 2045 2044
f 2237 2236 2659
f 2333 2332 2660
f 2661 2238 2237
f 2661 2379 2381
f 2381 2662 2661
f 2661 2662 2238
f 2663 2660 2332
f 2660 2663 2664
f 2386 2384 2665
f 2665 2384 2383
f 2665 2383 2391
f 2665 2391 2392
f 2384 2385 2666
f 2667 2666 2668
f 2666 2669 2668
f 2385 2669 2666
f 2382 2384 2666
f 2666 2667 2382
f 2670 2385 2386
f 2380 2671 2381
f 2190 2396 2672
f 2673 2674 2675
f 2389 2388 2676
f 2676 2673 2675
f 2676 2388 2673
f 2677 2678 2394
f 2187 2395 2678
f 2678 2390 2394
f 2678 2395 2390
f 2679 2188 2187
f 2187 2678 2679
f 2679 2678 2677
f 2679 2630 2188
f 2680 2681 2682
f 2683 2684 2685
f 2686 2683 2685
f 2687 2688 2689
f 2342 2690 2360
f 2690 2342 2344
f 2627 2691 2626
f 2691 2627 2358
f 2691 2687 2626
f 2688 2687 2691
f 2195 2398 2320
f 2692 2373 2650
f 2650 2197 2692
f 2692 2197 2402
f 2692 2372 2373
f 2372 2692 2402
f 2402 2197 2401
f 2197 2194 2401
f 2401 2194 2043
f 2693 2403 2198
f 2198 2197 2693
f 2404 2403 2693
f 2694 2653 2654
f 2647 2694 2648
f 2694 2647 2653
f 2695 2442 2085
f 2412 2695 2085
f 2443 2442 2695
f 2695 2412 2443
f 2413 2696 2030
f 2696 2413 2118
f 2696 2028 2030
f 2696 2118 2028
f 2697 2413 2224
f 2214 2205 2697
f 2697 2224 2214
f 2697 2205 2061
f 2061 2204 2697
f 2697 2204 2413
f 2698 2415 2212
f 2212 2099 2698
f 2099 2100 2698
f 2699 2419 2217
f 2064 2066 2699
f 2699 2066 2230
f 2230 2419 2699
f 2699 2211 2064
f 2699 2217 2211
f 2700 2420 2219
f 2122 2218 2701
f 2218 2420 2701
f 2701 2702 2277
f 2701 2277 2282
f 2701 2282 2112
f 2112 2122 2701
f 2703 2704 2705
f 2706 2423 2225
f 2706 2225 2707
f 2223 2423 2706
f 2706 2705 2223
f 2706 2707 2703
f 2703 2705 2706
f 2707 2708 2703
f 2709 2671 2710
f 2709 2662 2381
f 2709 2381 2671
f 2711 2712 2713
f 2711 2713 2499
f 2497 2711 2499
f 2714 2427 2426
f 2427 2575 2480
f 2427 2714 2575
f 2577 2579 2715
f 2715 2478 2575
f 2715 2579 2478
f 2575 2714 2716
f 2716 2714 2426
f 2716 2715 2575
f 2715 2716 2717
f 2233 2434 2718
f 2719 2704 2720
f 2719 2721 2722
f 2719 2720 2723
f 2433 2724 2725
f 2432 2724 2433
f 2726 2433 2725
f 2725 2727 2726
f 2726 2727 2728
f 2434 2433 2729
f 2729 2433 2726
f 2729 2726 2730
f 2731 2723 2730
f 2731 2719 2723
f 2719 2731 2721
f 2721 2731 2728
f 2295 2294 2732
f 2492 2500 2733
f 2732 2733 2295
f 2733 2732 2734
f 2733 2518 2295
f 2733 2500 2518
f 2735 2494 2492
f 2492 2733 2735
f 2735 2733 2734
f 2227 2422 2735
f 2494 2735 2422
f 2095 2270 2019
f 2270 2436 2019
f 2435 2270 2229
f 2228 2435 2229
f 2435 2294 2293
f 2736 2439 2074
f 2736 2074 2082
f 2736 2085 2442
f 2442 2439 2736
f 2085 2736 2084
f 2736 2082 2084
f 2737 2440 2441
f 2738 2737 2739
f 2739 2075 2070
f 2739 2441 2075
f 2739 2737 2441
f 2740 2244 2073
f 2244 2740 2100
f 2740 2698 2100
f 2415 2738 2741
f 2210 2415 2741
f 2741 2418 2210
f 2418 2741 2209
f 2742 2092 2447
f 2446 2742 2447
f 2742 2446 2743
f 2744 2745 2024
f 2448 2744 2024
f 2746 2747 2748
f 2449 2748 2747
f 2748 2449 2438
f 2438 2437 2748
f 2749 2750 2751
f 2750 2453 2452
f 2750 2452 2751
f 2522 2752 2536
f 2752 2522 2521
f 2753 2754 2755
f 2756 2315 2134
f 2130 2757 2129
f 2757 2521 2129
f 2758 2258 2749
f 2758 2749 2759
f 2758 2759 2760
f 2761 2762 2552
f 2761 2552 2551
f 2761 2553 2538
f 2551 2553 2761
f 2763 2446 2764
f 2765 2263 2101
f 2765 2458 2263
f 2458 2766 2460
f 2766 2765 2455
f 2766 2458 2765
f 2767 2466 2271
f 2767 2230 2229
f 2229 2269 2767
f 2269 2466 2767
f 2767 2419 2230
f 2419 2767 2271
f 2474 2469 2273
f 2274 2470 2768
f 2471 2768 2474
f 2768 2471 2274
f 2071 2069 2484
f 2484 2069 2769
f 2484 2700 2219
f 2219 2220 2484
f 2769 2069 2770
f 2770 2482 2769
f 2770 2412 2482
f 2443 2412 2770
f 2770 2069 2443
f 2771 2482 2481
f 2772 2773 2771
f 2284 2772 2771
f 2771 2283 2284
f 2771 2481 2283
f 2774 2754 2489
f 2774 2775 2776
f 2774 2489 2490
f 2490 2775 2774
f 2777 2292 2123
f 2777 2776 2775
f 2777 2315 2776
f 2777 2123 2315
f 2778 2775 2490
f 2778 2486 2291
f 2498 2496 2779
f 2779 2722 2721
f 2780 2496 2493
f 2722 2779 2780
f 2780 2779 2496
f 2781 2518 2500
f 2781 2500 2499
f 2518 2781 2511
f 2781 2509 2511
f 2781 2499 2713
f 2713 2509 2781
f 2501 2782 2487
f 2504 2782 2505
f 2782 2296 2505
f 2782 2501 2296
f 2782 2502 2487
f 2502 2782 2504
f 2783 2508 2510
f 2783 2507 2515
f 2783 2515 2508
f 2784 2783 2510
f 2785 2786 2712
f 2786 2713 2712
f 2786 2509 2713
f 2786 2510 2509
f 2787 2297 2018
f 2018 2516 2787
f 2297 2787 2514
f 2788 2517 2512
f 2788 2293 2517
f 2293 2788 2436
f 2788 2516 2436
f 2132 2300 2133
f 2523 2789 2525
f 2790 2133 2102
f 2526 2790 2102
f 2528 2529 2017
f 2530 2467 2529
f 2467 2530 2465
f 2303 2791 2522
f 2791 2533 2534
f 2791 2299 2522
f 2791 2534 2300
f 2299 2791 2132
f 2791 2300 2132
f 2257 2307 2313
f 2257 2542 2307
f 2168 2792 2125
f 2543 2792 2168
f 2554 2792 2543
f 2792 2550 2125
f 2792 2551 2550
f 2792 2554 2551
f 2793 2549 2548
f 2793 2543 2170
f 2793 2548 2543
f 2623 2793 2170
f 2793 2546 2549
f 2793 2623 2546
f 2794 2556 2555
f 2794 2608 2556
f 2795 2611 2160
f 2795 2160 2796
f 2797 2180 2798
f 2797 2181 2176
f 2799 2137 2139
f 2799 2800 2137
f 2801 2798 2180
f 2801 2802 2798
f 2803 2804 2805
f 2806 2794 2555
f 2807 2794 2806
f 2808 2806 2555
f 2809 2803 2805
f 2809 2805 2810
f 2807 2806 2809
f 2809 2806 2803
f 2811 2807 2809
f 2809 2810 2811
f 2812 2813 2814
f 2805 2804 2813
f 2813 2804 2814
f 2815 2561 2562
f 2814 2804 2816
f 2817 2818 2819
f 2145 2559 2180
f 2646 2145 2180
f 2145 2321 2027
f 2319 2321 2145
f 2145 2646 2319
f 2820 2567 2569
f 2821 2822 2820
f 2820 2822 2567
f 2823 2570 2322
f 2569 2568 2566
f 2824 2825 2826
f 2827 2027 2038
f 2828 2707 2225
f 2474 2585 2475
f 2585 2474 2273
f 2585 2273 2053
f 2585 2053 2410
f 2410 2829 2585
f 2406 2586 2410
f 2830 2587 2473
f 2830 2473 2585
f 2830 2585 2829
f 2831 2589 2572
f 2831 2275 2472
f 2831 2572 2275
f 2831 2472 2588
f 2831 2588 2591
f 2591 2589 2831
f 2832 2590 2580
f 2832 2580 2477
f 2832 2477 2479
f 2832 2479 2326
f 2330 2832 2326
f 2590 2832 2330
f 2592 2833 2583
f 2833 2658 2044
f 2833 2044 2596
f 2833 2596 2583
f 2377 2658 2834
f 2830 2834 2587
f 2593 2835 2594
f 2338 2835 2036
f 2835 2584 2036
f 2835 2593 2584
f 2594 2835 2159
f 2835 2338 2159
f 2836 2582 2593
f 2480 2477 2836
f 2595 2480 2836
f 2836 2593 2595
f 2836 2477 2580
f 2580 2582 2836
f 2837 2668 2597
f 2837 2667 2668
f 2837 2681 2667
f 2838 2598 2597
f 2838 2669 2839
f 2838 2597 2668
f 2838 2668 2669
f 2601 2600 2840
f 2841 2603 2336
f 2842 2603 2841
f 2336 2607 2841
f 2843 2841 2607
f 2608 2844 2607
f 2844 2843 2607
f 2844 2811 2843
f 2794 2844 2608
f 2844 2807 2811
f 2844 2794 2807
f 2612 2337 2845
f 2845 2159 2612
f 2845 2846 2159
f 2847 2337 2155
f 2847 2155 2848
f 2610 2612 2159
f 2610 2159 2160
f 2610 2160 2611
f 2848 2155 2849
f 2155 2615 2849
f 2849 2594 2848
f 2614 2595 2594
f 2614 2613 2595
f 2313 2616 2311
f 2310 2313 2311
f 2850 2617 2340
f 2850 2340 2549
f 2850 2549 2546
f 2850 2546 2545
f 2850 2545 2619
f 2617 2850 2619
f 2341 2618 2620
f 2641 2341 2620
f 2617 2618 2851
f 2343 2852 2853
f 2853 2345 2343
f 2853 2166 2165
f 2345 2853 2165
f 2854 2349 2626
f 2854 2625 2349
f 2854 2684 2625
f 2855 2397 2625
f 2855 2625 2684
f 2855 2684 2683
f 2632 2631 2174
f 2856 2634 2636
f 2856 2636 2629
f 2640 2856 2629
f 2857 2637 2363
f 2369 2857 2354
f 2857 2369 2858
f 2858 2637 2857
f 2857 2352 2354
f 2857 2363 2352
f 2859 2360 2357
f 2859 2342 2360
f 2859 2357 2362
f 2362 2637 2859
f 2860 2861 2055
f 2639 2860 2055
f 2860 2674 2861
f 2862 2641 2619
f 2260 2259 2862
f 2545 2260 2862
f 2862 2619 2545
f 2173 2642 2172
f 2172 2642 2365
f 2863 2365 2642
f 2863 2353 2366
f 2365 2863 2366
f 2354 2353 2863
f 2863 2368 2354
f 2863 2642 2368
f 2864 2644 2622
f 2864 2622 2621
f 2370 2644 2864
f 2175 2371 2865
f 2865 2646 2175
f 2865 2371 2319
f 2865 2319 2646
f 2866 2045 2655
f 2655 2651 2866
f 2866 2046 2045
f 2042 2046 2866
f 2866 2182 2042
f 2866 2651 2182
f 2236 2428 2867
f 2867 2428 2234
f 2663 2868 2379
f 2868 2380 2379
f 2868 2332 2334
f 2868 2663 2332
f 2869 2663 2379
f 2869 2661 2237
f 2869 2379 2661
f 2237 2659 2869
f 2869 2659 2664
f 2664 2663 2869
f 2665 2870 2386
f 2710 2671 2870
f 2392 2710 2870
f 2870 2665 2392
f 2334 2603 2871
f 2871 2603 2842
f 2872 2671 2380
f 2872 2670 2386
f 2872 2386 2870
f 2872 2870 2671
f 2873 2710 2392
f 2873 2392 2191
f 2190 2873 2191
f 2672 2873 2190
f 2874 2396 2397
f 2874 2672 2396
f 2874 2875 2672
f 2876 2676 2675
f 2876 2640 2630
f 2389 2676 2877
f 2877 2630 2679
f 2877 2876 2630
f 2676 2876 2877
f 2877 2677 2389
f 2877 2679 2677
f 2382 2667 2878
f 2667 2681 2878
f 2878 2393 2382
f 2878 2681 2680
f 2879 2880 2682
f 2394 2393 2881
f 2393 2878 2881
f 2881 2878 2680
f 2882 2883 2884
f 2599 2601 2882
f 2601 2885 2882
f 2882 2885 2883
f 2886 2686 2685
f 2886 2887 2888
f 2889 2890 2683
f 2889 2683 2686
f 2689 2891 2887
f 2892 2689 2688
f 2892 2891 2689
f 2893 2685 2684
f 2626 2687 2893
f 2893 2854 2626
f 2854 2893 2684
f 2894 2687 2689
f 2894 2886 2685
f 2893 2894 2685
f 2894 2893 2687
f 2894 2689 2887
f 2887 2886 2894
f 2895 2358 2360
f 2895 2691 2358
f 2360 2690 2895
f 2688 2691 2895
f 2179 2043 2195
f 2179 2195 2320
f 2178 2401 2043
f 2179 2178 2043
f 2178 2175 2896
f 2175 2401 2896
f 2178 2896 2401
f 2897 2405 2404
f 2693 2897 2404
f 2897 2200 2405
f 2897 2411 2200
f 2411 2897 2406
f 2898 2221 2223
f 2898 2223 2705
f 2899 2238 2662
f 2424 2427 2480
f 2424 2480 2595
f 2424 2595 2613
f 2424 2613 2425
f 2577 2715 2717
f 2577 2900 2901
f 2577 2717 2900
f 2902 2716 2426
f 2902 2660 2664
f 2903 2234 2233
f 2718 2903 2233
f 2723 2720 2904
f 2574 2905 2431
f 2905 2906 2431
f 2907 2576 2578
f 2907 2149 2325
f 2907 2325 2576
f 2908 2147 2149
f 2149 2907 2908
f 2909 2724 2432
f 2909 2232 2429
f 2909 2432 2232
f 2909 2910 2724
f 2911 2718 2434
f 2434 2729 2911
f 2718 2911 2906
f 2726 2912 2730
f 2912 2731 2730
f 2912 2726 2728
f 2728 2731 2912
f 2913 2494 2422
f 2913 2422 2417
f 2421 2913 2417
f 2913 2421 2221
f 2734 2231 2227
f 2734 2732 2231
f 2227 2735 2734
f 2436 2270 2435
f 2294 2435 2228
f 2228 2231 2294
f 2732 2294 2231
f 2914 2439 2440
f 2737 2914 2440
f 2072 2914 2073
f 2914 2072 2439
f 2914 2740 2073
f 2070 2207 2915
f 2915 2739 2070
f 2915 2207 2209
f 2738 2739 2915
f 2741 2915 2209
f 2915 2741 2738
f 2916 2446 2445
f 2917 2747 2746
f 2918 2764 2446
f 2446 2919 2918
f 2918 2919 2917
f 2918 2920 2764
f 2918 2917 2746
f 2921 2763 2922
f 2921 2446 2763
f 2923 2460 2766
f 2924 2257 2310
f 2925 2924 2310
f 2744 2449 2745
f 2926 2927 2255
f 2926 2024 2745
f 2926 2255 2024
f 2449 2926 2745
f 2255 2927 2928
f 2256 2258 2929
f 2308 2307 2929
f 2258 2758 2929
f 2929 2542 2256
f 2307 2542 2929
f 2762 2761 2930
f 2930 2538 2539
f 2930 2761 2538
f 2931 2932 2756
f 2933 2537 2541
f 2539 2537 2933
f 2934 2935 2454
f 2932 2931 2936
f 2937 2938 2939
f 2937 2939 2940
f 2941 2752 2942
f 2942 2752 2521
f 2521 2757 2942
f 2943 2756 2932
f 2943 2932 2755
f 2943 2755 2754
f 2943 2774 2776
f 2943 2754 2774
f 2776 2315 2943
f 2315 2756 2943
f 2944 2754 2753
f 2944 2753 2942
f 2944 2942 2757
f 2944 2489 2754
f 2130 2489 2944
f 2944 2757 2130
f 2945 2749 2751
f 2945 2759 2749
f 2946 2758 2760
f 2541 2308 2946
f 2308 2929 2946
f 2946 2929 2758
f 2947 2764 2920
f 2947 2948 2764
f 2243 2268 2947
f 2947 2241 2243
f 2947 2920 2241
f 2949 2765 2101
f 2949 2101 2103
f 2103 2302 2949
f 2302 2456 2949
f 2949 2456 2455
f 2765 2949 2455
f 2950 2303 2536
f 2951 2950 2952
f 2536 2940 2950
f 2950 2940 2952
f 2470 2469 2474
f 2768 2470 2474
f 2052 2469 2470
f 2203 2052 2470
f 2470 2279 2203
f 2953 2484 2769
f 2953 2773 2484
f 2953 2769 2482
f 2771 2953 2482
f 2953 2771 2773
f 2700 2484 2773
f 2700 2773 2772
f 2700 2772 2284
f 2700 2284 2277
f 2775 2778 2954
f 2954 2292 2777
f 2954 2777 2775
f 2954 2778 2291
f 2954 2291 2290
f 2292 2954 2290
f 2490 2488 2955
f 2955 2778 2490
f 2955 2488 2131
f 2131 2501 2955
f 2955 2501 2486
f 2778 2955 2486
f 2956 2783 2784
f 2956 2503 2507
f 2783 2956 2507
f 2957 2785 2888
f 2957 2786 2785
f 2957 2784 2510
f 2510 2786 2957
f 2958 2785 2712
f 2959 2960 2961
f 2962 2889 2686
f 2962 2958 2959
f 2514 2787 2963
f 2963 2506 2514
f 2507 2506 2963
f 2963 2515 2507
f 2523 2524 2132
f 2789 2523 2132
f 2132 2524 2527
f 2017 2132 2527
f 2527 2528 2017
f 2531 2791 2532
f 2531 2533 2791
f 2964 2557 2556
f 2964 2796 2965
f 2964 2556 2609
f 2964 2337 2611
f 2964 2609 2337
f 2797 2966 2180
f 2176 2180 2966
f 2966 2797 2176
f 2800 2143 2137
f 2800 2141 2143
f 2967 2798 2799
f 2139 2374 2967
f 2967 2799 2139
f 2968 2801 2560
f 2801 2559 2560
f 2801 2180 2559
f 2801 2969 2802
f 2970 2968 2563
f 2800 2799 2971
f 2971 2799 2798
f 2818 2972 2819
f 2972 2818 2973
f 2974 2812 2814
f 2975 2815 2562
f 2976 2144 2141
f 2977 2804 2803
f 2977 2816 2804
f 2977 2806 2808
f 2803 2806 2977
f 2977 2976 2816
f 2815 2977 2808
f 2977 2815 2976
f 2978 2563 2565
f 2979 2322 2146
f 2979 2823 2322
f 2566 2823 2569
f 2566 2564 2560
f 2980 2861 2674
f 2674 2673 2980
f 2981 2980 2982
f 2983 2673 2388
f 2983 2980 2673
f 2980 2983 2982
f 2984 2225 2058
f 2984 2828 2225
f 2058 2573 2984
f 2573 2828 2984
f 2985 2573 2430
f 2985 2828 2573
f 2658 2833 2986
f 2986 2833 2592
f 2986 2834 2658
f 2986 2592 2588
f 2587 2986 2588
f 2986 2587 2834
f 2987 2830 2829
f 2987 2834 2830
f 2410 2987 2829
f 2987 2410 2586
f 2987 2586 2378
f 2987 2378 2377
f 2377 2834 2987
f 2988 2837 2597
f 2988 2882 2884
f 2988 2597 2599
f 2882 2988 2599
f 2989 2840 2600
f 2989 2602 2810
f 2989 2600 2602
f 2989 2810 2805
f 2805 2813 2989
f 2989 2813 2840
f 2990 2885 2601
f 2601 2840 2990
f 2990 2813 2812
f 2990 2840 2813
f 2991 2838 2839
f 2838 2991 2598
f 2602 2598 2991
f 2337 2847 2846
f 2846 2845 2337
f 2159 2846 2847
f 2847 2594 2159
f 2847 2848 2594
f 2160 2604 2965
f 2965 2796 2160
f 2615 2594 2849
f 2615 2614 2594
f 2312 2851 2618
f 2339 2617 2312
f 2617 2851 2312
f 2312 2311 2339
f 2992 2174 2631
f 2992 2631 2634
f 2634 2856 2992
f 2993 2856 2640
f 2993 2876 2675
f 2640 2876 2993
f 2993 2992 2856
f 2859 2994 2342
f 2994 2343 2342
f 2994 2852 2343
f 2994 2858 2852
f 2994 2637 2858
f 2994 2859 2637
f 2995 2864 2621
f 2995 2853 2852
f 2995 2621 2166
f 2853 2995 2166
f 2370 2864 2996
f 2858 2369 2996
f 2369 2370 2996
f 2996 2852 2858
f 2996 2995 2852
f 2995 2996 2864
f 2997 2871 2670
f 2997 2872 2380
f 2670 2872 2997
f 2868 2997 2380
f 2997 2868 2334
f 2334 2871 2997
f 2998 2670 2871
f 2998 2669 2385
f 2998 2385 2670
f 2998 2839 2669
f 2998 2842 2839
f 2998 2871 2842
f 2709 2999 2662
f 2999 2899 2662
f 3000 2873 2672
f 2672 2875 3000
f 2710 2873 3000
f 2875 2999 3000
f 3000 2709 2710
f 3000 2999 2709
f 2855 3001 2397
f 3001 2874 2397
f 3001 2683 2890
f 3001 2855 2683
f 2875 2874 3002
f 2874 3001 3002
f 2681 2837 3003
f 3003 2682 2681
f 3003 2879 2682
f 3003 2884 2879
f 3003 2988 2884
f 2837 2988 3003
f 2880 2879 3004
f 3005 2881 2680
f 3006 2892 2688
f 2688 2895 3006
f 3006 2895 2690
f 3007 2892 3006
f 2648 2694 2897
f 2897 2694 2654
f 2654 2407 2897
f 2897 2407 2406
f 2701 3008 2702
f 2420 2700 3008
f 3008 2701 2420
f 3008 2277 2702
f 3008 2700 2277
f 2221 2898 3009
f 3009 2913 2221
f 2495 2494 3009
f 2494 2913 3009
f 3010 2898 2705
f 3010 2719 2722
f 2703 2708 3011
f 3011 2708 3012
f 3011 3013 2703
f 3014 3015 2910
f 3014 2909 2429
f 2910 2909 3014
f 3016 2725 2724
f 2910 3016 2724
f 3016 3017 2725
f 2711 3018 2712
f 3018 2958 2712
f 3018 2960 2959
f 2958 3018 2959
f 3019 2725 3017
f 3019 2727 2725
f 3019 2728 2727
f 3020 3021 2498
f 3020 2721 2728
f 3020 2728 3019
f 3020 3019 3021
f 3020 2779 2721
f 2498 2779 3020
f 3022 2902 2426
f 3022 2157 2333
f 2333 2660 3022
f 2902 3022 2660
f 2158 2157 3022
f 3022 2426 2158
f 2717 2716 3023
f 3023 2716 2902
f 3023 2664 2659
f 3023 2902 2664
f 2234 2903 3024
f 3024 2867 2234
f 3024 2900 2867
f 3025 2905 3026
f 3027 2904 2720
f 3027 3011 3012
f 3013 3011 3027
f 3027 2703 3013
f 3027 2720 2704
f 2704 2703 3027
f 3026 2905 3028
f 3028 2908 3026
f 3028 2905 2574
f 2908 3028 2147
f 2150 2147 3028
f 3028 2574 2150
f 3029 2911 2729
f 3029 2729 2730
f 3029 2730 2723
f 2723 2904 3029
f 2904 3027 3029
f 3030 2737 2738
f 3030 2914 2737
f 3030 2738 2415
f 2914 3030 2740
f 2698 3030 2415
f 2740 3030 2698
f 3031 2919 2446
f 3031 2446 2916
f 2916 2445 2093
f 3032 2918 2746
f 2920 2918 3032
f 2748 3032 2746
f 3032 2748 2437
f 3032 2437 2241
f 2241 2920 3032
f 2742 3033 2092
f 3034 2091 2092
f 3034 2092 3033
f 2026 2091 3034
f 3034 3033 2026
f 3035 2743 2446
f 2921 3035 2446
f 3036 2923 2766
f 3036 2455 2453
f 3036 2766 2455
f 2750 3036 2453
f 2922 2763 3037
f 3037 2921 2922
f 2088 2448 2023
f 2088 2744 2448
f 2088 2449 2744
f 2023 2245 2088
f 2245 2089 2088
f 2255 2928 2451
f 2021 2255 2451
f 2451 2450 2021
f 2747 2928 2927
f 2927 2926 2747
f 2747 2451 2928
f 2747 2926 2449
f 3038 3039 2762
f 2762 3039 2552
f 3040 2946 2760
f 3040 2933 2541
f 2946 3040 2541
f 3041 2454 2456
f 3041 2934 2454
f 3041 2456 2302
f 3042 3043 2938
f 3044 3045 2454
f 3046 3040 2760
f 2933 3040 3046
f 3047 2938 2941
f 3047 2935 2938
f 2753 2755 3047
f 2941 2942 3047
f 3047 2942 2753
f 3048 2941 2938
f 2937 3048 2938
f 3048 2752 2941
f 3048 2536 2752
f 3048 2940 2536
f 3048 2937 2940
f 2945 2751 2759
f 2760 2759 2751
f 3049 2459 2948
f 2947 3049 2948
f 2267 2459 3049
f 3049 2947 2268
f 3049 2105 2267
f 3049 2268 2105
f 3050 2950 2951
f 2950 3050 2303
f 3051 2956 2784
f 3052 3053 2961
f 3052 3054 3053
f 3052 3015 3054
f 3052 2910 3015
f 3052 3016 2910
f 3055 3053 2889
f 3055 2889 2962
f 3055 2961 3053
f 2959 2961 3055
f 3055 2962 2959
f 3056 2686 2886
f 3056 2962 2686
f 3056 2886 2888
f 2958 2962 3056
f 3056 2888 2785
f 2785 2958 3056
f 3057 2963 2787
f 3057 2788 2512
f 2512 2515 3057
f 2515 2963 3057
f 3057 2787 2516
f 2516 2788 3057
f 2525 2789 2132
f 2132 2526 2525
f 2132 2133 2790
f 2790 2526 2132
f 2535 2532 2791
f 2301 2535 2791
f 2301 2791 2303
f 3058 2557 2964
f 3058 2964 2965
f 3058 2965 3059
f 3058 3059 2605
f 3058 2605 3060
f 3058 3060 2557
f 2964 2795 2796
f 2795 2964 2611
f 3061 3060 2561
f 3061 3062 3060
f 3061 2561 2815
f 3061 2815 3062
f 3063 2815 2808
f 3063 3062 2815
f 3063 2808 2555
f 2555 2557 3063
f 2557 3060 3063
f 3060 3062 3063
f 2967 2797 2798
f 2181 2797 2967
f 2967 2374 2181
f 2564 2563 2968
f 2968 2560 2564
f 2972 3064 2819
f 3064 2972 3065
f 3064 2970 2819
f 3066 2969 2801
f 3066 3064 2969
f 2970 3064 3066
f 2800 3067 2141
f 3067 3068 2141
f 2971 3067 2800
f 3069 3070 3065
f 3069 2971 2798
f 3069 2798 2802
f 3070 3069 2802
f 2802 3065 3070
f 2802 3064 3065
f 3064 2802 2969
f 3071 3072 3073
f 3074 2812 2974
f 3075 2816 2976
f 2814 2816 3075
f 3075 2974 2814
f 3076 3072 3077
f 3078 3076 3079
f 3078 3072 3076
f 3078 3080 3073
f 3078 3073 3072
f 3080 2817 3081
f 2820 3082 2821
f 3082 2820 3083
f 2983 3084 2982
f 2823 3083 2820
f 3085 2979 2146
f 2146 2027 3085
f 3085 2027 2827
f 3086 2981 2982
f 3087 2985 2708
f 3087 2828 2985
f 3087 2708 2707
f 2707 2828 3087
f 2885 2990 3088
f 3088 2990 2812
f 3074 3088 2812
f 3089 2841 2843
f 2842 2841 3089
f 2839 2842 3089
f 3089 2991 2839
f 2602 2991 3090
f 3090 2843 2811
f 3090 3089 2843
f 3090 2991 3089
f 2811 2810 3090
f 3090 2810 2602
f 3091 2992 2993
f 2675 2674 3091
f 3091 2993 2675
f 2674 2860 3091
f 3091 2860 2639
f 2639 2174 3091
f 3091 2174 2992
f 3092 2899 2999
f 3092 2999 2875
f 3002 3092 2875
f 3093 3001 2890
f 3093 3002 3001
f 3093 3053 3054
f 2890 2889 3093
f 3093 2889 3053
f 2880 3004 3094
f 2825 2880 3094
f 3094 2826 2825
f 3095 3005 2680
f 3095 2680 2682
f 2682 2880 3095
f 3095 2880 2825
f 2387 3005 3096
f 3096 2825 2824
f 3096 3095 2825
f 3005 3095 3096
f 2394 2881 3097
f 2881 3005 3097
f 3097 2677 2394
f 3097 3005 2387
f 3097 2387 2389
f 3097 2389 2677
f 3007 3006 3098
f 3098 2285 2288
f 2288 3007 3098
f 2285 3098 2344
f 3098 2690 2344
f 3098 3006 2690
f 2648 2897 2693
f 2693 2649 2648
f 2650 2649 2693
f 2693 2197 2650
f 3009 2493 2495
f 3009 2780 2493
f 2705 2704 2719
f 2705 2719 3010
f 2898 3010 2722
f 3015 3014 3099
f 3092 3099 2899
f 2899 3100 2238
f 3100 3014 2429
f 3100 2899 3099
f 3100 3099 3014
f 2429 2235 3100
f 3100 2235 2238
f 3101 2961 2960
f 3016 3101 3017
f 3101 3019 3017
f 2960 3021 3101
f 3101 3021 3019
f 3102 3021 2960
f 2960 3018 3102
f 3102 3018 2711
f 3102 2498 3021
f 3102 2497 2498
f 3102 2711 2497
f 3023 3103 2717
f 3103 2900 2717
f 3103 2867 2900
f 3103 3023 2659
f 3103 2659 2236
f 2236 2867 3103
f 3104 2718 2906
f 3104 2906 2905
f 2905 3025 3104
f 3105 3024 2903
f 2919 3031 2451
f 3031 2916 2451
f 2451 2917 2919
f 2451 2916 2093
f 2747 2917 2451
f 2923 3036 3106
f 3106 3036 2750
f 3106 2749 2258
f 3106 2750 2749
f 3106 3037 2923
f 3106 2258 2257
f 3037 3106 2921
f 3107 3037 2763
f 2460 2923 3107
f 3107 2923 3037
f 2459 2460 3107
f 3107 2948 2459
f 3107 2763 2764
f 2764 2948 3107
f 2162 2161 3108
f 3108 2924 2925
f 3109 2161 2026
f 3109 3108 2161
f 3109 2026 3033
f 3109 3033 3108
f 2924 3108 2921
f 2257 2924 2921
f 2921 3106 2257
f 3110 2931 2756
f 3110 3039 2931
f 2552 3039 3110
f 3110 2756 2134
f 3110 2550 2552
f 2134 2550 3110
f 3111 2938 3043
f 3111 3042 3112
f 3112 3042 2934
f 3112 2938 3111
f 2935 2934 3042
f 2935 3042 2938
f 2935 3038 3044
f 2935 3044 2454
f 3045 3046 3113
f 3113 2452 2454
f 2454 3045 3113
f 3114 3044 3038
f 3045 3044 3114
f 3114 2930 2539
f 3114 3038 2762
f 2762 2930 3114
f 3115 2936 2935
f 3115 2935 3047
f 3115 3047 2755
f 3115 2755 2932
f 2932 2936 3115
f 3051 3116 2956
f 2504 2503 3116
f 3116 2503 2956
f 3117 2784 2957
f 3117 3051 2784
f 3117 2957 2888
f 3117 2891 3051
f 2888 2887 3117
f 2887 2891 3117
f 3118 3052 2961
f 3052 3118 3016
f 2961 3101 3118
f 3118 3101 3016
f 2801 2968 2970
f 2970 3066 2801
f 2818 3119 2973
f 3069 3120 3121
f 3122 2976 2141
f 3123 2141 3068
f 3123 3122 2141
f 3124 3067 2971
f 3124 3069 3121
f 3069 3124 2971
f 3124 3125 3067
f 2884 2883 3126
f 2883 3127 3126
f 3126 2879 2884
f 3126 3004 2879
f 3128 2822 2821
f 3129 3074 2974
f 3129 3130 3077
f 3072 3131 3077
f 3131 3129 3077
f 3074 3129 3131
f 3131 3072 3071
f 3132 3078 3079
f 3132 3119 2818
f 3132 3079 3119
f 2818 2817 3132
f 3132 2817 3080
f 3080 3078 3132
f 3133 2815 2975
f 2976 2975 2562
f 2976 2562 2144
f 3134 2817 2819
f 3134 3081 2817
f 2819 2970 3134
f 3134 2978 3081
f 3134 2970 2563
f 3134 2563 2978
f 3082 3135 2821
f 3135 3082 3136
f 3137 2983 2388
f 3137 3084 2983
f 3137 2824 3084
f 3137 2388 2387
f 3137 3096 2824
f 2387 3096 3137
f 3084 3138 2982
f 3138 3136 3139
f 3138 3086 2982
f 3140 2820 2569
f 2569 2823 3140
f 3140 2823 2820
f 3139 3136 3141
f 3136 3082 3141
f 2979 3142 2823
f 3142 3083 2823
f 3142 3141 3083
f 3085 3142 2979
f 3142 3139 3141
f 3142 3143 3139
f 2885 3088 3144
f 3127 3144 3145
f 2883 2885 3144
f 3144 3127 2883
f 3146 3071 3145
f 3146 3131 3071
f 3144 3146 3145
f 3146 3144 3088
f 3146 3088 3074
f 3074 3131 3146
f 3054 3015 3147
f 3147 3092 3002
f 3015 3099 3147
f 3147 3099 3092
f 3147 3093 3054
f 3093 3147 3002
f 3148 3009 2898
f 3148 2898 2722
f 2722 2780 3148
f 3025 3105 2903
f 3025 2903 2718
f 3104 3025 2718
f 3149 2901 2900
f 3024 3149 2900
f 3150 3025 3026
f 3026 2908 3150
f 3150 2907 2578
f 3150 2908 2907
f 3151 3029 3027
f 2162 3108 2312
f 2312 2341 2162
f 2312 3108 2925
f 2312 2925 2310
f 3035 2921 3108
f 3035 2742 2743
f 3033 2742 3035
f 3035 3108 3033
f 2939 2938 3152
f 3152 2940 2939
f 3153 3043 3042
f 3111 3153 3042
f 3153 3111 3043
f 2935 3154 3038
f 3154 2935 2936
f 3154 3039 3038
f 3154 2936 2931
f 2931 3039 3154
f 3155 3113 3046
f 3155 3046 2760
f 2760 2751 3155
f 3156 3046 3045
f 3114 3156 3045
f 3156 3114 2539
f 2539 2933 3156
f 2933 3046 3156
f 3157 2502 2504
f 2504 3116 3157
f 2502 3157 2288
f 3157 3007 2288
f 3122 3123 3158
f 3158 3119 3079
f 3159 3125 3124
f 3160 3125 3159
f 3161 3160 3068
f 3161 3125 3160
f 3067 3161 3068
f 3161 3067 3125
f 3162 3128 2821
f 3162 2826 3094
f 3135 3162 2821
f 3162 3135 2826
f 3163 2974 3075
f 3163 3129 2974
f 3129 3163 3130
f 3163 3122 3130
f 3163 3075 2976
f 2976 3122 3163
f 3164 3133 2975
f 3165 2976 2815
f 2815 3133 3165
f 3165 3133 3164
f 3165 3164 2975
f 3165 2975 2976
f 3166 3081 2978
f 3167 3127 3145
f 3081 3166 3168
f 3168 3166 3169
f 3168 3073 3080
f 3080 3081 3168
f 3170 3135 3136
f 3136 3138 3170
f 3170 3138 3084
f 3170 3084 2824
f 2824 2826 3170
f 3135 3170 2826
f 3171 3138 3139
f 3171 3086 3138
f 3139 3143 3171
f 3171 3143 3086
f 3083 3141 3172
f 3172 3082 3083
f 3172 3141 3082
f 3143 3085 2827
f 3143 3142 3085
f 3009 3148 2780
f 3149 3024 3105
f 3173 2911 3029
f 3173 2906 2911
f 2431 2906 3173
f 3174 3027 3012
f 3174 3151 3027
f 3174 3012 2708
f 2708 2985 3174
f 3175 3113 3155
f 3175 2452 3113
f 3175 2751 2452
f 3175 3155 2751
f 3157 3176 3007
f 3176 2892 3007
f 2891 2892 3176
f 3176 3051 2891
f 3176 3116 3051
f 3176 3157 3116
f 3122 3158 3177
f 3130 3122 3177
f 3177 3077 3130
f 3177 3076 3077
f 3076 3177 3079
f 3177 3158 3079
f 3178 3123 3068
f 3178 3158 3123
f 3160 3178 3068
f 3178 2973 3119
f 3178 3119 3158
f 3124 3121 3120
f 3124 3120 3159
f 3179 3159 3120
f 3160 3159 3179
f 3179 2972 2973
f 2972 3179 3065
f 3179 3069 3065
f 3179 3120 3069
f 2973 3178 3179
f 3179 3178 3160
f 3180 3166 2978
f 3180 2978 2565
f 2565 2567 3180
f 2567 2822 3180
f 3181 3126 3127
f 3167 3181 3127
f 3181 3004 3126
f 3182 3168 3169
f 3182 3167 3145
f 3182 3169 3167
f 3182 3145 3071
f 3071 3073 3182
f 3073 3168 3182
f 3183 3143 2827
f 2038 2055 3183
f 3183 2827 2038
f 3149 3150 2578
f 3149 2578 2577
f 3149 3105 3025
f 3150 3149 3025
f 3149 2577 2901
f 3151 3184 3029
f 3184 3173 3029
f 2430 2431 3184
f 2431 3173 3184
f 3184 2985 2430
f 3184 3174 2985
f 3151 3174 3184
f 3185 3169 3166
f 3180 3185 3166
f 2822 3128 3185
f 3185 3180 2822
f 3181 3186 3004
f 3186 3094 3004
f 3186 3162 3094
f 3128 3162 3186
f 3086 3143 3183
f 2981 3086 3183
f 772 791 734
f 3183 2055 2861
f 3185 3187 3169
f 3187 3167 3169
f 3187 3181 3167
f 3187 3186 3181
f 3187 3185 3128
f 3128 3186 3187
f 722 1596 1535
f 1596 1597 1535
f 1535 1597 702
f 1620 690 716
f 716 690 1560
f 716 1560 1177
f 716 1558 554
f 1645 788 1687
f 1687 788 790
f 1156 1750 1751
f 1522 1751 1750
f 1495 1749 1764
f 1764 1749 1748
f 1764 1668 1495
f 780 1573 778
f 778 1573 1786
f 784 1571 782
f 1851 1430 1429
f 1851 1429 1835
f 2605 2142 3060
f 3050 2302 2303
f 2142 2561 3060
f 2641 2457 2171
f 2952 2302 2951
f 2951 2302 3050
f 3059 2604 2605
f 2862 2259 2457
f 2641 2862 2457
f 2965 2604 3059
f 3041 2952 2940
f 3041 2302 2952
f 2566 2570 2823
f 2570 2566 2560
f 2861 2980 2981
f 3152 2934 3041
f 3112 3152 2938
f 3152 3112 2934
f 3152 3041 2940
f 2861 2981 3183
f 808 823 795
f 776 775 739
f 791 772 751
f 773 791 751
f 795 739 775
f 743 739 791
f 739 795 817
f 791 739 817
f 934 935 3188
f 3189 1060 1061
f 1210 1211 3190
f 1251 1252 1254
f 1413 3191 1412
f 1562 1561 3192
f 1438 1439 3193
f 1444 1446 3194
f 1448 1449 3195
f 1475 1461 3196
f 1528 1471 3197
f 1506 1542 3198
f 1498 1499 3199
f 1507 1508 3200
f 1370 3201 1369
f 1369 3201 1368
f 3201 3202 1368
f 1368 3202 875
f 3202 3203 875
f 875 3203 877
f 3203 876 877
f 877 878 3204
f 3204 878 879
f 880 881 3205
f 881 3205 1398
f 881 1398 3206
f 3206 1398 882
f 3206 882 3207
f 3207 882 883
f 3207 883 884
f 890 891 3208
f 3207 882 1398
f 891 893 3208
f 3208 893 3209
f 3209 893 894
f 898 897 3210
f 898 3210 1233
f 900 1233 3211
f 900 3211 899
f 899 3211 901
f 904 903 3212
f 904 3212 1231
f 898 1233 3213
f 3213 1233 900
f 3213 900 3211
f 3211 899 3214
f 3214 899 902
f 3214 902 3215
f 3215 902 904
f 3215 904 3212
f 3212 904 3216
f 3216 904 1231
f 3216 1231 1230
f 1230 3217 1228
f 1228 3217 1227
f 3217 3218 1227
f 1227 3218 1226
f 762 764 3219
f 3219 764 3220
f 3219 3220 918
f 918 3220 3221
f 3220 764 3221
f 3221 764 916
f 3221 916 3222
f 3222 916 914
f 3222 914 3223
f 3223 914 912
f 3223 912 3224
f 3224 912 910
f 3224 910 3225
f 3225 910 908
f 3225 908 3226
f 3226 908 906
f 3219 919 3227
f 3219 3227 762
f 762 3227 920
f 932 930 3228
f 3228 930 3229
f 930 928 3229
f 3229 928 3230
f 928 926 3230
f 3230 926 3231
f 926 924 3231
f 919 3232 3227
f 3227 3232 920
f 920 3232 922
f 3232 3233 922
f 922 3233 924
f 924 3233 3231
f 3188 935 936
f 3188 936 3234
f 3234 936 3235
f 3235 936 938
f 3235 938 3236
f 3236 938 939
f 938 3237 940
f 940 3237 941
f 944 945 3238
f 3238 945 946
f 3238 946 3239
f 3239 946 755
f 3239 755 947
f 947 949 3239
f 3239 949 3238
f 949 3240 3238
f 3238 3240 944
f 3240 3241 944
f 944 3241 942
f 3241 3242 942
f 942 3242 940
f 3242 939 940
f 946 3243 755
f 755 3243 950
f 953 950 3243
f 952 954 3244
f 3244 954 1312
f 3244 1312 3245
f 3245 1312 1310
f 1306 3246 1307
f 1307 3246 1308
f 3246 3247 1308
f 1308 3247 955
f 3247 3248 955
f 955 3248 957
f 3248 956 957
f 957 958 3249
f 3249 958 959
f 967 968 3250
f 968 3250 969
f 3250 969 3251
f 969 3251 970
f 3251 970 971
f 971 934 3188
f 971 3188 972
f 973 975 3252
f 3252 975 976
f 3252 976 977
f 977 976 3253
f 977 3253 811
f 973 3252 974
f 974 3252 975
f 3252 977 3253
f 3252 3253 976
f 811 3253 810
f 982 980 3254
f 3254 980 3255
f 980 978 3255
f 3255 978 3256
f 978 816 3256
f 3256 816 3257
f 816 810 3257
f 3257 810 811
f 1435 3258 1434
f 1434 3258 754
f 3258 3259 754
f 754 3259 753
f 3259 3260 753
f 753 3260 984
f 984 3260 985
f 986 985 3261
f 986 3261 988
f 988 3261 3262
f 988 3262 987
f 987 3262 989
f 3260 3263 985
f 985 3263 3261
f 3263 992 3261
f 3261 992 3262
f 992 993 3262
f 3262 993 3264
f 3262 3264 989
f 989 3264 3265
f 989 3265 991
f 991 3265 3266
f 991 3266 994
f 994 3266 3267
f 994 3267 973
f 973 3267 995
f 995 3267 996
f 3266 3265 998
f 998 3265 3268
f 3268 3265 3264
f 1013 763 3269
f 1013 3269 3270
f 1013 3270 1397
f 1397 3270 3271
f 1397 3271 1396
f 1396 3271 3272
f 1396 3272 1395
f 1395 3272 3273
f 1395 3273 1394
f 1394 3273 3274
f 1394 3274 1393
f 1394 1393 3275
f 3275 1393 1392
f 3275 1392 3276
f 3276 1392 1389
f 3276 1389 3277
f 3277 1389 1385
f 3277 1385 3278
f 3278 1385 1382
f 3278 1382 3279
f 3279 1382 1380
f 1382 3280 1380
f 1380 3280 1377
f 3280 3281 1377
f 1377 3281 1376
f 3281 3282 1376
f 1376 3282 1375
f 3282 3283 1375
f 1375 3283 1374
f 1375 1374 3284
f 3284 1374 1373
f 3284 1373 3285
f 3285 1373 1372
f 3285 1372 3286
f 3286 1372 1371
f 3286 1371 3287
f 3287 1371 3288
f 3287 3288 763
f 763 3288 3269
f 1016 1015 3289
f 1016 3289 3290
f 1016 3290 1844
f 1844 3290 3291
f 1844 3291 1845
f 1845 3291 3292
f 1845 3292 1846
f 1846 3292 3293
f 1846 3293 1847
f 1847 3293 3294
f 1847 3294 1848
f 1847 1848 3295
f 3295 1848 1849
f 3295 1849 3296
f 3296 1849 1850
f 3296 1850 3297
f 3297 1850 1851
f 3297 1851 3298
f 3298 1851 1835
f 3298 1835 3299
f 3299 1835 1836
f 1835 3300 1836
f 1836 3300 1837
f 3300 3301 1837
f 1837 3301 1838
f 3301 3302 1838
f 1838 3302 1839
f 3302 3303 1839
f 1839 3303 1840
f 1839 1840 3304
f 3304 1840 1841
f 3304 1841 3305
f 3305 1841 1842
f 3305 1842 3306
f 3306 1842 1843
f 3306 1843 3307
f 3307 1843 3308
f 3307 3308 1015
f 1015 3308 3289
f 1038 1037 3309
f 1038 3309 1039
f 3309 1058 1039
f 1061 1083 3189
f 3189 1083 1084
f 1183 1137 3310
f 3310 1137 1184
f 1187 1140 3311
f 1140 1141 3311
f 3311 1141 1188
f 1195 1143 3312
f 3312 1143 1196
f 1203 1144 1888
f 1204 1114 1871
f 1230 1229 3216
f 3216 1229 3212
f 3212 1229 3215
f 3215 1229 1232
f 3215 1232 3214
f 3214 1232 3211
f 3211 1232 3213
f 3213 1232 1234
f 3213 1234 898
f 894 1235 3209
f 3209 1235 3208
f 1224 1221 1237
f 1237 1221 1236
f 1239 1236 1240
f 1236 1217 1240
f 1240 1217 1215
f 1240 1215 1242
f 1240 1242 1241
f 1241 1242 3313
f 1235 1234 1244
f 1244 1234 1243
f 1250 1248 1237
f 1237 1248 1224
f 1254 1252 1253
f 1257 1235 1244
f 1257 1244 1259
f 1259 1244 1262
f 1264 1269 1265
f 1267 1263 3314
f 1263 1266 3314
f 1268 3314 1266
f 1276 1275 3315
f 1276 3315 3316
f 3316 3315 1277
f 1277 3315 1278
f 1278 3315 1279
f 1278 1279 3317
f 3317 1279 1280
f 3317 1280 1281
f 3316 1283 1276
f 1269 1286 1265
f 1265 1286 3318
f 3318 1286 1285
f 1275 1287 3315
f 3315 1287 1279
f 1287 3319 1279
f 1279 3319 1288
f 1251 1254 1280
f 1280 1254 1282
f 1287 1291 3319
f 1291 1292 3319
f 3319 1292 1288
f 1295 1296 3320
f 3320 1296 3321
f 3321 1296 1302
f 1302 1296 1303
f 1298 1303 3322
f 1298 3322 1299
f 1299 3322 3323
f 1299 3323 1301
f 1301 3323 3324
f 1301 3324 1304
f 1304 3324 3314
f 1304 3314 1268
f 3314 3324 1267
f 1267 3324 1272
f 1272 3324 3323
f 1272 3323 1274
f 1274 3323 3322
f 1274 3322 1290
f 1290 3322 1303
f 1303 1296 1292
f 1292 1296 1294
f 957 3249 1251
f 1251 3249 959
f 1310 1311 3245
f 3245 1311 3244
f 3244 1311 952
f 949 1315 3325
f 949 3325 3240
f 3240 3325 1316
f 3240 1316 3241
f 3241 1316 1317
f 3241 1317 3326
f 3241 3326 3242
f 3242 3326 1318
f 3242 1318 3327
f 1293 1295 1311
f 1311 1295 1313
f 1322 1323 3328
f 1322 3328 1324
f 3329 1322 1324
f 1327 1328 3330
f 3330 1328 1329
f 3331 1327 3330
f 1329 1328 3332
f 3332 1329 3329
f 3329 1329 1322
f 1328 1326 1399
f 1333 1327 3331
f 1333 3331 1334
f 3333 1333 1334
f 1332 1333 1335
f 1335 1333 1336
f 1337 1333 3333
f 1337 3333 1338
f 3334 1337 1338
f 1339 1340 3335
f 3335 1340 1341
f 1343 3336 1342
f 1342 3336 1341
f 1337 3334 1340
f 1340 3334 3337
f 1340 3337 1342
f 1342 3337 1344
f 1342 1344 3338
f 1342 3338 1345
f 3336 1343 1346
f 3339 1348 1349
f 1352 1353 3340
f 3340 1353 3341
f 3341 1353 1355
f 1354 1356 3342
f 3342 1356 1348
f 3342 1348 3339
f 1357 1358 3343
f 3343 1358 1353
f 3343 1353 1351
f 1360 1362 1359
f 1359 1362 1361
f 1363 1362 3344
f 1363 3344 1364
f 1364 3344 1365
f 1362 1363 1361
f 1361 1363 1366
f 1366 1363 1367
f 762 3269 3288
f 762 3288 918
f 918 3288 917
f 3288 1371 917
f 1374 3283 909
f 909 3283 907
f 3283 3282 907
f 907 3282 905
f 3282 3281 905
f 905 3281 1378
f 1378 3281 1379
f 1379 3281 3280
f 1379 3280 1381
f 1381 3280 1382
f 1384 1385 3345
f 3345 1385 1386
f 929 1393 3274
f 929 3274 927
f 927 3274 3273
f 927 3273 925
f 925 3273 3272
f 925 3272 923
f 923 3272 3271
f 923 3271 921
f 921 3271 3270
f 921 3270 919
f 919 3270 3269
f 919 3269 762
f 3219 918 1222
f 1370 918 3201
f 3201 918 3221
f 3201 3221 3202
f 3202 3221 3203
f 3221 3222 3203
f 3203 3222 876
f 3222 3223 876
f 876 3223 879
f 879 3223 3224
f 879 3224 881
f 881 3224 3225
f 881 3225 1398
f 1398 3225 3226
f 1398 3226 3207
f 3207 3226 906
f 3207 906 884
f 891 1384 3345
f 891 3345 1386
f 898 932 3228
f 898 3228 1233
f 1233 3228 3229
f 1233 3229 3211
f 3211 3229 3230
f 3211 3230 901
f 901 3230 903
f 3230 3231 903
f 903 3231 3212
f 3212 3231 3233
f 3212 3233 1231
f 1231 3233 3232
f 1231 3232 1230
f 1230 3232 3217
f 3232 919 3217
f 3217 919 3218
f 3218 919 1226
f 919 3219 1225
f 1225 3219 1223
f 3219 1222 1223
f 877 3204 1366
f 1366 3204 1361
f 3204 879 1361
f 881 3206 1360
f 1360 3206 3207
f 1360 3207 1350
f 1350 3207 884
f 1351 884 3343
f 884 886 3343
f 3343 886 1357
f 1346 888 3336
f 3336 888 890
f 3336 890 3208
f 3336 3208 1341
f 1341 3208 1235
f 1341 1235 3335
f 3335 1235 1339
f 1326 972 3188
f 1326 3188 1399
f 1367 1363 3346
f 3346 1363 1364
f 1352 3340 1362
f 1362 3340 3347
f 1362 3347 3344
f 3344 3347 1400
f 1401 1402 3348
f 1402 3348 1403
f 1403 3348 1404
f 1403 1404 3349
f 3349 1404 1405
f 3349 1405 1406
f 1406 1405 3350
f 1402 3351 3348
f 3348 3351 1404
f 3351 3349 1404
f 1404 3349 3352
f 1404 3352 1405
f 1405 3352 3350
f 1405 3350 1547
f 1407 1408 1409
f 1407 1409 1410
f 1408 1411 3353
f 3353 1411 1401
f 1412 1413 1415
f 1416 1415 3320
f 3320 1415 1295
f 1295 1415 3354
f 1295 3354 1313
f 1313 3354 1314
f 1314 3354 1315
f 1315 3354 3325
f 3325 3354 1414
f 3325 1414 1316
f 1417 1413 3355
f 3355 1413 3191
f 1413 1414 1415
f 1415 1414 3354
f 3192 1561 3356
f 3356 1561 1419
f 1421 1418 1422
f 1407 1426 3357
f 3357 1426 3358
f 3358 1426 1424
f 3358 1424 3359
f 3359 1424 1422
f 3359 1422 3360
f 3360 1422 1418
f 3360 1418 3361
f 3361 1418 1419
f 3355 1427 1417
f 1417 1427 3362
f 1417 3362 1316
f 1316 3362 1317
f 1317 3362 3326
f 3326 3362 1428
f 3326 1428 1318
f 1318 1436 3327
f 3327 1436 1323
f 3327 1323 1320
f 3327 1320 3242
f 3242 1320 939
f 939 1319 3236
f 1319 1321 3236
f 3236 1321 3235
f 1321 1399 3235
f 3235 1399 3234
f 3234 1399 3188
f 938 1432 3237
f 1432 1433 3237
f 3237 1433 941
f 943 982 3254
f 943 3254 945
f 945 3254 3255
f 945 3255 946
f 946 3255 3256
f 946 3256 3243
f 3243 3256 3257
f 3243 3257 953
f 953 3257 811
f 954 811 3253
f 954 3253 1312
f 1312 3253 976
f 1306 996 3246
f 3246 996 3267
f 3246 3267 3247
f 3247 3267 3266
f 3247 3266 3248
f 3248 3266 998
f 3248 998 956
f 956 998 3268
f 956 3268 3264
f 956 3264 959
f 959 3264 993
f 963 992 3263
f 963 3263 965
f 965 3263 3260
f 965 3260 752
f 752 3260 3259
f 752 3259 968
f 968 3259 3258
f 968 3258 969
f 969 3258 1435
f 1323 1436 3328
f 3328 1436 3363
f 3363 1436 1437
f 1427 1437 3362
f 3362 1437 1428
f 3193 1439 1440
f 3193 1440 3364
f 3364 1440 1441
f 3192 1442 1562
f 3194 1446 3365
f 3366 1447 1566
f 3366 1566 3193
f 3193 1566 1438
f 1447 3365 1446
f 1445 1444 3194
f 1445 3194 3367
f 3367 3194 3368
f 3369 3365 1447
f 3369 1447 3366
f 3195 1449 3370
f 3367 3370 1445
f 1445 3370 1449
f 3195 3371 1450
f 1450 3371 3372
f 3372 3373 1451
f 1451 3373 1452
f 1450 3372 1451
f 3373 1453 1452
f 1452 1453 3374
f 1453 3375 3374
f 3374 3375 1454
f 3374 1454 3376
f 1454 3376 1455
f 1455 3376 1456
f 1454 3375 3376
f 3377 3378 1457
f 1457 3378 3379
f 1457 3379 1458
f 1458 3379 3380
f 1458 3380 1459
f 1459 3380 1460
f 1457 1458 3377
f 3376 3377 1456
f 1456 3377 1458
f 1448 3195 1451
f 1451 3195 1450
f 1452 1451 3374
f 3196 1461 3381
f 1460 3381 3380
f 1460 3381 1461
f 1364 1462 3346
f 3346 1462 3382
f 3346 3382 1367
f 1367 3382 1220
f 1220 3382 1218
f 1218 3382 1463
f 1213 1464 3383
f 1213 3383 1211
f 1211 3383 3384
f 1211 3384 3190
f 3190 3384 1465
f 1465 3384 1466
f 1466 3384 3383
f 1466 3383 1467
f 1467 3383 1468
f 1467 1468 3385
f 3385 1468 1469
f 3383 1464 1468
f 1469 1470 3386
f 3386 1470 1462
f 1462 1470 3382
f 3382 1470 1463
f 3197 1471 3387
f 1471 1472 3387
f 3387 1472 1473
f 3387 1473 3388
f 3388 1473 1474
f 1474 1473 3196
f 3196 1473 1475
f 1465 1476 3190
f 3190 1476 1208
f 3190 1208 1210
f 1207 1208 1477
f 1208 1476 1477
f 1485 1486 3389
f 3389 1486 1527
f 3389 1527 3390
f 3390 1527 3197
f 3197 1527 1528
f 1528 1527 3390
f 1485 1484 3391
f 3391 1484 1482
f 3391 1482 3392
f 3392 1482 1480
f 3392 1480 1479
f 1477 1487 1488
f 1477 1488 1207
f 1242 1492 3313
f 3313 1492 3393
f 3393 1492 1491
f 1494 1495 3394
f 3394 1495 1496
f 3394 1496 1497
f 3198 1542 3395
f 1542 1541 3396
f 1542 3396 3395
f 3199 1499 1500
f 3199 1500 3397
f 3397 1500 1501
f 1505 1504 3198
f 3198 1504 1506
f 3200 1508 1509
f 3200 1509 3398
f 3398 1509 1510
f 1514 1513 3199
f 3199 1513 1498
f 3198 3395 654
f 3198 654 655
f 3399 654 3400
f 3399 3400 1515
f 1515 3400 3401
f 1515 3401 1516
f 1516 3401 3402
f 1516 3402 1539
f 1539 3402 3403
f 1539 3403 1535
f 1535 3403 1537
f 1535 1537 3404
f 1537 3403 1539
f 1539 3402 1540
f 1540 3402 3401
f 1540 3401 3405
f 3405 3401 3400
f 3405 3400 3399
f 3399 654 3395
f 1517 1518 3404
f 1519 3406 1520
f 1520 3406 1497
f 1520 1497 3407
f 1519 3408 3406
f 3406 3408 1497
f 3408 1518 1497
f 1497 1518 1494
f 1497 1494 3394
f 3407 1497 1522
f 1522 1478 3409
f 3409 1478 1479
f 3409 1479 1523
f 1523 1479 1481
f 1523 1481 1525
f 3410 1526 171
f 171 1526 3411
f 171 3411 349
f 349 3411 3197
f 349 3197 68
f 3411 1526 3389
f 1526 3410 3389
f 3389 3410 1484
f 3410 1525 1484
f 1484 1525 3412
f 1484 3412 1483
f 1483 3412 1481
f 1484 1485 3389
f 3389 3390 3411
f 3411 3390 3197
f 3197 3387 1529
f 1529 3387 1530
f 3387 3388 1530
f 1530 3388 1531
f 3388 1474 1531
f 1531 1474 3196
f 3196 3381 1532
f 1532 3381 3413
f 3413 3381 3414
f 3413 3414 63
f 63 3414 584
f 63 1532 3413
f 3413 1532 62
f 1532 62 3196
f 1525 1481 3412
f 1523 3409 1522
f 1517 3404 1534
f 1534 3404 1537
f 1534 1537 3415
f 3415 1537 1536
f 1537 1539 1538
f 1540 3405 3396
f 3405 3399 3396
f 3396 3399 3395
f 3198 3416 1505
f 1505 3416 1543
f 1543 3417 1501
f 1501 3417 3397
f 3199 3418 1514
f 3418 3419 1514
f 1514 3419 1512
f 3419 3420 1512
f 1512 3420 1510
f 3420 3398 1510
f 3200 3421 1544
f 1544 3421 3422
f 1544 3422 1545
f 1545 3422 3423
f 1545 3423 1546
f 1546 3423 3424
f 1546 3424 1547
f 1547 3424 3425
f 1547 3425 3350
f 3350 3425 3426
f 3350 3426 1406
f 1406 3426 3349
f 3426 1404 3349
f 1402 1403 1401
f 1401 1403 3427
f 1401 3427 3353
f 3353 3427 1408
f 1493 1533 3428
f 3415 3428 3429
f 3429 1538 3430
f 3430 1538 3431
f 1533 1534 3428
f 3428 1534 3415
f 3429 3415 1536
f 3429 1536 1537
f 3429 1537 1538
f 1453 3373 3372
f 1453 3372 54
f 1453 54 61
f 3376 3375 3377
f 3377 3375 337
f 3379 3378 333
f 333 3378 3377
f 333 3377 337
f 3197 3387 68
f 68 3387 168
f 168 3387 1550
f 1550 3387 169
f 62 169 3196
f 3196 169 1531
f 1530 169 3387
f 3200 1544 1507
f 1544 1545 3432
f 3199 3397 3433
f 3199 3433 468
f 468 3433 1551
f 1551 3433 591
f 591 3433 3434
f 591 3434 1543
f 1543 3434 3435
f 1543 3435 1552
f 1552 3435 3198
f 1552 3198 655
f 3198 3435 3416
f 3416 3435 1543
f 1543 3434 3417
f 3417 3434 3433
f 3417 3433 3397
f 3200 3398 3436
f 3200 3436 313
f 313 3436 312
f 312 3436 314
f 314 3436 3437
f 314 3437 465
f 465 3437 3438
f 465 3438 466
f 466 3438 3199
f 466 3199 468
f 3199 3438 3418
f 3418 3438 3419
f 3419 3438 3437
f 3419 3437 3420
f 3420 3437 3436
f 3420 3436 3398
f 3439 3427 1553
f 1553 3427 1403
f 1553 1403 1548
f 1548 1404 3426
f 3440 3425 3424
f 3440 3424 3441
f 3441 3424 3423
f 3441 3423 3442
f 3442 3423 3422
f 3442 3422 470
f 470 3422 3421
f 470 3421 3200
f 3421 3200 313
f 1554 1555 3439
f 3439 1555 1410
f 3439 1410 3427
f 3427 1410 1408
f 1410 1557 1425
f 1557 1410 3443
f 1410 1425 1407
f 1407 1425 1426
f 1410 1555 3443
f 3192 3444 558
f 3192 558 299
f 637 558 1419
f 637 1419 3445
f 3445 1419 1420
f 3445 1420 3446
f 1420 1419 3447
f 3447 1419 558
f 3447 558 3444
f 3445 1560 3446
f 3446 1560 3448
f 1560 3448 1423
f 1423 3448 1425
f 1423 3448 3446
f 1423 3446 1421
f 1421 3446 1420
f 1418 1420 3447
f 1418 3447 1419
f 1419 3447 3444
f 1419 3444 3356
f 3356 3444 3192
f 3192 1563 1442
f 1441 1565 3364
f 3364 1565 3193
f 3369 3366 652
f 3369 652 475
f 475 334 3365
f 475 3365 3369
f 3365 334 3194
f 3193 1565 473
f 473 1565 3449
f 473 3449 1567
f 1567 3449 3450
f 3450 3449 327
f 3450 327 1568
f 1568 327 3192
f 1568 3192 299
f 3192 327 1563
f 1564 327 3449
f 1564 3449 1565
f 3194 334 3368
f 3368 334 3367
f 3367 334 329
f 329 1570 3451
f 3451 1570 326
f 61 1573 1453
f 1453 1573 1574
f 1453 1574 160
f 160 1574 3452
f 3452 1574 1575
f 3452 1575 337
f 171 1588 3410
f 3410 1588 1589
f 3410 1589 1525
f 1525 1590 1481
f 1481 1590 1523
f 1523 1590 3409
f 3409 1590 598
f 3409 598 1522
f 1522 598 597
f 1522 597 3407
f 3407 597 663
f 3407 663 1520
f 1520 663 1519
f 663 594 1519
f 1519 594 3408
f 594 1593 3408
f 3408 1593 1518
f 3404 1517 723
f 3404 723 1535
f 723 1597 1535
f 1535 1597 1539
f 1597 1598 1539
f 1539 1598 1516
f 1515 1600 3399
f 3399 1600 654
f 313 1609 3421
f 3421 1609 3422
f 3422 1609 1610
f 3422 1610 3423
f 3423 1610 3424
f 1610 1611 3424
f 3424 1611 3425
f 1611 1612 3425
f 3425 1612 3426
f 1612 430 3426
f 3426 430 1548
f 430 1549 1548
f 1548 1549 1553
f 1553 265 3439
f 265 636 3439
f 3439 636 1554
f 1555 636 552
f 1555 552 3443
f 3443 552 554
f 3443 554 1557
f 1557 554 3453
f 554 1619 3453
f 3453 1619 1425
f 1425 1619 3454
f 3454 1619 1423
f 1619 1621 1423
f 1423 1621 3448
f 1423 3448 3454
f 3454 3448 1560
f 3454 1560 1423
f 1423 1424 3454
f 3454 1424 1425
f 3454 1425 3453
f 3453 1425 1557
f 3448 1621 3446
f 3446 1621 3445
f 1621 1622 3445
f 3445 1622 637
f 1622 1623 637
f 637 1623 558
f 1568 1625 3450
f 3450 1625 1626
f 3450 1626 1567
f 1628 3455 585
f 585 3455 652
f 3455 1629 652
f 3367 329 3370
f 3370 329 326
f 3370 326 3195
f 3195 326 159
f 3451 326 329
f 3195 159 3371
f 3371 159 3372
f 3372 159 54
f 1612 1641 430
f 430 1641 1175
f 430 1175 1174
f 430 1174 1549
f 1549 1174 1172
f 1549 1172 788
f 1663 1597 723
f 1663 723 1664
f 1664 723 1517
f 1664 1517 1518
f 1518 1517 1666
f 1666 1517 1667
f 1667 1517 663
f 1667 663 597
f 1667 597 1668
f 1668 597 1669
f 597 598 1669
f 1669 598 1670
f 598 1590 1670
f 1517 1518 663
f 663 1518 1593
f 1678 1507 1634
f 1634 1507 1636
f 1636 1507 1682
f 1640 1685 1406
f 1640 1406 1641
f 1641 1406 1175
f 1691 1177 1421
f 1691 1421 1418
f 1691 1418 1694
f 1694 1418 1419
f 1694 1419 1696
f 1696 1419 1697
f 1699 1698 1562
f 1699 1562 1700
f 1700 1562 1701
f 1507 1678 1871
f 1871 1678 1204
f 1678 1679 1204
f 1204 1679 1680
f 1204 1680 1171
f 1171 1680 3456
f 1171 3456 1704
f 1704 3457 1171
f 1171 3457 1705
f 1166 1715 1514
f 1166 1514 1498
f 1166 1498 1129
f 1129 1498 1499
f 1129 1499 1131
f 1131 1499 1719
f 1162 1728 3458
f 3458 1730 1162
f 1731 1730 1872
f 1730 3459 1872
f 1872 3459 1733
f 1872 1733 1506
f 1506 1733 1734
f 1506 1734 1735
f 1872 1506 1738
f 1738 1506 1739
f 1872 1738 1731
f 1156 1495 1496
f 1156 1496 1751
f 1144 1757 1888
f 1888 1757 1528
f 1528 1757 1758
f 1758 1757 1527
f 1757 1756 1527
f 1527 1756 1486
f 1486 1756 1485
f 1485 1756 1755
f 1485 1755 1483
f 1483 1755 1754
f 1483 1754 1481
f 1481 1754 1753
f 1481 1753 1478
f 1478 1753 1752
f 1478 1752 1751
f 1478 1751 1496
f 1495 1749 1493
f 1493 1749 1748
f 1493 1748 1765
f 1765 1748 1533
f 1533 1748 1747
f 1533 1747 1534
f 1534 1747 1537
f 1747 1746 1537
f 1537 1746 1538
f 859 860 1722
f 1722 860 1723
f 860 858 1723
f 1723 858 1724
f 1725 858 856
f 1725 856 1726
f 856 854 1727
f 1727 854 1728
f 1728 854 3458
f 3458 854 852
f 3458 852 1730
f 1730 850 3459
f 3459 850 848
f 3459 848 1733
f 1735 1657 1506
f 1506 1657 1658
f 1658 1659 1506
f 1506 1659 1739
f 1538 1662 1537
f 1537 1662 1663
f 1537 1663 1534
f 1534 1664 1533
f 1533 1664 1518
f 1533 1518 1765
f 1765 1518 1666
f 1765 1667 1493
f 1493 1667 1668
f 1493 1668 1495
f 1495 1669 1496
f 1669 1670 1496
f 1496 1670 1478
f 1670 1671 1478
f 1478 1671 1481
f 1671 1672 1481
f 1481 1672 1483
f 1672 1673 1483
f 1483 1673 1485
f 1485 1673 1486
f 1486 1673 1674
f 1486 1674 1527
f 1527 1674 1675
f 1527 1675 1758
f 1758 1767 1528
f 1528 1767 1768
f 1680 872 870
f 1680 870 3456
f 3456 870 868
f 3456 868 1704
f 1704 868 3457
f 868 866 3457
f 3457 866 1705
f 1715 1649 1514
f 1514 1649 1650
f 1514 1650 1498
f 1498 1650 1651
f 1498 1651 1499
f 1499 1651 1719
f 1196 1004 3312
f 3312 1004 1002
f 3312 1002 1195
f 1195 1002 1194
f 1002 1000 1194
f 1193 1000 1192
f 1192 1000 999
f 1188 1778 3311
f 3311 1778 1187
f 1184 1782 3310
f 3310 1782 1783
f 3310 1783 1183
f 780 1785 3460
f 780 3460 778
f 778 3460 1786
f 1178 1786 3461
f 1178 3461 784
f 784 3461 782
f 782 3461 1787
f 782 1787 3462
f 3462 1787 1788
f 1788 1787 3463
f 3463 1787 1789
f 3463 1789 1790
f 1793 1794 3464
f 3464 1794 1795
f 3464 1795 1796
f 1802 1803 3465
f 3465 1803 1804
f 1528 1768 1888
f 1888 1768 1203
f 1785 1574 3460
f 3460 1574 1573
f 3460 1573 1572
f 3460 1572 1786
f 1786 1571 3461
f 3461 1571 1570
f 3461 1570 1787
f 1797 1629 3455
f 1797 3455 1628
f 1690 1619 1176
f 1619 554 1176
f 1176 554 797
f 554 552 797
f 797 552 790
f 552 636 790
f 790 636 788
f 788 636 1549
f 1549 636 1553
f 636 265 1553
f 782 3462 1128
f 1128 3462 1127
f 3462 1788 1127
f 1788 3463 1126
f 1126 3463 1790
f 1123 1793 3464
f 3464 1796 1123
f 1120 1802 3465
f 1120 3465 1119
f 1119 3465 1804
f 1817 1416 1117
f 1117 1416 1819
f 1822 1821 1889
f 1889 1821 1823
f 1889 1823 1562
f 1562 1823 1824
f 1562 1824 1825
f 1825 1826 1562
f 1562 1826 1701
f 1889 1562 1698
f 1889 1698 1829
f 1829 1697 1419
f 1889 1829 1822
f 1813 846 844
f 1813 844 1814
f 1816 844 842
f 1816 842 1817
f 1817 842 1416
f 842 840 1416
f 1416 840 1819
f 1819 840 1820
f 1820 840 838
f 473 585 3193
f 3193 585 3366
f 3366 585 652
f 3452 337 160
f 160 337 3375
f 160 3375 1453
f 333 474 3379
f 3379 474 3380
f 474 584 3414
f 474 3414 3380
f 3380 3414 1460
f 1460 3414 3381
f 1830 1829 1419
f 1830 1419 1418
f 1177 1832 1421
f 1421 1832 1831
f 1421 1831 1418
f 1418 1831 1830
f 1545 3432 1833
f 1545 1833 3466
f 3466 1833 3467
f 3466 3467 1547
f 1547 3467 1405
f 1405 3467 3350
f 3350 3467 1547
f 1547 3467 1546
f 1546 3467 1833
f 1538 1539 3468
f 3468 1539 1540
f 3468 1540 1834
f 1834 1540 3396
f 3396 1541 1834
f 1834 1541 3469
f 1834 3469 3468
f 1538 3468 3431
f 1835 1435 3300
f 3300 1435 1434
f 3300 1434 3301
f 3301 1434 754
f 3301 754 3302
f 3302 754 753
f 3302 753 3303
f 3303 753 984
f 3303 984 1840
f 1843 997 3308
f 3308 997 994
f 3308 994 996
f 996 995 3308
f 3308 995 973
f 3308 973 3289
f 3289 973 974
f 3289 974 975
f 3289 975 3290
f 3290 975 976
f 3290 976 977
f 3290 977 3291
f 3291 977 811
f 3291 811 3292
f 3292 811 757
f 3292 757 3293
f 3293 757 756
f 3293 756 3294
f 3294 756 979
f 3294 979 1848
f 1328 1399 1330
f 1114 1852 1871
f 1871 1852 1507
f 1507 1852 1682
f 1685 1856 1406
f 1406 1856 1857
f 1406 1857 1175
f 1041 1043 3278
f 3278 1043 3277
f 1043 1045 3277
f 3277 1045 3276
f 1045 1047 3276
f 3276 1047 3275
f 1047 1049 3275
f 3275 1049 1394
f 1013 1058 3309
f 1013 3309 774
f 774 3309 1037
f 763 1035 3287
f 3287 1035 1033
f 3287 1033 3286
f 3286 1033 1031
f 3286 1031 3285
f 3285 1031 1030
f 3285 1030 3284
f 3284 1030 1028
f 3284 1028 1375
f 1380 1017 3279
f 3279 1017 1041
f 3279 1041 3278
f 1015 1086 3307
f 1086 1088 3307
f 3307 1088 3306
f 1088 1090 3306
f 3306 1090 3305
f 1090 1092 3305
f 3305 1092 3304
f 1092 1093 3304
f 3304 1093 1839
f 1836 1081 3299
f 3299 1081 1079
f 3299 1079 3298
f 3298 1079 1077
f 3298 1077 3297
f 3297 1077 1075
f 3297 1075 3296
f 3296 1075 1073
f 3296 1073 3295
f 3295 1073 1072
f 3295 1072 1847
f 1016 1060 3189
f 1016 3189 1014
f 1014 3189 1084
f 3318 1285 1858
f 1858 1859 3351
f 3351 1859 3349
f 3351 1402 1858
f 1860 1401 3353
f 1860 3353 1265
f 1265 3353 1266
f 3353 1408 1266
f 1861 1407 3357
f 1861 3357 1862
f 1862 3357 3358
f 1862 3358 1863
f 1863 3358 3359
f 1863 3359 1864
f 1864 3359 3360
f 1864 3360 1865
f 1865 3360 3361
f 1865 3361 1419
f 1265 3318 1860
f 1860 3318 1858
f 1859 1866 3349
f 3349 1866 3352
f 3352 1866 3350
f 3350 1866 1867
f 3350 1867 1547
f 1547 1867 3466
f 1283 3316 1866
f 1866 3316 1867
f 3316 1277 1867
f 1867 1868 3466
f 3466 1868 1545
f 1868 1278 3317
f 1868 3317 1869
f 1869 3317 1281
f 1541 1875 3469
f 3469 1875 1876
f 3469 1876 3468
f 3468 1876 1877
f 3468 1877 3431
f 3431 1877 3430
f 1875 1241 3313
f 1875 3313 1876
f 1876 3313 3393
f 1876 3393 1877
f 1877 3393 1491
f 1877 1878 3430
f 3430 1878 3429
f 3429 1878 3415
f 3415 1878 1879
f 3415 1879 3428
f 3428 1879 1880
f 3428 1880 1493
f 1494 1476 3394
f 1476 1465 3394
f 3394 1465 1881
f 3394 1881 1496
f 1479 1883 3392
f 1883 1467 3385
f 3385 1884 1883
f 1883 1884 3392
f 3392 1884 3391
f 3391 1884 1885
f 3391 1885 1485
f 1485 1886 3389
f 3389 1886 1887
f 3389 1887 3390
f 3390 1887 1888
f 3390 1888 1528
f 1471 1365 3344
f 1471 3344 1400
f 1472 1400 3347
f 1472 3347 1474
f 1474 3347 3340
f 1474 3340 1475
f 1475 3340 3341
f 1475 3341 1461
f 1461 3341 1355
f 1460 1354 3342
f 1460 3342 1459
f 1459 3342 3339
f 1459 3339 1458
f 1458 3339 1349
f 1456 1345 3338
f 1456 3338 1455
f 1455 3338 1344
f 1454 1344 3337
f 1454 3337 3334
f 1454 3334 3374
f 3374 3334 1338
f 3374 1338 1452
f 1452 1338 3333
f 1452 3333 1451
f 1451 3333 1334
f 1450 1334 3331
f 1450 3331 1448
f 1448 3331 3330
f 1448 3330 1329
f 1449 1329 3332
f 3332 3329 1449
f 1449 3329 1445
f 3329 1324 1445
f 1324 3328 1443
f 1443 3328 1444
f 3328 3363 1444
f 1444 3363 1446
f 1446 3363 1447
f 3363 1437 1447
f 1447 1437 3366
f 1437 1427 3366
f 3366 1427 1566
f 1427 3355 1566
f 1566 3355 1438
f 3355 3191 1438
f 1438 3191 1439
f 3191 1413 1439
f 1442 1416 3320
f 1462 1887 3386
f 1887 1886 3386
f 3386 1886 1885
f 3386 1885 1469
f 1469 1884 3385
f 3320 1889 1442
f 3320 3321 1889
f 1889 3321 1890
f 3321 1302 1890

