# https://github.com/mikedh/trimesh

o left_arm3.stl
v -0.00014364 -0.00954997 -0.05932105
v -0.00059699 -0.00854999 -0.05949699
v 0.00013591 -0.00869863 -0.05918988
v -0.05496704 -0.02277888 0.19044997
v -0.05285710 -0.02731633 0.19045001
v -0.05153151 -0.02974348 0.19080293
v -0.04863430 -0.03427135 0.19045000
v -0.04722081 -0.03619829 0.19044998
v -0.04350906 -0.04058527 0.19045001
v -0.04209322 -0.04205253 0.19045001
v -0.03757816 -0.04612863 0.19045001
v -0.03622441 -0.04720056 0.19045000
v -0.03093296 -0.05082297 0.19045000
v -0.02974333 -0.05153110 0.19044998
v -0.02371710 -0.05456864 0.19045001
v -0.02270749 -0.05499646 0.19045001
v -0.02273297 -0.00954997 -0.05498600
v -0.02371668 -0.00954998 -0.05456835
v -0.02973520 -0.00954997 -0.05153578
v -0.03093248 -0.00954997 -0.05082285
v -0.03623816 -0.00954997 -0.04719028
v -0.03757768 -0.00954998 -0.04612870
v -0.04210638 -0.00954998 -0.04203928
v -0.05494350 -0.00954998 -0.02283459
v -0.05151381 -0.00954998 -0.02977298
v -0.05285626 -0.00954997 -0.02731704
v -0.04863339 -0.00954997 -0.03427195
v -0.04720425 -0.00954997 -0.03621944
v -0.04350858 -0.00954997 -0.04058539
v -0.05608266 -0.00954997 -0.01987040
v -0.05742384 -0.00954997 -0.01557512
v -0.05826538 -0.00954997 -0.01203578
v -0.05895271 -0.00954998 -0.00804110
v -0.05936485 -0.00954997 -0.00397468
v -0.05949866 -0.00954998 -0.00038678
v -0.05747018 -0.01540459 0.19044998
v -0.05608355 -0.01986944 0.19045001
v -0.05826658 -0.01203364 0.19045000
v -0.05899057 -0.00776167 0.19044998
v -0.05950009 0.00000000 0.19091150
v -0.05936604 -0.00397241 0.19045001
v -0.05899053 0.00776134 0.19045000
v -0.05935436 0.00414270 0.19045001
v -0.05823178 0.01220101 0.19045000
v -0.05747018 0.01540462 0.19044998
v -0.05496730 0.02277832 0.19045001
v -0.05602645 0.02003008 0.19045001
v -0.05153096 0.02974456 0.19092366
v -0.05277836 0.02746790 0.19045001
v -0.04853558 0.03441089 0.19045000
v -0.04722074 0.03619835 0.19044998
v -0.04209603 0.04204966 0.19045001
v -0.04339265 0.04070979 0.19045001
v -0.03622403 0.04720093 0.19044998
v -0.03744524 0.04623651 0.19045001
v -0.03078705 0.05091160 0.19045000
v -0.02974556 0.05153020 0.19080293
v 0.05496710 -0.02277826 0.19045001
v 0.05602627 -0.02003002 0.19045001
v 0.05746995 -0.01540459 0.19044998
v 0.05823159 -0.01220095 0.19045000
v 0.05899032 -0.00776128 0.19045000
v 0.05935418 -0.00414264 0.19045001
v 0.05949984 0.00000000 0.19091150
v 0.05494379 -0.00954998 -0.02283477
v 0.05743322 -0.00954998 -0.01554094
v 0.05602556 -0.00954997 -0.02003097
v 0.05823069 -0.00954997 -0.01220297
v 0.05896195 -0.00954997 -0.00797156
v 0.05949808 -0.00954998 -0.00028245
v 0.05935317 -0.00954997 -0.00414491
v -0.05935335 -0.00954997 0.00413477
v -0.05865037 -0.00954998 0.01000671
v -0.05822914 -0.00954997 0.01220178
v -0.05600178 -0.00954997 0.02009289
v -0.05508607 -0.00954997 0.02248924
v -0.05277687 -0.00954998 0.02745878
v -0.05404877 -0.00954997 0.02487915
v -0.05162445 -0.00954998 0.02957469
v -0.04565617 -0.00954998 0.03814524
v -0.04339057 -0.00954997 0.04069310
v -0.04222768 -0.00954997 0.04191738
v -0.03802223 -0.00954997 0.04574358
v -0.03427690 -0.00954997 0.04863476
v -0.03078032 -0.00954998 0.05087611
v -0.02979473 -0.00954998 0.05148550
v -0.02353584 -0.00954997 0.05458128
v -0.02041527 -0.00954997 0.05585956
v -0.01592315 -0.00968137 0.05774337
v -0.01044301 -0.00954998 0.05848937
v -0.00792984 -0.00960108 0.05931068
v -0.00001347 -0.00957773 0.05967199
v 0.00807362 -0.00959889 0.05925672
v 0.01028547 -0.00954997 0.05852313
v 0.01608953 -0.00968387 0.05769852
v 0.02026398 -0.00954997 0.05590686
v 0.02369177 -0.00954997 0.05451446
v 0.02962892 -0.00954997 0.05157438
v 0.03092527 -0.00954997 0.05078816
v 0.03419154 -0.00954998 0.04869478
v 0.03798221 -0.00954998 0.04577865
v 0.04350727 -0.00954997 0.04056828
v 0.04215419 -0.00954997 0.04199135
v 0.04552761 -0.00954998 0.03829439
v 0.05863011 -0.00954998 0.01012151
v 0.05936509 -0.00954997 0.00396478
v 0.05753076 -0.00954998 0.01518058
v 0.05826407 -0.00954997 0.01203399
v 0.05599719 -0.00954997 0.02010370
v 0.05504655 -0.00954997 0.02258574
v 0.05452313 -0.00954998 0.02381650
v 0.05384330 -0.00954998 0.02531123
v 0.05344539 -0.00954997 0.02615016
v 0.05285767 -0.00954998 0.02731019
v 0.05936586 0.00397247 0.19045001
v 0.05899037 0.00776173 0.19044998
v 0.05826641 0.01203370 0.19045000
v 0.05746995 0.01540462 0.19044998
v 0.05608338 0.01986950 0.19045001
v 0.05496684 0.02277894 0.19044997
v 0.05285686 0.02731639 0.19045001
v 0.05153132 0.02974354 0.19080293
v 0.04863404 0.03427141 0.19045000
v 0.04722063 0.03619835 0.19044998
v 0.04350888 0.04058527 0.19045001
v 0.04209302 0.04205257 0.19045001
v 0.03757798 0.04612869 0.19045001
v 0.03622419 0.04720058 0.19045000
v 0.03093278 0.05082297 0.19045000
v 0.02974590 0.05153002 0.19087103
v 0.02371686 0.05456870 0.19045001
v 0.02270734 0.05499655 0.19045001
v 0.05277746 -0.00954997 -0.02746868
v 0.05151392 -0.00954997 -0.02977256
v 0.04853488 -0.00954997 -0.03441125
v 0.04720479 -0.00954998 -0.03621898
v 0.04339218 -0.00954997 -0.04070979
v 0.04210615 -0.00954998 -0.04203909
v 0.03744477 -0.00954997 -0.04623645
v 0.03623867 -0.00954998 -0.04718964
v 0.03078669 -0.00954997 -0.05091136
v 0.02973336 -0.00954997 -0.05153645
v -0.00812272 -0.00954997 -0.05894097
v -0.01086232 -0.00854999 -0.05834678
v -0.01575603 -0.00954997 -0.05737332
v -0.02097428 -0.00854999 -0.05553089
v -0.03094106 -0.00854999 -0.05082219
v -0.03949296 -0.00854999 -0.04450339
v -0.04678368 -0.00854993 -0.03676325
v -0.05258017 -0.00854993 -0.02784907
v -0.05669749 -0.00854993 -0.01804548
v -0.05900406 -0.00854993 -0.00766551
v -0.05942636 -0.00854993 0.00295907
v -0.05795067 -0.00854993 0.01348936
v -0.05462437 -0.00854993 0.02358865
v -0.04955345 -0.00854993 0.03293490
v -0.04869201 -0.00954998 0.03418280
v -0.04290008 -0.00854993 0.04122895
v -0.03487658 -0.00854993 0.04820656
v -0.02573919 -0.00854993 0.05364459
v -0.01577985 -0.00854993 0.05736936
v -0.00531656 -0.00854999 0.05926197
v 0.00531649 -0.00854999 0.05926198
v 0.01577985 -0.00854999 0.05736936
v 0.02573919 -0.00854999 0.05364459
v 0.03487659 -0.00854999 0.04820657
v 0.04290008 -0.00854999 0.04122895
v 0.04872765 -0.00954997 0.03413388
v 0.04955345 -0.00854999 0.03293490
v 0.05155671 -0.00954997 0.02969152
v 0.05462437 -0.00854999 0.02358865
v 0.05795067 -0.00854999 0.01348936
v 0.05942636 -0.00854999 0.00295907
v 0.05900406 -0.00854999 -0.00766545
v 0.05669748 -0.00854999 -0.01804548
v 0.05258017 -0.00854999 -0.02784907
v 0.04678368 -0.00854999 -0.03676325
v 0.03949296 -0.00854999 -0.04450339
v 0.03094106 -0.00854999 -0.05082220
v 0.02307766 -0.00954997 -0.05483993
v 0.02093872 -0.00854999 -0.05553196
v 0.01567337 -0.00954997 -0.05739646
v 0.01088656 -0.00854999 -0.05835401
v 0.00807065 -0.00954998 -0.05894765
v 0.02974310 -0.05153110 0.19044998
v 0.03078699 -0.05091154 0.19045000
v 0.03622393 -0.04720090 0.19044998
v 0.03744518 -0.04623645 0.19045001
v 0.04209591 -0.04204962 0.19045001
v 0.05153082 -0.02974449 0.19092366
v 0.05277818 -0.02746784 0.19045001
v 0.04853546 -0.03441083 0.19045000
v 0.04722063 -0.03619829 0.19044998
v 0.04339259 -0.04070973 0.19045001
v -0.02978688 -0.00854999 -0.05116039
v -0.03819698 -0.00854999 -0.04522860
v -0.04545289 -0.00854993 -0.03792989
v -0.05133497 -0.00854993 -0.02948486
v -0.05566555 -0.00854993 -0.02014887
v -0.05831396 -0.00854993 -0.01020377
v -0.05919998 -0.00854993 0.00004958
v -0.05829679 -0.00854993 0.01030147
v -0.05563175 -0.00854993 0.02024209
v -0.05128550 -0.00854993 0.02957087
v -0.04538917 -0.00854993 0.03800594
v -0.03812116 -0.00854993 0.04529249
v -0.02970105 -0.00854993 0.05121017
v -0.02038335 -0.00854993 0.05558020
v -0.01044958 -0.00854999 0.05827045
v -0.00004002 -0.00854999 0.05914037
v 0.01044958 -0.00854999 0.05827045
v 0.02038335 -0.00854999 0.05558020
v 0.02970105 -0.00854999 0.05121017
v 0.03812116 -0.00854999 0.04529249
v 0.04538917 -0.00854999 0.03800594
v 0.05128550 -0.00854999 0.02957087
v 0.05563175 -0.00854999 0.02024209
v 0.05829678 -0.00854999 0.01030147
v 0.05919998 -0.00854999 0.00004962
v 0.05831396 -0.00854999 -0.01020377
v 0.05566554 -0.00854999 -0.02014887
v 0.05133497 -0.00854999 -0.02948486
v 0.04545289 -0.00854999 -0.03792989
v 0.03819698 -0.00854999 -0.04522860
v 0.02978688 -0.00854999 -0.05116039
v -0.00019998 -0.00854999 -0.05819971
v -0.01059448 -0.00854999 -0.05722755
v -0.00098004 -0.00854999 0.05819165
v -0.00335461 -0.00854999 0.05810320
v -0.00592658 -0.00854999 0.05808124
v -0.00688735 -0.00854999 0.05822667
v -0.00745183 -0.00854999 0.05772095
v -0.01640099 -0.00854993 0.05584126
v -0.02064806 -0.00854999 -0.05441409
v -0.02494537 -0.00854993 0.05258297
v -0.03003728 -0.00854999 -0.04984974
v -0.03287387 -0.00854993 0.04802651
v -0.03845995 -0.00854999 -0.04368138
v -0.03999078 -0.00854993 0.04228448
v -0.04564518 -0.00854993 -0.03610759
v -0.04545605 -0.00854993 0.03662919
v -0.04996705 -0.00854993 0.03018689
v -0.05136168 -0.00854993 -0.02737188
v -0.05341207 -0.00854993 0.02311688
v -0.05542546 -0.00854993 -0.01775544
v -0.05668264 -0.00854993 0.01320254
v -0.05770587 -0.00854993 -0.00756770
v -0.05812948 -0.00854993 0.00286347
v 0.00019998 -0.00854999 0.05819971
v 0.01059448 -0.00854999 0.05722755
v 0.00098004 -0.00854999 -0.05819165
v 0.00335461 -0.00854999 -0.05810320
v 0.00592658 -0.00854999 -0.05808124
v 0.00688735 -0.00854999 -0.05822667
v 0.00745183 -0.00854999 -0.05772095
v 0.01640099 -0.00854999 -0.05584126
v 0.02064806 -0.00854999 0.05441409
v 0.02494537 -0.00854999 -0.05258297
v 0.03003728 -0.00854999 0.04984974
v 0.03287387 -0.00854999 -0.04802651
v 0.03845995 -0.00854999 0.04368138
v 0.03999078 -0.00854999 -0.04228448
v 0.04564518 -0.00854999 0.03610759
v 0.04545605 -0.00854999 -0.03662919
v 0.04996705 -0.00854999 -0.03018689
v 0.05136168 -0.00854999 0.02737188
v 0.05341207 -0.00854999 -0.02311688
v 0.05542546 -0.00854999 0.01775544
v 0.05668264 -0.00854999 -0.01320254
v 0.05770587 -0.00854999 0.00756770
v 0.05812948 -0.00854999 -0.00286347
v 0.00000000 -0.05949997 0.19145000
v 0.01033198 -0.05859607 0.19145000
v -0.01033216 -0.05859608 0.19145003
v 0.02034997 -0.05591177 0.19145001
v -0.02035015 -0.05591177 0.19145000
v 0.02974975 -0.05152845 0.19145000
v -0.02974998 -0.05152845 0.19145000
v 0.03824556 -0.04557973 0.19144990
v -0.03824579 -0.04557974 0.19144988
v 0.04557949 -0.03824597 0.19144991
v -0.04557967 -0.03824597 0.19144990
v 0.05591160 -0.02035027 0.19144991
v -0.05591177 -0.02035027 0.19144990
v 0.05859595 -0.01033204 0.19144988
v -0.05859619 -0.01033204 0.19144991
v 0.05859595 0.01033210 0.19144991
v -0.05859619 0.01033210 0.19144988
v 0.05591160 0.02035027 0.19144990
v -0.05591177 0.02035027 0.19144991
v 0.04557949 0.03824597 0.19144990
v -0.04557967 0.03824597 0.19144991
v 0.03824555 0.04557979 0.19144988
v -0.03824567 0.04557979 0.19144990
v 0.02034997 0.05591177 0.19144991
v -0.02035009 0.05591177 0.19144990
v 0.01033204 0.05859608 0.19144988
v -0.01033204 0.05859607 0.19144990
v 0.00000000 0.05949998 0.19078332
v 0.02293476 -0.05490048 0.19045000
v 0.01550252 -0.05744249 0.19044997
v 0.00780536 -0.05898370 0.19045001
v 0.00000000 -0.05949997 0.19044998
v -0.00787007 -0.05897484 0.19045001
v -0.01555430 -0.05742815 0.19044997
v -0.02293482 0.05490055 0.19045000
v -0.01550263 0.05744255 0.19044997
v -0.00782453 0.05898108 0.19044998
v 0.00786995 0.05897490 0.19045001
v 0.01555418 0.05742821 0.19044997
v 0.00799584 -0.09742307 0.05273520
v 0.00000000 -0.09780433 0.05355395
v 0.00776454 -0.09827565 0.05145065
v 0.00000000 -0.09857750 0.05192702
v -0.00801003 -0.09742205 0.05273300
v -0.00780228 -0.09824206 0.05143240
v -0.01519078 -0.09667479 0.05112820
v -0.01523229 -0.09751516 0.04976093
v -0.01861804 -0.09614455 0.04998945
v -0.01870197 -0.09672559 0.04845207
v -0.02205204 -0.09549068 0.04858529
v -0.02259248 -0.09625666 0.04693536
v -0.02619477 -0.09466748 0.04681746
v -0.02611534 -0.09531755 0.04504424
v -0.02906197 -0.09372836 0.04480069
v -0.02976201 -0.09447041 0.04289801
v -0.03161084 -0.09292186 0.04306876
v -0.03302758 -0.09309328 0.04029351
v -0.03424874 -0.09214758 0.04140579
v -0.03628265 -0.09114749 0.03925806
v -0.03616706 -0.09211605 0.03777319
v -0.03877207 -0.09020924 0.03724318
v -0.03889018 -0.09062254 0.03478479
v -0.04077138 -0.08913378 0.03493370
v -0.04186676 -0.08927947 0.03145463
v -0.04334499 -0.08756609 0.03156696
v -0.04375256 -0.08773446 0.02837121
v -0.04564170 -0.08587338 0.02793168
v -0.04585957 -0.08607697 0.02470201
v -0.04757766 -0.08406021 0.02403798
v -0.04803726 -0.08420418 0.02037410
v -0.04942208 -0.08207700 0.01977895
v -0.04956681 -0.08202070 0.01577210
v -0.05086636 -0.07966095 0.01459026
v -0.05062359 -0.08041490 0.01225918
v -0.05184429 -0.07792085 0.01085340
v -0.05157369 -0.07865946 0.00843251
v -0.05272006 -0.07597875 0.00668263
v -0.05237489 -0.07678066 0.00435138
v -0.05339175 -0.07399159 0.00241506
v -0.05321666 -0.07484164 -0.00003135
v -0.05404817 -0.07228003 -0.00126043
v -0.05346474 -0.07323359 -0.00345290
v -0.05400109 -0.07037526 -0.00535107
v -0.05363749 -0.07175111 -0.00668169
v -0.05398386 -0.06881077 -0.00871074
v -0.05349912 -0.06941288 -0.01171792
v -0.05363619 -0.06671899 -0.01320308
v -0.05280905 -0.06745237 -0.01578146
v -0.05318632 -0.06473297 -0.01746800
v -0.05209165 -0.06546361 -0.02020605
v -0.05223162 -0.06290625 -0.02139109
v -0.05101188 -0.06368641 -0.02408007
v -0.05129562 -0.06167672 -0.02403138
v -0.04952941 -0.06201627 -0.02756919
v -0.04909849 -0.05950416 -0.02869695
v -0.04771625 -0.06039065 -0.03088325
v -0.04636555 -0.05717080 -0.03370827
v -0.04586509 -0.05877703 -0.03447857
v -0.04306195 -0.05478848 -0.03882420
v -0.04311639 -0.05700868 -0.03807479
v -0.04037427 -0.05538610 -0.04172852
v -0.03823095 -0.05247330 -0.04379617
v -0.03766375 -0.05414426 -0.04414808
v -0.03193354 -0.05004281 -0.04901587
v -0.03142678 -0.05173730 -0.04924094
v -0.02477437 -0.04804700 -0.05330175
v -0.02418965 -0.04972338 -0.05349815
v -0.01686429 -0.04655821 -0.05649918
v -0.01646465 -0.04827600 -0.05655688
v -0.00830328 -0.04552540 -0.05871707
v -0.00862379 -0.04742039 -0.05867638
v 0.00000000 -0.04525528 -0.05929718
v 0.00000000 -0.04733791 -0.05935194
v 0.00821835 -0.04551973 -0.05872925
v 0.00857297 -0.04741654 -0.05867595
v 0.01641780 -0.04826909 -0.05657148
v 0.01683455 -0.04655379 -0.05650854
v 0.02412128 -0.04970772 -0.05353134
v 0.02471607 -0.04803359 -0.05333077
v 0.03135025 -0.05171209 -0.04929435
v 0.03209860 -0.05009746 -0.04889827
v 0.03798925 -0.05236518 -0.04402846
v 0.03753489 -0.05408638 -0.04427045
v 0.04279265 -0.05463228 -0.03915983
v 0.04026978 -0.05531236 -0.04194560
v 0.04302018 -0.05694949 -0.03820055
v 0.04610288 -0.05697518 -0.03412819
v 0.04595218 -0.05879403 -0.03451927
v 0.04767888 -0.06035738 -0.03095418
v 0.04877710 -0.05919569 -0.02935957
v 0.04950124 -0.06195413 -0.02773225
v 0.05120237 -0.06155778 -0.02428678
v 0.05095148 -0.06362975 -0.02418488
v 0.05210067 -0.06270473 -0.02182367
v 0.05248057 -0.06385898 -0.01934504
v 0.05206794 -0.06542158 -0.02029631
v 0.05326054 -0.06489833 -0.01711300
v 0.05279928 -0.06742465 -0.01584106
v 0.05343019 -0.06602668 -0.01468968
v 0.05409835 -0.06730860 -0.01193684
v 0.05346305 -0.06937699 -0.01177149
v 0.05394846 -0.06841838 -0.00955349
v 0.05430280 -0.06973948 -0.00671640
v 0.05363808 -0.07173060 -0.00672586
v 0.05395984 -0.07097595 -0.00406104
v 0.05352747 -0.07324106 -0.00348595
v 0.05399328 -0.07257727 -0.00062213
v 0.05315113 -0.07484192 0.00001929
v 0.05321055 -0.07459896 0.00371951
v 0.05239754 -0.07671868 0.00421697
v 0.05247139 -0.07658218 0.00797850
v 0.05160456 -0.07859539 0.00829315
v 0.05180132 -0.07852601 0.01215309
v 0.05062478 -0.08041311 0.01225519
v 0.05074545 -0.08028898 0.01593899
v 0.04951339 -0.08209478 0.01593446
v 0.04948731 -0.08199478 0.01960222
v 0.04791941 -0.08430847 0.02062075
v 0.04805691 -0.08335465 0.02252268
v 0.04577380 -0.08615130 0.02486640
v 0.04607969 -0.08526444 0.02662420
v 0.04366797 -0.08779448 0.02850419
v 0.04398512 -0.08713005 0.03063057
v 0.04172448 -0.08930717 0.03158221
v 0.04153817 -0.08850377 0.03358060
v 0.03881150 -0.09066163 0.03487187
v 0.03890910 -0.09012694 0.03706645
v 0.03610112 -0.09212510 0.03781914
v 0.03629046 -0.09114408 0.03925079
v 0.03424429 -0.09213322 0.04137503
v 0.03294646 -0.09312218 0.04035800
v 0.03158646 -0.09292995 0.04308617
v 0.02968725 -0.09442574 0.04290356
v 0.02904105 -0.09373468 0.04481416
v 0.02603427 -0.09541007 0.04513263
v 0.02620793 -0.09466381 0.04680964
v 0.02251589 -0.09623941 0.04695334
v 0.02202779 -0.09549571 0.04859608
v 0.01863259 -0.09673714 0.04847830
v 0.01859396 -0.09614856 0.04999816
v 0.01512174 -0.09744304 0.04975470
v 0.01516938 -0.09667778 0.05113458
v 0.04761326 -0.06000518 -0.03208196
v 0.04422837 -0.05751818 -0.03739237
v 0.04203599 -0.05620175 -0.04020076
v 0.03549510 -0.05313175 -0.04674035
v 0.03346025 -0.05236810 -0.04836547
v 0.02770096 -0.05057060 -0.05218905
v 0.02570176 -0.05005466 -0.05328553
v 0.01894748 -0.04866218 -0.05624455
v 0.01746326 -0.04842209 -0.05675488
v 0.00958937 -0.04749906 -0.05871725
v -0.00960559 -0.04750037 -0.05871444
v -0.01751434 -0.04842996 -0.05673807
v -0.01897978 -0.04866766 -0.05623298
v -0.02574986 -0.05006647 -0.05326044
v -0.02774989 -0.05058395 -0.05216073
v -0.03348189 -0.05237567 -0.04834908
v -0.03558027 -0.05316537 -0.04666876
v -0.04211848 -0.05624800 -0.04010206
v -0.04427355 -0.05754750 -0.03733009
v -0.04767447 -0.06005686 -0.03197127
v -0.05298477 -0.06684535 -0.01742875
v -0.05345726 -0.06818449 -0.01455086
v -0.05387425 -0.07070499 -0.00912625
v -0.05305916 -0.07624906 0.00282133
v -0.05246597 -0.07783247 0.00624263
v -0.05167669 -0.07950006 0.00985259
v -0.05062860 -0.08129328 0.01374357
v -0.04950058 -0.08288985 0.01721650
v -0.04771625 -0.08495140 0.02171319
v -0.04563409 -0.08686597 0.02590161
v -0.04336476 -0.08855366 0.02960300
v -0.04060596 -0.09023046 0.03328740
v -0.03749829 -0.09177929 0.03669697
v -0.03402996 -0.09320485 0.03984081
v -0.01731806 -0.09741377 0.04917901
v -0.00897825 -0.09837448 0.05132967
v 0.00896293 -0.09837567 0.05133229
v 0.01726728 -0.09742159 0.04919636
v 0.03396755 -0.09322810 0.03989207
v 0.03743624 -0.09180724 0.03675848
v 0.04054558 -0.09026366 0.03336030
v 0.04330348 -0.08859479 0.02969336
v 0.04554128 -0.08694208 0.02606838
v 0.04767018 -0.08499878 0.02181690
v 0.04940056 -0.08301890 0.01749706
v 0.05055809 -0.08140170 0.01397907
v 0.05162400 -0.07959980 0.01006889
v 0.05243408 -0.07790750 0.00640494
v 0.05304169 -0.07630228 0.00293618
v 0.05387318 -0.07068538 -0.00916833
v 0.05344510 -0.06814187 -0.01464235
v 0.05296267 -0.06679326 -0.01754069
v 0.00729069 0.00824994 -0.05792588
v 0.01640105 0.00824994 -0.05584126
v 0.02494537 0.00824994 -0.05258297
v 0.03287374 0.00824994 -0.04802656
v 0.03999078 0.00824994 -0.04228448
v 0.04545598 0.00824994 -0.03662937
v 0.04996716 0.00824994 -0.03018665
v 0.05341207 0.00824994 -0.02311688
v -0.00098004 0.00825000 0.05819165
v 0.00001998 0.00825000 0.05894672
v -0.00335455 0.00825000 0.05810320
v -0.00596726 0.00825000 0.05811398
v -0.00683138 0.00825000 0.05824887
v -0.00745183 0.00825000 0.05772095
v -0.01640105 0.00825000 0.05584126
v -0.02494537 0.00825000 0.05258297
v -0.03287374 0.00825000 0.04802656
v -0.03999078 0.00825000 0.04228448
v -0.04545599 0.00825000 0.03662937
v -0.04996716 0.00825000 0.03018665
v -0.05341207 0.00825000 0.02311688
v -0.00008647 -0.00554997 -0.05847378
v 0.00000002 0.00824994 -0.05900510
v 0.00098004 0.00824994 -0.05819165
v 0.00641080 0.00824994 -0.05828722
v 0.00572354 0.00824994 -0.05791789
v 0.00335455 0.00824994 -0.05810320
v -0.01045489 0.00825000 0.05826951
v -0.02039366 0.00825000 0.05557638
v -0.02971529 0.00825000 0.05120187
v -0.03813809 0.00825000 0.04527825
v -0.04540687 0.00825000 0.03798484
v -0.05130195 0.00825000 0.02954214
v -0.05564498 0.00825000 0.02020579
v -0.05668264 0.00825000 0.01320254
v -0.05830448 0.00825000 0.01025795
v -0.05812948 0.00825000 0.00286347
v -0.05919998 0.00825000 0.00000000
v -0.05770587 0.00825000 -0.00756776
v -0.05830448 0.00825000 -0.01025795
v -0.05542546 0.00825000 -0.01775544
v -0.05564498 0.00825000 -0.02020579
v -0.05136157 0.00825000 -0.02737200
v -0.05130195 0.00825000 -0.02954220
v -0.04564517 0.00825000 -0.03610748
v -0.04540687 0.00825000 -0.03798484
v -0.03845995 0.00825000 -0.04368138
v -0.03813809 0.00825000 -0.04527825
v -0.03003728 0.00825000 -0.04984974
v -0.02971529 0.00825000 -0.05120187
v -0.02064800 0.00825000 -0.05441409
v -0.02039366 0.00825000 -0.05557638
v -0.01059448 0.00824994 -0.05722755
v -0.01045489 0.00824994 -0.05826951
v -0.00008226 0.00074999 -0.05839563
v 0.05536848 0.00824994 -0.01793217
v 0.05706718 0.00824994 -0.01263883
v 0.05707033 0.00651081 -0.01257392
v 0.05731148 0.00579598 -0.01179070
v 0.05833241 0.00574994 -0.00384441
v 0.05833684 0.00574994 0.00384026
v 0.05731424 0.00577522 0.01156989
v 0.05710419 0.00652267 0.01257629
v 0.05695745 0.00824994 0.01260854
v 0.05390518 0.00824994 0.02194237
v 0.04945600 0.00824994 0.03068137
v 0.04360359 0.00824994 0.03854829
v 0.03651279 0.00824994 0.04532170
v 0.02838546 0.00824994 0.05080848
v 0.01945328 0.00825000 0.05485260
v 0.00996763 0.00825000 0.05734008
v 0.00008647 -0.00554997 0.05847379
v 0.00008226 0.00075001 0.05839563
v 0.05728149 0.00824994 0.01405610
v 0.05419230 0.00824994 0.02382928
v 0.04955077 0.00824994 0.03239375
v 0.04356765 0.00824994 0.04008108
v 0.03640484 0.00824994 0.04668318
v 0.02825635 0.00824994 0.05202127
v 0.01934278 0.00825000 0.05595076
v 0.00990540 0.00825000 0.05836540
v 0.00990546 0.00824994 -0.05836540
v 0.01934278 0.00824994 -0.05595076
v 0.02825635 0.00824994 -0.05202127
v 0.03640484 0.00824994 -0.04668318
v 0.04356765 0.00824994 -0.04008108
v 0.04955077 0.00824994 -0.03239375
v 0.05419230 0.00824994 -0.02382928
v 0.05727825 0.00824994 -0.01404365
v 0.05730568 0.00353537 0.01415510
v 0.05745764 0.00243602 0.01381249
v 0.05780297 0.00174993 0.01278465
v 0.05904328 0.00174993 0.00430518
v 0.05904614 0.00174993 -0.00426513
v 0.05776622 0.00178273 -0.01294702
v 0.05742574 0.00258714 -0.01389751
v 0.05729293 0.00373009 -0.01413962
v 0.05759134 0.00574994 -0.01079683
v 0.05757850 0.00367067 -0.01119225
v 0.05777109 0.00574994 -0.00971116
v 0.05781376 0.00412819 -0.00984694
v 0.05794684 0.00574994 -0.00860028
v 0.05810125 0.00574994 -0.00748627
v 0.05799841 0.00411958 -0.00865703
v 0.05813897 0.00412577 -0.00761576
v 0.05827587 0.00411553 -0.00654400
v 0.05840166 0.00397483 -0.00549426
v 0.05825810 0.00574994 -0.00596117
v 0.05849061 0.00411994 -0.00422370
v 0.05850327 0.00574994 -0.00480163
v 0.05856117 0.00411958 -0.00305828
v 0.05736886 0.00323836 -0.01269213
v 0.05744160 0.00268644 -0.01269167
v 0.05853389 0.00574994 -0.00237270
v 0.05860128 0.00412577 -0.00200832
v 0.05863938 0.00400113 -0.00085226
v 0.05858767 0.00574994 -0.00114708
v 0.05867290 0.00268644 -0.00425535
v 0.05867176 0.00268644 0.00427020
v 0.05743837 0.00268644 0.01270610
v 0.05864280 0.00363711 0.00012739
v 0.05839512 0.00400959 0.00561634
v 0.05763116 0.00375792 0.01092105
v 0.05770766 0.00574994 0.01015789
v 0.05796929 0.00412862 0.00897582
v 0.05788115 0.00574994 0.00903332
v 0.05740229 0.00368643 0.01227120
v 0.05858659 0.00574994 0.00009247
v 0.05858985 0.00574994 0.00135335
v 0.05850635 0.00574994 0.00246834
v 0.05858468 0.00411958 0.00256859
v 0.05863422 0.00412859 0.00133459
v 0.05852398 0.00412577 0.00361754
v 0.05844073 0.00409837 0.00451868
v 0.05823076 0.00413001 0.00679915
v 0.05810309 0.00411100 0.00776244
v 0.05804391 0.00574994 0.00792048
v 0.05818526 0.00574994 0.00680471
v 0.05830519 0.00574994 0.00568643
v 0.05849218 0.00574994 0.00493336
v 0.05753040 0.00424993 0.01004070
v -0.00705612 -0.09777897 0.05349951
v 0.00690687 -0.09778816 0.05351918
v 0.00904900 -0.09763706 0.05319476
v 0.01389598 -0.09714215 0.05213190
v 0.01806509 -0.09653949 0.05083769
v 0.02067297 -0.09607374 0.04983758
v 0.02716428 -0.09458678 0.04664421
v 0.03328007 -0.09267979 0.04254871
v 0.04104280 -0.08920705 0.03509110
v 0.04376357 -0.08753467 0.03149950
v 0.04610449 -0.08577920 0.02772939
v 0.04808348 -0.08395588 0.02381378
v 0.04887497 -0.08310551 0.02198767
v 0.05350387 -0.07532256 0.00527346
v 0.04825794 -0.05820591 -0.03148525
v 0.04779386 -0.05781835 -0.03231745
v 0.04218518 -0.05408698 -0.04033064
v 0.03731226 -0.05174536 -0.04535937
v 0.03527086 -0.05092710 -0.04711687
v 0.03069329 -0.04935979 -0.05048270
v 0.02730679 -0.04840135 -0.05254077
v 0.02350777 -0.04750036 -0.05447567
v 0.01865917 -0.04658699 -0.05643737
v 0.01587498 -0.04617035 -0.05733197
v 0.00943917 -0.04548066 -0.05881315
v -0.00941574 -0.04547876 -0.05881714
v -0.01603859 -0.04619276 -0.05728375
v -0.01861459 -0.04657965 -0.05645298
v -0.02366346 -0.04753398 -0.05440354
v -0.02724468 -0.04838526 -0.05257546
v -0.03083819 -0.04940426 -0.05038708
v -0.03519636 -0.05089867 -0.04717767
v -0.03744465 -0.05180138 -0.04523909
v -0.04210710 -0.05404430 -0.04042237
v -0.04772198 -0.05775970 -0.03244334
v -0.04837495 -0.05830627 -0.03126955
v -0.05431717 -0.06738185 -0.01177936
v -0.05454248 -0.06984376 -0.00649232
v -0.05349844 -0.07533758 0.00530571
v -0.05204916 -0.07857716 0.01226276
v -0.05099827 -0.08033227 0.01603198
v -0.04897254 -0.08299469 0.02174967
v -0.04417687 -0.08724957 0.03088730
v -0.03339844 -0.09263701 0.04245686
v -0.02730035 -0.09455019 0.04656559
v -0.02081197 -0.09604697 0.04978001
v -0.01802116 -0.09654677 0.05085331
v -0.01404088 -0.09712399 0.05209290
v -0.00902653 -0.09763885 0.05319869
v -0.01608508 -0.01879191 -0.05738347
v -0.02375656 -0.01912939 -0.05464774
v -0.03098380 -0.01958560 -0.05087876
v -0.03763628 -0.02015018 -0.04615205
v -0.04358196 -0.01858448 -0.04055505
v -0.04356336 -0.02751725 -0.04051148
v -0.04869747 -0.02564805 -0.03410905
v -0.04861450 -0.03363120 -0.03392398
v -0.05291981 -0.02473205 -0.02704656
v -0.05282545 -0.03225678 -0.02680355
v -0.05613219 -0.02542299 -0.01939970
v -0.05599838 -0.03332126 -0.01899385
v -0.05817627 -0.03094005 -0.01097124
v -0.05802285 -0.03822720 -0.01022416
v -0.05911737 -0.03493148 -0.00195640
v -0.05897009 -0.04146456 -0.00073035
v -0.05895859 -0.03727138 0.00756657
v -0.05876016 -0.04263210 0.00945318
v -0.05764966 -0.03765839 0.01753127
v -0.05733865 -0.04157400 0.02017229
v -0.05516940 -0.03603458 0.02776116
v -0.05470365 -0.03843754 0.03111708
v -0.05152868 -0.03262448 0.03794700
v -0.05094879 -0.03379285 0.04162865
v -0.04685795 -0.02800738 0.04750366
v -0.04623675 -0.02830344 0.05108815
v -0.04134190 -0.02282375 0.05590438
v -0.04074585 -0.02255827 0.05910145
v -0.03515827 -0.01763266 0.06283921
v -0.03464150 -0.01706016 0.06547750
v -0.02848994 -0.01287877 0.06820195
v -0.02808594 -0.01218938 0.07023699
v -0.02150130 -0.00889093 0.07206439
v -0.02121239 -0.00817287 0.07364708
v -0.01431828 -0.00584620 0.07471406
v -0.01413697 -0.00511014 0.07604080
v -0.00705933 -0.00376314 0.07652335
v -0.00697577 -0.00297225 0.07777976
v 0.00000000 -0.00307624 0.07706383
v 0.00720972 -0.00378221 0.07651638
v 0.00712436 -0.00299066 0.07777476
v 0.01428300 -0.00514817 0.07602696
v 0.01411497 -0.00430810 0.07742035
v 0.02108407 -0.00742841 0.07517379
v 0.02083718 -0.00651276 0.07678567
v 0.02749049 -0.01059055 0.07396316
v 0.02716928 -0.00957364 0.07587336
v 0.03338748 -0.01456123 0.07243019
v 0.03299784 -0.01341867 0.07471311
v 0.03866189 -0.01926434 0.07060910
v 0.03821098 -0.01797366 0.07333260
v 0.04321187 -0.02461403 0.06853611
v 0.04270810 -0.02315515 0.07176035
v 0.04695945 -0.03050464 0.06625248
v 0.04641205 -0.02886068 0.07002800
v 0.04982961 -0.03682786 0.06380051
v 0.04924887 -0.03498518 0.06816756
v 0.05176686 -0.04346764 0.06122499
v 0.05116367 -0.04141646 0.06621330
v 0.05274277 -0.05029714 0.05857580
v 0.05212825 -0.04803156 0.06420290
v 0.05273200 -0.05718904 0.05590231
v 0.05211758 -0.05470705 0.06217408
v 0.05173486 -0.06401604 0.05325376
v 0.05113208 -0.06131976 0.06016409
v 0.04977684 -0.07065099 0.05067968
v 0.04919695 -0.06774640 0.05821068
v 0.04635667 -0.07396268 0.05610239
v 0.04585999 -0.07075959 0.06411951
v 0.04247617 -0.07854318 0.05719721
v 0.04204416 -0.07521854 0.06557577
v 0.03760474 -0.08031474 0.06427873
v 0.03728288 -0.07688820 0.07296490
v 0.03221959 -0.08187006 0.07060617
v 0.03200477 -0.07836245 0.07955259
v 0.02639657 -0.08366727 0.07478719
v 0.02626377 -0.08022218 0.08364099
v 0.02014440 -0.08476866 0.07902996
v 0.02007538 -0.08124804 0.08814449
v 0.01357376 -0.08590418 0.08126580
v 0.01354044 -0.08243507 0.09030568
v 0.00676924 -0.08657169 0.08267952
v 0.00675678 -0.08313918 0.09166281
v 0.00000000 -0.08462865 0.08880758
v 0.00000000 -0.08225607 0.09503309
v -0.00690097 -0.08312594 0.09165190
v -0.00691813 -0.07991034 0.10008401
v -0.01370584 -0.07915055 0.09877669
v -0.01379239 -0.07611887 0.10670500
v -0.02033507 -0.07477068 0.10473601
v -0.02052998 -0.07188707 0.11221601
v -0.02661317 -0.07082189 0.10740500
v -0.02690005 -0.06808389 0.11435302
v -0.03252810 -0.06568056 0.11102700
v -0.03295475 -0.06295676 0.11769702
v -0.03773635 -0.06119453 0.11118101
v -0.03824335 -0.05845558 0.11756201
v -0.04218977 -0.05651974 0.11029799
v -0.04275846 -0.05370563 0.11649000
v -0.04632085 -0.04916578 0.11389200
v -0.04705578 -0.04625505 0.11970900
v -0.04918038 -0.04352444 0.11274300
v -0.04996305 -0.04047608 0.11836601
v -0.05190588 -0.03451722 0.11674400
v -0.05283707 -0.03126168 0.12196000
v -0.05383336 -0.02491176 0.12016200
v -0.05484997 -0.02141046 0.12517600
v -0.05483889 -0.01473605 0.12327800
v -0.05586886 -0.01101684 0.12830400
v -0.05481237 -0.00411761 0.12638301
v -0.05578309 -0.00027341 0.13163002
v -0.05367177 0.00671452 0.12976500
v -0.05451827 0.01052516 0.13540800
v -0.05135267 0.01743209 0.13367300
v -0.05202775 0.02099090 0.13982899
v -0.04784840 0.02763152 0.13830300
v -0.04832118 0.03067362 0.14511099
v -0.04320287 0.03685218 0.14386600
v -0.04346185 0.03907907 0.15149100
v -0.03749835 0.04459500 0.15058492
v -0.03758156 0.04587256 0.15901890
v -0.03090327 0.05056279 0.15845600
v -0.03089296 0.05107760 0.16731890
v -0.02364349 0.05482162 0.16703299
v -0.02360576 0.05483847 0.17579690
v -0.01592528 0.05754661 0.17568700
v -0.01590019 0.05737071 0.18374997
v -0.00793451 0.05900318 0.18372703
v 0.00000000 0.05953299 0.18393800
v 0.00000000 0.05957061 0.18230490
v 0.00810361 0.05898009 0.18372701
v 0.00811642 0.05916071 0.17559890
v 0.01608997 0.05750072 0.17568891
v 0.01611566 0.05748808 0.16679899
v 0.02380055 0.05475342 0.16703799
v 0.02380836 0.05423229 0.15799589
v 0.03104978 0.05047386 0.15846691
v 0.03098088 0.04916161 0.14982501
v 0.03763109 0.04448789 0.15060291
v 0.03740668 0.04217439 0.14278901
v 0.04331886 0.03672987 0.14389102
v 0.04289489 0.03353887 0.13694200
v 0.04794549 0.02749806 0.13833299
v 0.04732316 0.02373337 0.13208900
v 0.05142915 0.01729160 0.13370802
v 0.05063056 0.01323038 0.12802400
v 0.05372649 0.00657088 0.12980300
v 0.05279147 0.00244880 0.12455500
v 0.05484497 -0.00426084 0.12642300
v 0.05383390 -0.00826216 0.12143590
v 0.05484957 -0.01487582 0.12331800
v 0.05383294 -0.01863855 0.11838600
v 0.05382269 -0.02504593 0.12019999
v 0.05287414 -0.02851808 0.11511000
v 0.05187475 -0.03464448 0.11677801
v 0.05106216 -0.03784465 0.11132301
v 0.04913007 -0.04364365 0.11277302
v 0.04849548 -0.04668014 0.10683201
v 0.04626458 -0.04922175 0.11403401
v 0.04566908 -0.05217576 0.10786600
v 0.04211216 -0.05657624 0.11042200
v 0.04168510 -0.05948233 0.10384299
v 0.03763955 -0.06125724 0.11126800
v 0.03726089 -0.06413674 0.10445300
v 0.03241586 -0.06573873 0.11109401
v 0.03210550 -0.06864726 0.10393801
v 0.02648955 -0.07086026 0.10748300
v 0.02630186 -0.07379789 0.10003899
v 0.02020156 -0.07480204 0.10478999
v 0.02009177 -0.07791715 0.09675129
v 0.01356559 -0.07917279 0.09880959
v 0.02622586 -0.07692456 0.09208409
v 0.03192806 -0.07173085 0.09628691
v 0.03702980 -0.06715136 0.09719610
v 0.04142177 -0.06247967 0.09687268
v 0.04523837 -0.05517715 0.10134200
v 0.04803478 -0.04970765 0.10059099
v 0.05040277 -0.04097306 0.10560600
v 0.05204588 -0.03187775 0.10983200
v 0.05288428 -0.02233386 0.11342601
v 0.05283600 -0.01228958 0.11658790
v 0.05181807 -0.00183284 0.11960600
v 0.04974937 0.00883770 0.12277400
v 0.04658806 0.01943320 0.12636502
v 0.04233789 0.02958250 0.13061491
v 0.03704017 0.03884828 0.13571391
v 0.03079569 0.04677116 0.14184900
v 0.02375519 0.05288869 0.14918201
v 0.01612079 0.05695921 0.15761392
v 0.00812936 0.05914962 0.16661598
v 0.00000000 0.05974149 0.17404801
v 0.00000000 0.05970448 0.17645290
v -0.00794709 0.05918389 0.17559801
v 0.03189849 -0.07497556 0.08814089
v 0.03696477 -0.07029068 0.08949786
v 0.04134309 -0.06556087 0.08951377
v 0.04499715 -0.05822175 0.09446909
v 0.04777426 -0.05272608 0.09406101
v 0.04992395 -0.04403358 0.09964389
v 0.05137377 -0.03510087 0.10434401
v 0.05205589 -0.02585446 0.10832601
v 0.05190485 -0.01620596 0.11175601
v 0.05085766 -0.00611758 0.11483900
v 0.04883205 0.00428891 0.11786200
v 0.04577720 0.01478826 0.12111300
v 0.04168009 0.02506476 0.12485500
v 0.03655898 0.03472250 0.12931402
v 0.03049355 0.04332888 0.13466601
v 0.02361267 0.05043208 0.14107291
v 0.01608425 0.05558609 0.14866690
v 0.00813180 0.05861181 0.15733089
v 0.00000000 0.05966740 0.16507700
v 0.00000000 0.05974251 0.16835891
v -0.00795978 0.05917268 0.16661392
v -0.01595067 0.05753397 0.16679499
v 0.03705918 -0.07354147 0.08139628
v 0.04144304 -0.06871753 0.08180086
v 0.04496598 -0.06130588 0.08725987
v 0.04773576 -0.05573558 0.08725851
v 0.04965317 -0.04702997 0.09345598
v 0.05088579 -0.03819524 0.09866945
v 0.05138367 -0.02917307 0.10306899
v 0.05109184 -0.01988607 0.10683300
v 0.04996138 -0.01024895 0.11013301
v 0.04792690 -0.00024100 0.11317201
v 0.04493297 0.00999040 0.11623602
v 0.04095436 0.02019017 0.11960201
v 0.03599077 0.03001266 0.12352289
v 0.03009706 0.03905761 0.12820400
v 0.02338039 0.04689180 0.13380399
v 0.01598697 0.05307121 0.14045900
v 0.00811309 0.05721246 0.14829399
v 0.00000000 0.05897700 0.15546790
v 0.00000000 0.05927908 0.15842590
v -0.00796217 0.05863481 0.15732691
v -0.01595580 0.05700498 0.15760699
v -0.02365118 0.05430036 0.15798800
v 0.04168826 -0.07194006 0.07379932
v 0.04512560 -0.06442576 0.07975798
v 0.04790019 -0.05873864 0.08022147
v 0.04961317 -0.04996657 0.08706177
v 0.05060988 -0.04116886 0.09283317
v 0.05089569 -0.03230166 0.09768552
v 0.05043226 -0.02329927 0.10180601
v 0.04917889 -0.01408404 0.10538201
v 0.04708230 -0.00457710 0.10858501
v 0.04409998 0.00523192 0.11161700
v 0.04019898 0.01516580 0.11475600
v 0.03536385 0.02493536 0.11826900
v 0.02962875 0.03418332 0.12238599
v 0.02307569 0.04249906 0.12729199
v 0.01582884 0.04944849 0.13312499
v 0.00806350 0.05464930 0.14002098
v 0.00000000 0.05731099 0.14630291
v 0.00000000 0.05778402 0.14827500
v -0.00794381 0.05723512 0.14828900
v -0.01591956 0.05563127 0.14865799
v -0.02359837 0.05295622 0.14917091
v -0.03083467 0.04924988 0.14981101
v 0.04543668 -0.06757807 0.07202416
v 0.04822629 -0.06173938 0.07300078
v 0.04978418 -0.05285244 0.08049488
v 0.05056917 -0.04403048 0.08685928
v 0.05061978 -0.03525227 0.09220421
v 0.04995341 -0.02646166 0.09671009
v 0.04854387 -0.01758915 0.10057690
v 0.04634475 -0.00855964 0.10399801
v 0.04332280 0.00070510 0.10714101
v 0.03945368 0.01019960 0.11020200
v 0.03471136 0.01971119 0.11345001
v 0.02911239 0.02893298 0.11713091
v 0.02271598 0.03748870 0.12145301
v 0.01562166 0.04495650 0.12657602
v 0.00798309 0.05096250 0.13264501
v 0.00000000 0.05487489 0.13913791
v 0.00000000 0.05558097 0.14088801
v -0.00789523 0.05467140 0.14001501
v -0.01582330 0.05311518 0.14044701
v -0.02345675 0.05049842 0.14105891
v -0.03065049 0.04685801 0.14183100
v -0.03727465 0.04227972 0.14276800
v 0.04867219 -0.06474168 0.06564736
v 0.05012309 -0.05569934 0.07379597
v 0.05074357 -0.04679584 0.08077608
v 0.05057924 -0.03803813 0.08665448
v 0.04968267 -0.02938944 0.09158051
v 0.04808294 -0.02078437 0.09576117
v 0.04574656 -0.01215225 0.09940599
v 0.04264438 -0.00341469 0.10270600
v 0.03875839 0.00549954 0.10582700
v 0.03406774 0.01456207 0.10895400
v 0.02857500 0.02353876 0.11233501
v 0.02231949 0.03209608 0.11619691
v 0.01537728 0.03983658 0.12072100
v 0.00787794 0.04639589 0.12607300
v 0.00000000 0.05130529 0.13220790
v 0.00000000 0.05231791 0.13393900
v -0.00781649 0.05098360 0.13263890
v -0.01566678 0.04949086 0.13311200
v -0.02322608 0.04695631 0.13378800
v -0.03034979 0.04341357 0.13464589
v -0.03690958 0.03895097 0.13569000
v -0.04277998 0.03365808 0.13691400
v 0.05058670 -0.05851888 0.06700600
v 0.05108904 -0.04948450 0.07461410
v 0.05075365 -0.04068177 0.08105968
v 0.04964299 -0.03210026 0.08645130
v 0.04782265 -0.02368998 0.09097366
v 0.04531240 -0.01537853 0.09485607
v 0.04209399 -0.00708854 0.09831267
v 0.03815156 0.00125527 0.10153100
v 0.03346735 0.00970989 0.10466700
v 0.02804499 0.01823449 0.10788701
v 0.02190709 0.02656310 0.11142000
v 0.01510804 0.03433179 0.11546500
v 0.00775403 0.04119640 0.12020801
v 0.00000000 0.04626661 0.12514600
v 0.00000000 0.04769539 0.12694700
v -0.00771356 0.04641598 0.12606598
v -0.01546168 0.04499691 0.12656300
v -0.02292329 0.04256147 0.12727600
v -0.02995508 0.03913951 0.12818299
v -0.03643000 0.03482180 0.12928800
v -0.04222446 0.02969801 0.13058500
v -0.04722726 0.02386260 0.13205591
v 0.05156159 -0.05211585 0.06840379
v 0.05109935 -0.04321044 0.07543981
v 0.04981440 -0.03462308 0.08134049
v 0.04778468 -0.02632766 0.08625328
v 0.04506719 -0.01826274 0.09039448
v 0.04169470 -0.01034379 0.09401117
v 0.03765934 -0.00249213 0.09731680
v 0.03294348 0.00535661 0.10049200
v 0.02755075 0.01325398 0.10367601
v 0.02150046 0.02113348 0.10701000
v 0.01482826 0.02869170 0.11070101
v 0.00761771 0.03561240 0.11495198
v 0.00000000 0.04106378 0.11944200
v 0.00000000 0.04297727 0.12141000
v -0.00759220 0.04121541 0.12020089
v -0.01521974 0.03987497 0.12070800
v -0.02256596 0.03754847 0.12143590
v -0.02948909 0.03426218 0.12236489
v -0.03586375 0.03010821 0.12349700
v -0.04156845 0.02517598 0.12482500
v -0.04649376 0.01955771 0.12633100
v -0.05055516 0.01336556 0.12798800
v 0.05157220 -0.04565209 0.06981456
v 0.05015378 -0.03699344 0.07625776
v 0.04794980 -0.02873295 0.08161318
v 0.04503166 -0.02083069 0.08606356
v 0.04146939 -0.01320785 0.08985316
v 0.03730237 -0.00577313 0.09324097
v 0.03251868 0.00154501 0.09643650
v 0.02711969 0.00880945 0.09960317
v 0.02112156 0.01605099 0.10285799
v 0.01455265 0.02316820 0.10631901
v 0.00747621 0.02989947 0.11019700
v 0.00000000 0.03393000 0.11297600
v 0.00000000 0.03649401 0.11517501
v -0.00745875 0.03563028 0.11494491
v -0.01495325 0.03436809 0.11545100
v -0.02217209 0.03215336 0.11618100
v -0.02897506 0.02900856 0.11711000
v -0.03523910 0.02502697 0.11824300
v -0.04084468 0.02029681 0.11957200
v -0.04568445 0.01490759 0.12108000
v -0.04967541 0.00896752 0.12273799
v -0.05273777 0.00258660 0.12451601
v 0.05061775 -0.03924673 0.07121258
v 0.04827660 -0.03094929 0.07705277
v 0.04518747 -0.02312415 0.08187167
v 0.04143685 -0.01571059 0.08588528
v 0.03710108 -0.00861865 0.08935897
v 0.03221076 -0.00175816 0.09255927
v 0.02677029 0.00494468 0.09568096
v 0.02079135 0.01153588 0.09886628
v 0.01429629 0.01801300 0.10220800
v 0.00733703 0.02431547 0.10583101
v 0.00000000 0.02893698 0.10894790
v 0.00000000 0.03137439 0.11088100
v -0.00732017 0.02991640 0.11019000
v -0.01467627 0.02872610 0.11068801
v -0.02176237 0.02661788 0.11140402
v -0.02844017 0.02361118 0.11231491
v -0.03458887 0.01979887 0.11342400
v -0.04009127 0.01526790 0.11472600
v -0.04484200 0.01010477 0.11620300
v -0.04875940 0.00441331 0.11782690
v -0.05176538 -0.00170076 0.11956900
v -0.05380177 -0.00812495 0.12139700
v 0.04872339 -0.03301954 0.07257151
v 0.04549556 -0.02519345 0.07780891
v 0.04158055 -0.01789945 0.08211128
v 0.03707247 -0.01106178 0.08572107
v 0.03203749 -0.00458676 0.08892034
v 0.02651727 0.00162399 0.09197187
v 0.02052408 0.00763136 0.09505057
v 0.01407319 0.01345151 0.09827356
v 0.00720781 0.01911801 0.10174400
v 0.00000000 0.02465331 0.10563000
v 0.00000000 0.02669090 0.10720100
v -0.00718391 0.02433151 0.10582400
v -0.01440358 0.02320098 0.10630600
v -0.02135848 0.02118599 0.10699501
v -0.02791267 0.01830399 0.10786700
v -0.03394746 0.01464617 0.10892899
v -0.03934794 0.01029759 0.11017401
v -0.04401069 0.00534171 0.11158599
v -0.04785549 -0.00012162 0.11313800
v -0.05080586 -0.00599080 0.11480301
v -0.05280458 -0.01215785 0.11655001
v -0.05382245 -0.01850438 0.11834800
v 0.04591679 -0.02708935 0.07386481
v 0.04186439 -0.01983177 0.07851219
v 0.03720140 -0.01315534 0.08232688
v 0.03201329 -0.00697684 0.08557319
v 0.02637535 -0.00118887 0.08853918
v 0.02033096 0.00429964 0.09147655
v 0.01389306 0.00952387 0.09453548
v 0.00709563 0.01453477 0.09784299
v 0.00000000 0.01941436 0.10152701
v 0.00000000 0.02104359 0.10282590
v -0.00705737 0.01913350 0.10173700
v -0.01414978 0.01804447 0.10219601
v -0.02098208 0.01610171 0.10284300
v -0.02742075 0.01332098 0.10365701
v -0.03334927 0.00979113 0.10464500
v -0.03865456 0.00559413 0.10580100
v -0.04323506 0.00081107 0.10711201
v -0.04701215 -0.00446188 0.10855401
v -0.04991060 -0.01012665 0.11009900
v -0.05187410 -0.01607888 0.11172201
v -0.05287396 -0.02220427 0.11339100
v -0.05288469 -0.02838855 0.11507500
v 0.04225206 -0.02156507 0.07506859
v 0.03745567 -0.01496297 0.07914918
v 0.03212505 -0.00898611 0.08251339
v 0.02635627 -0.00353283 0.08543848
v 0.02022325 0.00150245 0.08821009
v 0.01376354 0.00619066 0.09106135
v 0.00700539 0.01060056 0.09415251
v 0.00000000 0.01375621 0.09666628
v 0.00000000 0.01506280 0.09784389
v -0.00694752 0.01454991 0.09783709
v -0.01392894 0.01348239 0.09826247
v -0.02065408 0.01158529 0.09885299
v -0.02699166 0.00887483 0.09958659
v -0.03282719 0.00543570 0.10047201
v -0.03804928 0.00134742 0.10150700
v -0.04255795 -0.00331146 0.10268001
v -0.04627585 -0.00844741 0.10397001
v -0.04912877 -0.01396483 0.10535200
v -0.05106146 -0.01976227 0.10680200
v -0.05204570 -0.02572828 0.10829401
v -0.05205625 -0.03175157 0.10980000
v -0.05109280 -0.03772073 0.11129200
v 0.03780275 -0.01654827 0.07616049
v 0.03234505 -0.01068353 0.07970666
v 0.02644908 -0.00546956 0.08266228
v 0.02020996 -0.00080125 0.08530868
v 0.01369220 0.00341189 0.08791959
v 0.00694090 0.00727463 0.09074175
v 0.00000000 0.01020056 0.09327137
v 0.00000000 0.01132547 0.09437710
v -0.00685918 0.01061558 0.09414720
v -0.01375079 0.00955450 0.09452569
v -0.02038860 0.00768012 0.09503930
v -0.02664399 0.00500905 0.09566689
v -0.03240388 0.00162286 0.09641908
v -0.03755849 -0.00240141 0.09729695
v -0.04200875 -0.00698698 0.09829070
v -0.04567849 -0.01204186 0.09938218
v -0.04849445 -0.01747196 0.10055200
v -0.05040216 -0.02317744 0.10177991
v -0.05137360 -0.02904886 0.10304300
v -0.05138397 -0.03497666 0.10431701
v -0.05043286 -0.04085123 0.10557999
v -0.04854517 -0.04656285 0.10680700
v 0.03264516 -0.01213848 0.07711844
v 0.02663087 -0.00707287 0.08017008
v 0.02028238 -0.00267702 0.08276140
v 0.01368504 0.00114447 0.08516836
v 0.00690603 0.00451606 0.08768099
v 0.00000000 0.00719225 0.09015649
v 0.00000000 0.00813377 0.09115719
v -0.00679600 0.00728983 0.09073746
v -0.01362258 0.00622135 0.09105330
v -0.02019679 0.00434816 0.09146767
v -0.02639228 0.00168794 0.09196096
v -0.03209710 -0.00168067 0.09254568
v -0.03720247 -0.00568294 0.09322564
v -0.04161030 -0.01024276 0.09399426
v -0.04524498 -0.01526874 0.09483778
v -0.04803407 -0.02066785 0.09574168
v -0.04992360 -0.02634054 0.09668978
v -0.05088567 -0.03217816 0.09766490
v -0.05089586 -0.03807175 0.09864889
v -0.04995375 -0.04391235 0.09962368
v -0.04808396 -0.04959106 0.10057100
v -0.04572677 -0.05212658 0.10771201
v 0.02687847 -0.00841653 0.07792096
v 0.02042287 -0.00420254 0.08052234
v 0.01373577 -0.00068051 0.08279246
v 0.00690377 0.00227988 0.08502817
v 0.00000000 0.00470972 0.08739769
v 0.00000000 0.00548601 0.08827948
v -0.00676191 0.00453156 0.08767777
v -0.01355195 0.00344306 0.08791357
v -0.02008980 0.00155127 0.08820419
v -0.02625089 -0.00112456 0.08853209
v -0.03192436 -0.00450891 0.08891160
v -0.03700166 -0.00852805 0.08934921
v -0.04138535 -0.01310646 0.08984237
v -0.04500019 -0.01815259 0.09038268
v -0.04777395 -0.02357298 0.09096127
v -0.04965305 -0.02926784 0.09156757
v -0.05060988 -0.03512835 0.09219098
v -0.05061995 -0.04104495 0.09281998
v -0.04968285 -0.04690825 0.09344297
v -0.04782307 -0.05260908 0.09404854
v -0.04529845 -0.05513358 0.10117700
v -0.04176396 -0.05943137 0.10371001
v 0.02061355 -0.00545549 0.07854609
v 0.01383239 -0.00214386 0.08074235
v 0.00693059 0.00049401 0.08276325
v 0.00000000 0.00234814 0.08459585
v 0.00000000 0.00328547 0.08573270
v -0.00675970 0.00229573 0.08502638
v -0.01354497 0.00117642 0.08516507
v -0.02007657 -0.00075172 0.08530646
v -0.02623200 -0.00346762 0.08543610
v -0.03190034 -0.00689793 0.08556997
v -0.03697317 -0.01096993 0.08571778
v -0.04135298 -0.01560783 0.08588171
v -0.04496455 -0.02071905 0.08605967
v -0.04773598 -0.02620905 0.08624929
v -0.04961335 -0.03197705 0.08644706
v -0.05056929 -0.03791266 0.08665019
v -0.05057924 -0.04390496 0.08685499
v -0.04964286 -0.04984337 0.08705759
v -0.04778444 -0.05561703 0.08725446
v -0.04506117 -0.05818277 0.09429370
v -0.04150289 -0.06243318 0.09673129
v -0.03735786 -0.06407815 0.10436100
v 0.01396268 -0.00332648 0.07896845
v 0.00698036 -0.00092452 0.08083438
v 0.00000000 0.00087743 0.08273319
v -0.00678599 0.00051045 0.08276307
v -0.01359528 -0.00064759 0.08279210
v -0.02014857 -0.00262642 0.08276324
v -0.02632439 -0.00540304 0.08266525
v -0.03201174 -0.00890553 0.08251668
v -0.03710180 -0.01306164 0.08233107
v -0.04149639 -0.01779466 0.08211606
v -0.04512017 -0.02301019 0.08187699
v -0.04790097 -0.02861207 0.08161878
v -0.04978466 -0.03449743 0.08134627
v -0.05074375 -0.04055368 0.08106558
v -0.05075365 -0.04666775 0.08078211
v -0.04981398 -0.05272674 0.08050066
v -0.04794919 -0.05861777 0.08022707
v -0.04503500 -0.06127053 0.08707487
v -0.04142737 -0.06551809 0.08936446
v -0.03712779 -0.06709605 0.09709962
v -0.03221750 -0.06859226 0.10386801
v 0.00704688 -0.00205874 0.07918931
v 0.00000000 -0.00071994 0.08057243
v -0.00683474 -0.00090746 0.08083576
v -0.01369088 -0.00210977 0.08074527
v -0.02028805 -0.00415051 0.08052885
v -0.02650529 -0.00700456 0.08017897
v -0.03223109 -0.01060086 0.07971714
v -0.03735536 -0.01486688 0.07916170
v -0.04177957 -0.01972424 0.07852624
v -0.04542786 -0.02507656 0.07782429
v -0.04822736 -0.03082513 0.07706911
v -0.05012387 -0.03686445 0.07627469
v -0.05108934 -0.04307907 0.07545708
v -0.05109930 -0.04935294 0.07463139
v -0.05015319 -0.05557036 0.07381296
v -0.04827558 -0.06161528 0.07301706
v -0.04519927 -0.06439328 0.07956528
v -0.04153084 -0.06867754 0.08164507
v -0.03706449 -0.07023787 0.08939731
v -0.03204047 -0.07167834 0.09621416
v -0.02642548 -0.07376307 0.09995538
v 0.00000000 -0.00187975 0.07889681
v -0.00689989 -0.00204098 0.07919246
v -0.01381987 -0.00329107 0.07897496
v -0.02047759 -0.00540179 0.07855749
v -0.02675175 -0.00834614 0.07793629
v -0.03253006 -0.01205319 0.07713668
v -0.03770154 -0.01644927 0.07618199
v -0.04216659 -0.02145427 0.07509279
v -0.04584836 -0.02696895 0.07389098
v -0.04867368 -0.03289169 0.07259941
v -0.05058759 -0.03911387 0.07124161
v -0.05156194 -0.04551666 0.06984418
v -0.05157184 -0.05198043 0.06843340
v -0.05061697 -0.05838596 0.06703495
v -0.04872196 -0.06461375 0.06567537
v -0.04551476 -0.06754779 0.07182568
v -0.04177945 -0.07190215 0.07363867
v -0.03716099 -0.07349044 0.08129285
v -0.03201198 -0.07492488 0.08806581
v -0.02635020 -0.07689267 0.09199517
v -0.02022504 -0.07788819 0.09669351
v -0.04871159 -0.01764637 -0.03419595
v -0.05293810 -0.01719015 -0.02719128
v -0.05617868 -0.01754677 -0.01964628
v -0.05831515 -0.02384150 -0.01142889
v -0.05927366 -0.02849078 -0.00271970
v -0.05910575 -0.03160548 0.00638658
v -0.05784416 -0.03311806 0.01578509
v -0.05546839 -0.03282517 0.02538150
v -0.05196708 -0.03076118 0.03498435
v -0.04739105 -0.02721154 0.04430598
v -0.04189705 -0.02275645 0.05283457
v -0.03567248 -0.01801067 0.06013286
v -0.02891516 -0.01347786 0.06598645
v -0.02181118 -0.00955361 0.07035590
v -0.01451414 -0.00651765 0.07335805
v -0.00715041 -0.00445849 0.07533056
v -0.05836350 -0.01675629 -0.01174467
v -0.05941516 -0.02221477 -0.00323063
v -0.05926209 -0.02601909 0.00560695
v -0.05798858 -0.02831119 0.01465076
v -0.05565547 -0.02908205 0.02377188
v -0.05224847 -0.02822387 0.03285378
v -0.04779374 -0.02585089 0.04170967
v -0.04237347 -0.02229887 0.05007631
v -0.03615128 -0.01814436 0.05751550
v -0.02933806 -0.01395088 0.06369417
v -0.02213710 -0.01017457 0.06847476
v -0.01472419 -0.00716257 0.07188029
v -0.00724882 -0.00510251 0.07410818
v 0.00000000 -0.00482485 0.07398209
v 0.00000000 -0.00410396 0.07535678
v 0.00740319 -0.00512260 0.07409739
v 0.00730276 -0.00447816 0.07532167
v 0.01466399 -0.00655758 0.07333666
v 0.01446616 -0.00588530 0.07469648
v 0.02164405 -0.00895107 0.07203096
v 0.02135330 -0.00823182 0.07361948
v 0.02821898 -0.01226806 0.07019300
v 0.02784055 -0.01148378 0.07210016
v 0.03427147 -0.01643198 0.06787228
v 0.03381240 -0.01556628 0.07018029
v 0.03968489 -0.02136337 0.06511819
v 0.03915345 -0.02040135 0.06790125
v 0.04435485 -0.02697265 0.06198400
v 0.04376119 -0.02590113 0.06530749
v 0.04820126 -0.03314906 0.05853199
v 0.04755628 -0.03195685 0.06245058
v 0.05114710 -0.03977888 0.05482566
v 0.05046277 -0.03845727 0.05938315
v 0.05313545 -0.04674060 0.05093318
v 0.05242455 -0.04528307 0.05616146
v 0.05413705 -0.05390119 0.04692918
v 0.05341285 -0.05230385 0.05284756
v 0.05412591 -0.06112724 0.04288870
v 0.05340188 -0.05938887 0.04950338
v 0.05310237 -0.06828528 0.03888601
v 0.05239206 -0.06640708 0.04619050
v 0.05109256 -0.07524174 0.03499591
v 0.05040907 -0.07322776 0.04297077
v 0.04750329 -0.07980448 0.03962069
v 0.04690527 -0.07706283 0.04796421
v 0.04348355 -0.08486789 0.04000079
v 0.04295760 -0.08184128 0.04869461
v 0.03842657 -0.08727055 0.04640017
v 0.03799366 -0.08380550 0.05541270
v 0.03286385 -0.08915727 0.05197566
v 0.03251504 -0.08547656 0.06138628
v 0.02686285 -0.09090209 0.05618387
v 0.02660340 -0.08723540 0.06560689
v 0.02046865 -0.09225888 0.05965971
v 0.02028125 -0.08844901 0.06950306
v 0.01377159 -0.09333837 0.06195259
v 0.01365458 -0.08954918 0.07178288
v 0.00686121 -0.09396148 0.06342399
v 0.00680590 -0.09018974 0.07323491
v 0.00000000 -0.09374898 0.06498956
v 0.00000000 -0.09027756 0.07403051
v -0.00695121 -0.09017689 0.07322448
v 0.00000000 -0.08727956 0.08186399
v -0.00691372 -0.08655864 0.08266878
v -0.05946427 -0.01594328 -0.00361764
v -0.05940359 -0.02057319 0.00504219
v -0.05814194 -0.02357095 0.01385486
v -0.05579435 -0.02511006 0.02268189
v -0.05242449 -0.02523958 0.03137415
v -0.04805226 -0.02393937 0.03981119
v -0.04273295 -0.02139425 0.04781287
v -0.03656178 -0.01798409 0.05514347
v -0.02973145 -0.01425427 0.06145846
v -0.02246069 -0.01072359 0.06651085
v -0.01494467 -0.00780105 0.07023608
v -0.00735432 -0.00573939 0.07276338
v -0.05945247 -0.01512265 0.00458330
v -0.05832856 -0.01431006 0.01270669
v -0.05828076 -0.01894730 0.01323676
v -0.05607545 -0.01736760 0.02120018
v -0.05612127 -0.01352077 0.02060085
v -0.05282008 -0.01586329 0.02878028
v -0.05286299 -0.01276874 0.02811509
v -0.04857766 -0.01446276 0.03583800
v -0.04861676 -0.01206868 0.03511124
v -0.04343290 -0.01319205 0.04224276
v -0.04346740 -0.01143366 0.04146039
v -0.03747409 -0.01207697 0.04786759
v -0.03750318 -0.01087695 0.04703598
v -0.03081578 -0.01113724 0.05260926
v -0.03083866 -0.01040798 0.05173587
v -0.02357402 -0.01035294 0.05632265
v -0.01589506 -0.00987324 0.05952188
v -0.00793390 -0.00949921 0.06107692
v -0.05594205 -0.02119225 0.02187019
v -0.05269449 -0.01892739 0.02949970
v -0.04846227 -0.01681858 0.03660339
v -0.04332995 -0.01490497 0.04305028
v -0.03738546 -0.01322519 0.04871207
v -0.03074330 -0.01180887 0.05348545
v 0.00000000 -0.00942465 0.06137302
v 0.00810307 -0.00950504 0.06104967
v -0.05255538 -0.02206230 0.03032636
v -0.04833430 -0.01922446 0.03744429
v -0.04321545 -0.01664906 0.04390406
v -0.03728657 -0.01438766 0.04957759
v -0.03066176 -0.01248049 0.05436140
v -0.02343899 -0.01110422 0.05860740
v -0.01581495 -0.00987583 0.06132018
v -0.00789356 -0.00915757 0.06292170
v 0.00000000 -0.00904557 0.06301311
v 0.01605942 -0.00988424 0.05947679
v 0.02375079 -0.01020980 0.05581516
v 0.03098475 -0.01041668 0.05164664
v 0.03763586 -0.01088798 0.04692775
v -0.04821396 -0.02166169 0.03845280
v -0.04310798 -0.01841455 0.04487699
v -0.03719389 -0.01556295 0.05051928
v -0.03058570 -0.01315748 0.05527688
v 0.00806100 -0.00916064 0.06293273
v -0.04296356 -0.02005088 0.04612517
v -0.03706967 -0.01663565 0.05167078
v -0.03048408 -0.01375478 0.05634617
v -0.02333289 -0.01146316 0.06005758
v -0.01574456 -0.00981802 0.06271356
v -0.00785917 -0.00884837 0.06428146
v 0.00000000 -0.00864661 0.06443127
v 0.01597848 -0.00989637 0.06127480
v 0.02365550 -0.01084798 0.05764802
v 0.03096175 -0.01115494 0.05251926
v -0.03687137 -0.01748019 0.05317288
v -0.03032177 -0.01417839 0.05769069
v -0.02321016 -0.01155257 0.06127399
v -0.01566386 -0.00966722 0.06383299
v -0.00782019 -0.00855344 0.06533867
v 0.00000000 -0.00825640 0.06564584
v 0.00802666 -0.00886190 0.06425929
v 0.03088897 -0.01183557 0.05339485
v 0.03760665 -0.01209884 0.04775847
v 0.04358404 -0.01144629 0.04133468
v 0.04871535 -0.01208269 0.03497070
v -0.03006839 -0.01434457 0.05941295
v -0.02301800 -0.01145094 0.06279557
v -0.01553648 -0.00937378 0.06520378
v -0.00775832 -0.00814545 0.06661295
v 0.00798678 -0.00856906 0.06531727
v 0.01590734 -0.00984561 0.06266915
v 0.02356535 -0.01127886 0.05898606
v 0.03080707 -0.01251643 0.05427056
v 0.03751778 -0.01325798 0.04860228
v 0.04354947 -0.01321727 0.04211610
v -0.02276116 -0.01116186 0.06457936
v -0.01536488 -0.00894177 0.06679558
v -0.00767380 -0.00762737 0.06808627
v 0.00000000 -0.00767650 0.06725863
v 0.00792354 -0.00816274 0.06659287
v 0.01582568 -0.00969881 0.06379039
v 0.02348798 -0.01150476 0.05998986
v 0.03073060 -0.01320284 0.05518656
v 0.03741860 -0.01443189 0.04946756
v 0.04344629 -0.01494288 0.04292267
v 0.04867619 -0.01449084 0.03569608
v 0.05294178 -0.01278394 0.02796226
v 0.05617856 -0.01353687 0.02043867
v 0.05836337 -0.01432698 0.01253807
v -0.01516288 -0.00840586 0.06850707
v -0.00757354 -0.00703162 0.06966567
v 0.00000000 -0.00707775 0.06882166
v 0.00783724 -0.00764590 0.06806791
v 0.01569700 -0.00940865 0.06516379
v 0.02336436 -0.01160025 0.06120854
v 0.03062850 -0.01380914 0.05625736
v 0.03732551 -0.01561844 0.05040985
v 0.04333150 -0.01670008 0.04377615
v 0.04856068 -0.01686084 0.03646069
v 0.05289876 -0.01589387 0.02862620
v -0.00746471 -0.00639123 0.07125627
v 0.00000000 -0.00624692 0.07085537
v 0.00000000 -0.00668675 0.06979566
v 0.00773483 -0.00705105 0.06964910
v 0.01552349 -0.00897902 0.06675888
v 0.02317076 -0.01150357 0.06273388
v 0.03046548 -0.01424086 0.05760478
v 0.03720086 -0.01670217 0.05156326
v 0.04322367 -0.01847887 0.04474979
v 0.04843235 -0.01928144 0.03730118
v 0.05277300 -0.01897335 0.02934455
v 0.05613267 -0.01739996 0.02103656
v 0.00000000 -0.00559559 0.07234713
v 0.00762367 -0.00641119 0.07124167
v 0.01531946 -0.00844473 0.06847417
v 0.02291238 -0.01121807 0.06452238
v 0.03021079 -0.01441347 0.05933177
v 0.03700178 -0.01755625 0.05306899
v 0.04307896 -0.02012789 0.04600031
v 0.04831188 -0.02173358 0.03831046
v 0.05263370 -0.02212417 0.03017097
v 0.05599911 -0.02124106 0.02170550
v 0.05831545 -0.01898109 0.01306664
v 0.05946427 -0.01513987 0.00441152
v 0.05945260 -0.01596045 -0.00378942
v 0.05832868 -0.01677316 -0.01191329
v 0.05612134 -0.01756310 -0.01980847
v 0.05285918 -0.01716870 -0.02734446
v 0.05284166 -0.02468979 -0.02720206
v 0.04859930 -0.02560925 -0.03425157
v 0.04851728 -0.03357237 -0.03406965
v 0.04344707 -0.02748405 -0.04063868
v 0.04336535 -0.03639650 -0.04046964
v 0.03747338 -0.03060197 -0.04624849
v 0.03738516 -0.04111629 -0.04602473
v 0.03076469 -0.03942418 -0.05090004
v 0.02355748 -0.03807109 -0.05475157
v 0.03082376 -0.02949690 -0.05100715
v 0.02359485 -0.02860569 -0.05478680
v 0.03083759 -0.01957446 -0.05096800
v 0.02359980 -0.01912188 -0.05471600
v 0.01592040 -0.01878786 -0.05742955
v 0.00794578 -0.02157336 -0.05910295
v 0.00000000 -0.01959067 -0.05961799
v -0.00811511 -0.02157419 -0.05907976
v -0.01608419 -0.02795559 -0.05747246
v -0.02375155 -0.02862036 -0.05471807
v -0.03096967 -0.02951890 -0.05091714
v -0.03760570 -0.03063219 -0.04613858
v -0.04348087 -0.03644698 -0.04033946
v -0.04850297 -0.04173457 -0.03351598
v -0.05270135 -0.03990268 -0.02634084
v -0.05585068 -0.04143160 -0.01826256
v -0.05787825 -0.04561966 -0.00895244
v -0.05877166 -0.04765337 0.00129807
v -0.05844306 -0.04727429 0.01236319
v -0.05685448 -0.04454416 0.02394098
v -0.05408775 -0.04000616 0.03531825
v -0.05027318 -0.03434097 0.04578036
v -0.04557019 -0.02816575 0.05484437
v -0.04014718 -0.02201718 0.06224185
v -0.03415066 -0.01633656 0.06792527
v -0.02770936 -0.01140654 0.07213658
v -0.02094495 -0.00737107 0.07519578
v -0.01397067 -0.00427145 0.07743047
v -0.02069967 -0.00645727 0.07680237
v -0.02704119 -0.00950092 0.07589548
v -0.03288155 -0.01333063 0.07473945
v -0.03810864 -0.01787137 0.07336348
v -0.04262155 -0.02304065 0.07179510
v -0.04634308 -0.02873629 0.07006579
v -0.04919868 -0.03485316 0.06820781
v -0.05113315 -0.04127925 0.06625497
v -0.05211800 -0.04789167 0.06424540
v -0.05212795 -0.05456727 0.06221657
v -0.05116266 -0.06118255 0.06020587
v -0.04924720 -0.06761425 0.05825090
v -0.04594188 -0.07073074 0.06391727
v -0.04213857 -0.07518219 0.06541210
v -0.03738695 -0.07683819 0.07286000
v -0.03211975 -0.07831305 0.07947628
v -0.02638936 -0.08019286 0.08354741
v -0.02020919 -0.08122097 0.08808349
v -0.01368069 -0.08241397 0.09027141
v -0.01371455 -0.08588397 0.08123029
v -0.01379644 -0.08952938 0.07174676
v -0.00700772 -0.09394836 0.06341409
v -0.01391476 -0.09331900 0.06191647
v -0.02060645 -0.09223508 0.05959379
v 0.00000000 -0.09573805 0.05982542
v -0.02027916 -0.08474309 0.07896648
v -0.02041745 -0.08842438 0.06943798
v -0.02652388 -0.08363996 0.07468998
v -0.02673250 -0.08720947 0.06550711
v -0.02699387 -0.09087717 0.05608267
v -0.03298419 -0.08910787 0.05190241
v -0.03853684 -0.08721786 0.04629731
v -0.03233629 -0.08182127 0.07052981
v -0.03263360 -0.08542788 0.06131100
v -0.03771096 -0.08026541 0.06417369
v -0.03810197 -0.08375608 0.05530887
v -0.04257315 -0.07850767 0.05703228
v -0.04305720 -0.08180224 0.04852777
v -0.04358577 -0.08481836 0.03983008
v -0.04644167 -0.07393419 0.05589801
v -0.04699325 -0.07702738 0.04775559
v -0.04759454 -0.07975316 0.03940516
v -0.04824429 -0.08184868 0.03075826
v -0.05187857 -0.07631349 0.02676117
v -0.05265176 -0.07651549 0.01811426
v -0.05389648 -0.06929321 0.03134966
v -0.05469977 -0.06953901 0.02341496
v -0.05491346 -0.06207245 0.03606921
v -0.05573195 -0.06236326 0.02886676
v -0.05490314 -0.05478596 0.04083126
v -0.05572146 -0.05512225 0.03436809
v -0.05386596 -0.04756826 0.04554849
v -0.05466890 -0.04794955 0.03981727
v -0.05182838 -0.04055404 0.05013257
v -0.05260097 -0.04097914 0.04511278
v -0.04882055 -0.03387719 0.05449527
v -0.04954838 -0.03434407 0.05015248
v -0.04490077 -0.02766007 0.05855679
v -0.05337047 -0.04082494 0.04007905
v -0.05546867 -0.04763656 0.03408862
v -0.05653667 -0.05464577 0.02792418
v -0.05654728 -0.06172187 0.02170085
v -0.05550009 -0.06873410 0.01553356
v -0.05342209 -0.07555167 0.00953722
v -0.05414026 -0.07328319 0.00151467
v -0.05475729 -0.06957077 -0.00546849
v -0.05522406 -0.06427639 -0.01092875
v -0.05624617 -0.06675016 0.00815129
v -0.05688710 -0.06345856 0.00171423
v -0.05737197 -0.05873185 -0.00333297
v -0.05552400 -0.05746686 -0.01464086
v -0.05768346 -0.05262917 -0.00678349
v -0.05571156 -0.04965955 -0.01694637
v -0.05845428 -0.05302906 0.00447959
v -0.05794936 -0.05082809 0.01655668
v -0.05621415 -0.04653334 0.02868801
v -0.05729669 -0.05324995 0.02186518
v -0.05730748 -0.06003070 0.01497727
v -0.05796039 -0.05717200 0.00910193
v -0.04982769 -0.07051455 0.05073261
v -0.05046057 -0.07308757 0.04303699
v -0.05114465 -0.07509876 0.03507578
v -0.05176569 -0.06387436 0.05330866
v -0.05242329 -0.06626147 0.04625916
v -0.05313408 -0.06813669 0.03896898
v -0.05274236 -0.05704468 0.05595827
v -0.05341249 -0.05924034 0.04957348
v -0.05413657 -0.06097584 0.04297327
v -0.05273234 -0.05015277 0.05863177
v -0.05340230 -0.05215549 0.05291759
v -0.05412638 -0.05374974 0.04701387
v -0.05173599 -0.04332596 0.06128001
v -0.05239325 -0.04513734 0.05623018
v -0.05310380 -0.04659199 0.05101622
v -0.04977875 -0.03669148 0.06385351
v -0.05041140 -0.03831708 0.05944937
v -0.05109494 -0.03963589 0.05490571
v -0.04688960 -0.03037625 0.06630229
v -0.04748547 -0.03182488 0.06251287
v -0.04812955 -0.03301435 0.05860729
v -0.04312437 -0.02449595 0.06858187
v -0.04367256 -0.02577966 0.06536477
v -0.04426510 -0.02684879 0.06205326
v -0.03855836 -0.01915866 0.07064998
v -0.03904867 -0.02029275 0.06795239
v -0.03957867 -0.02125257 0.06518000
v -0.03369319 -0.01547276 0.07022416
v -0.02736079 -0.01051545 0.07399226
v -0.03326988 -0.01447027 0.07246519
v 0.03750348 -0.02013486 -0.04626059
v 0.04346519 -0.01856756 -0.04068088
v 0.04861277 -0.01762658 -0.03433674
v 0.01589798 -0.03707736 -0.05752599
v 0.01591944 -0.02794790 -0.05751878
v 0.00793892 -0.03347790 -0.05920147
v 0.00000000 -0.02897977 -0.05972105
v 0.00000000 -0.03780448 -0.05973464
v -0.00810814 -0.03347951 -0.05917799
v 0.04326099 -0.04547107 -0.04002154
v 0.04840648 -0.04165339 -0.03366786
v 0.05274850 -0.03219270 -0.02696287
v 0.05607497 -0.02545547 -0.01956337
v 0.05828046 -0.02387517 -0.01159894
v 0.05940347 -0.02224916 -0.00340390
v 0.05941528 -0.02060747 0.00486892
v 0.04830235 -0.04995876 -0.03291279
v 0.05262529 -0.03981405 -0.02650749
v 0.05594140 -0.03337019 -0.01915866
v 0.05814158 -0.03099089 -0.01114249
v 0.05926197 -0.02854257 -0.00289404
v 0.05927389 -0.02607089 0.00543260
v 0.05817669 -0.02362185 0.01368379
v 0.05251109 -0.04764825 -0.02570247
v 0.05239218 -0.05544900 -0.02430635
v 0.05579375 -0.04149734 -0.01842767
v 0.05565476 -0.04974246 -0.01711058
v 0.05784380 -0.04570585 -0.00912297
v 0.05764907 -0.05273234 -0.00695115
v 0.05875998 -0.04775847 0.00112724
v 0.05844278 -0.05314971 0.00431448
v 0.05845457 -0.04739486 0.01219809
v 0.05796086 -0.05096095 0.01640057
v 0.05688840 -0.04467457 0.02378779
v 0.05624765 -0.04667276 0.02854639
v 0.05414289 -0.04014039 0.03518199
v 0.05342489 -0.04096496 0.03995597
v 0.05034810 -0.03447288 0.04566448
v 0.04962217 -0.03447896 0.05004997
v 0.04566270 -0.02828997 0.05475008
v 0.04499179 -0.02778494 0.05847507
v 0.04025495 -0.02212888 0.06216907
v 0.04889327 -0.03401297 0.05440646
v 0.05265468 -0.04112249 0.04500389
v 0.05550175 -0.04778206 0.03396070
v 0.05730795 -0.05339199 0.02172088
v 0.05794894 -0.05730485 0.00894582
v 0.05733771 -0.05885016 -0.00349504
v 0.05546736 -0.05756616 -0.01480227
v 0.05516779 -0.06439030 -0.01108479
v 0.05685318 -0.06358909 0.00156099
v 0.05470145 -0.06969630 -0.00561589
v 0.05621260 -0.06688958 0.00800973
v 0.05408519 -0.07341736 0.00137842
v 0.05546694 -0.06887961 0.01540559
v 0.05336767 -0.07569169 0.00941414
v 0.05466717 -0.06968778 0.02330189
v 0.05259817 -0.07665878 0.01800549
v 0.05386435 -0.06944298 0.03125178
v 0.05182576 -0.07645767 0.02666699
v 0.05490267 -0.06222504 0.03596937
v 0.05491405 -0.05493855 0.04073160
v 0.05389809 -0.04771804 0.04545056
v 0.05188125 -0.04069817 0.05003839
v 0.05470144 -0.04809844 0.03970420
v 0.05654789 -0.05479395 0.02779376
v 0.05729609 -0.06017267 0.01483297
v 0.05653607 -0.06187009 0.02157056
v 0.05572098 -0.06251496 0.02875161
v 0.05573254 -0.05527389 0.03425276
v 0.05798828 -0.03829556 -0.01039576
v 0.05895835 -0.04155236 -0.00090410
v 0.05877184 -0.04273730 0.00928241
v 0.05737286 -0.04169237 0.02001029
v 0.05475951 -0.03856307 0.03096950
v 0.05102467 -0.03391915 0.04150038
v 0.04633057 -0.02842473 0.05098159
v 0.04085528 -0.02266925 0.05901731
v 0.03476399 -0.01715648 0.06541496
v 0.05910569 -0.03500109 -0.00213116
v 0.05897015 -0.03735917 0.00739282
v 0.05768406 -0.03776168 0.01736360
v 0.05522556 -0.03614836 0.02760517
v 0.05160546 -0.03274255 0.03780806
v 0.04695296 -0.02812355 0.04738557
v 0.04145288 -0.02293229 0.05580908
v 0.03528255 -0.01772826 0.06276690
v 0.02862495 -0.01295804 0.06815016
v 0.05911749 -0.03167515 0.00621182
v 0.05787867 -0.03320425 0.01561456
v 0.05552500 -0.03292447 0.02522015
v 0.05204446 -0.03086835 0.03483748
v 0.04748726 -0.02732038 0.04417818
v 0.04200959 -0.02286034 0.05272918
v 0.03579854 -0.01810419 0.06005120
v 0.02905219 -0.01355665 0.06592655
v 0.02195596 -0.00961423 0.07031649
v 0.05802315 -0.02837955 0.01447916
v 0.05571216 -0.02916496 0.02360779
v 0.05232638 -0.02831739 0.03270184
v 0.04789078 -0.02594959 0.04157459
v 0.04248720 -0.02239614 0.04996216
v 0.03627920 -0.01823395 0.05742496
v 0.02947700 -0.01402789 0.06362640
v 0.02228409 -0.01023477 0.06842929
v 0.01487618 -0.00720274 0.07185518
v 0.05585128 -0.02517575 0.02251678
v 0.05250268 -0.02531766 0.03121960
v 0.04814976 -0.02402549 0.03967130
v 0.04284769 -0.02148258 0.04769206
v 0.03669119 -0.01806789 0.05504536
v 0.02987229 -0.01432806 0.06138348
v 0.02260977 -0.01078224 0.06645935
v 0.01509886 -0.00784093 0.07020705
v 0.00751096 -0.00575954 0.07275068
v 0.04814946 -0.08192497 0.03098398
v -0.01606225 -0.03708916 -0.05747909
v -0.02371376 -0.03809326 -0.05468166
v -0.03091007 -0.03945768 -0.05080807
v -0.03751677 -0.04116266 -0.04591166
v -0.04337584 -0.04554129 -0.03988558
v -0.04839849 -0.05006337 -0.03274990
v -0.05258679 -0.04776209 -0.02552276
v -0.05246658 -0.05557817 -0.02410244
v -0.02356868 0.05467021 0.18377201
v -0.03084379 0.05110211 0.17592201
v -0.03756898 0.04638147 0.16765900
v -0.04355806 0.04031622 0.15967600
v -0.04861056 0.03280067 0.15251800
v -0.05254167 0.02386599 0.14647900
v -0.05523484 0.01385891 0.14146601
v -0.05666279 0.00326884 0.13722900
v -0.05685818 -0.00746441 0.13354900
v -0.05588018 -0.01798224 0.13024200
v -0.05383485 -0.02802503 0.12705700
v -0.05085938 -0.03743547 0.12370800
v -0.04789978 -0.04340857 0.12519400
v -0.04344785 -0.05099624 0.12228701
v -0.03885906 -0.05587148 0.12350701
v -0.03347986 -0.06043404 0.12388499
v -0.02727270 -0.06556367 0.12080701
v -0.02079838 -0.06925517 0.11914400
v -0.01393318 -0.07333755 0.11406701
v -0.00696534 -0.07693594 0.10793500
v 0.00000000 -0.07797038 0.10633300
v 0.00000000 -0.08005745 0.10081400
v 0.00681984 -0.07694989 0.10794500
v 0.00677365 -0.07992385 0.10009401
v 0.01365125 -0.07614248 0.10673600
v -0.03079545 0.05094398 0.18379091
v -0.03750908 0.04641598 0.17606799
v -0.04354345 0.04081869 0.16805400
v -0.04871815 0.03399246 0.16042098
v -0.05285626 0.02588391 0.15364599
v -0.05578035 0.01655507 0.14794700
v -0.05740749 0.00636619 0.14318500
v -0.05775476 -0.00419819 0.13910200
v -0.05686956 -0.01472425 0.13548601
v -0.05484599 -0.02488493 0.13216300
v -0.05181981 -0.03445613 0.12888600
v -0.04880619 -0.04066288 0.13046899
v -0.04422688 -0.04840475 0.12774199
v -0.03955596 -0.05345093 0.12906900
v -0.03408050 -0.05811953 0.12963600
v -0.02771717 -0.06327487 0.12677900
v -0.02112925 -0.06689268 0.12553300
v -0.01412105 -0.07082498 0.12087500
v -0.00703901 -0.07422155 0.11521801
v 0.00000000 -0.07600224 0.11159201
v -0.03745025 0.04627060 0.18380991
v -0.04347396 0.04086542 0.17623600
v -0.04870170 0.03448808 0.16850200
v -0.05297315 0.02702617 0.16123798
v -0.05611425 0.01845598 0.15485600
v -0.05797439 0.00887477 0.14948800
v -0.05851377 -0.00134390 0.14495300
v -0.05776637 -0.01173663 0.14099289
v -0.05581706 -0.02191877 0.13740401
v -0.05279296 -0.03159624 0.13403000
v -0.04972618 -0.03805786 0.13566400
v -0.04505360 -0.04595214 0.13297801
v -0.04029625 -0.05120062 0.13437501
v -0.03472357 -0.05600774 0.13507800
v -0.02821296 -0.06121432 0.13234399
v -0.02150839 -0.06480348 0.13143300
v -0.01434880 -0.06859904 0.12714399
v -0.00713557 -0.07178598 0.12194700
v 0.00000000 -0.07245439 0.12134000
v 0.00000000 -0.07416069 0.11659400
v 0.00698662 -0.07180124 0.12195800
v 0.00689196 -0.07423609 0.11522800
v 0.01397687 -0.07085216 0.12090200
v 0.01379078 -0.07336276 0.11409600
v 0.02066248 -0.06929248 0.11919101
v 0.02039545 -0.07192116 0.11226600
v 0.02677589 -0.06812627 0.11442500
v -0.04340595 0.04073519 0.18383101
v -0.04862409 0.03454869 0.17642500
v -0.05295526 0.02751427 0.16899292
v -0.05623829 0.01954531 0.16211501
v -0.05832129 0.01065301 0.15612601
v -0.05909144 0.00097172 0.15107299
v -0.05852556 -0.00912768 0.14673699
v -0.05669718 -0.01920723 0.14286600
v -0.05372768 -0.02891367 0.13926999
v -0.05061107 -0.03563344 0.14091399
v -0.04588496 -0.04366004 0.13812199
v -0.04104137 -0.04912703 0.13955399
v -0.03537476 -0.05409157 0.14034499
v -0.02873396 -0.05936515 0.13762900
v -0.02191460 -0.06296306 0.13697200
v -0.01460605 -0.06665617 0.13293900
v -0.00725144 -0.06964683 0.12814002
v 0.00000000 -0.07088655 0.12584601
v -0.04854798 0.03443557 0.18385300
v -0.05287076 0.02759027 0.17663302
v -0.05621927 0.02002549 0.16951999
v -0.05845016 0.01168668 0.16303502
v -0.05944508 0.00262380 0.15743200
v -0.05910325 -0.00700676 0.15267190
v -0.05744218 -0.01684123 0.14850500
v -0.05457478 -0.02647054 0.14468692
v -0.05141395 -0.03343397 0.14630100
v -0.04667848 -0.04154986 0.14330301
v -0.04175299 -0.04723656 0.14473701
v -0.03599995 -0.05236387 0.14557402
v -0.02925419 -0.05771005 0.14275900
v -0.02232629 -0.06134366 0.14228900
v -0.01487898 -0.06496448 0.13838901
v -0.00738132 -0.06779444 0.13386799
v 0.00000000 -0.06939226 0.13033800
v 0.00710004 -0.06966286 0.12814900
v 0.01420235 -0.06862854 0.12717000
v 0.02099138 -0.06693358 0.12557700
v 0.02714717 -0.06561064 0.12087401
v 0.03284156 -0.06301885 0.11776100
v -0.05278819 0.02749598 0.18387802
v -0.05612969 0.02011799 0.17685501
v -0.05843037 0.01215881 0.17007300
v -0.05957645 0.00360048 0.16398099
v -0.05945700 -0.00548190 0.15874992
v -0.05800926 -0.01491326 0.15425690
v -0.05529190 -0.02434074 0.15022400
v -0.05209458 -0.03151726 0.15175501
v -0.04739351 -0.03964966 0.14857800
v -0.04239469 -0.04554283 0.14997892
v -0.03656625 -0.05082404 0.15083700
v -0.02974718 -0.05623197 0.14785999
v -0.02272176 -0.05991715 0.14752300
v -0.01515346 -0.06349086 0.14362800
v -0.00751823 -0.06619365 0.13926201
v 0.00000000 -0.06789964 0.13510700
v 0.00722718 -0.06781154 0.13387799
v 0.01445698 -0.06668794 0.13296300
v 0.02136796 -0.06484818 0.13147302
v 0.02758979 -0.06332695 0.12684099
v 0.03336519 -0.06050086 0.12394400
v 0.03814607 -0.05852323 0.11764400
v -0.05604189 0.02004408 0.18390401
v -0.05833727 0.01226872 0.17708799
v -0.05955631 0.00406408 0.17064101
v -0.05958825 -0.00456279 0.16493601
v -0.05835629 -0.01351433 0.16005591
v -0.05583769 -0.02260023 0.15579700
v -0.05261355 -0.02994424 0.15717502
v -0.04799509 -0.03800183 0.15385500
v -0.04293495 -0.04407507 0.15517798
v -0.03704535 -0.04948937 0.15602399
v -0.03018897 -0.05492408 0.15295599
v -0.02308017 -0.05866235 0.15274499
v -0.01541537 -0.06220197 0.14878900
v -0.00765526 -0.06480795 0.14445201
v 0.00000000 -0.06546658 0.14387700
v 0.00000000 -0.06633955 0.14054300
v 0.00749540 -0.06482708 0.14445999
v 0.00736123 -0.06621176 0.13927101
v 0.01499867 -0.06352746 0.14364900
v 0.01472705 -0.06499874 0.13841200
v 0.02218019 -0.06139617 0.14232500
v 0.02177137 -0.06301176 0.13700999
v 0.02860158 -0.05942785 0.13768201
v 0.02808320 -0.06127178 0.13240200
v 0.03460425 -0.05608558 0.13513102
v 0.03396368 -0.05819177 0.12969200
v 0.03945565 -0.05353094 0.12914102
v 0.03876065 -0.05594497 0.12358300
v 0.04336988 -0.05106633 0.12239401
v 0.04268109 -0.05376845 0.11660600
v 0.04699975 -0.04631906 0.11984001
v -0.05824595 0.01221597 0.18393090
v -0.05936825 0.00416118 0.18395790
v -0.05946129 0.00419187 0.17732801
v -0.05938000 -0.00397032 0.18398599
v -0.05947309 -0.00396174 0.17756900
v -0.05828076 -0.01202833 0.18401401
v -0.05837208 -0.01204162 0.17780900
v -0.05609900 -0.01986277 0.18404099
v -0.05618685 -0.01989734 0.17804191
v -0.05286699 -0.02732402 0.18404900
v -0.05295020 -0.02737957 0.17823200
v -0.04872059 -0.03434616 0.17860401
v -0.04879837 -0.03455138 0.17353801
v -0.04358905 -0.04067754 0.17877200
v -0.04365867 -0.04089796 0.17395200
v -0.03764170 -0.04624837 0.17883191
v -0.03770178 -0.04648745 0.17419991
v -0.03103649 -0.05117934 0.17484300
v -0.03105187 -0.05156064 0.17085201
v -0.02380049 -0.05496942 0.17477800
v -0.02380859 -0.05537235 0.17087300
v -0.01612156 -0.05808085 0.17138800
v -0.01608949 -0.05860757 0.16764700
v -0.00811738 -0.06023437 0.16806802
v -0.00807381 -0.06087018 0.16404299
v 0.00000000 -0.06104928 0.16647701
v 0.00000000 -0.06154364 0.16338000
v 0.00790519 -0.06089258 0.16404900
v 0.00783330 -0.06166094 0.15952200
v 0.01583576 -0.05932326 0.16351900
v 0.01568770 -0.06014287 0.15889400
v 0.02345895 -0.05673283 0.16264001
v 0.02322977 -0.05764085 0.15785702
v 0.03041529 -0.05387598 0.15795700
v 0.03004825 -0.05500125 0.15300001
v 0.03691589 -0.04958826 0.15606502
v 0.03643906 -0.05091829 0.15088202
v 0.04228419 -0.04565036 0.15003702
v 0.04164505 -0.04733746 0.14479800
v 0.04659098 -0.04165578 0.14338601
v 0.04580056 -0.04375684 0.13820989
v 0.05054600 -0.03574013 0.14101490
v 0.04966449 -0.03815317 0.13577101
v 0.05273896 -0.03173404 0.13406800
v 0.05176675 -0.03458827 0.12892289
v 0.05481308 -0.02502816 0.13220300
v 0.05380254 -0.02816224 0.12709592
v 0.05586911 -0.01812815 0.13028292
v 0.05483907 -0.02155035 0.12521599
v 0.05587989 -0.01116275 0.12834500
v 0.05280536 -0.03139334 0.12199701
v 0.04991197 -0.04059845 0.11839901
v 0.05080729 -0.03756225 0.12374400
v 0.04784280 -0.04348188 0.12531601
v 0.04874718 -0.04074674 0.13058200
v 0.04414737 -0.04848325 0.12784091
v 0.04497188 -0.04603964 0.13307001
v 0.04019367 -0.05128753 0.13444300
v 0.04093629 -0.04922104 0.13961799
v 0.03525286 -0.05417508 0.14039601
v 0.03587538 -0.05245299 0.14562200
v 0.02911889 -0.05777795 0.14280902
v 0.02960908 -0.05630463 0.14790700
v 0.02257275 -0.05997323 0.14755701
v 0.02292859 -0.05872184 0.15277602
v 0.01525777 -0.06224077 0.14881001
v 0.01549124 -0.06111437 0.15393700
v 0.00762290 -0.06362128 0.14957500
v 0.00000000 -0.06455224 0.14768200
v 0.00773740 -0.06256848 0.15464401
v 0.00000000 -0.06375128 0.15135100
v -0.00778550 -0.06360113 0.14956699
v 0.00000000 -0.06219303 0.15953200
v 0.00000000 -0.06311535 0.15451600
v -0.00790244 -0.06254744 0.15463600
v -0.01565140 -0.06107348 0.15391801
v -0.00800043 -0.06163913 0.15951499
v -0.01584988 -0.06010013 0.15887700
v -0.02338355 -0.05757844 0.15783001
v -0.01599955 -0.05927914 0.16350499
v -0.02361458 -0.05666815 0.16261600
v -0.03055828 -0.05379487 0.15791900
v -0.02375608 -0.05593407 0.16694599
v -0.03083395 -0.05285423 0.16260600
v -0.03740978 -0.04838037 0.16099299
v -0.03099620 -0.05211144 0.16688500
v -0.03763246 -0.04751707 0.16560601
v -0.04334288 -0.04286443 0.16020700
v -0.03771489 -0.04689776 0.16990390
v -0.04358839 -0.04194134 0.16494390
v -0.04844880 -0.03665006 0.15902101
v -0.04367655 -0.04130196 0.16943701
v -0.04872125 -0.03563714 0.16396990
v -0.05293250 -0.02877485 0.16246299
v -0.04881876 -0.03495895 0.16873690
v -0.05305188 -0.02801412 0.16762100
v -0.05617177 -0.02132397 0.16132601
v -0.05303478 -0.02757936 0.17281702
v -0.05629575 -0.02051723 0.16680200
v -0.05848516 -0.01265227 0.16588300
v -0.05627667 -0.02007865 0.17233500
v -0.05846531 -0.01220554 0.17178300
v -0.05956805 -0.00410765 0.17121492
v -0.04864585 -0.03427523 0.18416502
v -0.04352205 -0.04058945 0.18417698
v -0.03758287 -0.04614246 0.18413602
v -0.03098708 -0.05094456 0.17920700
v -0.03094059 -0.05083323 0.18429300
v -0.02372539 -0.05458158 0.18415798
v -0.01606446 -0.05730295 0.18424100
v -0.02376258 -0.05471074 0.17907000
v -0.01608908 -0.05743527 0.17927000
v -0.00811577 -0.05909115 0.17939201
v -0.00810349 -0.05895715 0.18429101
v 0.00000000 -0.05955666 0.18211401
v 0.00000000 -0.05950844 0.18477499
v 0.00793415 -0.05898016 0.18429199
v 0.01589977 -0.05734865 0.18424200
v 0.00000000 -0.05949157 0.18753000
v -0.01611477 -0.05769222 0.17512500
v -0.00812870 -0.05934727 0.17533299
v 0.00000000 -0.05980117 0.17674598
v 0.00000000 -0.05964666 0.17948499
v 0.00794619 -0.05911427 0.17939301
v -0.00813252 -0.05972754 0.17169699
v 0.00000000 -0.06008743 0.17348799
v 0.00795883 -0.05937034 0.17533500
v 0.01592415 -0.05748105 0.17927298
v 0.02356857 -0.05464947 0.18415999
v 0.03079438 -0.05092185 0.18429700
v 0.00000000 -0.06032013 0.17150101
v 0.00796258 -0.05975056 0.17170100
v 0.01594966 -0.05773806 0.17512999
v 0.02360546 -0.05477863 0.17907600
v 0.03084069 -0.05103325 0.17921500
v 0.03745007 -0.04625004 0.18413900
v 0.04340529 -0.04071414 0.18418102
v 0.04854708 -0.03441476 0.18417200
v 0.04862147 -0.03448575 0.17862000
v 0.05278807 -0.02747553 0.18405800
v 0.05287099 -0.02753126 0.17825200
v 0.05612945 -0.02005863 0.17804600
v 0.05621910 -0.02024024 0.17234591
v 0.05833709 -0.01220935 0.17781401
v 0.05843019 -0.01237356 0.17179391
v 0.05946105 -0.00413257 0.17757401
v 0.05955606 -0.00427884 0.17122701
v 0.05947285 0.00402105 0.17733291
v 0.05956786 0.00389290 0.17065302
v 0.05837191 0.01210099 0.17709301
v 0.05846506 0.01199078 0.17008498
v 0.05618667 0.01995670 0.17686000
v 0.05627650 0.01986378 0.16953200
v 0.05294948 0.02743828 0.17663690
v 0.05303406 0.02736198 0.16900401
v 0.04872256 0.03440880 0.17642900
v 0.04880046 0.03434801 0.16851200
v 0.04359066 0.04074037 0.17623900
v 0.04366040 0.04069340 0.16806300
v 0.03764176 0.04630810 0.17607100
v 0.03770196 0.04627329 0.16766599
v 0.03098988 0.05101329 0.17592500
v 0.03103935 0.05098861 0.16732499
v 0.02376258 0.05477046 0.17580001
v 0.03771460 0.04576456 0.15903200
v 0.04357856 0.03895479 0.15151100
v 0.04841917 0.03053677 0.14513800
v 0.05210524 0.02084589 0.13986200
v 0.05457377 0.01037609 0.13544489
v 0.05581629 -0.00042269 0.13166991
v 0.04367506 0.04019099 0.15969102
v 0.04870927 0.03266167 0.15254000
v 0.05261987 0.02371740 0.14650901
v 0.05529105 0.01370489 0.14150199
v 0.05669647 0.00311387 0.13726802
v 0.05686926 -0.00761652 0.13358901
v 0.04881697 0.03385251 0.16043702
v 0.05293500 0.02573287 0.15367000
v 0.05583715 0.01639729 0.14797901
v 0.05744159 0.00620615 0.14322200
v 0.05776607 -0.00435614 0.13914201
v 0.05685831 -0.01487636 0.13552602
v 0.05305194 0.02687412 0.16125600
v 0.05617135 0.01829558 0.15488200
v 0.05800884 0.00871074 0.14952090
v 0.05852526 -0.00150698 0.14499001
v 0.05775487 -0.01189464 0.14103200
v 0.05578356 -0.02206808 0.13744400
v 0.05629545 0.01938378 0.16213401
v 0.05835598 0.01048642 0.15615301
v 0.05910306 0.00080455 0.15110590
v 0.05851377 -0.00929075 0.14677499
v 0.05666315 -0.01936227 0.14290491
v 0.05367279 -0.02905738 0.13930802
v 0.05848485 0.01151889 0.16305500
v 0.05945676 0.00245392 0.15745901
v 0.05909144 -0.00717389 0.15270601
v 0.05740767 -0.01700127 0.14854200
v 0.05451899 -0.02661973 0.14472400
v 0.05134546 -0.03355175 0.14639500
v 0.05958807 0.00342941 0.16400100
v 0.05944496 -0.00565171 0.15877800
v 0.05797445 -0.01507723 0.15428999
v 0.05523538 -0.02449476 0.15025899
v 0.05202269 -0.03164547 0.15184002
v 0.04730290 -0.03976446 0.14865491
v 0.05957627 -0.00473380 0.16495602
v 0.05832129 -0.01368105 0.16008291
v 0.05578064 -0.02275812 0.15582900
v 0.05253857 -0.03008157 0.15724900
v 0.04790170 -0.03812456 0.15392400
v 0.04282206 -0.04418843 0.15522900
v 0.05845010 -0.01282012 0.16590199
v 0.05611425 -0.02148437 0.16135201
v 0.05285495 -0.02891933 0.16252300
v 0.04835289 -0.03677958 0.15908100
v 0.04322785 -0.04298263 0.16025101
v 0.03727847 -0.04848307 0.16102801
v 0.05623817 -0.02067875 0.16682100
v 0.05297285 -0.02816307 0.16766702
v 0.04862338 -0.03577184 0.16401801
v 0.04347199 -0.04206317 0.16497990
v 0.03749990 -0.04762257 0.16563401
v 0.03068917 -0.05293858 0.16263899
v 0.05295538 -0.02773034 0.17284890
v 0.04871976 -0.03509676 0.16877291
v 0.04355948 -0.04142582 0.16946401
v 0.03758168 -0.04700475 0.16992500
v 0.03085005 -0.05219816 0.16691101
v 0.02359914 -0.05600047 0.16696499
v 0.04869921 -0.03469055 0.17356300
v 0.04354137 -0.04102265 0.17397001
v 0.03756856 -0.04659515 0.17421402
v 0.03090518 -0.05164855 0.17087100
v 0.02365118 -0.05543978 0.17088701
v 0.01592457 -0.05865263 0.16765800
v 0.04347199 -0.04080248 0.17878200
v 0.03750866 -0.04635608 0.17884001
v 0.03088974 -0.05126786 0.17485599
v 0.02364319 -0.05503737 0.17478801
v 0.01595640 -0.05812644 0.17139700
v 0.00794774 -0.06025725 0.16807301
v 0.00000000 -0.06058174 0.16957401
v 0.05604165 -0.02002364 0.18404101
v 0.05824577 -0.01219552 0.18401401
v 0.05936807 -0.00414073 0.18398701
v 0.05937975 0.00399077 0.18395899
v 0.05828058 0.01204878 0.18393092
v 0.05609874 0.01988321 0.18390401
v 0.05286669 0.02734452 0.18387800
v 0.04864639 0.03429609 0.18385401
v 0.04352235 0.04061037 0.18383101
v 0.03758276 0.04616308 0.18381098
v 0.03094136 0.05085539 0.18379194
v 0.02372539 0.05460232 0.18377291
v 0.01606470 0.05732488 0.18375090
v 0.00000000 0.05948019 0.18928900
v 0.00000000 0.05947589 0.18808000
v 0.00000000 0.05948430 0.18680100
v 0.00000000 0.05950379 0.18542901
v 0.00000000 0.00397801 0.08655029
v 0.00000000 0.00631148 0.08919799
v 0.00000000 0.00913674 0.09219688
v 0.00000000 0.01251089 0.09551000
v 0.00000000 0.01643598 0.09904456
v 0.00000000 0.01788318 0.10027100
v 0.00000000 0.02278316 0.10418500
v 0.00000000 0.03890949 0.11736500
v 0.00000000 0.04469990 0.12330290
v 0.00000000 0.04900300 0.12871900
v 0.00000000 0.05020290 0.13046990
v 0.00000000 0.05324709 0.13566791
v 0.00000000 0.05409801 0.13739900
v 0.00000000 0.05621832 0.14265200
v 0.00000000 0.05679190 0.14444500
v 0.00000000 0.05822008 0.15042400
v 0.00000000 0.05862039 0.15280999
v 0.00000000 0.05951410 0.16168600
v 0.00000000 0.05975967 0.17135391
v 0.00000000 0.05965989 0.17859291
v 0.00000000 0.05961400 0.18052700
v -0.04825115 -0.08534735 0.01346111
v -0.04318100 -0.09185199 0.01471346
v -0.04372358 -0.09181058 0.00609022
v -0.03795754 -0.09771745 0.00327897
v -0.03842735 -0.09676319 -0.00575191
v -0.03156358 -0.10246001 -0.00354636
v -0.03196066 -0.10097499 -0.01317745
v -0.02443319 -0.10596000 -0.01061046
v -0.02473378 -0.10385701 -0.02040338
v -0.01668679 -0.10805999 -0.01738065
v -0.01688140 -0.10532600 -0.02694153
v -0.00852877 -0.10710701 -0.02829617
v -0.00861979 -0.10273301 -0.03730827
v 0.00000000 -0.10454901 -0.03571724
v 0.00000000 -0.10096101 -0.04124677
v 0.00856841 -0.10274000 -0.03731518
v 0.00864339 -0.09666669 -0.04488444
v 0.01700657 -0.10113900 -0.03557795
v 0.01715177 -0.09535617 -0.04285788
v 0.02520078 -0.09524560 -0.03726553
v 0.02538460 -0.08847737 -0.04346984
v 0.03288966 -0.08809536 -0.03698277
v 0.03308087 -0.08064125 -0.04190778
v 0.03986275 -0.08041208 -0.03443825
v 0.04004364 -0.07287818 -0.03820943
v 0.04587626 -0.07451158 -0.02891767
v 0.04606866 -0.06722646 -0.03225195
v -0.04886984 -0.08466607 0.00519675
v -0.04946428 -0.08292497 -0.00273567
v -0.04426347 -0.09075778 -0.00244248
v -0.03887754 -0.09465498 -0.01439046
v -0.03233397 -0.09816080 -0.02222645
v -0.02501028 -0.10032000 -0.02942174
v -0.01705616 -0.10112600 -0.03556483
v -0.01720190 -0.09534507 -0.04284238
v -0.00869524 -0.09666109 -0.04487657
v -0.01730960 -0.08788579 -0.04838794
v -0.00875038 -0.08878797 -0.05058084
v -0.01738190 -0.07897256 -0.05220746
v -0.00878692 -0.07938087 -0.05445004
v -0.01743060 -0.06910389 -0.05463945
v -0.00881135 -0.06899219 -0.05686044
v -0.01746785 -0.05878628 -0.05603349
v -0.00883049 -0.05818141 -0.05819684
v 0.00000000 -0.05393970 -0.05921405
v 0.00000000 -0.06253677 -0.05848377
v 0.00877786 -0.05818086 -0.05820535
v 0.00875884 -0.06899327 -0.05686908
v 0.01741707 -0.05878245 -0.05605053
v 0.01737987 -0.06910401 -0.05465698
v 0.02565157 -0.06042671 -0.05239146
v 0.02559238 -0.07057148 -0.05070436
v 0.03329324 -0.06233650 -0.04727989
v 0.03320717 -0.07188749 -0.04522407
v 0.04016494 -0.06440597 -0.04069345
v 0.02550965 -0.08009648 -0.04785126
v 0.01733130 -0.07897680 -0.05222499
v 0.00873458 -0.07938368 -0.05445873
v 0.00000000 -0.06963646 -0.05749118
v 0.00000000 -0.07987779 -0.05509364
v 0.00000000 -0.08717370 -0.05228585
v 0.00869823 -0.08879226 -0.05058926
v 0.00000000 -0.09263616 -0.04917806
v 0.00000000 -0.09700828 -0.04565393
v 0.01725929 -0.08789366 -0.04840487
v -0.04477608 -0.08859646 -0.01054376
v -0.03928709 -0.09129159 -0.02228045
v -0.03266435 -0.09390038 -0.03028619
v -0.02524775 -0.09522879 -0.03724277
v 0.00000000 -0.04860639 -0.05948835
v 0.00000000 -0.05127966 -0.05936527
v -0.00784129 -0.10200100 0.04223090
v 0.00000000 -0.09968966 0.04960507
v 0.00000000 -0.10033600 0.04792499
v 0.00779444 -0.10200500 0.04223436
v -0.01555109 -0.10108101 0.04080086
v -0.00792521 -0.10527501 0.03284686
v 0.00000000 -0.10332100 0.03995186
v 0.00000000 -0.10567200 0.03314596
v 0.00787789 -0.10528000 0.03284931
v 0.01550525 -0.10108802 0.04081308
v 0.01566886 -0.10415890 0.03177160
v 0.02295809 -0.09976858 0.03782671
v 0.02321219 -0.10263599 0.02872169
v 0.03002136 -0.09772170 0.03403556
v 0.03036516 -0.10017600 0.02509927
v 0.03657966 -0.09478647 0.02965050
v 0.03700280 -0.09660507 0.02116018
v 0.04262435 -0.09101248 0.02314460
v 0.04314708 -0.09188717 0.01473486
v 0.04821938 -0.08539069 0.01352161
v 0.04369008 -0.09184998 0.00609654
v 0.04883998 -0.08471578 0.00522393
v 0.04423041 -0.09079849 -0.00245243
v 0.04943639 -0.08297388 -0.00274205
v 0.04474347 -0.08863508 -0.01056933
v 0.04997867 -0.08006477 -0.01002514
v 0.04520487 -0.08526216 -0.01791155
v 0.05043727 -0.07588809 -0.01627385
v 0.04559016 -0.08058227 -0.02413624
v 0.05078315 -0.07034856 -0.02114313
v 0.03959709 -0.08659511 -0.02910518
v 0.03262138 -0.09392299 -0.03031527
v 0.02496355 -0.10034000 -0.02944034
v 0.01683217 -0.10534000 -0.02695143
v 0.00847787 -0.10711401 -0.02830165
v 0.00000000 -0.10768000 -0.02882677
v 0.00000000 -0.11016600 -0.02034997
v -0.00842732 -0.10991000 -0.01829034
v 0.00000000 -0.11170891 -0.01023685
v -0.00832069 -0.11126892 -0.00774103
v 0.00000000 -0.11202000 -0.00467330
v 0.00000000 -0.11197700 0.00108796
v 0.00816482 -0.11131900 0.00290030
v 0.00000000 -0.11156102 0.00697619
v 0.00806320 -0.11018400 0.01323926
v 0.00000000 -0.11073700 0.01311707
v 0.00796753 -0.10808900 0.02320331
v 0.00000000 -0.10942600 0.01977109
v 0.00000000 -0.10747401 0.02731007
v -0.00801540 -0.10808301 0.02320212
v -0.01571500 -0.10415100 0.03176206
v -0.02300167 -0.09975736 0.03780966
v -0.01648187 -0.10944401 -0.00729066
v -0.02412295 -0.10674800 -0.00046612
v -0.03116166 -0.10272901 0.00625932
v -0.03748917 -0.09761900 0.01234638
v -0.04265844 -0.09098398 0.02310991
v -0.01627588 -0.10959201 0.00292021
v -0.02381789 -0.10634200 0.00960761
v -0.03077316 -0.10190301 0.01584941
v -0.03704059 -0.09657894 0.02114158
v 0.03924906 -0.09132117 -0.02231258
v 0.03229129 -0.09818709 -0.02224898
v 0.02468758 -0.10387801 -0.02041667
v 0.01663810 -0.10807501 -0.01738697
v 0.00837702 -0.10991700 -0.01829445
v 0.00827098 -0.11127700 -0.00774366
v 0.03883957 -0.09468829 -0.01441293
v 0.03191828 -0.10100400 -0.01319205
v 0.02438735 -0.10598200 -0.01061797
v 0.01643365 -0.10945800 -0.00729322
v 0.03838938 -0.09679776 -0.00576365
v 0.03152149 -0.10248800 -0.00355273
v 0.02407759 -0.10676900 -0.00046788
v 0.01622825 -0.10960601 0.00292110
v 0.03791958 -0.09775109 0.00327831
v 0.03111976 -0.10275601 0.00626099
v 0.02377295 -0.10636201 0.00961101
v 0.01603066 -0.10864100 0.01287770
v 0.03745126 -0.09764957 0.01235586
v 0.03073167 -0.10192700 0.01585817
v 0.02348405 -0.10491000 0.01933521
v 0.01584416 -0.10675101 0.02247738
v -0.03006225 -0.09770598 0.03401380
v -0.02325630 -0.10262202 0.02870911
v -0.01589065 -0.10674100 0.02247071
v -0.00811166 -0.11017801 0.01323926
v -0.00821388 -0.11131202 0.00290149
v -0.01607775 -0.10862901 0.01287376
v -0.02352845 -0.10489400 0.01932710
v -0.03040647 -0.10015601 0.02508389
v -0.03661727 -0.09476566 0.02962321
v 0.00000000 -0.09903997 0.05128639
v -0.02543187 -0.08846521 -0.04344445
v -0.03293287 -0.08807879 -0.03694915
v -0.03312426 -0.08063285 -0.04187226
v -0.03990095 -0.08039878 -0.03439486
v -0.04008209 -0.07287669 -0.03816485
v -0.04590840 -0.07450419 -0.02886396
v -0.04610097 -0.06723666 -0.03219735
v -0.04020357 -0.06441706 -0.04064965
v -0.03333705 -0.06234687 -0.04724509
v -0.03325074 -0.07188838 -0.04518824
v -0.02564007 -0.07057178 -0.05067783
v -0.02555716 -0.08009015 -0.04782474
v -0.02569949 -0.06043339 -0.05236566
v -0.03963518 -0.08657211 -0.02906584
v -0.04562216 -0.08056007 -0.02408719
v -0.05080777 -0.07035505 -0.02107238
v -0.05046237 -0.07586628 -0.01621484
v -0.04523718 -0.08522957 -0.01787239
v -0.05000495 -0.08002477 -0.00998872
f 1 2 3
f 4 5 6
f 6 7 8
f 9 10 8
f 10 11 12
f 12 13 14
f 15 16 14
f 17 18 19
f 19 20 21
f 22 23 21
f 24 25 26
f 27 25 28
f 28 23 29
f 24 30 31
f 31 32 33
f 34 35 33
f 4 36 37
f 38 36 39
f 39 40 41
f 40 42 43
f 44 42 45
f 45 46 47
f 46 48 49
f 50 48 51
f 51 52 53
f 52 54 55
f 56 54 57
f 58 59 60
f 60 61 62
f 63 64 62
f 65 66 67
f 68 66 69
f 69 70 71
f 35 72 73
f 73 74 75
f 76 75 77
f 76 77 78
f 78 77 79
f 80 81 82
f 82 81 83
f 84 83 85
f 86 87 88
f 89 90 88
f 90 91 92
f 92 93 94
f 94 95 96
f 96 97 98
f 98 99 100
f 100 99 101
f 101 102 103
f 103 102 104
f 70 105 106
f 105 107 108
f 108 107 109
f 109 110 111
f 112 113 114
f 64 115 116
f 116 117 118
f 119 120 118
f 120 121 122
f 122 123 124
f 125 126 124
f 126 127 128
f 128 129 130
f 131 132 130
f 65 133 134
f 134 135 136
f 137 138 136
f 138 139 140
f 140 141 142
f 1 143 2
f 2 143 144
f 143 145 144
f 144 145 146
f 145 17 146
f 146 17 19
f 146 19 147
f 147 19 21
f 147 21 148
f 148 21 23
f 148 23 149
f 149 23 28
f 149 28 25
f 149 25 150
f 150 25 24
f 150 24 151
f 151 24 31
f 151 31 33
f 151 33 152
f 152 33 35
f 152 35 153
f 153 35 73
f 153 73 154
f 154 73 75
f 154 75 76
f 154 76 155
f 155 76 78
f 155 78 79
f 155 79 156
f 156 79 157
f 156 157 80
f 156 80 158
f 158 80 82
f 158 82 83
f 158 83 159
f 159 83 84
f 159 84 85
f 85 86 159
f 159 86 160
f 86 88 160
f 160 88 161
f 88 90 161
f 161 90 162
f 90 92 162
f 162 92 163
f 92 94 163
f 163 94 164
f 94 96 164
f 164 96 165
f 96 98 165
f 165 98 100
f 165 100 166
f 166 100 101
f 166 101 103
f 166 103 167
f 167 103 104
f 104 168 167
f 167 168 169
f 168 170 169
f 169 170 114
f 169 114 113
f 113 112 169
f 169 112 111
f 169 111 171
f 171 111 110
f 171 110 109
f 109 107 171
f 171 107 172
f 107 105 172
f 172 105 173
f 105 70 173
f 173 70 174
f 70 69 174
f 174 69 66
f 174 66 175
f 175 66 65
f 175 65 176
f 176 65 134
f 176 134 136
f 176 136 177
f 177 136 138
f 177 138 178
f 178 138 140
f 178 140 179
f 179 140 142
f 179 142 180
f 179 180 181
f 181 180 182
f 181 182 183
f 183 182 184
f 183 184 3
f 185 186 187
f 188 189 187
f 58 190 191
f 192 190 193
f 193 189 194
f 3 2 144
f 195 146 147
f 195 147 196
f 196 147 148
f 196 148 197
f 197 148 149
f 197 149 198
f 198 149 150
f 198 150 199
f 199 150 151
f 199 151 200
f 200 151 152
f 200 152 201
f 201 152 153
f 201 153 202
f 202 153 154
f 202 154 203
f 203 154 155
f 203 155 204
f 204 155 156
f 204 156 205
f 205 156 158
f 205 158 206
f 206 158 159
f 206 159 207
f 207 159 160
f 207 160 208
f 208 160 161
f 208 161 209
f 209 161 162
f 209 162 210
f 210 162 163
f 210 163 211
f 163 164 211
f 211 164 212
f 164 165 212
f 212 165 213
f 165 166 213
f 213 166 214
f 166 167 214
f 214 167 215
f 167 169 215
f 215 169 216
f 169 171 216
f 216 171 217
f 171 172 217
f 217 172 218
f 172 173 218
f 218 173 219
f 173 174 219
f 219 174 220
f 174 175 220
f 220 175 221
f 175 176 221
f 221 176 222
f 176 177 222
f 222 177 223
f 177 178 223
f 223 178 224
f 178 179 224
f 224 179 225
f 179 181 225
f 210 226 227
f 210 227 228
f 228 227 229
f 229 227 230
f 230 227 231
f 231 227 232
f 232 227 233
f 227 234 233
f 233 234 235
f 234 236 235
f 235 236 237
f 236 238 237
f 237 238 239
f 238 240 239
f 239 240 241
f 241 240 242
f 242 240 243
f 242 243 244
f 244 243 245
f 244 245 246
f 246 245 247
f 246 247 248
f 226 210 3
f 210 249 3
f 249 250 3
f 3 250 251
f 251 250 252
f 252 250 253
f 253 250 254
f 254 250 255
f 255 250 256
f 256 250 257
f 256 257 258
f 258 257 259
f 258 259 260
f 260 259 261
f 260 261 262
f 262 261 263
f 262 263 264
f 264 263 265
f 263 266 265
f 265 266 267
f 266 268 267
f 267 268 269
f 268 270 269
f 269 270 271
f 272 273 274
f 274 273 275
f 274 275 276
f 276 275 277
f 276 277 278
f 278 277 279
f 278 279 280
f 280 279 281
f 280 281 282
f 282 281 190
f 282 190 6
f 6 190 283
f 6 283 284
f 284 283 285
f 284 285 286
f 286 285 64
f 286 64 40
f 40 64 287
f 40 287 288
f 288 287 289
f 288 289 290
f 290 289 122
f 290 122 48
f 48 122 291
f 48 291 292
f 292 291 293
f 292 293 294
f 294 293 130
f 294 130 57
f 57 130 295
f 57 295 296
f 296 295 297
f 296 297 298
f 298 297 299
f 287 64 116
f 64 285 62
f 62 285 60
f 60 285 283
f 60 283 58
f 58 283 190
f 190 281 193
f 193 281 189
f 281 279 189
f 189 279 187
f 279 277 187
f 187 277 185
f 277 275 185
f 185 275 300
f 300 275 301
f 301 275 273
f 301 273 302
f 302 273 272
f 302 272 303
f 303 272 274
f 303 274 304
f 304 274 305
f 274 276 305
f 305 276 16
f 276 278 16
f 16 278 14
f 278 280 14
f 14 280 12
f 12 280 10
f 10 280 282
f 10 282 8
f 8 282 6
f 6 284 4
f 4 284 36
f 284 286 36
f 36 286 39
f 286 40 39
f 40 288 42
f 42 288 45
f 45 288 290
f 45 290 46
f 46 290 48
f 48 292 51
f 51 292 52
f 292 294 52
f 52 294 54
f 294 57 54
f 57 296 306
f 306 296 307
f 307 296 298
f 307 298 308
f 308 298 299
f 299 297 309
f 309 297 310
f 297 295 310
f 310 295 132
f 295 130 132
f 130 293 128
f 128 293 126
f 126 293 291
f 126 291 124
f 124 291 122
f 122 289 120
f 120 289 118
f 289 287 118
f 118 287 116
f 311 312 313
f 313 312 314
f 312 315 314
f 314 315 316
f 315 317 316
f 316 317 318
f 317 319 318
f 318 319 320
f 319 321 320
f 320 321 322
f 321 323 322
f 322 323 324
f 323 325 324
f 324 325 326
f 325 327 326
f 326 327 328
f 327 329 328
f 328 329 330
f 328 330 331
f 331 330 332
f 331 332 333
f 333 332 334
f 333 334 335
f 335 334 336
f 335 336 337
f 337 336 338
f 337 338 339
f 339 338 340
f 339 340 341
f 341 340 342
f 341 342 343
f 343 342 344
f 343 344 345
f 345 344 346
f 345 346 347
f 347 346 348
f 347 348 349
f 349 348 350
f 349 350 351
f 351 350 352
f 351 352 353
f 353 352 354
f 353 354 355
f 355 354 356
f 355 356 357
f 357 356 358
f 357 358 359
f 359 358 360
f 359 360 361
f 361 360 362
f 361 362 363
f 363 362 364
f 363 364 365
f 365 364 366
f 365 366 367
f 367 366 368
f 367 368 369
f 369 368 370
f 369 370 371
f 371 370 372
f 370 373 372
f 372 373 374
f 373 375 374
f 374 375 376
f 375 377 376
f 376 377 378
f 377 379 378
f 378 379 380
f 379 381 380
f 380 381 382
f 381 383 382
f 382 383 384
f 383 385 384
f 384 385 386
f 386 385 387
f 387 385 388
f 387 388 389
f 389 388 390
f 389 390 391
f 391 390 392
f 391 392 393
f 391 393 394
f 394 393 395
f 394 395 396
f 396 395 397
f 395 398 397
f 397 398 399
f 399 398 400
f 400 398 401
f 400 401 402
f 402 401 403
f 402 403 404
f 404 403 405
f 404 405 406
f 404 406 407
f 407 406 408
f 407 408 409
f 409 408 410
f 409 410 411
f 409 411 412
f 412 411 413
f 412 413 414
f 412 414 415
f 415 414 416
f 415 416 417
f 417 416 418
f 417 418 419
f 419 418 420
f 419 420 421
f 421 420 422
f 421 422 423
f 423 422 424
f 423 424 425
f 425 424 426
f 425 426 427
f 427 426 428
f 427 428 429
f 429 428 430
f 429 430 431
f 431 430 432
f 431 432 433
f 433 432 434
f 433 434 435
f 435 434 436
f 435 436 437
f 437 436 438
f 437 438 439
f 439 438 440
f 439 440 441
f 439 441 442
f 442 441 443
f 442 443 444
f 444 443 445
f 444 445 446
f 446 445 447
f 446 447 448
f 448 447 449
f 448 449 450
f 450 449 451
f 450 451 452
f 452 451 453
f 452 453 311
f 311 313 452
f 400 402 454
f 400 454 399
f 399 455 397
f 397 455 456
f 397 456 396
f 394 396 457
f 394 457 458
f 394 458 391
f 391 458 459
f 391 459 460
f 391 460 389
f 389 460 461
f 389 461 462
f 389 462 387
f 387 462 463
f 387 463 386
f 382 464 380
f 380 464 465
f 380 465 466
f 380 466 378
f 378 466 467
f 378 467 468
f 378 468 376
f 376 468 469
f 376 469 470
f 376 470 374
f 374 470 372
f 372 471 371
f 371 471 472
f 371 472 369
f 369 473 367
f 367 473 365
f 361 474 359
f 359 474 475
f 359 475 357
f 357 476 355
f 351 477 349
f 349 477 478
f 349 478 347
f 347 478 479
f 347 479 345
f 345 479 480
f 345 480 343
f 343 480 481
f 343 481 341
f 341 482 339
f 339 482 483
f 339 483 337
f 337 483 484
f 337 484 335
f 335 485 333
f 333 485 486
f 333 486 331
f 331 487 328
f 328 487 326
f 322 488 320
f 320 488 318
f 318 489 316
f 313 490 452
f 452 491 450
f 450 491 448
f 444 492 442
f 442 492 439
f 439 493 437
f 437 493 494
f 437 494 435
f 435 495 433
f 433 495 496
f 433 496 431
f 431 496 497
f 431 497 429
f 429 498 427
f 427 498 499
f 427 499 425
f 425 499 500
f 425 500 423
f 423 500 501
f 423 501 421
f 421 501 502
f 421 502 419
f 415 503 412
f 412 504 409
f 409 504 505
f 409 505 407
f 255 256 506
f 506 256 507
f 256 258 507
f 507 258 508
f 258 260 508
f 508 260 509
f 260 262 509
f 509 262 510
f 262 264 510
f 510 264 511
f 264 265 511
f 511 265 512
f 265 267 512
f 512 267 513
f 228 514 210
f 210 514 515
f 228 229 514
f 514 229 516
f 229 230 516
f 516 230 517
f 230 231 517
f 517 231 518
f 231 232 518
f 518 232 519
f 232 233 519
f 519 233 520
f 233 235 520
f 520 235 521
f 235 237 521
f 521 237 522
f 237 239 522
f 522 239 523
f 239 241 523
f 523 241 524
f 241 242 524
f 524 242 525
f 242 244 525
f 525 244 526
f 527 226 3
f 527 3 528
f 251 529 3
f 3 529 528
f 255 506 254
f 506 530 254
f 254 530 253
f 530 531 253
f 251 252 529
f 529 252 532
f 252 253 532
f 532 253 531
f 516 517 514
f 517 518 514
f 514 518 515
f 515 518 533
f 533 518 519
f 533 519 520
f 533 520 534
f 534 520 521
f 534 521 535
f 535 521 522
f 535 522 536
f 536 522 523
f 536 523 537
f 537 523 524
f 537 524 525
f 537 525 538
f 538 525 526
f 538 526 539
f 539 526 540
f 539 540 541
f 541 540 542
f 541 542 543
f 543 542 544
f 543 544 545
f 545 544 546
f 545 546 547
f 547 546 548
f 547 548 549
f 549 548 550
f 549 550 551
f 551 550 552
f 551 552 553
f 553 552 554
f 553 554 555
f 555 554 556
f 555 556 557
f 557 556 558
f 557 558 559
f 559 558 528
f 528 560 527
f 515 533 210
f 210 533 209
f 209 533 208
f 208 533 534
f 208 534 207
f 207 534 535
f 207 535 206
f 206 535 536
f 206 536 205
f 205 536 537
f 205 537 204
f 204 537 538
f 204 538 203
f 203 538 539
f 203 539 202
f 202 539 541
f 202 541 201
f 201 541 543
f 201 543 200
f 200 543 545
f 200 545 199
f 199 545 547
f 199 547 198
f 198 547 549
f 198 549 197
f 197 549 551
f 197 551 196
f 196 551 553
f 196 553 195
f 195 553 555
f 195 555 146
f 146 555 557
f 146 557 144
f 144 557 559
f 144 559 3
f 3 559 528
f 244 246 526
f 526 246 540
f 246 248 540
f 540 248 542
f 248 247 542
f 542 247 544
f 247 245 544
f 544 245 546
f 245 243 546
f 546 243 548
f 243 240 548
f 548 240 550
f 240 238 550
f 550 238 552
f 238 236 552
f 552 236 554
f 236 234 554
f 554 234 556
f 234 227 556
f 556 227 558
f 227 226 558
f 558 226 527
f 558 527 560
f 560 528 558
f 267 269 513
f 513 269 561
f 562 561 563
f 563 561 269
f 563 269 271
f 563 271 564
f 564 271 565
f 565 271 566
f 271 270 566
f 566 270 567
f 270 268 567
f 567 268 568
f 568 268 569
f 569 268 570
f 268 266 570
f 570 266 571
f 266 263 571
f 571 263 572
f 263 261 572
f 572 261 573
f 261 259 573
f 573 259 574
f 259 257 574
f 574 257 575
f 257 250 575
f 575 250 576
f 250 249 576
f 576 249 577
f 576 577 578
f 578 515 576
f 577 249 210
f 577 210 515
f 515 578 577
f 579 569 580
f 580 569 570
f 580 570 581
f 581 570 571
f 581 571 572
f 581 572 582
f 582 572 573
f 582 573 583
f 583 573 574
f 583 574 584
f 584 574 575
f 584 575 585
f 585 575 576
f 585 576 586
f 586 576 515
f 528 529 532
f 528 532 531
f 531 530 528
f 528 530 587
f 587 530 506
f 506 507 587
f 587 507 588
f 507 508 588
f 588 508 589
f 508 509 589
f 589 509 590
f 509 510 590
f 590 510 591
f 510 511 591
f 591 511 592
f 511 512 592
f 592 512 513
f 592 513 593
f 593 513 561
f 593 561 562
f 562 594 593
f 210 211 515
f 515 211 586
f 586 211 585
f 585 211 212
f 585 212 584
f 584 212 213
f 584 213 583
f 583 213 214
f 583 214 582
f 582 214 215
f 582 215 581
f 581 215 216
f 581 216 580
f 580 216 217
f 580 217 595
f 595 579 580
f 217 218 595
f 595 218 596
f 596 218 597
f 597 218 598
f 218 219 598
f 598 219 599
f 219 220 599
f 599 220 600
f 220 221 600
f 600 221 601
f 601 221 602
f 602 221 594
f 594 221 593
f 221 222 593
f 593 222 592
f 222 223 592
f 592 223 591
f 223 224 591
f 591 224 590
f 224 225 590
f 590 225 589
f 225 181 589
f 589 181 588
f 181 183 588
f 588 183 587
f 183 3 587
f 3 528 587
f 603 604 564
f 605 606 603
f 564 565 603
f 603 565 605
f 605 565 607
f 607 565 608
f 607 609 605
f 605 609 606
f 603 606 604
f 604 606 609
f 609 610 604
f 604 610 611
f 604 611 612
f 608 610 607
f 607 610 609
f 613 611 608
f 608 611 610
f 608 565 613
f 613 612 611
f 565 614 615
f 615 614 612
f 565 616 614
f 594 562 602
f 602 562 563
f 602 563 617
f 617 563 564
f 612 613 615
f 604 612 618
f 564 604 617
f 604 618 617
f 612 614 616
f 565 619 616
f 616 620 612
f 612 620 621
f 622 620 619
f 612 621 623
f 612 623 618
f 618 623 600
f 600 623 599
f 599 623 624
f 599 624 598
f 598 624 625
f 598 625 597
f 621 626 623
f 623 626 624
f 624 626 627
f 624 627 628
f 567 628 629
f 628 627 630
f 629 630 631
f 624 628 625
f 625 628 632
f 632 568 579
f 579 568 569
f 632 579 595
f 568 632 567
f 567 632 628
f 633 621 622
f 619 620 616
f 622 621 620
f 615 613 565
f 565 566 619
f 619 566 622
f 622 566 633
f 633 566 634
f 633 626 621
f 635 636 634
f 634 636 637
f 633 634 626
f 634 637 626
f 626 637 636
f 636 635 566
f 636 638 626
f 626 638 639
f 626 639 627
f 627 640 641
f 627 641 630
f 631 630 642
f 641 640 642
f 642 640 643
f 640 627 643
f 643 627 644
f 644 627 639
f 644 639 645
f 566 638 636
f 634 566 635
f 566 639 638
f 644 645 566
f 566 567 644
f 644 567 643
f 643 567 642
f 642 567 631
f 629 646 630
f 631 567 629
f 600 601 618
f 618 601 617
f 617 601 602
f 595 596 625
f 595 625 632
f 625 596 597
f 645 639 566
f 642 630 641
f 629 628 646
f 646 628 630
f 312 647 648
f 648 312 649
f 649 312 311
f 649 311 650
f 650 311 453
f 650 453 651
f 651 453 451
f 651 451 652
f 652 451 449
f 652 449 447
f 653 447 445
f 653 445 443
f 653 443 654
f 654 443 441
f 441 440 438
f 655 438 436
f 655 436 656
f 656 436 434
f 434 432 657
f 657 432 658
f 432 430 658
f 658 430 659
f 430 428 659
f 424 422 660
f 422 420 660
f 660 420 418
f 418 416 414
f 414 413 411
f 410 408 411
f 408 406 405
f 403 401 661
f 661 401 398
f 661 398 662
f 662 398 395
f 395 393 663
f 663 393 664
f 393 392 664
f 664 392 665
f 665 392 666
f 666 392 390
f 666 390 667
f 667 390 668
f 390 388 668
f 668 388 669
f 669 388 670
f 670 388 385
f 670 385 671
f 671 385 383
f 672 381 673
f 381 379 673
f 673 379 674
f 379 377 674
f 674 377 675
f 675 377 676
f 676 377 375
f 676 375 677
f 677 375 678
f 375 373 678
f 678 373 679
f 679 373 680
f 680 373 370
f 370 368 681
f 681 368 366
f 681 366 682
f 682 366 364
f 360 358 683
f 683 358 356
f 683 356 684
f 684 356 354
f 684 354 352
f 352 350 685
f 685 350 348
f 685 348 346
f 685 346 686
f 686 346 344
f 686 344 687
f 687 344 342
f 342 340 688
f 689 338 336
f 332 330 329
f 329 327 690
f 690 327 325
f 690 325 691
f 691 325 323
f 323 321 692
f 692 321 319
f 692 319 693
f 693 319 317
f 693 317 694
f 694 317 315
f 694 315 695
f 695 315 312
f 695 312 647
f 145 143 696
f 145 696 18
f 18 696 697
f 18 697 20
f 20 697 698
f 20 698 22
f 22 698 699
f 22 699 700
f 700 699 701
f 700 701 702
f 702 701 703
f 702 703 704
f 704 703 705
f 704 705 706
f 706 705 707
f 706 707 708
f 708 707 709
f 708 709 710
f 710 709 711
f 710 711 712
f 712 711 713
f 712 713 714
f 714 713 715
f 714 715 716
f 716 715 717
f 716 717 718
f 718 717 719
f 718 719 720
f 720 719 721
f 720 721 722
f 722 721 723
f 722 723 724
f 724 723 725
f 724 725 726
f 726 725 727
f 726 727 728
f 728 727 729
f 728 729 730
f 730 729 731
f 730 731 732
f 732 731 733
f 732 733 734
f 735 734 736
f 735 736 737
f 737 736 738
f 737 738 739
f 739 738 740
f 739 740 741
f 741 740 742
f 741 742 743
f 743 742 744
f 743 744 745
f 745 744 746
f 745 746 747
f 747 746 748
f 747 748 749
f 749 748 750
f 749 750 751
f 751 750 752
f 751 752 753
f 753 752 754
f 753 754 755
f 755 754 756
f 755 756 757
f 757 756 758
f 757 758 759
f 759 758 760
f 759 760 761
f 761 760 762
f 761 762 763
f 763 762 764
f 763 764 765
f 765 764 766
f 765 766 767
f 767 766 768
f 767 768 769
f 769 768 770
f 769 770 771
f 771 770 772
f 771 772 773
f 773 772 774
f 773 774 775
f 775 774 776
f 775 776 777
f 777 776 778
f 777 778 779
f 779 778 780
f 779 780 781
f 781 780 782
f 781 782 783
f 783 782 784
f 783 784 785
f 785 784 786
f 785 786 787
f 787 786 788
f 787 788 789
f 789 788 790
f 789 790 791
f 791 790 792
f 791 792 793
f 793 792 794
f 793 794 795
f 795 794 796
f 795 796 797
f 797 796 798
f 797 798 799
f 799 798 800
f 799 800 801
f 801 800 802
f 801 802 803
f 803 802 804
f 803 804 805
f 805 804 806
f 805 806 807
f 807 806 808
f 807 808 809
f 809 808 810
f 809 810 811
f 811 810 812
f 811 812 813
f 813 812 814
f 813 814 815
f 815 814 816
f 815 816 817
f 817 816 818
f 817 818 819
f 819 818 820
f 819 820 821
f 821 820 822
f 821 822 823
f 823 822 307
f 22 21 20
f 20 19 18
f 18 17 145
f 307 308 823
f 823 308 824
f 823 824 825
f 825 824 826
f 825 826 827
f 827 826 828
f 827 828 829
f 829 828 830
f 829 830 831
f 831 830 832
f 831 832 833
f 833 832 834
f 833 834 835
f 835 834 836
f 835 836 837
f 837 836 838
f 837 838 839
f 839 838 840
f 839 840 841
f 841 840 842
f 841 842 843
f 843 842 844
f 843 844 845
f 845 844 846
f 845 846 847
f 847 846 848
f 847 848 849
f 849 848 850
f 849 850 851
f 851 850 852
f 851 852 853
f 853 852 854
f 853 854 855
f 855 854 856
f 855 856 857
f 857 856 858
f 857 858 859
f 859 858 860
f 859 860 861
f 861 860 862
f 861 862 863
f 863 862 864
f 863 864 865
f 865 864 866
f 865 866 776
f 776 866 778
f 776 774 865
f 865 774 867
f 865 867 863
f 863 867 868
f 863 868 861
f 861 868 869
f 861 869 859
f 859 869 870
f 859 870 857
f 857 870 871
f 857 871 855
f 855 871 872
f 855 872 853
f 853 872 873
f 853 873 851
f 851 873 874
f 851 874 849
f 849 874 875
f 849 875 847
f 847 875 876
f 847 876 845
f 845 876 877
f 845 877 843
f 843 877 878
f 843 878 841
f 841 878 879
f 841 879 839
f 839 879 880
f 839 880 837
f 837 880 881
f 837 881 835
f 835 881 882
f 835 882 833
f 833 882 883
f 833 883 831
f 831 883 884
f 831 884 829
f 829 884 885
f 829 885 827
f 827 885 886
f 827 886 887
f 887 886 888
f 887 888 823
f 823 888 821
f 774 772 867
f 867 772 889
f 867 889 868
f 868 889 890
f 868 890 869
f 869 890 891
f 869 891 870
f 870 891 892
f 870 892 871
f 871 892 893
f 871 893 872
f 872 893 894
f 872 894 873
f 873 894 895
f 873 895 874
f 874 895 896
f 874 896 875
f 875 896 897
f 875 897 876
f 876 897 898
f 876 898 877
f 877 898 899
f 877 899 878
f 878 899 900
f 878 900 879
f 879 900 901
f 879 901 880
f 880 901 902
f 880 902 881
f 881 902 903
f 881 903 882
f 882 903 904
f 882 904 883
f 883 904 905
f 883 905 884
f 884 905 906
f 884 906 885
f 885 906 907
f 885 907 908
f 908 907 909
f 908 909 888
f 888 909 910
f 888 910 821
f 821 910 819
f 772 770 889
f 889 770 911
f 889 911 890
f 890 911 912
f 890 912 891
f 891 912 913
f 891 913 892
f 892 913 914
f 892 914 893
f 893 914 915
f 893 915 894
f 894 915 916
f 894 916 895
f 895 916 917
f 895 917 896
f 896 917 918
f 896 918 897
f 897 918 919
f 897 919 898
f 898 919 920
f 898 920 899
f 899 920 921
f 899 921 900
f 900 921 922
f 900 922 901
f 901 922 923
f 901 923 902
f 902 923 924
f 902 924 903
f 903 924 925
f 903 925 904
f 904 925 926
f 904 926 905
f 905 926 927
f 905 927 906
f 906 927 928
f 906 928 929
f 929 928 930
f 929 930 909
f 909 930 931
f 909 931 910
f 910 931 932
f 910 932 819
f 819 932 817
f 770 768 911
f 911 768 933
f 911 933 912
f 912 933 934
f 912 934 913
f 913 934 935
f 913 935 914
f 914 935 936
f 914 936 915
f 915 936 937
f 915 937 916
f 916 937 938
f 916 938 917
f 917 938 939
f 917 939 918
f 918 939 940
f 918 940 919
f 919 940 941
f 919 941 920
f 920 941 942
f 920 942 921
f 921 942 943
f 921 943 922
f 922 943 944
f 922 944 923
f 923 944 945
f 923 945 924
f 924 945 946
f 924 946 925
f 925 946 947
f 925 947 926
f 926 947 948
f 926 948 927
f 927 948 949
f 927 949 950
f 950 949 951
f 950 951 930
f 930 951 952
f 930 952 931
f 931 952 953
f 931 953 932
f 932 953 954
f 932 954 817
f 817 954 815
f 768 766 933
f 933 766 955
f 933 955 934
f 934 955 956
f 934 956 935
f 935 956 957
f 935 957 936
f 936 957 958
f 936 958 937
f 937 958 959
f 937 959 938
f 938 959 960
f 938 960 939
f 939 960 961
f 939 961 940
f 940 961 962
f 940 962 941
f 941 962 963
f 941 963 942
f 942 963 964
f 942 964 943
f 943 964 965
f 943 965 944
f 944 965 966
f 944 966 945
f 945 966 967
f 945 967 946
f 946 967 968
f 946 968 947
f 947 968 969
f 947 969 948
f 948 969 970
f 948 970 971
f 971 970 972
f 971 972 951
f 951 972 973
f 951 973 952
f 952 973 974
f 952 974 953
f 953 974 975
f 953 975 954
f 954 975 976
f 954 976 815
f 815 976 813
f 766 764 955
f 955 764 977
f 955 977 956
f 956 977 978
f 956 978 957
f 957 978 979
f 957 979 958
f 958 979 980
f 958 980 959
f 959 980 981
f 959 981 960
f 960 981 982
f 960 982 961
f 961 982 983
f 961 983 962
f 962 983 984
f 962 984 963
f 963 984 985
f 963 985 964
f 964 985 986
f 964 986 965
f 965 986 987
f 965 987 966
f 966 987 988
f 966 988 967
f 967 988 989
f 967 989 968
f 968 989 990
f 968 990 969
f 969 990 991
f 969 991 992
f 992 991 993
f 992 993 972
f 972 993 994
f 972 994 973
f 973 994 995
f 973 995 974
f 974 995 996
f 974 996 975
f 975 996 997
f 975 997 976
f 976 997 998
f 976 998 813
f 813 998 811
f 764 762 977
f 977 762 999
f 977 999 978
f 978 999 1000
f 978 1000 979
f 979 1000 1001
f 979 1001 980
f 980 1001 1002
f 980 1002 981
f 981 1002 1003
f 981 1003 982
f 982 1003 1004
f 982 1004 983
f 983 1004 1005
f 983 1005 984
f 984 1005 1006
f 984 1006 985
f 985 1006 1007
f 985 1007 986
f 986 1007 1008
f 986 1008 987
f 987 1008 1009
f 987 1009 988
f 988 1009 1010
f 988 1010 989
f 989 1010 1011
f 989 1011 990
f 990 1011 1012
f 990 1012 1013
f 1013 1012 1014
f 1013 1014 993
f 993 1014 1015
f 993 1015 994
f 994 1015 1016
f 994 1016 995
f 995 1016 1017
f 995 1017 996
f 996 1017 1018
f 996 1018 997
f 997 1018 1019
f 997 1019 998
f 998 1019 1020
f 998 1020 811
f 811 1020 809
f 762 760 999
f 999 760 1021
f 999 1021 1000
f 1000 1021 1022
f 1000 1022 1001
f 1001 1022 1023
f 1001 1023 1002
f 1002 1023 1024
f 1002 1024 1003
f 1003 1024 1025
f 1003 1025 1004
f 1004 1025 1026
f 1004 1026 1005
f 1005 1026 1027
f 1005 1027 1006
f 1006 1027 1028
f 1006 1028 1007
f 1007 1028 1029
f 1007 1029 1008
f 1008 1029 1030
f 1008 1030 1009
f 1009 1030 1031
f 1009 1031 1010
f 1010 1031 1032
f 1010 1032 1011
f 1011 1032 1033
f 1011 1033 1034
f 1034 1033 1035
f 1034 1035 1014
f 1014 1035 1036
f 1014 1036 1015
f 1015 1036 1037
f 1015 1037 1016
f 1016 1037 1038
f 1016 1038 1017
f 1017 1038 1039
f 1017 1039 1018
f 1018 1039 1040
f 1018 1040 1019
f 1019 1040 1041
f 1019 1041 1020
f 1020 1041 1042
f 1020 1042 809
f 809 1042 807
f 760 758 1021
f 1021 758 1043
f 1021 1043 1022
f 1022 1043 1044
f 1022 1044 1023
f 1023 1044 1045
f 1023 1045 1024
f 1024 1045 1046
f 1024 1046 1025
f 1025 1046 1047
f 1025 1047 1026
f 1026 1047 1048
f 1026 1048 1027
f 1027 1048 1049
f 1027 1049 1028
f 1028 1049 1050
f 1028 1050 1029
f 1029 1050 1051
f 1029 1051 1030
f 1030 1051 1052
f 1030 1052 1031
f 1031 1052 1053
f 1031 1053 1032
f 1032 1053 1054
f 1032 1054 1055
f 1055 1054 1056
f 1055 1056 1035
f 1035 1056 1057
f 1035 1057 1036
f 1036 1057 1058
f 1036 1058 1037
f 1037 1058 1059
f 1037 1059 1038
f 1038 1059 1060
f 1038 1060 1039
f 1039 1060 1061
f 1039 1061 1040
f 1040 1061 1062
f 1040 1062 1041
f 1041 1062 1063
f 1041 1063 1042
f 1042 1063 1064
f 1042 1064 807
f 807 1064 805
f 758 756 1043
f 1043 756 1065
f 1043 1065 1044
f 1044 1065 1066
f 1044 1066 1045
f 1045 1066 1067
f 1045 1067 1046
f 1046 1067 1068
f 1046 1068 1047
f 1047 1068 1069
f 1047 1069 1048
f 1048 1069 1070
f 1048 1070 1049
f 1049 1070 1071
f 1049 1071 1050
f 1050 1071 1072
f 1050 1072 1051
f 1051 1072 1073
f 1051 1073 1052
f 1052 1073 1074
f 1052 1074 1053
f 1053 1074 1075
f 1053 1075 1076
f 1076 1075 1077
f 1076 1077 1056
f 1056 1077 1078
f 1056 1078 1057
f 1057 1078 1079
f 1057 1079 1058
f 1058 1079 1080
f 1058 1080 1059
f 1059 1080 1081
f 1059 1081 1060
f 1060 1081 1082
f 1060 1082 1061
f 1061 1082 1083
f 1061 1083 1062
f 1062 1083 1084
f 1062 1084 1063
f 1063 1084 1085
f 1063 1085 1064
f 1064 1085 1086
f 1064 1086 805
f 805 1086 803
f 1056 1054 1076
f 1076 1054 1053
f 756 754 1065
f 1065 754 1087
f 1065 1087 1066
f 1066 1087 1088
f 1066 1088 1067
f 1067 1088 1089
f 1067 1089 1068
f 1068 1089 1090
f 1068 1090 1069
f 1069 1090 1091
f 1069 1091 1070
f 1070 1091 1092
f 1070 1092 1071
f 1071 1092 1093
f 1071 1093 1072
f 1072 1093 1094
f 1072 1094 1073
f 1073 1094 1095
f 1073 1095 1074
f 1074 1095 1096
f 1074 1096 1097
f 1097 1096 1098
f 1097 1098 1077
f 1077 1098 1099
f 1077 1099 1078
f 1078 1099 1100
f 1078 1100 1079
f 1079 1100 1101
f 1079 1101 1080
f 1080 1101 1102
f 1080 1102 1081
f 1081 1102 1103
f 1081 1103 1082
f 1082 1103 1104
f 1082 1104 1083
f 1083 1104 1105
f 1083 1105 1084
f 1084 1105 1106
f 1084 1106 1085
f 1085 1106 1107
f 1085 1107 1086
f 1086 1107 1108
f 1086 1108 803
f 803 1108 801
f 1077 1075 1097
f 1097 1075 1074
f 754 752 1087
f 1087 752 1109
f 1087 1109 1088
f 1088 1109 1110
f 1088 1110 1089
f 1089 1110 1111
f 1089 1111 1090
f 1090 1111 1112
f 1090 1112 1091
f 1091 1112 1113
f 1091 1113 1092
f 1092 1113 1114
f 1092 1114 1093
f 1093 1114 1115
f 1093 1115 1094
f 1094 1115 1116
f 1094 1116 1095
f 1095 1116 1117
f 1095 1117 1118
f 1118 1117 1119
f 1118 1119 1098
f 1098 1119 1120
f 1098 1120 1099
f 1099 1120 1121
f 1099 1121 1100
f 1100 1121 1122
f 1100 1122 1101
f 1101 1122 1123
f 1101 1123 1102
f 1102 1123 1124
f 1102 1124 1103
f 1103 1124 1125
f 1103 1125 1104
f 1104 1125 1126
f 1104 1126 1105
f 1105 1126 1127
f 1105 1127 1106
f 1106 1127 1128
f 1106 1128 1107
f 1107 1128 1129
f 1107 1129 1108
f 1108 1129 1130
f 1108 1130 801
f 801 1130 799
f 752 750 1109
f 1109 750 1131
f 1109 1131 1110
f 1110 1131 1132
f 1110 1132 1111
f 1111 1132 1133
f 1111 1133 1112
f 1112 1133 1134
f 1112 1134 1113
f 1113 1134 1135
f 1113 1135 1114
f 1114 1135 1136
f 1114 1136 1115
f 1115 1136 1137
f 1115 1137 1116
f 1116 1137 1138
f 1116 1138 1139
f 1139 1138 1140
f 1139 1140 1119
f 1119 1140 1141
f 1119 1141 1120
f 1120 1141 1142
f 1120 1142 1121
f 1121 1142 1143
f 1121 1143 1122
f 1122 1143 1144
f 1122 1144 1123
f 1123 1144 1145
f 1123 1145 1124
f 1124 1145 1146
f 1124 1146 1125
f 1125 1146 1147
f 1125 1147 1126
f 1126 1147 1148
f 1126 1148 1127
f 1127 1148 1149
f 1127 1149 1128
f 1128 1149 1150
f 1128 1150 1129
f 1129 1150 1151
f 1129 1151 1130
f 1130 1151 1152
f 1130 1152 799
f 799 1152 797
f 750 748 1131
f 1131 748 1153
f 1131 1153 1132
f 1132 1153 1154
f 1132 1154 1133
f 1133 1154 1155
f 1133 1155 1134
f 1134 1155 1156
f 1134 1156 1135
f 1135 1156 1157
f 1135 1157 1136
f 1136 1157 1158
f 1136 1158 1137
f 1137 1158 1159
f 1137 1159 1160
f 1160 1159 1161
f 1160 1161 1140
f 1140 1161 1162
f 1140 1162 1141
f 1141 1162 1163
f 1141 1163 1142
f 1142 1163 1164
f 1142 1164 1143
f 1143 1164 1165
f 1143 1165 1144
f 1144 1165 1166
f 1144 1166 1145
f 1145 1166 1167
f 1145 1167 1146
f 1146 1167 1168
f 1146 1168 1147
f 1147 1168 1169
f 1147 1169 1148
f 1148 1169 1170
f 1148 1170 1149
f 1149 1170 1171
f 1149 1171 1150
f 1150 1171 1172
f 1150 1172 1151
f 1151 1172 1173
f 1151 1173 1152
f 1152 1173 1174
f 1152 1174 797
f 797 1174 795
f 748 746 1153
f 1153 746 1175
f 1153 1175 1154
f 1154 1175 1176
f 1154 1176 1155
f 1155 1176 1177
f 1155 1177 1156
f 1156 1177 1178
f 1156 1178 1157
f 1157 1178 1179
f 1157 1179 1158
f 1158 1179 1180
f 1158 1180 1181
f 1181 1180 1182
f 1181 1182 1161
f 1161 1182 1183
f 1161 1183 1162
f 1162 1183 1184
f 1162 1184 1163
f 1163 1184 1185
f 1163 1185 1164
f 1164 1185 1186
f 1164 1186 1165
f 1165 1186 1187
f 1165 1187 1166
f 1166 1187 1188
f 1166 1188 1167
f 1167 1188 1189
f 1167 1189 1168
f 1168 1189 1190
f 1168 1190 1169
f 1169 1190 1191
f 1169 1191 1170
f 1170 1191 1192
f 1170 1192 1171
f 1171 1192 1193
f 1171 1193 1172
f 1172 1193 1194
f 1172 1194 1173
f 1173 1194 1195
f 1173 1195 1174
f 1174 1195 1196
f 1174 1196 795
f 795 1196 793
f 746 744 1175
f 1175 744 1197
f 1175 1197 1176
f 1176 1197 1198
f 1176 1198 1177
f 1177 1198 1199
f 1177 1199 1178
f 1178 1199 1200
f 1178 1200 1179
f 1179 1200 1201
f 1179 1201 1202
f 1202 1201 1203
f 1202 1203 1182
f 1182 1203 1204
f 1182 1204 1183
f 1183 1204 1205
f 1183 1205 1184
f 1184 1205 1206
f 1184 1206 1185
f 1185 1206 1207
f 1185 1207 1186
f 1186 1207 1208
f 1186 1208 1187
f 1187 1208 1209
f 1187 1209 1188
f 1188 1209 1210
f 1188 1210 1189
f 1189 1210 1211
f 1189 1211 1190
f 1190 1211 1212
f 1190 1212 1191
f 1191 1212 1213
f 1191 1213 1192
f 1192 1213 1214
f 1192 1214 1193
f 1193 1214 1215
f 1193 1215 1194
f 1194 1215 1216
f 1194 1216 1195
f 1195 1216 1217
f 1195 1217 1196
f 1196 1217 1218
f 1196 1218 793
f 793 1218 791
f 744 742 1197
f 1197 742 1219
f 1197 1219 1198
f 1198 1219 1220
f 1198 1220 1199
f 1199 1220 1221
f 1199 1221 1200
f 1200 1221 1222
f 1200 1222 1223
f 1223 1222 1224
f 1223 1224 1203
f 1203 1224 1225
f 1203 1225 1204
f 1204 1225 1226
f 1204 1226 1205
f 1205 1226 1227
f 1205 1227 1206
f 1206 1227 1228
f 1206 1228 1207
f 1207 1228 1229
f 1207 1229 1208
f 1208 1229 1230
f 1208 1230 1209
f 1209 1230 1231
f 1209 1231 1210
f 1210 1231 1232
f 1210 1232 1211
f 1211 1232 1233
f 1211 1233 1212
f 1212 1233 1234
f 1212 1234 1213
f 1213 1234 1235
f 1213 1235 1214
f 1214 1235 1236
f 1214 1236 1215
f 1215 1236 1237
f 1215 1237 1216
f 1216 1237 1238
f 1216 1238 1217
f 1217 1238 1239
f 1217 1239 1218
f 1218 1239 1240
f 1218 1240 791
f 791 1240 789
f 742 740 1219
f 1219 740 1241
f 1219 1241 1220
f 1220 1241 1242
f 1220 1242 1221
f 1221 1242 1243
f 1243 1244 1224
f 1224 1244 1245
f 1224 1245 1225
f 1225 1245 1246
f 1225 1246 1226
f 1226 1246 1247
f 1226 1247 1227
f 1227 1247 1248
f 1227 1248 1228
f 1228 1248 1249
f 1228 1249 1229
f 1229 1249 1250
f 1229 1250 1230
f 1230 1250 1251
f 1230 1251 1231
f 1231 1251 1252
f 1231 1252 1232
f 1232 1252 1253
f 1232 1253 1233
f 1233 1253 1254
f 1233 1254 1234
f 1234 1254 1255
f 1234 1255 1235
f 1235 1255 1256
f 1235 1256 1236
f 1236 1256 1257
f 1236 1257 1237
f 1237 1257 1258
f 1237 1258 1238
f 1238 1258 1259
f 1238 1259 1239
f 1239 1259 1260
f 1239 1260 1240
f 1240 1260 1261
f 1240 1261 789
f 789 1261 787
f 740 738 1241
f 1241 738 1262
f 1241 1262 1242
f 1242 1262 1263
f 1263 1264 1244
f 1244 1264 1265
f 1244 1265 1245
f 1245 1265 1266
f 1245 1266 1246
f 1246 1266 1267
f 1246 1267 1247
f 1247 1267 1268
f 1247 1268 1248
f 1248 1268 1269
f 1248 1269 1249
f 1249 1269 1270
f 1249 1270 1250
f 1250 1270 1271
f 1250 1271 1251
f 1251 1271 1272
f 1251 1272 1252
f 1252 1272 1273
f 1252 1273 1253
f 1253 1273 1274
f 1253 1274 1254
f 1254 1274 1275
f 1254 1275 1255
f 1255 1275 1276
f 1255 1276 1256
f 1256 1276 1277
f 1256 1277 1257
f 1257 1277 1278
f 1257 1278 1258
f 1258 1278 1279
f 1258 1279 1259
f 1259 1279 1280
f 1259 1280 1260
f 1260 1280 1281
f 1260 1281 1261
f 1261 1281 1282
f 1261 1282 787
f 787 1282 785
f 738 736 1262
f 1262 736 1283
f 1262 1283 1263
f 1263 1283 1284
f 1263 1284 1264
f 1264 1284 1285
f 1264 1285 1265
f 1265 1285 1286
f 1265 1286 1266
f 1266 1286 1287
f 1266 1287 1267
f 1267 1287 1288
f 1267 1288 1268
f 1268 1288 1289
f 1268 1289 1269
f 1269 1289 1290
f 1269 1290 1270
f 1270 1290 1291
f 1270 1291 1271
f 1271 1291 1292
f 1271 1292 1272
f 1272 1292 1293
f 1272 1293 1273
f 1273 1293 1294
f 1273 1294 1274
f 1274 1294 1295
f 1274 1295 1275
f 1275 1295 1296
f 1275 1296 1276
f 1276 1296 1297
f 1276 1297 1277
f 1277 1297 1298
f 1277 1298 1278
f 1278 1298 1299
f 1278 1299 1279
f 1279 1299 1300
f 1279 1300 1280
f 1280 1300 1301
f 1280 1301 1281
f 1281 1301 1302
f 1281 1302 1282
f 1282 1302 1303
f 1282 1303 785
f 785 1303 783
f 307 822 306
f 22 700 23
f 23 700 29
f 29 700 1304
f 1304 700 702
f 1304 702 1305
f 1305 702 704
f 1305 704 1306
f 1306 704 706
f 1306 706 1307
f 1307 706 708
f 1307 708 1308
f 1308 708 710
f 1308 710 1309
f 1309 710 712
f 1309 712 1310
f 1310 712 714
f 1310 714 1311
f 1311 714 716
f 1311 716 1312
f 1312 716 718
f 1312 718 1313
f 1313 718 720
f 1313 720 1314
f 1314 720 722
f 1314 722 1315
f 1315 722 724
f 1315 724 1316
f 1316 724 726
f 1316 726 1317
f 1317 726 728
f 1317 728 1318
f 1318 728 730
f 1318 730 1319
f 1319 730 732
f 1319 732 734
f 29 1304 28
f 28 1304 27
f 27 1304 25
f 25 1304 26
f 1304 1305 26
f 26 1305 24
f 24 1305 30
f 30 1305 1306
f 30 1306 1320
f 1320 1306 1307
f 1320 1307 1321
f 1321 1307 1308
f 1321 1308 1322
f 1322 1308 1309
f 1322 1309 1323
f 1323 1309 1310
f 1323 1310 1324
f 1324 1310 1311
f 1324 1311 1325
f 1325 1311 1312
f 1325 1312 1326
f 1326 1312 1313
f 1326 1313 1327
f 1327 1313 1314
f 1327 1314 1328
f 1328 1314 1315
f 1328 1315 1329
f 1329 1315 1316
f 1329 1316 1330
f 1330 1316 1317
f 1330 1317 1331
f 1331 1317 1318
f 1331 1318 1332
f 1332 1318 1319
f 1332 1319 1333
f 1333 1319 1334
f 1333 1334 1335
f 1335 1334 1336
f 1335 1336 1337
f 1337 1336 1338
f 1337 1338 1339
f 1339 1338 1340
f 1339 1340 1341
f 1341 1340 1342
f 1341 1342 1343
f 1343 1342 1344
f 1343 1344 1345
f 1345 1344 1346
f 1345 1346 1347
f 1347 1346 1348
f 1347 1348 1349
f 1349 1348 1350
f 1349 1350 1351
f 1351 1350 1352
f 1351 1352 1353
f 1353 1352 1354
f 1353 1354 1355
f 1355 1354 1356
f 1355 1356 1357
f 1357 1356 1358
f 1357 1358 1359
f 1359 1358 1360
f 1359 1360 1361
f 1361 1360 1362
f 1361 1362 1363
f 1363 1362 1364
f 1363 1364 1365
f 1365 1364 1366
f 1365 1366 1367
f 1367 1366 1368
f 1367 1368 1369
f 1369 1368 1370
f 1369 1370 1371
f 1371 1370 1372
f 1371 1372 1373
f 1373 1372 1374
f 1373 1374 1375
f 1375 1374 1376
f 1375 1376 1377
f 1377 1376 1378
f 1377 1378 1379
f 1379 1378 1380
f 1379 1380 1381
f 1381 1380 1382
f 1381 1382 1383
f 1383 1382 779
f 1383 779 781
f 779 1382 777
f 777 1382 1380
f 777 1380 1378
f 777 1378 775
f 775 1378 1376
f 775 1376 773
f 773 1376 1374
f 773 1374 771
f 771 1374 1372
f 771 1372 769
f 769 1372 1370
f 769 1370 767
f 767 1370 1368
f 767 1368 765
f 765 1368 1366
f 765 1366 763
f 763 1366 1364
f 763 1364 761
f 761 1364 1362
f 761 1362 759
f 759 1362 1360
f 759 1360 757
f 757 1360 1358
f 757 1358 755
f 755 1358 1356
f 755 1356 753
f 753 1356 1354
f 753 1354 751
f 751 1354 1352
f 751 1352 749
f 749 1352 1350
f 749 1350 747
f 747 1350 1348
f 747 1348 745
f 745 1348 1346
f 745 1346 743
f 743 1346 1344
f 743 1344 741
f 741 1344 1342
f 741 1342 739
f 739 1342 1340
f 739 1340 737
f 737 1340 1338
f 737 1338 735
f 735 1338 1336
f 735 1336 734
f 734 1336 1334
f 734 1334 1319
f 30 1320 31
f 31 1320 32
f 32 1320 1384
f 1384 1320 1321
f 1384 1321 1385
f 1385 1321 1322
f 1385 1322 1386
f 1386 1322 1323
f 1386 1323 1387
f 1387 1323 1324
f 1387 1324 1388
f 1388 1324 1325
f 1388 1325 1389
f 1389 1325 1326
f 1389 1326 1390
f 1390 1326 1327
f 1390 1327 1391
f 1391 1327 1328
f 1391 1328 1392
f 1392 1328 1329
f 1392 1329 1393
f 1393 1329 1330
f 1393 1330 1394
f 1394 1330 1331
f 1394 1331 1395
f 1395 1331 1332
f 1395 1332 1333
f 32 1384 33
f 33 1384 34
f 1384 1396 34
f 34 1396 35
f 35 1396 72
f 72 1396 1397
f 72 1397 73
f 73 1397 74
f 1384 1385 1396
f 1396 1385 1398
f 1396 1398 1397
f 1397 1398 1399
f 1397 1399 1400
f 1400 1399 1401
f 1400 1401 1402
f 1402 1401 1403
f 1402 1403 1404
f 1404 1403 1405
f 1404 1405 1406
f 1406 1405 1407
f 1406 1407 1408
f 1408 1407 1409
f 1408 1409 1410
f 1410 1409 1411
f 1411 1412 89
f 89 1412 1413
f 89 1413 91
f 91 1413 92
f 94 93 95
f 96 95 97
f 1397 1400 74
f 74 1400 75
f 75 1400 1402
f 75 1402 77
f 77 1402 1404
f 77 1404 79
f 79 1404 157
f 1404 1406 157
f 157 1406 80
f 80 1406 81
f 81 1406 1408
f 81 1408 83
f 1408 1410 83
f 83 1410 85
f 1410 1411 85
f 85 1411 86
f 86 1411 87
f 87 1411 89
f 87 89 88
f 89 91 90
f 1385 1386 1398
f 1398 1386 1414
f 1398 1414 1399
f 1399 1414 1415
f 1399 1415 1401
f 1401 1415 1416
f 1401 1416 1403
f 1403 1416 1417
f 1403 1417 1405
f 1405 1417 1418
f 1405 1418 1407
f 1407 1418 1419
f 1407 1419 1409
f 1409 1419 1411
f 1420 1421 93
f 93 1421 95
f 1386 1387 1414
f 1414 1387 1422
f 1414 1422 1415
f 1415 1422 1423
f 1415 1423 1416
f 1416 1423 1424
f 1416 1424 1417
f 1417 1424 1425
f 1417 1425 1418
f 1418 1425 1426
f 1418 1426 1419
f 1419 1426 1427
f 1419 1427 1411
f 1411 1427 1428
f 1411 1428 1412
f 1412 1428 1429
f 1412 1429 1413
f 1413 1429 1430
f 1413 1430 1420
f 1420 1430 1421
f 1421 1431 95
f 95 1431 1432
f 95 1432 97
f 97 1432 98
f 98 1432 99
f 99 1432 1433
f 99 1433 101
f 101 1433 1434
f 101 1434 102
f 1387 1388 1422
f 1422 1388 1435
f 1422 1435 1423
f 1423 1435 1436
f 1423 1436 1424
f 1424 1436 1437
f 1424 1437 1425
f 1425 1437 1438
f 1425 1438 1426
f 1426 1438 1427
f 1430 1439 1421
f 1421 1439 1431
f 1388 1389 1435
f 1435 1389 1440
f 1435 1440 1436
f 1436 1440 1441
f 1436 1441 1437
f 1437 1441 1442
f 1437 1442 1438
f 1438 1442 1443
f 1438 1443 1427
f 1427 1443 1444
f 1427 1444 1428
f 1428 1444 1445
f 1428 1445 1429
f 1429 1445 1446
f 1429 1446 1430
f 1430 1446 1439
f 1439 1447 1431
f 1431 1447 1448
f 1431 1448 1432
f 1432 1448 1449
f 1432 1449 1433
f 1433 1449 1434
f 1389 1390 1440
f 1440 1390 1450
f 1440 1450 1441
f 1441 1450 1451
f 1441 1451 1442
f 1442 1451 1452
f 1442 1452 1443
f 1443 1452 1453
f 1443 1453 1444
f 1444 1453 1454
f 1444 1454 1445
f 1445 1454 1455
f 1445 1455 1446
f 1446 1455 1456
f 1446 1456 1439
f 1439 1456 1447
f 1448 1457 1449
f 1449 1457 1458
f 1449 1458 1434
f 1434 1458 1459
f 1434 1459 102
f 102 1459 104
f 104 1459 168
f 168 1459 1460
f 168 1460 170
f 170 1460 114
f 1390 1391 1450
f 1450 1391 1461
f 1450 1461 1451
f 1451 1461 1462
f 1451 1462 1452
f 1452 1462 1463
f 1452 1463 1453
f 1453 1463 1464
f 1453 1464 1454
f 1454 1464 1455
f 1455 1465 1456
f 1456 1465 1466
f 1456 1466 1447
f 1447 1466 1467
f 1447 1467 1448
f 1448 1467 1468
f 1448 1468 1457
f 1457 1468 1469
f 1457 1469 1458
f 1458 1469 1470
f 1458 1470 1459
f 1459 1470 1460
f 1391 1392 1461
f 1461 1392 1471
f 1461 1471 1462
f 1462 1471 1472
f 1462 1472 1463
f 1463 1472 1473
f 1463 1473 1464
f 1464 1473 1474
f 1474 1475 1465
f 1465 1475 1476
f 1465 1476 1466
f 1466 1476 1477
f 1466 1477 1467
f 1467 1477 1478
f 1467 1478 1468
f 1468 1478 1479
f 1468 1479 1469
f 1469 1479 1480
f 1469 1480 1470
f 1470 1480 1481
f 1470 1481 1460
f 1460 1481 1482
f 1460 1482 114
f 114 1482 112
f 112 1482 111
f 111 1482 109
f 109 1482 1483
f 109 1483 108
f 108 1483 1484
f 108 1484 105
f 105 1484 106
f 1465 1455 1474
f 1474 1455 1464
f 1392 1393 1471
f 1471 1393 1485
f 1471 1485 1472
f 1472 1485 1486
f 1472 1486 1473
f 1473 1486 1487
f 1473 1487 1474
f 1474 1487 1488
f 1474 1488 1475
f 1475 1488 1489
f 1475 1489 1476
f 1476 1489 1490
f 1476 1490 1477
f 1477 1490 1491
f 1477 1491 1478
f 1478 1491 1492
f 1478 1492 1479
f 1479 1492 1493
f 1479 1493 1480
f 1480 1493 1494
f 1480 1494 1481
f 1481 1494 1495
f 1481 1495 1482
f 1482 1495 1483
f 1393 1394 1485
f 1485 1394 1496
f 1485 1496 1486
f 1486 1496 1497
f 1486 1497 1498
f 1498 1497 1499
f 1498 1499 1488
f 1488 1499 1500
f 1488 1500 1489
f 1489 1500 1501
f 1489 1501 1490
f 1490 1501 1502
f 1490 1502 1491
f 1491 1502 1503
f 1491 1503 1492
f 1492 1503 1504
f 1492 1504 1493
f 1493 1504 1505
f 1493 1505 1494
f 1494 1505 1506
f 1494 1506 1495
f 1495 1506 1507
f 1495 1507 1483
f 1483 1507 1484
f 1488 1487 1498
f 1498 1487 1486
f 1394 1395 1496
f 1496 1395 1508
f 1496 1508 1497
f 1497 1508 1509
f 1497 1509 1499
f 1499 1509 1510
f 1499 1510 1500
f 1500 1510 1511
f 1500 1511 1501
f 1501 1511 1512
f 1501 1512 1502
f 1502 1512 1513
f 1502 1513 1503
f 1503 1513 1514
f 1503 1514 1504
f 1504 1514 1515
f 1504 1515 1505
f 1505 1515 1516
f 1505 1516 1506
f 1506 1516 1517
f 1506 1517 1507
f 1507 1517 1518
f 1507 1518 1484
f 1484 1518 1519
f 1484 1519 106
f 106 1519 70
f 70 1519 71
f 71 1519 1520
f 71 1520 69
f 69 1520 68
f 1520 1521 68
f 68 1521 66
f 66 1521 67
f 67 1521 1522
f 67 1522 65
f 65 1522 133
f 133 1522 1523
f 1523 1522 1524
f 1523 1524 1525
f 1525 1524 1526
f 1525 1526 1527
f 1527 1526 1528
f 1527 1528 1529
f 1529 1528 1530
f 1529 1530 1531
f 1531 1530 666
f 1531 666 667
f 667 668 1531
f 1531 668 1532
f 1531 1532 1533
f 1533 1532 1534
f 1533 1534 1535
f 1535 1534 1536
f 1535 1536 180
f 180 1536 182
f 182 1536 1537
f 182 1537 184
f 184 1537 1538
f 184 1538 3
f 3 1538 1
f 1 1538 1539
f 1 1539 143
f 143 1539 1540
f 143 1540 696
f 696 1540 1541
f 696 1541 697
f 697 1541 1542
f 697 1542 698
f 698 1542 1543
f 698 1543 699
f 699 1543 1544
f 699 1544 701
f 701 1544 1545
f 701 1545 703
f 703 1545 1546
f 703 1546 705
f 705 1546 1547
f 705 1547 707
f 707 1547 1548
f 707 1548 709
f 709 1548 1549
f 709 1549 711
f 711 1549 1550
f 711 1550 713
f 713 1550 1551
f 713 1551 715
f 715 1551 1552
f 715 1552 717
f 717 1552 1553
f 717 1553 719
f 719 1553 1554
f 719 1554 721
f 721 1554 1555
f 721 1555 723
f 723 1555 1556
f 723 1556 725
f 725 1556 1557
f 725 1557 727
f 727 1557 1558
f 727 1558 729
f 729 1558 1559
f 729 1559 731
f 731 1559 1560
f 731 1560 733
f 733 1560 1284
f 733 1284 1283
f 736 734 1283
f 1283 734 733
f 1284 1560 1285
f 1285 1560 1561
f 1285 1561 1286
f 1286 1561 1562
f 1286 1562 1287
f 1287 1562 1563
f 1287 1563 1288
f 1288 1563 1564
f 1288 1564 1289
f 1289 1564 1565
f 1289 1565 1290
f 1290 1565 1566
f 1290 1566 1291
f 1291 1566 1567
f 1291 1567 1292
f 1292 1567 1568
f 1292 1568 1293
f 1293 1568 1569
f 1293 1569 1294
f 1294 1569 1570
f 1294 1570 1295
f 1295 1570 1571
f 1295 1571 1296
f 1296 1571 1572
f 1296 1572 1297
f 1297 1572 1573
f 1297 1573 1298
f 1298 1573 1574
f 1298 1574 1299
f 1299 1574 1575
f 1299 1575 1300
f 1300 1575 1576
f 1300 1576 1301
f 1301 1576 1577
f 1301 1577 1302
f 1302 1577 1578
f 1302 1578 1303
f 1303 1578 1579
f 1303 1579 783
f 783 1579 781
f 781 1579 1383
f 1383 1579 1580
f 1383 1580 1381
f 1381 1580 1581
f 1381 1581 1582
f 1582 1581 1583
f 1582 1583 647
f 647 1583 695
f 695 1583 694
f 694 1583 1584
f 694 1584 693
f 693 1584 692
f 1381 1582 1379
f 1379 1582 1585
f 1379 1585 1377
f 1377 1585 312
f 1377 312 648
f 1377 648 1375
f 1375 648 649
f 1375 649 650
f 1375 650 1373
f 1373 650 651
f 1373 651 652
f 1373 652 1371
f 1371 652 447
f 1371 447 653
f 1371 653 1369
f 1369 653 654
f 1369 654 1367
f 1367 654 441
f 1367 441 438
f 1367 438 1365
f 1365 438 655
f 1365 655 656
f 656 434 1365
f 1365 434 1363
f 312 1585 647
f 647 1585 1582
f 1579 1578 1580
f 1580 1578 1586
f 1580 1586 1581
f 1581 1586 1587
f 1581 1587 1583
f 1583 1587 1584
f 1578 1577 1586
f 1586 1577 1588
f 1586 1588 1587
f 1587 1588 1589
f 1587 1589 1584
f 1584 1589 1590
f 1584 1590 692
f 692 1590 323
f 323 1590 691
f 691 1590 1591
f 691 1591 690
f 690 1591 1592
f 690 1592 329
f 329 1592 332
f 1577 1576 1588
f 1588 1576 1593
f 1588 1593 1589
f 1589 1593 1594
f 1589 1594 1590
f 1590 1594 1591
f 1576 1575 1593
f 1593 1575 1595
f 1593 1595 1594
f 1594 1595 1596
f 1594 1596 1591
f 1591 1596 1592
f 1575 1574 1595
f 1595 1574 1597
f 1595 1597 1596
f 1596 1597 1598
f 1596 1598 1592
f 1592 1598 1599
f 1592 1599 332
f 332 1599 334
f 334 1599 336
f 336 1599 689
f 1574 1573 1597
f 1597 1573 1600
f 1597 1600 1598
f 1598 1600 1601
f 1598 1601 1599
f 1599 1601 1602
f 1599 1602 689
f 689 1602 1603
f 689 1603 338
f 338 1603 340
f 340 1603 688
f 688 1603 1604
f 688 1604 1605
f 1605 1604 1606
f 1605 1606 1607
f 1607 1606 1608
f 1607 1608 1609
f 1609 1608 1610
f 1609 1610 1611
f 1611 1610 1612
f 1611 1612 1613
f 1613 1612 1614
f 1613 1614 1615
f 1615 1614 1616
f 1615 1616 1617
f 1617 1616 1618
f 1617 1618 1555
f 1555 1618 1556
f 1555 1554 1617
f 1617 1554 1619
f 1617 1619 1615
f 1615 1619 1620
f 1615 1620 1613
f 1613 1620 1621
f 1613 1621 1611
f 1611 1621 1622
f 1611 1622 1609
f 1609 1622 1623
f 1609 1623 1607
f 1607 1623 1624
f 1607 1624 1605
f 1605 1624 686
f 1605 686 687
f 687 342 1605
f 1605 342 688
f 686 1624 685
f 685 1624 1625
f 685 1625 352
f 352 1625 1626
f 352 1626 684
f 684 1626 1627
f 684 1627 683
f 683 1627 360
f 1624 1623 1625
f 1625 1623 1628
f 1625 1628 1626
f 1626 1628 1629
f 1626 1629 1627
f 1627 1629 1630
f 1627 1630 1631
f 1631 1630 1632
f 1631 1632 1633
f 1633 1632 1549
f 1633 1549 1548
f 1549 1632 1550
f 1550 1632 1634
f 1550 1634 1551
f 1551 1634 1635
f 1551 1635 1552
f 1552 1635 1636
f 1552 1636 1553
f 1553 1636 1619
f 1553 1619 1554
f 1619 1636 1620
f 1620 1636 1637
f 1620 1637 1621
f 1621 1637 1638
f 1621 1638 1622
f 1622 1638 1628
f 1622 1628 1623
f 1628 1638 1629
f 1629 1638 1639
f 1629 1639 1630
f 1630 1639 1634
f 1630 1634 1632
f 1634 1639 1635
f 1635 1639 1637
f 1635 1637 1636
f 1638 1637 1639
f 1627 1631 360
f 360 1631 362
f 1573 1572 1600
f 1600 1572 1640
f 1600 1640 1601
f 1601 1640 1641
f 1601 1641 1602
f 1602 1641 1642
f 1602 1642 1603
f 1603 1642 1604
f 1572 1571 1640
f 1640 1571 1643
f 1640 1643 1641
f 1641 1643 1644
f 1641 1644 1642
f 1642 1644 1645
f 1642 1645 1604
f 1604 1645 1606
f 1571 1570 1643
f 1643 1570 1646
f 1643 1646 1644
f 1644 1646 1647
f 1644 1647 1645
f 1645 1647 1648
f 1645 1648 1606
f 1606 1648 1608
f 1570 1569 1646
f 1646 1569 1649
f 1646 1649 1647
f 1647 1649 1650
f 1647 1650 1648
f 1648 1650 1651
f 1648 1651 1608
f 1608 1651 1610
f 1569 1568 1649
f 1649 1568 1652
f 1649 1652 1650
f 1650 1652 1653
f 1650 1653 1651
f 1651 1653 1654
f 1651 1654 1610
f 1610 1654 1612
f 1568 1567 1652
f 1652 1567 1655
f 1652 1655 1653
f 1653 1655 1656
f 1653 1656 1654
f 1654 1656 1657
f 1654 1657 1612
f 1612 1657 1614
f 1567 1566 1655
f 1655 1566 1658
f 1655 1658 1656
f 1656 1658 1659
f 1656 1659 1657
f 1657 1659 1660
f 1657 1660 1614
f 1614 1660 1616
f 1566 1565 1658
f 1658 1565 1661
f 1658 1661 1659
f 1659 1661 1662
f 1659 1662 1660
f 1660 1662 1663
f 1660 1663 1616
f 1616 1663 1618
f 1565 1564 1661
f 1661 1564 1664
f 1661 1664 1662
f 1662 1664 1665
f 1662 1665 1663
f 1663 1665 1666
f 1663 1666 1618
f 1618 1666 1556
f 1556 1666 1557
f 1557 1666 1667
f 1557 1667 1558
f 1558 1667 1668
f 1558 1668 1559
f 1559 1668 1561
f 1559 1561 1560
f 1561 1668 1562
f 1562 1668 1669
f 1562 1669 1563
f 1563 1669 1664
f 1563 1664 1564
f 1664 1669 1665
f 1665 1669 1667
f 1665 1667 1666
f 1667 1669 1668
f 180 142 1535
f 1535 142 141
f 1535 141 1670
f 1670 141 140
f 1670 140 139
f 1535 1670 1533
f 1533 1670 1529
f 1533 1529 1531
f 1529 1670 1527
f 1527 1670 1671
f 1527 1671 1525
f 1525 1671 1672
f 1525 1672 1523
f 1523 1672 135
f 1523 135 134
f 134 133 1523
f 135 1672 136
f 136 1672 137
f 1672 1671 137
f 137 1671 138
f 138 1671 139
f 139 1671 1670
f 668 669 1532
f 1532 669 670
f 1532 670 1673
f 1673 670 671
f 1673 671 385
f 1532 1673 1534
f 1534 1673 1674
f 1534 1674 1536
f 1536 1674 1537
f 1537 1674 1538
f 1538 1674 1675
f 1538 1675 1676
f 1676 1675 1677
f 1676 1677 1678
f 1678 1677 383
f 1678 383 381
f 383 1677 385
f 385 1677 1675
f 385 1675 1673
f 1673 1675 1674
f 1538 1676 1539
f 1539 1676 1540
f 1676 1678 1540
f 1540 1678 1541
f 666 1530 665
f 665 1530 664
f 664 1530 1679
f 1679 1530 1528
f 1679 1528 1680
f 1680 1528 1526
f 1680 1526 1681
f 1681 1526 1524
f 1681 1524 1682
f 1682 1524 1522
f 1682 1522 1683
f 1683 1522 1521
f 1683 1521 1684
f 1684 1521 1520
f 1684 1520 1685
f 1685 1520 1519
f 1685 1519 1518
f 664 1679 663
f 663 1679 395
f 395 1679 1686
f 1686 1679 1680
f 1686 1680 1687
f 1687 1680 1681
f 1687 1681 1688
f 1688 1681 1682
f 1688 1682 1689
f 1689 1682 1683
f 1689 1683 1690
f 1690 1683 1684
f 1690 1684 1691
f 1691 1684 1685
f 1691 1685 1692
f 1692 1685 1518
f 1692 1518 1517
f 395 1686 662
f 662 1686 661
f 1686 1693 661
f 661 1693 1694
f 661 1694 403
f 403 1694 405
f 1686 1687 1693
f 1693 1687 1695
f 1693 1695 1696
f 1696 1695 1697
f 1696 1697 1698
f 1698 1697 1699
f 1698 1699 1700
f 1700 1699 1701
f 1700 1701 1702
f 1702 1701 1703
f 1702 1703 1704
f 1704 1703 1705
f 1704 1705 1706
f 1706 1705 1707
f 1706 1707 1708
f 1708 1707 1709
f 1708 1709 1710
f 1710 1709 1711
f 1710 1711 1345
f 1345 1711 1343
f 1345 1347 1710
f 1710 1347 1712
f 1710 1712 1708
f 1708 1712 1713
f 1708 1713 1706
f 1706 1713 1714
f 1706 1714 1704
f 1704 1714 1715
f 1704 1715 1702
f 1702 1715 1716
f 1702 1716 1700
f 1700 1716 1717
f 1700 1717 1698
f 1698 1717 1718
f 1698 1718 1696
f 1696 1718 1694
f 1696 1694 1693
f 1694 1718 405
f 405 1718 1719
f 405 1719 408
f 408 1719 411
f 1718 1717 1719
f 1719 1717 1720
f 1719 1720 1721
f 1721 1720 1722
f 1721 1722 1723
f 1723 1722 1724
f 1723 1724 1725
f 1725 1724 1726
f 1725 1726 1727
f 1727 1726 1728
f 1727 1728 1729
f 1729 1728 1359
f 1729 1359 1361
f 1359 1728 1357
f 1357 1728 1730
f 1357 1730 1355
f 1355 1730 1731
f 1355 1731 1353
f 1353 1731 1732
f 1353 1732 1351
f 1351 1732 1733
f 1351 1733 1349
f 1349 1733 1712
f 1349 1712 1347
f 1712 1733 1713
f 1713 1733 1734
f 1713 1734 1714
f 1714 1734 1735
f 1714 1735 1715
f 1715 1735 1736
f 1715 1736 1716
f 1716 1736 1720
f 1716 1720 1717
f 1720 1736 1722
f 1722 1736 1737
f 1722 1737 1724
f 1724 1737 1738
f 1724 1738 1726
f 1726 1738 1730
f 1726 1730 1728
f 1730 1738 1731
f 1731 1738 1739
f 1731 1739 1732
f 1732 1739 1734
f 1732 1734 1733
f 1734 1739 1735
f 1735 1739 1737
f 1735 1737 1736
f 1739 1738 1737
f 1719 1721 411
f 411 1721 414
f 414 1721 418
f 418 1721 1723
f 418 1723 660
f 660 1723 1725
f 660 1725 424
f 424 1725 1727
f 424 1727 426
f 426 1727 1729
f 426 1729 428
f 428 1729 659
f 1687 1688 1695
f 1695 1688 1740
f 1695 1740 1697
f 1697 1740 1741
f 1697 1741 1699
f 1699 1741 1742
f 1699 1742 1701
f 1701 1742 1743
f 1701 1743 1703
f 1703 1743 1744
f 1703 1744 1705
f 1705 1744 1745
f 1705 1745 1707
f 1707 1745 1746
f 1707 1746 1709
f 1709 1746 1747
f 1709 1747 1711
f 1711 1747 1748
f 1711 1748 1343
f 1343 1748 1341
f 1688 1689 1740
f 1740 1689 1749
f 1740 1749 1741
f 1741 1749 1750
f 1741 1750 1742
f 1742 1750 1751
f 1742 1751 1743
f 1743 1751 1752
f 1743 1752 1744
f 1744 1752 1753
f 1744 1753 1745
f 1745 1753 1754
f 1745 1754 1746
f 1746 1754 1755
f 1746 1755 1747
f 1747 1755 1756
f 1747 1756 1748
f 1748 1756 1757
f 1748 1757 1341
f 1341 1757 1339
f 1689 1690 1749
f 1749 1690 1758
f 1749 1758 1750
f 1750 1758 1759
f 1750 1759 1751
f 1751 1759 1760
f 1751 1760 1752
f 1752 1760 1761
f 1752 1761 1753
f 1753 1761 1762
f 1753 1762 1754
f 1754 1762 1763
f 1754 1763 1755
f 1755 1763 1764
f 1755 1764 1756
f 1756 1764 1765
f 1756 1765 1757
f 1757 1765 1766
f 1757 1766 1339
f 1339 1766 1337
f 1690 1691 1758
f 1758 1691 1767
f 1758 1767 1759
f 1759 1767 1768
f 1759 1768 1760
f 1760 1768 1769
f 1760 1769 1761
f 1761 1769 1770
f 1761 1770 1762
f 1762 1770 1771
f 1762 1771 1763
f 1763 1771 1772
f 1763 1772 1764
f 1764 1772 1773
f 1764 1773 1765
f 1765 1773 1774
f 1765 1774 1766
f 1766 1774 1775
f 1766 1775 1337
f 1337 1775 1335
f 1691 1692 1767
f 1767 1692 1776
f 1767 1776 1768
f 1768 1776 1777
f 1768 1777 1769
f 1769 1777 1778
f 1769 1778 1770
f 1770 1778 1779
f 1770 1779 1771
f 1771 1779 1780
f 1771 1780 1772
f 1772 1780 1781
f 1772 1781 1773
f 1773 1781 1782
f 1773 1782 1774
f 1774 1782 1783
f 1774 1783 1775
f 1775 1783 1784
f 1775 1784 1335
f 1335 1784 1333
f 1692 1517 1776
f 1776 1517 1516
f 1776 1516 1777
f 1777 1516 1515
f 1777 1515 1778
f 1778 1515 1514
f 1778 1514 1779
f 1779 1514 1513
f 1779 1513 1780
f 1780 1513 1512
f 1780 1512 1781
f 1781 1512 1511
f 1781 1511 1782
f 1782 1511 1510
f 1782 1510 1783
f 1783 1510 1509
f 1783 1509 1784
f 1784 1509 1508
f 1784 1508 1333
f 1333 1508 1395
f 1729 1785 659
f 659 1785 658
f 658 1785 657
f 657 1785 434
f 434 1785 1363
f 1363 1785 1361
f 1785 1729 1361
f 1541 1678 1786
f 1786 1678 381
f 1786 381 672
f 672 673 1786
f 1786 673 1787
f 1786 1787 1542
f 1542 1787 1543
f 1786 1542 1541
f 673 674 1787
f 1787 674 675
f 1787 675 1788
f 1788 675 676
f 1788 676 677
f 1787 1788 1543
f 1543 1788 1544
f 1544 1788 1789
f 1789 1788 677
f 1789 677 678
f 678 679 1789
f 1789 679 1790
f 1789 1790 1545
f 1545 1790 1546
f 1544 1789 1545
f 679 680 1790
f 1790 680 370
f 1790 370 1791
f 1791 370 681
f 1791 681 682
f 1790 1791 1546
f 1546 1791 1547
f 1547 1791 1792
f 1792 1791 682
f 1792 682 1793
f 1793 682 364
f 1793 364 362
f 362 1631 1793
f 1793 1631 1633
f 1793 1633 1792
f 1792 1633 1548
f 1792 1548 1547
f 1413 1420 92
f 92 1420 93
f 306 822 1794
f 1794 822 820
f 1794 820 1795
f 1795 820 818
f 1795 818 1796
f 1796 818 816
f 1796 816 1797
f 1797 816 814
f 1797 814 1798
f 1798 814 812
f 1798 812 1799
f 1799 812 810
f 1799 810 1800
f 1800 810 808
f 1800 808 1801
f 1801 808 806
f 1801 806 1802
f 1802 806 804
f 1802 804 1803
f 1803 804 802
f 1803 802 1804
f 1804 802 800
f 1804 800 1805
f 1805 800 798
f 1805 798 1806
f 1806 798 796
f 1806 796 1807
f 1807 796 794
f 1807 794 1808
f 1808 794 792
f 1808 792 1809
f 1809 792 790
f 1809 790 1810
f 1810 790 788
f 1810 788 1811
f 1811 788 786
f 1811 786 1812
f 1812 786 784
f 1812 784 1813
f 1813 784 782
f 1813 782 1814
f 1814 782 1815
f 1814 1815 1816
f 1816 1815 1817
f 1816 1817 1818
f 1818 1817 866
f 1818 866 864
f 866 1817 778
f 778 1817 780
f 1817 1815 780
f 780 1815 782
f 306 1794 57
f 57 1794 56
f 56 1794 1819
f 1819 1794 1795
f 1819 1795 1820
f 1820 1795 1796
f 1820 1796 1821
f 1821 1796 1797
f 1821 1797 1822
f 1822 1797 1798
f 1822 1798 1823
f 1823 1798 1799
f 1823 1799 1824
f 1824 1799 1800
f 1824 1800 1825
f 1825 1800 1801
f 1825 1801 1826
f 1826 1801 1802
f 1826 1802 1827
f 1827 1802 1803
f 1827 1803 1828
f 1828 1803 1804
f 1828 1804 1829
f 1829 1804 1805
f 1829 1805 1830
f 1830 1805 1806
f 1830 1806 1831
f 1831 1806 1807
f 1831 1807 1832
f 1832 1807 1808
f 1832 1808 1833
f 1833 1808 1809
f 1833 1809 1834
f 1834 1809 1810
f 1834 1810 1835
f 1835 1810 1811
f 1835 1811 1836
f 1836 1811 1812
f 1836 1812 1837
f 1837 1812 1813
f 1837 1813 1838
f 1838 1813 1814
f 1838 1814 1816
f 56 1819 54
f 54 1819 55
f 55 1819 1839
f 1839 1819 1820
f 1839 1820 1840
f 1840 1820 1821
f 1840 1821 1841
f 1841 1821 1822
f 1841 1822 1842
f 1842 1822 1823
f 1842 1823 1843
f 1843 1823 1824
f 1843 1824 1844
f 1844 1824 1825
f 1844 1825 1845
f 1845 1825 1826
f 1845 1826 1846
f 1846 1826 1827
f 1846 1827 1847
f 1847 1827 1828
f 1847 1828 1848
f 1848 1828 1829
f 1848 1829 1849
f 1849 1829 1830
f 1849 1830 1850
f 1850 1830 1831
f 1850 1831 1851
f 1851 1831 1832
f 1851 1832 1852
f 1852 1832 1833
f 1852 1833 1853
f 1853 1833 1834
f 1853 1834 1854
f 1854 1834 1835
f 1854 1835 1855
f 1855 1835 1836
f 1855 1836 1856
f 1856 1836 1837
f 1856 1837 1857
f 1857 1837 1858
f 1857 1858 1859
f 1859 1858 1860
f 1859 1860 1861
f 1861 1860 1862
f 1861 1862 1863
f 1863 1862 1864
f 1863 1864 1865
f 1865 1864 862
f 1865 862 860
f 862 1864 864
f 864 1864 1818
f 1864 1862 1818
f 1818 1862 1816
f 1862 1860 1816
f 1816 1860 1838
f 1860 1858 1838
f 1838 1858 1837
f 55 1839 52
f 52 1839 53
f 53 1839 1866
f 1866 1839 1840
f 1866 1840 1867
f 1867 1840 1841
f 1867 1841 1868
f 1868 1841 1842
f 1868 1842 1869
f 1869 1842 1843
f 1869 1843 1870
f 1870 1843 1844
f 1870 1844 1871
f 1871 1844 1845
f 1871 1845 1872
f 1872 1845 1846
f 1872 1846 1873
f 1873 1846 1847
f 1873 1847 1874
f 1874 1847 1848
f 1874 1848 1875
f 1875 1848 1849
f 1875 1849 1876
f 1876 1849 1850
f 1876 1850 1877
f 1877 1850 1851
f 1877 1851 1878
f 1878 1851 1852
f 1878 1852 1879
f 1879 1852 1853
f 1879 1853 1880
f 1880 1853 1854
f 1880 1854 1881
f 1881 1854 1855
f 1881 1855 1882
f 1882 1855 1856
f 1882 1856 1883
f 1883 1856 1857
f 1883 1857 1859
f 53 1866 51
f 51 1866 50
f 50 1866 1884
f 1884 1866 1867
f 1884 1867 1885
f 1885 1867 1868
f 1885 1868 1886
f 1886 1868 1869
f 1886 1869 1887
f 1887 1869 1870
f 1887 1870 1888
f 1888 1870 1871
f 1888 1871 1889
f 1889 1871 1872
f 1889 1872 1890
f 1890 1872 1873
f 1890 1873 1891
f 1891 1873 1874
f 1891 1874 1892
f 1892 1874 1875
f 1892 1875 1893
f 1893 1875 1876
f 1893 1876 1894
f 1894 1876 1877
f 1894 1877 1895
f 1895 1877 1878
f 1895 1878 1896
f 1896 1878 1879
f 1896 1879 1897
f 1897 1879 1880
f 1897 1880 1898
f 1898 1880 1881
f 1898 1881 1899
f 1899 1881 1882
f 1899 1882 1900
f 1900 1882 1883
f 1900 1883 1901
f 1901 1883 1859
f 1901 1859 1902
f 1902 1859 1861
f 1902 1861 1903
f 1903 1861 1863
f 1903 1863 1904
f 1904 1863 1865
f 1904 1865 1905
f 1905 1865 860
f 1905 860 858
f 50 1884 48
f 48 1884 49
f 49 1884 1906
f 1906 1884 1885
f 1906 1885 1907
f 1907 1885 1886
f 1907 1886 1908
f 1908 1886 1887
f 1908 1887 1909
f 1909 1887 1888
f 1909 1888 1910
f 1910 1888 1889
f 1910 1889 1911
f 1911 1889 1890
f 1911 1890 1912
f 1912 1890 1891
f 1912 1891 1913
f 1913 1891 1892
f 1913 1892 1914
f 1914 1892 1893
f 1914 1893 1915
f 1915 1893 1894
f 1915 1894 1916
f 1916 1894 1895
f 1916 1895 1917
f 1917 1895 1896
f 1917 1896 1918
f 1918 1896 1897
f 1918 1897 1919
f 1919 1897 1898
f 1919 1898 1920
f 1920 1898 1899
f 1920 1899 1921
f 1921 1899 1900
f 1921 1900 1922
f 1922 1900 1901
f 1922 1901 1923
f 1923 1901 1902
f 1923 1902 1924
f 1924 1902 1903
f 1924 1903 1925
f 1925 1903 1904
f 1925 1904 1926
f 1926 1904 1905
f 1926 1905 1927
f 1927 1905 858
f 1927 858 856
f 49 1906 46
f 46 1906 47
f 47 1906 1928
f 1928 1906 1907
f 1928 1907 1929
f 1929 1907 1908
f 1929 1908 1930
f 1930 1908 1909
f 1930 1909 1931
f 1931 1909 1910
f 1931 1910 1932
f 1932 1910 1911
f 1932 1911 1933
f 1933 1911 1912
f 1933 1912 1934
f 1934 1912 1913
f 1934 1913 1935
f 1935 1913 1914
f 1935 1914 1936
f 1936 1914 1915
f 1936 1915 1937
f 1937 1915 1916
f 1937 1916 1938
f 1938 1916 1917
f 1938 1917 1939
f 1939 1917 1918
f 1939 1918 1940
f 1940 1918 1919
f 1940 1919 1941
f 1941 1919 1920
f 1941 1920 1942
f 1942 1920 1943
f 1942 1943 1944
f 1944 1943 1945
f 1944 1945 1946
f 1946 1945 1947
f 1946 1947 1948
f 1948 1947 1949
f 1948 1949 1950
f 1950 1949 1951
f 1950 1951 1952
f 1952 1951 1953
f 1952 1953 1954
f 1954 1953 1955
f 1954 1955 1956
f 1956 1955 1957
f 1956 1957 1958
f 1958 1957 854
f 1958 854 852
f 854 1957 856
f 856 1957 1927
f 1957 1955 1927
f 1927 1955 1926
f 1955 1953 1926
f 1926 1953 1925
f 1953 1951 1925
f 1925 1951 1924
f 1951 1949 1924
f 1924 1949 1923
f 1949 1947 1923
f 1923 1947 1922
f 1947 1945 1922
f 1922 1945 1921
f 1945 1943 1921
f 1921 1943 1920
f 47 1928 45
f 45 1928 44
f 44 1928 1959
f 1959 1928 1929
f 1959 1929 1960
f 1960 1929 1961
f 1960 1961 1962
f 1962 1961 1963
f 1962 1963 1964
f 1964 1963 1965
f 1964 1965 1966
f 1966 1965 1967
f 1966 1967 1968
f 1968 1967 1969
f 1968 1969 1970
f 1970 1969 1971
f 1970 1971 1972
f 1972 1971 1973
f 1972 1973 1974
f 1974 1973 1975
f 1974 1975 1976
f 1976 1975 1977
f 1976 1977 1978
f 1978 1977 1979
f 1978 1979 1980
f 1980 1979 1981
f 1980 1981 1982
f 1982 1981 1983
f 1982 1983 1984
f 1984 1983 1985
f 1984 1985 1986
f 1986 1985 1987
f 1986 1987 1988
f 1988 1987 1989
f 1988 1989 1990
f 1990 1989 1991
f 1990 1991 1992
f 1992 1991 1993
f 1992 1993 1994
f 1994 1993 1995
f 1994 1995 1996
f 1996 1995 1997
f 1996 1997 1998
f 1998 1997 1999
f 1998 1999 2000
f 2000 1999 2001
f 2000 2001 2002
f 2002 2001 2003
f 2002 2003 2004
f 2004 2003 2005
f 2004 2005 2006
f 2006 2005 2007
f 2006 2007 2008
f 2008 2007 846
f 2008 846 844
f 846 2007 848
f 848 2007 2009
f 848 2009 850
f 850 2009 2010
f 850 2010 852
f 852 2010 1958
f 2007 2005 2009
f 2009 2005 2011
f 2009 2011 2010
f 2010 2011 2012
f 2010 2012 1958
f 1958 2012 1956
f 2005 2003 2011
f 2011 2003 2013
f 2011 2013 2012
f 2012 2013 2014
f 2012 2014 1956
f 1956 2014 1954
f 2003 2001 2013
f 2013 2001 2015
f 2013 2015 2014
f 2014 2015 2016
f 2014 2016 1954
f 1954 2016 1952
f 2001 1999 2015
f 2015 1999 2017
f 2015 2017 2016
f 2016 2017 2018
f 2016 2018 1952
f 1952 2018 1950
f 1999 1997 2017
f 2017 1997 2019
f 2017 2019 2018
f 2018 2019 2020
f 2018 2020 1950
f 1950 2020 1948
f 1997 1995 2019
f 2019 1995 2021
f 2019 2021 2020
f 2020 2021 2022
f 2020 2022 1948
f 1948 2022 1946
f 1995 1993 2021
f 2021 1993 2023
f 2021 2023 2022
f 2022 2023 2024
f 2022 2024 1946
f 1946 2024 1944
f 1993 1991 2023
f 2023 1991 2025
f 2023 2025 2024
f 2024 2025 2026
f 2024 2026 1944
f 1944 2026 2027
f 1944 2027 1942
f 1942 2027 1941
f 1991 1989 2025
f 2025 1989 2028
f 2025 2028 2026
f 2026 2028 2029
f 2026 2029 2027
f 2027 2029 2030
f 2027 2030 1941
f 1941 2030 1940
f 1989 1987 2028
f 2028 1987 2031
f 2028 2031 2032
f 2032 2031 2033
f 2032 2033 2030
f 2030 2033 2034
f 2030 2034 1940
f 1940 2034 1939
f 2030 2029 2032
f 2032 2029 2028
f 1987 1985 2031
f 2031 1985 2035
f 2031 2035 2033
f 2033 2035 2036
f 2033 2036 2034
f 2034 2036 2037
f 2034 2037 1939
f 1939 2037 1938
f 1985 1983 2035
f 2035 1983 2038
f 2035 2038 2036
f 2036 2038 2039
f 2036 2039 2037
f 2037 2039 2040
f 2037 2040 1938
f 1938 2040 1937
f 1983 1981 2038
f 2038 1981 2041
f 2038 2041 2039
f 2039 2041 2042
f 2039 2042 2040
f 2040 2042 2043
f 2040 2043 1937
f 1937 2043 1936
f 1981 1979 2041
f 2041 1979 2044
f 2041 2044 2042
f 2042 2044 2045
f 2042 2045 2043
f 2043 2045 2046
f 2043 2046 1936
f 1936 2046 1935
f 1979 1977 2044
f 2044 1977 2047
f 2044 2047 2045
f 2045 2047 2048
f 2045 2048 2046
f 2046 2048 2049
f 2046 2049 1935
f 1935 2049 1934
f 1977 1975 2047
f 2047 1975 2050
f 2047 2050 2048
f 2048 2050 2051
f 2048 2051 2049
f 2049 2051 2052
f 2049 2052 1934
f 1934 2052 1933
f 1975 1973 2050
f 2050 1973 2053
f 2050 2053 2051
f 2051 2053 2054
f 2051 2054 2052
f 2052 2054 2055
f 2052 2055 1933
f 1933 2055 1932
f 1973 1971 2053
f 2053 1971 2056
f 2053 2056 2054
f 2054 2056 2057
f 2054 2057 2055
f 2055 2057 2058
f 2055 2058 1932
f 1932 2058 1931
f 1971 1969 2056
f 2056 1969 2059
f 2056 2059 2057
f 2057 2059 2060
f 2057 2060 2058
f 2058 2060 2061
f 2058 2061 1931
f 1931 2061 1930
f 1969 1967 2059
f 2059 1967 2060
f 1967 1965 2060
f 2060 1965 2061
f 1965 1963 2061
f 2061 1963 1961
f 2061 1961 1930
f 1930 1961 1929
f 44 1959 42
f 42 1959 43
f 1959 1960 43
f 43 1960 40
f 40 1960 41
f 41 1960 1962
f 41 1962 39
f 39 1962 38
f 1962 1964 38
f 38 1964 36
f 36 1964 37
f 37 1964 1966
f 37 1966 4
f 4 1966 5
f 1966 1968 5
f 5 1968 6
f 6 1968 7
f 7 1968 2062
f 7 2062 8
f 8 2062 9
f 1968 1970 2062
f 2062 1970 2063
f 2062 2063 9
f 9 2063 10
f 10 2063 11
f 11 2063 2064
f 11 2064 12
f 12 2064 13
f 1970 1972 2063
f 2063 1972 2064
f 1972 1974 2064
f 2064 1974 2065
f 2064 2065 2066
f 2066 2065 2067
f 2066 2067 15
f 15 2067 16
f 16 2067 305
f 305 2067 2068
f 305 2068 304
f 15 14 2066
f 2066 14 13
f 2066 13 2064
f 1974 1976 2065
f 2065 1976 2069
f 2065 2069 2067
f 2067 2069 2070
f 2067 2070 2068
f 2068 2070 2071
f 2068 2071 2072
f 2072 2071 2073
f 2072 2073 2074
f 2074 2073 2075
f 2074 2075 302
f 302 2075 301
f 301 2075 2076
f 301 2076 300
f 2068 2072 304
f 304 2072 303
f 303 2072 2077
f 303 2077 302
f 302 2077 2074
f 2074 2077 2072
f 1976 1978 2069
f 2069 1978 2078
f 2069 2078 2070
f 2070 2078 2079
f 2070 2079 2071
f 2071 2079 2080
f 2071 2080 2081
f 2081 2080 2082
f 2081 2082 2075
f 2075 2082 2076
f 2075 2073 2081
f 2081 2073 2071
f 1978 1980 2078
f 2078 1980 2083
f 2078 2083 2079
f 2079 2083 2084
f 2079 2084 2080
f 2080 2084 2085
f 2080 2085 2082
f 2082 2085 2086
f 2082 2086 2076
f 2076 2086 2087
f 2076 2087 300
f 300 2087 185
f 185 2087 186
f 186 2087 2088
f 186 2088 187
f 187 2088 188
f 1980 1982 2083
f 2083 1982 2089
f 2083 2089 2084
f 2084 2089 2090
f 2084 2090 2085
f 2085 2090 2091
f 2085 2091 2086
f 2086 2091 2092
f 2086 2092 2087
f 2087 2092 2093
f 2087 2093 2088
f 2088 2093 2094
f 2088 2094 188
f 188 2094 189
f 189 2094 194
f 194 2094 2095
f 194 2095 193
f 193 2095 192
f 192 2095 2096
f 2096 2095 2097
f 2096 2097 2098
f 2098 2097 2099
f 2098 2099 2100
f 2100 2099 2101
f 2100 2101 2102
f 2102 2101 2103
f 2102 2103 2104
f 2104 2103 2105
f 2104 2105 2106
f 2106 2105 2107
f 2106 2107 2108
f 2108 2107 2109
f 2108 2109 2110
f 2110 2109 2111
f 2110 2111 2112
f 2112 2111 2113
f 2112 2113 2114
f 2114 2113 2115
f 2114 2115 2116
f 2116 2115 2117
f 2116 2117 2118
f 2118 2117 2119
f 2118 2119 2120
f 2120 2119 2121
f 2120 2121 2122
f 2122 2121 830
f 2122 830 828
f 830 2121 832
f 832 2121 2123
f 832 2123 834
f 834 2123 2124
f 834 2124 836
f 836 2124 2125
f 836 2125 838
f 838 2125 2126
f 838 2126 840
f 840 2126 2127
f 840 2127 842
f 842 2127 2128
f 842 2128 844
f 844 2128 2008
f 2121 2119 2123
f 2123 2119 2129
f 2123 2129 2124
f 2124 2129 2130
f 2124 2130 2125
f 2125 2130 2131
f 2125 2131 2126
f 2126 2131 2132
f 2126 2132 2127
f 2127 2132 2133
f 2127 2133 2128
f 2128 2133 2134
f 2128 2134 2008
f 2008 2134 2006
f 2119 2117 2129
f 2129 2117 2135
f 2129 2135 2130
f 2130 2135 2136
f 2130 2136 2131
f 2131 2136 2137
f 2131 2137 2132
f 2132 2137 2138
f 2132 2138 2133
f 2133 2138 2139
f 2133 2139 2134
f 2134 2139 2140
f 2134 2140 2006
f 2006 2140 2004
f 2117 2115 2135
f 2135 2115 2141
f 2135 2141 2136
f 2136 2141 2142
f 2136 2142 2137
f 2137 2142 2143
f 2137 2143 2138
f 2138 2143 2144
f 2138 2144 2139
f 2139 2144 2145
f 2139 2145 2140
f 2140 2145 2146
f 2140 2146 2004
f 2004 2146 2002
f 2115 2113 2141
f 2141 2113 2147
f 2141 2147 2142
f 2142 2147 2148
f 2142 2148 2143
f 2143 2148 2149
f 2143 2149 2144
f 2144 2149 2150
f 2144 2150 2145
f 2145 2150 2151
f 2145 2151 2146
f 2146 2151 2152
f 2146 2152 2002
f 2002 2152 2000
f 2113 2111 2147
f 2147 2111 2153
f 2147 2153 2148
f 2148 2153 2154
f 2148 2154 2149
f 2149 2154 2155
f 2149 2155 2150
f 2150 2155 2156
f 2150 2156 2151
f 2151 2156 2157
f 2151 2157 2152
f 2152 2157 2158
f 2152 2158 2000
f 2000 2158 1998
f 2111 2109 2153
f 2153 2109 2159
f 2153 2159 2154
f 2154 2159 2160
f 2154 2160 2155
f 2155 2160 2161
f 2155 2161 2156
f 2156 2161 2162
f 2156 2162 2157
f 2157 2162 2163
f 2157 2163 2158
f 2158 2163 2164
f 2158 2164 1998
f 1998 2164 1996
f 2109 2107 2159
f 2159 2107 2165
f 2159 2165 2160
f 2160 2165 2166
f 2160 2166 2161
f 2161 2166 2167
f 2161 2167 2162
f 2162 2167 2168
f 2162 2168 2163
f 2163 2168 2169
f 2163 2169 2164
f 2164 2169 2170
f 2164 2170 1996
f 1996 2170 1994
f 2107 2105 2165
f 2165 2105 2171
f 2165 2171 2166
f 2166 2171 2172
f 2166 2172 2167
f 2167 2172 2173
f 2167 2173 2168
f 2168 2173 2174
f 2168 2174 2169
f 2169 2174 2175
f 2169 2175 2170
f 2170 2175 2176
f 2170 2176 1994
f 1994 2176 1992
f 2105 2103 2171
f 2171 2103 2177
f 2171 2177 2172
f 2172 2177 2178
f 2172 2178 2173
f 2173 2178 2179
f 2173 2179 2174
f 2174 2179 2180
f 2174 2180 2175
f 2175 2180 2181
f 2175 2181 2176
f 2176 2181 2182
f 2176 2182 1992
f 1992 2182 1990
f 2103 2101 2177
f 2177 2101 2183
f 2177 2183 2178
f 2178 2183 2184
f 2178 2184 2179
f 2179 2184 2185
f 2179 2185 2180
f 2180 2185 2186
f 2180 2186 2181
f 2181 2186 2187
f 2181 2187 2182
f 2182 2187 2188
f 2182 2188 1990
f 1990 2188 1988
f 2101 2099 2183
f 2183 2099 2189
f 2183 2189 2184
f 2184 2189 2190
f 2184 2190 2185
f 2185 2190 2191
f 2185 2191 2186
f 2186 2191 2192
f 2186 2192 2187
f 2187 2192 2193
f 2187 2193 2188
f 2188 2193 2194
f 2188 2194 1988
f 1988 2194 1986
f 2099 2097 2189
f 2189 2097 2195
f 2189 2195 2190
f 2190 2195 2196
f 2190 2196 2191
f 2191 2196 2197
f 2191 2197 2192
f 2192 2197 2198
f 2192 2198 2193
f 2193 2198 2199
f 2193 2199 2194
f 2194 2199 2200
f 2194 2200 1986
f 1986 2200 1984
f 2097 2095 2195
f 2195 2095 2094
f 2195 2094 2196
f 2196 2094 2093
f 2196 2093 2197
f 2197 2093 2092
f 2197 2092 2198
f 2198 2092 2091
f 2198 2091 2199
f 2199 2091 2090
f 2199 2090 2200
f 2200 2090 2201
f 2200 2201 1984
f 1984 2201 1982
f 1982 2201 2089
f 2089 2201 2090
f 192 2096 190
f 190 2096 191
f 2096 2098 191
f 191 2098 58
f 58 2098 59
f 59 2098 2202
f 59 2202 60
f 60 2202 61
f 2098 2100 2202
f 2202 2100 2203
f 2202 2203 61
f 61 2203 62
f 62 2203 63
f 63 2203 2204
f 63 2204 64
f 64 2204 115
f 2100 2102 2203
f 2203 2102 2204
f 2102 2104 2204
f 2204 2104 2205
f 2204 2205 115
f 115 2205 116
f 116 2205 117
f 117 2205 2206
f 117 2206 118
f 118 2206 119
f 2104 2106 2205
f 2205 2106 2206
f 2106 2108 2206
f 2206 2108 2207
f 2206 2207 119
f 119 2207 120
f 120 2207 121
f 121 2207 2208
f 121 2208 122
f 122 2208 123
f 2108 2110 2207
f 2207 2110 2208
f 2110 2112 2208
f 2208 2112 2209
f 2208 2209 123
f 123 2209 124
f 124 2209 125
f 125 2209 2210
f 125 2210 126
f 126 2210 127
f 2112 2114 2209
f 2209 2114 2210
f 2114 2116 2210
f 2210 2116 2211
f 2210 2211 127
f 127 2211 128
f 128 2211 129
f 129 2211 2212
f 129 2212 130
f 130 2212 131
f 2116 2118 2211
f 2211 2118 2212
f 2118 2120 2212
f 2212 2120 2213
f 2212 2213 131
f 131 2213 132
f 132 2213 310
f 310 2213 2214
f 310 2214 309
f 2120 2122 2213
f 2213 2122 2214
f 2122 828 2214
f 2214 828 826
f 2214 826 309
f 309 826 299
f 299 826 2215
f 299 2215 308
f 308 2215 2216
f 2216 2215 826
f 2216 826 2217
f 2217 826 2218
f 2217 2218 308
f 308 2218 824
f 824 2218 826
f 308 2216 2217
f 1244 1243 1263
f 1263 1243 1242
f 1224 1222 1243
f 1243 1222 1221
f 1203 2219 1223
f 1223 2219 1200
f 1200 2219 1201
f 1201 2219 1203
f 1182 2220 1202
f 1202 2220 1179
f 1179 2220 1180
f 1180 2220 1182
f 1161 2221 1181
f 1181 2221 1158
f 1158 2221 1159
f 1159 2221 1161
f 1140 2222 1160
f 1160 2222 1137
f 1137 2222 1138
f 1138 2222 1140
f 1139 1119 2223
f 2223 1119 2224
f 2223 2224 1116
f 1116 2224 1117
f 2224 1119 1117
f 1116 1139 2223
f 1098 2225 1118
f 1118 2225 1095
f 1095 2225 1096
f 1096 2225 1098
f 1035 2226 1055
f 1055 2226 1032
f 1032 2226 1033
f 1033 2226 1035
f 1014 2227 1034
f 1034 2227 1011
f 1011 2227 1012
f 1012 2227 1014
f 1013 993 2228
f 2228 993 2229
f 2228 2229 990
f 990 2229 991
f 991 2229 993
f 990 1013 2228
f 992 972 2230
f 2230 972 2231
f 2230 2231 969
f 969 2231 970
f 970 2231 972
f 969 992 2230
f 951 2232 971
f 971 2232 948
f 948 2232 2233
f 2233 2232 951
f 2233 951 949
f 949 948 2233
f 950 930 2234
f 2234 930 2235
f 2234 2235 927
f 927 2235 928
f 928 2235 930
f 927 950 2234
f 929 909 2236
f 2236 909 907
f 2236 907 906
f 929 2236 906
f 888 2237 908
f 908 2237 885
f 885 2237 886
f 886 2237 888
f 887 823 2238
f 2238 823 2239
f 2238 2239 827
f 827 2239 825
f 825 2239 823
f 827 887 2238
f 341 481 482
f 482 481 2240
f 482 2240 2241
f 2241 2240 2242
f 2241 2242 2243
f 2243 2242 2244
f 2243 2244 2245
f 2245 2244 2246
f 2245 2246 2247
f 2247 2246 2248
f 2247 2248 2249
f 2249 2248 2250
f 2249 2250 2251
f 2251 2250 2252
f 2251 2252 2253
f 2253 2252 2254
f 2253 2254 2255
f 2255 2254 2256
f 2255 2256 2257
f 2257 2256 2258
f 2257 2258 2259
f 2259 2258 2260
f 2259 2260 2261
f 2261 2260 2262
f 2261 2262 2263
f 2263 2262 2264
f 2263 2264 2265
f 2265 2264 2266
f 2265 2266 404
f 404 2266 402
f 481 480 2240
f 2240 480 479
f 2240 479 2267
f 2267 479 478
f 2267 478 2268
f 2268 478 477
f 2268 477 351
f 2240 2267 2242
f 2242 2267 2269
f 2242 2269 2244
f 2244 2269 2270
f 2244 2270 2246
f 2246 2270 2271
f 2246 2271 2248
f 2248 2271 2272
f 2248 2272 2250
f 2250 2272 2273
f 2250 2273 2252
f 2252 2273 2274
f 2252 2274 2275
f 2275 2274 2276
f 2275 2276 2277
f 2277 2276 2278
f 2277 2278 2279
f 2279 2278 2280
f 2279 2280 2281
f 2281 2280 2282
f 2281 2282 2283
f 2283 2282 465
f 2283 465 464
f 464 382 2283
f 2283 382 2284
f 2283 2284 2285
f 2285 2284 2286
f 2285 2286 2287
f 2287 2286 2288
f 2287 2288 2289
f 2289 2288 2290
f 2289 2290 2291
f 2291 2290 2292
f 2291 2292 2293
f 2293 2292 2294
f 2293 2294 2264
f 2264 2294 2266
f 2264 2262 2293
f 2293 2262 2295
f 2293 2295 2291
f 2291 2295 2296
f 2291 2296 2289
f 2289 2296 2297
f 2289 2297 2287
f 2287 2297 2298
f 2287 2298 2285
f 2285 2298 2281
f 2285 2281 2283
f 2281 2298 2279
f 2279 2298 2299
f 2279 2299 2300
f 2300 2299 2301
f 2300 2301 2302
f 2302 2301 2256
f 2302 2256 2303
f 2303 2256 2254
f 2303 2254 2275
f 2275 2254 2252
f 2275 2277 2303
f 2303 2277 2302
f 2302 2277 2300
f 2300 2277 2279
f 2298 2297 2299
f 2299 2297 2301
f 2297 2296 2301
f 2301 2296 2304
f 2301 2304 2256
f 2256 2304 2258
f 2258 2304 2260
f 2260 2304 2295
f 2260 2295 2262
f 2304 2296 2295
f 465 2282 466
f 466 2282 467
f 2267 2268 2269
f 2269 2268 2305
f 2269 2305 2270
f 2270 2305 2306
f 2270 2306 2271
f 2271 2306 2307
f 2271 2307 2272
f 2272 2307 2308
f 2272 2308 2273
f 2273 2308 2274
f 459 458 460
f 460 458 2290
f 460 2290 2288
f 2290 458 2292
f 2292 458 396
f 2292 396 2294
f 2294 396 399
f 2294 399 2266
f 2266 399 402
f 399 454 402
f 458 457 396
f 399 396 455
f 455 396 456
f 461 460 462
f 462 460 2288
f 462 2288 2286
f 463 462 386
f 386 462 2286
f 386 2286 384
f 384 2286 2309
f 384 2309 382
f 382 2309 2310
f 382 2310 2284
f 2284 2310 2286
f 2309 2286 2310
f 316 318 2311
f 316 2311 2312
f 2312 2311 2313
f 2312 2313 313
f 313 2313 2314
f 313 2314 490
f 490 2314 452
f 488 322 318
f 318 322 2315
f 318 2315 2311
f 2311 2315 2316
f 2311 2316 2317
f 2317 2316 2318
f 2317 2318 2314
f 2314 2318 2319
f 2314 2319 2320
f 2320 2319 2321
f 2320 2321 2322
f 2322 2321 2323
f 2322 2323 2324
f 2324 2323 2325
f 2324 2325 2326
f 2326 2325 2327
f 2326 2327 435
f 435 2327 2328
f 435 2328 495
f 495 2328 496
f 496 2328 497
f 497 2328 2329
f 497 2329 2330
f 2330 2329 2331
f 2330 2331 2332
f 2332 2331 2333
f 2332 2333 2334
f 2334 2333 2335
f 2334 2335 2336
f 2336 2335 2337
f 2336 2337 2338
f 2338 2337 2339
f 2338 2339 2340
f 2340 2339 2265
f 2340 2265 404
f 2265 2339 2263
f 2263 2339 2341
f 2263 2341 2261
f 2261 2341 2342
f 2261 2342 2259
f 2259 2342 2343
f 2259 2343 2257
f 2257 2343 2344
f 2257 2344 2255
f 2255 2344 2345
f 2255 2345 2253
f 2253 2345 2346
f 2253 2346 2251
f 2251 2346 2347
f 2251 2347 2348
f 2348 2347 2349
f 2348 2349 2350
f 2350 2349 2351
f 2350 2351 2352
f 2352 2351 2353
f 2352 2353 2354
f 2354 2353 2355
f 2354 2355 2356
f 2356 2355 2357
f 2356 2357 2358
f 2358 2357 2359
f 2358 2359 2360
f 2360 2359 2316
f 2360 2316 2361
f 2361 2316 2315
f 2361 2315 2362
f 2362 2315 322
f 2362 322 326
f 326 322 324
f 2316 2359 2318
f 2318 2359 2319
f 2359 2357 2319
f 2319 2357 2321
f 2251 2348 2249
f 2249 2348 2363
f 2249 2363 2247
f 2247 2363 2364
f 2247 2364 2245
f 2245 2364 2365
f 2245 2365 2243
f 2243 2365 2366
f 2243 2366 2241
f 2241 2366 2367
f 2241 2367 482
f 482 2367 483
f 2348 2350 2363
f 2363 2350 2368
f 2363 2368 2364
f 2364 2368 2369
f 2364 2369 2365
f 2365 2369 2370
f 2365 2370 2366
f 2366 2370 2371
f 2366 2371 2367
f 2367 2371 335
f 2367 335 483
f 483 335 484
f 2339 2337 2341
f 2341 2337 2372
f 2341 2372 2342
f 2342 2372 2373
f 2342 2373 2343
f 2343 2373 2374
f 2343 2374 2344
f 2344 2374 2375
f 2344 2375 2345
f 2345 2375 2376
f 2345 2376 2346
f 2346 2376 2347
f 2347 2376 2349
f 2349 2376 2377
f 2349 2377 2351
f 2351 2377 2353
f 2337 2335 2372
f 2372 2335 2378
f 2372 2378 2373
f 2373 2378 2379
f 2373 2379 2374
f 2374 2379 2380
f 2374 2380 2375
f 2375 2380 2381
f 2375 2381 2376
f 2376 2381 2377
f 2335 2333 2378
f 2378 2333 2382
f 2378 2382 2379
f 2379 2382 2383
f 2379 2383 2380
f 2380 2383 2384
f 2380 2384 2381
f 2381 2384 2385
f 2381 2385 2377
f 2377 2385 2353
f 2333 2331 2382
f 2382 2331 2386
f 2382 2386 2383
f 2383 2386 2387
f 2383 2387 2384
f 2384 2387 2388
f 2384 2388 2385
f 2385 2388 2389
f 2385 2389 2353
f 2353 2389 2355
f 2331 2329 2386
f 2386 2329 2390
f 2386 2390 2387
f 2387 2390 2391
f 2387 2391 2388
f 2388 2391 2392
f 2388 2392 2389
f 2389 2392 2393
f 2389 2393 2355
f 2355 2393 2357
f 2357 2393 2321
f 2321 2393 2323
f 2393 2392 2323
f 2323 2392 2325
f 2392 2391 2325
f 2325 2391 2327
f 2391 2390 2327
f 2327 2390 2328
f 2390 2329 2328
f 497 2330 429
f 429 2330 498
f 498 2330 499
f 499 2330 2332
f 499 2332 500
f 500 2332 501
f 2332 2334 501
f 501 2334 502
f 2334 2336 502
f 502 2336 419
f 419 2336 417
f 417 2336 2338
f 417 2338 415
f 415 2338 503
f 503 2338 412
f 412 2338 2340
f 412 2340 504
f 504 2340 505
f 2340 404 505
f 505 404 407
f 435 494 2326
f 2326 494 493
f 2326 493 439
f 2326 439 2324
f 2324 439 492
f 2324 492 444
f 2324 444 2322
f 2322 444 446
f 2322 446 448
f 2322 448 2320
f 2320 448 491
f 2320 491 452
f 452 2314 2320
f 2314 2313 2317
f 2317 2313 2311
f 487 331 326
f 326 331 2394
f 326 2394 2362
f 2362 2394 2395
f 2362 2395 2361
f 2361 2395 2396
f 2361 2396 2360
f 2360 2396 2397
f 2360 2397 2358
f 2358 2397 2356
f 2356 2397 2354
f 2354 2397 2398
f 2354 2398 2352
f 2352 2398 2350
f 2350 2398 2368
f 2368 2398 2399
f 2368 2399 2369
f 2369 2399 2400
f 2369 2400 2370
f 2370 2400 2401
f 2370 2401 2371
f 2371 2401 2402
f 2371 2402 335
f 335 2402 485
f 2398 2397 2399
f 2399 2397 2396
f 2399 2396 2400
f 2400 2396 2395
f 2400 2395 2401
f 2401 2395 2394
f 2401 2394 2402
f 2402 2394 331
f 2402 331 485
f 485 331 486
f 313 2403 2312
f 2312 2403 316
f 2403 314 316
f 313 314 2403
f 2274 2308 2404
f 2404 2308 2405
f 2404 2405 2406
f 2406 2405 2407
f 2406 2407 2408
f 2408 2407 2409
f 2408 2409 2410
f 2410 2409 363
f 2410 363 365
f 365 473 2410
f 2410 473 369
f 2410 369 2411
f 2411 369 472
f 2411 472 471
f 471 372 2411
f 2411 372 2412
f 2411 2412 2413
f 2413 2412 2414
f 2413 2414 2415
f 2415 2414 2278
f 2415 2278 2276
f 2278 2414 2280
f 2280 2414 2416
f 2280 2416 2282
f 2282 2416 467
f 467 2416 468
f 468 2416 469
f 2414 2412 2416
f 2416 2412 469
f 469 2412 470
f 470 2412 372
f 2410 2411 2408
f 2408 2411 2413
f 2408 2413 2406
f 2406 2413 2415
f 2406 2415 2404
f 2404 2415 2276
f 2404 2276 2274
f 2308 2307 2405
f 2405 2307 2417
f 2405 2417 2407
f 2407 2417 2418
f 2407 2418 2409
f 2409 2418 2419
f 2409 2419 363
f 363 2419 361
f 361 2419 474
f 474 2419 475
f 475 2419 2420
f 475 2420 357
f 357 2420 476
f 2419 2418 2420
f 2420 2418 2421
f 2420 2421 2422
f 2422 2421 2305
f 2422 2305 2268
f 2268 351 2422
f 2422 351 353
f 2422 353 355
f 355 476 2422
f 2422 476 2420
f 2305 2421 2306
f 2306 2421 2417
f 2306 2417 2307
f 2418 2417 2421

