# https://github.com/mikedh/trimesh

o left_arm4.stl
v -0.00015891 0.05935382 -0.00955546
v -0.00060078 0.05949616 -0.00855547
v 0.00042740 0.05933030 -0.00905545
v -0.00803495 0.05895172 -0.00955546
v -0.01118117 0.05843919 -0.00855541
v -0.01552599 0.05743544 -0.00955528
v -0.02140450 0.05551576 -0.00855511
v -0.02276412 0.05497223 -0.00955504
v -0.02975761 0.05152114 -0.00955474
v -0.03094434 0.05081939 -0.00855470
v -0.03624258 0.04718522 -0.00955433
v -0.03949576 0.04450005 -0.00855410
v -0.04210659 0.04203772 -0.00955387
v -0.04678595 0.03675937 -0.00855338
v -0.04722461 0.03619066 -0.00955333
v -0.05153479 0.02973487 -0.00955275
v -0.05258196 0.02784496 -0.00855255
v -0.05496760 0.02277526 -0.00955212
v -0.05669856 0.01804107 -0.00855166
v -0.05812855 0.01269358 -0.00955117
v -0.05900461 0.00766098 -0.00855070
v -0.05901288 0.00758027 -0.00955069
v -0.05930054 0.00485143 -0.00955045
v -0.05939647 0.00349006 -0.00955033
v -0.05946141 0.00211233 -0.00955017
v -0.05949660 0.00033282 -0.00955003
v -0.05949807 -0.00047962 -0.00954997
v -0.05942618 -0.00296360 -0.00854975
v -0.05941736 -0.00313485 -0.00954968
v -0.05892089 -0.00825330 -0.00954922
v -0.05794978 -0.01349389 -0.00854874
v -0.05791538 -0.01364117 -0.00954872
v -0.05643647 -0.01883920 -0.00954825
v -0.05557477 -0.02125388 -0.00954801
v -0.05462288 -0.02359294 -0.00854778
v -0.05476534 -0.02325006 -0.00954783
v -0.05218726 -0.02856982 -0.00954735
v -0.04955136 -0.03293877 -0.00854695
v -0.04948985 -0.03303104 -0.00954693
v -0.04626925 -0.03740008 -0.00954652
v -0.04289746 -0.04123246 -0.00854617
v -0.04283446 -0.04129797 -0.00954616
v -0.03889494 -0.04501569 -0.00954580
v -0.03487348 -0.04820954 -0.00854552
v -0.03481626 -0.04825097 -0.00954551
v -0.03007777 -0.05131035 -0.00954523
v -0.02573579 -0.05364698 -0.00854504
v -0.02076085 -0.05573391 -0.00954481
v -0.01577615 -0.05737119 -0.00854462
v -0.01063079 -0.05846527 -0.00954455
v -0.00531268 -0.05926305 -0.00854450
v 0.00000380 -0.05974494 -0.00957311
v 0.00532019 -0.05926245 -0.00854450
v 0.01062556 -0.05848184 -0.00954455
v 0.01578348 -0.05736917 -0.00854462
v 0.02076164 -0.05572942 -0.00954479
v 0.02574259 -0.05364376 -0.00854498
v 0.03009503 -0.05129733 -0.00954521
v 0.03482246 -0.04824656 -0.00954551
v 0.03487968 -0.04820519 -0.00854552
v 0.03889230 -0.04501682 -0.00954580
v 0.04283964 -0.04129254 -0.00954616
v 0.04290264 -0.04122711 -0.00854611
v 0.04626638 -0.03740293 -0.00954649
v 0.04949408 -0.03302484 -0.00954688
v 0.04955559 -0.03293246 -0.00854689
v 0.05219519 -0.02855619 -0.00954729
v 0.05457377 -0.02370637 -0.00954777
v 0.05462587 -0.02358597 -0.00854778
v 0.05557745 -0.02124685 -0.00954801
v 0.05643892 -0.01883196 -0.00954819
v 0.05791717 -0.01363378 -0.00954866
v 0.05795156 -0.01348650 -0.00854868
v 0.05892564 -0.00821726 -0.00954920
v 0.05941778 -0.00312728 -0.00954968
v 0.05942654 -0.00295603 -0.00854969
v 0.05949847 -0.00009189 -0.00954995
v 0.05949378 0.00085639 -0.00955003
v 0.05946080 0.00213973 -0.00955015
v 0.05900359 0.00766850 -0.00855064
v 0.05812737 0.01269658 -0.00955111
v 0.05669635 0.01804828 -0.00855160
v 0.05493598 0.02285260 -0.00955206
v 0.05257838 0.02785158 -0.00855255
v 0.05149518 0.02980250 -0.00955272
v 0.04717738 0.03625265 -0.00955331
v 0.04678136 0.03676539 -0.00855338
v 0.04205053 0.04209371 -0.00955385
v 0.03949016 0.04450505 -0.00855410
v 0.03619066 0.04722446 -0.00955433
v 0.03093796 0.05082340 -0.00855470
v 0.02969232 0.05155841 -0.00955474
v 0.02268474 0.05500443 -0.00955504
v 0.02139747 0.05551856 -0.00855511
v 0.01545247 0.05745522 -0.00955528
v 0.01117378 0.05844056 -0.00855541
v 0.00795589 0.05896211 -0.00955546
v -0.05748426 0.01534116 -0.00955140
v -0.05743849 -0.01550519 -0.00954854
v -0.05146408 -0.02984344 -0.00954723
v -0.04711979 -0.03631198 -0.00954664
v -0.04196995 -0.04215581 -0.00954610
v -0.03610324 -0.04726320 -0.00954562
v -0.02262767 -0.05541712 -0.00976875
v -0.01525029 -0.05792017 -0.00966650
v -0.00759631 -0.05943541 -0.00960069
v 0.00777093 -0.05921118 -0.00958405
v 0.01542327 -0.05787559 -0.00966887
v 0.02279543 -0.05539009 -0.00979252
v 0.03624546 -0.04715448 -0.00954556
v 0.04209637 -0.04202985 -0.00954604
v 0.04722869 -0.03617030 -0.00954658
v 0.05155378 -0.02968865 -0.00954717
v 0.05499578 -0.02269917 -0.00954783
v 0.05748486 -0.01533228 -0.00954854
v 0.05897599 0.00784904 -0.00955069
v 0.05743777 0.01551479 -0.00955140
v 0.00752723 -0.19144489 0.05752879
v 0.00632635 -0.19144486 0.05805860
v -0.01010757 -0.19144602 0.05712807
v 0.00341177 -0.19144490 0.05791795
v 0.00119179 -0.19144490 0.05800569
v -0.00018785 -0.19144492 0.05801738
v 0.00007882 -0.19144472 0.05922092
v -0.04548101 -0.19144899 0.03813317
v -0.05150414 -0.19080992 0.02978632
v -0.05128955 -0.19144991 0.02956038
v -0.05576619 -0.19145198 0.02029559
v -0.05844922 -0.19145302 0.01031569
v -0.05948780 -0.19078732 0.00004135
v -0.05918776 -0.19145392 0.00001723
v -0.05846235 -0.19145501 -0.01028355
v -0.00005447 -0.19145526 -0.05918552
v 0.00021219 -0.19145501 -0.05798196
v -0.00116742 -0.19145502 -0.05797028
v 0.01013189 -0.19145390 -0.05709266
v -0.00338739 -0.19145501 -0.05788260
v -0.00630200 -0.19145501 -0.05802320
v -0.00750291 -0.19145501 -0.05749338
v -0.01773345 -0.19145602 -0.05520087
v 0.01975345 -0.19145392 -0.05451930
v -0.02738505 -0.19145700 -0.05110359
v 0.02879315 -0.19145301 -0.05033755
v -0.03614056 -0.19145600 -0.04533618
v 0.03698378 -0.19145201 -0.04467129
v -0.04248034 -0.19145700 -0.03989738
v 0.04408478 -0.19145101 -0.03768646
v -0.04782629 -0.19145600 -0.03347915
v 0.04988545 -0.19144988 -0.02959066
v -0.05202907 -0.19145501 -0.02626049
v 0.05421608 -0.19144902 -0.02062058
v -0.05497145 -0.19145504 -0.01844286
v 0.05694764 -0.19144702 -0.01104325
v -0.05731916 -0.19145504 -0.00876373
v 0.05800069 -0.19144601 -0.00113863
v -0.05797631 -0.19145392 0.00117415
v 0.05734360 -0.19144492 0.00879925
v -0.05692327 -0.19145299 0.01107865
v 0.05499589 -0.19144492 0.01847827
v -0.05419165 -0.19145101 0.02065598
v 0.05205345 -0.19144490 0.02629590
v -0.04986107 -0.19144988 0.02962607
v 0.04785066 -0.19144401 0.03351455
v -0.04406033 -0.19144988 0.03772187
v 0.04250478 -0.19144300 0.03993278
v -0.03695935 -0.19144800 0.04470664
v 0.03616499 -0.19144401 0.04537158
v -0.02876877 -0.19144699 0.05037295
v 0.02740949 -0.19144301 0.05113899
v -0.01972907 -0.19144601 0.05455471
v 0.01775789 -0.19144399 0.05523627
v 0.05848676 -0.19144493 0.01031893
v 0.05936216 -0.19144605 0.00001800
v 0.05900514 -0.19044498 0.00775493
v 0.05951202 -0.19044597 -0.00001787
v 0.05843671 -0.19144697 -0.01027096
v 0.05899717 -0.19044702 -0.00777850
v 0.05747357 -0.19044702 -0.01541684
v 0.05578031 -0.19144803 -0.02025461
v 0.05496980 -0.19044885 -0.02278362
v 0.05145000 -0.19144988 -0.02964943
v 0.05152151 -0.19044997 -0.02976155
v 0.04720304 -0.19044997 -0.03621855
v 0.04550543 -0.19145103 -0.03809776
v 0.04207901 -0.19045103 -0.04206114
v 0.03821159 -0.19145200 -0.04543296
v 0.03619656 -0.19045204 -0.04721282
v 0.02974468 -0.19145302 -0.05134761
v 0.02971693 -0.19045289 -0.05153490
v 0.02037954 -0.19145390 -0.05575999
v 0.02270088 -0.19045398 -0.05498657
v 0.01530700 -0.19045398 -0.05748112
v 0.01041013 -0.19145387 -0.05840256
v 0.00768706 -0.19045497 -0.05898355
v 0.00001213 -0.19045602 -0.05948239
v -0.01037092 -0.19145603 -0.05844229
v -0.00773725 -0.19045500 -0.05897377
v -0.01534669 -0.19045600 -0.05746448
v -0.02036092 -0.19145600 -0.05571364
v -0.02271442 -0.19045599 -0.05497099
v -0.02972288 -0.19145700 -0.05137086
v -0.02974692 -0.19045703 -0.05150389
v -0.03818372 -0.19145600 -0.04542301
v -0.03622087 -0.19045602 -0.04717603
v -0.04208285 -0.19045703 -0.04203315
v -0.04549834 -0.19145699 -0.03812379
v -0.04721600 -0.19045600 -0.03617020
v -0.05140298 -0.19145603 -0.02962854
v -0.05152965 -0.19045600 -0.02970674
v -0.05579281 -0.19145602 -0.02027480
v -0.05496209 -0.19045505 -0.02274381
v -0.05746395 -0.19045497 -0.01536201
v -0.05898094 -0.19045497 -0.00771964
v -0.05897297 -0.19045289 0.00781378
v -0.05744937 -0.19045289 0.01545200
v -0.05494560 -0.19045103 0.02281880
v -0.04717884 -0.19044997 0.03625374
v -0.04205481 -0.19044885 0.04209631
v -0.03818721 -0.19144799 0.04546837
v -0.03617236 -0.19044803 0.04724798
v -0.02972027 -0.19144697 0.05138302
v -0.02969273 -0.19044702 0.05157010
v -0.02035516 -0.19144602 0.05579539
v -0.02267668 -0.19044600 0.05502180
v -0.01528281 -0.19044602 0.05751632
v -0.01038106 -0.19144605 0.05845052
v -0.00764772 -0.19044507 0.05902051
v 0.00001207 -0.19015926 0.05951213
v 0.01040075 -0.19144399 0.05846302
v 0.00776145 -0.19044502 0.05900896
v 0.01537089 -0.19044387 0.05749971
v 0.02038359 -0.19144398 0.05576192
v 0.02273863 -0.19044392 0.05500621
v 0.02974729 -0.19144298 0.05140625
v 0.02977111 -0.19044298 0.05153907
v 0.03820805 -0.19144399 0.04545840
v 0.03624507 -0.19044389 0.04721123
v 0.04210705 -0.19044302 0.04206833
v 0.04552272 -0.19144341 0.03815920
v 0.04724021 -0.19044387 0.03620541
v 0.05142736 -0.19144398 0.02966392
v 0.05155385 -0.19044387 0.02974193
v 0.05577145 -0.19144399 0.02028545
v 0.05498628 -0.19044498 0.02277900
v 0.05748815 -0.19044501 0.01539717
v 0.00000344 -0.05356304 -0.09779940
v -0.00675762 -0.05354756 -0.09779196
v 0.00661498 -0.05356581 -0.09780080
v 0.00905508 -0.05320268 -0.09763199
v 0.00797421 -0.05274754 -0.09741998
v 0.01332116 -0.05229127 -0.09720778
v 0.01537579 -0.05108225 -0.09664500
v 0.01807665 -0.05084258 -0.09653348
v 0.01948267 -0.04999509 -0.09613904
v 0.02299469 -0.04815959 -0.09528458
v 0.02638839 -0.04709022 -0.09478680
v 0.02677828 -0.04618954 -0.09436755
v 0.03040385 -0.04392468 -0.09331326
v 0.03206837 -0.04346787 -0.09310065
v 0.03415213 -0.04145816 -0.09216521
v 0.03725713 -0.03874325 -0.09090135
v 0.03972029 -0.03576666 -0.08951568
v 0.04105609 -0.03508359 -0.08919775
v 0.04243005 -0.03285173 -0.08815876
v 0.04457157 -0.02924597 -0.08648024
v 0.04377615 -0.03148949 -0.08752465
v 0.04611599 -0.02771705 -0.08576840
v 0.04698511 -0.02548483 -0.08472928
v 0.04857957 -0.02127820 -0.08277100
v 0.04809385 -0.02379900 -0.08394456
v 0.04973059 -0.01980507 -0.08208537
v 0.05066946 -0.01610861 -0.08036449
v 0.05176460 -0.01254150 -0.07870387
v 0.05239754 -0.00835049 -0.07675290
v 0.05350786 -0.00525510 -0.07531189
v 0.05315446 -0.00410026 -0.07477420
v 0.05367326 0.00003137 -0.07285076
v 0.05428117 0.00087266 -0.07245916
v 0.05395078 0.00386137 -0.07106786
v 0.05454176 0.00642157 -0.06987595
v 0.05401378 0.00731772 -0.06945879
v 0.05406029 0.01142489 -0.06754670
v 0.05384222 0.01364737 -0.06651205
v 0.05273306 0.01829898 -0.06434655
v 0.05350005 0.01723736 -0.06484079
v 0.05201435 0.02104640 -0.06306755
v 0.05131500 0.02397045 -0.06170619
v 0.04906368 0.02876317 -0.05947500
v 0.05110670 0.02534377 -0.06106686
v 0.04780435 0.03229320 -0.05783158
v 0.04657536 0.03381743 -0.05712191
v 0.04281854 0.03874194 -0.05482929
v 0.04196750 0.04057865 -0.05397424
v 0.04071277 0.04122417 -0.05367368
v 0.03804975 0.04396557 -0.05239737
v 0.03569824 0.04675611 -0.05109821
v 0.03180789 0.04909980 -0.05000698
v 0.02952736 0.05122465 -0.04901766
v 0.02461355 0.05337708 -0.04801565
v 0.02731269 0.05253279 -0.04840868
v 0.02257245 0.05489200 -0.04731029
v 0.01676118 0.05652737 -0.04654878
v 0.01866227 0.05643194 -0.04659318
v 0.01521885 0.05751538 -0.04608869
v 0.00843084 0.05845719 -0.04565006
v 0.00943887 0.05880911 -0.04548639
v -0.00000375 0.05929301 -0.04526076
v 0.00757205 0.05909359 -0.04535388
v -0.00944519 0.05880808 -0.04548627
v -0.00807688 0.05876534 -0.04550618
v -0.01539117 0.05746698 -0.04611039
v -0.01670408 0.05654519 -0.04653936
v -0.01866728 0.05643028 -0.04659289
v -0.02453160 0.05341787 -0.04799515
v -0.02273696 0.05481976 -0.04734259
v -0.02731645 0.05253106 -0.04840797
v -0.03172725 0.04915678 -0.04997867
v -0.02968150 0.05112856 -0.04906070
v -0.03528356 0.04710209 -0.05093508
v -0.03797155 0.04404085 -0.05236005
v -0.03611886 0.04640346 -0.05126017
v -0.04081839 0.04110735 -0.05372560
v -0.04203503 0.04050129 -0.05400773
v -0.04335939 0.03805160 -0.05514806
v -0.04522246 0.03547060 -0.05634969
v -0.04689746 0.03332743 -0.05734729
v -0.04941117 0.02802270 -0.05981677
v -0.04780537 0.03229248 -0.05782908
v -0.05080341 0.02540397 -0.06103580
v -0.05147919 0.02370571 -0.06182645
v -0.05220860 0.02036517 -0.06338155
v -0.05316654 0.01744098 -0.06474280
v -0.05386985 0.01308785 -0.06676932
v -0.05390065 0.01038819 -0.06802618
v -0.05432868 0.01165169 -0.06743800
v -0.05432318 0.00639480 -0.06988518
v -0.05389654 0.00282228 -0.07154841
v -0.05428129 0.00086682 -0.07245868
v -0.05355519 -0.00108582 -0.07336777
v -0.05323929 -0.00525796 -0.07531005
v -0.05216675 -0.00944292 -0.07725827
v -0.05200160 -0.01245560 -0.07866087
v -0.05123835 -0.01326036 -0.07903546
v -0.05103886 -0.01590669 -0.08026748
v -0.05021494 -0.01673865 -0.08065479
v -0.04972547 -0.01981836 -0.08208859
v -0.04847748 -0.02152806 -0.08288450
v -0.04808765 -0.02381205 -0.08394777
v -0.04694754 -0.02550911 -0.08473790
v -0.04610925 -0.02772825 -0.08577096
v -0.04446566 -0.02941608 -0.08655680
v -0.04376918 -0.03149950 -0.08752667
v -0.04246188 -0.03288098 -0.08816986
v -0.03961026 -0.03589016 -0.08957087
v -0.04104816 -0.03509265 -0.08919960
v -0.03733535 -0.03873285 -0.09089427
v -0.03408957 -0.04150856 -0.09218661
v -0.03030616 -0.04399096 -0.09334230
v -0.03218710 -0.04338097 -0.09305840
v -0.02670553 -0.04654180 -0.09453000
v -0.02291989 -0.04819500 -0.09529960
v -0.02622926 -0.04717957 -0.09482674
v -0.01951548 -0.04998162 -0.09613157
v -0.01531577 -0.05110008 -0.09665227
v -0.01806795 -0.05084550 -0.09653377
v -0.01346009 -0.05225545 -0.09719028
v -0.00793570 -0.05275338 -0.09742220
v -0.00904715 -0.05320405 -0.09763211
v -0.01543426 0.05756067 -0.01877987
v -0.02282297 0.05504417 -0.01908749
v -0.01543349 0.05764985 -0.02792698
v -0.02281868 0.05511659 -0.02853280
v -0.01541268 0.05765796 -0.03704315
v -0.02278316 0.05508595 -0.03795820
v -0.02975189 0.05152100 -0.03919017
v -0.02980726 0.05161577 -0.02934479
v -0.03628116 0.04720628 -0.03033930
v -0.03630727 0.04720747 -0.02000409
v -0.04215627 0.04199754 -0.02718216
v -0.04216987 0.04202629 -0.01841598
v -0.04731088 0.03610879 -0.01904690
v -0.05163997 0.02957296 -0.01813650
v -0.05508404 0.02253729 -0.01689445
v -0.02981925 0.05157178 -0.01949965
v -0.03619945 0.04700988 -0.04071056
v -0.04208248 0.04185664 -0.03593575
v -0.04727464 0.03600966 -0.02842319
v -0.05160647 0.02942579 -0.02660745
v -0.05506247 0.02235198 -0.02413558
v -0.05758428 0.01506745 -0.01709055
v -0.05909676 0.00735527 -0.01631826
v -0.00778270 0.05912286 -0.02157765
v -0.00000378 0.05961525 -0.01951944
v 0.00760502 0.05914629 -0.02157640
v -0.00000379 0.05971747 -0.02887618
v 0.00759852 0.05924409 -0.03347849
v -0.00000378 0.05973047 -0.03791308
v -0.00777602 0.05922049 -0.03348100
v 0.01526099 0.05760699 -0.01877528
v 0.01526027 0.05769641 -0.02791786
v 0.01523977 0.05770516 -0.03702956
v 0.02261805 0.05515618 -0.03793376
v 0.02265739 0.05511277 -0.01907926
v 0.02265316 0.05518555 -0.02851665
v 0.02965217 0.05170649 -0.02932149
v 0.02966398 0.05166167 -0.01948779
v 0.03616487 0.04731708 -0.01998835
v 0.04204297 0.04215365 -0.01840698
v 0.04202979 0.04212617 -0.02716445
v 0.04720169 0.03625208 -0.01903498
v 0.04716604 0.03615486 -0.02839988
v 0.05151724 0.02958446 -0.02658075
v 0.05140596 0.02929186 -0.03504985
v 0.05497217 0.02245748 -0.02613079
v 0.05483968 0.02206444 -0.03438746
v 0.05735337 0.01452058 -0.03199458
v 0.05720210 0.01377975 -0.03964585
v 0.05872869 0.00593883 -0.03651928
v 0.05858248 0.00469011 -0.04346609
v 0.05910378 -0.00324368 -0.03945577
v 0.05890500 -0.00520474 -0.04524767
v 0.05840897 -0.01300430 -0.04044467
v 0.05809397 -0.01579648 -0.04476720
v 0.05660760 -0.02320915 -0.03935497
v 0.05612987 -0.02681285 -0.04209786
v 0.05369704 -0.03358078 -0.03633719
v 0.05309289 -0.03759467 -0.03776108
v 0.04977226 -0.04351538 -0.03193098
v 0.04911267 -0.04748505 -0.03239786
v 0.04499655 -0.05244445 -0.02675586
v 0.04434818 -0.05604326 -0.02658176
v 0.03953438 -0.06000536 -0.02136087
v 0.03895366 -0.06302417 -0.02081209
v 0.03353935 -0.06602628 -0.01620990
v 0.03306436 -0.06839066 -0.01549297
v 0.02716088 -0.07053458 -0.01164746
v 0.02679675 -0.07238256 -0.01087498
v 0.02051639 -0.07378035 -0.00787997
v 0.02025789 -0.07530200 -0.00708592
v 0.01370739 -0.07608050 -0.00499260
v 0.01354616 -0.07745939 -0.00415754
v 0.00683433 -0.07778460 -0.00294727
v 0.00676012 -0.07919538 -0.00201660
v 0.00000501 -0.07883018 -0.00191702
v -0.00660235 -0.07919865 -0.00199997
v -0.00653982 -0.08083827 -0.00086766
v -0.01324629 -0.07900106 -0.00314689
v -0.01312237 -0.08075779 -0.00197041
v -0.01965850 -0.07862508 -0.00508249
v -0.01947629 -0.08056747 -0.00384068
v -0.02573215 -0.07805556 -0.00779289
v -0.02549487 -0.08024829 -0.00646752
v -0.03136765 -0.07731860 -0.01121497
v -0.03107887 -0.07982325 -0.00978732
v -0.03646659 -0.07643777 -0.01528227
v -0.03613126 -0.07931208 -0.01373398
v -0.04093688 -0.07542806 -0.01992988
v -0.04056090 -0.07872390 -0.01824426
v -0.04470789 -0.07430797 -0.02507317
v -0.04429739 -0.07806998 -0.02323609
v -0.04771429 -0.07309848 -0.03062236
v -0.04727649 -0.07736306 -0.02862197
v -0.04989814 -0.07182019 -0.03648555
v -0.04944038 -0.07661569 -0.03431290
v -0.05122905 -0.07049530 -0.04256039
v -0.05075919 -0.07584077 -0.04020905
v -0.05168426 -0.06914669 -0.04874169
v -0.05121017 -0.07505191 -0.04620856
v -0.05124825 -0.06779766 -0.05492424
v -0.05077826 -0.07426238 -0.05220955
v -0.04993599 -0.06647115 -0.06100286
v -0.04947787 -0.07348620 -0.05810970
v -0.04755836 -0.06864589 -0.06547325
v -0.04717588 -0.07597117 -0.06247937
v -0.04425054 -0.07479405 -0.06808429
v -0.04400080 -0.08244687 -0.06496208
v -0.04049545 -0.07557606 -0.07252669
v -0.04028785 -0.08353518 -0.06932479
v -0.03592586 -0.08260309 -0.07404839
v -0.03585475 -0.09066408 -0.07081967
v -0.03087019 -0.08888006 -0.07538390
v -0.03090989 -0.09699678 -0.07215785
v -0.02535247 -0.09257818 -0.07717995
v -0.02543139 -0.10050900 -0.07406848
v -0.01942348 -0.09704268 -0.07804840
v -0.01953154 -0.10506400 -0.07494407
v -0.01314258 -0.09891798 -0.07922637
v -0.01322567 -0.10683900 -0.07619972
v -0.00662517 -0.10011300 -0.07992696
v -0.00666994 -0.10796401 -0.07695276
v 0.00000669 -0.10471900 -0.07857184
v 0.00000701 -0.10983500 -0.07664936
v 0.00653773 -0.10797501 -0.07696568
v 0.00660729 -0.11525702 -0.07425248
v 0.01323229 -0.11422099 -0.07344806
v 0.01341140 -0.12102000 -0.07094478
v 0.01985704 -0.11947301 -0.06949788
v 0.02017420 -0.12583800 -0.06715965
v 0.02614384 -0.12130900 -0.06599998
v 0.02657145 -0.12724800 -0.06374990
v 0.03222215 -0.12456600 -0.06112664
v 0.03280049 -0.13027599 -0.05887126
v 0.03757429 -0.12452200 -0.05678045
v 0.03824746 -0.13002101 -0.05444550
v 0.04223585 -0.12371001 -0.05209428
v 0.04299139 -0.12907299 -0.04961806
v 0.04687315 -0.12713000 -0.04469335
v 0.04774488 -0.13228300 -0.04211926
v 0.05008136 -0.12586999 -0.03896647
v 0.05100840 -0.13092890 -0.03618271
v 0.05308228 -0.12786600 -0.03085786
v 0.05407947 -0.13298900 -0.02784126
v 0.05552154 -0.13116501 -0.02129465
v 0.05650490 -0.13640802 -0.01817679
v 0.05700677 -0.13455500 -0.01123440
v 0.05790585 -0.14008400 -0.00811285
v 0.05741739 -0.13827501 -0.00090293
v 0.05817228 -0.14417200 0.00205868
v 0.05668276 -0.14249191 0.00937784
v 0.05724287 -0.14886591 0.01196205
v 0.05476069 -0.14741300 0.01920628
v 0.05508887 -0.15441391 0.02114999
v 0.05164217 -0.15327790 0.02811914
v 0.05175679 -0.16097000 0.02927798
v 0.04741758 -0.16020600 0.03578758
v 0.04740208 -0.16836998 0.03628587
v 0.04225468 -0.16795200 0.04218006
v 0.04218775 -0.17618802 0.04222446
v 0.03632116 -0.17603202 0.04737836
v 0.03626489 -0.18380000 0.04723119
v 0.02978718 -0.18378200 0.05156469
v 0.04212230 -0.18381892 0.04209125
v 0.04732698 -0.17636600 0.03634327
v 0.05173975 -0.16883001 0.02976918
v 0.05521106 -0.16179290 0.02225905
v 0.05758589 -0.15561301 0.01378995
v 0.05874699 -0.15037200 0.00445968
v 0.05866718 -0.14588000 -0.00538582
v 0.05739605 -0.14189200 -0.01532179
v 0.05503720 -0.13822900 -0.02500009
v 0.05193489 -0.13597400 -0.03353357
v 0.04861855 -0.13737799 -0.03969496
v 0.04378527 -0.13423100 -0.04728949
v 0.03895765 -0.13527299 -0.05228568
v 0.03341674 -0.13568200 -0.05682176
v 0.02704650 -0.13278399 -0.06173050
v 0.02053636 -0.13171600 -0.06509649
v 0.01362818 -0.12727800 -0.06872946
v 0.00669837 -0.12198601 -0.07181860
v 0.00000761 -0.11935599 -0.07315319
v 0.00000732 -0.11471100 -0.07484167
v -0.00674015 -0.11524590 -0.07423895
v -0.01336079 -0.11419300 -0.07342439
v -0.01972037 -0.11252300 -0.07207609
v -0.02561688 -0.10792799 -0.07114928
v -0.03109079 -0.10461300 -0.06909888
v -0.03593909 -0.09830850 -0.06771069
v -0.04022568 -0.09118555 -0.06619776
v -0.04390674 -0.08984047 -0.06188308
v -0.04692316 -0.08313328 -0.05949574
v -0.04914295 -0.08039367 -0.05520069
v -0.05043429 -0.08066016 -0.04945075
v -0.05086338 -0.08093106 -0.04360276
v -0.05041539 -0.08120179 -0.03775608
v -0.04910546 -0.08146715 -0.03201025
v -0.04695605 -0.08172279 -0.02646458
v -0.04399704 -0.08196394 -0.02121609
v -0.04028558 -0.08218610 -0.01635199
v -0.03588575 -0.08238375 -0.01195746
v -0.03086709 -0.08255249 -0.00811273
v -0.02532047 -0.08268809 -0.00487977
v -0.01934200 -0.08277486 -0.00232470
v -0.01303029 -0.08279180 -0.00051249
v -0.00649297 -0.08276206 0.00054912
v 0.00000517 -0.08128802 -0.00019908
v 0.00669640 -0.08083689 -0.00088354
v 0.01340019 -0.07899308 -0.00318098
v 0.02002078 -0.07688205 -0.00618088
v 0.02645975 -0.07418835 -0.00999808
v 0.03262150 -0.07060897 -0.01464539
v 0.03840225 -0.06584376 -0.02005708
v 0.04369688 -0.05959444 -0.02606576
v 0.04840487 -0.05165940 -0.03235524
v 0.05238920 -0.04213595 -0.03848189
v 0.05549806 -0.03134179 -0.04391837
v 0.05760365 -0.01980376 -0.04806405
v 0.05858725 -0.00825673 -0.05027186
v 0.05838550 0.00259340 -0.05004997
v 0.05705971 0.01248759 -0.04740774
v 0.05469459 0.02132457 -0.04287046
v 0.05127495 0.02868908 -0.04371386
v 0.04705757 0.03587609 -0.03779548
v 0.04195666 0.04198735 -0.03590887
v 0.03613924 0.04731708 -0.03030818
v 0.05155014 0.02972960 -0.01812297
v 0.05501908 0.02268028 -0.01790207
v 0.05749034 0.01495599 -0.02454239
v 0.05888397 0.00669491 -0.02967089
v 0.05925125 -0.00203907 -0.03333818
v 0.05860596 -0.01117897 -0.03544485
v 0.05691438 -0.02067238 -0.03572219
v 0.05415380 -0.03036665 -0.03412908
v 0.05033856 -0.03998899 -0.03088259
v 0.04560077 -0.04900485 -0.02652460
v 0.04011237 -0.05692696 -0.02165395
v 0.03403949 -0.06347328 -0.01678776
v 0.02755147 -0.06855267 -0.01233255
v 0.02079570 -0.07222586 -0.00859255
v 0.01388317 -0.07476478 -0.00572544
v 0.00691610 -0.07653010 -0.00373763
v 0.00000493 -0.07756406 -0.00275502
v -0.00667506 -0.07778966 -0.00292993
v -0.01339107 -0.07747095 -0.00412220
v -0.01987195 -0.07690060 -0.00612748
v -0.02601087 -0.07606768 -0.00892961
v -0.03170686 -0.07500135 -0.01246529
v -0.03686058 -0.07373046 -0.01666659
v -0.04137897 -0.07227569 -0.02146685
v -0.04519045 -0.07066369 -0.02677899
v -0.04822939 -0.06892347 -0.03251016
v -0.05043667 -0.06708450 -0.03856557
v -0.05178189 -0.06517875 -0.04483938
v -0.05224210 -0.06323909 -0.05122309
v -0.05180126 -0.06129908 -0.05760824
v -0.05047476 -0.05939149 -0.06388610
v -0.04803216 -0.06120824 -0.06847900
v -0.04461985 -0.06694215 -0.07124447
v -0.04081588 -0.06737506 -0.07579267
v -0.03612500 -0.07419729 -0.07738007
v -0.03096300 -0.08031105 -0.07875801
v -0.02538365 -0.08415418 -0.08046627
v -0.01940530 -0.08845238 -0.08137048
v -0.01311808 -0.09041969 -0.08248585
v -0.00660914 -0.09168279 -0.08314275
v 0.00000635 -0.09936970 -0.08059978
v 0.00649291 -0.10012501 -0.07993936
v 0.01309746 -0.10686900 -0.07622171
v 0.01959890 -0.11257101 -0.07210856
v 0.02578377 -0.11489000 -0.06848627
v 0.03171360 -0.11842500 -0.06359618
v 0.03697407 -0.11865290 -0.05928766
v 0.04155808 -0.11802100 -0.05470240
v 0.04604810 -0.12179302 -0.04738557
v 0.04920065 -0.12067401 -0.04183799
v 0.05209839 -0.12273289 -0.03398108
v 0.05449789 -0.12608100 -0.02458465
v 0.05601465 -0.12931100 -0.01463389
v 0.05652564 -0.13270099 -0.00429100
v 0.05594718 -0.13649492 0.00618535
v 0.05422466 -0.14087100 0.01644486
v 0.05133439 -0.14603500 0.02606558
v 0.04731238 -0.15222302 0.03458237
v 0.04226827 -0.15951100 0.04167515
v 0.03637856 -0.16758400 0.04734510
v 0.02983337 -0.17589602 0.05172365
v 0.02280128 -0.18376490 0.05501675
v 0.01542270 -0.18374301 0.05752086
v 0.00777960 -0.18372200 0.05904239
v 0.00001195 -0.18825750 0.05949399
v 0.00001186 -0.18685400 0.05950099
v 0.00001179 -0.18585400 0.05951386
v 0.00001173 -0.18479499 0.05953234
v -0.00758636 -0.18372099 0.05906469
v 0.00001165 -0.18366000 0.05955594
v 0.00001158 -0.18244600 0.05958384
v 0.00779140 -0.17559102 0.05922246
v 0.00001149 -0.18115500 0.05961519
v 0.00001141 -0.17978901 0.05964839
v 0.00001131 -0.17833300 0.05968207
v 0.00001121 -0.17674901 0.05971509
v 0.00001110 -0.17499700 0.05974495
v 0.00780326 -0.16660599 0.05921047
v 0.00001098 -0.17305990 0.05976724
v 0.00001084 -0.17093500 0.05977559
v -0.00759888 -0.17558999 0.05924469
v 0.00001070 -0.16861901 0.05976146
v -0.00761163 -0.16660300 0.05923266
v 0.00001054 -0.16611800 0.05971395
v 0.00001037 -0.16350500 0.05962228
v 0.00780499 -0.15731901 0.05867159
v 0.00001021 -0.16090600 0.05948156
v 0.00001005 -0.15844500 0.05929589
v -0.00761449 -0.15731399 0.05869363
v -0.01528859 -0.15757498 0.05719679
v -0.01525449 -0.14861600 0.05581986
v -0.02265006 -0.14909799 0.05336278
v -0.02251470 -0.14097300 0.05089706
v -0.02947837 -0.14168902 0.04754568
v -0.02918946 -0.13448890 0.04408329
v -0.03558665 -0.13545389 0.03996420
v -0.03512448 -0.12904000 0.03580194
v -0.04083788 -0.13024400 0.03106206
v -0.04020345 -0.12447600 0.02648907
v -0.04513466 -0.12587599 0.02127289
v -0.04434919 -0.12062500 0.01655298
v -0.04843640 -0.12217190 0.01101356
v -0.04754328 -0.11727301 0.00637376
v -0.05074198 -0.11890600 0.00064584
v -0.04980158 -0.11417001 -0.00373816
v -0.05208200 -0.11581801 -0.00954872
v -0.05116426 -0.11104201 -0.01356065
v -0.05252969 -0.11262701 -0.01937186
v -0.05170709 -0.10761201 -0.02296966
v -0.05216699 -0.10905300 -0.02872937
v -0.05149359 -0.10368599 -0.03200274
v -0.05105936 -0.10490601 -0.03767246
v -0.05057466 -0.09910476 -0.04075247
v -0.04927968 -0.10003000 -0.04629498
v -0.04901267 -0.09370576 -0.04930078
v -0.04695665 -0.09676570 -0.05355536
v -0.04683840 -0.09008115 -0.05652159
v -0.04400295 -0.09691618 -0.05885249
v -0.04897367 -0.08714847 -0.05226707
v -0.05026078 -0.08695578 -0.04663175
v -0.05068826 -0.08675955 -0.04090034
v -0.05024164 -0.08656328 -0.03517019
v -0.04893606 -0.08636945 -0.02953886
v -0.04679399 -0.08618198 -0.02410387
v -0.04384487 -0.08600366 -0.01896029
v -0.04014599 -0.08583669 -0.01419359
v -0.03576100 -0.08568240 -0.00988752
v -0.03075939 -0.08554226 -0.00612098
v -0.02523130 -0.08541684 -0.00295502
v -0.01927268 -0.08529371 -0.00045630
v -0.01298177 -0.08515298 0.00130790
v -0.00646764 -0.08502209 0.00233346
v 0.00000527 -0.08286832 0.00098717
v 0.00664884 -0.08276237 0.00053394
v 0.01327508 -0.08075326 -0.00200325
v 0.01980596 -0.07861167 -0.00513411
v 0.02615076 -0.07604348 -0.00899953
v 0.03221166 -0.07277226 -0.01366525
v 0.03788828 -0.06850147 -0.01912039
v 0.04307860 -0.06293380 -0.02526730
v 0.04769414 -0.05579978 -0.03187549
v 0.05163419 -0.04693084 -0.03858119
v 0.05476236 -0.03648644 -0.04490727
v 0.05695515 -0.02486568 -0.05029517
v 0.05809259 -0.01267409 -0.05413216
v 0.05807036 -0.00071819 -0.05577558
v 0.05686777 0.01025760 -0.05476999
v 0.05455708 0.01995998 -0.05146641
v 0.05115557 0.02755600 -0.05257356
v 0.04693496 0.03522205 -0.04743325
v 0.04185938 0.04159736 -0.04479235
v 0.03605824 0.04712384 -0.04066300
v 0.02959728 0.05161356 -0.03915476
v 0.05436968 0.01754528 -0.05960357
v 0.05656075 0.00669080 -0.06118499
v 0.05608308 0.00146031 -0.06616228
v 0.05757999 -0.00554562 -0.06019927
v 0.05693167 -0.01169186 -0.06326586
v 0.05743855 -0.01827818 -0.05678105
v 0.05667710 -0.02468359 -0.05833017
v 0.05620014 -0.03063535 -0.05156189
v 0.05539029 -0.03676497 -0.05196588
v 0.05397325 -0.04193705 -0.04515630
v 0.05318087 -0.04738348 -0.04475688
v 0.05087609 -0.05170649 -0.03814047
v 0.05015635 -0.05624110 -0.03724199
v 0.04701935 -0.05971395 -0.03102898
v 0.04639035 -0.06342887 -0.02987766
v 0.04250216 -0.06609338 -0.02422869
v 0.04196876 -0.06916409 -0.02298665
v 0.03741258 -0.07108850 -0.01801776
v 0.03697639 -0.07369589 -0.01676595
v 0.03183585 -0.07497167 -0.01255065
v 0.03149569 -0.07729679 -0.01129770
v 0.02587109 -0.07803815 -0.00786054
v 0.02563279 -0.08023709 -0.00653309
v 0.01962280 -0.08055907 -0.00389069
v 0.01948797 -0.08277088 -0.00237328
v 0.01318246 -0.08279049 -0.00054422
v 0.01313370 -0.08515447 0.00127709
v 0.00662321 -0.08502401 0.00231892
v 0.00662553 -0.08767390 0.00455457
v 0.00000557 -0.08762247 0.00491719
v -0.00646955 -0.08767056 0.00456852
v -0.00650197 -0.09072767 0.00732642
v -0.01298809 -0.08789111 0.00357187
v -0.01305538 -0.09102194 0.00634867
v -0.01928490 -0.08817006 0.00184262
v -0.01938736 -0.09141571 0.00463802
v -0.02524918 -0.08847630 -0.00061868
v -0.02538478 -0.09187448 0.00219172
v -0.03078210 -0.08882868 -0.00374192
v -0.03094816 -0.09241658 -0.00091687
v -0.03578829 -0.08923715 -0.00745916
v -0.03598207 -0.09304946 -0.00461811
v -0.04017716 -0.08969736 -0.01170986
v -0.04039508 -0.09376548 -0.00885129
v -0.04387927 -0.09020228 -0.01641565
v -0.04411768 -0.09455331 -0.01353836
v -0.04683089 -0.09074521 -0.02149397
v -0.04708546 -0.09540109 -0.01859658
v -0.04897486 -0.09131765 -0.02685987
v -0.04924136 -0.09629565 -0.02394157
v -0.05028146 -0.09191018 -0.03241997
v -0.05055528 -0.09722180 -0.02947980
v -0.05072855 -0.09251220 -0.03807765
v -0.05100464 -0.09816336 -0.03511548
v -0.05030077 -0.09311419 -0.04373669
v -0.05103969 -0.10246601 -0.02633440
v -0.04971307 -0.10126801 -0.02076405
v -0.04753648 -0.10010900 -0.01538825
v -0.04454004 -0.09901249 -0.01030105
v -0.04078179 -0.09799336 -0.00558728
v -0.03632605 -0.09706830 -0.00133032
v -0.03124380 -0.09625207 0.00239104
v -0.02562659 -0.09555531 0.00551552
v -0.01957118 -0.09497268 0.00797129
v -0.01317799 -0.09448735 0.00968170
v -0.00656217 -0.09413540 0.01065218
v 0.00000578 -0.09103178 0.00802362
v 0.00000572 -0.08997805 0.00703712
v 0.00665909 -0.09073215 0.00731283
v 0.01314049 -0.08789509 0.00354183
v 0.01941835 -0.08529371 -0.00050383
v 0.02545797 -0.08268266 -0.00494355
v 0.03120619 -0.07980901 -0.00986749
v 0.03658169 -0.07641226 -0.01537847
v 0.04147976 -0.07223659 -0.02157849
v 0.04580849 -0.06703430 -0.02848178
v 0.04948568 -0.06055450 -0.03596949
v 0.05242891 -0.05257338 -0.04380345
v 0.05457705 -0.04290640 -0.05160915
v 0.05586040 -0.03150379 -0.05889195
v 0.05617696 -0.01873278 -0.06509752
v 0.05545169 -0.00521863 -0.06963938
v 0.05471646 -0.01288425 -0.07174855
v 0.05392819 -0.02107357 -0.07262295
v 0.05108135 -0.02180135 -0.07920420
v 0.05036331 -0.03032749 -0.07835651
v 0.04663807 -0.03425765 -0.08305239
v 0.04604327 -0.04276669 -0.08059476
v 0.04206491 -0.04195827 -0.08563548
v 0.04549437 -0.05102699 -0.07765048
v 0.04157358 -0.05062848 -0.08249050
v 0.04499238 -0.05912178 -0.07447445
v 0.04112488 -0.05912977 -0.07915616
v 0.04454385 -0.06711119 -0.07128250
v 0.04072755 -0.06750577 -0.07583791
v 0.04417920 -0.07495987 -0.06812369
v 0.04041087 -0.07570487 -0.07257300
v 0.04393416 -0.08260785 -0.06500339
v 0.04020714 -0.08366060 -0.06937278
v 0.04384505 -0.08999478 -0.06192708
v 0.04014879 -0.09130620 -0.06624817
v 0.04394608 -0.09706240 -0.05890005
v 0.04026466 -0.09857928 -0.06321060
v 0.04423940 -0.10378101 -0.05592745
v 0.04055178 -0.10545700 -0.06026841
v 0.04470276 -0.11014600 -0.05301427
v 0.04098969 -0.11193790 -0.05742967
v 0.04531347 -0.11615200 -0.05016505
v 0.03647404 -0.11234701 -0.06196075
v 0.03609317 -0.10559901 -0.06478887
v 0.03585028 -0.09840578 -0.06776149
v 0.03576320 -0.09076659 -0.07086747
v 0.03583115 -0.08270962 -0.07409375
v 0.03602677 -0.07430648 -0.07742398
v 0.03632086 -0.06563240 -0.08084130
v 0.03668385 -0.05676209 -0.08432888
v 0.03709119 -0.04774576 -0.08782650
v 0.03129714 -0.11180001 -0.06627506
v 0.03098946 -0.10468401 -0.06914949
v 0.03080719 -0.09707157 -0.07220548
v 0.03076535 -0.08895838 -0.07542926
v 0.03085547 -0.08039176 -0.07880182
v 0.03105169 -0.07145547 -0.08230078
v 0.03132766 -0.06223440 -0.08590388
v 0.03165715 -0.05281209 -0.08958755
v 0.02550429 -0.10797800 -0.07119518
v 0.02531808 -0.10056101 -0.07411205
v 0.02523797 -0.09263277 -0.07722182
v 0.02526730 -0.08421027 -0.08050686
v 0.02538865 -0.07536977 -0.08394330
v 0.02558195 -0.06619530 -0.08750635
v 0.02582716 -0.05677068 -0.09117120
v 0.01964938 -0.06005770 -0.09238946
v 0.01947218 -0.06989526 -0.08858287
v 0.01320630 -0.06211150 -0.09340370
v 0.01309525 -0.07194006 -0.08961498
v 0.00657421 -0.06345528 -0.09397907
v 0.00652194 -0.07326668 -0.09020655
v 0.00000414 -0.06457549 -0.09390567
v 0.00000469 -0.07332128 -0.09054589
v -0.00665838 -0.07325536 -0.09019488
v 0.00000518 -0.08092380 -0.08763456
v -0.00662190 -0.08269989 -0.08657586
v 0.00000561 -0.08768780 -0.08505070
v 0.00000599 -0.09376168 -0.08273458
v -0.01315039 -0.08138400 -0.08595335
v -0.01322877 -0.07190376 -0.08959715
v -0.00671309 -0.06344437 -0.09396736
v -0.01334226 -0.06207478 -0.09338617
v -0.01978069 -0.05999397 -0.09236747
v 0.00000382 -0.05959850 -0.09582347
v -0.01946985 -0.07935070 -0.08488440
v -0.01960068 -0.06983251 -0.08856016
v -0.02550745 -0.07531321 -0.08390349
v -0.02570348 -0.06613886 -0.08746694
v -0.02595150 -0.05671548 -0.09113186
v -0.03116208 -0.07137371 -0.08225798
v -0.03144109 -0.06215250 -0.08586155
v -0.03177368 -0.05273115 -0.08954530
v -0.03719919 -0.04763555 -0.08778191
v -0.03642237 -0.06552177 -0.08079838
v -0.03678876 -0.05665147 -0.08428658
v -0.04121668 -0.05899876 -0.07911157
v -0.04166877 -0.05049765 -0.08244408
v -0.04216349 -0.04182624 -0.08558160
v -0.04613089 -0.04259139 -0.08054436
v -0.04672968 -0.03407639 -0.08298391
v -0.04977715 -0.03816359 -0.07659548
v -0.05045545 -0.02998930 -0.07828198
v -0.05242115 -0.03733910 -0.07106560
v -0.05317395 -0.02942705 -0.07224738
v -0.05379879 -0.04113847 -0.06426995
v -0.05457128 -0.03390509 -0.06539487
v -0.05425649 -0.04500257 -0.05735820
v -0.05503547 -0.03845947 -0.05842506
v -0.05377864 -0.04886597 -0.05044775
v -0.05455088 -0.04301297 -0.05145686
v -0.05238158 -0.05266219 -0.04365628
v -0.05313390 -0.04748726 -0.04460859
v -0.05008935 -0.05632610 -0.03710126
v -0.05080878 -0.05180555 -0.03799867
v -0.04693360 -0.05979365 -0.03089720
v -0.04760766 -0.05589246 -0.03174257
v -0.04297536 -0.06300669 -0.02514648
v -0.04359275 -0.05967968 -0.02594387
v -0.03828334 -0.06590862 -0.01994955
v -0.03883355 -0.06310009 -0.02070355
v -0.03293144 -0.06844645 -0.01540058
v -0.03340518 -0.06609129 -0.01611667
v -0.02701669 -0.07057988 -0.01157170
v -0.02740550 -0.06860560 -0.01225620
v -0.02064216 -0.07226049 -0.00853467
v -0.02093988 -0.07058668 -0.00919479
v -0.01391267 -0.07344228 -0.00635630
v -0.01411426 -0.07197940 -0.00700033
v -0.00693691 -0.07412916 -0.00505739
v -0.00703800 -0.07278801 -0.00569421
v 0.00000466 -0.07331987 -0.00513913
v 0.00720465 -0.07277560 -0.00571322
v 0.00731265 -0.07127040 -0.00636548
v 0.01449018 -0.07032048 -0.00767869
v 0.01470166 -0.06860297 -0.00828642
v 0.02172309 -0.06675988 -0.01043218
v 0.02201360 -0.06485527 -0.01088279
v 0.02875125 -0.06196659 -0.01374667
v 0.02907687 -0.05996328 -0.01386940
v 0.03539746 -0.05600440 -0.01724350
v 0.03569668 -0.05408400 -0.01680779
v 0.04146105 -0.04910910 -0.02044266
v 0.04168468 -0.04746609 -0.01921999
v 0.04676228 -0.04158824 -0.02284109
v 0.04691946 -0.04026055 -0.02074420
v 0.05121284 -0.03364628 -0.02408778
v 0.05134069 -0.03261089 -0.02114820
v 0.05476689 -0.02543836 -0.02400779
v 0.05491179 -0.02462095 -0.02037245
v 0.05740016 -0.01706099 -0.02261728
v 0.05753695 -0.01642155 -0.01831334
v 0.05904830 -0.00864255 -0.01985788
v 0.05909669 -0.00815189 -0.01476490
v 0.05959886 -0.00030819 -0.01555025
v 0.05907326 0.00753421 -0.01633548
v 0.05758416 -0.01586335 -0.01399248
v 0.05504256 -0.02393287 -0.01682227
v 0.05147647 -0.03177935 -0.01824736
v 0.04703647 -0.03926187 -0.01849615
v 0.04182446 -0.04624110 -0.01772010
v 0.03588849 -0.05261367 -0.01604819
v 0.02932167 -0.05827295 -0.01374697
v 0.02226155 -0.06309455 -0.01118975
v 0.01489716 -0.06690227 -0.00882733
v 0.00741911 -0.06968171 -0.00700647
v 0.00000453 -0.07119828 -0.00609102
v -0.00714380 -0.07128459 -0.00634664
v -0.01432579 -0.07035028 -0.00764030
v -0.02125298 -0.06874108 -0.00981838
v -0.02781486 -0.06645250 -0.01285946
v -0.03390377 -0.06354779 -0.01669520
v -0.03941297 -0.06009216 -0.02125316
v -0.04424309 -0.05614089 -0.02646076
v -0.04831780 -0.05176585 -0.03222316
v -0.05156660 -0.04704457 -0.03844016
v -0.05392628 -0.04205590 -0.04500889
v -0.05536437 -0.03688699 -0.05181449
v -0.05585634 -0.03162676 -0.05873936
v -0.05538516 -0.02636545 -0.06566561
v -0.05396699 -0.02119249 -0.07247537
v -0.05117917 -0.02144110 -0.07907897
v -0.05475705 -0.01301795 -0.07160450
v -0.05619586 -0.01887005 -0.06494957
v -0.05549365 -0.00536597 -0.06950128
v -0.05695176 -0.01184296 -0.06312417
v -0.05612659 0.00130135 -0.06603306
v -0.05760115 -0.00570869 -0.06006675
v -0.05660527 0.00652301 -0.06106775
v -0.05809229 -0.00089034 -0.05565530
v -0.05691289 0.01008427 -0.05466765
v -0.05840790 0.00241554 -0.04994505
v -0.05710530 0.01231145 -0.04732239
v -0.05860537 0.00450927 -0.04337847
v -0.05724787 0.01360255 -0.03957808
v -0.05875176 0.00575703 -0.03644967
v -0.05739939 0.01434379 -0.03194427
v -0.05890716 0.00651342 -0.02961927
v -0.05753648 0.01478016 -0.02450895
v -0.05904787 0.00700045 -0.02296435
v -0.05496084 0.02206760 -0.03136080
v -0.05482959 0.02156496 -0.03870874
v -0.05470925 0.02070635 -0.04626059
v -0.05457979 0.01923835 -0.05373924
v -0.05439758 0.01686316 -0.06073087
v -0.05149418 0.02912914 -0.03509080
v -0.05136245 0.02851939 -0.04377150
v -0.05124229 0.02737265 -0.05264478
v -0.04716539 0.03572738 -0.03783166
v -0.04704207 0.03506666 -0.04748445
v -0.04198467 0.04146265 -0.04482990
v -0.05667400 -0.02482199 -0.05818104
v -0.05743616 -0.01843076 -0.05663819
v -0.05809098 -0.01283860 -0.05399836
v -0.05858619 -0.00843030 -0.05015045
v -0.05890434 -0.00538415 -0.04514187
v -0.05910336 -0.00342607 -0.03936737
v -0.05925095 -0.00222248 -0.03326809
v -0.05940777 -0.00145054 -0.02725470
v -0.05954968 -0.00091214 -0.02139377
v -0.05959886 -0.00048863 -0.01553297
v -0.05907315 -0.00833076 -0.01474779
v -0.05753779 -0.01603776 -0.01397579
v -0.05617476 -0.03077268 -0.05141395
v -0.05693030 -0.02501678 -0.05015349
v -0.05757911 -0.01996690 -0.04793148
v -0.05806988 -0.01596868 -0.04464685
v -0.05838507 -0.01318216 -0.04033976
v -0.05858224 -0.01135975 -0.03535729
v -0.05872857 -0.01020026 -0.03008717
v -0.05888408 -0.00941276 -0.02489060
v -0.05902456 -0.00882298 -0.01982355
v -0.05471557 -0.03662008 -0.04476314
v -0.05545139 -0.03148907 -0.04378026
v -0.05608320 -0.02697187 -0.04196870
v -0.05656099 -0.02337688 -0.03923767
v -0.05686789 -0.02084565 -0.03561997
v -0.05705976 -0.01915669 -0.03141558
v -0.05720227 -0.01804059 -0.02696055
v -0.05735367 -0.01723778 -0.02256697
v -0.05749046 -0.01659744 -0.01827996
v -0.05232125 -0.04226368 -0.03834408
v -0.05302464 -0.03773558 -0.03762906
v -0.05362868 -0.03373265 -0.03621369
v -0.05408525 -0.03052699 -0.03401708
v -0.05437856 -0.02824229 -0.03106456
v -0.05456197 -0.02668207 -0.02761137
v -0.05469828 -0.02560776 -0.02394294
v -0.05484306 -0.02479004 -0.02032434
v -0.05497390 -0.02410095 -0.01679027
v -0.05501878 -0.02347606 -0.01323086
v -0.05155110 -0.03051584 -0.01252627
v -0.04902499 -0.04760479 -0.03226876
v -0.04968386 -0.04364728 -0.03180730
v -0.05024969 -0.04013127 -0.03076690
v -0.05067718 -0.03729386 -0.02907598
v -0.05095165 -0.03524255 -0.02675330
v -0.05112339 -0.03380429 -0.02401119
v -0.05125105 -0.03276968 -0.02108746
v -0.05138689 -0.03193789 -0.01820218
v -0.05150927 -0.03120237 -0.01538085
v -0.04489046 -0.05255424 -0.02663755
v -0.04549390 -0.04912568 -0.02641117
v -0.04601168 -0.04606109 -0.02571827
v -0.04640269 -0.04356545 -0.02449625
v -0.04665356 -0.04173058 -0.02275717
v -0.04681068 -0.04040527 -0.02067416
v -0.04692757 -0.03940737 -0.01844060
v -0.04705184 -0.03856235 -0.01623529
v -0.04716390 -0.03778398 -0.01407450
v -0.04720175 -0.03704029 -0.01187330
v -0.03998976 -0.05702459 -0.02154856
v -0.04052698 -0.05407428 -0.02153456
v -0.04098778 -0.05141788 -0.02115559
v -0.04133558 -0.04923159 -0.02035689
v -0.04155856 -0.04759275 -0.01914525
v -0.04169815 -0.04636985 -0.01765769
v -0.04180228 -0.04540514 -0.01604795
v -0.04191314 -0.04454815 -0.01445740
v -0.04201269 -0.04373085 -0.01289349
v -0.04204595 -0.04293519 -0.01128256
v -0.03616487 -0.04809308 -0.01076614
v -0.03439974 -0.06093448 -0.01709455
v -0.03486168 -0.05840265 -0.01726645
v -0.03525745 -0.05610400 -0.01716226
v -0.03555577 -0.05418921 -0.01673406
v -0.03574699 -0.05272257 -0.01598399
v -0.03586667 -0.05158954 -0.01501774
v -0.03595620 -0.05065375 -0.01395428
v -0.03605169 -0.04978585 -0.01290190
v -0.03613710 -0.04893416 -0.01186078
v -0.02822178 -0.06422108 -0.01334685
v -0.02860027 -0.06204175 -0.01367545
v -0.02892440 -0.06004458 -0.01380276
v -0.02916818 -0.05835908 -0.01368659
v -0.02932405 -0.05703788 -0.01332509
v -0.02942180 -0.05598081 -0.01279795
v -0.02949506 -0.05506896 -0.01219457
v -0.02957367 -0.05419148 -0.01159548
v -0.02964329 -0.05331039 -0.01099419
v -0.02966518 -0.05243075 -0.01033425
v -0.02156376 -0.06681209 -0.01037567
v -0.02185249 -0.06491279 -0.01082855
v -0.02209895 -0.06315666 -0.01113909
v -0.02228355 -0.06165629 -0.01126945
v -0.02240127 -0.06045329 -0.01121568
v -0.02250301 -0.05901112 -0.01091813
v -0.02261749 -0.05722531 -0.01043459
v -0.01453518 -0.06863659 -0.00824898
v -0.01472878 -0.06693948 -0.00879151
v -0.01489329 -0.06536060 -0.00923294
v -0.01501518 -0.06400018 -0.00953895
v -0.01511689 -0.06241268 -0.00974151
v -0.01519924 -0.06060906 -0.00981498
v -0.01525408 -0.05923539 -0.00982451
v -0.00724816 -0.06969780 -0.00698817
v -0.00734419 -0.06812208 -0.00758576
v -0.00742519 -0.06665205 -0.00810635
v -0.00748450 -0.06538045 -0.00851750
v -0.00753367 -0.06386443 -0.00892803
v -0.00757526 -0.06204044 -0.00932223
v -0.00760132 -0.06068217 -0.00955295
v 0.05508744 -0.02330935 -0.01324689
v 0.05159908 -0.03104490 -0.01541078
v 0.04716098 -0.03841716 -0.01627659
v 0.04192876 -0.04527568 -0.01609748
v 0.03600847 -0.05147886 -0.01507145
v 0.02947825 -0.05694879 -0.01337790
v 0.02244728 -0.06159067 -0.01131540
v 0.01506328 -0.06532007 -0.00926644
v 0.00751710 -0.06810427 -0.00760323
v 0.00000440 -0.06913343 -0.00694686
v -0.04507219 -0.05895167 -0.07443737
v -0.04557800 -0.05085539 -0.07761025
v -0.04856437 -0.05369067 -0.07146489
v -0.04914635 -0.04603660 -0.07424671
v -0.05107027 -0.05223309 -0.06666636
v -0.05171948 -0.04491168 -0.06913238
v -0.05241239 -0.05474686 -0.06018507
v -0.05307859 -0.04805618 -0.06246948
v -0.05285817 -0.05730354 -0.05359297
v -0.05353015 -0.05125438 -0.05569279
v -0.05239279 -0.05985957 -0.04700219
v -0.05305880 -0.05445176 -0.04891729
v -0.05103164 -0.06237119 -0.04052489
v -0.05168050 -0.05759358 -0.04225850
v -0.04879837 -0.06479495 -0.03427314
v -0.04941874 -0.06062579 -0.03583145
v -0.04572367 -0.06708879 -0.02835595
v -0.04630506 -0.06349557 -0.02974849
v -0.04186725 -0.06921416 -0.02287149
v -0.04239988 -0.06615465 -0.02411019
v -0.03729587 -0.07113307 -0.01791518
v -0.03777039 -0.06855601 -0.01901489
v -0.03208160 -0.07281030 -0.01357710
v -0.03249007 -0.07065588 -0.01455479
v -0.02631855 -0.07421928 -0.00992584
v -0.02665406 -0.07242059 -0.01080065
v -0.02010756 -0.07532565 -0.00703079
v -0.02036458 -0.07380951 -0.00782329
v -0.01355069 -0.07609570 -0.00495601
v -0.01372468 -0.07478356 -0.00568777
v -0.00675523 -0.07653689 -0.00371963
v -0.00684255 -0.07534778 -0.00441396
v 0.01934409 -0.07941155 -0.08490836
v 0.01301908 -0.08141945 -0.08597177
v 0.00648749 -0.08271128 -0.08658767
v 0.00647616 -0.09169405 -0.08315479
v 0.01928156 -0.08851070 -0.08139585
v 0.01298856 -0.09045380 -0.08250528
v 0.01930129 -0.09709768 -0.07807576
v 0.01301407 -0.09895027 -0.07924699
v 0.01940995 -0.10511600 -0.07497388
v 0.05536746 -0.02624344 -0.06581699
v 0.05455487 -0.03379857 -0.06554716
v 0.05313676 -0.02932327 -0.07239581
v 0.05378347 -0.04104715 -0.06442099
v 0.05238556 -0.03725016 -0.07121288
v 0.05306458 -0.04797947 -0.06261765
v 0.05168539 -0.04483699 -0.06927669
v 0.05239939 -0.05468440 -0.06032907
v 0.05103749 -0.05217218 -0.06680680
v 0.05178940 -0.06125016 -0.05774778
v 0.05044347 -0.05934375 -0.06402200
v 0.05123740 -0.06776160 -0.05505937
v 0.04990589 -0.06643605 -0.06113457
v 0.05076825 -0.07423889 -0.05234068
v 0.04944921 -0.07346320 -0.05823749
v 0.05042535 -0.08064787 -0.04957854
v 0.04911531 -0.08038169 -0.05532516
v 0.05025255 -0.08695369 -0.04675710
v 0.04894709 -0.08714646 -0.05238920
v 0.05029338 -0.09312099 -0.04386037
v 0.04898684 -0.09371237 -0.04942126
v 0.05056798 -0.09911899 -0.04087567
v 0.04925447 -0.10004400 -0.04641498
v 0.05105328 -0.10492601 -0.03779637
v 0.04972721 -0.10612302 -0.04336786
v 0.05172145 -0.11051900 -0.03461635
v 0.05037796 -0.11193500 -0.04027760
v 0.05254488 -0.11587890 -0.03132970
v 0.05118006 -0.11746100 -0.03714215
v 0.05348765 -0.12102799 -0.02795886
v 0.04841268 -0.11522100 -0.04475075
v 0.04775369 -0.10945201 -0.04767876
v 0.04724836 -0.10337400 -0.05061930
v 0.04692065 -0.09699445 -0.05357074
v 0.04679459 -0.09032535 -0.05653178
v 0.04687136 -0.08339130 -0.05950188
v 0.04711675 -0.07624064 -0.06248176
v 0.04749250 -0.06892466 -0.06547278
v 0.04796075 -0.06149405 -0.06847590
v 0.04848808 -0.05398339 -0.07146388
v 0.04906505 -0.04633998 -0.07425868
v 0.04969060 -0.03848189 -0.07663227
v 0.05504047 -0.03835206 -0.05857868
v 0.05426229 -0.04491055 -0.05751050
v 0.05353677 -0.05117708 -0.05584211
v 0.05286556 -0.05724048 -0.05373829
v 0.05225008 -0.06318986 -0.05136388
v 0.05169308 -0.06911039 -0.04887795
v 0.05121977 -0.07502788 -0.04634088
v 0.05087375 -0.08091877 -0.04373168
v 0.05069929 -0.08675761 -0.04102665
v 0.05074037 -0.09251910 -0.03820240
v 0.05101728 -0.09817769 -0.03523969
v 0.05150675 -0.10370700 -0.03212767
v 0.05218076 -0.10907900 -0.02885639
v 0.05301159 -0.11426701 -0.02541577
v 0.05396264 -0.11929201 -0.02183157
v 0.05498188 -0.12426601 -0.01820200
v 0.05380535 -0.04877465 -0.05059880
v 0.05308598 -0.05437517 -0.04906536
v 0.05242025 -0.05979716 -0.04714626
v 0.05180996 -0.06512975 -0.04497885
v 0.05125755 -0.07045930 -0.04269546
v 0.05078810 -0.07581716 -0.04034018
v 0.05044497 -0.08118945 -0.03788387
v 0.05027174 -0.08656120 -0.03529536
v 0.05031245 -0.09191685 -0.03254359
v 0.05058687 -0.09723585 -0.02960300
v 0.05107218 -0.10248701 -0.02645826
v 0.05174046 -0.10763802 -0.02309560
v 0.05256420 -0.11265591 -0.01950114
v 0.05350726 -0.11755600 -0.01570349
v 0.05451787 -0.12244901 -0.01181846
v 0.05554205 -0.12745699 -0.00797218
v 0.05172765 -0.05751889 -0.04240280
v 0.05107909 -0.06231027 -0.04066514
v 0.05048418 -0.06703680 -0.03870147
v 0.04994590 -0.07178509 -0.03661727
v 0.04948824 -0.07659268 -0.03444057
v 0.04915380 -0.08145517 -0.03213477
v 0.04898488 -0.08636759 -0.02966088
v 0.04902428 -0.09132426 -0.02698040
v 0.04929155 -0.09630949 -0.02406156
v 0.04976427 -0.10128800 -0.02088475
v 0.05041557 -0.10622101 -0.01743239
v 0.05121797 -0.11107100 -0.01368659
v 0.05213695 -0.11584900 -0.00967914
v 0.05312180 -0.12066400 -0.00554287
v 0.05411976 -0.12563300 -0.00142306
v 0.05507826 -0.13088100 0.00253510
v 0.04886490 -0.06473678 -0.03440725
v 0.04829579 -0.06887775 -0.03264009
v 0.04778069 -0.07306498 -0.03074824
v 0.04734277 -0.07734106 -0.02874416
v 0.04702258 -0.08171130 -0.02658355
v 0.04686087 -0.08617997 -0.02422058
v 0.04689836 -0.09075146 -0.02160906
v 0.04715394 -0.09541430 -0.01871126
v 0.04760605 -0.10012801 -0.01550370
v 0.04822897 -0.10485100 -0.01196467
v 0.04899656 -0.10954000 -0.00807285
v 0.04987567 -0.11419900 -0.00386286
v 0.05081778 -0.11893701 0.00051597
v 0.05177259 -0.12387200 0.00490004
v 0.05268967 -0.12912001 0.00912589
v 0.05352097 -0.13477799 0.01302939
v 0.04527479 -0.07062095 -0.02690076
v 0.04479175 -0.07427668 -0.02519106
v 0.04438120 -0.07804937 -0.02335059
v 0.04408079 -0.08195328 -0.02132767
v 0.04392898 -0.08600187 -0.01906955
v 0.04396384 -0.09020829 -0.01652359
v 0.04420328 -0.09456580 -0.01364576
v 0.04462695 -0.09903025 -0.01040917
v 0.04521077 -0.10355401 -0.00678825
v 0.04593026 -0.10808801 -0.00275826
v 0.04675436 -0.11263700 0.00164354
v 0.04763758 -0.11730202 0.00625211
v 0.04853278 -0.12220199 0.01088654
v 0.04939258 -0.12745200 0.01536595
v 0.05017197 -0.13314900 0.01950949
v 0.05083179 -0.13933399 0.02313637
v 0.04103708 -0.07539927 -0.02003788
v 0.04066067 -0.07870488 -0.01834917
v 0.04038518 -0.08217619 -0.01645416
v 0.04024589 -0.08583498 -0.01429367
v 0.04027748 -0.08970278 -0.01180869
v 0.04049658 -0.09377677 -0.00894976
v 0.04088449 -0.09800958 -0.00568628
v 0.04141914 -0.10234800 -0.00198966
v 0.04207837 -0.10674100 0.00216824
v 0.04283338 -0.11118500 0.00674796
v 0.04364258 -0.11578400 0.01156979
v 0.04446280 -0.12065100 0.01643669
v 0.04525059 -0.12590300 0.02115160
v 0.04596489 -0.13163801 0.02551805
v 0.04656970 -0.13790701 0.02934128
v 0.04703016 -0.14475501 0.03242659
v 0.03624576 -0.07929527 -0.01382738
v 0.03599989 -0.08237510 -0.01204836
v 0.03587520 -0.08568097 -0.00997662
v 0.03590309 -0.08924210 -0.00754714
v 0.03609788 -0.09305965 -0.00470567
v 0.03644347 -0.09708284 -0.00141835
v 0.03691989 -0.10125491 0.00234634
v 0.03750729 -0.10551891 0.00661981
v 0.03818029 -0.10986999 0.01136034
v 0.03890174 -0.11440801 0.01637518
v 0.03963297 -0.11924601 0.02145266
v 0.04033547 -0.12449901 0.02638107
v 0.04097235 -0.13026600 0.03094995
v 0.04151177 -0.13661300 0.03495144
v 0.04192245 -0.14359401 0.03817868
v 0.04217439 -0.15126500 0.04042756
v 0.03099399 -0.08254516 -0.00819081
v 0.03088605 -0.08554129 -0.00619745
v 0.03090935 -0.08883308 -0.00381738
v 0.03107666 -0.09242558 -0.00099199
v 0.03137380 -0.09626489 0.00231552
v 0.03178369 -0.10029002 0.00613946
v 0.03228926 -0.10444200 0.01051360
v 0.03286868 -0.10871200 0.01539498
v 0.03348988 -0.11319601 0.02057927
v 0.03411954 -0.11801000 0.02584189
v 0.03472465 -0.12326301 0.03095835
v 0.03527337 -0.12906002 0.03570568
v 0.03573805 -0.13547300 0.03986465
v 0.03609198 -0.14257289 0.04321730
v 0.03630906 -0.15042301 0.04554879
v 0.03639030 -0.15889899 0.04683429
v 0.02536857 -0.08541666 -0.00301737
v 0.02538698 -0.08848071 -0.00068016
v 0.02552366 -0.09188270 0.00213057
v 0.02576726 -0.09556652 0.00545412
v 0.02610355 -0.09946857 0.00932693
v 0.02651876 -0.10352601 0.01378518
v 0.02699446 -0.10772501 0.01878505
v 0.02750486 -0.11216600 0.02411270
v 0.02802234 -0.11695800 0.02953249
v 0.02851974 -0.12221299 0.03480899
v 0.02897077 -0.12803300 0.03970825
v 0.02935290 -0.13450401 0.04400175
v 0.02964419 -0.14170299 0.04746204
v 0.02982288 -0.14970301 0.04986488
v 0.02988976 -0.15837601 0.05118328
v 0.02988040 -0.16726701 0.05169969
v 0.01943117 -0.08817356 0.00179583
v 0.01953464 -0.09142208 0.00459152
v 0.01972025 -0.09498139 0.00792468
v 0.01997727 -0.09878530 0.01183366
v 0.02029454 -0.10276800 0.01635646
v 0.02065879 -0.10691401 0.02145016
v 0.02104967 -0.11132000 0.02689349
v 0.02144616 -0.11609401 0.03244179
v 0.02182745 -0.12134900 0.03784990
v 0.02217340 -0.12718990 0.04287558
v 0.02246659 -0.13370700 0.04728180
v 0.02269017 -0.14098500 0.05083328
v 0.02282768 -0.14910792 0.05329775
v 0.02287936 -0.15794000 0.05464559
v 0.02287244 -0.16700098 0.05516827
v 0.02283656 -0.17577991 0.05518537
v 0.01544636 -0.17567502 0.05769646
v 0.01547050 -0.16677500 0.05768328
v 0.01547479 -0.15757999 0.05715274
v 0.01543915 -0.14862400 0.05577635
v 0.00778645 -0.14827901 0.05727064
v 0.00000991 -0.15619101 0.05907446
v 0.00000978 -0.15412800 0.05882304
v 0.00000966 -0.15223099 0.05854547
v 0.00000954 -0.15048300 0.05824565
v 0.00000944 -0.14886899 0.05792719
v 0.00000935 -0.14736500 0.05758976
v -0.00759751 -0.14827302 0.05729228
v 0.00000926 -0.14593999 0.05723029
v 0.00000917 -0.14457101 0.05684459
v 0.00773835 -0.14000398 0.05470556
v 0.00000909 -0.14323999 0.05642938
v 0.00000900 -0.14193000 0.05598109
v 0.00000892 -0.14062999 0.05549615
v -0.00755149 -0.13999800 0.05472637
v 0.00000884 -0.13933700 0.05497366
v 0.00000876 -0.13804999 0.05441260
v 0.00766081 -0.13262700 0.05101628
v 0.00000867 -0.13676800 0.05381196
v 0.00000859 -0.13549000 0.05317008
v 0.00000851 -0.13421200 0.05248528
v 0.00000843 -0.13293400 0.05175536
v 0.00000835 -0.13165300 0.05097800
v 0.00755960 -0.12605600 0.04644709
v 0.00000827 -0.13036700 0.05015045
v 0.00000819 -0.12907399 0.04926925
v -0.00747657 -0.13261998 0.05103600
v 0.00000810 -0.12777200 0.04833066
v 0.00000802 -0.12645599 0.04733026
v 0.00000794 -0.12512299 0.04626286
v 0.00744045 -0.12019100 0.04124480
v 0.00000785 -0.12376990 0.04512178
v 0.00000776 -0.12238999 0.04389798
v -0.00737834 -0.12604800 0.04646557
v 0.00000767 -0.12097600 0.04258048
v -0.00726253 -0.12018300 0.04126209
v 0.00000758 -0.11951500 0.04115170
v 0.00000749 -0.11799500 0.03959250
v 0.00730938 -0.11493500 0.03565829
v 0.00000739 -0.11640801 0.03788650
v 0.00000728 -0.11477600 0.03605335
v -0.00713497 -0.11492801 0.03567427
v 0.00000718 -0.11315200 0.03415465
v 0.00000708 -0.11158300 0.03225547
v 0.00717342 -0.11017999 0.02994287
v 0.00000699 -0.11009500 0.03040516
v 0.00000690 -0.10870100 0.02863615
v -0.00700259 -0.11017199 0.02995777
v 0.00000682 -0.10741300 0.02697736
v 0.00000674 -0.10622300 0.02543497
v 0.00703978 -0.10581600 0.02435678
v 0.00000667 -0.10511100 0.02399259
v 0.00691563 -0.10172901 0.01915776
v 0.00000661 -0.10405800 0.02263259
v 0.00000654 -0.10305100 0.02134209
v -0.00687236 -0.10580799 0.02437084
v 0.00000648 -0.10208301 0.02011859
v -0.00675148 -0.10172200 0.01917129
v 0.00000642 -0.10114800 0.01895898
v 0.00000637 -0.10023500 0.01785165
v 0.00680786 -0.09782969 0.01457357
v 0.00000631 -0.09933418 0.01678466
v 0.00000625 -0.09844280 0.01575314
v -0.00664657 -0.09782357 0.01458698
v -0.01334857 -0.09821879 0.01361095
v 0.00000598 -0.09416628 0.01111835
v 0.00000593 -0.09335566 0.01029497
v 0.00672114 -0.09414076 0.01063877
v 0.01320898 -0.09102815 0.00631905
v 0.01333326 -0.09449517 0.00965220
v 0.01350617 -0.09822768 0.01358115
v 0.01372045 -0.10215690 0.01814568
v 0.01396656 -0.10626600 0.02330589
v 0.01423126 -0.11064500 0.02883625
v 0.01450008 -0.11540802 0.03448426
v 0.01475876 -0.12066301 0.03999775
v 0.01499366 -0.12651999 0.04512619
v 0.01519298 -0.13307001 0.04962629
v 0.01534527 -0.14040799 0.05325598
v 0.00000620 -0.09756129 0.01475620
v 0.00000614 -0.09669137 0.01379406
v 0.00000609 -0.09583491 0.01286727
v 0.00000603 -0.09499299 0.01197558
v -0.01380306 -0.10625599 0.02333748
v -0.01406425 -0.11063500 0.02886945
v -0.02050155 -0.10689999 0.02150046
v -0.02088916 -0.11130489 0.02694594
v -0.02684617 -0.10770901 0.01885139
v -0.02735346 -0.11214901 0.02418190
v -0.03273135 -0.10869201 0.01547658
v -0.03334969 -0.11317500 0.02066427
v -0.03805637 -0.10984701 0.01145559
v -0.03877508 -0.11438300 0.01647436
v -0.04272454 -0.11116101 0.00685495
v -0.04353135 -0.11575801 0.01168125
v -0.04666215 -0.11261000 0.00176030
v -0.03950369 -0.11922290 0.02155619
v -0.03397649 -0.11798900 0.02593070
v -0.02786779 -0.11694001 0.02960479
v -0.02128237 -0.11607902 0.03249669
v -0.01432955 -0.11539700 0.03451937
v -0.03457868 -0.12324201 0.03105109
v -0.02836197 -0.12219501 0.03488457
v -0.02166038 -0.12133401 0.03790735
v -0.01458477 -0.12065201 0.04003477
v -0.01481658 -0.12650900 0.04516518
v -0.01501286 -0.13305999 0.04966706
v -0.01516258 -0.14039899 0.05329835
v -0.02229344 -0.13369390 0.04734385
v -0.02881008 -0.12801699 0.03978699
v -0.02200305 -0.12717600 0.04293549
v -0.05036306 -0.10619600 -0.01730978
v -0.04815798 -0.10482801 -0.01184749
v -0.04512226 -0.10353201 -0.00667852
v -0.04131467 -0.10232900 -0.00188911
v -0.03680068 -0.10123690 0.00243580
v -0.03165155 -0.10027401 0.00621617
v -0.02596080 -0.09945498 0.00938928
v -0.01982575 -0.09877480 0.01188105
v -0.04892408 -0.10951300 -0.00795257
v -0.04584008 -0.10806300 -0.00264561
v -0.04197180 -0.10671901 0.00227153
v -0.03738588 -0.10549800 0.00671166
v -0.03215479 -0.10442390 0.01059240
v -0.02637314 -0.10351101 0.01384919
v -0.02014046 -0.10275500 0.01640504
v -0.01355999 -0.10214791 0.01817619
v 0.00000541 -0.08511140 0.00277923
v -0.01525825 -0.17567502 0.05774068
v -0.01523369 -0.18374400 0.05756497
v -0.02265560 -0.17577991 0.05525094
v -0.02261948 -0.18376601 0.05508214
v -0.02966225 -0.17589702 0.05180954
v -0.02961528 -0.18378501 0.05165028
v -0.03616249 -0.17603301 0.04748284
v -0.03610539 -0.18380404 0.04733539
v -0.04204386 -0.17619100 0.04234589
v -0.04197758 -0.18382400 0.04221236
v -0.04720008 -0.17636792 0.03647959
v -0.04712569 -0.18384701 0.03636199
v -0.05154949 -0.17656198 0.02998977
v -0.05146825 -0.18386902 0.02988976
v -0.05501717 -0.17677100 0.02298879
v -0.05493056 -0.18389502 0.02290767
v -0.05753589 -0.17699298 0.01559215
v -0.05744546 -0.18392192 0.01553118
v -0.05897826 -0.18394892 0.00788885
v -0.05950260 -0.18397593 0.00011292
v 0.05753785 0.01524186 -0.01710724
v 0.05902456 0.00718081 -0.02299875
v 0.05940794 -0.00126743 -0.02730679
v 0.05875229 -0.01001858 -0.03015667
v 0.05890768 -0.00923127 -0.02494227
v 0.05724865 -0.01786345 -0.02702826
v 0.05954986 -0.00073019 -0.02142840
v 0.05710619 -0.01898056 -0.03150099
v 0.05444705 -0.02807646 -0.03116226
v 0.05076646 -0.03714376 -0.02918106
v 0.04611927 -0.04593068 -0.02582424
v 0.04065078 -0.05396658 -0.02163547
v 0.03453719 -0.06085067 -0.01718515
v 0.02796250 -0.06639188 -0.01293545
v 0.02109539 -0.07054626 -0.00925308
v 0.01407295 -0.07341986 -0.00639474
v 0.00700521 -0.07533908 -0.00443256
v 0.00000486 -0.07635909 -0.00351089
v 0.05463057 -0.02651357 -0.02769297
v 0.05104106 -0.03508734 -0.02684497
v 0.04651099 -0.04342776 -0.02459239
v 0.04111266 -0.05130177 -0.02125006
v 0.03500038 -0.05831038 -0.01735317
v 0.02837115 -0.06415289 -0.01342105
v 0.02141040 -0.06869472 -0.00987625
v 0.01427656 -0.07195329 -0.00703901
v 0.00710142 -0.07411855 -0.00507635
v 0.00000476 -0.07492428 -0.00433129
v -0.05900067 -0.18400401 -0.00766450
v -0.05959631 -0.17745300 0.00013200
v -0.05909359 -0.17768501 -0.00766653
v -0.05918837 -0.17148101 -0.00782126
v -0.05758028 -0.17791191 -0.01533395
v -0.05767267 -0.17201999 -0.01550579
v -0.05516665 -0.17289791 -0.02290725
v -0.05519306 -0.16760801 -0.02331185
v -0.05171477 -0.17330399 -0.02993685
v -0.05173820 -0.16831400 -0.03034240
v -0.04739946 -0.16919900 -0.03683769
v -0.04731440 -0.16458198 -0.03747886
v -0.04224950 -0.16975999 -0.04273915
v -0.04216998 -0.16537490 -0.04335445
v -0.03637009 -0.17011900 -0.04792696
v -0.03629386 -0.16589500 -0.04853105
v -0.02981925 -0.16707399 -0.05277550
v -0.02966630 -0.16284400 -0.05350238
v -0.02280938 -0.16706102 -0.05630779
v -0.02267509 -0.16276000 -0.05703240
v -0.01533865 -0.16356900 -0.05943626
v -0.01519578 -0.15895191 -0.06025207
v -0.00765884 -0.15953501 -0.06166720
v -0.00756532 -0.15465799 -0.06257438
v 0.00000998 -0.15658399 -0.06271016
v 0.00000980 -0.15383101 -0.06323605
v 0.00741929 -0.15466602 -0.06259460
v 0.00000959 -0.15047801 -0.06392270
v 0.00730944 -0.14959800 -0.06364589
v 0.00000934 -0.14658400 -0.06479489
v 0.00718701 -0.14448401 -0.06485027
v 0.00000911 -0.14290801 -0.06570166
v 0.00000891 -0.13984500 -0.06651937
v -0.00719804 -0.13928600 -0.06621618
v 0.00000875 -0.13718100 -0.06727440
v -0.00706714 -0.13389300 -0.06781549
v 0.00000844 -0.13242200 -0.06871676
v -0.00694305 -0.12816501 -0.06966626
v 0.00000816 -0.12802701 -0.07014155
v -0.00683236 -0.12197500 -0.07180429
v 0.00000789 -0.12376200 -0.07159519
v -0.01354110 -0.12099400 -0.07091909
v -0.01997929 -0.11942901 -0.06946229
v -0.02589654 -0.11484401 -0.06843757
v -0.03139799 -0.11173300 -0.06622099
v -0.03618037 -0.10550602 -0.06473439
v -0.04033815 -0.09846489 -0.06315690
v -0.05748975 -0.18402992 -0.01531106
v -0.05499488 -0.18419001 -0.02269476
v -0.05155307 -0.18418501 -0.02968645
v -0.04722869 -0.18425201 -0.03617066
v -0.04209786 -0.18423700 -0.04203587
v -0.03624117 -0.18417500 -0.04717630
v -0.02976280 -0.18432301 -0.05150818
v -0.02980744 -0.17926702 -0.05162079
v -0.02277779 -0.18417791 -0.05496186
v -0.02281367 -0.17910799 -0.05509185
v -0.01542288 -0.17928901 -0.05759775
v -0.01544779 -0.17515300 -0.05785518
v -0.00778073 -0.17534301 -0.05937647
v -0.00778461 -0.17171101 -0.05975688
v 0.00001111 -0.17440701 -0.05997890
v 0.00001099 -0.17250800 -0.06018167
v 0.00763261 -0.17534602 -0.05939865
v 0.00763595 -0.17171398 -0.05977910
v 0.01530396 -0.17515592 -0.05789929
v 0.01531016 -0.17143302 -0.05828696
v 0.02271366 -0.17484590 -0.05541598
v 0.02272158 -0.17097101 -0.05581635
v 0.02974379 -0.17100498 -0.05231868
v 0.02969199 -0.16709100 -0.05285978
v 0.03625518 -0.17013600 -0.04803049
v 0.03617906 -0.16592000 -0.04863309
v 0.04207009 -0.16540399 -0.04347270
v 0.04184329 -0.16078100 -0.04435038
v 0.04698449 -0.15982799 -0.03855615
v 0.04656445 -0.15479600 -0.03981709
v 0.05129480 -0.15835001 -0.03224259
v 0.05082398 -0.15311702 -0.03367418
v 0.05426269 -0.15179692 -0.02690207
v 0.05360269 -0.14642100 -0.02883446
v 0.05663996 -0.14926299 -0.02014470
v 0.05590510 -0.14366899 -0.02240675
v 0.05815058 -0.14758600 -0.01282918
v 0.05281406 -0.14112200 -0.03106629
v 0.04944987 -0.14253800 -0.03745168
v 0.04457777 -0.13931000 -0.04512428
v 0.03966885 -0.14040489 -0.05030345
v 0.03403896 -0.14091900 -0.05496835
v 0.02754420 -0.13804390 -0.05992317
v 0.02092367 -0.13723700 -0.06328238
v 0.01387280 -0.13306500 -0.06679786
v 0.00680739 -0.12817600 -0.06968146
v 0.05019718 -0.14781299 -0.03542786
v 0.04532885 -0.14443091 -0.04313868
v 0.04034507 -0.14554399 -0.04850178
v 0.03463435 -0.14611891 -0.05330145
v 0.02803999 -0.14315100 -0.05830925
v 0.02131557 -0.14253901 -0.06168866
v 0.01413190 -0.13850801 -0.06511777
v 0.00692952 -0.13390301 -0.06783169
v 0.00705820 -0.13929500 -0.06623339
v 0.01439249 -0.14374100 -0.06365537
v 0.01464086 -0.14889599 -0.06237685
v 0.01486456 -0.15401800 -0.06125795
v 0.01505279 -0.15896602 -0.06029307
v 0.00751144 -0.15954199 -0.06168806
v 0.01519465 -0.16358098 -0.05947858
v 0.00758052 -0.16406700 -0.06092047
v 0.01527976 -0.16770700 -0.05881148
v 0.00762153 -0.16808902 -0.06028556
v 0.02267205 -0.16707702 -0.05637180
v 0.02953958 -0.16286591 -0.05358487
v 0.03597044 -0.16138491 -0.04946650
v 0.04146146 -0.15584992 -0.04549866
v 0.04600185 -0.14962600 -0.04135715
v 0.04095238 -0.15072900 -0.04689158
v 0.03517240 -0.15134500 -0.05181825
v 0.02850896 -0.14823200 -0.05687016
v 0.02169150 -0.14775901 -0.06028640
v 0.02203190 -0.15296200 -0.05905377
v 0.02231985 -0.15802398 -0.05798936
v 0.02253866 -0.16278102 -0.05709475
v 0.02927887 -0.15822491 -0.05450016
v 0.03562647 -0.15648100 -0.05053395
v 0.02892875 -0.15330002 -0.05559808
v 0.00001025 -0.16091898 -0.06193995
v -0.00772887 -0.16406101 -0.06089895
v -0.01542419 -0.16769700 -0.05876815
v -0.02285867 -0.17095891 -0.05575150
v -0.02987098 -0.17099401 -0.05223339
v -0.03635597 -0.17434700 -0.04752266
v -0.04222977 -0.17417499 -0.04234528
v -0.04737579 -0.17385900 -0.03644639
v -0.05163198 -0.17853202 -0.02974480
v -0.05507838 -0.17838199 -0.02273380
v -0.04730010 -0.17879800 -0.03624427
v -0.04216217 -0.17890601 -0.04212629
v -0.03629767 -0.17891900 -0.04728400
v -0.02985537 -0.17494100 -0.05185550
v -0.02285045 -0.17483900 -0.05535060
v -0.01545459 -0.17142698 -0.05824315
v -0.00777036 -0.16808401 -0.06026369
v 0.00001086 -0.17044702 -0.06044447
v 0.00001065 -0.16720191 -0.06092196
v 0.00001047 -0.16434102 -0.06137360
v -0.01539897 -0.18425201 -0.05746477
v -0.00776803 -0.17939901 -0.05911999
v 0.00001130 -0.17736100 -0.05974429
v -0.00775599 -0.18429701 -0.05898530
v 0.00001195 -0.18765691 -0.05947405
v 0.00001178 -0.18501101 -0.05948889
v 0.00760955 -0.18429801 -0.05900746
v 0.00001162 -0.18245800 -0.05953156
v 0.00001146 -0.17994091 -0.05961096
v 0.01525676 -0.18425101 -0.05750888
v 0.02264279 -0.18417791 -0.05502730
v 0.02963769 -0.18432102 -0.05159378
v 0.02968156 -0.17926900 -0.05170649
v 0.03612846 -0.18417500 -0.04728037
v 0.03618419 -0.17892300 -0.04738825
v 0.04206335 -0.17890999 -0.04224747
v 0.04213017 -0.17418702 -0.04246628
v 0.04729318 -0.17387500 -0.03658229
v 0.04731636 -0.16922501 -0.03697240
v 0.05165046 -0.17332701 -0.03008496
v 0.05167360 -0.16834798 -0.03048890
v 0.05514878 -0.16765900 -0.02346646
v 0.05504775 -0.16244601 -0.02419245
v 0.05766928 -0.16628602 -0.01611590
v 0.05754184 -0.16061601 -0.01695400
v 0.05920726 -0.16538902 -0.00844371
v 0.05907648 -0.15937600 -0.00933587
v 0.05973346 -0.16447501 -0.00063747
v 0.05960136 -0.15811500 -0.00158471
v 0.05922979 -0.16356100 0.00717020
v 0.05909889 -0.15685301 0.00616783
v 0.05771344 -0.16266201 0.01484668
v 0.05924665 -0.15190201 -0.00317109
v 0.05872488 -0.15343200 -0.01080065
v 0.05719947 -0.15493600 -0.01829910
v 0.05475628 -0.15716401 -0.02533406
v 0.05157506 -0.16341600 -0.03118318
v 0.04723149 -0.16461900 -0.03761106
v 0.04214936 -0.16978100 -0.04285937
v 0.03624159 -0.17435691 -0.04762685
v 0.02972859 -0.17494699 -0.05194115
v 0.02267777 -0.17911200 -0.05515736
v 0.01527976 -0.17928992 -0.05764198
v 0.00762069 -0.17940100 -0.05914217
v 0.04199999 -0.18423599 -0.04215699
v 0.04721820 -0.17880490 -0.03638035
v 0.04714769 -0.18425098 -0.03630667
v 0.05149060 -0.18418692 -0.02983486
v 0.05495256 -0.18419501 -0.02285307
v 0.05156856 -0.17854302 -0.02989327
v 0.05503500 -0.17839999 -0.02289205
v 0.05746890 -0.18402299 -0.01547676
v 0.05900168 -0.18399702 -0.00783437
v 0.05512249 -0.17293300 -0.02306479
v 0.05755847 -0.17790899 -0.01549994
v 0.05764997 -0.17202400 -0.01567220
v 0.05909365 -0.17768201 -0.00783694
v 0.05952596 -0.18396901 -0.00005844
v 0.05902409 -0.18394101 0.00771898
v 0.05918765 -0.17148501 -0.00799203
v 0.05961889 -0.17745002 -0.00003983
v 0.05971366 -0.17093600 -0.00017767
v 0.05911618 -0.17721702 0.00775874
v 0.05751318 -0.18391502 0.01536560
v 0.05501955 -0.18388902 0.02274936
v 0.05921006 -0.17038600 0.00763816
v 0.05760276 -0.17699002 0.01542615
v 0.05769437 -0.16984698 0.01532256
v 0.05510527 -0.17676900 0.02283006
v 0.05157745 -0.18386391 0.02974134
v 0.05519288 -0.16932400 0.02274274
v 0.05165785 -0.17656000 0.02984106
v 0.04725348 -0.18384100 0.03622597
v -0.04429274 -0.10364400 -0.05587537
v -0.04727840 -0.10316099 -0.05059766
v -0.04475378 -0.11001800 -0.05295670
v -0.04777939 -0.10925601 -0.04765009
v -0.04536294 -0.11603300 -0.05010111
v -0.04843574 -0.11504101 -0.04471355
v -0.04609715 -0.12168400 -0.04731386
v -0.04922235 -0.12050901 -0.04179108
v -0.04692310 -0.12702800 -0.04461276
v -0.05010360 -0.12571900 -0.03890788
v -0.04779624 -0.13218801 -0.04202908
v -0.05103230 -0.13078800 -0.03611076
v -0.04867208 -0.13728900 -0.03959448
v -0.05196148 -0.13584100 -0.03344750
v -0.04950566 -0.14245300 -0.03734105
v -0.05284416 -0.14099801 -0.03096586
v -0.05025547 -0.14773400 -0.03530758
v -0.05363649 -0.14630599 -0.02871996
v -0.05088466 -0.15304701 -0.03354489
v -0.05429995 -0.15169302 -0.02677428
v -0.05135744 -0.15829100 -0.03210556
v -0.05479699 -0.15707600 -0.02519446
v -0.05163919 -0.16336998 -0.03104025
v -0.05509108 -0.16237600 -0.02404367
v -0.04706628 -0.15978199 -0.03842830
v -0.04194235 -0.16074291 -0.04423558
v -0.03608459 -0.16135401 -0.04936730
v -0.02940458 -0.15819900 -0.05442028
v -0.02245509 -0.15799899 -0.05792927
v -0.01500594 -0.15400091 -0.06121879
v -0.00745356 -0.14959002 -0.06362670
v -0.00732905 -0.14447500 -0.06483198
v -0.04664468 -0.15474001 -0.03969496
v -0.04155910 -0.15580399 -0.04538875
v -0.03573930 -0.15644398 -0.05043846
v -0.02905297 -0.15326999 -0.05552148
v -0.02216565 -0.15293400 -0.05899649
v -0.01478028 -0.14887799 -0.06233966
v -0.04608029 -0.14956400 -0.04124206
v -0.04104816 -0.15067701 -0.04678725
v -0.03528356 -0.15130290 -0.05172729
v -0.02863156 -0.14819901 -0.05679726
v -0.02182328 -0.14772801 -0.06023227
v -0.01452976 -0.14372100 -0.06362026
v -0.04540514 -0.14436390 -0.04303115
v -0.04043877 -0.14548700 -0.04840385
v -0.03474354 -0.14607391 -0.05321568
v -0.02816045 -0.14311700 -0.05824047
v -0.02144509 -0.14250602 -0.06163805
v -0.01426708 -0.13848700 -0.06508505
v -0.04465174 -0.13923900 -0.04502486
v -0.03976058 -0.14034499 -0.05021250
v -0.03414595 -0.14087100 -0.05488806
v -0.02766257 -0.13800700 -0.05985867
v -0.02105098 -0.13720199 -0.06323558
v -0.01400566 -0.13304301 -0.06676757
v -0.04385745 -0.13415600 -0.04719835
v -0.03904730 -0.13520800 -0.05220168
v -0.03352189 -0.13563100 -0.05674725
v -0.02716284 -0.13274501 -0.06167030
v -0.02066159 -0.13167800 -0.06505340
v -0.01375925 -0.12725399 -0.06870156
v -0.02029770 -0.12579702 -0.06712049
v -0.02625745 -0.12126500 -0.06594800
v -0.03181469 -0.11836301 -0.06353789
v -0.03656017 -0.11226091 -0.06190174
v -0.04062294 -0.10535000 -0.06021058
v -0.04105949 -0.11183701 -0.05736708
v -0.04162728 -0.11792801 -0.05463385
v -0.04230517 -0.12362400 -0.05201905
v -0.04306185 -0.12899300 -0.04953527
v -0.03833526 -0.12995100 -0.05436855
v -0.03290367 -0.13022099 -0.05880248
v -0.02668625 -0.12720700 -0.06369388
v -0.03232407 -0.12450801 -0.06106328
v -0.03706008 -0.11857189 -0.05922347
v -0.03766095 -0.12444801 -0.05671018
v -0.04975199 -0.10610400 -0.04324716
v -0.05172717 -0.11049400 -0.03449046
v -0.05299687 -0.11423801 -0.02528536
v -0.05347186 -0.11752401 -0.01556956
v -0.05306535 -0.12063101 -0.00540703
v -0.05169498 -0.12384000 0.00503558
v -0.04929405 -0.12742300 0.01549839
v -0.04584658 -0.13161200 0.02564400
v -0.04137486 -0.13659202 0.03506737
v -0.03593838 -0.14255600 0.04331940
v -0.02965515 -0.14969189 0.04995000
v -0.02270036 -0.15793400 0.05471116
v -0.01528316 -0.16677299 0.05772757
v -0.02269238 -0.16699800 0.05523395
v -0.02971029 -0.16726400 0.05178576
v -0.03622084 -0.16757998 0.04744976
v -0.04211157 -0.16794901 0.04230177
v -0.04727596 -0.16836700 0.03642249
v -0.05163228 -0.16882502 0.02991837
v -0.05510544 -0.16932100 0.02290195
v -0.05762827 -0.16984300 0.01548898
v -0.05916595 -0.17038199 0.00780886
v -0.05907106 -0.17722000 0.00792909
v -0.05969184 -0.17093191 -0.00000546
v -0.02972078 -0.15836900 0.05126905
v -0.03623348 -0.15889101 0.04693877
v -0.04212635 -0.15950201 0.04179674
v -0.04729248 -0.16019601 0.03592407
v -0.05165028 -0.16095901 0.02942699
v -0.05512458 -0.16178200 0.02241796
v -0.05764836 -0.16265102 0.01501286
v -0.05918639 -0.16354902 0.00734073
v -0.05971246 -0.16446301 -0.00046544
v -0.05920886 -0.16537699 -0.00827312
v -0.05769258 -0.16627499 -0.01594960
v -0.05756586 -0.16059700 -0.01678889
v -0.05722379 -0.15491191 -0.01813656
v -0.05666471 -0.14923500 -0.01998615
v -0.05593007 -0.14363900 -0.02225327
v -0.05506205 -0.13819499 -0.02485215
v -0.05410426 -0.13295500 -0.02769935
v -0.05310708 -0.12783399 -0.03072196
v -0.05212296 -0.12270202 -0.03385055
v -0.05120456 -0.11743300 -0.03701615
v -0.05040270 -0.11191000 -0.04015487
v -0.05255007 -0.11584999 -0.03120046
v -0.05394745 -0.11926000 -0.02169656
v -0.05448156 -0.12241600 -0.01167899
v -0.05406194 -0.12560000 -0.00128126
v -0.05261039 -0.12908800 0.00926721
v -0.05007147 -0.13312100 0.01964700
v -0.04644918 -0.13788299 0.02947139
v -0.04178357 -0.14357600 0.03829747
v -0.03615385 -0.15040900 0.04565256
v -0.04203366 -0.15125100 0.04054820
v -0.04718846 -0.15220699 0.03471785
v -0.05153679 -0.15325990 0.02826708
v -0.05500358 -0.15439500 0.02130776
v -0.05752171 -0.15559402 0.01395499
v -0.05905640 -0.15683290 0.00633717
v -0.05958127 -0.15809502 -0.00141388
v -0.05907875 -0.15935700 -0.00916654
v -0.05872768 -0.15340699 -0.01063388
v -0.05815386 -0.14755601 -0.01266646
v -0.05739986 -0.14185999 -0.01516419
v -0.05650895 -0.13637500 -0.01802510
v -0.05552607 -0.13113301 -0.02114915
v -0.05450254 -0.12604800 -0.02444505
v -0.05349254 -0.12099589 -0.02782499
v -0.05496609 -0.12423201 -0.01806128
v -0.05550467 -0.12742400 -0.00782663
v -0.05501919 -0.13084701 0.00268292
v -0.05343985 -0.13474701 0.01317620
v -0.05072945 -0.13930802 0.02327829
v -0.04690790 -0.14473400 0.03255999
v -0.05123037 -0.14601199 0.02621108
v -0.05467659 -0.14738701 0.01936155
v -0.05717974 -0.14884202 0.01212459
v -0.05870538 -0.15034692 0.00462639
v -0.05922728 -0.15187600 -0.00300294
v -0.05864858 -0.14584900 -0.00522178
v -0.05788810 -0.14005201 -0.00795400
v -0.05698956 -0.13452201 -0.01108139
v -0.05599826 -0.12927800 -0.01448708
v -0.05648739 -0.13266902 -0.00413930
v -0.05588668 -0.13646500 0.00633883
v -0.05414217 -0.14084201 0.01659649
v -0.05662089 -0.14246400 0.00953627
v -0.05813169 -0.14414300 0.00222135
v -0.05737787 -0.13824300 -0.00074543
v 0.00000534 -0.08400630 0.00187886
v 0.00000549 -0.08633458 0.00380218
v 0.00000588 -0.09256237 0.00950480
v 0.00000583 -0.09178727 0.00874782
v 0.00000431 -0.06777227 -0.00747856
v 0.00000423 -0.06647940 -0.00795775
v 0.00766027 -0.06535959 -0.00853234
v 0.00000414 -0.06514709 -0.00841592
v 0.00000407 -0.06390959 -0.00879475
v 0.00772069 -0.06339705 -0.00903787
v 0.00000399 -0.06273961 -0.00911176
v 0.00000392 -0.06156089 -0.00938805
v 0.00777136 -0.06109408 -0.00948943
v 0.01540998 -0.05965265 -0.00983581
v 0.02278310 -0.05715632 -0.01045084
v 0.02982050 -0.05234128 -0.01034307
v 0.03630739 -0.04798364 -0.01077675
v 0.04217278 -0.04280787 -0.01129478
v 0.03627949 -0.04882389 -0.01188176
v 0.04213958 -0.04360234 -0.01291799
v 0.03619384 -0.04967486 -0.01293355
v 0.04203974 -0.04441888 -0.01449418
v 0.03609806 -0.05054247 -0.01399689
v 0.04727309 -0.03763967 -0.01410186
v 0.04731094 -0.03689718 -0.01188695
v 0.05164086 -0.03035969 -0.01254135
v 0.02957636 -0.05589020 -0.01284205
v 0.02256566 -0.06038534 -0.01125580
v 0.01518648 -0.06395709 -0.00956935
v 0.01528895 -0.06236752 -0.00976577
v 0.00759977 -0.06663269 -0.00812262
v 0.02266802 -0.05894192 -0.01094806
v 0.02964985 -0.05497789 -0.01222956
v 0.01535147 -0.06101155 -0.00982135
v 0.02979856 -0.05322009 -0.01101148
v 0.02972859 -0.05410057 -0.01162147
v 0.00000387 -0.06079965 -0.00952542
v 0.00000565 -0.08888709 0.00603878
v 0.00000509 -0.08006131 -0.00107557
v -0.00883460 -0.05136346 -0.09838050
v -0.01522898 -0.04977094 -0.09751058
v -0.00779390 -0.05144276 -0.09823760
v -0.00783837 -0.04225289 -0.10199200
v 0.00000319 -0.04961425 -0.09968507
v 0.00000308 -0.04793429 -0.10033201
v 0.00776904 -0.05145904 -0.09827084
v 0.00779730 -0.04223155 -0.10200601
v 0.00910437 -0.05131667 -0.09836018
v 0.01512700 -0.04976889 -0.09745305
v -0.01703709 -0.04928416 -0.09745168
v -0.02262606 -0.04692841 -0.09624474
v -0.01554799 -0.04083007 -0.10107000
v -0.00792295 -0.03286796 -0.10526901
v 0.00000260 -0.04032158 -0.10318600
v 0.00000219 -0.03382426 -0.10544900
v 0.00788015 -0.03284788 -0.10528100
v 0.01550829 -0.04080384 -0.10109001
v 0.01567137 -0.03176456 -0.10416100
v 0.02296108 -0.03781557 -0.09977156
v 0.02321469 -0.02871328 -0.10263800
v 0.03002357 -0.03404384 -0.09771830
v 0.03036677 -0.02510935 -0.10017291
v 0.03658199 -0.02965027 -0.09478546
v 0.03700447 -0.02116304 -0.09660369
v 0.04174697 -0.03156128 -0.08929230
v 0.04262709 -0.02313119 -0.09101338
v 0.04373267 -0.02870600 -0.08799896
v 0.04590949 -0.02498297 -0.08631165
v 0.04101777 -0.03279078 -0.08999907
v 0.03791129 -0.03628867 -0.09158790
v 0.03613996 -0.03780686 -0.09212495
v 0.03443986 -0.03950756 -0.09304739
v 0.02972620 -0.04288616 -0.09441090
v 0.02624292 -0.04499889 -0.09531152
v 0.02257411 -0.04695588 -0.09626235
v 0.01754575 -0.04910898 -0.09737426
v -0.02561914 -0.04552185 -0.09576297
v -0.02978886 -0.04288853 -0.09445749
v -0.02299857 -0.03784269 -0.09974627
v -0.01571249 -0.03178948 -0.10414200
v -0.00801372 -0.02322214 -0.10807900
v 0.00000184 -0.02829229 -0.10718701
v 0.00000138 -0.02108925 -0.10911890
v 0.00796914 -0.02320337 -0.10808900
v 0.00000098 -0.01474529 -0.11045600
v 0.00806421 -0.01324087 -0.11018401
v 0.00000061 -0.00890994 -0.11134300
v 0.00000025 -0.00336051 -0.11186100
v -0.00821352 -0.00291932 -0.11131200
v -0.00000043 0.00735348 -0.11191500
v -0.00832099 0.00772482 -0.11127100
v -0.00000105 0.01718866 -0.11079599
v -0.00842834 0.01827609 -0.10991300
v -0.00000159 0.02565747 -0.10875901
v -0.00853044 0.02828395 -0.10711099
v -0.00000204 0.03270590 -0.10606501
v -0.00862205 0.03729808 -0.10273600
v -0.00000241 0.03846436 -0.10291401
v -0.00869799 0.04486787 -0.09666437
v -0.00000271 0.04313635 -0.09941411
v -0.00000295 0.04690790 -0.09560847
v 0.00864059 0.04487508 -0.09667176
v -0.00000315 0.05002707 -0.09132170
v 0.00869507 0.05058026 -0.08879946
v -0.00000333 0.05286687 -0.08588790
v 0.00873113 0.05445057 -0.07939308
v -0.00000350 0.05543751 -0.07870830
v 0.00875527 0.05686217 -0.06900496
v -0.00000364 0.05762737 -0.06879049
v -0.00000370 0.05853635 -0.06201016
v -0.00883412 0.05819165 -0.05817836
v -0.00000374 0.05920904 -0.05394518
v -0.00880653 0.05867533 -0.04744031
v -0.00000375 0.05936056 -0.05128514
v -0.00000376 0.05950031 -0.04819620
v 0.00877422 0.05819988 -0.05819439
v 0.00880160 0.05867526 -0.04744093
v -0.00000375 0.05927211 -0.04710694
v 0.01741349 0.05604499 -0.05880166
v 0.01737636 0.05464965 -0.06912016
v 0.02564829 0.05238538 -0.06044935
v 0.02558904 0.05069637 -0.07059019
v 0.03329014 0.04727299 -0.06236076
v 0.03320419 0.04521447 -0.07190890
v 0.04016208 0.04068440 -0.06443560
v 0.04004096 0.03819727 -0.07290239
v 0.04606967 0.03230124 -0.06707775
v 0.04587846 0.02898317 -0.07439690
v 0.05096540 0.02404391 -0.06368548
v 0.05077446 0.02103286 -0.07051175
v 0.05307239 0.01696020 -0.06706380
v 0.05346548 0.01447975 -0.06821727
v 0.05350989 0.01183676 -0.06936493
v 0.05042618 0.01612955 -0.07600998
v 0.04559379 0.02421599 -0.08050267
v 0.04520934 0.01799589 -0.08521127
v 0.03959465 0.02908855 -0.08660756
v 0.03924715 0.02229589 -0.09132909
v 0.03261906 0.03029865 -0.09393257
v 0.03228950 0.02223187 -0.09819340
v 0.02496176 0.02943146 -0.10034300
v 0.02468627 0.02041035 -0.10388000
v 0.01683056 0.02694445 -0.10534201
v 0.01663708 0.01738238 -0.10807600
v 0.00847620 0.02829408 -0.10711689
v 0.00837600 0.01828825 -0.10991900
v 0.00856608 0.03730636 -0.10274300
v 0.01700437 0.03556907 -0.10114301
v 0.02519840 0.03725516 -0.09525178
v 0.03288710 0.03696775 -0.08810888
v 0.03986006 0.03442347 -0.08043050
v 0.03307795 0.04189544 -0.08065898
v 0.02550655 0.04784154 -0.08011078
v 0.01732796 0.05221617 -0.07898950
v 0.01725625 0.04839527 -0.08790296
v 0.01714909 0.04284805 -0.09536236
v 0.02538168 0.04345917 -0.08848725
v 0.05364153 0.00932872 -0.07052913
v 0.05387586 0.00632107 -0.07200717
v 0.05352836 0.00350210 -0.07323238
v 0.05220233 0.01976117 -0.06567150
v 0.05194556 0.02169740 -0.06485706
v 0.05026346 0.02653557 -0.06259918
v 0.04608198 0.03438630 -0.05887469
v 0.04846447 0.03047466 -0.06075865
v 0.04027518 0.04190383 -0.05532612
v 0.04454755 0.03694260 -0.05773109
v 0.04248875 0.03964698 -0.05646389
v 0.03347188 0.04835146 -0.05237787
v 0.03593820 0.04635936 -0.05331386
v 0.02569687 0.05328339 -0.05005926
v 0.02810627 0.05194848 -0.05068719
v 0.01746159 0.05675089 -0.04842770
v 0.01923638 0.05613505 -0.04871737
v -0.01751619 0.05673307 -0.04843497
v -0.03329271 -0.04023255 -0.09318400
v -0.03620931 -0.03774187 -0.09209368
v -0.03005975 -0.03403127 -0.09770095
v -0.02325367 -0.02873957 -0.10261400
v -0.01588875 -0.02249628 -0.10673501
v -0.00811064 -0.01325839 -0.11017500
v -0.03700858 -0.03718686 -0.09199315
v -0.04011958 -0.03387458 -0.09048938
v -0.03661430 -0.02965289 -0.09475828
v -0.03040456 -0.02509909 -0.10015400
v -0.02352654 -0.01935499 -0.10488900
v -0.01607650 -0.01289749 -0.10862599
v -0.04188672 -0.03143673 -0.08926358
v -0.03703838 -0.02116680 -0.09657478
v -0.03077197 -0.01586216 -0.10190200
v -0.02381670 -0.00963259 -0.10634001
v -0.01627540 -0.00294167 -0.10959201
v -0.04288685 -0.03030455 -0.08886540
v -0.04530757 -0.02648985 -0.08712679
v -0.04265576 -0.02313786 -0.09097939
v -0.03748768 -0.01236659 -0.09761749
v -0.03116118 -0.00626940 -0.10272799
v -0.02412259 0.00044448 -0.10674889
v -0.01648199 0.00727183 -0.10944500
v -0.04714035 -0.02297514 -0.08552170
v -0.04764097 -0.02188974 -0.08502532
v -0.04317939 -0.01473188 -0.09185039
v -0.04824107 -0.01359307 -0.08534891
v -0.04372328 -0.00609833 -0.09180997
v -0.04886168 -0.00530994 -0.08468079
v -0.04426419 0.00244457 -0.09075571
v -0.04945814 0.00264436 -0.08294975
v -0.04477787 0.01055449 -0.08859007
v -0.05000108 0.00992036 -0.08005590
v -0.04523974 0.01788896 -0.08521556
v -0.05046057 0.01616835 -0.07589936
v -0.04562526 0.02410578 -0.08053457
v -0.05080760 0.02104449 -0.07038509
v -0.04591149 0.02888000 -0.07446391
v -0.05091316 0.02430152 -0.06357506
v -0.05209517 0.02117580 -0.06509709
v -0.05281877 0.01823598 -0.06646668
v -0.05302638 0.01563212 -0.06758541
v -0.05367207 0.01263678 -0.06907045
v -0.05361000 0.00969630 -0.07034781
v -0.05366519 0.00716037 -0.07153227
v -0.05380755 0.00445431 -0.07287055
v -0.05359357 0.00151604 -0.07423388
v -0.05323815 -0.00158221 -0.07567018
v -0.05256011 -0.00455064 -0.07695611
v -0.05175623 -0.00832854 -0.07867318
v -0.05088427 -0.01210045 -0.08043334
v -0.04978376 -0.01576841 -0.08211553
v -0.04868507 -0.01940715 -0.08388805
v -0.03795706 -0.00329375 -0.09771745
v -0.03156387 0.00353920 -0.10245900
v -0.02443349 0.01059275 -0.10596201
v -0.01668769 0.01736497 -0.10806300
v -0.03842759 0.00574279 -0.09676350
v -0.03196167 0.01317298 -0.10097499
v -0.02473485 0.02038967 -0.10386001
v -0.01688295 0.02692890 -0.10533000
v -0.03887867 0.01438647 -0.09465408
v -0.03233557 0.02222406 -0.09815937
v -0.02501195 0.02941179 -0.10032200
v -0.01705837 0.03555500 -0.10112900
v -0.01720458 0.04283469 -0.09534686
v -0.01731258 0.04838156 -0.08788521
v -0.00875354 0.05057335 -0.08879006
v -0.01738518 0.05220174 -0.07896901
v -0.00879031 0.05444347 -0.07938146
v -0.01743388 0.05463415 -0.06909716
v -0.00881493 0.05685454 -0.06899088
v -0.01747125 0.05602848 -0.05877667
v -0.01868540 0.05633366 -0.04862278
v -0.02575439 0.05325365 -0.05007159
v -0.03928899 0.02228057 -0.09128791
v -0.03266650 0.03028517 -0.09389668
v -0.02525007 0.03723579 -0.09522956
v -0.03963744 0.02906829 -0.08656346
v -0.03293538 0.03694826 -0.08807171
v -0.02543455 0.04343909 -0.08846276
v -0.03990358 0.03439748 -0.08038330
v -0.03312706 0.04187047 -0.08062130
v -0.02556020 0.04782016 -0.08008366
v -0.04008489 0.03816616 -0.07285338
v -0.03325366 0.04518538 -0.07187247
v -0.02564316 0.05067336 -0.07056087
v -0.02570265 0.05236089 -0.06041824
v -0.03334009 0.04724109 -0.06232708
v -0.03347039 0.04835319 -0.05237496
v -0.03487397 0.04690446 -0.05293989
v -0.04036542 0.04173365 -0.05538388
v -0.04020637 0.04064887 -0.06438618
v -0.04161679 0.04069030 -0.05597215
v -0.04402977 0.03765904 -0.05739295
v -0.04584138 0.03451103 -0.05876098
v -0.04610395 0.03220909 -0.06718087
v -0.04719746 0.03281265 -0.05966216
v -0.04934638 0.02865576 -0.06160598
v -0.02733659 0.05239248 -0.05047684
v 0.01584595 -0.02247250 -0.10675300
v 0.01603186 -0.01287496 -0.10864200
v 0.00816518 -0.00290322 -0.11131901
v 0.01622867 -0.00292057 -0.10960700
v 0.00827062 0.00773913 -0.11127700
v 0.01643347 0.00729120 -0.10945900
v 0.02348577 -0.01932948 -0.10491101
v 0.03073245 -0.01586997 -0.10192501
v 0.03745211 -0.01236200 -0.09764850
v 0.04315048 -0.01470237 -0.09188765
v 0.04767885 -0.02180454 -0.08498889
v 0.02377396 -0.00960809 -0.10636201
v 0.03112000 -0.00627482 -0.10275391
v 0.03791970 -0.00328791 -0.09775091
v 0.04369419 -0.00604492 -0.09184587
v 0.04820728 -0.01369994 -0.08539290
v 0.04882699 -0.00540751 -0.08474100
v 0.05050176 -0.01417249 -0.08148735
v 0.05159085 -0.01021027 -0.07966220
v 0.05241246 -0.00652021 -0.07795840
v 0.04942309 0.00256169 -0.08302658
v 0.05302989 -0.00301778 -0.07633805
v 0.04996597 0.00985748 -0.08014959
v 0.05315554 0.00001464 -0.07482459
v 0.04900217 -0.01813233 -0.08322047
v 0.02407789 0.00046786 -0.10676900
v 0.03152090 0.00353724 -0.10248800
v 0.03838878 0.00575095 -0.09679924
v 0.04423499 0.00252050 -0.09078465
v 0.02438688 0.01061487 -0.10598200
v 0.03191709 0.01317536 -0.10100700
v 0.03883814 0.01439779 -0.09469245
v 0.04474824 0.01064908 -0.08860588
v 0.00000333 -0.05173841 -0.09886380
v 0.00000334 -0.05193746 -0.09825026
v -0.01871478 -0.04845619 -0.09671839
v -0.02624666 -0.04489505 -0.09513938
v -0.03896820 -0.03470659 -0.09057927
v -0.04380255 -0.02830004 -0.08769488
v -0.04590475 -0.02462267 -0.08603377
v -0.04783837 -0.02045518 -0.08414561
v -0.05296851 -0.00022436 -0.07487016
v -0.05331069 0.00355893 -0.07311940
v -0.05329376 0.01168739 -0.06935061
v -0.05193990 0.01993966 -0.06551188
v -0.04942208 0.02731418 -0.06206328
v -0.04768896 0.03093010 -0.06036746
v -0.04308325 0.03811305 -0.05699038
v -0.03764820 0.04415816 -0.05414009
v -0.03141146 0.04924708 -0.05173575
v -0.02417784 0.05349946 -0.04972488
v -0.01645737 0.05655467 -0.04827958
v 0.01640576 0.05657058 -0.04827308
v 0.02410608 0.05353398 -0.04970997
v 0.03133308 0.04930139 -0.05171209
v 0.03751826 0.04428094 -0.05408430
v 0.04299378 0.03822904 -0.05693829
v 0.04765557 0.03099185 -0.06034129
v 0.04940026 0.02736347 -0.06204307
v 0.05278974 0.01588940 -0.06740236
v 0.05343937 0.00710624 -0.07147860
v 0.05241298 -0.00413078 -0.07667677
v 0.05162550 -0.00820464 -0.07855206
v 0.05065007 -0.01216989 -0.08037096
v 0.04954178 -0.01585584 -0.08205538
v 0.04774069 -0.02068978 -0.08425480
v 0.03886276 -0.03482347 -0.09063409
v 0.03301137 -0.04031497 -0.09309625
v 0.01864290 -0.04848337 -0.09673147
v -0.00080081 -0.19445497 -0.05801268
v -0.00290346 -0.19445501 -0.05790865
v -0.00494897 -0.19445498 -0.05765599
v -0.00512307 -0.20025495 -0.05765982
v -0.00755423 -0.19445515 -0.05733788
v -0.00754940 -0.20025530 -0.05742183
v -0.01797568 -0.20025602 -0.05512130
v -0.02749657 -0.20025702 -0.05104249
v -0.03631849 -0.20025600 -0.04530874
v 0.00003722 -0.20824495 0.05902502
v -0.01044178 -0.20824590 0.05828875
v -0.02038049 -0.20824590 0.05559569
v -0.02970218 -0.20824704 0.05122119
v -0.03812485 -0.20824799 0.04529756
v -0.04539370 -0.20824902 0.03800415
v -0.05128878 -0.20825002 0.02956146
v -0.05563175 -0.20825200 0.02022516
v -0.05829125 -0.20825300 0.01027739
v -0.05918675 -0.20825401 0.00001927
v -0.05829125 -0.20825492 -0.01023876
v -0.05563175 -0.20825601 -0.02018660
v -0.05128866 -0.20825601 -0.02952289
v -0.04539359 -0.20825702 -0.03796559
v -0.03812479 -0.20825601 -0.04525899
v -0.02970206 -0.20825700 -0.05118256
v -0.02038037 -0.20825601 -0.05555707
v -0.01044166 -0.20825604 -0.05825018
v 0.00002278 -0.20825492 -0.05892935
v -0.00092804 -0.20025505 -0.05801347
v -0.00096676 -0.20825492 -0.05817240
v 0.00082554 -0.19444497 0.05804866
v 0.00292820 -0.19444500 0.05794465
v 0.00497367 -0.19444497 0.05769198
v 0.00514855 -0.20024493 0.05769701
v 0.00757894 -0.19444481 0.05737387
v 0.00757486 -0.20024468 0.05745899
v 0.01800119 -0.20024399 0.05515849
v 0.02752208 -0.20024291 0.05107969
v 0.03634388 -0.20024402 0.04534593
v 0.00095350 -0.20024493 0.05805066
v 0.00099323 -0.20824501 0.05821096
v -0.03809678 -0.20025600 -0.04384779
v -0.03997808 -0.20025700 -0.04226589
v -0.03997749 -0.20825700 -0.04226517
v -0.04544275 -0.20825601 -0.03660988
v -0.04995375 -0.20825601 -0.03016758
v -0.05339938 -0.20025501 -0.02309828
v -0.05424237 -0.20025501 -0.02078950
v -0.05514139 -0.20025560 -0.01829941
v -0.05339884 -0.20825492 -0.02309757
v -0.03286045 -0.20825601 -0.04800724
v -0.03286117 -0.20025602 -0.04800790
v -0.02493208 -0.20825700 -0.05256366
v -0.02493256 -0.20025702 -0.05256438
v -0.01638776 -0.20825601 -0.05582196
v -0.01638817 -0.20025602 -0.05582267
v -0.00719599 -0.20825496 -0.05798592
v -0.00603818 -0.20825495 -0.05813989
v -0.00334126 -0.20825490 -0.05808389
v -0.00562627 -0.20025498 -0.05757285
v -0.00334179 -0.20025502 -0.05808461
v -0.00663173 -0.20825492 -0.05830335
v -0.05666947 -0.20825492 -0.01318317
v -0.05811626 -0.20825401 -0.00284421
v -0.05769264 -0.20825303 0.00758696
v -0.05541229 -0.20825201 0.01777476
v -0.05134838 -0.20825002 0.02739119
v -0.04563200 -0.20825002 0.03612685
v -0.03844678 -0.20824802 0.04370070
v -0.03002400 -0.20824702 0.04986906
v -0.02063477 -0.20824593 0.05443335
v -0.01058125 -0.20824589 0.05724686
v -0.00022464 -0.19444503 0.05812747
v 0.00001023 -0.20059639 0.05836124
v 0.00876258 -0.20024396 0.05633708
v 0.00876370 -0.19444403 0.05635753
v -0.00187203 -0.19444500 0.05786797
v -0.00350350 -0.19444498 0.05791127
v -0.00878996 -0.20024602 0.05734670
v -0.01400279 -0.20024601 0.05629968
v -0.01909786 -0.20024602 0.05477976
v -0.02403229 -0.20024700 0.05279970
v -0.02876460 -0.20024702 0.05037599
v -0.03370645 -0.20024800 0.04733022
v -0.03786256 -0.20024802 0.04407397
v -0.04170590 -0.20024903 0.04045385
v -0.04520479 -0.20025000 0.03649968
v -0.04833012 -0.20024998 0.03224411
v -0.05105623 -0.20025000 0.02772242
v -0.05336064 -0.20025103 0.02297187
v -0.05522412 -0.20025192 0.01803172
v -0.05663141 -0.20025301 0.01294276
v -0.05757087 -0.20025299 0.00774702
v -0.05801802 -0.20025402 0.00249045
v -0.05801923 -0.20025401 -0.00279242
v -0.05752439 -0.20025499 -0.00804919
v -0.05655425 -0.20025502 -0.01323917
v -0.00350314 -0.20024499 0.05791187
v -0.00189739 -0.20024499 0.05774837
v -0.00042737 -0.20024499 0.05708187
v 0.00075334 -0.19444500 0.05598115
v 0.00075371 -0.20024501 0.05598175
v 0.00178621 -0.19444500 0.05411140
v 0.00174888 -0.20024502 0.05417635
v 0.00328852 -0.19444500 0.05300328
v 0.00321679 -0.20024502 0.05302306
v 0.00525822 -0.19444503 0.05334369
v 0.00515621 -0.20024496 0.05328563
v -0.02977925 -0.20024700 0.05001538
v -0.02515888 -0.20024702 0.05249369
v -0.02033430 -0.20024601 0.05454599
v -0.01534450 -0.20024602 0.05615586
v -0.01023006 -0.20024601 0.05731016
v -0.00503248 -0.20024499 0.05799949
v 0.00661337 -0.20024501 0.05640324
v 0.00548492 -0.20024496 0.05655757
v 0.00528368 -0.20024498 0.05500837
v 0.00422505 -0.20024501 0.05397474
v 0.00288461 -0.20024501 0.05433391
v 0.00246790 -0.20024498 0.05569587
v 0.00344667 -0.20024498 0.05676618
v 0.00336724 -0.20024501 0.05812180
v 0.00463414 -0.20024499 0.05668246
v 0.00570971 -0.20024499 0.05789550
v 0.01641368 -0.20024399 0.05585986
v 0.02495807 -0.20024291 0.05260157
v 0.03288656 -0.20024399 0.04804509
v 0.03812217 -0.20024399 0.04388499
v 0.04000347 -0.20024291 0.04230309
v 0.00663855 -0.19444500 0.05640604
v 0.00550599 -0.19444497 0.05661363
v 0.00529105 -0.19444500 0.05503663
v 0.00429287 -0.19444498 0.05677320
v 0.00288425 -0.19444498 0.05643229
v 0.00248426 -0.19444497 0.05500779
v 0.00347472 -0.19444498 0.05399240
v 0.00463378 -0.19444498 0.05408376
v -0.00658792 -0.20025502 -0.05636605
v -0.00873713 -0.20025605 -0.05629989
v -0.00513072 -0.20025498 -0.05324844
v -0.00543346 -0.20025499 -0.05629596
v -0.00525823 -0.20025499 -0.05497118
v -0.00419960 -0.20025502 -0.05393754
v -0.00319134 -0.20025498 -0.05298588
v -0.00285916 -0.20025502 -0.05429672
v -0.00244242 -0.20025499 -0.05565869
v -0.00172343 -0.20025498 -0.05413916
v -0.00072825 -0.20025502 -0.05594457
v -0.00000867 -0.20058841 -0.05824503
v 0.00045283 -0.20025501 -0.05704468
v 0.00192284 -0.20025501 -0.05771118
v 0.00352859 -0.20025501 -0.05787467
v 0.00505793 -0.20025501 -0.05796229
v 0.00881541 -0.20025399 -0.05730950
v 0.01025557 -0.20025399 -0.05727298
v 0.01402819 -0.20025401 -0.05626249
v 0.01536989 -0.20025401 -0.05611866
v 0.01912325 -0.20025399 -0.05474257
v 0.02035969 -0.20025399 -0.05450880
v 0.02405768 -0.20025299 -0.05276250
v 0.02518427 -0.20025299 -0.05245649
v 0.02878999 -0.20025301 -0.05033880
v 0.02980464 -0.20025301 -0.04997819
v 0.03369085 -0.20025191 -0.04731110
v 0.05516678 -0.20024443 0.01833660
v 0.05342477 -0.20024499 0.02313548
v 0.05426776 -0.20024499 0.02082669
v -0.00342122 -0.20025499 -0.05672899
v -0.00460869 -0.20025501 -0.05664527
v -0.00873896 -0.19445600 -0.05632157
v 0.00024937 -0.19445507 -0.05809148
v 0.00189677 -0.19445498 -0.05783197
v 0.00352824 -0.19445500 -0.05787527
v 0.03792404 -0.20025191 -0.04401777
v 0.04170007 -0.20025098 -0.04043584
v 0.04525693 -0.20024998 -0.03644380
v 0.04833289 -0.20024998 -0.03222447
v 0.05110057 -0.20024998 -0.02766937
v 0.05337026 -0.20024897 -0.02294832
v 0.05526268 -0.20024799 -0.01798347
v 0.05668143 -0.20024702 -0.01288770
v 0.05760609 -0.20024700 -0.00770495
v 0.05804341 -0.20024602 -0.00245335
v 0.05804464 -0.20024599 0.00282955
v 0.05756531 -0.20024496 0.00807839
v 0.05660027 -0.20024498 0.01326135
v -0.00072862 -0.19445501 -0.05594515
v -0.00176148 -0.19445503 -0.05407540
v -0.00326378 -0.19445503 -0.05296728
v -0.00523352 -0.19445501 -0.05330773
v 0.04000395 -0.20824298 0.04230380
v 0.04546928 -0.20824401 0.03664845
v 0.04998028 -0.20824401 0.03020620
v 0.05342525 -0.20824501 0.02313619
v -0.00565750 -0.19445498 -0.05683989
v -0.00661385 -0.19445498 -0.05637007
v 0.00336778 -0.20824499 0.05812245
v 0.00603621 -0.20824502 0.05815910
v 0.00700349 -0.20824495 0.05818291
v 0.00991869 -0.20824401 0.05838465
v 0.00746506 -0.20824499 0.05774027
v 0.01641428 -0.20824401 0.05586057
v 0.01935595 -0.20824401 0.05597007
v 0.02495855 -0.20824298 0.05260229
v 0.02826958 -0.20824298 0.05204057
v 0.03288698 -0.20824400 0.04804587
v 0.03641808 -0.20824401 0.04670244
v 0.04358088 -0.20824298 0.04010039
v 0.04956400 -0.20824400 0.03241306
v 0.05420547 -0.20824501 0.02384859
v 0.05538177 -0.20824401 0.01795148
v 0.05708035 -0.20824498 0.01265812
v 0.05729144 -0.20824498 0.01406296
v 0.00021278 -0.20075500 -0.05897599
v 0.00991875 -0.20825399 -0.05834609
v 0.01935607 -0.20825401 -0.05593150
v 0.02826964 -0.20825300 -0.05200195
v 0.03641819 -0.20825200 -0.04666388
v 0.04358094 -0.20825091 -0.04006177
v 0.04956400 -0.20825002 -0.03237450
v 0.05420547 -0.20824900 -0.02380996
v 0.05731862 -0.20353267 -0.01413637
v 0.05729470 -0.20824705 -0.01403682
v 0.05747043 -0.20243348 -0.01379384
v 0.05781579 -0.20174700 -0.01276600
v 0.05905610 -0.20174602 -0.00428623
v 0.05905896 -0.20174602 0.00428361
v 0.05777939 -0.20177737 0.01296418
v 0.05743892 -0.20258118 0.01391502
v 0.05730583 -0.20372553 0.01415851
v 0.05708342 -0.20650592 0.01259306
v 0.05732458 -0.20579115 0.01180979
v 0.05833498 -0.20574577 0.00386544
v 0.05834995 -0.20574600 -0.00382116
v 0.05732732 -0.20577230 -0.01155081
v 0.05711729 -0.20651965 -0.01255714
v 0.05695948 -0.20824705 -0.01258701
v 0.05391831 -0.20824900 -0.02192336
v 0.04946935 -0.20825002 -0.03066170
v 0.04361659 -0.20825090 -0.03852915
v 0.03652608 -0.20825201 -0.04530239
v 0.02839899 -0.20825303 -0.05078905
v 0.01946616 -0.20825401 -0.05483335
v 0.00998122 -0.20825401 -0.05732065
v 0.05760445 -0.20574500 0.01081593
v 0.05759138 -0.20366588 0.01121115
v 0.05778417 -0.20574500 0.00973027
v 0.05782678 -0.20412338 0.00986588
v 0.05795993 -0.20574500 0.00861937
v 0.05811437 -0.20574500 0.00750537
v 0.05801140 -0.20411476 0.00867597
v 0.05815198 -0.20412086 0.00763470
v 0.05828890 -0.20411067 0.00656295
v 0.05841462 -0.20397025 0.00551321
v 0.05827120 -0.20574518 0.00598027
v 0.05850359 -0.20411600 0.00424264
v 0.05851638 -0.20574591 0.00482076
v 0.05857417 -0.20411573 0.00307722
v 0.05738178 -0.20323382 0.01271100
v 0.05745445 -0.20268202 0.01271045
v 0.05854697 -0.20574595 0.00239182
v 0.05861428 -0.20412186 0.00202726
v 0.05865233 -0.20399728 0.00087119
v 0.05860078 -0.20574585 0.00116617
v 0.05868577 -0.20268302 0.00427419
v 0.05868464 -0.20268302 -0.00425136
v 0.05745124 -0.20268402 -0.01268726
v 0.05865569 -0.20363346 -0.00010848
v 0.05840810 -0.20400663 -0.00559741
v 0.05764412 -0.20375508 -0.01090216
v 0.05772077 -0.20574704 -0.01013877
v 0.05798231 -0.20412573 -0.00895687
v 0.05789423 -0.20574704 -0.00901420
v 0.05741528 -0.20368403 -0.01225230
v 0.05859970 -0.20574585 -0.00007337
v 0.05860297 -0.20574586 -0.00133425
v 0.05851943 -0.20574588 -0.00244922
v 0.05859768 -0.20411573 -0.00254965
v 0.05864723 -0.20412479 -0.00131564
v 0.05853697 -0.20412186 -0.00359862
v 0.05845375 -0.20409456 -0.00449973
v 0.05824375 -0.20412709 -0.00678022
v 0.05811607 -0.20410812 -0.00774351
v 0.05805702 -0.20574704 -0.00790138
v 0.05819836 -0.20574704 -0.00678563
v 0.05831828 -0.20574704 -0.00566734
v 0.05850527 -0.20574592 -0.00491425
v 0.05754339 -0.20424694 -0.01002180
v -0.00523215 -0.19445501 -0.05534678
v -0.00426814 -0.19445498 -0.05673720
v -0.00285952 -0.19445498 -0.05639628
v -0.00245956 -0.19445498 -0.05497177
v -0.00344998 -0.19445498 -0.05395641
v -0.00460905 -0.19445500 -0.05404776
f 1 2 3
f 1 4 2
f 2 4 5
f 4 6 5
f 5 6 7
f 6 8 7
f 7 8 9
f 7 9 10
f 10 9 11
f 10 11 12
f 12 11 13
f 12 13 14
f 14 13 15
f 14 15 16
f 14 16 17
f 17 16 18
f 17 18 19
f 19 18 20
f 19 20 21
f 21 20 22
f 21 22 23
f 23 24 21
f 21 24 25
f 21 25 26
f 26 27 21
f 21 27 28
f 27 29 28
f 28 29 30
f 28 30 31
f 31 30 32
f 31 32 33
f 33 34 31
f 31 34 35
f 34 36 35
f 35 36 37
f 35 37 38
f 38 37 39
f 38 39 40
f 38 40 41
f 41 40 42
f 41 42 43
f 41 43 44
f 44 43 45
f 44 45 46
f 44 46 47
f 47 46 48
f 47 48 49
f 49 48 50
f 49 50 51
f 51 50 52
f 51 52 53
f 53 52 54
f 53 54 55
f 55 54 56
f 55 56 57
f 57 56 58
f 57 58 59
f 57 59 60
f 60 59 61
f 60 61 62
f 60 62 63
f 63 62 64
f 63 64 65
f 63 65 66
f 66 65 67
f 66 67 68
f 66 68 69
f 69 68 70
f 69 70 71
f 71 72 69
f 69 72 73
f 72 74 73
f 73 74 75
f 73 75 76
f 76 75 77
f 76 77 78
f 78 79 76
f 76 79 80
f 79 81 80
f 80 81 82
f 81 83 82
f 82 83 84
f 83 85 84
f 84 85 86
f 84 86 87
f 87 86 88
f 87 88 89
f 89 88 90
f 89 90 91
f 91 90 92
f 91 92 93
f 91 93 94
f 94 93 95
f 94 95 96
f 96 95 97
f 96 97 3
f 28 31 21
f 21 31 19
f 31 35 19
f 19 35 17
f 35 38 17
f 17 38 14
f 38 41 14
f 14 41 12
f 41 44 12
f 12 44 10
f 44 47 10
f 10 47 7
f 47 49 7
f 7 49 5
f 49 51 5
f 5 51 2
f 51 53 2
f 2 53 3
f 3 53 96
f 53 55 96
f 96 55 94
f 55 57 94
f 94 57 91
f 57 60 91
f 91 60 89
f 60 63 89
f 89 63 87
f 63 66 87
f 87 66 84
f 66 69 84
f 84 69 82
f 69 73 82
f 82 73 80
f 73 76 80
f 20 18 98
f 26 25 27
f 27 25 29
f 29 25 26
f 29 26 30
f 32 30 99
f 32 99 33
f 34 33 36
f 37 100 39
f 39 100 101
f 39 101 40
f 42 40 102
f 42 102 43
f 45 43 103
f 45 103 46
f 46 104 48
f 105 50 48
f 50 106 52
f 52 107 54
f 108 56 54
f 56 109 58
f 58 110 59
f 59 110 61
f 61 111 62
f 62 111 64
f 64 112 65
f 65 112 113
f 65 113 67
f 67 114 68
f 68 114 70
f 114 71 70
f 71 115 72
f 115 74 72
f 74 77 75
f 75 77 79
f 75 79 78
f 78 77 75
f 79 116 81
f 81 117 83
f 118 119 120
f 120 119 121
f 120 121 122
f 120 122 123
f 123 122 124
f 125 126 127
f 127 126 128
f 129 130 131
f 131 130 132
f 133 134 135
f 134 136 135
f 135 136 137
f 137 136 138
f 138 136 139
f 139 136 140
f 140 136 141
f 140 141 142
f 142 141 143
f 142 143 144
f 144 143 145
f 144 145 146
f 146 145 147
f 146 147 148
f 148 147 149
f 148 149 150
f 150 149 151
f 150 151 152
f 152 151 153
f 152 153 154
f 154 153 155
f 154 155 156
f 156 155 157
f 156 157 158
f 158 157 159
f 158 159 160
f 160 159 161
f 160 161 162
f 162 161 163
f 162 163 164
f 164 163 165
f 164 165 166
f 166 165 167
f 166 167 168
f 168 167 169
f 168 169 170
f 170 169 171
f 170 171 120
f 120 171 118
f 172 173 174
f 174 173 175
f 173 176 175
f 175 176 177
f 177 176 178
f 178 176 179
f 178 179 180
f 180 179 181
f 180 181 182
f 182 181 183
f 181 184 183
f 183 184 185
f 184 186 185
f 185 186 187
f 186 188 187
f 187 188 189
f 188 190 189
f 189 190 191
f 191 190 192
f 192 190 193
f 192 193 194
f 194 193 133
f 194 133 195
f 195 133 196
f 195 196 197
f 197 196 198
f 196 199 198
f 198 199 200
f 199 201 200
f 200 201 202
f 201 203 202
f 202 203 204
f 204 203 205
f 205 203 206
f 205 206 207
f 206 208 207
f 207 208 209
f 208 210 209
f 209 210 211
f 211 210 212
f 212 210 132
f 212 132 213
f 213 132 130
f 130 129 214
f 214 129 215
f 129 128 215
f 215 128 216
f 128 126 216
f 217 126 125
f 217 125 218
f 218 125 219
f 218 219 220
f 220 219 221
f 220 221 222
f 222 221 223
f 222 223 224
f 224 223 225
f 223 226 225
f 225 226 227
f 226 124 227
f 227 124 228
f 124 229 228
f 228 229 230
f 230 229 231
f 231 229 232
f 231 232 233
f 233 232 234
f 233 234 235
f 235 234 236
f 235 236 237
f 237 236 238
f 236 239 238
f 238 239 240
f 240 239 241
f 240 241 242
f 242 241 243
f 242 243 244
f 244 243 245
f 243 172 245
f 245 172 174
f 246 247 248
f 248 246 249
f 249 246 250
f 249 250 251
f 251 250 252
f 251 252 253
f 253 252 254
f 254 255 256
f 256 255 257
f 256 257 258
f 256 258 259
f 259 258 260
f 261 262 263
f 263 262 264
f 264 265 266
f 266 265 267
f 265 268 267
f 268 269 270
f 270 269 271
f 271 269 272
f 273 274 275
f 274 276 275
f 275 276 277
f 275 277 278
f 278 277 279
f 278 279 280
f 280 279 281
f 280 281 282
f 283 284 285
f 285 284 286
f 285 286 287
f 287 288 289
f 289 288 290
f 288 291 290
f 291 292 293
f 292 294 293
f 294 295 293
f 293 295 296
f 295 297 296
f 296 297 298
f 298 297 299
f 298 299 300
f 300 299 301
f 299 302 301
f 301 302 303
f 303 302 304
f 304 302 305
f 304 305 306
f 306 305 307
f 306 307 308
f 309 310 311
f 310 312 311
f 311 312 313
f 312 314 313
f 313 314 315
f 315 314 316
f 316 314 317
f 316 317 318
f 318 317 319
f 317 320 319
f 319 320 321
f 320 322 321
f 321 322 323
f 322 324 323
f 324 325 323
f 323 325 326
f 326 327 328
f 328 327 329
f 330 331 332
f 333 334 335
f 335 334 336
f 336 337 338
f 338 337 339
f 338 339 340
f 340 341 342
f 342 341 343
f 342 343 344
f 343 345 344
f 344 345 346
f 345 347 346
f 346 347 348
f 347 349 348
f 350 349 351
f 350 351 352
f 352 351 353
f 353 354 355
f 355 354 356
f 357 358 359
f 359 358 360
f 360 361 362
f 362 361 363
f 363 364 365
f 365 364 366
f 364 367 366
f 366 367 368
f 367 246 368
f 368 246 247
f 8 6 369
f 8 369 370
f 370 369 371
f 370 371 372
f 372 371 373
f 372 373 374
f 374 373 311
f 374 311 313
f 313 315 374
f 374 315 375
f 374 375 376
f 376 375 377
f 376 377 378
f 378 377 379
f 378 379 380
f 380 379 381
f 380 381 15
f 15 381 382
f 15 382 16
f 16 382 383
f 16 383 18
f 18 383 98
f 15 13 380
f 380 13 11
f 380 11 378
f 378 11 384
f 378 384 376
f 376 384 372
f 376 372 374
f 372 384 370
f 370 384 9
f 370 9 8
f 9 384 11
f 315 316 375
f 375 316 318
f 375 318 385
f 385 318 319
f 385 319 321
f 375 385 377
f 377 385 386
f 377 386 379
f 379 386 387
f 379 387 381
f 381 387 388
f 381 388 382
f 382 388 389
f 382 389 383
f 383 389 390
f 383 390 98
f 98 390 391
f 98 391 20
f 20 391 22
f 311 373 309
f 309 373 310
f 369 6 4
f 369 4 392
f 392 4 393
f 393 4 1
f 393 1 394
f 393 394 395
f 395 394 396
f 395 396 397
f 397 396 308
f 397 308 307
f 393 395 392
f 392 395 398
f 392 398 371
f 371 398 373
f 369 392 371
f 373 398 310
f 310 398 307
f 307 398 397
f 397 398 395
f 394 1 3
f 394 3 97
f 97 399 394
f 394 399 400
f 394 400 396
f 396 400 401
f 396 401 308
f 308 401 306
f 306 401 304
f 304 401 402
f 304 402 303
f 303 402 301
f 399 97 95
f 399 95 403
f 403 95 93
f 399 403 400
f 400 403 404
f 400 404 401
f 401 404 402
f 402 404 405
f 405 404 406
f 405 406 407
f 407 406 92
f 92 90 407
f 407 90 408
f 407 408 409
f 409 408 410
f 409 410 411
f 411 410 412
f 411 412 413
f 413 412 414
f 413 414 415
f 415 414 416
f 415 416 417
f 417 416 418
f 417 418 419
f 419 418 420
f 419 420 421
f 421 420 422
f 421 422 423
f 423 422 424
f 423 424 425
f 425 424 426
f 425 426 427
f 427 426 428
f 427 428 429
f 429 428 430
f 429 430 431
f 431 430 432
f 431 432 433
f 433 432 434
f 433 434 435
f 435 434 436
f 435 436 437
f 437 436 438
f 437 438 439
f 439 438 440
f 439 440 441
f 441 440 442
f 441 442 443
f 443 442 444
f 444 445 446
f 446 445 447
f 446 447 448
f 448 447 449
f 448 449 450
f 450 449 451
f 450 451 452
f 452 451 453
f 452 453 454
f 454 453 455
f 454 455 456
f 456 455 457
f 456 457 458
f 458 457 459
f 458 459 460
f 460 459 461
f 460 461 462
f 462 461 463
f 462 463 464
f 464 463 465
f 464 465 466
f 466 465 467
f 466 467 468
f 468 467 469
f 468 469 470
f 470 469 471
f 470 471 472
f 472 471 473
f 472 473 474
f 474 473 475
f 474 475 476
f 476 475 477
f 476 477 478
f 478 477 479
f 478 479 480
f 480 479 481
f 480 481 482
f 482 481 483
f 482 483 484
f 484 483 485
f 484 485 486
f 486 485 487
f 486 487 488
f 488 487 489
f 488 489 490
f 490 489 491
f 490 491 492
f 492 491 493
f 492 493 494
f 494 493 495
f 494 495 496
f 496 495 497
f 496 497 498
f 498 497 499
f 498 499 500
f 500 499 501
f 500 501 502
f 502 501 503
f 502 503 504
f 504 503 505
f 504 505 506
f 506 505 507
f 506 507 508
f 508 507 509
f 508 509 510
f 510 509 511
f 510 511 512
f 512 511 513
f 512 513 514
f 514 513 515
f 514 515 516
f 516 515 517
f 516 517 518
f 518 517 519
f 518 519 520
f 520 519 521
f 520 521 522
f 522 521 523
f 522 523 524
f 524 523 525
f 524 525 526
f 526 525 527
f 526 527 528
f 528 527 529
f 528 529 530
f 530 529 531
f 530 531 235
f 235 531 233
f 235 237 530
f 530 237 532
f 530 532 528
f 528 532 533
f 528 533 526
f 526 533 534
f 526 534 524
f 524 534 535
f 524 535 522
f 522 535 536
f 522 536 520
f 520 536 537
f 520 537 518
f 518 537 538
f 518 538 516
f 516 538 539
f 516 539 514
f 514 539 540
f 514 540 512
f 512 540 541
f 512 541 510
f 510 541 542
f 510 542 508
f 508 542 543
f 508 543 506
f 506 543 544
f 506 544 504
f 504 544 545
f 504 545 502
f 502 545 546
f 502 546 500
f 500 546 547
f 500 547 498
f 498 547 548
f 498 548 496
f 496 548 549
f 496 549 494
f 494 549 550
f 494 550 551
f 551 550 552
f 551 552 490
f 490 552 553
f 490 553 488
f 488 553 554
f 488 554 486
f 486 554 555
f 486 555 484
f 484 555 556
f 484 556 482
f 482 556 557
f 482 557 480
f 480 557 558
f 480 558 478
f 478 558 559
f 478 559 476
f 476 559 560
f 476 560 474
f 474 560 561
f 474 561 472
f 472 561 562
f 472 562 470
f 470 562 563
f 470 563 468
f 468 563 564
f 468 564 466
f 466 564 565
f 466 565 464
f 464 565 566
f 464 566 462
f 462 566 567
f 462 567 460
f 460 567 568
f 460 568 458
f 458 568 569
f 458 569 456
f 456 569 570
f 456 570 454
f 454 570 571
f 454 571 452
f 452 571 572
f 452 572 450
f 450 572 573
f 450 573 448
f 448 573 574
f 448 574 446
f 446 574 575
f 575 576 443
f 443 576 577
f 443 577 441
f 441 577 578
f 441 578 439
f 439 578 579
f 439 579 437
f 437 579 580
f 437 580 435
f 435 580 581
f 435 581 433
f 433 581 582
f 433 582 431
f 431 582 583
f 431 583 429
f 429 583 584
f 429 584 427
f 427 584 585
f 427 585 425
f 425 585 586
f 425 586 423
f 423 586 587
f 423 587 421
f 421 587 588
f 421 588 419
f 419 588 589
f 419 589 417
f 417 589 590
f 417 590 415
f 415 590 591
f 415 591 413
f 413 591 592
f 413 592 411
f 411 592 593
f 411 593 409
f 409 593 594
f 409 594 407
f 407 594 405
f 490 492 551
f 551 492 494
f 237 238 532
f 408 90 88
f 408 88 410
f 410 88 86
f 92 406 93
f 93 406 403
f 403 406 404
f 410 86 595
f 595 86 85
f 410 595 412
f 412 595 596
f 412 596 414
f 414 596 597
f 414 597 416
f 416 597 598
f 416 598 418
f 418 598 599
f 418 599 420
f 420 599 600
f 420 600 422
f 422 600 601
f 422 601 424
f 424 601 602
f 424 602 426
f 426 602 603
f 426 603 428
f 428 603 604
f 428 604 430
f 430 604 605
f 430 605 432
f 432 605 606
f 432 606 434
f 434 606 607
f 434 607 436
f 436 607 608
f 436 608 438
f 438 608 609
f 438 609 440
f 440 609 610
f 440 610 442
f 442 610 611
f 442 611 444
f 444 611 612
f 444 612 445
f 445 612 613
f 445 613 447
f 447 613 614
f 447 614 449
f 449 614 615
f 449 615 451
f 451 615 616
f 451 616 453
f 453 616 617
f 453 617 455
f 455 617 618
f 455 618 457
f 457 618 619
f 457 619 459
f 459 619 620
f 459 620 461
f 461 620 621
f 461 621 463
f 463 621 622
f 463 622 465
f 465 622 623
f 465 623 467
f 467 623 624
f 467 624 469
f 469 624 625
f 469 625 471
f 471 625 626
f 471 626 473
f 473 626 627
f 473 627 475
f 475 627 628
f 475 628 477
f 477 628 629
f 477 629 479
f 479 629 630
f 479 630 481
f 481 630 631
f 481 631 483
f 483 631 632
f 483 632 485
f 485 632 633
f 485 633 487
f 487 633 634
f 487 634 489
f 489 634 635
f 489 635 491
f 491 635 636
f 491 636 493
f 493 636 637
f 493 637 495
f 495 637 638
f 495 638 497
f 497 638 639
f 497 639 499
f 499 639 640
f 499 640 501
f 501 640 641
f 501 641 503
f 503 641 642
f 503 642 505
f 505 642 643
f 505 643 507
f 507 643 644
f 507 644 509
f 509 644 645
f 509 645 511
f 511 645 646
f 511 646 513
f 513 646 647
f 513 647 515
f 515 647 648
f 515 648 517
f 517 648 649
f 517 649 519
f 519 649 650
f 519 650 521
f 521 650 651
f 521 651 523
f 523 651 652
f 523 652 525
f 525 652 653
f 525 653 527
f 527 653 654
f 527 654 529
f 529 654 655
f 529 655 531
f 531 655 656
f 531 656 233
f 233 656 231
f 231 656 657
f 231 657 230
f 230 657 658
f 230 658 228
f 227 228 659
f 659 658 660
f 660 658 661
f 660 661 227
f 227 661 662
f 227 662 663
f 663 662 664
f 663 664 665
f 665 664 666
f 665 666 667
f 667 666 668
f 667 668 663
f 663 668 669
f 663 669 670
f 670 669 666
f 670 666 671
f 671 666 672
f 671 672 673
f 673 672 674
f 673 674 675
f 675 674 676
f 675 676 677
f 677 676 678
f 677 678 679
f 679 678 680
f 679 680 681
f 681 680 682
f 681 682 677
f 677 682 683
f 677 683 684
f 684 683 685
f 684 685 686
f 686 685 687
f 686 687 688
f 688 687 689
f 688 689 690
f 690 689 691
f 690 691 692
f 692 691 693
f 692 693 694
f 694 693 695
f 694 695 696
f 696 695 697
f 696 697 698
f 698 697 699
f 698 699 700
f 700 699 701
f 700 701 702
f 702 701 703
f 702 703 704
f 704 703 705
f 704 705 706
f 706 705 707
f 706 707 708
f 708 707 709
f 708 709 710
f 710 709 711
f 710 711 712
f 712 711 559
f 712 559 558
f 679 681 677
f 669 668 666
f 663 665 667
f 660 227 659
f 659 228 658
f 559 711 560
f 560 711 713
f 560 713 561
f 561 713 714
f 561 714 562
f 562 714 715
f 562 715 563
f 563 715 716
f 563 716 564
f 564 716 717
f 564 717 565
f 565 717 718
f 565 718 566
f 566 718 719
f 566 719 567
f 567 719 720
f 567 720 568
f 568 720 721
f 568 721 569
f 569 721 722
f 569 722 570
f 570 722 723
f 570 723 571
f 571 723 724
f 571 724 572
f 572 724 725
f 572 725 573
f 573 725 726
f 573 726 574
f 574 726 727
f 727 728 576
f 576 728 729
f 576 729 577
f 577 729 730
f 577 730 578
f 578 730 731
f 578 731 579
f 579 731 732
f 579 732 580
f 580 732 733
f 580 733 581
f 581 733 734
f 581 734 582
f 582 734 735
f 582 735 583
f 583 735 736
f 583 736 584
f 584 736 737
f 584 737 585
f 585 737 738
f 585 738 586
f 586 738 739
f 586 739 587
f 587 739 740
f 587 740 588
f 588 740 741
f 588 741 589
f 589 741 742
f 589 742 590
f 590 742 743
f 590 743 591
f 591 743 744
f 591 744 592
f 592 744 745
f 592 745 593
f 593 745 746
f 593 746 594
f 594 746 747
f 594 747 405
f 405 747 402
f 402 747 301
f 301 747 300
f 300 747 298
f 298 747 746
f 298 746 296
f 746 745 296
f 296 745 293
f 745 744 293
f 293 744 291
f 291 744 743
f 291 743 290
f 290 743 289
f 743 742 289
f 289 742 748
f 289 748 287
f 287 748 285
f 285 748 283
f 283 748 749
f 283 749 750
f 750 749 751
f 750 751 752
f 752 751 753
f 752 753 754
f 754 753 755
f 754 755 756
f 756 755 757
f 756 757 758
f 758 757 759
f 758 759 760
f 760 759 761
f 760 761 762
f 762 761 763
f 762 763 764
f 764 763 765
f 764 765 766
f 766 765 767
f 766 767 768
f 768 767 769
f 768 769 770
f 770 769 771
f 770 771 772
f 772 771 773
f 772 773 774
f 774 773 775
f 774 775 776
f 776 775 777
f 777 778 779
f 779 778 780
f 779 780 781
f 781 780 782
f 781 782 783
f 783 782 784
f 783 784 785
f 785 784 786
f 785 786 787
f 787 786 788
f 787 788 789
f 789 788 790
f 789 790 791
f 791 790 792
f 791 792 793
f 793 792 794
f 793 794 795
f 795 794 796
f 795 796 797
f 797 796 798
f 797 798 799
f 799 798 800
f 799 800 801
f 801 800 802
f 801 802 707
f 707 802 709
f 707 705 801
f 801 705 803
f 801 803 799
f 799 803 804
f 799 804 797
f 797 804 805
f 797 805 795
f 795 805 806
f 795 806 793
f 793 806 807
f 793 807 791
f 791 807 808
f 791 808 789
f 789 808 809
f 789 809 787
f 787 809 810
f 787 810 785
f 785 810 811
f 785 811 783
f 783 811 812
f 783 812 781
f 781 812 813
f 781 813 779
f 779 813 814
f 779 814 815
f 815 814 816
f 815 816 776
f 776 816 817
f 776 817 774
f 774 817 818
f 774 818 772
f 772 818 819
f 772 819 770
f 770 819 820
f 770 820 768
f 768 820 821
f 768 821 766
f 766 821 822
f 766 822 764
f 764 822 823
f 764 823 762
f 762 823 824
f 762 824 760
f 760 824 825
f 760 825 758
f 758 825 826
f 758 826 756
f 756 826 827
f 756 827 754
f 754 827 828
f 754 828 752
f 752 828 829
f 752 829 750
f 750 829 278
f 750 278 280
f 280 282 750
f 750 282 283
f 278 829 275
f 275 829 830
f 275 830 273
f 273 830 831
f 273 831 832
f 273 832 272
f 272 832 271
f 271 832 270
f 270 832 833
f 270 833 268
f 268 833 834
f 268 834 267
f 267 834 266
f 266 834 264
f 264 834 835
f 264 835 836
f 836 835 837
f 836 837 838
f 838 837 839
f 838 839 840
f 840 839 841
f 840 841 842
f 842 841 843
f 842 843 844
f 844 843 845
f 844 845 846
f 846 845 847
f 846 847 848
f 848 847 849
f 848 849 850
f 850 849 851
f 850 851 852
f 852 851 853
f 852 853 854
f 854 853 855
f 854 855 642
f 642 855 643
f 642 641 854
f 854 641 856
f 854 856 852
f 852 856 857
f 852 857 850
f 850 857 858
f 850 858 848
f 848 858 859
f 848 859 846
f 846 859 860
f 846 860 844
f 844 860 861
f 844 861 842
f 842 861 862
f 842 862 840
f 840 862 863
f 840 863 838
f 838 863 864
f 838 864 836
f 836 864 261
f 836 261 263
f 836 263 264
f 261 864 260
f 260 864 259
f 641 640 856
f 856 640 865
f 856 865 857
f 857 865 866
f 857 866 858
f 858 866 867
f 858 867 859
f 859 867 868
f 859 868 860
f 860 868 869
f 860 869 861
f 861 869 870
f 861 870 862
f 862 870 871
f 862 871 863
f 863 871 872
f 863 872 864
f 864 872 259
f 259 872 256
f 640 639 865
f 865 639 873
f 865 873 866
f 866 873 874
f 866 874 867
f 867 874 875
f 867 875 868
f 868 875 876
f 868 876 869
f 869 876 877
f 869 877 870
f 870 877 878
f 870 878 871
f 871 878 879
f 871 879 872
f 872 879 256
f 256 879 254
f 254 879 880
f 254 880 253
f 253 880 251
f 879 878 880
f 880 878 881
f 880 881 882
f 882 881 883
f 882 883 884
f 884 883 885
f 884 885 886
f 886 885 887
f 886 887 888
f 888 887 889
f 888 889 890
f 890 889 891
f 890 891 634
f 634 891 892
f 634 892 635
f 635 892 636
f 634 633 890
f 890 633 893
f 890 893 888
f 888 893 894
f 888 894 895
f 895 894 896
f 895 896 247
f 247 896 368
f 368 896 366
f 366 896 897
f 366 897 365
f 365 897 363
f 888 895 886
f 886 895 898
f 886 898 884
f 884 898 246
f 884 246 248
f 884 248 882
f 882 248 249
f 882 249 251
f 880 882 251
f 246 898 247
f 247 898 895
f 633 632 893
f 893 632 899
f 893 899 894
f 894 899 900
f 894 900 896
f 896 900 897
f 632 631 899
f 899 631 901
f 899 901 900
f 900 901 902
f 900 902 897
f 897 902 903
f 897 903 363
f 363 903 362
f 631 630 901
f 901 630 904
f 901 904 902
f 902 904 905
f 902 905 903
f 903 905 906
f 903 906 362
f 362 906 360
f 360 906 359
f 359 906 907
f 359 907 357
f 357 907 356
f 630 629 904
f 904 629 908
f 904 908 905
f 905 908 909
f 905 909 906
f 906 909 907
f 629 628 908
f 908 628 910
f 908 910 909
f 909 910 911
f 909 911 907
f 907 911 912
f 907 912 356
f 356 912 355
f 355 912 353
f 353 912 913
f 353 913 914
f 914 913 915
f 914 915 916
f 916 915 917
f 916 917 918
f 918 917 919
f 918 919 920
f 920 919 921
f 920 921 922
f 922 921 923
f 922 923 924
f 924 923 925
f 924 925 926
f 926 925 927
f 926 927 928
f 928 927 929
f 928 929 930
f 930 929 931
f 930 931 932
f 932 931 933
f 932 933 934
f 934 933 935
f 934 935 936
f 936 935 937
f 936 937 938
f 938 937 939
f 938 939 940
f 940 939 941
f 940 941 942
f 942 941 943
f 942 943 944
f 944 943 945
f 945 946 947
f 947 946 948
f 947 948 949
f 949 948 950
f 949 950 951
f 951 950 952
f 951 952 953
f 953 952 954
f 953 954 955
f 955 954 956
f 955 956 957
f 957 956 958
f 957 958 959
f 959 958 960
f 959 960 961
f 961 960 962
f 961 962 963
f 963 962 964
f 963 964 965
f 965 964 966
f 965 966 967
f 967 966 968
f 967 968 77
f 77 968 79
f 79 968 116
f 116 968 969
f 116 969 81
f 81 969 117
f 77 74 967
f 967 74 970
f 967 970 965
f 965 970 971
f 965 971 963
f 963 971 972
f 963 972 961
f 961 972 973
f 961 973 959
f 959 973 974
f 959 974 957
f 957 974 975
f 957 975 955
f 955 975 976
f 955 976 953
f 953 976 977
f 953 977 951
f 951 977 978
f 951 978 949
f 949 978 979
f 949 979 947
f 947 979 980
f 980 981 944
f 944 981 982
f 944 982 942
f 942 982 983
f 942 983 940
f 940 983 984
f 940 984 938
f 938 984 985
f 938 985 936
f 936 985 986
f 936 986 934
f 934 986 987
f 934 987 932
f 932 987 988
f 932 988 930
f 930 988 989
f 930 989 928
f 928 989 990
f 928 990 926
f 926 990 991
f 926 991 924
f 924 991 992
f 924 992 922
f 922 992 993
f 922 993 920
f 920 993 994
f 920 994 918
f 918 994 995
f 918 995 916
f 916 995 349
f 916 349 914
f 914 349 350
f 914 350 352
f 353 914 352
f 349 995 348
f 348 995 346
f 346 995 344
f 344 995 342
f 995 994 342
f 342 994 996
f 342 996 340
f 994 993 996
f 996 993 997
f 996 997 998
f 998 997 999
f 998 999 1000
f 1000 999 1001
f 1000 1001 1002
f 1002 1001 1003
f 1002 1003 1004
f 1004 1003 1005
f 1004 1005 1006
f 1006 1005 1007
f 1006 1007 1008
f 1008 1007 1009
f 1008 1009 1010
f 1010 1009 1011
f 1010 1011 1012
f 1012 1011 1013
f 1012 1013 390
f 390 1013 391
f 390 389 1012
f 1012 389 1014
f 1012 1014 1010
f 1010 1014 1015
f 1010 1015 1008
f 1008 1015 1016
f 1008 1016 1006
f 1006 1016 1017
f 1006 1017 1004
f 1004 1017 1018
f 1004 1018 1002
f 1002 1018 333
f 1002 333 335
f 335 336 1002
f 1002 336 1000
f 336 338 1000
f 1000 338 998
f 338 340 998
f 998 340 996
f 333 1018 332
f 332 1018 330
f 1018 1017 330
f 330 1017 329
f 389 388 1014
f 1014 388 1019
f 1014 1019 1015
f 1015 1019 1020
f 1015 1020 1016
f 1016 1020 1021
f 1016 1021 1017
f 1017 1021 329
f 329 1021 328
f 328 1021 326
f 388 387 1019
f 1019 387 1022
f 1019 1022 1020
f 1020 1022 1023
f 1020 1023 1021
f 1021 1023 326
f 326 1023 323
f 387 386 1022
f 1022 386 1024
f 1022 1024 1023
f 1023 1024 323
f 323 1024 321
f 321 1024 385
f 1024 386 385
f 993 992 997
f 997 992 1025
f 997 1025 999
f 999 1025 1026
f 999 1026 1001
f 1001 1026 1027
f 1001 1027 1003
f 1003 1027 1028
f 1003 1028 1005
f 1005 1028 1029
f 1005 1029 1007
f 1007 1029 1030
f 1007 1030 1009
f 1009 1030 1031
f 1009 1031 1011
f 1011 1031 1032
f 1011 1032 1013
f 1013 1032 1033
f 1013 1033 391
f 391 1033 1034
f 391 1034 22
f 22 1034 23
f 23 1034 24
f 24 1034 25
f 25 1034 26
f 26 1034 1035
f 26 1035 30
f 30 1035 1036
f 30 1036 99
f 992 991 1025
f 1025 991 1037
f 1025 1037 1026
f 1026 1037 1038
f 1026 1038 1027
f 1027 1038 1039
f 1027 1039 1028
f 1028 1039 1040
f 1028 1040 1029
f 1029 1040 1041
f 1029 1041 1030
f 1030 1041 1042
f 1030 1042 1031
f 1031 1042 1043
f 1031 1043 1032
f 1032 1043 1044
f 1032 1044 1033
f 1033 1044 1045
f 1033 1045 1034
f 1034 1045 1035
f 991 990 1037
f 1037 990 1046
f 1037 1046 1038
f 1038 1046 1047
f 1038 1047 1039
f 1039 1047 1048
f 1039 1048 1040
f 1040 1048 1049
f 1040 1049 1041
f 1041 1049 1050
f 1041 1050 1042
f 1042 1050 1051
f 1042 1051 1043
f 1043 1051 1052
f 1043 1052 1044
f 1044 1052 1053
f 1044 1053 1045
f 1045 1053 1054
f 1045 1054 1035
f 1035 1054 1036
f 990 989 1046
f 1046 989 1055
f 1046 1055 1047
f 1047 1055 1056
f 1047 1056 1048
f 1048 1056 1057
f 1048 1057 1049
f 1049 1057 1058
f 1049 1058 1050
f 1050 1058 1059
f 1050 1059 1051
f 1051 1059 1060
f 1051 1060 1052
f 1052 1060 1061
f 1052 1061 1053
f 1053 1061 1062
f 1053 1062 1054
f 1054 1062 1063
f 1054 1063 1036
f 1036 1063 1064
f 1036 1064 99
f 99 1064 33
f 33 1064 36
f 36 1064 1065
f 36 1065 37
f 37 1065 100
f 989 988 1055
f 1055 988 1066
f 1055 1066 1056
f 1056 1066 1067
f 1056 1067 1057
f 1057 1067 1068
f 1057 1068 1058
f 1058 1068 1069
f 1058 1069 1059
f 1059 1069 1070
f 1059 1070 1060
f 1060 1070 1071
f 1060 1071 1061
f 1061 1071 1072
f 1061 1072 1062
f 1062 1072 1073
f 1062 1073 1063
f 1063 1073 1074
f 1063 1074 1064
f 1064 1074 1065
f 988 987 1066
f 1066 987 1075
f 1066 1075 1067
f 1067 1075 1076
f 1067 1076 1068
f 1068 1076 1077
f 1068 1077 1069
f 1069 1077 1078
f 1069 1078 1070
f 1070 1078 1079
f 1070 1079 1071
f 1071 1079 1080
f 1071 1080 1072
f 1072 1080 1081
f 1072 1081 1073
f 1073 1081 1082
f 1073 1082 1074
f 1074 1082 1083
f 1074 1083 1065
f 1065 1083 1084
f 1065 1084 100
f 100 1084 101
f 987 986 1075
f 1075 986 1085
f 1075 1085 1076
f 1076 1085 1086
f 1076 1086 1077
f 1077 1086 1087
f 1077 1087 1078
f 1078 1087 1088
f 1078 1088 1079
f 1079 1088 1089
f 1079 1089 1080
f 1080 1089 1090
f 1080 1090 1081
f 1081 1090 1091
f 1081 1091 1082
f 1082 1091 1092
f 1082 1092 1083
f 1083 1092 1093
f 1083 1093 1084
f 1084 1093 1094
f 1084 1094 101
f 101 1094 40
f 40 1094 102
f 102 1094 1095
f 102 1095 43
f 43 1095 103
f 986 985 1085
f 1085 985 1096
f 1085 1096 1086
f 1086 1096 1097
f 1086 1097 1087
f 1087 1097 1098
f 1087 1098 1088
f 1088 1098 1099
f 1088 1099 1089
f 1089 1099 1100
f 1089 1100 1090
f 1090 1100 1101
f 1090 1101 1091
f 1091 1101 1102
f 1091 1102 1092
f 1092 1102 1103
f 1092 1103 1093
f 1093 1103 1104
f 1093 1104 1094
f 1094 1104 1095
f 985 984 1096
f 1096 984 1105
f 1096 1105 1097
f 1097 1105 1106
f 1097 1106 1098
f 1098 1106 1107
f 1098 1107 1099
f 1099 1107 1108
f 1099 1108 1100
f 1100 1108 1109
f 1100 1109 1101
f 1101 1109 1110
f 1101 1110 1102
f 1102 1110 1111
f 1102 1111 1103
f 1103 1111 1112
f 1103 1112 1104
f 1104 1112 1113
f 1104 1113 1095
f 1095 1113 1114
f 1095 1114 103
f 103 1114 46
f 46 1114 104
f 104 105 48
f 984 983 1105
f 1105 983 1115
f 1105 1115 1106
f 1106 1115 1116
f 1106 1116 1107
f 1107 1116 1117
f 1107 1117 1108
f 1108 1117 1118
f 1108 1118 1109
f 1109 1118 1119
f 1109 1119 1110
f 1110 1119 1120
f 1110 1120 1111
f 1111 1120 1112
f 1112 1120 1121
f 1112 1121 1113
f 1113 1121 1114
f 1114 1121 104
f 983 982 1115
f 1115 982 1122
f 1115 1122 1116
f 1116 1122 1123
f 1116 1123 1117
f 1117 1123 1124
f 1117 1124 1118
f 1118 1124 1125
f 1118 1125 1119
f 1119 1125 1126
f 1119 1126 1120
f 1120 1126 1127
f 1120 1127 1121
f 1121 1127 1128
f 1121 1128 104
f 104 1128 105
f 982 981 1122
f 1122 981 1129
f 1122 1129 1123
f 1123 1129 1130
f 1123 1130 1124
f 1124 1130 1131
f 1124 1131 1125
f 1125 1131 1132
f 1125 1132 1126
f 1126 1132 1133
f 1126 1133 1127
f 1127 1133 1134
f 1127 1134 1128
f 1128 1134 1135
f 1128 1135 105
f 105 1135 106
f 105 106 50
f 944 945 980
f 980 945 947
f 970 74 115
f 970 115 1136
f 1136 115 71
f 1136 71 114
f 970 1136 971
f 971 1136 1137
f 971 1137 972
f 972 1137 1138
f 972 1138 973
f 973 1138 1139
f 973 1139 974
f 974 1139 1140
f 974 1140 975
f 975 1140 1141
f 975 1141 976
f 976 1141 1142
f 976 1142 977
f 977 1142 1143
f 977 1143 978
f 978 1143 1144
f 978 1144 979
f 979 1144 1145
f 979 1145 980
f 980 1145 1129
f 980 1129 981
f 628 627 910
f 910 627 1146
f 910 1146 911
f 911 1146 1147
f 911 1147 912
f 912 1147 913
f 627 626 1146
f 1146 626 1148
f 1146 1148 1147
f 1147 1148 1149
f 1147 1149 913
f 913 1149 915
f 626 625 1148
f 1148 625 1150
f 1148 1150 1149
f 1149 1150 1151
f 1149 1151 915
f 915 1151 917
f 625 624 1150
f 1150 624 1152
f 1150 1152 1151
f 1151 1152 1153
f 1151 1153 917
f 917 1153 919
f 624 623 1152
f 1152 623 1154
f 1152 1154 1153
f 1153 1154 1155
f 1153 1155 919
f 919 1155 921
f 623 622 1154
f 1154 622 1156
f 1154 1156 1155
f 1155 1156 1157
f 1155 1157 921
f 921 1157 923
f 622 621 1156
f 1156 621 1158
f 1156 1158 1157
f 1157 1158 1159
f 1157 1159 923
f 923 1159 925
f 621 620 1158
f 1158 620 1160
f 1158 1160 1159
f 1159 1160 1161
f 1159 1161 925
f 925 1161 927
f 620 619 1160
f 1160 619 1162
f 1160 1162 1161
f 1161 1162 1163
f 1161 1163 927
f 927 1163 929
f 619 618 1162
f 1162 618 1164
f 1162 1164 1163
f 1163 1164 1165
f 1163 1165 929
f 929 1165 931
f 618 617 1164
f 1164 617 1166
f 1164 1166 1165
f 1165 1166 1167
f 1165 1167 931
f 931 1167 933
f 617 616 1166
f 1166 616 1168
f 1166 1168 1167
f 1167 1168 1169
f 1167 1169 933
f 933 1169 935
f 616 615 1168
f 1168 615 1170
f 1168 1170 1169
f 1169 1170 1171
f 1169 1171 935
f 935 1171 937
f 615 614 1170
f 1170 614 1172
f 1170 1172 1171
f 1171 1172 1173
f 1171 1173 937
f 937 1173 939
f 614 613 1172
f 1172 613 1174
f 1172 1174 1173
f 1173 1174 1175
f 1173 1175 939
f 939 1175 941
f 613 612 1174
f 1174 612 1176
f 1174 1176 1175
f 1175 1176 1177
f 1175 1177 941
f 941 1177 943
f 878 877 881
f 881 877 1178
f 881 1178 883
f 883 1178 1179
f 883 1179 885
f 885 1179 1180
f 885 1180 887
f 887 1180 889
f 889 1180 891
f 891 1180 1181
f 891 1181 892
f 892 1181 636
f 877 876 1178
f 1178 876 1182
f 1178 1182 1179
f 1179 1182 1183
f 1179 1183 1180
f 1180 1183 1181
f 876 875 1182
f 1182 875 1184
f 1182 1184 1183
f 1183 1184 1185
f 1183 1185 1181
f 1181 1185 636
f 636 1185 637
f 637 1185 1186
f 637 1186 638
f 638 1186 873
f 638 873 639
f 873 1186 874
f 874 1186 1184
f 874 1184 875
f 1186 1185 1184
f 829 828 830
f 830 828 1187
f 830 1187 831
f 831 1187 1188
f 831 1188 1189
f 1189 1188 1190
f 1189 1190 1191
f 1191 1190 1192
f 1191 1192 1193
f 1193 1192 1194
f 1193 1194 1195
f 1195 1194 1196
f 1195 1196 1197
f 1197 1196 1198
f 1197 1198 1199
f 1199 1198 1200
f 1199 1200 1201
f 1201 1200 1202
f 1201 1202 1203
f 1203 1202 1204
f 1203 1204 1205
f 1205 1204 1206
f 1205 1206 1207
f 1207 1206 1208
f 1207 1208 1209
f 1209 1208 1210
f 1209 1210 1211
f 1211 1210 1212
f 1211 1212 1213
f 1213 1212 1214
f 1213 1214 1215
f 1215 1214 1216
f 1215 1216 645
f 645 1216 646
f 645 644 1215
f 1215 644 1217
f 1215 1217 1213
f 1213 1217 1218
f 1213 1218 1211
f 1211 1218 1219
f 1211 1219 1209
f 1209 1219 1220
f 1209 1220 1207
f 1207 1220 1221
f 1207 1221 1205
f 1205 1221 1222
f 1205 1222 1203
f 1203 1222 1223
f 1203 1223 1201
f 1201 1223 1224
f 1201 1224 1199
f 1199 1224 1225
f 1199 1225 1197
f 1197 1225 1226
f 1197 1226 1195
f 1195 1226 1227
f 1195 1227 1193
f 1193 1227 1228
f 1193 1228 1191
f 1191 1228 833
f 1191 833 1189
f 1189 833 832
f 1189 832 831
f 833 1228 834
f 834 1228 835
f 1228 1227 835
f 835 1227 837
f 1227 1226 837
f 837 1226 839
f 1226 1225 839
f 839 1225 841
f 1225 1224 841
f 841 1224 843
f 1224 1223 843
f 843 1223 845
f 1223 1222 845
f 845 1222 847
f 1222 1221 847
f 847 1221 849
f 1221 1220 849
f 849 1220 851
f 1220 1219 851
f 851 1219 853
f 1219 1218 853
f 853 1218 855
f 1218 1217 855
f 855 1217 643
f 1217 644 643
f 828 827 1187
f 1187 827 1229
f 1187 1229 1188
f 1188 1229 1230
f 1188 1230 1190
f 1190 1230 1231
f 1190 1231 1192
f 1192 1231 1232
f 1192 1232 1194
f 1194 1232 1233
f 1194 1233 1196
f 1196 1233 1234
f 1196 1234 1198
f 1198 1234 1235
f 1198 1235 1200
f 1200 1235 1236
f 1200 1236 1202
f 1202 1236 1237
f 1202 1237 1204
f 1204 1237 1238
f 1204 1238 1206
f 1206 1238 1239
f 1206 1239 1208
f 1208 1239 1240
f 1208 1240 1210
f 1210 1240 1241
f 1210 1241 1212
f 1212 1241 1242
f 1212 1242 1214
f 1214 1242 1243
f 1214 1243 1216
f 1216 1243 1244
f 1216 1244 646
f 646 1244 647
f 827 826 1229
f 1229 826 1245
f 1229 1245 1230
f 1230 1245 1246
f 1230 1246 1231
f 1231 1246 1247
f 1231 1247 1232
f 1232 1247 1248
f 1232 1248 1233
f 1233 1248 1249
f 1233 1249 1234
f 1234 1249 1250
f 1234 1250 1235
f 1235 1250 1251
f 1235 1251 1236
f 1236 1251 1252
f 1236 1252 1237
f 1237 1252 1253
f 1237 1253 1238
f 1238 1253 1254
f 1238 1254 1239
f 1239 1254 1255
f 1239 1255 1240
f 1240 1255 1256
f 1240 1256 1241
f 1241 1256 1257
f 1241 1257 1242
f 1242 1257 1258
f 1242 1258 1243
f 1243 1258 1259
f 1243 1259 1244
f 1244 1259 1260
f 1244 1260 647
f 647 1260 648
f 826 825 1245
f 1245 825 1261
f 1245 1261 1246
f 1246 1261 1262
f 1246 1262 1247
f 1247 1262 1263
f 1247 1263 1248
f 1248 1263 1264
f 1248 1264 1249
f 1249 1264 1265
f 1249 1265 1250
f 1250 1265 1266
f 1250 1266 1251
f 1251 1266 1267
f 1251 1267 1252
f 1252 1267 1268
f 1252 1268 1253
f 1253 1268 1269
f 1253 1269 1254
f 1254 1269 1270
f 1254 1270 1255
f 1255 1270 1271
f 1255 1271 1256
f 1256 1271 1272
f 1256 1272 1257
f 1257 1272 1273
f 1257 1273 1258
f 1258 1273 1274
f 1258 1274 1259
f 1259 1274 1275
f 1259 1275 1260
f 1260 1275 1276
f 1260 1276 648
f 648 1276 649
f 825 824 1261
f 1261 824 1277
f 1261 1277 1262
f 1262 1277 1278
f 1262 1278 1263
f 1263 1278 1279
f 1263 1279 1264
f 1264 1279 1280
f 1264 1280 1265
f 1265 1280 1281
f 1265 1281 1266
f 1266 1281 1282
f 1266 1282 1267
f 1267 1282 1283
f 1267 1283 1268
f 1268 1283 1284
f 1268 1284 1269
f 1269 1284 1285
f 1269 1285 1270
f 1270 1285 1286
f 1270 1286 1271
f 1271 1286 1287
f 1271 1287 1272
f 1272 1287 1288
f 1272 1288 1273
f 1273 1288 1289
f 1273 1289 1274
f 1274 1289 1290
f 1274 1290 1275
f 1275 1290 1291
f 1275 1291 1276
f 1276 1291 1292
f 1276 1292 649
f 649 1292 650
f 824 823 1277
f 1277 823 1293
f 1277 1293 1278
f 1278 1293 1294
f 1278 1294 1279
f 1279 1294 1295
f 1279 1295 1280
f 1280 1295 1296
f 1280 1296 1281
f 1281 1296 1297
f 1281 1297 1282
f 1282 1297 1298
f 1282 1298 1283
f 1283 1298 1299
f 1283 1299 1284
f 1284 1299 1300
f 1284 1300 1285
f 1285 1300 1301
f 1285 1301 1286
f 1286 1301 1302
f 1286 1302 1287
f 1287 1302 1303
f 1287 1303 1288
f 1288 1303 1304
f 1288 1304 1289
f 1289 1304 1305
f 1289 1305 1290
f 1290 1305 1306
f 1290 1306 1291
f 1291 1306 1307
f 1291 1307 1292
f 1292 1307 1308
f 1292 1308 650
f 650 1308 651
f 823 822 1293
f 1293 822 1309
f 1293 1309 1294
f 1294 1309 1310
f 1294 1310 1295
f 1295 1310 1311
f 1295 1311 1296
f 1296 1311 1312
f 1296 1312 1297
f 1297 1312 1313
f 1297 1313 1298
f 1298 1313 1314
f 1298 1314 1299
f 1299 1314 1315
f 1299 1315 1300
f 1300 1315 1316
f 1300 1316 1301
f 1301 1316 1317
f 1301 1317 1302
f 1302 1317 1318
f 1302 1318 1303
f 1303 1318 1319
f 1303 1319 1304
f 1304 1319 1320
f 1304 1320 1305
f 1305 1320 1321
f 1305 1321 1306
f 1306 1321 1322
f 1306 1322 1307
f 1307 1322 1323
f 1307 1323 1308
f 1308 1323 1324
f 1308 1324 651
f 651 1324 652
f 822 821 1309
f 1309 821 1325
f 1309 1325 1310
f 1310 1325 1326
f 1310 1326 1311
f 1311 1326 1327
f 1311 1327 1312
f 1312 1327 1328
f 1312 1328 1313
f 1313 1328 1329
f 1313 1329 1314
f 1314 1329 1330
f 1314 1330 1315
f 1315 1330 1331
f 1315 1331 1316
f 1316 1331 1332
f 1316 1332 1317
f 1317 1332 1333
f 1317 1333 1318
f 1318 1333 1334
f 1318 1334 1319
f 1319 1334 1335
f 1319 1335 1320
f 1320 1335 1336
f 1320 1336 1321
f 1321 1336 1337
f 1321 1337 1322
f 1322 1337 1338
f 1322 1338 1323
f 1323 1338 1339
f 1323 1339 1324
f 1324 1339 1340
f 1324 1340 652
f 652 1340 653
f 821 820 1325
f 1325 820 1341
f 1325 1341 1326
f 1326 1341 1342
f 1326 1342 1327
f 1327 1342 1343
f 1327 1343 1328
f 1328 1343 1344
f 1328 1344 1329
f 1329 1344 1345
f 1329 1345 1330
f 1330 1345 1346
f 1330 1346 1331
f 1331 1346 1347
f 1331 1347 1332
f 1332 1347 1348
f 1332 1348 1333
f 1333 1348 1349
f 1333 1349 1334
f 1334 1349 1350
f 1334 1350 1335
f 1335 1350 1351
f 1335 1351 1336
f 1336 1351 1352
f 1336 1352 1337
f 1337 1352 1353
f 1337 1353 1338
f 1338 1353 1354
f 1338 1354 1339
f 1339 1354 1355
f 1339 1355 1340
f 1340 1355 1356
f 1340 1356 653
f 653 1356 654
f 820 819 1341
f 1341 819 1357
f 1341 1357 1342
f 1342 1357 1358
f 1342 1358 1343
f 1343 1358 1359
f 1343 1359 1344
f 1344 1359 1360
f 1344 1360 1345
f 1345 1360 1361
f 1345 1361 1346
f 1346 1361 1362
f 1346 1362 1347
f 1347 1362 1363
f 1347 1363 1348
f 1348 1363 1364
f 1348 1364 1349
f 1349 1364 1365
f 1349 1365 1350
f 1350 1365 1366
f 1350 1366 1351
f 1351 1366 1367
f 1351 1367 1352
f 1352 1367 1368
f 1352 1368 1353
f 1353 1368 1369
f 1353 1369 1354
f 1354 1369 1370
f 1354 1370 1355
f 1355 1370 1371
f 1355 1371 1356
f 1356 1371 1372
f 1356 1372 654
f 654 1372 655
f 819 818 1357
f 1357 818 1373
f 1357 1373 1358
f 1358 1373 1374
f 1358 1374 1359
f 1359 1374 1375
f 1359 1375 1360
f 1360 1375 1376
f 1360 1376 1361
f 1361 1376 1377
f 1361 1377 1362
f 1362 1377 1378
f 1362 1378 1363
f 1363 1378 1379
f 1363 1379 1364
f 1364 1379 1380
f 1364 1380 1365
f 1365 1380 1381
f 1365 1381 1366
f 1366 1381 1382
f 1366 1382 1367
f 1367 1382 1383
f 1367 1383 1368
f 1368 1383 1384
f 1368 1384 1369
f 1369 1384 1385
f 1369 1385 1370
f 1370 1385 1386
f 1370 1386 1371
f 1371 1386 1387
f 1371 1387 1372
f 1372 1387 1388
f 1372 1388 655
f 655 1388 656
f 656 1388 657
f 657 1388 1389
f 657 1389 658
f 658 1389 666
f 658 666 664
f 664 662 658
f 658 662 661
f 1388 1387 1389
f 1389 1387 1390
f 1389 1390 666
f 666 1390 672
f 1387 1386 1390
f 1390 1386 1391
f 1390 1391 672
f 672 1391 680
f 672 680 678
f 678 676 672
f 672 676 674
f 1386 1385 1391
f 1391 1385 1392
f 1391 1392 680
f 680 1392 1393
f 680 1393 1394
f 1394 1393 1395
f 1394 1395 683
f 683 1395 1396
f 683 1396 1397
f 1397 1396 1393
f 1397 1393 1398
f 1398 1393 1399
f 1398 1399 1400
f 1400 1399 1401
f 1400 1401 1402
f 1402 1401 1403
f 1402 1403 1404
f 1404 1403 1405
f 1404 1405 1400
f 1400 1405 1406
f 1400 1406 1407
f 1407 1406 1408
f 1407 1408 1409
f 1409 1408 1410
f 1409 1410 1411
f 1411 1410 1412
f 1411 1412 1407
f 1407 1412 1413
f 1407 1413 1414
f 1414 1413 1410
f 1414 1410 1415
f 1415 1410 1416
f 1415 1416 1417
f 1417 1416 1418
f 1417 1418 1419
f 1419 1418 1420
f 1419 1420 1421
f 1421 1420 1416
f 1421 1416 1422
f 1422 1416 1423
f 1422 1423 1424
f 1424 1423 1425
f 1424 1425 1426
f 1426 1425 1427
f 1426 1427 1428
f 1428 1427 1429
f 1428 1429 1430
f 1430 1429 1431
f 1430 1431 1432
f 1432 1431 1433
f 1432 1433 1434
f 1434 1433 1435
f 1434 1435 1436
f 1436 1435 1437
f 1436 1437 1438
f 1438 1437 1439
f 1438 1439 1440
f 1440 1439 1441
f 1440 1441 1442
f 1442 1441 1443
f 1442 1443 1444
f 1444 1443 1445
f 1444 1445 1446
f 1446 1445 1447
f 1446 1447 1448
f 1448 1447 1449
f 1448 1449 1450
f 1450 1449 1451
f 1450 1451 1452
f 1452 1451 1453
f 1452 1453 1454
f 1454 1453 1455
f 1454 1455 1450
f 1450 1455 1456
f 1450 1456 1457
f 1457 1456 812
f 1457 812 811
f 1454 1450 1452
f 1420 1418 1416
f 1413 1412 1410
f 1411 1407 1409
f 1404 1400 1402
f 1396 1395 1393
f 812 1456 813
f 813 1456 1458
f 813 1458 1459
f 1459 1458 1460
f 1459 1460 816
f 816 1460 1461
f 816 1461 817
f 817 1461 1373
f 817 1373 818
f 1373 1461 1374
f 1374 1461 1462
f 1374 1462 1375
f 1375 1462 1463
f 1375 1463 1376
f 1376 1463 1464
f 1376 1464 1377
f 1377 1464 1465
f 1377 1465 1378
f 1378 1465 1466
f 1378 1466 1379
f 1379 1466 1467
f 1379 1467 1380
f 1380 1467 1468
f 1380 1468 1381
f 1381 1468 1469
f 1381 1469 1382
f 1382 1469 1470
f 1382 1470 1383
f 1383 1470 1471
f 1383 1471 1384
f 1384 1471 1392
f 1384 1392 1385
f 1392 1471 1393
f 1393 1471 1403
f 1393 1403 1399
f 1399 1403 1401
f 1471 1470 1403
f 1403 1470 1410
f 1403 1410 1408
f 1408 1406 1403
f 1403 1406 1405
f 1470 1469 1410
f 1410 1469 1416
f 1469 1468 1416
f 1416 1468 1423
f 1468 1467 1423
f 1423 1467 1431
f 1423 1431 1429
f 1429 1427 1423
f 1423 1427 1425
f 1467 1466 1431
f 1431 1466 1437
f 1431 1437 1433
f 1433 1437 1435
f 1466 1465 1437
f 1437 1465 1443
f 1437 1443 1439
f 1439 1443 1441
f 1465 1464 1443
f 1443 1464 1445
f 1464 1463 1445
f 1445 1463 1453
f 1445 1453 1451
f 1451 1449 1445
f 1445 1449 1447
f 1463 1462 1453
f 1453 1462 1460
f 1453 1460 1472
f 1472 1460 1473
f 1472 1473 1456
f 1456 1473 1474
f 1456 1474 1475
f 1475 1474 1460
f 1475 1460 1458
f 1458 1456 1475
f 1473 1460 1474
f 1462 1461 1460
f 1456 1455 1472
f 1472 1455 1453
f 1446 1448 1444
f 1444 1448 1442
f 1442 1448 1440
f 1440 1448 1476
f 1440 1476 1477
f 1477 1476 1478
f 1477 1478 1479
f 1479 1478 1480
f 1479 1480 1481
f 1481 1480 1482
f 1481 1482 1483
f 1483 1482 1484
f 1483 1484 1485
f 1485 1484 1486
f 1485 1486 1487
f 1487 1486 1488
f 1487 1488 697
f 697 1488 699
f 697 695 1487
f 1487 695 1489
f 1487 1489 1485
f 1485 1489 1490
f 1485 1490 1483
f 1483 1490 1491
f 1483 1491 1481
f 1481 1491 1492
f 1481 1492 1479
f 1479 1492 1493
f 1479 1493 1477
f 1477 1493 1434
f 1477 1434 1440
f 1440 1434 1438
f 1434 1436 1438
f 695 693 1489
f 1489 693 1494
f 1489 1494 1490
f 1490 1494 1495
f 1490 1495 1491
f 1491 1495 1496
f 1491 1496 1492
f 1492 1496 1497
f 1492 1497 1493
f 1493 1497 1428
f 1493 1428 1434
f 1434 1428 1432
f 1428 1430 1432
f 1428 1497 1426
f 1426 1497 1498
f 1426 1498 1419
f 1419 1498 1499
f 1419 1499 1407
f 1407 1499 1500
f 1407 1500 1400
f 1400 1500 685
f 1400 685 683
f 1400 683 1398
f 1398 683 1397
f 685 1500 687
f 687 1500 1501
f 687 1501 689
f 689 1501 1502
f 689 1502 691
f 691 1502 1494
f 691 1494 693
f 1494 1502 1495
f 1495 1502 1503
f 1495 1503 1496
f 1496 1503 1498
f 1496 1498 1497
f 1498 1503 1499
f 1499 1503 1501
f 1499 1501 1500
f 1501 1503 1502
f 1407 1414 1419
f 1419 1414 1415
f 1419 1415 1417
f 1419 1421 1426
f 1426 1421 1422
f 1426 1422 1424
f 683 682 1394
f 1394 682 680
f 705 703 803
f 803 703 1504
f 803 1504 804
f 804 1504 1505
f 804 1505 805
f 805 1505 1506
f 805 1506 806
f 806 1506 1507
f 806 1507 807
f 807 1507 1508
f 807 1508 808
f 808 1508 1509
f 808 1509 809
f 809 1509 1510
f 809 1510 810
f 810 1510 1511
f 810 1511 811
f 811 1511 1457
f 703 701 1504
f 1504 701 1512
f 1504 1512 1505
f 1505 1512 1513
f 1505 1513 1506
f 1506 1513 1514
f 1506 1514 1507
f 1507 1514 1515
f 1507 1515 1508
f 1508 1515 1516
f 1508 1516 1509
f 1509 1516 1517
f 1509 1517 1510
f 1510 1517 1518
f 1510 1518 1511
f 1511 1518 1519
f 1511 1519 1457
f 1457 1519 1450
f 1450 1519 1448
f 1448 1519 1476
f 1519 1518 1476
f 1476 1518 1478
f 1518 1517 1478
f 1478 1517 1480
f 1517 1516 1480
f 1480 1516 1482
f 1516 1515 1482
f 1482 1515 1484
f 1515 1514 1484
f 1484 1514 1486
f 1514 1513 1486
f 1486 1513 1488
f 1513 1512 1488
f 1488 1512 699
f 699 1512 701
f 742 741 748
f 748 741 749
f 741 740 749
f 749 740 751
f 740 739 751
f 751 739 753
f 739 738 753
f 753 738 755
f 738 737 755
f 755 737 757
f 737 736 757
f 757 736 759
f 736 735 759
f 759 735 761
f 735 734 761
f 761 734 763
f 734 733 763
f 763 733 765
f 733 732 765
f 765 732 767
f 732 731 767
f 767 731 769
f 731 730 769
f 769 730 771
f 730 729 771
f 771 729 773
f 729 728 773
f 773 728 775
f 711 709 713
f 713 709 802
f 713 802 714
f 714 802 800
f 714 800 715
f 715 800 798
f 715 798 716
f 716 798 796
f 716 796 717
f 717 796 794
f 717 794 718
f 718 794 792
f 718 792 719
f 719 792 790
f 719 790 720
f 720 790 788
f 720 788 721
f 721 788 786
f 721 786 722
f 722 786 784
f 722 784 723
f 723 784 782
f 723 782 724
f 724 782 780
f 724 780 725
f 725 780 778
f 725 778 726
f 726 778 1520
f 1520 775 728
f 673 675 671
f 671 675 670
f 670 675 663
f 663 675 1521
f 663 1521 1522
f 1522 1521 1523
f 1522 1523 1524
f 1524 1523 1525
f 1524 1525 1526
f 1526 1525 1527
f 1526 1527 1528
f 1528 1527 1529
f 1528 1529 1530
f 1530 1529 1531
f 1530 1531 1532
f 1532 1531 1533
f 1532 1533 1534
f 1534 1533 1535
f 1534 1535 1536
f 1536 1535 1537
f 1536 1537 1538
f 1538 1537 1539
f 1538 1539 214
f 214 1539 130
f 130 1539 1540
f 130 1540 213
f 214 215 1538
f 1538 215 1536
f 1536 215 216
f 1536 216 1534
f 1534 216 126
f 1534 126 1532
f 1532 126 217
f 1532 217 1530
f 1530 217 218
f 1530 218 1528
f 1528 218 220
f 1528 220 1526
f 1526 220 222
f 1526 222 1524
f 1524 222 224
f 1524 224 1522
f 1522 224 225
f 1522 225 663
f 663 225 227
f 595 85 596
f 596 85 83
f 596 83 1541
f 1541 83 117
f 117 969 1541
f 1541 969 1542
f 1541 1542 597
f 597 1542 598
f 597 596 1541
f 1542 1543 598
f 598 1543 599
f 599 1543 1544
f 1544 1543 1545
f 1544 1545 1546
f 1546 1545 964
f 1546 964 962
f 964 1545 966
f 966 1545 1547
f 966 1547 968
f 968 1547 969
f 969 1547 1542
f 1542 1547 1543
f 1547 1545 1543
f 599 1544 600
f 600 1544 1548
f 600 1548 601
f 601 1548 1549
f 601 1549 602
f 602 1549 1550
f 602 1550 603
f 603 1550 1551
f 603 1551 604
f 604 1551 1552
f 604 1552 605
f 605 1552 1553
f 605 1553 606
f 606 1553 1554
f 606 1554 607
f 607 1554 1555
f 607 1555 608
f 608 1555 1556
f 608 1556 609
f 609 1556 1557
f 609 1557 610
f 610 1557 1558
f 610 1558 611
f 611 1558 1176
f 611 1176 612
f 1544 1546 1548
f 1548 1546 1559
f 1548 1559 1549
f 1549 1559 1560
f 1549 1560 1550
f 1550 1560 1561
f 1550 1561 1551
f 1551 1561 1562
f 1551 1562 1552
f 1552 1562 1563
f 1552 1563 1553
f 1553 1563 1564
f 1553 1564 1554
f 1554 1564 1565
f 1554 1565 1555
f 1555 1565 1566
f 1555 1566 1556
f 1556 1566 1567
f 1556 1567 1557
f 1557 1567 1568
f 1557 1568 1558
f 1558 1568 1177
f 1558 1177 1176
f 1546 962 1559
f 1559 962 960
f 1559 960 1560
f 1560 960 958
f 1560 958 1561
f 1561 958 956
f 1561 956 1562
f 1562 956 954
f 1562 954 1563
f 1563 954 952
f 1563 952 1564
f 1564 952 950
f 1564 950 1565
f 1565 950 948
f 1565 948 1566
f 1566 948 946
f 1566 946 1567
f 1567 946 945
f 1567 945 1568
f 1568 945 943
f 1568 943 1177
f 213 1540 1569
f 1569 1540 1570
f 1569 1570 1571
f 1571 1570 1572
f 1571 1572 1573
f 1573 1572 1574
f 1573 1574 1575
f 1575 1574 1576
f 1575 1576 1577
f 1577 1576 1578
f 1577 1578 1579
f 1579 1578 1580
f 1579 1580 1581
f 1581 1580 1582
f 1581 1582 1583
f 1583 1582 1584
f 1583 1584 1585
f 1585 1584 1586
f 1585 1586 1587
f 1587 1586 1588
f 1587 1588 1589
f 1589 1588 1590
f 1589 1590 1591
f 1591 1590 1592
f 1591 1592 1593
f 1593 1592 1594
f 1593 1594 1595
f 1595 1594 1596
f 1595 1596 1597
f 1597 1596 1598
f 1597 1598 1599
f 1599 1598 1600
f 1599 1600 1601
f 1601 1600 1602
f 1601 1602 1603
f 1603 1602 1604
f 1603 1604 1605
f 1605 1604 1606
f 1605 1606 1607
f 1607 1606 1608
f 1607 1608 1609
f 1609 1608 550
f 1609 550 549
f 550 1608 552
f 552 1608 1610
f 552 1610 553
f 553 1610 1611
f 553 1611 554
f 554 1611 1612
f 554 1612 555
f 555 1612 1613
f 555 1613 556
f 556 1613 1614
f 556 1614 557
f 557 1614 1615
f 557 1615 558
f 558 1615 712
f 213 1569 212
f 212 1569 1616
f 1616 1569 1571
f 1616 1571 1573
f 212 1616 211
f 1616 1617 211
f 211 1617 209
f 209 1617 1618
f 209 1618 207
f 207 1618 1619
f 207 1619 205
f 1619 1620 205
f 205 1620 204
f 1620 1621 204
f 204 1621 202
f 202 1621 1622
f 1622 1621 1623
f 1622 1623 1624
f 1624 1623 1625
f 1624 1625 1626
f 1626 1625 1627
f 1626 1627 1628
f 1628 1627 1629
f 1628 1629 1630
f 1630 1629 1631
f 1630 1631 1632
f 1632 1631 1633
f 1632 1633 1634
f 1634 1633 1635
f 1634 1635 1636
f 1636 1635 1637
f 1636 1637 1638
f 1638 1637 1639
f 1638 1639 1640
f 1640 1639 1641
f 1640 1641 1642
f 1642 1641 1643
f 1642 1643 1644
f 1644 1643 1645
f 1644 1645 1646
f 1646 1645 1647
f 1646 1647 1648
f 1648 1647 1649
f 1648 1649 1650
f 1650 1649 1651
f 1650 1651 1652
f 1652 1651 539
f 1652 539 538
f 539 1651 540
f 540 1651 1653
f 540 1653 541
f 541 1653 1654
f 541 1654 542
f 542 1654 1655
f 542 1655 543
f 543 1655 1656
f 543 1656 544
f 544 1656 1657
f 544 1657 545
f 545 1657 1658
f 545 1658 546
f 546 1658 1659
f 546 1659 547
f 547 1659 1660
f 547 1660 548
f 548 1660 1661
f 548 1661 549
f 549 1661 1609
f 1609 1661 1607
f 1607 1661 1605
f 1651 1649 1653
f 1653 1649 1662
f 1653 1662 1654
f 1654 1662 1663
f 1654 1663 1655
f 1655 1663 1664
f 1655 1664 1656
f 1656 1664 1665
f 1656 1665 1657
f 1657 1665 1666
f 1657 1666 1658
f 1658 1666 1667
f 1658 1667 1659
f 1659 1667 1668
f 1659 1668 1660
f 1660 1668 1669
f 1660 1669 1661
f 1661 1669 1605
f 1605 1669 1603
f 1603 1669 1670
f 1603 1670 1601
f 1601 1670 1599
f 1669 1668 1670
f 1670 1668 1671
f 1670 1671 1599
f 1599 1671 1672
f 1599 1672 1597
f 1597 1672 1673
f 1597 1673 1595
f 1595 1673 1674
f 1595 1674 1675
f 1675 1674 1676
f 1675 1676 1677
f 1677 1676 1678
f 1677 1678 1679
f 1679 1678 1635
f 1679 1635 1633
f 1635 1678 1637
f 1637 1678 1680
f 1637 1680 1639
f 1639 1680 1681
f 1639 1681 1641
f 1641 1681 1682
f 1641 1682 1643
f 1643 1682 1683
f 1643 1683 1645
f 1645 1683 1684
f 1645 1684 1647
f 1647 1684 1662
f 1647 1662 1649
f 1662 1684 1663
f 1663 1684 1685
f 1663 1685 1664
f 1664 1685 1686
f 1664 1686 1665
f 1665 1686 1687
f 1665 1687 1666
f 1666 1687 1688
f 1666 1688 1667
f 1667 1688 1671
f 1667 1671 1668
f 1671 1688 1672
f 1672 1688 1689
f 1672 1689 1673
f 1673 1689 1690
f 1673 1690 1674
f 1674 1690 1691
f 1674 1691 1676
f 1676 1691 1680
f 1676 1680 1678
f 1680 1691 1681
f 1681 1691 1692
f 1681 1692 1682
f 1682 1692 1693
f 1682 1693 1683
f 1683 1693 1685
f 1683 1685 1684
f 1685 1693 1686
f 1686 1693 1694
f 1686 1694 1687
f 1687 1694 1689
f 1687 1689 1688
f 1689 1694 1690
f 1690 1694 1692
f 1690 1692 1691
f 1693 1692 1694
f 1595 1675 1593
f 1593 1675 1695
f 1593 1695 1591
f 1591 1695 1696
f 1591 1696 1589
f 1589 1696 1697
f 1589 1697 1587
f 1587 1697 1698
f 1587 1698 1585
f 1585 1698 1699
f 1585 1699 1583
f 1583 1699 1700
f 1583 1700 1581
f 1581 1700 1701
f 1581 1701 1579
f 1579 1701 1702
f 1579 1702 1577
f 1577 1702 1703
f 1577 1703 1575
f 1575 1703 1704
f 1575 1704 1573
f 1573 1704 1616
f 1616 1704 1617
f 1617 1704 1618
f 1704 1703 1618
f 1618 1703 1705
f 1618 1705 1619
f 1619 1705 1620
f 1703 1702 1705
f 1705 1702 1706
f 1705 1706 1620
f 1620 1706 1621
f 1702 1701 1706
f 1706 1701 1707
f 1706 1707 1621
f 1621 1707 1623
f 1701 1700 1707
f 1707 1700 1708
f 1707 1708 1623
f 1623 1708 1625
f 1700 1699 1708
f 1708 1699 1709
f 1708 1709 1625
f 1625 1709 1627
f 1699 1698 1709
f 1709 1698 1710
f 1709 1710 1627
f 1627 1710 1629
f 1698 1697 1710
f 1710 1697 1711
f 1710 1711 1629
f 1629 1711 1712
f 1629 1712 1631
f 1631 1712 1633
f 1633 1712 1679
f 1679 1712 1713
f 1679 1713 1714
f 1714 1713 1696
f 1714 1696 1695
f 1679 1714 1677
f 1677 1714 1695
f 1677 1695 1675
f 1712 1711 1713
f 1713 1711 1696
f 1696 1711 1697
f 202 1622 200
f 200 1622 1624
f 200 1624 198
f 198 1624 1715
f 1715 1624 1626
f 1715 1626 1716
f 1716 1626 1628
f 1716 1628 1717
f 1717 1628 1630
f 1717 1630 1632
f 198 1715 197
f 197 1715 1718
f 197 1718 195
f 195 1718 1719
f 195 1719 194
f 194 1719 1720
f 194 1720 1721
f 1721 1720 1722
f 1721 1722 1723
f 1723 1722 1716
f 1723 1716 1717
f 194 1721 192
f 1719 1718 1720
f 1720 1718 1722
f 1722 1718 1716
f 1716 1718 1715
f 1721 1724 192
f 192 1724 191
f 191 1724 1725
f 191 1725 189
f 189 1725 1726
f 1726 1725 1727
f 1726 1727 1728
f 1728 1727 1729
f 1728 1729 1730
f 1730 1729 1731
f 1730 1731 1732
f 1732 1731 1733
f 1732 1733 1734
f 1734 1733 1735
f 1734 1735 1736
f 1736 1735 1737
f 1736 1737 1738
f 1738 1737 1739
f 1738 1739 1740
f 1740 1739 1741
f 1740 1741 1742
f 1742 1741 1743
f 1742 1743 1744
f 1744 1743 1745
f 1744 1745 1746
f 1746 1745 536
f 1746 536 535
f 536 1745 537
f 537 1745 1747
f 537 1747 538
f 538 1747 1652
f 1745 1743 1747
f 1747 1743 1748
f 1747 1748 1652
f 1652 1748 1650
f 1743 1741 1748
f 1748 1741 1749
f 1748 1749 1650
f 1650 1749 1648
f 1741 1739 1749
f 1749 1739 1750
f 1749 1750 1648
f 1648 1750 1646
f 1739 1737 1750
f 1750 1737 1751
f 1750 1751 1646
f 1646 1751 1644
f 1737 1735 1751
f 1751 1735 1752
f 1751 1752 1644
f 1644 1752 1642
f 1735 1733 1752
f 1752 1733 1753
f 1752 1753 1642
f 1642 1753 1640
f 1733 1731 1753
f 1753 1731 1754
f 1753 1754 1640
f 1640 1754 1638
f 1731 1729 1754
f 1754 1729 1755
f 1754 1755 1638
f 1638 1755 1636
f 1729 1727 1755
f 1755 1727 1756
f 1755 1756 1636
f 1636 1756 1634
f 1727 1725 1756
f 1756 1725 1757
f 1756 1757 1634
f 1634 1757 1632
f 1725 1724 1757
f 1757 1724 1758
f 1757 1758 1632
f 1632 1758 1717
f 1717 1758 1723
f 1723 1758 1721
f 1758 1724 1721
f 189 1726 187
f 1726 1728 187
f 187 1728 185
f 185 1728 1759
f 185 1759 183
f 1728 1730 1759
f 1759 1730 1760
f 1759 1760 1761
f 1761 1760 1762
f 1761 1762 182
f 182 1762 180
f 180 1762 1763
f 180 1763 178
f 182 183 1761
f 1761 183 1759
f 1730 1732 1760
f 1760 1732 1764
f 1760 1764 1762
f 1762 1764 1765
f 1762 1765 1763
f 1763 1765 1766
f 1763 1766 178
f 178 1766 177
f 177 1766 1767
f 177 1767 175
f 1732 1734 1764
f 1764 1734 1768
f 1764 1768 1765
f 1765 1768 1769
f 1765 1769 1766
f 1766 1769 1767
f 1734 1736 1768
f 1768 1736 1770
f 1768 1770 1769
f 1769 1770 1771
f 1769 1771 1767
f 1767 1771 1772
f 1767 1772 175
f 175 1772 174
f 174 1772 1773
f 174 1773 245
f 1736 1738 1770
f 1770 1738 1774
f 1770 1774 1771
f 1771 1774 1775
f 1771 1775 1772
f 1772 1775 1773
f 1738 1740 1774
f 1774 1740 1776
f 1774 1776 1775
f 1775 1776 1777
f 1775 1777 1773
f 1773 1777 1778
f 1773 1778 245
f 245 1778 244
f 244 1778 1779
f 244 1779 242
f 1740 1742 1776
f 1776 1742 1780
f 1776 1780 1777
f 1777 1780 1781
f 1777 1781 1778
f 1778 1781 1779
f 1742 1744 1780
f 1780 1744 1782
f 1780 1782 1781
f 1781 1782 1783
f 1781 1783 1779
f 1779 1783 1784
f 1779 1784 242
f 242 1784 240
f 1744 1746 1782
f 1782 1746 1785
f 1782 1785 1783
f 1783 1785 1786
f 1783 1786 1784
f 1784 1786 1787
f 1784 1787 240
f 240 1787 238
f 238 1787 532
f 532 1787 533
f 533 1787 1786
f 533 1786 534
f 534 1786 1785
f 534 1785 535
f 535 1785 1746
f 1615 1788 712
f 712 1788 710
f 710 1788 1789
f 1789 1788 1790
f 1789 1790 1791
f 1791 1790 1792
f 1791 1792 1793
f 1793 1792 1794
f 1793 1794 1795
f 1795 1794 1796
f 1795 1796 1797
f 1797 1796 1798
f 1797 1798 1799
f 1799 1798 1800
f 1799 1800 1801
f 1801 1800 1802
f 1801 1802 1803
f 1803 1802 1804
f 1803 1804 1805
f 1805 1804 1806
f 1805 1806 1807
f 1807 1806 1808
f 1807 1808 1809
f 1809 1808 1810
f 1809 1810 1811
f 1811 1810 1578
f 1811 1578 1576
f 1578 1810 1580
f 1580 1810 1812
f 1580 1812 1582
f 1582 1812 1813
f 1582 1813 1584
f 1584 1813 1814
f 1584 1814 1586
f 1586 1814 1815
f 1586 1815 1588
f 1588 1815 1816
f 1588 1816 1590
f 1590 1816 1817
f 1590 1817 1592
f 1592 1817 1818
f 1592 1818 1594
f 1594 1818 1596
f 1596 1818 1598
f 1598 1818 1819
f 1598 1819 1600
f 1600 1819 1602
f 1810 1808 1812
f 1812 1808 1820
f 1812 1820 1813
f 1813 1820 1821
f 1813 1821 1814
f 1814 1821 1822
f 1814 1822 1815
f 1815 1822 1823
f 1815 1823 1816
f 1816 1823 1824
f 1816 1824 1817
f 1817 1824 1825
f 1817 1825 1818
f 1818 1825 1819
f 1808 1806 1820
f 1820 1806 1826
f 1820 1826 1821
f 1821 1826 1827
f 1821 1827 1822
f 1822 1827 1828
f 1822 1828 1823
f 1823 1828 1829
f 1823 1829 1824
f 1824 1829 1830
f 1824 1830 1825
f 1825 1830 1831
f 1825 1831 1819
f 1819 1831 1602
f 1806 1804 1826
f 1826 1804 1832
f 1826 1832 1827
f 1827 1832 1833
f 1827 1833 1828
f 1828 1833 1834
f 1828 1834 1829
f 1829 1834 1835
f 1829 1835 1830
f 1830 1835 1836
f 1830 1836 1831
f 1831 1836 1837
f 1831 1837 1602
f 1602 1837 1604
f 1804 1802 1832
f 1832 1802 1838
f 1832 1838 1833
f 1833 1838 1839
f 1833 1839 1834
f 1834 1839 1840
f 1834 1840 1835
f 1835 1840 1841
f 1835 1841 1836
f 1836 1841 1842
f 1836 1842 1837
f 1837 1842 1843
f 1837 1843 1604
f 1604 1843 1606
f 1802 1800 1838
f 1838 1800 1844
f 1838 1844 1839
f 1839 1844 1845
f 1839 1845 1840
f 1840 1845 1846
f 1840 1846 1841
f 1841 1846 1847
f 1841 1847 1842
f 1842 1847 1848
f 1842 1848 1843
f 1843 1848 1849
f 1843 1849 1606
f 1606 1849 1608
f 1608 1849 1610
f 1610 1849 1850
f 1610 1850 1611
f 1611 1850 1851
f 1611 1851 1612
f 1612 1851 1852
f 1612 1852 1613
f 1613 1852 1853
f 1613 1853 1614
f 1614 1853 1854
f 1614 1854 1615
f 1615 1854 1788
f 1788 1854 1790
f 1790 1854 1855
f 1790 1855 1792
f 1792 1855 1856
f 1792 1856 1794
f 1794 1856 1857
f 1794 1857 1796
f 1796 1857 1858
f 1796 1858 1798
f 1798 1858 1844
f 1798 1844 1800
f 1844 1858 1845
f 1845 1858 1859
f 1845 1859 1846
f 1846 1859 1860
f 1846 1860 1847
f 1847 1860 1861
f 1847 1861 1848
f 1848 1861 1850
f 1848 1850 1849
f 1850 1861 1851
f 1851 1861 1862
f 1851 1862 1852
f 1852 1862 1863
f 1852 1863 1853
f 1853 1863 1855
f 1853 1855 1854
f 1855 1863 1856
f 1856 1863 1864
f 1856 1864 1857
f 1857 1864 1859
f 1857 1859 1858
f 1859 1864 1860
f 1860 1864 1862
f 1860 1862 1861
f 1864 1863 1862
f 710 1789 708
f 708 1789 1865
f 708 1865 706
f 706 1865 1866
f 706 1866 704
f 704 1866 1867
f 704 1867 702
f 702 1867 1868
f 702 1868 700
f 700 1868 1869
f 700 1869 698
f 698 1869 1870
f 698 1870 696
f 696 1870 1871
f 696 1871 694
f 694 1871 1872
f 694 1872 692
f 692 1872 1873
f 692 1873 690
f 690 1873 1874
f 690 1874 688
f 688 1874 1875
f 688 1875 686
f 686 1875 1876
f 686 1876 684
f 684 1876 1877
f 684 1877 677
f 677 1877 675
f 675 1877 1521
f 1521 1877 1878
f 1521 1878 1523
f 1523 1878 1879
f 1523 1879 1525
f 1525 1879 1880
f 1525 1880 1527
f 1527 1880 1881
f 1527 1881 1529
f 1529 1881 1882
f 1529 1882 1531
f 1531 1882 1883
f 1531 1883 1533
f 1533 1883 1884
f 1533 1884 1535
f 1535 1884 1885
f 1535 1885 1537
f 1537 1885 1886
f 1537 1886 1887
f 1887 1886 1888
f 1887 1888 1570
f 1570 1888 1572
f 1570 1540 1887
f 1887 1540 1539
f 1887 1539 1537
f 1877 1876 1878
f 1878 1876 1889
f 1878 1889 1879
f 1879 1889 1890
f 1879 1890 1880
f 1880 1890 1891
f 1880 1891 1881
f 1881 1891 1892
f 1881 1892 1882
f 1882 1892 1893
f 1882 1893 1883
f 1883 1893 1894
f 1883 1894 1884
f 1884 1894 1895
f 1884 1895 1885
f 1885 1895 1896
f 1885 1896 1886
f 1886 1896 1897
f 1886 1897 1888
f 1888 1897 1898
f 1888 1898 1572
f 1572 1898 1899
f 1572 1899 1574
f 1574 1899 1576
f 1576 1899 1811
f 1811 1899 1900
f 1811 1900 1809
f 1809 1900 1901
f 1809 1901 1807
f 1807 1901 1902
f 1807 1902 1805
f 1805 1902 1903
f 1805 1903 1803
f 1803 1903 1904
f 1803 1904 1801
f 1801 1904 1905
f 1801 1905 1799
f 1799 1905 1906
f 1799 1906 1797
f 1797 1906 1907
f 1797 1907 1795
f 1795 1907 1908
f 1795 1908 1793
f 1793 1908 1909
f 1793 1909 1791
f 1791 1909 1865
f 1791 1865 1789
f 1865 1909 1866
f 1866 1909 1910
f 1866 1910 1867
f 1867 1910 1911
f 1867 1911 1868
f 1868 1911 1912
f 1868 1912 1869
f 1869 1912 1913
f 1869 1913 1870
f 1870 1913 1914
f 1870 1914 1871
f 1871 1914 1915
f 1871 1915 1872
f 1872 1915 1916
f 1872 1916 1873
f 1873 1916 1917
f 1873 1917 1874
f 1874 1917 1918
f 1874 1918 1875
f 1875 1918 1889
f 1875 1889 1876
f 1889 1918 1890
f 1890 1918 1919
f 1890 1919 1891
f 1891 1919 1920
f 1891 1920 1892
f 1892 1920 1921
f 1892 1921 1893
f 1893 1921 1922
f 1893 1922 1894
f 1894 1922 1923
f 1894 1923 1895
f 1895 1923 1924
f 1895 1924 1896
f 1896 1924 1925
f 1896 1925 1897
f 1897 1925 1926
f 1897 1926 1898
f 1898 1926 1900
f 1898 1900 1899
f 1900 1926 1901
f 1901 1926 1927
f 1901 1927 1902
f 1902 1927 1928
f 1902 1928 1903
f 1903 1928 1929
f 1903 1929 1904
f 1904 1929 1930
f 1904 1930 1905
f 1905 1930 1931
f 1905 1931 1906
f 1906 1931 1932
f 1906 1932 1907
f 1907 1932 1933
f 1907 1933 1908
f 1908 1933 1910
f 1908 1910 1909
f 1910 1933 1911
f 1911 1933 1934
f 1911 1934 1912
f 1912 1934 1935
f 1912 1935 1913
f 1913 1935 1936
f 1913 1936 1914
f 1914 1936 1937
f 1914 1937 1915
f 1915 1937 1938
f 1915 1938 1916
f 1916 1938 1939
f 1916 1939 1917
f 1917 1939 1919
f 1917 1919 1918
f 1919 1939 1920
f 1920 1939 1940
f 1920 1940 1921
f 1921 1940 1941
f 1921 1941 1922
f 1922 1941 1942
f 1922 1942 1923
f 1923 1942 1943
f 1923 1943 1924
f 1924 1943 1944
f 1924 1944 1925
f 1925 1944 1927
f 1925 1927 1926
f 1927 1944 1928
f 1928 1944 1945
f 1928 1945 1929
f 1929 1945 1946
f 1929 1946 1930
f 1930 1946 1947
f 1930 1947 1931
f 1931 1947 1948
f 1931 1948 1932
f 1932 1948 1934
f 1932 1934 1933
f 1934 1948 1935
f 1935 1948 1949
f 1935 1949 1936
f 1936 1949 1950
f 1936 1950 1937
f 1937 1950 1951
f 1937 1951 1938
f 1938 1951 1940
f 1938 1940 1939
f 1940 1951 1941
f 1941 1951 1952
f 1941 1952 1942
f 1942 1952 1953
f 1942 1953 1943
f 1943 1953 1945
f 1943 1945 1944
f 1945 1953 1946
f 1946 1953 1954
f 1946 1954 1947
f 1947 1954 1949
f 1947 1949 1948
f 1949 1954 1950
f 1950 1954 1952
f 1950 1952 1951
f 1954 1953 1952
f 1520 728 1955
f 1955 728 727
f 1955 727 726
f 726 1520 1955
f 1520 778 1956
f 1956 778 777
f 1956 777 775
f 1956 775 1520
f 1459 816 1957
f 1957 816 1958
f 1957 1958 813
f 813 1958 814
f 814 1958 816
f 813 1459 1957
f 1129 1145 1130
f 1145 1144 1959
f 1145 1959 1130
f 1130 1959 1131
f 1131 1959 1960
f 1960 1961 1962
f 1960 1962 1132
f 1132 1962 1133
f 1133 1962 1963
f 1963 1962 1964
f 1963 1964 1965
f 1134 1133 1965
f 1965 1133 1963
f 1132 1131 1960
f 1134 1965 1966
f 1966 1965 1967
f 1967 1968 108
f 108 1968 109
f 109 56 108
f 107 108 54
f 108 107 1967
f 1967 107 1966
f 1966 1135 1134
f 1965 1964 1967
f 1967 1964 1968
f 1968 1969 109
f 109 1969 1970
f 109 1970 58
f 58 1970 110
f 110 1970 1971
f 110 1971 61
f 61 1971 111
f 111 1971 1972
f 1972 1971 1973
f 1972 1973 1974
f 1974 1973 1975
f 1974 1975 1976
f 1976 1975 1977
f 1976 1977 1139
f 1139 1977 1140
f 1139 1138 1976
f 1976 1138 1978
f 1976 1978 1974
f 1974 1978 1979
f 1974 1979 1972
f 1972 1979 112
f 1972 112 64
f 64 111 1972
f 112 1979 113
f 113 1979 1980
f 113 1980 67
f 67 1980 114
f 114 1980 1136
f 1136 1980 1137
f 1979 1978 1980
f 1980 1978 1137
f 1137 1978 1138
f 1977 1981 1140
f 1140 1981 1141
f 1981 1982 1141
f 1141 1982 1142
f 1142 1982 1983
f 1983 1982 1984
f 1983 1984 1961
f 1961 1984 1964
f 1961 1964 1962
f 1142 1983 1143
f 1143 1983 1985
f 1143 1985 1144
f 1144 1985 1959
f 1959 1985 1960
f 1960 1985 1961
f 1961 1985 1983
f 1986 1984 1982
f 1986 1982 1981
f 1981 1987 1986
f 1984 1986 1988
f 1984 1988 1964
f 1964 1988 1968
f 1968 1988 1969
f 1969 1989 1970
f 1970 1989 1971
f 1971 1989 1973
f 1973 1989 1990
f 1973 1990 1975
f 1975 1990 1987
f 1975 1987 1977
f 1977 1987 1981
f 1987 1990 1986
f 1986 1990 1969
f 1986 1969 1988
f 1990 1989 1969
f 1135 1966 1991
f 1991 1966 107
f 1991 107 52
f 106 1135 52
f 52 1135 1991
f 815 776 1992
f 815 1992 779
f 779 1992 777
f 777 1992 776
f 576 575 727
f 727 575 574
f 575 443 1993
f 446 1993 444
f 444 1993 443
f 446 575 1993
f 1994 1995 1996
f 1996 1995 1997
f 1996 1997 1998
f 1998 1997 1999
f 1998 1999 2000
f 2000 1999 2001
f 2000 2001 2002
f 2002 2001 2003
f 2004 2005 1995
f 1995 2005 2006
f 1995 2006 1997
f 1997 2006 2007
f 1997 2007 2008
f 2008 2007 2009
f 2008 2009 2001
f 2001 2009 2010
f 2001 2010 2011
f 2011 2010 2012
f 2011 2012 2013
f 2013 2012 2014
f 2013 2014 2015
f 2015 2014 2016
f 2015 2016 2017
f 2017 2016 2018
f 2017 2018 2019
f 2019 2018 2020
f 2019 2020 2021
f 2021 2020 2022
f 2019 2023 2017
f 2017 2023 2024
f 2017 2024 2025
f 2017 2025 2015
f 2015 2025 2026
f 2015 2026 2027
f 2015 2027 2013
f 2013 2027 2028
f 2013 2028 2029
f 2013 2029 2011
f 2011 2029 2030
f 2011 2030 2003
f 2001 2011 2003
f 2001 1999 2008
f 2008 1999 1997
f 2031 2032 2005
f 2005 2032 2033
f 2005 2033 2006
f 2006 2033 2034
f 2006 2034 2007
f 2007 2034 2035
f 2007 2035 2036
f 2036 2035 2037
f 2036 2037 2038
f 2038 2037 2039
f 2038 2039 2040
f 2040 2039 2041
f 2040 2041 2042
f 2042 2041 2043
f 2042 2043 2044
f 2044 2043 2045
f 2044 2045 2046
f 2046 2045 2047
f 2046 2047 2048
f 2048 2047 2049
f 2048 2049 2050
f 2050 2049 2051
f 2050 2051 2052
f 2052 2051 2053
f 2052 2053 2054
f 2054 2053 2055
f 2054 2055 2056
f 2056 2055 2057
f 2056 2057 2058
f 2058 2057 2059
f 2058 2059 2060
f 2060 2059 2061
f 2060 2061 2062
f 2062 2061 2063
f 2062 2063 2064
f 2064 2063 2065
f 2064 2065 2066
f 2066 2065 2067
f 2066 2067 2068
f 2068 2067 2069
f 2068 2069 2070
f 2070 2069 2071
f 2071 2069 2072
f 2072 2069 2067
f 2068 2070 2066
f 2066 2070 2064
f 2064 2070 2062
f 2062 2070 2073
f 2062 2073 2074
f 2074 2073 2075
f 2074 2075 2076
f 2076 2075 2077
f 2076 2077 2078
f 2078 2077 2079
f 2078 2079 2080
f 2080 2079 2081
f 2080 2081 2082
f 2082 2081 2083
f 2082 2083 2084
f 2084 2083 2085
f 2084 2085 2086
f 2086 2087 2084
f 2084 2087 2088
f 2084 2088 2089
f 2089 2088 2090
f 2089 2090 2091
f 2091 2090 2092
f 2091 2092 2093
f 2093 2092 2094
f 2093 2094 2095
f 2095 2094 2096
f 2095 2096 2097
f 2097 2096 2098
f 2097 2098 2099
f 2099 2098 2100
f 2099 2100 2048
f 2048 2100 2046
f 2048 2050 2099
f 2099 2050 2101
f 2099 2101 2097
f 2097 2101 2102
f 2097 2102 2095
f 2095 2102 2103
f 2095 2103 2093
f 2093 2103 2104
f 2093 2104 2091
f 2091 2104 2105
f 2091 2105 2089
f 2089 2105 2082
f 2089 2082 2084
f 2082 2105 2080
f 2080 2105 2106
f 2080 2106 2078
f 2078 2106 2107
f 2078 2107 2076
f 2076 2107 2108
f 2076 2108 2074
f 2074 2108 2060
f 2074 2060 2062
f 2060 2108 2058
f 2058 2108 2109
f 2058 2109 2056
f 2056 2109 2110
f 2056 2110 2102
f 2102 2110 2103
f 2102 2101 2056
f 2056 2101 2054
f 2054 2101 2052
f 2052 2101 2050
f 2108 2107 2109
f 2109 2107 2111
f 2109 2111 2110
f 2110 2111 2103
f 2103 2111 2104
f 2104 2111 2106
f 2104 2106 2105
f 2106 2111 2107
f 2087 2112 2088
f 2088 2112 2113
f 2088 2113 2114
f 2085 2083 2115
f 2115 2083 2116
f 2083 2081 2117
f 2117 2081 2118
f 2117 2118 2119
f 2081 2079 2118
f 2118 2079 2120
f 2118 2120 2121
f 2121 2120 2122
f 2079 2077 2120
f 2120 2077 2123
f 2120 2123 2124
f 2077 2075 2123
f 2123 2075 2125
f 2123 2125 2126
f 2075 2073 2125
f 2125 2073 2127
f 2125 2127 2128
f 2073 2070 2127
f 2127 2070 2071
f 2067 2065 2129
f 2007 2036 2009
f 2009 2036 2010
f 2036 2038 2010
f 2010 2038 2012
f 2130 2131 2032
f 2032 2131 2132
f 2032 2132 2033
f 2033 2132 2133
f 2033 2133 2034
f 2034 2133 2134
f 2034 2134 2035
f 2035 2134 2135
f 2035 2135 2037
f 2037 2135 2039
f 2039 2135 2041
f 2041 2135 2043
f 2136 2137 2131
f 2131 2137 2138
f 2131 2138 2132
f 2132 2138 2139
f 2132 2139 2133
f 2133 2139 2140
f 2133 2140 2134
f 2134 2140 2141
f 2134 2141 2135
f 2135 2141 2043
f 2137 2142 2138
f 2138 2142 2143
f 2138 2143 2139
f 2139 2143 2144
f 2139 2144 2140
f 2140 2144 2145
f 2140 2145 2141
f 2141 2145 2146
f 2141 2146 2043
f 2043 2146 2045
f 2147 2148 2142
f 2142 2148 2149
f 2142 2149 2143
f 2143 2149 2150
f 2143 2150 2144
f 2144 2150 2151
f 2144 2151 2145
f 2145 2151 2152
f 2145 2152 2146
f 2146 2152 2153
f 2146 2153 2045
f 2045 2153 2047
f 2148 2154 2149
f 2149 2154 2155
f 2149 2155 2156
f 2156 2155 2157
f 2156 2157 2158
f 2158 2157 2159
f 2158 2159 2160
f 2160 2159 2161
f 2160 2161 2162
f 2162 2161 2163
f 2162 2163 2164
f 2164 2163 2165
f 2164 2165 2166
f 2166 2165 2167
f 2166 2167 2168
f 2168 2167 2169
f 2169 2167 2170
f 2170 2167 2171
f 2171 2167 2172
f 2172 2167 2165
f 2172 2165 2173
f 2173 2165 2174
f 2174 2165 2175
f 2175 2165 2163
f 2175 2163 2176
f 2176 2163 2177
f 2163 2161 2177
f 2177 2161 2178
f 2178 2161 2179
f 2179 2161 2159
f 2179 2159 2180
f 2180 2159 2181
f 2159 2157 2181
f 2181 2157 2182
f 2157 2155 2182
f 2182 2155 2183
f 2149 2156 2150
f 2150 2156 2184
f 2150 2184 2151
f 2151 2184 2185
f 2151 2185 2152
f 2152 2185 2186
f 2152 2186 2153
f 2153 2186 2187
f 2153 2187 2047
f 2047 2187 2049
f 2156 2158 2184
f 2184 2158 2188
f 2184 2188 2185
f 2185 2188 2189
f 2185 2189 2186
f 2186 2189 2190
f 2186 2190 2187
f 2187 2190 2191
f 2187 2191 2049
f 2049 2191 2051
f 2158 2160 2188
f 2188 2160 2192
f 2188 2192 2189
f 2189 2192 2193
f 2189 2193 2190
f 2190 2193 2194
f 2190 2194 2191
f 2191 2194 2195
f 2191 2195 2051
f 2051 2195 2196
f 2051 2196 2053
f 2053 2196 2197
f 2053 2197 2198
f 2198 2197 2199
f 2198 2199 2200
f 2200 2199 2201
f 2200 2201 2202
f 2202 2201 2203
f 2202 2203 2065
f 2065 2203 2129
f 2129 2203 2204
f 2204 2203 2205
f 2065 2063 2202
f 2202 2063 2061
f 2202 2061 2200
f 2200 2061 2059
f 2200 2059 2198
f 2198 2059 2057
f 2198 2057 2055
f 2055 2053 2198
f 2160 2162 2192
f 2192 2162 2206
f 2192 2206 2193
f 2193 2206 2207
f 2193 2207 2194
f 2194 2207 2208
f 2194 2208 2195
f 2195 2208 2196
f 2162 2164 2206
f 2206 2164 2209
f 2206 2209 2207
f 2207 2209 2210
f 2207 2210 2208
f 2208 2210 2211
f 2208 2211 2196
f 2196 2211 2197
f 2164 2166 2209
f 2209 2166 2212
f 2209 2212 2210
f 2210 2212 2213
f 2210 2213 2211
f 2211 2213 2214
f 2211 2214 2197
f 2197 2214 2199
f 2166 2168 2212
f 2212 2168 2215
f 2212 2215 2213
f 2213 2215 2216
f 2213 2216 2214
f 2214 2216 2217
f 2214 2217 2199
f 2199 2217 2201
f 2201 2217 2218
f 2218 2217 2219
f 2218 2219 2220
f 2220 2219 2221
f 2221 2219 2222
f 2222 2219 2223
f 2222 2223 2224
f 2224 2223 2225
f 2225 2223 2226
f 2226 2223 2227
f 2226 2227 2228
f 2228 2227 2229
f 2229 2227 2169
f 2169 2227 2168
f 2168 2227 2215
f 2215 2227 2223
f 2215 2223 2216
f 2216 2223 2219
f 2216 2219 2217
f 2220 2230 2218
f 2218 2230 2205
f 2218 2205 2203
f 2201 2218 2203
f 2012 2038 2231
f 2231 2038 2040
f 2231 2040 2232
f 2232 2040 2233
f 2232 2233 2234
f 2234 2233 2235
f 2234 2235 2236
f 2236 2235 2100
f 2236 2100 2098
f 2100 2235 2046
f 2046 2235 2044
f 2235 2233 2044
f 2044 2233 2042
f 2233 2040 2042
f 2012 2231 2014
f 2014 2231 2237
f 2014 2237 2016
f 2016 2237 2238
f 2016 2238 2018
f 2018 2238 2239
f 2018 2239 2020
f 2020 2239 2240
f 2020 2240 2022
f 2022 2240 2241
f 2231 2232 2237
f 2237 2232 2242
f 2237 2242 2238
f 2238 2242 2243
f 2238 2243 2239
f 2239 2243 2244
f 2239 2244 2240
f 2240 2244 2245
f 2240 2245 2246
f 2246 2245 2247
f 2246 2247 2248
f 2248 2247 2249
f 2249 2247 2250
f 2250 2247 2251
f 2250 2251 2252
f 2252 2251 2253
f 2252 2253 2254
f 2254 2253 2114
f 2114 2253 2088
f 2088 2253 2090
f 2248 2255 2246
f 2246 2255 2241
f 2241 2240 2246
f 2232 2234 2242
f 2242 2234 2256
f 2242 2256 2243
f 2243 2256 2257
f 2243 2257 2244
f 2244 2257 2258
f 2244 2258 2245
f 2245 2258 2259
f 2245 2259 2247
f 2247 2259 2251
f 2234 2236 2256
f 2256 2236 2260
f 2256 2260 2257
f 2257 2260 2261
f 2257 2261 2258
f 2258 2261 2262
f 2258 2262 2259
f 2259 2262 2263
f 2259 2263 2251
f 2251 2263 2253
f 2253 2263 2090
f 2090 2263 2092
f 2263 2262 2092
f 2092 2262 2094
f 2262 2261 2094
f 2094 2261 2096
f 2261 2260 2096
f 2096 2260 2098
f 2098 2260 2236
f 2000 2264 1998
f 1998 2264 1996
f 250 246 2000
f 2000 246 2265
f 246 367 2265
f 2265 367 1996
f 367 364 1996
f 1996 364 1995
f 364 363 1995
f 1995 363 2266
f 363 361 2266
f 2266 361 2005
f 361 360 2005
f 2005 360 2267
f 360 358 2267
f 2267 358 2032
f 358 357 2032
f 2032 357 2130
f 357 356 2130
f 2130 356 2131
f 356 354 2131
f 2131 354 2268
f 354 353 2268
f 2268 353 2142
f 353 351 2142
f 2142 351 2269
f 351 349 2269
f 2269 349 2270
f 349 347 2270
f 2270 347 2271
f 347 345 2271
f 2271 345 2182
f 345 343 2182
f 2182 343 2181
f 343 341 2181
f 2181 341 2180
f 341 340 2180
f 2180 340 2179
f 340 339 2179
f 2179 339 2272
f 339 337 2272
f 2272 337 2273
f 2273 337 2175
f 2175 337 336
f 2175 336 2174
f 2174 336 334
f 2174 334 2274
f 2274 334 333
f 2274 333 2172
f 2172 333 332
f 2172 332 2275
f 2275 332 331
f 2275 331 2169
f 2169 331 330
f 2169 330 329
f 2169 329 2276
f 2276 329 327
f 2276 327 2277
f 2277 327 326
f 2277 326 2226
f 2226 326 325
f 2226 325 2278
f 2278 325 324
f 2278 324 2222
f 2222 324 322
f 2222 322 2279
f 2279 322 320
f 2279 320 2221
f 2221 320 317
f 2221 317 2280
f 2280 317 2281
f 317 314 2281
f 2281 314 2282
f 314 312 2282
f 2282 312 2067
f 312 310 2067
f 2067 310 307
f 2067 307 2072
f 2072 307 305
f 2072 305 2071
f 2071 305 2283
f 305 302 2283
f 2283 302 2284
f 302 299 2284
f 2284 299 2285
f 299 297 2285
f 2285 297 2286
f 297 295 2286
f 2286 295 294
f 2286 294 2120
f 2120 294 292
f 2120 292 2287
f 2287 292 291
f 2287 291 2118
f 2118 291 2288
f 291 288 2288
f 2288 288 2289
f 288 287 2289
f 2289 287 2083
f 287 286 2083
f 2083 286 2115
f 286 284 2115
f 2115 284 2290
f 284 283 2290
f 2290 283 282
f 2290 282 2087
f 2087 282 281
f 2087 281 2112
f 2112 281 2291
f 281 279 2291
f 2291 279 2114
f 279 277 2114
f 2114 277 2254
f 277 276 2254
f 2254 276 2292
f 276 274 2292
f 2292 274 2293
f 274 273 2293
f 2293 273 2294
f 273 272 2294
f 2294 272 2295
f 272 269 2295
f 2295 269 2255
f 2255 269 2296
f 2296 269 268
f 2296 268 2022
f 2022 268 265
f 2022 265 2021
f 2021 265 264
f 2021 264 2019
f 2019 264 262
f 2019 262 2297
f 2297 262 261
f 2297 261 2025
f 2025 261 260
f 2025 260 2298
f 2298 260 258
f 2298 258 2027
f 2027 258 257
f 2027 257 2028
f 2028 257 255
f 2028 255 2029
f 2029 255 254
f 2029 254 2299
f 2299 254 252
f 2299 252 2003
f 2003 252 250
f 2003 250 2000
f 2085 2115 2290
f 2083 2117 2289
f 2289 2117 2119
f 2289 2119 2288
f 2288 2119 2118
f 2118 2121 2287
f 2287 2121 2122
f 2287 2122 2120
f 2286 2120 2124
f 2286 2124 2123
f 2286 2123 2285
f 2285 2123 2126
f 2285 2126 2125
f 2285 2125 2284
f 2284 2125 2128
f 2284 2128 2127
f 2284 2127 2283
f 2283 2127 2071
f 2282 2067 2129
f 2282 2129 2204
f 2282 2204 2281
f 2281 2204 2205
f 2281 2205 2230
f 2281 2230 2280
f 2280 2230 2220
f 2280 2220 2221
f 2279 2221 2222
f 2222 2224 2278
f 2278 2224 2225
f 2278 2225 2226
f 2226 2228 2277
f 2277 2228 2229
f 2277 2229 2276
f 2276 2229 2169
f 2169 2170 2275
f 2275 2170 2171
f 2275 2171 2172
f 2172 2173 2274
f 2274 2173 2174
f 2175 2176 2273
f 2273 2176 2177
f 2273 2177 2272
f 2272 2177 2178
f 2272 2178 2179
f 2182 2183 2271
f 2271 2183 2155
f 2271 2155 2154
f 2271 2154 2270
f 2270 2154 2148
f 2270 2148 2269
f 2269 2148 2147
f 2269 2147 2142
f 2142 2137 2268
f 2268 2137 2136
f 2268 2136 2131
f 2032 2031 2267
f 2267 2031 2005
f 2005 2004 2266
f 2266 2004 1995
f 1996 2264 2265
f 2265 2264 2000
f 2000 2002 2003
f 2003 2030 2299
f 2299 2030 2029
f 2027 2026 2298
f 2298 2026 2025
f 2025 2024 2297
f 2297 2024 2023
f 2297 2023 2019
f 2022 2241 2296
f 2296 2241 2255
f 2255 2248 2295
f 2295 2248 2294
f 2248 2249 2294
f 2294 2249 2293
f 2249 2250 2293
f 2293 2250 2292
f 2250 2252 2292
f 2292 2252 2254
f 2114 2113 2291
f 2291 2113 2112
f 2087 2086 2290
f 2290 2086 2085
f 135 137 2300
f 2300 137 2301
f 2301 137 2302
f 2302 137 138
f 2302 138 2303
f 139 140 2304
f 2304 140 2305
f 2305 140 2306
f 2306 140 142
f 2306 142 2307
f 2307 142 144
f 2307 144 2308
f 124 226 2309
f 2309 226 2310
f 226 223 2310
f 2310 223 2311
f 223 221 2311
f 2311 221 2312
f 221 219 2312
f 2312 219 2313
f 219 125 2313
f 2313 125 2314
f 125 127 2314
f 2314 127 2315
f 127 128 2315
f 2315 128 2316
f 128 129 2316
f 2316 129 2317
f 129 131 2317
f 2317 131 2318
f 131 132 2318
f 2318 132 2319
f 132 210 2319
f 2319 210 2320
f 210 208 2320
f 2320 208 2321
f 208 206 2321
f 2321 206 2322
f 206 203 2322
f 2322 203 2323
f 203 201 2323
f 2323 201 2324
f 201 199 2324
f 2324 199 2325
f 2325 199 2326
f 2326 199 196
f 2326 196 133
f 133 2327 2326
f 135 2300 133
f 133 2300 2328
f 2328 2329 133
f 133 2329 2327
f 122 121 2330
f 2330 121 2331
f 2331 121 2332
f 2332 121 119
f 2332 119 2333
f 118 171 2334
f 2334 171 2335
f 2335 171 2336
f 2336 171 169
f 2336 169 2337
f 2337 169 167
f 2337 167 2338
f 122 2330 124
f 124 2330 2339
f 2339 2340 124
f 124 2340 2309
f 144 146 2308
f 2308 146 2341
f 2341 146 2342
f 2342 146 2343
f 2343 146 2344
f 2344 146 148
f 2344 148 2345
f 2345 148 150
f 2345 150 2346
f 2346 150 152
f 2346 152 2347
f 2347 152 2348
f 2346 2349 2345
f 2343 2350 2342
f 2342 2350 2308
f 2308 2350 2351
f 2351 2350 2352
f 2351 2352 2353
f 2353 2352 2354
f 2353 2354 2355
f 2355 2354 2356
f 2355 2356 2305
f 2357 2358 2359
f 2359 2358 2360
f 2358 2329 2360
f 2360 2329 2328
f 2358 2357 2329
f 2329 2357 2327
f 2327 2357 2361
f 2327 2361 2326
f 2361 2356 2326
f 2326 2356 2354
f 2326 2354 2325
f 2325 2354 2352
f 2325 2352 2324
f 2324 2352 2350
f 2324 2350 2323
f 2323 2350 2343
f 2323 2343 2322
f 2322 2343 2344
f 2322 2344 2345
f 2322 2345 2321
f 2321 2345 2349
f 2321 2349 2320
f 2320 2349 2362
f 2320 2362 2319
f 2319 2362 2363
f 2319 2363 2318
f 2318 2363 2364
f 2318 2364 2317
f 2317 2364 2365
f 2317 2365 2316
f 2316 2365 2366
f 2316 2366 2315
f 2315 2366 2367
f 2315 2367 2314
f 2314 2367 2368
f 2314 2368 2313
f 2313 2368 2369
f 2313 2369 2312
f 2312 2369 2370
f 2312 2370 2311
f 2311 2370 2371
f 2311 2371 2310
f 2310 2371 2309
f 2372 123 124
f 2372 124 2309
f 2309 2373 2372
f 2372 2373 2330
f 2330 2373 2339
f 2374 2375 2335
f 2335 2375 2334
f 2372 2376 123
f 123 2376 2377
f 123 2377 120
f 120 2377 2378
f 120 2378 2379
f 2379 2380 120
f 120 2380 170
f 2380 2381 170
f 170 2381 2382
f 170 2382 168
f 168 2382 2383
f 168 2383 166
f 166 2383 2384
f 166 2384 2385
f 166 2385 164
f 164 2385 2386
f 164 2386 2387
f 164 2387 162
f 162 2387 2388
f 162 2388 2389
f 162 2389 160
f 160 2389 2390
f 160 2390 2391
f 160 2391 158
f 158 2391 2392
f 158 2392 2393
f 158 2393 156
f 156 2393 2394
f 156 2394 2395
f 156 2395 154
f 154 2395 2396
f 154 2396 2348
f 152 154 2348
f 2378 2377 2397
f 2397 2377 2376
f 2397 2376 2398
f 2398 2376 2372
f 2398 2372 2399
f 2399 2372 2400
f 2399 2400 2401
f 2401 2400 2402
f 2401 2402 2403
f 2403 2402 2404
f 2403 2404 2405
f 2405 2404 2406
f 2405 2406 2407
f 2407 2406 2374
f 2406 2375 2374
f 2372 2330 2400
f 2400 2330 2402
f 2330 2331 2402
f 2346 2348 2349
f 2349 2348 2362
f 2348 2396 2362
f 2362 2396 2395
f 2362 2395 2363
f 2363 2395 2394
f 2363 2394 2393
f 2363 2393 2364
f 2364 2393 2392
f 2364 2392 2391
f 2364 2391 2365
f 2365 2391 2390
f 2365 2390 2389
f 2365 2389 2366
f 2366 2389 2388
f 2366 2388 2387
f 2366 2387 2367
f 2367 2387 2386
f 2367 2386 2385
f 2367 2385 2368
f 2368 2385 2384
f 2368 2384 2383
f 2368 2383 2369
f 2369 2383 2408
f 2369 2408 2409
f 2369 2409 2370
f 2370 2409 2410
f 2370 2410 2411
f 2370 2411 2371
f 2371 2411 2412
f 2371 2412 2413
f 2309 2371 2373
f 2373 2371 2413
f 2335 2414 2374
f 2374 2414 2407
f 2407 2414 2415
f 2415 2333 2407
f 2407 2333 2416
f 2407 2416 2417
f 2407 2417 2405
f 2405 2417 2418
f 2405 2418 2419
f 2405 2419 2403
f 2403 2419 2339
f 2403 2339 2401
f 2401 2339 2373
f 2401 2373 2399
f 2399 2373 2398
f 2398 2373 2397
f 2397 2373 2413
f 2397 2413 2378
f 2378 2413 2412
f 2378 2412 2379
f 2379 2412 2411
f 2379 2411 2380
f 2380 2411 2410
f 2380 2410 2381
f 2381 2410 2409
f 2381 2409 2382
f 2382 2409 2408
f 2382 2408 2383
f 2348 2346 2347
f 2339 2419 2420
f 2339 2420 2421
f 2421 2420 2422
f 2421 2422 2333
f 2333 2422 2415
f 2333 2415 2416
f 2421 2333 2423
f 2424 2335 2336
f 2424 2336 2425
f 2425 2336 2337
f 2425 2337 2426
f 2426 2337 2338
f 2338 2427 2428
f 2334 2375 2406
f 2334 2406 2429
f 2429 2406 2430
f 2430 2406 2431
f 2430 2431 2332
f 2332 2430 2432
f 2332 2432 2433
f 2332 2433 2331
f 2331 2433 2434
f 2331 2434 2402
f 2402 2434 2404
f 2404 2434 2435
f 2404 2435 2436
f 2404 2436 2406
f 2406 2436 2431
f 2335 2334 2429
f 2335 2429 2414
f 2414 2429 2430
f 2414 2430 2415
f 2415 2430 2332
f 2415 2332 2333
f 2303 138 2359
f 2359 138 2357
f 2357 138 2361
f 2361 138 2356
f 138 139 2356
f 2356 139 2305
f 2305 139 2304
f 2342 2308 2341
f 2308 2351 2307
f 2351 2353 2307
f 2307 2353 2306
f 2353 2355 2306
f 2306 2355 2305
f 2305 2437 2438
f 2438 2437 2439
f 2439 2437 2440
f 2439 2440 2359
f 2359 2303 2439
f 2439 2303 2441
f 2439 2441 2442
f 2439 2442 2443
f 2443 2442 2444
f 2443 2444 2445
f 2443 2445 2446
f 2446 2445 2328
f 2446 2328 2447
f 2447 2328 2448
f 2447 2448 2449
f 2449 2448 2450
f 2450 2448 2451
f 2451 2448 2452
f 2451 2452 2453
f 2453 2452 2454
f 2453 2454 2455
f 2455 2454 2456
f 2455 2456 2457
f 2457 2456 2458
f 2457 2458 2459
f 2459 2458 2460
f 2459 2460 2461
f 2461 2460 2462
f 2461 2462 2463
f 2464 2465 2466
f 2328 2445 2467
f 2328 2467 2360
f 2360 2467 2468
f 2360 2468 2303
f 2303 2468 2440
f 2303 2440 2441
f 2360 2303 2359
f 2438 2469 2305
f 2305 2469 2304
f 2470 2471 134
f 134 2471 2472
f 134 2472 136
f 136 2472 2453
f 136 2453 2455
f 2455 2457 136
f 136 2457 141
f 2457 2459 141
f 141 2459 2461
f 141 2461 143
f 143 2461 2463
f 143 2463 145
f 145 2463 2473
f 145 2473 2474
f 145 2474 147
f 147 2474 2475
f 147 2475 2476
f 147 2476 149
f 149 2476 2477
f 149 2477 2478
f 149 2478 151
f 151 2478 2479
f 151 2479 2480
f 151 2480 153
f 153 2480 2481
f 153 2481 2482
f 153 2482 155
f 155 2482 2483
f 155 2483 2484
f 155 2484 157
f 157 2484 2485
f 157 2485 2464
f 159 157 2464
f 2453 2472 2451
f 2451 2472 2471
f 2451 2471 2450
f 2450 2471 2470
f 2450 2470 2449
f 2449 2470 2486
f 2449 2486 2447
f 2447 2486 2487
f 2447 2487 2446
f 2446 2487 2488
f 2446 2488 2443
f 2443 2488 2489
f 2443 2489 2439
f 2439 2489 2438
f 2489 2469 2438
f 167 165 2338
f 2338 165 2427
f 2427 165 2428
f 2428 165 2490
f 2490 165 2491
f 2491 165 163
f 2491 163 2492
f 2492 163 161
f 2492 161 2465
f 2465 161 159
f 2465 159 2466
f 2466 159 2464
f 2465 2493 2492
f 2303 2359 2302
f 2302 2359 2494
f 2359 2440 2494
f 2440 2437 2494
f 2494 2437 2495
f 2437 2305 2495
f 2495 2305 2304
f 2309 2340 2496
f 2309 2496 2497
f 2497 2498 2309
f 2309 2498 2499
f 2498 2500 2499
f 2499 2500 2501
f 2499 2501 2502
f 2502 2501 2503
f 2502 2503 2504
f 2504 2503 2505
f 2504 2505 2506
f 2506 2505 2490
f 2506 2490 2507
f 2507 2490 2491
f 2507 2491 2508
f 2508 2491 2492
f 2508 2492 2493
f 2508 2493 2509
f 2509 2493 2510
f 2509 2510 2511
f 2512 2509 2511
f 2333 119 2423
f 2423 119 2497
f 2497 119 2498
f 119 118 2498
f 2498 118 2335
f 2498 2335 2500
f 2335 118 2334
f 2490 2505 2428
f 2428 2505 2338
f 2338 2505 2426
f 2426 2505 2503
f 2426 2503 2425
f 2425 2503 2501
f 2425 2501 2424
f 2424 2501 2500
f 2424 2500 2335
f 2339 2421 2340
f 2340 2421 2496
f 2421 2423 2496
f 2496 2423 2497
f 2470 134 133
f 2470 133 2327
f 2328 2300 2448
f 2448 2300 2470
f 2448 2470 2513
f 2470 2327 2513
f 2513 2327 2448
f 133 193 2327
f 2327 193 2514
f 2514 193 2515
f 2515 193 190
f 2515 190 2516
f 2516 190 188
f 2516 188 2517
f 2517 188 186
f 2517 186 2518
f 2518 186 184
f 2518 184 2519
f 2519 184 181
f 2519 181 2520
f 2520 181 179
f 2520 179 2521
f 2521 2522 2520
f 179 176 2521
f 2521 176 2523
f 2523 176 2524
f 2524 176 2525
f 176 173 2525
f 2525 173 2526
f 173 172 2526
f 2526 172 2527
f 172 243 2527
f 2527 243 2528
f 2528 243 2529
f 2529 243 2512
f 2512 243 2509
f 243 241 2509
f 2509 241 2508
f 241 239 2508
f 2508 239 2507
f 239 236 2507
f 2507 236 2506
f 236 234 2506
f 2506 234 2504
f 234 232 2504
f 2504 232 2502
f 232 229 2502
f 2502 229 2499
f 229 124 2499
f 2499 124 2309
f 2470 2300 2486
f 2486 2300 2487
f 2300 2301 2487
f 2465 2464 2493
f 2493 2464 2510
f 2464 2485 2510
f 2510 2485 2530
f 2510 2530 2511
f 2530 2485 2484
f 2530 2484 2531
f 2531 2484 2532
f 2532 2484 2483
f 2532 2483 2482
f 2532 2482 2533
f 2533 2482 2481
f 2533 2481 2534
f 2534 2481 2480
f 2534 2480 2535
f 2535 2480 2536
f 2480 2479 2536
f 2536 2479 2537
f 2479 2478 2537
f 2537 2478 2477
f 2537 2477 2538
f 2538 2477 2476
f 2538 2476 2475
f 2538 2475 2539
f 2539 2475 2474
f 2539 2474 2473
f 2539 2473 2540
f 2540 2473 2463
f 2540 2463 2462
f 2540 2462 2541
f 2541 2462 2460
f 2541 2460 2458
f 2541 2458 2542
f 2542 2458 2456
f 2542 2456 2454
f 2542 2454 2543
f 2543 2454 2452
f 2543 2452 2448
f 2448 2327 2543
f 2544 2545 2531
f 2546 2547 2544
f 2531 2532 2544
f 2544 2532 2546
f 2546 2532 2548
f 2548 2532 2549
f 2548 2550 2546
f 2546 2550 2547
f 2544 2547 2545
f 2545 2547 2550
f 2550 2551 2545
f 2545 2551 2552
f 2545 2552 2553
f 2549 2551 2548
f 2548 2551 2550
f 2554 2552 2549
f 2549 2552 2551
f 2549 2532 2554
f 2554 2553 2552
f 2532 2555 2556
f 2556 2555 2553
f 2532 2557 2555
f 2512 2511 2529
f 2529 2511 2530
f 2529 2530 2558
f 2558 2530 2531
f 2553 2554 2556
f 2545 2553 2559
f 2531 2545 2558
f 2545 2559 2558
f 2553 2555 2557
f 2532 2560 2557
f 2557 2561 2553
f 2553 2561 2562
f 2563 2561 2560
f 2553 2562 2564
f 2553 2564 2559
f 2559 2564 2527
f 2527 2564 2526
f 2526 2564 2565
f 2526 2565 2525
f 2525 2565 2566
f 2525 2566 2524
f 2562 2567 2564
f 2564 2567 2565
f 2565 2567 2568
f 2565 2568 2569
f 2534 2569 2570
f 2569 2568 2571
f 2570 2571 2572
f 2565 2569 2566
f 2566 2569 2573
f 2573 2535 2522
f 2522 2535 2536
f 2573 2522 2521
f 2535 2573 2534
f 2534 2573 2569
f 2574 2562 2563
f 2560 2561 2557
f 2563 2562 2561
f 2556 2554 2532
f 2532 2533 2560
f 2560 2533 2563
f 2563 2533 2574
f 2574 2533 2575
f 2574 2567 2562
f 2576 2577 2575
f 2575 2577 2578
f 2574 2575 2567
f 2575 2578 2567
f 2567 2578 2577
f 2577 2576 2533
f 2577 2579 2567
f 2567 2579 2580
f 2567 2580 2568
f 2568 2581 2582
f 2568 2582 2571
f 2572 2571 2583
f 2582 2581 2583
f 2583 2581 2584
f 2581 2568 2584
f 2584 2568 2585
f 2585 2568 2580
f 2585 2580 2586
f 2533 2579 2577
f 2575 2533 2576
f 2533 2580 2579
f 2585 2586 2533
f 2533 2534 2585
f 2585 2534 2584
f 2584 2534 2583
f 2583 2534 2572
f 2570 2587 2571
f 2572 2534 2570
f 2327 2514 2543
f 2514 2515 2543
f 2543 2515 2542
f 2515 2516 2542
f 2542 2516 2541
f 2516 2517 2541
f 2541 2517 2540
f 2517 2518 2540
f 2540 2518 2539
f 2518 2519 2539
f 2539 2519 2538
f 2538 2519 2537
f 2537 2519 2520
f 2537 2520 2536
f 2536 2520 2522
f 2527 2528 2559
f 2559 2528 2558
f 2558 2528 2529
f 2521 2523 2566
f 2521 2566 2573
f 2566 2523 2524
f 2586 2580 2533
f 2583 2571 2582
f 2570 2569 2587
f 2587 2569 2571
f 2304 2469 2489
f 2304 2489 2495
f 2495 2489 2494
f 2494 2489 2588
f 2494 2588 2302
f 2302 2588 2589
f 2302 2589 2590
f 2302 2590 2301
f 2301 2590 2591
f 2301 2591 2487
f 2487 2591 2488
f 2488 2591 2592
f 2488 2592 2593
f 2488 2593 2489
f 2489 2593 2588
f 2422 2420 2432
f 2432 2420 2433
f 2420 2419 2433
f 2433 2419 2434
f 2419 2418 2434
f 2434 2418 2435
f 2418 2417 2435
f 2435 2417 2436
f 2417 2416 2436
f 2436 2416 2431
f 2416 2415 2431
f 2431 2415 2430
f 2415 2422 2430
f 2430 2422 2432
f 2441 2440 2588
f 2440 2468 2588
f 2588 2468 2589
f 2468 2467 2589
f 2589 2467 2590
f 2467 2445 2590
f 2590 2445 2591
f 2445 2444 2591
f 2591 2444 2592
f 2444 2442 2592
f 2592 2442 2593
f 2442 2441 2593
f 2593 2441 2588

