# https://github.com/mikedh/trimesh

o left_arm7.stl
v 0.03413784 0.11456400 -0.00773334
v 0.03446781 0.11235500 -0.00650280
v 0.03347826 0.11456600 -0.01019501
v -0.03413790 0.11455200 0.00791586
v -0.03446799 0.11234500 0.00668174
v -0.03347843 0.11454991 0.01037740
v -0.03344998 0.11665000 0.00008978
v -0.03094047 0.11663995 0.01280409
v -0.03292599 0.11258811 0.00016277
v -0.01279991 0.09826707 0.00107628
v -0.01280003 0.09999835 0.00207836
v -0.01279973 0.09826868 -0.00092232
v 0.00100040 0.10174200 -0.01271867
v 0.00200105 0.10001000 -0.01271998
v -0.00099821 0.10174200 -0.01271909
v -0.00100058 0.10172200 0.01288086
v -0.00200117 0.09998977 0.01287937
v 0.00099817 0.10172200 0.01288104
v 0.01279985 0.09826868 -0.00091994
v 0.01279997 0.10000200 -0.00191903
v 0.01279968 0.09826707 0.00107879
v -0.01222646 0.10350800 -0.00981259
v -0.01541388 0.10350900 -0.01066684
v -0.00989270 0.10351000 -0.01214575
v -0.01980620 0.10348600 0.01755166
v -0.01905784 0.10373899 0.01397541
v -0.01747286 0.10348400 0.01988536
v 0.00989503 0.10351000 -0.01214390
v 0.01074934 0.10351200 -0.01533132
v 0.01222825 0.10350800 -0.00981027
v 0.01746910 0.10348400 0.01988852
v 0.01389271 0.10373500 0.01914030
v 0.01980280 0.10348600 0.01755517
v 0.00300193 0.10401700 -0.02171689
v -0.00299787 0.10401700 -0.02171730
v 0.00300163 0.10401400 -0.01794469
v -0.00300193 0.10398300 0.02188247
v 0.00299787 0.10398300 0.02188307
v -0.00300163 0.10398600 0.01811027
v 0.00667554 -0.00586069 -0.07852286
v 0.00667560 -0.00316113 -0.07955229
v 0.00667542 -0.00851291 -0.07743048
v -0.02780270 0.10350195 -0.00194990
v -0.02656564 0.10350300 -0.00318685
v -0.02680712 0.10300300 -0.00325179
v -0.00326434 0.10352100 -0.02648374
v -0.00202712 0.10352200 -0.02772068
v -0.00226861 0.10302200 -0.02778559
v 0.00414342 0.10302100 -0.02660441
v 0.00541264 0.10352200 -0.02772006
v 0.00517112 0.10302200 -0.02778506
v 0.02870944 0.10350195 -0.00194457
v 0.02994653 0.10350300 -0.00318148
v 0.02970486 0.10300300 -0.00324648
v -0.01566262 0.10992500 -0.02782426
v -0.01612228 0.10787200 -0.02784448
v -0.01459527 0.10787200 -0.02782881
v -0.01500670 0.10967275 -0.02798984
v -0.01459527 0.10891500 -0.02782768
v 0.03186930 0.11000267 0.00044788
v 0.03147244 0.10784900 0.00140327
v 0.03181894 0.10964976 0.00112956
v 0.03147244 0.10889200 0.00140405
v 0.03159357 0.10798614 0.00008382
v 0.03186233 0.10973185 -0.00080987
v 0.03147268 0.10889400 -0.00122475
v 0.03147268 0.10785100 -0.00122553
v -0.01634198 0.10988100 0.02760702
v -0.01687717 0.10782900 0.02668309
v -0.01681213 0.10962923 0.02712200
v -0.01687717 0.10887190 0.02668368
v -0.01612734 0.10782800 0.02801316
v -0.01512514 0.11000568 0.02783188
v -0.01480980 0.10856225 0.02788753
v -0.01460039 0.10782800 0.02799779
v -0.01676684 0.10969117 -0.02705464
v -0.01687198 0.10891400 -0.02651345
v -0.01687198 0.10787090 -0.02651447
v -0.02606254 0.10912600 0.01821479
v -0.02475139 0.11004350 0.01996848
v -0.03016251 0.10980300 0.01075959
v -0.02838176 0.11029600 0.01375240
v -0.03071087 0.11030100 0.00709427
v -0.03174737 0.11005950 0.00008469
v -0.03016030 0.10982000 -0.01059049
v -0.03070950 0.11031290 -0.00692433
v -0.02850105 0.11005290 -0.01332290
v -0.01964217 0.11028700 0.02471363
v -0.01339469 0.10999034 0.02859614
v -0.00923812 0.10978800 0.03071939
v -0.00283748 0.10957500 0.03195592
v 0.00368071 0.10978700 0.03186971
v 0.01004630 0.10957600 0.03046387
v 0.00700647 0.11028300 0.03079867
v 0.01366460 0.11028400 0.02846956
v -0.00000346 0.11055350 0.03158787
v -0.00701225 0.11028300 0.03079736
v -0.00251001 0.10886800 0.03148657
v 0.00998092 0.10886900 0.02996355
v 0.02114587 0.10934534 0.02387750
v 0.01599460 0.10979000 0.02779728
v 0.01963752 0.11028700 0.02471727
v 0.02462565 0.11029100 0.01972997
v 0.02568030 0.10979700 0.01917093
v 0.02869725 0.11004850 0.01366371
v -0.02474760 0.11007544 -0.01979785
v -0.02605909 0.10915500 -0.01804581
v -0.03109732 0.10914550 -0.00630414
v -0.03109857 0.10913550 0.00647220
v -0.01963752 0.11032700 -0.02454167
v -0.01366460 0.11033000 -0.02829378
v -0.00923234 0.10983600 -0.03054624
v -0.00700647 0.11033090 -0.03062278
v -0.00283158 0.10962500 -0.03178202
v 0.00000341 0.11060350 -0.03141185
v 0.00368655 0.10983700 -0.03169429
v 0.00701219 0.11033090 -0.03062152
v 0.01005184 0.10962400 -0.03028744
v 0.01339476 0.11003634 -0.02842077
v 0.01546052 0.10964821 -0.02741396
v 0.01964217 0.11032700 -0.02453798
v 0.02128374 0.10961900 -0.02380129
v 0.02462947 0.11032300 -0.01954960
v 0.02568382 0.10982700 -0.01899147
v 0.02869981 0.11007050 -0.01348301
v 0.03092894 0.11006545 -0.00707337
v 0.03092762 0.11005350 0.00725436
v 0.02848441 0.10898300 0.01358789
v -0.00250411 0.10891800 -0.03131340
v 0.00998652 0.10891690 -0.02978831
v 0.02088356 0.10891200 -0.02349543
v 0.03314828 0.11235900 -0.01142925
v 0.03413784 0.11014800 -0.00773692
v 0.03347826 0.11014999 -0.01019865
v -0.03314828 0.11234100 0.01160812
v -0.03413790 0.11013600 0.00791234
v -0.03347843 0.11013400 0.01037395
v 0.02547835 0.11607280 -0.02911551
v 0.01857876 0.11587600 -0.03207850
v 0.02511954 0.11687300 -0.02842015
v 0.01807868 0.11687500 -0.03121197
v 0.01256245 0.11607895 -0.03657423
v 0.01213985 0.11687900 -0.03591549
v 0.01256233 0.10867921 -0.03658004
v 0.01857876 0.10887600 -0.03208398
v 0.01213985 0.10787900 -0.03592252
v 0.01807868 0.10787500 -0.03121900
v 0.02547840 0.10867301 -0.02912158
v 0.02511954 0.10787300 -0.02842736
v 0.02921267 0.10867020 -0.02538641
v 0.03217518 0.10886500 -0.01848465
v 0.02851784 0.10787000 -0.02502828
v 0.03130894 0.10786400 -0.01798564
v 0.03666894 0.10866001 -0.01246908
v 0.03601074 0.10786000 -0.01204741
v 0.03666887 0.11605980 -0.01246310
v 0.03217518 0.11586500 -0.01847898
v 0.03601074 0.11685999 -0.01204007
v 0.03130894 0.11686400 -0.01797837
v 0.02921282 0.11606995 -0.02538057
v 0.02851784 0.11686999 -0.02502125
v 0.03803402 0.11604381 0.00755332
v 0.03715014 0.11584999 0.00009655
v 0.03725296 0.11684390 0.00759053
v 0.03614997 0.11685000 0.00009714
v 0.03803555 0.11605600 -0.00736137
v 0.03725433 0.11685600 -0.00739753
v 0.03803546 0.10865618 -0.00736731
v 0.03715014 0.10884999 0.00009097
v 0.03725433 0.10785600 -0.00740468
v 0.03614997 0.10785000 0.00008998
v 0.03803414 0.10864400 0.00754738
v 0.03725296 0.10784400 0.00758344
v 0.02920784 0.11602961 0.02557080
v 0.03217077 0.11583500 0.01867109
v 0.02851325 0.11683000 0.02521264
v 0.03130477 0.11683600 0.01817154
v 0.03666665 0.11603999 0.01265489
v 0.03600835 0.11684000 0.01223295
v 0.03666653 0.10864021 0.01264884
v 0.03217077 0.10883500 0.01866549
v 0.03600835 0.10783999 0.01222574
v 0.03130477 0.10783600 0.01816457
v 0.02920799 0.10862979 0.02556492
v 0.02851325 0.10783000 0.02520549
v 0.01255545 0.11602080 0.03676135
v 0.01857119 0.11582400 0.03226746
v 0.01213330 0.11682100 0.03610384
v 0.01807147 0.11682500 0.03140206
v 0.02547294 0.11602680 0.02930520
v 0.02511417 0.11682700 0.02861094
v 0.02547291 0.10862701 0.02929919
v 0.01857119 0.10882400 0.03226172
v 0.02511417 0.10782700 0.02860379
v 0.01807147 0.10782500 0.03139472
v 0.01255557 0.10862100 0.03675556
v 0.01213330 0.10782100 0.03609669
v -0.00746098 0.11601980 0.03812645
v -0.00000433 0.11582000 0.03724235
v -0.00749755 0.11682000 0.03734576
v -0.00000413 0.11682100 0.03624314
v 0.00745378 0.11601999 0.03812787
v 0.00749057 0.11682000 0.03734719
v 0.00745381 0.10862018 0.03812195
v -0.00000433 0.10882000 0.03723675
v 0.00749057 0.10782000 0.03734028
v -0.00000413 0.10782100 0.03623587
v -0.00746095 0.10861997 0.03812071
v -0.00749755 0.10782000 0.03733885
v -0.02547838 0.11602660 0.02930034
v -0.01857876 0.11582400 0.03226304
v -0.02511972 0.11682700 0.02860623
v -0.01807868 0.11682500 0.03139787
v -0.01256244 0.11602099 0.03675905
v -0.01213985 0.11682100 0.03610152
v -0.01256236 0.10862121 0.03675308
v -0.01857876 0.10882400 0.03225731
v -0.01213985 0.10782100 0.03609418
v -0.01807868 0.10782500 0.03139066
v -0.02547842 0.10862681 0.02929462
v -0.02511972 0.10782700 0.02859902
v -0.02921274 0.10862999 0.02555946
v -0.03217518 0.10883500 0.01865798
v -0.02851790 0.10783000 0.02520000
v -0.03130894 0.10783600 0.01815742
v -0.03666901 0.10864000 0.01264209
v -0.03601080 0.10783999 0.01221913
v -0.03666893 0.11603980 0.01264787
v -0.03217518 0.11583500 0.01866358
v -0.03601080 0.11684000 0.01222628
v -0.03130894 0.11683600 0.01816451
v -0.02921286 0.11602980 0.02556538
v -0.02851790 0.11683000 0.02520734
v -0.03803402 0.11605574 -0.00736856
v -0.03715020 0.11584999 0.00008794
v -0.03725302 0.11685600 -0.00740450
v -0.03615003 0.11685000 0.00008894
v -0.03803558 0.11604400 0.00754620
v -0.03725439 0.11684390 0.00758362
v -0.03803549 0.10864420 0.00754035
v -0.03715020 0.10884999 0.00008237
v -0.03725439 0.10784390 0.00757641
v -0.03615003 0.10785000 0.00008177
v -0.03803417 0.10865597 -0.00737440
v -0.03725296 0.10785600 -0.00741160
v -0.02920798 0.11606974 -0.02538601
v -0.03217089 0.11586490 -0.01848644
v -0.02851331 0.11686999 -0.02502650
v -0.03130483 0.11686400 -0.01798558
v -0.03666677 0.11606000 -0.01247003
v -0.03600841 0.11685999 -0.01204699
v -0.03666665 0.10866018 -0.01247579
v -0.03217089 0.10886500 -0.01849216
v -0.03600841 0.10786000 -0.01205420
v -0.03130483 0.10786400 -0.01799279
v -0.02920815 0.10867000 -0.02539191
v -0.02851331 0.10787000 -0.02503377
v -0.01255548 0.11607875 -0.03657651
v -0.01857119 0.11587600 -0.03208297
v -0.01213330 0.11687900 -0.03591758
v -0.01807153 0.11687490 -0.03121596
v -0.02547298 0.11607300 -0.02912035
v -0.02511423 0.11687300 -0.02842473
v -0.02547294 0.10867319 -0.02912617
v -0.01857119 0.10887590 -0.03208832
v -0.02511423 0.10787300 -0.02843201
v -0.01807153 0.10787490 -0.03122305
v -0.01255561 0.10867901 -0.03658256
v -0.01213330 0.10787900 -0.03592491
v 0.00746093 0.11607980 -0.03794168
v 0.00000428 0.11588000 -0.03705769
v 0.00749755 0.11687990 -0.03715986
v 0.00000408 0.11687900 -0.03605705
v -0.00745385 0.11608000 -0.03794321
v -0.00749057 0.11687990 -0.03716129
v -0.00745388 0.10868020 -0.03794896
v 0.00000428 0.10888000 -0.03706336
v -0.00749057 0.10787990 -0.03716850
v 0.00000408 0.10787900 -0.03606408
v 0.00746089 0.10868000 -0.03794767
v 0.00749755 0.10787990 -0.03716706
v 0.02873292 0.10915150 -0.01341449
v 0.02844882 0.10786100 -0.01343792
v 0.02088505 0.10786900 -0.02349489
v 0.00998759 0.10787400 -0.02978879
v -0.00250381 0.10787500 -0.03131437
v -0.02593868 0.10786400 -0.01778638
v -0.03086429 0.10785500 -0.00620788
v -0.03086555 0.10784500 0.00637388
v -0.02594220 0.10783600 0.01795333
v -0.00250971 0.10782500 0.03148549
v 0.00998199 0.10782600 0.02996236
v 0.02088052 0.10783100 0.02367067
v 0.02844637 0.10783900 0.01361507
v -0.02687138 0.10782900 0.02695459
v -0.03670591 0.10784200 0.00991804
v -0.03670388 0.10785800 -0.00975394
v -0.02686709 0.10787090 -0.02678710
v 0.02687191 0.10787100 -0.02678203
v 0.03670567 0.10785800 -0.00974714
v 0.03670418 0.10784200 0.00992471
v 0.02686619 0.10782900 0.02695947
v -0.00983786 0.10782100 0.03679025
v 0.00983083 0.10782100 0.03679198
v -0.02757978 0.10882800 0.02766120
v -0.03757498 0.10937531 0.01015250
v -0.03767019 0.10885790 -0.01001060
v -0.02757501 0.10887190 -0.02749270
v -0.00983059 0.10787900 -0.03662109
v -0.01008313 0.10887900 -0.03758698
v 0.00983733 0.10787900 -0.03661912
v 0.01009023 0.10887900 -0.03758519
v 0.02757996 0.10887190 -0.02748739
v 0.03757566 0.10939134 -0.00997610
v 0.03767001 0.10884200 0.01018404
v 0.02757436 0.10882800 0.02766633
v 0.01009029 0.10882000 0.03775846
v -0.01009738 0.10882000 0.03775674
v 0.03757558 0.11532467 -0.00997193
v 0.03670567 0.11685800 -0.00973999
v -0.03757546 0.11530864 0.01015597
v -0.03670591 0.11684200 0.00992519
v -0.01009738 0.11582000 0.03776234
v -0.00983786 0.11682100 0.03679734
v 0.01009029 0.11582000 0.03776425
v 0.00983083 0.11682100 0.03679925
v 0.02757436 0.11582800 0.02767199
v 0.02686619 0.11682900 0.02696669
v 0.03767001 0.11584200 0.01018965
v 0.03670418 0.11684200 0.00993192
v 0.02757996 0.11587200 -0.02748191
v 0.02687191 0.11687090 -0.02677500
v 0.01009023 0.11588100 -0.03757977
v 0.00983733 0.11687900 -0.03661209
v -0.01008313 0.11588100 -0.03758167
v -0.00983059 0.11687900 -0.03661400
v -0.02757501 0.11587200 -0.02748697
v -0.02686709 0.11687090 -0.02677989
v -0.03767019 0.11585800 -0.01000493
v -0.03670388 0.11685800 -0.00974679
v -0.02757978 0.11582800 0.02766668
v -0.02687138 0.11682900 0.02696162
v 0.03344998 0.11665000 0.00009598
v 0.03094044 0.11666000 -0.01261823
v 0.02369194 0.11666900 -0.02352028
v 0.01282828 0.11667450 -0.03079920
v 0.00000406 0.11667645 -0.03335684
v -0.01282077 0.11667445 -0.03080233
v -0.02368619 0.11666900 -0.02352610
v -0.03093725 0.11666000 -0.01262607
v -0.02369197 0.11663095 0.02370592
v -0.01282837 0.11662550 0.03098497
v -0.00000411 0.11662300 0.03354251
v 0.01282069 0.11662550 0.03098813
v 0.02368613 0.11663095 0.02371180
v 0.03093722 0.11663995 0.01281193
v -0.03039214 0.11257474 0.01279711
v -0.02331437 0.11247718 0.02340975
v -0.01269294 0.11255711 0.03046872
v -0.00006386 0.11249972 0.03305365
v 0.01256542 0.11254647 0.03051034
v 0.02328785 0.11247172 0.02337241
v 0.03041755 0.11254226 0.01264594
v 0.03285382 0.11267500 0.00001280
v 0.03035402 0.11259891 -0.01260630
v 0.02327479 0.11254149 -0.02318902
v 0.01268319 0.11260741 -0.03025138
v 0.00006861 0.11257822 -0.03286244
v -0.01258821 0.11256464 -0.03038815
v -0.02332855 0.11248251 -0.02323697
v -0.03046696 0.11253463 -0.01249031
v -0.01279968 0.10000200 -0.00192141
v -0.01279991 0.10173100 0.00107908
v -0.01279973 0.10173300 -0.00091956
v -0.00199860 0.10001000 -0.01272058
v 0.00100040 0.09827810 -0.01272147
v -0.00099821 0.09827810 -0.01272159
v 0.00199860 0.09998977 0.01287961
v -0.00100058 0.09825766 0.01287806
v 0.00099817 0.09825766 0.01287806
v 0.01279968 0.09999835 0.00208080
v 0.01279985 0.10173300 -0.00091719
v 0.01279968 0.10173100 0.00108153
v -0.01074641 0.10351200 -0.01533347
v -0.01905531 0.10376095 -0.01381379
v -0.01389271 0.10376500 -0.01897513
v -0.01980280 0.10351400 -0.01739037
v -0.01746910 0.10351600 -0.01972377
v -0.01389631 0.10373500 0.01913789
v -0.01541578 0.10349100 0.01082897
v -0.01074934 0.10348800 0.01549619
v -0.01222831 0.10349200 0.00997508
v -0.00989503 0.10348990 0.01230871
v 0.01541566 0.10350900 -0.01066398
v 0.01389625 0.10376500 -0.01897254
v 0.01905772 0.10376095 -0.01381003
v 0.01747286 0.10351600 -0.01972061
v 0.01980602 0.10351400 -0.01738673
v 0.01905521 0.10373899 0.01397890
v 0.01074635 0.10348800 0.01549828
v 0.01541388 0.10349100 0.01083177
v 0.00989270 0.10348990 0.01231068
v 0.01222646 0.10349200 0.00997746
v -0.00720972 0.10402300 -0.02834331
v -0.00411108 0.10401990 -0.02537879
v -0.00838345 0.10402400 -0.03028094
v -0.00819969 0.10402300 -0.02875339
v -0.01053311 0.10402200 -0.02756592
v -0.00918966 0.10402300 -0.02834355
v -0.01180619 0.10402200 -0.02743887
v -0.01066052 0.10402100 -0.02629315
v -0.01300806 0.10402250 -0.02806117
v -0.01003846 0.10401990 -0.02509098
v 0.00356805 0.10401300 -0.01618999
v -0.01301327 0.10397750 0.02822438
v -0.01181119 0.10397800 0.02760237
v -0.02814394 0.10398950 0.01309079
v -0.02752161 0.10399100 0.01188898
v -0.01053833 0.10397800 0.02772963
v -0.02764884 0.10399150 0.01061597
v 0.01300799 0.10397750 0.02822679
v 0.02814158 0.10398950 0.01309606
v 0.01003837 0.10398000 0.02525672
v 0.01066040 0.10397900 0.02645874
v 0.01180607 0.10397800 0.02760452
v 0.01053306 0.10397800 0.02773163
v 0.00918966 0.10397700 0.02850919
v 0.00819963 0.10397700 0.02891916
v 0.00838339 0.10397600 0.03044646
v 0.00720972 0.10397700 0.02850914
v 0.00365690 0.10397966 0.02539054
v 0.01350367 0.10398300 0.02136784
v 0.01394295 0.10398390 0.02030736
v 0.00966007 0.10398800 0.01540189
v 0.02022176 0.10398900 0.01402974
v 0.00709517 0.10399598 0.01149995
v 0.00654793 0.10399767 0.00948191
v 0.00565722 0.10400020 0.00573910
v -0.00000052 0.10399903 0.00808258
v 0.00453161 0.10399779 0.00894185
v 0.00305566 0.10399689 0.01041768
v 0.00360236 0.10399478 0.01242806
v 0.00103584 0.10399679 0.00954731
v 0.00602618 0.10398800 0.01490035
v 0.00141909 0.10399588 0.01096299
v 0.00505114 0.10398800 0.01526457
v 0.00037855 0.10399482 0.01199096
v -0.00103044 0.10399565 0.01161393
v 0.00356507 0.10398700 0.01635617
v -0.01104493 0.10400449 0.00062840
v -0.01627278 0.10400300 -0.00348526
v -0.01124240 0.10400479 0.00002767
v -0.01506408 0.10400450 -0.00529775
v -0.01056513 0.10400483 -0.00067871
v -0.00995500 0.10400483 -0.00046149
v -0.01468551 0.10400500 -0.00626820
v -0.00799979 0.10400502 0.00008452
v -0.01235180 0.10400787 -0.00351151
v -0.01033780 0.10400686 -0.00298016
v -0.00565713 0.10400922 -0.00557351
v -0.00884751 0.10400902 -0.00444436
v -0.00940001 0.10400988 -0.00646396
v -0.01141644 0.10401077 -0.00700406
v -0.01531744 0.10400800 -0.00958013
v -0.01430378 0.10401047 -0.00734801
v -0.01289232 0.10400888 -0.00552799
v -0.00973779 0.10400465 0.00014855
v -0.00565607 0.10400009 0.00573974
v -0.01043466 0.10400365 0.00084561
v -0.00141767 0.10399689 0.01020237
v -0.00037725 0.10399757 0.00917446
v 0.00734106 0.10399400 0.01435978
v 0.00561258 0.10399487 0.01297442
v 0.02128255 0.10398900 0.01359033
v 0.02517193 0.10399200 0.01012596
v 0.02751958 0.10399100 0.01189392
v 0.02637404 0.10399100 0.01074826
v 0.02764671 0.10399150 0.01062110
v 0.03036206 0.10399290 0.00847191
v 0.02842468 0.10399290 0.00927782
v 0.02883476 0.10399290 0.00828791
v 0.02842479 0.10399400 0.00729776
v 0.02546072 0.10399650 0.00419861
v 0.02701807 0.10399600 0.00504267
v 0.02499949 0.10399800 0.00283629
v 0.02656543 0.10399700 0.00335229
v 0.02780267 0.10349800 0.00211478
v 0.02509534 0.10400245 -0.00314435
v 0.02949339 0.10349800 0.00256768
v 0.03149998 0.10400000 0.00008573
v 0.02994590 0.10399700 0.00425840
v 0.02870839 0.10399600 0.00549573
v 0.01301324 0.10402250 -0.02805879
v 0.01181101 0.10402200 -0.02743679
v 0.02814391 0.10401045 -0.01292526
v 0.02752161 0.10400900 -0.01172322
v 0.01053831 0.10402200 -0.02756398
v 0.02764877 0.10400850 -0.01045026
v -0.02814161 0.10401045 -0.01293048
v -0.01350367 0.10401700 -0.02120226
v -0.01394301 0.10401600 -0.02014178
v -0.00966007 0.10401200 -0.01523637
v -0.02022182 0.10401090 -0.01386404
v -0.00709517 0.10401396 -0.01133447
v -0.00654793 0.10401201 -0.00931631
v 0.00000053 0.10401103 -0.00791693
v -0.00453162 0.10401189 -0.00877620
v -0.00305566 0.10401287 -0.01025227
v -0.00360239 0.10401479 -0.01226231
v -0.00103585 0.10401192 -0.00938166
v -0.00602624 0.10401200 -0.01473474
v -0.00141909 0.10401388 -0.01079732
v -0.00505114 0.10401200 -0.01509881
v -0.00037854 0.10401366 -0.01182527
v 0.00103043 0.10401366 -0.01144829
v -0.00356507 0.10401300 -0.01619040
v 0.01104493 0.10400483 -0.00046278
v 0.01627278 0.10399700 0.00365097
v 0.01124240 0.10400479 0.00013797
v 0.01506406 0.10399550 0.00546327
v 0.01056512 0.10400365 0.00084433
v 0.00995500 0.10400449 0.00062711
v 0.01468545 0.10399500 0.00643373
v 0.00799978 0.10400502 0.00008111
v 0.01235180 0.10400189 0.00367721
v 0.01033780 0.10400265 0.00314574
v 0.00884761 0.10400103 0.00460996
v 0.00940000 0.10399988 0.00662966
v 0.01141643 0.10399900 0.00716962
v 0.01531744 0.10399200 0.00974578
v 0.01430374 0.10399847 0.00751360
v 0.01289231 0.10400000 0.00569364
v 0.00973783 0.10400465 0.00001708
v 0.00565607 0.10400909 -0.00557415
v 0.01043475 0.10400483 -0.00067996
v 0.00141767 0.10401287 -0.01003673
v 0.00037726 0.10401165 -0.00900881
v -0.00734106 0.10401609 -0.01419423
v -0.00561258 0.10401489 -0.01280876
v -0.02128267 0.10401090 -0.01342487
v -0.02517199 0.10400800 -0.00996032
v -0.02751958 0.10400900 -0.01172828
v -0.02637410 0.10400800 -0.01058256
v -0.02764684 0.10400850 -0.01045551
v -0.03036212 0.10400700 -0.00830632
v -0.02842473 0.10400700 -0.00911218
v -0.02883476 0.10400590 -0.00812226
v -0.02842479 0.10400590 -0.00713223
v -0.02546090 0.10400350 -0.00403303
v -0.02701812 0.10400400 -0.00487709
v -0.02499961 0.10400190 -0.00267070
v -0.02509549 0.10399750 0.00330997
v -0.02949339 0.10350195 -0.00240287
v -0.03149986 0.10400000 0.00007911
v -0.02994584 0.10350300 -0.00409347
v -0.02870839 0.10400400 -0.00533014
v 0.02128493 0.10401090 -0.01342082
v 0.02517381 0.10400800 -0.00995558
v 0.01350766 0.10401700 -0.02119976
v 0.01394695 0.10401600 -0.02013897
v 0.02022457 0.10401090 -0.01386034
v 0.00966293 0.10401200 -0.01523452
v 0.01531910 0.10400800 -0.00957727
v 0.00738286 0.10401585 -0.01420738
v 0.01428169 0.10401095 -0.00727532
v 0.00602904 0.10401200 -0.01473373
v 0.01481750 0.10400500 -0.00594338
v 0.00505400 0.10401200 -0.01509779
v 0.01518172 0.10400400 -0.00496834
v 0.01627326 0.10400300 -0.00348228
v 0.02179968 0.10399800 0.00308472
v 0.00654036 0.10401479 -0.01226306
v 0.01235132 0.10400988 -0.00646542
v 0.00709365 0.10401296 -0.01025101
v 0.01033691 0.10401064 -0.00699687
v 0.00560883 0.10401178 -0.00878548
v 0.00885223 0.10400896 -0.00553121
v 0.00359464 0.10401201 -0.00931697
v 0.00940567 0.10400778 -0.00351926
v 0.01802748 0.10399800 0.00308442
v 0.01141582 0.10400692 -0.00297296
v 0.01291177 0.10400914 -0.00444382
v 0.00304746 0.10401396 -0.01133509
v -0.00299829 0.10401400 -0.01794523
v 0.00453014 0.10401489 -0.01280944
v 0.01802808 0.10400190 -0.00291538
v 0.02180022 0.10400190 -0.00291508
v 0.01004311 0.10401990 -0.02508914
v 0.02637588 0.10400800 -0.01057761
v 0.01066535 0.10402100 -0.02629131
v -0.00356817 0.10398700 0.01635557
v -0.02128517 0.10398900 0.01358646
v -0.02517387 0.10399200 0.01012125
v -0.01350766 0.10398300 0.02136546
v -0.01394701 0.10398390 0.02030462
v -0.02022457 0.10398900 0.01402580
v -0.00966298 0.10398800 0.01540029
v -0.01531910 0.10399200 0.00974286
v -0.00738286 0.10399364 0.01437298
v -0.01428170 0.10399895 0.00744097
v -0.00602904 0.10398800 0.01489931
v -0.01481756 0.10399500 0.00610900
v -0.00505400 0.10398800 0.01526337
v -0.01518172 0.10399600 0.00513387
v -0.01627326 0.10399700 0.00364781
v -0.02179968 0.10400190 -0.00291919
v -0.00654020 0.10399478 0.01242860
v -0.01235132 0.10399988 0.00663107
v -0.00709365 0.10399695 0.01041676
v -0.01033692 0.10399893 0.00716241
v -0.00560885 0.10399769 0.00895106
v -0.00885223 0.10400007 0.00569692
v -0.00359465 0.10399767 0.00948257
v -0.00940567 0.10400179 0.00368494
v -0.01802748 0.10400190 -0.00291884
v -0.01141582 0.10400274 0.00313855
v -0.01291177 0.10400112 0.00460936
v -0.00304746 0.10399598 0.01150080
v 0.00299817 0.10398600 0.01811087
v -0.00453016 0.10399487 0.01297491
v -0.01802808 0.10399800 0.00308097
v -0.02180022 0.10399800 0.00308067
v -0.01004317 0.10398000 0.02525478
v -0.02637588 0.10399100 0.01074326
v -0.01066547 0.10397900 0.02645689
v -0.01300806 0.09602233 -0.02806758
v -0.01180619 0.09602189 -0.02744513
v -0.01053311 0.09602198 -0.02757230
v -0.00838345 0.09602409 -0.03028738
v 0.00000149 0.10402500 -0.03141706
v -0.00207204 0.10002490 -0.03135215
v -0.00103754 0.09822970 -0.03140467
v 0.00000149 0.09602499 -0.03142333
v 0.00103599 0.09822535 -0.03140467
v 0.00207788 0.10002490 -0.03135180
v -0.00103480 0.10182200 -0.03140187
v 0.00104111 0.10182200 -0.03140169
v 0.00838911 0.10402400 -0.03027927
v 0.00838911 0.09602409 -0.03028583
v 0.01053831 0.09602198 -0.02757039
v 0.01181101 0.09602189 -0.02744317
v 0.01301324 0.09602233 -0.02806508
v 0.02814391 0.09601035 -0.01293155
v 0.02752161 0.09600937 -0.01172947
v 0.02764877 0.09600833 -0.01045670
v 0.03036373 0.09600657 -0.00830698
v 0.03036373 0.10400700 -0.00830060
v 0.03143173 0.10000200 -0.00199240
v 0.03148293 0.09820389 -0.00095665
v 0.03149998 0.09600001 0.00007934
v 0.03148257 0.09820246 0.00111938
v 0.03143119 0.09999829 0.00215751
v 0.03148293 0.10179790 -0.00095433
v 0.03148257 0.10179600 0.00112164
v 0.03036206 0.09599328 0.00846553
v 0.02764671 0.09599158 0.01061472
v 0.02751958 0.09599059 0.01188755
v 0.02814158 0.09598958 0.01308971
v 0.01300799 0.09597751 0.02822041
v 0.02517193 0.09599194 0.01011959
v 0.02637404 0.09599149 0.01074177
v 0.02842468 0.09599268 0.00927144
v 0.02883476 0.09599339 0.00828153
v 0.02834019 0.09599447 0.00692019
v 0.02535675 0.09599704 0.00375328
v 0.02715958 0.09614612 0.00489505
v 0.02876628 0.09612930 0.00508870
v 0.02973537 0.09611691 0.00387694
v 0.02509534 0.09600252 -0.00315073
v 0.02696625 0.09613071 0.00328832
v 0.02817810 0.09611818 0.00231936
v 0.02935177 0.09614787 0.00270318
v 0.02716018 0.09615207 -0.00254480
v 0.02876688 0.09613523 -0.00235114
v 0.02973612 0.09612280 -0.00356287
v 0.02935257 0.09615378 -0.00473657
v 0.02834147 0.09600538 -0.00676205
v 0.02774592 0.09613726 -0.00493031
v 0.02677660 0.09612292 -0.00371858
v 0.02561932 0.09600323 -0.00404054
v 0.02883630 0.09600651 -0.00812322
v 0.02842634 0.09600728 -0.00911325
v 0.00919497 0.09602260 -0.02834820
v 0.00820506 0.09602290 -0.02875840
v 0.00684375 0.09602254 -0.02826374
v 0.00481866 0.09617330 -0.02927505
v 0.00501204 0.09615539 -0.02766842
v 0.00398461 0.09602024 -0.02539928
v 0.00380015 0.09614127 -0.02669950
v 0.00262642 0.09617157 -0.02708321
v 0.00275350 0.09601986 -0.02492326
v -0.00262120 0.09617330 -0.02927581
v -0.00242779 0.09615539 -0.02766916
v -0.00322720 0.09601992 -0.02501889
v -0.00363967 0.09614127 -0.02670028
v -0.00481339 0.09617157 -0.02708391
v -0.00500678 0.09615621 -0.02869074
v -0.00379491 0.09614363 -0.02965973
v -0.00411704 0.09602037 -0.02554312
v -0.00683847 0.09602254 -0.02826502
v -0.00819969 0.09602290 -0.02875983
v -0.00918966 0.09602260 -0.02835005
v -0.01066052 0.09602099 -0.02629959
v -0.01003846 0.09601998 -0.02509739
v -0.01350367 0.09601688 -0.02120870
v -0.01394301 0.09601610 -0.02014791
v -0.01389271 0.09601512 -0.01898136
v -0.01074641 0.09601217 -0.01533937
v -0.00666368 0.09600895 -0.01122725
v -0.00623715 0.09600770 -0.00963306
v -0.00989276 0.09600967 -0.01215249
v -0.00565624 0.09600448 -0.00558090
v -0.01222693 0.09600776 -0.00981861
v -0.00970834 0.09600490 -0.00616252
v -0.01130259 0.09600526 -0.00658947
v -0.01541388 0.09600847 -0.01067286
v -0.01246851 0.09600436 -0.00542348
v -0.01531744 0.09600770 -0.00958651
v -0.01449251 0.09600639 -0.00802767
v -0.01204180 0.09600305 -0.00382936
v -0.01481631 0.09600472 -0.00595295
v -0.01905531 0.09601098 -0.01381990
v -0.01980268 0.09601390 -0.01739591
v -0.02022182 0.09601110 -0.01387035
v -0.02128267 0.09601068 -0.01343119
v -0.02517199 0.09600791 -0.00996676
v -0.01746869 0.09601569 -0.01972967
v -0.02814161 0.09601029 -0.01293682
v -0.02637410 0.09600847 -0.01058906
v -0.02751958 0.09600937 -0.01173478
v -0.02764684 0.09600833 -0.01046195
v -0.02842473 0.09600728 -0.00911855
v -0.02883476 0.09600645 -0.00812864
v -0.03036212 0.09600657 -0.00831264
v -0.02834019 0.09600538 -0.00676742
v -0.02535683 0.09600288 -0.00360040
v -0.02715969 0.09615378 -0.00474187
v -0.02876635 0.09613726 -0.00493561
v -0.02973545 0.09612292 -0.00372386
v -0.03149986 0.09599995 0.00007274
v -0.02509549 0.09599739 0.00330362
v -0.02696634 0.09613581 -0.00313524
v -0.02817810 0.09612171 -0.00216629
v -0.02935181 0.09615205 -0.00255008
v -0.02716026 0.09614787 0.00269790
v -0.02876705 0.09613135 0.00250421
v -0.02973625 0.09611703 0.00371591
v -0.02935262 0.09614609 0.00488974
v -0.02834149 0.09599447 0.00691489
v -0.02774598 0.09612927 0.00508342
v -0.02677670 0.09611691 0.00387165
v -0.02561950 0.09599667 0.00419343
v -0.02883630 0.09599339 0.00827611
v -0.03036379 0.09599328 0.00845987
v -0.02764884 0.09599158 0.01060969
v -0.02842646 0.09599268 0.00926608
v -0.01053833 0.09597793 0.02772310
v -0.00838911 0.09597575 0.03043878
v -0.00919503 0.09597730 0.02850127
v -0.00820511 0.09597700 0.02891135
v -0.00684380 0.09597739 0.02841669
v -0.00481866 0.09612657 0.02942820
v -0.00501208 0.09611120 0.02782155
v -0.00398465 0.09597967 0.02555221
v -0.00380015 0.09609862 0.02685262
v -0.00262649 0.09612830 0.02723637
v -0.00000376 0.09597486 0.03157609
v -0.00275350 0.09598010 0.02507615
v 0.00262113 0.09612657 0.02942888
v 0.00242774 0.09611120 0.02782216
v 0.00322711 0.09597998 0.02517178
v 0.00363960 0.09609862 0.02685319
v 0.00481337 0.09612830 0.02723700
v 0.00838339 0.09597575 0.03044027
v 0.00500674 0.09611040 0.02884373
v 0.00379486 0.09609628 0.02981268
v 0.00411698 0.09597957 0.02569589
v 0.00683847 0.09597739 0.02841791
v 0.00819963 0.09597700 0.02891284
v 0.00918966 0.09597730 0.02850294
v 0.01053306 0.09597793 0.02772522
v 0.01066040 0.09597897 0.02645248
v 0.01180607 0.09597808 0.02759814
v 0.01003837 0.09597995 0.02525022
v 0.01350367 0.09598296 0.02136147
v 0.01394295 0.09598386 0.02030098
v 0.01389271 0.09598478 0.01913425
v 0.01074635 0.09598767 0.01549226
v 0.00666368 0.09599095 0.01138013
v 0.00623715 0.09599220 0.00978595
v 0.00989270 0.09599018 0.01230520
v 0.00565624 0.09599548 0.00573379
v 0.01222687 0.09599208 0.00997150
v 0.00970828 0.09599500 0.00631541
v 0.01130253 0.09599471 0.00674236
v 0.01541388 0.09599137 0.01082587
v 0.01246845 0.09599560 0.00557637
v 0.01531744 0.09599226 0.00973940
v 0.01449233 0.09599345 0.00818056
v 0.01204180 0.09599685 0.00398219
v 0.01481625 0.09599512 0.00610584
v 0.01905521 0.09598887 0.01397261
v 0.01980268 0.09598606 0.01754868
v 0.02022176 0.09598886 0.01402336
v 0.02128255 0.09598916 0.01358395
v 0.01746869 0.09598416 0.01988250
v 0.00799996 0.09599995 0.00007718
v 0.00928169 0.09599626 0.00472123
v 0.01044780 0.09599715 0.00355536
v 0.00464296 0.09599256 0.00935906
v 0.00347686 0.09599155 0.01052480
v -0.00000076 0.09599357 0.00807643
v 0.00390333 0.09599035 0.01211917
v 0.00602654 0.09598818 0.01489383
v 0.00549763 0.09598999 0.01254606
v 0.00810134 0.09598839 0.01457023
v 0.00966007 0.09598779 0.01539564
v -0.00243310 0.09611040 0.02884310
v -0.00364500 0.09609628 0.02981205
v -0.01181119 0.09597808 0.02759581
v -0.02752161 0.09599059 0.01188248
v -0.01301327 0.09597751 0.02821794
v -0.02814394 0.09598958 0.01308444
v -0.00800002 0.09599995 0.00007570
v -0.00928181 0.09600365 -0.00456834
v -0.01044780 0.09600269 -0.00340235
v -0.00464302 0.09600740 -0.00920617
v -0.00347686 0.09600830 -0.01037210
v 0.00000072 0.09600627 -0.00792354
v -0.00390351 0.09600955 -0.01196610
v -0.00602660 0.09601178 -0.01474097
v -0.00549763 0.09600991 -0.01239317
v -0.00810140 0.09601145 -0.01441735
v -0.00966007 0.09601217 -0.01524263
v 0.00243306 0.09615621 -0.02868991
v 0.00364495 0.09614363 -0.02965891
v -0.00000376 0.10397490 0.03158265
v 0.00207192 0.09997487 0.03151118
v 0.00103527 0.09817826 0.03156101
v -0.00104070 0.09817796 0.03156077
v -0.00207788 0.09997487 0.03151077
v 0.00103468 0.10177200 0.03156381
v -0.00104111 0.10177200 0.03156369
v -0.00838911 0.10397600 0.03044492
v -0.03036379 0.10399290 0.00846625
v -0.03143179 0.09999829 0.00215161
v -0.03148299 0.09820216 0.00111288
v -0.03148263 0.09820419 -0.00096304
v -0.03143119 0.10000190 -0.00199818
v -0.03148311 0.10179900 0.00111121
v -0.03148251 0.10179700 -0.00096203
v -0.02517387 0.09599194 0.01011494
v -0.02637588 0.09599149 0.01073700
v -0.02842646 0.10399290 0.00927246
v -0.02883630 0.10399290 0.00828248
v -0.02842622 0.10399400 0.00729251
v -0.02614921 0.10399650 0.00442627
v -0.02500021 0.09999829 0.00215221
v -0.02500009 0.10179600 0.00111604
v -0.02499973 0.10179790 -0.00095877
v -0.02499961 0.10000190 -0.00199759
v -0.02499973 0.09820377 -0.00096163
v -0.02500009 0.09820210 0.00111318
v -0.02180022 0.09599757 0.00307429
v -0.01802808 0.09599757 0.00307459
v -0.01627326 0.09599709 0.00364149
v -0.01506492 0.09599563 0.00545448
v -0.01468670 0.09599488 0.00642467
v -0.01449400 0.09599345 0.00817782
v -0.01531910 0.09599226 0.00973648
v -0.01905784 0.09598887 0.01396933
v -0.02022457 0.09598886 0.01401948
v -0.01992696 0.09861385 0.01399195
v -0.02040350 0.09764057 0.01401025
v -0.02128517 0.09598916 0.01358008
v -0.02141694 0.09700765 0.01344897
v -0.02328246 0.09699076 0.01158308
v -0.02409482 0.09746748 0.01077091
v -0.02443134 0.09861665 0.01043528
v -0.02443134 0.10136690 0.01043736
v -0.02409482 0.10251500 0.01077497
v -0.02328246 0.10299100 0.01158791
v -0.02141694 0.10297067 0.01345372
v -0.02040588 0.10234000 0.01401346
v -0.01992696 0.10136400 0.01399397
v -0.02179968 0.09600239 -0.00292551
v -0.01802748 0.09600239 -0.00292521
v -0.01627278 0.09600275 -0.00349164
v -0.01518058 0.09600400 -0.00497752
v -0.01992440 0.10138600 -0.01383638
v -0.02040416 0.10236290 -0.01385438
v -0.02141449 0.10299267 -0.01329377
v -0.02328038 0.10300900 -0.01142817
v -0.02409297 0.10253200 -0.01061630
v -0.02442950 0.10138300 -0.01028043
v -0.02442950 0.09863317 -0.01028275
v -0.02409297 0.09748446 -0.01062017
v -0.02328038 0.09700906 -0.01143306
v -0.02141449 0.09702896 -0.01329852
v -0.02039968 0.09766376 -0.01385843
v -0.01992440 0.09863609 -0.01383841
v -0.00299787 0.09601730 -0.02172362
v -0.00299829 0.09601426 -0.01795142
v -0.00356507 0.09601289 -0.01619696
v -0.00505114 0.09601205 -0.01510512
v -0.01391351 0.09864079 -0.01984840
v -0.01393228 0.09766787 -0.02032566
v -0.01337174 0.09703536 -0.02133967
v -0.01150590 0.09701848 -0.02320528
v -0.01069349 0.09749519 -0.02401739
v -0.01035672 0.09864437 -0.02435278
v -0.01035672 0.10139390 -0.02435070
v -0.01069349 0.10254290 -0.02401328
v -0.01150608 0.10301890 -0.02320051
v -0.01337174 0.10299867 -0.02133496
v -0.01393198 0.10236700 -0.02032428
v -0.01391351 0.10139100 -0.01984626
v 0.00300193 0.09601730 -0.02172327
v 0.00300163 0.09601426 -0.01795107
v 0.00356805 0.09601289 -0.01619631
v 0.00538090 0.09601196 -0.01498755
v 0.00635099 0.09601169 -0.01460891
v 0.00810414 0.09601145 -0.01441586
v 0.00966293 0.09601217 -0.01524090
v 0.01389625 0.09601512 -0.01897868
v 0.01391690 0.10139100 -0.01984351
v 0.01393586 0.10236790 -0.02032268
v 0.01337578 0.10299867 -0.02133236
v 0.01151025 0.10301890 -0.02319830
v 0.01069784 0.10254290 -0.02401137
v 0.01036137 0.10139390 -0.02434873
v 0.01004311 0.09601998 -0.02509545
v 0.01036137 0.09864437 -0.02435100
v 0.01069784 0.09749519 -0.02401518
v 0.01151037 0.09701848 -0.02320319
v 0.01337578 0.09703536 -0.02133717
v 0.01350766 0.09601688 -0.02120620
v 0.01394695 0.09601610 -0.02014553
v 0.01393634 0.09766888 -0.02032208
v 0.01391690 0.09864079 -0.01984590
v 0.02179968 0.09599757 0.00307840
v 0.01627326 0.09600275 -0.00348860
v 0.01802808 0.09600239 -0.00292176
v 0.02180022 0.09600239 -0.00292146
v 0.01506490 0.09600424 -0.00530165
v 0.01468664 0.09600496 -0.00627166
v 0.01066535 0.09602099 -0.02629750
v 0.00919497 0.10402300 -0.02834182
v 0.00820506 0.10402300 -0.02875190
v 0.00721502 0.10402300 -0.02834200
v 0.00413561 0.10402028 -0.02574622
v 0.00275350 0.10401990 -0.02491670
v 0.00207728 0.10002000 -0.02492016
v 0.00103974 0.09822285 -0.02492165
v -0.00103509 0.09822285 -0.02492189
v -0.00207263 0.10002000 -0.02492058
v 0.00103974 0.10181700 -0.02491879
v -0.00103509 0.10181700 -0.02491897
v -0.00274885 0.10401990 -0.02491736
v 0.01747214 0.09601569 -0.01972633
v 0.01980596 0.09601390 -0.01739197
v 0.02637588 0.09600847 -0.01058399
v 0.02517381 0.09600791 -0.00996196
v 0.02128493 0.09601068 -0.01342707
v 0.02022457 0.09601110 -0.01386678
v 0.01905772 0.09601098 -0.01381626
v 0.01531910 0.09600770 -0.00958359
v 0.01541566 0.09600847 -0.01066988
v 0.01449388 0.09600639 -0.00802493
v 0.01222872 0.09600776 -0.00981629
v 0.00989509 0.09600967 -0.01215040
v 0.01074934 0.09601217 -0.01533728
v -0.01004317 0.09597995 0.02524847
v -0.01066547 0.09597897 0.02645039
v -0.00919503 0.10397700 0.02850759
v -0.00820511 0.10397700 0.02891767
v -0.00721514 0.10397700 0.02850759
v -0.00413565 0.10397933 0.02591179
v -0.00275350 0.10398000 0.02508240
v -0.00207728 0.09998005 0.02507925
v -0.00103980 0.09818309 0.02507787
v 0.00103509 0.09818309 0.02507811
v 0.00207251 0.09998005 0.02507960
v -0.00103980 0.10177700 0.02508080
v 0.00103509 0.10177700 0.02508091
v -0.01350766 0.09598296 0.02135890
v -0.01747214 0.09598416 0.01987928
v -0.01980596 0.09598606 0.01754498
v -0.01541578 0.09599137 0.01082295
v -0.01222878 0.09599208 0.00996918
v -0.00989509 0.09599018 0.01230347
v -0.00602940 0.09598818 0.01489257
v -0.00810414 0.09598839 0.01456868
v -0.00966298 0.09598779 0.01539385
v -0.01074934 0.09598767 0.01549023
v -0.01389631 0.09598478 0.01913157
v -0.01394701 0.09598386 0.02029836
v -0.00505400 0.09598785 0.01525712
v -0.00356817 0.09598696 0.01634907
v 0.00299787 0.09598255 0.02187669
v -0.00300163 0.09598559 0.01810377
v -0.00300193 0.09598255 0.02187615
v 0.00299817 0.09598559 0.01810449
v 0.00356507 0.09598696 0.01634985
v 0.00505114 0.09598785 0.01525819
v 0.01391327 0.09860908 0.02000546
v 0.01393228 0.09763538 0.02048105
v 0.01337172 0.09700125 0.02149419
v 0.01150590 0.09698140 0.02335977
v 0.01069343 0.09745675 0.02417254
v 0.01035672 0.09860545 0.02450990
v 0.01035672 0.10135600 0.02451217
v 0.01069343 0.10250500 0.02417647
v 0.01150590 0.10298100 0.02336454
v 0.01337172 0.10296463 0.02149890
v 0.01393198 0.10233500 0.02048736
v 0.01391327 0.10135900 0.02000761
v -0.01391708 0.10135900 0.02000486
v -0.01393586 0.10233600 0.02048552
v -0.01337580 0.10296463 0.02149646
v -0.01151037 0.10298100 0.02336221
v -0.01069790 0.10250500 0.02417457
v -0.01036137 0.10135600 0.02451026
v -0.01036137 0.09860545 0.02450788
v -0.01069790 0.09745675 0.02417039
v -0.01151037 0.09698140 0.02335757
v -0.01337580 0.09700125 0.02149171
v -0.01393640 0.09763640 0.02047765
v -0.01391708 0.09860908 0.02000284
v 0.01992696 0.09863609 -0.01383483
v 0.02040344 0.09766280 -0.01385462
v 0.02141684 0.09702896 -0.01329451
v 0.02328246 0.09700906 -0.01142871
v 0.02409482 0.09748446 -0.01061558
v 0.02443134 0.09863317 -0.01027822
v 0.02443134 0.10138300 -0.01027590
v 0.02409482 0.10253200 -0.01061171
v 0.02328246 0.10300900 -0.01142382
v 0.02141684 0.10299267 -0.01328972
v 0.02040582 0.10236200 -0.01385051
v 0.01992696 0.10138600 -0.01383250
v 0.01802748 0.09599757 0.00307811
v 0.01627278 0.09599709 0.00364453
v 0.01518058 0.09599590 0.00513041
v 0.01992434 0.10136400 0.01399785
v 0.02040416 0.10234090 0.01401734
v 0.02141443 0.10297067 0.01345773
v 0.02328038 0.10299100 0.01159226
v 0.02409297 0.10251500 0.01077950
v 0.02442944 0.10136690 0.01044195
v 0.02442944 0.09861665 0.01043987
v 0.02409297 0.09746748 0.01077532
v 0.02328038 0.09699076 0.01158756
v 0.02141443 0.09700765 0.01345301
v 0.02039968 0.09764158 0.01401394
v 0.01992434 0.09861391 0.01399552
v 0.02499955 0.09999829 0.00215692
v 0.02499967 0.09820210 0.00111789
v 0.02500003 0.09820377 -0.00095699
v 0.02500015 0.10000200 -0.00199288
v 0.02499967 0.10179600 0.00112087
v 0.02500003 0.10179790 -0.00095413
v 0.02614918 0.10400350 -0.00426066
v 0.02842617 0.10400600 -0.00712692
v 0.02883630 0.10400600 -0.00811684
v 0.02842634 0.10400700 -0.00910687
v -0.01665590 -0.01160262 -0.07393573
v -0.01708448 -0.01046625 -0.07433238
v -0.01650003 -0.00952281 -0.07495075
v -0.01357197 -0.00954026 -0.07575535
v -0.01455322 -0.00922224 -0.07564484
v -0.01282441 -0.00890368 -0.07621425
v -0.01357197 -0.01049846 -0.07532155
v -0.01332296 -0.01185953 -0.07474446
v -0.01712358 -0.01488683 -0.07213803
v -0.01591861 -0.01168312 -0.07412477
v -0.01659536 -0.01349180 -0.07302698
v -0.01330882 -0.01372224 -0.07355258
v -0.01319885 -0.01488604 -0.07327402
v -0.00771663 -0.01172980 -0.07585990
v -0.00771665 -0.00890299 -0.07713319
v -0.00809050 -0.01412159 -0.07465255
v -0.00734299 -0.01488500 -0.07437026
v -0.00979426 -0.01450353 -0.07418647
v -0.00597241 -0.01189816 -0.07598879
v -0.00599732 -0.01069755 -0.07653974
v -0.00599736 -0.01309017 -0.07541794
v -0.00564022 -0.01001657 -0.07688145
v -0.00564033 -0.01377113 -0.07512171
v -0.00304741 -0.01450294 -0.07495522
v -0.00211036 -0.01412087 -0.07518899
v -0.00136298 -0.01488471 -0.07482928
v -0.00173661 -0.01191908 -0.07626017
v -0.00136268 -0.00890255 -0.07762426
v -0.00211018 -0.00966626 -0.07727026
v -0.00304756 -0.00928447 -0.07739522
v -0.00469094 -0.00943002 -0.07722364
v -0.00534946 -0.00922102 -0.07726007
v 0.00850695 -0.01303476 -0.07512706
v 0.00380474 -0.00820386 -0.07781630
v 0.00410008 -0.00586730 -0.07875227
v 0.00146568 -0.00316083 -0.07990229
v -0.00110418 -0.00316083 -0.07990986
v -0.00007747 -0.00255662 -0.08013850
v 0.01110363 -0.00133663 -0.07954108
v 0.00811052 -0.00133616 -0.08002638
v 0.00409132 -0.00316101 -0.07978260
v -0.00529665 -0.00316113 -0.07968878
v -0.00936431 -0.00316143 -0.07918965
v -0.01125109 -0.00122368 -0.07955127
v 0.00850713 -0.00818789 -0.07733106
v 0.00850731 -0.00316143 -0.07931959
v 0.01407814 -0.00316220 -0.07823377
v 0.01367491 -0.00104388 -0.07909077
v 0.01523745 -0.00017377 -0.07899087
v 0.01814705 -0.00316310 -0.07703900
v 0.01442468 0.00066142 -0.07948267
v 0.01193445 0.00074409 -0.08007937
v 0.01046913 0.00472486 -0.08157068
v 0.00985104 0.00288451 -0.08113616
v 0.00697195 0.00288492 -0.08153736
v 0.00632930 0.00472534 -0.08214545
v 0.00400114 0.00288510 -0.08180296
v 0.00220925 0.00472557 -0.08243000
v 0.00349432 0.00076408 -0.08117097
v 0.00142932 0.00288522 -0.08191567
v 0.00553882 -0.00133604 -0.08031719
v 0.00607204 0.00075775 -0.08096790
v 0.00262880 -0.00133586 -0.08051180
v -0.00031110 -0.00133574 -0.08056730
v -0.00288105 -0.00133586 -0.08050030
v -0.00584197 -0.00133604 -0.08028841
v -0.00873107 -0.00133634 -0.07993847
v -0.01082593 0.00081506 -0.08031648
v -0.01284039 0.00288403 -0.08055979
v -0.01340901 0.00099253 -0.07983696
v -0.01245123 0.00472456 -0.08118510
v -0.01704239 0.00472367 -0.07998996
v -0.00998199 0.00288451 -0.08111387
v -0.00740224 0.00472528 -0.08202457
v -0.00699049 0.00288480 -0.08153486
v -0.00557214 0.01007658 -0.08358639
v -0.00557226 0.00740391 -0.08293926
v -0.00557232 0.00472546 -0.08221840
v -0.00494754 0.00078665 -0.08107829
v -0.00740212 0.00959664 -0.08328258
v -0.00740212 0.01459687 -0.08432376
v -0.00267690 0.00974446 -0.08370220
v -0.00298703 0.00742155 -0.08312219
v -0.00036235 0.00472564 -0.08246809
v -0.00150472 0.00288522 -0.08191376
v -0.00298268 0.00472557 -0.08239746
v -0.00442046 0.00288510 -0.08177399
v -0.00236875 0.00077781 -0.08122879
v -0.01629100 -0.01145648 -0.07526614
v -0.01470357 -0.01183053 -0.07554226
v -0.01470360 -0.01183146 -0.07440218
v -0.01332284 -0.01185931 -0.07587693
v -0.01707597 -0.01045225 -0.07548862
v -0.01645842 -0.00943408 -0.07613964
v -0.01596018 -0.00913777 -0.07528732
v -0.01455315 -0.00922135 -0.07676952
v -0.01357191 -0.00953936 -0.07687669
v -0.01357191 -0.01049798 -0.07644766
v -0.01357209 -0.01355016 -0.07500410
v -0.01319873 -0.01488492 -0.07442460
v -0.01282429 -0.00890285 -0.07732868
v -0.01581454 -0.00890344 -0.07656490
v -0.01702967 -0.01157614 -0.07498279
v -0.01659509 -0.01349043 -0.07418963
v -0.01712348 -0.01488598 -0.07331347
v -0.00771654 -0.00890209 -0.07823022
v -0.00771648 -0.01173105 -0.07697031
v -0.00734288 -0.01488429 -0.07549875
v -0.00809038 -0.01412051 -0.07577860
v -0.00979379 -0.01450264 -0.07532018
v -0.01182804 -0.01450387 -0.07378718
v -0.01182784 -0.01450298 -0.07492874
v -0.00211006 -0.00966537 -0.07836258
v -0.00173643 -0.01191988 -0.07736290
v -0.00211036 -0.01412016 -0.07630485
v -0.00304732 -0.00928360 -0.07848649
v -0.00475761 -0.00950642 -0.07827834
v -0.00304726 -0.01450207 -0.07607418
v -0.00443606 -0.01435438 -0.07493892
v -0.00475781 -0.01427933 -0.07606889
v -0.00503829 -0.01442875 -0.07485130
v -0.00581664 -0.01340447 -0.07639966
v -0.00582994 -0.01059297 -0.07770470
v -0.00597227 -0.01189750 -0.07709723
v -0.00136256 -0.00890171 -0.07871258
v -0.00547409 -0.00932632 -0.07829648
v -0.00603461 -0.00992033 -0.07798409
v -0.00634617 -0.01284766 -0.07661300
v -0.00547431 -0.01445954 -0.07591814
v -0.00136286 -0.01488369 -0.07594919
v -0.01277709 0.00281995 -0.08162170
v -0.00998062 0.00288540 -0.08217179
v -0.00699037 0.00288570 -0.08258545
v -0.00574464 0.00160634 -0.08232247
v -0.00494724 0.00078728 -0.08213210
v -0.00288087 -0.00133496 -0.08155906
v -0.00873101 -0.00133544 -0.08100670
v -0.01080149 0.00079093 -0.08137965
v -0.00584686 -0.00133514 -0.08135020
v 0.00553894 -0.00133514 -0.08137899
v 0.00262862 -0.00133496 -0.08157038
v -0.00031100 -0.00133496 -0.08162498
v -0.00266331 0.00108129 -0.08236358
v -0.00442034 0.00288588 -0.08282065
v 0.00319532 0.00107218 -0.08233591
v 0.00142950 0.00288600 -0.08296006
v -0.00150484 0.00288600 -0.08295828
v -0.00557208 0.01007717 -0.08461606
v -0.00298655 0.00742185 -0.08415520
v -0.00036225 0.00472647 -0.08350706
v -0.00557214 0.00740498 -0.08397525
v -0.00557214 0.00472623 -0.08326137
v -0.00298202 0.00472635 -0.08343756
v 0.01396048 -0.00133616 -0.08000749
v 0.01107877 -0.00133574 -0.08062088
v 0.00811064 -0.00133538 -0.08109295
v 0.00607133 0.00075940 -0.08202379
v 0.00529552 0.00155628 -0.08234697
v 0.00400120 0.00288588 -0.08284920
v 0.01193326 0.00074631 -0.08115100
v 0.01013690 0.00259179 -0.08205684
v 0.00697094 0.00288570 -0.08258807
v 0.00146568 -0.00316012 -0.08096677
v 0.00409073 -0.00316012 -0.08084911
v 0.00667572 -0.00316036 -0.08062255
v 0.00406420 -0.00582945 -0.07984626
v 0.00667554 -0.00851208 -0.07852327
v 0.00667566 -0.00585872 -0.07960438
v -0.00936419 -0.00316054 -0.08026629
v -0.00529504 -0.00316024 -0.08075696
v -0.00110412 -0.00316012 -0.08097428
v -0.01340210 0.00098627 -0.08091235
v -0.01618880 0.00384790 -0.08107489
v -0.01704227 0.00472450 -0.08107405
v 0.00380403 -0.00820220 -0.07890355
v 0.00850707 -0.01303368 -0.07624787
v 0.00850725 -0.00819588 -0.07842290
v 0.00850743 -0.00316054 -0.08039391
v 0.01354163 -0.00316131 -0.07945650
v 0.01814717 -0.00316232 -0.07815808
v 0.01442492 0.00066203 -0.08056437
v 0.01239240 0.00275016 -0.08168309
v 0.01046925 0.00472575 -0.08262437
v 0.00642347 0.00472617 -0.08318001
v 0.00220936 0.00472635 -0.08346956
v -0.00267327 0.00974166 -0.08472877
v -0.00740194 0.01459795 -0.08534747
v -0.00740212 0.00957626 -0.08431136
v -0.00740224 0.00472605 -0.08307069
v -0.01244580 0.00472546 -0.08224678
v -0.01204288 0.09599500 0.00631327
v -0.01246953 0.09599626 0.00471914
v -0.01130348 0.09599715 0.00355327
v -0.00970930 0.09599685 0.00398010
v -0.00390559 0.09599220 0.00978494
v -0.00347894 0.09599095 0.01137924
v -0.00464511 0.09598999 0.01254498
v -0.00623923 0.09599035 0.01211822
v -0.01044881 0.09599471 0.00674027
v -0.00666577 0.09599155 0.01052379
v -0.00928271 0.09599560 0.00557423
v -0.00549972 0.09599256 0.00935811
v -0.01156061 0.09599906 0.00113595
v -0.01194840 0.09600025 -0.00031327
v -0.01088833 0.09600108 -0.00137311
v -0.00943923 0.09600079 -0.00098510
v -0.00565731 0.09599548 0.00573266
v -0.00905144 0.09599965 0.00046420
v -0.01011151 0.09599876 0.00152403
v -0.00120801 0.09599190 0.01025229
v -0.00088496 0.09599089 0.01146024
v 0.00032273 0.09599065 0.01178354
v 0.00120604 0.09599137 0.01090019
v 0.00088297 0.09599226 0.00969261
v -0.00032472 0.09599256 0.00936920
v 0.01204288 0.09600490 -0.00616044
v 0.01246953 0.09600365 -0.00456625
v 0.01130348 0.09600269 -0.00340038
v 0.00970930 0.09600305 -0.00382721
v 0.00390547 0.09600770 -0.00963205
v 0.00347894 0.09600895 -0.01122617
v 0.00464493 0.09600991 -0.01239228
v 0.00623923 0.09600955 -0.01196539
v 0.01044875 0.09600526 -0.00658738
v 0.00666577 0.09600830 -0.01037091
v 0.00928271 0.09600436 -0.00542152
v 0.00549960 0.09600740 -0.00920522
v 0.01156055 0.09600079 -0.00098315
v 0.01194840 0.09599965 0.00046615
v 0.01088827 0.09599876 0.00152600
v 0.00943917 0.09599906 0.00113791
v 0.00565731 0.09600448 -0.00557971
v 0.00905138 0.09600025 -0.00031132
v 0.01011145 0.09600108 -0.00137114
v 0.00120801 0.09600806 -0.01009953
v 0.00088492 0.09600895 -0.01130717
v -0.00032277 0.09600925 -0.01163077
v -0.00120604 0.09600859 -0.01074749
v -0.00088301 0.09600758 -0.00953972
v 0.00032467 0.09600740 -0.00921637
v -0.02949392 0.10399600 0.00503737
v -0.02994665 0.10349695 0.00334630
v -0.02870947 0.10349800 0.00210941
v -0.02701890 0.10349800 0.00256238
v -0.02780354 0.10399600 0.00549054
v -0.00496018 0.10347600 0.02957544
v -0.00326961 0.10347600 0.03002831
v -0.00203222 0.10397700 0.02879166
v 0.00417027 0.10347600 0.03002912
v 0.00247973 0.10347600 0.02957612
v -0.00248498 0.10397800 0.02710109
v -0.00541294 0.10397800 0.02788531
v 0.00202697 0.10397800 0.02788615
v 0.00326443 0.10397900 0.02664870
v 0.00495475 0.10397800 0.02710199
v 0.00540751 0.10397700 0.02879238
v 0.02949386 0.10400400 -0.00487172
v 0.02701884 0.10350195 -0.00239750
v 0.02780354 0.10400400 -0.00532490
v 0.00496006 0.10402300 -0.02941030
v 0.00326967 0.10402400 -0.02986317
v 0.00203222 0.10402300 -0.02862608
v -0.00417006 0.10402400 -0.02986407
v -0.00247973 0.10402300 -0.02941077
v 0.00248498 0.10352100 -0.02693590
v -0.00495487 0.10352100 -0.02693658
v -0.00540763 0.10402300 -0.02862668
v 0.03715616 0.11470750 -0.01124525
v 0.03784850 0.11470500 -0.00866097
v 0.03812005 0.11364134 -0.00756975
v 0.03800439 0.11244390 -0.00728798
v 0.03806007 0.11114798 -0.00758360
v 0.03784876 0.11001000 -0.00866288
v 0.03715628 0.11001000 -0.01124840
v 0.03684533 0.11107467 -0.01233062
v 0.03660391 0.11227217 -0.01251666
v 0.03679927 0.11356800 -0.01228834
v -0.03715541 0.11468799 0.01143089
v -0.03784752 0.11469345 0.00884769
v -0.03812005 0.11362934 0.00775071
v -0.03800443 0.11243189 0.00746705
v -0.03806010 0.11113600 0.00776062
v -0.03784752 0.10999250 0.00884387
v -0.03715517 0.10999500 0.01142776
v -0.03684540 0.11105464 0.01250744
v -0.03660396 0.11225217 0.01269543
v -0.03679934 0.11354797 0.01246917
v -0.02936631 0.11109000 0.01215786
v -0.03174999 0.11109995 0.00008551
v -0.02936324 0.11110995 -0.01198834
v -0.02232660 0.11130969 -0.02222052
v -0.01216805 0.11112300 -0.02923703
v 0.01217538 0.11112300 -0.02923405
v 0.02232504 0.11130969 -0.02222239
v 0.02936619 0.11110950 -0.01198085
v 0.03174987 0.11109995 0.00009141
v 0.02936324 0.11109000 0.01216531
v 0.02232660 0.11127360 0.02239771
v 0.01216805 0.11107650 0.02941396
v -0.01217538 0.11107650 0.02941083
v -0.02232504 0.11127360 0.02239942
v 0.02415809 0.11166750 0.02420324
v 0.03155073 0.11167650 0.01314196
v 0.03414797 0.11168645 0.00009210
v 0.03155321 0.11169650 -0.01295828
v 0.02416256 0.11170550 -0.02402096
v 0.01310115 0.11171150 -0.03141361
v 0.01309535 0.11166150 0.03159404
v 0.00006328 0.11138076 -0.03252359
v -0.00006327 0.11132887 0.03270086
v -0.03145653 0.11133999 0.01313638
v -0.02406609 0.11133100 0.02419847
v -0.01300561 0.11132500 0.03159075
v 0.00004497 0.11132290 0.03418851
v 0.00005130 0.11137700 -0.03401130
v -0.01299971 0.11137500 -0.03141586
v -0.02406162 0.11136900 -0.02402555
v -0.03145402 0.11136000 -0.01296508
v -0.03405159 0.11134990 0.00008550
v -0.02668723 0.10299700 0.00422040
v -0.02719581 0.10299800 0.00273872
v -0.02864480 0.10299800 0.00235063
v -0.02970492 0.10299700 0.00341052
v -0.02940556 0.10299590 0.00494820
v -0.02710658 0.10300400 -0.00478950
v -0.02867663 0.10300400 -0.00520992
v -0.02970439 0.10300300 -0.00402921
v -0.02931660 0.10300200 -0.00257998
v -0.02786719 0.10300200 -0.00219190
v -0.00256816 0.10302300 -0.02932339
v -0.00528657 0.10302300 -0.02859562
v -0.00477809 0.10302200 -0.02711385
v -0.00332880 0.10302100 -0.02672570
v 0.00487170 0.10302300 -0.02932259
v 0.00215322 0.10302300 -0.02859487
v 0.00266182 0.10302200 -0.02711308
v 0.02940550 0.10300400 -0.00478419
v 0.02668720 0.10300300 -0.00405639
v 0.02719563 0.10300200 -0.00257468
v 0.02864480 0.10300200 -0.00218659
v 0.02982506 0.10299700 0.00422567
v 0.02931648 0.10299800 0.00274402
v 0.02786719 0.10299800 0.00235594
v 0.02668643 0.10299700 0.00338343
v 0.00214794 0.10297800 0.02791736
v 0.00265652 0.10297700 0.02939891
v 0.00410569 0.10297600 0.02978718
v 0.00528651 0.10297700 0.02875963
v -0.00529179 0.10297800 0.02791667
v -0.00478333 0.10297700 0.02939838
v -0.00333411 0.10297600 0.02978628
v -0.00215328 0.10297700 0.02875873
v -0.02179986 0.10173300 -0.00092102
v -0.02179980 0.10000200 -0.00192237
v -0.02179986 0.09826880 -0.00092378
v -0.02180010 0.09826719 0.00107610
v -0.02180022 0.09999835 0.00207746
v -0.02180010 0.10173100 0.00107885
v -0.02667421 0.10301200 -0.01482278
v -0.02494168 0.10301300 -0.01655501
v -0.02412909 0.10253790 -0.01736778
v -0.02379244 0.10138890 -0.01770520
v -0.02379244 0.09863907 -0.01770728
v -0.02412909 0.09748989 -0.01737177
v -0.02494168 0.09701317 -0.01655972
v -0.02667421 0.09701174 -0.01482743
v -0.02748680 0.09748715 -0.01401466
v -0.02782320 0.09863585 -0.01367712
v -0.02782320 0.10138600 -0.01367497
v -0.02748680 0.10253500 -0.01401054
v -0.01778131 0.10139390 -0.02371490
v -0.01778131 0.09864389 -0.02371716
v -0.01744478 0.10254290 -0.02405071
v -0.01663219 0.10302000 -0.02486270
v -0.01744478 0.09749519 -0.02405470
v -0.01663219 0.09701979 -0.02486747
v -0.01489979 0.09702116 -0.02659970
v -0.01408720 0.09749788 -0.02741158
v -0.01375055 0.09864705 -0.02774739
v -0.01375055 0.10139700 -0.02774506
v -0.01408720 0.10254600 -0.02740776
v -0.01489979 0.10302100 -0.02659487
v -0.00099800 0.09828525 -0.02172178
v -0.00199789 0.10001700 -0.02172029
v -0.00099800 0.10174900 -0.02171891
v 0.00100195 0.10174900 -0.02171880
v 0.00200194 0.10001700 -0.02172017
v 0.00100195 0.09828525 -0.02172160
v -0.02413231 0.10251000 0.01752638
v -0.02494478 0.10298700 0.01671433
v -0.02667701 0.10298800 0.01498156
v -0.02748936 0.10251300 0.01416867
v -0.02782601 0.10136400 0.01383107
v -0.02782601 0.09861397 0.01382911
v -0.02748936 0.09746468 0.01416468
v -0.02667701 0.09698808 0.01497691
v -0.02494466 0.09698671 0.01670950
v -0.02413231 0.09746205 0.01752251
v -0.02379578 0.09861075 0.01785993
v -0.02379578 0.10136100 0.01786214
v -0.01744925 0.09745675 0.02420651
v -0.01663684 0.09698009 0.02501887
v -0.01778578 0.09860599 0.02387088
v -0.01778578 0.10135600 0.02387315
v -0.01744925 0.10250500 0.02421069
v -0.01663684 0.10298000 0.02502351
v -0.01490467 0.10297900 0.02675598
v -0.01409226 0.10250200 0.02756834
v -0.01375567 0.10135300 0.02790409
v -0.01375567 0.09860277 0.02790176
v -0.01409226 0.09745407 0.02756416
v -0.01490467 0.09697866 0.02675127
v 0.00099795 0.09825056 0.02187824
v 0.00199789 0.09998255 0.02187979
v 0.00099795 0.10171500 0.02188104
v -0.00100195 0.10171500 0.02188086
v -0.00200194 0.09998255 0.02187937
v -0.00100195 0.09825056 0.02187806
v 0.01490461 0.10302100 -0.02659213
v 0.01663684 0.10302000 -0.02485942
v 0.01744925 0.10254290 -0.02404731
v 0.01778572 0.10139390 -0.02371168
v 0.01778572 0.09864389 -0.02371370
v 0.01744925 0.09749519 -0.02405130
v 0.01663684 0.09701979 -0.02486431
v 0.01490461 0.09702116 -0.02659696
v 0.01409214 0.09749788 -0.02740913
v 0.01375561 0.09864705 -0.02774477
v 0.01375561 0.10139700 -0.02774268
v 0.01409214 0.10254600 -0.02740508
v 0.02413225 0.10253800 -0.01736325
v 0.02494466 0.10301300 -0.01655036
v 0.02379566 0.10138900 -0.01770079
v 0.02379566 0.09863907 -0.01770281
v 0.02413225 0.09748989 -0.01736724
v 0.02494466 0.09701317 -0.01655507
v 0.02667695 0.09701180 -0.01482254
v 0.02748936 0.09748715 -0.01400941
v 0.02782595 0.09863585 -0.01367199
v 0.02782595 0.10138600 -0.01366972
v 0.02748936 0.10253500 -0.01400554
v 0.02667695 0.10301200 -0.01481771
v 0.01744478 0.10250500 0.02421385
v 0.01663219 0.10298000 0.02502650
v 0.01489973 0.10297900 0.02675879
v 0.01408714 0.10250200 0.02757096
v 0.01375049 0.10135300 0.02790665
v 0.01375049 0.09860277 0.02790445
v 0.01408714 0.09745407 0.02756685
v 0.01489973 0.09697866 0.02675414
v 0.01663219 0.09698009 0.02502197
v 0.01744478 0.09745681 0.02420973
v 0.01778125 0.09860599 0.02387428
v 0.01778125 0.10135600 0.02387636
v 0.02379220 0.09861081 0.01786422
v 0.02379220 0.10136100 0.01786655
v 0.02412903 0.09746211 0.01752698
v 0.02494168 0.09698671 0.01671415
v 0.02412903 0.10251000 0.01753097
v 0.02494168 0.10298700 0.01671898
v 0.02667415 0.10298800 0.01498675
v 0.02748674 0.10251300 0.01417398
v 0.02782320 0.10136400 0.01383644
v 0.02782320 0.09861397 0.01383417
v 0.02748674 0.09746468 0.01416999
v 0.02667415 0.09698808 0.01498186
v 0.02179986 0.10173100 0.00108302
v 0.02179974 0.09999835 0.00208158
v 0.02179986 0.09826719 0.00108016
v 0.02180004 0.09826880 -0.00091973
v 0.02180016 0.10000200 -0.00191825
v 0.02180004 0.10173300 -0.00091697
v -0.02783570 0.10299590 0.00536865
v -0.00413814 0.10302400 -0.02974385
v 0.00330174 0.10302400 -0.02974319
v 0.02783564 0.10300400 -0.00520456
v 0.02710643 0.10299600 0.00495354
v 0.02867660 0.10299600 0.00537396
v 0.00329637 0.10297900 0.02676910
v 0.00486639 0.10297800 0.02718940
v -0.00414342 0.10297900 0.02676832
v -0.00257340 0.10297800 0.02718887
v -0.01944726 0.09298325 0.02106750
v -0.01835122 0.09298363 0.02061361
v -0.02054327 0.09298363 0.02061352
v 0.01944336 0.09298325 0.02107117
v 0.02053949 0.09298363 0.02061727
v 0.01834747 0.09298363 0.02061700
v 0.02544957 -0.01099979 -0.06250631
v 0.02428358 -0.01118970 -0.06250667
v 0.02668844 -0.01150064 -0.06290723
v 0.02155019 0.01347867 -0.07800831
v 0.02119970 0.01281619 -0.07938200
v 0.02275410 0.00058669 -0.07417393
v 0.01713860 0.02853649 -0.07988095
v 0.01802116 0.02768504 -0.07911467
v 0.01785588 0.02836048 -0.08070635
v -0.00850052 0.09197792 0.02777645
v -0.00740445 0.09197822 0.02732247
v -0.00959653 0.09197822 0.02732232
v 0.00849530 0.09197792 0.02777797
v 0.00959140 0.09197822 0.02732405
v 0.00739929 0.09197822 0.02732393
v -0.02751863 0.09450626 -0.00790989
v -0.02591061 0.09450566 -0.00713372
v -0.02751863 0.09230625 -0.00791162
v 0.02621316 0.09450918 -0.01149618
v 0.02448254 0.09450876 -0.01105719
v 0.02621316 0.09230917 -0.01149809
v 0.03359818 -0.01730829 -0.06031065
v 0.03243446 -0.01578789 -0.06030941
v 0.03334528 -0.01920580 -0.06031208
v -0.01560246 -0.03040099 -0.06032567
v -0.01674431 -0.02896386 -0.06032449
v -0.01575011 -0.03223037 -0.06032705
v -0.01972031 -0.01540148 -0.07030831
v -0.02007126 -0.01346385 -0.07118660
v -0.02096140 -0.01482748 -0.06956660
v -0.00986878 -0.02934455 -0.06444795
v -0.00914836 -0.02782446 -0.06568485
v -0.01097089 -0.02835297 -0.06442916
v 0.01495822 -0.02007508 -0.06932449
v 0.01254236 -0.02058315 -0.06967598
v 0.01457459 -0.02099732 -0.06852817
v 0.02130485 0.09501951 -0.02451753
v 0.02322548 0.09501808 -0.02265805
v 0.01978200 0.09502059 -0.02588445
v 0.02595025 0.09299260 0.00931245
v 0.02536535 0.09298986 0.01275956
v 0.02451407 0.09299516 0.00612456
v -0.02631187 0.09599858 0.00184936
v -0.02631217 0.09549548 0.00573805
v -0.02631103 0.09600448 -0.00559056
v -0.02631133 0.09550139 -0.00170174
v -0.00096740 0.09518915 -0.02818264
v -0.00177278 0.09519064 -0.03012649
v -0.00177268 0.09518754 -0.02623742
v 0.00566701 0.09519064 -0.03012579
v 0.00566705 0.09518754 -0.02623664
v 0.03100645 0.09550288 -0.00364095
v 0.03020095 0.09600448 -0.00558525
v 0.03020066 0.09550139 -0.00169643
v 0.03100574 0.09549697 0.00379881
v 0.03020048 0.09599858 0.00185466
v 0.03020018 0.09549548 0.00574333
v 0.00587015 0.09497900 0.02635006
v 0.00566159 0.09514254 0.03027948
v -0.00097264 0.09514415 0.02833400
v -0.00177809 0.09514564 0.02638956
v -0.00177818 0.09514254 0.03027878
v -0.01424390 0.02723336 -0.06497967
v -0.01247608 0.02650099 -0.06498008
v -0.01601159 0.02650099 -0.06498038
v -0.02467548 0.01180166 -0.06499290
v -0.02644342 0.01253396 -0.06499248
v -0.02290791 0.01253396 -0.06499218
v -0.02467548 -0.01169800 -0.06501156
v -0.02290791 -0.01243031 -0.06501197
v -0.02644342 -0.01243031 -0.06501239
v -0.01424390 -0.02212989 -0.06501895
v -0.01247608 -0.02286189 -0.06501936
v -0.01601159 -0.02286189 -0.06501966
v 0.01425600 -0.02212989 -0.06501626
v 0.01602369 -0.02286189 -0.06501668
v 0.01248818 -0.02286189 -0.06501710
v 0.02468758 -0.01169800 -0.06500697
v 0.02645546 -0.01243031 -0.06500744
v 0.02291995 -0.01243031 -0.06500780
v 0.02468752 0.01180166 -0.06498819
v 0.02291995 0.01253396 -0.06498789
v 0.02645546 0.01253396 -0.06498754
v 0.01425600 0.02723336 -0.06497699
v 0.01602369 0.02650099 -0.06497740
v 0.01248812 0.02650099 -0.06497776
v 0.01600813 -0.02075505 -0.06723886
v 0.01570737 -0.02060520 -0.06841969
v 0.01426788 -0.02135735 -0.06734824
v -0.01199430 -0.03058511 -0.06040006
v -0.01132428 -0.03193742 -0.06140707
v -0.01199418 -0.02931278 -0.06138448
v 0.01700365 0.07081258 -0.04705762
v 0.01634645 0.07125628 -0.04642286
v 0.01634653 0.07036880 -0.04769244
v -0.01299607 0.07081258 -0.04706043
v -0.01365327 0.07125628 -0.04642566
v -0.01365316 0.07036880 -0.04769530
v -0.01699340 0.05308455 -0.06292760
v -0.01633620 0.05245056 -0.06337234
v -0.01633644 0.05371875 -0.06248283
v 0.01200294 0.07814645 -0.03215736
v 0.01139879 0.07669121 -0.03142410
v 0.01200217 0.08142775 -0.02461832
v -0.01199692 0.07814645 -0.03215938
v -0.01199764 0.08142775 -0.02462077
v -0.01139295 0.07669115 -0.03142619
v -0.01499789 0.08201664 -0.02093666
v -0.01577237 0.08201718 -0.02159383
v -0.01422349 0.08201718 -0.02159368
v 0.01500183 0.08201670 -0.02093392
v 0.01422738 0.08201718 -0.02159106
v 0.01577643 0.08201718 -0.02159094
v -0.01449394 0.04954874 -0.06485211
v -0.01462362 0.04221069 -0.06568895
v -0.01502370 0.05037837 -0.06373330
v 0.01700508 0.05308455 -0.06292450
v 0.01634794 0.05371878 -0.06247976
v 0.01634805 0.05245060 -0.06336933
v 0.01450598 0.04954874 -0.06484937
v 0.01503554 0.05037837 -0.06373053
v 0.01450604 0.04239606 -0.06594303
v -0.01968366 0.02527251 -0.05898159
v -0.01787954 0.02301079 -0.05898326
v -0.01601612 0.02774727 -0.05897938
v -0.00583535 0.08113759 0.00006484
v 0.00000000 0.08099997 0.00007380
v -0.00859374 0.08130115 0.00006444
v -0.02683562 0.03181278 -0.05766499
v -0.02564167 0.03279167 -0.05765390
v -0.02803996 0.03058701 -0.05754541
v 0.02805058 0.03058702 -0.05754021
v 0.02800214 0.03119206 -0.05900192
v 0.02684623 0.03181278 -0.05765992
v -0.02149784 0.08672750 -0.01317489
v -0.02349138 0.08735609 -0.00918871
v -0.01874119 0.08597666 -0.01685285
v 0.00177840 0.09519064 -0.03012611
v 0.01133000 0.09342003 -0.03211563
v 0.01061713 0.09368211 -0.03326302
v 0.00989145 0.09365850 -0.03425781
v 0.01004415 0.08904206 -0.04680120
v 0.02580328 0.08994459 -0.02214006
v 0.02551919 0.09064596 -0.02144908
v 0.02553546 0.09067136 -0.02252370
v 0.02436062 0.09132407 -0.02210452
v 0.02500119 0.08979478 -0.02050939
v 0.02472275 0.09091711 -0.02074182
v 0.02361702 0.09111255 -0.02068382
v 0.02334889 0.08991003 -0.02025130
v 0.02232558 0.09029763 -0.02102440
v 0.02294549 0.09129053 -0.02153533
v 0.02374845 0.09142690 -0.02211201
v 0.02424216 0.08743339 -0.03177177
v 0.02578008 0.08690327 -0.02256560
v 0.02567222 0.08455488 -0.02236473
v 0.02518857 0.08491644 -0.02107384
v 0.02437055 0.08507549 -0.02048516
v 0.02308505 0.08507508 -0.02048677
v 0.02209258 0.08487451 -0.02122879
v 0.02218449 0.08726060 -0.02109807
v 0.01904916 0.08969920 -0.02492249
v 0.01901924 0.08377480 -0.02495902
v 0.01565360 0.08995398 -0.02820995
v 0.01489797 0.08274158 -0.02807716
v 0.01620775 0.09096285 -0.02887654
v 0.01665908 0.09101146 -0.02993347
v 0.02042025 0.09113526 -0.02628529
v 0.01599079 0.09084472 -0.03084468
v 0.02556672 0.08409634 -0.02465668
v 0.02485986 0.08322201 -0.02714063
v 0.02520415 0.08292699 -0.02795699
v 0.02441821 0.08269617 -0.02931386
v 0.02433247 0.08236422 -0.03037318
v -0.02699756 0.03090720 -0.07764648
v -0.02751749 0.03032641 -0.07669275
v -0.02673396 0.02949356 -0.07776146
v -0.02737236 0.03144884 -0.07683759
v -0.02733910 0.03140968 -0.06921809
v -0.02759820 0.03008351 -0.05994967
v -0.02744860 0.03141471 -0.06169708
v -0.02796116 0.02935421 -0.05859842
v -0.02812600 0.02916014 -0.07546919
v 0.02252650 0.03046715 -0.07995408
v 0.02699539 0.03053857 -0.07772063
v 0.01762265 0.03043472 -0.08213708
v 0.02651965 0.03118169 -0.07819199
v 0.01651305 0.03271597 -0.08281139
v 0.02515786 0.04160130 -0.07810121
v 0.01615392 0.03533327 -0.08302343
v 0.01664292 0.04513096 -0.08126688
v 0.02391862 0.04773205 -0.07671105
v 0.01664185 0.04637587 -0.08085417
v 0.02241897 0.05425029 -0.07420450
v 0.01637065 0.05694947 -0.07565284
v 0.02735197 0.03140968 -0.06921595
v 0.02739471 0.03105647 -0.07689475
v 0.02765944 0.03146700 -0.06168567
v 0.02763503 0.03022259 -0.07635468
v 0.02760940 0.03008348 -0.05994465
v 0.02813994 0.02916020 -0.07546401
v 0.02796622 0.02935671 -0.05859210
v 0.02796633 0.02942039 -0.05748469
v 0.02631748 0.04046079 -0.06871894
v 0.02554012 0.03949114 -0.06827269
v 0.02589758 0.03803510 -0.06771417
v 0.02706231 0.03669999 -0.06707142
v 0.02680319 0.03534877 -0.06625151
v 0.02700412 0.03394287 -0.06505483
v 0.02751082 0.03296947 -0.06376278
v 0.02599465 0.04155719 -0.07672876
v 0.02567213 0.04165720 -0.06921529
v 0.02496286 0.04271900 -0.06906044
v 0.02542355 0.04424744 -0.06919017
v 0.02480024 0.04559779 -0.06933730
v 0.02475315 0.04751664 -0.07536739
v 0.02492207 0.04694123 -0.06872850
v 0.02425631 0.04904784 -0.06826611
v 0.02347522 0.05087727 -0.06793576
v 0.02325963 0.05385166 -0.07291120
v 0.02240819 0.05299295 -0.06653426
v 0.02193818 0.05502710 -0.06557748
v 0.02177757 0.06013095 -0.06939178
v 0.02168226 0.05774080 -0.06426161
v 0.02163155 0.05975147 -0.06233849
v 0.02105647 0.06119961 -0.06169885
v 0.02068734 0.06231480 -0.06083548
v 0.02067416 0.06583458 -0.06514728
v 0.02046597 0.06371897 -0.05963307
v 0.02023192 0.06492685 -0.05794205
v 0.02018815 0.06638288 -0.05713152
v 0.02015036 0.07103335 -0.06028014
v 0.02054136 0.06761035 -0.05525869
v 0.02053659 0.06979921 -0.05270737
v 0.02024108 0.07582837 -0.05469679
v 0.01977128 0.07156596 -0.05041992
v 0.02081647 0.07372794 -0.04763737
v 0.02096486 0.08008247 -0.04844349
v 0.02077387 0.07525197 -0.04480601
v 0.02172403 0.07630863 -0.04300151
v 0.02168792 0.07777918 -0.04022101
v 0.02252874 0.07819447 -0.03933858
v 0.02237623 0.08406180 -0.04079347
v 0.02223420 0.07916857 -0.03750817
v 0.02286314 0.08005458 -0.03629338
v 0.02355734 0.08008018 -0.03518254
v 0.02345189 0.08113386 -0.03369757
v 0.02380725 0.08174101 -0.03211721
v 0.02450078 0.08158498 -0.03148380
v 0.03092962 0.08821970 0.00008129
v 0.02998059 0.08814507 -0.00596249
v 0.03048639 0.08764868 -0.00748533
v 0.02889674 0.08733886 -0.01214951
v 0.02880895 0.08682870 -0.01489943
v 0.02745175 0.08605146 -0.01840227
v 0.02702200 0.08458668 -0.02241828
v 0.02655744 0.08500158 -0.02076119
v 0.02789205 0.08627420 -0.01544708
v 0.02890110 0.08711850 -0.01079684
v 0.02950763 0.08781385 -0.00470170
v -0.02699351 0.03393196 -0.06504988
v -0.02679491 0.03532147 -0.06623560
v -0.02692206 0.03684415 -0.06720817
v -0.02572458 0.03821887 -0.06774421
v -0.02556804 0.03946138 -0.06828655
v -0.02616804 0.04046879 -0.06879628
v -0.02567279 0.04159224 -0.06920778
v -0.02564805 0.04273301 -0.06936022
v -0.02575106 0.04393905 -0.06904148
v -0.02481055 0.04549944 -0.06935280
v -0.02488545 0.04692474 -0.06876144
v -0.02428055 0.04905076 -0.06823754
v -0.02350753 0.05070626 -0.06800746
v -0.02317702 0.05264732 -0.06689930
v -0.02188602 0.05495464 -0.06558797
v -0.02254231 0.05585110 -0.06429873
v -0.02094116 0.06147096 -0.06149588
v -0.02167894 0.05986447 -0.06199554
v -0.02073675 0.06425276 -0.05846611
v -0.02766104 0.03319978 -0.06376246
v -0.02225681 0.05701977 -0.06421306
v -0.02128875 0.05933421 -0.06315779
v -0.02047801 0.06355577 -0.05978053
v -0.02019095 0.06619167 -0.05732578
v -0.02026284 0.06743413 -0.05600446
v -0.02061599 0.06753599 -0.05522143
v -0.01962632 0.06900807 -0.05371483
v -0.01988795 0.07122200 -0.05084950
v -0.02797629 0.08811289 0.01356415
v -0.01956009 0.08798038 0.02460891
v -0.02828409 0.08691972 0.01375754
v -0.01958767 0.08690110 0.02462194
v -0.03138497 0.08688349 0.00017495
v -0.03097643 0.08820701 0.00007487
v -0.02073975 0.09298469 0.01925822
v -0.01918764 0.09298553 0.01822483
v -0.02086114 0.09298557 0.01810324
v -0.01803272 0.09298557 0.01810348
v -0.01789718 0.09298449 0.01951766
v 0.01815086 0.09298469 0.01926175
v 0.01970301 0.09298553 0.01822863
v 0.01802945 0.09298557 0.01810675
v 0.02085787 0.09298557 0.01810717
v 0.02099350 0.09298449 0.01952135
v -0.01499326 0.05851149 -0.07136019
v -0.01430040 0.05909729 -0.07080239
v -0.01533972 0.05926105 -0.07068764
v 0.01500649 0.05851149 -0.07135746
v 0.01569926 0.05909729 -0.07079958
v 0.01466005 0.05926105 -0.07068485
v 0.01500481 0.07789443 -0.05249623
v 0.01569741 0.07825416 -0.05177170
v 0.01465830 0.07836881 -0.05160775
v -0.01499497 0.07789443 -0.05249906
v -0.01430231 0.07825416 -0.05177450
v -0.01534146 0.07836881 -0.05161061
v -0.01836870 0.08793449 0.01951362
v -0.01952484 0.08789527 0.01853756
v -0.02054394 0.08792013 0.01962445
v -0.01938477 0.08789366 0.02051985
v 0.02050049 0.08792825 0.01951729
v 0.01931603 0.08790348 0.01853159
v 0.01834662 0.08792013 0.01962823
v 0.01950580 0.08789366 0.02052352
v 0.02928141 0.01022069 -0.07436135
v 0.02877310 0.01168387 -0.07368245
v 0.02822655 0.01103866 -0.07474714
v 0.02714025 0.01156169 -0.07428103
v 0.02766445 0.01200091 -0.07294405
v 0.02647107 0.01159360 -0.07299548
v 0.02241233 -0.01221552 -0.06250766
v 0.02166587 -0.01298987 -0.06250840
v 0.02142858 -0.01425218 -0.06250938
v 0.03039552 0.01608581 -0.06886609
v 0.03195127 0.01658836 -0.06887507
v 0.03043224 0.01681546 -0.06983232
v 0.03172111 0.01768398 -0.07026377
v 0.03291365 0.01786964 -0.06935545
v 0.03286612 0.01913321 -0.07039666
v 0.03190386 0.01867127 -0.07078814
v 0.03320280 0.01928496 -0.06935310
v 0.03316015 0.01972335 -0.05728101
v 0.03306889 0.01798117 -0.05728238
v 0.03202426 0.01658505 -0.05728358
v 0.03037846 0.01600557 -0.05728441
v 0.03232187 0.02240985 -0.05727905
v 0.03140062 0.02449724 -0.07214457
v 0.03124815 0.02477538 -0.05727738
v 0.02867627 0.02845770 -0.07476246
v 0.02863365 0.02849560 -0.06559348
v 0.02857702 0.02854907 -0.05727458
v -0.03039044 0.01620482 -0.06904710
v -0.02889270 0.01655201 -0.06891534
v -0.02956134 0.01710742 -0.07009362
v -0.02821492 0.01729956 -0.06945071
v -0.03301087 0.01819205 -0.06931961
v -0.03285300 0.01913321 -0.07040280
v -0.03314840 0.01973307 -0.06948310
v -0.03187618 0.01833450 -0.07061308
v -0.02545082 0.02283656 -0.07481318
v -0.03129658 0.01713761 -0.06998509
v -0.03046286 0.02318492 -0.07344943
v -0.02015119 0.02758705 -0.07973206
v -0.02807933 0.02686309 -0.07604879
v -0.02740490 0.02778995 -0.07674759
v -0.01950281 0.02810060 -0.08032089
v -0.01876950 0.02883327 -0.08108478
v -0.02299100 0.02900528 -0.07927310
v -0.01941782 0.02705389 -0.07930326
v -0.01784080 0.02836054 -0.08070969
v -0.01878350 0.02708566 -0.07852667
v -0.01800662 0.02768504 -0.07911789
v -0.01695472 0.02871263 -0.06127870
v -0.01712357 0.02853649 -0.07988417
v -0.01624876 0.02965447 -0.08059731
v -0.01538560 0.03117058 -0.06144797
v -0.01505977 0.03248286 -0.08187327
v -0.01483944 0.03393007 -0.06444846
v -0.01449382 0.03502862 -0.06547645
v -0.01465433 0.03530981 -0.08208310
v -0.01916926 0.02679655 -0.06128036
v -0.02398324 0.02259325 -0.07359105
v -0.02035265 0.02591138 -0.06128123
v -0.01995882 0.02555491 -0.05731894
v -0.02450299 0.02201575 -0.05728476
v -0.02794998 0.01741904 -0.05728852
v -0.03193830 0.01658836 -0.06888103
v -0.02240068 -0.01221555 -0.06251177
v -0.02278075 -0.01057264 -0.06490210
v -0.02375735 -0.01131789 -0.06251123
v -0.02480226 -0.01091188 -0.06251096
v -0.02252993 -0.00919986 -0.06642559
v -0.02488100 -0.00893891 -0.06629276
v -0.02259910 -0.00814819 -0.06708478
v -0.02495521 -0.00708502 -0.06741595
v -0.02267724 -0.00665909 -0.06762856
v -0.02273356 -0.00515091 -0.06780618
v -0.02227894 -0.01199340 -0.06940585
v -0.02274021 0.00058652 -0.07417806
v -0.02267861 0.00230902 -0.06780028
v -0.02153575 0.01347865 -0.07801233
v -0.02206730 0.00974440 -0.06779426
v -0.02185297 0.01140859 -0.06736489
v -0.02172493 0.01231381 -0.06683972
v -0.02169941 0.01299567 -0.06597305
v 0.02606161 -0.01017120 -0.06577274
v 0.02669860 -0.01126323 -0.06636718
v 0.02693927 -0.01073858 -0.06743002
v 0.02806298 -0.01176801 -0.06633809
v 0.02900038 -0.01079203 -0.06746569
v 0.02778548 -0.01085358 -0.06778281
v 0.02563208 -0.00454801 -0.06877160
v 0.02557969 0.00074613 -0.07073438
v 0.02607399 0.00006560 -0.07191616
v 0.02563744 0.00266784 -0.07129549
v 0.02615028 0.00926328 -0.06779021
v 0.02632168 0.01065760 -0.06733274
v 0.02642741 0.01144016 -0.06623148
v 0.02561748 0.00214320 -0.06779587
v 0.02565068 -0.00499666 -0.06780153
v 0.02582088 -0.00782609 -0.06712132
v 0.02733194 -0.00015886 -0.07254058
v 0.02871263 0.00005332 -0.07225281
v 0.02874517 0.00109190 -0.07257080
v 0.02870827 -0.00394362 -0.07079851
v 0.02638524 -0.01100179 -0.06388151
v 0.02734810 -0.01172828 -0.06391319
v 0.02323940 -0.01148248 -0.06250697
v 0.02242925 -0.01065698 -0.06504055
v -0.01649126 0.02995107 -0.08165341
v -0.01760742 0.03043472 -0.08214033
v -0.01829451 0.02973479 -0.08172225
v 0.01879829 0.02708566 -0.07852315
v 0.01943248 0.02705389 -0.07929968
v 0.01466963 0.03530981 -0.08208036
v 0.01507491 0.03248289 -0.08187053
v 0.01626580 0.02973980 -0.08086327
v 0.01674348 0.02999109 -0.08189916
v 0.03047650 0.02318492 -0.07344374
v 0.03132784 0.02373248 -0.07296568
v 0.02809327 0.02686309 -0.07604354
v 0.02872502 0.02775079 -0.07567036
v 0.02674847 0.02949363 -0.07775643
v 0.02741909 0.02778995 -0.07674252
v 0.02301025 0.02900546 -0.07926678
v 0.01878458 0.02883327 -0.08108127
v 0.01831007 0.02973395 -0.08171826
v 0.02890548 0.01655201 -0.06890996
v 0.02891603 0.01726260 -0.07005551
v 0.02796185 0.01742839 -0.06905901
v 0.02546465 0.02283656 -0.07480841
v 0.02016603 0.02758705 -0.07972836
v 0.02399682 0.02259331 -0.07358658
v 0.02796065 0.01741904 -0.05728358
v 0.02451366 0.02201575 -0.05728012
v 0.02009767 0.02611464 -0.06127724
v 0.01996948 0.02555492 -0.05731517
v 0.01879668 0.02707195 -0.06127661
v 0.01678442 0.02892696 -0.06127530
v 0.01535087 0.03125828 -0.06127363
v 0.01502185 0.03364440 -0.06415763
v 0.01450604 0.03504575 -0.06548849
v 0.01951766 0.02810060 -0.08031725
v -0.02250361 0.03046739 -0.07996195
v -0.01649767 0.03271597 -0.08281443
v -0.02650523 0.03118169 -0.07819706
v -0.01613852 0.03533327 -0.08302641
v -0.02514344 0.04160177 -0.07810580
v -0.01662790 0.04513067 -0.08127015
v -0.01662683 0.04637569 -0.08085727
v -0.02390432 0.04773283 -0.07671517
v -0.01635867 0.05695190 -0.07565325
v -0.02240473 0.05425179 -0.07420808
v -0.01719036 0.05790323 -0.07461655
v -0.01833844 0.05810797 -0.07395547
v -0.01847922 0.05898898 -0.07307166
v -0.01843553 0.06071618 -0.07182693
v -0.02091175 0.06072688 -0.07061141
v -0.01707313 0.06269083 -0.07122310
v -0.02871114 0.02775079 -0.07567566
v -0.03138712 0.02449724 -0.07215038
v -0.03131419 0.02373248 -0.07297146
v -0.02866244 0.02845764 -0.07476776
v -0.02862149 0.02849560 -0.06562221
v -0.02827372 0.02891647 -0.05727950
v -0.02787299 0.02957882 -0.05759528
v -0.02236482 0.01235482 -0.06249221
v -0.02323740 0.01181769 -0.06249266
v -0.02421909 0.01131681 -0.06249317
v -0.01176214 0.02329665 -0.06248247
v -0.01229861 0.02242446 -0.06248327
v -0.01126111 0.02427873 -0.06248170
v 0.01231032 0.02242446 -0.06248092
v 0.01177364 0.02329665 -0.06248039
v 0.01127278 0.02427873 -0.06247952
v 0.02886575 -0.01194787 -0.06535840
v 0.02956950 -0.01159799 -0.06624102
v 0.03002744 -0.01067149 -0.06681483
v 0.03154468 -0.01064610 -0.06554919
v 0.03328768 -0.01053373 -0.06393881
v 0.03405710 -0.01011373 -0.06327404
v 0.03353301 -0.01121769 -0.06258506
v 0.03440252 -0.01023727 -0.06225189
v 0.03348976 0.00265443 -0.06872081
v 0.03308755 0.00991475 -0.07056385
v 0.03630298 -0.00465548 -0.06294929
v 0.03783034 0.00075384 -0.06189019
v 0.03569903 0.01010533 -0.06645590
v 0.01177364 -0.02319705 -0.06251740
v 0.01231032 -0.02232489 -0.06251669
v 0.01127278 -0.02417913 -0.06251817
v -0.01229861 -0.02232489 -0.06251892
v -0.01176208 -0.02319705 -0.06251960
v -0.01126111 -0.02417913 -0.06252032
v -0.02620038 -0.01132881 -0.06572252
v -0.02629774 -0.01137652 -0.06251148
v -0.02601939 -0.01019030 -0.06509488
v -0.02591884 -0.00914985 -0.06623619
v -0.02581220 -0.00787818 -0.06709980
v -0.02570030 -0.00620615 -0.06789248
v -0.02533915 -0.00497502 -0.06780633
v -0.02554976 -0.00070486 -0.07026189
v -0.02560484 0.00214320 -0.06780070
v -0.02557379 0.00109875 -0.07084810
v -0.02616864 0.00952700 -0.06776508
v -0.02638241 0.01066661 -0.06733787
v -0.02632969 0.01026898 -0.07305684
v -0.02605092 -0.00133163 -0.07144749
v -0.02689072 -0.01154637 -0.06688881
v -0.02730458 -0.00155479 -0.07206916
v -0.02786499 -0.01143199 -0.06745886
v -0.02933409 -0.01062199 -0.06737289
v -0.02679359 0.01012378 -0.07405996
v -0.02829637 0.01014499 -0.07461367
v -0.02867734 -0.00122160 -0.07183396
v -0.02873194 0.00109649 -0.07257735
v -0.02950311 0.01019132 -0.07417879
v -0.02869540 -0.00395614 -0.07079875
v -0.02707775 0.01167933 -0.06689551
v -0.02701657 0.01163011 -0.07268631
v -0.02796491 0.01202758 -0.06734310
v -0.02851531 0.01196730 -0.07300463
v -0.03150731 0.01205497 -0.06933379
v -0.03515276 0.01147401 -0.06615019
v -0.03373992 0.01205229 -0.06587916
v -0.02763771 0.01198563 -0.05899297
v -0.02598231 0.01137039 -0.06579336
v -0.02643424 0.01156681 -0.05899322
v -0.02640253 0.01154977 -0.06249326
v -0.02965921 0.01204699 -0.05899316
v -0.02976708 0.01204566 -0.05739323
v -0.03374058 0.01204556 -0.05729359
v -0.02922260 0.01136535 -0.07384490
v -0.03568696 0.01010527 -0.06646204
v -0.03307437 0.00991470 -0.07056999
v -0.02645611 -0.01145297 -0.05901144
v -0.02762931 -0.01182669 -0.05901187
v -0.02770721 -0.01183682 -0.06599158
v -0.02885353 -0.01194787 -0.06536370
v -0.02925667 -0.01195281 -0.05901223
v -0.02955710 -0.01159799 -0.06624656
v -0.03001511 -0.01067149 -0.06682050
v -0.03153240 -0.01064610 -0.06555509
v -0.03347688 0.00265461 -0.06872707
v -0.03327590 -0.01053369 -0.06394491
v -0.03404541 -0.01011361 -0.06328039
v -0.03352177 -0.01121739 -0.06259123
v -0.03439086 -0.01023727 -0.06225841
v -0.03629130 -0.00465566 -0.06295609
v -0.02141695 -0.01425218 -0.06251335
v -0.02165406 -0.01298987 -0.06251239
v -0.00979298 0.09197932 0.02596714
v -0.00824098 0.09198016 0.02493379
v -0.00991452 0.09198027 0.02481216
v -0.00708592 0.09198027 0.02481240
v -0.00695038 0.09197908 0.02622658
v -0.00744335 0.08792286 0.02622338
v -0.00851418 0.08789809 0.02523759
v -0.00957169 0.08790399 0.02635282
v -0.00856298 0.08788837 0.02722952
v 0.00720284 0.09197932 0.02596869
v 0.00875483 0.09198016 0.02493540
v 0.00708127 0.09198027 0.02481377
v 0.00990981 0.09198027 0.02481395
v 0.01004547 0.09197908 0.02622807
v 0.00955238 0.08792286 0.02622499
v 0.00848163 0.08789809 0.02523919
v 0.00739858 0.08791472 0.02633589
v 0.00855784 0.08788837 0.02723115
v -0.02591073 0.09230566 -0.00713557
v -0.02425652 0.09450614 -0.00780582
v -0.02407201 0.09256487 -0.00795796
v -0.02364569 0.09230756 -0.00948536
v -0.02364569 0.09450757 -0.00948363
v -0.02448070 0.09230875 -0.01106369
v -0.02448070 0.09450876 -0.01106178
v -0.02621108 0.09450918 -0.01150131
v -0.02621108 0.09230917 -0.01150298
v -0.02830481 0.09230744 -0.00935632
v -0.02830481 0.09450745 -0.00935453
v -0.02774208 0.09450864 -0.01090008
v -0.02774202 0.09230870 -0.01090186
v -0.02708317 0.09230779 -0.00978682
v -0.02530619 0.09230807 -0.01016840
v -0.02514987 0.09230685 -0.00862449
v -0.02644199 0.09230667 -0.00841337
v 0.02448254 0.09230875 -0.01105892
v 0.02364766 0.09450757 -0.00947922
v 0.02364766 0.09230756 -0.00948095
v 0.02425795 0.09450620 -0.00780129
v 0.02407350 0.09256487 -0.00795343
v 0.02591192 0.09450566 -0.00712889
v 0.02591216 0.09230566 -0.00713068
v 0.02752006 0.09450626 -0.00790470
v 0.02752006 0.09230625 -0.00790649
v 0.02774417 0.09230870 -0.01089674
v 0.02774423 0.09450870 -0.01089501
v 0.02830666 0.09230750 -0.00935101
v 0.02830666 0.09450745 -0.00934922
v 0.02506945 0.09230720 -0.00904838
v 0.02618554 0.09230834 -0.01048284
v 0.02729758 0.09230748 -0.00940063
v 0.02644354 0.09230667 -0.00840842
v 0.01540203 0.09253841 -0.02292485
v 0.01460194 0.09241765 -0.02223229
v 0.01440205 0.09241851 -0.02327138
v -0.01459775 0.09253841 -0.02292767
v -0.01539772 0.09241765 -0.02223497
v -0.01559773 0.09241851 -0.02327424
v -0.01457056 0.08974432 -0.03055366
v -0.01488370 0.09000050 -0.02930882
v -0.01535463 0.09070113 -0.03080928
v -0.01603725 0.09098130 -0.03000360
v -0.01631695 0.09084737 -0.03084838
v -0.01663177 0.09106555 -0.02940213
v -0.01599520 0.09082984 -0.02862817
v -0.01564839 0.08995398 -0.02821290
v 0.01488912 0.09000050 -0.02930599
v 0.01562738 0.09097510 -0.02980428
v 0.01485588 0.09030869 -0.03070166
v 0.01450276 0.08943146 -0.03046751
v 0.03053659 -0.01553690 -0.06030941
v 0.02901738 -0.01670199 -0.06031054
v 0.02737694 -0.02701449 -0.06031876
v 0.02369368 -0.02364009 -0.06031650
v 0.01928181 -0.03327119 -0.06031884
v 0.01675558 -0.02896386 -0.06032145
v 0.01711857 -0.03346616 -0.06032490
v 0.01576137 -0.03223037 -0.06032412
v 0.01561385 -0.03040099 -0.06032275
v -0.01710718 -0.03346616 -0.06032824
v -0.02368241 -0.02364009 -0.06032097
v -0.01927057 -0.03327119 -0.06032250
v -0.02736580 -0.02701449 -0.06032407
v -0.02900624 -0.01670199 -0.06031584
v -0.03052520 -0.01553690 -0.06031518
v -0.03242307 -0.01578789 -0.06031543
v -0.03333389 -0.01920580 -0.06031835
v -0.03358680 -0.01730829 -0.06031686
v -0.02099812 -0.01351881 -0.07043415
v -0.02139033 -0.01425328 -0.06846809
v -0.02167659 -0.01292878 -0.06925529
v -0.02165975 -0.01215389 -0.07087519
v -0.02077198 -0.01205849 -0.07160168
v -0.02079790 -0.01595306 -0.06818485
v -0.02042400 -0.01593697 -0.06936287
v -0.01752299 -0.01792806 -0.06974035
v -0.02090471 -0.01052308 -0.07229006
v -0.01494532 -0.02007510 -0.06932725
v -0.01569461 -0.02060520 -0.06842255
v -0.01456167 -0.02099735 -0.06853088
v -0.01557308 -0.02098307 -0.06724032
v -0.01380773 -0.02143046 -0.06740692
v -0.01285320 0.00635475 -0.08101779
v -0.00438958 0.00500560 -0.08187210
v -0.01165819 0.01957046 -0.08390766
v -0.01041340 0.02059674 -0.08427369
v -0.00992349 0.02200317 -0.08444270
v -0.00921309 0.02481827 -0.08483845
v -0.01316094 0.01890546 -0.08349180
v -0.01497552 0.01862122 -0.08299436
v -0.01477652 0.02004629 -0.08283668
v -0.01580361 0.01967603 -0.08246163
v -0.01454842 0.02110028 -0.08194488
v -0.01604685 0.02072090 -0.08099616
v -0.01467555 0.02141159 -0.08062562
v -0.01754039 0.01651269 -0.08190798
v -0.01977340 0.01397812 -0.08066857
v -0.01252949 -0.02058309 -0.06967836
v -0.01071161 -0.02175217 -0.06938028
v -0.00979042 -0.02286974 -0.06886899
v -0.00935864 -0.02364915 -0.06845599
v -0.00443643 -0.01562726 -0.07372868
v -0.00914559 -0.02482748 -0.06771573
v -0.00920680 -0.02626032 -0.06669828
v 0.00445014 -0.01562726 -0.07372790
v 0.00440478 0.00500560 -0.08187115
v 0.01305902 -0.01389318 -0.07324290
v 0.01286816 0.00635475 -0.08101540
v 0.02091825 -0.01052409 -0.07228589
v 0.02118218 -0.00008986 -0.07641982
v 0.02050739 0.00900888 -0.07933259
v 0.01317638 0.01890540 -0.08348935
v 0.01499096 0.01862122 -0.08299160
v 0.01167386 0.01957041 -0.08390557
v 0.01042914 0.02059668 -0.08427178
v 0.00993913 0.02200317 -0.08444080
v 0.00922885 0.02481812 -0.08483678
v 0.01061546 0.02475655 -0.08380717
v 0.01116278 0.02685075 -0.08396738
v 0.01170620 0.02689853 -0.08248868
v 0.01109617 0.02549976 -0.08252525
v 0.01102864 0.02437520 -0.08239626
v 0.01002542 0.02777998 -0.08489957
v 0.00923520 0.02653479 -0.08499658
v 0.01234436 0.02042776 -0.08362859
v 0.01119524 0.02276325 -0.08339780
v 0.01268810 0.02144515 -0.08273118
v 0.01205188 0.02235800 -0.08171486
v 0.01304638 0.02172875 -0.08121120
v 0.01135528 0.02328288 -0.08211898
v 0.01479208 0.02004629 -0.08283400
v 0.01456362 0.02110028 -0.08194220
v 0.01469060 0.02141159 -0.08062290
v 0.02078527 -0.01205849 -0.07159775
v 0.02008455 -0.01346397 -0.07118290
v 0.01973328 -0.01540148 -0.07030469
v 0.01753580 -0.01792836 -0.06973719
v 0.02043700 -0.01593697 -0.06935906
v 0.02097415 -0.01482748 -0.06956267
v 0.02103898 -0.01553011 -0.06820342
v 0.02147096 -0.01382631 -0.06858324
v 0.02101129 -0.01351875 -0.07043027
v 0.02168959 -0.01292878 -0.06925129
v 0.02167299 -0.01215389 -0.07087117
v 0.02229188 -0.01199338 -0.06940170
v -0.01012730 -0.02739417 -0.06551647
v -0.01160597 -0.02729719 -0.06368207
v -0.01091194 -0.02635306 -0.06500089
v -0.01169275 -0.02678322 -0.06251404
v -0.01119756 -0.02576208 -0.06348377
v -0.01102560 -0.02508229 -0.06438219
v -0.01054161 -0.02516758 -0.06631916
v -0.01137280 -0.02451577 -0.06511468
v -0.01061826 -0.02379781 -0.06754785
v -0.01120132 -0.02348440 -0.06621199
v -0.01185369 -0.02245786 -0.06713324
v -0.01271790 -0.02175647 -0.06755995
v -0.01429537 -0.02137651 -0.06251835
v -0.01132076 -0.02238029 -0.06852620
v -0.01276361 -0.02127361 -0.06895756
v 0.01277655 -0.02127355 -0.06895530
v 0.01242738 -0.02196487 -0.06745362
v 0.01072424 -0.02175229 -0.06937825
v 0.01133358 -0.02238029 -0.06852406
v 0.01160806 -0.02274245 -0.06691235
v 0.01063108 -0.02379781 -0.06754589
v 0.01121360 -0.02348452 -0.06620979
v 0.01055383 -0.02516758 -0.06631726
v 0.01138487 -0.02451583 -0.06511246
v 0.01103764 -0.02508229 -0.06438016
v 0.00980320 -0.02286980 -0.06886724
v 0.00915819 -0.02482757 -0.06771398
v 0.00921923 -0.02626035 -0.06669658
v 0.01092398 -0.02635306 -0.06499886
v 0.01013970 -0.02739417 -0.06551456
v 0.01098299 -0.02835297 -0.06442719
v 0.00988080 -0.02934455 -0.06444615
v 0.00916064 -0.02782446 -0.06568318
v 0.00937134 -0.02364927 -0.06845420
v 0.01161783 -0.02729719 -0.06367999
v 0.01120948 -0.02576208 -0.06348168
v 0.01169446 -0.02676755 -0.06248906
v 0.02233415 0.00000670 -0.07546865
v 0.01996883 0.01269484 -0.08034912
v -0.01232892 0.02042776 -0.08363085
v -0.01267260 0.02144515 -0.08273345
v -0.01303130 0.02172875 -0.08121359
v -0.01203674 0.02235800 -0.08171707
v -0.01117980 0.02276325 -0.08339977
v -0.01133990 0.02328288 -0.08212119
v -0.01059991 0.02475655 -0.08380919
v -0.01101332 0.02437531 -0.08239829
v -0.01108098 0.02549988 -0.08252739
v -0.00921941 0.02653449 -0.08499836
v -0.01000964 0.02777998 -0.08490144
v -0.01114726 0.02685075 -0.08396938
v -0.01169096 0.02689853 -0.08249083
v -0.02068674 0.01526576 -0.07991725
v -0.02102556 0.01564607 -0.07839533
v -0.01852482 0.01865398 -0.07956087
v -0.02118480 0.01281619 -0.07938587
v -0.01995402 0.01269484 -0.08035284
v -0.02098220 0.01400619 -0.07972025
v -0.02141910 0.01427495 -0.07832860
v -0.02049261 0.00900882 -0.07933640
v -0.02116784 -0.00008995 -0.07642379
v -0.02232021 0.00000670 -0.07547277
v 0.01978848 0.01397812 -0.08066495
v 0.02099692 0.01400619 -0.07971638
v 0.02135130 0.01474869 -0.07834428
v 0.01755547 0.01651287 -0.08190488
v 0.01581885 0.01967603 -0.08245867
v 0.01606193 0.02072090 -0.08099318
v 0.02070146 0.01526576 -0.07991349
v 0.02081155 0.01606971 -0.07841891
v 0.01853936 0.01865410 -0.07955747
v 0.01600474 0.02081668 -0.06128184
v 0.01625685 0.02065968 -0.05898195
v 0.01482269 0.02137481 -0.05898144
v 0.01439797 0.02147126 -0.06128155
v 0.01892474 0.01874438 -0.05898314
v 0.02102306 0.01567298 -0.05898546
v -0.00995499 0.03756368 -0.08472430
v -0.01140654 0.02807754 -0.08409577
v -0.01139217 0.04313105 -0.08314937
v -0.01199221 0.02813673 -0.08248907
v -0.01199221 0.03793978 -0.08222275
v -0.01199239 0.04595851 -0.08089447
v -0.00999182 0.04580226 -0.08344658
v -0.01139271 0.05746847 -0.07834959
v -0.01007986 0.06043547 -0.07766285
v -0.01199293 0.05978268 -0.07523345
v -0.00516581 0.06120538 -0.07821989
v -0.00520515 0.07365566 -0.06907957
v 0.00000728 0.06131786 -0.07849377
v 0.00000642 0.07387387 -0.06932979
v 0.00518048 0.06120538 -0.07821887
v 0.00521803 0.07365566 -0.06907856
v 0.01009431 0.06043568 -0.07766086
v 0.01017475 0.07278776 -0.06852716
v 0.01000732 0.04580223 -0.08344468
v 0.00342411 0.04542154 -0.08441770
v 0.00997078 0.03756368 -0.08472245
v -0.00340843 0.04542154 -0.08441835
v 0.00319856 0.02604538 -0.08560627
v -0.00318259 0.02604538 -0.08560687
v 0.01142203 0.02807760 -0.08409368
v 0.01200759 0.02813673 -0.08248686
v -0.01016193 0.07278776 -0.06852906
v -0.01015681 0.08239698 -0.05789988
v -0.01017135 0.07494455 -0.06648379
v 0.01018375 0.07494467 -0.06648176
v 0.01016765 0.08239698 -0.05789798
v 0.01010859 0.08636379 -0.05186778
v 0.00514305 0.08315718 -0.05853641
v 0.00000544 0.08341217 -0.05873048
v -0.00513220 0.08315718 -0.05853748
v -0.01009905 0.08636367 -0.05186975
v -0.01003563 0.08904206 -0.04680299
v 0.00498551 0.09398406 -0.03523920
v 0.00000327 0.09409195 -0.03556859
v 0.00000314 0.09402340 -0.03406769
v -0.01061093 0.09368205 -0.03326517
v -0.01132395 0.09342003 -0.03211775
v 0.00000303 0.09310698 -0.03287708
v -0.01176351 0.09296405 -0.03124159
v -0.01199710 0.09178564 -0.03031459
v -0.00497889 0.09398406 -0.03524029
v -0.00988507 0.09365844 -0.03425961
v 0.01176935 0.09296405 -0.03123939
v 0.01200264 0.09178564 -0.03031223
v 0.01200264 0.09091466 -0.03012979
v 0.00000300 0.09167379 -0.03242701
v -0.01199710 0.09091466 -0.03013217
v 0.03244853 -0.01158267 -0.06370919
v 0.03029733 -0.01194888 -0.06415134
v 0.03207692 -0.01188534 -0.06274465
v 0.02926760 -0.01195281 -0.05900678
v 0.02977769 -0.01195408 -0.05740680
v 0.03163343 -0.01195418 -0.05730640
v 0.03326046 -0.01149296 -0.05730605
v 0.03440326 -0.01024675 -0.05730478
v 0.03657227 -0.00499999 -0.05730038
v 0.03661859 -0.00485647 -0.06180536
v 0.03797316 0.00081528 -0.05729569
v 0.02764040 -0.01182669 -0.05900681
v 0.02646726 -0.01145297 -0.05900669
v 0.03375220 0.01205229 -0.06587290
v 0.03516506 0.01147401 -0.06614357
v 0.03464382 0.01192075 -0.06525319
v 0.03572335 0.01130724 -0.06464173
v 0.03635719 0.00982738 -0.06511487
v 0.03671264 0.00955886 -0.06415212
v 0.03641092 0.01054430 -0.06397229
v 0.03745716 0.00581992 -0.06287675
v 0.03674876 0.00973612 -0.05728870
v 0.03761667 0.00546509 -0.05729210
v 0.03564327 0.01140111 -0.05728751
v 0.03375124 0.01204556 -0.05728709
v 0.03798804 0.00098547 -0.06124954
v 0.03145468 0.01205509 -0.06941068
v -0.03781877 0.00075388 -0.06189720
v -0.03660696 -0.00485659 -0.06181240
v -0.03243660 -0.01158267 -0.06371527
v -0.03206542 -0.01188531 -0.06275058
v -0.03028547 -0.01194888 -0.06415688
v -0.03162276 -0.01195418 -0.05731235
v -0.02976708 -0.01195410 -0.05741236
v -0.03324967 -0.01149302 -0.05731225
v -0.03439259 -0.01024681 -0.05731123
v -0.03744540 0.00581977 -0.06288375
v -0.03634562 0.00982684 -0.06512041
v -0.03797644 0.00098586 -0.06125679
v -0.02735000 0.01142829 -0.07383525
v 0.01542989 0.06124327 -0.07061733
v 0.01645839 0.06136296 -0.07145447
v 0.01563480 0.06257965 -0.07122675
v 0.01704275 0.05983203 -0.07128865
v -0.01542015 0.05761035 -0.07330612
v -0.01562729 0.05774631 -0.07475615
v -0.01465338 0.05625578 -0.07502874
v 0.01542810 0.08006608 -0.05076704
v 0.01645415 0.08044977 -0.05151116
v 0.01562577 0.08150953 -0.05089789
v 0.01674202 0.07873139 -0.05146842
v -0.01542198 0.07738528 -0.05440656
v -0.01564404 0.07800936 -0.05574220
v -0.01499440 0.07694608 -0.05670149
v -0.01671604 0.07827786 -0.05485757
v -0.01712581 0.07783628 -0.05610051
v -0.01665169 0.07737159 -0.05704724
v -0.01703531 0.07802241 -0.05297404
v -0.01673242 0.07873127 -0.05147155
v -0.01763191 0.07952654 -0.05220291
v -0.01845783 0.07855182 -0.05385619
v -0.01895987 0.07979255 -0.05208677
v -0.01835262 0.08068698 -0.05130690
v -0.01601672 0.08008396 -0.05124054
v -0.01682264 0.08097201 -0.05141912
v -0.01707601 0.08180475 -0.05066555
v -0.01562148 0.06257965 -0.07122961
v -0.01644510 0.06136296 -0.07145748
v -0.01612901 0.06391269 -0.07063669
v -0.02005932 0.06649818 -0.06610882
v -0.01663839 0.07035285 -0.06474870
v -0.01929491 0.07198715 -0.06123870
v -0.01938688 0.07692635 -0.05548489
v -0.02005887 0.08132666 -0.04905204
v -0.01610311 0.08258182 -0.04991877
v -0.01613913 0.08738633 -0.04078013
v -0.02136075 0.08544307 -0.04120504
v -0.02310121 0.08889985 -0.03199207
v -0.02041530 0.09113526 -0.02628916
v -0.02435650 0.09132407 -0.02210912
v -0.02374452 0.09142684 -0.02211636
v -0.02566030 0.09018597 -0.02148952
v -0.02471894 0.09091705 -0.02074646
v -0.02499738 0.08979475 -0.02051406
v -0.02579596 0.09005389 -0.02245488
v -0.02553129 0.09067136 -0.02252835
v -0.01465400 0.06331140 -0.06990474
v -0.01513403 0.06148490 -0.07051989
v -0.01599317 0.06074357 -0.07082998
v -0.01702952 0.05983201 -0.07129180
v -0.01705467 0.05872404 -0.07210335
v -0.01653957 0.05837041 -0.07382393
v -0.01654922 0.05811369 -0.07228446
v -0.01449400 0.06940305 -0.06378287
v -0.01561635 0.08150953 -0.05090090
v -0.01465228 0.08177188 -0.04941048
v -0.01490414 0.08047068 -0.05037349
v -0.02294159 0.09129053 -0.02153968
v -0.02252262 0.09017736 -0.02081282
v -0.01904451 0.08969914 -0.02492618
v -0.02218043 0.08726328 -0.02110219
v -0.02308148 0.08507508 -0.02049106
v -0.02208840 0.08487445 -0.02123290
v -0.01902353 0.08377778 -0.02495330
v -0.01490355 0.08276469 -0.02801343
v -0.02376562 0.08988314 -0.02013003
v -0.02466154 0.08503171 -0.02065309
v -0.02553766 0.08475231 -0.02167224
v -0.02516925 0.04405456 -0.07726657
v -0.02248591 0.05588769 -0.07298558
v 0.01450735 0.04472297 -0.07997125
v 0.01466899 0.04616281 -0.07998163
v 0.01450628 0.03981888 -0.06831055
v 0.01466729 0.05625578 -0.07502607
v 0.01450634 0.04471321 -0.06893189
v 0.01450629 0.04775140 -0.06844467
v 0.01450616 0.05117960 -0.06728926
v 0.01466694 0.06331146 -0.06990197
v 0.01614204 0.06391269 -0.07063368
v 0.01450586 0.06933087 -0.06385117
v 0.01466944 0.07668867 -0.05648970
v 0.01616916 0.07741629 -0.05708038
v 0.01665014 0.07027965 -0.06481766
v 0.01466146 0.08177188 -0.04940759
v 0.01611238 0.08258185 -0.04991576
v 0.02310729 0.08889997 -0.03198730
v 0.02333587 0.08747786 -0.03477466
v 0.02136856 0.08544349 -0.04120028
v 0.02104169 0.08241558 -0.04631501
v 0.02006793 0.08132719 -0.04904747
v 0.01939725 0.07692730 -0.05548000
v 0.01979917 0.07533669 -0.05687958
v 0.01930636 0.07198858 -0.06123358
v 0.02007145 0.06649840 -0.06610495
v 0.02092516 0.06072539 -0.07060849
v 0.02249956 0.05588769 -0.07298141
v 0.01614675 0.08738633 -0.04077720
v 0.01459806 0.08634311 -0.04032863
v 0.01710335 0.07798157 -0.05583117
v 0.01846769 0.07855173 -0.05385276
v 0.01656755 0.07827850 -0.05463734
v 0.01603287 0.07812988 -0.05602270
v 0.01518479 0.07748339 -0.05492708
v 0.01600492 0.07758408 -0.05390441
v 0.01850870 0.07979649 -0.05217310
v 0.01704516 0.07802238 -0.05297085
v 0.01723515 0.07925289 -0.05213648
v 0.01719286 0.08138370 -0.05106541
v 0.01836228 0.08068698 -0.05130332
v 0.01720419 0.05790323 -0.07461333
v 0.01835185 0.05810767 -0.07395249
v 0.01807153 0.05898231 -0.07287925
v 0.01655331 0.05837047 -0.07382083
v 0.01844873 0.06071621 -0.07182342
v 0.01673465 0.05829593 -0.07199069
v 0.01719632 0.06239714 -0.07133514
v 0.01600664 0.05796831 -0.07290279
v 0.01518446 0.05752329 -0.07382314
v 0.01601177 0.05776995 -0.07505810
v 0.01682865 0.06324130 -0.07100296
v 0.01200366 0.08914387 -0.04027658
v 0.01200264 0.08802396 -0.03013229
v 0.01200431 0.08533400 -0.04873538
v 0.01200205 0.08801770 -0.02214509
v 0.01200200 0.08475926 -0.02153927
v 0.01200515 0.08055120 -0.05633831
v 0.01200246 0.08262735 -0.02839881
v 0.01200318 0.08021140 -0.03466171
v 0.01200574 0.07450675 -0.06350457
v 0.01200366 0.07757030 -0.04041943
v 0.01200413 0.07394349 -0.04685583
v 0.01113280 0.08961802 -0.02258896
v 0.01111606 0.08963773 -0.03046643
v 0.01000195 0.09001839 -0.02311277
v 0.01000285 0.09002459 -0.03085052
v 0.01200759 0.03793978 -0.08222055
v 0.02440536 0.09476858 -0.02138680
v 0.02551627 0.09451597 -0.02005350
v 0.02295804 0.09298789 0.01529532
v 0.02258300 0.09299099 0.01136803
v 0.01954609 0.09298717 0.01605874
v 0.02451407 0.08799517 0.00612062
v 0.02595025 0.08799260 0.00930852
v 0.02536535 0.08798986 0.01275569
v 0.02295804 0.08798789 0.01529145
v 0.01954609 0.08798718 0.01605463
v 0.01805108 0.08798587 0.01772516
v 0.01582550 0.08798432 0.01974247
v 0.01641422 0.09298467 0.01926076
v 0.01617664 0.08798277 0.02164214
v 0.01461774 0.08798140 0.02346318
v 0.01909357 0.08826944 0.02402752
v 0.02759570 0.08827791 0.01337429
v 0.02724987 0.08799697 0.00379255
v 0.02869749 0.08799616 0.00485966
v 0.02932262 0.08799731 0.00335080
v 0.02953732 0.08799457 0.00683403
v 0.02825582 0.08799797 0.00254256
v 0.02539084 0.08799988 0.00021223
v 0.02503359 0.08799731 0.00336892
v 0.00681194 0.08826473 0.02993856
v 0.01229757 0.08798086 0.02406615
v 0.01617664 0.09298276 0.02164614
v 0.01461774 0.09298127 0.02346736
v 0.01338016 0.09298288 0.02148729
v 0.01229763 0.09298086 0.02407014
v 0.01004928 0.09298145 0.02323806
v 0.01004928 0.08798146 0.02323395
v -0.00000236 0.08797985 0.02532005
v 0.00561619 0.09448039 0.02469265
v 0.01574110 0.09448426 0.01981770
v 0.02274847 0.09449130 0.01103276
v 0.02524977 0.09450000 0.00007759
v -0.00562084 0.09448039 0.02469158
v -0.01005381 0.08798146 0.02323216
v -0.01005381 0.09298145 0.02323609
v -0.01338440 0.09298288 0.02148479
v -0.01574486 0.09448426 0.01981478
v -0.01641792 0.09298467 0.01925760
v -0.01954907 0.08798718 0.01605111
v -0.01954907 0.09298717 0.01605486
v -0.02258539 0.09299099 0.01136398
v -0.02275037 0.09449130 0.01102840
v -0.02451545 0.09299516 0.00612003
v -0.02524983 0.09232819 0.00007117
v -0.02524983 0.09449994 0.00007290
v -0.01805448 0.08798587 0.01772207
v -0.01581990 0.08798430 0.01974719
v -0.01230198 0.08798086 0.02406382
v -0.01230210 0.09298086 0.02406769
v -0.01462221 0.08798140 0.02346050
v -0.01462221 0.09298127 0.02346462
v -0.01618069 0.08798277 0.02163910
v -0.01618069 0.09298276 0.02164316
v -0.02296096 0.08798789 0.01528716
v -0.02296090 0.09298789 0.01529109
v -0.02536767 0.08798986 0.01275092
v -0.02536767 0.09298986 0.01275479
v -0.02595210 0.08799260 0.00930369
v -0.02595210 0.09299260 0.00930762
v -0.02451545 0.08799517 0.00611592
v -0.02503407 0.08799725 0.00336421
v -0.02540856 0.08799987 0.00022499
v -0.02725044 0.08799695 0.00378742
v -0.02869820 0.08799782 0.00272033
v -0.02932351 0.08799659 0.00422913
v -0.02953869 0.08799457 0.00682843
v -0.02825671 0.08799594 0.00503737
v -0.01909820 0.08826949 0.02402385
v -0.02503961 0.08791220 -0.00317054
v -0.02394104 0.08750408 -0.00795418
v -0.01998072 0.08629149 -0.01536893
v -0.01994967 0.09295785 -0.01540410
v -0.01392030 0.08502761 -0.02068494
v -0.01449805 0.09319114 -0.02059859
v -0.01327502 0.08482527 -0.02141106
v -0.01199779 0.08475266 -0.02154725
v -0.01199769 0.08801770 -0.02214717
v -0.01112851 0.08961802 -0.02259096
v -0.02274847 0.09450864 -0.01088225
v -0.01574122 0.09451568 -0.01966726
v -0.00999779 0.09001839 -0.02311468
v -0.00561631 0.09451955 -0.02454221
v 0.00000232 0.09002006 -0.02517831
v 0.00562084 0.09451955 -0.02454102
v 0.01450181 0.09319120 -0.02059578
v 0.01574498 0.09451568 -0.01966428
v 0.01995253 0.09295785 -0.01540029
v 0.02275031 0.09450870 -0.01087790
v 0.02524977 0.09232819 0.00007586
v 0.02503547 0.08791011 -0.00320005
v 0.02393257 0.08750045 -0.00797951
v 0.01999354 0.08629405 -0.01535242
v 0.01385982 0.08502573 -0.02069105
v 0.01327908 0.08482527 -0.02140837
v -0.01814270 0.02338927 -0.06128304
v -0.01624554 0.02066151 -0.06128495
v -0.01559424 0.02473044 -0.06128180
v -0.01505905 0.02579212 -0.06128078
v -0.01390644 0.02598974 -0.06128050
v -0.01328963 0.02568507 -0.06128066
v -0.01193288 0.02769566 -0.06127893
v -0.01199424 0.03132240 -0.06153940
v -0.01199388 0.03486342 -0.06532905
v -0.01199352 0.03905677 -0.06802499
v -0.01449364 0.03981888 -0.06831330
v -0.01199340 0.04277586 -0.06892305
v -0.01449352 0.04472107 -0.06893400
v -0.01199350 0.04736164 -0.06854041
v -0.01449364 0.04776757 -0.06844329
v -0.01199352 0.05003871 -0.06773982
v -0.01449370 0.05116395 -0.06729839
v -0.01199359 0.05290897 -0.06650209
v -0.01469891 0.05281759 -0.06654614
v -0.01591985 0.05334683 -0.06627802
v -0.01460760 0.05399356 -0.06603450
v -0.01662206 0.05455996 -0.06563071
v -0.01583198 0.05511842 -0.06543834
v -0.01684188 0.05552518 -0.06507498
v -0.01495369 0.05567251 -0.06507045
v -0.01632718 0.05650336 -0.06447417
v -0.01199400 0.05749464 -0.06382960
v -0.01471041 0.05689781 -0.06422298
v -0.01199430 0.06220877 -0.06029707
v -0.01449402 0.05830144 -0.06328421
v -0.01449424 0.06155533 -0.06083285
v -0.01449441 0.06474188 -0.05804396
v -0.01199460 0.06659388 -0.05620980
v -0.01449471 0.06763780 -0.05510306
v -0.01199501 0.07058036 -0.05162948
v -0.01451588 0.07052117 -0.05170741
v -0.01199561 0.07396690 -0.04682096
v -0.01471715 0.07154288 -0.05036343
v -0.01437989 0.07258895 -0.04889615
v -0.01585215 0.07173571 -0.05009952
v -0.01640114 0.07250281 -0.04902362
v -0.01577691 0.07296140 -0.04835325
v -0.01671084 0.07340278 -0.04769354
v -0.01501874 0.07337314 -0.04773878
v -0.01591196 0.07394110 -0.04686189
v -0.01477357 0.07414240 -0.04654007
v -0.01199615 0.07758690 -0.04038799
v -0.01449573 0.07504593 -0.04505884
v -0.01449620 0.07820386 -0.03913029
v -0.01199667 0.08056299 -0.03383344
v -0.01449674 0.08020049 -0.03468996
v -0.01453646 0.08188928 -0.03043590
v -0.01199734 0.08265298 -0.02832818
v -0.01466791 0.08231263 -0.02928699
v -0.01467647 0.08417627 -0.02366917
v -0.01590655 0.08447707 -0.02265202
v -0.02788919 0.08627408 -0.01545256
v -0.02655357 0.08500146 -0.02076637
v -0.02567166 0.08445060 -0.02273279
v -0.02556279 0.08409718 -0.02465876
v -0.02487709 0.08323681 -0.02702942
v -0.02889919 0.08711838 -0.01080238
v -0.02594790 0.08721779 -0.01016791
v -0.02698606 0.08732510 -0.00939170
v -0.02504934 0.08729571 -0.00961593
v -0.02534680 0.08742471 -0.00864231
v -0.02633270 0.08742124 -0.00866987
v -0.01467722 0.08459711 -0.02223746
v -0.01420703 0.05540917 -0.06517685
v -0.01289421 0.02473044 -0.06128150
v -0.01249420 0.02256339 -0.06128317
v -0.01176267 0.02329587 -0.06128257
v -0.01149410 0.02646088 -0.06127995
v -0.01149410 0.02429556 -0.06128168
v -0.01342922 0.02366888 -0.06128224
v -0.01458174 0.02347108 -0.06128263
v -0.01481145 0.02137673 -0.06128439
v -0.01519870 0.02377587 -0.06128233
v -0.01429537 0.02147612 -0.06248423
v -0.01249450 0.02256160 -0.05898302
v -0.01176244 0.02329385 -0.05898255
v -0.01149427 0.02429378 -0.05898147
v -0.01481166 0.02137481 -0.05898427
v -0.01149410 0.02646178 -0.06247997
v -0.01178683 0.02728225 -0.05897922
v -0.01199442 0.02971178 -0.05897748
v -0.01199412 0.03266757 -0.06307959
v -0.01198044 0.03412486 -0.06464121
v -0.01199460 0.02971035 -0.05727750
v -0.01199460 0.03379166 -0.05727416
v -0.01136624 0.03566629 -0.06355762
v -0.01134991 0.03568345 -0.05727267
v -0.00976482 0.03677008 -0.06272119
v -0.00968516 0.03678900 -0.05727154
v 0.00000687 0.03804934 -0.06199610
v 0.00000531 0.03804558 -0.05726968
v 0.00977650 0.03677008 -0.06271932
v 0.00969583 0.03678900 -0.05726974
v 0.01137900 0.03566521 -0.06355651
v 0.01136052 0.03568345 -0.05727040
v 0.01199738 0.03428005 -0.06478504
v 0.01200515 0.03379166 -0.05727177
v 0.01200515 0.02971035 -0.05727516
v 0.01200532 0.02971178 -0.05897516
v 0.01200562 0.03266757 -0.06307739
v 0.01200556 0.03126379 -0.06145651
v 0.01194411 0.02769392 -0.05897673
v 0.01194432 0.02769566 -0.06127676
v 0.01150566 0.02646088 -0.06127768
v 0.01150548 0.02645891 -0.05897790
v 0.01150578 0.02646178 -0.06247770
v 0.01430690 0.02147612 -0.06248152
v -0.01199328 0.06714940 -0.07015621
v -0.01199400 0.07450670 -0.06350696
v -0.01199460 0.08055108 -0.05634069
v -0.01199543 0.08533388 -0.04873770
v -0.01199710 0.08802396 -0.03013432
v -0.01111039 0.08963773 -0.03046849
v -0.00999707 0.09002459 -0.03085255
v -0.00442851 0.09002304 -0.02889615
v -0.00415927 0.09002164 -0.02711796
v -0.00265044 0.09002215 -0.02774283
v 0.00000300 0.09002578 -0.03242826
v 0.00301133 0.09002304 -0.02889555
v 0.00478953 0.09002283 -0.02862602
v 0.00416440 0.09002164 -0.02711710
v 0.00283849 0.09002178 -0.02730017
v -0.00283337 0.09002315 -0.02906852
v -0.01199615 0.08914387 -0.04027897
v 0.01810204 0.02342158 -0.06127959
v 0.01560556 0.02473050 -0.06127882
v 0.01507062 0.02366888 -0.06127971
v 0.01391801 0.02347108 -0.06127997
v 0.01330107 0.02377587 -0.06127983
v 0.01250571 0.02256339 -0.06128066
v 0.01290553 0.02473050 -0.06127886
v 0.01344072 0.02579212 -0.06127813
v 0.01459330 0.02598974 -0.06127774
v 0.01521027 0.02568507 -0.06127810
v 0.01177424 0.02329587 -0.06128031
v 0.01150566 0.02429556 -0.06127959
v -0.03088878 0.08719134 -0.00525748
v 0.03089016 0.08719152 -0.00524880
v 0.03138493 0.08688348 0.00018077
v 0.02977508 0.08699382 -0.01162097
v 0.02972759 0.08623797 -0.01192970
v 0.02884160 0.08601291 -0.01586001
v 0.02851587 0.08544927 -0.01702111
v 0.02755645 0.08469713 -0.02118670
v 0.02825695 0.08798910 0.01371645
v 0.02828192 0.08691972 0.01376184
v 0.01955533 0.08798038 0.02461278
v 0.01958447 0.08690112 0.02462453
v 0.00696051 0.08797557 0.03066654
v 0.00699286 0.08687998 0.03066627
v -0.00699629 0.08687998 0.03066552
v -0.00692957 0.08804785 0.03048313
v 0.02641896 0.08740655 -0.00877504
v 0.02736815 0.08728099 -0.00968396
v 0.02622462 0.08720067 -0.01026871
v 0.02513384 0.08734647 -0.00923501
v 0.02542873 0.08723155 -0.01007547
v -0.02691465 0.08742696 -0.00859016
v -0.01459061 0.08634309 -0.04033140
v -0.02752695 0.08791937 -0.00294604
v -0.02931496 0.08790705 -0.00320318
v -0.02950671 0.08781379 -0.00470748
v -0.02784291 0.08781239 -0.00472724
v 0.01200628 0.03876131 -0.06789547
v 0.01200634 0.04250478 -0.06889617
v 0.01200629 0.04730235 -0.06855084
v 0.01465316 0.05287537 -0.06651526
v 0.01200616 0.05289498 -0.06650705
v 0.01607070 0.05337305 -0.06626229
v 0.01662653 0.05454800 -0.06563381
v 0.01625307 0.05535410 -0.06517249
v 0.01633922 0.05650336 -0.06447113
v 0.01470220 0.05688384 -0.06422903
v 0.01450586 0.05831484 -0.06327184
v 0.01450544 0.06156859 -0.06081925
v 0.01450526 0.06475302 -0.05803149
v 0.01450496 0.06772882 -0.05500825
v 0.01452211 0.07051887 -0.05170808
v 0.01475512 0.07152977 -0.05037848
v 0.01592092 0.07173952 -0.05009136
v 0.01640924 0.07250195 -0.04902180
v 0.01646816 0.07332368 -0.04780975
v 0.01586104 0.07394441 -0.04685346
v 0.01469948 0.07410520 -0.04659646
v 0.01450413 0.07505442 -0.04504192
v 0.01450341 0.07820421 -0.03912700
v 0.01450318 0.08020049 -0.03468728
v 0.01454244 0.08190264 -0.03039735
v 0.01466325 0.08230574 -0.02930370
v 0.01415394 0.08432104 -0.02317866
v 0.01539766 0.08461305 -0.02217814
v 0.01525999 0.08418216 -0.02364879
v 0.01675868 0.09452205 -0.02777051
v 0.01770461 0.09516379 -0.02757239
v 0.01337528 0.09575748 -0.02954369
v 0.00682419 0.09623706 -0.03169876
v 0.00583917 0.09452539 -0.03189569
v 0.00000314 0.09640270 -0.03242300
v -0.00583327 0.09452539 -0.03189681
v -0.00681817 0.09623706 -0.03170007
v -0.01336956 0.09575760 -0.02954638
v -0.01675343 0.09452205 -0.02777367
v -0.01769947 0.09516379 -0.02757564
v -0.01980014 0.09502059 -0.02586632
v -0.02133286 0.09501951 -0.02449002
v -0.02322125 0.09501808 -0.02266240
v -0.02440118 0.09476858 -0.02139127
v -0.02551233 0.09451597 -0.02005827
v 0.03140044 0.09450668 -0.00830674
v 0.02858537 0.09370779 -0.01538872
v 0.03103955 0.09253216 -0.01006382
v 0.02688765 0.09363400 -0.01850491
v 0.03000169 0.09260600 -0.01329129
v 0.02611744 0.09359288 -0.02009582
v 0.02242285 0.09433388 -0.02426028
v 0.01867302 0.09498767 -0.02710894
v -0.02858299 0.09370768 -0.01539337
v -0.03104019 0.09253128 -0.01006189
v -0.03139889 0.09450668 -0.00831264
v -0.03259416 0.09223411 0.00006489
v -0.03215420 0.09449619 0.00480372
v -0.03020101 0.09599548 0.00573796
v -0.03020071 0.09549858 0.00184855
v -0.03100657 0.09549697 0.00379309
v -0.02825611 0.09549919 0.00104329
v -0.02825593 0.09550068 -0.00089658
v -0.03020048 0.09600138 -0.00170177
v -0.03020018 0.09550449 -0.00559127
v -0.03100574 0.09550288 -0.00364682
v -0.00566226 0.09518754 -0.02623784
v -0.00566143 0.09519064 -0.03012695
v -0.00371700 0.09519136 -0.03093190
v 0.00177755 0.09518754 -0.02623719
v 0.00097260 0.09518915 -0.02818256
v 0.00372273 0.09519136 -0.03093125
v 0.02825605 0.09550068 -0.00089133
v 0.02631187 0.09600138 -0.00169646
v 0.02631217 0.09550449 -0.00558594
v 0.02631098 0.09599548 0.00574339
v 0.02631127 0.09549858 0.00185389
v 0.02825587 0.09549919 0.00104860
v 0.00371700 0.09514195 0.03108471
v 0.00177246 0.09514254 0.03027914
v 0.00177308 0.09514564 0.02638980
v 0.00096735 0.09514415 0.02833414
v -0.00372273 0.09514195 0.03108414
v -0.00566727 0.09514254 0.03027828
v -0.00587513 0.09497900 0.02634899
v 0.02575604 0.08265417 -0.02750895
v 0.02522468 0.08177077 -0.02987593
v 0.02421924 0.08071581 -0.03297295
v 0.02396660 0.07996908 -0.03399815
v 0.02300497 0.07845248 -0.03759408
v 0.02205180 0.07611164 -0.04171704
v 0.02135616 0.07421475 -0.04482609
v 0.02170318 0.07512062 -0.04317411
v 0.02097106 0.07224387 -0.04780775
v 0.02063163 0.06877641 -0.05252263
v 0.02077126 0.06530106 -0.05676960
v 0.02072489 0.06652101 -0.05528613
v 0.02118603 0.06259827 -0.05979896
v 0.02243210 0.05646703 -0.06423266
v 0.02357715 0.05147922 -0.06599611
v 0.02435729 0.04918373 -0.06675404
v 0.02467918 0.04770112 -0.06712508
v 0.02575397 0.04449107 -0.06771711
v 0.02624666 0.04272959 -0.06776123
v 0.02686706 0.04053324 -0.06753620
v 0.02720594 0.03852975 -0.06705039
v 0.02756700 0.03635034 -0.06635969
v 0.02775498 0.03510030 -0.06502715
v 0.02799826 0.03364247 -0.06372654
v 0.02799469 0.03239082 -0.06186884
v 0.02802330 0.03153129 -0.06098537
v 0.03071755 0.08693808 0.00708717
v 0.02463138 0.08692800 0.01971918
v 0.01366758 0.08692109 0.02845966
v -0.00000127 0.08685640 0.03149262
v -0.01367276 0.08692109 0.02845728
v -0.02463489 0.08692800 0.01971453
v -0.03071898 0.08693808 0.00708145
v -0.02974856 0.08670415 -0.01178286
v -0.02895138 0.08586047 -0.01544683
v -0.02851253 0.08544927 -0.01702660
v -0.02754584 0.08469030 -0.02121710
v -0.02701759 0.08458662 -0.02242377
v -0.02571531 0.08275824 -0.02762499
v -0.02502340 0.08213862 -0.02994927
v -0.02421021 0.08071139 -0.03298854
v -0.02397930 0.08000007 -0.03393327
v -0.02294731 0.07839020 -0.03793257
v -0.02199095 0.07624443 -0.04196971
v -0.02173151 0.07587796 -0.04316640
v -0.02134770 0.07421475 -0.04483020
v -0.02096155 0.07224046 -0.04781663
v -0.02060038 0.06936496 -0.05257100
v -0.02071237 0.06655144 -0.05525442
v -0.02080519 0.06515929 -0.05750216
v -0.02117031 0.06262437 -0.05980425
v -0.02178812 0.05897468 -0.06227874
v -0.02434471 0.04918429 -0.06675854
v -0.02356493 0.05147922 -0.06600046
v -0.02466660 0.04770112 -0.06712967
v -0.02574142 0.04449099 -0.06772193
v -0.02685135 0.04054657 -0.06754369
v -0.02623161 0.04273831 -0.06776618
v -0.02719354 0.03852975 -0.06705558
v -0.02755450 0.03633777 -0.06637062
v -0.02772742 0.03536701 -0.06530800
v -0.02798284 0.03239751 -0.06188635
v -0.02801187 0.03153136 -0.06099076
v -0.01424390 0.02608335 -0.06498056
v -0.01519840 0.02568799 -0.06498098
v -0.01559382 0.02473336 -0.06498175
v -0.01674377 0.02473336 -0.06498187
v -0.01519840 0.02377885 -0.06498247
v -0.01601159 0.02296561 -0.06498318
v -0.01424390 0.02338320 -0.06498265
v -0.01247608 0.02296561 -0.06498289
v -0.01424390 0.02223348 -0.06498360
v -0.01328933 0.02377885 -0.06498229
v -0.01289379 0.02473336 -0.06498146
v -0.01174390 0.02473336 -0.06498140
v -0.01328933 0.02568799 -0.06498080
v -0.02467548 0.01295179 -0.06499201
v -0.02372097 0.01334697 -0.06499159
v -0.02332562 0.01430159 -0.06499075
v -0.02217561 0.01430159 -0.06499069
v -0.02372097 0.01525616 -0.06499010
v -0.02290791 0.01606959 -0.06498938
v -0.02467548 0.01565176 -0.06498980
v -0.02661824 0.01587522 -0.06498980
v -0.02493466 0.01676098 -0.06500083
v -0.02563023 0.01525616 -0.06499028
v -0.02602559 0.01430159 -0.06499099
v -0.02717560 0.01430159 -0.06499117
v -0.02563023 0.01334697 -0.06499177
v -0.02467548 -0.01284801 -0.06501245
v -0.02563023 -0.01324337 -0.06501287
v -0.02602559 -0.01419818 -0.06501370
v -0.02717560 -0.01419818 -0.06501376
v -0.02563023 -0.01515281 -0.06501448
v -0.02644342 -0.01596581 -0.06501519
v -0.02467548 -0.01554811 -0.06501466
v -0.02290791 -0.01596581 -0.06501489
v -0.02467548 -0.01669818 -0.06501555
v -0.02372097 -0.01515281 -0.06501430
v -0.02332562 -0.01419818 -0.06501346
v -0.02217561 -0.01419818 -0.06501340
v -0.02372097 -0.01324337 -0.06501275
v -0.01424390 -0.02327990 -0.06501990
v -0.01519840 -0.02367526 -0.06502026
v -0.01559376 -0.02462989 -0.06502109
v -0.01674377 -0.02462989 -0.06502115
v -0.01519840 -0.02558434 -0.06502175
v -0.01601159 -0.02639770 -0.06502246
v -0.01424390 -0.02597975 -0.06502199
v -0.01247608 -0.02639770 -0.06502217
v -0.01424390 -0.02712970 -0.06502288
v -0.01328933 -0.02558434 -0.06502157
v -0.01289379 -0.02462989 -0.06502079
v -0.01328933 -0.02367526 -0.06502008
v 0.01425600 -0.02327990 -0.06501716
v 0.01330137 -0.02367526 -0.06501758
v 0.01290583 -0.02462989 -0.06501835
v 0.01330137 -0.02558434 -0.06501919
v 0.01248818 -0.02639770 -0.06501990
v 0.01425600 -0.02597975 -0.06501936
v 0.01602369 -0.02639770 -0.06501960
v 0.01425600 -0.02712970 -0.06502026
v 0.01521044 -0.02558434 -0.06501895
v 0.01560586 -0.02462989 -0.06501817
v 0.01675587 -0.02462989 -0.06501805
v 0.01521044 -0.02367526 -0.06501746
v 0.02468758 -0.01284801 -0.06500792
v 0.02373307 -0.01324337 -0.06500840
v 0.02333766 -0.01419818 -0.06500917
v 0.02218765 -0.01419818 -0.06500929
v 0.02373307 -0.01515275 -0.06500989
v 0.02291995 -0.01596581 -0.06501060
v 0.02468758 -0.01554811 -0.06501007
v 0.02645546 -0.01596581 -0.06501024
v 0.02468758 -0.01669818 -0.06501090
v 0.02564227 -0.01515275 -0.06500965
v 0.02603769 -0.01419818 -0.06500881
v 0.02718770 -0.01419818 -0.06500869
v 0.02564227 -0.01324337 -0.06500816
v 0.02468752 0.01295179 -0.06498736
v 0.02564227 0.01334697 -0.06498694
v 0.02603769 0.01430159 -0.06498610
v 0.02718764 0.01430159 -0.06498605
v 0.02564227 0.01525616 -0.06498539
v 0.02663028 0.01587522 -0.06498479
v 0.02468752 0.01565176 -0.06498521
v 0.02291995 0.01606959 -0.06498509
v 0.02494676 0.01676098 -0.06499620
v 0.02373307 0.01525616 -0.06498569
v 0.02333766 0.01430159 -0.06498646
v 0.02218765 0.01430159 -0.06498658
v 0.02373307 0.01334697 -0.06498718
v 0.02362078 0.01657468 -0.08103978
v 0.02529197 0.01673996 -0.08015632
v 0.02672904 0.01575767 -0.07914239
v 0.02718883 0.01431238 -0.07863014
v 0.02257061 0.01564186 -0.08141028
v 0.02218914 0.01431477 -0.08136546
v 0.02269995 0.01279997 -0.08085757
v 0.02415513 0.01187121 -0.07996779
v 0.02586287 0.01210576 -0.07907652
v 0.02689141 0.01312965 -0.07863163
v 0.02597972 0.01402682 -0.06310472
v 0.01425600 0.02608335 -0.06497788
v 0.01330137 0.02568799 -0.06497830
v 0.01290583 0.02473336 -0.06497907
v 0.01175594 0.02473336 -0.06497919
v 0.01330137 0.02377885 -0.06497991
v 0.01248812 0.02296561 -0.06498056
v 0.01425600 0.02338320 -0.06498008
v 0.01602369 0.02296561 -0.06498026
v 0.01425600 0.02223348 -0.06498098
v 0.01521044 0.02377885 -0.06497967
v 0.01560586 0.02473336 -0.06497889
v 0.01675587 0.02473336 -0.06497877
v 0.01521044 0.02568799 -0.06497818
v -0.02489852 0.01047444 -0.06720817
v -0.02406076 0.01114860 -0.06579336
v -0.02319628 0.01076191 -0.06720775
v -0.02270352 0.01171499 -0.06579279
v 0.01200556 -0.02931278 -0.06138247
v 0.01192927 -0.02827704 -0.06269678
v 0.01200544 -0.03058511 -0.06039810
v 0.01133582 -0.03193739 -0.06140514
v 0.01107647 -0.02914646 -0.06387573
v 0.00974355 -0.03244162 -0.06211052
v 0.00991768 -0.03080689 -0.06334429
v 0.01069131 -0.03307089 -0.06037917
v 0.01137977 -0.03245300 -0.06013916
v 0.01184427 -0.03157210 -0.06025475
v 0.00971332 -0.03343474 -0.06078734
v 0.00977039 -0.03356236 -0.06003439
v 0.01856493 -0.01851040 -0.06766510
v 0.02102309 -0.01557892 -0.05901035
v 0.01881328 -0.01876318 -0.05901300
v 0.01562759 -0.02097401 -0.05901515
v -0.01891359 0.01874438 -0.05898684
v -0.02101206 0.01567298 -0.05898940
v -0.01624572 0.02065968 -0.05898503
v 0.02681910 0.01173555 -0.05898806
v 0.02641415 0.01154977 -0.06248819
v 0.02455925 0.01105469 -0.06578886
v 0.02423077 0.01131683 -0.06248864
v 0.02271574 0.01171499 -0.06578856
v 0.02237654 0.01235482 -0.06248798
v 0.02162805 0.01304270 -0.06617767
v 0.02142858 0.01435178 -0.06248643
v 0.02142465 0.01443845 -0.05898630
v 0.02179646 0.01190772 -0.06711068
v 0.02313077 0.01079559 -0.06720346
v 0.02191889 0.01101958 -0.06754505
v 0.02208006 0.00974440 -0.06779021
v 0.02474129 0.01046818 -0.06720358
v 0.02406615 0.00909024 -0.06779056
v 0.02419275 -0.00495899 -0.06780165
v 0.02274638 -0.00515091 -0.06780195
v 0.02261143 -0.00814813 -0.06708055
v 0.02269119 0.00230902 -0.06779611
v 0.02807307 0.01204699 -0.05898761
v 0.02324903 0.01181769 -0.06248831
v 0.01150548 0.02429378 -0.05897957
v 0.01177334 0.02329385 -0.05898040
v 0.01250559 0.02256160 -0.05898082
v -0.02141695 0.01435178 -0.06249052
v -0.02141362 0.01443845 -0.05899034
v 0.02142465 -0.01434457 -0.05900943
v -0.02114592 -0.01516747 -0.05901395
v -0.01481166 -0.02128094 -0.05901831
v -0.01599627 -0.02076143 -0.05901783
v -0.01191762 -0.02827704 -0.06269889
v -0.01106462 -0.02914649 -0.06387785
v -0.00990587 -0.03080689 -0.06334620
v -0.02014642 0.02020329 -0.06373685
v -0.02115253 0.02020265 -0.06298588
v -0.01970467 0.01913559 -0.06298658
v -0.01907969 0.02064463 -0.06298533
v -0.02014648 0.02145266 -0.06298476
v -0.01900492 0.02019953 -0.05921064
v -0.02044155 0.01897150 -0.05918677
v -0.02137490 0.02049414 -0.05918555
v -0.02014690 0.02159952 -0.05913453
v -0.02014636 -0.02010154 -0.06376898
v -0.02115249 -0.02010228 -0.06301798
v -0.01970464 -0.02116919 -0.06301868
v -0.01907966 -0.01966038 -0.06301743
v -0.02014648 -0.01885229 -0.06301689
v -0.01900487 -0.02010535 -0.05924270
v -0.02044153 -0.02133328 -0.05921884
v -0.02137488 -0.01981075 -0.05921765
v -0.02014690 -0.01870536 -0.05916678
v 0.02015841 -0.02010154 -0.06376528
v 0.01915240 -0.02010228 -0.06301420
v 0.02060016 -0.02116919 -0.06301498
v 0.02122512 -0.01966038 -0.06301367
v 0.02015829 -0.01885229 -0.06301319
v 0.02129991 -0.02010535 -0.05923889
v 0.01986338 -0.02133328 -0.05921504
v 0.01893003 -0.01981075 -0.05921393
v 0.02015799 -0.01870536 -0.05916291
v 0.02015835 0.02020329 -0.06373316
v 0.01915240 0.02020265 -0.06298212
v 0.02060016 0.01913559 -0.06298288
v 0.02122512 0.02064463 -0.06298164
v 0.02015829 0.02145266 -0.06298106
v 0.02129991 0.02019953 -0.05920684
v 0.01986338 0.01897150 -0.05918290
v 0.01893003 0.02049414 -0.05918180
v 0.02015799 0.02159952 -0.05913087
v -0.03463321 0.01192045 -0.06525880
v -0.03588411 0.01111568 -0.06448042
v 0.01200538 -0.02961766 -0.05902230
v 0.01194417 -0.02759980 -0.05902078
v 0.01200515 -0.02994191 -0.05739769
v -0.00973196 -0.03244162 -0.06211235
v -0.01183313 -0.03157210 -0.06025676
v -0.01068005 -0.03307095 -0.06038108
v -0.00972106 -0.03347728 -0.06053821
v 0.00000579 -0.03402519 -0.06185966
v -0.01136863 -0.03245300 -0.06014144
v 0.01784437 0.02303647 -0.05897980
v 0.01969471 0.02527251 -0.05897801
v 0.01906198 0.02129530 -0.05898118
v 0.02125406 0.02129530 -0.05898106
v 0.02373260 0.01525139 -0.05898565
v 0.02468717 0.01564699 -0.05898523
v 0.02553749 0.01933717 -0.05898219
v 0.02564167 0.01525139 -0.05898546
v 0.02603703 0.01429677 -0.05898600
v 0.02333718 0.01429677 -0.05898630
v 0.02324885 0.01181489 -0.05898838
v 0.02424877 0.01154685 -0.05898857
v 0.02373260 0.01334238 -0.05898720
v 0.02468717 0.01294696 -0.05898720
v 0.02564167 0.01334238 -0.05898695
v 0.02967017 0.01204699 -0.05898749
v 0.02251672 0.01254677 -0.05898767
v 0.02125406 0.01910340 -0.05898267
v 0.01152545 -0.02639639 -0.05901998
v 0.01430690 -0.02137651 -0.06251567
v 0.01439774 -0.02137529 -0.05901569
v 0.02424877 -0.01145297 -0.05900681
v 0.02324885 -0.01172071 -0.05900697
v 0.02251690 -0.01245296 -0.05900770
v 0.01250559 -0.02246779 -0.05901670
v 0.01177334 -0.02319985 -0.05901736
v 0.01150548 -0.02419996 -0.05901819
v 0.01290535 -0.02463454 -0.05901831
v 0.01330077 -0.02368009 -0.05901740
v 0.01425546 -0.02328467 -0.05901718
v 0.01521009 -0.02368009 -0.05901736
v 0.01560539 -0.02463454 -0.05901813
v 0.01330077 -0.02558910 -0.05901895
v 0.01425546 -0.02598470 -0.05901920
v -0.01169312 -0.02678600 -0.05902233
v -0.01199442 -0.02802401 -0.05902338
v -0.01199442 -0.02961766 -0.05902468
v -0.01199460 -0.02994191 -0.05739998
v -0.01137351 -0.03244882 -0.05732685
v -0.00975948 -0.03356438 -0.05732750
v -0.01149427 -0.02419996 -0.05902040
v -0.01176244 -0.02319985 -0.05901950
v -0.01249450 -0.02246779 -0.05901895
v -0.01289439 -0.02463454 -0.05902063
v -0.01328969 -0.02558910 -0.05902158
v -0.01424431 -0.02598470 -0.05902189
v -0.01519888 -0.02558910 -0.05902177
v -0.01905089 -0.02120149 -0.05901866
v -0.02124303 -0.02120149 -0.05901885
v -0.02262181 -0.02258038 -0.05902010
v -0.02250576 -0.01245296 -0.05901187
v -0.02124303 -0.01900959 -0.05901705
v -0.01880225 -0.01876315 -0.05901661
v -0.01559442 -0.02463454 -0.05902093
v -0.01519888 -0.02368009 -0.05902028
v -0.01424431 -0.02328467 -0.05901986
v -0.01328969 -0.02368009 -0.05902010
v -0.02323782 -0.01172071 -0.05901134
v -0.02332597 -0.01420301 -0.05901336
v -0.02372151 -0.01515758 -0.05901426
v -0.02467614 -0.01555281 -0.05901455
v -0.02563071 -0.01515758 -0.05901437
v -0.02602607 -0.01420301 -0.05901366
v -0.02423781 -0.01145297 -0.05901134
v -0.02372151 -0.01324838 -0.05901277
v -0.02467614 -0.01285278 -0.05901247
v -0.02563071 -0.01324838 -0.05901283
v -0.01855272 -0.01851010 -0.06766867
v -0.02602607 0.01429677 -0.05899082
v -0.02563071 0.01525139 -0.05899024
v -0.02552640 0.01933717 -0.05898695
v -0.02467614 0.01564699 -0.05898976
v -0.02372151 0.01525139 -0.05899006
v -0.02563071 0.01334238 -0.05899173
v -0.02423781 0.01154685 -0.05899310
v -0.02467614 0.01294696 -0.05899183
v -0.02372151 0.01334238 -0.05899155
v -0.02323782 0.01181489 -0.05899280
v -0.02332597 0.01429677 -0.05899065
v -0.02250576 0.01254677 -0.05899196
v -0.02124303 0.02129530 -0.05898499
v -0.01905089 0.02129530 -0.05898463
v -0.02124303 0.01910340 -0.05898678
v -0.02467584 0.01294976 -0.06256181
v -0.02467602 0.01294845 -0.06085937
v -0.02575483 0.01353448 -0.06284815
v -0.02562934 0.01334244 -0.06087577
v -0.02602571 0.01430016 -0.06325978
v -0.02602601 0.01429826 -0.06091725
v 0.01521009 -0.02558910 -0.05901885
v 0.02603703 -0.01420295 -0.05900871
v 0.02564167 -0.01515758 -0.05900967
v 0.02468717 -0.01555281 -0.05900990
v 0.02373260 -0.01515758 -0.05900985
v 0.02333718 -0.01420295 -0.05900913
v 0.02373260 -0.01324838 -0.05900830
v 0.02468717 -0.01285278 -0.05900794
v 0.02564167 -0.01324838 -0.05900818
v 0.02603727 0.01429831 -0.06091243
v 0.02564042 0.01334244 -0.06087082
v 0.02561140 0.01331549 -0.06273198
v 0.02468734 0.01294976 -0.06255716
v 0.02468729 0.01294845 -0.06085473
v 0.02977769 0.01204568 -0.05738762
v 0.02563282 0.01937550 -0.05738216
v -0.02562216 0.01937544 -0.05738684
v -0.02269265 -0.02265220 -0.05742007
v 0.02263277 -0.02258038 -0.05901587
v 0.02270332 -0.02265223 -0.05741578
v 0.01906198 -0.02120149 -0.05901491
v 0.02125406 -0.01900959 -0.05901300
v 0.02125406 -0.02120149 -0.05901467
v -0.03509974 0.02183693 -0.05751831
v -0.03123754 0.02477538 -0.05728316
v -0.03231120 0.02240985 -0.05728513
v -0.03314960 0.01972335 -0.05728739
v -0.03305810 0.01798117 -0.05728864
v -0.03201359 0.01658505 -0.05728965
v -0.03036779 0.01600557 -0.05728995
v -0.02898371 0.01641309 -0.05728960
v -0.03563261 0.01140111 -0.05729413
v -0.03953377 0.01169004 -0.05755813
v -0.03673809 0.00973612 -0.05729568
v -0.03760612 0.00546509 -0.05729895
v -0.03796249 0.00081527 -0.05730285
v -0.03795388 -0.01494404 -0.05769935
v -0.03656160 -0.00499999 -0.05730736
v -0.03417772 -0.02205169 -0.05772173
v -0.03358709 -0.01731050 -0.05731678
v -0.03242337 -0.01579046 -0.05731546
v -0.03052562 -0.01553910 -0.05731517
v -0.02900654 -0.01670438 -0.05731600
v -0.02368271 -0.02364248 -0.05732094
v -0.01674461 -0.02896612 -0.05732445
v -0.01557952 -0.03048539 -0.05732566
v -0.00802496 -0.03957202 -0.05776395
v 0.00000532 -0.04046311 -0.05772642
v 0.00000533 -0.03495419 -0.05732768
v 0.00803560 -0.03957214 -0.05776249
v 0.00977015 -0.03356438 -0.05732578
v 0.01575467 -0.03722503 -0.05775653
v 0.01138418 -0.03244882 -0.05732458
v 0.01559019 -0.03048539 -0.05732280
v 0.01675528 -0.02896612 -0.05732131
v 0.02369338 -0.02364248 -0.05731660
v 0.02901715 -0.01670438 -0.05731058
v 0.03053629 -0.01553910 -0.05730937
v 0.03243410 -0.01579046 -0.05730937
v 0.03359776 -0.01731050 -0.05731070
v 0.03418839 -0.02205175 -0.05771523
v 0.03334498 -0.01920837 -0.05731219
v 0.02908888 -0.02829089 -0.05773350
v 0.02722269 -0.02717179 -0.05731886
v 0.02286410 -0.03341538 -0.05774709
v 0.01925927 -0.03329408 -0.05732445
v 0.01736158 -0.03354698 -0.05732488
v 0.03796460 -0.01494413 -0.05769225
v 0.01584136 -0.03238326 -0.05732429
v 0.02431213 -0.03274959 -0.05764066
v 0.03344738 -0.02358824 -0.05763250
v 0.03929036 -0.01204937 -0.05762279
v 0.04027358 -0.00725010 -0.05766363
v 0.03954454 0.01169004 -0.05755080
v 0.03511045 0.02183696 -0.05751180
v 0.02899438 0.01641309 -0.05728411
v -0.03333431 -0.01920837 -0.05731827
v -0.02907815 -0.02829089 -0.05773892
v -0.02721202 -0.02717179 -0.05732417
v -0.02285322 -0.03341538 -0.05775138
v -0.01924860 -0.03329408 -0.05732828
v -0.01574400 -0.03722503 -0.05775954
v -0.01735091 -0.03354698 -0.05732828
v -0.01583069 -0.03238326 -0.05732727
v 0.04113265 0.00072823 -0.05759498
v 0.01278668 -0.03863245 -0.05764639
v 0.03784281 0.01701647 -0.05781477
v 0.03201997 0.02653563 -0.05771672
v 0.04087311 0.00630033 -0.05791670
v 0.00000561 -0.03495228 -0.05991876
v -0.03670070 0.00955882 -0.06415900
v -0.02084233 0.07402207 -0.04673234
v 0.02174331 0.05952068 -0.06205383
v 0.02096412 0.06392089 -0.05842169
v 0.02064657 0.07082659 -0.05130892
v 0.02133798 0.07605618 -0.04417967
v 0.02042371 0.06712687 -0.05627709
v -0.02729612 0.04379779 -0.07026249
v -0.03023463 0.03310930 -0.06760817
v -0.03295838 0.02623176 -0.06299799
v -0.03200912 0.02653563 -0.05772274
v -0.03783202 0.01701647 -0.05782185
v -0.02342581 0.07747715 -0.04404300
v -0.02207833 0.06861597 -0.05646526
v -0.02368134 0.05707269 -0.06591731
v -0.02690058 0.08378356 -0.03033965
v -0.02745455 0.08582526 -0.03094691
v -0.02888512 0.08735817 -0.02554899
v -0.02821612 0.08949255 -0.02600908
v -0.03133428 0.09117275 -0.01299738
v -0.02999633 0.09260690 -0.01330447
v -0.03071409 0.08745878 -0.01554906
v -0.03125393 0.08921104 -0.01570779
v -0.03182619 0.08953779 -0.01289570
v -0.03341537 0.09045117 0.00006892
v -0.02688252 0.09363436 -0.01851218
v -0.02611422 0.09359276 -0.02009987
v -0.03306722 0.08856088 0.00006745
v -0.03100961 0.08843958 0.01135373
v 0.02343416 0.07747727 -0.04403853
v 0.02208876 0.06861609 -0.05646133
v 0.02253717 0.07033509 -0.05810880
v 0.02255684 0.06923836 -0.05926799
v 0.02190154 0.07124489 -0.06131672
v 0.02317619 0.06028646 -0.07003390
v 0.02113634 0.06145477 -0.07254487
v 0.02367335 0.04696077 -0.07849860
v 0.02001339 0.04686117 -0.08120089
v 0.02645486 0.02989917 -0.07989060
v 0.02195966 0.02794045 -0.08273798
v 0.01953595 0.00505185 -0.08033680
v 0.01675778 0.02474910 -0.08467060
v 0.01571565 0.02277615 -0.08482715
v 0.01435250 0.02225106 -0.08514785
v 0.01335465 0.02241837 -0.08540707
v 0.01250743 0.02296489 -0.08564889
v 0.01185423 0.02426886 -0.08589502
v 0.00621706 0.02513390 -0.08681797
v 0.01223006 0.02615428 -0.08594248
v 0.00948560 0.04672437 -0.08490461
v 0.01519066 0.04678088 -0.08337837
v 0.01356273 0.06331175 -0.07653659
v 0.01786851 0.06248307 -0.07475537
v 0.01688575 0.07479816 -0.06494539
v 0.01997405 0.07313477 -0.06324660
v 0.02061313 0.08198845 -0.05202560
v 0.02260261 0.07972925 -0.05056107
v 0.02495425 0.08581727 -0.03867638
v 0.02570104 0.08333206 -0.03765523
v 0.02746021 0.08582526 -0.03094172
v 0.02690637 0.08378356 -0.03033477
v 0.03071671 0.08745878 -0.01554334
v 0.03306722 0.08856088 0.00007358
v 0.03125697 0.08921110 -0.01570183
v 0.03182876 0.08953779 -0.01288974
v 0.03341531 0.09045117 0.00007512
v 0.03133696 0.09117239 -0.01299148
v 0.03259414 0.09223413 0.00007094
v 0.01418477 0.02724874 -0.08553695
v 0.01517558 0.02707505 -0.08526396
v 0.01606815 0.02647208 -0.08497879
v 0.02327889 0.07733058 -0.04900604
v 0.02395606 0.07960838 -0.04523199
v 0.02558946 0.00836170 -0.07844054
v 0.03017908 0.01245236 -0.07609730
v 0.03121858 -0.00758135 -0.06935167
v 0.03486114 -0.00200826 -0.06809920
v 0.02718806 -0.01419508 -0.06900227
v 0.02647432 -0.01245159 -0.07034462
v 0.02498996 -0.01171118 -0.07155793
v 0.02346497 -0.01201230 -0.07219719
v 0.02255046 -0.01289641 -0.07219541
v 0.02218830 -0.01419270 -0.07170075
v 0.01413428 -0.01906639 -0.07193356
v 0.02237439 -0.01513969 -0.07111638
v 0.01468420 -0.02216285 -0.06994688
v 0.01326197 -0.02233207 -0.07022845
v 0.01222866 -0.02316367 -0.06996619
v 0.00481951 -0.02110177 -0.07239168
v 0.01175636 -0.02462655 -0.06914520
v 0.01238214 -0.02628237 -0.06790345
v 0.01383697 -0.02709299 -0.06696760
v 0.01529783 -0.02690130 -0.06666588
v 0.01631867 -0.02604109 -0.06692445
v 0.01675629 -0.02462780 -0.06772387
v 0.02280396 -0.01583689 -0.07053726
v 0.02442610 -0.01668107 -0.06924605
v 0.02599215 -0.01632827 -0.06856316
v 0.02687996 -0.01539760 -0.06854319
v 0.01612335 -0.02296406 -0.06900870
v 0.03297019 0.02623176 -0.06299179
v 0.03593260 0.01983875 -0.06485778
v -0.02236104 -0.01513969 -0.07112056
v -0.02217501 -0.01419270 -0.07170486
v -0.02253627 -0.01289761 -0.07219940
v -0.02345359 -0.01201111 -0.07220107
v -0.02218872 0.00631630 -0.07961636
v -0.02497953 -0.01171141 -0.07156097
v -0.02646196 -0.01245230 -0.07034880
v -0.01570361 0.02277878 -0.08482918
v -0.01434046 0.02225130 -0.08514958
v -0.01334142 0.02241748 -0.08540886
v -0.01249301 0.02296358 -0.08565080
v -0.01183831 0.02426850 -0.08589714
v -0.00620139 0.02513414 -0.08681917
v -0.01221481 0.02615529 -0.08594462
v -0.00946981 0.04672437 -0.08490639
v -0.00321364 0.04669559 -0.08569139
v -0.00286895 0.06419146 -0.07842880
v 0.00288361 0.06419146 -0.07842820
v 0.00272453 0.07756149 -0.06776809
v 0.00800300 0.07707774 -0.06727367
v 0.00825828 0.08670198 -0.05508249
v 0.01322633 0.08557909 -0.05435419
v 0.01460152 0.09187877 -0.04116718
v 0.01923865 0.09021860 -0.04048490
v 0.02305322 0.09337067 -0.02684015
v 0.00911629 0.09304219 -0.04164588
v 0.00310129 0.09364128 -0.04189240
v -0.00309348 0.09364128 -0.04189306
v -0.00910854 0.09304219 -0.04164755
v -0.01459389 0.09187877 -0.04117006
v -0.01923102 0.09021860 -0.04048860
v -0.01870493 0.09499612 -0.02706845
v 0.00281048 0.08728015 -0.05545789
v -0.00280023 0.08728015 -0.05545860
v -0.00824803 0.08670198 -0.05508399
v -0.01321619 0.08557909 -0.05435669
v -0.01741600 0.08397686 -0.05331850
v -0.02060341 0.08198845 -0.05202955
v -0.02275013 0.08815819 -0.03964239
v -0.02259320 0.07972925 -0.05056530
v -0.02494698 0.08581727 -0.03868097
v -0.02326983 0.07733058 -0.04901027
v -0.02394765 0.07960838 -0.04523646
v -0.00271189 0.07756149 -0.06776857
v -0.00799054 0.07707774 -0.06727516
v -0.01280432 0.07613849 -0.06631660
v -0.01687371 0.07479816 -0.06494849
v -0.01996225 0.07313477 -0.06325030
v -0.02189022 0.07124489 -0.06132090
v -0.02254581 0.06923836 -0.05927227
v -0.02252632 0.07033509 -0.05811303
v -0.00845468 0.06389248 -0.07778656
v -0.01354861 0.06331175 -0.07653909
v -0.01785475 0.06248307 -0.07475870
v -0.02112293 0.06145477 -0.07254886
v -0.02316308 0.06028646 -0.07003819
v -0.02385669 0.05904597 -0.06737226
v -0.01517522 0.04678088 -0.08338117
v -0.01999831 0.04686117 -0.08120459
v -0.02365875 0.04696077 -0.07850295
v -0.02594381 0.04707396 -0.07543337
v -0.02672094 0.04719424 -0.07217437
v -0.02408611 0.05794245 -0.06800377
v -0.01416981 0.02724874 -0.08553928
v -0.01515990 0.02707499 -0.08526676
v -0.01605209 0.02647242 -0.08498183
v -0.02194410 0.02794039 -0.08274215
v -0.02643990 0.02989912 -0.07989567
v -0.02925699 0.03215414 -0.07661879
v -0.03021669 0.03456187 -0.07311969
v -0.02778708 0.04322248 -0.07288479
v -0.03172647 0.03047239 -0.06985259
v -0.01674211 0.02474904 -0.08467370
v -0.02217406 0.01431477 -0.08136957
v -0.02255553 0.01564186 -0.08141446
v -0.02360564 0.01657468 -0.08104425
v -0.02527743 0.01673984 -0.08016085
v -0.02671462 0.01575762 -0.07914727
v -0.02717429 0.01431238 -0.07863515
v -0.03090751 0.01337730 -0.07557320
v -0.03321892 0.01759153 -0.07315999
v -0.03400170 0.02200883 -0.07063025
v -0.03690946 0.01312562 -0.06686359
v -0.03592050 0.01983875 -0.06486445
v -0.04086232 0.00630033 -0.05792433
v -0.03785324 0.01038455 -0.06532168
v -0.04112195 0.00072822 -0.05760270
v -0.03709441 0.00406134 -0.06674218
v -0.04026281 -0.00725010 -0.05767117
v -0.03222900 0.02775079 -0.07216918
v -0.03484851 -0.00200856 -0.06810569
v -0.03120559 -0.00758165 -0.06935757
v -0.02717506 -0.01419508 -0.06900727
v -0.02686709 -0.01539748 -0.06854826
v -0.02597904 -0.01632851 -0.06856811
v -0.02441281 -0.01668107 -0.06925100
v -0.02279067 -0.01583677 -0.07054167
v -0.01611042 -0.02296406 -0.06901180
v -0.01412081 -0.01906639 -0.07193619
v -0.01467108 -0.02216285 -0.06994956
v -0.01324874 -0.02233219 -0.07023090
v -0.01674360 -0.02462780 -0.06772696
v -0.01528519 -0.02690130 -0.06666880
v -0.01382464 -0.02709299 -0.06697016
v -0.01236951 -0.02628231 -0.06790578
v -0.01174336 -0.02462661 -0.06914728
v -0.00480610 -0.02110177 -0.07239258
v -0.01221561 -0.02316379 -0.06996846
v -0.01630622 -0.02604115 -0.06692749
v -0.02687764 0.01313114 -0.07863640
v -0.02717334 0.00956046 -0.07775890
v -0.02268594 0.01279866 -0.08086109
v -0.02414441 0.01187044 -0.07997006
v -0.02585369 0.01210868 -0.07907879
v 0.03094857 0.08998978 0.01289439
v -0.02241861 0.09433388 -0.02426403
v -0.02304840 0.09337067 -0.02684450
v -0.02624011 0.09152829 -0.02644771
v -0.02569401 0.08333206 -0.03766000
v -0.03927969 -0.01204937 -0.05763018
v -0.03343659 -0.02358824 -0.05763876
v -0.02430146 -0.03274959 -0.05764526
v 0.01600372 0.07180458 -0.04563874
v 0.01600414 0.06982058 -0.04847681
v 0.01500427 0.06992447 -0.04832821
v 0.01366188 0.07036880 -0.04769277
v 0.01400464 0.06982058 -0.04847699
v 0.01514361 0.07207172 -0.04558674
v 0.01400434 0.07180458 -0.04563874
v 0.01366179 0.07125628 -0.04642313
v 0.01300495 0.07081258 -0.04705792
v -0.01399600 0.07180458 -0.04564147
v -0.01399558 0.06982058 -0.04847955
v -0.01499536 0.06992447 -0.04833095
v -0.01633769 0.07036880 -0.04769557
v -0.01609062 0.06994893 -0.04886967
v -0.01513516 0.07207172 -0.04558968
v -0.01599544 0.07180458 -0.04564166
v -0.01633793 0.07125628 -0.04642596
v -0.01699483 0.07081258 -0.04706078
v 0.01660406 0.05557206 -0.06268885
v 0.01525875 0.05589791 -0.06223952
v 0.01640981 0.05609768 -0.06150522
v 0.01505150 0.05692095 -0.06131090
v -0.01608918 0.05115969 -0.06362717
v -0.01599395 0.05450201 -0.06193314
v -0.01499417 0.05435347 -0.06203737
v -0.01365178 0.05371875 -0.06248259
v -0.01399451 0.05450201 -0.06193310
v -0.01499390 0.05181547 -0.06381752
v -0.01399421 0.05166709 -0.06392168
v -0.01365167 0.05245056 -0.06337207
v -0.01299470 0.05308455 -0.06292730
v 0.01661209 0.07291768 -0.04590536
v 0.01508665 0.07333189 -0.04565988
v 0.01640713 0.07291447 -0.04475229
v 0.01505339 0.07353985 -0.04412919
v 0.02011694 0.07394862 -0.04666767
v 0.01973932 0.07356697 -0.04538685
v 0.02079334 0.07414063 -0.04629698
v -0.01981176 0.07387780 -0.04659845
v -0.02045755 0.07438946 -0.04609895
v -0.01999637 0.07369268 -0.04552960
v 0.01200199 0.08260470 -0.02117621
v 0.01200383 0.07208126 -0.04305559
v 0.01138865 0.07124257 -0.04128545
v 0.00985443 0.07593590 -0.03104400
v 0.00984138 0.07011687 -0.04152399
v 0.01200467 0.06683498 -0.05069679
v 0.01140475 0.06489068 -0.05053395
v 0.00986218 0.06516760 -0.04880362
v 0.00985670 0.05777925 -0.05635148
v 0.01140058 0.05681425 -0.05803877
v 0.00985509 0.04880923 -0.06082999
v 0.01140046 0.04665946 -0.06231641
v 0.00985616 0.04351288 -0.06211185
v 0.01200532 0.05850285 -0.05887299
v 0.01200574 0.04848349 -0.06351566
v 0.01200598 0.04238826 -0.06478577
v -0.01199781 0.08260470 -0.02117860
v -0.01141452 0.08107680 -0.02068817
v -0.01162463 0.08333045 -0.01300150
v -0.01093363 0.08301800 -0.01059955
v -0.01199823 0.08385068 -0.01673758
v -0.01000803 0.08281940 -0.00925529
v -0.00993585 0.08025997 -0.02043128
v -0.00984865 0.07593578 -0.03104609
v -0.02624052 0.08488727 -0.00934036
v -0.02544069 0.08500689 -0.00864738
v -0.02524048 0.08500772 -0.00968662
v 0.02544228 0.08488727 -0.00933553
v 0.02624225 0.08500689 -0.00864255
v 0.02644238 0.08500772 -0.00968176
v -0.01672941 0.08201748 -0.02193647
v -0.01326644 0.08201748 -0.02193605
v -0.01344769 0.08201825 -0.02293580
v -0.01422315 0.08201933 -0.02427815
v -0.01326608 0.08201909 -0.02393543
v -0.01654783 0.08201825 -0.02293622
v -0.01672923 0.08201909 -0.02393585
v -0.01577207 0.08201933 -0.02427830
v -0.01499766 0.08201986 -0.02493536
v 0.01327031 0.08201748 -0.02193379
v 0.01673334 0.08201748 -0.02193319
v 0.01655206 0.08201825 -0.02293306
v 0.01577660 0.08201933 -0.02427541
v 0.01673364 0.08201909 -0.02393269
v 0.01345192 0.08201825 -0.02293342
v 0.01327055 0.08201909 -0.02393317
v 0.01422771 0.08201933 -0.02427559
v 0.01500225 0.08201986 -0.02493256
v 0.01200157 0.08385068 -0.01673549
v 0.01200163 0.08416318 -0.01875942
v 0.01200187 0.08451139 -0.02078056
v 0.01200217 0.08347499 -0.02583681
v 0.01200264 0.08208137 -0.02990239
v 0.01200306 0.08062207 -0.03369188
v 0.01200336 0.07910007 -0.03721141
v 0.01200383 0.07591545 -0.04353970
v 0.01200455 0.07187139 -0.04990540
v 0.01200484 0.06991853 -0.05246551
v 0.01200509 0.06770360 -0.05503308
v 0.01200515 0.06562918 -0.05719465
v 0.01200544 0.06214384 -0.06034837
v 0.01200562 0.05896115 -0.06281840
v 0.01200598 0.05583369 -0.06488931
v 0.01200628 0.05003809 -0.06773787
v 0.01200634 0.04381906 -0.06896096
v 0.01200634 0.04069817 -0.06857395
v 0.01200616 0.03773349 -0.06738227
v 0.01162564 0.08332955 -0.01299268
v 0.01093488 0.08301770 -0.01059561
v -0.01199811 0.08416318 -0.01876175
v -0.01199793 0.08451139 -0.02078258
v -0.01199758 0.08347498 -0.02583926
v -0.01199710 0.08208125 -0.02990520
v -0.01199638 0.07909989 -0.03721410
v -0.01199591 0.07219564 -0.04287368
v -0.01199591 0.07591515 -0.04354238
v -0.01199507 0.06691366 -0.05059336
v -0.01199519 0.07187110 -0.04990816
v -0.01199489 0.06979680 -0.05262178
v -0.01199471 0.06770336 -0.05503571
v -0.01199442 0.05850827 -0.05886906
v -0.01199460 0.06562894 -0.05719715
v -0.01199412 0.05896115 -0.06282061
v -0.01199400 0.04843848 -0.06353205
v -0.01199394 0.05583405 -0.06489152
v -0.01199394 0.04235297 -0.06479197
v -0.01199340 0.04381978 -0.06896317
v -0.01199340 0.04069924 -0.06857645
v -0.01199358 0.03773456 -0.06738525
v 0.01000988 0.08281940 -0.00925338
v 0.00993967 0.08025997 -0.02042961
v 0.01141846 0.08107680 -0.02068603
v 0.00353622 0.08224427 -0.00625688
v -0.00000216 0.08216148 -0.00568562
v 0.00000173 0.07980340 -0.01881206
v -0.00348091 0.08224177 -0.00624108
v 0.00000284 0.07530260 -0.03075456
v -0.01469108 0.07370397 -0.04423212
v -0.01507812 0.07333189 -0.04566282
v -0.01618359 0.07301505 -0.04448199
v -0.01660362 0.07291760 -0.04590852
v -0.01449620 0.07712608 -0.03915327
v -0.01504610 0.08005716 -0.03298333
v -0.01575231 0.07628667 -0.03867393
v -0.01468971 0.05700943 -0.06147765
v -0.01524728 0.05589791 -0.06224238
v -0.01589855 0.05645435 -0.06117099
v -0.01672164 0.05576354 -0.06197362
v -0.01649415 0.05564051 -0.06308877
v -0.01449447 0.06319266 -0.05771887
v -0.01469043 0.06427518 -0.05622744
v -0.01575404 0.06309449 -0.05652809
v -0.01575452 0.06385678 -0.05584007
v -0.01499402 0.06963012 -0.04954510
v -0.01449525 0.06953346 -0.05104678
v -0.01574823 0.04209181 -0.06499013
v -0.01573944 0.03364431 -0.06416136
v -0.01829379 0.07325220 -0.04517006
v -0.01803588 0.07350009 -0.04649949
v -0.02083504 0.07688784 -0.04033792
v -0.02173852 0.07958024 -0.03613466
v -0.02201362 0.07904802 -0.03756709
v -0.02175598 0.07797250 -0.03983523
v -0.02070457 0.07499354 -0.04535421
v -0.02093864 0.07559874 -0.04432642
v -0.02097815 0.08020079 -0.03469055
v -0.02008181 0.08078777 -0.03326773
v -0.01794409 0.08205795 -0.02998501
v -0.01575738 0.08160358 -0.02958977
v -0.01542918 0.08334927 -0.02629289
v -0.01497250 0.08310067 -0.02703768
v -0.01449692 0.08112879 -0.03234423
v -0.01449662 0.07965266 -0.03596866
v -0.01449590 0.07660847 -0.04227972
v -0.01844280 0.05628430 -0.06202685
v -0.02053908 0.05673039 -0.06277612
v -0.01996831 0.05634264 -0.06388778
v -0.01818442 0.05590260 -0.06346279
v -0.02088618 0.05698567 -0.06413411
v -0.02027851 0.06005287 -0.06201456
v -0.01987612 0.06241214 -0.06012564
v -0.01960963 0.06467998 -0.05810533
v -0.01953184 0.06542658 -0.05680555
v -0.01948660 0.06680727 -0.05599885
v -0.01883107 0.07075062 -0.04948169
v -0.01759421 0.07035058 -0.04917818
v -0.01963749 0.07156079 -0.05014565
v -0.01449483 0.06868636 -0.05393676
v -0.01449459 0.06676268 -0.05604475
v -0.01918178 0.06117326 -0.05925374
v -0.01876813 0.06517904 -0.05569970
v -0.01937294 0.06431704 -0.05702548
v -0.02156917 0.05187199 -0.06487664
v -0.02337038 0.04478031 -0.06687705
v -0.02383718 0.04534608 -0.06760934
v -0.02212867 0.05187153 -0.06602576
v -0.02528651 0.03772846 -0.06738050
v 0.01600527 0.05450201 -0.06193011
v 0.01610098 0.05115971 -0.06362415
v 0.01500576 0.05181547 -0.06381479
v 0.01366341 0.05245060 -0.06336960
v 0.01400607 0.05166709 -0.06391906
v 0.01500558 0.05435347 -0.06203460
v 0.01400583 0.05450201 -0.06193029
v 0.01366328 0.05371878 -0.06248008
v 0.01300632 0.05308455 -0.06292480
v -0.01884675 0.05148667 -0.06413257
v -0.02050292 0.03536880 -0.06576400
v 0.02176919 0.05287696 -0.06651293
v 0.02205179 0.05186702 -0.06571519
v 0.02141555 0.05187640 -0.06475341
v 0.02112984 0.05308649 -0.06641009
v 0.01830399 0.07325255 -0.04516685
v 0.01804620 0.07350039 -0.04649621
v 0.02091091 0.07708406 -0.04002748
v 0.01575952 0.07627117 -0.03869819
v 0.02174526 0.07958030 -0.03613042
v 0.01532677 0.07980719 -0.03282734
v 0.02098321 0.08020156 -0.03468446
v 0.02008813 0.08078777 -0.03326416
v 0.01576274 0.08160358 -0.02958679
v 0.01542838 0.08334968 -0.02628851
v 0.01794832 0.08205878 -0.02997928
v 0.01495260 0.08306628 -0.02713650
v 0.01450300 0.08072114 -0.03301763
v 0.01450294 0.08120995 -0.03220599
v 0.01450324 0.07965290 -0.03596550
v 0.01450341 0.07710969 -0.03917729
v 0.01450371 0.07660889 -0.04227620
v 0.02321976 0.04469517 -0.06677043
v 0.02379141 0.04525572 -0.06742151
v 0.02527922 0.03770410 -0.06736225
v 0.01885855 0.05148667 -0.06412911
v 0.01547211 0.04235110 -0.06503556
v 0.02051639 0.03536921 -0.06576049
v 0.01575124 0.03364431 -0.06415849
v 0.01941820 0.07044332 -0.05037490
v 0.01789218 0.06983965 -0.04999691
v 0.01898568 0.07143477 -0.05002968
v 0.01653976 0.06986149 -0.04965321
v 0.01650458 0.07093596 -0.04958415
v 0.01880836 0.06463980 -0.05622375
v 0.01533022 0.06884047 -0.05050217
v 0.01547511 0.06304517 -0.05664124
v 0.01925534 0.06077927 -0.05955534
v 0.02055321 0.05673129 -0.06277341
v 0.01844954 0.05628377 -0.06202232
v 0.02007189 0.05636249 -0.06387793
v 0.01819133 0.05590194 -0.06345826
v 0.02089765 0.05693011 -0.06417385
v 0.01998889 0.06143838 -0.06026673
v 0.02028495 0.06007874 -0.06199121
v 0.01988315 0.06244117 -0.06009721
v 0.01954817 0.06533139 -0.05689412
v 0.01949626 0.06683766 -0.05596339
v 0.01951575 0.06889945 -0.05368638
v 0.01971065 0.07093256 -0.05090326
v 0.01525646 0.07011517 -0.04979070
v 0.01450467 0.06953388 -0.05104440
v 0.01450520 0.06349745 -0.05745151
v -0.00983298 0.07022744 -0.04134649
v -0.00985307 0.06524705 -0.04870092
v -0.00984615 0.05779439 -0.05634230
v -0.00984377 0.04877191 -0.06084400
v -0.00984460 0.04347980 -0.06211930
v -0.01138103 0.07124269 -0.04128736
v -0.01139521 0.06489098 -0.05053567
v -0.01138961 0.05681425 -0.05804044
v -0.01138871 0.04665940 -0.06231868
v 0.02700209 0.02920639 -0.05805397
v 0.02395004 0.02814877 -0.05727516
v 0.02700239 0.02912837 -0.06127429
v 0.02349776 0.02793866 -0.06127560
v 0.01602715 0.02774727 -0.05897629
v -0.02699112 0.02920639 -0.05805897
v -0.01356899 0.02589738 -0.05898070
v -0.01289439 0.02472865 -0.05898134
v -0.01491957 0.02589738 -0.05898076
v -0.01559442 0.02472865 -0.05898165
v -0.01491957 0.02355986 -0.05898255
v -0.01356899 0.02355986 -0.05898249
v 0.02700239 0.03075170 -0.06127279
v -0.02699095 0.02912837 -0.06127917
v -0.02699095 0.03075164 -0.06127786
v -0.02348643 0.02793866 -0.06127989
v -0.02393949 0.02814877 -0.05727970
v -0.01699781 0.07953399 -0.02293831
v -0.01639175 0.07976448 -0.02150356
v -0.01484200 0.07957482 -0.02094748
v -0.01358848 0.07918190 -0.02151906
v -0.01307961 0.07855513 -0.02333492
v -0.01388776 0.07832703 -0.02456921
v -0.01504009 0.07846379 -0.02493840
v -0.01642268 0.07898789 -0.02434170
v 0.01308437 0.07855499 -0.02333354
v 0.01359117 0.07918125 -0.02151775
v 0.01482120 0.07956889 -0.02094867
v 0.01639556 0.07976448 -0.02150028
v 0.01700204 0.07953399 -0.02293509
v 0.01642626 0.07898688 -0.02433979
v 0.01458573 0.07839280 -0.02483498
v 0.01361876 0.07832950 -0.02438080
v -0.01278236 0.08168218 0.00006441
v -0.01194095 0.08172971 0.00581485
v -0.01557010 0.08203119 0.00006489
v -0.01675289 0.08220618 0.00006505
v 0.00449616 0.08108139 0.00006619
v 0.00577766 0.08113479 0.00006594
v 0.00529653 0.07954818 -0.01642704
v 0.00859427 0.08130115 0.00006604
v 0.01592779 0.08163487 -0.01094877
v 0.01278257 0.08168218 0.00006678
v 0.01669925 0.08219790 0.00006816
v 0.01557075 0.08203130 0.00006778
v 0.02423728 0.08416674 0.00006960
v 0.02547127 0.08415430 0.00007040
v 0.02380317 0.08307886 -0.01511341
v 0.03101843 0.08681541 -0.00374984
v 0.03044015 0.08658361 -0.00773632
v 0.02092379 0.07923007 -0.02889978
v 0.02779885 0.08512910 -0.01993064
v 0.02675959 0.08406691 -0.02381649
v 0.02468997 0.08113896 -0.03099036
v 0.01194006 0.08172971 0.00581712
v 0.00826204 0.08172595 0.01042795
v 0.01508274 0.08414140 0.01899343
v 0.00538135 0.08413768 0.02366251
v 0.00821910 0.08464473 0.02575687
v 0.00923696 0.08485705 0.02601418
v 0.00849920 0.08510619 0.02691722
v -0.00538296 0.08413768 0.02366212
v 0.00294769 0.08172398 0.01298648
v -0.00295025 0.08172398 0.01298570
v -0.00826401 0.08172595 0.01042646
v -0.01508442 0.08414140 0.01899224
v -0.02180233 0.08414808 0.01057240
v -0.02554351 0.08417707 0.00006571
v -0.02423728 0.08416674 0.00006510
v -0.00886017 0.08472361 0.02576558
v -0.00790355 0.08490309 0.02656897
v -0.00890058 0.08515530 0.02691376
v 0.01890404 0.08470748 0.01951859
v 0.02004793 0.08511519 0.01985877
v 0.01997420 0.08484253 0.01895562
v 0.02180099 0.08414814 0.01057515
v -0.02040773 0.03630769 -0.05761199
v -0.02799111 0.03119206 -0.05900716
v -0.01813483 0.03861922 -0.05959916
v 0.02565234 0.03279167 -0.05764889
v 0.02035617 0.03634274 -0.05760771
v 0.01917946 0.03698140 -0.05759995
v -0.01916879 0.03698134 -0.05760334
v -0.01201772 0.03989958 -0.05756205
v -0.00708562 0.04106938 -0.05754220
v -0.00621843 0.04198855 -0.05861650
v -0.01572984 0.04164439 -0.06084172
v -0.00531989 0.04372447 -0.05931609
v -0.01348710 0.04693937 -0.06052190
v -0.00450396 0.04884636 -0.05844247
v -0.01171690 0.05559265 -0.05711430
v -0.00395554 0.05802035 -0.05366796
v -0.01123601 0.06470990 -0.04867361
v -0.00400782 0.06702589 -0.04322767
v -0.01229327 0.07248836 -0.03730005
v -0.00460094 0.07451260 -0.03068685
v 0.00001439 0.04145911 -0.05739831
v 0.00616807 0.04199630 -0.05861270
v 0.00527847 0.04372817 -0.05931108
v 0.00447047 0.04884654 -0.05843740
v 0.00392652 0.05801856 -0.05366379
v 0.00397646 0.06702327 -0.04322457
v 0.00456142 0.07450968 -0.03068459
v -0.00534600 0.07955098 -0.01642853
v -0.01597499 0.08164447 -0.01093965
v -0.02383911 0.08309507 -0.01509732
v -0.02780735 0.08516945 -0.01990526
v -0.02676310 0.08408155 -0.02379653
v -0.03052543 0.08745064 -0.00754814
v -0.03101998 0.08681589 -0.00373703
v 0.00702655 0.04108136 -0.05754065
v 0.01809024 0.03864395 -0.05958842
v 0.01569259 0.04165750 -0.06082761
v 0.02447146 0.03792423 -0.06365627
v 0.02110767 0.04537189 -0.06377339
v 0.02534574 0.04592067 -0.06749260
v 0.02343958 0.05248034 -0.06564986
v 0.02278578 0.05497109 -0.06453561
v 0.01202833 0.03989958 -0.05755960
v 0.01345646 0.04694432 -0.06050670
v 0.01169139 0.05559378 -0.05709928
v 0.01121127 0.06470847 -0.04865700
v 0.01226466 0.07248568 -0.03728300
v 0.01825743 0.07301616 -0.04139977
v 0.01359838 0.06899225 -0.04404968
v 0.01540046 0.06986725 -0.04405673
v 0.01646983 0.06999677 -0.04482740
v 0.01700389 0.06949359 -0.04618436
v 0.01300495 0.06806367 -0.04506522
v 0.01387876 0.06739590 -0.04662668
v 0.01539969 0.06776631 -0.04726916
v 0.01644682 0.06850355 -0.04713362
v 0.01715886 0.06482839 -0.05260437
v 0.01831418 0.05501240 -0.06050986
v 0.02159535 0.06019341 -0.06130450
v 0.02215945 0.05757290 -0.06309598
v 0.02069675 0.07083410 -0.04951959
v 0.02103924 0.07296675 -0.04638129
v 0.02224642 0.07673215 -0.04020732
v 0.01664308 0.05044010 -0.06101128
v 0.01460220 0.04905009 -0.06050762
v 0.01346933 0.04948908 -0.06002897
v 0.01301234 0.05055189 -0.05960499
v 0.01382905 0.05243211 -0.05928039
v 0.01500535 0.05312103 -0.05949378
v 0.01641494 0.05291229 -0.06020772
v 0.01700228 0.05176657 -0.06084519
v -0.01601642 0.02774578 -0.05727928
v -0.01503396 0.03836119 -0.05727088
v 0.01507765 0.03834784 -0.05726802
v 0.01602709 0.02774578 -0.05727617
v -0.02777338 0.03456974 -0.06448376
v -0.02662903 0.04107701 -0.06866729
v -0.02532762 0.04593908 -0.06749457
v -0.02342373 0.05249387 -0.06564879
v -0.02368462 0.05164188 -0.06709516
v -0.02300101 0.05421167 -0.06582707
v -0.02276998 0.05498558 -0.06453281
v -0.02213931 0.05761039 -0.06307709
v -0.02069443 0.07089769 -0.04943299
v -0.02074855 0.07201118 -0.04972136
v -0.02104431 0.07302856 -0.04629099
v -0.02226525 0.07679337 -0.04010200
v -0.02258127 0.07808256 -0.03938305
v -0.02317839 0.07869255 -0.03648835
v -0.02353559 0.08005206 -0.03525363
v -0.02453323 0.08149254 -0.03146249
v -0.02875936 0.08613098 -0.01615715
v -0.03107821 0.08789038 -0.00360095
v 0.02664184 0.04107701 -0.06866234
v 0.02592784 0.04381161 -0.06895953
v 0.02369695 0.05164189 -0.06709081
v 0.02301329 0.05421167 -0.06582278
v 0.02075779 0.07201117 -0.04971760
v 0.03107893 0.08789039 -0.00359505
v -0.02431213 0.08596867 -0.00674885
v -0.02163541 0.08502668 -0.01228559
v -0.02487677 0.08501785 -0.00128865
v -0.02253228 0.08450144 -0.00835746
v 0.00000000 0.08201670 0.00006530
v -0.01209127 0.08263790 0.00006468
v 0.00572997 0.08499759 0.02431339
v 0.01598119 0.08500170 0.01918017
v 0.02284818 0.08500897 0.00999969
v 0.02487695 0.08501785 -0.00128400
v 0.02260506 0.08450126 -0.00816005
v 0.02163738 0.08502668 -0.01228141
v 0.01842010 0.08450710 -0.01540422
v -0.01816231 0.08450728 -0.01570618
v 0.01209127 0.08263790 0.00006692
v 0.01531445 0.08526688 -0.01978069
v 0.01874423 0.08597666 -0.01684921
v -0.01531100 0.08526688 -0.01978343
v -0.02446389 0.08769608 -0.00618136
v 0.01448438 0.05406863 -0.06598053
v 0.01476607 0.05570448 -0.06502622
v 0.01450634 0.04201978 -0.06883555
v 0.01450628 0.03826087 -0.06765776
v 0.01466888 0.03420466 -0.06472058
v 0.02376675 0.04601967 -0.06879180
v 0.02291578 0.04926276 -0.06800675
v 0.02014297 0.07284439 -0.04852437
v 0.01457058 0.07348886 -0.04755840
v 0.01462553 0.07229291 -0.04931912
v 0.01763284 0.07118445 -0.04975770
v -0.02180312 0.05290687 -0.06650303
v -0.01439650 0.07354727 -0.04747125
v -0.02021327 0.07297615 -0.04850699
v -0.01439523 0.07202899 -0.04969596
v -0.02289789 0.04928225 -0.06800460
v -0.02375131 0.04602926 -0.06879478
v -0.02460509 0.04269307 -0.06891590
v -0.02115595 0.05247855 -0.06554687
v -0.01449352 0.04202795 -0.06883949
v -0.01449364 0.03826671 -0.06766337
v 0.02116817 0.05247855 -0.06554311
v -0.02480661 0.08595949 0.00477839
v -0.02274948 0.08799129 0.01102483
v -0.02012157 0.08595108 0.01532220
v -0.01123476 0.08594530 0.02268099
v -0.00562251 0.08798038 0.02468580
v -0.00000237 0.08594316 0.02531838
v 0.00561780 0.08798038 0.02468705
v 0.01123046 0.08594530 0.02268338
v 0.02011877 0.08595108 0.01532608
v 0.02274727 0.08799129 0.01102906
v 0.02480596 0.08595949 0.00478304
v 0.02446818 0.08769725 -0.00616479
v 0.02431339 0.08596867 -0.00674432
v 0.02150917 0.08673006 -0.01315629
v 0.02350014 0.08735835 -0.00916653
v -0.02285021 0.08500897 0.00999540
v -0.01598501 0.08500170 0.01917707
v -0.00573450 0.08499759 0.02431249
v -0.02095812 0.07925885 -0.02886837
v -0.01828622 0.07306236 -0.04135714
v -0.01539028 0.06986690 -0.04405840
v -0.01645582 0.06999754 -0.04482358
v -0.01699531 0.06949764 -0.04618120
v -0.01359391 0.06899547 -0.04404984
v -0.01299673 0.06806588 -0.04506433
v -0.01386812 0.06739595 -0.04662778
v -0.01499539 0.06756365 -0.04722976
v -0.01717430 0.06489425 -0.05255764
v -0.01831322 0.05509597 -0.06048743
v -0.01457416 0.05293646 -0.05939474
v -0.01640874 0.05290859 -0.06021440
v -0.01326199 0.05167201 -0.05934482
v -0.01301950 0.05040395 -0.05965517
v -0.01374602 0.04924875 -0.06017971
v -0.01499432 0.04904592 -0.06065249
v -0.02109843 0.04544538 -0.06378340
v -0.01662784 0.05043428 -0.06101402
v -0.01699101 0.05176508 -0.06084907
v -0.02445870 0.03797250 -0.06369268
v -0.01643234 0.06849759 -0.04714005
v -0.01918401 0.08490751 0.01997145
v -0.02006802 0.08491953 0.01913869
v -0.01902991 0.08455747 0.01882845
v 0.01560539 0.02472865 -0.05897867
v 0.01493078 0.02355986 -0.05897969
v 0.01358014 0.02355986 -0.05897980
v 0.01290535 0.02472865 -0.05897903
v 0.01358014 0.02589738 -0.05897808
v 0.01493078 0.02589738 -0.05897795
v 0.01940047 0.06411349 -0.05721110
v -0.01277601 -0.03863251 -0.05764877
v 0.03100723 0.08843958 0.01135945
v 0.02527618 0.08843171 0.02128374
v 0.02368587 0.08998107 0.02376186
v 0.01649636 0.08842581 0.02864938
v 0.01281678 0.08997529 0.03102266
v 0.00572699 0.08842265 0.03256797
v -0.00000313 0.08997327 0.03357166
v -0.00573313 0.08842265 0.03256708
v -0.01282268 0.08997529 0.03102046
v -0.01650196 0.08842575 0.02864629
v -0.02369028 0.08998107 0.02375739
v -0.02528017 0.08843165 0.02127891
v -0.03095120 0.08998978 0.01288861
v -0.03013265 0.09223074 0.01254680
v -0.02306451 0.09222230 0.02312973
v -0.01248427 0.09221669 0.03020161
v -0.00000305 0.09221467 0.03268585
v 0.01247858 0.09221669 0.03020379
v 0.02306017 0.09222230 0.02313402
v 0.03013017 0.09223074 0.01255247
v 0.02765136 0.09448641 0.01715242
v 0.01863116 0.09447878 0.02670454
v 0.03215306 0.09449619 0.00480956
v 0.00656599 0.09447455 0.03190487
v -0.00657201 0.09447455 0.03190374
v -0.01863604 0.09447878 0.02670115
v -0.02765464 0.09448635 0.01714748
v 0.02822095 0.08949255 -0.02600359
v 0.02624481 0.09152829 -0.02644270
v 0.02888995 0.08735817 -0.02554363
v 0.02275753 0.08815819 -0.03963815
v 0.01742595 0.08397686 -0.05331510
v 0.01281654 0.07613849 -0.06631416
v 0.00846916 0.06389248 -0.07778507
v 0.00322956 0.04669559 -0.08569079
v 0.00000783 0.02492851 -0.08711725
v 0.03786540 0.01038461 -0.06531459
v 0.03710687 0.00406146 -0.06673520
v 0.03304207 0.01708990 -0.07344114
v 0.03401488 0.02200889 -0.07062381
v 0.03692186 0.01312565 -0.06685668
v 0.03173965 0.03047239 -0.06984663
v 0.02927136 0.03215426 -0.07661324
v 0.03023034 0.03456187 -0.07311403
v 0.02780073 0.04322248 -0.07287955
v 0.02730923 0.04379767 -0.07025778
v 0.02369368 0.05707281 -0.06591308
v 0.03024727 0.03310930 -0.06760251
v 0.02595788 0.04707396 -0.07542854
v 0.02386927 0.05904597 -0.06736791
v 0.02409887 0.05794245 -0.06799930
v 0.02673435 0.04719430 -0.07216948
v 0.03224247 0.02775079 -0.07216310
v -0.02987498 0.08708465 -0.01102083
v -0.03028297 0.08800917 -0.00733906
v -0.02997940 0.08814507 -0.00596761
v -0.02889478 0.08733898 -0.01215398
v -0.02880579 0.08682858 -0.01490581
v -0.02744871 0.08605176 -0.01840615
v -0.02467553 0.08304971 -0.02805198
v -0.02444170 0.08273715 -0.02918101
v -0.02417340 0.08233788 -0.03043456
v -0.02282154 0.07970375 -0.03700785
v -0.02405935 0.08216047 -0.03095757
v -0.02371462 0.08159619 -0.03250935
v -0.02335697 0.08097740 -0.03409340
v -0.02135765 0.07659935 -0.04332602
v -0.02176344 0.07768499 -0.04129147
v 0.00000567 -0.03470820 -0.06099395
v -0.02405363 0.00909024 -0.06779497
v -0.02417993 -0.00495899 -0.06780618
v -0.02482759 -0.01027256 -0.06458330
v 0.02418828 -0.00996619 -0.06513816
v -0.01139575 0.08840304 -0.04624438
v -0.01139450 0.08049899 -0.05910157
v -0.01139342 0.06999707 -0.06992918
v 0.01574386 0.05473623 -0.06577864
v 0.01200574 0.05713921 -0.06406247
v 0.01398806 0.05492745 -0.06548090
v 0.01200515 0.06634879 -0.05645895
v 0.01404750 0.07291866 -0.04841569
v 0.01555615 0.07316807 -0.04804560
v 0.02784403 0.08781239 -0.00472206
v 0.02718242 0.08790633 -0.00321251
v 0.02867093 0.08793798 -0.00257301
v 0.02950644 0.08788359 -0.00364721
v 0.01200747 0.04595857 -0.08089226
v 0.01200681 0.05978298 -0.07523107
v 0.01140725 0.05746847 -0.07834750
v 0.01200646 0.06714946 -0.07015377
v 0.01140654 0.06999707 -0.06992709
v 0.01140546 0.08049899 -0.05909937
v 0.01140421 0.08840310 -0.04624211
v 0.01140779 0.04313105 -0.08314728
v -0.01465415 0.04616272 -0.07998434
v -0.01564669 0.04657435 -0.08089375
v -0.01449251 0.04472237 -0.07997405
v -0.00443379 0.08797804 0.02761441
v -0.00265554 0.08797782 0.02788394
v -0.00328079 0.08797660 0.02939287
v 0.00271128 0.08797746 0.02832639
v 0.00415909 0.08797660 0.02939343
v 0.00415927 0.08797833 0.02725965
v -0.00460648 0.08797675 0.02920955
v 0.00496727 0.08797746 0.02832669
v 0.01566177 0.04657435 -0.08089089
v 0.01680386 0.08206576 -0.05049008
v 0.02518355 0.04405456 -0.07726180
v -0.01978850 0.07533669 -0.05688315
v -0.02103292 0.08241558 -0.04631888
v -0.02332931 0.08747786 -0.03477900
v -0.02423632 0.08743327 -0.03177696
v -0.02236855 0.08406138 -0.04079848
v -0.02095574 0.08008199 -0.04844856
v -0.02023071 0.07582747 -0.05470180
v -0.02013909 0.07103198 -0.06028527
v -0.02066218 0.06583416 -0.06515139
v -0.02176427 0.06013244 -0.06939488
v -0.02324581 0.05385285 -0.07291489
v -0.02473878 0.04751729 -0.07537168
v -0.02598041 0.04155761 -0.07673346
v -0.02577590 0.08690798 -0.02257019
v -0.02361333 0.09111255 -0.02068817
v -0.00513494 0.08987158 -0.04687875
v 0.00000435 0.09010499 -0.04700410
v 0.00514370 0.08987158 -0.04687786
v -0.00371748 0.09477028 -0.02543288
v 0.00372231 0.09477028 -0.02543228
v 0.00647247 0.09477248 -0.02818324
v -0.00646734 0.09477248 -0.02818446
v 0.02825677 0.09475508 -0.00639182
v 0.02631205 0.09450447 -0.00558674
v 0.02550625 0.09475287 -0.00364208
v 0.02631175 0.09450137 -0.00169754
v 0.02825605 0.09450066 -0.00089213
v 0.03020095 0.09450447 -0.00558632
v 0.03100645 0.09450286 -0.00364178
v 0.03100574 0.09449696 0.00379795
v 0.03020048 0.09449857 0.00185347
v 0.03020066 0.09450137 -0.00169724
v 0.02825587 0.09449917 0.00104779
v 0.02631115 0.09449857 0.00185311
v 0.02550584 0.09474697 0.00379774
v 0.02631098 0.09449547 0.00574219
v 0.02825558 0.09474477 0.00654796
v 0.03020018 0.09449547 0.00574249
v 0.01944375 0.09448611 0.01752239
v 0.02085787 0.09448558 0.01810824
v 0.02144348 0.09448450 0.01952242
v 0.02085763 0.09448337 0.02093672
v 0.01049548 0.09447908 0.02623027
v 0.00990951 0.09447801 0.02764445
v 0.00849527 0.09447759 0.02822995
v 0.00646722 0.09472748 0.02833545
v 0.00708109 0.09447801 0.02764403
v 0.00371748 0.09472969 0.02558571
v 0.00708139 0.09448027 0.02481549
v -0.00372231 0.09472969 0.02558499
v -0.00708592 0.09448027 0.02481418
v -0.00708628 0.09447801 0.02764266
v -0.00647247 0.09472748 0.02833417
v -0.00850058 0.09447759 0.02822846
v -0.00991470 0.09447801 0.02764236
v -0.01050037 0.09447908 0.02622818
v -0.00991446 0.09448027 0.02481395
v -0.00850022 0.09448069 0.02422857
v -0.01944738 0.09448289 0.02151858
v -0.02086150 0.09448337 0.02093297
v -0.02144718 0.09448450 0.01951861
v -0.02086114 0.09448558 0.01810443
v -0.01944679 0.09448605 0.01751857
v -0.01803272 0.09448558 0.01810479
v -0.01744717 0.09448450 0.01951897
v -0.01803296 0.09448337 0.02093327
v 0.00849563 0.09448069 0.02423006
v 0.01944327 0.09448289 0.02152234
v 0.00990975 0.09448027 0.02481585
v 0.01802927 0.09448337 0.02093636
v 0.01744335 0.09448450 0.01952219
v 0.01802945 0.09448558 0.01810801
v -0.03020018 0.09450447 -0.00559205
v -0.02825558 0.09475508 -0.00639710
v -0.02631098 0.09450447 -0.00559169
v -0.02550590 0.09475287 -0.00364685
v -0.02631121 0.09450137 -0.00170254
v -0.02825593 0.09450066 -0.00089737
v -0.02825611 0.09449917 0.00104249
v -0.03020071 0.09449857 0.00184769
v -0.03020048 0.09450137 -0.00170296
v -0.03100657 0.09449696 0.00379223
v -0.03020101 0.09449547 0.00573689
v -0.02825677 0.09474477 0.00654274
v -0.02631211 0.09449547 0.00573725
v -0.02550661 0.09474697 0.00379291
v -0.02631181 0.09449857 0.00184816
v -0.03100574 0.09450286 -0.00364762
v -0.01430100 0.05468136 -0.06589937
v 0.00557363 0.10802658 -0.02581429
v 0.00371760 0.10802560 -0.02517043
v 0.00663394 0.10802758 -0.02746826
v 0.00737327 0.10802959 -0.03053867
v -0.00151989 0.10802594 -0.02546077
v -0.00000290 0.10803057 -0.03141385
v -0.00222218 0.10802658 -0.02665507
v -0.00427556 0.10802758 -0.02753287
v -0.00737888 0.10802958 -0.03053748
v -0.00648330 0.10802715 -0.02703752
v 0.02590030 0.10800158 0.00565976
v 0.02525657 0.10800259 0.00380356
v 0.02755427 0.10800058 0.00672001
v 0.03062468 0.10799958 0.00745923
v 0.02525568 0.10800858 -0.00359880
v 0.02664029 0.10800958 -0.00471776
v 0.02731101 0.10801056 -0.00647862
v 0.03062349 0.10801159 -0.00729292
v -0.00557363 0.10798448 0.02598625
v -0.00371760 0.10798557 0.02534247
v -0.00663394 0.10798358 0.02764028
v -0.00737327 0.10798157 0.03071070
v 0.00378722 0.10798518 0.02553827
v 0.00000292 0.10798059 0.03158587
v 0.00435144 0.10798448 0.02635490
v 0.00534236 0.10798448 0.02701228
v 0.00737888 0.10798158 0.03070950
v 0.00656465 0.10798358 0.02739702
v -0.02589929 0.10800158 0.00566453
v -0.02755308 0.10800058 0.00672502
v -0.02525568 0.10800321 0.00335833
v -0.03062349 0.10799959 0.00746483
v -0.02626496 0.10800358 0.00280822
v -0.02712088 0.10800358 0.00220967
v -0.02799838 0.10800558 0.00017371
v -0.03149986 0.10800558 0.00008891
v -0.02723807 0.10800758 -0.00190907
v -0.02590030 0.10800959 -0.00548774
v -0.02755427 0.10801058 -0.00654798
v -0.03062468 0.10801159 -0.00728732
v -0.02525645 0.10800805 -0.00323292
v 0.00720194 0.10764119 -0.00428799
v 0.00729954 0.10761015 -0.00607316
v 0.00825413 0.10768279 -0.00799404
v 0.00985525 0.10763907 -0.00895028
v 0.01200184 0.10778038 -0.00859482
v 0.01346979 0.10972946 -0.00798535
v 0.01229029 0.10929258 -0.00851190
v 0.01350768 0.10761159 -0.00767469
v 0.01431906 0.10929048 -0.00659155
v 0.01431888 0.10761058 -0.00659251
v 0.01466816 0.10928958 -0.00521439
v 0.01464730 0.10760960 -0.00488737
v 0.01497847 0.10928859 -0.00363507
v 0.01431446 0.10783821 -0.00340289
v 0.01326626 0.10765429 -0.00207853
v 0.00907541 0.10769419 -0.00151967
v 0.00969408 0.10928655 -0.00093608
v 0.01154429 0.10765424 -0.00130473
v 0.01078548 0.10915384 -0.00068176
v 0.01161926 0.10928659 -0.00125885
v 0.00281159 0.10757357 -0.00773984
v 0.00117566 0.10738508 -0.01094560
v 0.00188821 0.10766260 -0.00875096
v 0.00861857 0.10758122 -0.00915137
v 0.00901670 0.10764654 -0.01001806
v 0.00709925 0.10761157 -0.00762164
v 0.00115119 0.10779303 -0.00917326
v 0.00076152 0.10919081 -0.01039826
v 0.00134385 0.10929458 -0.01153265
v 0.00123943 0.10929319 -0.00925738
v 0.00160662 0.10761558 -0.01226563
v 0.00243923 0.10766327 -0.01346945
v 0.00495814 0.10761759 -0.01456521
v 0.00365190 0.10794824 -0.01430783
v 0.00432989 0.10767218 -0.00708554
v 0.00563177 0.10761157 -0.00707076
v 0.00867438 0.10775489 -0.01192731
v 0.00848234 0.10929556 -0.01244127
v 0.00788151 0.10761616 -0.01328995
v 0.00813113 0.10944536 -0.01336359
v 0.00698934 0.10780410 -0.01402840
v 0.00617145 0.10915316 -0.01444267
v 0.00496709 0.10929759 -0.01458758
v 0.00603551 0.10759958 0.00731093
v 0.00802862 0.10766842 0.00810493
v 0.00418281 0.10763802 0.00731302
v 0.00876117 0.10759757 0.01017562
v 0.00868623 0.10773442 0.01194617
v 0.00171630 0.10767747 0.00924361
v 0.00107501 0.10927793 0.00969786
v 0.00116881 0.10731398 0.01046294
v 0.00078843 0.10915019 0.01086495
v 0.00144325 0.10766598 0.01199028
v 0.00134593 0.10927658 0.01170647
v 0.00376189 0.10927358 0.01494944
v 0.00497186 0.10759359 0.01473287
v 0.00362135 0.10773606 0.01444944
v 0.00530148 0.10927358 0.01475507
v 0.00684887 0.10759456 0.01426757
v 0.00667858 0.10927457 0.01440609
v 0.00803254 0.10963902 0.01356022
v 0.00788355 0.10759458 0.01346015
v 0.01057789 0.10760461 0.00140447
v 0.01053534 0.10918165 0.00087588
v 0.00914740 0.10769405 0.00180547
v 0.01161950 0.10928458 0.00143087
v 0.01190310 0.10766811 0.00152025
v 0.00928259 0.10928457 0.00126230
v 0.01464955 0.10760161 0.00504980
v 0.01467466 0.10928150 0.00505412
v 0.01433164 0.10784995 0.00360295
v 0.01448726 0.10928258 0.00397468
v 0.01455325 0.10945971 0.00621830
v 0.01403926 0.10784986 0.00722809
v 0.01280048 0.10759897 0.00834132
v 0.01341488 0.10913228 0.00815277
v 0.01305960 0.10951833 0.00843771
v 0.01187368 0.10782842 0.00880877
v 0.01040534 0.10759850 0.00886544
v 0.00722923 0.10760059 0.00611689
v 0.00717732 0.10765285 0.00438741
v 0.01330824 0.10764881 0.00228211
v 0.00944191 0.10759848 0.00862068
v -0.00722501 0.10756769 0.00423674
v -0.00729954 0.10760026 0.00624451
v -0.00825412 0.10766977 0.00816554
v -0.00985523 0.10762477 0.00912169
v -0.01200184 0.10776631 0.00876646
v -0.01347017 0.10971634 0.00815949
v -0.01229029 0.10927859 0.00868595
v -0.01350764 0.10759958 0.00784605
v -0.01431906 0.10928058 0.00676561
v -0.01431888 0.10760058 0.00676388
v -0.01466816 0.10928148 0.00538850
v -0.01459123 0.10760196 0.00468730
v -0.01493748 0.10928258 0.00382314
v -0.01431926 0.10778822 0.00360307
v -0.00907539 0.10769163 0.00169115
v -0.00969407 0.10928459 0.00111015
v -0.01120204 0.10766719 0.00140074
v -0.01078547 0.10915282 0.00085561
v -0.01161926 0.10928459 0.00143296
v -0.00125229 0.10749517 0.01135341
v -0.00076151 0.10917408 0.01057220
v -0.00165421 0.10771465 0.00933440
v -0.00134385 0.10927659 0.01170666
v -0.00123911 0.10927799 0.00943127
v -0.00496709 0.10927357 0.01476151
v -0.00388765 0.10927358 0.01457428
v -0.00361025 0.10774647 0.01444590
v -0.00496296 0.10759360 0.01473555
v -0.00613134 0.10943329 0.01463993
v -0.00698931 0.10778207 0.01420007
v -0.00817587 0.10759500 0.01302610
v -0.00805727 0.10911345 0.01350903
v -0.00836208 0.10950338 0.01311040
v -0.00870419 0.10777514 0.01200137
v -0.00901669 0.10763062 0.01018947
v -0.00679121 0.10759958 0.00764531
v -0.00447469 0.10765625 0.00723923
v -0.00266986 0.10762457 0.00809200
v -0.00861851 0.10756627 0.00932271
v -0.00567990 0.10759957 0.00726170
v -0.00761536 0.10761658 -0.01356634
v -0.00499494 0.10761757 -0.01455642
v -0.00667739 0.10761658 -0.01423341
v -0.00603551 0.10761157 -0.00713956
v -0.00803858 0.10768295 -0.00792651
v -0.00415925 0.10764746 -0.00715128
v -0.00859004 0.10761300 -0.00943656
v -0.00855638 0.10778137 -0.01221363
v -0.00883425 0.10761425 -0.01087076
v -0.00153478 0.10759138 -0.00899729
v -0.00107473 0.10929326 -0.00952366
v -0.00134314 0.10750968 -0.01054544
v -0.00078842 0.10916712 -0.01069113
v -0.00144325 0.10768520 -0.01181887
v -0.00134593 0.10929458 -0.01153230
v -0.00376182 0.10929760 -0.01477514
v -0.00362133 0.10775896 -0.01427786
v -0.00530136 0.10929759 -0.01458126
v -0.00667858 0.10929658 -0.01423191
v -0.00803224 0.10966097 -0.01338581
v -0.00722930 0.10761060 -0.00594592
v -0.00716010 0.10753537 -0.00397385
v -0.01187462 0.10772488 -0.00859420
v -0.01004115 0.10761258 -0.00866299
v -0.01255390 0.10929258 -0.00838290
v -0.01354303 0.10761158 -0.00764053
v -0.01344089 0.10939693 -0.00804308
v -0.01424954 0.10817149 -0.00670350
v -0.01457928 0.10961676 -0.00598265
v -0.01465093 0.10760960 -0.00487102
v -0.01467466 0.10928957 -0.00488001
v -0.01434046 0.10761059 -0.00642001
v -0.01034057 0.10764977 -0.00127524
v -0.01161950 0.10928658 -0.00125670
v -0.01053534 0.10918291 -0.00070201
v -0.01190265 0.10767009 -0.00134857
v -0.00928259 0.10928660 -0.00108828
v -0.01342541 0.10764599 -0.00224090
v -0.01437358 0.10790809 -0.00351644
v -0.01448726 0.10928858 -0.00380069
v 0.00018301 0.10721812 -0.00910338
v 0.00012903 0.10701392 -0.01028473
v -0.00037356 0.10701419 -0.01074813
v -0.00023341 0.10732699 -0.01198360
v -0.00095344 0.10699757 0.01042995
v -0.00036401 0.10735840 0.00921652
v -0.00012902 0.10699722 0.01045511
v 0.00017583 0.10722983 0.01191837
v 0.00044296 0.10699659 0.01102691
v -0.00798274 0.10764716 0.00274379
v -0.00763822 0.10757658 0.00331718
v -0.00828842 0.10751637 0.00009227
v -0.00786538 0.10764730 -0.00273085
v -0.00600976 0.10778058 0.00609661
v -0.00379723 0.10727961 0.00712663
v 0.00115961 0.10727958 0.00800091
v 0.00046280 0.10777860 0.00884142
v 0.00260510 0.10764425 0.00811286
v 0.00579572 0.10747623 0.00588026
v 0.00786683 0.10756426 0.00285511
v 0.00836360 0.10758103 0.00008491
v 0.00798269 0.10765016 -0.00257378
v 0.00739080 0.10728757 -0.00297629
v 0.00580191 0.10749587 -0.00571712
v -0.00579474 0.10748442 -0.00570822
v -0.00280104 0.10757319 -0.00770172
v -0.00964558 0.11011758 -0.01546365
v -0.01583121 0.11029525 -0.00908893
v -0.00134069 0.11011960 -0.01816308
v -0.00120997 0.11011860 -0.01566565
v 0.00748017 0.11039159 -0.01661178
v 0.00607689 0.10986931 -0.01449691
v 0.00964558 0.11009358 0.01563918
v 0.01583121 0.11028119 0.00926459
v 0.00134069 0.11009060 0.01833838
v 0.01352149 0.11009849 0.00826133
v 0.00121045 0.11009259 0.01584130
v -0.00748017 0.11036560 0.01678762
v -0.00000079 0.10746840 -0.00809087
v 0.01038180 0.10791023 -0.01029744
v 0.00897431 0.10778458 0.00094209
v 0.01049393 0.10791759 0.01057898
v 0.00859898 0.10927558 0.01237751
v -0.01038174 0.10789426 0.01046930
v -0.00884032 0.10764843 -0.00180894
v -0.00897431 0.10778658 -0.00077043
v -0.01049415 0.10793359 -0.01040680
v -0.00859892 0.10929558 -0.01220345
v 0.01489266 0.10797843 0.00008422
v 0.01224958 0.10778557 0.00008419
v -0.00215996 0.10766857 -0.01317767
v -0.00000126 0.10792883 -0.01474499
v 0.00388765 0.10929758 -0.01440036
v 0.00215996 0.10764731 0.01334911
v 0.00000206 0.10794231 0.01495460
v -0.00217580 0.10763398 0.01336817
v -0.01329655 0.10765073 0.00227633
v -0.01489257 0.10797843 0.00008747
v -0.01224958 0.10778557 0.00008747
v -0.02397269 0.10510759 -0.00273251
v -0.02525645 0.10504565 -0.00335979
v -0.02287888 0.10510759 -0.00203543
v -0.02525568 0.10505010 0.00346188
v -0.02200138 0.10510558 0.00017176
v -0.02300357 0.10510358 0.00232500
v -0.02589988 0.10500957 -0.00549030
v -0.02755427 0.10501058 -0.00655043
v -0.03062468 0.10501158 -0.00728964
v -0.02589899 0.10500159 0.00566233
v -0.02755308 0.10500058 0.00672263
v -0.03062349 0.10499948 0.00746239
v -0.02422380 0.11310358 0.00298989
v -0.02712088 0.11310359 0.00221378
v -0.02789777 0.11310659 -0.00068326
v -0.02577596 0.11310757 -0.00280523
v -0.02287888 0.11310757 -0.00202906
v -0.02210199 0.11310459 0.00086801
v 0.00368488 0.10498558 0.02533948
v -0.00371760 0.10498559 0.02534008
v -0.00557393 0.10498458 0.02598357
v -0.00663394 0.10498359 0.02763772
v -0.00737327 0.10498148 0.03070849
v 0.00388861 0.10498758 0.02270686
v 0.01202130 0.10499558 0.01210373
v 0.00438094 0.10499259 0.01650917
v -0.00443947 0.10499258 0.01649326
v -0.01539880 0.10498357 0.02756268
v -0.01541304 0.10498958 0.02002519
v -0.01684796 0.10498858 0.02085358
v -0.01850450 0.10498858 0.02085351
v -0.01993834 0.10498958 0.02002573
v -0.02227175 0.10498757 0.02235949
v -0.02076667 0.10499048 0.01859200
v -0.02076697 0.10499259 0.01693528
v -0.02747637 0.10499358 0.01548779
v -0.01640927 0.10500160 0.00452400
v -0.01642566 0.10500848 -0.00429606
v -0.01993864 0.10499358 0.01550036
v -0.01850390 0.10499358 0.01467211
v -0.01684737 0.10499358 0.01467217
v -0.01541346 0.10499359 0.01549984
v -0.01201969 0.10499558 0.01210529
v -0.01458525 0.10499258 0.01693361
v -0.01458495 0.10499050 0.01859027
v 0.00658168 0.10498360 0.02744700
v 0.00737888 0.10498147 0.03070707
v 0.00861102 0.10498457 0.02633501
v 0.00724876 0.11308348 0.02713525
v 0.00435144 0.11308460 0.02635921
v 0.00357467 0.11308658 0.02346170
v 0.00569648 0.11308859 0.02133989
v 0.00609422 0.10498859 0.02125507
v 0.00859374 0.11308758 0.02211606
v 0.00859374 0.10498758 0.02210945
v 0.00937045 0.11308558 0.02501296
v 0.00947243 0.10498658 0.02421820
v 0.02525568 0.10500848 -0.00360125
v 0.02525657 0.10500258 0.00380117
v 0.02589988 0.10500159 0.00565762
v 0.02755427 0.10500059 0.00671763
v 0.03062468 0.10499949 0.00745684
v 0.02734903 0.10501060 -0.00649325
v 0.03062349 0.10501158 -0.00729531
v 0.02691215 0.10501158 -0.00755387
v 0.02704519 0.11310959 -0.00560694
v 0.02492368 0.11310861 -0.00348484
v 0.02354151 0.10500848 -0.00345104
v 0.02202636 0.11310859 -0.00426095
v 0.02202636 0.10500848 -0.00426745
v 0.02124965 0.11311158 -0.00715816
v 0.02124965 0.10501159 -0.00716465
v 0.02337116 0.11311258 -0.00928020
v 0.02337116 0.10501258 -0.00928664
v 0.02626866 0.11311259 -0.00850409
v 0.02626866 0.10501258 -0.00851052
v -0.00141156 0.10502557 -0.02517247
v 0.00371760 0.10502557 -0.02517277
v 0.00557393 0.10502649 -0.02581638
v 0.00663394 0.10502759 -0.02747046
v 0.00737327 0.10502958 -0.03054130
v -0.00194252 0.10502359 -0.02273756
v -0.01202130 0.10501558 -0.01193666
v -0.00438082 0.10501858 -0.01634198
v 0.00443947 0.10501859 -0.01632600
v 0.01539826 0.10502759 -0.02739620
v 0.01541328 0.10502158 -0.01985800
v 0.01684796 0.10502258 -0.02068626
v 0.01850450 0.10502258 -0.02068626
v 0.01993846 0.10502158 -0.01985841
v 0.02227175 0.10502357 -0.02219218
v 0.02076667 0.10502058 -0.01842463
v 0.02076697 0.10501858 -0.01676809
v 0.02747690 0.10501750 -0.01531946
v 0.01640927 0.10500956 -0.00435680
v 0.01642566 0.10500158 0.00446326
v 0.01541638 0.10499359 0.01549708
v 0.01685130 0.10499359 0.01466877
v 0.01850771 0.10499359 0.01466888
v 0.01994156 0.10499358 0.01549668
v 0.02076995 0.10499258 0.01693046
v 0.02077025 0.10499048 0.01858699
v 0.01994198 0.10498958 0.02002197
v 0.02595770 0.10499158 0.01792865
v 0.01785165 0.10498460 0.02603663
v 0.01850718 0.10498859 0.02085036
v 0.01685065 0.10498858 0.02085036
v 0.01541680 0.10498958 0.02002257
v 0.01458859 0.10499050 0.01858878
v 0.01458817 0.10499258 0.01693212
v 0.01993864 0.10501749 -0.01533310
v 0.01850396 0.10501749 -0.01450479
v 0.01684749 0.10501749 -0.01450479
v 0.01541346 0.10501750 -0.01533251
v 0.01201969 0.10501558 -0.01193821
v 0.01458525 0.10501858 -0.01676630
v 0.01458495 0.10502059 -0.01842296
v -0.00412875 0.10502259 -0.02154392
v -0.00646448 0.10502359 -0.02241468
v -0.00734240 0.10502558 -0.02460508
v -0.01541650 0.10501750 -0.01532994
v -0.01685106 0.10501750 -0.01450157
v -0.01850759 0.10501750 -0.01450169
v -0.01994156 0.10501749 -0.01532936
v -0.02076995 0.10501859 -0.01676321
v -0.02077025 0.10502058 -0.01841980
v -0.01994192 0.10502158 -0.01985465
v -0.01458817 0.10501858 -0.01676481
v -0.01458859 0.10502058 -0.01842147
v -0.00651767 0.10502723 -0.02713000
v -0.01541668 0.10502158 -0.01985538
v -0.00737888 0.10502958 -0.03053987
v -0.01685065 0.10502258 -0.02068305
v -0.01850718 0.10502259 -0.02068316
v -0.01784998 0.10502649 -0.02587068
v -0.02595639 0.10501958 -0.01776312
v -0.00724119 0.11312559 -0.02530539
v -0.00511956 0.11312758 -0.02742737
v -0.00222218 0.11312659 -0.02665120
v -0.00144559 0.11312459 -0.02375406
v -0.00356716 0.11312258 -0.02163206
v -0.00646448 0.11312359 -0.02240806
v 0.00914992 0.11033779 -0.01575876
v 0.01121091 0.11011648 -0.01437598
v 0.01293867 0.11011559 -0.01285356
v 0.01694399 0.11011058 -0.00682491
v 0.01575338 0.11010660 -0.00112235
v 0.01829880 0.11010557 0.00028029
v 0.01669105 0.11039739 0.00758725
v 0.01485168 0.11071058 -0.02769057
v 0.00826415 0.11083670 -0.01616064
v 0.01373875 0.10854550 -0.02825969
v 0.01485168 0.10854459 -0.02769237
v 0.02777898 0.11067659 0.01493996
v 0.01630669 0.11084858 0.00839341
v 0.02834606 0.11067748 0.01382679
v 0.02777898 0.10851058 0.01493805
v 0.02747827 0.10959358 0.01548780
v -0.00914990 0.11031179 0.01593443
v -0.00817364 0.11009458 0.01360905
v -0.01121091 0.11009358 0.01455140
v -0.01293867 0.11009558 0.01302886
v -0.01694399 0.11009958 0.00700015
v -0.01575338 0.11010458 0.00129670
v -0.01829880 0.11010557 -0.00010494
v -0.01669105 0.11040941 -0.00741143
v -0.00826415 0.11081503 0.01630773
v -0.01373875 0.10849958 0.02843230
v -0.02777898 0.11070058 -0.01476365
v -0.01630669 0.11086258 -0.00821685
v -0.02834606 0.10853359 -0.01365238
v -0.02777898 0.10853458 -0.01476538
v -0.02747827 0.10961758 -0.01531325
v 0.00919032 0.10928560 -0.00003045
v 0.01187223 0.10928560 0.00018531
v 0.01549773 0.10928559 -0.00012088
v 0.01177638 0.10929359 -0.01044631
v 0.01060479 0.10929358 -0.01052099
v -0.00020782 0.10929821 -0.01541073
v -0.01053249 0.10929458 -0.01169007
v -0.00012582 0.10929312 -0.00913717
v 0.00011552 0.10929508 -0.01172241
v -0.00011484 0.10927607 0.01189652
v 0.00012641 0.10927805 0.00931122
v 0.00020802 0.10927288 0.01558473
v 0.01053345 0.10927659 0.01186348
v 0.01060807 0.10927758 0.01069176
v -0.00919032 0.10928560 0.00020450
v -0.01187223 0.10928560 -0.00001126
v -0.01549780 0.10928559 0.00029465
v -0.01177716 0.10927759 0.01061958
v -0.01060497 0.10927758 0.01069498
v -0.01060688 0.10929359 -0.01051902
v -0.02156537 0.10889458 0.01387721
v -0.02317553 0.10889158 0.01776653
v -0.01767659 0.10889549 0.01226610
v -0.01993900 0.10889358 0.01550329
v -0.02076697 0.10889258 0.01693797
v -0.02076685 0.10889058 0.01859444
v -0.01993834 0.10888959 0.02002877
v -0.02156478 0.10888860 0.02165545
v -0.01850396 0.10888859 0.02085679
v -0.01684749 0.10888858 0.02085667
v -0.01767534 0.10888758 0.02326560
v -0.01541286 0.10888959 0.02002848
v -0.01217639 0.10889158 0.01776546
v -0.01458477 0.10889058 0.01859378
v -0.01458495 0.10889258 0.01693749
v -0.01378655 0.10888858 0.02165472
v -0.01541346 0.10889358 0.01550288
v -0.01378715 0.10889457 0.01387638
v -0.01684784 0.10889358 0.01467497
v -0.01850450 0.10889358 0.01467509
v 0.01378989 0.10889458 0.01387399
v 0.01217949 0.10889158 0.01776313
v 0.01767861 0.10889549 0.01226301
v 0.01541620 0.10889358 0.01550001
v 0.01458811 0.10889258 0.01693475
v 0.01458817 0.10889058 0.01859128
v 0.01541680 0.10888959 0.02002567
v 0.01379036 0.10888860 0.02165217
v 0.01685106 0.10888859 0.02085358
v 0.01850759 0.10888858 0.02085346
v 0.01767987 0.10888758 0.02326238
v 0.01994222 0.10888959 0.02002525
v 0.02317881 0.10889158 0.01776230
v 0.02077025 0.10889058 0.01859056
v 0.02077019 0.10889258 0.01693403
v 0.02156871 0.10888858 0.02165150
v 0.01994156 0.10889358 0.01549978
v 0.02156800 0.10889457 0.01387310
v 0.01850730 0.10889358 0.01467168
v 0.01685065 0.10889358 0.01467186
v 0.01378655 0.10892248 -0.02148133
v 0.01217639 0.10891960 -0.01759207
v 0.01767545 0.10892357 -0.02309215
v 0.01541298 0.10892157 -0.01985508
v 0.01458477 0.10892059 -0.01842027
v 0.01458495 0.10891858 -0.01676392
v 0.01541346 0.10891758 -0.01532947
v 0.01378715 0.10891658 -0.01370298
v 0.01684796 0.10891758 -0.01450139
v 0.01850450 0.10891758 -0.01450169
v 0.01767659 0.10891558 -0.01209270
v 0.01993900 0.10891758 -0.01532977
v 0.02317553 0.10891960 -0.01759302
v 0.02076697 0.10891858 -0.01676458
v 0.02076685 0.10892059 -0.01842099
v 0.02156537 0.10891658 -0.01370382
v 0.01993846 0.10892157 -0.01985538
v 0.02156478 0.10892250 -0.02148205
v 0.01850396 0.10892249 -0.02068340
v 0.01684749 0.10892249 -0.02068316
v -0.02156871 0.10892248 -0.02147793
v -0.02317881 0.10891960 -0.01758879
v -0.01767975 0.10892357 -0.02308887
v -0.01994210 0.10892157 -0.01985180
v -0.02077025 0.10892059 -0.01841717
v -0.02077019 0.10891858 -0.01676064
v -0.01994156 0.10891758 -0.01532626
v -0.02156800 0.10891658 -0.01369971
v -0.01850718 0.10891758 -0.01449829
v -0.01685065 0.10891758 -0.01449835
v -0.01767861 0.10891558 -0.01208955
v -0.01541620 0.10891758 -0.01532661
v -0.01217949 0.10891960 -0.01758974
v -0.01458811 0.10891858 -0.01676130
v -0.01458817 0.10892059 -0.01841777
v -0.01378989 0.10891658 -0.01370060
v -0.01541668 0.10892157 -0.01985216
v -0.01379036 0.10892250 -0.02147877
v -0.01685106 0.10892249 -0.02068018
v -0.01850759 0.10892249 -0.02068006
v 0.01040208 0.11137959 -0.02964407
v 0.00352323 0.11138058 -0.03121370
v -0.00353008 0.11138059 -0.03121238
v -0.01040512 0.11137958 -0.02964282
v -0.01676243 0.11137658 -0.02658087
v -0.02667260 0.11136858 -0.01666885
v -0.02973341 0.11136358 -0.01031093
v -0.03130167 0.11135858 -0.00343567
v -0.03130149 0.11135258 0.00361753
v -0.02973067 0.11134758 0.01049602
v -0.02667045 0.11134259 0.01684916
v -0.01675570 0.11133458 0.02676206
v -0.01040196 0.11133158 0.02982133
v 0.02973341 0.11134759 0.01048839
v 0.02667266 0.11134259 0.01684613
v 0.01676243 0.11133458 0.02675820
v 0.01040518 0.11133158 0.02982026
v 0.00353008 0.11133058 0.03138989
v -0.00352311 0.11133059 0.03139096
v 0.03130167 0.11135258 0.00361300
v 0.03130149 0.11135860 -0.00344020
v 0.02973067 0.11136358 -0.01031869
v 0.02667057 0.11136859 -0.01667189
v 0.01675570 0.11137658 -0.02658498
v 0.01131469 0.10399658 0.01139545
v 0.01580297 0.10400359 0.00258416
v 0.01580280 0.10400748 -0.00242149
v -0.00250155 0.10399259 0.01588577
v 0.00250411 0.10399259 0.01588559
v -0.01131469 0.10401458 -0.01122975
v -0.01580297 0.10400750 -0.00241851
v -0.01580280 0.10400356 0.00258720
v 0.00250155 0.10401861 -0.01572018
v -0.00250411 0.10401858 -0.01571995
v -0.01094186 0.10400559 -0.00035811
v -0.01005810 0.10400559 0.00052569
v -0.01131260 0.10399659 0.01139760
v 0.01094186 0.10400559 0.00052375
v 0.01005810 0.10400559 -0.00036005
v 0.01131266 0.10401458 -0.01123178
v -0.00923208 0.10447827 0.00931695
v -0.00968725 0.10439777 0.00977211
v -0.00993389 0.10752760 0.01002120
v 0.00985795 0.10449360 -0.00977655
v 0.00940280 0.10441315 -0.00932133
v 0.00993389 0.10754358 -0.00985002
v 0.01143187 0.10600759 -0.00291121
v 0.01031869 0.10600759 -0.00291115
v 0.00935507 0.10600860 -0.00346750
v 0.00879854 0.10600948 -0.00443130
v 0.00879842 0.10600948 -0.00554412
v 0.00935477 0.10601058 -0.00650805
v 0.01031827 0.10601158 -0.00706464
v 0.01143133 0.10601158 -0.00706470
v 0.01239538 0.10601057 -0.00650835
v 0.01295185 0.10600948 -0.00554454
v 0.01295197 0.10600948 -0.00443160
v 0.01239562 0.10600858 -0.00346779
v 0.00562704 0.10601260 -0.00871497
v 0.00451410 0.10601258 -0.00871491
v 0.00355023 0.10601260 -0.00927126
v 0.00299364 0.10601358 -0.01023507
v 0.00299352 0.10601459 -0.01134788
v 0.00354999 0.10601558 -0.01231168
v 0.00451374 0.10601558 -0.01286816
v 0.00562668 0.10601558 -0.01286846
v 0.00659055 0.10601558 -0.01231217
v 0.00714701 0.10601458 -0.01134830
v 0.00714713 0.10601359 -0.01023530
v 0.00659066 0.10601259 -0.00927156
v 0.00562900 0.10599558 0.01303626
v 0.00451606 0.10599558 0.01303637
v 0.00355220 0.10599558 0.01248008
v 0.00299561 0.10599658 0.01151627
v 0.00299549 0.10599758 0.01040309
v 0.00355190 0.10599859 0.00943947
v 0.00451571 0.10599858 0.00888294
v 0.00562853 0.10599858 0.00888282
v 0.00659233 0.10599858 0.00943918
v 0.00714898 0.10599758 0.01040267
v 0.00714910 0.10599658 0.01151574
v 0.00659275 0.10599558 0.01247979
v 0.01143270 0.10599957 0.00723142
v 0.01031970 0.10599957 0.00723160
v 0.00935596 0.10600049 0.00667525
v 0.00879937 0.10600048 0.00571144
v 0.00879937 0.10600157 0.00459850
v 0.00935566 0.10600258 0.00363458
v 0.01031947 0.10600358 0.00307811
v 0.01143229 0.10600358 0.00307793
v 0.01239609 0.10600258 0.00363440
v 0.01295256 0.10600158 0.00459809
v 0.01295286 0.10600049 0.00571102
v 0.01239657 0.10600048 0.00667495
v -0.01031827 0.10599957 0.00723339
v -0.01143133 0.10599957 0.00723357
v -0.01239538 0.10600049 0.00667710
v -0.01295185 0.10600048 0.00571341
v -0.01295197 0.10600158 0.00460047
v -0.01239562 0.10600258 0.00363648
v -0.01143187 0.10600358 0.00308007
v -0.01031869 0.10600358 0.00307990
v -0.00935507 0.10600256 0.00363630
v -0.00879848 0.10600158 0.00460005
v -0.00879842 0.10600049 0.00571293
v -0.00935477 0.10600048 0.00667680
v -0.00451374 0.10599558 0.01303702
v -0.00562656 0.10599558 0.01303721
v -0.00659037 0.10599558 0.01248092
v -0.00714701 0.10599658 0.01151711
v -0.00714713 0.10599758 0.01040410
v -0.00659066 0.10599858 0.00944037
v -0.00562704 0.10599858 0.00888378
v -0.00451410 0.10599859 0.00888366
v -0.00355023 0.10599858 0.00944013
v -0.00299364 0.10599758 0.01040387
v -0.00299352 0.10599659 0.01151669
v -0.00354993 0.10599558 0.01248049
v -0.00299549 0.10601359 -0.01023429
v -0.00355190 0.10601258 -0.00927066
v -0.00451571 0.10601260 -0.00871407
v -0.00562853 0.10601259 -0.00871402
v -0.00659233 0.10601260 -0.00927037
v -0.00714898 0.10601358 -0.01023387
v -0.00714910 0.10601459 -0.01134693
v -0.00659275 0.10601558 -0.01231098
v -0.00562900 0.10601558 -0.01286745
v -0.00451606 0.10601558 -0.01286751
v -0.00355220 0.10601558 -0.01231122
v -0.00299561 0.10601458 -0.01134747
v -0.00879925 0.10600948 -0.00442963
v -0.00879937 0.10600948 -0.00554257
v -0.00935596 0.10601057 -0.00650638
v -0.01031970 0.10601158 -0.00706273
v -0.01143270 0.10601158 -0.00706255
v -0.01239657 0.10601058 -0.00650608
v -0.01295286 0.10600949 -0.00554215
v -0.01295256 0.10600948 -0.00442934
v -0.01239609 0.10600859 -0.00346553
v -0.01143229 0.10600759 -0.00290906
v -0.01031947 0.10600759 -0.00290924
v -0.00935566 0.10600858 -0.00346583
v 0.00000093 0.10900259 0.01009095
v 0.00000104 0.10900158 0.01121175
v -0.00000092 0.10901856 -0.00991740
v -0.00000102 0.10901958 -0.01103817
v -0.01305405 0.11297442 -0.01296031
v -0.01781776 0.11294805 -0.00465354
v -0.01782502 0.11297027 0.00492163
v -0.01301829 0.11290771 0.01311055
v -0.00482133 0.11294159 0.01789847
v 0.00474812 0.11292796 0.01790436
v 0.01305405 0.11295388 0.01314012
v 0.01781776 0.11294001 0.00483338
v 0.01783257 0.11298604 -0.00474366
v 0.01301829 0.11292808 -0.01293082
v 0.00482136 0.11296953 -0.01771867
v -0.00475162 0.11296954 -0.01773753
v 0.01261556 0.11137958 -0.03007978
v 0.02312028 0.11137359 -0.02303582
v 0.03016549 0.11136560 -0.01253390
v 0.03269976 0.11135549 0.00000928
v 0.03022629 0.11134558 0.01256419
v 0.02312493 0.11133750 0.02320808
v 0.01248252 0.11133158 0.03031206
v -0.01261556 0.11133160 0.03025704
v -0.02312028 0.11133750 0.02321296
v -0.03016549 0.11134558 0.01271117
v -0.03269976 0.11135549 0.00016807
v -0.03022629 0.11136560 -0.01238667
v -0.02312481 0.11137359 -0.02303063
v -0.01248252 0.11137957 -0.03013466
v 0.01000425 0.10901058 0.00008588
v 0.01112478 0.10901058 0.00008578
v -0.01000423 0.10901058 0.00008773
v -0.01112478 0.10901058 0.00008783
v -0.01379007 0.11311657 -0.01369750
v -0.01217919 0.11311948 -0.01758569
v -0.01379036 0.11312258 -0.02147549
v -0.01768052 0.11312359 -0.02308577
v -0.02156841 0.11312258 -0.02147448
v -0.02317905 0.11311948 -0.01758629
v -0.02156800 0.11311658 -0.01369649
v -0.01767796 0.11311559 -0.01208609
v -0.02156507 0.11309458 0.01388068
v -0.02317589 0.11309158 0.01776891
v -0.02156478 0.11308859 0.02165871
v -0.01767468 0.11308759 0.02326899
v 0.01768058 0.11308759 0.02326577
v 0.02156841 0.11308858 0.02165467
v 0.02317905 0.11309158 0.01776623
v 0.02156800 0.11309458 0.01387655
v 0.01767796 0.11309557 0.01226598
v 0.01379007 0.11309458 0.01387758
v 0.01379036 0.11308858 0.02165545
v 0.01217919 0.11309159 0.01776577
v 0.02156507 0.11311658 -0.01370060
v 0.02317589 0.11311948 -0.01758891
v 0.02156478 0.11312260 -0.02147859
v 0.01767480 0.11312358 -0.02308905
v 0.01378679 0.11312258 -0.02147758
v 0.01217603 0.11311948 -0.01758939
v 0.01378715 0.11311658 -0.01369971
v 0.01767724 0.11311559 -0.01208937
v -0.01378679 0.11308858 0.02165789
v -0.01217603 0.11309158 0.01776969
v -0.01378715 0.11309458 0.01387972
v -0.01767724 0.11309557 0.01226932
v -0.05753093 0.12667030 -0.00778791
v -0.05104899 0.12667030 -0.00730696
v -0.05328691 0.13615221 -0.02104188
v -0.04719597 0.12867922 -0.02704497
v -0.04739797 0.12348620 -0.01257798
v -0.04758691 0.12189620 -0.01004090
v -0.04563289 0.14063922 -0.03776289
v -0.04745090 0.13419120 -0.02361090
v -0.05060690 0.11712331 -0.01325598
v -0.05176699 0.11910420 -0.01091799
v -0.05064195 0.12112620 -0.00956800
v -0.05156093 0.12328820 -0.00828096
v -0.05762189 0.12160730 -0.00978496
v -0.05398494 0.12432520 -0.00781199
v -0.05649596 0.12362920 -0.00843498
v -0.06055092 0.12189620 -0.01100400
v -0.05670297 0.11944520 -0.01107194
v -0.05708897 0.11712331 -0.01373794
v -0.05829089 0.12052621 -0.01713398
v -0.05847191 0.12782122 -0.02664699
v -0.05842393 0.12867922 -0.02787997
v -0.05829393 0.13865821 -0.03994490
v -0.05951392 0.13064021 -0.02495797
v -0.05867898 0.13419120 -0.02444489
v -0.05864298 0.12814221 -0.01238795
v -0.05744993 0.13689321 -0.04098792
v -0.05764293 0.12598521 -0.02584495
v -0.05713099 0.12621522 -0.02695097
v -0.05791795 0.11960421 -0.01639798
v -0.05589896 0.12579532 -0.02772500
v -0.05674690 0.11864111 -0.01630792
v -0.05437994 0.12529722 -0.02792497
v -0.05390298 0.13445832 -0.04225095
v -0.05277699 0.12512821 -0.02791199
v -0.05268198 0.12592322 -0.02917995
v -0.05170798 0.13413721 -0.04228891
v -0.05269700 0.14463222 -0.05848797
v -0.05514794 0.15402432 -0.05278594
v -0.04442596 0.15081422 -0.05400099
v -0.05034697 0.11874921 -0.01576498
v -0.04757189 0.13544822 -0.04115988
v -0.05427789 0.11840820 -0.01154091
v -0.05002397 0.14484031 -0.03545697
v -0.04881691 0.15501422 -0.05169487
v -0.05221897 0.14516121 -0.03541888
v -0.04647696 0.14240521 -0.03671898
v -0.05078589 0.12822410 -0.00986096
v -0.05487489 0.13598320 -0.02126600
v -0.05770498 0.14240521 -0.03755392
v -0.05708700 0.14883322 -0.05618192
v -0.05634790 0.13548520 -0.02168699
v -0.05635493 0.14385022 -0.03654791
v -0.05830097 0.12791221 -0.01121898
v -0.05751699 0.13452320 -0.02177192
v -0.05799597 0.13360021 -0.02109899
v -0.04636591 0.14562222 -0.05739798
v -0.04622197 0.13689321 -0.04015394
v -0.05719596 0.12833130 -0.01026989
v 0.02404499 0.14057709 -0.00499995
v 0.02076995 0.14057711 -0.00827499
v 0.02076995 0.14057711 -0.00172498
v 0.01749491 0.14057709 -0.00499995
v 0.02404499 0.14757718 -0.00499995
v 0.02076995 0.14757721 -0.00172498
v 0.02076995 0.14757721 -0.00827499
v 0.01749491 0.14757718 -0.00499995
v -0.04423883 0.13903484 -0.01539966
v -0.04246596 0.13863882 -0.01458589
v -0.04276021 0.13834293 -0.01345277
v -0.04224990 0.13675694 -0.01149596
v -0.04656824 0.13528422 -0.00955690
v -0.04833131 0.13573483 -0.01036200
v -0.04855804 0.13766780 -0.01342700
v -0.04449565 0.13524663 -0.00929439
v -0.04451707 0.13427585 -0.00973577
v -0.04160329 0.13575077 -0.01188577
v -0.04234037 0.13768731 -0.01517190
v -0.04620029 0.13830838 -0.01633235
v -0.04487028 0.13707930 -0.01426096
v -0.04392205 0.13599181 -0.01259969
v -0.04678764 0.13659036 -0.01346668
v -0.04482869 0.13808747 -0.01392070
v -0.04391741 0.13698620 -0.01202698
v -0.04596806 0.13625178 -0.01105968
v -0.04584716 0.13550524 -0.01180686
v -0.04688994 0.13741165 -0.01291182
v -0.04836255 0.13483189 -0.01091055
v -0.04663091 0.13429621 -0.00980898
v -0.04625455 0.13916922 -0.01572088
v -0.04409092 0.13839220 -0.01619400
v -0.04911417 0.13683382 -0.01418197
v -0.04185281 0.13781768 -0.01067603
v -0.04603957 0.13762078 -0.01018055
v -0.04424867 0.13664724 -0.00925504
v -0.04663653 0.13644208 -0.00918061
v -0.04724342 0.13876748 -0.01214891
v -0.04839893 0.13872081 -0.01260547
v -0.04484089 0.13927862 -0.01331949
v -0.04424688 0.13989455 -0.01455651
v -0.04352139 0.13805108 -0.01123472
v -0.04235331 0.13945818 -0.01336346
v -0.04598369 0.13841121 -0.00999071
v -0.04403664 0.13898595 -0.01077915
v -0.04465111 0.13717625 -0.00792648
v -0.04249061 0.14065583 -0.01334653
v -0.04173760 0.13865301 -0.01007699
v -0.04849551 0.13773358 -0.00910371
v -0.04695370 0.13941184 -0.01166741
v -0.04500439 0.13998285 -0.01245204
v -0.04633524 0.14121065 -0.01452564
v -0.04924856 0.13973604 -0.01237322
v -0.04841022 0.13687477 -0.00965042
v -0.04676693 0.13709520 -0.00806697
v -0.04253330 0.13980123 -0.01391393
v -0.04629888 0.14032137 -0.01502654
v -0.04421496 0.14119020 -0.01444788
v -0.04920761 0.13886856 -0.01291381
v -0.04466278 0.13629974 -0.00845562
v -0.04406257 0.13521878 -0.01777764
v -0.04228901 0.13482259 -0.01696403
v -0.04258324 0.13452691 -0.01583075
v -0.04207323 0.13294087 -0.01387424
v -0.04639127 0.13146833 -0.01193490
v -0.04815456 0.13191885 -0.01274003
v -0.04838119 0.13385171 -0.01580510
v -0.04431879 0.13143055 -0.01167236
v -0.04420912 0.13046908 -0.01215584
v -0.04142154 0.13191527 -0.01427413
v -0.04209744 0.13386551 -0.01744707
v -0.04602344 0.13449241 -0.01871043
v -0.04468818 0.13322446 -0.01667582
v -0.04373939 0.13220561 -0.01496007
v -0.04662231 0.13272439 -0.01587354
v -0.04465203 0.13427123 -0.01629871
v -0.04374064 0.13316989 -0.01440510
v -0.04579154 0.13243572 -0.01343780
v -0.04567204 0.13163845 -0.01420386
v -0.04671330 0.13359530 -0.01529020
v -0.04818553 0.13101560 -0.01328874
v -0.04644822 0.13036306 -0.01226633
v -0.04607785 0.13535291 -0.01809908
v -0.04390936 0.13445337 -0.01864185
v -0.04894087 0.13299960 -0.01657285
v -0.04167594 0.13400137 -0.01305427
v -0.04586323 0.13380425 -0.01255855
v -0.04407182 0.13283123 -0.01163319
v -0.04653865 0.13257977 -0.01142831
v -0.04719067 0.13473387 -0.01469903
v -0.04822194 0.13490480 -0.01498347
v -0.04471849 0.13566211 -0.01542486
v -0.04407042 0.13607840 -0.01693456
v -0.04334467 0.13423434 -0.01361267
v -0.04206286 0.13566242 -0.01577591
v -0.04677306 0.13558953 -0.01404781
v -0.04580684 0.13459520 -0.01236880
v -0.04386583 0.13516708 -0.01316121
v -0.04447437 0.13335983 -0.01030444
v -0.04232769 0.13684975 -0.01574736
v -0.04156104 0.13483679 -0.01245498
v -0.04831905 0.13391744 -0.01148182
v -0.04482662 0.13617441 -0.01483005
v -0.04615824 0.13739437 -0.01690372
v -0.04907192 0.13591997 -0.01475149
v -0.04823380 0.13305858 -0.01202838
v -0.04670575 0.13272922 -0.01053175
v -0.04210930 0.13605525 -0.01632392
v -0.04616217 0.13661464 -0.01753421
v -0.04403793 0.13737421 -0.01682599
v -0.04919526 0.13498981 -0.01519454
v -0.04448621 0.13248384 -0.01083367
v -0.04273545 0.18274814 -0.00128099
v -0.04277924 0.18163392 -0.00193075
v -0.04240149 0.18150879 -0.00082532
v -0.04258596 0.18233405 0.00001773
v -0.04509649 0.18051119 -0.00010049
v -0.04544096 0.18110721 -0.00133393
v -0.04552942 0.18236671 -0.00070049
v -0.04518440 0.18177070 0.00053251
v -0.04998092 0.18161218 0.00017951
v -0.04963588 0.18101671 0.00141295
v -0.04954797 0.17975722 0.00077951
v -0.04989241 0.18035269 -0.00045399
v -0.05170770 0.18077883 0.00071310
v -0.05128091 0.18073711 0.00173693
v -0.05133496 0.17957090 0.00109173
v -0.05153691 0.18007420 -0.00012699
v -0.04436991 0.16166638 0.01241055
v -0.04469597 0.16038421 0.01224194
v -0.04388891 0.16057730 0.01297863
v -0.04369390 0.16150920 0.01354997
v -0.04606443 0.16021322 0.01495845
v -0.04687547 0.16047470 0.01383193
v -0.04668342 0.16186225 0.01401494
v -0.04587245 0.16160069 0.01514150
v -0.05043734 0.16206548 0.01671525
v -0.04957968 0.16179000 0.01790642
v -0.04977074 0.16031890 0.01770710
v -0.05063186 0.16059597 0.01651110
v -0.05176499 0.16162032 0.01811577
v -0.05095791 0.16181310 0.01885293
v -0.05128397 0.16053104 0.01868400
v -0.05196000 0.16068821 0.01754496
v -0.04395639 0.13891025 -0.01324241
v -0.04377889 0.13811630 -0.01390691
v -0.04256898 0.13790621 -0.01217891
v -0.04540795 0.13623020 -0.00969996
v -0.04480242 0.13637970 -0.01054494
v -0.04692244 0.13715976 -0.01065295
v -0.04789401 0.13689621 -0.01095290
v -0.04701900 0.13620430 -0.01107897
v -0.04828298 0.13758020 -0.01207997
v -0.04604944 0.13910770 -0.01371394
v -0.04544293 0.13925619 -0.01455899
v -0.04696500 0.13896820 -0.01420899
v -0.04606497 0.13833120 -0.01442189
v -0.04377949 0.13509421 -0.01562046
v -0.04360300 0.13430020 -0.01628496
v -0.04239189 0.13409032 -0.01455696
v -0.04523193 0.13241421 -0.01207788
v -0.04462596 0.13256319 -0.01292290
v -0.04674599 0.13334320 -0.01303093
v -0.04771793 0.13308030 -0.01333089
v -0.04684191 0.13238820 -0.01345696
v -0.04810690 0.13376421 -0.01445897
v -0.04587242 0.13529120 -0.01609193
v -0.04526692 0.13544020 -0.01693691
v -0.04678791 0.13515221 -0.01658691
v -0.04588788 0.13451520 -0.01679994
v -0.02282798 0.16716520 -0.02589190
v -0.03138196 0.18054822 -0.02701688
v -0.04077500 0.17432712 -0.02959294
v -0.01504560 0.19385421 -0.02412522
v -0.00958496 0.16716321 -0.02310098
v -0.01291442 0.19052020 -0.02384493
v -0.00990599 0.18581420 -0.02344895
v -0.00775695 0.18245220 -0.02316696
v -0.01098096 0.18749520 -0.02359099
v -0.01371991 0.19178121 -0.02395094
v -0.02313500 0.20782921 -0.02613294
v -0.02213698 0.12834221 -0.03099693
v -0.00399095 0.14035819 -0.02601995
v -0.01161599 0.16581720 -0.02365792
v -0.03222090 0.16094522 -0.02846796
v -0.06893348 0.21685071 -0.04982691
v -0.04511943 0.23262161 -0.04329489
v -0.04269695 0.23203322 -0.04913597
v -0.07166498 0.20083421 -0.03865498
v -0.03874790 0.22263321 -0.02962696
v -0.04392444 0.22646022 -0.03277492
v -0.07251799 0.21299222 -0.05143994
v -0.06679547 0.21607372 -0.05574593
v -0.06802296 0.21050122 -0.03938496
v -0.04517996 0.23083922 -0.03719997
v -0.04023593 0.23211332 -0.03587197
v -0.03044193 0.22886322 -0.05027693
v -0.03042596 0.22744612 -0.04691398
v 0.01516497 0.15419622 -0.03627295
v -0.07236099 0.20720822 -0.05150490
v -0.06639498 0.20336822 -0.06398898
v -0.02471095 0.14144921 -0.06645700
v -0.03704500 0.23303722 -0.03628086
v -0.03648597 0.23134522 -0.03423493
v -0.03716397 0.23422721 -0.03872190
v -0.07042098 0.21204822 -0.05680996
v -0.06343797 0.21275672 -0.05998093
v -0.04016792 0.23428021 -0.04135589
v -0.03933888 0.22871622 -0.05337095
v -0.07387298 0.20658521 -0.04448991
v -0.07163697 0.20758122 -0.04159086
v 0.01745390 0.15761222 -0.05887397
v 0.02021197 0.15512055 -0.05690594
v 0.00156048 0.14275667 -0.06216048
v -0.01712146 0.13038482 -0.06728448
v -0.03834897 0.23385122 -0.04694997
v -0.06927948 0.21487972 -0.04380991
v -0.07346200 0.20999122 -0.05421286
v -0.07455098 0.20946722 -0.04897594
v 0.00162792 0.18294021 -0.05631996
v -0.03529393 0.23094621 -0.05107390
v -0.01788991 0.15098022 -0.06611700
v 0.00924498 0.15217622 -0.06112500
v -0.01701343 0.21066122 -0.05507917
v 0.01171290 0.16614121 -0.05853391
v -0.07296496 0.21135221 -0.04585188
v 0.00236392 0.17518121 -0.05888695
v 0.00599199 0.16979222 -0.05910188
v 0.00535500 0.16637422 -0.05974198
v -0.01907700 0.12934211 -0.05776490
v 0.00552899 0.14971532 -0.06214400
v -0.01540988 0.13962422 -0.06730099
v -0.02660000 0.14820822 -0.06804097
v -0.05441790 0.18594722 -0.06546194
v 0.00795496 0.14711921 -0.03865392
v 0.01488089 0.15257022 -0.03131187
v 0.01246592 0.15229915 -0.02185099
v -0.02819591 0.15494321 -0.06726898
v -0.02317297 0.14748122 -0.06756599
v -0.00634599 0.17241022 -0.06080991
v -0.02900689 0.22812822 -0.05373489
v -0.03294700 0.17654012 -0.06418795
v -0.00106299 0.17590922 -0.05936194
v -0.02149397 0.13030122 -0.05126895
v -0.03497892 0.17519522 -0.06474495
v -0.03347688 0.22516721 -0.05496090
v -0.02192300 0.12909512 -0.04679300
v -0.02443793 0.12678322 -0.03204189
v 0.00592297 0.14577422 -0.03921188
v -0.02959191 0.15701622 -0.06718595
v -0.03022789 0.15359722 -0.06782599
v 0.00758892 0.14694321 -0.03689398
v 0.00652844 0.14729016 -0.02354790
v -0.00537890 0.18005221 -0.02379787
v -0.03427696 0.22559422 -0.02840089
v -0.03683096 0.23481421 -0.04135196
v -0.03495395 0.23404221 -0.04633193
v -0.03356593 0.23274821 -0.04827093
v -0.06192398 0.20632921 -0.06276297
v -0.06052196 0.18306921 -0.03638792
v -0.06725198 0.20878121 -0.06047296
v -0.07095295 0.20798922 -0.05852490
v -0.07112598 0.20668821 -0.05475288
v -0.07249099 0.20603321 -0.04819697
v -0.01987797 0.12976822 -0.03120489
v 0.00555700 0.14559722 -0.03745092
v -0.03607398 0.23475021 -0.04395895
v -0.07123899 0.20103912 -0.04070395
v -0.02440500 0.14048621 -0.03074397
v -0.02476590 0.14038722 -0.02918895
v -0.02856397 0.14699322 -0.03129090
v -0.02892500 0.14689322 -0.02973600
v -0.02447897 0.14969814 -0.03017093
v -0.02483993 0.14959912 -0.02861489
v -0.02031993 0.14319222 -0.02962400
v -0.02068096 0.14309222 -0.02806796
v 0.03677892 0.26244870 -0.03512085
v 0.03702697 0.26641482 -0.03017993
v 0.06576198 0.26007831 -0.02653585
v 0.05685091 0.17173022 -0.04480297
v 0.05540343 0.16341762 -0.04784492
v 0.06182599 0.19580522 -0.04217095
v 0.06517496 0.25618669 -0.03152085
v 0.03313899 0.25731021 -0.03854088
v 0.02780795 0.25848532 -0.03921692
v 0.04161298 0.21606222 -0.04622495
v 0.02604198 0.19595921 -0.05102193
v 0.02144998 0.22299822 -0.04671895
v 0.04234600 0.16208622 -0.04837091
v 0.04284900 0.16251232 -0.05160493
v 0.04919689 0.16111222 -0.05079991
v 0.04973191 0.19817321 -0.04731596
v 0.05281388 0.21359222 -0.04480493
v 0.05284988 0.16270922 -0.02893591
v 0.05421292 0.16691121 -0.03237695
v 0.07238900 0.24865422 -0.03356497
v 0.06399297 0.25899521 -0.01446287
v 0.06857997 0.25661331 -0.01409595
v 0.06973898 0.25883222 -0.01937394
v 0.05016544 0.16029826 -0.01218847
v 0.06408095 0.22566220 -0.00826692
v 0.05819398 0.20164621 -0.00865293
v 0.05881589 0.20455821 -0.00849593
v 0.05379295 0.18653920 -0.00916893
v 0.05189198 0.18951520 -0.00934393
v 0.05716896 0.20492120 -0.00870496
v 0.02658796 0.21231830 -0.01256489
v 0.04559296 0.19090420 -0.01014299
v 0.02417492 0.19562720 -0.01285886
v 0.02559792 0.25916731 -0.02059589
v 0.02796095 0.26189730 -0.03448686
v 0.01643788 0.21072721 -0.03259789
v 0.02068489 0.21020821 -0.01340097
v 0.01952898 0.23548621 -0.01391493
v 0.02405291 0.25618821 -0.01359288
v 0.06330299 0.24753220 -0.00861691
v 0.03337496 0.26064831 -0.01425295
v 0.06210991 0.25431174 -0.01060987
v 0.03613096 0.26754519 -0.02399496
v 0.06520497 0.26113331 -0.02030895
v 0.04869300 0.16068612 -0.04756588
v 0.01787495 0.19701621 -0.01365697
v 0.00561240 0.17012221 -0.01783747
v 0.01185995 0.17228720 -0.01523895
v 0.01721799 0.17110620 -0.01455999
v 0.02164793 0.17012820 -0.01399798
v 0.04517698 0.16816120 -0.01093191
v 0.05243688 0.18019220 -0.00951094
v 0.05158692 0.16106820 -0.02182890
v 0.05329793 0.16880020 -0.02187592
v 0.03525743 0.26533225 -0.01810587
v 0.02846497 0.19542412 -0.05071389
v 0.04264789 0.18899721 -0.01058192
v 0.04129195 0.18264911 -0.01092399
v 0.02612799 0.26272729 -0.01858495
v 0.02862089 0.26142222 -0.01609896
v 0.03004390 0.26567629 -0.01992694
v 0.02820789 0.26400021 -0.03278188
v 0.02826899 0.26555431 -0.03055792
v 0.02355291 0.23809586 -0.04302258
v 0.02208393 0.22984521 -0.04388086
v 0.01745498 0.20617522 -0.04853594
v 0.02757996 0.23140222 -0.04465590
v 0.01547592 0.18578620 -0.01426298
v 0.00742894 0.17326421 -0.01580096
v 0.03853189 0.20064332 -0.04873591
v 0.01014989 0.17009522 -0.05233288
v 0.01599699 0.18822721 -0.01413089
v 0.01357400 0.18876220 -0.01443798
v 0.01493096 0.19510920 -0.01409596
v 0.02545899 0.26036721 -0.01741396
v 0.00957596 0.18331020 -0.01525891
v 0.07030200 0.25807521 -0.02513896
v 0.00942999 0.17247222 -0.04385597
v 0.01211500 0.18458621 -0.04396594
v 0.01602298 0.20442721 -0.04028494
v 0.01413995 0.20700911 -0.02094089
v 0.03153192 0.26594430 -0.03119794
v 0.02177488 0.18439721 -0.01346398
v 0.04319298 0.17967421 -0.01074899
v 0.04949200 0.17828530 -0.00994993
v 0.02813899 0.26643831 -0.02799194
v 0.03111499 0.26734030 -0.02548294
v 0.02736300 0.26596332 -0.02269492
v 0.02677989 0.26464221 -0.02039193
v 0.02782791 0.26657921 -0.02529786
v 0.07271999 0.25660831 -0.02233987
v 0.07278895 0.25416920 -0.02712987
v 0.01196897 0.17710112 -0.05449492
v 0.01065397 0.17052111 -0.05556691
v 0.02680289 0.26272419 -0.02391194
v 0.06964498 0.24697520 -0.01483987
v 0.07172995 0.25344029 -0.02004193
v 0.01099697 0.17412022 -0.05335489
v 0.07194298 0.25613329 -0.01704292
v 0.07011497 0.25455019 -0.02979390
v 0.05735695 0.17535222 -0.04249794
v 0.06385898 0.21555321 -0.02385991
v 0.06863397 0.24635720 -0.00794094
v 0.06233400 0.21483821 -0.01307290
v 0.06843197 0.22834812 -0.03767198
v 0.05363297 0.16855720 -0.02493996
v 0.06243991 0.21736911 -0.00950396
v 0.06714797 0.25203130 -0.01076589
v 0.07070797 0.25289631 -0.01293288
v 0.05304998 0.17342320 -0.01187397
v -0.04710888 0.16152030 0.02057896
v -0.04846841 0.15773150 0.01893427
v -0.04556232 0.15761006 0.01681324
v -0.05757562 0.12375918 -0.01322264
v -0.05102396 0.15712620 0.01546893
v -0.05401560 0.12039588 -0.01526332
v -0.03641992 0.12724820 -0.02536799
v -0.04149046 0.12370921 -0.01438821
v -0.04050293 0.12412771 -0.01498644
v -0.04588097 0.18472520 0.00267892
v -0.04679951 0.18522193 -0.00154149
v -0.05028313 0.18463148 -0.00085256
v -0.03969095 0.12463525 -0.01574032
v -0.04850488 0.16523421 0.01845400
v -0.03900128 0.12527688 -0.01671863
v -0.04688197 0.18213621 -0.00460298
v -0.03632599 0.12804322 -0.02663597
v -0.03905600 0.12789620 -0.01014097
v -0.05241888 0.16083920 0.01334398
v -0.04009598 0.17489821 0.00386100
v -0.03698194 0.14220521 -0.01781096
v -0.03836241 0.15757720 -0.01288990
v -0.05719795 0.12942265 -0.02220850
v -0.05633389 0.13343321 -0.02474488
v -0.05611598 0.13086730 -0.02633692
v -0.03707593 0.14141020 -0.01654191
v -0.05036598 0.18154511 -0.00391490
v -0.05765295 0.12558821 -0.01607288
v -0.05748092 0.12703125 -0.01840796
v -0.05372697 0.12284821 -0.01956697
v -0.05397790 0.12072821 -0.01618400
v -0.05668791 0.12237521 -0.01638948
v -0.04936498 0.18413512 0.00336801
v -0.05321997 0.17145321 0.00841396
v -0.05131900 0.16892821 0.01260690
v -0.05106008 0.16462792 0.01498862
v -0.05781096 0.12424621 -0.01396991
v -0.05730794 0.12848754 -0.02073463
v -0.05647099 0.12423221 -0.01934697
v -0.05640190 0.12475721 -0.02019599
v -0.05664998 0.12157696 -0.01489071
v -0.05620094 0.12648171 -0.02294292
v -0.05134547 0.12108771 -0.01443347
v -0.05333799 0.12602720 -0.02464093
v -0.05128490 0.12804322 -0.02774788
v -0.05386745 0.12152226 -0.01745295
v -0.05347591 0.12496721 -0.02294995
v -0.05612397 0.12714630 -0.02399899
v -0.04091292 0.16800921 0.01485597
v -0.04295855 0.12329455 -0.01383193
v -0.04400998 0.12313221 -0.01364889
v -0.04420298 0.16139922 0.01845697
v -0.04276198 0.18228030 0.00127893
v 0.01760792 0.14057711 -0.01679189
v 0.01760792 0.14057709 -0.00904997
v 0.01760792 0.14217721 -0.01679189
v 0.01760792 0.14217719 -0.00904997
v 0.01214911 0.14057711 -0.00904997
v 0.01204089 0.14057711 -0.01679189
v 0.01204089 0.14217719 -0.00904997
v 0.01214911 0.14217719 -0.01679189
v 0.01170796 0.13307720 0.00789199
v 0.01944988 0.13307720 0.00789199
v 0.01170796 0.13467720 0.00789199
v 0.01944988 0.13467720 0.00789199
v 0.01944988 0.13307720 0.01312859
v 0.01170796 0.13307720 0.01318126
v 0.01944988 0.13467720 0.01318126
v 0.01170796 0.13467720 0.01312859
v -0.01370793 0.13307720 0.01260797
v -0.02144998 0.13307720 0.01260797
v -0.01370793 0.13467720 0.01260797
v -0.02144998 0.13467720 0.01260797
v -0.02144998 0.13307720 0.00758199
v -0.01370793 0.13307720 0.00758199
v -0.02144998 0.13467720 0.00758199
v -0.01370793 0.13467720 0.00758199
v -0.01370793 0.13307720 0.02110795
v -0.02144998 0.13307720 0.02110795
v -0.01370793 0.13467720 0.02110795
v -0.02144998 0.13467720 0.02110795
v -0.02144998 0.13307720 0.01608190
v -0.01370793 0.13307720 0.01608190
v -0.02144998 0.13467720 0.01608190
v -0.01370793 0.13467720 0.01608190
v 0.00658196 0.14057711 -0.00904997
v 0.00658196 0.14057709 -0.01679189
v 0.00658196 0.14217721 -0.00904997
v 0.00658196 0.14217719 -0.01679189
v 0.01944988 0.13307720 0.01841799
v 0.01170796 0.13307720 0.01841799
v 0.01944988 0.13467720 0.01841799
v 0.01170796 0.13467720 0.01841799
v 0.00339198 0.14057711 0.00329188
v 0.00339198 0.14057709 -0.00444998
v 0.00339198 0.14407730 0.00329189
v 0.00339198 0.14407730 -0.00444998
v 0.00841796 0.14057711 -0.00444998
v 0.00841796 0.14057709 0.00329188
v 0.00841796 0.14407730 -0.00444998
v 0.00841796 0.14407730 0.00329189
v -0.02060788 0.14057711 0.00329188
v -0.02060788 0.14057709 -0.00444998
v -0.02060788 0.14407730 0.00329189
v -0.02060788 0.14407730 -0.00444998
v -0.01558190 0.14057711 -0.00444998
v -0.01558190 0.14057709 0.00329188
v -0.01558190 0.14407730 -0.00444998
v -0.01558190 0.14407730 0.00329189
v -0.01260799 0.14057711 0.00329188
v -0.01260799 0.14057709 -0.00444998
v -0.01260799 0.14407730 0.00329189
v -0.01260799 0.14407730 -0.00444998
v -0.00758195 0.14057711 -0.00444998
v -0.00758195 0.14057709 0.00329188
v -0.00758195 0.14407730 -0.00444998
v -0.00758195 0.14407730 0.00329189
v -0.00460798 0.14057711 0.00329188
v -0.00460798 0.14057709 -0.00444998
v -0.00460798 0.14407730 0.00329189
v -0.00460798 0.14407730 -0.00444998
v 0.00041800 0.14057711 -0.00444998
v 0.00041800 0.14057709 0.00329188
v 0.00041800 0.14407730 -0.00444998
v 0.00041800 0.14407730 0.00329189
v 0.02729195 0.14057711 0.01610789
v 0.01954996 0.14057709 0.01610789
v 0.02729195 0.14407730 0.01610789
v 0.01954996 0.14407730 0.01610789
v 0.01954996 0.14057711 0.01108197
v 0.02729195 0.14057709 0.01108197
v 0.01954996 0.14407730 0.01108197
v 0.02729195 0.14407730 0.01108197
v 0.03547099 0.25690472 0.00470997
v 0.03571888 0.26087081 0.00965099
v 0.06445395 0.25453430 0.01329494
v 0.02077597 0.22430120 -0.00404995
v 0.02665299 0.25635329 0.00534399
v 0.02248197 0.23258319 -0.00310191
v 0.05267989 0.22106218 0.03126090
v 0.06732600 0.24081309 0.03188992
v 0.05006295 0.22163919 0.03092891
v 0.03998392 0.17710519 0.02890699
v 0.04133999 0.18345319 0.02924900
v 0.02286696 0.19008319 0.02697198
v 0.02481997 0.25718331 0.02124596
v 0.02731299 0.25587821 0.02373195
v 0.02873599 0.26013231 0.01990396
v 0.01512998 0.20518321 0.00723296
v 0.01471489 0.19888321 -0.00045398
v 0.00968897 0.16857621 -0.01352391
v 0.06199491 0.24198829 0.03121502
v 0.03206700 0.25510430 0.02557803
v 0.06080195 0.24876769 0.02922101
v 0.01614689 0.20063120 -0.00870496
v 0.06584000 0.24648719 0.02906502
v 0.01066088 0.17155720 -0.01466394
v 0.06727200 0.25106931 0.02573503
v 0.06939995 0.24735218 0.02689797
v 0.02014189 0.21745421 -0.00688791
v 0.07063496 0.25058931 0.02278793
v 0.00934595 0.16497721 -0.01573599
v 0.06113195 0.21182519 0.03032702
v 0.04885744 0.15475419 0.02764240
v 0.06277400 0.22011819 0.03156393
v 0.00812197 0.16692820 -0.00402493
v 0.06843096 0.25328821 0.02045698
v 0.00884199 0.16455111 -0.01250196
v 0.06102591 0.20929408 0.02675801
v 0.05198997 0.16325620 0.01795499
v 0.05174189 0.16787919 0.02795701
v 0.04154098 0.15696821 -0.01177396
v 0.03722399 0.19509920 -0.00890494
v 0.03394996 0.25978827 0.02172501
v 0.03482300 0.26200122 0.01583601
v 0.02046698 0.17885320 0.02636693
v 0.01226598 0.18321830 0.02539293
v 0.01416695 0.18024230 0.02556793
v 0.01656699 0.19147220 0.02617393
v 0.02746200 0.22652119 0.02806097
v 0.00612092 0.16772011 0.02402996
v 0.06268495 0.25345120 0.02536798
v 0.06389695 0.25558931 0.01952202
v 0.00826800 0.17776620 0.02457200
v 0.01362293 0.18956530 0.02573501
v 0.02003300 0.22785218 0.02711100
v 0.05248492 0.18099518 0.03066199
v 0.01822096 0.22994220 0.02591599
v 0.02651995 0.26103529 0.01453299
v 0.02415090 0.25482330 0.02241695
v 0.06386700 0.25064272 0.00831000
v 0.03183090 0.25176629 0.00128998
v 0.01283192 0.20146520 0.01889002
v 0.02428996 0.25362331 0.01923502
v 0.02649992 0.25294131 0.00061403
v 0.02547097 0.25909820 0.01943899
v 0.04030489 0.21051830 -0.00639391
v 0.02274495 0.25064430 0.02623803
v 0.02532988 0.22699119 0.02779102
v 0.04793089 0.22210909 0.03065902
v 0.02690088 0.25845620 0.00704892
v 0.03022396 0.26040021 0.00863303
v 0.04842394 0.19262920 -0.00748498
v 0.05150598 0.20804821 -0.00497389
v 0.06562898 0.22228521 0.00083652
v 0.01055192 0.16674320 0.02459197
v 0.02274590 0.16242220 0.02579396
v 0.02487891 0.16195211 0.02606390
v 0.00430444 0.16457820 0.02199341
v 0.06712400 0.22280420 0.00215793
v 0.05409589 0.15787371 -0.00801392
v 0.01080691 0.17904221 -0.00413490
v 0.06224197 0.20533921 -0.00192291
v 0.06127399 0.20049821 -0.00271094
v 0.06098395 0.19904521 -0.00294790
v 0.06899398 0.25253120 0.01469195
v 0.07141196 0.25106430 0.01749099
v 0.07148098 0.24862520 0.01270092
v 0.01590991 0.16556220 0.02527092
v 0.06255096 0.21000920 0.01597100
v 0.07042199 0.24789621 0.01978899
v 0.04188489 0.17413019 0.02908199
v 0.04818391 0.17274119 0.02988099
v 0.05027896 0.15552421 0.01800196
v 0.05154198 0.15716520 0.01089499
v 0.02033996 0.16458420 0.02583300
v 0.05554294 0.16618620 -0.00497193
v 0.02605491 0.26041931 0.01713592
v 0.06051790 0.19026120 -0.00233991
v 0.05290496 0.16136721 0.00745396
v 0.07108098 0.24311121 0.00626601
v 0.05537492 0.18832618 0.03077899
v 0.05750799 0.19901419 0.03133493
v 0.05058389 0.18397118 0.03048699
v 0.06880700 0.24900620 0.01003695
v 0.04428493 0.18536019 0.02968799
v 0.04738491 0.15514220 -0.00773491
v 0.04788899 0.15556830 -0.01096900
v 0.02657395 0.16157821 0.02627895
v 0.02870690 0.16110809 0.02654896
v 0.04386889 0.16261719 0.02889900
v 0.05112898 0.17464818 0.03031991
v 0.05491596 0.18617719 0.03066300
v 0.02696090 0.26001030 0.00927301
v 0.02250498 0.22421220 -0.00562894
v 0.02802693 0.22906020 -0.00412988
v 0.04103696 0.15654230 -0.00853999
v 0.05232495 0.16301320 0.01489089
v 0.01468890 0.18268320 0.02569996
v 0.02980697 0.26179621 0.01434798
v 0.02683097 0.26089421 0.01183898
v 0.05604892 0.16980821 -0.00266690
v 0.02439916 0.24463901 -0.04390172
v 0.02143496 0.24007922 -0.04359589
v 0.02373444 0.24128722 -0.04358436
v 0.02608971 0.24955343 -0.04737471
v 0.02616548 0.24849522 -0.04931895
v 0.02278900 0.24646722 -0.04888092
v -0.00323492 0.18209723 -0.03176841
v -0.00244959 0.18108656 -0.03219328
v -0.00367695 0.18308991 -0.03256828
v -0.00004200 0.17802122 -0.03812790
v -0.00199690 0.18090022 -0.03795943
v 0.00079800 0.17848621 -0.04237599
v -0.00238842 0.18923071 -0.05635894
v -0.00119246 0.18719372 -0.05635393
v -0.00385392 0.19170217 -0.05639794
v 0.00247659 0.18173422 -0.05655323
v 0.00099999 0.18391822 -0.05645192
v 0.01167195 0.22815672 -0.04468291
v 0.00696397 0.22141922 -0.04336494
v 0.00800496 0.22589022 -0.04401689
v 0.02100947 0.23823771 -0.04532386
v 0.02253946 0.24089277 -0.04537089
v 0.02265298 0.23940171 -0.04533641
v 0.01055842 0.22422822 -0.05173596
v 0.00606492 0.21637817 -0.05215940
v 0.00950947 0.22274572 -0.05096640
v 0.00085850 0.18496722 -0.05395141
v 0.00007333 0.18597822 -0.05352730
v 0.00130063 0.18397522 -0.05315191
v -0.03169192 0.22320256 -0.03107728
v -0.02978491 0.22362612 -0.03284496
v -0.03046488 0.22260521 -0.03497986
v -0.02769690 0.22424322 -0.03504693
v -0.02928888 0.22256821 -0.03924089
v -0.02643895 0.22471622 -0.03652989
v -0.02472895 0.22532490 -0.03786626
v -0.02825200 0.22328322 -0.04482895
v -0.02345043 0.22612226 -0.04027592
v -0.02260443 0.22683372 -0.04256242
v -0.02272727 0.22742023 -0.04651127
v -0.02779793 0.22483721 -0.05032098
v -0.02437790 0.22732371 -0.05035637
v -0.02777689 0.22541422 -0.05181497
v -0.02759947 0.22619420 -0.05376790
v -0.02690151 0.22692345 -0.05463979
v -0.02820789 0.22108422 -0.03959596
v -0.02646595 0.22234821 -0.04504597
v -0.02528697 0.22442222 -0.05039894
v 0.01889693 0.23646322 -0.04345797
v 0.02299582 0.23763910 -0.04334742
v 0.01642799 0.23342322 -0.04329787
v 0.01456093 0.22978121 -0.04297488
v 0.01384198 0.23070772 -0.04306596
v 0.01037198 0.22771722 -0.04261589
v 0.00683188 0.22529721 -0.04198288
v 0.00309598 0.22331321 -0.04113888
v 0.01283090 0.22699621 -0.04280647
v 0.00579444 0.21465972 -0.04078144
v 0.00107491 0.22245222 -0.04061889
v -0.00962496 0.21197222 -0.03480088
v -0.00251692 0.22124521 -0.03960895
v -0.00655991 0.22031921 -0.03837496
v -0.00866395 0.21999122 -0.03770291
v -0.01114892 0.21972221 -0.03688794
v -0.01565599 0.21951912 -0.03534996
v -0.02421599 0.20975612 -0.02657097
v -0.02840495 0.21644121 -0.02747988
v -0.01904195 0.21963222 -0.03415596
v -0.02193796 0.22007722 -0.03319293
v -0.02493298 0.22085722 -0.03223693
v -0.03228690 0.22287518 -0.02890393
v -0.02785098 0.22185622 -0.03126293
v -0.03134989 0.22277921 -0.02947193
v -0.03070694 0.22317073 -0.03049742
v -0.01962697 0.20254621 -0.02585589
v -0.00480491 0.20396322 -0.03492695
v -0.01460891 0.19473821 -0.02525998
v -0.00006400 0.19585721 -0.03531897
v -0.00051000 0.19215122 -0.03406447
v -0.00913799 0.18624121 -0.02465195
v -0.00194195 0.18393672 -0.02926946
v -0.00299356 0.17672154 -0.02402227
v 0.00130245 0.20134372 -0.03741893
v 0.00395596 0.21057312 -0.03980398
v -0.03225195 0.22323021 -0.02990293
v -0.01838290 0.22786422 -0.05781393
v -0.00970697 0.22842222 -0.05900388
v -0.02385019 0.22726002 -0.05694831
v 0.00003700 0.23045522 -0.05795896
v 0.00335443 0.23195072 -0.05719392
v -0.00098700 0.23109622 -0.05726497
v 0.01130396 0.23659422 -0.05472796
v -0.01077795 0.22875622 -0.05829894
v 0.01552093 0.23873222 -0.05436991
v 0.01211196 0.23581621 -0.05538391
v 0.01833397 0.24126321 -0.05313294
v 0.02631042 0.24749573 -0.05154860
v 0.02651119 0.24670072 -0.05169092
v 0.01892495 0.24033622 -0.05380289
v -0.01751095 0.22739212 -0.05879890
v -0.02345718 0.22680348 -0.05748992
v -0.02232700 0.22598621 -0.05818390
v -0.01815846 0.21218571 -0.05488995
v -0.02130198 0.22536322 -0.05877095
v -0.02035695 0.22469322 -0.05927896
v -0.01947695 0.22397822 -0.05971288
v -0.01838847 0.22321221 -0.06024545
v -0.01775943 0.22282922 -0.06044292
v -0.01710891 0.22151822 -0.06061291
v -0.01637893 0.22057022 -0.06078289
v -0.01566499 0.21953522 -0.06088690
v -0.01495695 0.21839122 -0.06091892
v -0.01384896 0.21725923 -0.06105862
v -0.01350796 0.21561521 -0.06072396
v -0.01272791 0.21384221 -0.06045287
v -0.01157342 0.21146867 -0.06009594
v -0.01009088 0.20632522 -0.05870687
v -0.01099598 0.20913021 -0.05941986
v -0.01089799 0.21176122 -0.06025087
v -0.02538496 0.22708571 -0.05566945
v -0.01977795 0.22784021 -0.04795187
v -0.01629799 0.22834222 -0.04945993
v -0.01243489 0.22900422 -0.05086195
v -0.00890499 0.22971632 -0.05190491
v -0.00461692 0.23074922 -0.05285698
v -0.00572097 0.22986822 -0.04743396
v -0.00191390 0.23115721 -0.04850595
v -0.00408894 0.22751722 -0.04317795
v -0.00063600 0.22912621 -0.04440391
v -0.00145799 0.22397922 -0.04074293
v 0.00205094 0.22619022 -0.04198098
v 0.00551999 0.22852822 -0.04297785
v 0.00895000 0.23101322 -0.04370790
v 0.01231199 0.23368512 -0.04416995
v -0.00502396 0.22189721 -0.03930091
v -0.00753796 0.22603121 -0.04173493
v -0.00950295 0.22873412 -0.04607993
v -0.01098698 0.22467922 -0.04012495
v -0.01323890 0.22774222 -0.04449492
v -0.01443797 0.22349322 -0.03839594
v -0.01690596 0.22689122 -0.04272997
v -0.01789999 0.22254622 -0.03660494
v -0.02047991 0.22620422 -0.04082989
v -0.02362489 0.22581121 -0.03906494
v -0.02130997 0.22220522 -0.03503698
v -0.02482193 0.22272621 -0.03381890
v -0.02562898 0.22469522 -0.03589791
v -0.02675047 0.22433472 -0.03468590
v -0.02862695 0.22365053 -0.03245329
v 0.01973998 0.24345922 -0.05028795
v 0.01689589 0.24103312 -0.05139391
v 0.01417100 0.23901722 -0.05224387
v 0.01060491 0.23677622 -0.05304192
v 0.00698399 0.23489322 -0.05349790
v 0.00324893 0.23328821 -0.05362295
v -0.00059500 0.23192522 -0.05341493
v 0.00188297 0.23262721 -0.04925291
v 0.00281197 0.23086922 -0.04536998
v 0.00623995 0.23276722 -0.04604493
v 0.00563097 0.23430721 -0.04965089
v 0.00961494 0.23484722 -0.04642497
v 0.00928199 0.23622122 -0.04969697
v 0.01290988 0.23714222 -0.04652493
v 0.01558589 0.23658621 -0.04439293
v 0.01279693 0.23838821 -0.04941587
v 0.01610893 0.23967522 -0.04638986
v 0.01874095 0.23974322 -0.04443692
v 0.01615697 0.24081722 -0.04886089
v 0.01918995 0.24245422 -0.04608689
v 0.02174293 0.24315922 -0.04438887
v 0.01935189 0.24349822 -0.04810689
v 0.02238988 0.24642122 -0.04723494
v 0.02573574 0.24954402 -0.04611832
v 0.02214390 0.24547422 -0.04569291
v 0.02478823 0.24659637 -0.04430177
v 0.02539054 0.24859443 -0.04514330
v -0.00303493 0.18305455 -0.03485757
v -0.00223695 0.18149042 -0.03469815
v -0.00216192 0.18203822 -0.03559393
v 0.02484595 0.24444410 -0.04529591
v 0.02494796 0.24532489 -0.04421891
v 0.02414761 0.24212757 -0.04505858
v 0.02392097 0.24078256 -0.04484658
v 0.02363376 0.23953238 -0.04499975
v 0.02370399 0.23863822 -0.04507391
v 0.02316345 0.23693359 -0.04440668
v 0.02413268 0.23616073 -0.05116952
v 0.02429922 0.23820272 -0.04985367
v 0.02392598 0.23627956 -0.04938623
v 0.02417895 0.23848371 -0.05017839
v 0.02433695 0.23919639 -0.05025578
v 0.02540129 0.24172288 -0.05149594
v 0.02596636 0.24529137 -0.05035165
v 0.02524175 0.24364682 -0.05050452
v 0.02618277 0.24642783 -0.04966292
v 0.02610042 0.24707371 -0.04838393
v 0.02594361 0.24754654 -0.04694360
v 0.02541243 0.24761721 -0.04476941
v 0.02529664 0.24595289 -0.04560293
v 0.02564377 0.24700557 -0.04601341
v -0.00105799 0.18273222 -0.04306990
v 0.00142592 0.17884222 -0.04557389
v -0.00008400 0.18486822 -0.04863888
v 0.00029100 0.18290523 -0.04925543
v 0.00284195 0.17967622 -0.05285395
v 0.00139141 0.18171722 -0.05103895
v 0.00182396 0.18169877 -0.05269539
v -0.02926492 0.22103822 -0.03557795
v -0.03038964 0.22146790 -0.03182889
v -0.02429991 0.21105222 -0.02943998
v -0.02186298 0.20719622 -0.02899491
v -0.01772296 0.20076022 -0.02851796
v -0.01348590 0.19426522 -0.02825195
v -0.01113289 0.19067022 -0.02813989
v -0.00412397 0.17992419 -0.02769894
v -0.00367993 0.17989722 -0.02927298
v -0.00343889 0.18003522 -0.03050596
v -0.00140595 0.17728922 -0.03128899
v -0.00218892 0.18078022 -0.03695691
v -0.00298792 0.18060522 -0.03357190
v -0.00331161 0.18145323 -0.03263462
v -0.00385195 0.18216972 -0.03284893
v -0.00493592 0.18230921 -0.03054697
v -0.00412297 0.18245722 -0.03391892
v -0.00369197 0.18305312 -0.03697098
v -0.00562990 0.18413022 -0.03244794
v -0.00511491 0.18443821 -0.03510899
v -0.00333744 0.18214172 -0.03468293
v -0.00301492 0.18105522 -0.03457588
v -0.00129497 0.18867122 -0.03187997
v 0.00298595 0.20548022 -0.03946793
v 0.00440097 0.20971021 -0.04054397
v 0.00826597 0.21847822 -0.04234695
v 0.01290893 0.22596222 -0.04351192
v 0.02303641 0.23712426 -0.04363995
v -0.00890446 0.19855972 -0.05570897
v -0.00478488 0.19305822 -0.05635088
v -0.00580490 0.19488522 -0.05642998
v -0.00658196 0.19645421 -0.05657798
v -0.00704998 0.19814372 -0.05694795
v -0.00785094 0.19956522 -0.05709988
v -0.00853896 0.20151122 -0.05751795
v -0.00927800 0.20375621 -0.05805498
v -0.01452759 0.21078852 -0.05715622
v -0.01572143 0.21034622 -0.05596142
v -0.01385200 0.21260722 -0.05868589
v -0.01444190 0.21501622 -0.05946391
v -0.01504099 0.21738021 -0.06023693
v -0.01707297 0.21716122 -0.05821889
v -0.01914000 0.21686321 -0.05633795
v -0.01868695 0.21463022 -0.05565291
v -0.00040950 0.18601872 -0.05638746
v -0.00464296 0.19420822 -0.05654787
v -0.00643992 0.19866222 -0.05709898
v -0.00874546 0.20450822 -0.05844444
v 0.00207096 0.18880622 -0.05530888
v 0.00221598 0.19507022 -0.05445194
v 0.00373691 0.20491421 -0.05377089
v 0.00657791 0.21367122 -0.05382198
v 0.00963098 0.21992822 -0.05383795
v 0.00690794 0.22612922 -0.05608987
v 0.01296340 0.22482622 -0.05349895
v 0.00313491 0.17985521 -0.05437893
v 0.00334297 0.18028422 -0.05619993
v 0.00306195 0.18083522 -0.05651296
v 0.00061700 0.18192212 -0.05013490
v 0.00044800 0.18383366 -0.05215368
v -0.00020333 0.18437755 -0.05130460
v -0.00100493 0.18387912 -0.04893697
v -0.00069567 0.18525922 -0.05164695
v -0.00061463 0.18555322 -0.05266893
v -0.00174999 0.18508922 -0.04915190
v -0.00228190 0.18619432 -0.04989398
v -0.00203440 0.18768622 -0.05234441
v -0.00251800 0.18702032 -0.05104691
v -0.01510900 0.20613421 -0.05136996
v -0.00004033 0.18496422 -0.05334928
v 0.00033750 0.18413961 -0.05317894
v -0.01311296 0.20641622 -0.05125594
v -0.00093900 0.18841122 -0.05211288
v -0.00012500 0.18809412 -0.05409897
v -0.00313598 0.19262922 -0.05433298
v -0.00063100 0.18837722 -0.05316699
v -0.00577491 0.19685322 -0.05493695
v -0.01066190 0.20404822 -0.05451095
v -0.01578511 0.21150421 -0.05398807
v -0.02067399 0.21878822 -0.05363988
v -0.02526599 0.22497222 -0.05182993
v -0.02524495 0.22563022 -0.05329096
v -0.00800699 0.20278321 -0.05608195
v -0.00965297 0.20803621 -0.05741190
v -0.01351541 0.21158321 -0.05587938
v -0.01118689 0.21262622 -0.05852997
v -0.01224392 0.21236321 -0.05739688
v -0.01211798 0.21373422 -0.05826795
v -0.01248699 0.21519321 -0.05874395
v -0.01285797 0.21663521 -0.05921786
v -0.01410198 0.21149722 -0.05534893
v -0.01630389 0.21316122 -0.05439090
v -0.01681190 0.21562222 -0.05514889
v -0.01732999 0.21804021 -0.05590289
v -0.01554989 0.21827322 -0.05757695
v -0.01379793 0.21844722 -0.05934894
v -0.01661700 0.22245122 -0.05890094
v -0.02050429 0.22561327 -0.05702263
v -0.02174490 0.22584021 -0.05606991
v -0.02348798 0.22573422 -0.05462497
v 0.00495493 0.22898522 -0.05510389
v 0.00661993 0.23013422 -0.05471789
v 0.02493190 0.24248312 -0.05040888
v -0.02341395 0.22567822 -0.04993289
v -0.02210098 0.22574022 -0.04673295
v -0.02197897 0.22526821 -0.04333990
v -0.02341300 0.22417621 -0.03995090
v -0.02478498 0.22342822 -0.03789198
v -0.02647596 0.22269022 -0.03578293
v 0.00442588 0.22377822 -0.04327296
v 0.00058000 0.22201012 -0.04230493
v 0.00390025 0.21453622 -0.04213821
v -0.00258297 0.22089922 -0.04140685
v -0.00616389 0.21995911 -0.04030489
v -0.01780897 0.21510822 -0.03458487
v -0.02648997 0.22020522 -0.03333896
v -0.02220588 0.21915722 -0.03476887
v -0.01811099 0.21875922 -0.03620094
v -0.01648497 0.21876122 -0.03678995
v -0.01345288 0.21889822 -0.03786289
v -0.01143389 0.21908222 -0.03855889
v -0.01084893 0.20525922 -0.03425490
v -0.00369096 0.20987311 -0.03874093
v -0.00026100 0.20240022 -0.03888189
v -0.00161993 0.19637322 -0.03672994
v -0.00640392 0.19350822 -0.03282195
v -0.00227696 0.19297312 -0.03524197
v -0.00336143 0.18566172 -0.03140143
v -0.01842898 0.22620621 -0.04844790
v -0.01352989 0.22697821 -0.05030387
v -0.00767797 0.22766322 -0.05662785
v -0.00867599 0.22793022 -0.05171287
v -0.00435698 0.22897021 -0.05259990
v -0.00032600 0.23014621 -0.05309987
v 0.00352389 0.23150322 -0.05326585
v 0.00448298 0.23162512 -0.05438290
v 0.00726396 0.23309122 -0.05311690
v 0.01102846 0.23480621 -0.05301242
v 0.01462994 0.23715056 -0.05206626
v 0.01996093 0.24138422 -0.05002491
v 0.01732847 0.23892072 -0.05147691
v 0.02297097 0.24423721 -0.04869597
v -0.02110093 0.22356622 -0.03960388
v -0.01725298 0.22427712 -0.04160094
v -0.01214498 0.22006121 -0.03880298
v -0.01326996 0.22523622 -0.04351097
v -0.00813395 0.22171022 -0.04062998
v -0.00921798 0.22637922 -0.04523694
v -0.00418091 0.22357222 -0.04228693
v -0.00511295 0.22769122 -0.04671597
v -0.00025500 0.22560522 -0.04371792
v -0.00097400 0.22918522 -0.04788297
v 0.00365794 0.22780421 -0.04486793
v 0.00316691 0.23089121 -0.04868590
v 0.00754595 0.23019221 -0.04569488
v 0.00725990 0.23284622 -0.04909585
v 0.01137089 0.23280922 -0.04618894
v 0.01165792 0.23530373 -0.04899995
v 0.01508796 0.23569922 -0.04637586
v 0.01530689 0.23748222 -0.04807685
v 0.00841999 0.23368922 -0.04989187
v 0.00441396 0.23200421 -0.05106597
v 0.00862396 0.23395012 -0.05185394
v 0.01329588 0.23642921 -0.05199991
v 0.01778692 0.23982622 -0.04983394
v 0.02099096 0.24248621 -0.04775243
v 0.02325496 0.24449971 -0.04684938
v 0.01455998 0.23248522 -0.04515688
v 0.01714998 0.23526512 -0.04538797
v 0.01865196 0.23889022 -0.04632597
v 0.02203297 0.24237321 -0.04614089
v 0.01822096 0.23962222 -0.04743193
v 0.02080988 0.24184921 -0.04693197
v -0.00350791 0.18431422 -0.03058494
v -0.00349343 0.18271422 -0.03006146
v -0.00294647 0.18611673 -0.03227845
v -0.00029300 0.20002422 -0.03868097
v -0.00371897 0.18112122 -0.02902598
v 0.01216393 0.22766422 -0.04544591
v 0.00447094 0.21440922 -0.04292088
v 0.00057500 0.20310122 -0.03999448
v -0.00163495 0.19339022 -0.03629398
v 0.02150398 0.23767222 -0.04570989
v 0.02003788 0.23625022 -0.04595588
v 0.01569241 0.23180223 -0.04633196
v 0.01863998 0.23486932 -0.04618488
v 0.01283997 0.22827622 -0.04693794
v 0.01114696 0.22589312 -0.04737395
v 0.01005488 0.22412911 -0.04814887
v 0.00939031 0.22282824 -0.04950555
v 0.00295490 0.20754921 -0.05161595
v 0.00115192 0.19866832 -0.05179995
v -0.00086500 0.19335821 -0.04146796
v 0.00027500 0.18907622 -0.05076999
v -0.00000800 0.18751422 -0.04915792
v 0.00052250 0.18897021 -0.05318841
v -0.00262189 0.18625222 -0.03403599
v -0.00237089 0.18528622 -0.03569288
v -0.00220591 0.18323421 -0.03687388
v -0.00350493 0.18124722 -0.03012199
v -0.00598896 0.22715922 -0.05731796
v 0.00420797 0.23017672 -0.05533942
v -0.00418794 0.22460821 -0.05723589
v 0.02356195 0.24254021 -0.05081187
v 0.00134098 0.22993422 -0.05572491
v -0.00936794 0.22698522 -0.05745291
v 0.00568098 0.23096421 -0.05499994
v 0.00030700 0.19756922 -0.05296397
v 0.00187188 0.20592922 -0.05261898
v 0.00699097 0.21934621 -0.05282098
v 0.00872797 0.22243422 -0.05276989
v 0.00684291 0.22557722 -0.05409991
v 0.01334243 0.22867921 -0.05216990
v 0.01895296 0.23509622 -0.05137686
v 0.02460396 0.24108922 -0.05035596
v 0.00164992 0.20289522 -0.05232089
v 0.01128000 0.22528921 -0.05179995
v 0.01675397 0.23203811 -0.05120896
v 0.02227199 0.23840922 -0.04557888
v 0.01774299 0.23146422 -0.04575787
v 0.02032196 0.23413521 -0.04536287
v 0.01533097 0.22859922 -0.04636990
v 0.01387000 0.22658221 -0.04725187
v 0.01304326 0.22520357 -0.04862626
v 0.01312744 0.22506022 -0.04999091
v -0.00139290 0.18145432 -0.03156299
v -0.00203335 0.18081036 -0.03341806
v -0.00083600 0.18116722 -0.03447599
v -0.00069000 0.18293722 -0.03519494
v -0.00069800 0.18402822 -0.03504098
v -0.00075800 0.18494722 -0.03454888
v 0.00081300 0.19263722 -0.04094290
v 0.00412798 0.20428322 -0.05295193
v 0.00683999 0.21307121 -0.05301797
v 0.01279199 0.22405522 -0.05284798
v 0.01389700 0.22597122 -0.05062288
v 0.01467800 0.22693422 -0.05077296
v 0.01568990 0.22815722 -0.05073791
v 0.01946300 0.23222622 -0.05019788
v 0.00273794 0.19407922 -0.05367886
v 0.00224394 0.18878622 -0.05172599
v 0.00200993 0.18826422 -0.05029887
v 0.00188392 0.18652122 -0.04956097
v 0.00191992 0.18545522 -0.04969591
v 0.00202292 0.18456022 -0.05016488
v 0.00247699 0.18793921 -0.05319691
v 0.00256592 0.18703721 -0.05367399
v 0.00261599 0.18598822 -0.05381096
v 0.00255495 0.18428822 -0.05307889
v 0.00231689 0.18374322 -0.05162794
v -0.00098300 0.18578322 -0.03308899
v -0.00126594 0.18522032 -0.03166396
v -0.00146693 0.18343222 -0.03095699
v -0.00146693 0.18235622 -0.03109897
v 0.00065833 0.18401055 -0.05086261
v -0.00041300 0.18565288 -0.05092858
v -0.00021500 0.18502621 -0.05012590
v 0.00592399 0.21113622 -0.05354791
v 0.00271398 0.19593112 -0.05405586
v -0.00055267 0.18638721 -0.05221461
v 0.00130746 0.18345767 -0.05190698
v -0.00362374 0.18306184 -0.03378794
v -0.05145946 0.15927671 0.01474894
v -0.05191797 0.16187322 0.01397096
v -0.04925495 0.16486320 0.01744793
v -0.04806894 0.16308272 0.01917393
v -0.04760998 0.16048720 0.01995192
v -0.05027395 0.15749720 0.01647501
v -0.04855895 0.16253322 0.01853494
v -0.05060095 0.16340771 0.01568697
v -0.05096989 0.15982620 0.01538800
v -0.04892695 0.15895170 0.01823644
v -0.04559898 0.16511211 0.01633297
v -0.04516348 0.16296071 0.01705296
v -0.04634892 0.16474122 0.01532690
v -0.04813742 0.16446164 0.01289291
v -0.04951298 0.16071720 0.01122294
v -0.04901200 0.16175120 0.01184993
v -0.04855343 0.15915471 0.01262746
v -0.04811799 0.15700421 0.01334797
v -0.04736799 0.15737520 0.01435398
v -0.04470396 0.16036521 0.01783088
v -0.04806399 0.15970521 0.01326697
v -0.04769593 0.16328570 0.01356544
v -0.04565292 0.16241120 0.01641391
v -0.04602095 0.15882970 0.01611493
v -0.04938989 0.17736530 -0.00256194
v -0.04981044 0.17962876 -0.00275044
v -0.05029291 0.18233222 -0.00287092
v -0.04961192 0.18409421 0.00208401
v -0.04894393 0.18187165 0.00355645
v -0.04838889 0.17995530 0.00471996
v -0.04846197 0.17916821 0.00367694
v -0.04848241 0.17691870 0.00164246
v -0.04914289 0.17740621 -0.00127793
v -0.04906892 0.18154821 0.00264590
v -0.04996290 0.18325771 -0.00040799
v -0.04968501 0.17995320 -0.00183994
v -0.04879194 0.17824270 0.00121396
v -0.04490488 0.18054621 0.00403201
v -0.04545995 0.18246220 0.00286745
v -0.04612797 0.18468520 0.00139492
v -0.04680889 0.18292230 -0.00355990
v -0.04632693 0.18021926 -0.00343941
v -0.04590588 0.17795621 -0.00325097
v -0.04565888 0.17799720 -0.00196690
v -0.04499894 0.17750920 0.00095346
v -0.04497796 0.17975920 0.00298892
v -0.04620200 0.18054330 -0.00252790
v -0.04647889 0.18384871 -0.00109694
v -0.04558491 0.18213820 0.00195693
v -0.04530796 0.17883275 0.00052551
v -0.04723412 0.16913177 0.00908540
v -0.04831823 0.17000782 0.00759904
v -0.04746600 0.16960548 0.00935987
v -0.04832203 0.17059192 0.00771478
v -0.04551057 0.17043111 0.00859029
v -0.04548855 0.16957562 0.00826873
v -0.04640728 0.17111158 0.00702680
v -0.04639414 0.17057484 0.00670862
v -0.04636524 0.16954671 0.00933343
v -0.04832678 0.16991957 0.00858929
v -0.02614992 0.13188158 -0.00203909
v -0.02834999 0.13187265 -0.00199996
v -0.02614992 0.13173105 -0.00310761
v -0.02834999 0.13175578 -0.00309278
v -0.00392770 0.13893829 0.02036664
v -0.00154996 0.13892335 0.02050768
v -0.00374991 0.13857721 0.02119998
v -0.00154996 0.13857721 0.02119998
v -0.00674993 0.13889860 0.01905712
v -0.00454998 0.13885500 0.01869998
v -0.00454998 0.13857721 0.01969997
v -0.00674993 0.13857721 0.01969997
v -0.00674993 0.13879944 0.02569995
v -0.00454998 0.13885500 0.02569995
v -0.00674993 0.13885497 0.02669999
v -0.00454998 0.13879941 0.02669999
v -0.00025000 0.13879944 0.02469989
v 0.00194991 0.13885500 0.02469989
v -0.00025000 0.13885500 0.02569995
v 0.00194991 0.13879944 0.02569995
v -0.00025000 0.13889860 0.02005708
v 0.00194991 0.13892335 0.02000764
v -0.00025000 0.13857721 0.02069989
v 0.00194991 0.13857721 0.02069989
v -0.02614992 0.13182722 -0.00055000
v -0.02834998 0.13182722 -0.00055000
v -0.02614992 0.13182722 0.00070000
v -0.02834998 0.13182722 0.00070000
v -0.02614992 0.13182722 0.00199995
v -0.02834998 0.13182722 0.00199995
v -0.02614992 0.13182722 0.00329990
v -0.02834998 0.13182722 0.00329990
v 0.01339991 0.14077285 -0.01965000
v 0.01344081 0.14078169 -0.02184990
v 0.01249992 0.14107721 -0.01965000
v 0.01249992 0.14107721 -0.02184989
v 0.01494998 0.14082713 -0.01965000
v 0.01494998 0.14082715 -0.02184988
v 0.01624992 0.14082713 -0.01965000
v 0.01624992 0.14082715 -0.02184988
v 0.01739990 0.14085494 -0.01965000
v 0.01739990 0.14079937 -0.02184989
v -0.02614992 0.13182722 0.00454999
v -0.02834998 0.13182722 0.00454999
v -0.02614992 0.13179944 0.00569991
v -0.02834999 0.13185500 0.00569991
v -0.02614992 0.13179944 0.00829998
v -0.02834999 0.13185500 0.00829998
v -0.02614992 0.13185500 0.00729994
v -0.02834999 0.13179943 0.00729994
v -0.02614992 0.13188158 -0.00713908
v -0.02834999 0.13187265 -0.00709995
v -0.02614992 0.13157721 -0.00799998
v -0.02834999 0.13157721 -0.00799998
v -0.02614992 0.13182722 -0.00564992
v -0.02834998 0.13182722 -0.00564992
v -0.02614992 0.13182722 -0.00434994
v -0.02834998 0.13182722 -0.00434994
v -0.00449991 0.13203344 -0.01011246
v -0.00249994 0.13203526 -0.01014512
v -0.00449991 0.13200073 -0.00875879
v -0.00249994 0.13200350 -0.00874208
v -0.00249994 0.13204643 -0.00796151
v -0.00449991 0.13204150 -0.00797140
v -0.00249994 0.13202165 -0.00709995
v -0.00449991 0.13203277 -0.00709995
v -0.02050000 0.13203344 -0.01011246
v -0.01849996 0.13203526 -0.01014512
v -0.02050000 0.13200073 -0.00875879
v -0.01849997 0.13200350 -0.00874208
v -0.01849997 0.13204643 -0.00796151
v -0.02050000 0.13204150 -0.00797140
v -0.01849997 0.13202165 -0.00709995
v -0.02050000 0.13203277 -0.00709995
v -0.00999999 0.13203344 0.00938746
v -0.00799995 0.13203526 0.00935480
v -0.00999999 0.13200797 0.01053840
v -0.00799996 0.13201293 0.01052850
v -0.00799996 0.13203628 0.01166358
v -0.00999999 0.13203809 0.01169560
v -0.00999999 0.13197720 0.01239995
v -0.00799996 0.13197720 0.01239995
v 0.00599998 0.13203344 0.00938746
v 0.00799995 0.13203526 0.00935480
v 0.00599998 0.13200797 0.01053840
v 0.00799996 0.13201293 0.01052850
v 0.00799996 0.13203628 0.01166358
v 0.00599998 0.13203809 0.01169560
v 0.00599998 0.13197720 0.01239995
v 0.00799996 0.13197720 0.01239995
v -0.01609992 0.13202165 -0.00299992
v -0.01649996 0.13202719 -0.00099995
v -0.01763329 0.13202903 -0.00266657
v -0.01309990 0.13202165 -0.00149997
v -0.01309990 0.13203277 0.00050000
v -0.01463329 0.13202903 -0.00183328
v -0.01463329 0.13202533 0.00016669
v 0.01039993 0.13202165 -0.00299992
v 0.00999996 0.13202719 -0.00099995
v 0.00886665 0.13202903 -0.00266657
v 0.01339989 0.13202165 -0.00149997
v 0.01339989 0.13203277 0.00050000
v 0.01186663 0.13202903 -0.00183328
v 0.01186663 0.13202533 0.00016669
v 0.00599998 0.13203344 -0.01011246
v 0.00799995 0.13203526 -0.01014512
v 0.00599998 0.13200073 -0.00875879
v 0.00799996 0.13200350 -0.00874208
v 0.00799996 0.13204643 -0.00796151
v 0.00599998 0.13204150 -0.00797140
v 0.01531808 0.13203628 -0.01592720
v 0.01249992 0.13202719 -0.01599993
v 0.01449996 0.13201292 -0.01611422
v 0.00799996 0.13202165 -0.00709995
v 0.00599998 0.13203277 -0.00709995
v -0.00579083 0.14061803 0.03169992
v -0.00576949 0.14061628 0.03369991
v -0.00459561 0.14063804 0.03169993
v -0.00456360 0.14063625 0.03369990
v -0.00309992 0.14062527 0.03169991
v -0.00309992 0.14062898 0.03369990
v 0.00020909 0.14061803 0.03169992
v 0.00023043 0.14061628 0.03369991
v 0.00140430 0.14063804 0.03169993
v 0.00143631 0.14063625 0.03369990
v 0.00279560 0.14061628 0.03169993
v 0.00276359 0.14061806 0.03369990
v 0.00349992 0.14067720 0.03169993
v 0.00349992 0.14067718 0.03369991
v 0.02199995 0.13203344 -0.01011246
v 0.02399992 0.13203526 -0.01014512
v 0.02199995 0.13200073 -0.00875879
v 0.02399991 0.13200350 -0.00874208
v 0.02399992 0.13207720 -0.00809999
v 0.02199995 0.13207720 -0.00809999
v -0.01803325 0.14057711 -0.02374990
v -0.01796658 0.14057711 -0.02004988
v -0.01796658 0.14207718 -0.02374990
v -0.01803325 0.14207718 -0.02004988
v -0.02196664 0.14057711 -0.02004988
v -0.02203331 0.14057711 -0.02374990
v -0.02203331 0.14207718 -0.02004988
v -0.02196664 0.14207718 -0.02374990
v -0.02569997 0.14057711 -0.02004988
v -0.02569997 0.14057709 -0.02374990
v -0.02569997 0.14207721 -0.02004988
v -0.02569997 0.14207721 -0.02374990
v -0.00629991 0.14057711 -0.02374990
v -0.00629991 0.14057709 -0.02004988
v -0.00629991 0.14207721 -0.02374990
v -0.00629991 0.14207721 -0.02004988
v -0.00996666 0.14057711 -0.02004988
v -0.01003332 0.14057711 -0.02374990
v -0.01003332 0.14207718 -0.02004988
v -0.00996666 0.14207718 -0.02374990
v -0.01396656 0.14057711 -0.02004988
v -0.01403323 0.14057711 -0.02374990
v -0.01403323 0.14207718 -0.02004988
v -0.01396656 0.14207718 -0.02374990
v -0.03226488 0.15957721 -0.02364196
v -0.02793699 0.15957722 -0.02862692
v -0.02793699 0.15557732 -0.02862692
v 0.01258593 0.11067730 0.01258590
v 0.02386492 0.11382724 0.02386495
v 0.00883847 0.11382724 0.03257197
v 0.00533092 0.13057722 -0.03350688
v 0.02137500 0.15557732 -0.03380990
v 0.00867948 0.11382726 -0.03261497
v 0.02238196 0.15557732 -0.03352495
v 0.00408995 0.14557719 0.03734795
v -0.00818097 0.15557729 0.03915397
v -0.00867948 0.11382724 0.03261498
v 0.02887094 0.15557729 0.02768490
v 0.01646095 0.15557729 0.03645590
v -0.02050000 0.16167730 0.01050000
v -0.00822598 0.16297720 0.00650297
v -0.00822598 0.16297720 -0.01549691
v -0.00709695 0.16297720 0.00862597
v -0.00421494 0.16297720 0.00910001
v 0.00755393 0.16106720 0.01830100
v -0.03226488 0.15557730 -0.02364196
v -0.03539294 0.15490620 -0.01942398
v -0.03539395 0.15890621 -0.01942397
v 0.02632999 0.15557732 -0.03011191
v 0.02386492 0.11382726 -0.02386393
v -0.03593099 0.15557730 0.01757799
v -0.02455192 0.15557729 0.03157799
v -0.03886389 0.15957721 0.00946598
v -0.03912997 0.15957721 0.00829898
v -0.03935992 0.15957721 0.00712596
v -0.03787493 0.15957721 -0.01286490
v -0.03688591 0.15957721 -0.01547290
v 0.03503495 0.15557730 -0.01930089
v 0.03128999 0.15557730 -0.02542789
v 0.03128999 0.15957721 -0.02542789
v -0.02386492 0.11382726 -0.02386495
v 0.03007495 0.16457720 -0.02482898
v 0.00213492 0.16297720 0.00910001
v 0.01239997 0.16167730 0.01294492
v 0.03861492 0.15957721 0.01043395
v -0.02386546 0.11382724 0.02386394
v -0.00883847 0.11382726 -0.03257193
v -0.00285089 0.11067731 -0.01756992
v -0.01258593 0.11067730 -0.01258590
v -0.01587200 0.11067730 0.00805798
v -0.03261498 0.11382725 0.00867796
v -0.03886389 0.15557730 0.00946598
v -0.03973990 0.15557730 -0.00455697
v -0.03988999 0.15757720 -0.00296392
v -0.03935992 0.15757720 0.00712596
v -0.03999996 0.15557730 0.00000004
v -0.02050000 0.16167730 -0.02000000
v -0.03571397 0.15957721 -0.01801296
v 0.02059495 0.16457722 -0.03311789
v 0.02243748 0.16477722 -0.03254898
v 0.03023993 0.16257721 -0.02665395
v 0.03633195 0.15957721 -0.01673295
v 0.03920495 0.15957721 -0.00793596
v 0.03997898 0.15957721 0.00128590
v 0.03861492 0.15557730 0.01043395
v 0.03711193 0.15557730 0.01492200
v 0.03257194 0.11382725 0.00883997
v 0.03997898 0.15557730 0.00128589
v 0.03999996 0.15557730 0.00000004
v -0.03257143 0.11382725 -0.00883996
v -0.01756989 0.11067730 -0.00285294
v 0.01756989 0.11067730 0.00285289
v 0.01113688 0.11067730 -0.01113691
v 0.00285089 0.11067729 0.01756992
v -0.03685992 0.15557730 -0.01553489
v 0.02238196 0.16257721 -0.03352495
v -0.00584894 0.13057722 -0.03342093
v 0.03920495 0.15557730 -0.00793596
v -0.00890595 0.11682731 -0.03281298
v 0.02743663 0.16471055 -0.02962096
v 0.03023898 0.15557732 -0.02665395
v 0.03633195 0.15557730 -0.01673295
v 0.01587200 0.11067730 -0.00805798
v 0.03261498 0.11382725 -0.00867799
v 0.03873795 0.15557730 -0.00996699
v -0.01548790 0.20754918 0.05811494
v -0.01453000 0.20811719 0.05144792
v -0.02249991 0.19520819 0.04957091
v -0.00515628 0.15910053 0.06817465
v -0.00446492 0.15925519 0.06318901
v 0.00117499 0.18896718 0.07048301
v 0.01393491 0.22973919 0.03982502
v 0.00971597 0.22870919 0.07216001
v -0.01611799 0.20594819 0.06468600
v -0.02348893 0.19461219 0.05609798
v 0.00406390 0.17713520 0.02599101
v -0.01047092 0.18008919 0.02940194
v -0.00525993 0.19365419 0.03084295
v 0.01422488 0.23263820 0.04264302
v 0.01422095 0.22991920 0.03783291
v 0.01222795 0.21901819 0.03454101
v 0.00706342 0.19185719 0.02794500
v -0.02354199 0.19368020 0.06264050
v -0.02783900 0.17961019 0.05886690
v -0.02710700 0.17998518 0.06034593
v -0.01234996 0.20839418 0.04498297
v -0.02036190 0.19551919 0.04325395
v -0.01494497 0.20634419 0.06605899
v -0.02275699 0.19382119 0.06400101
v -0.01466000 0.20464019 0.06641799
v 0.00982696 0.20592219 0.03063297
v 0.00324470 0.22870868 0.06991226
v 0.00359294 0.22961369 0.06881100
v 0.00159946 0.22854969 0.06188145
v -0.00852698 0.20822218 0.03914892
v -0.01677298 0.19542618 0.03750902
v 0.00218993 0.22928418 0.05377799
v 0.00549191 0.23085620 0.04683697
v 0.01130592 0.23274019 0.04187893
v 0.00390094 0.22786319 0.07072700
v -0.02621793 0.18157119 0.04426293
v -0.02774000 0.18100719 0.05150990
v -0.02287000 0.18167819 0.03751396
v -0.02439600 0.16686518 0.03934597
v 0.00757092 0.23097719 0.04334294
v 0.01086795 0.23163719 0.04070700
v -0.01738798 0.18116419 0.03220998
v -0.01907593 0.16698219 0.03300391
v 0.00132996 0.22853918 0.05643898
v 0.00388497 0.22983618 0.04810994
v -0.02748892 0.16595551 0.05533057
v -0.02685797 0.17641619 0.05964701
v -0.02520793 0.18386018 0.06210296
v -0.01549690 0.20673719 0.06480199
v -0.00222397 0.17310518 0.06973498
v 0.00927395 0.22711729 0.07289898
v 0.00447094 0.22955468 0.06987500
v 0.01001393 0.22899818 0.07026201
v 0.01463395 0.23336469 0.04062897
v 0.01402199 0.23294419 0.03946603
v 0.01357096 0.23201218 0.03901703
v -0.00280094 0.20739418 0.03496491
v 0.01130592 0.21384420 0.03278392
v -0.01151597 0.19477119 0.03313791
v -0.00466800 0.16677618 0.02704601
v -0.02821093 0.17703618 0.05799691
v -0.02810090 0.16626319 0.05402397
v -0.02716588 0.16659619 0.04650401
v -0.00419441 0.15949669 0.05825595
v -0.02198696 0.19249319 0.06434201
v 0.00176299 0.16649321 0.02565901
v -0.01034796 0.16691819 0.02858298
v -0.00322097 0.16026118 0.05490898
v 0.01224088 0.23181419 0.03982592
v 0.00024900 0.22260219 0.06771200
v 0.00411093 0.22810319 0.06891900
v -0.00390798 0.21769919 0.06661802
v 0.00264496 0.22747621 0.06213803
v -0.00458992 0.21837011 0.05935091
v 0.00254995 0.22766818 0.05648101
v -0.00379390 0.21906319 0.05219590
v 0.00503194 0.22898421 0.04856694
v -0.00126892 0.21935621 0.04542493
v 0.00856894 0.23024419 0.04418994
v 0.00364590 0.21899322 0.04002702
v 0.01211065 0.23115781 0.04156494
v 0.01117491 0.22371219 0.03890097
v 0.01030397 0.21879020 0.03718799
v -0.00628596 0.21505629 0.06608700
v -0.01469591 0.20535257 0.06453221
v 0.00006300 0.16688019 0.02758090
v -0.00879699 0.16712518 0.02967100
v 0.00221288 0.17693919 0.02810197
v -0.00566393 0.17899519 0.02988891
v 0.00300288 0.18075718 0.02851091
v 0.00519991 0.19164218 0.03012596
v -0.00310790 0.19275120 0.03182596
v 0.00653899 0.19839218 0.03131001
v 0.00778490 0.20480119 0.03265094
v -0.00060800 0.20620921 0.03542399
v 0.00934994 0.21334709 0.03520900
v -0.00789100 0.20714822 0.04006695
v -0.01231890 0.20716721 0.04750597
v -0.01431298 0.20656829 0.05592596
v -0.02220195 0.19303219 0.06244492
v -0.02207493 0.19393919 0.05442297
v -0.02035593 0.19452719 0.04656702
v -0.01668488 0.19462921 0.03941689
v -0.02418988 0.18123519 0.04294793
v -0.01992493 0.18116809 0.03619199
v -0.02311295 0.16712418 0.04007797
v -0.01706296 0.16725519 0.03335194
v -0.02574497 0.16684619 0.04691999
v -0.02618199 0.18071719 0.05068390
v -0.02661699 0.16647919 0.05405591
v -0.02672290 0.17691019 0.05784999
v -0.02637696 0.17931719 0.05866896
v -0.01068300 0.19402118 0.03420901
v -0.01333492 0.18033719 0.03183197
v -0.01814997 0.13207720 -0.02149995
v -0.00994998 0.13207720 -0.02149995
v -0.01814997 0.13207720 -0.01849999
v -0.00994998 0.13207720 -0.01849999
v -0.00994998 0.13007730 -0.01849999
v -0.00994998 0.13007730 -0.02149995
v -0.01814997 0.13007730 -0.02149995
v -0.01814997 0.13007730 -0.01849999
v 0.00050000 0.13207720 -0.00334998
v 0.00050000 0.13207720 -0.01154990
v 0.00349993 0.13207720 -0.00334998
v 0.00349992 0.13207720 -0.01154990
v 0.00349993 0.13007730 -0.01154990
v 0.00050000 0.13007730 -0.01154990
v 0.00050000 0.13007730 -0.00334998
v 0.00349992 0.13007730 -0.00334998
v 0.00914997 0.13207720 -0.01399989
v 0.00095000 0.13207720 -0.01399989
v 0.00914997 0.13207720 -0.01699991
v 0.00095000 0.13207720 -0.01699991
v 0.00095000 0.13007730 -0.01699991
v 0.00095000 0.13007730 -0.01399989
v 0.00914997 0.13007730 -0.01399989
v 0.00914997 0.13007730 -0.01699991
v 0.02599894 0.25141472 0.05079101
v 0.02624699 0.25538078 0.05573193
v 0.05498188 0.24904419 0.05937601
v 0.01742899 0.25296617 0.05312998
v 0.01702797 0.24745119 0.04669500
v 0.01748889 0.25452018 0.05535394
v 0.01718091 0.25086331 0.05142499
v 0.01300997 0.22709319 0.04297900
v 0.01130396 0.21881019 0.04203099
v 0.00667494 0.19514109 0.03737592
v 0.01066988 0.21196419 0.03919297
v 0.01679998 0.22036819 0.04125601
v 0.03083300 0.20502819 0.03968691
v 0.04393595 0.21222219 0.04338991
v 0.05992794 0.24186219 0.07297903
v 0.06116288 0.24509919 0.06886899
v 0.05321300 0.24796119 0.07144899
v 0.03156495 0.15105219 0.03754095
v 0.03206890 0.15147819 0.03430698
v 0.03841698 0.15007819 0.03511200
v 0.03895199 0.18713918 0.03859596
v 0.04203397 0.20255819 0.04110692
v 0.03908693 0.15809019 0.03550600
v 0.03540390 0.15890218 0.03503893
v 0.04462343 0.15238374 0.03806699
v 0.03791296 0.14965229 0.03834597
v -0.00063000 0.15906119 0.03357897
v -0.00012600 0.15948719 0.03034500
v 0.03938540 0.14926419 0.07372347
v 0.04080688 0.15003419 0.06408297
v 0.04274696 0.17589419 0.07626401
v 0.04741400 0.19061209 0.07725899
v 0.03439688 0.15712719 0.07497898
v 0.02340888 0.15413219 0.07415400
v 0.01269996 0.15649319 0.07279596
v 0.00862896 0.15739119 0.07227997
v 0.01975589 0.15698309 0.07374296
v 0.02382600 0.15608519 0.07425896
v 0.01311689 0.15844719 0.07290200
v 0.00904697 0.15934409 0.07238499
v 0.05442500 0.25009927 0.06560302
v 0.06193995 0.24557419 0.06357199
v -0.00120395 0.17227609 0.07065301
v 0.00990498 0.19917418 0.07251101
v 0.00874895 0.22445209 0.07199698
v 0.01467889 0.24933319 0.06849802
v 0.01327300 0.24515419 0.07231904
v -0.00335097 0.16223019 0.07011095
v 0.01704895 0.25554526 0.06061400
v 0.01534789 0.25169328 0.06732704
v 0.01599889 0.25360817 0.06552000
v 0.04251796 0.15776619 0.06403498
v 0.04226994 0.16238919 0.07403801
v 0.02447793 0.25429821 0.06780602
v 0.01658296 0.25492927 0.06321699
v -0.00134992 0.16143818 0.04205601
v 0.00133496 0.17355219 0.04194598
v 0.00524288 0.19339319 0.04562693
v 0.00565791 0.19969319 0.05331397
v 0.00335997 0.19597518 0.06497102
v 0.01602298 0.25169018 0.06199992
v 0.01735889 0.25540417 0.05791992
v 0.01481795 0.24813318 0.06531603
v 0.01526188 0.18492509 0.03488992
v 0.01489090 0.24503818 0.05935598
v 0.00021700 0.16308618 0.03255697
v 0.00118899 0.16606729 0.03141700
v 0.03346598 0.15932919 0.03479294
v 0.02775198 0.18960918 0.03717600
v 0.04638898 0.19388719 0.07720701
v 0.01580798 0.20128419 0.07334703
v 0.05886495 0.23594119 0.07107199
v 0.06200891 0.24313518 0.05878199
v 0.06094998 0.24240619 0.06586999
v 0.04803591 0.19352429 0.07741600
v 0.05439495 0.24515268 0.05439100
v 0.06160897 0.23762019 0.05234701
v 0.04657691 0.16431819 0.04341391
v 0.05307888 0.20451918 0.06205200
v 0.05785393 0.23532319 0.07797099
v 0.02235895 0.24627608 0.04737098
v 0.04587393 0.21179409 0.04363602
v 0.04938298 0.21011119 0.04396092
v 0.05765193 0.21731418 0.04823994
v 0.05104595 0.18477118 0.04374091
v 0.04607099 0.16069619 0.04110888
v 0.04343295 0.15587719 0.05353497
v 0.04206997 0.15167518 0.05697600
v 0.04285293 0.15752319 0.06097189
v 0.05155396 0.20380419 0.07283902
v 0.05166000 0.20633519 0.07640802
v 0.05330091 0.21462819 0.07764500
v 0.02259492 0.24961419 0.07165903
v 0.05132996 0.24327770 0.07530201
v 0.05252289 0.23649819 0.07729602
v 0.02535092 0.25651118 0.06191695
v -0.04445347 0.13145971 -0.01434894
v -0.04373094 0.13262421 -0.01616399
v -0.04695343 0.13418926 -0.01855593
v -0.04588490 0.13293469 -0.01682194
v -0.04874792 0.13129872 -0.01404990
v -0.04660743 0.13177021 -0.01500799
v -0.04491839 0.13300040 -0.02017252
v -0.04586497 0.13422436 -0.02164757
v -0.04774127 0.13341051 -0.02104075
v -0.04681800 0.13268824 -0.01925355
v -0.03951235 0.13204738 -0.01824170
v -0.04045867 0.13327135 -0.01971653
v -0.04233531 0.13245754 -0.01911004
v -0.04141206 0.13173535 -0.01732251
v -0.03987839 0.12896375 -0.01332051
v -0.04082406 0.13018741 -0.01479554
v -0.04270063 0.12937410 -0.01418875
v -0.04177801 0.12865137 -0.01240152
v -0.04551037 0.12801090 -0.01220971
v -0.04645668 0.12923436 -0.01368455
v -0.04833294 0.12842110 -0.01307805
v -0.04740997 0.12769833 -0.01129052
v -0.04862540 0.13050559 -0.01644472
v -0.04957168 0.13172933 -0.01791951
v -0.05144793 0.13091592 -0.01731305
v -0.05052497 0.13019335 -0.01552552
v -0.04744497 0.13391626 -0.02059450
v -0.04526645 0.13360226 -0.01992844
v -0.04709966 0.13705160 -0.01818671
v -0.04612372 0.13732654 -0.01856402
v -0.04203844 0.13296317 -0.01866399
v -0.03985992 0.13264920 -0.01799740
v -0.04090154 0.13583978 -0.01578564
v -0.04066530 0.13631028 -0.01655752
v -0.04240447 0.12987973 -0.01374244
v -0.04022544 0.12956513 -0.01307645
v -0.04159901 0.13283032 -0.01099969
v -0.04162041 0.13331172 -0.01181646
v -0.04078554 0.13307738 -0.01145994
v -0.04803645 0.12892665 -0.01263245
v -0.04585743 0.12861270 -0.01196593
v -0.04723102 0.13187729 -0.00988897
v -0.04749558 0.13232882 -0.01069871
v -0.04641747 0.13212439 -0.01034915
v -0.05115145 0.13142172 -0.01686697
v -0.04897293 0.13110721 -0.01620044
v -0.05034610 0.13437182 -0.01412384
v -0.05053771 0.13484098 -0.01492900
v -0.04954296 0.13455866 -0.01440145
v -0.04610097 0.13416921 -0.02089997
v -0.04660993 0.13334920 -0.01962300
v -0.04684892 0.13733619 -0.01884799
v -0.04069495 0.13321620 -0.01896889
v -0.04120391 0.13239621 -0.01769300
v -0.04125791 0.13643821 -0.01699091
v -0.04106098 0.13013209 -0.01404794
v -0.04156899 0.12931322 -0.01277097
v -0.04669290 0.12917919 -0.01293690
v -0.04720199 0.12836020 -0.01166095
v -0.04980790 0.13167419 -0.01717193
v -0.05031692 0.13085520 -0.01589598
f 1 2 3
f 4 5 6
f 7 8 9
f 10 11 12
f 13 14 15
f 16 17 18
f 19 20 21
f 22 23 24
f 25 26 27
f 28 29 30
f 31 32 33
f 34 35 36
f 37 38 39
f 40 41 42
f 43 44 45
f 46 47 48
f 49 50 51
f 52 53 54
f 55 56 57
f 55 57 58
f 59 58 57
f 60 61 62
f 63 62 61
f 61 60 64
f 64 60 65
f 64 65 66
f 64 66 67
f 68 69 70
f 71 70 69
f 69 68 72
f 72 68 73
f 72 73 74
f 72 74 75
f 55 76 56
f 56 76 77
f 56 77 78
f 68 70 79
f 68 79 80
f 80 79 81
f 80 81 82
f 82 81 83
f 83 81 84
f 84 85 86
f 86 85 87
f 80 88 70
f 80 70 68
f 88 89 70
f 70 89 68
f 68 89 73
f 73 89 90
f 73 90 91
f 91 92 93
f 93 92 94
f 93 94 95
f 94 92 96
f 96 92 91
f 96 91 97
f 97 91 90
f 97 90 89
f 73 91 74
f 74 91 98
f 98 91 93
f 98 93 99
f 99 93 100
f 93 101 100
f 100 101 102
f 100 102 103
f 102 101 95
f 95 101 93
f 100 104 105
f 105 104 103
f 103 104 100
f 79 70 71
f 76 106 107
f 107 106 85
f 107 85 108
f 108 85 84
f 108 84 109
f 109 84 81
f 109 81 79
f 107 77 76
f 85 106 87
f 110 106 76
f 110 76 55
f 110 55 58
f 110 58 111
f 111 58 112
f 111 112 113
f 113 112 114
f 113 114 115
f 115 114 116
f 115 116 117
f 117 116 118
f 117 118 119
f 119 118 120
f 119 120 121
f 121 120 122
f 121 122 123
f 123 122 124
f 123 124 125
f 126 125 65
f 126 65 60
f 60 62 127
f 105 127 128
f 105 128 100
f 63 128 62
f 62 128 60
f 128 127 60
f 112 58 55
f 112 55 114
f 114 55 58
f 58 59 114
f 114 59 129
f 114 129 118
f 118 129 130
f 118 130 131
f 114 118 116
f 3 2 132
f 2 133 132
f 132 133 134
f 6 5 135
f 5 136 135
f 135 136 137
f 138 139 140
f 140 139 141
f 141 139 142
f 141 142 143
f 144 145 146
f 146 145 147
f 147 145 148
f 147 148 149
f 150 151 152
f 152 151 153
f 153 151 154
f 153 154 155
f 156 157 158
f 158 157 159
f 159 157 160
f 159 160 161
f 162 163 164
f 164 163 165
f 165 163 166
f 165 166 167
f 168 169 170
f 170 169 171
f 171 169 172
f 171 172 173
f 174 175 176
f 176 175 177
f 177 175 178
f 177 178 179
f 180 181 182
f 182 181 183
f 183 181 184
f 183 184 185
f 186 187 188
f 188 187 189
f 189 187 190
f 189 190 191
f 192 193 194
f 194 193 195
f 195 193 196
f 195 196 197
f 198 199 200
f 200 199 201
f 201 199 202
f 201 202 203
f 204 205 206
f 206 205 207
f 207 205 208
f 207 208 209
f 210 211 212
f 212 211 213
f 213 211 214
f 213 214 215
f 216 217 218
f 218 217 219
f 219 217 220
f 219 220 221
f 222 223 224
f 224 223 225
f 225 223 226
f 225 226 227
f 228 229 230
f 230 229 231
f 231 229 232
f 231 232 233
f 234 235 236
f 236 235 237
f 237 235 238
f 237 238 239
f 240 241 242
f 242 241 243
f 243 241 244
f 243 244 245
f 246 247 248
f 248 247 249
f 249 247 250
f 249 250 251
f 252 253 254
f 254 253 255
f 255 253 256
f 255 256 257
f 258 259 260
f 260 259 261
f 261 259 262
f 261 262 263
f 264 265 266
f 266 265 267
f 267 265 268
f 267 268 269
f 270 271 272
f 272 271 273
f 273 271 274
f 273 274 275
f 276 277 278
f 278 277 279
f 279 277 280
f 279 280 281
f 66 282 67
f 67 282 283
f 283 282 284
f 284 282 131
f 284 131 285
f 285 131 130
f 285 130 286
f 286 130 129
f 286 129 59
f 286 59 57
f 77 107 78
f 78 107 287
f 107 108 287
f 287 108 288
f 108 109 288
f 288 109 289
f 109 79 289
f 289 79 290
f 79 71 290
f 290 71 69
f 74 98 75
f 75 98 291
f 98 99 291
f 291 99 292
f 99 100 292
f 292 100 293
f 100 128 293
f 293 128 294
f 128 63 294
f 294 63 61
f 75 291 72
f 72 291 221
f 72 221 295
f 72 295 69
f 69 295 224
f 69 224 225
f 69 225 290
f 290 225 227
f 290 227 296
f 296 242 290
f 290 242 289
f 242 243 289
f 289 243 288
f 243 245 288
f 288 245 297
f 288 297 254
f 288 254 287
f 287 254 255
f 287 255 257
f 287 257 78
f 78 257 298
f 78 298 56
f 56 298 266
f 56 266 57
f 57 266 267
f 57 267 286
f 286 267 269
f 286 269 147
f 147 269 146
f 286 147 285
f 285 147 149
f 285 149 299
f 299 152 285
f 285 152 284
f 152 153 284
f 284 153 283
f 153 155 283
f 283 155 300
f 283 300 170
f 283 170 67
f 67 170 171
f 67 171 64
f 64 171 61
f 171 173 61
f 61 173 301
f 61 301 182
f 61 182 294
f 294 182 183
f 294 183 293
f 293 183 185
f 293 185 302
f 302 194 293
f 293 194 292
f 194 195 292
f 292 195 291
f 195 197 291
f 291 197 219
f 291 219 221
f 219 197 218
f 218 197 207
f 218 207 303
f 303 207 209
f 197 304 207
f 207 304 206
f 224 295 222
f 222 295 305
f 305 295 221
f 305 221 220
f 242 296 240
f 240 296 306
f 306 296 227
f 306 227 226
f 254 297 252
f 252 297 307
f 307 297 245
f 307 245 244
f 266 298 264
f 264 298 308
f 308 298 257
f 308 257 256
f 278 309 276
f 276 309 310
f 310 309 269
f 310 269 268
f 278 279 309
f 309 279 269
f 269 279 146
f 146 279 311
f 311 279 281
f 146 311 144
f 144 311 312
f 312 311 281
f 312 281 280
f 152 299 150
f 150 299 313
f 313 299 149
f 313 149 148
f 170 300 168
f 168 300 314
f 314 300 155
f 314 155 154
f 182 301 180
f 180 301 315
f 315 301 173
f 315 173 172
f 194 302 192
f 192 302 316
f 316 302 185
f 316 185 184
f 206 304 204
f 204 304 317
f 317 304 197
f 317 197 196
f 218 303 216
f 216 303 318
f 318 303 209
f 318 209 208
f 166 319 167
f 167 319 320
f 320 319 156
f 320 156 158
f 238 321 239
f 239 321 322
f 322 321 228
f 322 228 230
f 214 323 215
f 215 323 324
f 324 323 198
f 324 198 200
f 202 325 203
f 203 325 326
f 326 325 186
f 326 186 188
f 190 327 191
f 191 327 328
f 328 327 174
f 328 174 176
f 178 329 179
f 179 329 330
f 330 329 162
f 330 162 164
f 160 331 161
f 161 331 332
f 332 331 138
f 332 138 140
f 142 333 143
f 143 333 334
f 334 333 270
f 334 270 272
f 274 335 275
f 275 335 336
f 336 335 258
f 336 258 260
f 262 337 263
f 263 337 338
f 338 337 246
f 338 246 248
f 250 339 251
f 251 339 340
f 340 339 234
f 340 234 236
f 232 341 233
f 233 341 342
f 342 341 210
f 342 210 212
f 164 165 330
f 330 165 179
f 167 320 165
f 165 320 158
f 165 158 179
f 179 158 159
f 179 159 343
f 343 159 344
f 159 161 344
f 344 161 332
f 344 332 140
f 344 140 345
f 345 140 141
f 345 141 346
f 346 141 143
f 346 143 334
f 334 272 346
f 346 272 347
f 272 273 347
f 347 273 275
f 347 275 336
f 336 260 347
f 347 260 348
f 260 261 348
f 348 261 349
f 261 263 349
f 349 263 338
f 349 338 248
f 349 248 350
f 350 248 249
f 350 249 7
f 7 249 251
f 7 251 231
f 231 251 230
f 7 231 8
f 8 231 233
f 8 233 342
f 342 212 8
f 8 212 351
f 212 213 351
f 351 213 352
f 213 215 352
f 352 215 324
f 352 324 200
f 352 200 353
f 353 200 201
f 353 201 203
f 203 326 353
f 353 326 188
f 353 188 354
f 354 188 189
f 354 189 355
f 355 189 191
f 355 191 328
f 328 176 355
f 355 176 356
f 176 177 356
f 356 177 343
f 343 177 179
f 236 237 340
f 340 237 251
f 251 237 230
f 230 237 322
f 322 237 239
f 9 8 357
f 8 351 357
f 357 351 358
f 351 352 358
f 358 352 359
f 352 353 359
f 359 353 360
f 353 354 360
f 360 354 361
f 361 354 362
f 362 354 355
f 362 355 363
f 363 355 356
f 363 356 343
f 363 343 364
f 364 343 344
f 364 344 365
f 365 344 345
f 365 345 366
f 366 345 346
f 366 346 367
f 367 346 347
f 367 347 368
f 368 347 348
f 368 348 369
f 369 348 370
f 348 349 370
f 370 349 371
f 349 350 371
f 371 350 7
f 371 7 9
f 12 11 372
f 11 373 372
f 372 373 374
f 15 14 375
f 14 376 375
f 375 376 377
f 18 17 378
f 17 379 378
f 378 379 380
f 21 20 381
f 20 382 381
f 381 382 383
f 24 23 384
f 23 385 384
f 384 385 386
f 385 387 386
f 386 387 388
f 27 26 389
f 26 390 389
f 389 390 391
f 390 392 391
f 391 392 393
f 30 29 394
f 29 395 394
f 394 395 396
f 395 397 396
f 396 397 398
f 33 32 399
f 32 400 399
f 399 400 401
f 400 402 401
f 401 402 403
f 404 405 406
f 404 406 407
f 407 406 408
f 407 408 409
f 408 410 411
f 410 412 411
f 411 412 413
f 36 35 414
f 415 416 417
f 417 416 418
f 416 419 418
f 418 419 420
f 421 422 423
f 421 423 424
f 421 424 425
f 425 424 426
f 426 427 428
f 426 428 429
f 429 428 430
f 429 430 431
f 423 422 432
f 432 422 433
f 433 422 32
f 32 422 434
f 434 422 435
f 434 435 436
f 436 435 437
f 435 399 437
f 437 399 438
f 437 438 439
f 437 439 440
f 440 439 441
f 441 439 442
f 442 439 443
f 442 443 444
f 443 445 444
f 444 445 446
f 445 447 446
f 446 447 448
f 446 448 449
f 449 448 450
f 449 450 451
f 451 450 452
f 451 452 453
f 453 452 454
f 453 454 455
f 453 455 456
f 456 455 457
f 456 457 458
f 458 457 459
f 457 460 459
f 459 460 461
f 461 460 462
f 462 460 385
f 462 385 463
f 463 385 464
f 463 464 465
f 463 465 466
f 466 465 456
f 466 456 458
f 455 467 457
f 457 467 468
f 467 469 468
f 468 469 470
f 468 470 471
f 471 443 468
f 468 443 439
f 470 469 448
f 448 469 450
f 444 472 442
f 442 472 473
f 472 434 473
f 473 434 436
f 435 422 474
f 474 422 475
f 475 422 476
f 475 476 477
f 477 476 478
f 478 479 480
f 480 479 481
f 481 479 482
f 482 479 483
f 483 479 484
f 483 484 485
f 485 484 486
f 485 486 487
f 485 487 488
f 488 487 489
f 488 489 490
f 490 489 491
f 490 491 479
f 479 491 492
f 479 492 484
f 493 494 495
f 495 494 496
f 494 497 496
f 496 497 498
f 412 499 413
f 413 499 500
f 500 499 501
f 501 499 386
f 386 499 502
f 502 499 503
f 502 503 504
f 504 503 505
f 503 385 505
f 505 385 460
f 505 460 506
f 505 506 507
f 507 506 508
f 508 506 509
f 509 506 510
f 509 510 511
f 510 512 511
f 511 512 513
f 512 514 513
f 513 514 515
f 513 515 516
f 516 515 517
f 516 517 518
f 518 517 519
f 518 519 520
f 520 519 521
f 520 521 522
f 520 522 523
f 523 522 524
f 523 524 525
f 525 524 526
f 524 438 526
f 526 438 527
f 527 438 528
f 528 438 399
f 528 399 529
f 529 399 530
f 529 530 531
f 529 531 532
f 532 531 523
f 532 523 525
f 522 533 524
f 524 533 534
f 533 535 534
f 534 535 536
f 534 536 537
f 537 510 534
f 534 510 506
f 536 535 515
f 515 535 517
f 511 538 509
f 509 538 539
f 538 502 539
f 539 502 504
f 503 499 540
f 540 499 541
f 541 499 542
f 541 542 543
f 543 542 544
f 544 545 546
f 546 545 547
f 547 545 548
f 548 545 549
f 549 545 550
f 549 550 551
f 551 550 44
f 551 44 43
f 551 43 552
f 552 43 553
f 552 553 554
f 554 553 555
f 554 555 545
f 545 555 556
f 545 556 550
f 557 558 559
f 557 559 560
f 557 560 561
f 561 560 395
f 561 395 396
f 396 395 562
f 396 562 563
f 563 562 564
f 563 564 565
f 565 564 566
f 565 566 567
f 567 566 568
f 567 568 569
f 569 568 414
f 569 414 570
f 570 414 35
f 570 35 571
f 571 35 572
f 571 572 573
f 573 572 574
f 573 574 575
f 575 574 576
f 575 576 577
f 577 576 578
f 577 578 579
f 579 578 516
f 579 516 518
f 518 580 579
f 579 580 581
f 581 580 582
f 582 580 571
f 582 571 573
f 578 583 516
f 516 583 584
f 583 585 584
f 584 585 572
f 584 572 35
f 570 571 586
f 586 571 587
f 559 558 588
f 558 589 588
f 588 589 590
f 589 498 590
f 590 498 497
f 39 38 591
f 592 593 594
f 592 594 595
f 592 595 596
f 596 595 389
f 596 389 26
f 26 389 597
f 26 597 598
f 598 597 599
f 598 599 600
f 600 599 601
f 600 601 602
f 602 601 603
f 602 603 604
f 604 603 591
f 604 591 605
f 605 591 38
f 605 38 606
f 606 38 607
f 606 607 608
f 608 607 609
f 608 609 610
f 610 609 611
f 610 611 612
f 612 611 613
f 612 613 614
f 614 613 449
f 614 449 451
f 451 615 614
f 614 615 616
f 616 615 617
f 617 615 606
f 617 606 608
f 613 618 449
f 449 618 619
f 618 620 619
f 619 620 607
f 619 607 38
f 605 606 621
f 621 606 622
f 594 593 623
f 593 624 623
f 623 624 625
f 624 420 625
f 625 420 419
f 626 412 410
f 626 410 627
f 627 410 408
f 627 408 628
f 628 408 629
f 408 406 629
f 406 630 629
f 629 630 631
f 629 631 632
f 629 632 633
f 633 632 634
f 633 634 635
f 631 630 636
f 636 630 637
f 630 638 637
f 637 638 635
f 635 638 633
f 633 638 639
f 639 638 640
f 640 638 497
f 640 497 494
f 640 494 641
f 641 494 493
f 641 493 642
f 643 495 496
f 643 496 644
f 644 496 498
f 644 498 645
f 645 498 646
f 498 647 646
f 643 644 642
f 642 644 641
f 644 645 641
f 641 645 640
f 647 490 646
f 646 490 648
f 646 648 649
f 646 649 650
f 650 649 651
f 650 651 652
f 648 490 653
f 653 490 654
f 490 479 654
f 654 479 652
f 652 479 650
f 650 479 655
f 655 479 656
f 656 479 478
f 656 478 476
f 656 476 657
f 657 476 422
f 657 422 658
f 658 659 660
f 658 660 661
f 658 661 657
f 657 661 656
f 656 662 663
f 656 663 655
f 655 663 664
f 655 664 665
f 655 665 666
f 655 666 667
f 667 668 655
f 655 668 650
f 665 669 666
f 666 669 670
f 670 669 671
f 671 669 672
f 672 669 673
f 672 673 674
f 672 674 668
f 668 674 650
f 674 675 650
f 650 675 676
f 650 676 677
f 677 676 678
f 677 678 679
f 677 679 680
f 680 679 673
f 680 673 669
f 677 681 650
f 650 681 646
f 646 681 645
f 645 681 682
f 645 682 640
f 640 682 639
f 682 645 639
f 639 645 640
f 639 640 683
f 683 684 639
f 639 684 685
f 639 685 686
f 686 685 687
f 685 688 687
f 687 688 689
f 689 688 690
f 690 688 633
f 633 688 691
f 633 691 692
f 692 691 693
f 691 694 693
f 693 694 695
f 695 694 696
f 696 694 629
f 696 629 697
f 697 629 698
f 629 633 698
f 698 633 692
f 629 694 699
f 629 699 700
f 700 701 629
f 629 701 702
f 629 702 628
f 628 703 627
f 627 703 704
f 627 704 626
f 626 704 705
f 626 705 706
f 626 706 707
f 708 707 709
f 708 709 710
f 708 710 711
f 711 710 712
f 711 712 713
f 713 712 714
f 713 714 715
f 713 715 716
f 716 715 717
f 716 717 718
f 718 717 719
f 717 720 719
f 719 720 721
f 716 718 722
f 723 722 724
f 723 724 725
f 725 726 723
f 723 726 626
f 723 626 727
f 727 626 707
f 626 726 728
f 726 729 728
f 728 729 730
f 729 731 730
f 731 732 733
f 731 733 734
f 734 733 735
f 734 735 736
f 734 736 737
f 734 737 738
f 738 739 734
f 734 739 740
f 736 741 737
f 737 741 742
f 742 741 743
f 743 741 744
f 744 741 745
f 744 745 746
f 744 746 739
f 739 746 740
f 746 747 740
f 740 747 748
f 740 748 749
f 749 748 750
f 749 750 751
f 749 751 752
f 752 751 745
f 752 745 741
f 749 753 740
f 740 753 754
f 754 753 755
f 755 753 756
f 755 756 757
f 757 756 758
f 756 755 758
f 758 755 757
f 758 757 759
f 759 760 758
f 758 760 761
f 758 761 762
f 762 761 763
f 761 764 763
f 763 764 765
f 765 764 766
f 766 764 767
f 767 764 768
f 767 768 769
f 769 768 770
f 768 771 770
f 770 771 772
f 772 771 773
f 773 771 774
f 773 774 775
f 775 774 776
f 774 767 776
f 776 767 769
f 774 771 777
f 774 777 778
f 778 779 774
f 774 779 780
f 774 780 781
f 781 782 783
f 783 782 784
f 783 784 659
f 659 784 785
f 659 785 786
f 659 786 787
f 788 787 789
f 788 789 790
f 788 790 791
f 791 790 792
f 791 792 793
f 793 792 794
f 793 794 795
f 793 795 796
f 796 795 797
f 796 797 798
f 798 797 799
f 797 800 799
f 799 800 801
f 796 798 802
f 803 802 804
f 803 804 805
f 805 660 803
f 803 660 659
f 803 659 806
f 806 659 787
f 792 807 794
f 794 807 808
f 808 807 809
f 809 807 800
f 790 810 792
f 792 810 811
f 792 811 812
f 812 811 813
f 812 813 814
f 814 813 815
f 814 815 816
f 816 815 789
f 816 789 817
f 817 789 787
f 766 767 818
f 818 767 819
f 767 758 819
f 819 758 762
f 757 820 755
f 755 820 821
f 820 822 821
f 821 822 823
f 712 824 714
f 714 824 825
f 825 824 826
f 826 824 720
f 710 827 712
f 712 827 828
f 712 828 829
f 829 828 830
f 829 830 831
f 831 830 832
f 831 832 833
f 833 832 709
f 833 709 834
f 834 709 707
f 690 633 835
f 835 633 836
f 633 639 836
f 836 639 686
f 659 421 425
f 659 425 783
f 783 425 426
f 783 426 781
f 781 426 774
f 426 429 774
f 429 837 774
f 774 837 838
f 774 838 839
f 774 839 767
f 767 839 840
f 767 840 841
f 838 837 842
f 842 837 843
f 837 844 843
f 843 844 841
f 841 844 767
f 767 844 758
f 758 844 757
f 757 844 419
f 757 419 416
f 757 416 820
f 820 416 415
f 820 415 822
f 823 417 418
f 823 418 821
f 821 418 420
f 821 420 755
f 755 420 754
f 420 845 754
f 845 554 754
f 754 554 846
f 754 846 847
f 754 847 740
f 740 847 848
f 740 848 849
f 846 554 850
f 850 554 851
f 554 545 851
f 851 545 849
f 849 545 740
f 740 545 734
f 734 545 731
f 731 545 544
f 731 544 542
f 731 542 730
f 730 542 499
f 730 499 728
f 726 541 543
f 726 543 729
f 729 543 544
f 729 544 731
f 731 544 732
f 544 546 732
f 732 546 547
f 732 547 733
f 733 547 548
f 733 548 735
f 735 548 736
f 548 549 736
f 736 549 551
f 593 852 853
f 593 853 624
f 624 853 755
f 624 755 420
f 420 755 854
f 755 756 854
f 854 756 753
f 854 753 855
f 855 753 749
f 855 749 856
f 856 749 857
f 749 752 857
f 857 752 741
f 857 741 552
f 552 741 858
f 552 858 859
f 552 859 551
f 551 859 860
f 551 860 861
f 551 861 736
f 736 861 862
f 736 862 741
f 741 862 863
f 741 863 858
f 622 864 621
f 621 864 865
f 621 865 866
f 621 866 605
f 605 866 867
f 605 867 604
f 604 867 602
f 602 867 868
f 602 868 869
f 602 869 600
f 600 869 870
f 600 870 598
f 598 870 26
f 870 871 26
f 26 871 872
f 26 872 873
f 873 872 874
f 872 875 874
f 874 875 876
f 876 875 877
f 877 875 852
f 877 852 878
f 878 852 879
f 852 593 879
f 879 593 880
f 880 593 881
f 881 593 882
f 882 593 883
f 883 593 592
f 883 592 596
f 883 596 884
f 884 596 885
f 596 26 885
f 885 26 873
f 864 886 865
f 865 886 866
f 886 606 887
f 887 606 615
f 887 615 451
f 887 451 888
f 888 451 453
f 888 453 889
f 889 453 721
f 721 453 456
f 721 456 465
f 721 465 719
f 719 465 464
f 719 464 718
f 718 464 722
f 464 385 722
f 722 385 503
f 722 503 890
f 890 503 891
f 503 540 891
f 891 540 892
f 892 540 893
f 893 540 541
f 893 541 894
f 894 541 895
f 541 726 895
f 895 726 896
f 896 726 897
f 897 726 898
f 898 726 899
f 899 726 725
f 899 725 724
f 899 724 900
f 900 724 901
f 724 722 901
f 901 722 890
f 35 902 584
f 584 902 903
f 584 903 904
f 584 904 516
f 516 904 905
f 516 905 513
f 513 905 831
f 513 831 511
f 511 831 833
f 511 833 538
f 538 833 834
f 538 834 502
f 502 834 386
f 834 707 386
f 386 707 706
f 386 706 906
f 906 706 907
f 706 705 907
f 907 705 908
f 908 705 909
f 909 705 704
f 909 704 910
f 910 704 911
f 704 413 911
f 911 413 912
f 912 413 913
f 913 413 914
f 914 413 915
f 915 413 500
f 915 500 501
f 915 501 916
f 916 501 917
f 501 386 917
f 917 386 906
f 918 34 919
f 919 34 36
f 919 36 414
f 919 414 920
f 920 414 568
f 920 568 921
f 921 568 566
f 921 566 922
f 922 566 564
f 922 564 923
f 923 564 562
f 923 562 924
f 924 562 925
f 562 395 925
f 925 395 560
f 925 560 926
f 926 560 927
f 560 559 927
f 927 559 928
f 928 559 929
f 929 559 588
f 929 588 930
f 930 588 931
f 588 932 931
f 931 932 933
f 933 932 934
f 934 932 935
f 935 932 936
f 936 932 937
f 936 937 938
f 936 938 939
f 939 938 940
f 938 925 940
f 940 925 926
f 918 919 902
f 902 919 920
f 902 920 941
f 941 920 942
f 941 942 943
f 941 943 944
f 920 921 942
f 942 921 945
f 921 922 945
f 945 922 946
f 932 588 590
f 932 590 947
f 947 590 497
f 947 497 640
f 640 497 683
f 497 948 683
f 683 948 949
f 683 949 684
f 684 949 950
f 684 950 685
f 685 950 688
f 950 951 688
f 688 951 952
f 688 952 691
f 691 952 953
f 691 953 954
f 691 954 694
f 694 954 955
f 694 955 956
f 953 952 957
f 957 952 958
f 952 959 958
f 958 959 956
f 956 959 694
f 694 959 405
f 694 405 699
f 699 405 700
f 405 404 700
f 700 404 407
f 700 407 701
f 701 407 409
f 701 409 702
f 702 409 628
f 409 408 628
f 628 408 411
f 628 411 703
f 703 411 413
f 703 413 704
f 937 932 947
f 937 947 960
f 960 947 640
f 960 640 961
f 961 640 645
f 961 645 962
f 962 963 961
f 961 963 964
f 964 965 961
f 961 965 966
f 966 967 968
f 968 967 969
f 968 969 970
f 970 969 946
f 970 946 971
f 971 946 922
f 971 922 923
f 923 924 971
f 971 924 972
f 924 925 972
f 925 938 960
f 937 960 938
f 973 623 625
f 973 625 974
f 974 625 419
f 974 419 757
f 757 419 759
f 419 975 759
f 759 975 976
f 759 976 760
f 760 976 977
f 760 977 761
f 761 977 764
f 977 978 764
f 764 978 979
f 764 979 768
f 768 979 980
f 768 980 981
f 768 981 771
f 771 981 982
f 771 982 983
f 980 979 984
f 984 979 985
f 979 431 985
f 985 431 983
f 983 431 771
f 771 431 777
f 777 431 778
f 431 430 778
f 778 430 428
f 778 428 779
f 779 428 427
f 779 427 780
f 780 427 781
f 427 426 781
f 781 426 424
f 781 424 782
f 782 424 423
f 782 423 784
f 986 973 974
f 986 974 987
f 987 974 757
f 987 757 988
f 988 757 755
f 988 755 853
f 853 852 988
f 988 852 875
f 875 872 988
f 988 872 871
f 871 870 989
f 989 870 869
f 989 869 990
f 990 869 868
f 990 868 991
f 991 868 992
f 991 992 993
f 993 994 991
f 991 994 995
f 994 996 995
f 996 997 987
f 986 987 997
f 868 867 992
f 992 867 998
f 867 866 998
f 998 866 999
f 866 886 999
f 999 886 1000
f 999 1000 1001
f 1001 1000 1002
f 38 1000 619
f 619 1000 1003
f 619 1003 1004
f 619 1004 449
f 449 1004 1005
f 449 1005 446
f 446 1005 814
f 446 814 444
f 444 814 816
f 444 816 472
f 472 816 817
f 472 817 434
f 434 817 32
f 817 787 32
f 32 787 786
f 32 786 1006
f 1006 786 1007
f 786 785 1007
f 1007 785 1008
f 1008 785 1009
f 1009 785 784
f 1009 784 1010
f 1010 784 1011
f 784 423 1011
f 1011 423 1012
f 1012 423 1013
f 1013 423 1014
f 1014 423 1015
f 1015 423 432
f 1015 432 433
f 1015 433 1016
f 1016 433 1017
f 433 32 1017
f 1017 32 1006
f 1002 37 1001
f 1001 37 39
f 1001 39 591
f 1001 591 999
f 999 591 603
f 999 603 998
f 998 603 601
f 998 601 992
f 992 601 599
f 992 599 993
f 993 599 597
f 993 597 994
f 994 597 996
f 597 389 996
f 996 389 595
f 996 595 1018
f 1018 595 1019
f 595 594 1019
f 1019 594 1020
f 1020 594 1021
f 1021 594 623
f 1021 623 1022
f 1022 623 1023
f 623 973 1023
f 1023 973 1024
f 1024 973 1025
f 1025 973 1026
f 1026 973 1027
f 1027 973 986
f 1027 986 997
f 1027 997 1028
f 1028 997 1029
f 997 996 1029
f 1029 996 1018
f 587 944 586
f 586 944 943
f 586 943 942
f 586 942 570
f 570 942 945
f 570 945 569
f 569 945 567
f 567 945 946
f 567 946 969
f 567 969 565
f 565 969 967
f 565 967 563
f 563 967 396
f 967 966 396
f 396 966 965
f 396 965 1030
f 1030 965 1031
f 965 964 1031
f 1031 964 1032
f 1032 964 1033
f 1033 964 963
f 1033 963 1034
f 1034 963 1035
f 963 558 1035
f 1035 558 1036
f 1036 558 1037
f 1037 558 1038
f 1038 558 1039
f 1039 558 557
f 1039 557 561
f 1039 561 1040
f 1040 561 1041
f 561 396 1041
f 1041 396 1030
f 941 571 1042
f 1042 571 580
f 1042 580 518
f 1042 518 1043
f 1043 518 520
f 1043 520 1044
f 1044 520 801
f 801 520 523
f 801 523 531
f 801 531 799
f 799 531 530
f 799 530 798
f 798 530 802
f 530 399 802
f 802 399 435
f 802 435 1045
f 1045 435 1046
f 435 474 1046
f 1046 474 1047
f 1047 474 1048
f 1048 474 475
f 1048 475 1049
f 1049 475 1050
f 475 660 1050
f 1050 660 1051
f 1051 660 1052
f 1052 660 1053
f 1053 660 1054
f 1054 660 805
f 1054 805 804
f 1054 804 1055
f 1055 804 1056
f 804 802 1056
f 1056 802 1045
f 660 475 477
f 660 477 661
f 661 477 478
f 661 478 656
f 656 478 662
f 478 480 662
f 662 480 481
f 662 481 663
f 663 481 482
f 663 482 664
f 664 482 665
f 482 483 665
f 665 483 485
f 665 485 1057
f 665 1057 1058
f 665 1058 669
f 669 1058 1059
f 669 1059 1060
f 1057 485 1061
f 1061 485 1062
f 485 488 1062
f 1062 488 1060
f 1060 488 669
f 669 488 1063
f 669 1063 680
f 680 1063 677
f 1063 1064 677
f 677 1064 1065
f 677 1065 681
f 681 1065 1066
f 681 1066 682
f 682 1066 645
f 1066 498 645
f 645 498 589
f 645 589 962
f 962 589 558
f 962 558 963
f 1067 1068 1069
f 1070 1071 1072
f 1070 1072 1073
f 1073 1072 1074
f 1075 1067 1076
f 1075 1076 1077
f 1074 1072 1078
f 1078 1072 1079
f 1079 1072 1074
f 1067 1075 1077
f 1080 1081 1082
f 1082 1080 1083
f 1083 1084 1082
f 1085 1086 1087
f 1086 1088 1087
f 1087 1088 1089
f 1089 1088 1086
f 1089 1086 1085
f 1085 1087 1089
f 1090 1091 1092
f 1092 1091 1093
f 1093 1091 1094
f 1094 1093 1095
f 1094 1095 1096
f 1097 1088 1098
f 1098 1088 1086
f 42 41 1099
f 42 1099 1100
f 42 1100 1101
f 1101 1100 1102
f 1100 1103 1102
f 1102 1103 1104
f 1102 1104 1105
f 1105 1104 1106
f 1102 1105 1107
f 1107 1105 41
f 1103 1108 1104
f 1104 1108 1109
f 1104 1109 1110
f 1099 41 1111
f 1111 41 1112
f 41 1105 1112
f 1112 1105 1113
f 1105 1114 1113
f 1113 1114 1115
f 1113 1115 1116
f 1115 1114 1117
f 1114 1118 1117
f 1117 1118 1119
f 1118 1120 1119
f 1119 1120 1121
f 1119 1121 1122
f 1122 1121 1123
f 1122 1123 1124
f 1124 1123 1125
f 1124 1125 1126
f 1125 1123 1127
f 1127 1123 1128
f 1127 1128 1106
f 1106 1104 1127
f 1127 1104 1129
f 1129 1104 1130
f 1130 1104 1110
f 1130 1110 1131
f 1131 1110 1132
f 1132 1110 1133
f 1133 1110 1134
f 1134 1110 1135
f 1135 1110 1136
f 1135 1136 1137
f 1137 1136 1138
f 1135 1137 1139
f 1139 1137 1140
f 1139 1140 1141
f 1141 1140 1142
f 1141 1142 1143
f 1143 1144 1141
f 1141 1144 1145
f 1140 1146 1142
f 1142 1146 1147
f 1142 1147 1148
f 1142 1148 1149
f 1149 1148 1150
f 1148 1124 1150
f 1150 1124 1126
f 1150 1126 1151
f 1150 1151 1152
f 1152 1151 1153
f 1152 1153 1144
f 1144 1153 1145
f 1145 1153 1131
f 1131 1153 1154
f 1131 1154 1130
f 1155 1156 1076
f 1076 1156 1157
f 1156 1158 1157
f 1157 1158 1074
f 1155 1076 1067
f 1067 1068 1155
f 1155 1068 1159
f 1159 1068 1069
f 1159 1069 1160
f 1160 1069 1161
f 1161 1071 1160
f 1160 1071 1162
f 1071 1070 1162
f 1162 1070 1163
f 1163 1070 1164
f 1164 1070 1158
f 1070 1073 1158
f 1158 1073 1074
f 1074 1078 1158
f 1158 1078 1165
f 1078 1079 1165
f 1165 1079 1166
f 1158 1156 1074
f 1074 1156 1157
f 1156 1155 1157
f 1157 1155 1076
f 1079 1074 1166
f 1166 1074 1158
f 1074 1072 1158
f 1158 1072 1167
f 1072 1071 1167
f 1167 1071 1162
f 1071 1161 1162
f 1162 1161 1168
f 1168 1161 1160
f 1159 1068 1169
f 1068 1067 1169
f 1067 1077 1155
f 1155 1077 1170
f 1077 1075 1170
f 1170 1075 1171
f 1075 1077 1171
f 1171 1077 1170
f 1077 1076 1170
f 1170 1076 1155
f 1172 1173 1081
f 1081 1173 1080
f 1173 1174 1080
f 1080 1174 1083
f 1081 1080 1172
f 1172 1080 1173
f 1080 1082 1173
f 1173 1082 1175
f 1082 1084 1175
f 1175 1084 1176
f 1084 1177 1176
f 1176 1177 1178
f 1177 1084 1178
f 1178 1084 1176
f 1084 1083 1176
f 1176 1083 1174
f 1095 1093 1179
f 1179 1093 1180
f 1093 1091 1180
f 1180 1091 1181
f 1179 1182 1095
f 1095 1182 1096
f 1182 1183 1096
f 1096 1183 1097
f 1091 1090 1181
f 1181 1090 1184
f 1090 1185 1184
f 1184 1185 1186
f 1186 1185 1187
f 1186 1187 1089
f 1186 1089 1188
f 1089 1087 1188
f 1087 1085 1188
f 1188 1085 1086
f 1188 1086 1189
f 1190 1188 1189
f 1189 1086 1088
f 1189 1088 1183
f 1088 1097 1183
f 1183 1182 1097
f 1097 1182 1096
f 1182 1191 1096
f 1096 1191 1094
f 1183 1097 1192
f 1097 1098 1192
f 1192 1098 1193
f 1098 1088 1193
f 1193 1088 1189
f 1189 1086 1190
f 1190 1086 1194
f 1086 1085 1194
f 1194 1085 1087
f 1194 1087 1188
f 1188 1089 1195
f 1195 1089 1187
f 1195 1187 1186
f 1185 1090 1186
f 1186 1090 1184
f 1090 1092 1184
f 1184 1092 1196
f 1092 1093 1196
f 1196 1093 1180
f 1093 1094 1180
f 1180 1094 1191
f 1135 1139 1197
f 1197 1139 1198
f 1139 1141 1198
f 1198 1141 1199
f 1141 1145 1199
f 1199 1145 1200
f 1200 1145 1201
f 1201 1145 1131
f 1201 1131 1202
f 1133 1134 1203
f 1203 1134 1204
f 1204 1134 1197
f 1197 1134 1135
f 1203 1205 1133
f 1133 1205 1132
f 1205 1202 1132
f 1132 1202 1131
f 1127 1129 1206
f 1206 1129 1207
f 1129 1130 1207
f 1207 1130 1208
f 1130 1154 1208
f 1208 1154 1209
f 1209 1154 1153
f 1209 1153 1210
f 1206 1211 1127
f 1127 1211 1125
f 1125 1211 1212
f 1125 1212 1126
f 1153 1151 1210
f 1210 1151 1213
f 1151 1126 1213
f 1213 1126 1212
f 1142 1149 1214
f 1214 1149 1215
f 1149 1150 1215
f 1215 1150 1216
f 1214 1217 1142
f 1142 1217 1143
f 1217 1218 1143
f 1143 1218 1144
f 1150 1152 1216
f 1216 1152 1219
f 1152 1144 1219
f 1219 1144 1218
f 1114 1105 1220
f 1220 1105 1221
f 1105 1106 1221
f 1221 1106 1222
f 1106 1128 1222
f 1222 1128 1223
f 1128 1123 1223
f 1223 1123 1224
f 1224 1123 1225
f 1220 1226 1114
f 1114 1226 1118
f 1118 1226 1227
f 1227 1120 1118
f 1123 1121 1225
f 1225 1121 1228
f 1121 1120 1228
f 1228 1120 1227
f 1102 1107 1229
f 1229 1107 1230
f 1107 41 1230
f 1230 41 1231
f 1229 1232 1102
f 1102 1232 1101
f 1232 1233 1101
f 1101 1233 42
f 41 40 1231
f 1231 40 1234
f 40 42 1234
f 1234 42 1233
f 1109 1108 1235
f 1235 1108 1236
f 1108 1103 1236
f 1236 1103 1237
f 1235 1238 1109
f 1109 1238 1110
f 1110 1238 1136
f 1136 1238 1239
f 1136 1239 1240
f 1240 1138 1136
f 1103 1100 1237
f 1237 1100 1241
f 1100 1099 1241
f 1241 1099 1242
f 1099 1111 1242
f 1242 1111 1243
f 1111 1112 1243
f 1243 1112 1244
f 1112 1113 1244
f 1244 1113 1245
f 1113 1116 1245
f 1245 1116 1246
f 1116 1115 1246
f 1246 1115 1247
f 1115 1117 1247
f 1247 1117 1248
f 1117 1119 1248
f 1248 1119 1249
f 1119 1122 1249
f 1249 1122 1250
f 1122 1124 1250
f 1250 1124 1251
f 1124 1148 1251
f 1251 1148 1252
f 1148 1147 1252
f 1252 1147 1253
f 1147 1146 1253
f 1253 1146 1254
f 1146 1140 1254
f 1254 1140 1255
f 1140 1137 1255
f 1255 1137 1256
f 1137 1138 1256
f 1256 1138 1240
f 1000 886 1257
f 1257 886 887
f 1257 887 1258
f 1258 887 1259
f 887 888 1259
f 1259 888 1260
f 1260 888 1261
f 1261 888 1004
f 1261 1004 1003
f 1261 1003 1262
f 1262 1003 1263
f 1003 1000 1263
f 1263 1000 1264
f 1000 1257 1264
f 1264 1257 1265
f 1264 1265 1266
f 1266 1265 1267
f 1266 1267 1268
f 1268 1267 1260
f 1268 1260 1261
f 1004 888 1269
f 1269 888 889
f 1269 889 1270
f 1270 889 1271
f 889 721 1271
f 1271 721 1272
f 1272 721 720
f 1272 720 824
f 824 1273 1272
f 1272 1273 1274
f 1274 1273 1275
f 1275 1273 1276
f 1275 1276 1277
f 1275 1277 1269
f 1269 1277 1004
f 1277 1278 1004
f 1004 1278 1005
f 1278 1279 1005
f 1005 1279 814
f 1279 1280 814
f 814 1280 812
f 812 1280 1281
f 812 1281 1273
f 1273 1281 1276
f 902 941 1282
f 1282 941 1042
f 1282 1042 1283
f 1283 1042 1284
f 1042 1043 1284
f 1284 1043 1285
f 1285 1043 1286
f 1286 1043 904
f 1286 904 903
f 1286 903 1287
f 1287 903 1288
f 903 902 1288
f 1288 902 1289
f 902 1282 1289
f 1289 1282 1290
f 1289 1290 1291
f 1291 1290 1292
f 1291 1292 1293
f 1293 1292 1285
f 1293 1285 1286
f 904 1043 1294
f 1294 1043 1044
f 1294 1044 1295
f 1295 1044 1296
f 1044 801 1296
f 1296 801 1297
f 1297 801 800
f 1297 800 807
f 807 1298 1297
f 1297 1298 1299
f 1299 1298 1300
f 1300 1298 1301
f 1300 1301 1302
f 1300 1302 1294
f 1294 1302 904
f 1302 1303 904
f 904 1303 905
f 1303 1304 905
f 905 1304 831
f 1304 1305 831
f 831 1305 829
f 829 1305 1306
f 829 1306 1298
f 1298 1306 1301
f 419 420 845
f 845 420 854
f 845 854 855
f 855 856 845
f 845 856 1307
f 845 1307 1308
f 845 1308 554
f 554 1308 1309
f 554 1309 1310
f 554 1310 552
f 552 1310 857
f 857 1311 856
f 856 1311 1307
f 419 845 975
f 975 845 420
f 975 420 419
f 975 419 976
f 976 419 844
f 976 844 837
f 976 837 1312
f 1312 837 1313
f 1313 837 1314
f 1314 837 1315
f 1314 1315 1316
f 1314 1316 1317
f 1317 1316 978
f 978 977 1318
f 1318 977 1312
f 976 1312 977
f 978 1316 979
f 979 1316 1319
f 979 1319 1320
f 979 1320 431
f 431 1320 1321
f 431 1321 429
f 1321 1322 429
f 429 1322 1315
f 429 1315 837
f 497 498 647
f 647 498 1066
f 647 1066 1065
f 1065 1064 647
f 647 1064 1323
f 647 1323 53
f 647 53 490
f 490 53 52
f 490 52 1324
f 490 1324 488
f 488 1324 1063
f 1063 1325 1064
f 1064 1325 1323
f 497 647 948
f 948 647 498
f 948 498 497
f 948 497 949
f 949 497 638
f 949 638 630
f 949 630 1326
f 1326 630 1327
f 1327 630 1328
f 1328 630 1329
f 1328 1329 1330
f 1328 1330 1331
f 1331 1330 951
f 951 950 50
f 50 950 1326
f 949 1326 950
f 951 1330 952
f 952 1330 47
f 952 47 46
f 952 46 959
f 959 46 1332
f 959 1332 405
f 405 1332 406
f 1332 1333 406
f 406 1333 1329
f 406 1329 630
f 122 118 131
f 122 131 282
f 118 122 120
f 66 65 282
f 282 65 125
f 125 124 282
f 282 124 122
f 1334 319 3
f 3 319 1335
f 3 1335 1
f 1 1335 1336
f 1 1336 1337
f 1 1337 2
f 1337 1338 2
f 2 1338 133
f 133 1338 1339
f 133 1339 314
f 314 1340 133
f 133 1340 134
f 1340 1341 134
f 134 1341 1342
f 134 1342 132
f 1342 1343 132
f 132 1343 3
f 3 1343 1334
f 1344 321 6
f 6 321 1345
f 6 1345 4
f 4 1345 1346
f 4 1346 1347
f 4 1347 5
f 1347 1348 5
f 5 1348 136
f 136 1348 1349
f 136 1349 306
f 306 1350 136
f 136 1350 137
f 1350 1351 137
f 137 1351 1352
f 137 1352 135
f 1352 1353 135
f 135 1353 6
f 6 1353 1344
f 142 139 144
f 144 139 145
f 139 138 145
f 145 138 148
f 138 331 148
f 148 331 313
f 331 160 313
f 313 160 150
f 160 157 150
f 150 157 151
f 157 156 151
f 151 156 1342
f 151 1342 154
f 1342 1341 154
f 1341 1340 154
f 154 1340 314
f 314 1339 168
f 168 1339 1338
f 168 1338 1337
f 1342 156 1343
f 1343 156 1334
f 1334 156 319
f 319 166 1335
f 1335 166 1336
f 1336 166 1337
f 166 163 1337
f 1337 163 168
f 168 163 169
f 169 163 162
f 169 162 172
f 172 162 329
f 172 329 315
f 315 329 178
f 315 178 180
f 180 178 175
f 180 175 181
f 181 175 174
f 181 174 184
f 184 174 327
f 184 327 316
f 316 327 190
f 316 190 192
f 192 190 187
f 192 187 193
f 193 187 186
f 193 186 196
f 196 186 325
f 196 325 317
f 317 325 202
f 317 202 204
f 204 202 199
f 204 199 205
f 205 199 198
f 205 198 208
f 208 198 323
f 208 323 318
f 318 323 214
f 318 214 216
f 216 214 211
f 216 211 217
f 217 211 210
f 217 210 220
f 220 210 341
f 220 341 305
f 305 341 232
f 305 232 222
f 222 232 229
f 222 229 223
f 223 229 228
f 223 228 1352
f 1352 228 1353
f 1353 228 1344
f 228 321 1344
f 321 238 1345
f 1345 238 1346
f 1346 238 1347
f 1347 238 235
f 223 1352 226
f 226 1352 1351
f 226 1351 1350
f 226 1350 306
f 306 1349 240
f 240 1349 1348
f 240 1348 1347
f 1347 235 240
f 240 235 241
f 235 234 241
f 241 234 244
f 234 339 244
f 244 339 307
f 339 250 307
f 307 250 252
f 250 247 252
f 252 247 253
f 247 246 253
f 253 246 256
f 246 337 256
f 256 337 308
f 337 262 308
f 308 262 264
f 262 259 264
f 264 259 265
f 259 258 265
f 265 258 268
f 258 335 268
f 268 335 310
f 335 274 310
f 310 274 276
f 274 271 276
f 276 271 277
f 271 270 277
f 277 270 280
f 270 333 280
f 280 333 312
f 333 142 312
f 312 142 144
f 82 83 1354
f 1354 83 84
f 1354 84 1355
f 1355 84 86
f 1355 86 1356
f 1356 86 87
f 1356 87 106
f 1356 106 1357
f 1357 106 110
f 1357 110 111
f 1357 111 1358
f 1358 111 113
f 1358 113 115
f 115 117 1359
f 1359 117 119
f 1359 119 121
f 1359 121 1360
f 1360 121 123
f 1360 123 125
f 1360 125 1361
f 1361 125 126
f 1361 126 60
f 1361 60 1362
f 1362 60 127
f 1362 127 1363
f 1363 127 105
f 1363 105 103
f 1363 103 1364
f 1364 103 102
f 1364 102 95
f 1364 95 1365
f 1365 95 94
f 1365 94 96
f 96 97 1366
f 1366 97 89
f 1366 89 88
f 1366 88 1367
f 1367 88 80
f 1367 80 82
f 1367 82 1354
f 1368 363 1369
f 1369 363 364
f 1369 364 1370
f 1370 364 365
f 1370 365 1371
f 1371 365 1372
f 365 366 1372
f 1372 366 1373
f 366 367 1373
f 1373 367 368
f 360 361 1374
f 1374 361 362
f 1374 362 1368
f 1368 362 363
f 1359 1375 115
f 115 1375 1358
f 1366 1376 96
f 96 1376 1365
f 357 358 1377
f 1377 358 1378
f 358 359 1378
f 1378 359 1379
f 359 360 1379
f 1379 360 1380
f 360 1374 1380
f 1373 368 1381
f 368 369 1381
f 1381 369 1382
f 369 370 1382
f 1382 370 1383
f 370 371 1383
f 1383 371 1384
f 371 9 1384
f 1384 9 1385
f 9 357 1385
f 1385 357 1377
f 1367 1354 1377
f 1377 1354 1355
f 1377 1355 1385
f 1385 1355 1356
f 1385 1356 1384
f 1384 1356 1357
f 1384 1357 1383
f 1383 1357 1358
f 1383 1358 1382
f 1382 1358 1375
f 1382 1375 1381
f 1381 1375 1373
f 1375 1359 1373
f 1373 1359 1372
f 1359 1360 1372
f 1372 1360 1371
f 1360 1361 1371
f 1371 1361 1362
f 1371 1362 1370
f 1370 1362 1363
f 1370 1363 1369
f 1369 1363 1364
f 1369 1364 1368
f 1368 1364 1365
f 1368 1365 1374
f 1374 1365 1376
f 1374 1376 1380
f 1380 1376 1379
f 1376 1366 1379
f 1379 1366 1378
f 1366 1367 1378
f 1378 1367 1377
f 1386 1310 1387
f 1387 1310 1309
f 1387 1309 1388
f 1388 1309 1389
f 1309 1308 1389
f 1389 1308 1390
f 45 44 1391
f 1392 555 1393
f 1393 555 553
f 1393 553 1394
f 1394 553 43
f 1394 43 1395
f 1395 43 45
f 48 47 1396
f 1397 1332 1398
f 1398 1332 46
f 1398 46 1399
f 1399 46 48
f 51 50 1400
f 1401 1331 1402
f 1402 1331 49
f 54 53 1403
f 1404 1324 1405
f 1405 1324 52
f 1405 52 1406
f 1406 52 54
f 1407 489 1408
f 1408 489 487
f 1408 487 1409
f 1409 487 1410
f 1411 1316 1412
f 1412 1316 1315
f 1412 1315 1413
f 1413 1315 1414
f 1415 1312 1416
f 1416 1312 1313
f 1416 1313 1417
f 1417 1313 1418
f 373 1419 374
f 374 1419 1420
f 374 1420 372
f 372 1420 1421
f 372 1421 12
f 12 1421 1422
f 12 1422 10
f 10 1422 1423
f 10 1423 11
f 11 1423 1424
f 11 1424 373
f 373 1424 1419
f 894 1425 893
f 893 1425 892
f 1425 1426 892
f 892 1426 1427
f 892 1427 891
f 891 1427 1428
f 891 1428 890
f 890 1428 901
f 1428 1429 901
f 901 1429 1430
f 901 1430 900
f 900 1430 899
f 1430 1431 899
f 899 1431 898
f 1431 1432 898
f 898 1432 1433
f 898 1433 897
f 897 1433 1434
f 897 1434 896
f 896 1434 895
f 1434 1435 895
f 895 1435 1436
f 895 1436 894
f 894 1436 1425
f 1437 1438 1430
f 1430 1438 1431
f 1430 1429 1437
f 1437 1429 1439
f 1429 1428 1439
f 1439 1428 1440
f 1440 1428 412
f 412 1428 1427
f 412 1427 1426
f 1426 1425 412
f 412 1425 499
f 1425 1436 499
f 499 1436 1435
f 499 1435 728
f 728 1435 1434
f 728 1434 1433
f 1433 1432 728
f 728 1432 1431
f 728 1431 1438
f 1438 1441 728
f 728 1441 1442
f 728 1442 1443
f 728 1443 626
f 626 1443 1444
f 626 1444 1445
f 626 1445 412
f 412 1445 1446
f 412 1446 1447
f 1447 1448 412
f 412 1448 1440
f 1438 907 1441
f 1441 907 908
f 1441 908 1442
f 1442 908 1443
f 1443 908 909
f 1443 909 910
f 1443 910 1444
f 1444 910 911
f 1444 911 1445
f 1445 911 1446
f 911 912 1446
f 1446 912 913
f 1446 913 1447
f 1447 913 914
f 1447 914 1448
f 1448 914 1440
f 914 915 1440
f 1440 915 1439
f 1439 915 916
f 1439 916 917
f 1439 917 1437
f 1437 917 1438
f 917 906 1438
f 1438 906 907
f 376 1449 377
f 377 1449 1450
f 377 1450 375
f 375 1450 1451
f 375 1451 15
f 15 1451 1452
f 15 1452 13
f 13 1452 1453
f 13 1453 14
f 14 1453 1454
f 14 1454 376
f 376 1454 1449
f 885 1455 884
f 884 1455 883
f 1455 1456 883
f 883 1456 882
f 1456 1457 882
f 882 1457 1458
f 882 1458 881
f 881 1458 1459
f 881 1459 880
f 880 1459 879
f 1459 1460 879
f 879 1460 1461
f 879 1461 878
f 878 1461 1462
f 878 1462 877
f 877 1462 876
f 1462 1463 876
f 876 1463 1464
f 876 1464 874
f 874 1464 1465
f 874 1465 873
f 873 1465 885
f 1465 1466 885
f 885 1466 1455
f 1466 1465 1467
f 1467 1465 1468
f 1467 1469 1466
f 1466 1469 1455
f 1469 1470 1455
f 1455 1470 1456
f 1456 1470 417
f 417 1470 1471
f 417 1471 1472
f 1472 1473 417
f 417 1473 415
f 1473 1474 415
f 415 1474 1475
f 415 1475 822
f 822 1475 1476
f 822 1476 1477
f 1477 1478 822
f 822 1478 1468
f 822 1468 1465
f 1465 1464 822
f 822 1464 1463
f 822 1463 1462
f 822 1462 823
f 823 1462 1461
f 823 1461 1460
f 823 1460 417
f 417 1460 1459
f 417 1459 1458
f 1458 1457 417
f 417 1457 1456
f 1470 1019 1471
f 1471 1019 1020
f 1471 1020 1472
f 1472 1020 1473
f 1473 1020 1021
f 1473 1021 1022
f 1473 1022 1474
f 1474 1022 1023
f 1474 1023 1475
f 1475 1023 1476
f 1023 1024 1476
f 1476 1024 1025
f 1476 1025 1477
f 1477 1025 1026
f 1477 1026 1478
f 1478 1026 1468
f 1026 1027 1468
f 1468 1027 1467
f 1467 1027 1028
f 1467 1028 1029
f 1467 1029 1469
f 1469 1029 1470
f 1029 1018 1470
f 1470 1018 1019
f 379 1479 380
f 380 1479 1480
f 380 1480 378
f 378 1480 1481
f 378 1481 18
f 18 1481 1482
f 18 1482 16
f 16 1482 1483
f 16 1483 17
f 17 1483 1484
f 17 1484 379
f 379 1484 1479
f 930 1485 929
f 929 1485 928
f 1485 1486 928
f 928 1486 1487
f 928 1487 927
f 927 1487 1488
f 927 1488 926
f 926 1488 940
f 1488 1489 940
f 940 1489 1490
f 940 1490 939
f 939 1490 936
f 1490 1491 936
f 936 1491 935
f 1491 1492 935
f 935 1492 1493
f 935 1493 934
f 934 1493 1494
f 934 1494 933
f 933 1494 931
f 1494 1495 931
f 931 1495 1496
f 931 1496 930
f 930 1496 1485
f 1489 1488 1497
f 1497 1488 1498
f 1497 1499 1489
f 1489 1499 1490
f 1499 1500 1490
f 1490 1500 1491
f 1491 1500 642
f 642 1500 1501
f 642 1501 1502
f 1502 1503 642
f 642 1503 643
f 1503 1504 643
f 643 1504 1505
f 643 1505 495
f 495 1505 1506
f 495 1506 1507
f 1507 1508 495
f 495 1508 1498
f 495 1498 1488
f 1488 1487 495
f 495 1487 1486
f 495 1486 1485
f 495 1485 493
f 493 1485 1496
f 493 1496 1495
f 493 1495 642
f 642 1495 1494
f 642 1494 1493
f 1493 1492 642
f 642 1492 1491
f 1500 1031 1501
f 1501 1031 1032
f 1501 1032 1502
f 1502 1032 1503
f 1503 1032 1033
f 1503 1033 1034
f 1503 1034 1504
f 1504 1034 1035
f 1504 1035 1505
f 1505 1035 1506
f 1035 1036 1506
f 1506 1036 1037
f 1506 1037 1507
f 1507 1037 1038
f 1507 1038 1508
f 1508 1038 1498
f 1038 1039 1498
f 1498 1039 1497
f 1497 1039 1040
f 1497 1040 1041
f 1497 1041 1499
f 1499 1041 1500
f 1041 1030 1500
f 1500 1030 1031
f 1017 1509 1016
f 1016 1509 1015
f 1509 1510 1015
f 1015 1510 1014
f 1510 1511 1014
f 1014 1511 1512
f 1014 1512 1013
f 1013 1512 1513
f 1013 1513 1012
f 1012 1513 1011
f 1513 1514 1011
f 1011 1514 1515
f 1011 1515 1010
f 1010 1515 1516
f 1010 1516 1009
f 1009 1516 1008
f 1516 1517 1008
f 1008 1517 1518
f 1008 1518 1007
f 1007 1518 1519
f 1007 1519 1006
f 1006 1519 1017
f 1519 1520 1017
f 1017 1520 1509
f 1521 1522 1509
f 1509 1522 1510
f 1509 1520 1521
f 1521 1520 1523
f 1520 1519 1523
f 1523 1519 1524
f 1524 1519 658
f 658 1519 1518
f 658 1518 1517
f 1517 1516 658
f 658 1516 659
f 1516 1515 659
f 659 1515 1514
f 659 1514 421
f 421 1514 1513
f 421 1513 1512
f 1512 1511 421
f 421 1511 1510
f 421 1510 1522
f 1522 1525 421
f 421 1525 1526
f 421 1526 1527
f 421 1527 422
f 422 1527 1528
f 422 1528 1529
f 422 1529 658
f 658 1529 1530
f 658 1530 1531
f 1531 1532 658
f 658 1532 1524
f 1522 1046 1525
f 1525 1046 1047
f 1525 1047 1526
f 1526 1047 1527
f 1527 1047 1048
f 1527 1048 1049
f 1527 1049 1528
f 1528 1049 1050
f 1528 1050 1529
f 1529 1050 1530
f 1050 1051 1530
f 1530 1051 1052
f 1530 1052 1531
f 1531 1052 1053
f 1531 1053 1532
f 1532 1053 1524
f 1053 1054 1524
f 1524 1054 1523
f 1523 1054 1055
f 1523 1055 1056
f 1523 1056 1521
f 1521 1056 1522
f 1056 1045 1522
f 1522 1045 1046
f 382 1533 383
f 383 1533 1534
f 383 1534 381
f 381 1534 1535
f 381 1535 21
f 21 1535 1536
f 21 1536 19
f 19 1536 1537
f 19 1537 20
f 20 1537 1538
f 20 1538 382
f 382 1538 1533
f 958 636 957
f 957 636 637
f 957 637 635
f 957 635 953
f 953 635 634
f 953 634 954
f 954 634 955
f 634 632 955
f 955 632 631
f 955 631 956
f 956 631 636
f 956 636 958
f 858 850 859
f 859 850 860
f 850 851 860
f 860 851 849
f 860 849 861
f 861 849 848
f 861 848 862
f 862 848 847
f 862 847 863
f 863 847 846
f 863 846 858
f 858 846 850
f 1062 654 1061
f 1061 654 652
f 1061 652 1057
f 1057 652 651
f 1057 651 1058
f 1058 651 649
f 1058 649 1059
f 1059 649 648
f 1059 648 1060
f 1060 648 653
f 1060 653 1062
f 1062 653 654
f 985 842 984
f 984 842 843
f 984 843 841
f 984 841 980
f 980 841 840
f 980 840 981
f 981 840 982
f 840 839 982
f 982 839 838
f 982 838 983
f 983 838 842
f 983 842 985
f 1308 1307 1390
f 1390 1307 1311
f 1390 1311 1539
f 1539 1311 857
f 1539 857 1386
f 1386 857 1310
f 44 550 1391
f 1391 550 556
f 1391 556 1392
f 1392 556 555
f 1540 1333 1397
f 1397 1333 1332
f 47 1330 1396
f 1396 1330 1329
f 1396 1329 1540
f 1540 1329 1333
f 1541 1328 1401
f 1401 1328 1331
f 1331 951 49
f 49 951 50
f 50 1326 1400
f 1400 1326 1327
f 1400 1327 1541
f 1541 1327 1328
f 1542 1063 1404
f 1404 1063 1324
f 53 1323 1403
f 1403 1323 1325
f 1403 1325 1542
f 1542 1325 1063
f 487 486 1410
f 1410 486 484
f 1410 484 1543
f 1543 484 492
f 1543 492 1544
f 1544 492 491
f 1544 491 1407
f 1407 491 489
f 1545 1319 1411
f 1411 1319 1316
f 1315 1322 1414
f 1414 1322 1321
f 1414 1321 1546
f 1546 1321 1320
f 1546 1320 1545
f 1545 1320 1319
f 1547 1318 1415
f 1415 1318 1312
f 1313 1314 1418
f 1418 1314 1317
f 1418 1317 1548
f 1548 1317 978
f 1548 978 1547
f 1547 978 1318
f 1453 1452 34
f 34 1452 35
f 1452 1451 35
f 35 1451 1450
f 35 1450 902
f 902 1450 1449
f 902 1449 918
f 918 1449 1454
f 918 1454 1453
f 918 1453 34
f 1533 571 1534
f 1534 571 941
f 1534 941 1535
f 1535 941 1536
f 941 944 1536
f 1536 944 1537
f 944 587 1537
f 1537 587 1538
f 1538 587 1533
f 1533 587 571
f 1483 1482 37
f 37 1482 38
f 1482 1481 38
f 38 1481 1480
f 38 1480 1000
f 1000 1480 1479
f 1000 1479 1002
f 1002 1479 1484
f 1002 1484 1483
f 1002 1483 37
f 1419 606 1420
f 1420 606 886
f 1420 886 1421
f 1421 886 1422
f 886 864 1422
f 1422 864 1423
f 864 622 1423
f 1423 622 1424
f 1424 622 1419
f 1419 622 606
f 445 1278 447
f 447 1278 1277
f 447 1277 448
f 448 1277 1276
f 448 1276 470
f 470 1276 1281
f 470 1281 471
f 471 1281 1280
f 471 1280 443
f 443 1280 1279
f 443 1279 445
f 445 1279 1278
f 536 1306 537
f 537 1306 1305
f 537 1305 510
f 510 1305 1304
f 510 1304 512
f 512 1304 1303
f 512 1303 514
f 514 1303 1302
f 514 1302 515
f 515 1302 1301
f 515 1301 536
f 536 1301 1306
f 519 1296 521
f 521 1296 1297
f 521 1297 522
f 522 1297 1299
f 522 1299 533
f 533 1299 1300
f 533 1300 535
f 535 1300 1294
f 535 1294 517
f 517 1294 1295
f 517 1295 519
f 519 1295 1296
f 467 1275 469
f 469 1275 1269
f 469 1269 450
f 450 1269 1270
f 450 1270 452
f 452 1270 1271
f 452 1271 454
f 454 1271 1272
f 454 1272 455
f 455 1272 1274
f 455 1274 467
f 467 1274 1275
f 461 826 459
f 459 826 720
f 459 720 458
f 458 720 717
f 458 717 466
f 466 717 715
f 466 715 463
f 463 715 714
f 463 714 462
f 462 714 825
f 462 825 461
f 461 825 826
f 508 827 507
f 507 827 710
f 507 710 505
f 505 710 709
f 505 709 504
f 504 709 832
f 504 832 539
f 539 832 830
f 539 830 509
f 509 830 828
f 509 828 508
f 508 828 827
f 574 1293 576
f 576 1293 1286
f 576 1286 578
f 578 1286 1287
f 578 1287 583
f 583 1287 1288
f 583 1288 585
f 585 1288 1289
f 585 1289 572
f 572 1289 1291
f 572 1291 574
f 574 1291 1293
f 582 1284 581
f 581 1284 1285
f 581 1285 579
f 579 1285 1292
f 579 1292 577
f 577 1292 1290
f 577 1290 575
f 575 1290 1282
f 575 1282 573
f 573 1282 1283
f 573 1283 582
f 582 1283 1284
f 532 795 529
f 529 795 794
f 529 794 528
f 528 794 808
f 528 808 527
f 527 808 809
f 527 809 526
f 526 809 800
f 526 800 525
f 525 800 797
f 525 797 532
f 532 797 795
f 436 815 473
f 473 815 813
f 473 813 442
f 442 813 811
f 442 811 441
f 441 811 810
f 441 810 440
f 440 810 790
f 440 790 437
f 437 790 789
f 437 789 436
f 436 789 815
f 618 1263 620
f 620 1263 1264
f 620 1264 607
f 607 1264 1266
f 607 1266 609
f 609 1266 1268
f 609 1268 611
f 611 1268 1261
f 611 1261 613
f 613 1261 1262
f 613 1262 618
f 618 1262 1263
f 612 1265 610
f 610 1265 1257
f 610 1257 608
f 608 1257 1258
f 608 1258 617
f 617 1258 1259
f 617 1259 616
f 616 1259 1260
f 616 1260 614
f 614 1260 1267
f 614 1267 612
f 612 1267 1265
f 1539 1386 750
f 750 1386 751
f 1386 1387 751
f 751 1387 745
f 1387 1388 745
f 745 1388 746
f 1388 1389 746
f 746 1389 747
f 1389 1390 747
f 747 1390 748
f 1390 1539 748
f 748 1539 750
f 1395 45 743
f 743 45 742
f 45 1391 742
f 742 1391 737
f 1391 1392 737
f 737 1392 738
f 1392 1393 738
f 738 1393 739
f 1393 1394 739
f 739 1394 744
f 1394 1395 744
f 744 1395 743
f 1399 48 695
f 695 48 693
f 48 1396 693
f 693 1396 692
f 1396 1540 692
f 692 1540 698
f 1540 1397 698
f 698 1397 697
f 1397 1398 697
f 697 1398 696
f 1398 1399 696
f 696 1399 695
f 49 51 689
f 689 51 687
f 51 1400 687
f 687 1400 686
f 1400 1541 686
f 686 1541 836
f 1541 1401 836
f 836 1401 835
f 1401 1402 835
f 835 1402 690
f 1402 49 690
f 690 49 689
f 1406 54 674
f 674 54 675
f 54 1403 675
f 675 1403 676
f 1403 1542 676
f 676 1542 678
f 1542 1404 678
f 678 1404 679
f 1404 1405 679
f 679 1405 673
f 1405 1406 673
f 673 1406 674
f 1544 1407 667
f 667 1407 668
f 1407 1408 668
f 668 1408 672
f 1408 1409 672
f 672 1409 671
f 1409 1410 671
f 671 1410 670
f 1410 1543 670
f 670 1543 666
f 1543 1544 666
f 666 1544 667
f 1413 1414 776
f 776 1414 775
f 1414 1546 775
f 775 1546 773
f 1546 1545 773
f 773 1545 772
f 1545 1411 772
f 772 1411 770
f 1411 1412 770
f 770 1412 769
f 1412 1413 769
f 769 1413 776
f 1417 1418 819
f 819 1418 818
f 1418 1548 818
f 818 1548 766
f 1548 1547 766
f 766 1547 765
f 1547 1415 765
f 765 1415 763
f 1415 1416 763
f 763 1416 762
f 1416 1417 762
f 762 1417 819
f 387 727 388
f 388 727 707
f 388 707 386
f 386 707 384
f 707 708 384
f 384 708 711
f 384 711 24
f 24 711 713
f 24 713 22
f 22 713 716
f 22 716 23
f 23 716 385
f 716 722 385
f 385 722 723
f 385 723 387
f 387 723 727
f 393 995 391
f 391 995 389
f 995 996 389
f 389 996 987
f 389 987 27
f 27 987 988
f 27 988 25
f 25 988 871
f 25 871 26
f 26 871 390
f 871 989 390
f 390 989 990
f 390 990 392
f 392 990 991
f 392 991 393
f 393 991 995
f 397 961 398
f 398 961 966
f 398 966 396
f 396 966 394
f 966 968 394
f 394 968 970
f 394 970 30
f 30 970 971
f 30 971 28
f 28 971 972
f 28 972 29
f 29 972 395
f 972 925 395
f 395 925 960
f 395 960 397
f 397 960 961
f 403 796 401
f 401 796 399
f 796 802 399
f 399 802 803
f 399 803 33
f 33 803 806
f 33 806 31
f 31 806 787
f 31 787 32
f 32 787 400
f 787 788 400
f 400 788 791
f 400 791 402
f 402 791 793
f 402 793 403
f 403 793 796
f 439 438 812
f 812 438 792
f 438 524 792
f 792 524 807
f 524 534 807
f 807 534 1298
f 534 506 1298
f 1298 506 829
f 506 460 829
f 829 460 712
f 460 457 712
f 712 457 824
f 457 468 824
f 824 468 1273
f 468 439 1273
f 1273 439 812
f 1549 1550 1551
f 1552 1553 1554
f 1555 1556 1557
f 1558 1559 1560
f 1561 1562 1563
f 1564 1565 1566
f 1567 1568 1569
f 1570 1571 1572
f 1573 1574 1575
f 1576 1577 1578
f 1579 1580 1581
f 1582 1583 1584
f 1585 1586 1587
f 1588 1589 1590
f 1591 1592 1593
f 1594 1595 1596
f 752 1597 1598
f 736 1599 1600
f 1601 1602 1603
f 685 1604 1605
f 1606 1607 1608
f 1609 1610 1611
f 778 1612 1613
f 1614 1615 1616
f 1617 1618 1619
f 1620 1621 1622
f 1623 1624 1625
f 1626 1627 1628
f 1629 1630 1631
f 1632 1633 1634
f 1635 1636 1637
f 1638 1639 1640
f 1641 1642 1643
f 1644 1645 1646
f 1181 1184 1180
f 1206 1207 1211
f 1214 1215 1217
f 1220 1221 1226
f 1229 1230 1232
f 1647 1648 1649
f 1650 1651 1652
f 1653 1654 1655
f 1656 1657 1658
f 1659 1660 1661
f 1662 1663 1664
f 1665 1666 1667
f 1668 1669 1670
f 1671 1672 1673
f 1674 1675 1676
f 1677 1678 1679
f 1680 1681 1682
f 1683 1684 1685
f 1686 1687 1688
f 1689 1690 1691
f 1602 1601 1692
f 1693 1694 1695
f 1693 1695 1696
f 1697 1698 1699
f 1699 1698 1700
f 1697 1701 1698
f 1698 1701 1702
f 1698 1702 1700
f 1703 1700 1702
f 1702 1701 1704
f 1702 1704 1703
f 1703 1704 1705
f 1703 1705 1706
f 1703 1706 1700
f 1706 1707 1700
f 1697 1708 1709
f 1709 1708 1710
f 1709 1710 1697
f 1710 1711 1697
f 1697 1711 1701
f 1711 1712 1701
f 1701 1712 1704
f 1712 1713 1704
f 1713 1714 1704
f 1704 1714 1715
f 1704 1715 1705
f 1705 1715 1714
f 1705 1714 1716
f 1716 1714 1717
f 1716 1717 1718
f 1718 1717 1719
f 1716 1718 1705
f 1705 1718 1706
f 1718 1720 1706
f 1706 1720 1707
f 1707 1720 1721
f 1707 1721 1722
f 1722 1721 1723
f 1710 1708 1724
f 1724 1708 1725
f 1725 1708 1726
f 1726 1708 1727
f 1727 1708 1728
f 1729 1730 1731
f 1732 1733 1729
f 1729 1733 1734
f 1729 1734 1730
f 1734 1733 1735
f 1730 1734 1736
f 1730 1736 1737
f 1738 1739 1740
f 1739 1741 1740
f 1740 1741 1742
f 1741 1743 1742
f 1742 1743 1744
f 1744 1743 1745
f 1743 1746 1745
f 1745 1746 1747
f 1746 1748 1747
f 1747 1748 1749
f 1750 1751 1752
f 1752 1751 1753
f 1752 1753 1754
f 1754 1753 1755
f 1754 1755 1756
f 1756 1755 1757
f 1751 1739 1753
f 1758 1759 1760
f 1760 1761 1762
f 1762 1763 1760
f 1760 1763 1761
f 1761 1763 1764
f 1761 1764 1752
f 1752 1754 1761
f 1761 1754 1764
f 1764 1754 1756
f 1751 1752 1764
f 1751 1764 1763
f 1751 1763 1762
f 1751 1762 1761
f 1761 1760 1751
f 1751 1760 1759
f 1751 1759 1765
f 1765 1759 1758
f 1758 1766 1765
f 1765 1766 1767
f 1765 1767 1768
f 1768 1769 1765
f 1765 1769 1770
f 1769 1771 1770
f 1770 1771 1772
f 1770 1772 1773
f 1770 1773 1774
f 1774 1773 1775
f 1774 1775 1776
f 1774 1776 1777
f 1777 1776 1778
f 1777 1778 1779
f 1779 1780 1777
f 1777 1780 1781
f 1777 1781 1782
f 1782 1781 1783
f 1782 1783 1784
f 1784 1785 1782
f 1782 1785 1786
f 1785 1787 1786
f 1786 1787 1788
f 1786 1788 1789
f 1789 1788 1790
f 1789 1790 1791
f 1789 1791 1792
f 1792 1791 1793
f 1792 1793 1794
f 1794 1795 1792
f 1792 1795 1796
f 1792 1796 1797
f 1797 1796 1798
f 1797 1798 1799
f 1799 1800 1797
f 1797 1800 1801
f 1801 1802 1797
f 1797 1802 1803
f 1803 1728 1797
f 1797 1728 1708
f 1751 1765 1739
f 1804 1805 1806
f 1806 1805 1807
f 1806 1807 1808
f 1808 1807 1809
f 1808 1809 1810
f 1810 1809 1724
f 1810 1724 1728
f 1803 1802 1728
f 1728 1802 1801
f 1728 1801 1800
f 1728 1800 1799
f 1728 1724 1727
f 1727 1724 1726
f 1726 1724 1725
f 1725 1724 1811
f 1811 1724 1809
f 1811 1809 1812
f 1812 1809 1807
f 1812 1807 1813
f 1813 1807 1805
f 1813 1805 1814
f 1814 1805 1804
f 1815 1816 1817
f 1817 1818 1819
f 1819 1820 1817
f 1817 1820 1821
f 1817 1821 1822
f 1823 1824 1822
f 1822 1824 1825
f 1822 1825 1826
f 1827 1828 1826
f 1826 1828 1829
f 1828 1829 1830
f 1830 1829 1831
f 1830 1831 1832
f 1832 1831 1833
f 1826 1823 1822
f 1823 1820 1822
f 1822 1820 1817
f 1817 1834 1734
f 1734 1834 1736
f 1829 1835 1836
f 1836 1831 1829
f 1831 1837 1833
f 1833 1838 1831
f 1831 1838 1839
f 1831 1839 1833
f 1833 1839 1840
f 1839 1841 1842
f 1815 1817 1734
f 1815 1734 1834
f 1834 1734 1735
f 1843 1844 1845
f 1845 1844 1846
f 1845 1847 1843
f 1843 1847 1848
f 1849 1850 1851
f 1851 1850 1852
f 1852 1850 1853
f 1854 1855 1856
f 1856 1855 1857
f 1857 1855 1858
f 1859 1860 1861
f 1862 1863 1864
f 1865 1866 1867
f 1868 1869 1870
f 1853 1850 1871
f 1871 1850 1872
f 1850 1849 1872
f 1872 1849 1873
f 1849 1551 1873
f 1551 1549 1873
f 1873 1549 1874
f 1549 1550 1874
f 1874 1550 1871
f 1550 1853 1871
f 1858 1855 1875
f 1875 1855 1876
f 1855 1854 1876
f 1876 1854 1877
f 1854 1554 1877
f 1554 1552 1877
f 1877 1552 1878
f 1552 1553 1878
f 1878 1553 1875
f 1553 1858 1875
f 1879 1880 1881
f 1881 1880 1882
f 1882 1880 1883
f 1884 1882 1883
f 1885 1886 1887
f 1888 1889 1890
f 1890 1889 1891
f 1891 1889 1892
f 1891 1892 1893
f 1891 1893 1894
f 1893 1892 1895
f 1896 1895 1897
f 1895 1892 1897
f 1897 1892 1898
f 1892 1889 1898
f 1898 1889 1888
f 1898 1888 1899
f 1896 1900 1895
f 1895 1900 1901
f 1900 1902 1901
f 1901 1902 1903
f 1903 1902 1904
f 1905 1904 1902
f 1906 1907 1908
f 1908 1907 1909
f 1910 1911 1912
f 1911 1910 1913
f 1914 1913 1915
f 1914 1915 1908
f 1908 1915 1906
f 1913 1914 1916
f 1916 1914 1917
f 1916 1917 1918
f 1918 1917 1919
f 1919 1917 1920
f 1919 1920 1921
f 1921 1922 1919
f 1919 1922 1731
f 1914 1908 1917
f 1917 1908 1923
f 1917 1923 1920
f 1920 1923 1921
f 1921 1923 1924
f 1924 1923 1925
f 1924 1925 1926
f 1926 1925 1927
f 1926 1927 1928
f 1928 1927 1929
f 1928 1924 1926
f 1927 1930 1929
f 1929 1930 1931
f 1931 1930 1932
f 1931 1932 1933
f 1931 1933 1934
f 1927 1925 1935
f 1935 1925 1936
f 1935 1936 1937
f 1937 1936 1938
f 1938 1936 1939
f 1936 1909 1939
f 1939 1909 1940
f 1908 1909 1923
f 1923 1909 1936
f 1925 1923 1936
f 1913 1910 1915
f 1915 1910 1941
f 1915 1941 1906
f 1942 1943 1944
f 1944 1943 1945
f 1943 1946 1947
f 1947 1946 1948
f 1947 1948 1949
f 1949 1948 1950
f 1949 1950 1951
f 1943 1942 1952
f 1943 1952 1946
f 1946 1952 1953
f 1946 1953 1948
f 1948 1953 1950
f 1950 1953 1951
f 1951 1953 1954
f 1953 1955 1954
f 1954 1955 1956
f 1956 1955 1957
f 1957 1955 1958
f 1958 1955 1959
f 1960 1961 1962
f 1961 1963 1962
f 1962 1963 1964
f 1962 1964 1965
f 1966 1960 1967
f 1960 1962 1967
f 1967 1962 1968
f 1967 1968 1969
f 1969 1968 1884
f 1969 1884 1970
f 1970 1884 1971
f 1971 1884 1972
f 1970 1973 1969
f 1969 1973 1967
f 1973 1974 1967
f 1967 1974 1966
f 1974 1975 1966
f 1966 1975 1960
f 1884 1968 1882
f 1882 1968 1976
f 1882 1976 1881
f 1881 1976 1977
f 1881 1977 1879
f 1977 1978 1879
f 1977 1976 1979
f 1979 1976 1964
f 1964 1976 1965
f 1976 1968 1965
f 1965 1968 1962
f 1960 1980 1961
f 1961 1980 1557
f 1961 1557 1981
f 1961 1981 1963
f 1885 1982 1983
f 1929 1984 1928
f 1928 1984 1924
f 1924 1984 1985
f 1924 1985 1921
f 1921 1985 1986
f 1563 1562 1987
f 1563 1987 1988
f 1989 1990 1744
f 1991 1992 1990
f 1990 1992 1742
f 1990 1742 1744
f 1740 1742 1992
f 1894 1893 1993
f 1993 1893 1994
f 1993 1994 1995
f 1995 1994 1996
f 1996 1994 1901
f 1901 1903 1996
f 1996 1903 1739
f 1996 1739 1997
f 1997 1998 1996
f 1996 1998 1995
f 1739 1903 1753
f 1753 1903 1755
f 1994 1893 1901
f 1901 1893 1895
f 1999 1997 2000
f 2000 1997 2001
f 2001 1997 1740
f 1740 1997 1738
f 1738 1997 1739
f 1888 1890 2002
f 2002 1890 2003
f 2002 2003 2004
f 1890 1891 2003
f 2003 1891 1894
f 2003 1894 2005
f 2005 1894 1993
f 1993 1995 2005
f 2005 1995 2006
f 2005 2006 2003
f 2003 2006 1988
f 2003 1988 1987
f 2003 1987 2007
f 2003 2007 2004
f 2004 2007 2008
f 2008 2007 2009
f 2009 2007 2010
f 2009 2010 2011
f 2007 1987 2010
f 2010 1987 2012
f 2012 1987 1562
f 2012 1562 1561
f 2012 1561 2013
f 2013 1561 1991
f 2013 1991 2014
f 2014 1991 1990
f 2014 1990 2015
f 2015 1990 1989
f 2015 1989 2016
f 1561 1563 1991
f 1991 1563 1992
f 1563 2000 1992
f 1992 2000 1740
f 2000 2001 1740
f 1988 2006 1563
f 1563 2006 2017
f 1563 2017 2000
f 2000 2017 1999
f 1999 2017 1997
f 1997 2017 1998
f 2017 2006 1998
f 1998 2006 1995
f 1921 1986 1922
f 1922 1986 1731
f 1731 1986 1985
f 1731 1985 2018
f 2018 1985 1729
f 1729 1731 2018
f 1729 1985 2019
f 1729 2019 2020
f 2020 2019 2021
f 2020 2021 2022
f 2022 2021 2023
f 2022 2023 2024
f 2022 2024 2025
f 2025 2024 2026
f 2025 2026 2027
f 2026 2028 2027
f 2027 2028 2029
f 2027 2029 2030
f 2030 2031 2027
f 2027 2031 2032
f 2031 2033 2032
f 1919 1731 1918
f 1918 1731 2034
f 1731 1730 2034
f 2034 1730 1737
f 1918 2034 1916
f 1912 1911 2035
f 2035 1911 2036
f 2035 2036 2034
f 2035 2034 2037
f 2037 2034 1737
f 2037 1737 2038
f 2038 1737 2039
f 2039 1737 1736
f 2039 1736 2040
f 2034 2036 1916
f 1916 2036 1913
f 1913 2036 1911
f 2041 2042 2043
f 2044 2045 2046
f 2047 2048 2049
f 1963 2050 2051
f 1963 2051 1964
f 2051 2052 1964
f 1964 2052 1979
f 1979 2052 2053
f 1979 2053 2054
f 1979 2054 2055
f 2055 2054 2056
f 2055 2056 2057
f 1979 2055 2058
f 1979 2058 1977
f 1977 2058 1978
f 1978 2058 1879
f 1879 2058 2059
f 2055 2060 2058
f 2058 2060 2061
f 2058 2061 2062
f 2058 2062 2059
f 1980 1960 1557
f 1557 1960 1555
f 2063 2064 2065
f 2066 2067 2068
f 2069 2070 2071
f 2071 2072 2069
f 2069 2072 2073
f 2069 2073 2074
f 2074 2075 2076
f 2076 2075 2077
f 2076 2077 2078
f 2078 2077 2079
f 2079 2080 2078
f 2078 2080 2081
f 2078 2081 2076
f 2076 2081 2082
f 2076 2082 2074
f 2074 2082 2069
f 2069 2082 2083
f 2083 2082 2084
f 2083 2084 2085
f 2085 2084 2086
f 2081 2087 2082
f 2082 2087 2084
f 2087 2088 2084
f 2084 2088 2089
f 2089 2088 2090
f 2090 2088 2091
f 2084 2089 2086
f 2086 2089 2092
f 2081 2080 2093
f 2081 2093 2094
f 2094 2093 2095
f 2094 2095 2096
f 2096 2095 2097
f 2096 2097 2098
f 2098 2097 2099
f 2097 2095 2099
f 2099 2095 2100
f 2100 2095 2093
f 2100 2093 2101
f 2100 2101 2102
f 2102 2101 2103
f 2100 2104 2099
f 2099 2104 2105
f 2099 2105 2106
f 2096 2098 2107
f 2098 2108 2107
f 2107 2108 2091
f 2108 2109 2091
f 2069 2083 2070
f 2070 2083 2110
f 2110 2083 2111
f 2083 2112 2111
f 2111 2112 2113
f 2111 2113 2114
f 2112 2083 2113
f 2083 2085 2113
f 2113 2085 2115
f 2085 2086 2115
f 2115 2086 2116
f 2116 2086 2092
f 2116 2092 2117
f 2117 2092 2118
f 2117 2118 2119
f 2119 2118 2120
f 2119 2120 2121
f 2120 2122 2121
f 2120 2118 2123
f 2070 1944 1945
f 1942 2124 2125
f 2126 2127 2128
f 2128 2127 2129
f 2129 2127 2130
f 2130 2127 2131
f 2131 2127 2132
f 2127 2126 2132
f 2132 2126 2133
f 2126 1566 2133
f 1566 1564 2133
f 2133 1564 2134
f 1564 1565 2134
f 2134 1565 2131
f 1565 2130 2131
f 2135 2136 2137
f 2137 2136 2138
f 2138 2136 2139
f 2139 2136 2140
f 2140 2136 2141
f 2136 2135 2141
f 2141 2135 2142
f 2135 1569 2142
f 1569 1567 2142
f 2142 1567 2143
f 1567 1568 2143
f 2143 1568 2140
f 1568 2139 2140
f 1572 1571 2144
f 1571 2145 2144
f 2144 2145 2146
f 2146 2145 2147
f 2147 2145 2148
f 2147 2148 2149
f 2149 2148 2150
f 2149 2150 2151
f 2149 2151 2152
f 1572 2153 1570
f 1570 2153 2154
f 2154 2153 2155
f 2155 2153 2156
f 2155 2156 2152
f 2152 2151 2155
f 2153 1572 2156
f 2156 1572 2157
f 2156 2157 2152
f 2152 2157 2158
f 2152 2158 2149
f 2149 2158 2159
f 2149 2159 2146
f 2146 2159 2144
f 2144 2159 2160
f 2144 2160 2157
f 2149 2146 2147
f 2144 2157 1572
f 1575 1574 2161
f 1574 2162 2161
f 2161 2162 2163
f 2162 2164 2163
f 2163 2164 2165
f 2164 2166 2165
f 2165 2166 2167
f 2166 2168 2167
f 2167 2168 2169
f 1575 2170 1573
f 1573 2170 2171
f 2170 2172 2171
f 2171 2172 2173
f 2172 2169 2173
f 2173 2169 2168
f 2163 2165 2161
f 2161 2165 2174
f 2174 2175 2161
f 2161 2175 1575
f 1575 2175 2176
f 1575 2176 2170
f 2170 2176 2169
f 2170 2169 2172
f 2169 2176 2177
f 2169 2177 2167
f 2167 2177 2174
f 2174 2165 2167
f 2178 2179 2180
f 2181 2182 2183
f 2184 2185 2186
f 2186 2185 2187
f 2186 2187 2188
f 2189 2187 2190
f 2190 2187 2185
f 2190 2185 2191
f 1718 2192 1720
f 1720 2192 2193
f 1720 2193 1721
f 1721 2193 1723
f 1723 2193 2194
f 2194 2193 2192
f 2194 2192 2195
f 1578 1577 2196
f 1578 2196 2197
f 1578 2197 2198
f 2198 2197 2199
f 2198 2199 2200
f 2200 2199 2201
f 2200 2201 2202
f 2202 2201 2203
f 2203 2201 2204
f 1581 1580 2205
f 1580 2206 2205
f 2205 2206 2207
f 2207 2206 2208
f 2208 2206 2209
f 2208 2209 2210
f 2210 2211 2208
f 2208 2211 2212
f 2212 2211 2213
f 1584 1583 2214
f 1584 2214 2215
f 2215 2214 2216
f 2216 2214 2217
f 2216 2217 1952
f 2217 2214 2218
f 2218 2214 1583
f 1584 2215 2219
f 1584 2219 2220
f 2220 1582 1584
f 1583 1582 2221
f 1583 2221 2222
f 2222 2221 2223
f 2223 2224 2225
f 2222 2218 1583
f 2225 2224 2226
f 2227 2225 2226
f 2222 2223 1078
f 2222 1078 2228
f 2228 1078 2229
f 2228 2229 2230
f 2230 2229 2231
f 2231 2229 2232
f 2232 2229 2233
f 2230 2234 2228
f 2228 2234 2235
f 2235 2236 2237
f 2237 2236 2238
f 2237 2238 2239
f 2239 2238 2240
f 2228 2235 2241
f 2228 2241 2242
f 2223 2243 1078
f 1078 2243 2244
f 1078 2244 2245
f 1078 2245 2246
f 1078 2246 2247
f 2247 2246 2248
f 2247 2248 2249
f 1078 2247 2229
f 2229 2247 2250
f 2229 2250 2251
f 2251 2250 2252
f 2251 2252 2253
f 2253 2252 2254
f 2253 2254 2255
f 2253 2255 2256
f 2253 2256 2257
f 2257 2256 2258
f 2257 2259 2253
f 2253 2259 2260
f 2253 2260 2261
f 2262 2261 2263
f 2262 2263 2264
f 2264 2263 2265
f 2265 2263 2266
f 2266 2263 2267
f 2262 2264 2268
f 2262 2268 2269
f 2260 2259 2261
f 2261 2259 2270
f 2261 2270 2271
f 2271 2270 2272
f 2271 2272 2273
f 2273 2272 2274
f 2273 2275 2271
f 2271 2275 2267
f 2271 2267 2263
f 2263 2261 2271
f 2259 2257 2270
f 2270 2257 2258
f 2270 2258 2276
f 2270 2276 2272
f 2272 2276 2277
f 2272 2277 2274
f 2274 2277 2278
f 2261 2262 2253
f 2253 2262 2251
f 2254 2252 2279
f 2279 2252 2280
f 2280 2252 2281
f 2281 2252 2282
f 2281 2283 2284
f 2284 2283 2285
f 2285 2286 2284
f 2284 2286 2287
f 2287 2286 2288
f 2287 2288 2289
f 2290 2289 2288
f 2284 2287 2281
f 2281 2287 2280
f 2287 2289 2280
f 2280 2289 2279
f 1582 2220 2221
f 2221 2220 2223
f 2223 2220 2224
f 2224 2220 2226
f 1587 1586 2291
f 1587 2291 2292
f 2292 2291 2293
f 2292 2293 2294
f 2294 2293 2295
f 2295 2293 2296
f 2296 2293 2297
f 2296 2297 2298
f 2298 2297 2299
f 2298 2299 2300
f 2300 2299 2301
f 2300 2301 2068
f 2068 2301 2066
f 2066 2301 2302
f 2066 2302 2227
f 2066 2227 2303
f 2300 2068 2298
f 2298 2068 2294
f 2298 2294 2296
f 2296 2294 2295
f 1586 2249 2291
f 2291 2249 2293
f 2293 2249 2297
f 2249 2248 2297
f 2297 2248 2299
f 2248 2246 2245
f 2248 2245 2299
f 2299 2245 2304
f 2304 2245 2244
f 2304 2244 2305
f 2305 2244 2243
f 2305 2243 2223
f 2223 2225 2305
f 2305 2225 2227
f 2305 2227 2302
f 2302 2301 2305
f 2305 2301 2304
f 2304 2301 2299
f 1590 1589 2306
f 1590 2306 1643
f 1643 2306 2307
f 1589 2308 2306
f 2306 2308 2309
f 2306 2309 2307
f 2307 2309 2310
f 2310 2309 2311
f 2310 2311 2312
f 2312 2311 2313
f 2312 2313 2314
f 2314 2313 2315
f 2308 2316 2309
f 2309 2316 2311
f 2311 2316 2317
f 2311 2317 2313
f 2313 2317 2318
f 2313 2318 2319
f 2319 2318 2320
f 2319 2320 2321
f 2321 2320 2322
f 2322 2320 2323
f 2323 2320 2318
f 2324 2317 2316
f 2321 2325 2319
f 2319 2325 2326
f 2319 2326 2315
f 2313 2319 2315
f 2326 2325 2327
f 2279 2289 2254
f 2254 2289 2255
f 2255 2289 2328
f 2255 2328 1559
f 1559 2328 1560
f 1560 2328 2290
f 2290 2328 2289
f 2255 1559 2256
f 2256 1559 2329
f 2235 2234 2236
f 2236 2234 2330
f 2236 2330 2238
f 2238 2330 2331
f 2238 2331 2240
f 2240 2331 2332
f 2332 2331 2333
f 2333 2331 2334
f 2333 2334 2335
f 2335 2334 2336
f 2335 2336 2337
f 2337 2336 2338
f 2234 2230 2330
f 2330 2230 2231
f 2330 2231 2232
f 2339 2340 2233
f 2233 2340 2336
f 2336 2340 2341
f 2336 2341 2338
f 2338 2341 2342
f 2336 2334 2233
f 2233 2334 2232
f 2334 2331 2232
f 2232 2331 2330
f 2235 2237 2241
f 2241 2237 2242
f 2242 2237 2343
f 2343 2237 2239
f 2343 2239 2344
f 2344 2239 2345
f 2346 2347 2242
f 2346 2242 2348
f 2346 2348 1955
f 1955 2348 2349
f 2350 2351 2222
f 2350 2222 2228
f 2347 2346 2350
f 2350 2346 2351
f 2351 2346 2352
f 2351 2352 2222
f 2222 2352 2218
f 2218 2352 2217
f 2217 2352 1952
f 1952 2352 1953
f 1953 2352 1955
f 2352 2346 1955
f 2347 2350 2228
f 2347 2228 2242
f 2329 1559 2353
f 2353 1559 2354
f 2354 1559 1558
f 2354 1558 2355
f 2256 2329 2353
f 2256 2353 2356
f 2356 2258 2256
f 2258 2357 2276
f 2276 2357 2277
f 2277 2357 2358
f 2358 2278 2277
f 2353 2359 2356
f 2356 2359 2258
f 2258 2359 2357
f 2359 2360 2357
f 2357 2360 2358
f 2360 2361 2358
f 2358 2361 2362
f 2362 2361 2363
f 2362 2363 2364
f 2362 2364 2365
f 2363 2361 2366
f 2366 2361 2360
f 2366 2360 2367
f 2340 2368 2369
f 2369 2368 2370
f 2369 2370 2371
f 2371 2370 2372
f 2372 2370 2373
f 2368 2374 2370
f 2370 2374 2375
f 2375 2374 2376
f 2370 2375 2373
f 2373 2375 2377
f 2376 2374 2378
f 2376 2378 2379
f 2379 2378 2380
f 2379 2380 2381
f 2381 2380 2382
f 2381 2382 2383
f 2383 2382 2384
f 2383 2384 2385
f 2384 2382 2386
f 2386 2382 2387
f 2386 2387 2388
f 2388 2387 2268
f 2382 2380 2387
f 2387 2380 2389
f 2387 2389 2390
f 2390 2389 2391
f 2390 2391 2251
f 2251 2391 2229
f 2229 2391 2233
f 2233 2391 2339
f 2391 2389 2339
f 2339 2389 2374
f 2339 2374 2340
f 2340 2374 2368
f 2340 2369 2341
f 2369 2371 2341
f 2371 2342 2341
f 2251 2262 2390
f 2390 2262 2269
f 2390 2269 2387
f 2387 2269 2268
f 2268 2264 2392
f 2392 2264 2265
f 2392 2265 2393
f 2380 2378 2389
f 2389 2378 2374
f 2376 2379 2394
f 2394 2379 2395
f 2394 2395 2396
f 2397 2398 2385
f 2385 2398 2383
f 2399 1696 2398
f 2398 1696 2400
f 2398 2400 2383
f 2383 2400 2401
f 2383 2401 2381
f 2381 2401 2402
f 2381 2402 2379
f 2379 2402 2395
f 2395 2402 2403
f 2403 2402 2404
f 1695 1694 2405
f 2405 1694 2406
f 1694 1693 2406
f 2406 1693 2407
f 2406 2407 2408
f 2408 2407 2409
f 2409 2407 2410
f 2409 2410 2411
f 2411 2410 2412
f 2406 2408 2413
f 2413 2408 2414
f 2407 1693 2415
f 2407 2415 2410
f 2410 2415 2416
f 2416 2417 2410
f 2410 2417 2418
f 2410 2418 2412
f 2419 2412 2418
f 2054 2053 2420
f 2420 2053 2052
f 2420 2052 2051
f 2051 2050 2420
f 2420 2050 2421
f 2420 2421 2422
f 2422 2421 2423
f 2423 2424 2422
f 2424 2425 2422
f 2422 2425 2426
f 2422 2426 2056
f 2426 2427 2056
f 2056 2427 2057
f 2057 2427 2428
f 2057 2428 2429
f 2429 2428 2430
f 2429 2430 2061
f 2421 2050 2423
f 2423 2050 1963
f 2423 1963 2431
f 2431 1963 1981
f 1981 1557 2431
f 2431 1557 2432
f 2060 2055 2061
f 2061 2055 2057
f 2057 2429 2061
f 2433 2434 2435
f 2434 2062 2436
f 2434 2436 2435
f 2437 2438 2439
f 2437 2439 2436
f 2436 2062 2437
f 2437 2062 2440
f 2437 2440 2438
f 2438 2440 2441
f 2441 2440 2442
f 2441 2443 2438
f 2438 2443 2439
f 2439 2443 2436
f 2443 2444 2436
f 2436 2444 2435
f 2433 2435 2444
f 2440 2062 2061
f 2440 2061 2445
f 2440 2445 2442
f 2442 2445 2430
f 2445 2061 2430
f 2059 2062 1879
f 2062 2434 1879
f 1879 2434 1880
f 1880 2434 2433
f 1880 2433 2446
f 2446 2433 1883
f 2446 1883 1880
f 2123 2447 2120
f 2120 2447 2122
f 2122 2447 2448
f 2449 2119 2121
f 2449 2121 2450
f 2119 2449 2117
f 2117 2449 2116
f 2116 2449 2115
f 2115 2449 2450
f 2115 2450 2451
f 2451 2450 2113
f 2451 2113 2115
f 2113 2450 2114
f 2114 2450 2452
f 2114 2452 2453
f 2452 2450 2454
f 2450 2121 2454
f 2454 2121 2455
f 2455 2121 2122
f 2089 2090 2092
f 2092 2090 2091
f 2092 2091 2118
f 2118 2091 2109
f 2118 2109 2108
f 2118 2108 2123
f 2123 2108 2447
f 2447 2108 2456
f 2456 2108 2457
f 2447 2456 2458
f 2091 2088 2107
f 2107 2088 2459
f 2107 2459 2096
f 2096 2459 2094
f 2094 2459 2081
f 2081 2459 2087
f 2459 2088 2087
f 2460 2461 2462
f 2460 2463 2461
f 2464 2465 2466
f 2466 2465 2026
f 2467 2468 2469
f 2467 2470 2468
f 2471 2472 2473
f 2471 2474 2472
f 2472 2474 2475
f 2472 2475 2473
f 2473 2475 2476
f 2471 2477 2474
f 2477 2478 2479
f 2477 2479 2480
f 2480 2479 2481
f 2481 2479 2482
f 2480 2475 2474
f 2474 2477 2480
f 2479 2478 2483
f 2483 2484 2479
f 2479 2484 2482
f 2482 2484 2485
f 2021 2019 1931
f 2021 1931 1934
f 1929 1931 1984
f 1984 1931 2019
f 1984 2019 1985
f 2023 2021 2024
f 2486 2033 2487
f 2033 2486 2488
f 2033 2488 2032
f 2032 2488 2489
f 2488 2490 2489
f 2489 2490 2491
f 2490 2476 2491
f 2491 2476 2475
f 2491 2475 2492
f 2492 2475 2480
f 2480 2481 2492
f 2492 2481 2493
f 2481 2482 2493
f 2493 2482 2494
f 2493 2494 2495
f 2493 2495 2496
f 2496 2495 2497
f 2497 2495 2188
f 2497 2188 2187
f 2187 2189 2497
f 2497 2189 2498
f 2497 2498 2499
f 2499 2498 2500
f 2501 2499 2502
f 2501 2502 2503
f 2501 2504 2499
f 2499 2504 2505
f 2488 2486 2506
f 2506 2486 2507
f 2507 2486 2508
f 2508 2486 2487
f 2509 2487 2031
f 2509 2031 2030
f 2029 2028 2030
f 2030 2028 2510
f 2510 2028 2511
f 2030 2510 2509
f 2509 2508 2487
f 2512 2510 2511
f 2512 2511 2464
f 2464 2511 2465
f 2026 2465 2028
f 2028 2465 2511
f 2033 2031 2487
f 2490 2488 2476
f 2476 2488 2473
f 2488 2506 2473
f 2473 2506 2513
f 2485 2484 2514
f 2485 2514 2494
f 2485 2494 2482
f 2494 2514 2515
f 2515 2514 2516
f 2516 2514 2483
f 2483 2514 2484
f 2498 2189 2500
f 2500 2189 2517
f 2517 2189 2190
f 2517 2190 2191
f 2517 2191 2518
f 2518 2191 2519
f 2518 2519 2520
f 2518 2520 2521
f 2521 2520 2522
f 2520 2519 2522
f 2522 2519 2523
f 2519 2191 2523
f 2523 2191 2524
f 2518 2521 2525
f 2521 2526 2525
f 2525 2526 2503
f 2526 2527 2503
f 2503 2527 2501
f 2501 2527 2504
f 2020 2022 1729
f 1729 2022 2528
f 1729 2528 1732
f 2022 2025 2528
f 2528 2025 2027
f 2528 2027 2529
f 2529 2027 2032
f 2529 2032 2489
f 2530 1989 2531
f 1989 2531 2016
f 2016 2531 2532
f 2532 2531 2533
f 2532 2533 2534
f 2534 2533 2535
f 2535 2533 2536
f 2460 2462 2537
f 2537 2462 2538
f 2539 2537 2540
f 2540 2537 2538
f 2540 2538 2541
f 2541 2538 2542
f 2467 2469 2543
f 2543 2469 2544
f 1700 2545 1699
f 1699 2545 2546
f 1699 2546 1697
f 1697 2546 1708
f 1708 2546 1797
f 2545 2547 2546
f 2546 2547 2548
f 2546 2548 1797
f 1797 2548 1792
f 2547 2549 2548
f 2548 2549 2550
f 2548 2550 2551
f 2551 2550 2552
f 2551 2552 2553
f 2548 2551 1792
f 1792 2551 1789
f 1789 2551 1786
f 1786 2551 2553
f 1786 2553 1782
f 1782 2553 1777
f 2553 2554 2555
f 2555 2554 1748
f 2555 1748 1746
f 2553 2555 1777
f 1777 2555 1774
f 2544 2556 2543
f 1723 2194 2556
f 2556 2194 2557
f 2556 2557 2543
f 2195 2557 2194
f 2558 2559 2560
f 2561 2560 2562
f 2561 2562 2541
f 2541 2562 2540
f 2563 2562 2560
f 2561 2541 2558
f 2560 2561 2558
f 2559 2564 2565
f 2565 2564 2566
f 2565 2566 2470
f 2470 2566 2468
f 2468 2566 2567
f 2567 2566 2564
f 2567 2564 2568
f 2565 2563 2560
f 2559 2565 2560
f 2569 2570 2571
f 2569 2571 2572
f 2571 2573 2463
f 2571 2463 2574
f 2461 2463 2575
f 2575 2463 2573
f 2571 2574 2576
f 2571 2576 2572
f 2572 2576 2577
f 2572 2577 2578
f 2578 2577 1749
f 1749 2577 2533
f 2572 2578 2569
f 1749 2569 2578
f 2570 1749 1748
f 2570 1748 2554
f 2570 2554 2571
f 2571 2554 2573
f 2573 2554 2575
f 2575 2554 2553
f 2575 2553 2579
f 1749 2570 2569
f 1745 1747 1744
f 2415 1693 2416
f 2416 1693 2580
f 2416 2580 2417
f 2417 2580 2581
f 2581 2580 2582
f 2581 2582 2583
f 2583 2582 2584
f 2582 2585 2584
f 2584 2585 2586
f 2586 2585 2587
f 2587 2585 2588
f 2587 2588 2589
f 2589 2588 2590
f 2583 2591 2581
f 2581 2591 2592
f 2591 2593 2592
f 2592 2593 2594
f 2393 2595 2392
f 1593 1592 2596
f 1593 2596 2597
f 1596 1595 2598
f 1596 2598 2599
f 2599 2598 2600
f 2601 2602 1596
f 1596 2602 1594
f 2602 2603 1594
f 1594 2603 1595
f 2603 2604 1595
f 1595 2604 2598
f 2604 2605 2598
f 2598 2605 2600
f 2605 2606 2600
f 2600 2606 2607
f 2600 2607 2608
f 2607 2606 2609
f 2609 2606 1877
f 2609 1877 2610
f 2610 1877 2611
f 2611 1877 1878
f 2611 1878 1875
f 2611 1875 2604
f 2611 2604 2603
f 2611 2603 2612
f 2612 2603 2613
f 2613 2614 2612
f 2612 2614 2615
f 2612 2615 2616
f 2616 2615 1804
f 1804 2615 2617
f 1804 2617 2613
f 1804 2613 2618
f 2618 2613 2602
f 2602 2613 2603
f 2602 2601 2618
f 2618 2601 2619
f 2604 1875 2605
f 1875 1876 2605
f 2605 1876 1877
f 2605 1877 2606
f 2611 2620 2610
f 2610 2620 2621
f 2622 2623 2608
f 2608 2623 2624
f 2623 2625 2624
f 2624 2625 2626
f 2607 2609 2608
f 2608 2609 2622
f 2609 2610 2622
f 2622 2610 2623
f 2610 2621 2623
f 2623 2621 2625
f 2621 2627 2625
f 2625 2627 2626
f 2627 2628 2626
f 2626 2628 2629
f 2626 2629 2630
f 2626 2630 2624
f 2624 2630 2608
f 2630 2631 2608
f 2608 2631 2600
f 2600 2631 2599
f 2599 2631 1596
f 2631 2632 1596
f 1596 2632 2601
f 2601 2632 2619
f 2619 2632 2618
f 2629 2628 2633
f 2633 2628 2634
f 2633 2634 2635
f 2635 2636 2633
f 2633 2636 2637
f 2636 2638 2637
f 2637 2638 2639
f 2637 2639 2640
f 2640 2641 2637
f 2637 2641 2642
f 2641 2643 2642
f 2642 2643 2644
f 2642 2644 2645
f 2639 2638 2646
f 2646 2638 2647
f 2634 2648 2635
f 2635 2648 2649
f 2648 2650 2649
f 2649 2650 2651
f 2650 2652 2651
f 2651 2652 2653
f 2652 2647 2653
f 2653 2647 2638
f 2635 2649 2636
f 2636 2649 2651
f 2636 2651 2653
f 2636 2653 2638
f 2639 2654 2640
f 2640 2654 2655
f 2654 2656 2655
f 2655 2656 2657
f 2656 2658 2657
f 2657 2658 2659
f 2658 2660 2659
f 2659 2660 2643
f 2640 2655 2641
f 2641 2655 2643
f 2655 2657 2643
f 2643 2657 2659
f 2660 2658 2661
f 2661 2658 2662
f 2662 2658 2663
f 2663 2664 2662
f 2662 2664 1848
f 1848 2664 2665
f 1848 2665 2666
f 2666 2665 2667
f 2667 2663 2666
f 2666 2663 1843
f 1843 2663 2658
f 1843 2658 2656
f 2656 2654 1843
f 1843 2654 1873
f 1843 1873 2668
f 2668 1873 1874
f 2668 1874 1871
f 2668 1871 2646
f 2668 2646 2647
f 2647 2652 2668
f 2668 2652 2650
f 2668 2650 2648
f 2646 1871 1872
f 2646 1872 2639
f 2639 1872 1873
f 1873 2654 2639
f 2660 2661 2643
f 2643 2661 2662
f 2643 2662 2644
f 2644 2662 2669
f 2644 2669 2670
f 2644 2670 2146
f 2146 2670 2671
f 2146 2671 2672
f 2672 2671 2673
f 2672 2673 2674
f 2674 2673 2675
f 2674 2675 2676
f 2676 2677 2674
f 2674 2677 2678
f 2644 2146 2645
f 2645 2146 2679
f 2146 2672 2679
f 2679 2672 2680
f 2672 2674 2680
f 2680 2674 2678
f 2680 2678 2681
f 2680 2681 2682
f 2682 2681 2683
f 2682 2683 2684
f 2684 2683 2593
f 2684 2593 2591
f 2684 2591 2685
f 2684 2685 2686
f 2686 2685 2687
f 2686 2687 2688
f 2688 2687 2165
f 2688 2165 2689
f 2689 2165 2690
f 2689 2690 2618
f 2618 2632 2689
f 2689 2632 2688
f 2690 2165 2691
f 2691 2165 2692
f 2165 2687 2692
f 2692 2687 2685
f 2692 2685 2693
f 2693 2685 2591
f 2693 2591 2694
f 2694 2591 2583
f 2694 2583 2584
f 1937 2695 1935
f 1935 2695 1927
f 1927 2695 2696
f 1927 2696 2697
f 1927 2697 1930
f 1930 2697 2698
f 1930 2698 2699
f 2699 2700 1930
f 1930 2700 2701
f 1930 2701 2702
f 2702 2703 1930
f 1930 2703 1932
f 1932 2703 1933
f 1933 2703 2704
f 1933 2704 2705
f 2705 2704 2706
f 2705 2706 2707
f 2707 2706 2708
f 2707 2708 2709
f 2709 2708 2710
f 2709 2710 2711
f 2711 2710 2712
f 2711 2712 2713
f 2713 2712 2714
f 2714 2712 2715
f 2716 2717 2718
f 2718 2717 2719
f 2718 2719 2720
f 2720 2719 2721
f 2720 2721 2722
f 2721 2723 2722
f 2722 2723 2724
f 2724 2723 2725
f 2725 2723 2726
f 2723 2727 2726
f 2726 2727 2728
f 2727 2729 2728
f 2728 2729 2730
f 2730 2729 2731
f 2730 2731 2732
f 2732 2731 2733
f 2732 2733 2734
f 2734 2733 2735
f 2735 2733 2736
f 2735 2736 2737
f 2737 2736 2738
f 2737 2738 2731
f 2737 2731 2739
f 2739 2731 2740
f 2731 2741 2740
f 2740 2741 2742
f 2742 2741 2743
f 2743 2741 2744
f 2743 2744 2745
f 2745 2744 2746
f 2744 2747 2746
f 2746 2747 2748
f 2748 2747 2524
f 2747 2676 2524
f 2524 2676 2749
f 2524 2749 2523
f 2523 2749 2750
f 2523 2750 2522
f 2522 2750 2675
f 2522 2675 2673
f 2522 2673 2521
f 2521 2673 2671
f 2521 2671 2526
f 2526 2671 2751
f 2526 2751 2752
f 2526 2752 2527
f 2527 2752 2753
f 2753 2752 2754
f 2754 2752 2755
f 2751 2671 2756
f 2756 2671 2757
f 2757 2758 2756
f 2757 2671 2759
f 2759 2671 2670
f 2759 2670 2760
f 2760 2670 2761
f 2675 2750 2676
f 2676 2750 2762
f 2676 2762 2749
f 2738 2733 2731
f 2721 2719 2763
f 2721 2763 2715
f 2721 2715 2712
f 2700 2764 2701
f 2701 2764 2765
f 2701 2765 2766
f 2701 2766 2767
f 2766 2768 2767
f 2764 2769 2765
f 2765 2769 2770
f 2765 2770 2771
f 2771 2770 2772
f 2771 2772 2697
f 2771 2697 2696
f 2773 2045 2771
f 2771 2045 2765
f 2771 2765 2774
f 2774 2765 2766
f 2774 2766 2775
f 2775 2766 2768
f 2775 2768 2776
f 2771 2774 2777
f 2768 2766 2046
f 2046 2766 2044
f 2766 2765 2044
f 2044 2765 2045
f 2773 2771 2240
f 2240 2332 2773
f 2773 2332 2045
f 2332 2333 2045
f 2045 2333 2335
f 2045 2335 2046
f 2046 2335 2337
f 2046 2337 2338
f 2046 2338 2778
f 2778 2338 2342
f 2778 2342 2767
f 2767 2342 2701
f 2701 2342 2371
f 2701 2702 2779
f 2779 2702 2780
f 2780 2702 2781
f 2781 2782 2780
f 2780 2782 2783
f 2783 2782 2784
f 2782 2785 2784
f 2784 2785 2786
f 2786 2785 2787
f 2786 2787 2788
f 2787 2789 2788
f 2788 2789 2790
f 2789 2791 2790
f 2790 2791 2792
f 2792 2791 2793
f 2792 2793 2794
f 2794 2793 2795
f 2794 2795 2796
f 2796 2795 2797
f 2797 2795 2798
f 2798 2795 2799
f 2798 2799 2800
f 2798 2800 2801
f 2801 2800 2802
f 2393 2265 2802
f 2801 2802 2803
f 2801 2803 2804
f 2802 2265 2803
f 2803 2265 2805
f 2265 2266 2805
f 2805 2266 2267
f 2805 2267 2049
f 2049 2267 2275
f 2049 2275 2273
f 2049 2273 2047
f 2047 2273 2274
f 2047 2274 2278
f 2047 2278 2806
f 2806 2278 2365
f 2365 2278 2362
f 2278 2358 2362
f 2701 2779 2767
f 2771 2696 2240
f 2240 2696 2239
f 2371 2372 2701
f 2701 2372 2702
f 2702 2372 2703
f 2703 2372 2704
f 2372 2373 2704
f 2704 2373 2706
f 2706 2373 2708
f 2708 2373 2377
f 2708 2377 2710
f 2710 2377 2712
f 2712 2377 2721
f 2721 2377 2723
f 2377 2807 2723
f 2723 2807 2727
f 2727 2807 2729
f 2729 2807 2808
f 2729 2808 2731
f 2731 2808 2741
f 2808 2809 2741
f 2741 2809 2744
f 2744 2809 2747
f 2747 2809 2810
f 2747 2810 2676
f 2676 2810 2811
f 2676 2811 2677
f 2677 2811 2812
f 2677 2812 2678
f 2678 2812 2813
f 2678 2813 2681
f 2681 2813 2814
f 2814 2815 2681
f 2681 2815 2816
f 2681 2816 2683
f 2683 2816 2817
f 2683 2817 2818
f 2817 2594 2818
f 2818 2594 2819
f 2819 2594 2820
f 2594 2593 2820
f 2820 2593 2683
f 2820 2683 2821
f 2821 2683 2818
f 2817 2816 2822
f 2817 2822 2814
f 2817 2814 2813
f 2810 2823 2811
f 2811 2823 2419
f 2010 2012 2824
f 2012 2013 2824
f 2824 2013 2362
f 2013 2014 2362
f 2362 2014 2825
f 2362 2825 2826
f 2362 2826 2365
f 2365 2826 2827
f 2365 2827 2828
f 2365 2828 2829
f 2829 2828 2830
f 2829 2830 2800
f 2800 2830 2831
f 2800 2831 2832
f 2832 2833 2800
f 2800 2833 2014
f 2825 2014 2833
f 2800 2802 2829
f 2829 2802 2834
f 2834 2802 2803
f 2834 2803 2835
f 1847 2836 1848
f 1804 2837 2838
f 1804 1806 2837
f 2837 1806 2839
f 2837 2839 2840
f 1806 1808 2839
f 2839 1808 2841
f 2839 2841 2840
f 2840 2841 2842
f 1808 1810 2841
f 2841 1810 2843
f 2841 2843 2842
f 2842 2843 1810
f 1804 2838 2844
f 2838 2845 2844
f 2844 2845 2846
f 2844 2846 2612
f 2612 2846 2611
f 2612 2616 1804
f 2844 2612 1804
f 2845 2847 2846
f 2846 2847 2848
f 2846 2848 2611
f 2611 2848 2620
f 2847 2849 2848
f 2848 2849 2850
f 2848 2850 2851
f 2851 2850 1846
f 2851 1846 1844
f 2848 2851 2620
f 2666 1843 1848
f 1843 2668 1844
f 1844 2668 2851
f 2177 2176 2852
f 2852 2176 2853
f 2176 2175 2853
f 2853 2175 2854
f 2177 2852 2174
f 2174 2852 2855
f 2174 2855 2856
f 2174 2856 2854
f 2175 2174 2854
f 2158 2157 2757
f 2757 2157 2758
f 2758 2157 2857
f 2857 2157 2160
f 2857 2160 2761
f 2757 2759 2158
f 2158 2759 2159
f 2159 2759 2760
f 2159 2760 2761
f 2160 2159 2761
f 2184 2746 2185
f 2746 2748 2185
f 2185 2748 2524
f 2185 2524 2191
f 2515 2516 2742
f 2742 2516 2740
f 2740 2516 2483
f 2740 2483 2739
f 2742 2743 2515
f 2515 2743 2858
f 2743 2745 2858
f 2745 2746 2858
f 2858 2746 2184
f 2483 2478 2739
f 2739 2478 2737
f 2737 2478 2735
f 2735 2478 2477
f 2735 2477 2471
f 2735 2471 2734
f 2734 2471 2732
f 2732 2471 2730
f 2730 2471 2473
f 2730 2473 2728
f 2728 2473 2513
f 2728 2513 2726
f 2726 2513 2725
f 2513 2506 2725
f 2725 2506 2724
f 2506 2507 2724
f 2724 2507 2722
f 2722 2507 2508
f 2722 2508 2720
f 2720 2508 2509
f 2720 2509 2718
f 2718 2509 2716
f 2509 2510 2716
f 2510 2512 2716
f 2716 2512 2714
f 2512 2464 2714
f 2714 2464 2713
f 2713 2464 2711
f 2711 2464 2466
f 2711 2466 2709
f 2709 2466 2707
f 2859 2662 2860
f 2860 2662 1848
f 2860 1848 2861
f 2861 2756 2862
f 2862 2756 2758
f 2862 2758 2857
f 2857 2761 2862
f 2862 2761 2670
f 2670 2669 2862
f 2862 2669 2859
f 2859 2669 2662
f 1724 1811 1710
f 1710 1811 1711
f 1711 1811 1712
f 1811 1812 1712
f 1712 1812 1713
f 2618 2690 1804
f 2802 2800 2393
f 2393 2800 2795
f 2393 2795 2595
f 2595 2795 2863
f 2595 2863 2864
f 2014 2015 2800
f 2800 2015 2795
f 2015 2016 2795
f 2795 2016 2863
f 2016 2532 2863
f 2863 2532 2864
f 2532 2534 2864
f 2864 2534 2865
f 2534 2535 2865
f 2865 2535 2536
f 2865 2536 2866
f 2865 2866 2867
f 2867 2866 2868
f 2533 2577 2536
f 2536 2577 2866
f 2866 2577 2576
f 2866 2576 2868
f 2576 2574 2868
f 2868 2574 2869
f 2869 2574 2463
f 2869 2463 2870
f 2870 2463 2460
f 2870 2460 2871
f 2871 2460 2872
f 2872 2460 2537
f 2872 2537 2873
f 2537 2539 2873
f 2873 2539 2874
f 2874 2539 2875
f 2875 2539 2540
f 2875 2540 2876
f 2876 2540 2877
f 2540 2562 2877
f 2877 2562 2878
f 2562 2563 2878
f 2878 2563 2879
f 2563 2565 2879
f 2879 2565 2880
f 2565 2470 2880
f 2880 2470 2881
f 2470 2467 2881
f 2881 2467 2882
f 2882 2467 2883
f 2883 2467 2884
f 2884 2467 2543
f 2543 2557 2884
f 2884 2557 2885
f 2885 2557 2886
f 2557 2195 2886
f 2886 2195 2887
f 2195 2192 2887
f 2887 2192 2888
f 2888 2192 1718
f 2888 1718 1719
f 2180 2179 2889
f 2889 2179 2890
f 2890 2179 2178
f 2890 2178 2891
f 2891 2178 2889
f 2178 2180 2889
f 2183 2182 2750
f 2750 2182 2181
f 2750 2181 2762
f 2762 2181 2749
f 2181 2183 2749
f 2749 2183 2750
f 2596 1592 2597
f 2597 1592 1591
f 2597 1591 1593
f 2597 1593 2892
f 2892 1593 2893
f 2892 2893 2894
f 2894 2895 2892
f 2892 2895 2896
f 2895 2897 2896
f 2896 2897 2898
f 2897 2899 2898
f 2898 2899 2900
f 2898 2900 2901
f 2901 2900 2902
f 2901 2902 2903
f 2903 2904 2901
f 2901 2904 2905
f 2901 2905 2906
f 2901 2906 2907
f 2597 2908 2909
f 2909 2908 2910
f 2909 2910 2911
f 2911 2910 2912
f 2912 2913 2911
f 2911 2913 2914
f 2911 2914 1593
f 1593 2914 2915
f 1593 2597 2911
f 2911 2597 2909
f 2916 2917 2907
f 2907 2917 2918
f 2917 2919 2918
f 2918 2919 2920
f 2412 2419 2823
f 2412 2823 2411
f 2411 2823 2409
f 2811 2419 2812
f 2812 2419 2813
f 2813 2419 2418
f 2813 2418 2817
f 2817 2418 2417
f 2817 2417 2594
f 2594 2417 2592
f 2592 2417 2581
f 1598 1597 751
f 1598 751 750
f 1598 750 749
f 749 748 2921
f 748 747 2921
f 2921 747 2922
f 2921 2922 2923
f 747 746 2922
f 2922 746 2924
f 2924 746 745
f 2924 745 1597
f 1597 745 751
f 1600 1599 742
f 742 743 1600
f 1600 743 2925
f 743 744 2925
f 2925 744 2926
f 744 739 2926
f 2926 739 2927
f 2926 2927 2928
f 739 738 2927
f 2927 738 735
f 735 738 737
f 735 737 1599
f 1599 737 742
f 1603 1602 693
f 693 695 1603
f 1603 695 699
f 695 696 699
f 699 696 2929
f 696 697 2929
f 2929 697 2930
f 2929 2930 700
f 2930 697 698
f 2930 698 2931
f 2931 698 692
f 2931 692 1602
f 1602 692 693
f 1605 1604 687
f 687 689 1605
f 1605 689 688
f 688 690 2932
f 690 835 2932
f 2932 835 1692
f 2932 1692 2933
f 1692 835 836
f 1692 836 2934
f 2934 836 686
f 2934 686 1604
f 1604 686 687
f 1608 1607 675
f 1608 675 674
f 1608 674 2935
f 674 673 2935
f 2935 673 2936
f 673 679 2936
f 2936 679 2937
f 2936 2937 680
f 679 678 2937
f 2937 678 677
f 677 676 1607
f 1607 676 675
f 1611 1610 668
f 1611 668 667
f 1611 667 664
f 667 666 664
f 664 666 2938
f 666 670 2938
f 2938 670 2939
f 2938 2939 665
f 2939 670 671
f 2939 671 2940
f 2940 671 672
f 2940 672 1610
f 1610 672 668
f 1613 1612 775
f 775 776 1613
f 1613 776 2941
f 776 769 2941
f 2941 769 2942
f 769 770 2942
f 2942 770 2943
f 2942 2943 2944
f 2943 770 772
f 2943 772 777
f 777 772 773
f 777 773 1612
f 1612 773 775
f 1616 1615 818
f 818 819 1616
f 1616 819 2945
f 819 762 2945
f 2945 762 2946
f 762 763 2946
f 2946 763 2947
f 2946 2947 761
f 2947 763 765
f 2947 765 764
f 764 766 1615
f 1615 766 818
f 2843 1810 2948
f 2949 2948 2950
f 2949 2950 2951
f 2951 2950 2952
f 2953 2954 2955
f 2955 2954 2956
f 2957 2958 2959
f 2959 2958 2960
f 2961 2962 2963
f 2962 2964 2963
f 2963 2964 2965
f 2965 2966 2967
f 2966 2968 2967
f 2967 2968 2969
f 2968 2970 2969
f 2971 2970 2972
f 2972 1686 2973
f 2838 2974 2845
f 2845 2975 2847
f 2847 2976 2849
f 2849 2977 2850
f 2850 2978 1846
f 1846 2979 1845
f 1845 2980 1847
f 2981 2982 2983
f 2982 2984 2983
f 2983 2984 2985
f 2984 2986 2985
f 2986 2987 2988
f 2987 2989 2988
f 2988 2989 2990
f 2991 2992 2993
f 2993 2992 2994
f 2995 2996 2997
f 2997 2996 2998
f 2998 1832 2999
f 2999 1832 1830
f 1830 3000 3001
f 3001 3000 3002
f 3000 3003 3002
f 3003 3004 3005
f 3005 3004 3006
f 3004 3007 3006
f 3006 3007 3008
f 3008 1834 3009
f 3010 1685 3009
f 1619 1618 3011
f 1619 3011 3012
f 3012 3013 1619
f 1619 3013 3014
f 3013 3015 3014
f 3014 3015 3016
f 3015 3017 3016
f 3016 3017 3018
f 3016 3018 3019
f 3017 3020 3018
f 3018 3020 3021
f 3018 3021 3022
f 3022 3021 3023
f 3022 3023 1618
f 1618 3023 3011
f 3021 3020 2764
f 2764 3020 2769
f 3020 3017 2769
f 2769 3017 2770
f 3017 3015 2770
f 2770 3015 2772
f 3015 3013 2772
f 2772 3013 2697
f 3013 3012 2697
f 2697 3012 2698
f 3012 3011 2698
f 2698 3011 2699
f 3011 3023 2699
f 2699 3023 2700
f 3023 3021 2700
f 2700 3021 2764
f 1622 1621 3024
f 1622 3024 3025
f 3025 3026 1622
f 1622 3026 3027
f 3026 3028 3027
f 3027 3028 3029
f 3028 3030 3029
f 3029 3030 3031
f 3029 3031 3032
f 3030 3033 3031
f 3031 3033 3034
f 3031 3034 3035
f 3035 3034 3036
f 3035 3036 1621
f 1621 3036 3024
f 1625 1624 3037
f 1625 3037 3038
f 3038 3039 1625
f 1625 3039 3040
f 3039 3041 3040
f 3040 3041 3042
f 3041 3043 3042
f 3042 3043 3044
f 3042 3044 3045
f 3043 3046 3044
f 3044 3046 3047
f 3044 3047 3048
f 3048 3047 3049
f 3048 3049 1624
f 1624 3049 3037
f 1628 1627 3050
f 1628 3050 3051
f 3051 3052 1628
f 1628 3052 3053
f 3052 3054 3053
f 3053 3054 3055
f 3054 3056 3055
f 3055 3056 3057
f 3055 3057 3058
f 3056 3059 3057
f 3057 3059 3060
f 3057 3060 2298
f 2298 3060 3061
f 2298 3061 1627
f 1627 3061 3050
f 1631 1630 3062
f 1631 3062 3063
f 3063 3064 1631
f 1631 3064 2314
f 3064 3065 2314
f 2314 3065 3066
f 3065 3067 3066
f 3066 3067 3068
f 3066 3068 3069
f 3067 3070 3068
f 3068 3070 3071
f 3068 3071 3072
f 3072 3071 3073
f 3072 3073 1630
f 1630 3073 3062
f 1634 1633 3074
f 1634 3074 3075
f 3075 3076 1634
f 1634 3076 3077
f 3076 3078 3077
f 3077 3078 3079
f 3078 3080 3079
f 3079 3080 3081
f 3079 3081 3082
f 3080 3083 3081
f 3081 3083 3084
f 3081 3084 3085
f 3085 3084 3086
f 3085 3086 1633
f 1633 3086 3074
f 1637 1636 3087
f 1637 3087 3088
f 3088 3089 1637
f 1637 3089 3090
f 3089 3091 3090
f 3090 3091 3092
f 3091 3093 3092
f 3092 3093 3094
f 3092 3094 3095
f 3093 3096 3094
f 3094 3096 3097
f 3094 3097 3098
f 3098 3097 3099
f 3098 3099 1636
f 1636 3099 3087
f 3095 3094 3100
f 3095 3100 3101
f 3095 3101 3092
f 3092 3101 3102
f 3092 3102 3103
f 3090 3092 3103
f 3100 3094 3104
f 3104 3094 3098
f 3104 3098 3105
f 3105 3098 1636
f 3105 1636 3106
f 3106 1636 3107
f 1636 1635 3107
f 3107 1635 3108
f 1635 1637 3108
f 3108 1637 3109
f 1637 3090 3109
f 3109 3090 3103
f 3089 3088 3110
f 1640 1639 3111
f 1640 3111 3112
f 3112 3113 1640
f 1640 3113 3114
f 3113 3115 3114
f 3114 3115 3116
f 3115 3117 3116
f 3116 3117 3118
f 3116 3118 3119
f 3117 3120 3118
f 3118 3120 3121
f 3118 3121 3122
f 3122 3121 3123
f 3122 3123 1639
f 1639 3123 3111
f 3121 3120 2825
f 2825 3120 2826
f 3120 3117 2826
f 2826 3117 2827
f 3117 3115 2827
f 2827 3115 2828
f 3115 3113 2828
f 2828 3113 2830
f 3113 3112 2830
f 2830 3112 2831
f 3112 3111 2831
f 2831 3111 2832
f 3111 3123 2832
f 2832 3123 2833
f 3123 3121 2833
f 2833 3121 2825
f 2101 2093 2080
f 2101 2080 3124
f 2101 3124 3125
f 3125 3124 3126
f 3125 3126 3127
f 3125 3127 2043
f 2043 3127 2041
f 3125 2043 2103
f 3125 2103 2101
f 3124 2080 2079
f 3128 3129 3130
f 3130 3129 3131
f 3131 3129 3132
f 3131 3132 3133
f 3133 3132 2322
f 3133 2322 3134
f 2322 3132 2321
f 2321 3132 3129
f 2321 3129 2325
f 2325 3129 2327
f 3133 2322 2323
f 3131 3133 3135
f 3131 3135 3136
f 3136 3137 3131
f 3131 3137 3130
f 1643 1642 1590
f 1590 1642 1588
f 1588 2252 1589
f 2252 2250 1589
f 1589 2250 2308
f 2308 2250 2316
f 2316 2250 2324
f 2324 2250 2317
f 2317 2250 2318
f 2318 2250 3133
f 2318 3133 2323
f 3135 3133 3138
f 3135 3138 3139
f 2252 1588 2282
f 2282 1588 1642
f 2282 1642 2281
f 2281 1642 2283
f 1642 1641 2283
f 2283 1641 3140
f 2283 3140 2285
f 2285 3140 3141
f 3141 3140 3142
f 3142 3140 1641
f 3142 1641 3143
f 2360 2359 2355
f 2355 2359 2354
f 2354 2359 2353
f 2343 2344 2349
f 2343 2349 2348
f 2348 2242 2343
f 2239 2696 2345
f 2345 2696 3144
f 2345 3144 3145
f 3145 2344 2345
f 3144 2696 3146
f 3146 2696 2771
f 3146 2771 2777
f 1972 1884 3147
f 1972 3147 3148
f 1972 3148 3149
f 3149 3148 3150
f 3149 3150 3151
f 3151 3150 3152
f 3151 3152 3153
f 3153 3152 3154
f 3153 3154 1558
f 1558 3154 2355
f 2355 3154 2367
f 2360 2355 2367
f 2367 3154 3155
f 3153 3156 3151
f 3151 3156 3157
f 3157 3156 3158
f 3157 3158 3159
f 3151 3157 3149
f 3149 3157 3160
f 3149 3160 1971
f 1971 3160 1970
f 1970 3160 3161
f 1970 3161 1973
f 1973 3161 3162
f 1973 3162 1974
f 1974 3162 1975
f 1975 3162 3163
f 1975 3163 3164
f 3162 3161 3163
f 3163 3161 3165
f 3165 3161 3159
f 3159 3161 3157
f 3160 3157 3161
f 1971 1972 3149
f 1884 1883 3147
f 3147 1883 3166
f 3150 3167 3152
f 3153 1558 3156
f 1558 1560 3156
f 3156 1560 3158
f 3158 1560 3159
f 3159 1560 3165
f 3165 1560 3163
f 3163 1560 2290
f 3163 2290 3164
f 3164 2290 1983
f 1983 2290 1885
f 2805 2049 2803
f 2803 2049 2835
f 2803 2835 3168
f 3168 2835 2834
f 3168 2834 3169
f 3169 2834 2829
f 3169 2829 3170
f 3170 2829 2364
f 2803 3168 2804
f 2364 2829 2365
f 2365 2829 2806
f 2806 2829 2047
f 2047 2829 2834
f 2047 2834 2048
f 2048 2834 2835
f 2048 2835 2049
f 1959 1955 2349
f 1959 2349 3171
f 3171 2349 2344
f 3171 2344 3172
f 3172 2344 3145
f 3171 2041 1959
f 2041 3127 1959
f 1959 3127 1958
f 1958 3127 1957
f 1957 3127 3126
f 1957 3126 1956
f 2046 2778 2768
f 2768 2778 2767
f 2768 2767 2779
f 2768 2779 2776
f 1885 2290 2288
f 1885 2288 1886
f 1886 2288 2286
f 1886 2286 1887
f 1887 2286 2285
f 1887 2285 3173
f 3173 2285 3141
f 1942 2125 1952
f 1952 2125 2216
f 2216 2125 2215
f 2215 2125 2124
f 2215 2124 3174
f 2219 2215 3174
f 2227 2226 2303
f 2303 2226 3175
f 3175 2226 3176
f 2294 3177 2292
f 2292 3177 3178
f 2292 3178 1587
f 1587 3178 1585
f 1585 3178 3179
f 3180 3181 3182
f 3180 3182 3183
f 3181 3180 3184
f 3184 3180 3183
f 3183 3182 3185
f 3185 3182 3186
f 3182 3181 3186
f 3186 3181 3187
f 3181 3184 3187
f 3187 3184 3188
f 3184 3183 3188
f 3188 3183 3185
f 3189 3190 3191
f 3189 3191 3192
f 3190 3189 3193
f 3193 3189 3192
f 3192 3191 3194
f 3194 3191 3195
f 3191 3190 3195
f 3195 3190 3196
f 3190 3193 3196
f 3196 3193 3197
f 3193 3192 3197
f 3197 3192 3194
f 3198 3199 3200
f 3198 3200 3201
f 3199 3198 3202
f 3202 3198 3201
f 3201 3200 3203
f 3203 3200 3204
f 3200 3199 3204
f 3204 3199 3205
f 3199 3202 3205
f 3205 3202 3206
f 3202 3201 3206
f 3206 3201 3203
f 3207 3208 3209
f 3207 3209 3210
f 3208 3207 3211
f 3211 3207 3210
f 3210 3209 3212
f 3212 3209 3213
f 3209 3208 3213
f 3213 3208 3214
f 3208 3211 3214
f 3214 3211 3215
f 3211 3210 3215
f 3215 3210 3212
f 2099 3216 2098
f 2108 2098 3217
f 2108 3217 2457
f 3217 2098 3216
f 2420 2422 2056
f 2420 2056 2054
f 3129 3130 3218
f 3129 3218 3219
f 3130 3220 3218
f 1646 1645 3177
f 3177 1645 3178
f 1645 3221 3178
f 3178 3221 3179
f 3179 3221 1585
f 1644 3222 1645
f 3221 3223 3224
f 1585 3221 1586
f 3221 3225 1586
f 1586 3225 2249
f 2249 3225 2247
f 2247 3225 2250
f 2250 3225 3133
f 3133 3225 3138
f 3221 1645 3223
f 3223 1645 3226
f 3226 1645 3222
f 2363 3227 2362
f 2362 3227 2824
f 3227 3228 2824
f 2824 3228 2010
f 2010 3228 2011
f 2363 2366 3227
f 3227 2366 3214
f 3227 3214 3229
f 3227 3229 3228
f 3228 3229 3215
f 3228 3215 3230
f 3230 3212 3228
f 3228 3212 3231
f 3228 3231 3232
f 3228 3232 3233
f 3233 3232 3234
f 3233 3234 3235
f 3231 3212 3236
f 3236 3212 3237
f 3236 3237 3238
f 3236 3238 3239
f 3239 3238 3240
f 3238 3147 3240
f 3240 3147 3241
f 3241 3147 3235
f 3235 3147 3233
f 3147 3166 3233
f 3233 3166 3242
f 3237 3212 3243
f 3243 3212 3155
f 3212 3244 3155
f 3155 3244 2367
f 3244 3213 2367
f 3213 2366 2367
f 3155 3154 3243
f 3243 3154 3152
f 3243 3152 3167
f 3243 3167 3237
f 3237 3167 3150
f 3237 3150 3238
f 3238 3150 3147
f 3147 3150 3148
f 3245 2327 3219
f 2327 3129 3219
f 2326 2327 2065
f 2326 2065 2315
f 2315 2065 2314
f 2314 2065 2312
f 2312 2065 2064
f 2312 2064 2310
f 2310 2064 2307
f 2064 3246 2307
f 2307 3246 1643
f 1643 3246 3143
f 1641 1643 3143
f 3143 3246 3247
f 2432 1557 3248
f 1557 1556 3248
f 3248 1556 1982
f 3248 1982 3249
f 3249 1982 1885
f 3249 1885 3250
f 3250 1885 3173
f 3173 1885 1887
f 3247 3246 3251
f 3251 3246 2064
f 3251 2064 2063
f 3251 2063 3252
f 3252 2063 2065
f 3252 2065 3253
f 3253 2065 3245
f 3245 2065 2327
f 3253 3245 3252
f 3252 3245 3219
f 3252 3219 3251
f 3251 3219 3254
f 3251 3254 3255
f 3255 3256 3251
f 3251 3256 3247
f 3256 3257 3247
f 3247 3257 3143
f 3257 3258 3143
f 3254 3219 3259
f 3259 3219 3260
f 3261 3262 2294
f 2294 3262 3177
f 3177 3262 1646
f 1646 3262 1644
f 3262 3263 1644
f 1644 3263 3264
f 1644 3264 3265
f 1644 3265 3222
f 3222 3265 3226
f 3265 3266 3226
f 3226 3266 3223
f 3224 3223 3266
f 2068 2067 3267
f 3267 2067 3268
f 2067 2066 3268
f 3268 2066 3269
f 3269 2066 3175
f 3175 2066 2303
f 2068 3267 2294
f 2294 3267 3261
f 3267 3268 3261
f 3268 3269 3261
f 3261 3269 3262
f 3262 3269 3263
f 3263 3269 3270
f 3263 3270 3271
f 3271 3272 3263
f 3263 3272 3273
f 3263 3273 3274
f 3274 3273 3194
f 3274 3195 3263
f 3263 3195 3275
f 3263 3275 3276
f 3276 3275 3196
f 3276 3196 3277
f 3277 3196 3174
f 3196 3278 3174
f 3278 3197 3174
f 3197 3279 3174
f 3279 3194 3273
f 3279 3273 3280
f 3279 3280 3176
f 3176 3280 3175
f 3280 3281 3175
f 3281 3282 3175
f 3175 3282 3283
f 3175 3283 3269
f 3269 3283 3270
f 3277 3284 3276
f 3276 3284 3285
f 3276 3285 3286
f 3286 3287 3276
f 3276 3287 3288
f 3276 3288 3289
f 3284 3290 3285
f 3285 3290 3291
f 3291 3290 3292
f 3292 3290 2110
f 3292 2110 3293
f 3293 2110 3289
f 2110 2111 3289
f 3289 2111 3276
f 2111 2114 3276
f 3174 3279 2219
f 2219 3279 3294
f 2219 3294 2220
f 2220 3294 2226
f 2226 3294 3176
f 3176 3294 3279
f 3174 2124 3277
f 3277 2124 1942
f 3277 1942 1944
f 3277 1944 3284
f 3284 1944 3290
f 3290 1944 2110
f 2110 1944 2070
f 2696 2695 3146
f 3146 2695 1678
f 1678 2695 1677
f 1677 2695 1937
f 1677 1937 1938
f 2102 3295 2100
f 2100 3295 2104
f 2104 3295 3296
f 2104 3296 3297
f 3297 3296 3298
f 3297 3298 3299
f 3295 2102 3300
f 3300 2102 3301
f 3300 3301 3302
f 3302 3301 3303
f 3301 3304 3303
f 3303 3304 3305
f 3304 3306 3305
f 3305 3306 3299
f 3299 3306 3297
f 3297 3306 3187
f 3297 3187 3307
f 3297 3307 1677
f 1677 3307 3188
f 1677 3188 3308
f 3308 3185 1677
f 1677 3185 1678
f 1678 3185 3146
f 3146 3185 3144
f 3144 3186 3145
f 3145 3186 3309
f 3145 3309 3172
f 3309 3187 3172
f 3172 3187 3306
f 2102 2103 3301
f 3301 2103 2043
f 3301 2043 2042
f 3301 2042 3304
f 3304 2042 2041
f 3304 2041 3306
f 3306 2041 3172
f 3172 2041 3171
f 3026 3025 3305
f 3305 3025 3303
f 3025 3024 3303
f 3303 3024 3310
f 3303 3310 3311
f 3311 3310 3312
f 3311 3312 3313
f 3313 3312 3314
f 3314 3312 3034
f 3314 3034 3033
f 3034 3312 3036
f 3036 3312 3310
f 3024 3036 3310
f 3303 3311 3302
f 3302 3311 3313
f 3302 3313 3300
f 3300 3313 3315
f 3300 3315 3295
f 3295 3315 3033
f 3295 3033 3296
f 3296 3033 3030
f 3296 3030 3298
f 3298 3030 3028
f 3298 3028 3299
f 3299 3028 3026
f 3299 3026 3305
f 3033 3315 3314
f 3314 3315 3313
f 3047 3046 3285
f 3285 3046 3286
f 3046 3043 3286
f 3286 3043 3287
f 3043 3041 3287
f 3287 3041 3288
f 3041 3039 3288
f 3288 3039 3289
f 3039 3038 3289
f 3289 3038 3293
f 3038 3037 3293
f 3293 3037 3292
f 3037 3049 3292
f 3292 3049 3291
f 3049 3047 3291
f 3291 3047 3285
f 3060 3059 3270
f 3270 3059 3271
f 3059 3056 3271
f 3271 3056 3272
f 3056 3054 3272
f 3272 3054 3273
f 3054 3052 3273
f 3273 3052 3280
f 3052 3051 3280
f 3280 3051 3281
f 3051 3050 3281
f 3281 3050 3282
f 3050 3061 3282
f 3282 3061 3283
f 3061 3060 3283
f 3283 3060 3270
f 3071 3070 3258
f 3258 3070 3316
f 3070 3067 3316
f 3316 3067 3260
f 3067 3065 3260
f 3260 3065 3259
f 3065 3064 3259
f 3259 3064 3254
f 3064 3063 3254
f 3254 3063 3255
f 3063 3062 3255
f 3255 3062 3256
f 3062 3073 3256
f 3256 3073 3257
f 3073 3071 3257
f 3257 3071 3258
f 3084 3083 3317
f 3317 3083 3318
f 3083 3080 3318
f 3318 3080 3319
f 3080 3078 3319
f 3319 3078 3320
f 3078 3076 3320
f 3320 3076 3321
f 3076 3075 3321
f 3321 3075 3322
f 3075 3074 3322
f 3322 3074 3323
f 3074 3086 3323
f 3323 3086 3324
f 3086 3084 3324
f 3324 3084 3317
f 3325 3326 3235
f 3235 3326 3241
f 3235 3234 3325
f 3325 3234 3110
f 3325 3110 3326
f 3326 3110 3327
f 3326 3327 3328
f 3328 3327 3087
f 3328 3087 3099
f 3087 3327 3088
f 3088 3327 3110
f 3110 3234 3089
f 3089 3234 3091
f 3234 3232 3091
f 3091 3232 3093
f 3232 3231 3093
f 3093 3231 3096
f 3231 3236 3096
f 3096 3236 3097
f 3236 3239 3097
f 3097 3239 3099
f 3239 3240 3099
f 3099 3240 3329
f 3099 3329 3328
f 3328 3329 3326
f 3326 3329 3241
f 3241 3329 3240
f 3166 1883 3242
f 3242 1883 2433
f 3242 2433 2444
f 3242 2444 3330
f 3330 3331 3242
f 3242 3331 3233
f 3331 2011 3233
f 3233 2011 3228
f 2104 3297 2105
f 2105 3297 3332
f 3297 1677 3332
f 3332 1677 1938
f 3263 3276 3264
f 3264 3276 3333
f 3276 2114 3333
f 3333 2114 2453
f 2423 3334 2424
f 2424 3334 3335
f 3334 3218 3335
f 3335 3218 3220
f 3218 3334 3219
f 3219 3334 3260
f 3260 3334 3316
f 3316 3334 3258
f 3258 3334 3143
f 3143 3334 3204
f 3143 3204 3336
f 3336 3205 3143
f 3143 3205 3142
f 3142 3206 3141
f 3141 3206 3337
f 3141 3337 3173
f 3337 3203 3173
f 3173 3203 3250
f 3204 3334 3338
f 3338 3334 3203
f 3203 3334 3250
f 3250 3334 3249
f 1685 3339 2040
f 2040 3339 2039
f 2039 3339 3340
f 3340 3339 3341
f 3341 3339 3342
f 3342 3339 2106
f 3342 2106 3343
f 3343 2106 2105
f 3343 2105 3344
f 3344 2105 3345
f 3345 2105 3346
f 3346 2105 3332
f 3346 3332 1940
f 1940 3332 1939
f 3332 1938 1939
f 2106 3339 3347
f 3347 3339 3348
f 3347 3348 3349
f 3349 3348 3350
f 3350 3348 3351
f 3351 3348 3352
f 3351 3352 3353
f 3353 3352 3354
f 3353 3354 2455
f 2455 3354 3355
f 2455 3355 2454
f 2454 3355 3356
f 2454 3356 2452
f 2452 3356 3357
f 2452 3357 2453
f 2453 3357 3358
f 2453 3358 3359
f 2453 3359 3333
f 3333 3359 3360
f 3333 3360 3264
f 3264 3360 3361
f 3264 3361 3265
f 3265 3361 3362
f 3265 3362 3266
f 3266 3362 3363
f 3266 3363 3364
f 3364 3363 3365
f 3364 3365 3366
f 3366 3365 3367
f 3366 3367 3368
f 3368 3367 3220
f 3220 3367 3369
f 3220 3369 3370
f 3220 3370 3335
f 3335 3370 3371
f 3335 3371 3372
f 3335 3372 2424
f 2424 3372 3373
f 2424 3373 2425
f 2425 3373 3374
f 2425 3374 2426
f 2426 3374 3375
f 2426 3375 3376
f 3376 3375 3377
f 3376 3377 3378
f 3378 3377 3379
f 3378 3379 3380
f 3380 3379 3381
f 3380 3381 3382
f 2426 3376 2427
f 2427 3376 3383
f 2427 3383 2428
f 2428 3383 2430
f 3369 3367 3384
f 3384 3367 3382
f 3382 3367 3380
f 3380 3367 3385
f 3380 3385 3378
f 3378 3385 3386
f 3378 3386 3376
f 3376 3386 3387
f 3376 3387 3383
f 3383 3387 3388
f 3383 3388 2430
f 2430 3388 3389
f 2430 3389 2442
f 2442 3389 3390
f 2442 3390 2441
f 2441 3390 2443
f 2443 3390 2444
f 2444 3390 1896
f 2444 1896 1897
f 1897 1898 2444
f 2444 1898 1899
f 2444 1899 3330
f 3330 1899 3391
f 3330 3391 2008
f 3330 2008 3331
f 3331 2008 2009
f 3331 2009 2011
f 1896 3390 1900
f 1900 3390 1902
f 3355 3354 3392
f 3392 3354 3393
f 3392 3393 3394
f 3394 3393 3395
f 3394 3395 3396
f 3396 3395 3397
f 3396 3397 3398
f 3398 3397 3399
f 3399 3397 3361
f 3361 3397 3362
f 1686 1757 3390
f 3400 3389 3388
f 3388 3387 3400
f 3387 3386 3383
f 3383 3386 3376
f 3380 3385 3401
f 3380 3401 3367
f 3367 3401 3365
f 3385 3367 3401
f 3401 3365 3363
f 3402 3390 3389
f 3390 3403 1686
f 3389 3400 3404
f 3390 1757 1902
f 1902 1757 1905
f 1904 1905 1903
f 1903 1905 1757
f 1903 1757 1755
f 1888 2002 1899
f 1899 2002 3391
f 3391 2002 2004
f 3391 2004 2008
f 3130 3137 3220
f 3220 3137 3368
f 3137 3136 3368
f 3368 3136 3135
f 3368 3135 3366
f 3366 3135 3139
f 3139 3405 3366
f 3366 3405 3364
f 3405 3224 3364
f 3364 3224 3266
f 2455 2122 3353
f 3353 2122 2448
f 3353 2448 2447
f 3353 2447 3351
f 2447 2458 3351
f 3351 2458 2456
f 3406 2456 2457
f 3406 2457 3217
f 2456 3406 3350
f 3350 3406 3349
f 3351 2456 3350
f 3406 3217 3349
f 3349 3217 3347
f 3347 3217 3216
f 3216 2099 3347
f 3347 2099 2106
f 1909 1907 1940
f 1940 1907 3346
f 3346 1907 3345
f 3345 1907 1906
f 3345 1906 1941
f 3345 1941 3344
f 3344 1941 1910
f 3344 1910 3343
f 3343 1910 1912
f 3343 1912 3342
f 3342 1912 2035
f 3342 2035 3341
f 3341 2035 3340
f 3340 2035 2037
f 3340 2037 2038
f 3340 2038 2039
f 2040 1736 1685
f 1685 1736 1834
f 1685 1834 3009
f 1834 1817 3008
f 3008 1817 3006
f 1817 1820 3006
f 3006 1820 3005
f 1820 1823 3005
f 3005 1823 3003
f 1823 1826 3003
f 3003 1826 3002
f 3002 1826 3001
f 3001 1826 1828
f 3001 1828 1830
f 2998 1832 1833
f 2998 1833 2997
f 2997 1833 1840
f 2997 1840 2995
f 2995 1840 1842
f 2995 1842 2994
f 2994 1842 3407
f 2994 3407 2993
f 2993 3407 2991
f 1757 1686 1756
f 1756 1686 2972
f 1756 2972 1764
f 1764 2972 2970
f 1764 2970 1761
f 1761 2970 2968
f 1761 2968 1758
f 1758 2968 2966
f 1758 2966 1768
f 1768 2966 2965
f 1768 2965 2964
f 1768 2964 1772
f 1772 2964 2962
f 1772 2962 1775
f 1775 2962 2961
f 3408 2960 3409
f 3409 2960 2958
f 3409 2958 1787
f 1787 2958 2957
f 1787 2957 3410
f 3410 2957 2956
f 3410 2956 1791
f 1791 2956 2954
f 1791 2954 1794
f 1794 2954 2953
f 1794 2953 2952
f 2948 1810 1728
f 2948 1728 2950
f 2950 1728 1798
f 2950 1798 2952
f 2952 1798 3411
f 2952 3411 1794
f 1794 3411 1791
f 1728 1799 1798
f 1796 1795 1798
f 1798 1795 1794
f 1798 1794 3411
f 3411 1794 1793
f 3411 1793 1791
f 1761 1758 1767
f 1767 1758 1768
f 1767 1768 1772
f 1761 1767 1760
f 1760 1767 1758
f 1758 1767 1766
f 1768 1772 1769
f 1769 1772 1771
f 1772 1776 1773
f 1773 1776 1775
f 1776 1780 1778
f 1778 1780 1779
f 1772 1775 1776
f 1776 1775 2961
f 1776 2961 3408
f 1776 3408 1780
f 1780 3408 3409
f 1780 3409 3412
f 3412 3409 1787
f 3412 1787 3410
f 1780 3412 1781
f 1781 3412 1783
f 1783 3412 1784
f 1784 3412 1785
f 1785 3412 1787
f 1787 3412 1790
f 1787 1790 1788
f 1791 1790 3411
f 1791 1790 3410
f 1790 3412 3410
f 3000 1830 3003
f 3003 1830 3413
f 3003 3413 3414
f 3003 3414 3004
f 3004 3414 3007
f 3007 3414 3008
f 3008 3414 3415
f 3008 3415 3009
f 3009 3415 3416
f 3009 3416 1685
f 3416 3415 3339
f 3339 3415 3417
f 2994 2992 2995
f 2995 2992 3418
f 2995 3418 2996
f 2996 3418 3419
f 2996 3419 2998
f 2998 3419 1832
f 1832 3419 1830
f 1830 3419 3420
f 1830 3420 3413
f 2991 2990 2992
f 2992 2990 2989
f 2992 2989 2987
f 2992 2987 3418
f 3418 2987 3421
f 3418 3421 3422
f 3422 3421 3423
f 3422 3423 3424
f 3424 3423 3425
f 3424 3425 3426
f 3426 3425 2917
f 2986 2984 2987
f 2987 2984 2982
f 2987 2982 3421
f 3421 2982 3427
f 3421 3427 3428
f 3428 3427 3429
f 3428 3429 3425
f 3425 3429 3430
f 3425 3430 2919
f 3425 2919 2917
f 3431 2917 2916
f 3431 2916 2907
f 2907 2906 3431
f 3431 2906 2905
f 3431 2905 2904
f 2904 2903 3431
f 3431 2903 3432
f 3431 3432 3426
f 2917 3431 3426
f 3430 3429 3427
f 3430 3427 3433
f 3433 3427 1847
f 1847 3427 2836
f 3427 2982 2836
f 2836 2982 2981
f 3425 3423 3428
f 3428 3423 3421
f 3433 1847 2980
f 3433 2980 3434
f 3434 2980 1845
f 3434 1845 2979
f 3433 3434 3430
f 1685 3416 3339
f 2956 2957 2955
f 2955 2957 2959
f 2955 2959 3435
f 3435 2959 3436
f 3435 3436 3437
f 3437 3436 3438
f 3437 3438 3439
f 3439 3438 3440
f 3439 3440 3441
f 3441 3440 3442
f 3441 3442 3443
f 3443 3442 3444
f 3443 3444 3445
f 3445 3444 3100
f 3445 3100 3104
f 3104 3105 3445
f 3445 3105 3446
f 3445 3446 3447
f 3447 3446 1248
f 3447 1248 3448
f 3448 1248 3449
f 3449 1248 3450
f 3450 1248 3451
f 3451 1248 3452
f 3452 1248 1249
f 3452 1249 3453
f 3453 1249 1250
f 3453 1250 1251
f 3452 3453 3454
f 3454 3453 3455
f 3454 3455 3456
f 3456 3455 3457
f 3456 3457 3458
f 3458 3457 3459
f 3458 3459 3460
f 3460 3459 3461
f 3460 3461 3462
f 3462 3461 3463
f 3462 3463 3464
f 3464 3463 3465
f 3464 3465 3466
f 3466 3465 3467
f 3466 3467 2841
f 2841 3467 2840
f 2840 3467 2837
f 2837 3467 2838
f 2838 3467 3468
f 3468 3467 3469
f 3468 3469 3470
f 3468 3470 3471
f 3471 3470 3472
f 3471 3472 3473
f 2841 2843 3466
f 3466 2843 2948
f 3466 2948 2949
f 3454 3456 3474
f 3474 3456 3475
f 3475 3456 3476
f 3476 3456 3445
f 3476 3445 3447
f 3445 3456 3443
f 3443 3456 3458
f 3443 3458 3441
f 3441 3458 3460
f 3441 3460 3439
f 3439 3460 3462
f 3439 3462 3477
f 3477 3462 3478
f 3477 3478 3435
f 3435 3478 3466
f 3435 3466 2949
f 2949 2951 3435
f 3435 2951 2952
f 3435 2952 2955
f 2955 2952 2953
f 3466 3478 3464
f 3464 3478 3462
f 3435 3437 3477
f 3477 3437 3439
f 1248 3446 1247
f 1247 3446 1246
f 3105 3106 3446
f 3446 3106 3107
f 3446 3107 3479
f 3479 3107 3108
f 3479 3108 3109
f 3109 3103 3479
f 3479 3103 3480
f 3479 3480 3481
f 3481 3480 3482
f 3481 3482 3376
f 3376 3482 3383
f 3376 3378 3481
f 3481 3378 3483
f 3481 3483 3484
f 3481 3484 3479
f 3484 3485 3479
f 3479 3485 3486
f 3479 3486 3487
f 3487 3488 3479
f 3479 3488 3446
f 3446 3488 1246
f 1246 3488 3489
f 1246 3489 1245
f 1245 3489 1244
f 3488 3490 3489
f 3489 3490 3491
f 3489 3491 3492
f 3492 3493 3489
f 3489 3493 3494
f 3489 3494 1242
f 1242 3494 1241
f 3489 1242 1244
f 1244 1242 1243
f 3493 3495 3494
f 3494 3495 3365
f 3494 3365 3363
f 3495 3496 3365
f 3365 3496 3497
f 3365 3497 3367
f 3367 3497 3498
f 3367 3498 3499
f 3499 3500 3367
f 3367 3500 2200
f 3367 2200 3380
f 3380 2200 3490
f 3380 3490 3501
f 3501 3502 3380
f 3380 3502 3503
f 3380 3503 3504
f 3380 3504 3378
f 3378 3504 3483
f 3490 2200 3500
f 3500 3505 3490
f 3490 3505 3491
f 3100 3444 3101
f 3101 3444 3102
f 3102 3444 3103
f 3103 3444 3480
f 2959 2960 3436
f 3436 2960 3408
f 3436 3408 2961
f 1686 3403 2973
f 2973 3403 2972
f 3403 3390 2972
f 2972 3390 3506
f 2972 3506 2971
f 2971 3506 2970
f 3390 3402 3506
f 3506 3402 3389
f 3506 3389 3507
f 3507 3389 3404
f 3507 3404 3400
f 1159 1160 1155
f 1155 1160 1162
f 1155 1162 1156
f 1156 1162 1163
f 1156 1163 1164
f 1158 1156 1164
f 1169 1067 1155
f 1155 1170 1169
f 1170 1171 1169
f 1169 1171 1159
f 1159 1171 3508
f 3508 3509 1159
f 1159 3509 1239
f 1239 1238 1159
f 1159 1238 1160
f 1160 1238 1168
f 1168 1238 1162
f 1162 1238 1167
f 1167 1238 1235
f 1167 1235 1158
f 1158 1235 1166
f 3509 3510 1239
f 1239 3510 3511
f 1239 3511 3512
f 3512 3511 3513
f 3512 3513 3514
f 1239 3512 1240
f 1240 3512 3515
f 3515 3516 1240
f 1240 3516 3517
f 1240 3517 3518
f 3518 3519 1240
f 1240 3519 1256
f 1256 3519 3520
f 1256 3520 1253
f 1253 3520 1252
f 1253 1254 1256
f 1256 1254 1255
f 3519 3521 3520
f 3520 3521 3522
f 3520 3522 3523
f 3523 3522 3524
f 3523 3524 3525
f 3525 3524 3526
f 3525 3526 3527
f 3527 3526 3528
f 3527 3528 3529
f 3529 3528 3530
f 3529 3530 3531
f 3531 3530 2915
f 3531 2915 3532
f 3532 2915 2914
f 3532 2914 2913
f 2915 3530 2893
f 2915 2893 1593
f 2893 3530 2894
f 2894 3530 3533
f 2894 3533 2895
f 2895 3533 3534
f 2895 3534 2897
f 2897 3534 3535
f 2897 3535 2899
f 2899 3535 3536
f 2899 3536 2900
f 2900 3536 3537
f 2900 3537 2902
f 2902 3537 3538
f 2902 3538 3539
f 2902 3539 2903
f 3530 3528 3533
f 3533 3528 3540
f 3533 3540 3534
f 3534 3540 3541
f 3534 3541 3535
f 3535 3541 3542
f 3535 3542 3536
f 3536 3542 3543
f 3536 3543 3537
f 3537 3543 3544
f 3537 3544 3538
f 3538 3544 3545
f 3538 3545 3546
f 3546 3545 3547
f 3546 3547 3548
f 3548 3547 3549
f 3548 3549 3550
f 3550 3549 3419
f 3550 3419 3418
f 3528 3526 3540
f 3540 3526 3551
f 3540 3551 3541
f 3541 3551 3552
f 3541 3552 3542
f 3542 3552 3553
f 3542 3553 3543
f 3543 3553 3554
f 3543 3554 3544
f 3544 3554 3555
f 3544 3555 3545
f 3545 3555 3556
f 3545 3556 3547
f 3547 3556 3557
f 3547 3557 3558
f 3558 3557 3420
f 3558 3420 3419
f 3419 3549 3558
f 3558 3549 3547
f 3526 3524 3551
f 3551 3524 3559
f 3551 3559 3552
f 3552 3559 3560
f 3552 3560 3553
f 3553 3560 3561
f 3553 3561 3554
f 3554 3561 3562
f 3554 3562 3555
f 3555 3562 3563
f 3555 3563 3556
f 3556 3563 3564
f 3556 3564 3557
f 3557 3564 3420
f 3524 3522 3559
f 3559 3522 3565
f 3559 3565 3560
f 3560 3565 3566
f 3560 3566 3561
f 3561 3566 3567
f 3561 3567 3562
f 3562 3567 3568
f 3562 3568 3563
f 3563 3568 3569
f 3563 3569 3570
f 3570 3569 3413
f 3570 3413 3420
f 3420 3564 3570
f 3570 3564 3563
f 3522 3521 3571
f 3522 3571 3572
f 3572 3573 3522
f 3522 3573 3565
f 3565 3573 3574
f 3565 3574 3566
f 3566 3574 3575
f 3566 3575 3567
f 3567 3575 3576
f 3567 3576 3568
f 3568 3576 3577
f 3568 3577 3578
f 3578 3577 3579
f 3578 3579 3413
f 3413 3579 3414
f 3515 3512 3580
f 3580 3512 3581
f 3580 3581 3573
f 3573 3581 3582
f 3573 3582 3574
f 3574 3582 3583
f 3574 3583 3584
f 3584 3585 3574
f 3574 3585 3575
f 3585 3586 3575
f 3575 3586 3587
f 3575 3587 3576
f 3576 3587 3588
f 3576 3588 3589
f 3589 3588 3590
f 3589 3590 3591
f 3591 3590 3592
f 3592 3590 3593
f 3592 3593 3594
f 3594 3593 3595
f 3594 3595 3596
f 3596 3595 3352
f 3592 3348 3591
f 3591 3348 3417
f 3591 3417 3415
f 3415 3414 3591
f 3591 3414 3579
f 3591 3579 3597
f 3576 3597 3577
f 3597 3579 3577
f 3576 3589 3597
f 3597 3589 3591
f 3590 3588 3593
f 3593 3588 3595
f 3595 3588 3598
f 3595 3598 3352
f 3352 3598 3354
f 3588 3587 3598
f 3598 3587 3599
f 3598 3599 3354
f 3354 3599 3600
f 3354 3600 3393
f 3393 3600 3601
f 3393 3601 3602
f 3602 3603 3393
f 3393 3603 3604
f 3393 3604 3395
f 3395 3604 3508
f 3395 3508 3605
f 3605 3508 3606
f 3605 3606 3607
f 3607 3606 3608
f 3605 3609 3395
f 3395 3609 2207
f 3395 2207 3397
f 3397 2207 3610
f 3397 3610 3611
f 3611 3612 3397
f 3397 3612 3613
f 3397 3613 3362
f 3362 3613 3614
f 3362 3614 3363
f 3363 3614 3494
f 3494 3614 1241
f 1241 3614 1196
f 1241 1196 1237
f 1237 1196 1180
f 1237 1180 1191
f 1191 1182 1237
f 1237 1182 1183
f 1237 1183 1192
f 1237 1192 1236
f 1192 1193 1236
f 1236 1193 1189
f 1236 1189 1174
f 1174 1189 1190
f 1174 1190 1194
f 1194 1188 1174
f 1174 1188 3606
f 1174 3606 1176
f 1176 3606 1178
f 1188 1195 3606
f 1195 1186 3606
f 3606 1186 3614
f 3606 3614 3608
f 3608 3614 3615
f 3613 3615 3614
f 3614 1186 1184
f 3614 1184 1196
f 1174 1173 1236
f 1236 1173 1172
f 1236 1172 1235
f 3610 2207 3616
f 3616 2207 3609
f 3600 3599 3514
f 3586 3617 3587
f 3587 3617 3618
f 3587 3618 3599
f 3599 3618 3514
f 3514 3618 3512
f 3512 3618 3619
f 3512 3619 3581
f 3619 3618 3620
f 3620 3618 3621
f 3618 3617 3621
f 3508 1171 3606
f 3606 1171 1156
f 3606 1156 1158
f 1158 1165 3606
f 3606 1165 1166
f 3606 1166 1178
f 1166 1235 1178
f 1178 1235 1176
f 1235 1172 1176
f 1176 1172 1173
f 1176 1173 1175
f 1156 1171 1155
f 1155 1171 1170
f 1180 1184 1179
f 1179 1184 1182
f 1182 1184 1186
f 1182 1186 1183
f 1183 1186 1188
f 1183 1188 1189
f 1197 1198 1199
f 1197 1199 1200
f 1197 1200 1204
f 1204 1200 1203
f 1203 1200 1205
f 1205 1200 1201
f 1205 1201 1202
f 1207 1208 1211
f 1211 1208 1209
f 1211 1209 1212
f 1212 1209 1213
f 1213 1209 1210
f 1217 1215 1218
f 1218 1215 1219
f 1219 1215 1216
f 1226 1221 1227
f 1221 1222 1227
f 1227 1222 1223
f 1227 1223 1224
f 1227 1224 1228
f 1228 1224 1225
f 1232 1230 1233
f 1233 1230 1234
f 1234 1230 1231
f 3471 3622 3468
f 3539 3623 2903
f 2903 3623 3432
f 3432 3623 3624
f 3432 3624 3625
f 3625 3624 3546
f 3625 3546 3548
f 3546 3624 3538
f 3538 3624 3539
f 3624 3623 3539
f 3432 3625 3426
f 3426 3625 3424
f 3625 3548 3424
f 3424 3548 3626
f 3424 3626 3422
f 3422 3626 3418
f 3418 3626 3550
f 3550 3626 3548
f 3027 3029 3581
f 3581 3029 3582
f 3582 3029 3583
f 3583 3029 3032
f 3583 3032 3584
f 3584 3032 3031
f 3584 3031 3585
f 3585 3031 3035
f 3585 3035 3586
f 3586 3035 1621
f 3586 1621 3617
f 3617 1621 3621
f 1621 1620 3621
f 3621 1620 3620
f 1620 1622 3620
f 3620 1622 3619
f 1622 3027 3619
f 3619 3027 3581
f 2298 1627 3613
f 3613 1627 3615
f 3615 1627 3608
f 3608 1627 1626
f 3608 1626 3607
f 3607 1626 1628
f 3607 1628 3605
f 3605 1628 3053
f 3605 3053 3609
f 3609 3053 3055
f 3609 3055 3616
f 3616 3055 3610
f 3055 3058 3610
f 3610 3058 3611
f 3058 3057 3611
f 3611 3057 3612
f 3057 2298 3612
f 3612 2298 3613
f 3072 1630 3500
f 3500 1630 3505
f 3505 1630 3491
f 3491 1630 1629
f 3491 1629 3492
f 3492 1629 1631
f 3492 1631 3493
f 3493 1631 2314
f 3493 2314 3495
f 3495 2314 3066
f 3495 3066 3496
f 3496 3066 3497
f 3066 3069 3497
f 3497 3069 3498
f 3069 3068 3498
f 3498 3068 3499
f 3068 3072 3499
f 3499 3072 3500
f 3048 1624 3509
f 3509 1624 3510
f 3510 1624 3511
f 3511 1624 1623
f 3511 1623 3513
f 3513 1623 1625
f 3513 1625 3514
f 1625 3040 3514
f 3514 3040 3600
f 3040 3042 3600
f 3600 3042 3601
f 3601 3042 3602
f 3602 3042 3045
f 3602 3045 3603
f 3603 3045 3044
f 3603 3044 3604
f 3604 3044 3048
f 3604 3048 3508
f 3508 3048 3509
f 3594 3596 3627
f 3596 3352 3627
f 3627 3352 3354
f 3627 3354 3628
f 3628 3354 3393
f 3628 3393 3629
f 3629 3393 3395
f 3629 3395 3397
f 3085 1633 3483
f 3483 1633 3484
f 3484 1633 1632
f 3484 1632 3485
f 3485 1632 3486
f 1632 1634 3486
f 3486 1634 3487
f 1634 3077 3487
f 3487 3077 3488
f 3077 3079 3488
f 3488 3079 3490
f 3490 3079 3501
f 3501 3079 3502
f 3079 3082 3502
f 3502 3082 3503
f 3082 3081 3503
f 3503 3081 3504
f 3081 3085 3504
f 3504 3085 3483
f 3022 1618 3519
f 3519 1618 3521
f 3521 1618 3571
f 1618 1617 3571
f 3571 1617 3572
f 1617 1619 3572
f 3572 1619 3573
f 3573 1619 3014
f 3573 3014 3580
f 3580 3014 3016
f 3580 3016 3515
f 3016 3019 3515
f 3515 3019 3516
f 3516 3019 3517
f 3517 3019 3018
f 3517 3018 3518
f 3518 3018 3519
f 3018 3022 3519
f 3122 1639 3447
f 3447 1639 3476
f 3476 1639 1638
f 3476 1638 3475
f 3475 1638 3474
f 1638 1640 3474
f 3474 1640 3454
f 1640 3114 3454
f 3454 3114 3452
f 3452 3114 3116
f 3452 3116 3451
f 3116 3119 3451
f 3451 3119 3450
f 3450 3119 3449
f 3449 3119 3118
f 3449 3118 3448
f 3118 3122 3448
f 3448 3122 3447
f 1649 1648 3630
f 1649 3630 3631
f 3631 3630 1648
f 3631 1648 1649
f 1649 3632 3631
f 3632 3633 3634
f 3630 3635 1648
f 3635 3636 3637
f 3637 3636 3633
f 3633 3636 3634
f 3636 3637 3634
f 3634 3637 3633
f 3633 3637 3638
f 1652 1651 3639
f 1652 3639 3640
f 3640 3639 1651
f 3640 1651 1652
f 1652 3641 3640
f 3641 3642 3643
f 3639 3644 1651
f 3644 3645 3646
f 3646 3645 3642
f 3642 3645 3643
f 3645 3646 3643
f 3643 3646 3642
f 3642 3646 3647
f 3648 3649 3650
f 3650 3649 3651
f 1655 1654 3652
f 1655 3652 3653
f 3653 3652 1654
f 3653 1654 1655
f 1655 3654 3653
f 3654 3655 3656
f 3652 3657 1654
f 3657 3658 3659
f 3659 3658 3655
f 3655 3658 3656
f 3658 3659 3656
f 3656 3659 3655
f 3655 3659 3660
f 3661 3662 3635
f 3661 3635 3663
f 3663 3635 3664
f 3664 3635 3662
f 3665 3666 3667
f 3668 3669 3670
f 1658 1657 3671
f 1656 3672 1657
f 1657 3672 3673
f 1657 3673 3674
f 3674 3673 3675
f 3672 3676 3673
f 3673 3676 3677
f 3673 3677 3675
f 3675 3677 3678
f 3678 3677 3679
f 3679 3677 3680
f 3679 3680 3681
f 3681 3680 3682
f 3681 3682 3683
f 3683 3682 2793
f 2791 3683 2793
f 3676 3684 3677
f 3677 3684 3680
f 3684 3685 3680
f 3680 3685 3682
f 3685 3686 3682
f 3682 3686 2793
f 3686 2795 2793
f 1661 1660 3687
f 1661 3687 3688
f 3688 3687 3689
f 3688 3689 3690
f 3689 3687 3691
f 3690 3692 3688
f 3688 3692 3693
f 3688 3693 1661
f 1661 3693 3694
f 3695 3696 3697
f 3698 3699 3700
f 1664 1663 3701
f 1664 3701 3702
f 3702 3701 1663
f 3702 1663 1664
f 1664 3703 3702
f 3703 3704 3705
f 3701 3706 1663
f 3706 3707 3708
f 3708 3707 3704
f 3704 3707 3705
f 3707 3708 3705
f 3705 3708 3704
f 3704 3708 3709
f 1667 1666 3710
f 1667 3710 3711
f 3711 3710 1666
f 3711 1666 1667
f 1667 3712 3711
f 3712 3713 3714
f 3710 3715 1666
f 3715 3716 3717
f 3717 3716 3713
f 3713 3716 3714
f 3716 3717 3714
f 3714 3717 3713
f 3713 3717 3718
f 3719 3720 3671
f 3671 3720 3721
f 3671 3721 2584
f 3671 2584 3722
f 3671 3722 1658
f 1658 3722 3723
f 1658 3723 3724
f 1658 3724 1656
f 1656 3724 3725
f 1656 3725 2589
f 2589 3726 1656
f 1656 3726 3672
f 3726 2590 3672
f 3672 2590 3727
f 3672 3727 3728
f 3672 3728 3676
f 3676 3728 3729
f 3676 3729 3730
f 3730 3731 3676
f 3676 3731 3684
f 3731 3732 3684
f 3684 3732 3733
f 3684 3733 2867
f 3684 2867 3685
f 3685 2867 3734
f 3685 3734 2865
f 3685 2865 3686
f 3686 2865 3735
f 3686 3735 3736
f 3736 3737 3686
f 3686 3737 2795
f 3720 3719 3721
f 3721 3719 3738
f 3721 3738 3739
f 3691 3687 3740
f 3740 3687 3741
f 3741 3687 2676
f 2676 3687 3742
f 3742 3687 1660
f 3742 1660 3743
f 3743 1660 1659
f 3743 1659 2744
f 2744 1659 3744
f 1659 3745 3744
f 3744 3745 2741
f 2741 3745 3746
f 3746 3745 2731
f 3745 3747 2731
f 2731 3747 3748
f 3748 3747 3749
f 3749 3747 3750
f 3747 3751 3750
f 3750 3751 3752
f 3752 3751 2723
f 2723 3751 3753
f 3751 3754 3753
f 3753 3754 3755
f 3755 3754 2712
f 2712 3754 2710
f 3754 3756 2710
f 2710 3756 2708
f 2708 3756 3757
f 3757 3756 2703
f 3757 2703 3758
f 3758 2703 3759
f 3760 3739 3761
f 3761 3739 3762
f 3761 3762 3674
f 3674 3762 1657
f 1657 3762 3671
f 3671 3762 3719
f 3719 3762 3738
f 3738 3762 3739
f 3763 3760 3764
f 3764 3760 3765
f 3764 3765 3692
f 3692 3765 3693
f 3764 3692 3766
f 3760 3761 3765
f 3765 3761 3767
f 3765 3767 3693
f 3693 3767 3694
f 3767 3761 3674
f 3768 3769 3644
f 3768 3644 3770
f 3770 3644 3771
f 3771 3644 3769
f 3772 3768 3773
f 3773 3768 3774
f 3774 3768 3770
f 3775 3776 3777
f 3777 3776 3778
f 3778 3776 3779
f 3780 3775 3781
f 3781 3775 3777
f 3781 3777 3782
f 3782 3783 3781
f 3781 3783 3784
f 3643 3784 3783
f 3784 3785 3781
f 1670 1669 3786
f 1670 3786 3652
f 3786 1669 3787
f 3787 1669 1932
f 1932 1669 1933
f 3770 3771 3788
f 3788 3771 3670
f 3670 3771 3668
f 3668 3771 3789
f 3668 3771 2739
f 3790 3670 3791
f 3791 3670 3792
f 3792 3670 3793
f 3793 3670 3669
f 3793 3669 3794
f 3793 3794 3795
f 3670 3790 3788
f 3788 3790 3770
f 3770 3790 3774
f 3774 3790 3791
f 3774 3791 3796
f 3796 3797 3774
f 3774 3797 3773
f 3797 3798 3773
f 3773 3798 3799
f 3773 3799 3800
f 3800 3799 3798
f 3773 3800 3801
f 3773 3801 2524
f 2524 2748 3773
f 3773 2748 2746
f 3773 2746 3802
f 3802 3803 3773
f 3773 3803 2743
f 3773 2743 3772
f 3772 2743 3804
f 3772 3804 2742
f 2742 3768 3772
f 3805 3778 3806
f 3806 3778 3807
f 3807 3778 3779
f 3807 3779 3808
f 3807 3779 2720
f 3809 3810 3806
f 3806 3810 3811
f 3806 3811 3812
f 3806 3807 3809
f 3806 3812 3813
f 3813 3812 3814
f 3813 3814 1841
f 3813 1841 1842
f 3815 2734 3816
f 3816 2734 3643
f 2734 3815 3817
f 2734 2732 3643
f 3643 2732 3784
f 3784 2732 2730
f 3784 2730 3785
f 3785 2730 3818
f 3785 3818 3819
f 3785 3819 3781
f 3781 3819 2726
f 3781 2726 3780
f 3780 2726 2725
f 3780 2725 2724
f 2724 3775 3780
f 3778 3805 3777
f 3777 3805 3806
f 3777 3806 3820
f 3777 3820 3782
f 3820 3821 3782
f 3782 3821 3783
f 3783 3821 3643
f 3643 3821 3815
f 3643 3815 3816
f 3815 3821 3817
f 3817 3821 3822
f 3817 3822 1842
f 1842 3822 3813
f 3813 3822 3806
f 3806 3822 3820
f 3820 3822 3821
f 3823 3824 3825
f 3826 3823 3825
f 3825 3824 1819
f 1819 3824 1818
f 1818 3824 3827
f 1673 1672 3828
f 1673 3828 3829
f 3829 3828 1672
f 3829 1672 1673
f 1673 3830 3829
f 3830 3831 3832
f 3828 3833 1672
f 3833 3834 3835
f 3835 3834 3831
f 3831 3834 3832
f 3834 3835 3832
f 3832 3835 3831
f 3831 3835 3836
f 3823 3837 3652
f 3823 3652 3824
f 3824 3652 3786
f 3824 3786 3827
f 3827 3786 3787
f 3827 3787 3838
f 3839 3840 3841
f 3839 3841 3842
f 3663 3843 3661
f 3661 3843 3666
f 3661 3666 3665
f 3661 3665 3844
f 3665 2882 3844
f 3844 2882 3661
f 3843 3663 3666
f 3663 3664 3666
f 3666 3664 3845
f 3664 3846 3845
f 3845 3846 3847
f 3846 3848 3847
f 3847 3848 3849
f 3849 3848 3850
f 3851 3848 3852
f 3851 3852 3853
f 3853 3850 3851
f 3851 3850 3848
f 3852 3848 3854
f 3854 3848 1719
f 1719 3848 3855
f 1719 3855 2888
f 2888 3855 2887
f 2887 3855 3856
f 3856 3855 3857
f 3857 3855 3858
f 3857 3858 2885
f 2885 3858 3859
f 3858 3664 3859
f 3859 3664 2884
f 3846 3664 3848
f 3848 3664 3858
f 3855 3848 3858
f 3860 3841 3861
f 3860 3861 3862
f 3862 3861 1760
f 1760 3861 1759
f 3840 3861 3841
f 3841 3860 3863
f 3863 3860 3829
f 3829 3860 3864
f 3864 3860 3862
f 3864 3862 3865
f 3864 3865 3866
f 3867 3868 3869
f 3869 3868 3870
f 3869 3870 3871
f 3867 3872 3868
f 3868 3872 3870
f 3870 3872 3873
f 3873 3872 3874
f 3874 3872 3875
f 3874 3875 3651
f 3875 3876 3651
f 3651 3876 3650
f 3876 3877 3650
f 3876 3878 3877
f 3877 3878 3650
f 3650 3878 3648
f 3648 3878 3879
f 3648 3879 2871
f 2871 3879 3878
f 3878 3876 3880
f 3880 3881 3882
f 3882 3881 3883
f 3881 3880 3876
f 3881 3884 3883
f 3883 3884 1784
f 1784 3884 3885
f 3885 3884 3867
f 3885 3867 3886
f 3886 3867 3887
f 3886 3887 1790
f 1790 3887 3869
f 3867 3869 3887
f 3870 3873 3888
f 3870 3888 3871
f 3888 3873 3889
f 3889 3873 3890
f 3890 3873 3874
f 3890 3874 3651
f 3767 3674 3694
f 3694 3674 3675
f 3694 3675 3891
f 3891 3675 3892
f 3675 3678 3892
f 3892 3678 3893
f 3678 3679 3893
f 3893 3679 3681
f 3893 3681 3894
f 3894 3681 3683
f 3894 3683 3895
f 3895 3683 2791
f 3895 2791 2789
f 3895 2789 2787
f 3694 3891 1661
f 1661 3891 3896
f 1661 3896 1659
f 1659 3896 3745
f 3891 3892 3896
f 3896 3892 3897
f 3896 3897 3745
f 3745 3897 3747
f 3747 3897 3751
f 3751 3897 3898
f 3751 3898 3754
f 3754 3898 3899
f 3754 3899 3756
f 3756 3899 2785
f 3756 2785 2703
f 2703 2785 2782
f 2785 3899 2787
f 2787 3899 3895
f 3895 3899 3894
f 3899 3898 3894
f 3894 3898 3893
f 3898 3897 3893
f 3893 3897 3892
f 3168 3169 2804
f 2804 3169 2801
f 2801 3169 3170
f 2801 3170 2798
f 1757 3900 1756
f 3900 1754 1756
f 2973 1754 1752
f 3900 1757 3901
f 3900 3901 3902
f 3902 3901 3903
f 3901 2011 3903
f 3903 2011 2010
f 2824 3227 2363
f 2824 2363 2362
f 3228 3904 3227
f 3227 3904 2363
f 1679 1678 3146
f 3905 2040 1736
f 1736 1734 3905
f 1734 3010 1735
f 2780 1679 2779
f 2779 1679 3906
f 2779 3906 3907
f 3906 1679 3908
f 3908 1679 3909
f 1679 3146 3909
f 3909 3146 2777
f 3909 2777 3910
f 3910 2777 3911
f 3911 2777 2774
f 3911 2774 3907
f 3907 2774 2779
f 2774 2775 2779
f 2779 2775 2776
f 3900 3902 1754
f 3902 3912 1754
f 1754 3912 1752
f 2824 2362 2825
f 2827 2365 2829
f 2827 2829 2830
f 2830 2829 2802
f 2830 2802 2831
f 2831 2802 3912
f 2831 3912 2832
f 2832 3912 2825
f 2802 2800 3912
f 3912 2800 1752
f 2824 2825 2010
f 2010 2825 3912
f 2010 3912 3903
f 3903 3912 3902
f 2701 2765 2702
f 3146 1678 2696
f 2696 1678 2695
f 3913 3905 3914
f 3914 3905 1734
f 3914 1734 1735
f 3913 3915 3905
f 3905 3915 3916
f 3905 3916 2039
f 3905 2039 2040
f 3915 1937 3916
f 3916 1937 1938
f 3706 3701 3917
f 3917 3701 3918
f 3701 1663 3918
f 3918 1663 1662
f 3918 1662 3919
f 3919 1662 1664
f 3919 1664 3920
f 1664 3702 3920
f 3920 3702 3703
f 3920 3703 3921
f 3921 3703 3705
f 3921 3705 3922
f 3705 3704 3922
f 3704 3709 3922
f 3922 3709 3923
f 3709 3708 3923
f 3923 3708 3924
f 3708 3707 3924
f 3924 3707 3706
f 3924 3706 3917
f 3715 3710 3925
f 3925 3710 3926
f 3710 1666 3926
f 3926 1666 3927
f 1666 1665 3927
f 1665 1667 3927
f 3927 1667 3928
f 1667 3711 3928
f 3928 3711 3712
f 3928 3712 3929
f 3929 3712 3714
f 3929 3714 3930
f 3930 3714 3713
f 3930 3713 3931
f 3931 3713 3718
f 3931 3718 3717
f 3931 3717 3932
f 3932 3717 3716
f 3932 3716 3925
f 3925 3716 3715
f 1682 1681 3933
f 3933 1681 3934
f 3933 3934 3935
f 3935 3934 3936
f 3937 1681 3938
f 3938 1681 3939
f 3938 3939 3940
f 3940 3939 3941
f 3940 3941 3942
f 3942 3941 3943
f 3942 3943 3944
f 3943 3941 3945
f 3945 3941 3946
f 3946 3941 3947
f 3946 3947 2838
f 2838 3947 3948
f 3948 3947 3949
f 3949 3947 2840
f 2840 3947 2841
f 2841 3947 3950
f 2841 3950 3951
f 3951 3950 3952
f 3952 3950 2948
f 2948 3950 3953
f 3938 3940 3937
f 3937 3940 3954
f 3937 3954 3955
f 3955 3954 3956
f 3955 3956 3957
f 3957 3956 3958
f 3958 3956 3959
f 3959 3956 2849
f 3959 2849 3960
f 3960 2849 3958
f 3958 2849 3957
f 2849 2977 3957
f 3957 2977 3961
f 3957 3961 3962
f 3962 3961 3963
f 3962 3963 1681
f 1681 3963 3964
f 1681 3964 3934
f 3934 3964 3965
f 3934 3965 3966
f 3966 3965 1845
f 3966 1845 1847
f 3966 1847 3967
f 3967 3968 3966
f 3966 3968 3936
f 3966 3936 3934
f 3964 3963 3965
f 3965 3963 3961
f 3965 3961 3969
f 3969 3961 3970
f 3970 3961 2850
f 3970 2850 1846
f 3970 1846 3971
f 3971 1846 3969
f 2850 3961 2977
f 3969 1846 3965
f 1681 3937 3962
f 3962 3937 3955
f 3962 3955 3957
f 2849 3956 2847
f 2847 3956 3972
f 3972 3973 2847
f 2847 3973 2845
f 2845 3973 3974
f 3972 3956 3975
f 3972 3975 3974
f 3974 3975 2845
f 2845 3975 2838
f 2838 3975 3945
f 2838 3945 3946
f 3945 3975 3943
f 3943 3975 3944
f 3944 3975 3942
f 3942 3975 3954
f 3942 3954 3940
f 3956 3954 3975
f 1685 1684 3976
f 1685 3976 3977
f 3977 3976 3978
f 3977 3978 3010
f 3010 3978 3009
f 1688 1687 3979
f 3979 1687 3980
f 3980 1687 2973
f 3980 2973 2972
f 1686 1688 1757
f 1688 3979 1757
f 1757 3979 3980
f 1757 3980 3981
f 3982 3983 3976
f 3976 3983 3978
f 3983 3984 3978
f 3978 3984 3985
f 3978 3985 3986
f 3986 3985 3987
f 3986 3987 3988
f 3988 3987 3989
f 3988 3989 3990
f 3990 3989 3991
f 3990 3991 3992
f 3992 3991 3993
f 3992 3993 3994
f 3994 3993 3995
f 3994 3995 3922
f 3984 3996 3985
f 3985 3996 3997
f 3985 3997 3987
f 3987 3997 3998
f 3987 3998 3989
f 3989 3998 3999
f 3989 3999 3991
f 3991 3999 4000
f 3991 4000 3993
f 3993 4000 4001
f 3993 4001 3995
f 3995 4001 4002
f 3995 4002 4003
f 4003 4002 3939
f 4003 3939 1681
f 1681 1680 4003
f 4003 1680 4004
f 4003 4004 3919
f 3919 3920 4003
f 4003 3920 3921
f 3921 3922 4003
f 4003 3922 3995
f 1680 1682 4004
f 4004 1682 3933
f 3933 3935 4004
f 4004 3935 3936
f 4004 3936 4005
f 4005 3936 3968
f 4005 3968 3967
f 4005 3967 2981
f 4005 2981 2982
f 2982 4006 4005
f 4005 4006 4007
f 4005 4007 2986
f 2981 3967 4008
f 4008 3967 4009
f 4009 3967 1847
f 4004 4005 3919
f 3919 4005 3918
f 3996 4010 3997
f 3997 4010 4011
f 3997 4011 4012
f 4012 4011 4013
f 4012 4013 4014
f 4014 4013 2966
f 4014 2966 4015
f 4015 2963 4014
f 4014 2963 4016
f 4014 4016 4017
f 2966 4013 2967
f 2967 4013 2969
f 2969 4013 2970
f 2970 4013 2972
f 2972 4013 4011
f 2972 4011 3980
f 3980 4011 3981
f 3981 4011 4018
f 4018 4011 4010
f 3997 4012 3998
f 3998 4012 4019
f 3998 4019 3999
f 3999 4019 4020
f 3999 4020 4000
f 4000 4020 4021
f 4000 4021 4001
f 4001 4021 4022
f 4001 4022 4002
f 4002 4022 3931
f 4002 3931 3932
f 3932 3925 4002
f 4002 3925 3926
f 4002 3926 3939
f 3939 3926 3927
f 3939 3927 3941
f 3941 3927 3947
f 3947 3927 3928
f 3947 3928 3929
f 3929 3930 3947
f 3947 3930 3950
f 3930 3931 3950
f 3950 3931 4022
f 3950 4022 4023
f 4023 4022 4024
f 4023 4024 4025
f 4023 4025 4026
f 4023 4026 4027
f 4024 4022 4028
f 4028 4022 4021
f 4028 4021 4029
f 4029 4021 4030
f 4030 4021 4031
f 4031 4021 4032
f 4031 4032 4027
f 4027 4032 4023
f 4021 4020 4032
f 4032 4020 4033
f 4032 4033 2959
f 2959 4033 3409
f 3409 4033 4034
f 4034 4033 4035
f 4035 4033 4017
f 4017 4033 4014
f 2959 2957 4032
f 4032 2957 4036
f 4032 4036 4037
f 4037 2955 4032
f 4032 2955 4023
f 2955 4038 4023
f 4023 4038 2952
f 4023 2952 2951
f 2951 3953 4023
f 4023 3953 3950
f 4012 4014 4019
f 4019 4014 4039
f 4019 4039 4040
f 4019 4040 4041
f 4019 4041 4042
f 4019 4042 4020
f 4020 4042 4043
f 4020 4043 4033
f 4033 4043 4044
f 4033 4044 4045
f 4045 4046 4033
f 4033 4046 4039
f 4033 4039 4014
f 2040 1685 2039
f 2039 1685 1736
f 1736 1685 3977
f 1736 3977 1734
f 1734 3977 3010
f 2039 3916 2040
f 2040 3916 4047
f 2040 4047 4048
f 4048 4047 2783
f 4048 2783 2784
f 2784 2786 4048
f 4048 2786 2788
f 4048 2788 2790
f 2040 4048 1685
f 1685 4048 1683
f 1683 4048 1684
f 1684 4048 3976
f 3976 4048 3982
f 3982 4048 3983
f 3983 4048 3996
f 3983 3996 3984
f 4010 3996 4049
f 4010 4049 4018
f 4018 4049 3981
f 3981 4049 1757
f 1757 4049 3901
f 3901 4049 2011
f 2011 4049 4050
f 4050 4049 2796
f 4050 2796 2797
f 2796 4049 2794
f 2794 4049 2792
f 4049 3996 2792
f 2792 3996 2790
f 2790 3996 4048
f 3916 1938 4047
f 1677 1679 1938
f 1938 1679 4047
f 1679 2780 4047
f 4047 2780 2783
f 2798 3904 2797
f 2797 3904 4050
f 3904 3228 4050
f 4050 3228 2011
f 1686 1756 1687
f 1756 1754 1687
f 1687 1754 2973
f 1735 2702 3914
f 3914 2702 3913
f 3913 2702 3915
f 3915 2702 1937
f 1937 2702 2695
f 2695 2702 2698
f 2695 2698 2697
f 2695 2697 2696
f 2697 2770 2771
f 2770 2769 2771
f 2771 2769 2764
f 2771 2764 2765
f 2765 2764 2702
f 2764 2699 2702
f 2702 2699 2698
f 3010 3009 1735
f 1735 3009 4051
f 1735 4051 3007
f 3007 3004 4052
f 4052 3004 3005
f 4052 3005 1823
f 1823 3005 4053
f 1823 4053 1825
f 1825 4053 3000
f 1825 3000 1826
f 1826 3000 4054
f 1826 4054 4055
f 4055 4054 4056
f 4054 4057 4056
f 4056 4057 1835
f 4057 4058 1835
f 1835 4058 1832
f 1833 2996 2997
f 2997 2996 1840
f 2996 2995 1840
f 2995 4059 4060
f 4059 4061 4060
f 4060 4061 3407
f 4061 2992 3407
f 2992 4062 4063
f 4062 4064 4063
f 4063 4064 4065
f 4064 2989 4065
f 4065 2989 4066
f 4006 2982 4067
f 4067 2982 2981
f 4008 4009 4068
f 4068 4009 1847
f 4068 1847 1848
f 2972 2973 1752
f 2972 1752 2969
f 2972 2969 2970
f 2969 4069 2967
f 2967 4069 2966
f 2966 4069 4070
f 2966 4070 4015
f 4015 4070 1771
f 4015 1771 2963
f 2963 1771 1772
f 2963 1772 4071
f 2963 4071 4016
f 4016 4071 4072
f 4016 4072 4017
f 4017 4072 2961
f 4017 2961 4035
f 4035 2961 1779
f 4035 1779 4034
f 4034 1779 2960
f 4034 2960 3409
f 3409 2960 1784
f 3409 1784 2959
f 2959 1784 1787
f 2959 1787 2957
f 2957 1787 1788
f 2957 1788 4036
f 4036 1788 4073
f 4036 4073 4037
f 4037 4073 3667
f 4037 3667 2955
f 2955 3667 1794
f 2955 1794 4038
f 4038 1794 1796
f 4038 1796 2952
f 2952 1796 1800
f 2952 1800 2951
f 2951 1800 1803
f 2951 1803 3953
f 3953 1803 1726
f 3953 1726 2948
f 2948 1726 3952
f 2840 2839 3949
f 2839 1806 3949
f 3949 1806 3948
f 1806 4074 3948
f 3948 4074 2838
f 4074 1804 2838
f 2584 3721 2693
f 1691 1690 4075
f 1691 4075 4076
f 4076 4075 4077
f 4076 4077 4078
f 4078 4077 3968
f 4078 3968 4079
f 4079 3968 4080
f 4079 4080 3966
f 3966 4080 3968
f 3966 3965 4079
f 4079 3965 3961
f 4079 3961 3957
f 3957 3961 4081
f 3957 4081 3956
f 3956 4081 4082
f 3956 4082 3975
f 3975 4082 4083
f 3975 4083 3945
f 3945 4083 4084
f 3945 4084 4085
f 4085 4084 4086
f 4085 4086 4087
f 4087 4086 2693
f 4087 2693 3721
f 3721 3739 4087
f 4087 3739 3760
f 4087 3760 4079
f 4079 3760 3763
f 4079 3763 3764
f 3764 3766 4079
f 4079 3766 3692
f 4079 3692 4088
f 4088 3692 3690
f 4088 3690 3689
f 3689 3691 4088
f 4088 3691 3740
f 4088 3740 3741
f 4079 4088 4078
f 4078 4088 4076
f 4087 4079 4085
f 4085 4079 4089
f 4085 4089 3945
f 3945 4089 4079
f 3945 4079 3975
f 3975 4079 3956
f 3956 4079 3957
f 2693 4086 4090
f 4090 4086 4091
f 1691 4076 4092
f 4092 4076 2673
f 4076 4088 2673
f 2673 4088 3741
f 2673 3741 2676
f 1690 4093 4075
f 4075 4093 2669
f 4075 2669 2662
f 1775 4094 2868
f 1775 2868 2869
f 1775 2869 1776
f 1776 2869 2870
f 1776 2870 4095
f 1775 3839 4094
f 4094 3839 2868
f 2868 2866 4094
f 2868 3839 3842
f 2536 2866 1674
f 1674 2866 1675
f 1675 2866 2868
f 1675 2868 3829
f 2868 3842 3829
f 3829 3842 3863
f 2536 1674 2535
f 2535 1674 1676
f 2535 1676 2534
f 2534 1676 4096
f 4096 1676 2016
f 4096 2016 4097
f 3866 2015 3864
f 3829 3864 1675
f 1675 3864 1676
f 1676 3864 2016
f 2016 3864 4098
f 4098 3864 2015
f 1759 3861 1767
f 1767 3861 4099
f 4099 3861 3840
f 4099 3840 4100
f 4100 3840 3839
f 3878 3880 2871
f 2871 3880 2872
f 3880 1776 2872
f 2872 1776 4095
f 3665 4101 2882
f 2882 4101 2883
f 2883 4101 4102
f 4102 4101 2881
f 2881 4101 2880
f 4101 1790 2880
f 2880 1790 4103
f 1795 1793 3667
f 1795 3667 1798
f 3667 3666 1798
f 1798 3666 3845
f 1798 3845 3847
f 3664 3662 2884
f 2884 3662 2883
f 3662 3661 2883
f 2883 3661 2882
f 4103 1790 3869
f 3869 2879 4103
f 4103 2879 2878
f 3871 3888 2879
f 2879 3888 2878
f 2878 3888 2877
f 2877 3888 3889
f 2879 3869 3871
f 3871 3869 4104
f 2877 3889 2876
f 2876 3889 3890
f 2876 3890 2875
f 2875 3890 2874
f 2874 3890 3651
f 2874 3651 2873
f 3651 3649 2873
f 2873 3649 2872
f 2872 3649 2871
f 2871 3649 3648
f 2763 2719 3809
f 3809 2719 2717
f 3809 2717 1829
f 1829 2717 2716
f 1829 2716 2714
f 2714 2715 1829
f 1829 2715 4105
f 2715 2713 4105
f 4105 2713 2714
f 2763 3809 2722
f 2722 3809 3807
f 2722 3807 2720
f 3779 3776 2720
f 2720 3776 2722
f 3776 3775 2722
f 2722 3775 2724
f 4106 2738 3407
f 3407 2738 2736
f 3407 2736 4107
f 4107 2736 2735
f 4107 2735 2733
f 2733 4108 4107
f 4107 4108 2732
f 2732 2734 4107
f 4107 2734 3817
f 4106 3407 3668
f 3668 2739 4106
f 4106 2739 2740
f 3771 3769 2739
f 2739 3769 2740
f 2740 3769 2742
f 2742 3769 3768
f 4105 3826 4109
f 3826 3825 4109
f 4109 3825 4110
f 4110 3825 4111
f 4111 3825 1819
f 3826 4105 3823
f 3823 4105 4112
f 4112 4105 3837
f 4112 3837 3823
f 4105 2714 3837
f 3837 2714 3652
f 2714 2713 3652
f 3652 2713 1670
f 2713 2711 1670
f 1670 2711 1668
f 2711 2709 1668
f 1668 2709 2707
f 1668 2707 1669
f 1669 2707 4113
f 1669 4113 4114
f 1669 4114 1933
f 3715 3717 2889
f 2889 3717 2891
f 2891 3717 3713
f 2891 3713 3712
f 2891 3712 1667
f 2891 1667 2890
f 1667 1666 2890
f 1666 3715 2890
f 2890 3715 2889
f 1847 1845 1848
f 1848 1845 1843
f 1845 1846 1843
f 1843 1846 1844
f 1846 2850 1844
f 1844 2850 2851
f 2850 2977 2851
f 2851 2977 2848
f 2977 2849 2848
f 2848 2849 2846
f 2849 2847 2846
f 2846 2847 2844
f 2847 2845 2844
f 3842 4115 3863
f 3863 4115 3841
f 3841 4115 3842
f 4075 2662 4116
f 4116 2662 4117
f 4116 4117 4118
f 4118 4117 2647
f 4118 2647 4119
f 4119 2647 4120
f 4119 4120 4121
f 4121 4120 4122
f 4121 4122 4123
f 4123 4122 2607
f 4123 2607 4124
f 4124 2607 4125
f 4124 4125 4126
f 4126 4125 2618
f 4126 2618 2690
f 2690 4127 4126
f 4126 4127 4128
f 4126 4128 4084
f 4084 4128 4086
f 4086 4128 4091
f 4091 4128 4129
f 4129 4128 4130
f 4130 4128 4127
f 4084 4083 4126
f 4126 4083 4124
f 4083 4082 4124
f 4124 4082 4123
f 4082 4081 4123
f 4123 4081 4121
f 4075 4116 4077
f 4077 4116 4131
f 4077 4131 3968
f 3968 4131 3966
f 4116 4118 4131
f 4131 4118 4132
f 4131 4132 3966
f 3966 4132 3965
f 4118 4119 4132
f 4132 4119 4133
f 4132 4133 3965
f 3965 4133 3961
f 3961 4133 4081
f 4081 4133 4121
f 4121 4133 4119
f 3918 4005 4134
f 4134 4005 2986
f 4134 2986 4066
f 4066 2989 4134
f 4134 2989 4064
f 4134 4064 4062
f 3918 4134 3917
f 3917 4134 3924
f 3924 4134 3923
f 3923 4134 3922
f 3922 4134 3994
f 3994 4134 4135
f 3994 4135 4136
f 4136 4135 4137
f 4137 4135 4138
f 4136 4139 3994
f 3994 4139 4140
f 3994 4140 3992
f 3992 4140 4141
f 4141 4142 3992
f 3992 4142 4143
f 3992 4143 3990
f 3990 4143 4144
f 3990 4144 4145
f 4145 4144 4146
f 3990 4145 4147
f 4147 4148 3990
f 3990 4148 3988
f 4148 4149 3988
f 3988 4149 4150
f 3988 4150 4151
f 4151 4150 4152
f 4152 4153 4151
f 4151 4153 4146
f 4151 4146 4144
f 3988 4151 3986
f 3986 4151 4154
f 3986 4154 3978
f 3978 4154 3009
f 3009 4154 4051
f 4051 4154 3007
f 3007 4154 4151
f 3007 4151 3004
f 3004 4151 3005
f 3005 4151 4053
f 4053 4151 4144
f 4053 4144 3000
f 3000 4144 4054
f 4054 4144 4057
f 4057 4144 4058
f 4144 4143 4058
f 4058 4143 1832
f 1832 4143 1833
f 1833 4143 2996
f 2996 4143 2995
f 2995 4143 4135
f 2995 4135 4059
f 4059 4135 4061
f 4061 4135 2992
f 2992 4135 4062
f 4135 4134 4062
f 4135 4143 4138
f 4138 4143 4155
f 4143 4142 4155
f 3965 1846 4156
f 1846 1845 4156
f 4156 1845 4157
f 4157 1845 4158
f 4158 1845 3965
f 4158 3965 4156
f 3904 4159 2363
f 2363 4159 2364
f 4159 4160 2364
f 4160 4161 2364
f 2364 4161 4162
f 2364 4162 3170
f 3170 4162 2798
f 4162 4163 2798
f 2798 4163 4164
f 2798 4164 3904
f 3904 4164 4159
f 3876 3875 4165
f 4165 3875 3872
f 4165 3872 3867
f 4165 3867 3884
f 4165 3884 3881
f 3881 3876 4165
f 3629 3397 4166
f 4166 3397 3362
f 4166 3362 3363
f 4166 3397 3395
f 4166 3395 3629
f 3628 3354 3352
f 3628 3352 3627
f 3594 3596 3348
f 3352 3348 3596
f 3594 3348 3592
f 3417 3348 3339
f 3622 4167 3468
f 3468 4167 2838
f 2838 4167 2974
f 2974 4167 2845
f 2845 4167 4168
f 2845 4168 2975
f 2975 4168 2847
f 4167 3622 4168
f 4168 3622 4169
f 4168 4169 4170
f 4170 4169 4171
f 4170 4171 4172
f 4172 4171 4173
f 4172 4173 4174
f 4174 4173 4175
f 4174 4175 4176
f 4176 4175 4177
f 4176 4177 4178
f 4178 4177 4179
f 4178 4179 3434
f 3434 4179 3430
f 3430 4179 2919
f 3434 2979 4178
f 4178 2979 1846
f 4178 1846 4176
f 4176 1846 2978
f 4176 2978 2850
f 4176 2850 4174
f 4174 2850 2977
f 4174 2977 4172
f 4172 2977 2849
f 4172 2849 2976
f 4172 2976 4170
f 4170 2976 2847
f 4170 2847 4168
f 2919 4179 4180
f 4180 4179 4177
f 4180 4177 4181
f 4181 4177 4175
f 4181 4175 4182
f 4182 4175 4173
f 4182 4173 4183
f 4183 4173 4171
f 4183 4171 4184
f 4184 4171 4169
f 4184 4169 4185
f 4185 4169 3622
f 4185 3622 4186
f 4186 3622 3471
f 3471 3473 4186
f 4185 4186 4187
f 4185 4187 4188
f 4187 4186 4189
f 4189 4186 3473
f 4189 3473 2908
f 2908 3473 2910
f 3473 3472 2910
f 2910 3472 2912
f 4185 4188 4184
f 4184 4188 4190
f 4184 4190 4183
f 4183 4190 4191
f 4183 4191 4182
f 4182 4191 4192
f 4182 4192 4181
f 4181 4192 4193
f 4181 4193 4180
f 4180 4193 2920
f 4180 2920 2919
f 3472 4194 2912
f 2912 4194 4195
f 2912 4195 2913
f 2913 4195 3532
f 3472 3470 4194
f 4194 3470 3469
f 4194 3469 4196
f 4196 3469 3467
f 4196 3467 3465
f 3465 3463 4196
f 4196 3463 4194
f 4194 3463 4195
f 4195 3463 4197
f 4195 4197 3532
f 3532 4197 3531
f 3463 3461 4197
f 4197 3461 4198
f 4197 4198 3531
f 3531 4198 3529
f 3461 3459 4198
f 4198 3459 4199
f 4198 4199 3529
f 3529 4199 3527
f 3459 3457 4199
f 4199 3457 4200
f 4199 4200 3527
f 3527 4200 3525
f 3457 3455 4200
f 4200 3455 4201
f 4200 4201 3525
f 3525 4201 3523
f 3455 3453 4201
f 4201 3453 4202
f 4201 4202 3523
f 3523 4202 3520
f 3520 4202 1252
f 1252 4202 1251
f 3453 1251 4202
f 3568 3578 3569
f 3569 3578 3413
f 3507 3400 4203
f 4203 3400 3388
f 4203 3388 4204
f 4204 3388 3383
f 4204 3383 3482
f 3482 4205 4204
f 4204 4205 4206
f 4204 4206 4207
f 4207 4206 4208
f 4207 4208 3507
f 4207 3507 4203
f 4203 4204 4207
f 3482 3480 4205
f 4205 3480 4209
f 4205 4209 4210
f 4210 4209 4211
f 4210 4211 4212
f 4212 4211 4213
f 4212 4213 2961
f 2961 4213 3436
f 4212 2961 2963
f 4212 2963 2965
f 4212 2965 4214
f 4212 4214 4208
f 4208 4214 3507
f 3507 4214 3506
f 3506 4214 2970
f 2970 4214 2969
f 2969 4214 2967
f 2967 4214 2965
f 3480 3444 4209
f 4209 3444 3442
f 4209 3442 4215
f 4215 3442 3440
f 4215 3440 4216
f 4216 3440 3438
f 4216 3438 3436
f 3436 4217 4216
f 4216 4217 4215
f 3436 4213 4217
f 4217 4213 4218
f 4217 4218 4215
f 4215 4218 4209
f 4218 4211 4209
f 4213 4211 4218
f 4208 4219 4212
f 4212 4219 4210
f 4210 4219 4205
f 4205 4219 4206
f 4219 4208 4206
f 2982 4220 2981
f 2981 4220 2836
f 2836 4220 4221
f 2836 4221 1848
f 1848 4221 4222
f 1848 4222 2861
f 2861 4222 2756
f 2756 4222 4223
f 4223 4222 4221
f 4223 4221 4224
f 4224 4221 4220
f 4224 4220 2982
f 2982 2984 4224
f 4224 2984 2985
f 4224 2985 4225
f 4225 2985 2754
f 4225 2754 2752
f 2755 2754 4226
f 4226 2754 4227
f 4227 2754 4228
f 2752 2751 4225
f 4225 2751 4223
f 4225 4223 4224
f 2756 4223 2751
f 2985 2986 2987
f 2985 2987 2754
f 2754 2987 4228
f 2987 2988 4229
f 2987 4229 4228
f 4228 4229 4230
f 4230 4229 4066
f 4066 4229 4231
f 4231 4229 4232
f 4232 4229 4065
f 2988 2990 4229
f 4229 2990 2991
f 4229 2991 3795
f 3795 2991 3407
f 3795 3407 1842
f 1840 1839 1842
f 4107 3794 1842
f 1842 3794 3795
f 3794 4233 3795
f 3795 4233 4234
f 3795 4234 3793
f 3793 3792 3795
f 3795 3792 4229
f 3249 3334 3321
f 3321 3334 3320
f 3320 3334 3319
f 3319 3334 3318
f 3334 2423 3318
f 3318 2423 3317
f 3317 2423 2431
f 3317 2431 2432
f 3317 2432 3324
f 3324 2432 3248
f 3324 3248 3323
f 3323 3248 3322
f 3248 3249 3322
f 3322 3249 3321
f 3224 3405 4235
f 4235 3405 3139
f 4235 3139 3138
f 4235 3138 3225
f 4235 3225 3221
f 3221 3224 4235
f 3126 4236 1956
f 1956 4236 1954
f 1954 4236 1951
f 1951 4236 4237
f 1951 4237 1949
f 1949 4237 2075
f 1949 2075 2074
f 2077 2075 2079
f 2075 4237 2079
f 2079 4237 4236
f 2079 4236 3124
f 3124 4236 3126
f 2074 2073 1949
f 1949 2073 1947
f 2073 2072 1947
f 1947 2072 2071
f 1947 2071 4238
f 4238 2071 2070
f 4238 2070 1945
f 1945 1943 4238
f 4238 1943 1947
f 1975 3164 4239
f 4239 3164 1983
f 1983 1982 4239
f 4239 1982 1556
f 4239 1556 1555
f 1555 1960 4239
f 4239 1960 1975
f 2409 2823 4240
f 4240 2823 2810
f 4240 2810 2809
f 2409 4240 2408
f 2408 4240 2414
f 2414 4240 2404
f 2404 4240 2403
f 2403 4240 4241
f 2403 4241 2395
f 2395 4241 2396
f 4240 2809 4241
f 4241 2809 2808
f 4241 2808 4242
f 4242 2808 2807
f 4242 2807 2377
f 2377 2375 4242
f 4242 2375 2376
f 4242 2376 2394
f 2394 2396 4242
f 4242 2396 4241
f 2867 2868 4094
f 4094 2868 2869
f 4243 2869 2870
f 2870 2871 4095
f 4095 2871 4244
f 4095 4244 2867
f 4095 2867 4245
f 4245 2867 4094
f 2871 2872 4244
f 4244 2872 2873
f 2873 2874 4244
f 4244 2874 3731
f 2874 2875 3731
f 3731 2875 4246
f 2875 2876 4246
f 4246 2876 2877
f 4246 2877 3728
f 3728 2877 2878
f 2878 2879 3728
f 3728 2879 4103
f 3728 4103 4247
f 3728 4247 2590
f 2590 4247 2882
f 2590 2882 2883
f 2883 2884 2590
f 2590 2884 2589
f 2884 2885 2589
f 2589 2885 2886
f 2589 2886 2587
f 2587 2886 2887
f 2887 2888 2587
f 2587 2888 2586
f 2888 1719 2586
f 2586 1719 1717
f 2586 1717 2889
f 2889 1717 2891
f 1717 1714 2891
f 2891 1714 2890
f 2586 2889 2584
f 2584 2889 2890
f 2890 1714 2584
f 2584 1714 2694
f 2694 1714 2693
f 2693 1714 1713
f 2693 1713 1812
f 2693 1812 2692
f 2692 1812 1813
f 2692 1813 2854
f 2854 1813 2853
f 2853 1813 1814
f 2853 1814 2852
f 2852 1814 2691
f 2852 2691 2855
f 2691 2692 2855
f 2855 2692 2856
f 2856 2692 2854
f 4247 4102 2882
f 2882 4102 2881
f 4102 4248 2881
f 2881 4248 4103
f 2881 4103 2880
f 2880 4103 2879
f 1814 4249 2691
f 2691 4249 2690
f 2690 4249 4250
f 4250 4251 2690
f 2690 4251 1804
f 1804 4251 4252
f 1804 4252 1814
f 2595 2864 4253
f 4253 2864 2865
f 4253 2865 2867
f 2867 4244 4253
f 4253 4244 4254
f 4253 4254 4255
f 4255 4254 4256
f 4255 4256 4257
f 4257 4256 2588
f 4257 2588 4258
f 4258 2588 2585
f 4258 2585 2582
f 2588 4256 2590
f 2590 4256 3728
f 3728 4256 4246
f 4246 4256 4254
f 4246 4254 3731
f 3731 4254 4244
f 4258 2582 4259
f 4259 2582 2580
f 4259 2580 1693
f 1693 1696 4259
f 4259 1696 2399
f 4259 2399 2398
f 4259 2398 4258
f 4258 2398 2397
f 4258 2397 2385
f 4258 2385 4257
f 4257 2385 2384
f 4257 2384 4255
f 4255 2384 2386
f 4255 2386 4260
f 4260 2386 2388
f 4260 2388 2268
f 2268 2392 4260
f 4260 2392 2595
f 4260 2595 4253
f 4253 4255 4260
f 2707 2466 4261
f 4261 2466 2026
f 4261 2026 4262
f 4262 2026 2024
f 2024 2021 4262
f 4262 2021 1934
f 4262 1934 4261
f 4261 1934 4263
f 4263 1934 1933
f 4263 1933 4261
f 4261 1933 2705
f 4261 2705 2707
f 2858 2184 2186
f 2858 2186 2495
f 2495 2186 2188
f 2495 2494 2515
f 2495 2515 2858
f 2648 2133 2668
f 2668 2133 2134
f 2668 2134 2851
f 2851 2134 2131
f 2648 2634 2133
f 2133 2634 2132
f 2132 2634 2628
f 2132 2628 2131
f 2131 2628 4264
f 4264 2628 4265
f 4265 2628 4266
f 4266 2628 4267
f 4266 4267 4268
f 4267 2628 2627
f 4267 2627 4269
f 2131 4264 2851
f 2851 4264 4270
f 4270 4266 2851
f 2851 4266 4268
f 2851 4268 2620
f 2620 4268 4271
f 2620 4271 2142
f 2142 4271 2141
f 4271 4269 2141
f 2141 4269 2627
f 2141 2627 2140
f 2140 2627 2621
f 2140 2621 2620
f 2140 2620 2143
f 2143 2620 2142
f 1744 1747 4272
f 4272 1747 1749
f 1744 4272 1989
f 1989 4272 2531
f 2533 2531 1749
f 2531 4272 1749
f 2553 2538 2579
f 2579 2538 2462
f 2579 2462 2575
f 2575 2462 2461
f 2538 2553 2542
f 2542 2553 2552
f 2542 2552 2541
f 2541 2552 2550
f 2541 2550 2558
f 2558 2550 2559
f 2550 2549 2559
f 2559 2549 2564
f 2564 2549 2568
f 2568 2549 2567
f 2567 2549 4273
f 2549 2544 4273
f 4273 2544 2469
f 4273 2469 2567
f 2567 2469 2468
f 2549 2547 2544
f 2544 2547 2556
f 2547 2545 2556
f 2556 2545 1723
f 1723 2545 1700
f 1723 1700 1722
f 1722 1700 1707
f 1774 2555 4274
f 4274 2555 1746
f 4274 1746 1743
f 1743 1741 4274
f 4274 1741 1739
f 4274 1739 1765
f 1765 1770 4274
f 4274 1770 1774
f 2489 2491 4275
f 4275 2491 2492
f 4275 2492 2493
f 4275 2493 4276
f 4276 2493 2496
f 4276 2496 4277
f 4277 2496 2497
f 4277 2497 2499
f 2499 2505 4277
f 4277 2505 4278
f 4277 4278 4279
f 4279 4278 3792
f 4279 3792 3793
f 3793 4234 4279
f 4279 4234 4233
f 4279 4233 4280
f 4280 4233 3794
f 4280 3794 4107
f 4107 1842 4280
f 4280 1842 4281
f 1842 1841 4281
f 4281 1841 1839
f 4281 1839 4282
f 4282 1839 1838
f 4282 1838 1833
f 1833 1837 4282
f 4282 1837 4283
f 1837 1831 4283
f 4283 1831 1836
f 1836 1835 4283
f 4283 1835 4284
f 1835 1829 4284
f 4284 1829 1828
f 4284 1828 4285
f 4285 1828 1827
f 4285 1827 1826
f 1826 1825 4285
f 4285 1825 4286
f 1825 1824 4286
f 4286 1824 1823
f 4286 1823 1822
f 1822 1821 4286
f 4286 1821 1820
f 4286 1820 4287
f 4287 1820 1819
f 4287 1819 1818
f 1818 1817 4287
f 4287 1817 1816
f 4287 1816 1815
f 4287 1815 1834
f 4287 1834 1735
f 1735 1733 4287
f 4287 1733 1732
f 4287 1732 2528
f 4287 2528 4286
f 4286 2528 2529
f 4286 2529 4285
f 4285 2529 4284
f 2529 2489 4284
f 4284 2489 4283
f 2489 4275 4283
f 4283 4275 4282
f 4282 4275 4281
f 4281 4275 4276
f 4281 4276 4280
f 4280 4276 4279
f 4276 4277 4279
f 3792 4278 4229
f 4229 4278 4065
f 4065 4278 4232
f 4232 4278 4231
f 4231 4278 4066
f 4066 4278 4230
f 4230 4278 4228
f 4228 4278 2504
f 4228 2504 4227
f 4227 2504 4226
f 4226 2504 2755
f 2755 2504 2754
f 2754 2504 2753
f 2504 4278 2505
f 2504 4288 2753
f 2753 4288 2527
f 4288 2504 2527
f 2503 2502 4289
f 4289 2502 2499
f 2499 2500 4289
f 2500 2517 4289
f 2517 2518 4289
f 4289 2518 2525
f 4289 2525 2503
f 2402 4290 2404
f 2404 4290 2414
f 2414 4290 2413
f 2413 4290 4291
f 2413 4291 2406
f 2406 4291 4292
f 2406 4292 2405
f 2405 4292 1695
f 1695 4292 1696
f 1696 4292 2400
f 4292 4291 2400
f 2400 4291 2401
f 4291 4290 2401
f 2401 4290 2402
f 1692 1601 2933
f 1601 1603 2933
f 2933 1603 2932
f 1603 4293 2932
f 2932 4293 4294
f 1692 2934 1602
f 1602 2934 2931
f 2931 2934 2896
f 2896 2934 1604
f 2896 1604 4295
f 2896 4295 2892
f 2892 4295 1605
f 2892 1605 4294
f 2896 2898 2931
f 2931 2898 2901
f 2931 2901 2930
f 2930 2901 4296
f 4296 2901 2929
f 2929 2901 2907
f 2929 2907 4293
f 4293 2907 2682
f 4293 2682 4294
f 4294 2682 2684
f 4294 2684 2892
f 2892 2684 2597
f 2684 2686 2597
f 2597 2686 1573
f 2597 1573 2171
f 2171 2173 2597
f 2597 2173 2908
f 2173 2168 2908
f 2908 2168 2166
f 2908 2166 4297
f 4297 2166 4298
f 4298 2166 4299
f 4299 2166 2164
f 4299 2164 2632
f 2632 2164 2162
f 2632 2162 2688
f 2688 2162 1574
f 2688 1574 1573
f 2688 1573 2686
f 4299 2632 4300
f 4300 2632 4301
f 4297 4302 2908
f 2908 4302 4303
f 2908 4303 4304
f 4304 4303 4305
f 4303 4306 4305
f 4305 4306 4307
f 4306 4301 4307
f 4307 4301 2632
f 4307 2632 4308
f 4308 2632 4309
f 2632 2631 4309
f 4309 2631 4310
f 4310 2631 4311
f 4311 2631 4312
f 2908 4304 4189
f 4189 4304 4312
f 4189 4312 2631
f 4189 2631 4187
f 4187 2631 4313
f 4187 4313 4314
f 4314 4315 4187
f 4187 4315 4316
f 4187 4316 4188
f 4188 4316 4317
f 4188 4317 4318
f 4318 4319 4188
f 4188 4319 1613
f 4188 1613 2941
f 4188 2941 4190
f 4190 2941 4191
f 1613 4319 4320
f 4320 4319 4321
f 4320 4321 1612
f 4322 1612 4323
f 4322 4323 4324
f 4324 4323 4325
f 4324 4325 2947
f 2947 4326 4327
f 4327 4326 4328
f 4327 4328 4191
f 4191 4328 4329
f 4191 4329 4192
f 4192 4329 4330
f 4192 4330 4331
f 4331 4332 4192
f 4192 4332 4333
f 4192 4333 4334
f 4334 4335 4192
f 4192 4335 4193
f 4335 4336 4193
f 4193 4336 4337
f 4193 4337 2642
f 2642 4337 4338
f 2642 4338 2637
f 2637 4338 4339
f 2637 4339 4340
f 4333 4332 4340
f 4340 4332 2637
f 2637 4332 2633
f 2633 4332 4325
f 2633 4325 2629
f 2629 4325 4323
f 2629 4323 4341
f 4327 4191 2946
f 2946 4191 2945
f 4191 2941 2945
f 2945 2941 2942
f 2945 2942 1616
f 1616 2942 2944
f 1616 2944 1614
f 1614 2944 2943
f 1614 2943 1615
f 1615 2943 4322
f 1615 4322 4324
f 4316 4342 4317
f 4317 4342 4343
f 4343 4342 4341
f 4341 4342 2629
f 4342 4344 2629
f 2629 4344 2630
f 4344 4345 2630
f 2630 4345 4346
f 2630 4346 2631
f 2631 4346 4313
f 2682 2907 2680
f 2680 2907 2918
f 2680 2918 2155
f 2155 2918 2154
f 2154 2918 1570
f 1570 2918 4347
f 1570 4347 4348
f 1570 4348 1571
f 1571 4348 4349
f 1571 4349 2145
f 2145 4349 4350
f 2145 4350 2679
f 2679 4350 2645
f 4350 4351 2645
f 2645 4351 4352
f 2645 4352 4353
f 4353 4352 4354
f 4352 4355 4354
f 4354 4355 2920
f 4354 2920 4356
f 4356 2920 4357
f 2920 4193 4357
f 4357 4193 4358
f 4193 2642 4358
f 4358 2642 4359
f 4359 2642 4360
f 4360 2642 2645
f 4360 2645 4361
f 4361 2645 4353
f 4355 4362 2920
f 2920 4362 2918
f 4362 4347 2918
f 2145 2679 2148
f 2148 2679 2150
f 2679 2680 2150
f 2150 2680 2151
f 2155 2151 2680
f 4334 4333 1551
f 1551 4333 1549
f 4333 4340 1549
f 1549 4340 1550
f 4340 4339 1550
f 1550 4339 1853
f 4339 4338 1853
f 1853 4338 1852
f 4338 4337 1852
f 1852 4337 1850
f 4337 4336 1850
f 1850 4336 1851
f 4336 4335 1851
f 1851 4335 1849
f 4335 4334 1849
f 1849 4334 1551
f 4344 4342 1554
f 1554 4342 1552
f 4342 4316 1552
f 1552 4316 1553
f 4316 4315 1553
f 1553 4315 1858
f 4315 4314 1858
f 1858 4314 1857
f 4314 4313 1857
f 1857 4313 1855
f 4313 4346 1855
f 1855 4346 1856
f 4346 4345 1856
f 1856 4345 1854
f 4345 4344 1854
f 1854 4344 1554
f 1861 2717 1859
f 1859 2717 2715
f 1859 2715 4363
f 1859 4363 2763
f 1859 2763 1860
f 1860 2763 2719
f 1860 2719 1861
f 1861 2719 2717
f 4095 4245 1864
f 1864 4245 4094
f 1864 4094 1862
f 1862 4094 4243
f 1862 4243 4095
f 1862 4095 1863
f 1863 4095 1864
f 4329 4328 1566
f 1566 4328 1564
f 4328 4326 1564
f 1564 4326 1565
f 4326 2947 1565
f 1565 2947 2130
f 2947 4325 2130
f 2130 4325 2129
f 4325 4332 2129
f 2129 4332 2127
f 4332 4331 2127
f 2127 4331 2128
f 4331 4330 2128
f 2128 4330 2126
f 4330 4329 2126
f 2126 4329 1566
f 4321 4319 1569
f 1569 4319 1567
f 4319 4318 1567
f 1567 4318 1568
f 4318 4317 1568
f 1568 4317 2139
f 4317 4343 2139
f 2139 4343 2138
f 4343 4341 2138
f 2138 4341 2136
f 4341 4323 2136
f 2136 4323 2137
f 4323 1612 2137
f 2137 1612 2135
f 1612 4321 2135
f 2135 4321 1569
f 4358 4359 1598
f 4358 1598 749
f 749 2921 4358
f 4358 2921 4357
f 4357 2921 2923
f 2924 1597 4353
f 4353 1597 4361
f 1597 752 4361
f 4361 752 4360
f 4360 1598 4359
f 1598 4360 752
f 4353 4354 2924
f 2924 4354 2922
f 4354 4356 2922
f 2922 4356 2923
f 4356 4357 2923
f 4352 4351 2925
f 2925 4351 1600
f 2925 2926 4352
f 4352 2926 4355
f 4355 2926 2928
f 2927 735 4348
f 4348 735 1599
f 4348 1599 4349
f 1599 736 4349
f 4349 736 4350
f 4350 1600 4351
f 1600 4350 736
f 4348 4347 2927
f 4347 4362 2927
f 2927 4362 2928
f 4362 4355 2928
f 4301 4306 2935
f 2935 4306 1608
f 2935 2936 4301
f 4301 2936 4300
f 4300 2936 680
f 4300 680 4299
f 4299 680 2937
f 2937 677 4297
f 4297 677 1607
f 4297 1607 4302
f 1607 1606 4302
f 4302 1606 4303
f 4303 1606 1608
f 4303 1608 4306
f 4297 4298 2937
f 4298 4299 2937
f 4311 4312 1611
f 4311 1611 664
f 664 2938 4311
f 4311 2938 4310
f 4310 2938 665
f 4310 665 4309
f 4309 665 2939
f 2940 1610 4307
f 4307 1610 4305
f 1610 1609 4305
f 4305 1609 4304
f 4304 1609 1611
f 4304 1611 4312
f 4307 4308 2940
f 2940 4308 2939
f 4308 4309 2939
f 4266 4270 762
f 762 4270 4264
f 762 4264 763
f 763 4264 765
f 766 765 4264
f 766 4264 4265
f 766 4265 818
f 762 819 4266
f 819 818 4266
f 4266 818 4265
f 4268 4267 769
f 769 4267 770
f 770 4267 772
f 773 772 4269
f 772 4267 4269
f 4269 4271 773
f 773 4271 775
f 769 776 4268
f 776 775 4268
f 4268 775 4271
f 738 739 2861
f 2861 739 2860
f 2861 2862 738
f 738 2862 737
f 737 2862 2859
f 737 2859 742
f 742 2859 743
f 743 2859 2860
f 743 2860 744
f 744 2860 739
f 2667 2665 748
f 748 2665 747
f 747 2665 2664
f 747 2664 746
f 745 746 2664
f 745 2664 2663
f 745 2663 751
f 748 750 2667
f 2667 750 2663
f 2663 750 751
f 835 2818 836
f 2818 2819 836
f 836 2819 686
f 686 2819 687
f 687 2819 2820
f 687 2820 689
f 689 2820 2821
f 689 2821 690
f 2821 2818 690
f 690 2818 835
f 697 2814 698
f 2814 2822 698
f 698 2822 692
f 692 2822 2816
f 692 2816 693
f 693 2816 2815
f 693 2815 695
f 695 2815 696
f 2815 2814 696
f 696 2814 697
f 2614 2613 666
f 666 2613 670
f 670 2613 671
f 672 671 2617
f 672 2617 2615
f 671 2613 2617
f 672 2615 668
f 666 667 2614
f 2614 667 668
f 2614 668 2615
f 678 679 4249
f 4249 679 4250
f 679 673 4250
f 4250 673 4251
f 673 674 4251
f 4251 674 675
f 4251 675 4252
f 4252 675 676
f 4252 676 1814
f 1814 676 4249
f 676 678 4249
f 2717 2716 2714
f 2717 2714 2715
f 2715 2763 4363
f 4094 2868 4243
f 2868 2869 4243
f 4243 2870 4095
f 1865 4248 1866
f 1866 4248 4102
f 1866 4102 1867
f 1867 4102 4247
f 1867 4247 4103
f 1867 4103 1865
f 1865 4103 4248
f 1868 2733 1869
f 1869 2733 2738
f 1869 2738 1870
f 1870 2738 2736
f 1870 2736 1868
f 1868 2736 2733
f 2930 4296 700
f 700 4296 2929
f 2929 4293 699
f 699 4293 1603
f 1605 4295 685
f 685 4295 1604
f 2932 4294 688
f 688 4294 1605
f 2943 777 4322
f 4322 777 1612
f 1612 778 4320
f 4320 778 1613
f 2946 761 4327
f 4327 761 2947
f 2947 764 4324
f 4324 764 1615
f 3187 3188 3307
f 3188 3185 3308
f 3185 3186 3144
f 3186 3187 3309
f 3196 3197 3278
f 3197 3194 3279
f 3194 3195 3274
f 3195 3196 3275
f 3205 3206 3142
f 3206 3203 3337
f 3203 3204 3338
f 3204 3205 3336
f 3214 3215 3229
f 3215 3212 3230
f 3212 3213 3244
f 3213 3214 2366
f 1580 3359 2206
f 2206 3359 3358
f 2206 3358 2209
f 2209 3358 3357
f 2209 3357 2210
f 2210 3357 3356
f 2210 3356 2211
f 2211 3356 3355
f 2211 3355 2213
f 2213 3355 3392
f 2213 3392 2212
f 2212 3392 3394
f 2212 3394 2208
f 2208 3394 2207
f 3394 3396 2207
f 2207 3396 3398
f 2207 3398 2205
f 2205 3398 3399
f 2205 3399 1581
f 1581 3399 3361
f 1581 3361 1579
f 1579 3361 3360
f 1579 3360 1580
f 1580 3360 3359
f 2197 3371 2199
f 2199 3371 3370
f 2199 3370 2201
f 2201 3370 3369
f 2201 3369 2204
f 2204 3369 2203
f 3369 3384 2203
f 2203 3384 2202
f 3384 3382 2202
f 2202 3382 2200
f 3382 3381 2200
f 2200 3381 3379
f 2200 3379 2198
f 2198 3379 3377
f 2198 3377 1578
f 1578 3377 3375
f 1578 3375 1576
f 1576 3375 3374
f 1576 3374 1577
f 1577 3374 3373
f 1577 3373 2196
f 2196 3373 3372
f 2196 3372 2197
f 2197 3372 3371
f 1673 1672 2869
f 2869 1672 2870
f 1672 3833 2870
f 2870 3833 4095
f 3833 3835 4095
f 4095 3835 4245
f 3835 3831 4245
f 4245 3831 4094
f 3831 3830 4094
f 4094 3830 1673
f 4094 1673 2868
f 2868 1673 2869
f 1655 2719 3654
f 3654 2719 2763
f 3654 2763 3655
f 3655 2763 3659
f 3659 2763 2715
f 3659 2715 3657
f 2715 2714 3657
f 3657 2714 1654
f 2714 2716 1654
f 1654 2716 1655
f 2716 2717 1655
f 1655 2717 2719
f 1649 1648 2881
f 2881 1648 3635
f 2881 3635 4102
f 4102 3635 3637
f 4102 3637 4247
f 4247 3637 3633
f 4247 3633 4103
f 4103 3633 3632
f 3632 1649 4103
f 4103 1649 2880
f 2880 1649 2881
f 3646 2738 3644
f 3644 2738 4106
f 3644 4106 1651
f 1651 4106 2733
f 1651 2733 1652
f 1652 2733 3641
f 2733 2735 3641
f 3641 2735 3642
f 2735 2736 3642
f 3642 2736 3646
f 2738 3646 2736
f 4161 4160 2827
f 2827 4160 2826
f 4160 4159 2826
f 2826 4159 2825
f 4159 4164 2825
f 2825 4164 2832
f 4164 4163 2832
f 2832 4163 2831
f 4163 4162 2831
f 2831 4162 2830
f 4162 4161 2830
f 2830 4161 2827
f 3906 3908 2699
f 2699 3908 2698
f 3908 3909 2698
f 2698 3909 2697
f 3909 3910 2697
f 2697 3910 2770
f 3910 3911 2770
f 2770 3911 2769
f 3911 3907 2769
f 2769 3907 2764
f 3907 3906 2764
f 2764 3906 2699
f 1672 4045 3828
f 3828 4045 4044
f 3828 4044 3833
f 3833 4044 4043
f 3833 4043 3834
f 3834 4043 3835
f 3835 4043 4042
f 3835 4042 3836
f 3836 4042 3831
f 4042 4041 3831
f 3831 4041 3832
f 4041 4040 3832
f 3832 4040 3830
f 3830 4040 4039
f 3830 4039 3829
f 3829 4039 1673
f 1673 4039 1671
f 4039 4046 1671
f 1671 4046 1672
f 4045 1672 4046
f 3655 4147 3656
f 3656 4147 4145
f 3656 4145 3654
f 3654 4145 4146
f 3654 4146 3653
f 3653 4146 1655
f 4146 4153 1655
f 1655 4153 1653
f 4153 4152 1653
f 1653 4152 1654
f 1654 4152 3652
f 4152 4150 3652
f 3652 4150 3657
f 4150 4149 3657
f 3657 4149 3658
f 3658 4149 3659
f 3659 4149 4148
f 3659 4148 3660
f 3660 4148 4147
f 3660 4147 3655
f 1647 4026 1648
f 1648 4026 3630
f 4026 4025 3630
f 3630 4025 3635
f 3635 4025 4024
f 3635 4024 3636
f 3636 4024 3637
f 4024 4028 3637
f 3637 4028 3638
f 4028 4029 3638
f 3638 4029 3633
f 3633 4029 3634
f 3634 4029 4030
f 3634 4030 3632
f 3632 4030 3631
f 3631 4030 4031
f 3631 4031 1649
f 1649 4031 4027
f 1649 4027 1647
f 1647 4027 4026
f 1651 4139 3639
f 3639 4139 4136
f 3639 4136 3644
f 3644 4136 3645
f 3645 4136 4137
f 3645 4137 3646
f 3646 4137 4138
f 3646 4138 3647
f 3647 4138 3642
f 4138 4155 3642
f 3642 4155 3643
f 4155 4142 3643
f 3643 4142 3641
f 4142 4141 3641
f 3641 4141 3640
f 3640 4141 1652
f 4141 4140 1652
f 1652 4140 1650
f 1650 4140 1651
f 1651 4140 4139
f 3972 1878 3973
f 1878 1875 3973
f 1875 1876 3973
f 3973 1876 3974
f 3974 1876 3972
f 3972 1876 1877
f 3972 1877 1878
f 4156 1874 1871
f 4156 1871 1872
f 4156 1872 4158
f 4158 1872 4157
f 1872 1873 4157
f 1873 1874 4157
f 4157 1874 4156
f 2143 2140 3960
f 3960 2140 3959
f 2140 2141 3959
f 3959 2141 3958
f 3958 2141 2142
f 3958 2142 2143
f 3958 2143 3960
f 3970 2134 2131
f 3970 2131 2132
f 3970 2132 3969
f 2132 2133 3969
f 2133 2134 3969
f 3969 2134 3971
f 3971 2134 3970
f 3695 2761 3696
f 3696 2761 2760
f 3696 2760 2759
f 3696 2759 3697
f 3697 2759 2757
f 3697 2757 3695
f 3695 2757 2758
f 3695 2758 2761
f 3698 2852 3699
f 3699 2852 3700
f 3700 2852 2854
f 3700 2854 2856
f 3700 2856 3698
f 3698 2856 2855
f 3698 2855 2852
f 1664 1663 2762
f 2762 1663 2750
f 1663 3706 2750
f 3706 3708 2750
f 2750 3708 2749
f 2749 3708 3704
f 2749 3704 3703
f 2749 3703 2762
f 2762 3703 1664
f 2800 2799 1752
f 1752 2799 3866
f 1752 3866 3865
f 1752 3865 2969
f 2969 3865 3862
f 3862 1760 2969
f 2969 1760 1759
f 2969 1759 4069
f 4069 1759 1767
f 4069 1767 4070
f 4070 1767 4099
f 4070 4099 1771
f 1771 4099 4100
f 1771 4100 1772
f 1772 4100 4071
f 4100 3839 4071
f 2799 2795 3866
f 3866 2795 2015
f 2015 2795 4098
f 4098 2795 2016
f 2016 2795 3737
f 2016 3737 4097
f 4097 3737 3736
f 4097 3736 4096
f 4096 3736 3735
f 4096 3735 2534
f 2534 3735 2865
f 2535 2865 3734
f 2535 3734 2536
f 2536 3734 2867
f 2536 2867 2866
f 2867 3733 2866
f 2866 3733 4094
f 4094 3733 4245
f 4245 3733 4095
f 3733 3732 4095
f 4095 3732 2872
f 2872 3732 2873
f 2873 3732 2874
f 3732 3731 2874
f 3731 3730 2875
f 2875 3730 3729
f 2875 3729 2876
f 2876 3729 3728
f 2876 3728 2877
f 2877 3728 3727
f 2877 3727 2878
f 2878 3727 4103
f 4103 3727 2590
f 4103 2590 4247
f 4247 2590 4102
f 4102 2590 2883
f 2883 2590 3726
f 2883 3726 2882
f 1735 3007 2702
f 2702 3007 2781
f 3839 1775 4071
f 4071 1775 4072
f 4072 1775 1776
f 4072 1776 3880
f 4072 3880 2961
f 2961 3880 1779
f 1779 3880 3882
f 1779 3882 3883
f 1779 3883 2960
f 2960 3883 1784
f 1784 3885 1787
f 1787 3885 3886
f 1787 3886 1788
f 1788 3886 1790
f 1788 1790 4073
f 4073 1790 4101
f 4073 4101 3665
f 4073 3665 3667
f 3667 1793 1794
f 1794 1793 1795
f 1794 1795 1796
f 1796 1798 3847
f 1796 3847 1800
f 1800 3847 3849
f 1800 3849 3850
f 1800 3850 1803
f 1803 3850 3853
f 1803 3853 1726
f 1726 3853 3852
f 2883 3726 2884
f 2884 3726 3859
f 3726 2589 3859
f 3859 2589 2885
f 2589 3725 2885
f 2885 3725 3857
f 3725 3724 3857
f 3857 3724 3856
f 3724 3723 3856
f 3856 3723 2887
f 2887 3723 2888
f 2888 3723 3722
f 2888 3722 1719
f 1719 3722 3854
f 3854 3722 3852
f 2732 2734 3749
f 2732 3749 2730
f 2730 3749 3818
f 3749 3750 3818
f 3818 3750 3819
f 3750 3752 3819
f 3819 3752 2726
f 3752 2723 2726
f 2723 3753 2725
f 2725 3753 2724
f 3753 3755 2724
f 2724 3755 2722
f 2722 3755 2763
f 2763 3755 2712
f 2763 2712 2715
f 2715 2712 2713
f 3749 2732 3748
f 3748 2732 4108
f 3748 4108 2733
f 3748 2733 4106
f 3748 4106 2731
f 2731 4106 2740
f 2740 2742 2731
f 2731 2742 3746
f 2742 3804 3746
f 3746 3804 2741
f 3804 2743 2741
f 2741 2743 3744
f 2743 3803 3744
f 3744 3803 2744
f 3803 3802 2744
f 2744 3802 2746
f 2744 2746 3743
f 3743 2746 2748
f 3743 2748 2524
f 3743 2524 3801
f 3743 3801 3800
f 3743 3800 3742
f 3742 3800 4007
f 3742 4007 2749
f 2749 4007 2750
f 2750 4007 4006
f 2750 4006 2762
f 3742 2749 2762
f 3742 2762 2676
f 2676 2762 4006
f 2676 4006 2673
f 2673 4006 4092
f 4006 4067 4092
f 4092 4067 1691
f 1691 4067 1689
f 1689 4067 2981
f 1689 2981 2757
f 2981 4008 2757
f 2757 4008 2758
f 2758 4008 2761
f 2761 4008 2760
f 2760 4008 4093
f 2760 4093 1690
f 2760 1690 2759
f 2759 1690 1689
f 2759 1689 2757
f 4008 4068 4093
f 4093 4068 2669
f 4068 1848 2669
f 2669 1848 2662
f 4007 3800 2986
f 3800 3798 2986
f 2986 3798 4066
f 3798 3797 4066
f 4066 3797 3796
f 4066 3796 4065
f 4065 3796 3791
f 4065 3791 3792
f 4065 3792 4063
f 4063 3792 3793
f 4063 3793 2992
f 2992 3793 3795
f 2992 3795 3794
f 3794 3669 2992
f 2992 3669 3407
f 3669 3668 3407
f 3407 4107 4060
f 4060 4107 3817
f 4060 3817 1842
f 4060 1842 2995
f 1842 1841 2995
f 2995 1841 1840
f 1841 3814 1840
f 1840 3814 2997
f 3814 3812 2997
f 2997 3812 2998
f 3812 3811 2998
f 2998 3811 3810
f 2998 3810 1832
f 1832 3810 3809
f 1832 3809 1835
f 1835 3809 3807
f 1835 3809 1829
f 1835 1829 4056
f 4056 1829 4105
f 4056 4105 4055
f 4055 4105 4109
f 4055 4109 1826
f 1826 4109 4110
f 1826 4110 1825
f 1825 4110 1823
f 4110 4111 1823
f 1823 4111 4052
f 4111 1819 4052
f 4052 1819 1818
f 4052 1818 3827
f 4052 3827 3007
f 3007 3827 3838
f 3838 3787 3007
f 3007 3787 2781
f 3787 1932 2781
f 2781 1932 2782
f 2782 1932 1933
f 2782 1933 2703
f 2703 1933 3759
f 3759 1933 4114
f 3759 4114 3758
f 3758 4114 4113
f 3758 4113 3757
f 3757 4113 2707
f 3757 2707 2708
f 2710 2711 2713
f 2710 2713 2712
f 1848 1843 2662
f 2662 1843 4117
f 1843 1844 4117
f 4117 1844 1873
f 4117 1873 1872
f 4117 1872 1871
f 4117 1871 2647
f 2647 1871 2851
f 2647 2851 2134
f 2131 2851 4120
f 2131 4120 2132
f 2132 4120 2647
f 2132 2647 2133
f 2647 2134 2133
f 2851 2848 4120
f 4120 2848 4122
f 1871 1874 2851
f 2851 1874 1844
f 1844 1874 1873
f 1804 4074 2618
f 2618 4074 2690
f 2690 4074 4127
f 4127 4074 1806
f 4127 1806 2852
f 2852 1806 2839
f 2852 2839 2854
f 2854 2839 2856
f 2852 2855 4127
f 4127 2855 4130
f 4130 2855 2856
f 4130 2856 4129
f 4129 2856 2839
f 4129 2839 2841
f 4129 2841 4091
f 4091 2841 3951
f 4091 3951 4090
f 4090 3951 2693
f 3951 3952 2693
f 2693 3952 2890
f 2693 2890 2584
f 2584 2889 3722
f 2889 2891 3722
f 3722 2891 3852
f 3852 2891 1726
f 1726 2891 3952
f 3952 2891 2890
f 1804 2618 2844
f 2844 2618 4125
f 2844 4125 1875
f 1875 4125 1876
f 1876 4125 2607
f 1876 2607 1877
f 1877 2607 2846
f 1877 2846 1878
f 2846 2844 1878
f 1878 2844 1875
f 2846 2607 2140
f 2140 2607 2141
f 2607 4122 2141
f 2141 4122 2142
f 2142 4122 2848
f 2142 2848 2143
f 2848 2846 2143
f 2143 2846 2140
f 4364 4365 4366
f 4365 4367 4366
f 4365 4368 4367
f 4368 4369 4367
f 4368 4370 4369
f 4370 4371 4369
f 4371 4372 4369
f 4371 4373 4372
f 4374 4375 4376
f 4375 4377 4376
f 4375 4378 4377
f 4378 64 4377
f 4378 4379 64
f 4379 4380 64
f 64 4380 4381
f 4382 4383 4384
f 4383 4385 4384
f 4383 4386 4385
f 4386 4387 4385
f 4386 4388 4387
f 4388 4389 4387
f 4389 4390 4387
f 4389 4391 4390
f 4392 4393 4394
f 4393 4395 4394
f 4395 4396 4394
f 4395 4397 4396
f 4397 4395 4398
f 4395 4399 4398
f 4398 4399 4400
f 4399 4401 4400
f 4399 4402 4401
f 4399 4403 4402
f 4401 4404 4400
f 4405 4406 4407
f 4407 4408 4409
f 4410 4411 4409
f 4409 4412 4410
f 4410 4412 4413
f 4412 4414 4413
f 4413 4414 4415
f 4414 4416 4415
f 4415 4416 4417
f 4416 4418 4417
f 4412 4416 4414
f 4416 4419 4418
f 4420 4421 4422
f 4421 4423 4422
f 4423 4424 4422
f 4425 4426 4427
f 4428 4407 4429
f 4428 4430 4407
f 4427 4426 4431
f 4426 4432 4431
f 4426 4433 4432
f 4432 4434 4431
f 4426 4435 4436
f 4436 4437 4438
f 4439 4430 4440
f 4439 4407 4430
f 4407 4441 4429
f 4441 4442 4443
f 4442 4444 4443
f 4443 4444 4445
f 4446 4437 4445
f 4446 4447 4437
f 4448 4449 4450
f 4449 4451 4452
f 4453 4454 4455
f 4454 4456 4455
f 4456 4457 4455
f 4456 4458 4457
f 4459 4460 4461
f 4459 4462 4460
f 4462 4463 4460
f 4462 4464 4463
f 4464 4465 4463
f 4465 4466 4463
f 4465 4452 4466
f 4467 4468 4469
f 4467 4470 4468
f 4467 4471 4470
f 4468 4472 4469
f 4473 4474 4475
f 4474 4476 4475
f 4474 4473 4477
f 4473 4478 4477
f 4478 4479 4480
f 4479 4481 4480
f 4479 4482 4481
f 4482 4483 4449
f 4449 4484 4485
f 4475 4486 4473
f 4473 4479 4478
f 4479 4483 4482
f 4487 4449 4483
f 4488 4489 4490
f 4490 4491 4492
f 4493 4494 4492
f 4492 4495 4493
f 4493 4495 4496
f 4495 4497 4496
f 4496 4497 4498
f 4497 4499 4498
f 4498 4499 4500
f 4500 4499 4501
f 4495 4499 4497
f 4502 4503 4504
f 4503 4505 4504
f 4505 4506 4504
f 4507 4508 4509
f 4507 4510 4508
f 4508 4511 4509
f 4512 4513 4514
f 4514 4515 4512
f 4515 4516 4512
f 4515 4517 4516
f 4517 4518 4519
f 4518 4520 4519
f 4518 4521 4520
f 4521 4522 4490
f 4490 4523 4524
f 4525 4507 4509
f 4526 4490 4522
f 4526 4523 4490
f 4523 4527 4524
f 4528 4529 4530
f 4531 4532 4533
f 4532 4534 4535
f 4534 4536 4535
f 4537 4538 4539
f 4538 4540 4539
f 4540 4541 4539
f 4540 4542 4541
f 4543 4529 4544
f 4543 4545 4529
f 4545 4530 4529
f 4545 4546 4530
f 4546 4528 4530
f 4546 4547 4528
f 4547 4535 4528
f 4548 4549 4532
f 4532 4550 4551
f 4550 4552 4553
f 4552 4554 4553
f 4554 4555 4553
f 4555 4556 4557
f 4556 4558 4557
f 4553 4555 4559
f 4559 4555 4557
f 4560 4561 4562
f 4560 4563 4561
f 4562 4564 4560
f 4565 4557 4566
f 4557 4558 4566
f 4558 4567 4566
f 4568 4569 4426
f 4568 4537 4569
f 4537 4570 4569
f 4537 4571 4570
f 4537 4539 4571
f 4570 4571 4569
f 4571 4426 4569
f 4572 4573 4507
f 4573 4574 4572
f 4573 4455 4574
f 4575 4576 4455
f 4575 4507 4574
f 4572 4574 4507
f 4488 4577 4578
f 4488 4579 4577
f 4580 4579 4549
f 4488 4581 4582
f 4581 4524 4582
f 4524 4525 4582
f 4582 4525 4583
f 4525 4584 4583
f 4584 4585 4583
f 4583 4585 4586
f 4585 4450 4586
f 4586 4485 4587
f 4588 4589 4590
f 4589 4405 4590
f 4405 4591 4590
f 4591 4439 4425
f 4533 4592 4593
f 4594 4595 4596
f 4595 4547 4596
f 4595 4554 4547
f 4547 4597 4596
f 4597 4598 4596
f 4597 4599 4598
f 4600 4601 4602
f 4601 4465 4602
f 4601 4603 4465
f 4465 4604 4602
f 4604 4605 4602
f 4604 4516 4605
f 4593 4606 4537
f 4606 4568 4537
f 4606 4431 4568
f 4606 4425 4431
f 4425 4427 4431
f 4607 4441 4409
f 4441 4429 4607
f 4407 4591 4405
f 4439 4591 4407
f 4429 4407 4408
f 4409 4607 4408
f 4420 4589 4588
f 4588 4469 4608
f 4588 4587 4469
f 4485 4586 4449
f 4586 4609 4449
f 4449 4452 4609
f 4450 4449 4586
f 4609 4482 4449
f 4465 4610 4452
f 4453 4585 4584
f 4584 4525 4573
f 4525 4509 4573
f 4611 4521 4492
f 4521 4522 4611
f 4490 4581 4488
f 4524 4581 4490
f 4522 4490 4491
f 4492 4611 4491
f 4502 4577 4579
f 4579 4612 4613
f 4579 4580 4612
f 4612 4560 4613
f 4549 4592 4532
f 4592 4614 4532
f 4532 4535 4614
f 4533 4532 4592
f 4614 4550 4532
f 4547 4615 4535
f 4418 4419 4616
f 4419 4422 4616
f 4616 4422 4475
f 4422 4617 4475
f 4475 4617 4486
f 4617 4471 4486
f 4541 4571 4618
f 4571 4619 4618
f 4571 4426 4619
f 4426 4436 4619
f 4436 4438 4619
f 4619 4544 4618
f 4437 4447 4438
f 4447 4620 4438
f 4457 4575 4621
f 4575 4622 4621
f 4575 4507 4622
f 4507 4623 4622
f 4623 4514 4622
f 4622 4461 4621
f 4501 4624 4625
f 4624 4504 4625
f 4625 4504 4566
f 4504 4626 4566
f 4566 4626 4565
f 4626 4563 4565
f 4627 4628 4629
f 4628 4630 4629
f 4629 4630 4631
f 4630 4632 4631
f 4404 4633 4628
f 4404 4401 4633
f 4401 4634 4633
f 4401 4402 4634
f 4402 4635 4634
f 4402 4403 4635
f 4394 4630 4392
f 4630 4636 4392
f 4392 4636 4393
f 4636 4637 4393
f 4393 4637 4395
f 4637 4638 4395
f 4630 4394 4632
f 4394 4639 4632
f 4394 4640 4639
f 4394 4396 4640
f 4396 4397 4640
f 4640 4397 4641
f 4397 4398 4641
f 4398 4400 4641
f 4400 4642 4641
f 4400 4404 4642
f 4404 4643 4642
f 4404 4628 4643
f 4628 4627 4643
f 4627 4629 4643
f 4629 4644 4643
f 4629 4631 4644
f 4631 4632 4644
f 4639 4644 4632
f 4645 4386 4646
f 4386 4383 4646
f 4646 4383 4647
f 4383 4382 4647
f 4647 4382 4648
f 4382 4384 4648
f 4648 4384 4649
f 4384 4385 4649
f 4645 4646 4650
f 4646 4651 4650
f 4646 4652 4651
f 4646 4647 4652
f 4647 4653 4652
f 4647 4654 4653
f 4654 4655 4653
f 4654 4656 4655
f 4656 4654 4657
f 4654 4658 4657
f 4654 4659 4658
f 4659 4660 4658
f 4659 4661 4660
f 4659 4662 4661
f 4662 4663 4661
f 4662 4664 4663
f 4661 4663 4665
f 4663 4666 4665
f 4663 4667 4666
f 4667 4663 4668
f 4663 4669 4668
f 4668 4669 4670
f 4669 4671 4670
f 4669 4653 4671
f 4653 4655 4671
f 4647 4648 4654
f 4648 4649 4654
f 4391 4672 4390
f 4672 4673 4390
f 4672 4391 4674
f 4391 4675 4674
f 4391 4676 4675
f 4391 4389 4676
f 4389 4388 4676
f 4676 4388 4677
f 4388 4386 4677
f 4386 4645 4677
f 4645 4650 4677
f 4650 4678 4677
f 4650 4679 4678
f 4679 4680 4678
f 4679 4681 4680
f 4681 4682 4680
f 4681 4683 4682
f 4683 4674 4682
f 4675 4682 4674
f 4674 4673 4672
f 4684 4378 4685
f 4378 4375 4685
f 4685 4375 4686
f 4375 4374 4686
f 4686 4374 4687
f 4374 4376 4687
f 4687 4376 4688
f 4376 4377 4688
f 4380 4689 4381
f 4689 4690 4381
f 4689 4380 4691
f 4380 4692 4691
f 4380 4379 4692
f 4379 4693 4692
f 4379 4378 4693
f 4378 4684 4693
f 4684 4694 4693
f 4694 4695 4693
f 4694 4696 4695
f 4696 4697 4695
f 4696 4698 4697
f 4698 4699 4697
f 4698 4700 4699
f 4700 4701 4699
f 4700 4702 4701
f 4702 4692 4701
f 4702 4691 4692
f 4703 4368 4704
f 4368 4365 4704
f 4704 4365 4705
f 4365 4364 4705
f 4705 4364 4706
f 4364 4366 4706
f 4706 4366 4707
f 4366 4367 4707
f 4703 4704 4708
f 4704 4709 4708
f 4704 4710 4709
f 4704 4705 4710
f 4705 4711 4710
f 4705 4712 4711
f 4712 4713 4711
f 4712 4714 4713
f 4714 4712 4715
f 4712 4716 4715
f 4712 4717 4716
f 4717 4718 4716
f 4717 4719 4718
f 4717 4720 4719
f 4720 4721 4719
f 4720 4698 4721
f 4698 4722 4721
f 4698 4696 4722
f 4696 4694 4722
f 4694 4684 4722
f 4684 4651 4722
f 4684 4650 4651
f 4650 4684 4679
f 4684 4685 4679
f 4679 4685 4681
f 4685 4723 4681
f 4685 4724 4723
f 4685 4686 4724
f 4686 4725 4724
f 4686 4687 4725
f 4687 4726 4725
f 4687 4727 4726
f 4687 4688 4727
f 4688 4728 4727
f 4688 4729 4728
f 4688 4730 4729
f 4730 4731 4729
f 4729 4731 4732
f 4731 4673 4732
f 4732 4673 4733
f 4673 4734 4733
f 4673 4674 4734
f 4674 4735 4734
f 4674 4683 4735
f 4683 4736 4735
f 4683 4723 4736
f 4723 4683 4681
f 4698 4720 4700
f 4720 4702 4700
f 4720 4691 4702
f 4691 4720 4689
f 4720 4690 4689
f 4719 4721 4737
f 4721 4738 4737
f 4721 4739 4738
f 4739 4721 4740
f 4721 4741 4740
f 4740 4741 4742
f 4741 4743 4742
f 4741 4711 4743
f 4711 4713 4743
f 4705 4706 4712
f 4706 4707 4712
f 4708 4709 4744
f 4709 4630 4744
f 4709 4664 4630
f 4664 4636 4630
f 4664 4662 4636
f 4662 4637 4636
f 4662 4638 4637
f 4744 4630 4745
f 4630 4628 4745
f 4745 4628 4746
f 4628 4747 4746
f 4628 4748 4747
f 4628 4633 4748
f 4633 4749 4748
f 4633 4634 4749
f 4634 4750 4749
f 4634 4751 4750
f 4634 4635 4751
f 4635 4752 4751
f 4635 4753 4752
f 4747 4754 4746
f 4754 4755 4746
f 4746 4755 4756
f 4755 4757 4756
f 4757 4758 4756
f 4757 4759 4758
f 4759 4760 4758
f 4758 4760 4761
f 4760 4753 4761
f 4753 4635 4761
f 4635 4762 4761
f 4373 4756 4372
f 4756 4758 4372
f 4756 4373 4746
f 4373 4763 4746
f 4373 4764 4763
f 4373 4371 4764
f 4371 4765 4764
f 4371 4370 4765
f 4370 4766 4765
f 4370 4368 4766
f 4368 4703 4766
f 4703 4708 4766
f 4766 4708 4767
f 4708 4744 4767
f 4767 4744 4768
f 4744 4745 4768
f 4768 4745 4763
f 4745 4746 4763
f 4769 4444 4770
f 4444 4771 4770
f 4444 4410 4771
f 4410 4772 4771
f 4410 4773 4772
f 4773 4774 4772
f 4773 4477 4774
f 4477 4775 4774
f 4769 4776 4444
f 4769 4777 4776
f 4776 4777 119
f 4777 4598 119
f 4598 4599 119
f 4599 4778 119
f 4599 4446 4778
f 4446 4445 4778
f 4445 4779 4778
f 4445 4444 4779
f 4444 120 4779
f 4444 4776 120
f 4603 4601 4481
f 4601 4780 4481
f 4601 4781 4780
f 4780 4781 4782
f 4781 4775 4782
f 4782 4775 128
f 4775 4477 128
f 4477 4478 128
f 4478 4783 128
f 4478 4480 4783
f 4480 4784 4783
f 4480 4481 4784
f 4481 4780 4784
f 4603 4481 4465
f 4785 4786 4787
f 4786 4788 4787
f 4786 4493 4788
f 4493 4789 4788
f 4493 4790 4789
f 4790 4791 4789
f 4790 4556 4791
f 4556 4792 4791
f 4786 4785 4520
f 4785 73 4520
f 4785 4793 73
f 73 4793 89
f 4793 4605 89
f 4605 4516 89
f 4516 4794 89
f 4516 4517 4794
f 4517 74 4794
f 4517 4519 74
f 4519 73 74
f 4519 4520 73
f 4786 4520 4493
f 4595 4795 4554
f 4595 4796 4795
f 4795 4796 87
f 4796 4792 87
f 4792 4556 87
f 4556 4797 87
f 4556 4555 4797
f 4555 4798 4797
f 4555 4554 4798
f 4554 4799 4798
f 4554 4795 4799
f 4421 4420 4800
f 4420 4588 4800
f 4800 4588 4472
f 4588 4608 4472
f 4608 4469 4472
f 4421 4800 4423
f 4422 4424 4617
f 4424 4801 4617
f 4617 4801 4471
f 4801 4470 4471
f 4470 4801 4468
f 4801 4424 4423
f 4423 4424 4421
f 4472 4468 4800
f 4477 4773 4802
f 4773 4417 4802
f 4773 4413 4417
f 4773 4410 4413
f 4410 4803 4413
f 4410 4444 4803
f 4477 4802 4474
f 4474 4802 4476
f 4417 4413 4415
f 4475 4476 4616
f 4476 4802 4616
f 4616 4802 4418
f 4802 4417 4418
f 4409 4411 4607
f 4411 4804 4607
f 4607 4804 4441
f 4804 4442 4441
f 4444 4442 4803
f 4442 4804 4803
f 4804 4411 4803
f 4411 4410 4803
f 4543 4544 4805
f 4544 4619 4805
f 4805 4619 4620
f 4619 4438 4620
f 4446 4599 4805
f 4599 4597 4805
f 4597 4543 4805
f 4597 4546 4543
f 4597 4547 4546
f 4547 4806 4546
f 4547 4554 4806
f 4446 4805 4447
f 4620 4447 4805
f 4543 4546 4545
f 4538 4537 4807
f 4537 4568 4807
f 4807 4568 4434
f 4568 4431 4434
f 4541 4542 4571
f 4542 4808 4571
f 4571 4808 4426
f 4808 4433 4426
f 4542 4540 4808
f 4538 4432 4807
f 4807 4434 4432
f 4433 4808 4432
f 4510 4507 4809
f 4507 4575 4809
f 4809 4575 4458
f 4575 4457 4458
f 4509 4511 4573
f 4511 4810 4573
f 4573 4810 4584
f 4810 4454 4584
f 4584 4454 4453
f 4511 4508 4810
f 4510 4809 4508
f 4454 4508 4810
f 4458 4456 4809
f 4516 4604 4811
f 4604 4459 4811
f 4604 4464 4459
f 4604 4465 4464
f 4465 4812 4464
f 4465 4481 4812
f 4481 4480 4812
f 4516 4811 4512
f 4514 4513 4622
f 4513 4811 4622
f 4622 4811 4461
f 4811 4459 4461
f 4513 4512 4811
f 4459 4464 4462
f 4481 4482 4813
f 4482 4609 4813
f 4813 4609 4610
f 4609 4452 4610
f 4813 4480 4481
f 4813 4465 4480
f 4465 4812 4480
f 4610 4465 4813
f 4503 4502 4814
f 4502 4579 4814
f 4814 4579 4564
f 4579 4613 4564
f 4613 4560 4564
f 4503 4814 4505
f 4504 4506 4626
f 4506 4815 4626
f 4626 4815 4563
f 4815 4561 4563
f 4561 4815 4562
f 4815 4506 4505
f 4505 4506 4503
f 4564 4562 4814
f 4556 4790 4816
f 4790 4500 4816
f 4790 4496 4500
f 4790 4493 4496
f 4493 4817 4496
f 4493 4520 4817
f 4520 4519 4817
f 4556 4816 4558
f 4558 4816 4567
f 4500 4496 4498
f 4566 4567 4625
f 4567 4816 4625
f 4625 4816 4501
f 4816 4500 4501
f 4492 4494 4611
f 4494 4818 4611
f 4611 4818 4521
f 4818 4520 4521
f 4520 4818 4817
f 4818 4494 4817
f 4494 4493 4817
f 4552 4550 4819
f 4550 4614 4819
f 4819 4614 4615
f 4614 4535 4615
f 4819 4554 4552
f 4819 4547 4554
f 4615 4547 4819
f 4820 4821 4822
f 4821 4823 4822
f 4821 4824 4823
f 4824 4821 4825
f 4821 4826 4825
f 4821 4827 4826
f 4827 4828 4826
f 4827 4829 4828
f 4827 4830 4829
f 4830 4831 4829
f 4830 4832 4831
f 4832 4833 4831
f 4832 4834 4833
f 4830 4835 4832
f 4834 4832 4836
f 4832 4837 4836
f 4836 4837 4838
f 4837 4839 4838
f 4837 4822 4839
f 4822 4823 4839
f 4840 4841 4842
f 4841 4843 4842
f 4841 4844 4843
f 4844 4841 4845
f 4841 4846 4845
f 4841 4847 4846
f 4847 4848 4846
f 4847 4849 4848
f 4847 4850 4849
f 4850 4851 4849
f 4850 4852 4851
f 4852 4853 4851
f 4852 4854 4853
f 4850 4855 4852
f 4854 4852 4856
f 4852 4857 4856
f 4856 4857 4858
f 4857 4859 4858
f 4857 4842 4859
f 4842 4843 4859
f 4860 4861 4862
f 4861 4863 4862
f 4861 4864 4863
f 4864 4861 4865
f 4861 4866 4865
f 4861 4867 4866
f 4867 4868 4866
f 4867 4869 4868
f 4867 4870 4869
f 4870 4871 4869
f 4870 4872 4871
f 4872 4873 4871
f 4872 4874 4873
f 4870 4875 4872
f 4874 4872 4876
f 4872 4877 4876
f 4876 4877 4878
f 4877 4879 4878
f 4877 4862 4879
f 4862 4863 4879
f 4880 4881 4882
f 4881 4883 4882
f 4881 4884 4883
f 4884 4881 4885
f 4881 4886 4885
f 4881 4887 4886
f 4887 4888 4886
f 4887 4889 4888
f 4887 4890 4889
f 4890 4891 4889
f 4890 4892 4891
f 4892 4893 4891
f 4892 4894 4893
f 4890 4895 4892
f 4894 4892 4896
f 4892 4897 4896
f 4896 4897 4898
f 4897 4899 4898
f 4897 4882 4899
f 4882 4883 4899
f 4707 4367 4712
f 4367 4900 4712
f 4367 4901 4900
f 4367 4369 4901
f 4369 4902 4901
f 4369 4372 4902
f 4372 4903 4902
f 4372 4758 4903
f 4758 4904 4903
f 4758 4761 4904
f 4761 1357 4904
f 4761 4762 1357
f 4762 4905 1357
f 4762 4799 4905
f 4799 4795 4905
f 4905 4795 4906
f 4795 87 4906
f 87 4797 4906
f 4799 4762 4798
f 4762 4797 4798
f 4762 4403 4797
f 4403 4906 4797
f 4403 4907 4906
f 4762 4635 4403
f 4403 4399 4907
f 4399 4908 4907
f 4399 4395 4908
f 4395 4909 4908
f 4395 4638 4909
f 4638 4662 4909
f 4909 4662 4910
f 4662 1367 4910
f 4662 4659 1367
f 4659 4911 1367
f 4659 73 4911
f 4911 73 4912
f 73 89 4912
f 89 4654 4912
f 89 4794 4654
f 4794 74 4654
f 74 73 4654
f 73 4659 4654
f 4688 4377 4730
f 4377 128 4730
f 4377 4913 128
f 4913 4782 128
f 4782 4913 4780
f 4913 4914 4780
f 4780 4914 4784
f 4914 4730 4784
f 4914 1364 4730
f 1364 4731 4730
f 1364 4915 4731
f 4915 4673 4731
f 4915 4916 4673
f 4916 4390 4673
f 4916 4917 4390
f 4917 4387 4390
f 4917 4918 4387
f 4918 4385 4387
f 4918 4912 4385
f 4912 4654 4385
f 4654 4649 4385
f 4784 4730 4783
f 4730 128 4783
f 4913 4377 4919
f 4377 64 4919
f 4919 64 4920
f 64 4381 4920
f 4920 4381 4921
f 4381 4690 4921
f 4690 4720 4921
f 4720 4922 4921
f 4720 1360 4922
f 4720 4717 1360
f 4717 4923 1360
f 4717 120 4923
f 120 4776 4923
f 4923 4776 4900
f 4776 119 4900
f 119 4712 4900
f 119 4778 4712
f 4778 4779 4712
f 4779 120 4712
f 120 4717 4712
f 4924 472 531
f 472 4925 531
f 472 532 4925
f 532 525 4925
f 4925 525 4926
f 525 526 4926
f 526 527 4926
f 527 4927 4926
f 527 440 4927
f 440 441 4927
f 4927 441 4928
f 441 442 4928
f 442 473 4928
f 473 472 4928
f 473 436 472
f 436 529 472
f 436 528 529
f 472 529 532
f 436 437 528
f 437 527 528
f 437 440 527
f 4929 538 465
f 538 4930 465
f 538 466 4930
f 466 458 4930
f 4930 458 4931
f 458 459 4931
f 459 461 4931
f 461 4932 4931
f 461 507 4932
f 507 508 4932
f 4932 508 4933
f 508 509 4933
f 509 539 4933
f 539 538 4933
f 539 504 538
f 504 463 538
f 504 462 463
f 538 463 466
f 504 505 462
f 505 461 462
f 505 507 461
f 4932 4934 4931
f 4934 600 4931
f 4934 452 600
f 452 617 600
f 452 450 617
f 450 469 617
f 469 4935 617
f 4935 460 617
f 4935 467 460
f 467 455 460
f 455 454 460
f 454 4934 460
f 617 460 616
f 460 457 616
f 616 457 614
f 457 612 614
f 457 468 612
f 468 4936 612
f 468 609 4936
f 609 599 4936
f 609 607 599
f 607 620 599
f 599 620 4927
f 620 618 4927
f 609 468 611
f 468 613 611
f 468 439 613
f 439 618 613
f 439 470 618
f 470 4927 618
f 470 448 4927
f 448 447 4927
f 447 445 4927
f 445 4937 4927
f 445 438 4937
f 438 521 4937
f 438 522 521
f 522 438 533
f 438 4938 533
f 438 582 4938
f 582 535 4938
f 582 517 535
f 517 582 519
f 582 565 519
f 582 573 565
f 573 4939 565
f 573 575 4939
f 575 577 4939
f 519 565 4937
f 565 4926 4937
f 4926 4927 4937
f 582 438 581
f 438 524 581
f 581 524 579
f 524 577 579
f 524 534 577
f 534 4939 577
f 534 574 4939
f 574 564 4939
f 574 572 564
f 572 585 564
f 564 585 4932
f 585 583 4932
f 574 534 576
f 534 578 576
f 534 506 578
f 506 583 578
f 506 536 583
f 536 4932 583
f 536 515 4932
f 515 514 4932
f 514 512 4932
f 512 4934 4932
f 512 460 4934
f 512 510 460
f 510 506 460
f 510 537 506
f 537 536 506
f 445 443 438
f 443 439 438
f 443 471 439
f 471 470 439
f 612 4936 610
f 4936 608 610
f 4936 600 608
f 600 617 608
f 4526 4940 4522
f 4940 4941 4522
f 4522 4941 4942
f 4942 4941 4491
f 4941 4940 4491
f 4491 4940 4526
f 4943 4944 4408
f 4408 4944 4428
f 4428 4944 4429
f 4944 4943 4429
f 4429 4943 4945
f 4945 4943 4408
f 4946 4947 4422
f 4947 4420 4422
f 4947 4589 4420
f 4947 4948 4589
f 4589 4948 4405
f 4948 4949 4405
f 4949 4406 4405
f 4949 4950 4406
f 4950 4407 4406
f 4950 4951 4407
f 4951 4952 4407
f 4952 4408 4407
f 4952 4953 4408
f 4953 4409 4408
f 4953 4412 4409
f 4953 4954 4412
f 4954 4416 4412
f 4954 4955 4416
f 4955 4956 4416
f 4416 4956 4419
f 4956 4957 4419
f 4419 4957 4422
f 4957 4946 4422
f 4958 4959 4440
f 4959 4439 4440
f 4959 4425 4439
f 4959 4960 4425
f 4960 4426 4425
f 4960 4961 4426
f 4961 4962 4426
f 4426 4962 4435
f 4962 4436 4435
f 4962 4963 4436
f 4963 4437 4436
f 4963 4964 4437
f 4964 4965 4437
f 4437 4965 4445
f 4965 4443 4445
f 4965 4966 4443
f 4966 4441 4443
f 4966 4967 4441
f 4967 4429 4441
f 4967 4968 4429
f 4968 4428 4429
f 4968 4969 4428
f 4969 4430 4428
f 4969 4958 4430
f 4958 4440 4430
f 4970 4971 4460
f 4971 4461 4460
f 4971 4621 4461
f 4971 4972 4621
f 4972 4457 4621
f 4972 4973 4457
f 4973 4455 4457
f 4973 4974 4455
f 4974 4453 4455
f 4974 4975 4453
f 4975 4585 4453
f 4975 4450 4585
f 4975 4976 4450
f 4450 4976 4448
f 4976 4977 4448
f 4448 4977 4449
f 4977 4978 4449
f 4449 4978 4452
f 4978 4979 4452
f 4979 4980 4452
f 4980 4466 4452
f 4980 4981 4466
f 4981 4463 4466
f 4981 4970 4463
f 4970 4460 4463
f 4982 4983 4483
f 4983 4487 4483
f 4983 4449 4487
f 4983 4984 4449
f 4984 4484 4449
f 4984 4985 4484
f 4985 4986 4484
f 4484 4986 4485
f 4986 4587 4485
f 4986 4987 4587
f 4987 4469 4587
f 4987 4988 4469
f 4988 4467 4469
f 4988 4989 4467
f 4989 4471 4467
f 4989 4486 4471
f 4989 4990 4486
f 4990 4473 4486
f 4990 4991 4473
f 4991 4992 4473
f 4473 4992 4479
f 4992 4993 4479
f 4993 4982 4479
f 4483 4479 4982
f 4994 4995 4491
f 4995 4492 4491
f 4995 4495 4492
f 4995 4996 4495
f 4996 4499 4495
f 4996 4997 4499
f 4997 4998 4499
f 4499 4998 4501
f 4998 4624 4501
f 4998 4999 4624
f 4999 4504 4624
f 4999 5000 4504
f 5000 5001 4504
f 4504 5001 4502
f 5001 4577 4502
f 5001 5002 4577
f 4577 5002 4578
f 5002 4488 4578
f 5002 5003 4488
f 4488 5003 4489
f 5003 5004 4489
f 4489 5004 4490
f 5004 5005 4490
f 5005 4994 4490
f 4491 4490 4994
f 5006 5007 4515
f 5007 4517 4515
f 5007 4518 4517
f 5007 5008 4518
f 5008 4521 4518
f 5008 5009 4521
f 5009 4522 4521
f 5009 5010 4522
f 5010 4526 4522
f 5010 5011 4526
f 5011 4523 4526
f 5011 5012 4523
f 5012 4527 4523
f 5012 5013 4527
f 5013 4524 4527
f 5013 4525 4524
f 5013 5014 4525
f 5014 4507 4525
f 5014 5015 4507
f 5015 5016 4507
f 4507 5016 4623
f 5016 5017 4623
f 4623 5017 4514
f 5017 5006 4514
f 4515 4514 5006
f 5018 5019 4537
f 5019 4593 4537
f 5019 4533 4593
f 5019 5020 4533
f 4533 5020 4531
f 5020 5021 4531
f 4531 5021 4532
f 5021 5022 4532
f 4532 5022 4534
f 5022 5023 4534
f 4534 5023 4536
f 5023 5024 4536
f 4536 5024 4535
f 5024 4528 4535
f 5024 5025 4528
f 5025 4529 4528
f 5025 5026 4529
f 5026 5027 4529
f 4529 5027 4544
f 5027 4618 4544
f 5027 5028 4618
f 5028 4541 4618
f 5028 5029 4541
f 5029 4539 4541
f 5029 5018 4539
f 5018 4537 4539
f 4580 4549 5030
f 4549 4548 5030
f 5030 4548 5031
f 4548 5032 5031
f 4548 4532 5032
f 4532 5033 5032
f 4532 4550 5033
f 4550 5034 5033
f 4550 5035 5034
f 4550 4553 5035
f 4553 5036 5035
f 4553 4559 5036
f 4559 4557 5036
f 5036 4557 5037
f 4557 5038 5037
f 4557 4565 5038
f 4565 5039 5038
f 4565 4563 5039
f 4563 4560 5039
f 5039 4560 5040
f 4560 4612 5040
f 5040 4612 5041
f 4612 4580 5041
f 5041 4580 5030
f 4574 4572 4508
f 4508 4572 5042
f 4572 4574 5042
f 4574 4573 5042
f 5042 4574 4456
f 4574 4455 4456
f 4455 4576 4456
f 4456 4576 5043
f 4576 4575 5043
f 5043 4575 4508
f 4575 4574 4508
f 5044 4569 4540
f 4569 4570 4540
f 4540 4570 5045
f 5045 4570 4432
f 4570 4569 4432
f 4569 4426 4432
f 4432 4426 5044
f 4426 4569 5044
f 4569 4568 5044
f 4595 5046 4796
f 5046 4792 4796
f 5046 5047 4792
f 5047 4791 4792
f 5047 5048 4791
f 5048 4789 4791
f 5048 4788 4789
f 5048 5049 4788
f 5049 4787 4788
f 5049 4785 4787
f 5049 4793 4785
f 5049 4605 4793
f 5049 5050 4605
f 5050 4602 4605
f 5050 5051 4602
f 5051 4600 4602
f 5051 5052 4600
f 5052 4601 4600
f 4601 5052 4781
f 5052 4775 4781
f 5052 5053 4775
f 5053 4774 4775
f 5053 5054 4774
f 5054 4772 4774
f 5054 4771 4772
f 5054 5055 4771
f 5055 4770 4771
f 5055 4769 4770
f 5055 4777 4769
f 5055 4598 4777
f 5055 5056 4598
f 5056 4596 4598
f 5056 5057 4596
f 5057 4594 4596
f 5057 5046 4594
f 5046 4595 4594
f 4522 4942 4611
f 4942 4491 4611
f 4491 4526 4522
f 4408 4428 4429
f 4429 4945 4607
f 4607 4945 4408
f 368 367 1375
f 367 5058 1375
f 367 5059 5058
f 367 366 5059
f 366 5060 5059
f 366 365 5060
f 365 5061 5060
f 365 364 5061
f 364 5062 5061
f 364 363 5062
f 363 5063 5062
f 363 362 5063
f 362 5064 5063
f 362 361 5064
f 361 360 5064
f 5064 360 1376
f 360 359 1376
f 1376 359 5065
f 359 5066 5065
f 359 358 5066
f 358 5067 5066
f 358 357 5067
f 357 5068 5067
f 357 9 5068
f 9 5069 5068
f 9 371 5069
f 371 5070 5069
f 371 370 5070
f 370 5071 5070
f 370 369 5071
f 369 368 5071
f 1375 5071 368
f 5042 4456 4454
f 4456 5043 4809
f 5043 4508 4809
f 4508 5042 4810
f 5042 4454 4810
f 5072 4423 4421
f 4423 5073 4801
f 5073 4468 4801
f 4468 5072 4800
f 5072 4421 4800
f 5044 4540 4538
f 4540 5045 4808
f 5045 4432 4808
f 4432 5044 4807
f 5044 4538 4807
f 4505 4503 5074
f 4503 4814 5074
f 4814 4562 5074
f 4815 5075 4562
f 4815 4505 5075
f 4657 4828 4656
f 4828 4829 4656
f 4656 4829 4655
f 4829 4831 4655
f 4655 4831 4671
f 4831 4833 4671
f 4671 4833 4670
f 4833 4834 4670
f 4670 4834 4668
f 4834 4836 4668
f 4668 4836 4667
f 4836 4838 4667
f 4667 4838 4666
f 4838 4839 4666
f 4666 4839 4665
f 4839 4823 4665
f 4665 4823 4661
f 4823 4824 4661
f 4661 4824 4660
f 4824 4825 4660
f 4660 4825 4658
f 4825 4826 4658
f 4658 4826 4657
f 4826 4828 4657
f 4733 4848 4732
f 4848 4849 4732
f 4732 4849 4729
f 4849 4851 4729
f 4729 4851 4728
f 4851 4853 4728
f 4728 4853 4727
f 4853 4854 4727
f 4727 4854 4726
f 4854 4856 4726
f 4726 4856 4725
f 4856 4858 4725
f 4725 4858 4724
f 4858 4859 4724
f 4724 4859 4723
f 4859 4843 4723
f 4723 4843 4736
f 4843 4844 4736
f 4736 4844 4735
f 4844 4845 4735
f 4735 4845 4734
f 4845 4846 4734
f 4734 4846 4733
f 4846 4848 4733
f 4739 4868 4738
f 4868 4869 4738
f 4738 4869 4737
f 4869 4871 4737
f 4737 4871 4719
f 4871 4873 4719
f 4719 4873 4718
f 4873 4874 4718
f 4718 4874 4716
f 4874 4876 4716
f 4716 4876 4715
f 4876 4878 4715
f 4715 4878 4714
f 4878 4879 4714
f 4714 4879 4713
f 4879 4863 4713
f 4713 4863 4743
f 4863 4864 4743
f 4743 4864 4742
f 4864 4865 4742
f 4742 4865 4740
f 4865 4866 4740
f 4740 4866 4739
f 4866 4868 4739
f 4749 4888 4748
f 4888 4889 4748
f 4748 4889 4747
f 4889 4891 4747
f 4747 4891 4754
f 4891 4893 4754
f 4754 4893 4755
f 4893 4894 4755
f 4755 4894 4757
f 4894 4896 4757
f 4757 4896 4759
f 4896 4898 4759
f 4759 4898 4760
f 4898 4899 4760
f 4760 4899 4753
f 4899 4883 4753
f 4753 4883 4752
f 4883 4884 4752
f 4752 4884 4751
f 4884 4885 4751
f 4751 4885 4750
f 4885 4886 4750
f 4750 4886 4749
f 4886 4888 4749
f 5058 4900 1375
f 4900 4901 1375
f 4901 4902 1375
f 4902 5071 1375
f 4902 4903 5071
f 4903 4904 5071
f 5071 4904 5070
f 4904 1357 5070
f 5070 1357 5069
f 1357 4905 5069
f 4905 4906 5069
f 4906 5068 5069
f 4906 4907 5068
f 4907 4908 5068
f 5068 4908 5067
f 4908 4909 5067
f 4909 4910 5067
f 4910 5066 5067
f 4910 1367 5066
f 1367 5065 5066
f 1367 4911 5065
f 4911 4912 5065
f 5065 4912 1376
f 4912 4918 1376
f 4918 4917 1376
f 4917 5064 1376
f 4917 4916 5064
f 4916 4915 5064
f 5064 4915 5063
f 4915 1364 5063
f 5063 1364 5062
f 1364 4914 5062
f 4914 4913 5062
f 4913 5061 5062
f 4913 4919 5061
f 4919 4920 5061
f 5061 4920 5060
f 4920 4921 5060
f 4921 4922 5060
f 4922 5059 5060
f 4922 1360 5059
f 1360 5058 5059
f 1360 4923 5058
f 4923 4900 5058
f 5057 4767 5046
f 4767 5076 5046
f 4767 4768 5076
f 4768 5077 5076
f 4768 4763 5077
f 4763 5078 5077
f 4763 4764 5078
f 4764 368 5078
f 4764 4765 368
f 4765 367 368
f 4765 4766 367
f 4766 4767 367
f 4767 5057 367
f 5057 5056 367
f 5078 368 5079
f 368 369 5079
f 5079 369 5080
f 369 370 5080
f 370 371 5080
f 371 5081 5080
f 371 5082 5081
f 371 9 5082
f 9 5083 5082
f 9 4642 5083
f 4642 5076 5083
f 4642 5046 5076
f 4642 4643 5046
f 4643 5047 5046
f 4643 4644 5047
f 4644 5048 5047
f 4644 4639 5048
f 4639 357 5048
f 4639 4640 357
f 4640 9 357
f 4640 4641 9
f 4641 4642 9
f 5048 357 5084
f 357 5085 5084
f 357 5086 5085
f 357 358 5086
f 358 5087 5086
f 358 359 5087
f 359 5050 5087
f 359 5051 5050
f 5051 359 5052
f 359 4678 5052
f 359 4677 4678
f 4677 359 4676
f 359 360 4676
f 4676 360 4675
f 360 5088 4675
f 360 361 5088
f 361 5089 5088
f 361 362 5089
f 362 363 5089
f 5089 363 5090
f 363 5091 5090
f 363 364 5091
f 364 5092 5091
f 364 5093 5092
f 5088 5094 4675
f 5094 4682 4675
f 5094 4680 4682
f 5094 5095 4680
f 5095 4678 4680
f 5095 5093 4678
f 5093 5052 4678
f 5093 364 5052
f 364 5053 5052
f 364 4693 5053
f 4693 5054 5053
f 4693 4695 5054
f 4695 4697 5054
f 4697 4699 5054
f 4699 5096 5054
f 4699 365 5096
f 365 5097 5096
f 365 5098 5097
f 365 366 5098
f 366 5099 5098
f 366 367 5099
f 367 5056 5099
f 5099 5056 5100
f 5056 5101 5100
f 5056 5102 5101
f 5056 5055 5102
f 5055 5103 5102
f 5055 5054 5103
f 5054 5096 5103
f 4699 4701 365
f 4701 364 365
f 4701 4692 364
f 4692 4693 364
f 5087 5050 5104
f 5050 5105 5104
f 5050 5106 5105
f 5050 5049 5106
f 5049 5107 5106
f 5049 5048 5107
f 5048 5084 5107
f 4835 4830 5087
f 4830 5086 5087
f 4830 4827 5086
f 4827 5085 5086
f 4827 4821 5085
f 4821 5084 5085
f 4821 4820 5084
f 4820 5107 5084
f 4820 4822 5107
f 4822 5106 5107
f 4822 4837 5106
f 4837 5105 5106
f 4837 4832 5105
f 4832 5104 5105
f 4832 4835 5104
f 4835 5087 5104
f 4855 4850 5088
f 4850 5094 5088
f 4850 4847 5094
f 4847 5095 5094
f 4847 4841 5095
f 4841 5093 5095
f 4841 4840 5093
f 4840 5092 5093
f 4840 4842 5092
f 4842 5091 5092
f 4842 4857 5091
f 4857 5090 5091
f 4857 4852 5090
f 4852 5089 5090
f 4852 4855 5089
f 4855 5088 5089
f 4875 4870 5103
f 4870 5102 5103
f 4870 4867 5102
f 4867 5101 5102
f 4867 4861 5101
f 4861 5100 5101
f 4861 4860 5100
f 4860 5099 5100
f 4860 4862 5099
f 4862 5098 5099
f 4862 4877 5098
f 4877 5097 5098
f 4877 4872 5097
f 4872 5096 5097
f 4872 4875 5096
f 4875 5103 5096
f 4895 4890 5083
f 4890 5082 5083
f 4890 4887 5082
f 4887 5081 5082
f 4887 4881 5081
f 4881 5080 5081
f 4881 4880 5080
f 4880 5079 5080
f 4880 4882 5079
f 4882 5078 5079
f 4882 4897 5078
f 4897 5077 5078
f 4897 4892 5077
f 4892 5076 5077
f 4892 4895 5076
f 4895 5083 5076
f 4950 577 4951
f 577 4952 4951
f 577 575 4952
f 575 4953 4952
f 575 4954 4953
f 575 573 4954
f 573 4955 4954
f 573 4956 4955
f 573 582 4956
f 582 4957 4956
f 582 4946 4957
f 582 581 4946
f 581 4947 4946
f 581 4948 4947
f 581 579 4948
f 579 4949 4948
f 579 4950 4949
f 579 577 4950
f 4962 583 4963
f 583 4964 4963
f 583 585 4964
f 585 4965 4964
f 585 4966 4965
f 585 572 4966
f 572 4967 4966
f 572 4968 4967
f 572 574 4968
f 574 4969 4968
f 574 4958 4969
f 574 576 4958
f 576 4959 4958
f 576 4960 4959
f 576 578 4960
f 578 4961 4960
f 578 4962 4961
f 578 583 4962
f 4974 441 4975
f 441 4976 4975
f 441 440 4976
f 440 4977 4976
f 440 4978 4977
f 440 437 4978
f 437 4979 4978
f 437 4980 4979
f 437 436 4980
f 436 4981 4980
f 436 4970 4981
f 436 473 4970
f 473 4971 4970
f 473 4972 4971
f 473 442 4972
f 442 4973 4972
f 442 4974 4973
f 442 441 4974
f 4986 527 4987
f 527 4988 4987
f 527 526 4988
f 526 4989 4988
f 526 4990 4989
f 526 525 4990
f 525 4991 4990
f 525 4992 4991
f 525 532 4992
f 532 4993 4992
f 532 4982 4993
f 532 529 4982
f 529 4983 4982
f 529 4984 4983
f 529 528 4984
f 528 4985 4984
f 528 4986 4985
f 528 527 4986
f 4998 617 4999
f 617 5000 4999
f 617 616 5000
f 616 5001 5000
f 616 5002 5001
f 616 614 5002
f 614 5003 5002
f 614 5004 5003
f 614 612 5004
f 612 5005 5004
f 612 4994 5005
f 612 610 4994
f 610 4995 4994
f 610 4996 4995
f 610 608 4996
f 608 4997 4996
f 608 4998 4997
f 608 617 4998
f 5010 609 5011
f 609 5012 5011
f 609 611 5012
f 611 5013 5012
f 611 5014 5013
f 611 613 5014
f 613 5015 5014
f 613 5016 5015
f 613 618 5016
f 618 5017 5016
f 618 5006 5017
f 618 620 5006
f 620 5007 5006
f 620 5008 5007
f 620 607 5008
f 607 5009 5008
f 607 5010 5009
f 607 609 5010
f 5024 504 5025
f 504 5026 5025
f 504 539 5026
f 539 5027 5026
f 539 5028 5027
f 539 509 5028
f 509 5029 5028
f 509 5018 5029
f 509 508 5018
f 508 5019 5018
f 508 5020 5019
f 508 507 5020
f 507 5021 5020
f 507 5022 5021
f 507 505 5022
f 505 5023 5022
f 505 5024 5023
f 505 504 5024
f 5036 466 5035
f 466 5034 5035
f 466 463 5034
f 463 5033 5034
f 463 5032 5033
f 463 462 5032
f 462 5031 5032
f 462 5030 5031
f 462 461 5030
f 461 5041 5030
f 461 5040 5041
f 461 459 5040
f 459 5039 5040
f 459 5038 5039
f 459 458 5038
f 458 5037 5038
f 458 5036 5037
f 458 466 5036
f 4571 4539 512
f 4539 510 512
f 4539 4537 510
f 4537 537 510
f 4537 4568 537
f 4568 536 537
f 4568 4426 536
f 4426 515 536
f 4426 514 515
f 4426 4571 514
f 4571 512 514
f 4575 4455 445
f 4455 443 445
f 4455 471 443
f 4455 4573 471
f 4573 470 471
f 4573 4572 470
f 4572 448 470
f 4572 4507 448
f 4507 447 448
f 4507 4575 447
f 4575 445 447
f 535 517 4423
f 4423 517 5073
f 517 519 5073
f 5073 519 4468
f 519 4937 4468
f 4937 521 4468
f 4468 521 5072
f 521 522 5072
f 522 533 5072
f 533 4938 5072
f 5072 4938 4423
f 4938 535 4423
f 4562 454 5074
f 454 455 5074
f 455 467 5074
f 467 4935 5074
f 5074 4935 4505
f 4935 469 4505
f 469 450 4505
f 4505 450 5075
f 450 452 5075
f 5075 452 4562
f 452 4934 4562
f 4934 454 4562
f 4652 4653 4927
f 4653 599 4927
f 4653 4936 599
f 4653 4669 4936
f 4669 600 4936
f 4669 4663 600
f 4663 4931 600
f 4663 4930 4931
f 4663 4664 4930
f 4664 465 4930
f 4664 4929 465
f 4664 4709 4929
f 4709 538 4929
f 4709 4710 538
f 4710 4933 538
f 4710 4932 4933
f 4710 4711 4932
f 4711 564 4932
f 4711 4939 564
f 4711 4741 4939
f 4741 565 4939
f 4741 4721 565
f 4721 4926 565
f 4721 4925 4926
f 4721 4722 4925
f 4722 531 4925
f 4722 4924 531
f 4722 4651 4924
f 4651 472 4924
f 4651 4652 472
f 4652 4928 472
f 4652 4927 4928
f 4583 439 4582
f 439 468 4582
f 4582 468 4488
f 468 4579 4488
f 468 457 4579
f 457 4549 4579
f 4549 457 4592
f 457 460 4592
f 4592 460 4593
f 460 4606 4593
f 460 506 4606
f 506 4425 4606
f 506 534 4425
f 534 4591 4425
f 534 4590 4591
f 534 524 4590
f 524 4588 4590
f 524 4587 4588
f 4587 524 4586
f 524 438 4586
f 4586 438 4583
f 438 439 4583
f 5108 5109 5110
f 5111 5112 5113
f 5113 5114 5115
f 5111 5113 5116
f 5116 5113 5117
f 5117 5113 5118
f 5118 5113 5119
f 5118 5119 5117
f 5120 5121 5122
f 5120 5122 5123
f 5120 5123 5124
f 5124 5123 5125
f 5125 5123 5126
f 5126 5123 5127
f 5127 5123 5128
f 5128 5123 5129
f 5129 5123 5130
f 5130 5123 5131
f 5131 5123 5132
f 5127 5128 5133
f 5127 5133 5134
f 5134 5133 5135
f 5134 5135 5136
f 5136 5135 5125
f 5125 5135 5137
f 5125 5137 5138
f 5125 5138 5139
f 5139 5138 5140
f 5141 5139 5142
f 5142 5139 5143
f 5144 5145 5146
f 5142 5143 5116
f 5116 5143 5147
f 5147 5148 5111
f 5147 5111 5116
f 5149 5116 5117
f 5142 5116 5141
f 5150 5151 5110
f 5110 5151 5152
f 5125 5116 5149
f 5152 5151 5145
f 5145 5151 5146
f 5149 5117 5124
f 5124 5117 5120
f 5120 5117 5119
f 5153 5151 5154
f 5149 5124 5125
f 5136 5125 5126
f 5154 5151 5109
f 5109 5151 5150
f 5136 5126 5134
f 5134 5126 5127
f 5109 5150 5110
f 5155 5110 5152
f 5125 5139 5141
f 5155 5152 5145
f 5156 5145 5157
f 5157 5145 5144
f 5153 5114 5146
f 5155 5145 5158
f 5158 5145 5108
f 5108 5145 5159
f 5159 5145 5160
f 5160 5145 5161
f 5161 5145 5162
f 5162 5145 5156
f 5163 5146 5164
f 5164 5146 5112
f 5112 5146 5114
f 5115 5154 5109
f 5115 5109 5113
f 5113 5109 5119
f 5119 5109 5121
f 5121 5109 5108
f 5108 5155 5165
f 5165 5155 5158
f 5121 5108 5122
f 5122 5108 5123
f 5123 5108 5132
f 5132 5108 5160
f 5160 5108 5159
f 5158 5108 5165
f 5162 5156 5131
f 5131 5156 5130
f 5130 5156 5157
f 5130 5157 5129
f 5129 5157 5128
f 5128 5157 5133
f 5133 5157 5144
f 5133 5144 5135
f 5135 5144 5137
f 5137 5144 5138
f 5138 5144 5140
f 5140 5144 5139
f 5139 5144 5143
f 5143 5144 5163
f 5132 5160 5162
f 5162 5160 5161
f 5132 5162 5131
f 5148 5163 5111
f 5111 5163 5164
f 5143 5163 5147
f 5147 5163 5148
f 5111 5164 5112
f 5113 5112 5114
f 5114 5153 5115
f 5115 5153 5154
f 5108 5110 5155
f 5144 5146 5163
f 5120 5119 5121
f 5125 5141 5116
f 5153 5146 5151
f 5166 5167 5168
f 5168 5167 5169
f 5170 5171 5172
f 5172 5171 5173
f 5167 5173 5169
f 5169 5173 5171
f 5169 5171 5168
f 5168 5171 5170
f 5168 5170 5166
f 5166 5170 5172
f 5166 5172 5167
f 5167 5172 5173
f 5174 5175 5176
f 5176 5175 5177
f 5178 5179 5180
f 5181 5177 5182
f 5183 5184 5182
f 5184 5185 5186
f 5184 5186 5187
f 5188 5189 5186
f 5186 5189 5190
f 5186 5190 5187
f 5187 5190 5191
f 5187 5191 5192
f 5189 5188 5193
f 5191 5190 5177
f 5177 5190 5189
f 5177 5181 5178
f 5177 5178 5191
f 5191 5178 5180
f 5180 5174 5189
f 5180 5189 5193
f 5191 5193 5188
f 5191 5188 5192
f 5193 5191 5180
f 5174 5176 5189
f 5189 5176 5177
f 5184 5187 5182
f 5182 5187 5192
f 5182 5192 5194
f 5194 5192 5188
f 5194 5188 5185
f 5185 5188 5186
f 5182 5194 5195
f 5195 5194 5178
f 5195 5178 5181
f 5181 5178 5179
f 5175 5174 5196
f 5180 5196 5174
f 5196 5180 5185
f 5185 5184 5197
f 5197 5184 5174
f 5197 5174 5196
f 5196 5185 5197
f 5183 5182 5177
f 5181 5182 5195
f 5198 5185 5180
f 5198 5180 5179
f 5178 5194 5179
f 5179 5194 5198
f 5183 5177 5175
f 5174 5184 5175
f 5175 5184 5183
f 5198 5194 5185
f 5199 5200 5201
f 5201 5200 5202
f 5200 5203 5202
f 5202 5203 5204
f 5204 5205 5206
f 5206 5205 5207
f 5206 5207 5208
f 5208 5207 5199
f 5199 5207 5200
f 5203 5205 5204
f 5203 5200 5209
f 5209 5200 5210
f 5209 5210 5211
f 5211 5210 5212
f 5213 5211 5212
f 5211 5214 5209
f 5209 5214 5215
f 5200 5207 5210
f 5207 5205 5210
f 5210 5205 5216
f 5216 5215 5217
f 5217 5215 5214
f 5217 5214 5218
f 5210 5216 5212
f 5212 5216 5217
f 5219 5214 5220
f 5220 5214 5211
f 5211 5213 5201
f 5201 5213 5199
f 5199 5221 5208
f 5208 5221 5206
f 5222 5206 5221
f 5206 5221 5223
f 5206 5223 5217
f 5217 5223 5212
f 5217 5222 5206
f 5224 5219 5204
f 5204 5219 5202
f 5225 5202 5219
f 5202 5219 5220
f 5202 5220 5211
f 5202 5225 5201
f 5201 5225 5199
f 5206 5222 5204
f 5204 5222 5224
f 5218 5214 5224
f 5224 5214 5219
f 5213 5212 5199
f 5199 5212 5208
f 5208 5212 5221
f 5221 5212 5223
f 5224 5222 5218
f 5218 5222 5217
f 5209 5215 5203
f 5203 5215 5216
f 5203 5216 5205
f 5225 5202 5211
f 5225 5211 5201
f 5226 5227 5228
f 5228 5227 5229
f 5230 5231 5232
f 5233 5229 5234
f 5235 5236 5234
f 5236 5237 5238
f 5236 5238 5239
f 5240 5241 5238
f 5238 5241 5242
f 5238 5242 5239
f 5239 5242 5243
f 5239 5243 5244
f 5241 5240 5245
f 5243 5242 5229
f 5229 5242 5241
f 5229 5233 5230
f 5229 5230 5243
f 5243 5230 5232
f 5232 5226 5241
f 5232 5241 5245
f 5243 5245 5240
f 5243 5240 5244
f 5245 5243 5232
f 5226 5228 5241
f 5241 5228 5229
f 5236 5239 5234
f 5234 5239 5244
f 5234 5244 5246
f 5246 5244 5240
f 5246 5240 5237
f 5237 5240 5238
f 5234 5246 5247
f 5247 5246 5230
f 5247 5230 5233
f 5233 5230 5231
f 5227 5226 5248
f 5232 5248 5226
f 5248 5232 5237
f 5237 5236 5249
f 5249 5236 5226
f 5249 5226 5248
f 5248 5237 5249
f 5235 5234 5229
f 5233 5234 5247
f 5250 5237 5232
f 5250 5232 5231
f 5230 5246 5231
f 5231 5246 5250
f 5235 5229 5227
f 5226 5236 5227
f 5227 5236 5235
f 5250 5246 5237
f 5251 5252 5253
f 5253 5252 5254
f 5252 5255 5254
f 5254 5255 5256
f 5256 5257 5258
f 5258 5257 5259
f 5258 5259 5260
f 5260 5259 5251
f 5251 5259 5252
f 5255 5257 5256
f 5255 5252 5261
f 5261 5252 5262
f 5262 5252 5263
f 5262 5187 5264
f 5264 5187 5265
f 5264 5265 5184
f 5184 5265 5266
f 5266 5264 5184
f 5264 5267 5262
f 5262 5267 5261
f 5252 5259 5263
f 5259 5257 5263
f 5263 5257 5268
f 5268 5257 5261
f 5268 5261 5269
f 5269 5261 5267
f 5269 5267 5270
f 5262 5263 5187
f 5187 5263 5268
f 5187 5268 5265
f 5265 5268 5269
f 5271 5267 5272
f 5272 5267 5264
f 5264 5266 5253
f 5253 5266 5251
f 5251 5273 5260
f 5260 5273 5258
f 5274 5258 5273
f 5258 5273 5275
f 5258 5275 5269
f 5269 5275 5265
f 5269 5274 5258
f 5276 5271 5256
f 5256 5271 5254
f 5277 5254 5271
f 5254 5271 5272
f 5254 5272 5264
f 5254 5277 5253
f 5253 5277 5251
f 5258 5274 5256
f 5256 5274 5276
f 5270 5267 5276
f 5276 5267 5271
f 5266 5265 5251
f 5251 5265 5260
f 5260 5265 5273
f 5273 5265 5275
f 5276 5274 5270
f 5270 5274 5269
f 5261 5257 5255
f 5277 5254 5264
f 5277 5264 5253
f 5278 5279 5280
f 5280 5281 5278
f 5280 5279 5282
f 5282 5279 5283
f 5279 5278 5283
f 5283 5278 5284
f 5278 5281 5284
f 5284 5281 5285
f 5281 5280 5285
f 5285 5280 5282
f 5284 5285 5286
f 5286 5285 5287
f 5285 5282 5287
f 5287 5282 5288
f 5282 5283 5288
f 5288 5283 5289
f 5283 5284 5289
f 5289 5284 5286
f 5286 5287 5290
f 5290 5287 5291
f 5287 5288 5291
f 5291 5288 5292
f 5288 5289 5292
f 5292 5289 5293
f 5289 5286 5293
f 5293 5286 5290
f 5292 5293 5290
f 5291 5290 5292
f 5294 5295 5296
f 5296 5297 5294
f 5296 5295 5298
f 5298 5295 5299
f 5295 5294 5299
f 5299 5294 5300
f 5294 5297 5300
f 5300 5297 5301
f 5297 5296 5301
f 5301 5296 5298
f 5300 5301 5302
f 5302 5301 5303
f 5301 5298 5303
f 5303 5298 5304
f 5298 5299 5304
f 5304 5299 5305
f 5299 5300 5305
f 5305 5300 5302
f 5302 5303 5306
f 5306 5303 5307
f 5303 5304 5307
f 5307 5304 5308
f 5304 5308 5305
f 5308 5309 5305
f 5305 5309 5302
f 5309 5306 5302
f 5308 5309 5306
f 5307 5308 5306
f 5310 5221 5176
f 5176 5221 5175
f 5175 5206 5311
f 5311 5206 5310
f 5311 5310 5176
f 5175 5311 5176
f 5310 5206 5221
f 5206 5175 5221
f 5207 5199 5177
f 5177 5312 5190
f 5177 5190 5207
f 5190 5312 5207
f 5207 5312 5199
f 5312 5177 5199
f 5313 5201 5181
f 5181 5201 5314
f 5313 5314 5201
f 5181 5314 5313
f 5315 5219 5316
f 5316 5219 5179
f 5179 5202 5317
f 5317 5202 5315
f 5317 5315 5316
f 5179 5317 5316
f 5315 5202 5219
f 5202 5179 5219
f 5203 5204 5180
f 5180 5318 5193
f 5180 5193 5203
f 5193 5318 5203
f 5203 5318 5204
f 5318 5180 5204
f 5319 5222 5320
f 5320 5222 5196
f 5196 5321 5322
f 5322 5321 5319
f 5322 5319 5320
f 5196 5322 5320
f 5319 5321 5222
f 5321 5196 5222
f 5323 5273 5228
f 5228 5273 5227
f 5227 5258 5324
f 5324 5258 5323
f 5324 5323 5228
f 5227 5324 5228
f 5323 5258 5273
f 5258 5227 5273
f 5259 5251 5229
f 5229 5325 5242
f 5229 5242 5259
f 5242 5325 5259
f 5259 5325 5251
f 5325 5229 5251
f 5326 5253 5233
f 5233 5253 5327
f 5326 5327 5253
f 5233 5327 5326
f 5328 5271 5329
f 5329 5271 5231
f 5231 5254 5330
f 5330 5254 5328
f 5330 5328 5329
f 5231 5330 5329
f 5328 5254 5271
f 5254 5231 5271
f 5255 5256 5232
f 5232 5331 5245
f 5232 5245 5255
f 5245 5331 5255
f 5255 5331 5256
f 5331 5232 5256
f 5332 5274 5333
f 5333 5274 5248
f 5248 5334 5335
f 5335 5334 5332
f 5335 5332 5333
f 5248 5335 5333
f 5332 5334 5274
f 5334 5248 5274
f 5336 5337 5338
f 5339 5340 5341
f 5341 5340 5342
f 5342 5340 5343
f 5342 5343 5344
f 5342 5344 5339
f 5339 5344 5345
f 5345 5344 5341
f 5345 5341 5339
f 5339 5341 5346
f 5347 5348 5349
f 5350 5349 5336
f 5351 5352 5353
f 5337 5336 5340
f 5354 5355 5356
f 5357 5351 5358
f 5354 5356 5359
f 5360 5356 5361
f 5362 5363 5364
f 5365 5366 5367
f 5368 5361 5369
f 5368 5369 5370
f 5371 5358 5372
f 5370 5373 5361
f 5374 5372 5358
f 5375 5354 5376
f 5377 5378 5379
f 5376 5354 5359
f 5379 5378 5380
f 5352 5373 5381
f 5382 5359 5356
f 5357 5383 5384
f 5385 5378 5377
f 5353 5381 5386
f 5387 5377 5388
f 5342 5339 5341
f 5388 5377 5379
f 5385 5377 5389
f 5389 5377 5390
f 5382 5391 5376
f 5390 5377 5392
f 5392 5377 5393
f 5393 5377 5394
f 5394 5377 5387
f 5388 5379 5380
f 5367 5380 5395
f 5388 5380 5396
f 5396 5380 5397
f 5397 5380 5398
f 5398 5380 5399
f 5399 5380 5367
f 5380 5379 5400
f 5400 5379 5378
f 5400 5378 5401
f 5401 5378 5402
f 5402 5378 5364
f 5355 5337 5339
f 5362 5378 5389
f 5389 5378 5385
f 5403 5387 5398
f 5398 5387 5404
f 5404 5387 5396
f 5396 5387 5388
f 5394 5387 5393
f 5393 5387 5392
f 5392 5387 5405
f 5405 5387 5403
f 5362 5389 5406
f 5406 5389 5407
f 5407 5389 5408
f 5408 5389 5392
f 5392 5389 5390
f 5408 5392 5405
f 5409 5367 5395
f 5399 5367 5366
f 5407 5410 5411
f 5409 5395 5412
f 5412 5395 5413
f 5354 5338 5337
f 5414 5395 5380
f 5404 5396 5397
f 5404 5397 5398
f 5403 5398 5415
f 5416 5399 5415
f 5415 5399 5410
f 5410 5399 5366
f 5352 5351 5382
f 5417 5400 5401
f 5417 5401 5418
f 5418 5401 5402
f 5419 5402 5420
f 5420 5402 5421
f 5421 5402 5363
f 5363 5402 5364
f 5421 5363 5422
f 5422 5363 5362
f 5422 5362 5406
f 5405 5403 5415
f 5408 5405 5410
f 5410 5405 5415
f 5422 5406 5423
f 5423 5406 5386
f 5386 5406 5374
f 5374 5406 5372
f 5372 5406 5424
f 5424 5411 5366
f 5424 5406 5411
f 5375 5376 5391
f 5410 5407 5408
f 5413 5409 5412
f 5365 5409 5425
f 5425 5409 5413
f 5410 5366 5411
f 5424 5366 5372
f 5372 5366 5426
f 5426 5366 5371
f 5371 5366 5427
f 5427 5366 5428
f 5428 5366 5365
f 5428 5365 5427
f 5427 5365 5383
f 5383 5365 5384
f 5384 5365 5429
f 5429 5365 5425
f 5430 5413 5417
f 5417 5413 5431
f 5430 5417 5418
f 5418 5402 5340
f 5340 5402 5343
f 5343 5402 5344
f 5344 5402 5341
f 5341 5402 5419
f 5430 5418 5413
f 5413 5418 5348
f 5360 5361 5373
f 5341 5419 5346
f 5346 5419 5420
f 5346 5420 5339
f 5431 5413 5395
f 5355 5420 5356
f 5381 5422 5423
f 5369 5420 5421
f 5369 5421 5370
f 5370 5421 5373
f 5432 5422 5381
f 5351 5357 5391
f 5354 5425 5338
f 5338 5425 5350
f 5350 5425 5413
f 5429 5425 5433
f 5433 5425 5354
f 5349 5348 5418
f 5383 5371 5427
f 5357 5371 5383
f 5375 5384 5354
f 5354 5384 5429
f 5354 5429 5433
f 5350 5413 5349
f 5349 5413 5347
f 5347 5413 5348
f 5349 5340 5336
f 5369 5361 5356
f 5400 5417 5431
f 5414 5380 5400
f 5415 5398 5416
f 5416 5398 5399
f 5432 5421 5422
f 5432 5381 5373
f 5336 5338 5350
f 5351 5353 5358
f 5337 5340 5339
f 5357 5358 5371
f 5362 5364 5378
f 5365 5367 5409
f 5371 5372 5426
f 5370 5361 5368
f 5374 5358 5353
f 5352 5381 5353
f 5382 5356 5360
f 5357 5384 5391
f 5353 5386 5374
f 5382 5376 5359
f 5355 5339 5420
f 5407 5411 5406
f 5354 5337 5355
f 5352 5382 5360
f 5375 5391 5384
f 5360 5373 5352
f 5431 5395 5414
f 5381 5423 5386
f 5351 5391 5382
f 5349 5418 5340
f 5369 5356 5420
f 5400 5431 5414
f 5432 5373 5421
f 5434 5435 5436
f 5435 5437 5436
f 5436 5438 5437
f 5437 5438 5439
f 5438 5440 5439
f 5439 5440 5441
f 5440 5434 5441
f 5441 5434 5435
f 5435 5441 5437
f 5441 5439 5437
f 5442 5443 5444
f 5445 5446 5447
f 5442 5448 5449
f 5442 5449 5450
f 5450 5449 5451
f 5452 5453 5451
f 5454 5455 5456
f 5457 5458 5456
f 5459 5445 5460
f 5461 5458 5451
f 5462 5463 5464
f 5465 5466 5467
f 5467 5466 5468
f 5467 5468 5469
f 5469 5468 5470
f 5470 5468 5471
f 5470 5471 5472
f 5470 5472 5473
f 5473 5472 5474
f 5475 5476 5477
f 5478 5472 5479
f 5479 5472 5480
f 5480 5472 5481
f 5480 5481 5482
f 5482 5481 5483
f 5443 5484 5485
f 5446 5486 5456
f 5478 5487 5474
f 5486 5465 5488
f 5488 5465 5489
f 5489 5465 5490
f 5490 5465 5491
f 5491 5465 5492
f 5492 5465 5493
f 5493 5465 5467
f 5463 5462 5483
f 5465 5494 5495
f 5496 5482 5483
f 5457 5456 5497
f 5497 5456 5452
f 5469 5498 5499
f 5465 5486 5494
f 5494 5486 5446
f 5454 5486 5488
f 5500 5501 5502
f 5503 5450 5504
f 5504 5450 5476
f 5476 5450 5505
f 5505 5450 5506
f 5506 5450 5507
f 5507 5450 5505
f 5505 5450 5453
f 5453 5450 5508
f 5508 5450 5451
f 5509 5510 5489
f 5508 5451 5453
f 5511 5457 5452
f 5452 5457 5497
f 5493 5467 5469
f 5455 5454 5512
f 5498 5469 5474
f 5474 5469 5473
f 5473 5469 5470
f 5481 5472 5471
f 5513 5474 5514
f 5514 5474 5515
f 5515 5487 5479
f 5479 5487 5478
f 5516 5479 5480
f 5515 5479 5517
f 5517 5479 5510
f 5510 5479 5488
f 5488 5479 5516
f 5516 5480 5500
f 5500 5480 5501
f 5501 5480 5482
f 5485 5464 5518
f 5510 5488 5489
f 5454 5488 5512
f 5519 5488 5520
f 5520 5488 5521
f 5521 5488 5477
f 5477 5488 5522
f 5522 5488 5516
f 5503 5523 5442
f 5524 5489 5490
f 5524 5490 5525
f 5525 5490 5526
f 5526 5490 5491
f 5526 5491 5492
f 5526 5492 5493
f 5525 5493 5524
f 5524 5493 5499
f 5526 5493 5525
f 5527 5528 5523
f 5529 5502 5528
f 5530 5502 5529
f 5531 5528 5527
f 5518 5532 5533
f 5523 5443 5442
f 5534 5452 5535
f 5535 5452 5455
f 5453 5452 5534
f 5504 5523 5503
f 5527 5504 5531
f 5531 5504 5536
f 5536 5504 5475
f 5475 5504 5476
f 5506 5476 5505
f 5499 5498 5474
f 5477 5476 5521
f 5537 5533 5538
f 5521 5476 5539
f 5538 5533 5532
f 5539 5476 5506
f 5464 5540 5532
f 5539 5506 5507
f 5541 5533 5461
f 5539 5507 5534
f 5461 5533 5542
f 5534 5507 5505
f 5542 5533 5543
f 5534 5505 5453
f 5543 5533 5537
f 5514 5515 5517
f 5544 5537 5538
f 5524 5499 5513
f 5524 5513 5514
f 5524 5514 5509
f 5540 5538 5532
f 5509 5514 5510
f 5544 5538 5540
f 5510 5514 5517
f 5475 5516 5536
f 5536 5516 5531
f 5543 5545 5495
f 5531 5516 5500
f 5522 5516 5475
f 5531 5500 5530
f 5448 5541 5461
f 5535 5512 5519
f 5546 5461 5446
f 5519 5512 5488
f 5446 5461 5447
f 5535 5519 5539
f 5447 5461 5542
f 5539 5519 5520
f 5539 5520 5521
f 5448 5461 5449
f 5530 5529 5531
f 5458 5461 5546
f 5539 5534 5535
f 5445 5542 5460
f 5460 5542 5543
f 5447 5542 5445
f 5460 5543 5459
f 5459 5543 5547
f 5545 5543 5548
f 5466 5544 5468
f 5468 5544 5471
f 5494 5459 5547
f 5481 5544 5483
f 5483 5544 5549
f 5549 5544 5463
f 5463 5544 5550
f 5550 5544 5540
f 5548 5544 5466
f 5545 5548 5495
f 5495 5548 5551
f 5551 5548 5465
f 5465 5548 5466
f 5463 5540 5464
f 5550 5540 5463
f 5502 5496 5484
f 5444 5518 5541
f 5496 5462 5485
f 5511 5451 5458
f 5458 5546 5456
f 5456 5546 5446
f 5548 5543 5537
f 5494 5446 5459
f 5459 5446 5445
f 5452 5456 5455
f 5515 5474 5487
f 5443 5523 5528
f 5501 5482 5496
f 5442 5444 5448
f 5452 5451 5511
f 5454 5456 5486
f 5461 5451 5449
f 5462 5464 5485
f 5475 5477 5522
f 5443 5485 5444
f 5478 5474 5472
f 5463 5483 5549
f 5465 5495 5551
f 5496 5483 5462
f 5469 5499 5493
f 5500 5502 5530
f 5509 5489 5524
f 5455 5512 5535
f 5481 5471 5544
f 5485 5518 5444
f 5503 5442 5450
f 5527 5523 5504
f 5529 5528 5531
f 5518 5533 5541
f 5499 5474 5513
f 5464 5532 5518
f 5543 5495 5547
f 5494 5547 5495
f 5502 5484 5528
f 5444 5541 5448
f 5496 5485 5484
f 5511 5458 5457
f 5548 5537 5544
f 5443 5528 5484
f 5501 5496 5502
f 5552 5553 5554
f 5555 5553 5556
f 5557 5558 5559
f 5556 5553 5304
f 5304 5553 5552
f 5559 5558 5560
f 5561 5562 5563
f 5560 5558 5564
f 5304 5552 5303
f 5303 5552 5565
f 5564 5558 5566
f 5567 5279 5568
f 5305 5556 5304
f 5566 5558 5569
f 5556 5570 5555
f 5571 5572 5573
f 5571 5573 5278
f 5278 5573 5279
f 5574 5575 5576
f 5577 5558 5568
f 5563 5578 5575
f 5555 5579 5580
f 5581 5582 5583
f 5584 5563 5585
f 5584 5585 5586
f 5586 5585 5587
f 5587 5585 5302
f 5302 5585 5570
f 5555 5580 5588
f 5588 5580 5589
f 5588 5589 5590
f 5588 5590 5583
f 5583 5590 5591
f 5592 5583 5582
f 5593 5589 5574
f 5302 5305 5304
f 5594 5557 5559
f 5570 5585 5579
f 5595 5596 5597
f 5597 5596 5568
f 5591 5593 5598
f 5281 5278 5562
f 5566 5569 5564
f 5564 5569 5560
f 5593 5599 5595
f 5560 5569 5559
f 5571 5600 5577
f 5558 5557 5582
f 5559 5569 5601
f 5598 5595 5581
f 5581 5597 5582
f 5581 5595 5597
f 5601 5569 5602
f 5602 5569 5553
f 5582 5597 5568
f 5553 5569 5554
f 5554 5569 5603
f 5603 5569 5600
f 5603 5600 5552
f 5572 5568 5573
f 5573 5568 5279
f 5552 5600 5565
f 5279 5567 5278
f 5561 5600 5604
f 5604 5600 5571
f 5604 5571 5281
f 5281 5571 5278
f 5578 5576 5575
f 5281 5561 5604
f 5579 5574 5580
f 5580 5574 5589
f 5584 5565 5600
f 5575 5574 5563
f 5576 5596 5595
f 5565 5584 5586
f 5565 5586 5302
f 5302 5586 5587
f 5565 5302 5303
f 5305 5302 5570
f 5590 5593 5591
f 5305 5570 5556
f 5592 5588 5583
f 5589 5593 5590
f 5585 5563 5574
f 5592 5557 5553
f 5553 5557 5594
f 5602 5594 5601
f 5553 5594 5602
f 5569 5558 5600
f 5601 5594 5559
f 5600 5558 5577
f 5592 5553 5555
f 5562 5567 5578
f 5563 5562 5578
f 5576 5578 5567
f 5552 5554 5603
f 5561 5563 5584
f 5567 5568 5596
f 5574 5576 5599
f 5577 5568 5572
f 5581 5583 5591
f 5592 5582 5557
f 5593 5574 5599
f 5302 5304 5303
f 5570 5579 5555
f 5591 5598 5581
f 5281 5562 5561
f 5593 5595 5598
f 5571 5577 5572
f 5558 5582 5568
f 5588 5592 5555
f 5584 5600 5561
f 5576 5595 5599
f 5585 5574 5579
f 5562 5278 5567
f 5576 5567 5596
f 5605 5606 5607
f 5607 5606 5608
f 5606 5605 5609
f 5609 5605 5610
f 5606 5609 5608
f 5608 5609 5611
f 5609 5610 5611
f 5611 5610 5612
f 5610 5605 5612
f 5612 5605 5607
f 5607 5608 5612
f 5612 5608 5611
f 5613 5614 5615
f 5615 5614 5616
f 5614 5613 5617
f 5617 5613 5618
f 5614 5617 5616
f 5616 5617 5619
f 5617 5618 5619
f 5619 5618 5620
f 5618 5613 5620
f 5620 5613 5615
f 5615 5616 5620
f 5620 5616 5619
f 5621 5622 5623
f 5623 5622 5624
f 5622 5621 5625
f 5625 5621 5626
f 5622 5625 5624
f 5624 5625 5627
f 5625 5626 5627
f 5627 5626 5628
f 5626 5621 5628
f 5628 5621 5623
f 5623 5624 5628
f 5628 5624 5627
f 5629 5630 5631
f 5631 5630 5632
f 5630 5629 5633
f 5633 5629 5634
f 5630 5633 5632
f 5632 5633 5635
f 5633 5634 5635
f 5635 5634 5636
f 5634 5629 5636
f 5636 5629 5631
f 5631 5632 5636
f 5636 5632 5635
f 5610 5609 5612
f 5612 5609 5611
f 5609 5610 5637
f 5637 5610 5638
f 5609 5637 5611
f 5611 5637 5639
f 5637 5638 5639
f 5639 5638 5640
f 5638 5610 5640
f 5640 5610 5612
f 5612 5611 5640
f 5640 5611 5639
f 5618 5617 5620
f 5620 5617 5619
f 5617 5618 5641
f 5641 5618 5642
f 5617 5641 5619
f 5619 5641 5643
f 5641 5642 5643
f 5643 5642 5644
f 5642 5618 5644
f 5644 5618 5620
f 5620 5619 5644
f 5644 5619 5643
f 5645 5646 5647
f 5647 5646 5648
f 5646 5645 5649
f 5649 5645 5650
f 5646 5649 5648
f 5648 5649 5651
f 5649 5650 5651
f 5651 5650 5652
f 5650 5645 5652
f 5652 5645 5647
f 5647 5648 5652
f 5652 5648 5651
f 5653 5654 5655
f 5655 5654 5656
f 5654 5653 5657
f 5657 5653 5658
f 5654 5657 5656
f 5656 5657 5659
f 5657 5658 5659
f 5659 5658 5660
f 5658 5653 5660
f 5660 5653 5655
f 5655 5656 5660
f 5660 5656 5659
f 5661 5662 5663
f 5663 5662 5664
f 5662 5661 5665
f 5665 5661 5666
f 5662 5665 5664
f 5664 5665 5667
f 5665 5666 5667
f 5667 5666 5668
f 5666 5661 5668
f 5668 5661 5663
f 5663 5664 5668
f 5668 5664 5667
f 5669 5670 5671
f 5671 5670 5672
f 5670 5669 5673
f 5673 5669 5674
f 5670 5673 5672
f 5672 5673 5675
f 5673 5674 5675
f 5675 5674 5676
f 5674 5669 5676
f 5676 5669 5671
f 5671 5672 5676
f 5676 5672 5675
f 5677 5678 5679
f 5679 5678 5680
f 5678 5677 5681
f 5681 5677 5682
f 5678 5681 5680
f 5680 5681 5683
f 5681 5682 5683
f 5683 5682 5684
f 5682 5677 5684
f 5684 5677 5679
f 5679 5680 5684
f 5684 5680 5683
f 5685 5686 5687
f 5688 5689 5690
f 5691 5692 5693
f 5694 5695 5696
f 5697 5698 5699
f 5700 5689 5701
f 5701 5689 5702
f 5703 5692 5704
f 5702 5689 5688
f 5704 5692 5705
f 5702 5688 5706
f 5705 5692 5707
f 5702 5706 5708
f 5707 5692 5709
f 5708 5706 5690
f 5709 5692 5710
f 5708 5690 5711
f 5710 5692 5712
f 5702 5708 5713
f 5714 5692 5715
f 5715 5692 5716
f 5702 5713 5717
f 5709 5712 5718
f 5717 5713 5719
f 5710 5712 5709
f 5720 5714 5721
f 5721 5714 5722
f 5723 5713 5724
f 5722 5714 5715
f 5699 5725 5726
f 5727 5728 5729
f 5730 5696 5731
f 5729 5728 5732
f 5725 5733 5734
f 5732 5728 5735
f 5735 5728 5736
f 5735 5736 5737
f 5738 5695 5694
f 5737 5736 5730
f 5735 5737 5739
f 5740 5741 5697
f 5685 5742 5743
f 5744 5741 5745
f 5685 5743 5746
f 5740 5697 5747
f 5746 5743 5748
f 5735 5739 5732
f 5749 5750 5751
f 5752 5753 5685
f 5754 5755 5756
f 5757 5732 5758
f 5757 5758 5759
f 5717 5719 5760
f 5756 5761 5762
f 5702 5717 5763
f 5764 5762 5765
f 5702 5763 5701
f 5765 5762 5766
f 5767 5768 5769
f 5757 5759 5770
f 5771 5769 5772
f 5757 5770 5727
f 5727 5770 5773
f 5773 5770 5774
f 5775 5762 5776
f 5774 5770 5777
f 5776 5762 5778
f 5740 5747 5779
f 5778 5762 5780
f 5756 5762 5764
f 5776 5778 5781
f 5782 5755 5748
f 5733 5709 5718
f 5715 5716 5783
f 5783 5716 5784
f 5783 5784 5738
f 5738 5784 5691
f 5738 5691 5785
f 5734 5718 5767
f 5731 5751 5750
f 5731 5693 5751
f 5687 5767 5786
f 5757 5727 5729
f 5749 5703 5704
f 5749 5704 5698
f 5787 5785 5691
f 5686 5726 5734
f 5788 5789 5762
f 5745 5689 5700
f 5788 5715 5760
f 5760 5715 5790
f 5790 5715 5791
f 5791 5715 5792
f 5792 5715 5793
f 5793 5715 5794
f 5794 5715 5783
f 5709 5733 5705
f 5725 5704 5705
f 5703 5751 5693
f 5752 5746 5795
f 5795 5746 5689
f 5689 5746 5690
f 5690 5746 5688
f 5688 5746 5706
f 5706 5746 5690
f 5690 5746 5711
f 5711 5746 5796
f 5796 5746 5797
f 5797 5746 5748
f 5708 5748 5713
f 5713 5748 5724
f 5797 5748 5796
f 5796 5748 5711
f 5711 5748 5708
f 5766 5754 5764
f 5764 5754 5756
f 5721 5722 5715
f 5766 5764 5765
f 5713 5723 5798
f 5715 5788 5775
f 5775 5788 5762
f 5794 5783 5793
f 5793 5783 5738
f 5724 5748 5755
f 5695 5738 5696
f 5696 5738 5787
f 5787 5738 5785
f 5696 5787 5693
f 5775 5776 5799
f 5800 5696 5728
f 5728 5696 5736
f 5736 5696 5730
f 5737 5750 5749
f 5730 5750 5737
f 5741 5749 5697
f 5697 5749 5698
f 5737 5749 5739
f 5739 5749 5741
f 5779 5699 5801
f 5739 5760 5732
f 5732 5760 5758
f 5758 5760 5790
f 5798 5760 5719
f 5717 5760 5763
f 5763 5760 5701
f 5701 5760 5700
f 5700 5760 5744
f 5744 5760 5741
f 5741 5760 5739
f 5758 5790 5759
f 5759 5790 5770
f 5770 5790 5777
f 5777 5790 5791
f 5777 5791 5792
f 5777 5792 5774
f 5774 5792 5793
f 5773 5793 5727
f 5727 5793 5694
f 5774 5793 5773
f 5747 5699 5779
f 5802 5801 5753
f 5740 5801 5802
f 5772 5769 5768
f 5718 5712 5768
f 5786 5769 5782
f 5782 5769 5803
f 5803 5769 5771
f 5686 5753 5801
f 5692 5772 5712
f 5712 5772 5768
f 5714 5772 5692
f 5771 5720 5721
f 5725 5699 5698
f 5742 5786 5782
f 5742 5782 5743
f 5755 5782 5756
f 5756 5782 5761
f 5761 5782 5762
f 5762 5782 5780
f 5754 5766 5762
f 5780 5782 5803
f 5778 5803 5781
f 5781 5803 5771
f 5753 5686 5685
f 5780 5803 5778
f 5781 5771 5776
f 5795 5753 5752
f 5776 5771 5799
f 5802 5795 5740
f 5740 5795 5741
f 5720 5771 5714
f 5741 5795 5745
f 5716 5692 5784
f 5745 5795 5689
f 5784 5692 5691
f 5727 5694 5800
f 5727 5800 5728
f 5798 5723 5789
f 5723 5724 5754
f 5798 5788 5760
f 5685 5687 5742
f 5694 5696 5800
f 5697 5699 5747
f 5699 5726 5801
f 5730 5731 5750
f 5725 5734 5726
f 5738 5694 5793
f 5749 5751 5703
f 5752 5685 5746
f 5767 5769 5786
f 5771 5772 5714
f 5782 5748 5743
f 5733 5718 5734
f 5734 5767 5687
f 5687 5786 5742
f 5757 5729 5732
f 5787 5691 5693
f 5686 5734 5687
f 5745 5700 5744
f 5709 5705 5707
f 5725 5705 5733
f 5703 5693 5692
f 5721 5715 5775
f 5713 5798 5719
f 5724 5755 5754
f 5696 5693 5731
f 5775 5799 5721
f 5779 5801 5740
f 5802 5753 5795
f 5718 5768 5767
f 5686 5801 5726
f 5771 5721 5799
f 5725 5698 5704
f 5754 5762 5789
f 5798 5789 5788
f 5723 5754 5789
f 5804 5805 5806
f 5807 5808 5809
f 5810 5811 5812
f 5813 5814 5815
f 5816 5817 5818
f 5819 5820 5816
f 5821 5822 5823
f 5824 5825 5826
f 5827 5828 5829
f 5830 5831 5832
f 5833 5834 5835
f 5834 5836 5835
f 5835 5836 5837
f 5836 5838 5837
f 5838 5839 5837
f 5839 5840 5837
f 5839 5841 5840
f 5841 5842 5840
f 5842 5843 5840
f 5843 5844 5840
f 5843 5845 5844
f 5845 5846 5844
f 5845 5847 5846
f 5845 5848 5847
f 5849 5837 5850
f 5837 5840 5850
f 5850 5840 5851
f 5840 5844 5851
f 5805 5852 5806
f 5806 5852 5853
f 5852 5854 5853
f 5853 5854 5855
f 5854 5856 5855
f 5856 5857 5855
f 5857 5858 5855
f 5858 5859 5855
f 5855 5859 5860
f 5859 5861 5860
f 5859 5862 5861
f 5862 5863 5861
f 5862 5864 5863
f 5864 5865 5863
f 5865 5866 5863
f 5866 5867 5863
f 5867 5868 5863
f 5868 5869 5863
f 5868 5870 5869
f 5868 5871 5870
f 5871 5872 5870
f 5872 5873 5870
f 5873 5874 5870
f 5873 5875 5874
f 5875 5876 5874
f 5875 5877 5876
f 5869 5878 5863
f 5878 5879 5863
f 5878 5880 5879
f 5880 5881 5879
f 5880 5882 5881
f 5880 5883 5882
f 5883 5884 5882
f 5883 5885 5884
f 5881 5886 5879
f 5886 5887 5879
f 5879 5887 5863
f 5887 5861 5863
f 5833 5888 5877
f 5888 5874 5877
f 5874 5876 5877
f 5889 5890 5891
f 5892 5890 5893
f 5890 5894 5893
f 5894 5895 5893
f 5894 5890 5896
f 5890 5889 5896
f 5893 5897 5898
f 5893 5895 5897
f 5895 5899 5897
f 5899 5900 5897
f 5900 5901 5897
f 5901 5902 5897
f 5902 5898 5897
f 5890 5903 5891
f 5903 5904 5891
f 5904 5905 5906
f 5905 5907 5906
f 5905 5904 5907
f 5904 5908 5907
f 5904 5909 5908
f 5909 5904 5910
f 5904 5911 5910
f 5910 5912 5911
f 5910 5913 5912
f 5913 5910 5914
f 5910 5915 5914
f 5910 5916 5915
f 5917 5916 5918
f 5916 5919 5918
f 5919 5920 5921
f 5910 5911 5916
f 5916 5922 5919
f 5904 5906 5891
f 5906 5923 5891
f 5906 5847 5923
f 5847 5848 5923
f 5923 5848 5891
f 5848 5845 5923
f 5845 5891 5923
f 5845 5889 5891
f 5845 5843 5889
f 5843 5924 5889
f 5889 5924 5896
f 5924 5925 5896
f 5925 5926 5896
f 5926 5894 5896
f 5926 5927 5894
f 5927 5928 5894
f 5927 5929 5928
f 5929 5930 5928
f 5929 5931 5930
f 5931 5932 5930
f 5931 5933 5932
f 5933 5934 5932
f 5933 5862 5934
f 5862 5859 5934
f 5859 5858 5934
f 5858 5935 5934
f 5858 5857 5935
f 5857 5936 5935
f 5857 5856 5936
f 5856 5937 5936
f 5856 5854 5937
f 5862 5933 5864
f 5933 5938 5864
f 5933 5931 5938
f 5931 5939 5938
f 5931 5929 5939
f 5929 5940 5939
f 5929 5927 5940
f 5927 5926 5940
f 5864 5938 5865
f 5938 5866 5865
f 5938 5939 5866
f 5939 5941 5866
f 5939 5940 5941
f 5940 5942 5941
f 5940 5926 5942
f 5926 5925 5942
f 5866 5941 5867
f 5941 5943 5867
f 5941 5942 5943
f 5942 5944 5943
f 5942 5925 5944
f 5925 5924 5944
f 5867 5943 5868
f 5943 5945 5868
f 5943 5944 5945
f 5944 5946 5945
f 5944 5924 5946
f 5924 5843 5946
f 5843 5842 5946
f 5842 5947 5946
f 5842 5841 5947
f 5868 5945 5871
f 5945 5948 5871
f 5945 5946 5948
f 5946 5947 5948
f 5871 5948 5872
f 5948 5949 5872
f 5948 5947 5949
f 5947 5839 5949
f 5839 5950 5949
f 5950 5951 5949
f 5951 5952 5949
f 5952 5875 5949
f 5952 5877 5875
f 5875 5873 5949
f 5873 5872 5949
f 5808 5900 5809
f 5809 5900 5953
f 5900 5899 5953
f 5953 5899 5954
f 5899 5955 5954
f 5899 5895 5955
f 5895 5956 5955
f 5895 5957 5956
f 5957 5895 5958
f 5895 5959 5958
f 5895 5894 5959
f 5894 5928 5959
f 5928 5930 5959
f 5930 5960 5959
f 5930 5961 5960
f 5961 5962 5960
f 5961 5935 5962
f 5935 5936 5962
f 5935 5961 5934
f 5961 5932 5934
f 5961 5930 5932
f 5959 5960 5958
f 5960 5963 5958
f 5960 5962 5963
f 5962 5964 5963
f 5962 5936 5964
f 5936 5937 5964
f 5958 5963 5957
f 5963 5965 5957
f 5963 5964 5965
f 5964 5966 5965
f 5964 5937 5966
f 5937 5967 5966
f 5937 5854 5967
f 5854 5852 5967
f 5957 5965 5956
f 5965 5968 5956
f 5965 5966 5968
f 5966 5969 5968
f 5966 5967 5969
f 5967 5970 5969
f 5967 5852 5970
f 5852 5805 5970
f 5956 5968 5955
f 5968 5971 5955
f 5968 5969 5971
f 5969 5972 5971
f 5969 5970 5972
f 5970 5973 5972
f 5970 5805 5973
f 5805 5804 5973
f 5955 5971 5954
f 5971 5953 5954
f 5971 5974 5953
f 5974 5809 5953
f 5974 5975 5809
f 5975 5807 5809
f 5975 5976 5807
f 5971 5972 5974
f 5972 5977 5974
f 5972 5973 5977
f 5973 5978 5977
f 5973 5804 5978
f 5974 5977 5975
f 5977 5979 5975
f 5977 5978 5979
f 5975 5979 5976
f 5980 5981 5982
f 5804 5983 5984
f 5804 5985 5983
f 5804 5806 5985
f 5806 5986 5985
f 5806 5987 5986
f 5806 5853 5987
f 5987 5853 5988
f 5853 5989 5988
f 5990 5991 5992
f 5990 5993 5991
f 5993 5990 5994
f 5990 5995 5994
f 5995 5996 5997
f 5995 5901 5996
f 5901 5998 5996
f 5901 5999 5998
f 5901 5900 5999
f 5999 5900 6000
f 5900 5808 6000
f 5808 6001 6000
f 5808 5979 6001
f 5979 5978 6001
f 5978 5804 5984
f 5984 6002 5978
f 5984 5983 6002
f 6002 6001 5978
f 6002 6003 6001
f 6000 6001 6003
f 5808 5807 5979
f 5807 5976 5979
f 5814 6004 5815
f 5815 6004 6005
f 6004 6006 6005
f 6006 6007 6005
f 6005 6007 6008
f 6007 6009 6008
f 6008 6009 6010
f 5849 6011 5837
f 6011 6012 5837
f 5837 6012 5835
f 6012 5874 5835
f 6012 5870 5874
f 6012 6013 5870
f 6013 5869 5870
f 6013 6014 5869
f 6014 5878 5869
f 6014 6015 5878
f 6015 5880 5878
f 6015 6016 5880
f 6016 5883 5880
f 6016 6017 5883
f 6017 6018 5883
f 5883 6018 5885
f 6018 6019 5885
f 6019 6020 5885
f 5835 5874 5833
f 5833 5874 5888
f 6021 5885 5813
f 5813 5885 5814
f 5885 6022 5814
f 5885 6020 6022
f 6020 6023 6022
f 6020 6024 6023
f 6024 6020 6025
f 6020 6026 6025
f 6025 6026 6027
f 6026 6028 6027
f 6026 6029 6028
f 6029 6030 6028
f 6027 6028 6031
f 6028 6032 6031
f 6028 6022 6032
f 6022 6023 6032
f 5885 5884 6033
f 5884 5882 6033
f 6033 5881 5882
f 5881 6033 5886
f 6033 5882 5886
f 5882 6034 5886
f 5886 5861 5887
f 5860 5853 5855
f 5886 6034 5861
f 6034 6035 5861
f 6035 6036 5861
f 6036 5860 5861
f 6036 6037 5860
f 6037 5989 5860
f 5989 6038 5860
f 6038 5853 5860
f 5817 6039 5818
f 5818 6039 6040
f 6039 6041 6040
f 6039 6042 6041
f 6042 6039 6043
f 6039 6044 6043
f 6039 6045 6044
f 6045 6039 6046
f 6039 5920 6046
f 6039 5921 5920
f 5921 6039 5919
f 6039 6047 5919
f 6047 6039 6048
f 6039 5389 6048
f 6047 5918 5919
f 6047 6049 5918
f 6049 6050 5918
f 5918 6050 5917
f 6050 5916 5917
f 6050 6051 5916
f 6051 5915 5916
f 6051 6052 5915
f 6052 5914 5915
f 6052 6053 5914
f 6053 5913 5914
f 6053 5912 5913
f 5912 6053 5911
f 6053 5910 5911
f 6053 5909 5910
f 5909 6053 5908
f 6053 5907 5908
f 6053 5906 5907
f 5906 6053 6054
f 5820 6055 5816
f 6055 5818 5816
f 6055 5817 5818
f 6040 6043 5818
f 6040 6041 6043
f 6041 6042 6043
f 5816 5818 6056
f 5818 6043 6056
f 6056 6043 6057
f 6043 6058 6057
f 6058 5919 5922
f 5919 6058 5920
f 6058 6046 5920
f 6058 6045 6046
f 6045 6058 6044
f 6058 6043 6044
f 5819 5816 6059
f 5816 6060 6059
f 5816 6056 6060
f 6056 6061 6060
f 6056 6057 6061
f 6057 6062 6061
f 6057 6058 6062
f 6058 6063 6062
f 6058 5922 6063
f 5922 6064 6063
f 5922 5916 6064
f 5916 5893 6064
f 5916 5892 5893
f 5892 5916 5890
f 5916 5911 5890
f 5890 5911 5903
f 5911 5904 5903
f 5893 5898 6064
f 5898 5995 6064
f 5898 5902 5995
f 5902 5901 5995
f 5995 5990 6064
f 5990 6065 6064
f 6064 6065 6063
f 5833 5877 5834
f 5877 5952 5834
f 5834 5952 5836
f 5952 5951 5836
f 5836 5951 5838
f 5951 5839 5838
f 5951 5950 5839
f 5839 5947 5841
f 6066 6008 6067
f 6008 6068 6067
f 6008 5819 6068
f 6008 6010 5819
f 6010 6009 5819
f 5819 6009 5820
f 6009 6069 5820
f 6069 6007 5820
f 6007 6070 5820
f 6007 6071 6070
f 6007 6072 6071
f 6072 6073 6071
f 6072 6074 6073
f 6072 6075 6074
f 6075 6055 6074
f 6075 6076 6055
f 6076 6077 6055
f 6076 6078 6077
f 6055 6077 6039
f 6077 6079 6039
f 6039 6079 5389
f 6079 5906 5389
f 6079 5844 5906
f 5906 5844 5847
f 5844 5846 5847
f 6074 6055 6080
f 6055 6081 6080
f 6055 5820 6081
f 5820 6070 6081
f 5851 5844 6082
f 5844 6079 6082
f 6079 6077 6082
f 6082 6077 6083
f 6084 6085 6086
f 6085 6083 6086
f 6085 6082 6083
f 6085 6087 6082
f 6087 6088 6082
f 6088 6089 6082
f 6082 6089 5851
f 6089 6090 5851
f 6090 6091 5851
f 6090 6092 6091
f 6087 6093 6088
f 6093 6094 6088
f 6088 6094 6089
f 6094 6095 6089
f 6094 6096 6095
f 6096 6097 6095
f 6096 6098 6097
f 6098 6096 6099
f 6096 6100 6099
f 6095 6101 6089
f 6102 6090 6089
f 6102 6103 6090
f 6103 6104 6090
f 6104 6105 6090
f 6105 6106 6090
f 6106 6107 6090
f 6107 6092 6090
f 6107 6108 6092
f 6108 6109 6092
f 6109 6110 6092
f 6053 6104 6054
f 6104 6103 6054
f 6054 6103 5906
f 6103 6102 5906
f 5906 6102 5389
f 6102 6089 5389
f 6089 6048 5389
f 6089 6101 6048
f 6101 6095 6048
f 6095 6047 6048
f 6095 6097 6047
f 6097 6049 6047
f 6097 6098 6049
f 6098 6050 6049
f 6098 6051 6050
f 6099 6100 6098
f 6100 6051 6098
f 6100 5997 6051
f 6100 6111 5997
f 6111 6112 5997
f 6112 6113 5997
f 6092 6114 6091
f 6114 5851 6091
f 6114 6115 5851
f 6115 5850 5851
f 6115 6116 5850
f 6116 5849 5850
f 6116 6117 5849
f 6117 6118 5849
f 5849 6118 6011
f 6118 6119 6011
f 6119 6012 6011
f 5822 6120 5823
f 5822 6121 6120
f 5822 6122 6121
f 6122 6123 6121
f 6122 6124 6123
f 6014 6013 6015
f 6013 6125 6015
f 6013 6012 6125
f 6012 6126 6125
f 6126 6127 6125
f 6127 6128 6125
f 6128 6129 6125
f 6129 6130 6125
f 6130 6131 6125
f 6131 6132 6125
f 6131 6133 6132
f 6133 6134 6132
f 6133 6122 6134
f 6133 6124 6122
f 6133 6131 6124
f 6134 6135 6132
f 6135 6136 6132
f 6135 6137 6136
f 6137 6138 6136
f 6125 6132 6015
f 6132 6136 6015
f 6015 6136 6016
f 6136 6017 6016
f 6136 6138 6017
f 6138 6018 6017
f 5825 5986 5826
f 5825 5985 5986
f 5825 5983 5985
f 6092 6110 6114
f 6110 6109 6114
f 6114 6109 6115
f 6109 6139 6115
f 6109 6140 6139
f 6109 6141 6140
f 6141 6142 6140
f 6141 6143 6142
f 6143 6141 6144
f 6141 6145 6144
f 6141 6146 6145
f 6146 6147 6145
f 6146 6148 6147
f 6148 6146 6149
f 6149 6150 6151
f 6149 5998 6150
f 5998 6152 6150
f 5998 6000 6152
f 6000 5998 5999
f 6012 6119 6126
f 6119 6127 6126
f 6119 6118 6127
f 6118 6153 6127
f 6118 6117 6153
f 6117 6116 6153
f 6127 6153 6128
f 6153 6129 6128
f 6153 6154 6129
f 6154 6155 6129
f 6154 6156 6155
f 6156 6157 6155
f 6156 6158 6157
f 6158 6159 6157
f 6158 6160 6159
f 6160 6161 6159
f 6160 6162 6161
f 6162 6163 6161
f 6162 6164 6163
f 6164 6165 6163
f 6164 6166 6165
f 6166 6167 6165
f 6166 6168 6167
f 6168 6169 6167
f 6168 6170 6169
f 6168 6166 6171
f 6166 6172 6171
f 6166 6164 6172
f 6164 6145 6172
f 6164 6144 6145
f 6164 6162 6144
f 6162 6143 6144
f 6162 6160 6143
f 6160 6142 6143
f 6160 6158 6142
f 6158 6140 6142
f 6158 6156 6140
f 6156 6139 6140
f 6156 6154 6139
f 6154 6115 6139
f 6154 6116 6115
f 6153 6116 6154
f 6145 6147 6172
f 6147 6173 6172
f 6147 6148 6173
f 6148 6174 6173
f 6148 6149 6174
f 6149 6175 6174
f 6149 6151 6175
f 6151 6150 6175
f 6175 6150 6176
f 6150 6152 6176
f 6152 6177 6176
f 6152 6000 6177
f 6000 6003 6177
f 6003 6002 6177
f 6129 6155 6130
f 6155 6131 6130
f 6155 6157 6131
f 6157 6124 6131
f 6157 6159 6124
f 6159 6123 6124
f 6159 6121 6123
f 6159 6161 6121
f 6161 6120 6121
f 6161 6163 6120
f 6163 5823 6120
f 6163 6165 5823
f 6165 5821 5823
f 6165 6167 5821
f 6167 6178 5821
f 6167 6169 6178
f 6169 6179 6178
f 6169 6180 6179
f 6180 5824 6179
f 6180 5825 5824
f 6180 6181 5825
f 6180 6182 6181
f 6182 6183 6181
f 6183 6177 6181
f 6177 6002 6181
f 6002 5983 6181
f 5825 6181 5983
f 6182 6180 6170
f 6180 6169 6170
f 6018 6184 6185
f 6018 6138 6184
f 6138 6137 6186
f 6137 6187 6186
f 6137 6135 6187
f 6135 6134 6187
f 6185 6188 6018
f 5821 6122 5822
f 5821 6189 6122
f 6189 6190 6122
f 6190 6191 6122
f 6191 6187 6122
f 6191 6192 6187
f 6187 6192 6186
f 6187 6134 6122
f 6179 5824 6178
f 5824 5821 6178
f 5824 6193 5821
f 6193 6189 5821
f 6193 6194 6189
f 6194 6195 6189
f 6194 6196 6195
f 6195 6197 6189
f 6197 6198 6189
f 6189 6198 6190
f 6198 6199 6190
f 6199 6200 6190
f 6200 5829 6190
f 5828 6190 5829
f 5828 6201 6190
f 6201 6191 6190
f 6201 6202 6191
f 6202 6203 6191
f 6202 6204 6203
f 6204 6004 6203
f 6204 6205 6004
f 6205 6006 6004
f 6204 6202 6206
f 6203 6192 6191
f 6203 6186 6192
f 6186 6203 6207
f 6203 6208 6207
f 6203 6209 6208
f 6203 6004 6209
f 6004 6022 6209
f 6004 5814 6022
f 6022 6028 6209
f 6028 6208 6209
f 6028 6030 6208
f 6030 6207 6208
f 6030 6186 6207
f 6030 6029 6186
f 6186 6029 6138
f 6029 6184 6138
f 6029 6026 6184
f 6026 6185 6184
f 6185 6026 6210
f 6026 6020 6210
f 6018 6188 6019
f 6188 6020 6019
f 6188 6210 6020
f 6210 6188 6185
f 6108 6107 6211
f 6107 6212 6211
f 6107 6106 6212
f 6106 6213 6212
f 6109 6108 6141
f 5996 6214 5997
f 6214 5996 6151
f 5996 5998 6151
f 5998 6149 6151
f 6146 6215 6148
f 6146 6141 6215
f 6141 6216 6215
f 6141 6108 6216
f 6108 6211 6216
f 6211 6215 6216
f 6211 6212 6215
f 6212 6148 6215
f 6212 6217 6148
f 6009 6007 6069
f 6007 6006 6072
f 6006 6075 6072
f 6006 6205 6075
f 6205 6076 6075
f 6205 6078 6076
f 6205 6204 6078
f 6204 6077 6078
f 6077 6204 6083
f 6204 6206 6083
f 6083 6206 6086
f 6086 6206 6084
f 6084 6218 6085
f 6085 6218 6087
f 6218 6219 6087
f 6087 6219 6093
f 6219 6094 6093
f 6219 6220 6094
f 6220 6096 6094
f 6220 6221 6096
f 6221 6222 6096
f 6221 6223 6222
f 6223 6224 6222
f 6096 6222 6100
f 6222 6111 6100
f 6222 6224 6111
f 6224 5994 6111
f 5994 6225 6111
f 6225 6112 6111
f 6225 6113 6112
f 6171 6172 6168
f 6172 6170 6168
f 6170 6172 6182
f 6172 6183 6182
f 6172 6177 6183
f 6172 6173 6177
f 6173 6174 6177
f 6177 6174 6176
f 6174 6175 6176
f 6055 6039 5817
f 6084 6206 6218
f 6206 6226 6218
f 6206 6202 6226
f 6202 6201 6226
f 6201 5828 6226
f 5827 6223 5828
f 5827 6227 6223
f 6227 6228 6223
f 6218 6226 6219
f 6226 5828 6219
f 6219 5828 6220
f 5828 6221 6220
f 5828 6223 6221
f 6223 5993 6224
f 5993 5994 6224
f 6223 6228 5993
f 5826 5986 5824
f 5986 5987 5824
f 5987 5826 5824
f 5826 6229 5824
f 5824 6229 6193
f 5997 6214 6051
f 6053 6052 6104
f 6052 6051 6104
f 6104 6051 6105
f 6051 6106 6105
f 6051 6213 6106
f 6213 6051 6212
f 6051 6217 6212
f 6051 6214 6217
f 6214 6151 6217
f 6217 6151 6148
f 6151 6149 6148
f 5808 5807 5900
f 5806 5853 5804
f 5853 5505 5804
f 5853 6038 5989
f 5989 6230 6231
f 5989 6232 6230
f 5989 6037 6232
f 6037 6233 6232
f 6037 6234 6233
f 6037 6235 6234
f 5885 6021 5884
f 6021 6236 5884
f 6021 6237 6236
f 6021 5813 6237
f 5813 5815 6237
f 6237 5815 6238
f 5815 6239 6238
f 5815 6240 6239
f 6240 5815 6241
f 5815 5882 6241
f 5815 6242 5882
f 6242 6034 5882
f 6242 6243 6034
f 6243 6035 6034
f 6243 6244 6035
f 6244 6036 6035
f 6244 6245 6036
f 6245 6037 6036
f 6245 6235 6037
f 6245 6246 6235
f 6245 6247 6246
f 6247 6245 6248
f 6245 6249 6248
f 6245 5990 6249
f 5990 5992 6249
f 6243 6242 6250
f 6242 6251 6250
f 6242 6252 6251
f 6252 6242 6253
f 6242 6254 6253
f 6242 6255 6254
f 6251 6256 6250
f 6256 6257 6250
f 6250 6257 6067
f 6257 6258 6067
f 6258 6259 6067
f 6259 6260 6067
f 6260 6255 6067
f 6255 6066 6067
f 6255 6242 6066
f 6242 6008 6066
f 6242 6005 6008
f 5815 6005 6242
f 6241 5882 6261
f 5882 6262 6261
f 5882 5884 6262
f 5884 6263 6262
f 5884 6264 6263
f 5884 6236 6264
f 5983 5986 5985
f 6225 5994 6113
f 5994 5997 6113
f 5994 5995 5997
f 5988 5826 5987
f 5988 5989 5826
f 5989 6229 5826
f 6229 5989 6193
f 5989 6194 6193
f 5989 6231 6194
f 6231 6196 6194
f 6231 6230 6196
f 6230 6195 6196
f 6230 6197 6195
f 6197 6230 6198
f 6230 6232 6198
f 6198 6232 6199
f 6232 6233 6199
f 6199 6233 6200
f 6233 6234 6200
f 6234 5829 6200
f 6234 6235 5829
f 6235 6246 5829
f 5829 6246 5827
f 6246 6247 5827
f 6247 6227 5827
f 6247 6248 6227
f 6248 6228 6227
f 6248 6249 6228
f 6249 5993 6228
f 6249 5992 5993
f 5992 5991 5993
f 5995 5990 5901
f 6265 6266 6267
f 5993 5994 5991
f 5990 6245 6065
f 6065 6062 6063
f 6065 6268 6062
f 6268 6061 6062
f 6268 6269 6061
f 6269 6060 6061
f 6269 6059 6060
f 6059 6269 5819
f 6269 6068 5819
f 6269 6067 6068
f 6067 6269 6250
f 6269 6243 6250
f 6269 6268 6243
f 6268 6244 6243
f 6268 6245 6244
f 6065 6245 6268
f 6254 6267 6253
f 6267 6266 6253
f 6253 6266 6252
f 6266 6251 6252
f 6266 6270 6251
f 6270 6256 6251
f 6270 5831 6256
f 5831 6257 6256
f 5831 5830 6257
f 5830 6258 6257
f 5830 5832 6258
f 5832 6259 6258
f 5832 6260 6259
f 5832 6271 6260
f 6271 6255 6260
f 6271 6265 6255
f 6265 6254 6255
f 6265 6267 6254
f 6264 5810 6263
f 5810 5812 6263
f 6263 5812 6262
f 5812 6261 6262
f 5812 6272 6261
f 6272 6241 6261
f 6272 5980 6241
f 5980 6240 6241
f 5980 5982 6240
f 5982 6239 6240
f 5982 5981 6239
f 5981 6238 6239
f 5981 6237 6238
f 6237 5811 6236
f 5811 6264 6236
f 5811 5810 6264
f 6237 6032 6023
f 6237 5981 6032
f 6032 5981 6031
f 6031 6272 6027
f 6027 6272 6025
f 6024 6237 6023
f 6081 6070 5832
f 5832 6070 6271
f 6271 6070 6265
f 6070 6071 6265
f 6265 6071 6266
f 6071 6073 6266
f 6266 6073 6270
f 6073 6074 6270
f 6270 6074 5831
f 6074 6080 5831
f 5831 6080 5830
f 5830 6080 5832
f 6080 6081 5832
f 6237 6024 5811
f 5811 6024 5810
f 5810 6024 5812
f 6024 6025 5812
f 6025 6272 5812
f 6272 6031 5980
f 5980 6031 5981
f 5556 5570 6273
f 6273 5570 6274
f 5570 5587 6274
f 5587 5565 6275
f 6275 5565 6276
f 6276 5565 5552
f 6276 5552 6277
f 6277 5552 5553
f 5553 5556 6278
f 6278 5556 6273
f 6279 6280 6276
f 6280 6281 6273
f 6281 6282 6273
f 6282 6279 6276
f 5603 6283 6284
f 6284 6283 6285
f 6283 6286 6285
f 6286 6287 6288
f 6288 6287 6289
f 6289 6287 6290
f 6289 6290 6291
f 6291 6290 5554
f 5554 5603 6292
f 6292 5603 6284
f 6293 6294 6289
f 6294 6295 6284
f 6295 6296 6284
f 6296 6293 6289
f 6297 5578 6298
f 6298 5578 6299
f 5578 5563 6299
f 5563 5584 6300
f 6300 5584 6301
f 6301 5584 6302
f 6301 6302 6303
f 6303 6302 6304
f 6304 6297 6305
f 6305 6297 6298
f 6306 6307 6301
f 6307 6308 6298
f 6308 6309 6298
f 6309 6306 6301
f 6310 5561 6311
f 6311 5561 6312
f 5561 5562 6312
f 5562 5567 6313
f 6313 5567 6314
f 6314 5567 6315
f 6314 6315 6316
f 6316 6315 6317
f 6317 6310 6318
f 6318 6310 6311
f 6319 6320 6314
f 6320 6321 6311
f 6321 6322 6311
f 6322 6319 6314
f 6323 6324 6325
f 6325 6324 6326
f 6325 6327 6323
f 6323 6327 6328
f 6327 6329 6328
f 6328 6329 6330
f 6329 6326 6330
f 6330 6326 6324
f 6329 6327 6330
f 6330 6327 6328
f 6327 6325 6328
f 6328 6325 6323
f 6325 6326 6323
f 6323 6326 6324
f 6326 6329 6324
f 6324 6329 6330
f 6325 6331 6323
f 6326 6332 6324
f 6333 6334 6335
f 6335 6334 6336
f 6334 6333 6336
f 6336 6333 6335
f 6337 6338 6339
f 6339 6338 6340
f 6338 6337 6340
f 6340 6337 6339
f 6341 6342 6337
f 6337 6342 6343
f 6341 6337 6344
f 6344 6337 6343
f 6342 6341 6343
f 6343 6341 6344
f 6345 6346 6347
f 6347 6346 6348
f 6346 6345 6348
f 6348 6345 6347
f 6349 6350 6351
f 6351 6350 6352
f 6350 6349 6352
f 6352 6349 6351
f 6353 6354 6355
f 6355 6354 6356
f 6354 6353 6356
f 6356 6353 6355
f 6357 6358 6333
f 6333 6358 6334
f 6358 6357 6334
f 6334 6357 6333
f 6359 6360 6357
f 6357 6360 6358
f 6360 6359 6358
f 6358 6359 6357
f 6361 6362 6359
f 6359 6362 6360
f 6362 6361 6360
f 6360 6361 6359
f 6363 6364 6361
f 6361 6364 6362
f 6364 6363 6362
f 6362 6363 6361
f 6365 6366 6367
f 6367 6366 6368
f 6366 6365 6368
f 6368 6365 6367
f 6369 6370 6365
f 6365 6370 6366
f 6370 6369 6366
f 6366 6369 6365
f 6371 6372 6369
f 6369 6372 6370
f 6372 6371 6370
f 6370 6371 6369
f 6373 6374 6371
f 6371 6374 6372
f 6374 6373 6372
f 6372 6373 6371
f 6375 6376 6363
f 6363 6376 6364
f 6376 6375 6364
f 6364 6375 6363
f 6377 6378 6375
f 6375 6378 6376
f 6378 6377 6376
f 6376 6377 6375
f 6379 6380 6381
f 6381 6380 6382
f 6380 6379 6382
f 6382 6379 6381
f 6383 6384 6385
f 6385 6384 6386
f 6384 6383 6386
f 6386 6383 6385
f 6387 6388 6383
f 6383 6388 6384
f 6388 6387 6384
f 6384 6387 6383
f 6389 6390 6387
f 6387 6390 6388
f 6390 6389 6388
f 6388 6389 6387
f 6335 6336 6389
f 6389 6336 6390
f 6336 6335 6390
f 6390 6335 6389
f 6391 6392 6393
f 6393 6392 6394
f 6393 6394 6391
f 6391 6394 6392
f 6395 6396 6394
f 6394 6396 6393
f 6396 6395 6393
f 6393 6395 6394
f 6397 6398 6395
f 6395 6398 6396
f 6398 6397 6396
f 6396 6397 6395
f 6399 6400 6401
f 6401 6400 6402
f 6401 6402 6399
f 6399 6402 6400
f 6403 6404 6402
f 6402 6404 6401
f 6404 6403 6401
f 6401 6403 6402
f 6405 6406 6403
f 6403 6406 6404
f 6406 6405 6404
f 6404 6405 6403
f 6407 6408 6409
f 6409 6408 6410
f 6409 6410 6407
f 6407 6410 6408
f 6411 6412 6410
f 6410 6412 6409
f 6412 6411 6409
f 6409 6411 6410
f 6412 6411 6413
f 6413 6411 6414
f 6413 6414 6412
f 6412 6414 6411
f 6415 6416 6417
f 6417 6416 6418
f 6417 6418 6415
f 6415 6418 6416
f 6419 6420 6418
f 6418 6420 6417
f 6420 6419 6417
f 6417 6419 6418
f 6420 6419 6421
f 6421 6419 6422
f 6421 6422 6420
f 6420 6422 6419
f 6423 6424 6425
f 6426 6427 6428
f 6428 6427 6429
f 6427 6426 6429
f 6429 6426 6428
f 6430 6431 6432
f 6433 6434 6435
f 6435 6434 6436
f 6434 6433 6436
f 6436 6433 6435
f 6437 6438 6439
f 6439 6438 6440
f 6439 6440 6437
f 6437 6440 6438
f 6441 6442 6440
f 6440 6442 6439
f 6442 6441 6439
f 6439 6441 6440
f 6443 6444 6445
f 6446 6447 6441
f 6441 6447 6442
f 6447 6446 6442
f 6442 6446 6441
f 6448 6449 6450
f 6450 6449 6451
f 6449 6448 6451
f 6451 6448 6450
f 6450 6451 6452
f 6452 6451 6453
f 6451 6450 6453
f 6453 6450 6452
f 6454 6455 6456
f 6456 6455 6457
f 6455 6454 6457
f 6457 6454 6456
f 6456 6457 6458
f 6458 6457 6459
f 6457 6456 6459
f 6459 6456 6458
f 6458 6459 6460
f 6460 6459 6461
f 6459 6458 6461
f 6461 6458 6460
f 6462 6463 6464
f 6464 6463 6465
f 6464 6465 6462
f 6462 6465 6463
f 6466 6467 6465
f 6465 6467 6464
f 6467 6466 6464
f 6464 6466 6465
f 6468 6469 6470
f 6470 6469 6471
f 6469 6468 6472
f 6472 6468 6473
f 6469 6472 6471
f 6471 6472 6474
f 6472 6473 6474
f 6474 6473 6475
f 6473 6468 6475
f 6475 6468 6470
f 6470 6471 6475
f 6475 6471 6474
f 6473 6472 6475
f 6475 6472 6474
f 6472 6473 6476
f 6476 6473 6477
f 6472 6476 6474
f 6474 6476 6478
f 6476 6477 6478
f 6478 6477 6479
f 6477 6473 6479
f 6479 6473 6475
f 6475 6474 6479
f 6479 6474 6478
f 6480 6481 6482
f 6482 6481 6483
f 6481 6480 6484
f 6484 6480 6485
f 6481 6484 6483
f 6483 6484 6486
f 6484 6485 6486
f 6486 6485 6487
f 6485 6480 6487
f 6487 6480 6482
f 6482 6483 6487
f 6487 6483 6486
f 6485 6484 6487
f 6487 6484 6486
f 6484 6485 6488
f 6488 6485 6489
f 6484 6488 6486
f 6486 6488 6490
f 6488 6489 6490
f 6490 6489 6491
f 6489 6485 6491
f 6491 6485 6487
f 6487 6486 6491
f 6491 6486 6490
f 6489 6488 6491
f 6491 6488 6490
f 6488 6489 6469
f 6469 6489 6468
f 6488 6469 6490
f 6490 6469 6471
f 6469 6468 6471
f 6471 6468 6470
f 6468 6489 6470
f 6470 6489 6491
f 6491 6490 6470
f 6470 6490 6471
f 6492 6493 6494
f 6495 6496 6497
f 6498 6499 6500
f 6500 6499 6501
f 6502 6503 6497
f 6497 6503 6504
f 6496 6505 6506
f 6507 6508 6509
f 6510 6503 6511
f 6511 6503 6512
f 6512 6503 6506
f 6506 6503 6502
f 6506 6502 6497
f 6513 6514 6515
f 6501 6516 6517
f 6518 6519 6520
f 6520 6519 6507
f 6520 6507 6521
f 6521 6507 6522
f 5573 6523 6524
f 6525 6526 6527
f 6508 6507 6510
f 6528 6513 6494
f 6529 6511 6530
f 6530 6511 6512
f 6531 6512 6532
f 6532 6512 6506
f 6530 6512 6531
f 6532 6506 6505
f 6519 6533 6504
f 6534 6535 6536
f 6500 4777 6535
f 4793 6504 6533
f 6498 6500 6534
f 4793 6533 6537
f 6537 6533 6538
f 6538 6518 6539
f 6539 6518 6520
f 6540 6541 6523
f 6542 6521 6522
f 6542 6522 6543
f 6543 6522 6541
f 6541 6522 6523
f 6523 6544 6524
f 6524 6544 6545
f 6545 6544 6492
f 6492 6544 6493
f 6493 6544 6546
f 6546 6544 6547
f 6547 6544 6509
f 6509 6508 6547
f 6548 6529 6549
f 6550 6529 6551
f 6551 6529 6532
f 6532 6529 6531
f 6531 6529 6530
f 6552 6532 6553
f 6553 6532 6505
f 6552 6553 6554
f 6552 6554 6555
f 6555 6554 6556
f 6543 6557 6538
f 6558 6537 6538
f 6528 6557 6514
f 6559 6495 6560
f 6560 6495 6561
f 6560 4793 6537
f 6560 6537 6558
f 6515 6514 6562
f 6543 6539 6542
f 6540 6543 6541
f 6557 6543 6540
f 6546 6563 6564
f 6510 6507 6519
f 6556 6565 6550
f 6517 6526 6525
f 6532 6552 6555
f 6494 6566 6534
f 6494 6493 6566
f 6566 6493 6564
f 6567 6510 6511
f 6563 6546 6547
f 6567 6547 6508
f 6523 6522 6507
f 6568 6527 6526
f 6568 6548 6527
f 6527 6548 6549
f 6525 6549 6569
f 6559 6570 6571
f 6542 6539 6520
f 6572 6550 6565
f 6556 6551 6555
f 6565 6571 6572
f 6572 6571 6569
f 6569 6571 6525
f 6571 6565 6556
f 6517 6571 6570
f 6570 6559 6560
f 6535 6560 6536
f 6536 6560 6558
f 6495 6559 6554
f 6514 6557 6562
f 6562 6557 5573
f 5573 6557 6540
f 6518 6538 6533
f 6567 6563 6547
f 6534 6566 6564
f 6499 6564 6563
f 6498 6564 6499
f 6499 6563 6501
f 6516 6568 6517
f 6517 6568 6526
f 6516 6501 6563
f 6500 6517 4777
f 4777 6517 6570
f 6516 6567 6548
f 6536 6558 6557
f 6572 6569 6549
f 6549 6529 6550
f 6553 6505 6496
f 6560 6561 4793
f 6561 6497 6504
f 6515 6524 6545
f 6515 6545 6492
f 6570 6560 4777
f 4777 6560 6535
f 6492 6494 6513
f 6495 6497 6561
f 6496 6506 6497
f 6507 6509 6544
f 6513 6515 6492
f 6501 6517 6500
f 5573 6524 6562
f 6525 6527 6549
f 6528 6494 6534
f 6519 6504 6503
f 6534 6536 6528
f 6500 6535 6534
f 6498 6534 6564
f 6540 6523 5573
f 6543 6538 6539
f 6558 6538 6557
f 6528 6514 6513
f 6515 6562 6524
f 6546 6564 6493
f 6510 6519 6503
f 6556 6550 6551
f 6517 6525 6571
f 6532 6555 6551
f 6567 6511 6529
f 6548 6567 6529
f 6567 6508 6510
f 6523 6507 6544
f 6559 6571 6554
f 6542 6520 6521
f 6571 6556 6554
f 6495 6554 6496
f 6518 6533 6519
f 6516 6563 6567
f 6516 6548 6568
f 6536 6557 6528
f 6572 6549 6550
f 6553 6496 6554
f 6561 6504 4793
f 6573 6574 6575
f 6576 6577 6578
f 6579 6580 6577
f 6578 6577 6580
f 6581 6573 6582
f 6583 6584 6585
f 6580 6579 6586
f 6587 6579 6588
f 6588 6579 6589
f 6590 6591 6592
f 6574 6593 6594
f 6595 6596 6597
f 6588 6589 6598
f 6599 6600 6601
f 6593 6602 6603
f 6601 6600 6604
f 6604 6600 6605
f 6605 6600 6606
f 6595 6597 6607
f 6575 6608 6609
f 6594 6603 6610
f 6608 6610 6611
f 6605 6606 6612
f 6612 6606 6613
f 6610 6614 6615
f 6604 6574 6616
f 6615 6614 6584
f 6605 6617 6604
f 6618 6576 6619
f 6619 6576 6592
f 6592 6576 6620
f 6621 6581 6595
f 6616 6601 6604
f 6622 6578 6623
f 6623 6578 6580
f 6616 6574 6573
f 6599 6580 6624
f 6619 6592 6591
f 6625 6580 6626
f 6626 6580 6586
f 6626 6587 6627
f 6627 6587 6628
f 6581 6590 6596
f 6629 6587 6630
f 6630 6587 6588
f 6630 6588 6598
f 6598 6589 6585
f 6598 6585 6630
f 6630 6585 6631
f 6630 6631 6629
f 6632 6584 6583
f 6631 6585 6584
f 6594 6608 6575
f 6603 6631 6614
f 6591 6609 6633
f 6633 6609 6634
f 6599 6621 6595
f 6618 6635 6636
f 6596 6592 6620
f 6596 6620 6637
f 6596 6637 6597
f 6597 6637 6622
f 6597 6622 6623
f 6597 6623 6607
f 6607 6623 6599
f 6609 6608 6635
f 6632 6638 6639
f 6602 6629 6631
f 6639 6638 6636
f 6636 6638 6640
f 6600 6624 6626
f 6640 6638 6577
f 6626 6624 6625
f 6579 6638 6589
f 6589 6638 6583
f 6626 6586 6579
f 6600 6626 6606
f 6584 6632 6639
f 6615 6639 6636
f 6641 6627 6628
f 6641 6628 6602
f 6593 6574 6604
f 6641 6602 6613
f 6577 6636 6640
f 6613 6602 6612
f 6615 6636 6611
f 6611 6636 6635
f 6618 6619 6633
f 6618 6577 6576
f 6622 6637 6620
f 6606 6626 6627
f 6621 6599 6601
f 6634 6635 6618
f 6605 6612 6617
f 6634 6618 6633
f 6591 6590 6582
f 6621 6573 6581
f 6629 6602 6628
f 6622 6576 6578
f 6617 6612 6602
f 6613 6627 6641
f 6573 6575 6582
f 6579 6577 6638
f 6581 6582 6590
f 6583 6585 6589
f 6590 6592 6596
f 6574 6594 6575
f 6593 6603 6594
f 6600 6599 6624
f 6595 6607 6599
f 6575 6609 6582
f 6599 6623 6580
f 6594 6610 6608
f 6608 6611 6635
f 6610 6615 6611
f 6615 6584 6639
f 6616 6573 6601
f 6619 6591 6633
f 6581 6596 6595
f 6632 6583 6638
f 6631 6584 6614
f 6603 6614 6610
f 6618 6636 6577
f 6609 6635 6634
f 6602 6631 6603
f 6626 6579 6587
f 6593 6604 6617
f 6625 6624 6580
f 6622 6620 6576
f 6606 6627 6613
f 6621 6601 6573
f 6591 6582 6609
f 6629 6628 6587
f 6617 6602 6593
f 6642 6643 6644
f 6644 6643 6645
f 6644 6645 6646
f 6646 6645 6647
f 6646 6647 6648
f 6648 6647 6649
f 6648 6649 6650
f 6650 6649 6651
f 6650 6651 6652
f 6652 6651 6653
f 6652 6653 6654
f 6652 6654 6655
f 6644 6646 6656
f 6656 6646 6657
f 6658 6659 6660
f 6660 6659 6661
f 6660 6661 6662
f 6662 6661 6663
f 6661 6664 6663
f 6663 6664 6665
f 6665 6664 6666
f 6666 6664 6667
f 6666 6667 6668
f 6668 6667 6655
f 6655 6667 6652
f 6652 6667 6669
f 6652 6669 6650
f 6650 6669 6670
f 6650 6670 6648
f 6648 6670 6671
f 6648 6671 6646
f 6646 6671 6657
f 6657 6671 6672
f 6672 6671 6673
f 6673 6671 6670
f 6673 6670 6674
f 6674 6670 6675
f 6674 6675 6676
f 6676 6675 6677
f 6676 6677 6678
f 6678 6677 6679
f 6678 6680 6676
f 6676 6680 6681
f 6676 6681 6674
f 6674 6681 6673
f 6680 6682 6681
f 6681 6682 6683
f 6681 6683 6684
f 6681 6684 6673
f 6673 6684 6672
f 6670 6669 6675
f 6675 6669 6685
f 6675 6685 6677
f 6677 6685 6686
f 6677 6686 6679
f 6679 6686 6659
f 6659 6686 6661
f 6661 6686 6664
f 6686 6685 6664
f 6664 6685 6667
f 6669 6667 6685
f 6687 6688 6689
f 6689 6688 6690
f 6690 6688 6691
f 6691 6688 6692
f 6688 6687 6692
f 6692 6687 6693
f 6687 6689 6693
f 6693 6689 6694
f 6689 6690 6694
f 6694 6690 6691
f 6692 6693 6691
f 6691 6693 6694
f 6695 6696 6697
f 6697 6696 6698
f 6698 6696 6699
f 6699 6696 6700
f 6696 6695 6700
f 6700 6695 6701
f 6695 6697 6701
f 6701 6697 6702
f 6697 6698 6702
f 6702 6698 6699
f 6700 6701 6699
f 6699 6701 6702
f 6703 6704 6705
f 6705 6704 6706
f 6706 6704 6707
f 6707 6704 6708
f 6704 6703 6708
f 6708 6703 6709
f 6703 6705 6709
f 6709 6705 6710
f 6705 6706 6710
f 6710 6706 6707
f 6708 6709 6707
f 6707 6709 6710
f 6711 6712 6713
f 6714 6715 6716
f 6716 6715 6717
f 6717 6715 6718
f 6718 6715 6719
f 6719 6715 6720
f 6720 6715 6718
f 6718 6715 6721
f 6721 6715 6722
f 6722 6715 6723
f 6723 6715 6724
f 6725 6726 6727
f 6728 6729 6730
f 6722 6723 6721
f 6731 6732 6733
f 6731 6733 6734
f 6735 6736 6730
f 6728 6737 6738
f 6739 6736 6740
f 6740 6736 6735
f 6728 6736 6576
f 6741 6742 6743
f 6743 6742 6744
f 6576 6744 6745
f 6745 6744 6746
f 6746 6744 6747
f 6747 6744 6748
f 6749 6747 6750
f 6751 6726 6752
f 6753 6750 6754
f 6753 6754 6755
f 6756 6755 6757
f 6753 6755 6758
f 6758 6755 6576
f 6576 6755 6756
f 6759 6760 6761
f 6762 6763 6739
f 6761 6764 6765
f 6758 6576 6746
f 6746 6576 6745
f 6728 6576 6737
f 6766 6576 6767
f 6767 6576 6768
f 6768 6576 6769
f 6769 6576 6770
f 6770 6576 6756
f 6761 6765 6759
f 6756 6759 6771
f 6771 6759 6716
f 6716 6759 6772
f 6771 6716 6773
f 6774 6721 6723
f 6775 6717 6768
f 6768 6717 6776
f 6776 6717 6719
f 6719 6717 6718
f 6776 6719 6720
f 6776 6720 6777
f 6777 6720 6718
f 6777 6718 6721
f 6777 6721 6774
f 6777 6774 6738
f 6738 6774 6778
f 6778 6774 6779
f 6747 6780 6781
f 6778 6734 6729
f 6778 6729 6738
f 6773 6756 6771
f 6770 6756 6773
f 6738 6737 6766
f 6766 6737 6576
f 6738 6766 6776
f 6776 6766 6767
f 6776 6767 6768
f 6775 6768 6769
f 6758 6746 6750
f 6782 6783 6784
f 6784 6783 6752
f 6738 6776 6777
f 6748 6785 6780
f 6786 6783 6787
f 6787 6783 6788
f 6788 6783 6789
f 6789 6783 6782
f 6790 6782 6784
f 6731 6734 6778
f 6726 6784 6752
f 6790 6784 6726
f 6764 6727 6751
f 6732 6731 6779
f 6786 6787 6791
f 6791 6787 6792
f 6792 6787 6793
f 6793 6787 6794
f 6794 6787 6735
f 6735 6787 6795
f 6795 6787 6788
f 6796 6788 6797
f 6797 6788 6789
f 6795 6788 6796
f 6797 6789 6798
f 6798 6789 6799
f 6730 6729 6734
f 6800 6789 6801
f 6802 6790 6785
f 6740 6798 6799
f 6803 6790 6804
f 6804 6790 6725
f 6725 6790 6726
f 6801 6790 6739
f 6739 6790 6802
f 6800 6801 6762
f 6762 6801 6763
f 6763 6801 6739
f 6727 6726 6751
f 6713 6752 6783
f 6762 6799 6789
f 6764 6803 6804
f 6715 6711 6791
f 6791 6711 6786
f 6715 6791 6792
f 6715 6792 6724
f 6724 6792 6723
f 6723 6792 6732
f 6732 6792 6793
f 6732 6793 6733
f 6733 6793 6794
f 6733 6794 6735
f 6733 6735 6730
f 6801 6789 6782
f 6740 6735 6798
f 6798 6735 6796
f 6796 6735 6795
f 6798 6796 6797
f 6775 6773 6716
f 6739 6802 6742
f 6742 6802 6785
f 6742 6785 6744
f 6744 6785 6748
f 6775 6769 6770
f 6750 6781 6754
f 6754 6781 6755
f 6755 6781 6757
f 6757 6781 6805
f 6757 6805 6803
f 6757 6803 6760
f 6712 6806 6751
f 6765 6764 6806
f 6736 6739 6576
f 6576 6739 6744
f 6744 6739 6743
f 6743 6739 6741
f 6741 6739 6742
f 6772 6759 6806
f 6772 6712 6716
f 6764 6761 6760
f 6714 6711 6715
f 6746 6747 6749
f 6749 6750 6746
f 6756 6757 6760
f 6756 6760 6759
f 6785 6790 6780
f 6805 6790 6803
f 6714 6716 6712
f 6805 6781 6780
f 6711 6713 6786
f 6725 6727 6804
f 6728 6730 6736
f 6728 6738 6729
f 6751 6752 6713
f 6762 6739 6740
f 6774 6723 6779
f 6747 6781 6750
f 6758 6750 6753
f 6748 6780 6747
f 6731 6778 6779
f 6764 6751 6806
f 6732 6779 6723
f 6730 6734 6733
f 6740 6799 6762
f 6713 6783 6786
f 6762 6789 6800
f 6764 6804 6727
f 6801 6782 6790
f 6775 6716 6717
f 6775 6770 6773
f 6712 6751 6713
f 6765 6806 6759
f 6772 6806 6712
f 6764 6760 6803
f 6714 6712 6711
f 6805 6780 6790
f 5234 5235 6807
f 6807 5235 5239
f 5235 5236 5239
f 5239 5236 6808
f 5236 5249 6808
f 6808 5249 5238
f 5249 6809 5238
f 5238 6809 6810
f 6809 5250 6810
f 6810 5250 5240
f 5250 6811 5240
f 5240 6811 6812
f 6811 5247 6812
f 6812 5247 5244
f 5247 5234 5244
f 5244 5234 6807
f 5247 6811 5244
f 5244 6811 6812
f 6811 5250 6812
f 6812 5250 5240
f 5250 6809 5240
f 5240 6809 6810
f 6809 5249 6810
f 6810 5249 5238
f 5249 5236 5238
f 5238 5236 6808
f 5236 5235 6808
f 6808 5235 5239
f 5235 5234 5239
f 5239 5234 6807
f 5234 5247 6807
f 6807 5247 5244
f 6813 6814 6815
f 6813 6815 6816
f 6817 6818 6819
f 6817 6819 6820
f 6821 6822 6823
f 6821 6823 6824
f 6825 6826 6827
f 6825 6827 6828
f 6829 6830 6831
f 6829 6831 6832
f 6815 6814 6833
f 6833 6816 6815
f 6816 6834 6813
f 6813 6834 6814
f 5274 6835 6836
f 6819 6818 6837
f 6837 6820 6819
f 6820 6838 6817
f 6817 6838 6818
f 6839 5273 6840
f 6823 6822 6841
f 6841 6824 6823
f 6824 6842 6821
f 6821 6842 6822
f 6843 6844 6845
f 6827 6826 6846
f 6846 6828 6827
f 6828 6847 6825
f 6825 6847 6826
f 6848 6849 6850
f 6850 6849 5272
f 6831 6830 6851
f 6851 6832 6831
f 6832 6852 6829
f 6829 6852 6830
f 6853 6854 6855
f 6855 6854 5276
f 6814 6834 6856
f 6834 6816 6857
f 6816 6833 6857
f 6833 6814 6856
f 6857 6833 5274
f 5274 6833 6835
f 6833 6856 6835
f 6835 6856 6858
f 6858 6856 6836
f 6856 6834 6836
f 6836 6834 5274
f 6834 6857 5274
f 6835 6858 6836
f 6818 6838 6859
f 6838 6820 6860
f 6820 6837 6860
f 6837 6818 6859
f 6860 6837 6839
f 6839 6837 5260
f 5260 6837 5273
f 6837 6859 5273
f 5273 6859 6861
f 6861 6859 6840
f 6859 6838 6840
f 6838 6860 6840
f 6840 6860 6839
f 5273 6861 6840
f 6839 5260 5273
f 6822 6842 6862
f 6842 6824 6863
f 6824 6841 6863
f 6841 6822 6862
f 6863 6841 6843
f 6843 6841 6844
f 6841 6862 6844
f 6862 6842 6844
f 6844 6842 6845
f 6842 6863 6845
f 6845 6863 6843
f 6826 6847 6864
f 6847 6828 6865
f 6828 6846 6865
f 6846 6826 6864
f 6865 6846 6848
f 6848 6846 6849
f 6846 6864 6849
f 6849 6864 5254
f 6864 6847 5254
f 5254 6847 6850
f 6847 6865 6850
f 6850 6865 6848
f 6849 5254 5272
f 5254 6850 5272
f 6830 6852 6866
f 6852 6832 6867
f 6832 6851 6867
f 6851 6830 6866
f 6867 6851 6853
f 6853 6851 6854
f 6851 6866 6854
f 6854 6866 5276
f 6866 6852 5276
f 5276 6852 6855
f 6852 6867 6855
f 6855 6867 6853

