# https://github.com/mikedh/trimesh

o right_arm4.stl
v -0.00060052 -0.05949574 0.00955552
v -0.00060078 -0.05949616 0.00855547
v 0.00017748 -0.05936914 0.00955551
v 0.00026158 -0.05916449 0.00855544
v -0.00803495 -0.05895172 0.00955546
v -0.01118117 -0.05843919 0.00855541
v -0.01552599 -0.05743544 0.00955528
v -0.02140450 -0.05551576 0.00855511
v -0.02276412 -0.05497223 0.00955510
v -0.02975761 -0.05152114 0.00955474
v -0.03094434 -0.05081939 0.00855470
v -0.03624258 -0.04718522 0.00955439
v -0.03949576 -0.04450005 0.00855410
v -0.04210659 -0.04203772 0.00955387
v -0.04678595 -0.03675937 0.00855338
v -0.04722461 -0.03619066 0.00955337
v -0.05153479 -0.02973487 0.00955275
v -0.05258196 -0.02784496 0.00855255
v -0.05496760 -0.02277526 0.00955212
v -0.05669856 -0.01804107 0.00855166
v -0.05812855 -0.01269358 0.00955117
v -0.05900461 -0.00766098 0.00855070
v -0.05901288 -0.00758027 0.00955069
v -0.05930054 -0.00485143 0.00955045
v -0.05939647 -0.00349006 0.00955033
v -0.05946141 -0.00211233 0.00955017
v -0.05949660 -0.00033282 0.00955003
v -0.05949807 0.00047963 0.00954997
v -0.05942618 0.00296360 0.00854975
v -0.05941736 0.00313485 0.00954968
v -0.05892089 0.00825330 0.00954922
v -0.05794978 0.01349389 0.00854874
v -0.05791538 0.01364117 0.00954872
v -0.05643647 0.01883920 0.00954825
v -0.05557477 0.02125388 0.00954801
v -0.05462288 0.02359294 0.00854778
v -0.05476534 0.02325006 0.00954783
v -0.05218726 0.02856982 0.00954735
v -0.04955136 0.03293877 0.00854695
v -0.04948985 0.03303104 0.00954693
v -0.04626925 0.03740008 0.00954652
v -0.04289746 0.04123246 0.00854617
v -0.04283446 0.04129797 0.00954616
v -0.03889494 0.04501569 0.00954580
v -0.03487348 0.04820954 0.00854552
v -0.03481626 0.04825097 0.00954551
v -0.03007777 0.05131035 0.00954521
v -0.02573579 0.05364698 0.00854498
v -0.02076085 0.05573391 0.00954479
v -0.01577615 0.05737119 0.00854462
v -0.01063079 0.05846527 0.00954455
v -0.00531268 0.05926305 0.00854445
v 0.00000380 0.05974494 0.00957309
v 0.00532019 0.05926245 0.00854445
v 0.01062556 0.05848184 0.00954455
v 0.01578348 0.05736917 0.00854462
v 0.02076164 0.05572942 0.00954479
v 0.02574259 0.05364376 0.00854498
v 0.03009503 0.05129733 0.00954521
v 0.03482246 0.04824656 0.00954551
v 0.03487968 0.04820519 0.00854546
v 0.03889230 0.04501682 0.00954580
v 0.04283964 0.04129254 0.00954610
v 0.04290264 0.04122711 0.00854611
v 0.04626638 0.03740293 0.00954646
v 0.04949408 0.03302484 0.00954688
v 0.04955559 0.03293246 0.00854689
v 0.05219519 0.02855619 0.00954729
v 0.05457377 0.02370637 0.00954777
v 0.05462587 0.02358597 0.00854778
v 0.05557745 0.02124685 0.00954801
v 0.05643892 0.01883199 0.00954819
v 0.05791717 0.01363378 0.00954866
v 0.05795156 0.01348650 0.00854868
v 0.05892564 0.00821726 0.00954918
v 0.05941778 0.00312728 0.00954968
v 0.05942654 0.00295603 0.00854969
v 0.05949847 0.00009189 0.00954995
v 0.05949378 -0.00085639 0.00955003
v 0.05946080 -0.00213973 0.00955015
v 0.05900359 -0.00766850 0.00855064
v 0.05812737 -0.01269658 0.00955111
v 0.05669635 -0.01804828 0.00855160
v 0.05493598 -0.02285260 0.00955206
v 0.05257838 -0.02785158 0.00855255
v 0.05149518 -0.02980250 0.00955272
v 0.04717738 -0.03625265 0.00955331
v 0.04678136 -0.03676539 0.00855338
v 0.04205053 -0.04209371 0.00955385
v 0.03949016 -0.04450505 0.00855410
v 0.03619066 -0.04722446 0.00955433
v 0.03093796 -0.05082340 0.00855470
v 0.02969232 -0.05155841 0.00955474
v 0.02268474 -0.05500443 0.00955504
v 0.02139747 -0.05551856 0.00855511
v 0.01545247 -0.05745522 0.00955528
v 0.01117378 -0.05844056 0.00855541
v 0.00795589 -0.05896211 0.00955546
v -0.05748426 -0.01534116 0.00955140
v -0.05743849 0.01550519 0.00954854
v -0.05146408 0.02984344 0.00954723
v -0.04711979 0.03631198 0.00954664
v -0.04196995 0.04215581 0.00954604
v -0.03610324 0.04726320 0.00954562
v -0.02262767 0.05541712 0.00976875
v -0.01525029 0.05792017 0.00966650
v -0.00759631 0.05943541 0.00960067
v 0.00777093 0.05921118 0.00958405
v 0.01542327 0.05787559 0.00966887
v 0.02279543 0.05539009 0.00979252
v 0.03624546 0.04715448 0.00954556
v 0.04209637 0.04202985 0.00954604
v 0.04722869 0.03617030 0.00954658
v 0.05155378 0.02968865 0.00954717
v 0.05499578 0.02269917 0.00954783
v 0.05748486 0.01533228 0.00954854
v 0.05897599 -0.00784904 0.00955069
v 0.05743777 -0.01551479 0.00955140
v 0.00752723 0.19144489 -0.05752879
v 0.00632635 0.19144486 -0.05805862
v -0.01010757 0.19144602 -0.05712814
v 0.00341177 0.19144490 -0.05791801
v 0.00119179 0.19144490 -0.05800569
v -0.00018785 0.19144492 -0.05801738
v 0.00007882 0.19144472 -0.05922092
v -0.04548101 0.19144899 -0.03813319
v -0.05150414 0.19080992 -0.02978635
v -0.05128955 0.19144991 -0.02956038
v -0.05576619 0.19145198 -0.02029559
v -0.05844922 0.19145302 -0.01031575
v -0.05948780 0.19078732 -0.00004137
v -0.05918776 0.19145392 -0.00001726
v -0.05846235 0.19145501 0.01028352
v -0.00005447 0.19145526 0.05918550
v 0.00021219 0.19145501 0.05798196
v -0.00116742 0.19145502 0.05797022
v 0.01013189 0.19145401 0.05709266
v -0.00338739 0.19145501 0.05788254
v -0.00630200 0.19145501 0.05802314
v -0.00750291 0.19145501 0.05749332
v -0.01773345 0.19145602 0.05520087
v 0.01975345 0.19145401 0.05451923
v -0.02738505 0.19145700 0.05110353
v 0.02879315 0.19145301 0.05033755
v -0.03614056 0.19145600 0.04533612
v 0.03698378 0.19145201 0.04467123
v -0.04248034 0.19145700 0.03989732
v 0.04408478 0.19145101 0.03768646
v -0.04782629 0.19145600 0.03347915
v 0.04988545 0.19144988 0.02959066
v -0.05202907 0.19145501 0.02626043
v 0.05421608 0.19144902 0.02062052
v -0.05497145 0.19145504 0.01844286
v 0.05694764 0.19144702 0.01104325
v -0.05731916 0.19145504 0.00876373
v 0.05800069 0.19144601 0.00113863
v -0.05797631 0.19145392 -0.00117415
v 0.05734360 0.19144492 -0.00879925
v -0.05692327 0.19145299 -0.01107871
v 0.05499589 0.19144492 -0.01847833
v -0.05419165 0.19145101 -0.02065598
v 0.05205345 0.19144490 -0.02629590
v -0.04986107 0.19144988 -0.02962613
v 0.04785066 0.19144401 -0.03351461
v -0.04406033 0.19144988 -0.03772187
v 0.04250478 0.19144300 -0.03993278
v -0.03695935 0.19144800 -0.04470670
v 0.03616499 0.19144401 -0.04537158
v -0.02876877 0.19144699 -0.05037301
v 0.02740949 0.19144301 -0.05113899
v -0.01972907 0.19144601 -0.05455471
v 0.01775789 0.19144389 -0.05523627
v 0.05848676 0.19144493 -0.01031896
v 0.05936216 0.19144605 -0.00001803
v 0.05900514 0.19044498 -0.00775497
v 0.05951202 0.19044597 0.00001784
v 0.05843671 0.19144697 0.01027093
v 0.05899717 0.19044702 0.00777847
v 0.05747357 0.19044702 0.01541678
v 0.05578031 0.19144803 0.02025458
v 0.05496980 0.19044885 0.02278358
v 0.05145000 0.19144988 0.02964937
v 0.05152151 0.19044997 0.02976153
v 0.04720304 0.19044997 0.03621851
v 0.04550543 0.19145103 0.03809776
v 0.04207901 0.19045103 0.04206108
v 0.03821159 0.19145200 0.04543296
v 0.03619656 0.19045204 0.04721276
v 0.02974468 0.19145302 0.05134761
v 0.02971693 0.19045302 0.05153488
v 0.02037954 0.19145401 0.05575999
v 0.02270088 0.19045398 0.05498656
v 0.01530700 0.19045398 0.05748110
v 0.01041013 0.19145404 0.05840256
v 0.00768706 0.19045497 0.05898351
v 0.00001213 0.19045602 0.05948233
v -0.01037092 0.19145603 0.05844227
v -0.00773725 0.19045500 0.05897374
v -0.01534669 0.19045600 0.05746448
v -0.02036092 0.19145600 0.05571359
v -0.02271442 0.19045599 0.05497099
v -0.02972288 0.19145700 0.05137086
v -0.02974692 0.19045703 0.05150384
v -0.03818372 0.19145600 0.04542299
v -0.03622087 0.19045602 0.04717600
v -0.04208285 0.19045703 0.04203311
v -0.04549834 0.19145699 0.03812377
v -0.04721600 0.19045600 0.03617018
v -0.05140298 0.19145603 0.02962848
v -0.05152965 0.19045600 0.02970671
v -0.05579281 0.19145602 0.02027480
v -0.05496209 0.19045505 0.02274376
v -0.05746395 0.19045497 0.01536195
v -0.05898094 0.19045497 0.00771962
v -0.05897297 0.19045289 -0.00781384
v -0.05744937 0.19045289 -0.01545206
v -0.05494560 0.19045103 -0.02281885
v -0.04717884 0.19044997 -0.03625378
v -0.04205481 0.19044885 -0.04209635
v -0.03818721 0.19144799 -0.04546839
v -0.03617236 0.19044803 -0.04724804
v -0.02972027 0.19144697 -0.05138304
v -0.02969273 0.19044702 -0.05157013
v -0.02035516 0.19144602 -0.05579542
v -0.02267668 0.19044600 -0.05502184
v -0.01528281 0.19044602 -0.05751636
v -0.01038106 0.19144605 -0.05845054
v -0.00764772 0.19044507 -0.05902055
v 0.00001207 0.19015926 -0.05951217
v 0.01040075 0.19144392 -0.05846305
v 0.00776145 0.19044502 -0.05900900
v 0.01537089 0.19044387 -0.05749971
v 0.02038359 0.19144392 -0.05576192
v 0.02273863 0.19044392 -0.05500625
v 0.02974729 0.19144298 -0.05140625
v 0.02977111 0.19044292 -0.05153912
v 0.03820805 0.19144399 -0.04545842
v 0.03624507 0.19044389 -0.04721126
v 0.04210705 0.19044302 -0.04206835
v 0.04552272 0.19144341 -0.03815920
v 0.04724021 0.19044387 -0.03620543
v 0.05142736 0.19144398 -0.02966394
v 0.05155385 0.19044387 -0.02974196
v 0.05577145 0.19144399 -0.02028548
v 0.05498628 0.19044498 -0.02277903
v 0.05748815 0.19044501 -0.01539723
v 0.00000344 0.05356304 0.09779936
v -0.00675762 0.05354756 0.09779196
v 0.00661498 0.05356581 0.09780080
v 0.00905508 0.05320268 0.09763199
v 0.00797421 0.05274760 0.09741998
v 0.01332116 0.05229127 0.09720778
v 0.01537579 0.05108231 0.09664500
v 0.01807665 0.05084258 0.09653348
v 0.01948267 0.04999509 0.09613903
v 0.02299469 0.04815959 0.09528458
v 0.02638839 0.04709025 0.09478680
v 0.02677828 0.04618960 0.09436755
v 0.03040385 0.04392468 0.09331326
v 0.03206837 0.04346787 0.09310065
v 0.03415213 0.04145822 0.09216521
v 0.03725713 0.03874331 0.09090135
v 0.03972029 0.03576666 0.08951568
v 0.04105609 0.03508359 0.08919775
v 0.04243005 0.03285173 0.08815876
v 0.04457157 0.02924597 0.08648024
v 0.04377615 0.03148949 0.08752465
v 0.04611599 0.02771711 0.08576840
v 0.04698511 0.02548483 0.08472928
v 0.04857957 0.02127820 0.08277100
v 0.04809385 0.02379900 0.08394456
v 0.04973059 0.01980507 0.08208537
v 0.05066946 0.01610861 0.08036449
v 0.05176460 0.01254150 0.07870387
v 0.05239754 0.00835055 0.07675290
v 0.05350786 0.00525510 0.07531189
v 0.05315446 0.00410026 0.07477420
v 0.05367326 -0.00003136 0.07285076
v 0.05428117 -0.00087265 0.07245916
v 0.05395078 -0.00386137 0.07106786
v 0.05454176 -0.00642157 0.06987595
v 0.05401378 -0.00731772 0.06945879
v 0.05406029 -0.01142485 0.06754670
v 0.05384222 -0.01364737 0.06651205
v 0.05273306 -0.01829898 0.06434655
v 0.05350005 -0.01723736 0.06484079
v 0.05201435 -0.02104634 0.06306755
v 0.05131500 -0.02397041 0.06170621
v 0.04906368 -0.02876317 0.05947500
v 0.05110670 -0.02534377 0.06106686
v 0.04780435 -0.03229314 0.05783158
v 0.04657536 -0.03381743 0.05712191
v 0.04281854 -0.03874194 0.05482929
v 0.04196750 -0.04057865 0.05397424
v 0.04071277 -0.04122417 0.05367368
v 0.03804975 -0.04396557 0.05239737
v 0.03569824 -0.04675611 0.05109825
v 0.03180789 -0.04909974 0.05000698
v 0.02952736 -0.05122465 0.04901766
v 0.02461355 -0.05337708 0.04801565
v 0.02731269 -0.05253279 0.04840868
v 0.02257245 -0.05489194 0.04731029
v 0.01676118 -0.05652737 0.04654878
v 0.01866227 -0.05643194 0.04659318
v 0.01521885 -0.05751538 0.04608869
v 0.00843084 -0.05845719 0.04565006
v 0.00943887 -0.05880904 0.04548639
v -0.00000375 -0.05929293 0.04526076
v 0.00757205 -0.05909359 0.04535388
v -0.00944519 -0.05880808 0.04548627
v -0.00807688 -0.05876534 0.04550618
v -0.01539117 -0.05746698 0.04611039
v -0.01670408 -0.05654519 0.04653936
v -0.01866728 -0.05643028 0.04659289
v -0.02453160 -0.05341787 0.04799520
v -0.02273696 -0.05481976 0.04734259
v -0.02731645 -0.05253106 0.04840797
v -0.03172725 -0.04915678 0.04997867
v -0.02968150 -0.05112856 0.04906070
v -0.03528356 -0.04710209 0.05093508
v -0.03797155 -0.04404085 0.05236005
v -0.03611886 -0.04640346 0.05126017
v -0.04081839 -0.04110735 0.05372560
v -0.04203503 -0.04050129 0.05400773
v -0.04335939 -0.03805154 0.05514806
v -0.04522246 -0.03547054 0.05634969
v -0.04689746 -0.03332743 0.05734729
v -0.04941117 -0.02802264 0.05981677
v -0.04780537 -0.03229248 0.05782908
v -0.05080341 -0.02540397 0.06103580
v -0.05147919 -0.02370568 0.06182645
v -0.05220860 -0.02036517 0.06338155
v -0.05316654 -0.01744098 0.06474280
v -0.05386985 -0.01308785 0.06676932
v -0.05390065 -0.01038819 0.06802618
v -0.05432868 -0.01165169 0.06743800
v -0.05432318 -0.00639480 0.06988518
v -0.05389654 -0.00282228 0.07154841
v -0.05428129 -0.00086681 0.07245868
v -0.05355519 0.00108582 0.07336777
v -0.05323929 0.00525799 0.07531005
v -0.05216675 0.00944299 0.07725827
v -0.05200160 0.01245560 0.07866087
v -0.05123835 0.01326036 0.07903546
v -0.05103886 0.01590669 0.08026748
v -0.05021494 0.01673871 0.08065479
v -0.04972547 0.01981836 0.08208859
v -0.04847748 0.02152806 0.08288450
v -0.04808765 0.02381211 0.08394777
v -0.04694754 0.02550911 0.08473786
v -0.04610925 0.02772825 0.08577096
v -0.04446566 0.02941608 0.08655680
v -0.04376918 0.03149950 0.08752667
v -0.04246188 0.03288098 0.08816986
v -0.03961026 0.03589016 0.08957087
v -0.04104816 0.03509271 0.08919960
v -0.03733535 0.03873285 0.09089427
v -0.03408957 0.04150856 0.09218661
v -0.03030616 0.04399096 0.09334223
v -0.03218710 0.04338097 0.09305834
v -0.02670553 0.04654182 0.09452998
v -0.02291989 0.04819500 0.09529960
v -0.02622926 0.04717957 0.09482674
v -0.01951548 0.04998162 0.09613157
v -0.01531577 0.05110008 0.09665227
v -0.01806795 0.05084550 0.09653377
v -0.01346009 0.05225551 0.09719028
v -0.00793570 0.05275338 0.09742220
v -0.00904715 0.05320411 0.09763205
v -0.01543426 -0.05756067 0.01877987
v -0.02282297 -0.05504417 0.01908749
v -0.01543349 -0.05764985 0.02792698
v -0.02281868 -0.05511659 0.02853280
v -0.01541268 -0.05765796 0.03704315
v -0.02278316 -0.05508595 0.03795820
v -0.02975189 -0.05152094 0.03919017
v -0.02980726 -0.05161577 0.02934479
v -0.03628116 -0.04720628 0.03033930
v -0.03630727 -0.04720747 0.02000409
v -0.04215627 -0.04199754 0.02718216
v -0.04216987 -0.04202629 0.01841598
v -0.04731088 -0.03610879 0.01904690
v -0.05163997 -0.02957296 0.01813650
v -0.05508404 -0.02253729 0.01689445
v -0.02981925 -0.05157178 0.01949965
v -0.03619945 -0.04700988 0.04071056
v -0.04208248 -0.04185664 0.03593575
v -0.04727464 -0.03600966 0.02842319
v -0.05160647 -0.02942579 0.02660745
v -0.05506247 -0.02235198 0.02413558
v -0.05758428 -0.01506745 0.01709055
v -0.05909676 -0.00735527 0.01631826
v -0.00778270 -0.05912286 0.02157765
v -0.00000378 -0.05961525 0.01951950
v 0.00760502 -0.05914629 0.02157640
v -0.00000379 -0.05971747 0.02887618
v 0.00759852 -0.05924409 0.03347849
v -0.00000378 -0.05973047 0.03791308
v -0.00777602 -0.05922049 0.03348100
v 0.01526099 -0.05760699 0.01877528
v 0.01526027 -0.05769634 0.02791786
v 0.01523977 -0.05770516 0.03702956
v 0.02261805 -0.05515618 0.03793376
v 0.02265739 -0.05511277 0.01907926
v 0.02265316 -0.05518555 0.02851670
v 0.02965217 -0.05170649 0.02932149
v 0.02966398 -0.05166167 0.01948779
v 0.03616487 -0.04731708 0.01998835
v 0.04204297 -0.04215365 0.01840698
v 0.04202979 -0.04212617 0.02716445
v 0.04720169 -0.03625208 0.01903498
v 0.04716604 -0.03615486 0.02839988
v 0.05151724 -0.02958446 0.02658075
v 0.05140596 -0.02929186 0.03504985
v 0.05497217 -0.02245748 0.02613079
v 0.05483968 -0.02206444 0.03438746
v 0.05735337 -0.01452058 0.03199458
v 0.05720210 -0.01377975 0.03964585
v 0.05872869 -0.00593883 0.03651928
v 0.05858248 -0.00469011 0.04346609
v 0.05910378 0.00324368 0.03945577
v 0.05890500 0.00520474 0.04524767
v 0.05840897 0.01300430 0.04044467
v 0.05809397 0.01579648 0.04476720
v 0.05660760 0.02320915 0.03935497
v 0.05612987 0.02681291 0.04209786
v 0.05369704 0.03358078 0.03633719
v 0.05309289 0.03759467 0.03776108
v 0.04977226 0.04351538 0.03193098
v 0.04911267 0.04748505 0.03239786
v 0.04499655 0.05244445 0.02675586
v 0.04434818 0.05604326 0.02658176
v 0.03953438 0.06000536 0.02136087
v 0.03895366 0.06302417 0.02081209
v 0.03353935 0.06602628 0.01620984
v 0.03306436 0.06839066 0.01549297
v 0.02716088 0.07053458 0.01164746
v 0.02679675 0.07238256 0.01087498
v 0.02051639 0.07378035 0.00787997
v 0.02025789 0.07530200 0.00708592
v 0.01370739 0.07608050 0.00499254
v 0.01354616 0.07745939 0.00415754
v 0.00683433 0.07778460 0.00294727
v 0.00676012 0.07919538 0.00201660
v 0.00000501 0.07883018 0.00191702
v -0.00660235 0.07919865 0.00199997
v -0.00653982 0.08083827 0.00086764
v -0.01324629 0.07900106 0.00314689
v -0.01312237 0.08075779 0.00197035
v -0.01965850 0.07862508 0.00508249
v -0.01947629 0.08056747 0.00384068
v -0.02573215 0.07805556 0.00779289
v -0.02549487 0.08024829 0.00646752
v -0.03136765 0.07731860 0.01121497
v -0.03107887 0.07982325 0.00978732
v -0.03646659 0.07643777 0.01528227
v -0.03613126 0.07931208 0.01373398
v -0.04093688 0.07542806 0.01992988
v -0.04056090 0.07872390 0.01824426
v -0.04470789 0.07430797 0.02507317
v -0.04429739 0.07806998 0.02323603
v -0.04771429 0.07309848 0.03062236
v -0.04727649 0.07736306 0.02862197
v -0.04989814 0.07182019 0.03648555
v -0.04944038 0.07661569 0.03431284
v -0.05122905 0.07049530 0.04256033
v -0.05075919 0.07584077 0.04020905
v -0.05168426 0.06914669 0.04874163
v -0.05121017 0.07505191 0.04620856
v -0.05124825 0.06779766 0.05492424
v -0.05077826 0.07426238 0.05220955
v -0.04993599 0.06647115 0.06100286
v -0.04947787 0.07348620 0.05810965
v -0.04755836 0.06864589 0.06547325
v -0.04717588 0.07597117 0.06247937
v -0.04425054 0.07479411 0.06808423
v -0.04400080 0.08244687 0.06496208
v -0.04049545 0.07557606 0.07252669
v -0.04028785 0.08353518 0.06932479
v -0.03592586 0.08260309 0.07404834
v -0.03585475 0.09066408 0.07081967
v -0.03087019 0.08888013 0.07538384
v -0.03090989 0.09699678 0.07215785
v -0.02535247 0.09257818 0.07717995
v -0.02543139 0.10050900 0.07406848
v -0.01942348 0.09704268 0.07804834
v -0.01953154 0.10506400 0.07494407
v -0.01314258 0.09891803 0.07922637
v -0.01322567 0.10683900 0.07619965
v -0.00662517 0.10011300 0.07992696
v -0.00666994 0.10796401 0.07695276
v 0.00000669 0.10471900 0.07857184
v 0.00000701 0.10983500 0.07664936
v 0.00653773 0.10797501 0.07696568
v 0.00660729 0.11525702 0.07425248
v 0.01323229 0.11422099 0.07344806
v 0.01341140 0.12102000 0.07094478
v 0.01985704 0.11947301 0.06949788
v 0.02017420 0.12583800 0.06715965
v 0.02614384 0.12130900 0.06599998
v 0.02657145 0.12724800 0.06374984
v 0.03222215 0.12456600 0.06112664
v 0.03280049 0.13027599 0.05887126
v 0.03757429 0.12452200 0.05678045
v 0.03824746 0.13002101 0.05444544
v 0.04223585 0.12371001 0.05209428
v 0.04299139 0.12907299 0.04961806
v 0.04687315 0.12713000 0.04469335
v 0.04774488 0.13228300 0.04211926
v 0.05008136 0.12586999 0.03896647
v 0.05100840 0.13092890 0.03618264
v 0.05308228 0.12786600 0.03085786
v 0.05407947 0.13298900 0.02784126
v 0.05552154 0.13116501 0.02129465
v 0.05650490 0.13640802 0.01817673
v 0.05700677 0.13455500 0.01123434
v 0.05790585 0.14008400 0.00811285
v 0.05741739 0.13827501 0.00090291
v 0.05817228 0.14417200 -0.00205874
v 0.05668276 0.14249191 -0.00937784
v 0.05724287 0.14886591 -0.01196211
v 0.05476069 0.14741300 -0.01920628
v 0.05508887 0.15441391 -0.02114999
v 0.05164217 0.15327790 -0.02811920
v 0.05175679 0.16097000 -0.02927798
v 0.04741758 0.16020600 -0.03578758
v 0.04740208 0.16836998 -0.03628587
v 0.04225468 0.16795200 -0.04218012
v 0.04218775 0.17618802 -0.04222452
v 0.03632116 0.17603202 -0.04737842
v 0.03626489 0.18380000 -0.04723119
v 0.02978718 0.18378191 -0.05156469
v 0.04212230 0.18381892 -0.04209131
v 0.04732698 0.17636600 -0.03634327
v 0.05173975 0.16883001 -0.02976918
v 0.05521106 0.16179290 -0.02225911
v 0.05758589 0.15561301 -0.01379001
v 0.05874699 0.15037200 -0.00445974
v 0.05866718 0.14588000 0.00538576
v 0.05739605 0.14189200 0.01532173
v 0.05503720 0.13822900 0.02500003
v 0.05193489 0.13597400 0.03353357
v 0.04861855 0.13737799 0.03969496
v 0.04378527 0.13423100 0.04728944
v 0.03895765 0.13527299 0.05228568
v 0.03341674 0.13568200 0.05682176
v 0.02704650 0.13278399 0.06173044
v 0.02053636 0.13171600 0.06509643
v 0.01362818 0.12727800 0.06872946
v 0.00669837 0.12198601 0.07181860
v 0.00000761 0.11935599 0.07315313
v 0.00000732 0.11471100 0.07484167
v -0.00674015 0.11524601 0.07423895
v -0.01336079 0.11419300 0.07342433
v -0.01972037 0.11252300 0.07207609
v -0.02561688 0.10792799 0.07114928
v -0.03109079 0.10461300 0.06909888
v -0.03593909 0.09830850 0.06771063
v -0.04022568 0.09118555 0.06619776
v -0.04390674 0.08984047 0.06188303
v -0.04692316 0.08313328 0.05949574
v -0.04914295 0.08039367 0.05520063
v -0.05043429 0.08066016 0.04945075
v -0.05086338 0.08093106 0.04360276
v -0.05041539 0.08120179 0.03775608
v -0.04910546 0.08146722 0.03201025
v -0.04695605 0.08172279 0.02646458
v -0.04399704 0.08196394 0.02121609
v -0.04028558 0.08218610 0.01635193
v -0.03588575 0.08238375 0.01195746
v -0.03086709 0.08255249 0.00811273
v -0.02532047 0.08268809 0.00487977
v -0.01934200 0.08277486 0.00232464
v -0.01303029 0.08279180 0.00051248
v -0.00649297 0.08276206 -0.00054913
v 0.00000517 0.08128802 0.00019907
v 0.00669640 0.08083689 0.00088353
v 0.01340019 0.07899308 0.00318098
v 0.02002078 0.07688205 0.00618088
v 0.02645975 0.07418835 0.00999808
v 0.03262150 0.07060897 0.01464533
v 0.03840225 0.06584376 0.02005708
v 0.04369688 0.05959444 0.02606576
v 0.04840487 0.05165940 0.03235524
v 0.05238920 0.04213595 0.03848189
v 0.05549806 0.03134179 0.04391837
v 0.05760365 0.01980376 0.04806405
v 0.05858725 0.00825673 0.05027186
v 0.05838550 -0.00259340 0.05004997
v 0.05705971 -0.01248759 0.04740780
v 0.05469459 -0.02132457 0.04287046
v 0.05127495 -0.02868908 0.04371386
v 0.04705757 -0.03587609 0.03779548
v 0.04195666 -0.04198735 0.03590887
v 0.03613924 -0.04731708 0.03030818
v 0.05155014 -0.02972954 0.01812297
v 0.05501908 -0.02268028 0.01790207
v 0.05749034 -0.01495599 0.02454239
v 0.05888397 -0.00669491 0.02967089
v 0.05925125 0.00203907 0.03333818
v 0.05860596 0.01117897 0.03544485
v 0.05691438 0.02067238 0.03572219
v 0.05415380 0.03036665 0.03412908
v 0.05033856 0.03998899 0.03088259
v 0.04560077 0.04900485 0.02652454
v 0.04011237 0.05692696 0.02165395
v 0.03403949 0.06347328 0.01678776
v 0.02755147 0.06855267 0.01233255
v 0.02079570 0.07222586 0.00859255
v 0.01388317 0.07476478 0.00572544
v 0.00691610 0.07653010 0.00373763
v 0.00000493 0.07756406 0.00275502
v -0.00667506 0.07778966 0.00292993
v -0.01339107 0.07747095 0.00412220
v -0.01987195 0.07690060 0.00612748
v -0.02601087 0.07606768 0.00892961
v -0.03170686 0.07500135 0.01246523
v -0.03686058 0.07373046 0.01666659
v -0.04137897 0.07227569 0.02146685
v -0.04519045 0.07066369 0.02677893
v -0.04822939 0.06892347 0.03251016
v -0.05043667 0.06708450 0.03856557
v -0.05178189 0.06517881 0.04483938
v -0.05224210 0.06323909 0.05122303
v -0.05180126 0.06129908 0.05760824
v -0.05047476 0.05939149 0.06388604
v -0.04803216 0.06120830 0.06847900
v -0.04461985 0.06694221 0.07124447
v -0.04081588 0.06737512 0.07579267
v -0.03612500 0.07419729 0.07738007
v -0.03096300 0.08031111 0.07875794
v -0.02538365 0.08415418 0.08046627
v -0.01940530 0.08845238 0.08137048
v -0.01311808 0.09041969 0.08248585
v -0.00660914 0.09168279 0.08314275
v 0.00000635 0.09936970 0.08059978
v 0.00649291 0.10012501 0.07993936
v 0.01309746 0.10686900 0.07622164
v 0.01959890 0.11257101 0.07210856
v 0.02578377 0.11489000 0.06848627
v 0.03171360 0.11842500 0.06359618
v 0.03697407 0.11865301 0.05928766
v 0.04155808 0.11802100 0.05470234
v 0.04604810 0.12179302 0.04738557
v 0.04920065 0.12067401 0.04183793
v 0.05209839 0.12273300 0.03398108
v 0.05449789 0.12608100 0.02458465
v 0.05601465 0.12931100 0.01463383
v 0.05652564 0.13270099 0.00429094
v 0.05594718 0.13649492 -0.00618535
v 0.05422466 0.14087100 -0.01644492
v 0.05133439 0.14603500 -0.02606558
v 0.04731238 0.15222302 -0.03458237
v 0.04226827 0.15951100 -0.04167520
v 0.03637856 0.16758400 -0.04734510
v 0.02983337 0.17589590 -0.05172371
v 0.02280128 0.18376490 -0.05501680
v 0.01542270 0.18374301 -0.05752092
v 0.00777960 0.18372200 -0.05904239
v 0.00001195 0.18825740 -0.05949399
v 0.00001186 0.18685400 -0.05950099
v 0.00001179 0.18585400 -0.05951392
v 0.00001173 0.18479499 -0.05953240
v -0.00758636 0.18372099 -0.05906469
v 0.00001165 0.18366000 -0.05955600
v 0.00001158 0.18244600 -0.05958390
v 0.00779140 0.17559090 -0.05922251
v 0.00001149 0.18115500 -0.05961519
v 0.00001141 0.17978901 -0.05964839
v 0.00001131 0.17833290 -0.05968207
v 0.00001121 0.17674892 -0.05971509
v 0.00001110 0.17499700 -0.05974501
v 0.00780326 0.16660599 -0.05921047
v 0.00001098 0.17305990 -0.05976730
v 0.00001084 0.17093500 -0.05977559
v -0.00759888 0.17558989 -0.05924469
v 0.00001070 0.16861901 -0.05976152
v -0.00761163 0.16660300 -0.05923270
v 0.00001054 0.16611800 -0.05971401
v 0.00001037 0.16350500 -0.05962228
v 0.00780499 0.15731901 -0.05867159
v 0.00001021 0.16090600 -0.05948162
v 0.00001005 0.15844500 -0.05929589
v -0.00761449 0.15731399 -0.05869370
v -0.01528859 0.15757498 -0.05719679
v -0.01525449 0.14861600 -0.05581986
v -0.02265006 0.14909790 -0.05336278
v -0.02251470 0.14097300 -0.05089713
v -0.02947837 0.14168902 -0.04754568
v -0.02918946 0.13448890 -0.04408329
v -0.03558665 0.13545389 -0.03996420
v -0.03512448 0.12904000 -0.03580200
v -0.04083788 0.13024400 -0.03106206
v -0.04020345 0.12447600 -0.02648907
v -0.04513466 0.12587599 -0.02127289
v -0.04434919 0.12062500 -0.01655298
v -0.04843640 0.12217190 -0.01101356
v -0.04754328 0.11727301 -0.00637376
v -0.05074198 0.11890600 -0.00064586
v -0.04980158 0.11417001 0.00373816
v -0.05208200 0.11581801 0.00954872
v -0.05116426 0.11104201 0.01356065
v -0.05252969 0.11262701 0.01937186
v -0.05170709 0.10761201 0.02296966
v -0.05216699 0.10905300 0.02872937
v -0.05149359 0.10368599 0.03200274
v -0.05105936 0.10490601 0.03767246
v -0.05057466 0.09910476 0.04075247
v -0.04927968 0.10003000 0.04629498
v -0.04901267 0.09370576 0.04930078
v -0.04695665 0.09676570 0.05355536
v -0.04683840 0.09008120 0.05652153
v -0.04400295 0.09691618 0.05885243
v -0.04897367 0.08714847 0.05226707
v -0.05026078 0.08695578 0.04663175
v -0.05068826 0.08675955 0.04090034
v -0.05024164 0.08656328 0.03517013
v -0.04893606 0.08636951 0.02953886
v -0.04679399 0.08618198 0.02410387
v -0.04384487 0.08600366 0.01896023
v -0.04014599 0.08583669 0.01419353
v -0.03576100 0.08568240 0.00988752
v -0.03075939 0.08554226 0.00612098
v -0.02523130 0.08541684 0.00295496
v -0.01927268 0.08529371 0.00045629
v -0.01298177 0.08515298 -0.00130790
v -0.00646764 0.08502209 -0.00233346
v 0.00000527 0.08286832 -0.00098717
v 0.00664884 0.08276237 -0.00053395
v 0.01327508 0.08075326 0.00200319
v 0.01980596 0.07861167 0.00513411
v 0.02615076 0.07604348 0.00899953
v 0.03221166 0.07277226 0.01366525
v 0.03788828 0.06850147 0.01912039
v 0.04307860 0.06293380 0.02526724
v 0.04769414 0.05579978 0.03187549
v 0.05163419 0.04693090 0.03858119
v 0.05476236 0.03648650 0.04490727
v 0.05695515 0.02486568 0.05029517
v 0.05809259 0.01267409 0.05413216
v 0.05807036 0.00071820 0.05577558
v 0.05686777 -0.01025754 0.05476999
v 0.05455708 -0.01995998 0.05146641
v 0.05115557 -0.02755594 0.05257356
v 0.04693496 -0.03522205 0.04743325
v 0.04185938 -0.04159736 0.04479235
v 0.03605824 -0.04712384 0.04066300
v 0.02959728 -0.05161356 0.03915476
v 0.05436968 -0.01754528 0.05960357
v 0.05656075 -0.00669080 0.06118499
v 0.05608308 -0.00146031 0.06616228
v 0.05757999 0.00554562 0.06019927
v 0.05693167 0.01169186 0.06326586
v 0.05743855 0.01827818 0.05678105
v 0.05667710 0.02468359 0.05833017
v 0.05620014 0.03063535 0.05156189
v 0.05539029 0.03676497 0.05196588
v 0.05397325 0.04193711 0.04515624
v 0.05318087 0.04738348 0.04475688
v 0.05087609 0.05170649 0.03814047
v 0.05015635 0.05624110 0.03724199
v 0.04701935 0.05971395 0.03102898
v 0.04639035 0.06342887 0.02987766
v 0.04250216 0.06609338 0.02422869
v 0.04196876 0.06916409 0.02298665
v 0.03741258 0.07108850 0.01801776
v 0.03697639 0.07369589 0.01676595
v 0.03183585 0.07497167 0.01255065
v 0.03149569 0.07729679 0.01129764
v 0.02587109 0.07803815 0.00786048
v 0.02563279 0.08023709 0.00653309
v 0.01962280 0.08055907 0.00389069
v 0.01948797 0.08277088 0.00237328
v 0.01318246 0.08279049 0.00054421
v 0.01313370 0.08515447 -0.00127715
v 0.00662321 0.08502401 -0.00231892
v 0.00662553 0.08767390 -0.00455457
v 0.00000557 0.08762247 -0.00491721
v -0.00646955 0.08767056 -0.00456852
v -0.00650197 0.09072767 -0.00732642
v -0.01298809 0.08789111 -0.00357187
v -0.01305538 0.09102194 -0.00634867
v -0.01928490 0.08817006 -0.00184262
v -0.01938736 0.09141571 -0.00463802
v -0.02524918 0.08847630 0.00061866
v -0.02538478 0.09187448 -0.00219172
v -0.03078210 0.08882868 0.00374192
v -0.03094816 0.09241658 0.00091686
v -0.03578829 0.08923715 0.00745916
v -0.03598207 0.09304946 0.00461805
v -0.04017716 0.08969736 0.01170986
v -0.04039508 0.09376548 0.00885129
v -0.04387927 0.09020228 0.01641565
v -0.04411768 0.09455331 0.01353836
v -0.04683089 0.09074521 0.02149397
v -0.04708546 0.09540109 0.01859658
v -0.04897486 0.09131770 0.02685987
v -0.04924136 0.09629565 0.02394157
v -0.05028146 0.09191018 0.03241997
v -0.05055528 0.09722180 0.02947974
v -0.05072855 0.09251220 0.03807765
v -0.05100464 0.09816336 0.03511548
v -0.05030077 0.09311419 0.04373663
v -0.05103969 0.10246601 0.02633434
v -0.04971307 0.10126801 0.02076405
v -0.04753648 0.10010900 0.01538825
v -0.04454004 0.09901249 0.01030105
v -0.04078179 0.09799336 0.00558728
v -0.03632605 0.09706830 0.00133032
v -0.03124380 0.09625207 -0.00239104
v -0.02562659 0.09555531 -0.00551552
v -0.01957118 0.09497268 -0.00797129
v -0.01317799 0.09448735 -0.00968170
v -0.00656217 0.09413540 -0.01065218
v 0.00000578 0.09103178 -0.00802368
v 0.00000572 0.08997805 -0.00703714
v 0.00665909 0.09073215 -0.00731283
v 0.01314049 0.08789509 -0.00354183
v 0.01941835 0.08529371 0.00050382
v 0.02545797 0.08268266 0.00494355
v 0.03120619 0.07980901 0.00986749
v 0.03658169 0.07641226 0.01537847
v 0.04147976 0.07223659 0.02157849
v 0.04580849 0.06703430 0.02848178
v 0.04948568 0.06055450 0.03596949
v 0.05242891 0.05257338 0.04380345
v 0.05457705 0.04290640 0.05160915
v 0.05586040 0.03150379 0.05889195
v 0.05617696 0.01873278 0.06509752
v 0.05545169 0.00521863 0.06963938
v 0.05471646 0.01288425 0.07174855
v 0.05392819 0.02107357 0.07262295
v 0.05108135 0.02180141 0.07920420
v 0.05036331 0.03032749 0.07835644
v 0.04663807 0.03425770 0.08305239
v 0.04604327 0.04276669 0.08059476
v 0.04206491 0.04195827 0.08563548
v 0.04549437 0.05102699 0.07765048
v 0.04157358 0.05062848 0.08249044
v 0.04499238 0.05912178 0.07447445
v 0.04112488 0.05912977 0.07915616
v 0.04454385 0.06711119 0.07128244
v 0.04072755 0.06750577 0.07583785
v 0.04417920 0.07495987 0.06812363
v 0.04041087 0.07570487 0.07257294
v 0.04393416 0.08260785 0.06500339
v 0.04020714 0.08366060 0.06937278
v 0.04384505 0.08999478 0.06192708
v 0.04014879 0.09130620 0.06624817
v 0.04394608 0.09706240 0.05890005
v 0.04026466 0.09857928 0.06321054
v 0.04423940 0.10378101 0.05592745
v 0.04055178 0.10545700 0.06026834
v 0.04470276 0.11014600 0.05301427
v 0.04098969 0.11193801 0.05742967
v 0.04531347 0.11615200 0.05016505
v 0.03647404 0.11234701 0.06196075
v 0.03609317 0.10559901 0.06478887
v 0.03585028 0.09840578 0.06776149
v 0.03576320 0.09076659 0.07086747
v 0.03583115 0.08270962 0.07409375
v 0.03602677 0.07430648 0.07742398
v 0.03632086 0.06563240 0.08084130
v 0.03668385 0.05676209 0.08432888
v 0.03709119 0.04774576 0.08782650
v 0.03129714 0.11180001 0.06627506
v 0.03098946 0.10468401 0.06914949
v 0.03080719 0.09707157 0.07220548
v 0.03076535 0.08895838 0.07542926
v 0.03085547 0.08039181 0.07880175
v 0.03105169 0.07145547 0.08230078
v 0.03132766 0.06223440 0.08590388
v 0.03165715 0.05281209 0.08958755
v 0.02550429 0.10797800 0.07119518
v 0.02531808 0.10056101 0.07411205
v 0.02523797 0.09263277 0.07722175
v 0.02526730 0.08421027 0.08050686
v 0.02538865 0.07536977 0.08394323
v 0.02558195 0.06619530 0.08750635
v 0.02582716 0.05677068 0.09117114
v 0.01964938 0.06005770 0.09238946
v 0.01947218 0.06989526 0.08858287
v 0.01320630 0.06211150 0.09340370
v 0.01309525 0.07194012 0.08961498
v 0.00657421 0.06345528 0.09397907
v 0.00652194 0.07326668 0.09020655
v 0.00000414 0.06457549 0.09390567
v 0.00000469 0.07332128 0.09054589
v -0.00665838 0.07325542 0.09019488
v 0.00000518 0.08092380 0.08763456
v -0.00662190 0.08269989 0.08657586
v 0.00000561 0.08768780 0.08505065
v 0.00000599 0.09376168 0.08273458
v -0.01315039 0.08138400 0.08595335
v -0.01322877 0.07190382 0.08959715
v -0.00671309 0.06344437 0.09396736
v -0.01334226 0.06207478 0.09338617
v -0.01978069 0.05999397 0.09236747
v 0.00000382 0.05959850 0.09582347
v -0.01946985 0.07935070 0.08488433
v -0.01960068 0.06983251 0.08856016
v -0.02550745 0.07531321 0.08390349
v -0.02570348 0.06613893 0.08746694
v -0.02595150 0.05671548 0.09113186
v -0.03116208 0.07137371 0.08225798
v -0.03144109 0.06215250 0.08586155
v -0.03177368 0.05273121 0.08954525
v -0.03719919 0.04763561 0.08778185
v -0.03642237 0.06552177 0.08079838
v -0.03678876 0.05665147 0.08428658
v -0.04121668 0.05899876 0.07911157
v -0.04166877 0.05049772 0.08244408
v -0.04216349 0.04182630 0.08558160
v -0.04613089 0.04259139 0.08054436
v -0.04672968 0.03407639 0.08298385
v -0.04977715 0.03816359 0.07659548
v -0.05045545 0.02998930 0.07828198
v -0.05242115 0.03733910 0.07106554
v -0.05317395 0.02942711 0.07224738
v -0.05379879 0.04113847 0.06426995
v -0.05457128 0.03390509 0.06539487
v -0.05425649 0.04500257 0.05735814
v -0.05503547 0.03845947 0.05842506
v -0.05377864 0.04886597 0.05044775
v -0.05455088 0.04301297 0.05145686
v -0.05238158 0.05266219 0.04365628
v -0.05313390 0.04748726 0.04460859
v -0.05008935 0.05632610 0.03710126
v -0.05080878 0.05180555 0.03799867
v -0.04693360 0.05979365 0.03089714
v -0.04760766 0.05589246 0.03174257
v -0.04297536 0.06300669 0.02514648
v -0.04359275 0.05967968 0.02594387
v -0.03828334 0.06590862 0.01994955
v -0.03883355 0.06310009 0.02070355
v -0.03293144 0.06844645 0.01540058
v -0.03340518 0.06609129 0.01611667
v -0.02701669 0.07057988 0.01157164
v -0.02740550 0.06860560 0.01225614
v -0.02064216 0.07226049 0.00853467
v -0.02093988 0.07058668 0.00919479
v -0.01391267 0.07344228 0.00635630
v -0.01411426 0.07197940 0.00700033
v -0.00693691 0.07412916 0.00505739
v -0.00703800 0.07278801 0.00569421
v 0.00000466 0.07331987 0.00513913
v 0.00720465 0.07277560 0.00571322
v 0.00731265 0.07127040 0.00636542
v 0.01449018 0.07032048 0.00767863
v 0.01470166 0.06860297 0.00828642
v 0.02172309 0.06675988 0.01043218
v 0.02201360 0.06485527 0.01088279
v 0.02875125 0.06196659 0.01374667
v 0.02907687 0.05996328 0.01386934
v 0.03539746 0.05600440 0.01724344
v 0.03569668 0.05408400 0.01680779
v 0.04146105 0.04910910 0.02044266
v 0.04168468 0.04746609 0.01921999
v 0.04676228 0.04158830 0.02284109
v 0.04691946 0.04026055 0.02074414
v 0.05121284 0.03364628 0.02408778
v 0.05134069 0.03261089 0.02114814
v 0.05476689 0.02543836 0.02400779
v 0.05491179 0.02462100 0.02037245
v 0.05740016 0.01706099 0.02261728
v 0.05753695 0.01642155 0.01831334
v 0.05904830 0.00864255 0.01985788
v 0.05909669 0.00815189 0.01476484
v 0.05959886 0.00030819 0.01555025
v 0.05907326 -0.00753421 0.01633548
v 0.05758416 0.01586335 0.01399248
v 0.05504256 0.02393287 0.01682227
v 0.05147647 0.03177940 0.01824736
v 0.04703647 0.03926187 0.01849615
v 0.04182446 0.04624110 0.01772004
v 0.03588849 0.05261367 0.01604819
v 0.02932167 0.05827295 0.01374697
v 0.02226155 0.06309455 0.01118975
v 0.01489716 0.06690227 0.00882733
v 0.00741911 0.06968171 0.00700647
v 0.00000453 0.07119828 0.00609100
v -0.00714380 0.07128459 0.00634664
v -0.01432579 0.07035028 0.00764024
v -0.02125298 0.06874108 0.00981838
v -0.02781486 0.06645250 0.01285946
v -0.03390377 0.06354779 0.01669514
v -0.03941297 0.06009216 0.02125316
v -0.04424309 0.05614089 0.02646076
v -0.04831780 0.05176585 0.03222316
v -0.05156660 0.04704457 0.03844016
v -0.05392628 0.04205590 0.04500889
v -0.05536437 0.03688699 0.05181449
v -0.05585634 0.03162676 0.05873936
v -0.05538516 0.02636545 0.06566561
v -0.05396699 0.02119249 0.07247537
v -0.05117917 0.02144110 0.07907897
v -0.05475705 0.01301801 0.07160450
v -0.05619586 0.01887011 0.06494957
v -0.05549365 0.00536597 0.06950128
v -0.05695176 0.01184296 0.06312417
v -0.05612659 -0.00130135 0.06603306
v -0.05760115 0.00570869 0.06006675
v -0.05660527 -0.00652301 0.06106775
v -0.05809229 0.00089035 0.05565530
v -0.05691289 -0.01008427 0.05466765
v -0.05840790 -0.00241554 0.04994505
v -0.05710530 -0.01231145 0.04732239
v -0.05860537 -0.00450927 0.04337847
v -0.05724787 -0.01360255 0.03957808
v -0.05875176 -0.00575703 0.03644967
v -0.05739939 -0.01434379 0.03194427
v -0.05890716 -0.00651342 0.02961927
v -0.05753648 -0.01478016 0.02450895
v -0.05904787 -0.00700045 0.02296435
v -0.05496084 -0.02206754 0.03136080
v -0.05482959 -0.02156496 0.03870880
v -0.05470925 -0.02070635 0.04626059
v -0.05457979 -0.01923835 0.05373931
v -0.05439758 -0.01686316 0.06073087
v -0.05149418 -0.02912914 0.03509080
v -0.05136245 -0.02851939 0.04377150
v -0.05124229 -0.02737265 0.05264478
v -0.04716539 -0.03572738 0.03783166
v -0.04704207 -0.03506666 0.04748445
v -0.04198467 -0.04146265 0.04482990
v -0.05667400 0.02482199 0.05818104
v -0.05743616 0.01843076 0.05663819
v -0.05809098 0.01283860 0.05399836
v -0.05858619 0.00843030 0.05015045
v -0.05890434 0.00538415 0.04514187
v -0.05910336 0.00342607 0.03936737
v -0.05925095 0.00222248 0.03326809
v -0.05940777 0.00145054 0.02725470
v -0.05954968 0.00091214 0.02139377
v -0.05959886 0.00048863 0.01553297
v -0.05907315 0.00833082 0.01474779
v -0.05753779 0.01603776 0.01397579
v -0.05617476 0.03077268 0.05141395
v -0.05693030 0.02501678 0.05015349
v -0.05757911 0.01996690 0.04793148
v -0.05806988 0.01596868 0.04464685
v -0.05838507 0.01318216 0.04033976
v -0.05858224 0.01135975 0.03535729
v -0.05872857 0.01020026 0.03008717
v -0.05888408 0.00941276 0.02489060
v -0.05902456 0.00882298 0.01982355
v -0.05471557 0.03662008 0.04476314
v -0.05545139 0.03148907 0.04378026
v -0.05608320 0.02697187 0.04196864
v -0.05656099 0.02337688 0.03923767
v -0.05686789 0.02084571 0.03561997
v -0.05705976 0.01915669 0.03141558
v -0.05720227 0.01804059 0.02696055
v -0.05735367 0.01723778 0.02256697
v -0.05749046 0.01659744 0.01827996
v -0.05232125 0.04226368 0.03834408
v -0.05302464 0.03773558 0.03762906
v -0.05362868 0.03373265 0.03621369
v -0.05408525 0.03052699 0.03401708
v -0.05437856 0.02824229 0.03106456
v -0.05456197 0.02668207 0.02761137
v -0.05469828 0.02560776 0.02394294
v -0.05484306 0.02479010 0.02032434
v -0.05497390 0.02410095 0.01679027
v -0.05501878 0.02347606 0.01323086
v -0.05155110 0.03051584 0.01252627
v -0.04902499 0.04760479 0.03226876
v -0.04968386 0.04364728 0.03180724
v -0.05024969 0.04013127 0.03076684
v -0.05067718 0.03729386 0.02907598
v -0.05095165 0.03524255 0.02675324
v -0.05112339 0.03380429 0.02401119
v -0.05125105 0.03276968 0.02108746
v -0.05138689 0.03193789 0.01820218
v -0.05150927 0.03120237 0.01538085
v -0.04489046 0.05255424 0.02663755
v -0.04549390 0.04912568 0.02641117
v -0.04601168 0.04606109 0.02571827
v -0.04640269 0.04356545 0.02449625
v -0.04665356 0.04173058 0.02275717
v -0.04681068 0.04040527 0.02067416
v -0.04692757 0.03940737 0.01844054
v -0.04705184 0.03856235 0.01623529
v -0.04716390 0.03778398 0.01407444
v -0.04720175 0.03704029 0.01187324
v -0.03998976 0.05702459 0.02154856
v -0.04052698 0.05407428 0.02153456
v -0.04098778 0.05141788 0.02115559
v -0.04133558 0.04923159 0.02035689
v -0.04155856 0.04759275 0.01914525
v -0.04169815 0.04636985 0.01765769
v -0.04180228 0.04540520 0.01604795
v -0.04191314 0.04454815 0.01445734
v -0.04201269 0.04373085 0.01289349
v -0.04204595 0.04293519 0.01128256
v -0.03616487 0.04809308 0.01076614
v -0.03439974 0.06093448 0.01709455
v -0.03486168 0.05840265 0.01726645
v -0.03525745 0.05610400 0.01716226
v -0.03555577 0.05418921 0.01673406
v -0.03574699 0.05272257 0.01598399
v -0.03586667 0.05158960 0.01501774
v -0.03595620 0.05065375 0.01395428
v -0.03605169 0.04978585 0.01290184
v -0.03613710 0.04893416 0.01186078
v -0.02822178 0.06422108 0.01334685
v -0.02860027 0.06204175 0.01367545
v -0.02892440 0.06004458 0.01380276
v -0.02916818 0.05835908 0.01368659
v -0.02932405 0.05703788 0.01332509
v -0.02942180 0.05598081 0.01279795
v -0.02949506 0.05506896 0.01219457
v -0.02957367 0.05419148 0.01159548
v -0.02964329 0.05331039 0.01099419
v -0.02966518 0.05243075 0.01033425
v -0.02156376 0.06681209 0.01037567
v -0.02185249 0.06491279 0.01082855
v -0.02209895 0.06315666 0.01113909
v -0.02228355 0.06165629 0.01126945
v -0.02240127 0.06045329 0.01121568
v -0.02250301 0.05901112 0.01091813
v -0.02261749 0.05722531 0.01043457
v -0.01453518 0.06863659 0.00824893
v -0.01472878 0.06693948 0.00879151
v -0.01489329 0.06536060 0.00923294
v -0.01501518 0.06400018 0.00953895
v -0.01511689 0.06241268 0.00974149
v -0.01519924 0.06060906 0.00981495
v -0.01525408 0.05923539 0.00982451
v -0.00724816 0.06969780 0.00698817
v -0.00734419 0.06812208 0.00758576
v -0.00742519 0.06665205 0.00810629
v -0.00748450 0.06538045 0.00851750
v -0.00753367 0.06386443 0.00892803
v -0.00757526 0.06204044 0.00932223
v -0.00760132 0.06068217 0.00955295
v 0.05508744 0.02330935 0.01324689
v 0.05159908 0.03104490 0.01541078
v 0.04716098 0.03841716 0.01627659
v 0.04192876 0.04527568 0.01609748
v 0.03600847 0.05147886 0.01507145
v 0.02947825 0.05694879 0.01337784
v 0.02244728 0.06159067 0.01131534
v 0.01506328 0.06532007 0.00926644
v 0.00751710 0.06810427 0.00760323
v 0.00000440 0.06913343 0.00694680
v -0.04507219 0.05895167 0.07443737
v -0.04557800 0.05085539 0.07761025
v -0.04856437 0.05369067 0.07146489
v -0.04914635 0.04603660 0.07424664
v -0.05107027 0.05223309 0.06666636
v -0.05171948 0.04491168 0.06913238
v -0.05241239 0.05474686 0.06018507
v -0.05307859 0.04805618 0.06246948
v -0.05285817 0.05730360 0.05359297
v -0.05353015 0.05125438 0.05569279
v -0.05239279 0.05985957 0.04700219
v -0.05305880 0.05445176 0.04891729
v -0.05103164 0.06237119 0.04052484
v -0.05168050 0.05759358 0.04225845
v -0.04879837 0.06479501 0.03427314
v -0.04941874 0.06062579 0.03583145
v -0.04572367 0.06708879 0.02835595
v -0.04630506 0.06349557 0.02974843
v -0.04186725 0.06921416 0.02287149
v -0.04239988 0.06615465 0.02411013
v -0.03729587 0.07113307 0.01791518
v -0.03777039 0.06855601 0.01901489
v -0.03208160 0.07281030 0.01357704
v -0.03249007 0.07065588 0.01455473
v -0.02631855 0.07421928 0.00992584
v -0.02665406 0.07242059 0.01080065
v -0.02010756 0.07532565 0.00703079
v -0.02036458 0.07380951 0.00782329
v -0.01355069 0.07609570 0.00495595
v -0.01372468 0.07478356 0.00568771
v -0.00675523 0.07653689 0.00371963
v -0.00684255 0.07534778 0.00441396
v 0.01934409 0.07941162 0.08490836
v 0.01301908 0.08141945 0.08597177
v 0.00648749 0.08271128 0.08658767
v 0.00647616 0.09169410 0.08315473
v 0.01928156 0.08851070 0.08139585
v 0.01298856 0.09045380 0.08250528
v 0.01930129 0.09709768 0.07807576
v 0.01301407 0.09895027 0.07924693
v 0.01940995 0.10511600 0.07497388
v 0.05536746 0.02624350 0.06581699
v 0.05455487 0.03379857 0.06554716
v 0.05313676 0.02932327 0.07239581
v 0.05378347 0.04104721 0.06442099
v 0.05238556 0.03725016 0.07121288
v 0.05306458 0.04797947 0.06261765
v 0.05168539 0.04483699 0.06927669
v 0.05239939 0.05468440 0.06032907
v 0.05103749 0.05217218 0.06680680
v 0.05178940 0.06125021 0.05774778
v 0.05044347 0.05934381 0.06402194
v 0.05123740 0.06776160 0.05505937
v 0.04990589 0.06643612 0.06113457
v 0.05076825 0.07423889 0.05234068
v 0.04944921 0.07346320 0.05823749
v 0.05042535 0.08064787 0.04957854
v 0.04911531 0.08038169 0.05532516
v 0.05025255 0.08695369 0.04675703
v 0.04894709 0.08714646 0.05238914
v 0.05029338 0.09312099 0.04386037
v 0.04898684 0.09371237 0.04942126
v 0.05056798 0.09911899 0.04087567
v 0.04925447 0.10004400 0.04641498
v 0.05105328 0.10492601 0.03779637
v 0.04972721 0.10612302 0.04336786
v 0.05172145 0.11051900 0.03461635
v 0.05037796 0.11193500 0.04027754
v 0.05254488 0.11587901 0.03132963
v 0.05118006 0.11746100 0.03714215
v 0.05348765 0.12102799 0.02795886
v 0.04841268 0.11522100 0.04475075
v 0.04775369 0.10945201 0.04767876
v 0.04724836 0.10337400 0.05061924
v 0.04692065 0.09699445 0.05357074
v 0.04679459 0.09032541 0.05653178
v 0.04687136 0.08339130 0.05950188
v 0.04711675 0.07624071 0.06248176
v 0.04749250 0.06892466 0.06547278
v 0.04796075 0.06149411 0.06847590
v 0.04848808 0.05398339 0.07146388
v 0.04906505 0.04633998 0.07425868
v 0.04969060 0.03848189 0.07663227
v 0.05504047 0.03835206 0.05857868
v 0.05426229 0.04491060 0.05751050
v 0.05353677 0.05117708 0.05584203
v 0.05286556 0.05724048 0.05373829
v 0.05225008 0.06318986 0.05136388
v 0.05169308 0.06911039 0.04887795
v 0.05121977 0.07502788 0.04634088
v 0.05087375 0.08091877 0.04373168
v 0.05069929 0.08675761 0.04102665
v 0.05074037 0.09251910 0.03820234
v 0.05101728 0.09817769 0.03523963
v 0.05150675 0.10370700 0.03212767
v 0.05218076 0.10907900 0.02885633
v 0.05301159 0.11426701 0.02541577
v 0.05396264 0.11929201 0.02183157
v 0.05498188 0.12426601 0.01820194
v 0.05380535 0.04877465 0.05059875
v 0.05308598 0.05437517 0.04906536
v 0.05242025 0.05979716 0.04714626
v 0.05180996 0.06512981 0.04497885
v 0.05125755 0.07045930 0.04269546
v 0.05078810 0.07581716 0.04034018
v 0.05044497 0.08118952 0.03788387
v 0.05027174 0.08656120 0.03529536
v 0.05031245 0.09191685 0.03254354
v 0.05058687 0.09723590 0.02960294
v 0.05107218 0.10248701 0.02645826
v 0.05174046 0.10763802 0.02309554
v 0.05256420 0.11265591 0.01950114
v 0.05350726 0.11755600 0.01570343
v 0.05451787 0.12244901 0.01181846
v 0.05554205 0.12745699 0.00797212
v 0.05172765 0.05751889 0.04240274
v 0.05107909 0.06231027 0.04066514
v 0.05048418 0.06703680 0.03870147
v 0.04994590 0.07178509 0.03661727
v 0.04948824 0.07659268 0.03444057
v 0.04915380 0.08145517 0.03213477
v 0.04898488 0.08636759 0.02966088
v 0.04902428 0.09132426 0.02698034
v 0.04929155 0.09630949 0.02406156
v 0.04976427 0.10128800 0.02088475
v 0.05041557 0.10622101 0.01743233
v 0.05121797 0.11107100 0.01368653
v 0.05213695 0.11584900 0.00967914
v 0.05312180 0.12066400 0.00554287
v 0.05411976 0.12563300 0.00142300
v 0.05507826 0.13088100 -0.00253516
v 0.04886490 0.06473678 0.03440725
v 0.04829579 0.06887781 0.03264003
v 0.04778069 0.07306498 0.03074824
v 0.04734277 0.07734106 0.02874416
v 0.04702258 0.08171130 0.02658355
v 0.04686087 0.08617997 0.02422058
v 0.04689836 0.09075146 0.02160906
v 0.04715394 0.09541430 0.01871126
v 0.04760605 0.10012801 0.01550364
v 0.04822897 0.10485100 0.01196467
v 0.04899656 0.10954000 0.00807285
v 0.04987567 0.11419900 0.00386280
v 0.05081778 0.11893701 -0.00051599
v 0.05177259 0.12387200 -0.00490010
v 0.05268967 0.12912001 -0.00912595
v 0.05352097 0.13477799 -0.01302939
v 0.04527479 0.07062101 0.02690076
v 0.04479175 0.07427668 0.02519106
v 0.04438120 0.07804937 0.02335053
v 0.04408079 0.08195328 0.02132767
v 0.04392898 0.08600187 0.01906955
v 0.04396384 0.09020829 0.01652354
v 0.04420328 0.09456580 0.01364576
v 0.04462695 0.09903025 0.01040917
v 0.04521077 0.10355401 0.00678825
v 0.04593026 0.10808801 0.00275826
v 0.04675436 0.11263700 -0.00164354
v 0.04763758 0.11730202 -0.00625211
v 0.04853278 0.12220199 -0.01088660
v 0.04939258 0.12745200 -0.01536601
v 0.05017197 0.13314900 -0.01950949
v 0.05083179 0.13933399 -0.02313637
v 0.04103708 0.07539927 0.02003788
v 0.04066067 0.07870488 0.01834917
v 0.04038518 0.08217619 0.01645416
v 0.04024589 0.08583498 0.01429367
v 0.04027748 0.08970278 0.01180863
v 0.04049658 0.09377677 0.00894976
v 0.04088449 0.09800958 0.00568628
v 0.04141914 0.10234800 0.00198966
v 0.04207837 0.10674100 -0.00216824
v 0.04283338 0.11118500 -0.00674796
v 0.04364258 0.11578400 -0.01156979
v 0.04446280 0.12065100 -0.01643669
v 0.04525059 0.12590300 -0.02115160
v 0.04596489 0.13163801 -0.02551811
v 0.04656970 0.13790701 -0.02934128
v 0.04703016 0.14475501 -0.03242659
v 0.03624576 0.07929527 0.01382738
v 0.03599989 0.08237510 0.01204836
v 0.03587520 0.08568097 0.00997662
v 0.03590309 0.08924210 0.00754714
v 0.03609788 0.09305965 0.00470567
v 0.03644347 0.09708284 0.00141835
v 0.03691989 0.10125491 -0.00234640
v 0.03750729 0.10551891 -0.00661981
v 0.03818029 0.10986999 -0.01136040
v 0.03890174 0.11440801 -0.01637518
v 0.03963297 0.11924601 -0.02145266
v 0.04033547 0.12449901 -0.02638107
v 0.04097235 0.13026600 -0.03095000
v 0.04151177 0.13661300 -0.03495150
v 0.04192245 0.14359401 -0.03817868
v 0.04217439 0.15126500 -0.04042762
v 0.03099399 0.08254516 0.00819081
v 0.03088605 0.08554129 0.00619745
v 0.03090935 0.08883308 0.00381738
v 0.03107666 0.09242558 0.00099197
v 0.03137380 0.09626489 -0.00231552
v 0.03178369 0.10029002 -0.00613946
v 0.03228926 0.10444200 -0.01051360
v 0.03286868 0.10871200 -0.01539498
v 0.03348988 0.11319601 -0.02057927
v 0.03411954 0.11801000 -0.02584189
v 0.03472465 0.12326301 -0.03095841
v 0.03527337 0.12906002 -0.03570568
v 0.03573805 0.13547300 -0.03986471
v 0.03609198 0.14257289 -0.04321730
v 0.03630906 0.15042301 -0.04554879
v 0.03639030 0.15889899 -0.04683429
v 0.02536857 0.08541666 0.00301737
v 0.02538698 0.08848071 0.00068015
v 0.02552366 0.09188270 -0.00213057
v 0.02576726 0.09556652 -0.00545412
v 0.02610355 0.09946857 -0.00932699
v 0.02651876 0.10352601 -0.01378518
v 0.02699446 0.10772501 -0.01878511
v 0.02750486 0.11216600 -0.02411270
v 0.02802234 0.11695800 -0.02953249
v 0.02851974 0.12221299 -0.03480899
v 0.02897077 0.12803300 -0.03970831
v 0.02935290 0.13450401 -0.04400181
v 0.02964419 0.14170299 -0.04746210
v 0.02982288 0.14970301 -0.04986488
v 0.02988976 0.15837589 -0.05118328
v 0.02988040 0.16726701 -0.05169969
v 0.01943117 0.08817356 -0.00179583
v 0.01953464 0.09142208 -0.00459152
v 0.01972025 0.09498139 -0.00792468
v 0.01997727 0.09878530 -0.01183366
v 0.02029454 0.10276800 -0.01635646
v 0.02065879 0.10691401 -0.02145016
v 0.02104967 0.11132000 -0.02689349
v 0.02144616 0.11609391 -0.03244179
v 0.02182745 0.12134900 -0.03784990
v 0.02217340 0.12718990 -0.04287558
v 0.02246659 0.13370700 -0.04728180
v 0.02269017 0.14098500 -0.05083328
v 0.02282768 0.14910792 -0.05329781
v 0.02287936 0.15794000 -0.05464559
v 0.02287244 0.16700098 -0.05516827
v 0.02283656 0.17577991 -0.05518537
v 0.01544636 0.17567502 -0.05769653
v 0.01547050 0.16677491 -0.05768328
v 0.01547479 0.15757999 -0.05715280
v 0.01543915 0.14862400 -0.05577641
v 0.00778645 0.14827901 -0.05727071
v 0.00000991 0.15619090 -0.05907452
v 0.00000978 0.15412800 -0.05882310
v 0.00000966 0.15223090 -0.05854547
v 0.00000954 0.15048300 -0.05824571
v 0.00000944 0.14886890 -0.05792719
v 0.00000935 0.14736500 -0.05758976
v -0.00759751 0.14827289 -0.05729228
v 0.00000926 0.14593999 -0.05723029
v 0.00000917 0.14457101 -0.05684459
v 0.00773835 0.14000390 -0.05470560
v 0.00000909 0.14323999 -0.05642938
v 0.00000900 0.14192989 -0.05598109
v 0.00000892 0.14062999 -0.05549621
v -0.00755149 0.13999800 -0.05472642
v 0.00000884 0.13933700 -0.05497372
v 0.00000876 0.13804999 -0.05441260
v 0.00766081 0.13262700 -0.05101628
v 0.00000867 0.13676791 -0.05381202
v 0.00000859 0.13549000 -0.05317008
v 0.00000851 0.13421200 -0.05248528
v 0.00000843 0.13293400 -0.05175536
v 0.00000835 0.13165300 -0.05097800
v 0.00755960 0.12605600 -0.04644709
v 0.00000827 0.13036691 -0.05015051
v 0.00000819 0.12907399 -0.04926931
v -0.00747657 0.13261998 -0.05103600
v 0.00000810 0.12777200 -0.04833066
v 0.00000802 0.12645599 -0.04733031
v 0.00000794 0.12512299 -0.04626291
v 0.00744045 0.12019100 -0.04124480
v 0.00000785 0.12376990 -0.04512178
v 0.00000776 0.12238999 -0.04389798
v -0.00737834 0.12604800 -0.04646557
v 0.00000767 0.12097600 -0.04258048
v -0.00726253 0.12018289 -0.04126209
v 0.00000758 0.11951500 -0.04115170
v 0.00000749 0.11799500 -0.03959250
v 0.00730938 0.11493500 -0.03565829
v 0.00000739 0.11640790 -0.03788650
v 0.00000728 0.11477600 -0.03605341
v -0.00713497 0.11492801 -0.03567427
v 0.00000718 0.11315200 -0.03415471
v 0.00000708 0.11158290 -0.03225547
v 0.00717342 0.11017999 -0.02994287
v 0.00000699 0.11009500 -0.03040516
v 0.00000690 0.10870091 -0.02863621
v -0.00700259 0.11017199 -0.02995777
v 0.00000682 0.10741290 -0.02697741
v 0.00000674 0.10622300 -0.02543497
v 0.00703978 0.10581600 -0.02435678
v 0.00000667 0.10511100 -0.02399259
v 0.00691563 0.10172901 -0.01915776
v 0.00000661 0.10405800 -0.02263259
v 0.00000654 0.10305100 -0.02134209
v -0.00687236 0.10580799 -0.02437090
v 0.00000648 0.10208301 -0.02011859
v -0.00675148 0.10172200 -0.01917129
v 0.00000642 0.10114800 -0.01895898
v 0.00000637 0.10023500 -0.01785171
v 0.00680786 0.09782969 -0.01457357
v 0.00000631 0.09933418 -0.01678466
v 0.00000625 0.09844280 -0.01575320
v -0.00664657 0.09782357 -0.01458698
v -0.01334857 0.09821879 -0.01361101
v 0.00000598 0.09416628 -0.01111841
v 0.00000593 0.09335566 -0.01029497
v 0.00672114 0.09414076 -0.01063877
v 0.01320898 0.09102815 -0.00631905
v 0.01333326 0.09449517 -0.00965220
v 0.01350617 0.09822768 -0.01358121
v 0.01372045 0.10215690 -0.01814568
v 0.01396656 0.10626600 -0.02330589
v 0.01423126 0.11064489 -0.02883630
v 0.01450008 0.11540802 -0.03448426
v 0.01475876 0.12066301 -0.03999781
v 0.01499366 0.12651999 -0.04512619
v 0.01519298 0.13306992 -0.04962629
v 0.01534527 0.14040790 -0.05325598
v 0.00000620 0.09756129 -0.01475620
v 0.00000614 0.09669137 -0.01379406
v 0.00000609 0.09583491 -0.01286727
v 0.00000603 0.09499299 -0.01197558
v -0.01380306 0.10625599 -0.02333748
v -0.01406425 0.11063500 -0.02886950
v -0.02050155 0.10689999 -0.02150046
v -0.02088916 0.11130489 -0.02694600
v -0.02684617 0.10770901 -0.01885139
v -0.02735346 0.11214901 -0.02418190
v -0.03273135 0.10869201 -0.01547658
v -0.03334969 0.11317500 -0.02066427
v -0.03805637 0.10984701 -0.01145559
v -0.03877508 0.11438300 -0.01647436
v -0.04272454 0.11116101 -0.00685495
v -0.04353135 0.11575801 -0.01168131
v -0.04666215 0.11261000 -0.00176030
v -0.03950369 0.11922290 -0.02155619
v -0.03397649 0.11798900 -0.02593070
v -0.02786779 0.11694001 -0.02960479
v -0.02128237 0.11607902 -0.03249669
v -0.01432955 0.11539700 -0.03451937
v -0.03457868 0.12324201 -0.03105109
v -0.02836197 0.12219501 -0.03488457
v -0.02166038 0.12133401 -0.03790742
v -0.01458477 0.12065201 -0.04003477
v -0.01481658 0.12650900 -0.04516518
v -0.01501286 0.13305990 -0.04966711
v -0.01516258 0.14039890 -0.05329841
v -0.02229344 0.13369390 -0.04734390
v -0.02881008 0.12801699 -0.03978699
v -0.02200305 0.12717600 -0.04293549
v -0.05036306 0.10619600 0.01730978
v -0.04815798 0.10482801 0.01184743
v -0.04512226 0.10353201 0.00667846
v -0.04131467 0.10232900 0.00188905
v -0.03680068 0.10123690 -0.00243586
v -0.03165155 0.10027401 -0.00621617
v -0.02596080 0.09945498 -0.00938928
v -0.01982575 0.09877480 -0.01188111
v -0.04892408 0.10951300 0.00795251
v -0.04584008 0.10806300 0.00264555
v -0.04197180 0.10671901 -0.00227153
v -0.03738588 0.10549800 -0.00671166
v -0.03215479 0.10442390 -0.01059240
v -0.02637314 0.10351101 -0.01384919
v -0.02014046 0.10275500 -0.01640510
v -0.01355999 0.10214791 -0.01817619
v 0.00000541 0.08511140 -0.00277925
v -0.01525825 0.17567502 -0.05774068
v -0.01523369 0.18374400 -0.05756497
v -0.02265560 0.17577991 -0.05525100
v -0.02261948 0.18376601 -0.05508221
v -0.02966225 0.17589702 -0.05180960
v -0.02961528 0.18378501 -0.05165028
v -0.03616249 0.17603301 -0.04748290
v -0.03610539 0.18380404 -0.04733539
v -0.04204386 0.17619100 -0.04234589
v -0.04197758 0.18382400 -0.04221242
v -0.04720008 0.17636792 -0.03647959
v -0.04712569 0.18384701 -0.03636199
v -0.05154949 0.17656198 -0.02998977
v -0.05146825 0.18386902 -0.02988982
v -0.05501717 0.17677100 -0.02298879
v -0.05493056 0.18389502 -0.02290767
v -0.05753589 0.17699298 -0.01559221
v -0.05744546 0.18392192 -0.01553118
v -0.05897826 0.18394892 -0.00788891
v -0.05950260 0.18397593 -0.00011295
v 0.05753785 -0.01524186 0.01710730
v 0.05902456 -0.00718081 0.02299875
v 0.05940794 0.00126743 0.02730679
v 0.05875229 0.01001858 0.03015667
v 0.05890768 0.00923127 0.02494227
v 0.05724865 0.01786345 0.02702826
v 0.05954986 0.00073019 0.02142840
v 0.05710619 0.01898056 0.03150099
v 0.05444705 0.02807646 0.03116226
v 0.05076646 0.03714376 0.02918106
v 0.04611927 0.04593068 0.02582424
v 0.04065078 0.05396658 0.02163547
v 0.03453719 0.06085067 0.01718515
v 0.02796250 0.06639188 0.01293545
v 0.02109539 0.07054626 0.00925308
v 0.01407295 0.07341986 0.00639474
v 0.00700521 0.07533908 0.00443256
v 0.00000486 0.07635909 0.00351086
v 0.05463057 0.02651357 0.02769297
v 0.05104106 0.03508740 0.02684497
v 0.04651099 0.04342776 0.02459233
v 0.04111266 0.05130177 0.02125006
v 0.03500038 0.05831038 0.01735317
v 0.02837115 0.06415289 0.01342105
v 0.02141040 0.06869472 0.00987625
v 0.01427656 0.07195329 0.00703901
v 0.00710142 0.07411855 0.00507635
v 0.00000476 0.07492428 0.00433129
v -0.05900067 0.18400401 0.00766444
v -0.05959631 0.17745300 -0.00013203
v -0.05909359 0.17768501 0.00766653
v -0.05918837 0.17148101 0.00782126
v -0.05758028 0.17791191 0.01533395
v -0.05767267 0.17201999 0.01550573
v -0.05516665 0.17289791 0.02290725
v -0.05519306 0.16760801 0.02331185
v -0.05171477 0.17330399 0.02993685
v -0.05173820 0.16831400 0.03034234
v -0.04739946 0.16919900 0.03683763
v -0.04731440 0.16458198 0.03747886
v -0.04224950 0.16975999 0.04273915
v -0.04216998 0.16537490 0.04335445
v -0.03637009 0.17011900 0.04792696
v -0.03629386 0.16589500 0.04853105
v -0.02981925 0.16707399 0.05277544
v -0.02966630 0.16284400 0.05350238
v -0.02280938 0.16706102 0.05630773
v -0.02267509 0.16276000 0.05703234
v -0.01533865 0.16356900 0.05943626
v -0.01519578 0.15895200 0.06025207
v -0.00765884 0.15953501 0.06166714
v -0.00756532 0.15465799 0.06257438
v 0.00000998 0.15658399 0.06271016
v 0.00000980 0.15383101 0.06323605
v 0.00741929 0.15466602 0.06259453
v 0.00000959 0.15047801 0.06392264
v 0.00730944 0.14959800 0.06364583
v 0.00000934 0.14658400 0.06479483
v 0.00718701 0.14448401 0.06485027
v 0.00000911 0.14290801 0.06570166
v 0.00000891 0.13984500 0.06651937
v -0.00719804 0.13928600 0.06621618
v 0.00000875 0.13718100 0.06727433
v -0.00706714 0.13389300 0.06781549
v 0.00000844 0.13242200 0.06871676
v -0.00694305 0.12816501 0.06966626
v 0.00000816 0.12802701 0.07014155
v -0.00683236 0.12197500 0.07180429
v 0.00000789 0.12376200 0.07159513
v -0.01354110 0.12099400 0.07091903
v -0.01997929 0.11942901 0.06946223
v -0.02589654 0.11484401 0.06843757
v -0.03139799 0.11173300 0.06622093
v -0.03618037 0.10550602 0.06473433
v -0.04033815 0.09846489 0.06315685
v -0.05748975 0.18402992 0.01531106
v -0.05499488 0.18419001 0.02269476
v -0.05155307 0.18418501 0.02968645
v -0.04722869 0.18425201 0.03617066
v -0.04209786 0.18423700 0.04203587
v -0.03624117 0.18417500 0.04717624
v -0.02976280 0.18432301 0.05150812
v -0.02980744 0.17926702 0.05162079
v -0.02277779 0.18417801 0.05496186
v -0.02281367 0.17910799 0.05509185
v -0.01542288 0.17928901 0.05759775
v -0.01544779 0.17515300 0.05785512
v -0.00778073 0.17534301 0.05937647
v -0.00778461 0.17171101 0.05975688
v 0.00001111 0.17440701 0.05997884
v 0.00001099 0.17250800 0.06018167
v 0.00763261 0.17534602 0.05939865
v 0.00763595 0.17171398 0.05977904
v 0.01530396 0.17515601 0.05789923
v 0.01531016 0.17143302 0.05828696
v 0.02271366 0.17484599 0.05541592
v 0.02272158 0.17097101 0.05581635
v 0.02974379 0.17100498 0.05231863
v 0.02969199 0.16709100 0.05285978
v 0.03625518 0.17013600 0.04803043
v 0.03617906 0.16592000 0.04863303
v 0.04207009 0.16540399 0.04347264
v 0.04184329 0.16078100 0.04435032
v 0.04698449 0.15982799 0.03855615
v 0.04656445 0.15479600 0.03981703
v 0.05129480 0.15835001 0.03224253
v 0.05082398 0.15311702 0.03367418
v 0.05426269 0.15179692 0.02690207
v 0.05360269 0.14642100 0.02883446
v 0.05663996 0.14926299 0.02014464
v 0.05590510 0.14366899 0.02240675
v 0.05815058 0.14758600 0.01282918
v 0.05281406 0.14112200 0.03106623
v 0.04944987 0.14253800 0.03745162
v 0.04457777 0.13931000 0.04512423
v 0.03966885 0.14040500 0.05030345
v 0.03403896 0.14091900 0.05496835
v 0.02754420 0.13804400 0.05992317
v 0.02092367 0.13723700 0.06328238
v 0.01387280 0.13306500 0.06679786
v 0.00680739 0.12817600 0.06968146
v 0.05019718 0.14781299 0.03542786
v 0.04532885 0.14443091 0.04313868
v 0.04034507 0.14554399 0.04850172
v 0.03463435 0.14611900 0.05330145
v 0.02803999 0.14315100 0.05830925
v 0.02131557 0.14253901 0.06168866
v 0.01413190 0.13850801 0.06511777
v 0.00692952 0.13390301 0.06783163
v 0.00705820 0.13929500 0.06623333
v 0.01439249 0.14374100 0.06365537
v 0.01464086 0.14889599 0.06237685
v 0.01486456 0.15401800 0.06125795
v 0.01505279 0.15896602 0.06029307
v 0.00751144 0.15954199 0.06168806
v 0.01519465 0.16358098 0.05947858
v 0.00758052 0.16406700 0.06092047
v 0.01527976 0.16770700 0.05881142
v 0.00762153 0.16808902 0.06028556
v 0.02267205 0.16707702 0.05637174
v 0.02953958 0.16286600 0.05358487
v 0.03597044 0.16138501 0.04946643
v 0.04146146 0.15584992 0.04549866
v 0.04600185 0.14962600 0.04135715
v 0.04095238 0.15072900 0.04689158
v 0.03517240 0.15134500 0.05181825
v 0.02850896 0.14823200 0.05687016
v 0.02169150 0.14775901 0.06028634
v 0.02203190 0.15296200 0.05905377
v 0.02231985 0.15802398 0.05798936
v 0.02253866 0.16278102 0.05709475
v 0.02927887 0.15822501 0.05450016
v 0.03562647 0.15648100 0.05053395
v 0.02892875 0.15330002 0.05559808
v 0.00001025 0.16091898 0.06193995
v -0.00772887 0.16406101 0.06089895
v -0.01542419 0.16769700 0.05876815
v -0.02285867 0.17095900 0.05575144
v -0.02987098 0.17099401 0.05223333
v -0.03635597 0.17434700 0.04752266
v -0.04222977 0.17417499 0.04234522
v -0.04737579 0.17385900 0.03644633
v -0.05163198 0.17853202 0.02974474
v -0.05507838 0.17838199 0.02273374
v -0.04730010 0.17879800 0.03624427
v -0.04216217 0.17890601 0.04212623
v -0.03629767 0.17891900 0.04728394
v -0.02985537 0.17494100 0.05185544
v -0.02285045 0.17483900 0.05535054
v -0.01545459 0.17142698 0.05824315
v -0.00777036 0.16808401 0.06026363
v 0.00001086 0.17044702 0.06044447
v 0.00001065 0.16720200 0.06092196
v 0.00001047 0.16434102 0.06137353
v -0.01539897 0.18425201 0.05746477
v -0.00776803 0.17939901 0.05911992
v 0.00001130 0.17736100 0.05974424
v -0.00775599 0.18429701 0.05898523
v 0.00001195 0.18765700 0.05947405
v 0.00001178 0.18501101 0.05948883
v 0.00760955 0.18429801 0.05900746
v 0.00001162 0.18245800 0.05953156
v 0.00001146 0.17994100 0.05961096
v 0.01525676 0.18425101 0.05750882
v 0.02264279 0.18417801 0.05502724
v 0.02963769 0.18432102 0.05159378
v 0.02968156 0.17926900 0.05170643
v 0.03612846 0.18417500 0.04728037
v 0.03618419 0.17892300 0.04738825
v 0.04206335 0.17890999 0.04224747
v 0.04213017 0.17418702 0.04246628
v 0.04729318 0.17387500 0.03658223
v 0.04731636 0.16922501 0.03697234
v 0.05165046 0.17332701 0.03008496
v 0.05167360 0.16834798 0.03048884
v 0.05514878 0.16765900 0.02346646
v 0.05504775 0.16244601 0.02419245
v 0.05766928 0.16628602 0.01611584
v 0.05754184 0.16061601 0.01695394
v 0.05920726 0.16538902 0.00844365
v 0.05907648 0.15937600 0.00933587
v 0.05973346 0.16447501 0.00063744
v 0.05960136 0.15811500 0.00158465
v 0.05922979 0.16356100 -0.00717020
v 0.05909889 0.15685301 -0.00616783
v 0.05771344 0.16266201 -0.01484668
v 0.05924665 0.15190201 0.00317109
v 0.05872488 0.15343200 0.01080065
v 0.05719947 0.15493600 0.01829904
v 0.05475628 0.15716401 0.02533406
v 0.05157506 0.16341600 0.03118318
v 0.04723149 0.16461900 0.03761106
v 0.04214936 0.16978100 0.04285937
v 0.03624159 0.17435691 0.04762685
v 0.02972859 0.17494699 0.05194115
v 0.02267777 0.17911200 0.05515736
v 0.01527976 0.17929001 0.05764198
v 0.00762069 0.17940100 0.05914217
v 0.04199999 0.18423599 0.04215693
v 0.04721820 0.17880490 0.03638035
v 0.04714769 0.18425098 0.03630667
v 0.05149060 0.18418692 0.02983486
v 0.05495256 0.18419501 0.02285307
v 0.05156856 0.17854302 0.02989327
v 0.05503500 0.17839999 0.02289205
v 0.05746890 0.18402299 0.01547676
v 0.05900168 0.18399702 0.00783437
v 0.05512249 0.17293300 0.02306473
v 0.05755847 0.17790899 0.01549994
v 0.05764997 0.17202400 0.01567214
v 0.05909365 0.17768201 0.00783688
v 0.05952596 0.18396901 0.00005841
v 0.05902409 0.18394101 -0.00771898
v 0.05918765 0.17148501 0.00799197
v 0.05961889 0.17745002 0.00003980
v 0.05971366 0.17093600 0.00017764
v 0.05911618 0.17721702 -0.00775874
v 0.05751318 0.18391502 -0.01536560
v 0.05501955 0.18388902 -0.02274942
v 0.05921006 0.17038600 -0.00763816
v 0.05760276 0.17699002 -0.01542621
v 0.05769437 0.16984698 -0.01532262
v 0.05510527 0.17676900 -0.02283012
v 0.05157745 0.18386391 -0.02974140
v 0.05519288 0.16932400 -0.02274280
v 0.05165785 0.17656000 -0.02984112
v 0.04725348 0.18384100 -0.03622597
v -0.04429274 0.10364400 0.05587537
v -0.04727840 0.10316099 0.05059766
v -0.04475378 0.11001800 0.05295664
v -0.04777939 0.10925601 0.04765003
v -0.04536294 0.11603300 0.05010103
v -0.04843574 0.11504101 0.04471355
v -0.04609715 0.12168400 0.04731386
v -0.04922235 0.12050901 0.04179108
v -0.04692310 0.12702800 0.04461276
v -0.05010360 0.12571900 0.03890788
v -0.04779624 0.13218801 0.04202908
v -0.05103230 0.13078800 0.03611076
v -0.04867208 0.13728900 0.03959448
v -0.05196148 0.13584100 0.03344744
v -0.04950566 0.14245300 0.03734105
v -0.05284416 0.14099801 0.03096586
v -0.05025547 0.14773400 0.03530752
v -0.05363649 0.14630599 0.02871996
v -0.05088466 0.15304701 0.03354483
v -0.05429995 0.15169302 0.02677422
v -0.05135744 0.15829100 0.03210556
v -0.05479699 0.15707600 0.02519446
v -0.05163919 0.16336998 0.03104025
v -0.05509108 0.16237600 0.02404367
v -0.04706628 0.15978199 0.03842824
v -0.04194235 0.16074291 0.04423552
v -0.03608459 0.16135401 0.04936724
v -0.02940458 0.15819900 0.05442023
v -0.02245509 0.15799899 0.05792927
v -0.01500594 0.15400100 0.06121873
v -0.00745356 0.14959002 0.06362665
v -0.00732905 0.14447500 0.06483198
v -0.04664468 0.15474001 0.03969496
v -0.04155910 0.15580399 0.04538875
v -0.03573930 0.15644398 0.05043846
v -0.02905297 0.15326999 0.05552142
v -0.02216565 0.15293400 0.05899643
v -0.01478028 0.14887799 0.06233966
v -0.04608029 0.14956400 0.04124206
v -0.04104816 0.15067701 0.04678725
v -0.03528356 0.15130299 0.05172723
v -0.02863156 0.14819901 0.05679726
v -0.02182328 0.14772801 0.06023227
v -0.01452976 0.14372100 0.06362026
v -0.04540514 0.14436390 0.04303115
v -0.04043877 0.14548700 0.04840385
v -0.03474354 0.14607400 0.05321568
v -0.02816045 0.14311700 0.05824047
v -0.02144509 0.14250602 0.06163805
v -0.01426708 0.13848700 0.06508505
v -0.04465174 0.13923900 0.04502486
v -0.03976058 0.14034499 0.05021244
v -0.03414595 0.14087100 0.05488806
v -0.02766257 0.13800700 0.05985867
v -0.02105098 0.13720199 0.06323558
v -0.01400566 0.13304301 0.06676757
v -0.04385745 0.13415600 0.04719835
v -0.03904730 0.13520800 0.05220162
v -0.03352189 0.13563100 0.05674725
v -0.02716284 0.13274501 0.06167024
v -0.02066159 0.13167800 0.06505334
v -0.01375925 0.12725399 0.06870156
v -0.02029770 0.12579702 0.06712044
v -0.02625745 0.12126500 0.06594794
v -0.03181469 0.11836301 0.06353789
v -0.03656017 0.11226100 0.06190174
v -0.04062294 0.10535000 0.06021058
v -0.04105949 0.11183701 0.05736708
v -0.04162728 0.11792801 0.05463385
v -0.04230517 0.12362400 0.05201905
v -0.04306185 0.12899300 0.04953527
v -0.03833526 0.12995100 0.05436855
v -0.03290367 0.13022099 0.05880248
v -0.02668625 0.12720700 0.06369388
v -0.03232407 0.12450801 0.06106323
v -0.03706008 0.11857200 0.05922347
v -0.03766095 0.12444801 0.05671018
v -0.04975199 0.10610400 0.04324716
v -0.05172717 0.11049400 0.03449046
v -0.05299687 0.11423801 0.02528536
v -0.05347186 0.11752401 0.01556956
v -0.05306535 0.12063101 0.00540703
v -0.05169498 0.12384000 -0.00503558
v -0.04929405 0.12742300 -0.01549839
v -0.04584658 0.13161200 -0.02564400
v -0.04137486 0.13659202 -0.03506737
v -0.03593838 0.14255600 -0.04331940
v -0.02965515 0.14969189 -0.04995000
v -0.02270036 0.15793400 -0.05471122
v -0.01528316 0.16677299 -0.05772757
v -0.02269238 0.16699800 -0.05523401
v -0.02971029 0.16726390 -0.05178582
v -0.03622084 0.16757998 -0.04744982
v -0.04211157 0.16794901 -0.04230177
v -0.04727596 0.16836700 -0.03642249
v -0.05163228 0.16882502 -0.02991837
v -0.05510544 0.16932100 -0.02290201
v -0.05762827 0.16984300 -0.01548898
v -0.05916595 0.17038199 -0.00780892
v -0.05907106 0.17722000 -0.00792909
v -0.05969184 0.17093191 0.00000543
v -0.02972078 0.15836900 -0.05126911
v -0.03623348 0.15889101 -0.04693877
v -0.04212635 0.15950201 -0.04179680
v -0.04729248 0.16019601 -0.03592407
v -0.05165028 0.16095901 -0.02942699
v -0.05512458 0.16178200 -0.02241802
v -0.05764836 0.16265102 -0.01501291
v -0.05918639 0.16354902 -0.00734079
v -0.05971246 0.16446301 0.00046541
v -0.05920886 0.16537699 0.00827312
v -0.05769258 0.16627499 0.01594954
v -0.05756586 0.16059700 0.01678884
v -0.05722379 0.15491191 0.01813656
v -0.05666471 0.14923500 0.01998615
v -0.05593007 0.14363900 0.02225327
v -0.05506205 0.13819499 0.02485215
v -0.05410426 0.13295500 0.02769935
v -0.05310708 0.12783399 0.03072196
v -0.05212296 0.12270202 0.03385055
v -0.05120456 0.11743300 0.03701615
v -0.05040270 0.11191000 0.04015487
v -0.05255007 0.11584999 0.03120046
v -0.05394745 0.11926000 0.02169656
v -0.05448156 0.12241600 0.01167893
v -0.05406194 0.12560000 0.00128126
v -0.05261039 0.12908800 -0.00926721
v -0.05007147 0.13312100 -0.01964700
v -0.04644918 0.13788299 -0.02947139
v -0.04178357 0.14357600 -0.03829747
v -0.03615385 0.15040900 -0.04565256
v -0.04203366 0.15125100 -0.04054820
v -0.04718846 0.15220699 -0.03471791
v -0.05153679 0.15325990 -0.02826708
v -0.05500358 0.15439500 -0.02130782
v -0.05752171 0.15559402 -0.01395499
v -0.05905640 0.15683290 -0.00633722
v -0.05958127 0.15809502 0.00141388
v -0.05907875 0.15935700 0.00916654
v -0.05872768 0.15340699 0.01063382
v -0.05815386 0.14755601 0.01266646
v -0.05739986 0.14185999 0.01516413
v -0.05650895 0.13637500 0.01802504
v -0.05552607 0.13113301 0.02114915
v -0.05450254 0.12604800 0.02444505
v -0.05349254 0.12099601 0.02782493
v -0.05496609 0.12423201 0.01806128
v -0.05550467 0.12742400 0.00782663
v -0.05501919 0.13084701 -0.00268292
v -0.05343985 0.13474701 -0.01317620
v -0.05072945 0.13930802 -0.02327829
v -0.04690790 0.14473400 -0.03255999
v -0.05123037 0.14601199 -0.02621108
v -0.05467659 0.14738701 -0.01936161
v -0.05717974 0.14884202 -0.01212459
v -0.05870538 0.15034692 -0.00462645
v -0.05922728 0.15187600 0.00300294
v -0.05864858 0.14584900 0.00522178
v -0.05788810 0.14005201 0.00795394
v -0.05698956 0.13452201 0.01108133
v -0.05599826 0.12927800 0.01448702
v -0.05648739 0.13266902 0.00413924
v -0.05588668 0.13646500 -0.00633883
v -0.05414217 0.14084201 -0.01659649
v -0.05662089 0.14246400 -0.00953627
v -0.05813169 0.14414300 -0.00222135
v -0.05737787 0.13824300 0.00074541
v 0.00000534 0.08400630 -0.00187886
v 0.00000549 0.08633458 -0.00380218
v 0.00000588 0.09256237 -0.00950485
v 0.00000583 0.09178727 -0.00874787
v 0.00000431 0.06777227 0.00747856
v 0.00000423 0.06647940 0.00795771
v 0.00766027 0.06535959 0.00853228
v 0.00000414 0.06514709 0.00841590
v 0.00000407 0.06390959 0.00879475
v 0.00772069 0.06339705 0.00903787
v 0.00000399 0.06273961 0.00911172
v 0.00000392 0.06156089 0.00938805
v 0.00777136 0.06109408 0.00948939
v 0.01540998 0.05965265 0.00983575
v 0.02278310 0.05715632 0.01045081
v 0.02982050 0.05234128 0.01034307
v 0.03630739 0.04798364 0.01077675
v 0.04217278 0.04280787 0.01129478
v 0.03627949 0.04882389 0.01188176
v 0.04213958 0.04360240 0.01291799
v 0.03619384 0.04967486 0.01293355
v 0.04203974 0.04441888 0.01449418
v 0.03609806 0.05054247 0.01399683
v 0.04727309 0.03763967 0.01410186
v 0.04731094 0.03689718 0.01188695
v 0.05164086 0.03035969 0.01254135
v 0.02957636 0.05589020 0.01284205
v 0.02256566 0.06038534 0.01125574
v 0.01518648 0.06395709 0.00956935
v 0.01528895 0.06236752 0.00976577
v 0.00759977 0.06663269 0.00812262
v 0.02266802 0.05894192 0.01094806
v 0.02964985 0.05497789 0.01222956
v 0.01535147 0.06101155 0.00982135
v 0.02979856 0.05322009 0.01101148
v 0.02972859 0.05410057 0.01162147
v 0.00000387 0.06079965 0.00952542
v 0.00000565 0.08888709 -0.00603878
v 0.00000509 0.08006131 0.00107557
v -0.00883460 0.05136346 0.09838044
v -0.01522898 0.04977097 0.09751058
v -0.00779390 0.05144276 0.09823760
v -0.00783837 0.04225289 0.10199200
v 0.00000319 0.04961431 0.09968507
v 0.00000308 0.04793429 0.10033201
v 0.00776904 0.05145910 0.09827084
v 0.00779730 0.04223161 0.10200601
v 0.00910437 0.05131667 0.09836018
v 0.01512700 0.04976893 0.09745305
v -0.01703709 0.04928421 0.09745168
v -0.02262606 0.04692841 0.09624474
v -0.01554799 0.04083007 0.10107000
v -0.00792295 0.03286796 0.10526901
v 0.00000260 0.04032158 0.10318600
v 0.00000219 0.03382426 0.10544900
v 0.00788015 0.03284788 0.10528091
v 0.01550829 0.04080390 0.10109001
v 0.01567137 0.03176456 0.10416100
v 0.02296108 0.03781557 0.09977156
v 0.02321469 0.02871328 0.10263800
v 0.03002357 0.03404390 0.09771830
v 0.03036677 0.02510941 0.10017291
v 0.03658199 0.02965027 0.09478546
v 0.03700447 0.02116310 0.09660369
v 0.04174697 0.03156132 0.08929230
v 0.04262709 0.02313119 0.09101338
v 0.04373267 0.02870603 0.08799896
v 0.04590949 0.02498297 0.08631165
v 0.04101777 0.03279078 0.08999907
v 0.03791129 0.03628867 0.09158790
v 0.03613996 0.03780686 0.09212495
v 0.03443986 0.03950756 0.09304739
v 0.02972620 0.04288620 0.09441090
v 0.02624292 0.04499895 0.09531152
v 0.02257411 0.04695590 0.09626235
v 0.01754575 0.04910898 0.09737426
v -0.02561914 0.04552191 0.09576297
v -0.02978886 0.04288853 0.09445749
v -0.02299857 0.03784269 0.09974627
v -0.01571249 0.03178948 0.10414200
v -0.00801372 0.02322220 0.10807900
v 0.00000184 0.02829229 0.10718701
v 0.00000138 0.02108931 0.10911890
v 0.00796914 0.02320337 0.10808900
v 0.00000098 0.01474529 0.11045600
v 0.00806421 0.01324087 0.11018401
v 0.00000061 0.00890994 0.11134300
v 0.00000025 0.00336051 0.11186100
v -0.00821352 0.00291932 0.11131200
v -0.00000043 -0.00735348 0.11191500
v -0.00832099 -0.00772482 0.11127100
v -0.00000105 -0.01718866 0.11079599
v -0.00842834 -0.01827603 0.10991300
v -0.00000159 -0.02565747 0.10875901
v -0.00853044 -0.02828395 0.10711099
v -0.00000204 -0.03270584 0.10606501
v -0.00862205 -0.03729808 0.10273600
v -0.00000241 -0.03846436 0.10291401
v -0.00869799 -0.04486787 0.09666437
v -0.00000271 -0.04313635 0.09941411
v -0.00000295 -0.04690784 0.09560847
v 0.00864059 -0.04487508 0.09667176
v -0.00000315 -0.05002707 0.09132170
v 0.00869507 -0.05058026 0.08879946
v -0.00000333 -0.05286687 0.08588790
v 0.00873113 -0.05445057 0.07939308
v -0.00000350 -0.05543744 0.07870830
v 0.00875527 -0.05686217 0.06900501
v -0.00000364 -0.05762737 0.06879049
v -0.00000370 -0.05853635 0.06201016
v -0.00883412 -0.05819165 0.05817836
v -0.00000374 -0.05920904 0.05394518
v -0.00880653 -0.05867531 0.04744033
v -0.00000375 -0.05936056 0.05128520
v -0.00000376 -0.05950031 0.04819620
v 0.00877422 -0.05819988 0.05819439
v 0.00880160 -0.05867526 0.04744093
v -0.00000375 -0.05927211 0.04710697
v 0.01741349 -0.05604499 0.05880171
v 0.01737636 -0.05464965 0.06912016
v 0.02564829 -0.05238538 0.06044935
v 0.02558904 -0.05069637 0.07059019
v 0.03329014 -0.04727299 0.06236076
v 0.03320419 -0.04521447 0.07190890
v 0.04016208 -0.04068433 0.06443560
v 0.04004096 -0.03819727 0.07290239
v 0.04606967 -0.03230124 0.06707781
v 0.04587846 -0.02898317 0.07439690
v 0.05096540 -0.02404391 0.06368548
v 0.05077446 -0.02103286 0.07051175
v 0.05307239 -0.01696014 0.06706380
v 0.05346548 -0.01447975 0.06821727
v 0.05350989 -0.01183676 0.06936493
v 0.05042618 -0.01612955 0.07600998
v 0.04559379 -0.02421593 0.08050267
v 0.04520934 -0.01799589 0.08521127
v 0.03959465 -0.02908855 0.08660756
v 0.03924715 -0.02229589 0.09132909
v 0.03261906 -0.03029865 0.09393257
v 0.03228950 -0.02223187 0.09819340
v 0.02496176 -0.02943146 0.10034300
v 0.02468627 -0.02041035 0.10388000
v 0.01683056 -0.02694445 0.10534201
v 0.01663708 -0.01738238 0.10807600
v 0.00847620 -0.02829408 0.10711700
v 0.00837600 -0.01828825 0.10991900
v 0.00856608 -0.03730636 0.10274300
v 0.01700437 -0.03556907 0.10114301
v 0.02519840 -0.03725516 0.09525178
v 0.03288710 -0.03696775 0.08810888
v 0.03986006 -0.03442347 0.08043050
v 0.03307795 -0.04189544 0.08065898
v 0.02550655 -0.04784154 0.08011078
v 0.01732796 -0.05221617 0.07898950
v 0.01725625 -0.04839527 0.08790296
v 0.01714909 -0.04284805 0.09536236
v 0.02538168 -0.04345917 0.08848725
v 0.05364153 -0.00932872 0.07052913
v 0.05387586 -0.00632107 0.07200717
v 0.05352836 -0.00350207 0.07323238
v 0.05220233 -0.01976117 0.06567150
v 0.05194556 -0.02169734 0.06485706
v 0.05026346 -0.02653557 0.06259918
v 0.04608198 -0.03438630 0.05887469
v 0.04846447 -0.03047466 0.06075865
v 0.04027518 -0.04190383 0.05532615
v 0.04454755 -0.03694254 0.05773109
v 0.04248875 -0.03964698 0.05646389
v 0.03347188 -0.04835146 0.05237787
v 0.03593820 -0.04635936 0.05331391
v 0.02569687 -0.05328339 0.05005926
v 0.02810627 -0.05194848 0.05068719
v 0.01746159 -0.05675089 0.04842770
v 0.01923638 -0.05613505 0.04871737
v -0.01751619 -0.05673307 0.04843497
v -0.03329271 0.04023258 0.09318400
v -0.03620931 0.03774190 0.09209368
v -0.03005975 0.03403127 0.09770095
v -0.02325367 0.02873957 0.10261400
v -0.01588875 0.02249628 0.10673501
v -0.00811064 0.01325839 0.11017500
v -0.03700858 0.03718686 0.09199315
v -0.04011958 0.03387458 0.09048938
v -0.03661430 0.02965289 0.09475828
v -0.03040456 0.02509909 0.10015400
v -0.02352654 0.01935499 0.10488900
v -0.01607650 0.01289749 0.10862599
v -0.04188672 0.03143673 0.08926358
v -0.03703838 0.02116680 0.09657478
v -0.03077197 0.01586216 0.10190200
v -0.02381670 0.00963259 0.10634001
v -0.01627540 0.00294173 0.10959201
v -0.04288685 0.03030461 0.08886540
v -0.04530757 0.02648991 0.08712679
v -0.04265576 0.02313786 0.09097939
v -0.03748768 0.01236659 0.09761749
v -0.03116118 0.00626940 0.10272799
v -0.02412259 -0.00044446 0.10674889
v -0.01648199 -0.00727183 0.10944500
v -0.04714035 0.02297520 0.08552170
v -0.04764097 0.02188980 0.08502532
v -0.04317939 0.01473188 0.09185039
v -0.04824107 0.01359307 0.08534891
v -0.04372328 0.00609833 0.09180997
v -0.04886168 0.00531000 0.08468079
v -0.04426419 -0.00244450 0.09075571
v -0.04945814 -0.00264430 0.08294975
v -0.04477787 -0.01055449 0.08859007
v -0.05000108 -0.00992036 0.08005590
v -0.04523974 -0.01788896 0.08521556
v -0.05046057 -0.01616835 0.07589936
v -0.04562526 -0.02410578 0.08053457
v -0.05080760 -0.02104449 0.07038509
v -0.04591149 -0.02887994 0.07446391
v -0.05091316 -0.02430152 0.06357506
v -0.05209517 -0.02117574 0.06509709
v -0.05281877 -0.01823598 0.06646668
v -0.05302638 -0.01563212 0.06758541
v -0.05367207 -0.01263678 0.06907045
v -0.05361000 -0.00969627 0.07034781
v -0.05366519 -0.00716034 0.07153227
v -0.05380755 -0.00445431 0.07287055
v -0.05359357 -0.00151604 0.07423388
v -0.05323815 0.00158221 0.07567018
v -0.05256011 0.00455067 0.07695611
v -0.05175623 0.00832854 0.07867318
v -0.05088427 0.01210048 0.08043334
v -0.04978376 0.01576843 0.08211553
v -0.04868507 0.01940721 0.08388805
v -0.03795706 0.00329375 0.09771745
v -0.03156387 -0.00353920 0.10245900
v -0.02443349 -0.01059275 0.10596201
v -0.01668769 -0.01736497 0.10806300
v -0.03842759 -0.00574279 0.09676350
v -0.03196167 -0.01317298 0.10097499
v -0.02473485 -0.02038967 0.10386001
v -0.01688295 -0.02692884 0.10533000
v -0.03887867 -0.01438647 0.09465408
v -0.03233557 -0.02222406 0.09815937
v -0.02501195 -0.02941179 0.10032200
v -0.01705837 -0.03555494 0.10112900
v -0.01720458 -0.04283463 0.09534686
v -0.01731258 -0.04838156 0.08788521
v -0.00875354 -0.05057335 0.08879006
v -0.01738518 -0.05220174 0.07896901
v -0.00879031 -0.05444347 0.07938146
v -0.01743388 -0.05463415 0.06909716
v -0.00881493 -0.05685454 0.06899088
v -0.01747125 -0.05602848 0.05877667
v -0.01868540 -0.05633366 0.04862278
v -0.02575439 -0.05325365 0.05007159
v -0.03928899 -0.02228057 0.09128791
v -0.03266650 -0.03028517 0.09389668
v -0.02525007 -0.03723573 0.09522956
v -0.03963744 -0.02906829 0.08656346
v -0.03293538 -0.03694826 0.08807171
v -0.02543455 -0.04343909 0.08846276
v -0.03990358 -0.03439748 0.08038330
v -0.03312706 -0.04187047 0.08062130
v -0.02556020 -0.04782016 0.08008366
v -0.04008489 -0.03816616 0.07285338
v -0.03325366 -0.04518538 0.07187247
v -0.02564316 -0.05067336 0.07056087
v -0.02570265 -0.05236089 0.06041830
v -0.03334009 -0.04724109 0.06232708
v -0.03347039 -0.04835319 0.05237496
v -0.03487397 -0.04690444 0.05293989
v -0.04036542 -0.04173365 0.05538388
v -0.04020637 -0.04064887 0.06438618
v -0.04161679 -0.04069024 0.05597215
v -0.04402977 -0.03765904 0.05739295
v -0.04584138 -0.03451103 0.05876098
v -0.04610395 -0.03220903 0.06718087
v -0.04719746 -0.03281265 0.05966216
v -0.04934638 -0.02865576 0.06160598
v -0.02733659 -0.05239248 0.05047690
v 0.01584595 0.02247250 0.10675300
v 0.01603186 0.01287502 0.10864200
v 0.00816518 0.00290322 0.11131901
v 0.01622867 0.00292057 0.10960700
v 0.00827062 -0.00773913 0.11127700
v 0.01643347 -0.00729120 0.10945900
v 0.02348577 0.01932948 0.10491101
v 0.03073245 0.01586997 0.10192501
v 0.03745211 0.01236200 0.09764850
v 0.04315048 0.01470237 0.09188765
v 0.04767885 0.02180454 0.08498889
v 0.02377396 0.00960809 0.10636201
v 0.03112000 0.00627482 0.10275391
v 0.03791970 0.00328791 0.09775091
v 0.04369419 0.00604492 0.09184587
v 0.04820728 0.01370000 0.08539290
v 0.04882699 0.00540751 0.08474100
v 0.05050176 0.01417249 0.08148735
v 0.05159085 0.01021027 0.07966220
v 0.05241246 0.00652021 0.07795840
v 0.04942309 -0.00256169 0.08302658
v 0.05302989 0.00301778 0.07633805
v 0.04996597 -0.00985748 0.08014959
v 0.05315554 -0.00001463 0.07482459
v 0.04900217 0.01813233 0.08322047
v 0.02407789 -0.00046785 0.10676900
v 0.03152090 -0.00353718 0.10248800
v 0.03838878 -0.00575089 0.09679924
v 0.04423499 -0.00252044 0.09078465
v 0.02438688 -0.01061487 0.10598200
v 0.03191709 -0.01317536 0.10100700
v 0.03883814 -0.01439774 0.09469245
v 0.04474824 -0.01064908 0.08860588
v 0.00000333 0.05173841 0.09886380
v 0.00000334 0.05193746 0.09825026
v -0.01871478 0.04845619 0.09671839
v -0.02624666 0.04489511 0.09513938
v -0.03896820 0.03470659 0.09057927
v -0.04380255 0.02830010 0.08769488
v -0.04590475 0.02462267 0.08603377
v -0.04783837 0.02045518 0.08414561
v -0.05296851 0.00022437 0.07487016
v -0.05331069 -0.00355893 0.07311940
v -0.05329376 -0.01168733 0.06935061
v -0.05193990 -0.01993966 0.06551188
v -0.04942208 -0.02731418 0.06206328
v -0.04768896 -0.03093004 0.06036746
v -0.04308325 -0.03811305 0.05699038
v -0.03764820 -0.04415816 0.05414009
v -0.03141146 -0.04924708 0.05173575
v -0.02417784 -0.05349946 0.04972488
v -0.01645737 -0.05655467 0.04827958
v 0.01640576 -0.05657058 0.04827308
v 0.02410608 -0.05353398 0.04970997
v 0.03133308 -0.04930139 0.05171209
v 0.03751826 -0.04428094 0.05408430
v 0.04299378 -0.03822904 0.05693829
v 0.04765557 -0.03099185 0.06034129
v 0.04940026 -0.02736347 0.06204307
v 0.05278974 -0.01588934 0.06740236
v 0.05343937 -0.00710618 0.07147860
v 0.05241298 0.00413084 0.07667677
v 0.05162550 0.00820464 0.07855206
v 0.05065007 0.01216989 0.08037096
v 0.04954178 0.01585590 0.08205538
v 0.04774069 0.02068978 0.08425480
v 0.03886276 0.03482347 0.09063404
v 0.03301137 0.04031497 0.09309625
v 0.01864290 0.04848337 0.09673147
v -0.00080081 0.19445497 0.05801265
v -0.00290346 0.19445501 0.05790865
v -0.00494897 0.19445498 0.05765596
v -0.00512307 0.20025495 0.05765978
v -0.00755423 0.19445515 0.05733784
v -0.00754940 0.20025530 0.05742182
v -0.01797568 0.20025602 0.05512124
v -0.02749657 0.20025702 0.05104243
v -0.03631849 0.20025600 0.04530868
v 0.00003722 0.20824486 -0.05902509
v -0.01044178 0.20824590 -0.05828881
v -0.02038049 0.20824590 -0.05559569
v -0.02970218 0.20824704 -0.05122119
v -0.03812485 0.20824799 -0.04529762
v -0.04539370 0.20824902 -0.03800421
v -0.05128878 0.20825002 -0.02956151
v -0.05563175 0.20825200 -0.02022522
v -0.05829125 0.20825300 -0.01027739
v -0.05918675 0.20825401 -0.00001930
v -0.05829125 0.20825492 0.01023876
v -0.05563175 0.20825601 0.02018654
v -0.05128866 0.20825601 0.02952283
v -0.04539359 0.20825702 0.03796553
v -0.03812479 0.20825601 0.04525893
v -0.02970206 0.20825700 0.05118256
v -0.02038037 0.20825601 0.05555707
v -0.01044166 0.20825604 0.05825013
v 0.00002278 0.20825496 0.05892932
v -0.00092804 0.20025505 0.05801344
v -0.00096676 0.20825502 0.05817234
v 0.00082554 0.19444497 -0.05804870
v 0.00292820 0.19444500 -0.05794471
v 0.00497367 0.19444497 -0.05769201
v 0.00514855 0.20024493 -0.05769704
v 0.00757894 0.19444481 -0.05737389
v 0.00757486 0.20024468 -0.05745903
v 0.01800119 0.20024399 -0.05515849
v 0.02752208 0.20024291 -0.05107969
v 0.03634388 0.20024402 -0.04534593
v 0.00095350 0.20024493 -0.05805067
v 0.00099323 0.20824492 -0.05821102
v -0.03809678 0.20025600 0.04384773
v -0.03997808 0.20025700 0.04226583
v -0.03997749 0.20825700 0.04226517
v -0.04544275 0.20825601 0.03660982
v -0.04995375 0.20825601 0.03016752
v -0.05339938 0.20025501 0.02309823
v -0.05424237 0.20025501 0.02078944
v -0.05514139 0.20025560 0.01829938
v -0.05339884 0.20825492 0.02309757
v -0.03286045 0.20825601 0.04800724
v -0.03286117 0.20025602 0.04800784
v -0.02493208 0.20825700 0.05256366
v -0.02493256 0.20025702 0.05256432
v -0.01638776 0.20825601 0.05582196
v -0.01638817 0.20025602 0.05582267
v -0.00719599 0.20825502 0.05798589
v -0.00603818 0.20825498 0.05813985
v -0.00334126 0.20825499 0.05808383
v -0.00562627 0.20025498 0.05757279
v -0.00334179 0.20025502 0.05808454
v -0.00663173 0.20825501 0.05830335
v -0.05666947 0.20825492 0.01318311
v -0.05811626 0.20825401 0.00284415
v -0.05769264 0.20825303 -0.00758701
v -0.05541229 0.20825201 -0.01777482
v -0.05134838 0.20825002 -0.02739119
v -0.04563200 0.20825002 -0.03612691
v -0.03844678 0.20824802 -0.04370070
v -0.03002400 0.20824702 -0.04986912
v -0.02063477 0.20824593 -0.05443341
v -0.01058125 0.20824589 -0.05724692
v -0.00022464 0.19444503 -0.05812749
v 0.00001023 0.20059630 -0.05836124
v 0.00876258 0.20024396 -0.05633710
v 0.00876370 0.19444403 -0.05635758
v -0.00187203 0.19444500 -0.05786799
v -0.00350350 0.19444498 -0.05791127
v -0.00878996 0.20024602 -0.05734670
v -0.01400279 0.20024601 -0.05629968
v -0.01909786 0.20024602 -0.05477982
v -0.02403229 0.20024690 -0.05279970
v -0.02876460 0.20024692 -0.05037599
v -0.03370645 0.20024800 -0.04733026
v -0.03786256 0.20024802 -0.04407400
v -0.04170590 0.20024903 -0.04045391
v -0.04520479 0.20025000 -0.03649971
v -0.04833012 0.20024998 -0.03224414
v -0.05105623 0.20025000 -0.02772247
v -0.05336064 0.20025103 -0.02297192
v -0.05522412 0.20025192 -0.01803174
v -0.05663141 0.20025301 -0.01294279
v -0.05757087 0.20025299 -0.00774702
v -0.05801802 0.20025402 -0.00249048
v -0.05801923 0.20025401 0.00279242
v -0.05752439 0.20025499 0.00804916
v -0.05655425 0.20025502 0.01323914
v -0.00350314 0.20024499 -0.05791187
v -0.00189739 0.20024499 -0.05774837
v -0.00042737 0.20024499 -0.05708187
v 0.00075334 0.19444500 -0.05598122
v 0.00075371 0.20024501 -0.05598181
v 0.00178621 0.19444500 -0.05411140
v 0.00174888 0.20024502 -0.05417638
v 0.00328852 0.19444500 -0.05300330
v 0.00321679 0.20024502 -0.05302311
v 0.00525822 0.19444503 -0.05334372
v 0.00515621 0.20024496 -0.05328563
v -0.02977925 0.20024690 -0.05001538
v -0.02515888 0.20024692 -0.05249369
v -0.02033430 0.20024601 -0.05454599
v -0.01534450 0.20024602 -0.05615593
v -0.01023006 0.20024601 -0.05731022
v -0.00503248 0.20024499 -0.05799949
v 0.00661337 0.20024501 -0.05640331
v 0.00548492 0.20024496 -0.05655759
v 0.00528368 0.20024498 -0.05500837
v 0.00422505 0.20024501 -0.05397476
v 0.00288461 0.20024501 -0.05433394
v 0.00246790 0.20024498 -0.05569587
v 0.00344667 0.20024498 -0.05676621
v 0.00336724 0.20024501 -0.05812180
v 0.00463414 0.20024499 -0.05668252
v 0.00570971 0.20024499 -0.05789550
v 0.01641368 0.20024399 -0.05585992
v 0.02495807 0.20024291 -0.05260157
v 0.03288656 0.20024399 -0.04804509
v 0.03812217 0.20024399 -0.04388499
v 0.04000347 0.20024291 -0.04230309
v 0.00663855 0.19444500 -0.05640611
v 0.00550599 0.19444497 -0.05661365
v 0.00529105 0.19444500 -0.05503663
v 0.00429287 0.19444498 -0.05677324
v 0.00288425 0.19444498 -0.05643232
v 0.00248426 0.19444497 -0.05500779
v 0.00347472 0.19444498 -0.05399243
v 0.00463378 0.19444498 -0.05408382
v -0.00658792 0.20025502 0.05636605
v -0.00873713 0.20025605 0.05629985
v -0.00513072 0.20025498 0.05324838
v -0.00543346 0.20025499 0.05629593
v -0.00525823 0.20025499 0.05497112
v -0.00419960 0.20025502 0.05393751
v -0.00319134 0.20025498 0.05298585
v -0.00285916 0.20025502 0.05429668
v -0.00244242 0.20025499 0.05565863
v -0.00172343 0.20025498 0.05413913
v -0.00072825 0.20025502 0.05594457
v -0.00000867 0.20058841 0.05824497
v 0.00045283 0.20025501 0.05704462
v 0.00192284 0.20025501 0.05771112
v 0.00352859 0.20025501 0.05787461
v 0.00505793 0.20025501 0.05796223
v 0.00881541 0.20025399 0.05730944
v 0.01025557 0.20025399 0.05727298
v 0.01402819 0.20025401 0.05626243
v 0.01536989 0.20025401 0.05611866
v 0.01912325 0.20025399 0.05474257
v 0.02035969 0.20025399 0.05450874
v 0.02405768 0.20025299 0.05276244
v 0.02518427 0.20025299 0.05245643
v 0.02878999 0.20025301 0.05033874
v 0.02980464 0.20025301 0.04997813
v 0.03369085 0.20025191 0.04731107
v 0.05516678 0.20024443 -0.01833663
v 0.05342477 0.20024499 -0.02313548
v 0.05426776 0.20024499 -0.02082669
v -0.00342122 0.20025499 0.05672897
v -0.00460869 0.20025501 0.05664527
v -0.00873896 0.19445600 0.05632153
v 0.00024937 0.19445507 0.05809145
v 0.00189677 0.19445498 0.05783193
v 0.00352824 0.19445500 0.05787527
v 0.03792404 0.20025191 0.04401775
v 0.04170007 0.20025098 0.04043584
v 0.04525693 0.20024998 0.03644377
v 0.04833289 0.20024998 0.03222444
v 0.05110057 0.20024998 0.02766934
v 0.05337026 0.20024897 0.02294829
v 0.05526268 0.20024799 0.01798343
v 0.05668143 0.20024702 0.01288768
v 0.05760609 0.20024700 0.00770495
v 0.05804341 0.20024602 0.00245331
v 0.05804464 0.20024599 -0.00282955
v 0.05756531 0.20024496 -0.00807842
v 0.05660027 0.20024498 -0.01326138
v -0.00072862 0.19445501 0.05594515
v -0.00176148 0.19445503 0.05407535
v -0.00326378 0.19445503 0.05296724
v -0.00523352 0.19445501 0.05330767
v 0.04000395 0.20824298 -0.04230380
v 0.04546928 0.20824401 -0.03664851
v 0.04998028 0.20824401 -0.03020620
v 0.05342525 0.20824501 -0.02313619
v -0.00565750 0.19445498 0.05683985
v -0.00661385 0.19445498 0.05637005
v 0.00336778 0.20824490 -0.05812251
v 0.00603621 0.20824489 -0.05815914
v 0.00700349 0.20824490 -0.05818292
v 0.00991869 0.20824401 -0.05838472
v 0.00746506 0.20824490 -0.05774033
v 0.01641428 0.20824401 -0.05586057
v 0.01935595 0.20824401 -0.05597007
v 0.02495855 0.20824298 -0.05260229
v 0.02826958 0.20824298 -0.05204057
v 0.03288698 0.20824400 -0.04804587
v 0.03641808 0.20824401 -0.04670250
v 0.04358088 0.20824298 -0.04010039
v 0.04956400 0.20824400 -0.03241312
v 0.05420547 0.20824501 -0.02384859
v 0.05538177 0.20824401 -0.01795148
v 0.05708035 0.20824498 -0.01265815
v 0.05729144 0.20824498 -0.01406302
v 0.00021278 0.20075500 0.05897593
v 0.00991875 0.20825399 0.05834603
v 0.01935607 0.20825401 0.05593144
v 0.02826964 0.20825300 0.05200195
v 0.03641819 0.20825200 0.04666382
v 0.04358094 0.20825091 0.04006177
v 0.04956400 0.20825002 0.03237444
v 0.05420547 0.20824900 0.02380996
v 0.05731862 0.20353267 0.01413634
v 0.05729470 0.20824705 0.01403679
v 0.05747043 0.20243348 0.01379379
v 0.05781579 0.20174700 0.01276594
v 0.05905610 0.20174602 0.00428617
v 0.05905896 0.20174602 -0.00428367
v 0.05777939 0.20177737 -0.01296424
v 0.05743892 0.20258118 -0.01391508
v 0.05730583 0.20372553 -0.01415855
v 0.05708342 0.20650592 -0.01259310
v 0.05732458 0.20579115 -0.01180982
v 0.05833498 0.20574577 -0.00386550
v 0.05834995 0.20574600 0.00382114
v 0.05732732 0.20577230 0.01155078
v 0.05711729 0.20651965 0.01255713
v 0.05695948 0.20824705 0.01258696
v 0.05391831 0.20824900 0.02192336
v 0.04946935 0.20825002 0.03066164
v 0.04361659 0.20825090 0.03852915
v 0.03652608 0.20825201 0.04530233
v 0.02839899 0.20825303 0.05078905
v 0.01946616 0.20825401 0.05483335
v 0.00998122 0.20825401 0.05732065
v 0.05760445 0.20574500 -0.01081597
v 0.05759138 0.20366588 -0.01121118
v 0.05778417 0.20574500 -0.00973028
v 0.05782678 0.20412338 -0.00986590
v 0.05795993 0.20574500 -0.00861942
v 0.05811437 0.20574500 -0.00750538
v 0.05801140 0.20411476 -0.00867601
v 0.05815198 0.20412086 -0.00763472
v 0.05828890 0.20411067 -0.00656298
v 0.05841462 0.20397025 -0.00551323
v 0.05827120 0.20574518 -0.00598030
v 0.05850359 0.20411600 -0.00424268
v 0.05851638 0.20574591 -0.00482076
v 0.05857417 0.20411573 -0.00307725
v 0.05738178 0.20323382 -0.01271104
v 0.05745445 0.20268202 -0.01271051
v 0.05854697 0.20574595 -0.00239182
v 0.05861428 0.20412186 -0.00202730
v 0.05865233 0.20399728 -0.00087122
v 0.05860078 0.20574585 -0.00116620
v 0.05868577 0.20268302 -0.00427425
v 0.05868464 0.20268302 0.00425130
v 0.05745124 0.20268402 0.01268726
v 0.05865569 0.20363346 0.00010845
v 0.05840810 0.20400663 0.00559737
v 0.05764412 0.20375508 0.01090213
v 0.05772077 0.20574704 0.01013876
v 0.05798231 0.20412573 0.00895684
v 0.05789423 0.20574704 0.00901418
v 0.05741528 0.20368403 0.01225226
v 0.05859970 0.20574585 0.00007334
v 0.05860297 0.20574586 0.00133422
v 0.05851943 0.20574588 0.00244920
v 0.05859768 0.20411573 0.00254962
v 0.05864723 0.20412479 0.00131562
v 0.05853697 0.20412186 0.00359858
v 0.05845375 0.20409456 0.00449971
v 0.05824375 0.20412709 0.00678017
v 0.05811607 0.20410812 0.00774345
v 0.05805702 0.20574704 0.00790134
v 0.05819836 0.20574704 0.00678558
v 0.05831828 0.20574704 0.00566733
v 0.05850527 0.20574592 0.00491422
v 0.05754339 0.20424694 0.01002174
v -0.00523215 0.19445501 0.05534673
v -0.00426814 0.19445498 0.05673718
v -0.00285952 0.19445498 0.05639626
v -0.00245956 0.19445498 0.05497172
v -0.00344998 0.19445498 0.05395641
v -0.00460905 0.19445500 0.05404776
f 1 2 3
f 3 2 4
f 1 5 2
f 2 5 6
f 5 7 6
f 6 7 8
f 7 9 8
f 8 9 10
f 8 10 11
f 11 10 12
f 11 12 13
f 13 12 14
f 13 14 15
f 15 14 16
f 15 16 17
f 15 17 18
f 18 17 19
f 18 19 20
f 20 19 21
f 20 21 22
f 22 21 23
f 22 23 24
f 24 25 22
f 22 25 26
f 22 26 27
f 27 28 22
f 22 28 29
f 28 30 29
f 29 30 31
f 29 31 32
f 32 31 33
f 32 33 34
f 34 35 32
f 32 35 36
f 35 37 36
f 36 37 38
f 36 38 39
f 39 38 40
f 39 40 41
f 39 41 42
f 42 41 43
f 42 43 44
f 42 44 45
f 45 44 46
f 45 46 47
f 45 47 48
f 48 47 49
f 48 49 50
f 50 49 51
f 50 51 52
f 52 51 53
f 52 53 54
f 54 53 55
f 54 55 56
f 56 55 57
f 56 57 58
f 58 57 59
f 58 59 60
f 58 60 61
f 61 60 62
f 61 62 63
f 61 63 64
f 64 63 65
f 64 65 66
f 64 66 67
f 67 66 68
f 67 68 69
f 67 69 70
f 70 69 71
f 70 71 72
f 72 73 70
f 70 73 74
f 73 75 74
f 74 75 76
f 74 76 77
f 77 76 78
f 77 78 79
f 79 80 77
f 77 80 81
f 80 82 81
f 81 82 83
f 82 84 83
f 83 84 85
f 84 86 85
f 85 86 87
f 85 87 88
f 88 87 89
f 88 89 90
f 90 89 91
f 90 91 92
f 92 91 93
f 92 93 94
f 92 94 95
f 95 94 96
f 95 96 97
f 97 96 98
f 97 98 3
f 3 4 97
f 29 32 22
f 22 32 20
f 32 36 20
f 20 36 18
f 36 39 18
f 18 39 15
f 39 42 15
f 15 42 13
f 42 45 13
f 13 45 11
f 45 48 11
f 11 48 8
f 48 50 8
f 8 50 6
f 50 52 6
f 6 52 2
f 52 54 2
f 2 54 4
f 4 54 97
f 54 56 97
f 97 56 95
f 56 58 95
f 95 58 92
f 58 61 92
f 92 61 90
f 61 64 90
f 90 64 88
f 64 67 88
f 88 67 85
f 67 70 85
f 85 70 83
f 70 74 83
f 83 74 81
f 74 77 81
f 21 19 99
f 27 26 28
f 28 26 30
f 30 26 27
f 30 27 31
f 33 31 100
f 33 100 34
f 35 34 37
f 38 101 40
f 40 101 102
f 40 102 41
f 43 41 103
f 43 103 44
f 46 44 104
f 46 104 47
f 47 105 49
f 106 51 49
f 51 107 53
f 53 108 55
f 109 57 55
f 57 110 59
f 59 111 60
f 60 111 62
f 62 112 63
f 63 112 65
f 65 113 66
f 66 113 114
f 66 114 68
f 68 115 69
f 69 115 71
f 115 72 71
f 72 116 73
f 116 75 73
f 75 78 76
f 76 78 80
f 76 80 79
f 79 78 76
f 80 117 82
f 82 118 84
f 119 120 121
f 121 120 122
f 121 122 123
f 121 123 124
f 124 123 125
f 126 127 128
f 128 127 129
f 130 131 132
f 132 131 133
f 134 135 136
f 135 137 136
f 136 137 138
f 138 137 139
f 139 137 140
f 140 137 141
f 141 137 142
f 141 142 143
f 143 142 144
f 143 144 145
f 145 144 146
f 145 146 147
f 147 146 148
f 147 148 149
f 149 148 150
f 149 150 151
f 151 150 152
f 151 152 153
f 153 152 154
f 153 154 155
f 155 154 156
f 155 156 157
f 157 156 158
f 157 158 159
f 159 158 160
f 159 160 161
f 161 160 162
f 161 162 163
f 163 162 164
f 163 164 165
f 165 164 166
f 165 166 167
f 167 166 168
f 167 168 169
f 169 168 170
f 169 170 171
f 171 170 172
f 171 172 121
f 121 172 119
f 173 174 175
f 175 174 176
f 174 177 176
f 176 177 178
f 178 177 179
f 179 177 180
f 179 180 181
f 181 180 182
f 181 182 183
f 183 182 184
f 182 185 184
f 184 185 186
f 185 187 186
f 186 187 188
f 187 189 188
f 188 189 190
f 189 191 190
f 190 191 192
f 192 191 193
f 193 191 194
f 193 194 195
f 195 194 134
f 195 134 196
f 196 134 197
f 196 197 198
f 198 197 199
f 197 200 199
f 199 200 201
f 200 202 201
f 201 202 203
f 202 204 203
f 203 204 205
f 205 204 206
f 206 204 207
f 206 207 208
f 207 209 208
f 208 209 210
f 209 211 210
f 210 211 212
f 212 211 213
f 213 211 133
f 213 133 214
f 214 133 131
f 131 130 215
f 215 130 216
f 130 129 216
f 216 129 217
f 129 127 217
f 218 127 126
f 218 126 219
f 219 126 220
f 219 220 221
f 221 220 222
f 221 222 223
f 223 222 224
f 223 224 225
f 225 224 226
f 224 227 226
f 226 227 228
f 227 125 228
f 228 125 229
f 125 230 229
f 229 230 231
f 231 230 232
f 232 230 233
f 232 233 234
f 234 233 235
f 234 235 236
f 236 235 237
f 236 237 238
f 238 237 239
f 237 240 239
f 239 240 241
f 241 240 242
f 241 242 243
f 243 242 244
f 243 244 245
f 245 244 246
f 244 173 246
f 246 173 175
f 247 248 249
f 249 247 250
f 250 247 251
f 250 251 252
f 252 251 253
f 252 253 254
f 254 253 255
f 255 256 257
f 257 256 258
f 257 258 259
f 257 259 260
f 260 259 261
f 262 263 264
f 264 263 265
f 265 266 267
f 267 266 268
f 266 269 268
f 269 270 271
f 271 270 272
f 272 270 273
f 274 275 276
f 275 277 276
f 276 277 278
f 276 278 279
f 279 278 280
f 279 280 281
f 281 280 282
f 281 282 283
f 284 285 286
f 286 285 287
f 286 287 288
f 288 289 290
f 290 289 291
f 289 292 291
f 292 293 294
f 293 295 294
f 295 296 294
f 294 296 297
f 296 298 297
f 297 298 299
f 299 298 300
f 299 300 301
f 301 300 302
f 300 303 302
f 302 303 304
f 304 303 305
f 305 303 306
f 305 306 307
f 307 306 308
f 307 308 309
f 310 311 312
f 311 313 312
f 312 313 314
f 313 315 314
f 314 315 316
f 316 315 317
f 317 315 318
f 317 318 319
f 319 318 320
f 318 321 320
f 320 321 322
f 321 323 322
f 322 323 324
f 323 325 324
f 325 326 324
f 324 326 327
f 327 328 329
f 329 328 330
f 331 332 333
f 334 335 336
f 336 335 337
f 337 338 339
f 339 338 340
f 339 340 341
f 341 342 343
f 343 342 344
f 343 344 345
f 344 346 345
f 345 346 347
f 346 348 347
f 347 348 349
f 348 350 349
f 351 350 352
f 351 352 353
f 353 352 354
f 354 355 356
f 356 355 357
f 358 359 360
f 360 359 361
f 361 362 363
f 363 362 364
f 364 365 366
f 366 365 367
f 365 368 367
f 367 368 369
f 368 247 369
f 369 247 248
f 9 7 370
f 9 370 371
f 371 370 372
f 371 372 373
f 373 372 374
f 373 374 375
f 375 374 312
f 375 312 314
f 314 316 375
f 375 316 376
f 375 376 377
f 377 376 378
f 377 378 379
f 379 378 380
f 379 380 381
f 381 380 382
f 381 382 16
f 16 382 383
f 16 383 17
f 17 383 384
f 17 384 19
f 19 384 99
f 16 14 381
f 381 14 12
f 381 12 379
f 379 12 385
f 379 385 377
f 377 385 373
f 377 373 375
f 373 385 371
f 371 385 10
f 371 10 9
f 10 385 12
f 316 317 376
f 376 317 319
f 376 319 386
f 386 319 320
f 386 320 322
f 376 386 378
f 378 386 387
f 378 387 380
f 380 387 388
f 380 388 382
f 382 388 389
f 382 389 383
f 383 389 390
f 383 390 384
f 384 390 391
f 384 391 99
f 99 391 392
f 99 392 21
f 21 392 23
f 312 374 310
f 310 374 311
f 370 7 5
f 370 5 393
f 393 5 394
f 394 5 1
f 394 1 3
f 394 3 395
f 394 395 396
f 396 395 397
f 396 397 398
f 398 397 309
f 398 309 308
f 394 396 393
f 393 396 399
f 393 399 372
f 372 399 374
f 370 393 372
f 374 399 311
f 311 399 308
f 308 399 398
f 398 399 396
f 395 3 98
f 98 400 395
f 395 400 401
f 395 401 397
f 397 401 402
f 397 402 309
f 309 402 307
f 307 402 305
f 305 402 403
f 305 403 304
f 304 403 302
f 400 98 96
f 400 96 404
f 404 96 94
f 400 404 401
f 401 404 405
f 401 405 402
f 402 405 403
f 403 405 406
f 406 405 407
f 406 407 408
f 408 407 93
f 93 91 408
f 408 91 409
f 408 409 410
f 410 409 411
f 410 411 412
f 412 411 413
f 412 413 414
f 414 413 415
f 414 415 416
f 416 415 417
f 416 417 418
f 418 417 419
f 418 419 420
f 420 419 421
f 420 421 422
f 422 421 423
f 422 423 424
f 424 423 425
f 424 425 426
f 426 425 427
f 426 427 428
f 428 427 429
f 428 429 430
f 430 429 431
f 430 431 432
f 432 431 433
f 432 433 434
f 434 433 435
f 434 435 436
f 436 435 437
f 436 437 438
f 438 437 439
f 438 439 440
f 440 439 441
f 440 441 442
f 442 441 443
f 442 443 444
f 444 443 445
f 445 446 447
f 447 446 448
f 447 448 449
f 449 448 450
f 449 450 451
f 451 450 452
f 451 452 453
f 453 452 454
f 453 454 455
f 455 454 456
f 455 456 457
f 457 456 458
f 457 458 459
f 459 458 460
f 459 460 461
f 461 460 462
f 461 462 463
f 463 462 464
f 463 464 465
f 465 464 466
f 465 466 467
f 467 466 468
f 467 468 469
f 469 468 470
f 469 470 471
f 471 470 472
f 471 472 473
f 473 472 474
f 473 474 475
f 475 474 476
f 475 476 477
f 477 476 478
f 477 478 479
f 479 478 480
f 479 480 481
f 481 480 482
f 481 482 483
f 483 482 484
f 483 484 485
f 485 484 486
f 485 486 487
f 487 486 488
f 487 488 489
f 489 488 490
f 489 490 491
f 491 490 492
f 491 492 493
f 493 492 494
f 493 494 495
f 495 494 496
f 495 496 497
f 497 496 498
f 497 498 499
f 499 498 500
f 499 500 501
f 501 500 502
f 501 502 503
f 503 502 504
f 503 504 505
f 505 504 506
f 505 506 507
f 507 506 508
f 507 508 509
f 509 508 510
f 509 510 511
f 511 510 512
f 511 512 513
f 513 512 514
f 513 514 515
f 515 514 516
f 515 516 517
f 517 516 518
f 517 518 519
f 519 518 520
f 519 520 521
f 521 520 522
f 521 522 523
f 523 522 524
f 523 524 525
f 525 524 526
f 525 526 527
f 527 526 528
f 527 528 529
f 529 528 530
f 529 530 531
f 531 530 532
f 531 532 236
f 236 532 234
f 236 238 531
f 531 238 533
f 531 533 529
f 529 533 534
f 529 534 527
f 527 534 535
f 527 535 525
f 525 535 536
f 525 536 523
f 523 536 537
f 523 537 521
f 521 537 538
f 521 538 519
f 519 538 539
f 519 539 517
f 517 539 540
f 517 540 515
f 515 540 541
f 515 541 513
f 513 541 542
f 513 542 511
f 511 542 543
f 511 543 509
f 509 543 544
f 509 544 507
f 507 544 545
f 507 545 505
f 505 545 546
f 505 546 503
f 503 546 547
f 503 547 501
f 501 547 548
f 501 548 499
f 499 548 549
f 499 549 497
f 497 549 550
f 497 550 495
f 495 550 551
f 495 551 552
f 552 551 553
f 552 553 491
f 491 553 554
f 491 554 489
f 489 554 555
f 489 555 487
f 487 555 556
f 487 556 485
f 485 556 557
f 485 557 483
f 483 557 558
f 483 558 481
f 481 558 559
f 481 559 479
f 479 559 560
f 479 560 477
f 477 560 561
f 477 561 475
f 475 561 562
f 475 562 473
f 473 562 563
f 473 563 471
f 471 563 564
f 471 564 469
f 469 564 565
f 469 565 467
f 467 565 566
f 467 566 465
f 465 566 567
f 465 567 463
f 463 567 568
f 463 568 461
f 461 568 569
f 461 569 459
f 459 569 570
f 459 570 457
f 457 570 571
f 457 571 455
f 455 571 572
f 455 572 453
f 453 572 573
f 453 573 451
f 451 573 574
f 451 574 449
f 449 574 575
f 449 575 447
f 447 575 576
f 576 577 444
f 444 577 578
f 444 578 442
f 442 578 579
f 442 579 440
f 440 579 580
f 440 580 438
f 438 580 581
f 438 581 436
f 436 581 582
f 436 582 434
f 434 582 583
f 434 583 432
f 432 583 584
f 432 584 430
f 430 584 585
f 430 585 428
f 428 585 586
f 428 586 426
f 426 586 587
f 426 587 424
f 424 587 588
f 424 588 422
f 422 588 589
f 422 589 420
f 420 589 590
f 420 590 418
f 418 590 591
f 418 591 416
f 416 591 592
f 416 592 414
f 414 592 593
f 414 593 412
f 412 593 594
f 412 594 410
f 410 594 595
f 410 595 408
f 408 595 406
f 491 493 552
f 552 493 495
f 238 239 533
f 409 91 89
f 409 89 411
f 411 89 87
f 93 407 94
f 94 407 404
f 404 407 405
f 411 87 596
f 596 87 86
f 411 596 413
f 413 596 597
f 413 597 415
f 415 597 598
f 415 598 417
f 417 598 599
f 417 599 419
f 419 599 600
f 419 600 421
f 421 600 601
f 421 601 423
f 423 601 602
f 423 602 425
f 425 602 603
f 425 603 427
f 427 603 604
f 427 604 429
f 429 604 605
f 429 605 431
f 431 605 606
f 431 606 433
f 433 606 607
f 433 607 435
f 435 607 608
f 435 608 437
f 437 608 609
f 437 609 439
f 439 609 610
f 439 610 441
f 441 610 611
f 441 611 443
f 443 611 612
f 443 612 445
f 445 612 613
f 445 613 446
f 446 613 614
f 446 614 448
f 448 614 615
f 448 615 450
f 450 615 616
f 450 616 452
f 452 616 617
f 452 617 454
f 454 617 618
f 454 618 456
f 456 618 619
f 456 619 458
f 458 619 620
f 458 620 460
f 460 620 621
f 460 621 462
f 462 621 622
f 462 622 464
f 464 622 623
f 464 623 466
f 466 623 624
f 466 624 468
f 468 624 625
f 468 625 470
f 470 625 626
f 470 626 472
f 472 626 627
f 472 627 474
f 474 627 628
f 474 628 476
f 476 628 629
f 476 629 478
f 478 629 630
f 478 630 480
f 480 630 631
f 480 631 482
f 482 631 632
f 482 632 484
f 484 632 633
f 484 633 486
f 486 633 634
f 486 634 488
f 488 634 635
f 488 635 490
f 490 635 636
f 490 636 492
f 492 636 637
f 492 637 494
f 494 637 638
f 494 638 496
f 496 638 639
f 496 639 498
f 498 639 640
f 498 640 500
f 500 640 641
f 500 641 502
f 502 641 642
f 502 642 504
f 504 642 643
f 504 643 506
f 506 643 644
f 506 644 508
f 508 644 645
f 508 645 510
f 510 645 646
f 510 646 512
f 512 646 647
f 512 647 514
f 514 647 648
f 514 648 516
f 516 648 649
f 516 649 518
f 518 649 650
f 518 650 520
f 520 650 651
f 520 651 522
f 522 651 652
f 522 652 524
f 524 652 653
f 524 653 526
f 526 653 654
f 526 654 528
f 528 654 655
f 528 655 530
f 530 655 656
f 530 656 532
f 532 656 657
f 532 657 234
f 234 657 232
f 232 657 658
f 232 658 231
f 231 658 659
f 231 659 229
f 228 229 660
f 660 659 661
f 661 659 662
f 661 662 228
f 228 662 663
f 228 663 664
f 664 663 665
f 664 665 666
f 666 665 667
f 666 667 668
f 668 667 669
f 668 669 664
f 664 669 670
f 664 670 671
f 671 670 667
f 671 667 672
f 672 667 673
f 672 673 674
f 674 673 675
f 674 675 676
f 676 675 677
f 676 677 678
f 678 677 679
f 678 679 680
f 680 679 681
f 680 681 682
f 682 681 683
f 682 683 678
f 678 683 684
f 678 684 685
f 685 684 686
f 685 686 687
f 687 686 688
f 687 688 689
f 689 688 690
f 689 690 691
f 691 690 692
f 691 692 693
f 693 692 694
f 693 694 695
f 695 694 696
f 695 696 697
f 697 696 698
f 697 698 699
f 699 698 700
f 699 700 701
f 701 700 702
f 701 702 703
f 703 702 704
f 703 704 705
f 705 704 706
f 705 706 707
f 707 706 708
f 707 708 709
f 709 708 710
f 709 710 711
f 711 710 712
f 711 712 713
f 713 712 560
f 713 560 559
f 680 682 678
f 670 669 667
f 664 666 668
f 661 228 660
f 660 229 659
f 560 712 561
f 561 712 714
f 561 714 562
f 562 714 715
f 562 715 563
f 563 715 716
f 563 716 564
f 564 716 717
f 564 717 565
f 565 717 718
f 565 718 566
f 566 718 719
f 566 719 567
f 567 719 720
f 567 720 568
f 568 720 721
f 568 721 569
f 569 721 722
f 569 722 570
f 570 722 723
f 570 723 571
f 571 723 724
f 571 724 572
f 572 724 725
f 572 725 573
f 573 725 726
f 573 726 574
f 574 726 727
f 574 727 575
f 575 727 728
f 728 729 577
f 577 729 730
f 577 730 578
f 578 730 731
f 578 731 579
f 579 731 732
f 579 732 580
f 580 732 733
f 580 733 581
f 581 733 734
f 581 734 582
f 582 734 735
f 582 735 583
f 583 735 736
f 583 736 584
f 584 736 737
f 584 737 585
f 585 737 738
f 585 738 586
f 586 738 739
f 586 739 587
f 587 739 740
f 587 740 588
f 588 740 741
f 588 741 589
f 589 741 742
f 589 742 590
f 590 742 743
f 590 743 591
f 591 743 744
f 591 744 592
f 592 744 745
f 592 745 593
f 593 745 746
f 593 746 594
f 594 746 747
f 594 747 595
f 595 747 748
f 595 748 406
f 406 748 403
f 403 748 302
f 302 748 301
f 301 748 299
f 299 748 747
f 299 747 297
f 747 746 297
f 297 746 294
f 746 745 294
f 294 745 292
f 292 745 744
f 292 744 291
f 291 744 290
f 744 743 290
f 290 743 749
f 290 749 288
f 288 749 286
f 286 749 284
f 284 749 750
f 284 750 751
f 751 750 752
f 751 752 753
f 753 752 754
f 753 754 755
f 755 754 756
f 755 756 757
f 757 756 758
f 757 758 759
f 759 758 760
f 759 760 761
f 761 760 762
f 761 762 763
f 763 762 764
f 763 764 765
f 765 764 766
f 765 766 767
f 767 766 768
f 767 768 769
f 769 768 770
f 769 770 771
f 771 770 772
f 771 772 773
f 773 772 774
f 773 774 775
f 775 774 776
f 775 776 777
f 777 776 778
f 778 779 780
f 780 779 781
f 780 781 782
f 782 781 783
f 782 783 784
f 784 783 785
f 784 785 786
f 786 785 787
f 786 787 788
f 788 787 789
f 788 789 790
f 790 789 791
f 790 791 792
f 792 791 793
f 792 793 794
f 794 793 795
f 794 795 796
f 796 795 797
f 796 797 798
f 798 797 799
f 798 799 800
f 800 799 801
f 800 801 802
f 802 801 803
f 802 803 708
f 708 803 710
f 708 706 802
f 802 706 804
f 802 804 800
f 800 804 805
f 800 805 798
f 798 805 806
f 798 806 796
f 796 806 807
f 796 807 794
f 794 807 808
f 794 808 792
f 792 808 809
f 792 809 790
f 790 809 810
f 790 810 788
f 788 810 811
f 788 811 786
f 786 811 812
f 786 812 784
f 784 812 813
f 784 813 782
f 782 813 814
f 782 814 780
f 780 814 815
f 780 815 816
f 816 815 817
f 816 817 777
f 777 817 818
f 777 818 775
f 775 818 819
f 775 819 773
f 773 819 820
f 773 820 771
f 771 820 821
f 771 821 769
f 769 821 822
f 769 822 767
f 767 822 823
f 767 823 765
f 765 823 824
f 765 824 763
f 763 824 825
f 763 825 761
f 761 825 826
f 761 826 759
f 759 826 827
f 759 827 757
f 757 827 828
f 757 828 755
f 755 828 829
f 755 829 753
f 753 829 830
f 753 830 751
f 751 830 279
f 751 279 281
f 281 283 751
f 751 283 284
f 279 830 276
f 276 830 831
f 276 831 274
f 274 831 832
f 274 832 833
f 274 833 273
f 273 833 272
f 272 833 271
f 271 833 834
f 271 834 269
f 269 834 835
f 269 835 268
f 268 835 267
f 267 835 265
f 265 835 836
f 265 836 837
f 837 836 838
f 837 838 839
f 839 838 840
f 839 840 841
f 841 840 842
f 841 842 843
f 843 842 844
f 843 844 845
f 845 844 846
f 845 846 847
f 847 846 848
f 847 848 849
f 849 848 850
f 849 850 851
f 851 850 852
f 851 852 853
f 853 852 854
f 853 854 855
f 855 854 856
f 855 856 643
f 643 856 644
f 643 642 855
f 855 642 857
f 855 857 853
f 853 857 858
f 853 858 851
f 851 858 859
f 851 859 849
f 849 859 860
f 849 860 847
f 847 860 861
f 847 861 845
f 845 861 862
f 845 862 843
f 843 862 863
f 843 863 841
f 841 863 864
f 841 864 839
f 839 864 865
f 839 865 837
f 837 865 262
f 837 262 264
f 837 264 265
f 262 865 261
f 261 865 260
f 642 641 857
f 857 641 866
f 857 866 858
f 858 866 867
f 858 867 859
f 859 867 868
f 859 868 860
f 860 868 869
f 860 869 861
f 861 869 870
f 861 870 862
f 862 870 871
f 862 871 863
f 863 871 872
f 863 872 864
f 864 872 873
f 864 873 865
f 865 873 260
f 260 873 257
f 641 640 866
f 866 640 874
f 866 874 867
f 867 874 875
f 867 875 868
f 868 875 876
f 868 876 869
f 869 876 877
f 869 877 870
f 870 877 878
f 870 878 871
f 871 878 879
f 871 879 872
f 872 879 880
f 872 880 873
f 873 880 257
f 257 880 255
f 255 880 881
f 255 881 254
f 254 881 252
f 880 879 881
f 881 879 882
f 881 882 883
f 883 882 884
f 883 884 885
f 885 884 886
f 885 886 887
f 887 886 888
f 887 888 889
f 889 888 890
f 889 890 891
f 891 890 892
f 891 892 635
f 635 892 893
f 635 893 636
f 636 893 637
f 635 634 891
f 891 634 894
f 891 894 889
f 889 894 895
f 889 895 896
f 896 895 897
f 896 897 248
f 248 897 369
f 369 897 367
f 367 897 898
f 367 898 366
f 366 898 364
f 889 896 887
f 887 896 899
f 887 899 885
f 885 899 247
f 885 247 249
f 885 249 883
f 883 249 250
f 883 250 252
f 881 883 252
f 247 899 248
f 248 899 896
f 634 633 894
f 894 633 900
f 894 900 895
f 895 900 901
f 895 901 897
f 897 901 898
f 633 632 900
f 900 632 902
f 900 902 901
f 901 902 903
f 901 903 898
f 898 903 904
f 898 904 364
f 364 904 363
f 632 631 902
f 902 631 905
f 902 905 903
f 903 905 906
f 903 906 904
f 904 906 907
f 904 907 363
f 363 907 361
f 361 907 360
f 360 907 908
f 360 908 358
f 358 908 357
f 631 630 905
f 905 630 909
f 905 909 906
f 906 909 910
f 906 910 907
f 907 910 908
f 630 629 909
f 909 629 911
f 909 911 910
f 910 911 912
f 910 912 908
f 908 912 913
f 908 913 357
f 357 913 356
f 356 913 354
f 354 913 914
f 354 914 915
f 915 914 916
f 915 916 917
f 917 916 918
f 917 918 919
f 919 918 920
f 919 920 921
f 921 920 922
f 921 922 923
f 923 922 924
f 923 924 925
f 925 924 926
f 925 926 927
f 927 926 928
f 927 928 929
f 929 928 930
f 929 930 931
f 931 930 932
f 931 932 933
f 933 932 934
f 933 934 935
f 935 934 936
f 935 936 937
f 937 936 938
f 937 938 939
f 939 938 940
f 939 940 941
f 941 940 942
f 941 942 943
f 943 942 944
f 943 944 945
f 945 944 946
f 946 947 948
f 948 947 949
f 948 949 950
f 950 949 951
f 950 951 952
f 952 951 953
f 952 953 954
f 954 953 955
f 954 955 956
f 956 955 957
f 956 957 958
f 958 957 959
f 958 959 960
f 960 959 961
f 960 961 962
f 962 961 963
f 962 963 964
f 964 963 965
f 964 965 966
f 966 965 967
f 966 967 968
f 968 967 969
f 968 969 78
f 78 969 80
f 80 969 117
f 117 969 970
f 117 970 82
f 82 970 118
f 78 75 968
f 968 75 971
f 968 971 966
f 966 971 972
f 966 972 964
f 964 972 973
f 964 973 962
f 962 973 974
f 962 974 960
f 960 974 975
f 960 975 958
f 958 975 976
f 958 976 956
f 956 976 977
f 956 977 954
f 954 977 978
f 954 978 952
f 952 978 979
f 952 979 950
f 950 979 980
f 950 980 948
f 948 980 981
f 981 982 945
f 945 982 983
f 945 983 943
f 943 983 984
f 943 984 941
f 941 984 985
f 941 985 939
f 939 985 986
f 939 986 937
f 937 986 987
f 937 987 935
f 935 987 988
f 935 988 933
f 933 988 989
f 933 989 931
f 931 989 990
f 931 990 929
f 929 990 991
f 929 991 927
f 927 991 992
f 927 992 925
f 925 992 993
f 925 993 923
f 923 993 994
f 923 994 921
f 921 994 995
f 921 995 919
f 919 995 996
f 919 996 917
f 917 996 350
f 917 350 915
f 915 350 351
f 915 351 353
f 354 915 353
f 350 996 349
f 349 996 347
f 347 996 345
f 345 996 343
f 996 995 343
f 343 995 997
f 343 997 341
f 995 994 997
f 997 994 998
f 997 998 999
f 999 998 1000
f 999 1000 1001
f 1001 1000 1002
f 1001 1002 1003
f 1003 1002 1004
f 1003 1004 1005
f 1005 1004 1006
f 1005 1006 1007
f 1007 1006 1008
f 1007 1008 1009
f 1009 1008 1010
f 1009 1010 1011
f 1011 1010 1012
f 1011 1012 1013
f 1013 1012 1014
f 1013 1014 391
f 391 1014 392
f 391 390 1013
f 1013 390 1015
f 1013 1015 1011
f 1011 1015 1016
f 1011 1016 1009
f 1009 1016 1017
f 1009 1017 1007
f 1007 1017 1018
f 1007 1018 1005
f 1005 1018 1019
f 1005 1019 1003
f 1003 1019 334
f 1003 334 336
f 336 337 1003
f 1003 337 1001
f 337 339 1001
f 1001 339 999
f 339 341 999
f 999 341 997
f 334 1019 333
f 333 1019 331
f 1019 1018 331
f 331 1018 330
f 390 389 1015
f 1015 389 1020
f 1015 1020 1016
f 1016 1020 1021
f 1016 1021 1017
f 1017 1021 1022
f 1017 1022 1018
f 1018 1022 330
f 330 1022 329
f 329 1022 327
f 389 388 1020
f 1020 388 1023
f 1020 1023 1021
f 1021 1023 1024
f 1021 1024 1022
f 1022 1024 327
f 327 1024 324
f 388 387 1023
f 1023 387 1025
f 1023 1025 1024
f 1024 1025 324
f 324 1025 322
f 322 1025 386
f 1025 387 386
f 994 993 998
f 998 993 1026
f 998 1026 1000
f 1000 1026 1027
f 1000 1027 1002
f 1002 1027 1028
f 1002 1028 1004
f 1004 1028 1029
f 1004 1029 1006
f 1006 1029 1030
f 1006 1030 1008
f 1008 1030 1031
f 1008 1031 1010
f 1010 1031 1032
f 1010 1032 1012
f 1012 1032 1033
f 1012 1033 1014
f 1014 1033 1034
f 1014 1034 392
f 392 1034 1035
f 392 1035 23
f 23 1035 24
f 24 1035 25
f 25 1035 26
f 26 1035 27
f 27 1035 1036
f 27 1036 31
f 31 1036 1037
f 31 1037 100
f 993 992 1026
f 1026 992 1038
f 1026 1038 1027
f 1027 1038 1039
f 1027 1039 1028
f 1028 1039 1040
f 1028 1040 1029
f 1029 1040 1041
f 1029 1041 1030
f 1030 1041 1042
f 1030 1042 1031
f 1031 1042 1043
f 1031 1043 1032
f 1032 1043 1044
f 1032 1044 1033
f 1033 1044 1045
f 1033 1045 1034
f 1034 1045 1046
f 1034 1046 1035
f 1035 1046 1036
f 992 991 1038
f 1038 991 1047
f 1038 1047 1039
f 1039 1047 1048
f 1039 1048 1040
f 1040 1048 1049
f 1040 1049 1041
f 1041 1049 1050
f 1041 1050 1042
f 1042 1050 1051
f 1042 1051 1043
f 1043 1051 1052
f 1043 1052 1044
f 1044 1052 1053
f 1044 1053 1045
f 1045 1053 1054
f 1045 1054 1046
f 1046 1054 1055
f 1046 1055 1036
f 1036 1055 1037
f 991 990 1047
f 1047 990 1056
f 1047 1056 1048
f 1048 1056 1057
f 1048 1057 1049
f 1049 1057 1058
f 1049 1058 1050
f 1050 1058 1059
f 1050 1059 1051
f 1051 1059 1060
f 1051 1060 1052
f 1052 1060 1061
f 1052 1061 1053
f 1053 1061 1062
f 1053 1062 1054
f 1054 1062 1063
f 1054 1063 1055
f 1055 1063 1064
f 1055 1064 1037
f 1037 1064 1065
f 1037 1065 100
f 100 1065 34
f 34 1065 37
f 37 1065 1066
f 37 1066 38
f 38 1066 101
f 990 989 1056
f 1056 989 1067
f 1056 1067 1057
f 1057 1067 1068
f 1057 1068 1058
f 1058 1068 1069
f 1058 1069 1059
f 1059 1069 1070
f 1059 1070 1060
f 1060 1070 1071
f 1060 1071 1061
f 1061 1071 1072
f 1061 1072 1062
f 1062 1072 1073
f 1062 1073 1063
f 1063 1073 1074
f 1063 1074 1064
f 1064 1074 1075
f 1064 1075 1065
f 1065 1075 1066
f 989 988 1067
f 1067 988 1076
f 1067 1076 1068
f 1068 1076 1077
f 1068 1077 1069
f 1069 1077 1078
f 1069 1078 1070
f 1070 1078 1079
f 1070 1079 1071
f 1071 1079 1080
f 1071 1080 1072
f 1072 1080 1081
f 1072 1081 1073
f 1073 1081 1082
f 1073 1082 1074
f 1074 1082 1083
f 1074 1083 1075
f 1075 1083 1084
f 1075 1084 1066
f 1066 1084 1085
f 1066 1085 101
f 101 1085 102
f 988 987 1076
f 1076 987 1086
f 1076 1086 1077
f 1077 1086 1087
f 1077 1087 1078
f 1078 1087 1088
f 1078 1088 1079
f 1079 1088 1089
f 1079 1089 1080
f 1080 1089 1090
f 1080 1090 1081
f 1081 1090 1091
f 1081 1091 1082
f 1082 1091 1092
f 1082 1092 1083
f 1083 1092 1093
f 1083 1093 1084
f 1084 1093 1094
f 1084 1094 1085
f 1085 1094 1095
f 1085 1095 102
f 102 1095 41
f 41 1095 103
f 103 1095 1096
f 103 1096 44
f 44 1096 104
f 987 986 1086
f 1086 986 1097
f 1086 1097 1087
f 1087 1097 1098
f 1087 1098 1088
f 1088 1098 1099
f 1088 1099 1089
f 1089 1099 1100
f 1089 1100 1090
f 1090 1100 1101
f 1090 1101 1091
f 1091 1101 1102
f 1091 1102 1092
f 1092 1102 1103
f 1092 1103 1093
f 1093 1103 1104
f 1093 1104 1094
f 1094 1104 1105
f 1094 1105 1095
f 1095 1105 1096
f 986 985 1097
f 1097 985 1106
f 1097 1106 1098
f 1098 1106 1107
f 1098 1107 1099
f 1099 1107 1108
f 1099 1108 1100
f 1100 1108 1109
f 1100 1109 1101
f 1101 1109 1110
f 1101 1110 1102
f 1102 1110 1111
f 1102 1111 1103
f 1103 1111 1112
f 1103 1112 1104
f 1104 1112 1113
f 1104 1113 1105
f 1105 1113 1114
f 1105 1114 1096
f 1096 1114 1115
f 1096 1115 104
f 104 1115 47
f 47 1115 105
f 105 106 49
f 985 984 1106
f 1106 984 1116
f 1106 1116 1107
f 1107 1116 1117
f 1107 1117 1108
f 1108 1117 1118
f 1108 1118 1109
f 1109 1118 1119
f 1109 1119 1110
f 1110 1119 1120
f 1110 1120 1111
f 1111 1120 1121
f 1111 1121 1112
f 1112 1121 1113
f 1113 1121 1122
f 1113 1122 1114
f 1114 1122 1115
f 1115 1122 105
f 984 983 1116
f 1116 983 1123
f 1116 1123 1117
f 1117 1123 1124
f 1117 1124 1118
f 1118 1124 1125
f 1118 1125 1119
f 1119 1125 1126
f 1119 1126 1120
f 1120 1126 1127
f 1120 1127 1121
f 1121 1127 1128
f 1121 1128 1122
f 1122 1128 1129
f 1122 1129 105
f 105 1129 106
f 983 982 1123
f 1123 982 1130
f 1123 1130 1124
f 1124 1130 1131
f 1124 1131 1125
f 1125 1131 1132
f 1125 1132 1126
f 1126 1132 1133
f 1126 1133 1127
f 1127 1133 1134
f 1127 1134 1128
f 1128 1134 1135
f 1128 1135 1129
f 1129 1135 1136
f 1129 1136 106
f 106 1136 107
f 106 107 51
f 945 946 981
f 981 946 948
f 971 75 116
f 971 116 1137
f 1137 116 72
f 1137 72 115
f 971 1137 972
f 972 1137 1138
f 972 1138 973
f 973 1138 1139
f 973 1139 974
f 974 1139 1140
f 974 1140 975
f 975 1140 1141
f 975 1141 976
f 976 1141 1142
f 976 1142 977
f 977 1142 1143
f 977 1143 978
f 978 1143 1144
f 978 1144 979
f 979 1144 1145
f 979 1145 980
f 980 1145 1146
f 980 1146 981
f 981 1146 1130
f 981 1130 982
f 629 628 911
f 911 628 1147
f 911 1147 912
f 912 1147 1148
f 912 1148 913
f 913 1148 914
f 628 627 1147
f 1147 627 1149
f 1147 1149 1148
f 1148 1149 1150
f 1148 1150 914
f 914 1150 916
f 627 626 1149
f 1149 626 1151
f 1149 1151 1150
f 1150 1151 1152
f 1150 1152 916
f 916 1152 918
f 626 625 1151
f 1151 625 1153
f 1151 1153 1152
f 1152 1153 1154
f 1152 1154 918
f 918 1154 920
f 625 624 1153
f 1153 624 1155
f 1153 1155 1154
f 1154 1155 1156
f 1154 1156 920
f 920 1156 922
f 624 623 1155
f 1155 623 1157
f 1155 1157 1156
f 1156 1157 1158
f 1156 1158 922
f 922 1158 924
f 623 622 1157
f 1157 622 1159
f 1157 1159 1158
f 1158 1159 1160
f 1158 1160 924
f 924 1160 926
f 622 621 1159
f 1159 621 1161
f 1159 1161 1160
f 1160 1161 1162
f 1160 1162 926
f 926 1162 928
f 621 620 1161
f 1161 620 1163
f 1161 1163 1162
f 1162 1163 1164
f 1162 1164 928
f 928 1164 930
f 620 619 1163
f 1163 619 1165
f 1163 1165 1164
f 1164 1165 1166
f 1164 1166 930
f 930 1166 932
f 619 618 1165
f 1165 618 1167
f 1165 1167 1166
f 1166 1167 1168
f 1166 1168 932
f 932 1168 934
f 618 617 1167
f 1167 617 1169
f 1167 1169 1168
f 1168 1169 1170
f 1168 1170 934
f 934 1170 936
f 617 616 1169
f 1169 616 1171
f 1169 1171 1170
f 1170 1171 1172
f 1170 1172 936
f 936 1172 938
f 616 615 1171
f 1171 615 1173
f 1171 1173 1172
f 1172 1173 1174
f 1172 1174 938
f 938 1174 940
f 615 614 1173
f 1173 614 1175
f 1173 1175 1174
f 1174 1175 1176
f 1174 1176 940
f 940 1176 942
f 614 613 1175
f 1175 613 1177
f 1175 1177 1176
f 1176 1177 1178
f 1176 1178 942
f 942 1178 944
f 879 878 882
f 882 878 1179
f 882 1179 884
f 884 1179 1180
f 884 1180 886
f 886 1180 1181
f 886 1181 888
f 888 1181 890
f 890 1181 892
f 892 1181 1182
f 892 1182 893
f 893 1182 637
f 878 877 1179
f 1179 877 1183
f 1179 1183 1180
f 1180 1183 1184
f 1180 1184 1181
f 1181 1184 1182
f 877 876 1183
f 1183 876 1185
f 1183 1185 1184
f 1184 1185 1186
f 1184 1186 1182
f 1182 1186 637
f 637 1186 638
f 638 1186 1187
f 638 1187 639
f 639 1187 874
f 639 874 640
f 874 1187 875
f 875 1187 1185
f 875 1185 876
f 1187 1186 1185
f 830 829 831
f 831 829 1188
f 831 1188 832
f 832 1188 1189
f 832 1189 1190
f 1190 1189 1191
f 1190 1191 1192
f 1192 1191 1193
f 1192 1193 1194
f 1194 1193 1195
f 1194 1195 1196
f 1196 1195 1197
f 1196 1197 1198
f 1198 1197 1199
f 1198 1199 1200
f 1200 1199 1201
f 1200 1201 1202
f 1202 1201 1203
f 1202 1203 1204
f 1204 1203 1205
f 1204 1205 1206
f 1206 1205 1207
f 1206 1207 1208
f 1208 1207 1209
f 1208 1209 1210
f 1210 1209 1211
f 1210 1211 1212
f 1212 1211 1213
f 1212 1213 1214
f 1214 1213 1215
f 1214 1215 1216
f 1216 1215 1217
f 1216 1217 646
f 646 1217 647
f 646 645 1216
f 1216 645 1218
f 1216 1218 1214
f 1214 1218 1219
f 1214 1219 1212
f 1212 1219 1220
f 1212 1220 1210
f 1210 1220 1221
f 1210 1221 1208
f 1208 1221 1222
f 1208 1222 1206
f 1206 1222 1223
f 1206 1223 1204
f 1204 1223 1224
f 1204 1224 1202
f 1202 1224 1225
f 1202 1225 1200
f 1200 1225 1226
f 1200 1226 1198
f 1198 1226 1227
f 1198 1227 1196
f 1196 1227 1228
f 1196 1228 1194
f 1194 1228 1229
f 1194 1229 1192
f 1192 1229 834
f 1192 834 1190
f 1190 834 833
f 1190 833 832
f 834 1229 835
f 835 1229 836
f 1229 1228 836
f 836 1228 838
f 1228 1227 838
f 838 1227 840
f 1227 1226 840
f 840 1226 842
f 1226 1225 842
f 842 1225 844
f 1225 1224 844
f 844 1224 846
f 1224 1223 846
f 846 1223 848
f 1223 1222 848
f 848 1222 850
f 1222 1221 850
f 850 1221 852
f 1221 1220 852
f 852 1220 854
f 1220 1219 854
f 854 1219 856
f 1219 1218 856
f 856 1218 644
f 1218 645 644
f 829 828 1188
f 1188 828 1230
f 1188 1230 1189
f 1189 1230 1231
f 1189 1231 1191
f 1191 1231 1232
f 1191 1232 1193
f 1193 1232 1233
f 1193 1233 1195
f 1195 1233 1234
f 1195 1234 1197
f 1197 1234 1235
f 1197 1235 1199
f 1199 1235 1236
f 1199 1236 1201
f 1201 1236 1237
f 1201 1237 1203
f 1203 1237 1238
f 1203 1238 1205
f 1205 1238 1239
f 1205 1239 1207
f 1207 1239 1240
f 1207 1240 1209
f 1209 1240 1241
f 1209 1241 1211
f 1211 1241 1242
f 1211 1242 1213
f 1213 1242 1243
f 1213 1243 1215
f 1215 1243 1244
f 1215 1244 1217
f 1217 1244 1245
f 1217 1245 647
f 647 1245 648
f 828 827 1230
f 1230 827 1246
f 1230 1246 1231
f 1231 1246 1247
f 1231 1247 1232
f 1232 1247 1248
f 1232 1248 1233
f 1233 1248 1249
f 1233 1249 1234
f 1234 1249 1250
f 1234 1250 1235
f 1235 1250 1251
f 1235 1251 1236
f 1236 1251 1252
f 1236 1252 1237
f 1237 1252 1253
f 1237 1253 1238
f 1238 1253 1254
f 1238 1254 1239
f 1239 1254 1255
f 1239 1255 1240
f 1240 1255 1256
f 1240 1256 1241
f 1241 1256 1257
f 1241 1257 1242
f 1242 1257 1258
f 1242 1258 1243
f 1243 1258 1259
f 1243 1259 1244
f 1244 1259 1260
f 1244 1260 1245
f 1245 1260 1261
f 1245 1261 648
f 648 1261 649
f 827 826 1246
f 1246 826 1262
f 1246 1262 1247
f 1247 1262 1263
f 1247 1263 1248
f 1248 1263 1264
f 1248 1264 1249
f 1249 1264 1265
f 1249 1265 1250
f 1250 1265 1266
f 1250 1266 1251
f 1251 1266 1267
f 1251 1267 1252
f 1252 1267 1268
f 1252 1268 1253
f 1253 1268 1269
f 1253 1269 1254
f 1254 1269 1270
f 1254 1270 1255
f 1255 1270 1271
f 1255 1271 1256
f 1256 1271 1272
f 1256 1272 1257
f 1257 1272 1273
f 1257 1273 1258
f 1258 1273 1274
f 1258 1274 1259
f 1259 1274 1275
f 1259 1275 1260
f 1260 1275 1276
f 1260 1276 1261
f 1261 1276 1277
f 1261 1277 649
f 649 1277 650
f 826 825 1262
f 1262 825 1278
f 1262 1278 1263
f 1263 1278 1279
f 1263 1279 1264
f 1264 1279 1280
f 1264 1280 1265
f 1265 1280 1281
f 1265 1281 1266
f 1266 1281 1282
f 1266 1282 1267
f 1267 1282 1283
f 1267 1283 1268
f 1268 1283 1284
f 1268 1284 1269
f 1269 1284 1285
f 1269 1285 1270
f 1270 1285 1286
f 1270 1286 1271
f 1271 1286 1287
f 1271 1287 1272
f 1272 1287 1288
f 1272 1288 1273
f 1273 1288 1289
f 1273 1289 1274
f 1274 1289 1290
f 1274 1290 1275
f 1275 1290 1291
f 1275 1291 1276
f 1276 1291 1292
f 1276 1292 1277
f 1277 1292 1293
f 1277 1293 650
f 650 1293 651
f 825 824 1278
f 1278 824 1294
f 1278 1294 1279
f 1279 1294 1295
f 1279 1295 1280
f 1280 1295 1296
f 1280 1296 1281
f 1281 1296 1297
f 1281 1297 1282
f 1282 1297 1298
f 1282 1298 1283
f 1283 1298 1299
f 1283 1299 1284
f 1284 1299 1300
f 1284 1300 1285
f 1285 1300 1301
f 1285 1301 1286
f 1286 1301 1302
f 1286 1302 1287
f 1287 1302 1303
f 1287 1303 1288
f 1288 1303 1304
f 1288 1304 1289
f 1289 1304 1305
f 1289 1305 1290
f 1290 1305 1306
f 1290 1306 1291
f 1291 1306 1307
f 1291 1307 1292
f 1292 1307 1308
f 1292 1308 1293
f 1293 1308 1309
f 1293 1309 651
f 651 1309 652
f 824 823 1294
f 1294 823 1310
f 1294 1310 1295
f 1295 1310 1311
f 1295 1311 1296
f 1296 1311 1312
f 1296 1312 1297
f 1297 1312 1313
f 1297 1313 1298
f 1298 1313 1314
f 1298 1314 1299
f 1299 1314 1315
f 1299 1315 1300
f 1300 1315 1316
f 1300 1316 1301
f 1301 1316 1317
f 1301 1317 1302
f 1302 1317 1318
f 1302 1318 1303
f 1303 1318 1319
f 1303 1319 1304
f 1304 1319 1320
f 1304 1320 1305
f 1305 1320 1321
f 1305 1321 1306
f 1306 1321 1322
f 1306 1322 1307
f 1307 1322 1323
f 1307 1323 1308
f 1308 1323 1324
f 1308 1324 1309
f 1309 1324 1325
f 1309 1325 652
f 652 1325 653
f 823 822 1310
f 1310 822 1326
f 1310 1326 1311
f 1311 1326 1327
f 1311 1327 1312
f 1312 1327 1328
f 1312 1328 1313
f 1313 1328 1329
f 1313 1329 1314
f 1314 1329 1330
f 1314 1330 1315
f 1315 1330 1331
f 1315 1331 1316
f 1316 1331 1332
f 1316 1332 1317
f 1317 1332 1333
f 1317 1333 1318
f 1318 1333 1334
f 1318 1334 1319
f 1319 1334 1335
f 1319 1335 1320
f 1320 1335 1336
f 1320 1336 1321
f 1321 1336 1337
f 1321 1337 1322
f 1322 1337 1338
f 1322 1338 1323
f 1323 1338 1339
f 1323 1339 1324
f 1324 1339 1340
f 1324 1340 1325
f 1325 1340 1341
f 1325 1341 653
f 653 1341 654
f 822 821 1326
f 1326 821 1342
f 1326 1342 1327
f 1327 1342 1343
f 1327 1343 1328
f 1328 1343 1344
f 1328 1344 1329
f 1329 1344 1345
f 1329 1345 1330
f 1330 1345 1346
f 1330 1346 1331
f 1331 1346 1347
f 1331 1347 1332
f 1332 1347 1348
f 1332 1348 1333
f 1333 1348 1349
f 1333 1349 1334
f 1334 1349 1350
f 1334 1350 1335
f 1335 1350 1351
f 1335 1351 1336
f 1336 1351 1352
f 1336 1352 1337
f 1337 1352 1353
f 1337 1353 1338
f 1338 1353 1354
f 1338 1354 1339
f 1339 1354 1355
f 1339 1355 1340
f 1340 1355 1356
f 1340 1356 1341
f 1341 1356 1357
f 1341 1357 654
f 654 1357 655
f 821 820 1342
f 1342 820 1358
f 1342 1358 1343
f 1343 1358 1359
f 1343 1359 1344
f 1344 1359 1360
f 1344 1360 1345
f 1345 1360 1361
f 1345 1361 1346
f 1346 1361 1362
f 1346 1362 1347
f 1347 1362 1363
f 1347 1363 1348
f 1348 1363 1364
f 1348 1364 1349
f 1349 1364 1365
f 1349 1365 1350
f 1350 1365 1366
f 1350 1366 1351
f 1351 1366 1367
f 1351 1367 1352
f 1352 1367 1368
f 1352 1368 1353
f 1353 1368 1369
f 1353 1369 1354
f 1354 1369 1370
f 1354 1370 1355
f 1355 1370 1371
f 1355 1371 1356
f 1356 1371 1372
f 1356 1372 1357
f 1357 1372 1373
f 1357 1373 655
f 655 1373 656
f 820 819 1358
f 1358 819 1374
f 1358 1374 1359
f 1359 1374 1375
f 1359 1375 1360
f 1360 1375 1376
f 1360 1376 1361
f 1361 1376 1377
f 1361 1377 1362
f 1362 1377 1378
f 1362 1378 1363
f 1363 1378 1379
f 1363 1379 1364
f 1364 1379 1380
f 1364 1380 1365
f 1365 1380 1381
f 1365 1381 1366
f 1366 1381 1382
f 1366 1382 1367
f 1367 1382 1383
f 1367 1383 1368
f 1368 1383 1384
f 1368 1384 1369
f 1369 1384 1385
f 1369 1385 1370
f 1370 1385 1386
f 1370 1386 1371
f 1371 1386 1387
f 1371 1387 1372
f 1372 1387 1388
f 1372 1388 1373
f 1373 1388 1389
f 1373 1389 656
f 656 1389 657
f 657 1389 658
f 658 1389 1390
f 658 1390 659
f 659 1390 667
f 659 667 665
f 665 663 659
f 659 663 662
f 1389 1388 1390
f 1390 1388 1391
f 1390 1391 667
f 667 1391 673
f 1388 1387 1391
f 1391 1387 1392
f 1391 1392 673
f 673 1392 681
f 673 681 679
f 679 677 673
f 673 677 675
f 1387 1386 1392
f 1392 1386 1393
f 1392 1393 681
f 681 1393 1394
f 681 1394 1395
f 1395 1394 1396
f 1395 1396 684
f 684 1396 1397
f 684 1397 1398
f 1398 1397 1394
f 1398 1394 1399
f 1399 1394 1400
f 1399 1400 1401
f 1401 1400 1402
f 1401 1402 1403
f 1403 1402 1404
f 1403 1404 1405
f 1405 1404 1406
f 1405 1406 1401
f 1401 1406 1407
f 1401 1407 1408
f 1408 1407 1409
f 1408 1409 1410
f 1410 1409 1411
f 1410 1411 1412
f 1412 1411 1413
f 1412 1413 1408
f 1408 1413 1414
f 1408 1414 1415
f 1415 1414 1411
f 1415 1411 1416
f 1416 1411 1417
f 1416 1417 1418
f 1418 1417 1419
f 1418 1419 1420
f 1420 1419 1421
f 1420 1421 1422
f 1422 1421 1417
f 1422 1417 1423
f 1423 1417 1424
f 1423 1424 1425
f 1425 1424 1426
f 1425 1426 1427
f 1427 1426 1428
f 1427 1428 1429
f 1429 1428 1430
f 1429 1430 1431
f 1431 1430 1432
f 1431 1432 1433
f 1433 1432 1434
f 1433 1434 1435
f 1435 1434 1436
f 1435 1436 1437
f 1437 1436 1438
f 1437 1438 1439
f 1439 1438 1440
f 1439 1440 1441
f 1441 1440 1442
f 1441 1442 1443
f 1443 1442 1444
f 1443 1444 1445
f 1445 1444 1446
f 1445 1446 1447
f 1447 1446 1448
f 1447 1448 1449
f 1449 1448 1450
f 1449 1450 1451
f 1451 1450 1452
f 1451 1452 1453
f 1453 1452 1454
f 1453 1454 1455
f 1455 1454 1456
f 1455 1456 1451
f 1451 1456 1457
f 1451 1457 1458
f 1458 1457 813
f 1458 813 812
f 1455 1451 1453
f 1421 1419 1417
f 1414 1413 1411
f 1412 1408 1410
f 1405 1401 1403
f 1397 1396 1394
f 813 1457 814
f 814 1457 1459
f 814 1459 1460
f 1460 1459 1461
f 1460 1461 817
f 817 1461 1462
f 817 1462 818
f 818 1462 1374
f 818 1374 819
f 1374 1462 1375
f 1375 1462 1463
f 1375 1463 1376
f 1376 1463 1464
f 1376 1464 1377
f 1377 1464 1465
f 1377 1465 1378
f 1378 1465 1466
f 1378 1466 1379
f 1379 1466 1467
f 1379 1467 1380
f 1380 1467 1468
f 1380 1468 1381
f 1381 1468 1469
f 1381 1469 1382
f 1382 1469 1470
f 1382 1470 1383
f 1383 1470 1471
f 1383 1471 1384
f 1384 1471 1472
f 1384 1472 1385
f 1385 1472 1393
f 1385 1393 1386
f 1393 1472 1394
f 1394 1472 1404
f 1394 1404 1400
f 1400 1404 1402
f 1472 1471 1404
f 1404 1471 1411
f 1404 1411 1409
f 1409 1407 1404
f 1404 1407 1406
f 1471 1470 1411
f 1411 1470 1417
f 1470 1469 1417
f 1417 1469 1424
f 1469 1468 1424
f 1424 1468 1432
f 1424 1432 1430
f 1430 1428 1424
f 1424 1428 1426
f 1468 1467 1432
f 1432 1467 1438
f 1432 1438 1434
f 1434 1438 1436
f 1467 1466 1438
f 1438 1466 1444
f 1438 1444 1440
f 1440 1444 1442
f 1466 1465 1444
f 1444 1465 1446
f 1465 1464 1446
f 1446 1464 1454
f 1446 1454 1452
f 1452 1450 1446
f 1446 1450 1448
f 1464 1463 1454
f 1454 1463 1461
f 1454 1461 1473
f 1473 1461 1474
f 1473 1474 1457
f 1457 1474 1475
f 1457 1475 1476
f 1476 1475 1461
f 1476 1461 1459
f 1459 1457 1476
f 1474 1461 1475
f 1463 1462 1461
f 1457 1456 1473
f 1473 1456 1454
f 1447 1449 1445
f 1445 1449 1443
f 1443 1449 1441
f 1441 1449 1477
f 1441 1477 1478
f 1478 1477 1479
f 1478 1479 1480
f 1480 1479 1481
f 1480 1481 1482
f 1482 1481 1483
f 1482 1483 1484
f 1484 1483 1485
f 1484 1485 1486
f 1486 1485 1487
f 1486 1487 1488
f 1488 1487 1489
f 1488 1489 698
f 698 1489 700
f 698 696 1488
f 1488 696 1490
f 1488 1490 1486
f 1486 1490 1491
f 1486 1491 1484
f 1484 1491 1492
f 1484 1492 1482
f 1482 1492 1493
f 1482 1493 1480
f 1480 1493 1494
f 1480 1494 1478
f 1478 1494 1435
f 1478 1435 1441
f 1441 1435 1439
f 1435 1437 1439
f 696 694 1490
f 1490 694 1495
f 1490 1495 1491
f 1491 1495 1496
f 1491 1496 1492
f 1492 1496 1497
f 1492 1497 1493
f 1493 1497 1498
f 1493 1498 1494
f 1494 1498 1429
f 1494 1429 1435
f 1435 1429 1433
f 1429 1431 1433
f 1429 1498 1427
f 1427 1498 1499
f 1427 1499 1420
f 1420 1499 1500
f 1420 1500 1408
f 1408 1500 1501
f 1408 1501 1401
f 1401 1501 686
f 1401 686 684
f 1401 684 1399
f 1399 684 1398
f 686 1501 688
f 688 1501 1502
f 688 1502 690
f 690 1502 1503
f 690 1503 692
f 692 1503 1495
f 692 1495 694
f 1495 1503 1496
f 1496 1503 1504
f 1496 1504 1497
f 1497 1504 1499
f 1497 1499 1498
f 1499 1504 1500
f 1500 1504 1502
f 1500 1502 1501
f 1502 1504 1503
f 1408 1415 1420
f 1420 1415 1416
f 1420 1416 1418
f 1420 1422 1427
f 1427 1422 1423
f 1427 1423 1425
f 684 683 1395
f 1395 683 681
f 706 704 804
f 804 704 1505
f 804 1505 805
f 805 1505 1506
f 805 1506 806
f 806 1506 1507
f 806 1507 807
f 807 1507 1508
f 807 1508 808
f 808 1508 1509
f 808 1509 809
f 809 1509 1510
f 809 1510 810
f 810 1510 1511
f 810 1511 811
f 811 1511 1512
f 811 1512 812
f 812 1512 1458
f 704 702 1505
f 1505 702 1513
f 1505 1513 1506
f 1506 1513 1514
f 1506 1514 1507
f 1507 1514 1515
f 1507 1515 1508
f 1508 1515 1516
f 1508 1516 1509
f 1509 1516 1517
f 1509 1517 1510
f 1510 1517 1518
f 1510 1518 1511
f 1511 1518 1519
f 1511 1519 1512
f 1512 1519 1520
f 1512 1520 1458
f 1458 1520 1451
f 1451 1520 1449
f 1449 1520 1477
f 1520 1519 1477
f 1477 1519 1479
f 1519 1518 1479
f 1479 1518 1481
f 1518 1517 1481
f 1481 1517 1483
f 1517 1516 1483
f 1483 1516 1485
f 1516 1515 1485
f 1485 1515 1487
f 1515 1514 1487
f 1487 1514 1489
f 1514 1513 1489
f 1489 1513 700
f 700 1513 702
f 743 742 749
f 749 742 750
f 742 741 750
f 750 741 752
f 741 740 752
f 752 740 754
f 740 739 754
f 754 739 756
f 739 738 756
f 756 738 758
f 738 737 758
f 758 737 760
f 737 736 760
f 760 736 762
f 736 735 762
f 762 735 764
f 735 734 764
f 764 734 766
f 734 733 766
f 766 733 768
f 733 732 768
f 768 732 770
f 732 731 770
f 770 731 772
f 731 730 772
f 772 730 774
f 730 729 774
f 774 729 776
f 712 710 714
f 714 710 803
f 714 803 715
f 715 803 801
f 715 801 716
f 716 801 799
f 716 799 717
f 717 799 797
f 717 797 718
f 718 797 795
f 718 795 719
f 719 795 793
f 719 793 720
f 720 793 791
f 720 791 721
f 721 791 789
f 721 789 722
f 722 789 787
f 722 787 723
f 723 787 785
f 723 785 724
f 724 785 783
f 724 783 725
f 725 783 781
f 725 781 726
f 726 781 779
f 726 779 727
f 727 779 1521
f 1521 776 729
f 674 676 672
f 672 676 671
f 671 676 664
f 664 676 1522
f 664 1522 1523
f 1523 1522 1524
f 1523 1524 1525
f 1525 1524 1526
f 1525 1526 1527
f 1527 1526 1528
f 1527 1528 1529
f 1529 1528 1530
f 1529 1530 1531
f 1531 1530 1532
f 1531 1532 1533
f 1533 1532 1534
f 1533 1534 1535
f 1535 1534 1536
f 1535 1536 1537
f 1537 1536 1538
f 1537 1538 1539
f 1539 1538 1540
f 1539 1540 215
f 215 1540 131
f 131 1540 1541
f 131 1541 214
f 215 216 1539
f 1539 216 1537
f 1537 216 217
f 1537 217 1535
f 1535 217 127
f 1535 127 1533
f 1533 127 218
f 1533 218 1531
f 1531 218 219
f 1531 219 1529
f 1529 219 221
f 1529 221 1527
f 1527 221 223
f 1527 223 1525
f 1525 223 225
f 1525 225 1523
f 1523 225 226
f 1523 226 664
f 664 226 228
f 596 86 597
f 597 86 84
f 597 84 1542
f 1542 84 118
f 118 970 1542
f 1542 970 1543
f 1542 1543 598
f 598 1543 599
f 598 597 1542
f 1543 1544 599
f 599 1544 600
f 600 1544 1545
f 1545 1544 1546
f 1545 1546 1547
f 1547 1546 965
f 1547 965 963
f 965 1546 967
f 967 1546 1548
f 967 1548 969
f 969 1548 970
f 970 1548 1543
f 1543 1548 1544
f 1548 1546 1544
f 600 1545 601
f 601 1545 1549
f 601 1549 602
f 602 1549 1550
f 602 1550 603
f 603 1550 1551
f 603 1551 604
f 604 1551 1552
f 604 1552 605
f 605 1552 1553
f 605 1553 606
f 606 1553 1554
f 606 1554 607
f 607 1554 1555
f 607 1555 608
f 608 1555 1556
f 608 1556 609
f 609 1556 1557
f 609 1557 610
f 610 1557 1558
f 610 1558 611
f 611 1558 1559
f 611 1559 612
f 612 1559 1177
f 612 1177 613
f 1545 1547 1549
f 1549 1547 1560
f 1549 1560 1550
f 1550 1560 1561
f 1550 1561 1551
f 1551 1561 1562
f 1551 1562 1552
f 1552 1562 1563
f 1552 1563 1553
f 1553 1563 1564
f 1553 1564 1554
f 1554 1564 1565
f 1554 1565 1555
f 1555 1565 1566
f 1555 1566 1556
f 1556 1566 1567
f 1556 1567 1557
f 1557 1567 1568
f 1557 1568 1558
f 1558 1568 1569
f 1558 1569 1559
f 1559 1569 1178
f 1559 1178 1177
f 1547 963 1560
f 1560 963 961
f 1560 961 1561
f 1561 961 959
f 1561 959 1562
f 1562 959 957
f 1562 957 1563
f 1563 957 955
f 1563 955 1564
f 1564 955 953
f 1564 953 1565
f 1565 953 951
f 1565 951 1566
f 1566 951 949
f 1566 949 1567
f 1567 949 947
f 1567 947 1568
f 1568 947 946
f 1568 946 1569
f 1569 946 944
f 1569 944 1178
f 214 1541 1570
f 1570 1541 1571
f 1570 1571 1572
f 1572 1571 1573
f 1572 1573 1574
f 1574 1573 1575
f 1574 1575 1576
f 1576 1575 1577
f 1576 1577 1578
f 1578 1577 1579
f 1578 1579 1580
f 1580 1579 1581
f 1580 1581 1582
f 1582 1581 1583
f 1582 1583 1584
f 1584 1583 1585
f 1584 1585 1586
f 1586 1585 1587
f 1586 1587 1588
f 1588 1587 1589
f 1588 1589 1590
f 1590 1589 1591
f 1590 1591 1592
f 1592 1591 1593
f 1592 1593 1594
f 1594 1593 1595
f 1594 1595 1596
f 1596 1595 1597
f 1596 1597 1598
f 1598 1597 1599
f 1598 1599 1600
f 1600 1599 1601
f 1600 1601 1602
f 1602 1601 1603
f 1602 1603 1604
f 1604 1603 1605
f 1604 1605 1606
f 1606 1605 1607
f 1606 1607 1608
f 1608 1607 1609
f 1608 1609 1610
f 1610 1609 551
f 1610 551 550
f 551 1609 553
f 553 1609 1611
f 553 1611 554
f 554 1611 1612
f 554 1612 555
f 555 1612 1613
f 555 1613 556
f 556 1613 1614
f 556 1614 557
f 557 1614 1615
f 557 1615 558
f 558 1615 1616
f 558 1616 559
f 559 1616 713
f 214 1570 213
f 213 1570 1617
f 1617 1570 1572
f 1617 1572 1574
f 213 1617 212
f 1617 1618 212
f 212 1618 210
f 210 1618 1619
f 210 1619 208
f 208 1619 1620
f 208 1620 206
f 1620 1621 206
f 206 1621 205
f 1621 1622 205
f 205 1622 203
f 203 1622 1623
f 1623 1622 1624
f 1623 1624 1625
f 1625 1624 1626
f 1625 1626 1627
f 1627 1626 1628
f 1627 1628 1629
f 1629 1628 1630
f 1629 1630 1631
f 1631 1630 1632
f 1631 1632 1633
f 1633 1632 1634
f 1633 1634 1635
f 1635 1634 1636
f 1635 1636 1637
f 1637 1636 1638
f 1637 1638 1639
f 1639 1638 1640
f 1639 1640 1641
f 1641 1640 1642
f 1641 1642 1643
f 1643 1642 1644
f 1643 1644 1645
f 1645 1644 1646
f 1645 1646 1647
f 1647 1646 1648
f 1647 1648 1649
f 1649 1648 1650
f 1649 1650 1651
f 1651 1650 1652
f 1651 1652 1653
f 1653 1652 540
f 1653 540 539
f 540 1652 541
f 541 1652 1654
f 541 1654 542
f 542 1654 1655
f 542 1655 543
f 543 1655 1656
f 543 1656 544
f 544 1656 1657
f 544 1657 545
f 545 1657 1658
f 545 1658 546
f 546 1658 1659
f 546 1659 547
f 547 1659 1660
f 547 1660 548
f 548 1660 1661
f 548 1661 549
f 549 1661 1662
f 549 1662 550
f 550 1662 1610
f 1610 1662 1608
f 1608 1662 1606
f 1652 1650 1654
f 1654 1650 1663
f 1654 1663 1655
f 1655 1663 1664
f 1655 1664 1656
f 1656 1664 1665
f 1656 1665 1657
f 1657 1665 1666
f 1657 1666 1658
f 1658 1666 1667
f 1658 1667 1659
f 1659 1667 1668
f 1659 1668 1660
f 1660 1668 1669
f 1660 1669 1661
f 1661 1669 1670
f 1661 1670 1662
f 1662 1670 1606
f 1606 1670 1604
f 1604 1670 1671
f 1604 1671 1602
f 1602 1671 1600
f 1670 1669 1671
f 1671 1669 1672
f 1671 1672 1600
f 1600 1672 1673
f 1600 1673 1598
f 1598 1673 1674
f 1598 1674 1596
f 1596 1674 1675
f 1596 1675 1676
f 1676 1675 1677
f 1676 1677 1678
f 1678 1677 1679
f 1678 1679 1680
f 1680 1679 1636
f 1680 1636 1634
f 1636 1679 1638
f 1638 1679 1681
f 1638 1681 1640
f 1640 1681 1682
f 1640 1682 1642
f 1642 1682 1683
f 1642 1683 1644
f 1644 1683 1684
f 1644 1684 1646
f 1646 1684 1685
f 1646 1685 1648
f 1648 1685 1663
f 1648 1663 1650
f 1663 1685 1664
f 1664 1685 1686
f 1664 1686 1665
f 1665 1686 1687
f 1665 1687 1666
f 1666 1687 1688
f 1666 1688 1667
f 1667 1688 1689
f 1667 1689 1668
f 1668 1689 1672
f 1668 1672 1669
f 1672 1689 1673
f 1673 1689 1690
f 1673 1690 1674
f 1674 1690 1691
f 1674 1691 1675
f 1675 1691 1692
f 1675 1692 1677
f 1677 1692 1681
f 1677 1681 1679
f 1681 1692 1682
f 1682 1692 1693
f 1682 1693 1683
f 1683 1693 1694
f 1683 1694 1684
f 1684 1694 1686
f 1684 1686 1685
f 1686 1694 1687
f 1687 1694 1695
f 1687 1695 1688
f 1688 1695 1690
f 1688 1690 1689
f 1690 1695 1691
f 1691 1695 1693
f 1691 1693 1692
f 1694 1693 1695
f 1596 1676 1594
f 1594 1676 1696
f 1594 1696 1592
f 1592 1696 1697
f 1592 1697 1590
f 1590 1697 1698
f 1590 1698 1588
f 1588 1698 1699
f 1588 1699 1586
f 1586 1699 1700
f 1586 1700 1584
f 1584 1700 1701
f 1584 1701 1582
f 1582 1701 1702
f 1582 1702 1580
f 1580 1702 1703
f 1580 1703 1578
f 1578 1703 1704
f 1578 1704 1576
f 1576 1704 1705
f 1576 1705 1574
f 1574 1705 1617
f 1617 1705 1618
f 1618 1705 1619
f 1705 1704 1619
f 1619 1704 1706
f 1619 1706 1620
f 1620 1706 1621
f 1704 1703 1706
f 1706 1703 1707
f 1706 1707 1621
f 1621 1707 1622
f 1703 1702 1707
f 1707 1702 1708
f 1707 1708 1622
f 1622 1708 1624
f 1702 1701 1708
f 1708 1701 1709
f 1708 1709 1624
f 1624 1709 1626
f 1701 1700 1709
f 1709 1700 1710
f 1709 1710 1626
f 1626 1710 1628
f 1700 1699 1710
f 1710 1699 1711
f 1710 1711 1628
f 1628 1711 1630
f 1699 1698 1711
f 1711 1698 1712
f 1711 1712 1630
f 1630 1712 1713
f 1630 1713 1632
f 1632 1713 1634
f 1634 1713 1680
f 1680 1713 1714
f 1680 1714 1715
f 1715 1714 1697
f 1715 1697 1696
f 1680 1715 1678
f 1678 1715 1696
f 1678 1696 1676
f 1713 1712 1714
f 1714 1712 1697
f 1697 1712 1698
f 203 1623 201
f 201 1623 1625
f 201 1625 199
f 199 1625 1716
f 1716 1625 1627
f 1716 1627 1717
f 1717 1627 1629
f 1717 1629 1718
f 1718 1629 1631
f 1718 1631 1633
f 199 1716 198
f 198 1716 1719
f 198 1719 196
f 196 1719 1720
f 196 1720 195
f 195 1720 1721
f 195 1721 1722
f 1722 1721 1723
f 1722 1723 1724
f 1724 1723 1717
f 1724 1717 1718
f 195 1722 193
f 1720 1719 1721
f 1721 1719 1723
f 1723 1719 1717
f 1717 1719 1716
f 1722 1725 193
f 193 1725 192
f 192 1725 1726
f 192 1726 190
f 190 1726 1727
f 1727 1726 1728
f 1727 1728 1729
f 1729 1728 1730
f 1729 1730 1731
f 1731 1730 1732
f 1731 1732 1733
f 1733 1732 1734
f 1733 1734 1735
f 1735 1734 1736
f 1735 1736 1737
f 1737 1736 1738
f 1737 1738 1739
f 1739 1738 1740
f 1739 1740 1741
f 1741 1740 1742
f 1741 1742 1743
f 1743 1742 1744
f 1743 1744 1745
f 1745 1744 1746
f 1745 1746 1747
f 1747 1746 537
f 1747 537 536
f 537 1746 538
f 538 1746 1748
f 538 1748 539
f 539 1748 1653
f 1746 1744 1748
f 1748 1744 1749
f 1748 1749 1653
f 1653 1749 1651
f 1744 1742 1749
f 1749 1742 1750
f 1749 1750 1651
f 1651 1750 1649
f 1742 1740 1750
f 1750 1740 1751
f 1750 1751 1649
f 1649 1751 1647
f 1740 1738 1751
f 1751 1738 1752
f 1751 1752 1647
f 1647 1752 1645
f 1738 1736 1752
f 1752 1736 1753
f 1752 1753 1645
f 1645 1753 1643
f 1736 1734 1753
f 1753 1734 1754
f 1753 1754 1643
f 1643 1754 1641
f 1734 1732 1754
f 1754 1732 1755
f 1754 1755 1641
f 1641 1755 1639
f 1732 1730 1755
f 1755 1730 1756
f 1755 1756 1639
f 1639 1756 1637
f 1730 1728 1756
f 1756 1728 1757
f 1756 1757 1637
f 1637 1757 1635
f 1728 1726 1757
f 1757 1726 1758
f 1757 1758 1635
f 1635 1758 1633
f 1726 1725 1758
f 1758 1725 1759
f 1758 1759 1633
f 1633 1759 1718
f 1718 1759 1724
f 1724 1759 1722
f 1759 1725 1722
f 190 1727 188
f 1727 1729 188
f 188 1729 186
f 186 1729 1760
f 186 1760 184
f 1729 1731 1760
f 1760 1731 1761
f 1760 1761 1762
f 1762 1761 1763
f 1762 1763 183
f 183 1763 181
f 181 1763 1764
f 181 1764 179
f 183 184 1762
f 1762 184 1760
f 1731 1733 1761
f 1761 1733 1765
f 1761 1765 1763
f 1763 1765 1766
f 1763 1766 1764
f 1764 1766 1767
f 1764 1767 179
f 179 1767 178
f 178 1767 1768
f 178 1768 176
f 1733 1735 1765
f 1765 1735 1769
f 1765 1769 1766
f 1766 1769 1770
f 1766 1770 1767
f 1767 1770 1768
f 1735 1737 1769
f 1769 1737 1771
f 1769 1771 1770
f 1770 1771 1772
f 1770 1772 1768
f 1768 1772 1773
f 1768 1773 176
f 176 1773 175
f 175 1773 1774
f 175 1774 246
f 1737 1739 1771
f 1771 1739 1775
f 1771 1775 1772
f 1772 1775 1776
f 1772 1776 1773
f 1773 1776 1774
f 1739 1741 1775
f 1775 1741 1777
f 1775 1777 1776
f 1776 1777 1778
f 1776 1778 1774
f 1774 1778 1779
f 1774 1779 246
f 246 1779 245
f 245 1779 1780
f 245 1780 243
f 1741 1743 1777
f 1777 1743 1781
f 1777 1781 1778
f 1778 1781 1782
f 1778 1782 1779
f 1779 1782 1780
f 1743 1745 1781
f 1781 1745 1783
f 1781 1783 1782
f 1782 1783 1784
f 1782 1784 1780
f 1780 1784 1785
f 1780 1785 243
f 243 1785 241
f 1745 1747 1783
f 1783 1747 1786
f 1783 1786 1784
f 1784 1786 1787
f 1784 1787 1785
f 1785 1787 1788
f 1785 1788 241
f 241 1788 239
f 239 1788 533
f 533 1788 534
f 534 1788 1787
f 534 1787 535
f 535 1787 1786
f 535 1786 536
f 536 1786 1747
f 1616 1789 713
f 713 1789 711
f 711 1789 1790
f 1790 1789 1791
f 1790 1791 1792
f 1792 1791 1793
f 1792 1793 1794
f 1794 1793 1795
f 1794 1795 1796
f 1796 1795 1797
f 1796 1797 1798
f 1798 1797 1799
f 1798 1799 1800
f 1800 1799 1801
f 1800 1801 1802
f 1802 1801 1803
f 1802 1803 1804
f 1804 1803 1805
f 1804 1805 1806
f 1806 1805 1807
f 1806 1807 1808
f 1808 1807 1809
f 1808 1809 1810
f 1810 1809 1811
f 1810 1811 1812
f 1812 1811 1579
f 1812 1579 1577
f 1579 1811 1581
f 1581 1811 1813
f 1581 1813 1583
f 1583 1813 1814
f 1583 1814 1585
f 1585 1814 1815
f 1585 1815 1587
f 1587 1815 1816
f 1587 1816 1589
f 1589 1816 1817
f 1589 1817 1591
f 1591 1817 1818
f 1591 1818 1593
f 1593 1818 1819
f 1593 1819 1595
f 1595 1819 1597
f 1597 1819 1599
f 1599 1819 1820
f 1599 1820 1601
f 1601 1820 1603
f 1811 1809 1813
f 1813 1809 1821
f 1813 1821 1814
f 1814 1821 1822
f 1814 1822 1815
f 1815 1822 1823
f 1815 1823 1816
f 1816 1823 1824
f 1816 1824 1817
f 1817 1824 1825
f 1817 1825 1818
f 1818 1825 1826
f 1818 1826 1819
f 1819 1826 1820
f 1809 1807 1821
f 1821 1807 1827
f 1821 1827 1822
f 1822 1827 1828
f 1822 1828 1823
f 1823 1828 1829
f 1823 1829 1824
f 1824 1829 1830
f 1824 1830 1825
f 1825 1830 1831
f 1825 1831 1826
f 1826 1831 1832
f 1826 1832 1820
f 1820 1832 1603
f 1807 1805 1827
f 1827 1805 1833
f 1827 1833 1828
f 1828 1833 1834
f 1828 1834 1829
f 1829 1834 1835
f 1829 1835 1830
f 1830 1835 1836
f 1830 1836 1831
f 1831 1836 1837
f 1831 1837 1832
f 1832 1837 1838
f 1832 1838 1603
f 1603 1838 1605
f 1805 1803 1833
f 1833 1803 1839
f 1833 1839 1834
f 1834 1839 1840
f 1834 1840 1835
f 1835 1840 1841
f 1835 1841 1836
f 1836 1841 1842
f 1836 1842 1837
f 1837 1842 1843
f 1837 1843 1838
f 1838 1843 1844
f 1838 1844 1605
f 1605 1844 1607
f 1803 1801 1839
f 1839 1801 1845
f 1839 1845 1840
f 1840 1845 1846
f 1840 1846 1841
f 1841 1846 1847
f 1841 1847 1842
f 1842 1847 1848
f 1842 1848 1843
f 1843 1848 1849
f 1843 1849 1844
f 1844 1849 1850
f 1844 1850 1607
f 1607 1850 1609
f 1609 1850 1611
f 1611 1850 1851
f 1611 1851 1612
f 1612 1851 1852
f 1612 1852 1613
f 1613 1852 1853
f 1613 1853 1614
f 1614 1853 1854
f 1614 1854 1615
f 1615 1854 1855
f 1615 1855 1616
f 1616 1855 1789
f 1789 1855 1791
f 1791 1855 1856
f 1791 1856 1793
f 1793 1856 1857
f 1793 1857 1795
f 1795 1857 1858
f 1795 1858 1797
f 1797 1858 1859
f 1797 1859 1799
f 1799 1859 1845
f 1799 1845 1801
f 1845 1859 1846
f 1846 1859 1860
f 1846 1860 1847
f 1847 1860 1861
f 1847 1861 1848
f 1848 1861 1862
f 1848 1862 1849
f 1849 1862 1851
f 1849 1851 1850
f 1851 1862 1852
f 1852 1862 1863
f 1852 1863 1853
f 1853 1863 1864
f 1853 1864 1854
f 1854 1864 1856
f 1854 1856 1855
f 1856 1864 1857
f 1857 1864 1865
f 1857 1865 1858
f 1858 1865 1860
f 1858 1860 1859
f 1860 1865 1861
f 1861 1865 1863
f 1861 1863 1862
f 1865 1864 1863
f 711 1790 709
f 709 1790 1866
f 709 1866 707
f 707 1866 1867
f 707 1867 705
f 705 1867 1868
f 705 1868 703
f 703 1868 1869
f 703 1869 701
f 701 1869 1870
f 701 1870 699
f 699 1870 1871
f 699 1871 697
f 697 1871 1872
f 697 1872 695
f 695 1872 1873
f 695 1873 693
f 693 1873 1874
f 693 1874 691
f 691 1874 1875
f 691 1875 689
f 689 1875 1876
f 689 1876 687
f 687 1876 1877
f 687 1877 685
f 685 1877 1878
f 685 1878 678
f 678 1878 676
f 676 1878 1522
f 1522 1878 1879
f 1522 1879 1524
f 1524 1879 1880
f 1524 1880 1526
f 1526 1880 1881
f 1526 1881 1528
f 1528 1881 1882
f 1528 1882 1530
f 1530 1882 1883
f 1530 1883 1532
f 1532 1883 1884
f 1532 1884 1534
f 1534 1884 1885
f 1534 1885 1536
f 1536 1885 1886
f 1536 1886 1538
f 1538 1886 1887
f 1538 1887 1888
f 1888 1887 1889
f 1888 1889 1571
f 1571 1889 1573
f 1571 1541 1888
f 1888 1541 1540
f 1888 1540 1538
f 1878 1877 1879
f 1879 1877 1890
f 1879 1890 1880
f 1880 1890 1891
f 1880 1891 1881
f 1881 1891 1892
f 1881 1892 1882
f 1882 1892 1893
f 1882 1893 1883
f 1883 1893 1894
f 1883 1894 1884
f 1884 1894 1895
f 1884 1895 1885
f 1885 1895 1896
f 1885 1896 1886
f 1886 1896 1897
f 1886 1897 1887
f 1887 1897 1898
f 1887 1898 1889
f 1889 1898 1899
f 1889 1899 1573
f 1573 1899 1900
f 1573 1900 1575
f 1575 1900 1577
f 1577 1900 1812
f 1812 1900 1901
f 1812 1901 1810
f 1810 1901 1902
f 1810 1902 1808
f 1808 1902 1903
f 1808 1903 1806
f 1806 1903 1904
f 1806 1904 1804
f 1804 1904 1905
f 1804 1905 1802
f 1802 1905 1906
f 1802 1906 1800
f 1800 1906 1907
f 1800 1907 1798
f 1798 1907 1908
f 1798 1908 1796
f 1796 1908 1909
f 1796 1909 1794
f 1794 1909 1910
f 1794 1910 1792
f 1792 1910 1866
f 1792 1866 1790
f 1866 1910 1867
f 1867 1910 1911
f 1867 1911 1868
f 1868 1911 1912
f 1868 1912 1869
f 1869 1912 1913
f 1869 1913 1870
f 1870 1913 1914
f 1870 1914 1871
f 1871 1914 1915
f 1871 1915 1872
f 1872 1915 1916
f 1872 1916 1873
f 1873 1916 1917
f 1873 1917 1874
f 1874 1917 1918
f 1874 1918 1875
f 1875 1918 1919
f 1875 1919 1876
f 1876 1919 1890
f 1876 1890 1877
f 1890 1919 1891
f 1891 1919 1920
f 1891 1920 1892
f 1892 1920 1921
f 1892 1921 1893
f 1893 1921 1922
f 1893 1922 1894
f 1894 1922 1923
f 1894 1923 1895
f 1895 1923 1924
f 1895 1924 1896
f 1896 1924 1925
f 1896 1925 1897
f 1897 1925 1926
f 1897 1926 1898
f 1898 1926 1927
f 1898 1927 1899
f 1899 1927 1901
f 1899 1901 1900
f 1901 1927 1902
f 1902 1927 1928
f 1902 1928 1903
f 1903 1928 1929
f 1903 1929 1904
f 1904 1929 1930
f 1904 1930 1905
f 1905 1930 1931
f 1905 1931 1906
f 1906 1931 1932
f 1906 1932 1907
f 1907 1932 1933
f 1907 1933 1908
f 1908 1933 1934
f 1908 1934 1909
f 1909 1934 1911
f 1909 1911 1910
f 1911 1934 1912
f 1912 1934 1935
f 1912 1935 1913
f 1913 1935 1936
f 1913 1936 1914
f 1914 1936 1937
f 1914 1937 1915
f 1915 1937 1938
f 1915 1938 1916
f 1916 1938 1939
f 1916 1939 1917
f 1917 1939 1940
f 1917 1940 1918
f 1918 1940 1920
f 1918 1920 1919
f 1920 1940 1921
f 1921 1940 1941
f 1921 1941 1922
f 1922 1941 1942
f 1922 1942 1923
f 1923 1942 1943
f 1923 1943 1924
f 1924 1943 1944
f 1924 1944 1925
f 1925 1944 1945
f 1925 1945 1926
f 1926 1945 1928
f 1926 1928 1927
f 1928 1945 1929
f 1929 1945 1946
f 1929 1946 1930
f 1930 1946 1947
f 1930 1947 1931
f 1931 1947 1948
f 1931 1948 1932
f 1932 1948 1949
f 1932 1949 1933
f 1933 1949 1935
f 1933 1935 1934
f 1935 1949 1936
f 1936 1949 1950
f 1936 1950 1937
f 1937 1950 1951
f 1937 1951 1938
f 1938 1951 1952
f 1938 1952 1939
f 1939 1952 1941
f 1939 1941 1940
f 1941 1952 1942
f 1942 1952 1953
f 1942 1953 1943
f 1943 1953 1954
f 1943 1954 1944
f 1944 1954 1946
f 1944 1946 1945
f 1946 1954 1947
f 1947 1954 1955
f 1947 1955 1948
f 1948 1955 1950
f 1948 1950 1949
f 1950 1955 1951
f 1951 1955 1953
f 1951 1953 1952
f 1955 1954 1953
f 1521 729 1956
f 1956 729 728
f 1956 728 727
f 727 1521 1956
f 1521 779 1957
f 1957 779 778
f 1957 778 776
f 1957 776 1521
f 1460 817 1958
f 1958 817 1959
f 1958 1959 814
f 814 1959 815
f 815 1959 817
f 814 1460 1958
f 1130 1146 1131
f 1146 1145 1960
f 1146 1960 1131
f 1131 1960 1132
f 1132 1960 1961
f 1961 1962 1963
f 1961 1963 1133
f 1133 1963 1134
f 1134 1963 1964
f 1964 1963 1965
f 1964 1965 1966
f 1135 1134 1966
f 1966 1134 1964
f 1133 1132 1961
f 1135 1966 1967
f 1967 1966 1968
f 1968 1969 109
f 109 1969 110
f 110 57 109
f 108 109 55
f 109 108 1968
f 1968 108 1967
f 1967 1136 1135
f 1966 1965 1968
f 1968 1965 1969
f 1969 1970 110
f 110 1970 1971
f 110 1971 59
f 59 1971 111
f 111 1971 1972
f 111 1972 62
f 62 1972 112
f 112 1972 1973
f 1973 1972 1974
f 1973 1974 1975
f 1975 1974 1976
f 1975 1976 1977
f 1977 1976 1978
f 1977 1978 1140
f 1140 1978 1141
f 1140 1139 1977
f 1977 1139 1979
f 1977 1979 1975
f 1975 1979 1980
f 1975 1980 1973
f 1973 1980 113
f 1973 113 65
f 65 112 1973
f 113 1980 114
f 114 1980 1981
f 114 1981 68
f 68 1981 115
f 115 1981 1137
f 1137 1981 1138
f 1980 1979 1981
f 1981 1979 1138
f 1138 1979 1139
f 1978 1982 1141
f 1141 1982 1142
f 1982 1983 1142
f 1142 1983 1143
f 1143 1983 1984
f 1984 1983 1985
f 1984 1985 1962
f 1962 1985 1965
f 1962 1965 1963
f 1143 1984 1144
f 1144 1984 1986
f 1144 1986 1145
f 1145 1986 1960
f 1960 1986 1961
f 1961 1986 1962
f 1962 1986 1984
f 1987 1985 1983
f 1987 1983 1982
f 1982 1988 1987
f 1985 1987 1989
f 1985 1989 1965
f 1965 1989 1969
f 1969 1989 1970
f 1970 1990 1971
f 1971 1990 1972
f 1972 1990 1974
f 1974 1990 1991
f 1974 1991 1976
f 1976 1991 1988
f 1976 1988 1978
f 1978 1988 1982
f 1988 1991 1987
f 1987 1991 1970
f 1987 1970 1989
f 1991 1990 1970
f 1136 1967 1992
f 1992 1967 108
f 1992 108 53
f 107 1136 53
f 53 1136 1992
f 816 777 1993
f 816 1993 780
f 780 1993 778
f 778 1993 777
f 577 576 728
f 728 576 575
f 576 444 1994
f 447 1994 445
f 445 1994 444
f 447 576 1994
f 1995 1996 1997
f 1997 1996 1998
f 1997 1998 1999
f 1999 1998 2000
f 1999 2000 2001
f 2001 2000 2002
f 2001 2002 2003
f 2003 2002 2004
f 2005 2006 1996
f 1996 2006 2007
f 1996 2007 1998
f 1998 2007 2008
f 1998 2008 2009
f 2009 2008 2010
f 2009 2010 2002
f 2002 2010 2011
f 2002 2011 2012
f 2012 2011 2013
f 2012 2013 2014
f 2014 2013 2015
f 2014 2015 2016
f 2016 2015 2017
f 2016 2017 2018
f 2018 2017 2019
f 2018 2019 2020
f 2020 2019 2021
f 2020 2021 2022
f 2022 2021 2023
f 2020 2024 2018
f 2018 2024 2025
f 2018 2025 2026
f 2018 2026 2016
f 2016 2026 2027
f 2016 2027 2028
f 2016 2028 2014
f 2014 2028 2029
f 2014 2029 2030
f 2014 2030 2012
f 2012 2030 2031
f 2012 2031 2004
f 2002 2012 2004
f 2002 2000 2009
f 2009 2000 1998
f 2032 2033 2006
f 2006 2033 2034
f 2006 2034 2007
f 2007 2034 2035
f 2007 2035 2008
f 2008 2035 2036
f 2008 2036 2037
f 2037 2036 2038
f 2037 2038 2039
f 2039 2038 2040
f 2039 2040 2041
f 2041 2040 2042
f 2041 2042 2043
f 2043 2042 2044
f 2043 2044 2045
f 2045 2044 2046
f 2045 2046 2047
f 2047 2046 2048
f 2047 2048 2049
f 2049 2048 2050
f 2049 2050 2051
f 2051 2050 2052
f 2051 2052 2053
f 2053 2052 2054
f 2053 2054 2055
f 2055 2054 2056
f 2055 2056 2057
f 2057 2056 2058
f 2057 2058 2059
f 2059 2058 2060
f 2059 2060 2061
f 2061 2060 2062
f 2061 2062 2063
f 2063 2062 2064
f 2063 2064 2065
f 2065 2064 2066
f 2065 2066 2067
f 2067 2066 2068
f 2067 2068 2069
f 2069 2068 2070
f 2069 2070 2071
f 2071 2070 2072
f 2072 2070 2073
f 2073 2070 2068
f 2069 2071 2067
f 2067 2071 2065
f 2065 2071 2063
f 2063 2071 2074
f 2063 2074 2075
f 2075 2074 2076
f 2075 2076 2077
f 2077 2076 2078
f 2077 2078 2079
f 2079 2078 2080
f 2079 2080 2081
f 2081 2080 2082
f 2081 2082 2083
f 2083 2082 2084
f 2083 2084 2085
f 2085 2084 2086
f 2085 2086 2087
f 2087 2088 2085
f 2085 2088 2089
f 2085 2089 2090
f 2090 2089 2091
f 2090 2091 2092
f 2092 2091 2093
f 2092 2093 2094
f 2094 2093 2095
f 2094 2095 2096
f 2096 2095 2097
f 2096 2097 2098
f 2098 2097 2099
f 2098 2099 2100
f 2100 2099 2101
f 2100 2101 2049
f 2049 2101 2047
f 2049 2051 2100
f 2100 2051 2102
f 2100 2102 2098
f 2098 2102 2103
f 2098 2103 2096
f 2096 2103 2104
f 2096 2104 2094
f 2094 2104 2105
f 2094 2105 2092
f 2092 2105 2106
f 2092 2106 2090
f 2090 2106 2083
f 2090 2083 2085
f 2083 2106 2081
f 2081 2106 2107
f 2081 2107 2079
f 2079 2107 2108
f 2079 2108 2077
f 2077 2108 2109
f 2077 2109 2075
f 2075 2109 2061
f 2075 2061 2063
f 2061 2109 2059
f 2059 2109 2110
f 2059 2110 2057
f 2057 2110 2111
f 2057 2111 2103
f 2103 2111 2104
f 2103 2102 2057
f 2057 2102 2055
f 2055 2102 2053
f 2053 2102 2051
f 2109 2108 2110
f 2110 2108 2112
f 2110 2112 2111
f 2111 2112 2104
f 2104 2112 2105
f 2105 2112 2107
f 2105 2107 2106
f 2107 2112 2108
f 2088 2113 2089
f 2089 2113 2114
f 2089 2114 2115
f 2086 2084 2116
f 2116 2084 2117
f 2084 2082 2118
f 2118 2082 2119
f 2118 2119 2120
f 2082 2080 2119
f 2119 2080 2121
f 2119 2121 2122
f 2122 2121 2123
f 2080 2078 2121
f 2121 2078 2124
f 2121 2124 2125
f 2078 2076 2124
f 2124 2076 2126
f 2124 2126 2127
f 2076 2074 2126
f 2126 2074 2128
f 2126 2128 2129
f 2074 2071 2128
f 2128 2071 2072
f 2068 2066 2130
f 2008 2037 2010
f 2010 2037 2011
f 2037 2039 2011
f 2011 2039 2013
f 2131 2132 2033
f 2033 2132 2133
f 2033 2133 2034
f 2034 2133 2134
f 2034 2134 2035
f 2035 2134 2135
f 2035 2135 2036
f 2036 2135 2136
f 2036 2136 2038
f 2038 2136 2040
f 2040 2136 2042
f 2042 2136 2044
f 2137 2138 2132
f 2132 2138 2139
f 2132 2139 2133
f 2133 2139 2140
f 2133 2140 2134
f 2134 2140 2141
f 2134 2141 2135
f 2135 2141 2142
f 2135 2142 2136
f 2136 2142 2044
f 2138 2143 2139
f 2139 2143 2144
f 2139 2144 2140
f 2140 2144 2145
f 2140 2145 2141
f 2141 2145 2146
f 2141 2146 2142
f 2142 2146 2147
f 2142 2147 2044
f 2044 2147 2046
f 2148 2149 2143
f 2143 2149 2150
f 2143 2150 2144
f 2144 2150 2151
f 2144 2151 2145
f 2145 2151 2152
f 2145 2152 2146
f 2146 2152 2153
f 2146 2153 2147
f 2147 2153 2154
f 2147 2154 2046
f 2046 2154 2048
f 2149 2155 2150
f 2150 2155 2156
f 2150 2156 2157
f 2157 2156 2158
f 2157 2158 2159
f 2159 2158 2160
f 2159 2160 2161
f 2161 2160 2162
f 2161 2162 2163
f 2163 2162 2164
f 2163 2164 2165
f 2165 2164 2166
f 2165 2166 2167
f 2167 2166 2168
f 2167 2168 2169
f 2169 2168 2170
f 2170 2168 2171
f 2171 2168 2172
f 2172 2168 2173
f 2173 2168 2166
f 2173 2166 2174
f 2174 2166 2175
f 2175 2166 2176
f 2176 2166 2164
f 2176 2164 2177
f 2177 2164 2178
f 2164 2162 2178
f 2178 2162 2179
f 2179 2162 2180
f 2180 2162 2160
f 2180 2160 2181
f 2181 2160 2182
f 2160 2158 2182
f 2182 2158 2183
f 2158 2156 2183
f 2183 2156 2184
f 2150 2157 2151
f 2151 2157 2185
f 2151 2185 2152
f 2152 2185 2186
f 2152 2186 2153
f 2153 2186 2187
f 2153 2187 2154
f 2154 2187 2188
f 2154 2188 2048
f 2048 2188 2050
f 2157 2159 2185
f 2185 2159 2189
f 2185 2189 2186
f 2186 2189 2190
f 2186 2190 2187
f 2187 2190 2191
f 2187 2191 2188
f 2188 2191 2192
f 2188 2192 2050
f 2050 2192 2052
f 2159 2161 2189
f 2189 2161 2193
f 2189 2193 2190
f 2190 2193 2194
f 2190 2194 2191
f 2191 2194 2195
f 2191 2195 2192
f 2192 2195 2196
f 2192 2196 2052
f 2052 2196 2197
f 2052 2197 2054
f 2054 2197 2198
f 2054 2198 2199
f 2199 2198 2200
f 2199 2200 2201
f 2201 2200 2202
f 2201 2202 2203
f 2203 2202 2204
f 2203 2204 2066
f 2066 2204 2130
f 2130 2204 2205
f 2205 2204 2206
f 2066 2064 2203
f 2203 2064 2062
f 2203 2062 2201
f 2201 2062 2060
f 2201 2060 2199
f 2199 2060 2058
f 2199 2058 2056
f 2056 2054 2199
f 2161 2163 2193
f 2193 2163 2207
f 2193 2207 2194
f 2194 2207 2208
f 2194 2208 2195
f 2195 2208 2209
f 2195 2209 2196
f 2196 2209 2197
f 2163 2165 2207
f 2207 2165 2210
f 2207 2210 2208
f 2208 2210 2211
f 2208 2211 2209
f 2209 2211 2212
f 2209 2212 2197
f 2197 2212 2198
f 2165 2167 2210
f 2210 2167 2213
f 2210 2213 2211
f 2211 2213 2214
f 2211 2214 2212
f 2212 2214 2215
f 2212 2215 2198
f 2198 2215 2200
f 2167 2169 2213
f 2213 2169 2216
f 2213 2216 2214
f 2214 2216 2217
f 2214 2217 2215
f 2215 2217 2218
f 2215 2218 2200
f 2200 2218 2202
f 2202 2218 2219
f 2219 2218 2220
f 2219 2220 2221
f 2221 2220 2222
f 2222 2220 2223
f 2223 2220 2224
f 2223 2224 2225
f 2225 2224 2226
f 2226 2224 2227
f 2227 2224 2228
f 2227 2228 2229
f 2229 2228 2230
f 2230 2228 2170
f 2170 2228 2169
f 2169 2228 2216
f 2216 2228 2224
f 2216 2224 2217
f 2217 2224 2220
f 2217 2220 2218
f 2221 2231 2219
f 2219 2231 2206
f 2219 2206 2204
f 2202 2219 2204
f 2013 2039 2232
f 2232 2039 2041
f 2232 2041 2233
f 2233 2041 2234
f 2233 2234 2235
f 2235 2234 2236
f 2235 2236 2237
f 2237 2236 2101
f 2237 2101 2099
f 2101 2236 2047
f 2047 2236 2045
f 2236 2234 2045
f 2045 2234 2043
f 2234 2041 2043
f 2013 2232 2015
f 2015 2232 2238
f 2015 2238 2017
f 2017 2238 2239
f 2017 2239 2019
f 2019 2239 2240
f 2019 2240 2021
f 2021 2240 2241
f 2021 2241 2023
f 2023 2241 2242
f 2232 2233 2238
f 2238 2233 2243
f 2238 2243 2239
f 2239 2243 2244
f 2239 2244 2240
f 2240 2244 2245
f 2240 2245 2241
f 2241 2245 2246
f 2241 2246 2247
f 2247 2246 2248
f 2247 2248 2249
f 2249 2248 2250
f 2250 2248 2251
f 2251 2248 2252
f 2251 2252 2253
f 2253 2252 2254
f 2253 2254 2255
f 2255 2254 2115
f 2115 2254 2089
f 2089 2254 2091
f 2249 2256 2247
f 2247 2256 2242
f 2242 2241 2247
f 2233 2235 2243
f 2243 2235 2257
f 2243 2257 2244
f 2244 2257 2258
f 2244 2258 2245
f 2245 2258 2259
f 2245 2259 2246
f 2246 2259 2260
f 2246 2260 2248
f 2248 2260 2252
f 2235 2237 2257
f 2257 2237 2261
f 2257 2261 2258
f 2258 2261 2262
f 2258 2262 2259
f 2259 2262 2263
f 2259 2263 2260
f 2260 2263 2264
f 2260 2264 2252
f 2252 2264 2254
f 2254 2264 2091
f 2091 2264 2093
f 2264 2263 2093
f 2093 2263 2095
f 2263 2262 2095
f 2095 2262 2097
f 2262 2261 2097
f 2097 2261 2099
f 2099 2261 2237
f 2001 2265 1999
f 1999 2265 1997
f 251 247 2001
f 2001 247 2266
f 247 368 2266
f 2266 368 1997
f 368 365 1997
f 1997 365 1996
f 365 364 1996
f 1996 364 2267
f 364 362 2267
f 2267 362 2006
f 362 361 2006
f 2006 361 2268
f 361 359 2268
f 2268 359 2033
f 359 358 2033
f 2033 358 2131
f 358 357 2131
f 2131 357 2132
f 357 355 2132
f 2132 355 2269
f 355 354 2269
f 2269 354 2143
f 354 352 2143
f 2143 352 2270
f 352 350 2270
f 2270 350 2271
f 350 348 2271
f 2271 348 2272
f 348 346 2272
f 2272 346 2183
f 346 344 2183
f 2183 344 2182
f 344 342 2182
f 2182 342 2181
f 342 341 2181
f 2181 341 2180
f 341 340 2180
f 2180 340 2273
f 340 338 2273
f 2273 338 2274
f 2274 338 2176
f 2176 338 337
f 2176 337 2175
f 2175 337 335
f 2175 335 2275
f 2275 335 334
f 2275 334 2173
f 2173 334 333
f 2173 333 2276
f 2276 333 332
f 2276 332 2170
f 2170 332 331
f 2170 331 330
f 2170 330 2277
f 2277 330 328
f 2277 328 2278
f 2278 328 327
f 2278 327 2227
f 2227 327 326
f 2227 326 2279
f 2279 326 325
f 2279 325 2223
f 2223 325 323
f 2223 323 2280
f 2280 323 321
f 2280 321 2222
f 2222 321 318
f 2222 318 2281
f 2281 318 2282
f 318 315 2282
f 2282 315 2283
f 315 313 2283
f 2283 313 2068
f 313 311 2068
f 2068 311 308
f 2068 308 2073
f 2073 308 306
f 2073 306 2072
f 2072 306 2284
f 306 303 2284
f 2284 303 2285
f 303 300 2285
f 2285 300 2286
f 300 298 2286
f 2286 298 2287
f 298 296 2287
f 2287 296 295
f 2287 295 2121
f 2121 295 293
f 2121 293 2288
f 2288 293 292
f 2288 292 2119
f 2119 292 2289
f 292 289 2289
f 2289 289 2290
f 289 288 2290
f 2290 288 2084
f 288 287 2084
f 2084 287 2116
f 287 285 2116
f 2116 285 2291
f 285 284 2291
f 2291 284 283
f 2291 283 2088
f 2088 283 282
f 2088 282 2113
f 2113 282 2292
f 282 280 2292
f 2292 280 2115
f 280 278 2115
f 2115 278 2255
f 278 277 2255
f 2255 277 2293
f 277 275 2293
f 2293 275 2294
f 275 274 2294
f 2294 274 2295
f 274 273 2295
f 2295 273 2296
f 273 270 2296
f 2296 270 2256
f 2256 270 2297
f 2297 270 269
f 2297 269 2023
f 2023 269 266
f 2023 266 2022
f 2022 266 265
f 2022 265 2020
f 2020 265 263
f 2020 263 2298
f 2298 263 262
f 2298 262 2026
f 2026 262 261
f 2026 261 2299
f 2299 261 259
f 2299 259 2028
f 2028 259 258
f 2028 258 2029
f 2029 258 256
f 2029 256 2030
f 2030 256 255
f 2030 255 2300
f 2300 255 253
f 2300 253 2004
f 2004 253 251
f 2004 251 2001
f 2086 2116 2291
f 2084 2118 2290
f 2290 2118 2120
f 2290 2120 2289
f 2289 2120 2119
f 2119 2122 2288
f 2288 2122 2123
f 2288 2123 2121
f 2287 2121 2125
f 2287 2125 2124
f 2287 2124 2286
f 2286 2124 2127
f 2286 2127 2126
f 2286 2126 2285
f 2285 2126 2129
f 2285 2129 2128
f 2285 2128 2284
f 2284 2128 2072
f 2283 2068 2130
f 2283 2130 2205
f 2283 2205 2282
f 2282 2205 2206
f 2282 2206 2231
f 2282 2231 2281
f 2281 2231 2221
f 2281 2221 2222
f 2280 2222 2223
f 2223 2225 2279
f 2279 2225 2226
f 2279 2226 2227
f 2227 2229 2278
f 2278 2229 2230
f 2278 2230 2277
f 2277 2230 2170
f 2170 2171 2276
f 2276 2171 2172
f 2276 2172 2173
f 2173 2174 2275
f 2275 2174 2175
f 2176 2177 2274
f 2274 2177 2178
f 2274 2178 2273
f 2273 2178 2179
f 2273 2179 2180
f 2183 2184 2272
f 2272 2184 2156
f 2272 2156 2155
f 2272 2155 2271
f 2271 2155 2149
f 2271 2149 2270
f 2270 2149 2148
f 2270 2148 2143
f 2143 2138 2269
f 2269 2138 2137
f 2269 2137 2132
f 2033 2032 2268
f 2268 2032 2006
f 2006 2005 2267
f 2267 2005 1996
f 1997 2265 2266
f 2266 2265 2001
f 2001 2003 2004
f 2004 2031 2300
f 2300 2031 2030
f 2028 2027 2299
f 2299 2027 2026
f 2026 2025 2298
f 2298 2025 2024
f 2298 2024 2020
f 2023 2242 2297
f 2297 2242 2256
f 2256 2249 2296
f 2296 2249 2295
f 2249 2250 2295
f 2295 2250 2294
f 2250 2251 2294
f 2294 2251 2293
f 2251 2253 2293
f 2293 2253 2255
f 2115 2114 2292
f 2292 2114 2113
f 2088 2087 2291
f 2291 2087 2086
f 136 138 2301
f 2301 138 2302
f 2302 138 2303
f 2303 138 139
f 2303 139 2304
f 140 141 2305
f 2305 141 2306
f 2306 141 2307
f 2307 141 143
f 2307 143 2308
f 2308 143 145
f 2308 145 2309
f 125 227 2310
f 2310 227 2311
f 227 224 2311
f 2311 224 2312
f 224 222 2312
f 2312 222 2313
f 222 220 2313
f 2313 220 2314
f 220 126 2314
f 2314 126 2315
f 126 128 2315
f 2315 128 2316
f 128 129 2316
f 2316 129 2317
f 129 130 2317
f 2317 130 2318
f 130 132 2318
f 2318 132 2319
f 132 133 2319
f 2319 133 2320
f 133 211 2320
f 2320 211 2321
f 211 209 2321
f 2321 209 2322
f 209 207 2322
f 2322 207 2323
f 207 204 2323
f 2323 204 2324
f 204 202 2324
f 2324 202 2325
f 202 200 2325
f 2325 200 2326
f 2326 200 2327
f 2327 200 197
f 2327 197 134
f 134 2328 2327
f 136 2301 134
f 134 2301 2329
f 2329 2330 134
f 134 2330 2328
f 123 122 2331
f 2331 122 2332
f 2332 122 2333
f 2333 122 120
f 2333 120 2334
f 119 172 2335
f 2335 172 2336
f 2336 172 2337
f 2337 172 170
f 2337 170 2338
f 2338 170 168
f 2338 168 2339
f 123 2331 125
f 125 2331 2340
f 2340 2341 125
f 125 2341 2310
f 145 147 2309
f 2309 147 2342
f 2342 147 2343
f 2343 147 2344
f 2344 147 2345
f 2345 147 149
f 2345 149 2346
f 2346 149 151
f 2346 151 2347
f 2347 151 153
f 2347 153 2348
f 2348 153 2349
f 2347 2350 2346
f 2344 2351 2343
f 2343 2351 2309
f 2309 2351 2352
f 2352 2351 2353
f 2352 2353 2354
f 2354 2353 2355
f 2354 2355 2356
f 2356 2355 2357
f 2356 2357 2306
f 2358 2359 2360
f 2360 2359 2361
f 2359 2330 2361
f 2361 2330 2329
f 2359 2358 2330
f 2330 2358 2328
f 2328 2358 2362
f 2328 2362 2327
f 2362 2357 2327
f 2327 2357 2355
f 2327 2355 2326
f 2326 2355 2353
f 2326 2353 2325
f 2325 2353 2351
f 2325 2351 2324
f 2324 2351 2344
f 2324 2344 2323
f 2323 2344 2345
f 2323 2345 2346
f 2323 2346 2322
f 2322 2346 2350
f 2322 2350 2321
f 2321 2350 2363
f 2321 2363 2320
f 2320 2363 2364
f 2320 2364 2319
f 2319 2364 2365
f 2319 2365 2318
f 2318 2365 2366
f 2318 2366 2317
f 2317 2366 2367
f 2317 2367 2316
f 2316 2367 2368
f 2316 2368 2315
f 2315 2368 2369
f 2315 2369 2314
f 2314 2369 2370
f 2314 2370 2313
f 2313 2370 2371
f 2313 2371 2312
f 2312 2371 2372
f 2312 2372 2311
f 2311 2372 2310
f 2373 124 125
f 2373 125 2310
f 2310 2374 2373
f 2373 2374 2331
f 2331 2374 2340
f 2375 2376 2336
f 2336 2376 2335
f 2373 2377 124
f 124 2377 2378
f 124 2378 121
f 121 2378 2379
f 121 2379 2380
f 2380 2381 121
f 121 2381 171
f 2381 2382 171
f 171 2382 2383
f 171 2383 169
f 169 2383 2384
f 169 2384 167
f 167 2384 2385
f 167 2385 2386
f 167 2386 165
f 165 2386 2387
f 165 2387 2388
f 165 2388 163
f 163 2388 2389
f 163 2389 2390
f 163 2390 161
f 161 2390 2391
f 161 2391 2392
f 161 2392 159
f 159 2392 2393
f 159 2393 2394
f 159 2394 157
f 157 2394 2395
f 157 2395 2396
f 157 2396 155
f 155 2396 2397
f 155 2397 2349
f 153 155 2349
f 2379 2378 2398
f 2398 2378 2377
f 2398 2377 2399
f 2399 2377 2373
f 2399 2373 2400
f 2400 2373 2401
f 2400 2401 2402
f 2402 2401 2403
f 2402 2403 2404
f 2404 2403 2405
f 2404 2405 2406
f 2406 2405 2407
f 2406 2407 2408
f 2408 2407 2375
f 2407 2376 2375
f 2373 2331 2401
f 2401 2331 2403
f 2331 2332 2403
f 2347 2349 2350
f 2350 2349 2363
f 2349 2397 2363
f 2363 2397 2396
f 2363 2396 2364
f 2364 2396 2395
f 2364 2395 2394
f 2364 2394 2365
f 2365 2394 2393
f 2365 2393 2392
f 2365 2392 2366
f 2366 2392 2391
f 2366 2391 2390
f 2366 2390 2367
f 2367 2390 2389
f 2367 2389 2388
f 2367 2388 2368
f 2368 2388 2387
f 2368 2387 2386
f 2368 2386 2369
f 2369 2386 2385
f 2369 2385 2384
f 2369 2384 2370
f 2370 2384 2409
f 2370 2409 2410
f 2370 2410 2371
f 2371 2410 2411
f 2371 2411 2412
f 2371 2412 2372
f 2372 2412 2413
f 2372 2413 2414
f 2310 2372 2374
f 2374 2372 2414
f 2336 2415 2375
f 2375 2415 2408
f 2408 2415 2416
f 2416 2334 2408
f 2408 2334 2417
f 2408 2417 2418
f 2408 2418 2406
f 2406 2418 2419
f 2406 2419 2420
f 2406 2420 2404
f 2404 2420 2340
f 2404 2340 2402
f 2402 2340 2374
f 2402 2374 2400
f 2400 2374 2399
f 2399 2374 2398
f 2398 2374 2414
f 2398 2414 2379
f 2379 2414 2413
f 2379 2413 2380
f 2380 2413 2412
f 2380 2412 2381
f 2381 2412 2411
f 2381 2411 2382
f 2382 2411 2410
f 2382 2410 2383
f 2383 2410 2409
f 2383 2409 2384
f 2349 2347 2348
f 2340 2420 2421
f 2340 2421 2422
f 2422 2421 2423
f 2422 2423 2334
f 2334 2423 2416
f 2334 2416 2417
f 2422 2334 2424
f 2425 2336 2337
f 2425 2337 2426
f 2426 2337 2338
f 2426 2338 2427
f 2427 2338 2339
f 2339 2428 2429
f 2335 2376 2407
f 2335 2407 2430
f 2430 2407 2431
f 2431 2407 2432
f 2431 2432 2333
f 2333 2431 2433
f 2333 2433 2434
f 2333 2434 2332
f 2332 2434 2435
f 2332 2435 2403
f 2403 2435 2405
f 2405 2435 2436
f 2405 2436 2437
f 2405 2437 2407
f 2407 2437 2432
f 2336 2335 2430
f 2336 2430 2415
f 2415 2430 2431
f 2415 2431 2416
f 2416 2431 2333
f 2416 2333 2334
f 2304 139 2360
f 2360 139 2358
f 2358 139 2362
f 2362 139 2357
f 139 140 2357
f 2357 140 2306
f 2306 140 2305
f 2343 2309 2342
f 2309 2352 2308
f 2352 2354 2308
f 2308 2354 2307
f 2354 2356 2307
f 2307 2356 2306
f 2306 2438 2439
f 2439 2438 2440
f 2440 2438 2441
f 2440 2441 2360
f 2360 2304 2440
f 2440 2304 2442
f 2440 2442 2443
f 2440 2443 2444
f 2444 2443 2445
f 2444 2445 2446
f 2444 2446 2447
f 2447 2446 2329
f 2447 2329 2448
f 2448 2329 2449
f 2448 2449 2450
f 2450 2449 2451
f 2451 2449 2452
f 2452 2449 2453
f 2452 2453 2454
f 2454 2453 2455
f 2454 2455 2456
f 2456 2455 2457
f 2456 2457 2458
f 2458 2457 2459
f 2458 2459 2460
f 2460 2459 2461
f 2460 2461 2462
f 2462 2461 2463
f 2462 2463 2464
f 2465 2466 2467
f 2329 2446 2468
f 2329 2468 2361
f 2361 2468 2469
f 2361 2469 2304
f 2304 2469 2441
f 2304 2441 2442
f 2361 2304 2360
f 2439 2470 2306
f 2306 2470 2305
f 2471 2472 135
f 135 2472 2473
f 135 2473 137
f 137 2473 2454
f 137 2454 2456
f 2456 2458 137
f 137 2458 142
f 2458 2460 142
f 142 2460 2462
f 142 2462 144
f 144 2462 2464
f 144 2464 146
f 146 2464 2474
f 146 2474 2475
f 146 2475 148
f 148 2475 2476
f 148 2476 2477
f 148 2477 150
f 150 2477 2478
f 150 2478 2479
f 150 2479 152
f 152 2479 2480
f 152 2480 2481
f 152 2481 154
f 154 2481 2482
f 154 2482 2483
f 154 2483 156
f 156 2483 2484
f 156 2484 2485
f 156 2485 158
f 158 2485 2486
f 158 2486 2465
f 160 158 2465
f 2454 2473 2452
f 2452 2473 2472
f 2452 2472 2451
f 2451 2472 2471
f 2451 2471 2450
f 2450 2471 2487
f 2450 2487 2448
f 2448 2487 2488
f 2448 2488 2447
f 2447 2488 2489
f 2447 2489 2444
f 2444 2489 2490
f 2444 2490 2440
f 2440 2490 2439
f 2490 2470 2439
f 168 166 2339
f 2339 166 2428
f 2428 166 2429
f 2429 166 2491
f 2491 166 2492
f 2492 166 164
f 2492 164 2493
f 2493 164 162
f 2493 162 2466
f 2466 162 160
f 2466 160 2467
f 2467 160 2465
f 2466 2494 2493
f 2304 2360 2303
f 2303 2360 2495
f 2360 2441 2495
f 2441 2438 2495
f 2495 2438 2496
f 2438 2306 2496
f 2496 2306 2305
f 2310 2341 2497
f 2310 2497 2498
f 2498 2499 2310
f 2310 2499 2500
f 2499 2501 2500
f 2500 2501 2502
f 2500 2502 2503
f 2503 2502 2504
f 2503 2504 2505
f 2505 2504 2506
f 2505 2506 2507
f 2507 2506 2491
f 2507 2491 2508
f 2508 2491 2492
f 2508 2492 2509
f 2509 2492 2493
f 2509 2493 2494
f 2509 2494 2510
f 2510 2494 2511
f 2510 2511 2512
f 2513 2510 2512
f 2334 120 2424
f 2424 120 2498
f 2498 120 2499
f 120 119 2499
f 2499 119 2336
f 2499 2336 2501
f 2336 119 2335
f 2491 2506 2429
f 2429 2506 2339
f 2339 2506 2427
f 2427 2506 2504
f 2427 2504 2426
f 2426 2504 2502
f 2426 2502 2425
f 2425 2502 2501
f 2425 2501 2336
f 2340 2422 2341
f 2341 2422 2497
f 2422 2424 2497
f 2497 2424 2498
f 2471 135 134
f 2471 134 2328
f 2329 2301 2449
f 2449 2301 2471
f 2449 2471 2514
f 2471 2328 2514
f 2514 2328 2449
f 134 194 2328
f 2328 194 2515
f 2515 194 2516
f 2516 194 191
f 2516 191 2517
f 2517 191 189
f 2517 189 2518
f 2518 189 187
f 2518 187 2519
f 2519 187 185
f 2519 185 2520
f 2520 185 182
f 2520 182 2521
f 2521 182 180
f 2521 180 2522
f 2522 2523 2521
f 180 177 2522
f 2522 177 2524
f 2524 177 2525
f 2525 177 2526
f 177 174 2526
f 2526 174 2527
f 174 173 2527
f 2527 173 2528
f 173 244 2528
f 2528 244 2529
f 2529 244 2530
f 2530 244 2513
f 2513 244 2510
f 244 242 2510
f 2510 242 2509
f 242 240 2509
f 2509 240 2508
f 240 237 2508
f 2508 237 2507
f 237 235 2507
f 2507 235 2505
f 235 233 2505
f 2505 233 2503
f 233 230 2503
f 2503 230 2500
f 230 125 2500
f 2500 125 2310
f 2471 2301 2487
f 2487 2301 2488
f 2301 2302 2488
f 2466 2465 2494
f 2494 2465 2511
f 2465 2486 2511
f 2511 2486 2531
f 2511 2531 2512
f 2531 2486 2485
f 2531 2485 2532
f 2532 2485 2533
f 2533 2485 2484
f 2533 2484 2483
f 2533 2483 2534
f 2534 2483 2482
f 2534 2482 2535
f 2535 2482 2481
f 2535 2481 2536
f 2536 2481 2537
f 2481 2480 2537
f 2537 2480 2538
f 2480 2479 2538
f 2538 2479 2478
f 2538 2478 2539
f 2539 2478 2477
f 2539 2477 2476
f 2539 2476 2540
f 2540 2476 2475
f 2540 2475 2474
f 2540 2474 2541
f 2541 2474 2464
f 2541 2464 2463
f 2541 2463 2542
f 2542 2463 2461
f 2542 2461 2459
f 2542 2459 2543
f 2543 2459 2457
f 2543 2457 2455
f 2543 2455 2544
f 2544 2455 2453
f 2544 2453 2449
f 2449 2328 2544
f 2545 2546 2532
f 2547 2548 2545
f 2532 2533 2545
f 2545 2533 2547
f 2547 2533 2549
f 2549 2533 2550
f 2549 2551 2547
f 2547 2551 2548
f 2545 2548 2546
f 2546 2548 2551
f 2551 2552 2546
f 2546 2552 2553
f 2546 2553 2554
f 2550 2552 2549
f 2549 2552 2551
f 2555 2553 2550
f 2550 2553 2552
f 2550 2533 2555
f 2555 2554 2553
f 2533 2556 2557
f 2557 2556 2554
f 2533 2558 2556
f 2513 2512 2530
f 2530 2512 2531
f 2530 2531 2559
f 2559 2531 2532
f 2554 2555 2557
f 2546 2554 2560
f 2532 2546 2559
f 2546 2560 2559
f 2554 2556 2558
f 2533 2561 2558
f 2558 2562 2554
f 2554 2562 2563
f 2564 2562 2561
f 2554 2563 2565
f 2554 2565 2560
f 2560 2565 2528
f 2528 2565 2527
f 2527 2565 2566
f 2527 2566 2526
f 2526 2566 2567
f 2526 2567 2525
f 2563 2568 2565
f 2565 2568 2566
f 2566 2568 2569
f 2566 2569 2570
f 2535 2570 2571
f 2570 2569 2572
f 2571 2572 2573
f 2566 2570 2567
f 2567 2570 2574
f 2574 2536 2523
f 2523 2536 2537
f 2574 2523 2522
f 2536 2574 2535
f 2535 2574 2570
f 2575 2563 2564
f 2561 2562 2558
f 2564 2563 2562
f 2557 2555 2533
f 2533 2534 2561
f 2561 2534 2564
f 2564 2534 2575
f 2575 2534 2576
f 2575 2568 2563
f 2577 2578 2576
f 2576 2578 2579
f 2575 2576 2568
f 2576 2579 2568
f 2568 2579 2578
f 2578 2577 2534
f 2578 2580 2568
f 2568 2580 2581
f 2568 2581 2569
f 2569 2582 2583
f 2569 2583 2572
f 2573 2572 2584
f 2583 2582 2584
f 2584 2582 2585
f 2582 2569 2585
f 2585 2569 2586
f 2586 2569 2581
f 2586 2581 2587
f 2534 2580 2578
f 2576 2534 2577
f 2534 2581 2580
f 2586 2587 2534
f 2534 2535 2586
f 2586 2535 2585
f 2585 2535 2584
f 2584 2535 2573
f 2571 2588 2572
f 2573 2535 2571
f 2328 2515 2544
f 2515 2516 2544
f 2544 2516 2543
f 2516 2517 2543
f 2543 2517 2542
f 2517 2518 2542
f 2542 2518 2541
f 2518 2519 2541
f 2541 2519 2540
f 2519 2520 2540
f 2540 2520 2539
f 2539 2520 2538
f 2538 2520 2521
f 2538 2521 2537
f 2537 2521 2523
f 2528 2529 2560
f 2560 2529 2559
f 2559 2529 2530
f 2522 2524 2567
f 2522 2567 2574
f 2567 2524 2525
f 2587 2581 2534
f 2584 2572 2583
f 2571 2570 2588
f 2588 2570 2572
f 2305 2470 2490
f 2305 2490 2496
f 2496 2490 2495
f 2495 2490 2589
f 2495 2589 2303
f 2303 2589 2590
f 2303 2590 2591
f 2303 2591 2302
f 2302 2591 2592
f 2302 2592 2488
f 2488 2592 2489
f 2489 2592 2593
f 2489 2593 2594
f 2489 2594 2490
f 2490 2594 2589
f 2423 2421 2433
f 2433 2421 2434
f 2421 2420 2434
f 2434 2420 2435
f 2420 2419 2435
f 2435 2419 2436
f 2419 2418 2436
f 2436 2418 2437
f 2418 2417 2437
f 2437 2417 2432
f 2417 2416 2432
f 2432 2416 2431
f 2416 2423 2431
f 2431 2423 2433
f 2442 2441 2589
f 2441 2469 2589
f 2589 2469 2590
f 2469 2468 2590
f 2590 2468 2591
f 2468 2446 2591
f 2591 2446 2592
f 2446 2445 2592
f 2592 2445 2593
f 2445 2443 2593
f 2593 2443 2594
f 2443 2442 2594
f 2594 2442 2589

