# https://github.com/mikedh/trimesh

o right_arm7.stl
v -0.04491840 0.13300040 0.02017255
v -0.04586501 0.13422436 0.02164756
v -0.04774130 0.13341051 0.02104080
v -0.04681803 0.13268834 0.01925356
v -0.03951239 0.13204738 0.01824177
v -0.04045868 0.13327135 0.01971655
v -0.04233531 0.13245755 0.01911011
v -0.04141205 0.13173535 0.01732255
v -0.03987841 0.12896375 0.01332056
v -0.04082405 0.13018741 0.01479555
v -0.04270064 0.12937410 0.01418880
v -0.04177805 0.12865137 0.01240157
v -0.04551039 0.12801093 0.01220975
v -0.04645671 0.12923436 0.01368456
v -0.04833298 0.12842110 0.01307809
v -0.04741003 0.12769833 0.01129056
v -0.04862540 0.13050559 0.01644477
v -0.04957171 0.13172933 0.01791955
v -0.05144799 0.13091592 0.01731312
v -0.05052502 0.13019335 0.01552557
v -0.04744499 0.13391626 0.02059450
v -0.04526647 0.13360226 0.01992850
v -0.04637224 0.13671066 0.01761051
v -0.04666083 0.13734829 0.01866864
v -0.04582574 0.13711388 0.01831224
v -0.04203846 0.13296323 0.01866398
v -0.03985994 0.13264920 0.01799748
v -0.04134136 0.13590229 0.01593080
v -0.04181614 0.13618881 0.01650831
v -0.04041975 0.13616110 0.01638123
v -0.04240447 0.12987973 0.01374248
v -0.04022547 0.12956518 0.01307650
v -0.04159904 0.13283032 0.01099974
v -0.04162043 0.13331175 0.01181652
v -0.04078553 0.13307738 0.01145998
v -0.04803648 0.12892669 0.01263250
v -0.04585746 0.12861270 0.01196598
v -0.04723103 0.13187729 0.00988900
v -0.04725256 0.13235892 0.01070604
v -0.04645090 0.13223344 0.01053168
v -0.05115148 0.13142172 0.01686697
v -0.04897296 0.13110721 0.01620050
v -0.05034613 0.13437183 0.01412391
v -0.05036743 0.13485335 0.01494078
v -0.04953251 0.13461943 0.01458421
v -0.04610097 0.13416921 0.02089997
v -0.04660998 0.13334920 0.01962300
v -0.04069494 0.13321620 0.01896901
v -0.04120396 0.13239621 0.01769300
v -0.04106098 0.13013220 0.01404800
v -0.04156899 0.12931322 0.01277097
v -0.04669296 0.12917919 0.01293696
v -0.04720199 0.12836020 0.01166101
v -0.04980795 0.13167419 0.01717199
v -0.05031697 0.13085520 0.01589598
v -0.04364268 0.13053304 0.01231580
v -0.04142154 0.13191529 0.01427416
v -0.04440159 0.13157983 0.01435348
v -0.04371275 0.13221961 0.01499132
v -0.04176177 0.13358818 0.01707617
v -0.04373097 0.13262421 0.01616399
v -0.04390936 0.13445337 0.01864187
v -0.04468819 0.13322446 0.01667587
v -0.04671558 0.13429700 0.01858477
v -0.04594446 0.13297983 0.01671450
v -0.04894089 0.13299960 0.01657289
v -0.04664712 0.13264289 0.01588857
v -0.04859637 0.13124414 0.01382226
v -0.04660745 0.13177021 0.01500799
v -0.04644827 0.13036305 0.01226641
v -0.04567206 0.13163842 0.01420390
v 0.02599895 0.25141472 -0.05079101
v 0.05498192 0.24904421 -0.05937602
v 0.02624697 0.25538069 -0.05573199
v 0.01742897 0.25296620 -0.05313004
v 0.01748893 0.25452021 -0.05535400
v 0.01702795 0.24745120 -0.04669500
v 0.01718095 0.25086331 -0.05142499
v 0.01300997 0.22709320 -0.04297900
v 0.01130394 0.21881020 -0.04203099
v 0.00667493 0.19514120 -0.03737598
v 0.01066993 0.21196420 -0.03919297
v 0.01679996 0.22036821 -0.04125602
v 0.03083299 0.20502821 -0.03968698
v 0.04393593 0.21222220 -0.04338999
v 0.05992796 0.24186221 -0.07297906
v 0.05321297 0.24796121 -0.07144900
v 0.06116292 0.24509920 -0.06886901
v 0.03156494 0.15105221 -0.03754098
v 0.03841696 0.15007821 -0.03511197
v 0.03206895 0.15147820 -0.03430701
v 0.03895197 0.18713920 -0.03859599
v 0.03908698 0.15809020 -0.03550597
v 0.04203396 0.20255820 -0.04110701
v 0.03540394 0.15890220 -0.03503902
v 0.04462344 0.15238370 -0.03806700
v 0.03791295 0.14965220 -0.03834600
v -0.00012601 0.15948720 -0.03034496
v -0.00063001 0.15906121 -0.03357899
v 0.03938543 0.14926420 -0.07372350
v 0.04080691 0.15003420 -0.06408300
v -0.00515634 0.15910055 -0.06817466
v 0.04274693 0.17589420 -0.07626403
v 0.03439691 0.15712720 -0.07497901
v 0.04741397 0.19061220 -0.07725901
v 0.02340891 0.15413220 -0.07415396
v 0.01269993 0.15649320 -0.07279599
v 0.00862894 0.15739121 -0.07227998
v 0.01975592 0.15698320 -0.07374299
v 0.02382597 0.15608521 -0.07425899
v 0.01311692 0.15844721 -0.07290196
v 0.00904694 0.15934420 -0.07238501
v 0.05442498 0.25009921 -0.06560303
v 0.06193992 0.24557421 -0.06357200
v -0.00120398 0.17227620 -0.07065302
v 0.00990495 0.19917420 -0.07251102
v 0.00874892 0.22445220 -0.07199698
v 0.01467892 0.24933320 -0.06849802
v 0.01327297 0.24515420 -0.07231904
v -0.00335100 0.16223021 -0.07011097
v 0.01704893 0.25554520 -0.06061399
v 0.01599892 0.25360820 -0.06552005
v 0.01534792 0.25169319 -0.06732703
v 0.04251793 0.15776621 -0.06403501
v 0.04226997 0.16238920 -0.07403798
v 0.01658294 0.25492921 -0.06321704
v 0.02447795 0.25429821 -0.06780604
v -0.00135000 0.16143820 -0.04205596
v 0.00133495 0.17355220 -0.04194599
v 0.00524293 0.19339320 -0.04562699
v 0.00565795 0.19969320 -0.05331397
v 0.00335995 0.19597520 -0.06497097
v 0.01602296 0.25169021 -0.06199998
v 0.01735893 0.25540420 -0.05791998
v 0.01481793 0.24813320 -0.06531603
v 0.01526193 0.18492520 -0.03489000
v 0.01489094 0.24503820 -0.05935604
v 0.00021699 0.16308621 -0.03255698
v 0.00118898 0.16606720 -0.03141701
v 0.03346597 0.15932921 -0.03479296
v 0.02775197 0.18960920 -0.03717602
v 0.01580795 0.20128420 -0.07334704
v 0.04638895 0.19388720 -0.07720698
v 0.05886493 0.23594120 -0.07107200
v 0.06094996 0.24240620 -0.06587000
v 0.06200895 0.24313520 -0.05878200
v 0.04803594 0.19352420 -0.07741603
v 0.05439496 0.24515271 -0.05439102
v 0.06160895 0.23762020 -0.05234702
v 0.04657695 0.16431820 -0.04341401
v 0.05307892 0.20451920 -0.06205203
v 0.05785396 0.23532321 -0.07797100
v 0.02235893 0.24627620 -0.04737103
v 0.04587397 0.21179420 -0.04363604
v 0.04938296 0.21011120 -0.04396100
v 0.05765197 0.21731420 -0.04824002
v 0.05104593 0.18477120 -0.04374100
v 0.04607097 0.16069621 -0.04110898
v 0.04343293 0.15587720 -0.05353500
v 0.04206995 0.15167519 -0.05697598
v 0.04285297 0.15752320 -0.06097198
v 0.05155393 0.20380421 -0.07283904
v 0.05165997 0.20633520 -0.07640804
v 0.05330094 0.21462820 -0.07764502
v 0.02259495 0.24961421 -0.07165903
v 0.05132997 0.24327770 -0.07530205
v 0.05252292 0.23649821 -0.07729603
v 0.02535096 0.25651121 -0.06191701
v -0.01814996 0.13207720 0.02150000
v -0.00994997 0.13207720 0.02149999
v -0.01814996 0.13207720 0.01849998
v -0.00994997 0.13207720 0.01849997
v -0.00994997 0.13007730 0.01849997
v -0.00994997 0.13007730 0.02149999
v -0.01814996 0.13007730 0.02150000
v -0.01814996 0.13007730 0.01849998
v 0.00050000 0.13207720 0.00334996
v 0.00050000 0.13207720 0.01154994
v 0.00349999 0.13207720 0.00334996
v 0.00349999 0.13207720 0.01154994
v 0.00349999 0.13007730 0.01154994
v 0.00050000 0.13007730 0.01154994
v 0.00050000 0.13007730 0.00334996
v 0.00349999 0.13007730 0.00334996
v 0.00914997 0.13207720 0.01399999
v 0.00095001 0.13207720 0.01399999
v 0.00914997 0.13207720 0.01699995
v 0.00095001 0.13207720 0.01699995
v 0.00095001 0.13007730 0.01699995
v 0.00095001 0.13007730 0.01399999
v 0.00914997 0.13007730 0.01399999
v 0.00914997 0.13007730 0.01699995
v 0.00024897 0.22260220 -0.06771200
v 0.00411096 0.22810321 -0.06891900
v -0.00390800 0.21769920 -0.06661802
v 0.00264493 0.22747622 -0.06213802
v -0.00459000 0.21837021 -0.05935102
v 0.00254992 0.22766820 -0.05648100
v -0.00379397 0.21906319 -0.05219602
v 0.00503192 0.22898421 -0.04856699
v -0.00126900 0.21935622 -0.04542499
v 0.00856892 0.23024422 -0.04418998
v 0.00364594 0.21899322 -0.04002702
v 0.01211063 0.23115788 -0.04156500
v 0.01117496 0.22371221 -0.03890098
v 0.01030395 0.21879020 -0.03718799
v -0.00628599 0.21505620 -0.06608700
v -0.01469597 0.20535260 -0.06453219
v 0.00006299 0.16688021 -0.02758097
v -0.00879700 0.16712520 -0.02967101
v 0.00221293 0.17693920 -0.02810198
v -0.00566400 0.17899522 -0.02988898
v 0.00300293 0.18075719 -0.02851098
v 0.00519996 0.19164219 -0.03012597
v -0.00310798 0.19275121 -0.03182601
v 0.00653897 0.19839220 -0.03130996
v 0.00778495 0.20480120 -0.03265101
v -0.00060801 0.20620921 -0.03542399
v 0.00934993 0.21334720 -0.03520900
v -0.00789101 0.20714822 -0.04006701
v -0.01231898 0.20716722 -0.04750597
v -0.01431300 0.20656820 -0.05592595
v -0.02220197 0.19303221 -0.06244498
v -0.02207501 0.19393924 -0.05442296
v -0.02035601 0.19452721 -0.04656695
v -0.01668495 0.19462922 -0.03941696
v -0.02418996 0.18123522 -0.04294799
v -0.01992500 0.18116820 -0.03619198
v -0.02311296 0.16712420 -0.04007798
v -0.01706297 0.16725521 -0.03335194
v -0.02574499 0.16684622 -0.04691999
v -0.02618201 0.18071720 -0.05068396
v -0.02661701 0.16647920 -0.05405597
v -0.02672298 0.17691021 -0.05784999
v -0.02637698 0.17931721 -0.05866896
v -0.01068301 0.19402120 -0.03420901
v -0.01333499 0.18033722 -0.03183196
v -0.01548798 0.20754920 -0.05811499
v -0.02249999 0.19520821 -0.04957096
v -0.01453002 0.20811720 -0.05144797
v 0.00117496 0.18896720 -0.07048296
v -0.00446501 0.15925521 -0.06318897
v 0.01393494 0.22973920 -0.03982502
v 0.00971595 0.22870921 -0.07216001
v -0.01611802 0.20594820 -0.06468599
v -0.02348901 0.19461221 -0.05609797
v 0.00406395 0.17713520 -0.02599096
v -0.00526000 0.19365421 -0.03084301
v -0.01047099 0.18008921 -0.02940201
v 0.01422492 0.23263821 -0.04264301
v 0.01422094 0.22991921 -0.03783297
v 0.01222794 0.21901821 -0.03454101
v 0.00706347 0.19185720 -0.02794501
v -0.02354201 0.19368020 -0.06264048
v -0.02710702 0.17998520 -0.06034599
v -0.02783902 0.17961021 -0.05886696
v -0.02036197 0.19551921 -0.04325400
v -0.01234998 0.20839420 -0.04498295
v -0.01494500 0.20634420 -0.06605898
v -0.01466003 0.20464021 -0.06641798
v -0.02275701 0.19382121 -0.06400101
v 0.00982695 0.20592220 -0.03063297
v 0.00324470 0.22870870 -0.06991225
v 0.00159947 0.22854970 -0.06188150
v 0.00359294 0.22961371 -0.06881100
v -0.01677299 0.19542620 -0.03750895
v -0.00852699 0.20822220 -0.03914898
v 0.00218997 0.22928420 -0.05377799
v 0.00549195 0.23085621 -0.04683697
v 0.01130596 0.23274021 -0.04187899
v 0.00390092 0.22786321 -0.07072699
v -0.02774002 0.18100721 -0.05150996
v -0.02621801 0.18157120 -0.04426299
v -0.02287001 0.18167821 -0.03751396
v -0.02439602 0.16686520 -0.03934596
v 0.00757096 0.23097721 -0.04334300
v 0.01086793 0.23163721 -0.04070699
v -0.01907599 0.16698220 -0.03300397
v -0.01738799 0.18116421 -0.03220998
v 0.00132994 0.22853920 -0.05643898
v 0.00388495 0.22983620 -0.04811000
v -0.02748898 0.16595554 -0.05533064
v -0.02685799 0.17641620 -0.05964695
v -0.02520801 0.18386020 -0.06210296
v -0.01549699 0.20673721 -0.06480198
v -0.00222400 0.17310520 -0.06973499
v 0.00927392 0.22711720 -0.07289898
v 0.00447095 0.22955471 -0.06987500
v 0.01001396 0.22899820 -0.07026201
v 0.01463396 0.23336470 -0.04062900
v 0.01402197 0.23294421 -0.03946602
v 0.01357094 0.23201220 -0.03901702
v -0.00280095 0.20739420 -0.03496497
v 0.01130597 0.21384421 -0.03278399
v -0.01151598 0.19477120 -0.03313797
v -0.00466801 0.16677620 -0.02704596
v -0.02821101 0.17703620 -0.05799697
v -0.02810098 0.16626321 -0.05402397
v -0.00419449 0.15949669 -0.05825596
v -0.02716596 0.16659620 -0.04650395
v -0.02198698 0.19249320 -0.06434201
v -0.01034797 0.16691820 -0.02858299
v 0.00176298 0.16649321 -0.02565896
v -0.00322100 0.16026120 -0.05490899
v 0.01224092 0.23181421 -0.03982597
v -0.03226493 0.15957721 0.02364195
v -0.02793698 0.15557730 0.02862698
v -0.02793698 0.15957730 0.02862698
v 0.01288833 0.11017871 -0.01296564
v 0.00883846 0.11382720 -0.03257197
v 0.02331749 0.11306418 -0.02339826
v 0.00533099 0.13057721 0.03350697
v 0.00867949 0.11382725 0.03261500
v 0.02137501 0.15557730 0.03380994
v 0.02238197 0.15557730 0.03352498
v 0.00408994 0.14557721 -0.03734797
v -0.00818099 0.15557720 -0.03915399
v -0.00867949 0.11382720 -0.03261494
v 0.01646093 0.15557720 -0.03645599
v 0.02887098 0.15557720 -0.02768499
v -0.02050000 0.16167730 -0.01049994
v -0.00822597 0.16297720 0.01549696
v -0.00822598 0.16297720 -0.00650298
v -0.00709695 0.16297720 -0.00862598
v -0.00421495 0.16297720 -0.00909996
v 0.00755399 0.16106720 -0.01830101
v -0.03226493 0.15557730 0.02364195
v -0.03539394 0.15890621 0.01942397
v -0.03539298 0.15490620 0.01942397
v 0.02333676 0.11309382 0.02325579
v 0.02633000 0.15557730 0.03011195
v -0.03593100 0.15557730 -0.01757799
v -0.03886395 0.15957721 -0.00946598
v -0.02455199 0.15557720 -0.03157799
v -0.03912997 0.15957721 -0.00829898
v -0.03935998 0.15957721 -0.00712596
v -0.03836246 0.15757720 0.01288996
v -0.03688596 0.15957721 0.01547295
v -0.03787499 0.15957721 0.01286495
v 0.03503496 0.15557730 0.01930098
v 0.03129000 0.15957721 0.02542798
v 0.03129000 0.15557730 0.02542798
v -0.02386494 0.11382725 0.02386499
v 0.03007496 0.16457720 0.02482896
v 0.00213497 0.16297720 -0.00909996
v 0.01239996 0.16167730 -0.01294499
v 0.03861498 0.15957721 -0.01043398
v -0.02333688 0.11306238 -0.02340804
v -0.00883846 0.11382725 0.03257200
v -0.01288833 0.11019576 0.01281529
v -0.00285094 0.11067730 0.01756995
v 0.00805897 0.11067730 0.01587098
v -0.00805897 0.11067730 -0.01587098
v -0.01631116 0.11071124 -0.00829282
v -0.03261498 0.11382725 -0.00867795
v -0.03886395 0.15557730 -0.00946598
v -0.03973996 0.15557730 0.00455697
v -0.03988999 0.15757720 0.00296398
v -0.03935998 0.15757720 -0.00712596
v -0.03999996 0.15557730 0.00000002
v -0.02049999 0.16167730 0.01999999
v -0.03571396 0.15957721 0.01801301
v 0.02059496 0.16457731 0.03311793
v 0.02243749 0.16477720 0.03254895
v 0.03024000 0.16257720 0.02665393
v 0.03633196 0.15957721 0.01673298
v 0.03920496 0.15957721 0.00793593
v 0.03997898 0.15957721 -0.00128599
v 0.03861498 0.15557730 -0.01043398
v 0.03711198 0.15557730 -0.01492197
v 0.03257196 0.11382725 -0.00883998
v 0.03997898 0.15557730 -0.00128599
v 0.03999996 0.15557730 -0.00000002
v -0.03257146 0.11382725 0.00884001
v -0.01756995 0.11067730 0.00285298
v 0.01756995 0.11067730 -0.00285298
v 0.01113694 0.11067730 0.01113700
v 0.00285094 0.11067730 -0.01756995
v -0.03685997 0.15557730 0.01553500
v -0.00584893 0.13057721 0.03342097
v 0.02238197 0.16257720 0.03352498
v 0.03920496 0.15557730 0.00793593
v -0.00890593 0.11682730 0.03281301
v 0.02743666 0.16471058 0.02962097
v 0.03023899 0.15557730 0.02665393
v 0.03633196 0.15557730 0.01673298
v 0.03261498 0.11382725 0.00867798
v 0.01631116 0.11072363 0.00812743
v 0.03873795 0.15557730 0.00996695
v -0.01803329 0.14057723 0.02374995
v -0.01796662 0.14057723 0.02004999
v -0.01796662 0.14207718 0.02374995
v -0.01803330 0.14207718 0.02004999
v -0.02196663 0.14057723 0.02004999
v -0.02203330 0.14057723 0.02374995
v -0.02203330 0.14207718 0.02004999
v -0.02196663 0.14207718 0.02374995
v -0.02569996 0.14057720 0.02004999
v -0.02569996 0.14057720 0.02374995
v -0.02569996 0.14207721 0.02004999
v -0.02569996 0.14207721 0.02374995
v -0.00629996 0.14057720 0.02374994
v -0.00629996 0.14057720 0.02004998
v -0.00629996 0.14207721 0.02374994
v -0.00629996 0.14207721 0.02004998
v -0.00996665 0.14057723 0.02004998
v -0.01003331 0.14057723 0.02374995
v -0.01003331 0.14207718 0.02004998
v -0.00996665 0.14207718 0.02374995
v -0.01396662 0.14057723 0.02004998
v -0.01403329 0.14057723 0.02374995
v -0.01403329 0.14207718 0.02004998
v -0.01396661 0.14207718 0.02374995
v -0.00449997 0.13203344 0.01011246
v -0.00249999 0.13203526 0.01014512
v -0.00449997 0.13200073 0.00875880
v -0.00249999 0.13200350 0.00874208
v -0.00249999 0.13205367 0.00775881
v -0.00449997 0.13205087 0.00774209
v -0.00449997 0.13197720 0.00709999
v -0.00249999 0.13197720 0.00709999
v -0.02050000 0.13203344 0.01011246
v -0.01849996 0.13203526 0.01014513
v -0.02049999 0.13200073 0.00875881
v -0.01849997 0.13200350 0.00874209
v -0.01849997 0.13205367 0.00775882
v -0.02049999 0.13205087 0.00774210
v -0.02050000 0.13197720 0.00709999
v -0.01849997 0.13197720 0.00709999
v -0.00799996 0.13203628 -0.01066362
v -0.00999999 0.13203809 -0.01069563
v -0.00799996 0.13202903 -0.00919997
v -0.01000000 0.13202533 -0.00919997
v -0.00999999 0.13200073 -0.01174114
v -0.00799996 0.13200350 -0.01175786
v -0.00799996 0.13207720 -0.01239997
v -0.00999999 0.13207720 -0.01239997
v 0.00799995 0.13203628 -0.01066362
v 0.00599998 0.13203809 -0.01069564
v 0.00799995 0.13202903 -0.00919998
v 0.00599998 0.13202533 -0.00919998
v 0.00599998 0.13200073 -0.01174114
v 0.00799995 0.13200350 -0.01175786
v 0.00799995 0.13207720 -0.01239997
v 0.00599998 0.13207720 -0.01239997
v -0.01609998 0.13202165 0.00299997
v -0.01649999 0.13202719 0.00099999
v -0.01763331 0.13202903 0.00266666
v -0.01309996 0.13202165 0.00149996
v -0.01309996 0.13203277 -0.00049999
v -0.01463331 0.13202903 0.00183330
v -0.01463331 0.13202533 -0.00016666
v -0.01118178 0.13203628 0.01592724
v -0.01399999 0.13202719 0.01599997
v -0.01199996 0.13201292 0.01611426
v 0.01039999 0.13202165 0.00299996
v 0.00999999 0.13202719 0.00099998
v 0.00886665 0.13202903 0.00266665
v 0.01339995 0.13202165 0.00149994
v 0.01339995 0.13203277 -0.00050000
v 0.01186665 0.13202903 0.00183329
v 0.01186665 0.13202533 -0.00016667
v 0.00599998 0.13203344 0.01011246
v 0.00799996 0.13203526 0.01014512
v 0.00599999 0.13200073 0.00875880
v 0.00799996 0.13200350 0.00874208
v 0.00799996 0.13205367 0.00775881
v 0.00599998 0.13205087 0.00774209
v 0.01531813 0.13203628 0.01592723
v 0.01249998 0.13202719 0.01599996
v 0.01449997 0.13201292 0.01611425
v 0.00599998 0.13197720 0.00709998
v 0.00799996 0.13197720 0.00709998
v -0.00579089 0.14061812 -0.03169993
v -0.00576955 0.14061633 -0.03369997
v -0.00459565 0.14063808 -0.03169996
v -0.00456363 0.14063628 -0.03369997
v -0.00309999 0.14062540 -0.03169997
v -0.00309999 0.14062910 -0.03369998
v 0.00020908 0.14061812 -0.03169993
v 0.00023042 0.14061633 -0.03369998
v 0.00140431 0.14063808 -0.03169997
v 0.00143632 0.14063628 -0.03369998
v 0.00279562 0.14061633 -0.03169997
v 0.00276361 0.14061810 -0.03369998
v 0.00349997 0.14067720 -0.03169995
v 0.00349997 0.14067720 -0.03369998
v 0.02199995 0.13203344 0.01011245
v 0.02399999 0.13203526 0.01014511
v 0.02199995 0.13200073 0.00875879
v 0.02399998 0.13200350 0.00874207
v 0.02399999 0.13203628 0.00760907
v 0.02199996 0.13203809 0.00763041
v -0.02614997 0.13188158 0.00203911
v -0.02834999 0.13187265 0.00199998
v -0.02614998 0.13173105 0.00310768
v -0.02834999 0.13175578 0.00309284
v -0.00399613 0.13888490 -0.02004612
v -0.00154997 0.13885500 -0.02019995
v -0.00374997 0.13885500 -0.02120000
v -0.00154997 0.13879944 -0.02120000
v -0.00675000 0.13889860 -0.01905714
v -0.00454999 0.13885500 -0.01870000
v -0.00454999 0.13857721 -0.01969999
v -0.00674999 0.13857721 -0.01969999
v -0.00675000 0.13889860 -0.02605711
v -0.00454999 0.13892335 -0.02600766
v -0.00675000 0.13857721 -0.02669996
v -0.00454999 0.13857721 -0.02669996
v -0.00025001 0.13889860 -0.02505711
v 0.00194995 0.13892335 -0.02500767
v -0.00025001 0.13857721 -0.02569997
v 0.00194995 0.13857721 -0.02569997
v -0.00025001 0.13889860 -0.02005713
v 0.00194996 0.13892335 -0.02000768
v -0.00025001 0.13857721 -0.02069997
v 0.00194996 0.13857721 -0.02069997
v -0.02614999 0.13182722 0.00055001
v -0.02834998 0.13182722 0.00055001
v -0.02614999 0.13182722 -0.00069999
v -0.02834998 0.13182722 -0.00069999
v -0.02614999 0.13182722 -0.00199993
v -0.02834998 0.13182722 -0.00199993
v -0.02614999 0.13182722 -0.00329997
v -0.02834998 0.13182722 -0.00329997
v 0.01339998 0.14077288 0.01964998
v 0.01344089 0.14078172 0.02184998
v 0.01249999 0.14107721 0.01964998
v 0.01249999 0.14107721 0.02184998
v 0.01494998 0.14082722 0.01964998
v 0.01494998 0.14082722 0.02184997
v 0.01624998 0.14082722 0.01964998
v 0.01624998 0.14082722 0.02184997
v 0.01739996 0.14085500 0.01964998
v 0.01739997 0.14079943 0.02184997
v -0.02614999 0.13182722 -0.00454994
v -0.02834998 0.13182722 -0.00454994
v -0.02614998 0.13179944 -0.00569998
v -0.02834999 0.13185500 -0.00569998
v -0.02614999 0.13189864 -0.00794280
v -0.02834999 0.13192335 -0.00799225
v -0.02614998 0.13157721 -0.00729995
v -0.02835000 0.13157721 -0.00729995
v -0.02614997 0.13188158 0.00713912
v -0.02834999 0.13187265 0.00709999
v -0.02614998 0.13157721 0.00799997
v -0.02834999 0.13157721 0.00799997
v -0.02614998 0.13182722 0.00564996
v -0.02834998 0.13182722 0.00564996
v -0.02614998 0.13182722 0.00434999
v -0.02834998 0.13182722 0.00434999
v -0.04723414 0.16913177 -0.00908539
v -0.04831826 0.17000782 -0.00759903
v -0.04746601 0.16960548 -0.00935984
v -0.04832203 0.17059192 -0.00771477
v -0.04551058 0.17043111 -0.00859028
v -0.04548857 0.16957562 -0.00826872
v -0.04640735 0.17111158 -0.00702682
v -0.04639418 0.17057486 -0.00670862
v -0.04636529 0.16954671 -0.00933341
v -0.04832679 0.16991958 -0.00858928
v -0.05102397 0.15712620 -0.01546893
v -0.05241894 0.16083920 -0.01334396
v -0.05145947 0.15927671 -0.01474897
v -0.05191798 0.16187322 -0.01397095
v -0.05106013 0.16462792 -0.01498865
v -0.04850495 0.16523421 -0.01845393
v -0.04925496 0.16486320 -0.01744798
v -0.04806898 0.16308276 -0.01917396
v -0.04710895 0.16152030 -0.02057896
v -0.04760999 0.16048720 -0.01995197
v -0.04846842 0.15773150 -0.01893427
v -0.05027396 0.15749720 -0.01647494
v -0.04875522 0.16245371 -0.01852493
v -0.05063041 0.16330451 -0.01579811
v -0.05101572 0.15991595 -0.01557468
v -0.04903598 0.15906079 -0.01822622
v -0.04420299 0.16139922 -0.01845697
v -0.04559899 0.16511220 -0.01633296
v -0.04516349 0.16296071 -0.01705296
v -0.04634899 0.16474122 -0.01532695
v -0.04813746 0.16446170 -0.01289297
v -0.04951298 0.16071720 -0.01122293
v -0.04901201 0.16175120 -0.01184997
v -0.04855349 0.15915471 -0.01262746
v -0.04811800 0.15700421 -0.01334796
v -0.04736800 0.15737520 -0.01435397
v -0.04556239 0.15761006 -0.01681324
v -0.04470397 0.16036521 -0.01783094
v -0.04806399 0.15970521 -0.01326696
v -0.04769596 0.16328570 -0.01356546
v -0.04565299 0.16241120 -0.01641396
v -0.04602099 0.15882970 -0.01611496
v -0.04938995 0.17736530 0.00256201
v -0.05036598 0.18154520 0.00391497
v -0.04981047 0.17962876 0.00275048
v -0.05029296 0.18233222 0.00287100
v -0.05028313 0.18463150 0.00085258
v -0.04936498 0.18413520 -0.00336794
v -0.04961198 0.18409421 -0.00208394
v -0.04894397 0.18187170 -0.00355644
v -0.04838895 0.17995530 -0.00471995
v -0.04846197 0.17916821 -0.00367699
v -0.04848247 0.17691870 -0.00164248
v -0.04914295 0.17740621 0.00127800
v -0.04906898 0.18154821 -0.00264595
v -0.04996296 0.18325771 0.00040801
v -0.04968501 0.17995320 0.00183995
v -0.04879197 0.17824270 -0.00121395
v -0.04490494 0.18054621 -0.00403194
v -0.04588097 0.18472520 -0.00267897
v -0.04545998 0.18246220 -0.00286747
v -0.04612797 0.18468520 -0.00139497
v -0.04679954 0.18522193 0.00154152
v -0.04688197 0.18213621 0.00460299
v -0.04680895 0.18292230 0.00355997
v -0.04632696 0.18021926 0.00343947
v -0.04590594 0.17795621 0.00325097
v -0.04565894 0.17799720 0.00196697
v -0.04499897 0.17750920 -0.00095347
v -0.04497796 0.17975920 -0.00298898
v -0.04620200 0.18054330 0.00252797
v -0.04647895 0.18384871 0.00109698
v -0.04558497 0.18213820 -0.00195698
v -0.04530796 0.17883275 -0.00052549
v 0.02439919 0.24463902 0.04390174
v 0.02373449 0.24128720 0.04358442
v 0.02143498 0.24007921 0.04359595
v 0.02608978 0.24955347 0.04737473
v 0.02278902 0.24646720 0.04888092
v 0.02616550 0.24849531 0.04931892
v -0.00323494 0.18209726 0.03176846
v -0.00367694 0.18308991 0.03256831
v -0.00244962 0.18108660 0.03219330
v -0.00004199 0.17802130 0.03812795
v 0.00079802 0.17848620 0.04237598
v -0.00199695 0.18090020 0.03795945
v -0.00238843 0.18923074 0.05635896
v -0.00385395 0.19170225 0.05639797
v -0.00119247 0.18719371 0.05635395
v 0.00247665 0.18173423 0.05655328
v 0.00100001 0.18391821 0.05645197
v 0.01167200 0.22815675 0.04468294
v 0.00800498 0.22589020 0.04401695
v 0.00696398 0.22141920 0.04336493
v 0.02100949 0.23823775 0.04532392
v 0.02265300 0.23940170 0.04533644
v 0.02253951 0.24089275 0.04537095
v 0.01055847 0.22422820 0.05173596
v 0.00950949 0.22274570 0.05096643
v 0.00606500 0.21637824 0.05215945
v 0.00085852 0.18496719 0.05395143
v 0.00130067 0.18397528 0.05315196
v 0.00007335 0.18597820 0.05352730
v -0.03169195 0.22320256 0.03107730
v -0.03046493 0.22260520 0.03497994
v -0.02978496 0.22362630 0.03284497
v -0.02769695 0.22424321 0.03504694
v -0.02928893 0.22256820 0.03924096
v -0.02643893 0.22471631 0.03652996
v -0.02472896 0.22532496 0.03786628
v -0.02825198 0.22328320 0.04482896
v -0.02345045 0.22612226 0.04027596
v -0.02260444 0.22683376 0.04256245
v -0.02272727 0.22742026 0.04651130
v -0.02779797 0.22483730 0.05032099
v -0.02437795 0.22732376 0.05035645
v -0.02777693 0.22541420 0.05181498
v -0.02759946 0.22619425 0.05376796
v -0.02690150 0.22692347 0.05463985
v -0.02820794 0.22108421 0.03959597
v -0.02646593 0.22234820 0.04504598
v -0.02528695 0.22442220 0.05039895
v 0.01889701 0.23646331 0.04345791
v 0.02300510 0.23768291 0.04333126
v 0.01642801 0.23342320 0.04329793
v 0.01456101 0.22978120 0.04297493
v 0.01384200 0.23070771 0.04306593
v 0.01037200 0.22771721 0.04261595
v 0.00683196 0.22529720 0.04198294
v 0.00309600 0.22331320 0.04113894
v 0.01283098 0.22699621 0.04280647
v 0.00579448 0.21465969 0.04078143
v 0.00107498 0.22245221 0.04061895
v -0.00962494 0.21197221 0.03480094
v -0.00251697 0.22124520 0.03960895
v -0.00655995 0.22031920 0.03837496
v -0.00866394 0.21999121 0.03770297
v -0.01114897 0.21972220 0.03688794
v -0.01565598 0.21951930 0.03534997
v -0.02421598 0.20975630 0.02657098
v -0.02840494 0.21644120 0.02747995
v -0.01904194 0.21963221 0.03415597
v -0.02193795 0.22007720 0.03319294
v -0.02493297 0.22085731 0.03223694
v -0.03228695 0.22287525 0.02890397
v -0.02785097 0.22185621 0.03126294
v -0.03134994 0.22277920 0.02947194
v -0.03070695 0.22317080 0.03049747
v -0.01962696 0.20254621 0.02585596
v -0.00480495 0.20396321 0.03492695
v -0.01460896 0.19473821 0.02525998
v -0.00006399 0.19585720 0.03531897
v -0.00050999 0.19215131 0.03406447
v -0.00913798 0.18624121 0.02465194
v -0.00194197 0.18393670 0.02926948
v -0.00299361 0.17672154 0.02402228
v 0.00130247 0.20134372 0.03741895
v 0.00395598 0.21057330 0.03980398
v -0.03225194 0.22323030 0.02990294
v -0.01838294 0.22786421 0.05781395
v -0.02385017 0.22726005 0.05694836
v -0.00970695 0.22842219 0.05900395
v 0.00003702 0.23045520 0.05795896
v 0.00335448 0.23195070 0.05719393
v -0.00098698 0.23109621 0.05726492
v 0.01130398 0.23659430 0.05472796
v -0.01077793 0.22875631 0.05829894
v 0.01211198 0.23581620 0.05538392
v 0.01552100 0.23873220 0.05436991
v 0.01833399 0.24126320 0.05313294
v 0.02631048 0.24749574 0.05154860
v 0.02651125 0.24670078 0.05169094
v 0.01892497 0.24033621 0.05380295
v -0.01751093 0.22739230 0.05879897
v -0.02345720 0.22680350 0.05748995
v -0.01815844 0.21218576 0.05488995
v -0.02232698 0.22598630 0.05818397
v -0.02130196 0.22536330 0.05877096
v -0.02035693 0.22469321 0.05927897
v -0.01947693 0.22397821 0.05971295
v -0.01838845 0.22321221 0.06024545
v -0.01775944 0.22282921 0.06044295
v -0.01710895 0.22151820 0.06061298
v -0.01637897 0.22057021 0.06078297
v -0.01566496 0.21953520 0.06088698
v -0.01495693 0.21839121 0.06091893
v -0.01384895 0.21725924 0.06105862
v -0.01350794 0.21561520 0.06072396
v -0.01272795 0.21384220 0.06045293
v -0.01157346 0.21146880 0.06009594
v -0.01099596 0.20913020 0.05941992
v -0.01009092 0.20632520 0.05870693
v -0.01089797 0.21176121 0.06025093
v -0.02538494 0.22708574 0.05566946
v -0.01977793 0.22784030 0.04795194
v -0.01629797 0.22834221 0.04945994
v -0.01243493 0.22900431 0.05086195
v -0.00890497 0.22971630 0.05190497
v -0.00461695 0.23074931 0.05285698
v -0.00572095 0.22986820 0.04743397
v -0.00191395 0.23115730 0.04850596
v -0.00408898 0.22751731 0.04317796
v -0.00063598 0.22912620 0.04440397
v -0.00145797 0.22397920 0.04074293
v 0.00205101 0.22619021 0.04198098
v 0.00552000 0.22852831 0.04297791
v 0.00895001 0.23101321 0.04370796
v 0.01231201 0.23368530 0.04416995
v -0.00502394 0.22189730 0.03930097
v -0.00753794 0.22603130 0.04173493
v -0.00950293 0.22873430 0.04607993
v -0.01098696 0.22467920 0.04012495
v -0.01323894 0.22774230 0.04449492
v -0.01443795 0.22349320 0.03839595
v -0.01690594 0.22689120 0.04272998
v -0.01789998 0.22254620 0.03660495
v -0.02047995 0.22620420 0.04082996
v -0.02362493 0.22581130 0.03906495
v -0.02130996 0.22220521 0.03503699
v -0.02482198 0.22272620 0.03381897
v -0.02562897 0.22469521 0.03589798
v -0.02675046 0.22433475 0.03468595
v -0.02862696 0.22365057 0.03245331
v 0.01974000 0.24345921 0.05028795
v 0.01689596 0.24103330 0.05139391
v 0.01417102 0.23901731 0.05224394
v 0.01060499 0.23677620 0.05304193
v 0.00698402 0.23489331 0.05349797
v 0.00324901 0.23328820 0.05362296
v -0.00059498 0.23192531 0.05341494
v 0.00188299 0.23262720 0.04925292
v 0.00281199 0.23086920 0.04536998
v 0.00623997 0.23276721 0.04604493
v 0.00563099 0.23430720 0.04965096
v 0.00961496 0.23484731 0.04642491
v 0.00928201 0.23622130 0.04969691
v 0.01290996 0.23714221 0.04652493
v 0.01558597 0.23658620 0.04439293
v 0.01279701 0.23838820 0.04941593
v 0.01610900 0.23967521 0.04638992
v 0.01874097 0.23974320 0.04443692
v 0.01615699 0.24081731 0.04886095
v 0.01918997 0.24245420 0.04608695
v 0.02174301 0.24315920 0.04438893
v 0.01935197 0.24349821 0.04810695
v 0.02238996 0.24642120 0.04723494
v 0.02573578 0.24954405 0.04611834
v 0.02214397 0.24547420 0.04569291
v 0.02478827 0.24659638 0.04430180
v 0.02539058 0.24859446 0.04514334
v -0.00303496 0.18305457 0.03485762
v -0.00216197 0.18203831 0.03559398
v -0.00223696 0.18149044 0.03469816
v 0.02494799 0.24532494 0.04421892
v 0.02484599 0.24444410 0.04529593
v 0.02414764 0.24212754 0.04505859
v 0.02392101 0.24078257 0.04484660
v 0.02363382 0.23953243 0.04499977
v 0.02370401 0.23863821 0.04507391
v 0.02316349 0.23693362 0.04440669
v 0.02413272 0.23616073 0.05116953
v 0.02392600 0.23627965 0.04938627
v 0.02429924 0.23820275 0.04985368
v 0.02417897 0.23848370 0.05017845
v 0.02433699 0.23919639 0.05025576
v 0.02540133 0.24172291 0.05149591
v 0.02524179 0.24364688 0.05050453
v 0.02596642 0.24529143 0.05035166
v 0.02618280 0.24642783 0.04966294
v 0.02610047 0.24707371 0.04838390
v 0.02594366 0.24754657 0.04694361
v 0.02541249 0.24761726 0.04476942
v 0.02529667 0.24595290 0.04560293
v 0.02564382 0.24700558 0.04601343
v -0.00105797 0.18273225 0.04306995
v 0.00142600 0.17884231 0.04557394
v -0.00008398 0.18486820 0.04863893
v 0.00029102 0.18290520 0.04925545
v 0.00284197 0.17967620 0.05285394
v 0.00139149 0.18171720 0.05103897
v 0.00182401 0.18169875 0.05269548
v -0.02926497 0.22103821 0.03557796
v -0.03038963 0.22146794 0.03182895
v -0.02429996 0.21105221 0.02943999
v -0.02186297 0.20719621 0.02899498
v -0.01772295 0.20076030 0.02851797
v -0.01348595 0.19426531 0.02825195
v -0.01113294 0.19067030 0.02813994
v -0.00412397 0.17992423 0.02769898
v -0.00367998 0.17989731 0.02927297
v -0.00343894 0.18003520 0.03050595
v -0.00140594 0.17728931 0.03128898
v -0.00218897 0.18078020 0.03695696
v -0.00298797 0.18060520 0.03357195
v -0.00331162 0.18145327 0.03263463
v -0.00385197 0.18216975 0.03284895
v -0.00493597 0.18230920 0.03054696
v -0.00412296 0.18245721 0.03391897
v -0.00369196 0.18305330 0.03697097
v -0.00562994 0.18413030 0.03244799
v -0.00511496 0.18443820 0.03510898
v -0.00333746 0.18214171 0.03468296
v -0.00301497 0.18105531 0.03457593
v -0.00129496 0.18867120 0.03187996
v 0.00298597 0.20548020 0.03946793
v 0.00440098 0.20971020 0.04054397
v 0.00826599 0.21847831 0.04234695
v 0.01290901 0.22596221 0.04351192
v 0.02303646 0.23712425 0.04363992
v -0.00890443 0.19855976 0.05570897
v -0.00478492 0.19305830 0.05635094
v -0.00580493 0.19488530 0.05642998
v -0.00658194 0.19645420 0.05657798
v -0.00704996 0.19814381 0.05694795
v -0.00785092 0.19956520 0.05709993
v -0.00853894 0.20151131 0.05751794
v -0.00927798 0.20375620 0.05805498
v -0.01452763 0.21078858 0.05715628
v -0.01572144 0.21034631 0.05596146
v -0.01683093 0.21048659 0.05520829
v -0.01385198 0.21260731 0.05868595
v -0.01444194 0.21501631 0.05946398
v -0.01504097 0.21738020 0.06023694
v -0.01707295 0.21716121 0.05821896
v -0.01913998 0.21686320 0.05633796
v -0.01868693 0.21463031 0.05565298
v -0.00040948 0.18601871 0.05638745
v -0.00464294 0.19420831 0.05654793
v -0.00643996 0.19866221 0.05709898
v -0.00874544 0.20450824 0.05844447
v 0.00207098 0.18880621 0.05530893
v 0.00221600 0.19507021 0.05445194
v 0.00373699 0.20491420 0.05377095
v 0.00657799 0.21367121 0.05382198
v 0.00963100 0.21992821 0.05383795
v 0.00690802 0.22612920 0.05608993
v 0.01296348 0.22482620 0.05349895
v 0.00313499 0.17985520 0.05437898
v 0.00334299 0.18028420 0.05619997
v 0.00306197 0.18083531 0.05651295
v 0.00061702 0.18192230 0.05013495
v 0.00044802 0.18383378 0.05215370
v -0.00020331 0.18437757 0.05130463
v -0.00100497 0.18387930 0.04893696
v -0.00069565 0.18525928 0.05164697
v -0.00061463 0.18555325 0.05266897
v -0.00174997 0.18508920 0.04915195
v -0.00228194 0.18619430 0.04989397
v -0.00203443 0.18768625 0.05234443
v -0.00251798 0.18702030 0.05104696
v -0.01510898 0.20613430 0.05136997
v -0.01756093 0.21118520 0.05469198
v -0.00004031 0.18496424 0.05334931
v 0.00033752 0.18413980 0.05317896
v -0.01311294 0.20641631 0.05125595
v -0.00093898 0.18841121 0.05211293
v -0.00012498 0.18809430 0.05409896
v -0.00063098 0.18837731 0.05316698
v -0.00313596 0.19262920 0.05433297
v -0.00577495 0.19685321 0.05493694
v -0.01066193 0.20404820 0.05451095
v -0.01578510 0.21150427 0.05398811
v -0.02067397 0.21878821 0.05363995
v -0.02526597 0.22497231 0.05182994
v -0.02524493 0.22563021 0.05329097
v -0.00800697 0.20278320 0.05608195
v -0.00965295 0.20803630 0.05741196
v -0.01351544 0.21158326 0.05587944
v -0.01118693 0.21262620 0.05852997
v -0.01224396 0.21236330 0.05739694
v -0.01211796 0.21373421 0.05826795
v -0.01248697 0.21519320 0.05874395
v -0.01285795 0.21663520 0.05921792
v -0.01410196 0.21149731 0.05534893
v -0.01630393 0.21316120 0.05439097
v -0.01681194 0.21562231 0.05514896
v -0.01732997 0.21804020 0.05590296
v -0.01554993 0.21827321 0.05757696
v -0.01379797 0.21844721 0.05934894
v -0.01661698 0.22245121 0.05890096
v -0.02050429 0.22561327 0.05702262
v -0.02174494 0.22584020 0.05606998
v -0.02348796 0.22573420 0.05462498
v 0.00495501 0.22898531 0.05510395
v 0.00662001 0.23013431 0.05471795
v 0.02493198 0.24248330 0.05040894
v -0.02341393 0.22567821 0.04993296
v -0.02210096 0.22574030 0.04673297
v -0.02197895 0.22526830 0.04333997
v -0.02341299 0.22417620 0.03995097
v -0.02478497 0.22342831 0.03789193
v -0.02647595 0.22269021 0.03578294
v 0.00442596 0.22377831 0.04327297
v 0.00058002 0.22201030 0.04230493
v 0.00390032 0.21453622 0.04213827
v -0.00258295 0.22089921 0.04140692
v -0.00616394 0.21995930 0.04030496
v -0.01780896 0.21510820 0.03458494
v -0.02648996 0.22020531 0.03333897
v -0.02220593 0.21915720 0.03476894
v -0.01811098 0.21875921 0.03620095
v -0.01648496 0.21876121 0.03678996
v -0.01345292 0.21889821 0.03786295
v -0.01143393 0.21908221 0.03855895
v -0.01084898 0.20525931 0.03425496
v -0.00369094 0.20987330 0.03874093
v -0.00026098 0.20240021 0.03888195
v -0.00161998 0.19637321 0.03672993
v -0.00640397 0.19350821 0.03282195
v -0.00227694 0.19297330 0.03524196
v -0.00336145 0.18566170 0.03140145
v -0.01842896 0.22620630 0.04844797
v -0.01352993 0.22697830 0.05030393
v -0.00767795 0.22766320 0.05662792
v -0.00867597 0.22793031 0.05171293
v -0.00435696 0.22897020 0.05259996
v -0.00032598 0.23014620 0.05309993
v 0.00352397 0.23150331 0.05326592
v 0.00448301 0.23162530 0.05438292
v 0.00726398 0.23309121 0.05311697
v 0.01102852 0.23480624 0.05301245
v 0.01462998 0.23715061 0.05206627
v 0.01732849 0.23892070 0.05147694
v 0.01996101 0.24138421 0.05002491
v 0.02297099 0.24423730 0.04869591
v -0.02110098 0.22356620 0.03960395
v -0.01725296 0.22427730 0.04160095
v -0.01214497 0.22006130 0.03880299
v -0.01326994 0.22523621 0.04351097
v -0.00813393 0.22171021 0.04062998
v -0.00921796 0.22637920 0.04523695
v -0.00418095 0.22357230 0.04228693
v -0.00511293 0.22769120 0.04671597
v -0.00025498 0.22560531 0.04371798
v -0.00097398 0.22918521 0.04788297
v 0.00365801 0.22780430 0.04486793
v 0.00316699 0.23089120 0.04868596
v 0.00754597 0.23019230 0.04569494
v 0.00725998 0.23284630 0.04909592
v 0.01137097 0.23280931 0.04618895
v 0.01165797 0.23530370 0.04899996
v 0.01508798 0.23569921 0.04637592
v 0.01530696 0.23748231 0.04807691
v 0.00842001 0.23368931 0.04989194
v 0.00441398 0.23200420 0.05106592
v 0.00862398 0.23395030 0.05185395
v 0.01329596 0.23642920 0.05199992
v 0.01778699 0.23982631 0.04983394
v 0.02099098 0.24248625 0.04775243
v 0.02325500 0.24449976 0.04684944
v 0.01456000 0.23248520 0.04515694
v 0.01715000 0.23526530 0.04538791
v 0.01865198 0.23889020 0.04632591
v 0.02203299 0.24237320 0.04614095
v 0.01822098 0.23962221 0.04743193
v 0.02080996 0.24184930 0.04693191
v -0.00349345 0.18271419 0.03006148
v -0.00350796 0.18431430 0.03058499
v -0.00294645 0.18611681 0.03227847
v -0.00029298 0.20002431 0.03868097
v -0.00371896 0.18112120 0.02902597
v 0.01216401 0.22766420 0.04544597
v 0.00447096 0.21440920 0.04292094
v 0.00057502 0.20310119 0.03999447
v -0.00163494 0.19339029 0.03629398
v 0.02150400 0.23767221 0.04570995
v 0.02003796 0.23625021 0.04595594
v 0.01569248 0.23180220 0.04633196
v 0.01864000 0.23486930 0.04618494
v 0.01283999 0.22827630 0.04693794
v 0.01114698 0.22589330 0.04737395
v 0.01005496 0.22412930 0.04814893
v 0.00939033 0.22282824 0.04950561
v 0.00295498 0.20754920 0.05161595
v 0.00115200 0.19866830 0.05179995
v -0.00086498 0.19335830 0.04146796
v 0.00027502 0.18907630 0.05076998
v -0.00000798 0.18751431 0.04915797
v 0.00052252 0.18897025 0.05318847
v -0.00262193 0.18625221 0.03403598
v -0.00237094 0.18528621 0.03569298
v -0.00220595 0.18323420 0.03687393
v -0.00350498 0.18124720 0.03012198
v -0.00598893 0.22715931 0.05731797
v 0.00420799 0.23017670 0.05533945
v -0.00418792 0.22460830 0.05723595
v 0.02356197 0.24254020 0.05081193
v 0.00134101 0.22993420 0.05572497
v -0.00936792 0.22698520 0.05745297
v 0.00568100 0.23096430 0.05499994
v 0.00030702 0.19756930 0.05296397
v 0.00187196 0.20592920 0.05261898
v 0.00699099 0.21934620 0.05282098
v 0.00872799 0.22243421 0.05276995
v 0.00684299 0.22557721 0.05409997
v 0.01334248 0.22867925 0.05216996
v 0.01895298 0.23509620 0.05137692
v 0.02460398 0.24108921 0.05035596
v 0.00165000 0.20289521 0.05232095
v 0.01128002 0.22528920 0.05179995
v 0.01675399 0.23203830 0.05120896
v 0.02227201 0.23840921 0.04557894
v 0.02032198 0.23413520 0.04536293
v 0.01774301 0.23146421 0.04575793
v 0.01533099 0.22859931 0.04636995
v 0.01387002 0.22658220 0.04725192
v 0.01304333 0.22520354 0.04862628
v 0.01312749 0.22506031 0.04999094
v -0.00139295 0.18145430 0.03156298
v -0.00203339 0.18081039 0.03341811
v -0.00083599 0.18116730 0.03447598
v -0.00068999 0.18293720 0.03519499
v -0.00069799 0.18402821 0.03504097
v -0.00075799 0.18494730 0.03454893
v 0.00081302 0.19263721 0.04094296
v 0.00412800 0.20428321 0.05295193
v 0.00684001 0.21307120 0.05301797
v 0.01279201 0.22405520 0.05284798
v 0.01389702 0.22597121 0.05062294
v 0.01467802 0.22693430 0.05077295
v 0.01568998 0.22815721 0.05073796
v 0.01946302 0.23222630 0.05019794
v 0.00273802 0.19407921 0.05367898
v 0.00224402 0.18878621 0.05172598
v 0.00201001 0.18826430 0.05029898
v 0.00188400 0.18652120 0.04956096
v 0.00192000 0.18545531 0.04969596
v 0.00202300 0.18456021 0.05016493
v 0.00247701 0.18793920 0.05319696
v 0.00256600 0.18703720 0.05367398
v 0.00261601 0.18598831 0.05381095
v 0.00255497 0.18428831 0.05307894
v 0.00231697 0.18374321 0.05162799
v -0.00098299 0.18578321 0.03308898
v -0.00126593 0.18522030 0.03166395
v -0.00146698 0.18343221 0.03095698
v -0.00146698 0.18235621 0.03109896
v 0.00065835 0.18401054 0.05086261
v -0.00021498 0.18502620 0.05012595
v -0.00041298 0.18565288 0.05092863
v 0.00592401 0.21113621 0.05354797
v 0.00271400 0.19593130 0.05405598
v -0.00055265 0.18638727 0.05221464
v 0.00130751 0.18345776 0.05190697
v -0.00362377 0.18306182 0.03378795
v 0.03547099 0.25690472 -0.00471000
v 0.06445394 0.25453430 -0.01329502
v 0.03571894 0.26087081 -0.00965102
v 0.02077597 0.22430120 0.00404995
v 0.02248198 0.23258319 0.00310194
v 0.02665299 0.25635329 -0.00534404
v 0.05267994 0.22106220 -0.03126104
v 0.05006294 0.22163920 -0.03092904
v 0.06732599 0.24081320 -0.03189000
v 0.03998397 0.17710520 -0.02890701
v 0.02286695 0.19008321 -0.02697200
v 0.04133998 0.18345320 -0.02924903
v 0.02481996 0.25718331 -0.02124602
v 0.02873598 0.26013231 -0.01990402
v 0.02731298 0.25587821 -0.02373201
v 0.01512998 0.20518321 -0.00723297
v 0.01471495 0.19888321 0.00045398
v 0.00968898 0.16857621 0.01352396
v 0.06199495 0.24198820 -0.03121503
v 0.03206699 0.25510430 -0.02557803
v 0.06080194 0.24876770 -0.02922105
v 0.01614695 0.20063120 0.00870495
v 0.06583998 0.24648720 -0.02906504
v 0.01066095 0.17155720 0.01466399
v 0.06727199 0.25106931 -0.02573505
v 0.06939995 0.24735220 -0.02689805
v 0.02014195 0.21745421 0.00688796
v 0.07063495 0.25058931 -0.02278801
v 0.00934595 0.16497721 0.01573598
v 0.06113194 0.21182521 -0.03032704
v 0.04885747 0.15475421 -0.02764250
v 0.06277399 0.22011821 -0.03156402
v 0.00812197 0.16692820 0.00402498
v 0.06843095 0.25328821 -0.02045705
v 0.00884200 0.16455120 0.01250195
v 0.06102596 0.20929420 -0.02675803
v 0.05198996 0.16325620 -0.01795502
v 0.05174194 0.16787921 -0.02795698
v 0.04154098 0.15696821 0.01177392
v 0.03722399 0.19509920 0.00890492
v 0.03482299 0.26200122 -0.01583601
v 0.03394999 0.25978827 -0.02172504
v 0.02046697 0.17885320 -0.02636701
v 0.01416694 0.18024230 -0.02556800
v 0.01226597 0.18321830 -0.02539301
v 0.01656698 0.19147220 -0.02617401
v 0.02746199 0.22652121 -0.02806098
v 0.00612097 0.16772020 -0.02402997
v 0.06389694 0.25558931 -0.01952203
v 0.06268495 0.25345120 -0.02536805
v 0.00826799 0.17776620 -0.02457201
v 0.01362298 0.18956530 -0.02573503
v 0.02003299 0.22785220 -0.02711100
v 0.05248497 0.18099520 -0.03066202
v 0.01822095 0.22994220 -0.02591599
v 0.02651994 0.26103529 -0.01453299
v 0.02415095 0.25482330 -0.02241701
v 0.03183096 0.25176629 -0.00129004
v 0.06386700 0.25064272 -0.00831001
v 0.01283197 0.20146520 -0.01889003
v 0.02428995 0.25362331 -0.01923502
v 0.02649998 0.25294131 -0.00061404
v 0.02547096 0.25909820 -0.01943899
v 0.04030496 0.21051830 0.00639395
v 0.02274494 0.25064430 -0.02623803
v 0.04793094 0.22210920 -0.03065903
v 0.02532993 0.22699121 -0.02779103
v 0.02690094 0.25845620 -0.00704903
v 0.03022396 0.26040021 -0.00863303
v 0.04842400 0.19262920 0.00748495
v 0.06562898 0.22228521 -0.00083655
v 0.05150598 0.20804821 0.00497393
v 0.01055197 0.16674320 -0.02459198
v 0.02274595 0.16242220 -0.02579397
v 0.02487896 0.16195220 -0.02606398
v 0.00430446 0.16457820 -0.02199348
v 0.05409595 0.15787371 0.00801394
v 0.06712400 0.22280420 -0.00215801
v 0.01080697 0.17904221 0.00413495
v 0.06224197 0.20533921 0.00192294
v 0.06127399 0.20049821 0.00271091
v 0.06098398 0.19904521 0.00294793
v 0.06899397 0.25253120 -0.01469203
v 0.07148097 0.24862520 -0.01270106
v 0.07141195 0.25106430 -0.01749101
v 0.01590995 0.16556220 -0.02527099
v 0.06255095 0.21000920 -0.01597102
v 0.07042198 0.24789621 -0.01978901
v 0.04188494 0.17413020 -0.02908202
v 0.04818396 0.17274120 -0.02988102
v 0.05027895 0.15552421 -0.01800199
v 0.05154198 0.15716520 -0.01089497
v 0.02033995 0.16458420 -0.02583302
v 0.05554300 0.16618620 0.00497196
v 0.02605496 0.26041931 -0.01713604
v 0.06051796 0.19026120 0.00233994
v 0.05290496 0.16136721 -0.00745400
v 0.07108098 0.24311121 -0.00626602
v 0.05537496 0.18832619 -0.03077902
v 0.05750798 0.19901420 -0.03133501
v 0.05058394 0.18397120 -0.03048702
v 0.06880699 0.24900620 -0.01003703
v 0.04428498 0.18536021 -0.02968802
v 0.04738497 0.15514220 0.00773494
v 0.04788899 0.15556830 0.01096896
v 0.02657394 0.16157821 -0.02627898
v 0.02870695 0.16110820 -0.02654899
v 0.04386894 0.16261721 -0.02889897
v 0.05112897 0.17464820 -0.03032000
v 0.05491595 0.18617721 -0.03066303
v 0.02696096 0.26001030 -0.00927300
v 0.02250498 0.22421220 0.00562893
v 0.02802699 0.22906020 0.00412994
v 0.04103696 0.15654230 0.00853996
v 0.05232494 0.16301320 -0.01489098
v 0.01468895 0.18268320 -0.02569997
v 0.02980696 0.26179621 -0.01434804
v 0.02683097 0.26089421 -0.01183904
v 0.05604898 0.16980821 0.00266693
v 0.01760799 0.14057720 0.01679198
v 0.01760799 0.14057720 0.00904995
v 0.01760799 0.14217721 0.01679198
v 0.01760798 0.14217719 0.00904994
v 0.01214912 0.14057723 0.00904995
v 0.01204090 0.14057723 0.01679198
v 0.01204089 0.14217719 0.00904995
v 0.01214912 0.14217719 0.01679198
v 0.01170796 0.13307720 -0.00789196
v 0.01944994 0.13307720 -0.00789196
v 0.01170796 0.13467720 -0.00789196
v 0.01944994 0.13467720 -0.00789196
v 0.01944994 0.13307720 -0.01312866
v 0.01170795 0.13307720 -0.01318132
v 0.01944994 0.13467720 -0.01318132
v 0.01170795 0.13467720 -0.01312865
v -0.01370800 0.13307720 -0.01260798
v -0.02144998 0.13307720 -0.01260798
v -0.01370799 0.13467720 -0.01260798
v -0.02144999 0.13467720 -0.01260798
v -0.02144998 0.13307720 -0.00758194
v -0.01370799 0.13307720 -0.00758194
v -0.02144998 0.13467720 -0.00758194
v -0.01370799 0.13467720 -0.00758194
v -0.01370800 0.13307720 -0.02110796
v -0.02144999 0.13307720 -0.02110796
v -0.01370800 0.13467720 -0.02110796
v -0.02144999 0.13467720 -0.02110796
v -0.02144999 0.13307720 -0.01608197
v -0.01370800 0.13307720 -0.01608197
v -0.02144998 0.13467720 -0.01608197
v -0.01370800 0.13467720 -0.01608197
v 0.00658196 0.14057720 0.00904995
v 0.00658197 0.14057720 0.01679199
v 0.00658197 0.14217721 0.00904995
v 0.00658197 0.14217719 0.01679199
v 0.01944993 0.13307720 -0.01841796
v 0.01170795 0.13307720 -0.01841795
v 0.01944993 0.13467720 -0.01841796
v 0.01170795 0.13467720 -0.01841795
v 0.00339198 0.14057720 -0.00329196
v 0.00339198 0.14057720 0.00444996
v 0.00339198 0.14407730 -0.00329196
v 0.00339198 0.14407730 0.00444996
v 0.00841796 0.14057720 0.00444996
v 0.00841796 0.14057720 -0.00329197
v 0.00841796 0.14407730 0.00444996
v 0.00841796 0.14407730 -0.00329197
v -0.02060794 0.14057720 -0.00329196
v -0.02060794 0.14057720 0.00444997
v -0.02060794 0.14407730 -0.00329196
v -0.02060794 0.14407730 0.00444997
v -0.01558196 0.14057720 0.00444997
v -0.01558196 0.14057720 -0.00329196
v -0.01558196 0.14407730 0.00444997
v -0.01558196 0.14407730 -0.00329196
v -0.01260799 0.14057720 -0.00329196
v -0.01260799 0.14057720 0.00444997
v -0.01260799 0.14407730 -0.00329196
v -0.01260799 0.14407730 0.00444997
v -0.00758195 0.14057720 0.00444997
v -0.00758195 0.14057720 -0.00329196
v -0.00758195 0.14407730 0.00444997
v -0.00758195 0.14407730 -0.00329196
v -0.00460798 0.14057720 -0.00329196
v -0.00460797 0.14057720 0.00444996
v -0.00460798 0.14407730 -0.00329196
v -0.00460797 0.14407730 0.00444996
v 0.00041800 0.14057720 0.00444996
v 0.00041800 0.14057720 -0.00329196
v 0.00041800 0.14407730 0.00444996
v 0.00041800 0.14407730 -0.00329196
v 0.02729194 0.14057720 -0.01610798
v 0.01954995 0.14057720 -0.01610798
v 0.02729194 0.14407730 -0.01610798
v 0.01954995 0.14407730 -0.01610798
v 0.01954996 0.14057720 -0.01108200
v 0.02729195 0.14057720 -0.01108200
v 0.01954996 0.14407730 -0.01108200
v 0.02729194 0.14407730 -0.01108200
v -0.05757564 0.12375921 0.01322266
v -0.05401563 0.12039594 0.01526334
v -0.04149048 0.12370923 0.01438823
v -0.03641997 0.12724820 0.02536798
v -0.04050295 0.12412770 0.01498647
v -0.03969098 0.12463524 0.01574031
v -0.03900129 0.12527688 0.01671864
v -0.03632598 0.12804320 0.02663602
v -0.04265042 0.18172951 0.00183158
v -0.04959783 0.16175728 -0.01786111
v -0.03905600 0.12789620 0.01014096
v -0.04009598 0.17489821 -0.00386099
v -0.03698198 0.14220521 0.01781102
v -0.05719795 0.12942269 0.02220850
v -0.05611597 0.13086730 0.02633698
v -0.05633394 0.13343321 0.02474500
v -0.03707598 0.14141020 0.01654197
v -0.05748095 0.12703125 0.01840802
v -0.05765294 0.12558821 0.01607300
v -0.05372696 0.12284820 0.01956697
v -0.05665396 0.12263720 0.01681401
v -0.05397795 0.12072830 0.01618399
v -0.05321997 0.17145321 -0.00841395
v -0.05131900 0.16892821 -0.01260695
v -0.05781095 0.12424620 0.01396997
v -0.05730795 0.12848754 0.02073467
v -0.05647098 0.12423220 0.01934697
v -0.05672197 0.12211320 0.01596500
v -0.05640195 0.12475720 0.02019598
v -0.05664998 0.12157698 0.01489075
v -0.05620097 0.12648171 0.02294301
v -0.05040897 0.16201781 -0.01673449
v -0.05134546 0.12108775 0.01443352
v -0.05333798 0.12602720 0.02464099
v -0.05386747 0.12152230 0.01745300
v -0.05128495 0.12804320 0.02774800
v -0.05347596 0.12496720 0.02295001
v -0.04258595 0.18233407 -0.00001771
v -0.04275635 0.18276609 0.00120071
v -0.05612396 0.12714630 0.02399899
v -0.04091299 0.16800921 -0.01485596
v -0.04295861 0.12329457 0.01383198
v -0.04400998 0.12313220 0.01364900
v -0.04276198 0.18228030 -0.00127898
v 0.03677896 0.26244870 0.03512091
v 0.06576198 0.26007831 0.02653589
v 0.03702698 0.26641482 0.03017993
v 0.05685098 0.17173021 0.04480294
v 0.06182601 0.19580530 0.04217092
v 0.05540348 0.16341780 0.04784495
v 0.03313901 0.25731021 0.03854094
v 0.06517497 0.25618669 0.03152090
v 0.02780796 0.25848532 0.03921692
v 0.04161300 0.21606231 0.04622493
v 0.02604200 0.19595920 0.05102192
v 0.02145000 0.22299831 0.04671894
v 0.04234602 0.16208631 0.04837094
v 0.04919697 0.16111231 0.05079994
v 0.04284902 0.16251230 0.05160496
v 0.04973198 0.19817320 0.04731593
v 0.05281396 0.21359220 0.04480491
v 0.05284995 0.16270921 0.02893594
v 0.05421299 0.16691130 0.03237692
v 0.07238901 0.24865431 0.03356489
v 0.06399298 0.25899521 0.01446291
v 0.06973898 0.25883222 0.01937392
v 0.06857998 0.25661331 0.01409593
v 0.05016547 0.16029826 0.01218844
v 0.05819398 0.20164621 0.00865290
v 0.06408095 0.22566220 0.00826690
v 0.05881595 0.20455821 0.00849590
v 0.05379295 0.18653920 0.00916896
v 0.05189198 0.18951520 0.00934396
v 0.05716896 0.20492120 0.00870494
v 0.02658796 0.21231830 0.01256494
v 0.04559296 0.19090420 0.01014296
v 0.02417498 0.19562720 0.01285897
v 0.02559799 0.25916731 0.02059595
v 0.01643795 0.21072720 0.03259794
v 0.02796096 0.26189730 0.03448693
v 0.02068496 0.21020821 0.01340096
v 0.01952899 0.23548621 0.01391493
v 0.02405298 0.25618821 0.01359294
v 0.06330299 0.24753220 0.00861690
v 0.03337497 0.26064831 0.01425295
v 0.06210997 0.25431174 0.01060992
v 0.06520498 0.26113331 0.02030888
v 0.03613097 0.26754519 0.02399491
v 0.04869302 0.16068630 0.04756597
v 0.01787496 0.19701621 0.01365696
v 0.00561247 0.17012221 0.01783746
v 0.01185996 0.17228720 0.01523894
v 0.01721800 0.17110620 0.01455997
v 0.02164799 0.17012820 0.01399796
v 0.04517698 0.16816120 0.01093194
v 0.05243694 0.18019220 0.00951091
v 0.05329800 0.16880020 0.02187595
v 0.05158699 0.16106820 0.02182892
v 0.03525746 0.26533225 0.01810593
v 0.02846499 0.19542430 0.05071394
v 0.04129195 0.18264920 0.01092396
v 0.04264795 0.18899721 0.01058195
v 0.02612800 0.26272729 0.01858495
v 0.03004396 0.26567629 0.01992695
v 0.02862095 0.26142222 0.01609890
v 0.02820796 0.26400021 0.03278194
v 0.02826900 0.26555431 0.03055792
v 0.02378998 0.23812726 0.04293294
v 0.02208401 0.22984520 0.04388092
v 0.01745500 0.20617521 0.04853593
v 0.02757998 0.23140220 0.04465596
v 0.01547599 0.18578620 0.01426296
v 0.00742895 0.17326421 0.01580095
v 0.03853197 0.20064330 0.04873595
v 0.01014997 0.17009521 0.05233299
v 0.01599700 0.18822721 0.01413093
v 0.01357401 0.18876220 0.01443796
v 0.01493097 0.19510920 0.01409595
v 0.02545900 0.26036721 0.01741390
v 0.00957597 0.18331020 0.01525896
v 0.07030201 0.25807521 0.02513888
v 0.00943001 0.17247221 0.04385596
v 0.01211502 0.18458620 0.04396592
v 0.01602300 0.20442730 0.04028492
v 0.01413996 0.20700920 0.02094094
v 0.03153199 0.26594430 0.03119795
v 0.02177495 0.18439721 0.01346396
v 0.04319298 0.17967421 0.01074896
v 0.04949201 0.17828530 0.00994996
v 0.02813900 0.26643831 0.02799194
v 0.03111500 0.26734030 0.02548294
v 0.02736301 0.26596332 0.02269493
v 0.02677995 0.26464221 0.02039193
v 0.02782798 0.26657921 0.02529792
v 0.07278895 0.25416920 0.02712991
v 0.07272000 0.25660831 0.02233991
v 0.01196899 0.17710130 0.05449497
v 0.01065399 0.17052130 0.05556696
v 0.02680296 0.26272419 0.02391194
v 0.06964499 0.24697520 0.01483991
v 0.07172996 0.25344029 0.02004191
v 0.01099699 0.17412020 0.05335494
v 0.07194299 0.25613329 0.01704290
v 0.07011499 0.25455019 0.02979388
v 0.05735696 0.17535220 0.04249797
v 0.06385899 0.21555321 0.02385995
v 0.06863397 0.24635720 0.00794092
v 0.06233400 0.21483821 0.01307294
v 0.06843198 0.22834830 0.03767189
v 0.05363298 0.16855720 0.02493993
v 0.06243997 0.21736920 0.00950394
v 0.06714798 0.25203130 0.01076593
v 0.07070798 0.25289631 0.01293292
v 0.05304998 0.17342320 0.01187394
v -0.02440499 0.14048620 0.03074396
v -0.02856396 0.14699322 0.03129095
v -0.02476595 0.14038721 0.02918900
v -0.02892499 0.14689320 0.02973599
v -0.02447896 0.14969832 0.03017098
v -0.02483998 0.14959930 0.02861500
v -0.02031998 0.14319220 0.02962399
v -0.02068095 0.14309220 0.02806795
v -0.02282797 0.16716520 0.02589196
v -0.04077499 0.17432730 0.02959301
v -0.03138195 0.18054830 0.02701694
v -0.01504563 0.19385421 0.02412530
v -0.01291446 0.19052020 0.02384496
v -0.00958495 0.16716321 0.02310097
v -0.00990598 0.18581420 0.02344894
v -0.00775694 0.18245220 0.02316695
v -0.01098095 0.18749520 0.02359098
v -0.01371996 0.19178121 0.02395094
v -0.02313499 0.20782921 0.02613295
v -0.02213697 0.12834220 0.03099698
v -0.01161598 0.16581720 0.02365797
v -0.00399094 0.14035819 0.02601999
v -0.03222094 0.16094521 0.02846796
v -0.06893346 0.21685070 0.04982697
v -0.04269693 0.23203330 0.04913593
v -0.04511944 0.23262180 0.04329495
v -0.07166497 0.20083420 0.03865501
v -0.04392447 0.22646019 0.03277497
v -0.03874795 0.22263330 0.02962697
v -0.07251797 0.21299230 0.05143997
v -0.06679544 0.21607371 0.05574598
v -0.06802294 0.21050130 0.03938499
v -0.04517994 0.23083930 0.03719999
v -0.04023597 0.23211330 0.03587193
v -0.03044197 0.22886321 0.05027694
v 0.01516498 0.15419631 0.03627293
v -0.03042594 0.22744630 0.04691399
v -0.07236097 0.20720820 0.05150499
v -0.02471092 0.14144920 0.06645697
v -0.06639495 0.20336831 0.06398900
v -0.03704498 0.23303720 0.03628094
v -0.03648596 0.23134521 0.03423496
v -0.03716395 0.23422720 0.03872199
v -0.07042096 0.21204820 0.05680998
v -0.06343794 0.21275671 0.05998098
v -0.04016796 0.23428020 0.04135597
v -0.03933892 0.22871630 0.05337096
v -0.07387296 0.20658520 0.04449000
v -0.07163695 0.20758121 0.04159095
v 0.01745398 0.15761220 0.05887394
v 0.00156050 0.14275680 0.06216048
v 0.02021199 0.15512054 0.05690596
v -0.01712143 0.13038480 0.06728449
v -0.03834895 0.23385130 0.04694993
v -0.06927947 0.21487971 0.04380997
v -0.07455096 0.20946720 0.04897597
v -0.07346198 0.20999120 0.05421295
v 0.00162800 0.18294030 0.05631995
v -0.03529397 0.23094630 0.05107398
v -0.01788994 0.15098020 0.06611699
v 0.00924500 0.15217631 0.06112498
v 0.01171298 0.16614120 0.05853396
v -0.07296494 0.21135220 0.04585197
v 0.00236400 0.17518120 0.05888694
v 0.00599202 0.16979221 0.05910192
v 0.00535502 0.16637421 0.05974197
v -0.01907698 0.12934230 0.05776501
v 0.00552901 0.14971530 0.06214398
v -0.01540991 0.13962421 0.06730098
v -0.02659997 0.14820831 0.06804097
v -0.05441793 0.18594721 0.06546202
v 0.00795497 0.14711919 0.03865395
v 0.01488096 0.15257031 0.03131197
v 0.01246596 0.15229920 0.02185096
v -0.02819594 0.15494320 0.06726897
v -0.02317294 0.14748120 0.06756598
v -0.00634596 0.17241031 0.06080996
v -0.02900693 0.22812830 0.05373496
v -0.03294697 0.17654030 0.06418795
v -0.00106297 0.17590921 0.05936199
v -0.02149395 0.13030121 0.05126900
v -0.03347692 0.22516720 0.05496097
v -0.03497895 0.17519520 0.06474496
v -0.02192298 0.12909530 0.04679299
v -0.02443795 0.12678319 0.03204200
v 0.00592299 0.14577430 0.03921198
v -0.02959194 0.15701620 0.06718601
v -0.03022792 0.15359721 0.06782599
v 0.00758900 0.14694320 0.03689396
v 0.00652848 0.14729020 0.02354797
v -0.00537895 0.18005221 0.02379798
v -0.03427695 0.22559421 0.02840096
v -0.03683094 0.23481420 0.04135199
v -0.03495393 0.23404220 0.04633195
v -0.03356597 0.23274820 0.04827096
v -0.06192395 0.20632920 0.06276299
v -0.06052195 0.18306920 0.03638799
v -0.06725196 0.20878130 0.06047298
v -0.07095293 0.20798920 0.05852498
v -0.07112595 0.20668820 0.05475296
v -0.07249097 0.20603320 0.04819700
v -0.01987796 0.12976830 0.03120500
v 0.00555701 0.14559720 0.03745095
v -0.03607396 0.23475020 0.04395897
v -0.07123897 0.20103930 0.04070397
v -0.04236903 0.18144535 0.00055847
v -0.04423885 0.13903487 0.01539969
v -0.04246598 0.13863882 0.01458593
v -0.04276023 0.13834293 0.01345279
v -0.04224991 0.13675694 0.01149601
v -0.04656828 0.13528427 0.00955693
v -0.04833138 0.13573483 0.01036205
v -0.04855805 0.13766782 0.01342705
v -0.04449568 0.13524663 0.00929441
v -0.04451711 0.13427585 0.00973578
v -0.04160331 0.13575077 0.01188579
v -0.04234044 0.13768731 0.01517196
v -0.04620029 0.13830838 0.01633239
v -0.04487031 0.13707933 0.01426099
v -0.04392209 0.13599183 0.01259973
v -0.04678766 0.13659036 0.01346672
v -0.04482870 0.13808750 0.01392074
v -0.04391742 0.13698620 0.01202704
v -0.04596809 0.13625178 0.01105975
v -0.04584718 0.13550524 0.01180690
v -0.04688997 0.13741165 0.01291189
v -0.04836256 0.13483191 0.01091059
v -0.04663097 0.13429621 0.00980897
v -0.04625457 0.13916922 0.01572090
v -0.04409097 0.13839220 0.01619400
v -0.04911420 0.13683383 0.01418202
v -0.04185283 0.13781768 0.01067610
v -0.04603959 0.13762078 0.01018060
v -0.04424870 0.13664725 0.00925506
v -0.04663658 0.13644208 0.00918066
v -0.04724342 0.13876748 0.01214900
v -0.04839897 0.13872081 0.01260551
v -0.04484089 0.13927868 0.01331952
v -0.04424688 0.13989455 0.01455657
v -0.04352139 0.13805108 0.01123476
v -0.04235335 0.13945819 0.01336354
v -0.04598373 0.13841121 0.00999075
v -0.04403666 0.13898595 0.01077920
v -0.04465114 0.13717629 0.00792650
v -0.04249062 0.14065583 0.01334658
v -0.04173763 0.13865301 0.01007704
v -0.04849553 0.13773362 0.00910373
v -0.04695372 0.13941187 0.01166747
v -0.04500440 0.13998286 0.01245208
v -0.04633528 0.14121069 0.01452568
v -0.04924856 0.13973606 0.01237328
v -0.04841026 0.13687478 0.00965044
v -0.04676699 0.13709520 0.00806697
v -0.04253330 0.13980125 0.01391398
v -0.04629888 0.14032142 0.01502658
v -0.04421495 0.14119020 0.01444800
v -0.04920762 0.13886856 0.01291387
v -0.04466281 0.13629977 0.00845562
v -0.04406256 0.13521878 0.01777769
v -0.04228903 0.13482259 0.01696407
v -0.04258326 0.13452695 0.01583080
v -0.04207326 0.13294087 0.01387430
v -0.04639129 0.13146833 0.01193494
v -0.04815457 0.13191885 0.01274006
v -0.04838122 0.13385171 0.01580512
v -0.04431880 0.13143057 0.01167240
v -0.04439214 0.13044843 0.01210422
v -0.04221466 0.13396241 0.01757664
v -0.04597155 0.13449951 0.01872256
v -0.04465206 0.13427126 0.01629875
v -0.04374067 0.13316990 0.01440511
v -0.04579156 0.13243572 0.01343783
v -0.04670704 0.13358675 0.01529442
v -0.04814921 0.13098978 0.01324749
v -0.04607785 0.13535291 0.01809914
v -0.04167597 0.13400139 0.01305432
v -0.04586326 0.13380425 0.01255859
v -0.04407182 0.13283123 0.01163322
v -0.04641267 0.13270706 0.01193214
v -0.04719071 0.13473387 0.01469912
v -0.04822195 0.13490480 0.01498350
v -0.04471855 0.13566211 0.01542488
v -0.04407042 0.13607840 0.01693458
v -0.04334473 0.13423434 0.01361274
v -0.04239696 0.13533220 0.01532002
v -0.04677309 0.13558953 0.01404786
v -0.04580686 0.13459520 0.01236887
v -0.04386587 0.13516708 0.01316128
v -0.04447439 0.13335983 0.01030450
v -0.04232769 0.13684976 0.01574739
v -0.04156108 0.13483679 0.01245504
v -0.04831906 0.13391744 0.01148189
v -0.04482660 0.13617441 0.01483010
v -0.04613036 0.13740146 0.01690454
v -0.04907195 0.13591997 0.01475156
v -0.04823383 0.13305861 0.01202844
v -0.04658997 0.13327920 0.01044501
v -0.04252650 0.13590875 0.01623711
v -0.04403798 0.13737421 0.01682599
v -0.04903080 0.13505262 0.01529196
v -0.04448622 0.13248384 0.01083373
v -0.04509649 0.18051119 0.00010051
v -0.04544096 0.18110721 0.00133397
v -0.04552945 0.18236671 0.00070051
v -0.04518446 0.18177070 -0.00053249
v -0.04998099 0.18161218 -0.00017949
v -0.04963594 0.18101671 -0.00141297
v -0.04954797 0.17975722 -0.00077949
v -0.04989245 0.18035269 0.00045401
v -0.05170773 0.18077883 -0.00071308
v -0.05128097 0.18073720 -0.00173698
v -0.05133499 0.17957090 -0.00109178
v -0.05153697 0.18007420 0.00012701
v -0.04436997 0.16166641 -0.01241058
v -0.04469597 0.16038421 -0.01224193
v -0.04388893 0.16057730 -0.01297861
v -0.04369395 0.16150920 -0.01354996
v -0.04606446 0.16021322 -0.01495845
v -0.04687547 0.16047475 -0.01383195
v -0.04668346 0.16186225 -0.01401497
v -0.04587249 0.16160069 -0.01514147
v -0.04977749 0.16036919 -0.01766896
v -0.05058847 0.16063021 -0.01654244
v -0.05176501 0.16162032 -0.01811576
v -0.05095799 0.16181320 -0.01885298
v -0.05128398 0.16053104 -0.01868396
v -0.05196000 0.16068821 -0.01754496
v -0.04395645 0.13891025 0.01324246
v -0.04377894 0.13811630 0.01390697
v -0.04256898 0.13790621 0.01217897
v -0.04540795 0.13623020 0.00970002
v -0.04480248 0.13637970 0.01054500
v -0.04692247 0.13715976 0.01065297
v -0.04789400 0.13689621 0.01095296
v -0.04701900 0.13620430 0.01107897
v -0.04828298 0.13758020 0.01207997
v -0.04604947 0.13910770 0.01371400
v -0.04544299 0.13925619 0.01455899
v -0.04696500 0.13896820 0.01420899
v -0.04606496 0.13833120 0.01442201
v -0.04377948 0.13509421 0.01562051
v -0.04360299 0.13430020 0.01628502
v -0.04239194 0.13409032 0.01455702
v -0.04523199 0.13241421 0.01207800
v -0.04462596 0.13256319 0.01292298
v -0.04674598 0.13334320 0.01303099
v -0.04771798 0.13308030 0.01333101
v -0.04684197 0.13238820 0.01345702
v -0.04810696 0.13376421 0.01445897
v -0.04526697 0.13544020 0.01693697
v -0.04597061 0.13555320 0.01630266
v -0.04678796 0.13515221 0.01658697
v -0.04588793 0.13451520 0.01680000
v 0.02404499 0.14057720 0.00499999
v 0.02076995 0.14057720 0.00827496
v 0.02076995 0.14057720 0.00172495
v 0.01749497 0.14057720 0.00499999
v 0.02404499 0.14757718 0.00499999
v 0.02076995 0.14757721 0.00172495
v 0.02076995 0.14757721 0.00827496
v 0.01749497 0.14757718 0.00499999
v -0.05753098 0.12667030 0.00778802
v -0.05328695 0.13615221 0.02104200
v -0.05104899 0.12667030 0.00730701
v -0.04719596 0.12867920 0.02704497
v -0.04758697 0.12189620 0.01004101
v -0.04739797 0.12348620 0.01257797
v -0.04745094 0.13419120 0.02361096
v -0.04563294 0.14063931 0.03776301
v -0.05060695 0.11712330 0.01325597
v -0.05176698 0.11910420 0.01091798
v -0.05064195 0.12112620 0.00956799
v -0.05156099 0.12328820 0.00828101
v -0.05762194 0.12160730 0.00978502
v -0.05649596 0.12362920 0.00843497
v -0.05398498 0.12432520 0.00781198
v -0.06055098 0.12189620 0.01100399
v -0.05670297 0.11944520 0.01107199
v -0.05708897 0.11712330 0.01373799
v -0.05829094 0.12052630 0.01713403
v -0.05847196 0.12782121 0.02664699
v -0.05842398 0.12867920 0.02787997
v -0.05829398 0.13865820 0.03994496
v -0.05951397 0.13064021 0.02495797
v -0.05867897 0.13419120 0.02444501
v -0.05864298 0.12814221 0.01238801
v -0.05744997 0.13689320 0.04098798
v -0.05764298 0.12598521 0.02584501
v -0.05713098 0.12621520 0.02695097
v -0.05791794 0.11960420 0.01639797
v -0.05589895 0.12579530 0.02772500
v -0.05674694 0.11864120 0.01630802
v -0.05437998 0.12529731 0.02792497
v -0.05390297 0.13445830 0.04225101
v -0.05277698 0.12512819 0.02791198
v -0.05268197 0.12592320 0.02918001
v -0.05170796 0.13413720 0.04228897
v -0.05269698 0.14463221 0.05848797
v -0.04442594 0.15081421 0.05400099
v -0.05514798 0.15402430 0.05278601
v -0.05034696 0.11874920 0.01576503
v -0.04757193 0.13544820 0.04116000
v -0.05427795 0.11840820 0.01154102
v -0.05002395 0.14484030 0.03545697
v -0.04881695 0.15501420 0.05169500
v -0.05221896 0.14516120 0.03541900
v -0.04647695 0.14240520 0.03671898
v -0.05078595 0.12822419 0.00986101
v -0.05487494 0.13598320 0.02126600
v -0.05770497 0.14240520 0.03755398
v -0.05708698 0.14883320 0.05618198
v -0.05634795 0.13548520 0.02168699
v -0.05635497 0.14385021 0.03654797
v -0.05830096 0.12791221 0.01121898
v -0.05751698 0.13452320 0.02177198
v -0.05799596 0.13360021 0.02109899
v -0.04636595 0.14562230 0.05739798
v -0.04622196 0.13689320 0.04015400
v -0.05719596 0.12833130 0.01027001
v -0.00557368 0.10802660 0.02581423
v -0.00663393 0.10802750 0.02746820
v -0.00371759 0.10802561 0.02517038
v -0.00737326 0.10802960 0.03053874
v 0.00151990 0.10802597 0.02546079
v 0.00000291 0.10803061 0.03141379
v 0.00222219 0.10802660 0.02665513
v 0.00427557 0.10802750 0.02753281
v 0.00737889 0.10802960 0.03053742
v 0.00648331 0.10802712 0.02703754
v -0.02590030 0.10800150 -0.00565975
v -0.02755427 0.10800050 -0.00672000
v -0.02525657 0.10800262 -0.00380360
v -0.03062474 0.10799961 -0.00745927
v -0.02525573 0.10800861 0.00359882
v -0.03159357 0.10798607 -0.00008380
v -0.02664029 0.10800950 0.00471778
v -0.02731101 0.10801052 0.00647861
v -0.03062348 0.10801160 0.00729288
v 0.00557368 0.10798440 -0.02598625
v 0.00663393 0.10798350 -0.02764028
v 0.00371759 0.10798560 -0.02534246
v 0.00737326 0.10798161 -0.03071081
v -0.00378723 0.10798517 -0.02553834
v -0.00000293 0.10798060 -0.03158587
v -0.00435145 0.10798440 -0.02635502
v -0.00534237 0.10798440 -0.02701240
v -0.00737889 0.10798159 -0.03070950
v -0.00656466 0.10798348 -0.02739702
v 0.02589929 0.10800150 -0.00566454
v 0.02525571 0.10800323 -0.00335843
v 0.02755308 0.10800050 -0.00672508
v 0.03062349 0.10799960 -0.00746490
v 0.02626496 0.10800360 -0.00280822
v 0.02712094 0.10800361 -0.00220973
v 0.02799844 0.10800551 -0.00017372
v 0.03149986 0.10800551 -0.00008893
v 0.02723807 0.10800761 0.00190907
v 0.02590030 0.10800951 0.00548767
v 0.02755427 0.10801050 0.00654792
v 0.03062475 0.10801160 0.00728725
v 0.02525645 0.10800806 0.00323286
v -0.00720194 0.10764119 0.00428798
v -0.00825412 0.10768273 0.00799399
v -0.00729954 0.10761011 0.00607314
v -0.01200185 0.10778039 0.00859477
v -0.00985524 0.10763909 0.00895023
v -0.01346985 0.10972948 0.00798530
v -0.01229035 0.10929260 0.00851185
v -0.01350769 0.10761150 0.00767467
v -0.01431906 0.10929041 0.00659150
v -0.01431888 0.10761050 0.00659246
v -0.01466822 0.10928950 0.00521440
v -0.01464733 0.10760962 0.00488738
v -0.01497850 0.10928860 0.00363511
v -0.01431448 0.10783823 0.00340290
v -0.01326630 0.10765429 0.00207851
v -0.00907541 0.10769418 0.00151965
v -0.01154431 0.10765415 0.00130472
v -0.00969411 0.10928658 0.00093609
v -0.01078548 0.10915383 0.00068176
v -0.01161932 0.10928661 0.00125885
v -0.00281160 0.10757350 0.00773980
v -0.00188820 0.10766262 0.00875091
v -0.00117566 0.10738503 0.01094562
v -0.00861857 0.10758119 0.00915131
v -0.00901670 0.10764655 0.01001803
v -0.00709925 0.10761148 0.00762161
v -0.00115119 0.10779306 0.00917321
v -0.00076151 0.10919076 0.01039830
v -0.00134384 0.10929451 0.01153260
v -0.00123943 0.10929313 0.00925733
v -0.00243923 0.10766324 0.01346945
v -0.00160662 0.10761548 0.01226565
v -0.00365190 0.10794826 0.01430790
v -0.00495814 0.10761761 0.01456528
v -0.00432992 0.10767210 0.00708553
v -0.00563177 0.10761152 0.00707073
v -0.00867438 0.10775477 0.01192731
v -0.00788151 0.10761614 0.01328997
v -0.00848233 0.10929561 0.01244125
v -0.00813113 0.10944535 0.01336357
v -0.00698933 0.10780412 0.01402844
v -0.00617144 0.10915312 0.01444266
v -0.00496709 0.10929761 0.01458752
v -0.00603551 0.10759959 -0.00731095
v -0.00418281 0.10763803 -0.00731306
v -0.00802862 0.10766842 -0.00810494
v -0.00868624 0.10773442 -0.01194622
v -0.00876117 0.10759749 -0.01017561
v -0.00171631 0.10767740 -0.00924360
v -0.00116883 0.10731395 -0.01046298
v -0.00107503 0.10927793 -0.00969785
v -0.00078846 0.10915015 -0.01086503
v -0.00144325 0.10766596 -0.01199035
v -0.00134594 0.10927650 -0.01170647
v -0.00376193 0.10927358 -0.01494943
v -0.00362137 0.10773604 -0.01444949
v -0.00497187 0.10759351 -0.01473292
v -0.00530148 0.10927360 -0.01475518
v -0.00684888 0.10759462 -0.01426759
v -0.00667859 0.10927461 -0.01440608
v -0.00803254 0.10963903 -0.01356033
v -0.00788356 0.10759459 -0.01346015
v -0.01057793 0.10760461 -0.00140450
v -0.00914740 0.10769407 -0.00180549
v -0.01053534 0.10918155 -0.00087589
v -0.01161956 0.10928450 -0.00143086
v -0.01190312 0.10766815 -0.00152024
v -0.00928259 0.10928449 -0.00126232
v -0.01464958 0.10760149 -0.00504985
v -0.01433169 0.10784987 -0.00360300
v -0.01467466 0.10928141 -0.00505411
v -0.01448732 0.10928260 -0.00397467
v -0.01455326 0.10945969 -0.00621833
v -0.01403930 0.10784988 -0.00722813
v -0.01341491 0.10913227 -0.00815276
v -0.01280052 0.10759895 -0.00834132
v -0.01305963 0.10951831 -0.00843771
v -0.01187372 0.10782843 -0.00880876
v -0.01040536 0.10759842 -0.00886543
v -0.00717732 0.10765284 -0.00438746
v -0.00722923 0.10760061 -0.00611688
v -0.01330825 0.10764882 -0.00228213
v -0.00944192 0.10759841 -0.00862067
v 0.00722502 0.10756765 -0.00423677
v 0.00825411 0.10766977 -0.00816555
v 0.00729954 0.10760028 -0.00624456
v 0.01200185 0.10776627 -0.00876646
v 0.00985523 0.10762483 -0.00912169
v 0.01347020 0.10971630 -0.00815949
v 0.01229035 0.10927860 -0.00868595
v 0.01350766 0.10759959 -0.00784609
v 0.01431906 0.10928051 -0.00676561
v 0.01431888 0.10760061 -0.00676388
v 0.01466822 0.10928140 -0.00538850
v 0.01459124 0.10760189 -0.00468730
v 0.01493751 0.10928259 -0.00382317
v 0.01431928 0.10778816 -0.00360312
v 0.00907539 0.10769172 -0.00169120
v 0.01120208 0.10766722 -0.00140074
v 0.00969409 0.10928451 -0.00111015
v 0.01078547 0.10915278 -0.00085562
v 0.01161932 0.10928451 -0.00143296
v 0.00125228 0.10749517 -0.01135349
v 0.00165421 0.10771462 -0.00933440
v 0.00076150 0.10917403 -0.01057224
v 0.00134384 0.10927650 -0.01170665
v 0.00123910 0.10927800 -0.00943127
v 0.00496709 0.10927361 -0.01476162
v 0.00361025 0.10774644 -0.01444596
v 0.00388765 0.10927360 -0.01457440
v 0.00496296 0.10759352 -0.01473560
v 0.00613133 0.10943329 -0.01464002
v 0.00698930 0.10778212 -0.01420013
v 0.00805727 0.10911345 -0.01350909
v 0.00817586 0.10759505 -0.01302615
v 0.00836207 0.10950335 -0.01311046
v 0.00870419 0.10777508 -0.01200140
v 0.00901669 0.10763054 -0.01018951
v 0.00447471 0.10765624 -0.00723925
v 0.00679120 0.10759959 -0.00764532
v 0.00266987 0.10762458 -0.00809200
v 0.00861851 0.10756622 -0.00932271
v 0.00567990 0.10759961 -0.00726169
v 0.00761536 0.10761660 0.01356641
v 0.00667739 0.10761661 0.01423346
v 0.00499495 0.10761762 0.01455641
v 0.00603551 0.10761149 0.00713953
v 0.00415926 0.10764741 0.00715126
v 0.00803859 0.10768291 0.00792647
v 0.00855638 0.10778131 0.01221363
v 0.00859005 0.10761303 0.00943650
v 0.00883425 0.10761423 0.01087077
v 0.00153480 0.10759141 0.00899724
v 0.00134314 0.10750966 0.01054546
v 0.00107474 0.10929319 0.00952361
v 0.00078843 0.10916707 0.01069114
v 0.00144325 0.10768510 0.01181886
v 0.00134594 0.10929450 0.01153236
v 0.00376182 0.10929760 0.01477520
v 0.00362134 0.10775900 0.01427787
v 0.00530136 0.10929760 0.01458120
v 0.00667859 0.10929661 0.01423197
v 0.00803225 0.10966097 0.01338584
v 0.00722931 0.10761052 0.00594587
v 0.00716011 0.10753539 0.00397381
v 0.01004118 0.10761261 0.00866293
v 0.01187465 0.10772493 0.00859415
v 0.01354307 0.10761148 0.00764051
v 0.01255396 0.10929261 0.00838284
v 0.01344090 0.10939692 0.00804302
v 0.01424956 0.10817141 0.00670349
v 0.01465096 0.10760962 0.00487096
v 0.01457929 0.10961673 0.00598263
v 0.01467466 0.10928951 0.00488001
v 0.01434046 0.10761051 0.00642001
v 0.01034059 0.10764970 0.00127520
v 0.01053534 0.10918283 0.00070199
v 0.01161956 0.10928660 0.00125676
v 0.01190267 0.10767005 0.00134857
v 0.00928259 0.10928661 0.00108825
v 0.01342544 0.10764600 0.00224089
v 0.01437364 0.10790811 0.00351639
v 0.01448732 0.10928861 0.00380062
v -0.00018301 0.10721812 0.00910333
v -0.00012903 0.10701387 0.01028472
v 0.00037356 0.10701414 0.01074816
v 0.00023342 0.10732692 0.01198363
v 0.00095343 0.10699761 -0.01042999
v 0.00036401 0.10735840 -0.00921651
v 0.00012901 0.10699721 -0.01045517
v -0.00017583 0.10722978 -0.01191845
v -0.00044296 0.10699651 -0.01102703
v 0.00763821 0.10757660 -0.00331718
v 0.00798274 0.10764718 -0.00274384
v 0.00828842 0.10751630 -0.00009228
v 0.00786539 0.10764730 0.00273082
v 0.00379723 0.10727950 -0.00712669
v 0.00600975 0.10778060 -0.00609660
v -0.00115961 0.10727952 -0.00800091
v -0.00046281 0.10777862 -0.00884141
v -0.00260510 0.10764421 -0.00811285
v -0.00579572 0.10747623 -0.00588025
v -0.00786683 0.10756425 -0.00285515
v -0.00836360 0.10758098 -0.00008491
v -0.00739080 0.10728750 0.00297624
v -0.00798269 0.10765015 0.00257377
v -0.00580191 0.10749584 0.00571711
v 0.00280104 0.10757314 0.00770167
v 0.00579475 0.10748439 0.00570819
v 0.00964559 0.11011760 0.01546365
v 0.00134069 0.11011950 0.01816302
v 0.01575416 0.11011260 0.00922327
v 0.00120998 0.11011861 0.01566565
v -0.00748017 0.11039162 0.01661181
v -0.00607689 0.10986925 0.01449694
v -0.00964559 0.11009350 -0.01563918
v -0.00134069 0.11009061 -0.01833838
v -0.01575416 0.11009841 -0.00939869
v -0.01352149 0.11009840 -0.00826132
v -0.00121046 0.11009252 -0.01584130
v 0.00748017 0.11036556 -0.01678762
v 0.00000079 0.10746837 0.00809081
v -0.01038183 0.10791025 0.01029739
v -0.00897431 0.10778461 -0.00094209
v -0.01049393 0.10791751 -0.01057897
v -0.00859899 0.10927550 -0.01237750
v 0.01038177 0.10789416 -0.01046934
v 0.00897431 0.10778650 0.00077043
v 0.00884032 0.10764837 0.00180891
v 0.01049415 0.10793361 0.01040680
v 0.00859893 0.10929560 0.01220339
v -0.01489272 0.10797844 -0.00008422
v -0.01224964 0.10778551 -0.00008419
v 0.00215996 0.10766851 0.01317763
v 0.00000127 0.10792885 0.01474506
v -0.00388765 0.10929760 0.01440030
v -0.00215996 0.10764735 -0.01334916
v -0.00000206 0.10794221 -0.01495465
v 0.00217579 0.10763399 -0.01336825
v 0.01489263 0.10797844 -0.00008747
v 0.01329658 0.10765079 -0.00227641
v 0.01224964 0.10778551 -0.00008747
v 0.02397269 0.10510761 0.00273251
v 0.02287888 0.10510760 0.00203543
v 0.02525645 0.10504559 0.00335982
v 0.02525571 0.10505009 -0.00346194
v 0.02200138 0.10510550 -0.00017177
v 0.02300363 0.10510361 -0.00232513
v 0.02589994 0.10500960 0.00549029
v 0.02755427 0.10501060 0.00655036
v 0.03062475 0.10501151 0.00728964
v 0.02589899 0.10500160 -0.00566233
v 0.02755308 0.10500060 -0.00672264
v 0.03062349 0.10499940 -0.00746251
v 0.02422380 0.11310361 -0.00298996
v 0.02712094 0.11310360 -0.00221379
v 0.02789777 0.11310661 0.00068325
v 0.02577602 0.11310761 0.00280516
v 0.02287888 0.11310761 0.00202905
v 0.02210205 0.11310452 -0.00086802
v -0.00368489 0.10498550 -0.02533948
v 0.00371759 0.10498551 -0.02534008
v 0.00557392 0.10498451 -0.02598357
v 0.00663393 0.10498360 -0.02763783
v 0.00737326 0.10498140 -0.03070849
v -0.00388862 0.10498760 -0.02270686
v -0.01202131 0.10499561 -0.01210385
v -0.00438095 0.10499261 -0.01650917
v 0.00443947 0.10499260 -0.01649326
v 0.01539884 0.10498359 -0.02756280
v 0.01541309 0.10498951 -0.02002520
v 0.01684801 0.10498860 -0.02085370
v 0.01850449 0.10498860 -0.02085364
v 0.01993839 0.10498951 -0.02002579
v 0.02227174 0.10498761 -0.02235950
v 0.02076666 0.10499041 -0.01859201
v 0.02076696 0.10499261 -0.01693541
v 0.02747636 0.10499350 -0.01548780
v 0.01640933 0.10500161 -0.00452400
v 0.01642572 0.10500841 0.00429600
v 0.01993869 0.10499350 -0.01550049
v 0.01850390 0.10499350 -0.01467211
v 0.01684736 0.10499350 -0.01467217
v 0.01541345 0.10499351 -0.01549984
v 0.01201969 0.10499561 -0.01210540
v 0.01458530 0.10499261 -0.01693374
v 0.01458500 0.10499041 -0.01859028
v -0.00658169 0.10498362 -0.02744703
v -0.00737889 0.10498140 -0.03070705
v -0.00861103 0.10498450 -0.02633499
v -0.00724877 0.11308341 -0.02713525
v -0.00435145 0.11308461 -0.02635920
v -0.00357474 0.11308651 -0.02346181
v -0.00569648 0.11308860 -0.02133989
v -0.00609423 0.10498862 -0.02125507
v -0.00859375 0.11308749 -0.02211606
v -0.00859375 0.10498761 -0.02210956
v -0.00937045 0.11308560 -0.02501308
v -0.00947244 0.10498659 -0.02421820
v -0.02525573 0.10500841 0.00360120
v -0.02525657 0.10500251 -0.00380122
v -0.02589994 0.10500160 -0.00565760
v -0.02755427 0.10500062 -0.00671761
v -0.03062475 0.10499939 -0.00745689
v -0.02734903 0.10501061 0.00649324
v -0.03062349 0.10501150 0.00729526
v -0.02691215 0.10501150 0.00755383
v -0.02704524 0.11310950 0.00560690
v -0.02492368 0.11310861 0.00348485
v -0.02354151 0.10500840 0.00345100
v -0.02202636 0.11310860 0.00426097
v -0.02202636 0.10500840 0.00426746
v -0.02124965 0.11311160 0.00715817
v -0.02124965 0.10501149 0.00716461
v -0.02337116 0.11311261 0.00928016
v -0.02337116 0.10501250 0.00928659
v -0.02626866 0.11311260 0.00850404
v -0.02626866 0.10501250 0.00851048
v 0.00141157 0.10502550 0.02517247
v -0.00371759 0.10502551 0.02517277
v -0.00557392 0.10502640 0.02581638
v -0.00663393 0.10502760 0.02747052
v -0.00737326 0.10502950 0.03054130
v 0.00194252 0.10502360 0.02273750
v 0.01202130 0.10501551 0.01193660
v 0.00438083 0.10501861 0.01634192
v -0.00443947 0.10501860 0.01632601
v -0.01539825 0.10502760 0.02739620
v -0.01541327 0.10502150 0.01985801
v -0.01684801 0.10502260 0.02068633
v -0.01850449 0.10502260 0.02068633
v -0.01993851 0.10502150 0.01985848
v -0.02227174 0.10502361 0.02219219
v -0.02076666 0.10502051 0.01842464
v -0.02076696 0.10501861 0.01676816
v -0.02747690 0.10501742 0.01531953
v -0.01640933 0.10500959 0.00435675
v -0.01642572 0.10500159 -0.00446325
v -0.01541639 0.10499350 -0.01549720
v -0.01685131 0.10499351 -0.01466875
v -0.01850778 0.10499351 -0.01466887
v -0.01994163 0.10499350 -0.01549666
v -0.02076996 0.10499261 -0.01693045
v -0.02077026 0.10499041 -0.01858698
v -0.01994199 0.10498951 -0.02002196
v -0.02595771 0.10499159 -0.01792876
v -0.01785166 0.10498451 -0.02603661
v -0.01850719 0.10498862 -0.02085046
v -0.01685066 0.10498860 -0.02085035
v -0.01541681 0.10498951 -0.02002257
v -0.01458860 0.10499041 -0.01858877
v -0.01458824 0.10499261 -0.01693223
v -0.01993869 0.10501741 0.01533318
v -0.01850395 0.10501741 0.01450480
v -0.01684748 0.10501741 0.01450480
v -0.01541345 0.10501741 0.01533258
v -0.01201969 0.10501550 0.01193816
v -0.01458530 0.10501861 0.01676637
v -0.01458500 0.10502051 0.01842296
v 0.00412876 0.10502261 0.02154392
v 0.00646449 0.10502360 0.02241462
v 0.00734241 0.10502551 0.02460502
v 0.01541651 0.10501741 0.01533000
v 0.01685113 0.10501741 0.01450150
v 0.01850766 0.10501741 0.01450162
v 0.01994163 0.10501741 0.01532929
v 0.02076996 0.10501860 0.01676320
v 0.02077026 0.10502051 0.01841979
v 0.01994193 0.10502150 0.01985459
v 0.01458824 0.10501861 0.01676486
v 0.01458860 0.10502051 0.01842146
v 0.00651768 0.10502721 0.02712996
v 0.01541669 0.10502150 0.01985537
v 0.00737889 0.10502951 0.03053987
v 0.01685066 0.10502260 0.02068304
v 0.01850719 0.10502261 0.02068321
v 0.01784999 0.10502640 0.02587067
v 0.02595640 0.10501958 0.01776318
v 0.00724120 0.11312561 0.02530539
v 0.00511957 0.11312751 0.02742731
v 0.00222219 0.11312660 0.02665114
v 0.00144560 0.11312460 0.02375406
v 0.00356717 0.11312251 0.02163201
v 0.00646449 0.11312351 0.02240812
v -0.00914991 0.11033781 0.01575870
v -0.01121096 0.11011640 0.01437592
v -0.01694399 0.11011050 0.00682486
v -0.01575344 0.11010651 0.00112230
v -0.01829880 0.11010550 -0.00028028
v -0.01679408 0.11009961 -0.00735705
v -0.01485173 0.11071060 0.02769064
v -0.00830518 0.11086860 0.01621860
v -0.01372724 0.11064801 0.02826334
v -0.01317309 0.10962860 0.02852583
v -0.01373874 0.10854539 0.02825963
v -0.01485173 0.10854450 0.02769244
v -0.01546056 0.10964825 0.02741392
v -0.02777898 0.11067651 -0.01493995
v -0.02835158 0.11061384 -0.01381537
v -0.02867104 0.10952874 -0.01334905
v -0.02835443 0.10845557 -0.01380765
v -0.02777898 0.10851060 -0.01493816
v -0.02747834 0.10959361 -0.01548778
v 0.00914989 0.11031170 -0.01593443
v 0.01121096 0.11009350 -0.01455140
v 0.00817364 0.11009461 -0.01360905
v 0.01694399 0.11009961 -0.00700027
v 0.01575344 0.11010462 -0.00129671
v 0.01829880 0.11010550 0.00010493
v 0.01679408 0.11011150 0.00718164
v 0.01486696 0.11054531 -0.02791764
v 0.00830518 0.11084250 -0.01639509
v 0.01372725 0.11060201 -0.02843957
v 0.01317297 0.10958260 -0.02870059
v 0.01373874 0.10849950 -0.02843242
v 0.01479768 0.10854387 -0.02793349
v 0.01546652 0.10965317 -0.02773486
v 0.02777898 0.11070060 0.01476358
v 0.02835159 0.11063592 0.01363912
v 0.02861315 0.10961561 0.01308571
v 0.02834607 0.10853361 0.01365231
v 0.02777898 0.10853461 0.01476531
v 0.02747834 0.10961749 0.01531331
v -0.00919032 0.10928551 0.00003046
v -0.01187229 0.10928551 -0.00018530
v -0.01549775 0.10928548 0.00012088
v -0.01177644 0.10929351 0.01044636
v -0.01060485 0.10929350 0.01052093
v 0.00020783 0.10929817 0.01541071
v 0.01053255 0.10929451 0.01169008
v 0.00012583 0.10929307 0.00913711
v -0.00011551 0.10929505 0.01172241
v 0.00011484 0.10927601 -0.01189652
v -0.00012642 0.10927807 -0.00931122
v -0.00020803 0.10927284 -0.01558477
v -0.01053345 0.10927650 -0.01186347
v -0.01060813 0.10927759 -0.01069176
v 0.00919032 0.10928551 -0.00020450
v 0.01187229 0.10928551 0.00001125
v 0.01549783 0.10928548 -0.00029465
v 0.01177715 0.10927761 -0.01061958
v 0.01060503 0.10927760 -0.01069498
v 0.01060688 0.10929350 0.01051908
v 0.02156542 0.10889450 -0.01387722
v 0.01767658 0.10889540 -0.01226622
v 0.02317558 0.10889159 -0.01776654
v 0.01993899 0.10889361 -0.01550341
v 0.02076696 0.10889261 -0.01693798
v 0.02076684 0.10889050 -0.01859445
v 0.01993839 0.10888951 -0.02002889
v 0.02156477 0.10888861 -0.02165545
v 0.01850395 0.10888860 -0.02085692
v 0.01684748 0.10888861 -0.02085680
v 0.01767538 0.10888761 -0.02326561
v 0.01541291 0.10888951 -0.02002848
v 0.01217638 0.10889159 -0.01776547
v 0.01458482 0.10889050 -0.01859391
v 0.01458500 0.10889261 -0.01693750
v 0.01378654 0.10888860 -0.02165473
v 0.01541345 0.10889361 -0.01550288
v 0.01378715 0.10889451 -0.01387650
v 0.01684790 0.10889360 -0.01467497
v 0.01850449 0.10889361 -0.01467509
v -0.01378990 0.10889450 -0.01387398
v -0.01767868 0.10889540 -0.01226299
v -0.01217950 0.10889159 -0.01776325
v -0.01541621 0.10889361 -0.01550012
v -0.01458818 0.10889261 -0.01693475
v -0.01458824 0.10889050 -0.01859127
v -0.01541681 0.10888951 -0.02002566
v -0.01379043 0.10888861 -0.02165215
v -0.01685113 0.10888860 -0.02085368
v -0.01850766 0.10888861 -0.02085356
v -0.01767988 0.10888761 -0.02326237
v -0.01994223 0.10888951 -0.02002524
v -0.02317882 0.10889159 -0.01776229
v -0.02077026 0.10889050 -0.01859067
v -0.02077020 0.10889261 -0.01693414
v -0.02156872 0.10888860 -0.02165149
v -0.01994162 0.10889361 -0.01549976
v -0.02156801 0.10889451 -0.01387320
v -0.01850731 0.10889360 -0.01467167
v -0.01685066 0.10889361 -0.01467185
v -0.01378654 0.10892240 0.02148128
v -0.01767550 0.10892361 0.02309216
v -0.01217638 0.10891961 0.01759207
v -0.01541303 0.10892151 0.01985509
v -0.01458482 0.10892060 0.01842033
v -0.01458500 0.10891861 0.01676387
v -0.01541345 0.10891752 0.01532949
v -0.01378715 0.10891651 0.01370305
v -0.01684801 0.10891750 0.01450134
v -0.01850449 0.10891752 0.01450164
v -0.01767658 0.10891561 0.01209277
v -0.01993899 0.10891752 0.01532984
v -0.02317558 0.10891961 0.01759297
v -0.02076696 0.10891861 0.01676459
v -0.02076684 0.10892060 0.01842094
v -0.02156542 0.10891650 0.01370377
v -0.01993851 0.10892151 0.01985539
v -0.02156477 0.10892241 0.02148206
v -0.01850395 0.10892241 0.02068347
v -0.01684748 0.10892241 0.02068323
v 0.02156872 0.10892240 0.02147798
v 0.01767976 0.10892361 0.02308886
v 0.02317882 0.10891961 0.01758872
v 0.01994211 0.10892151 0.01985173
v 0.02077026 0.10892060 0.01841722
v 0.02077020 0.10891861 0.01676069
v 0.01994162 0.10891752 0.01532619
v 0.02156801 0.10891651 0.01369975
v 0.01850719 0.10891750 0.01449822
v 0.01685066 0.10891752 0.01449828
v 0.01767868 0.10891561 0.01208948
v 0.01541621 0.10891752 0.01532667
v 0.01217950 0.10891961 0.01758979
v 0.01458818 0.10891861 0.01676130
v 0.01458824 0.10892060 0.01841770
v 0.01378990 0.10891650 0.01370053
v 0.01541669 0.10892151 0.01985216
v 0.01379043 0.10892241 0.02147877
v 0.01685113 0.10892241 0.02068023
v 0.01850766 0.10892241 0.02068011
v -0.01040207 0.11137960 0.02964407
v -0.00352322 0.11138051 0.03121370
v 0.00353010 0.11138051 0.03121244
v 0.01040513 0.11137961 0.02964287
v 0.01676244 0.11137650 0.02658087
v 0.02232661 0.11130970 0.02222052
v 0.02667261 0.11136850 0.01666878
v 0.02973348 0.11136350 0.01031099
v 0.03130173 0.11135850 0.00343566
v 0.03130155 0.11135261 -0.00361760
v 0.02973073 0.11134761 -0.01049614
v 0.02667044 0.11134260 -0.01684922
v 0.02232503 0.11127353 -0.02239952
v 0.01675569 0.11133461 -0.02676219
v 0.01040195 0.11133151 -0.02982133
v -0.02973348 0.11134761 -0.01048838
v -0.02667267 0.11134261 -0.01684616
v -0.02232661 0.11127353 -0.02239770
v -0.01676244 0.11133461 -0.02675818
v -0.01040519 0.11133150 -0.02982026
v -0.00353010 0.11133061 -0.03138989
v 0.00352310 0.11133060 -0.03139096
v -0.03130173 0.11135261 -0.00361304
v -0.03130155 0.11135851 0.00344021
v -0.02973073 0.11136352 0.01031876
v -0.02667056 0.11136851 0.01667184
v -0.02232503 0.11130970 0.02222240
v -0.01675569 0.11137650 0.02658493
v -0.01131469 0.10399660 -0.01139545
v -0.01430379 0.10399848 -0.00751364
v -0.00734106 0.10399401 -0.01435988
v -0.01580303 0.10400361 -0.00258421
v -0.01289232 0.10400001 -0.00569363
v -0.01235186 0.10400181 -0.00367725
v -0.01580280 0.10400741 0.00242150
v -0.01033780 0.10400267 -0.00314580
v -0.00884761 0.10400095 -0.00461001
v 0.00250154 0.10399249 -0.01588588
v -0.00453162 0.10399771 -0.00894184
v -0.00305567 0.10399680 -0.01041780
v -0.00250418 0.10399251 -0.01588559
v -0.00360237 0.10399480 -0.01242805
v -0.00561259 0.10399491 -0.01297442
v -0.00709517 0.10399599 -0.01150005
v -0.01141648 0.10399903 -0.00716971
v -0.00940000 0.10399989 -0.00662966
v -0.00654799 0.10399760 -0.00948190
v 0.01131469 0.10401460 0.01122969
v 0.01430382 0.10401040 0.00734795
v 0.00734107 0.10401601 0.01419418
v 0.01580303 0.10400741 0.00241851
v 0.01289233 0.10400891 0.00552794
v 0.01235186 0.10400791 0.00351156
v 0.01580280 0.10400360 -0.00258721
v 0.01033780 0.10400678 0.00298011
v 0.00884751 0.10400903 0.00444431
v -0.00250154 0.10401861 0.01572024
v 0.00453163 0.10401190 0.00877614
v 0.00305567 0.10401291 0.01025222
v 0.00250418 0.10401861 0.01571995
v 0.00360239 0.10401472 0.01226235
v 0.00561259 0.10401480 0.01280877
v 0.00709517 0.10401398 0.01133442
v 0.01141649 0.10401068 0.00700407
v 0.00940001 0.10400981 0.00646396
v 0.00654799 0.10401203 0.00931625
v 0.01075758 0.10400558 0.00015300
v 0.01428175 0.10399898 -0.00744097
v 0.01291176 0.10400105 -0.00460942
v 0.01013719 0.10400493 -0.00050875
v 0.00565713 0.10400922 0.00557345
v 0.01141582 0.10400277 -0.00313861
v 0.00799979 0.10400504 -0.00008453
v 0.00940567 0.10400172 -0.00368500
v 0.00885223 0.10400008 -0.00569692
v 0.00565612 0.10400010 -0.00573979
v 0.01131259 0.10399661 -0.01139760
v 0.00709364 0.10399689 -0.01041676
v 0.00738286 0.10399365 -0.01437308
v 0.00654025 0.10399480 -0.01242861
v 0.00453016 0.10399491 -0.01297503
v 0.00304746 0.10399599 -0.01150080
v 0.00560885 0.10399762 -0.00895106
v 0.00359465 0.10399760 -0.00948257
v 0.00000052 0.10399904 -0.00808257
v 0.00141767 0.10399680 -0.01020237
v 0.00103043 0.10399568 -0.01161403
v -0.00037855 0.10399483 -0.01199107
v -0.00141909 0.10399592 -0.01096311
v -0.01075758 0.10400542 -0.00031863
v -0.00565722 0.10400022 -0.00573915
v -0.01007488 0.10400528 0.00028077
v -0.01291176 0.10400915 0.00444377
v -0.01428174 0.10401089 0.00727527
v -0.01235131 0.10400981 0.00646542
v -0.01131266 0.10401460 0.01123178
v -0.01033696 0.10401057 0.00699682
v -0.00885223 0.10400899 0.00553122
v -0.01141582 0.10400686 0.00297291
v -0.00799978 0.10400504 -0.00008111
v -0.00940567 0.10400781 0.00351931
v -0.00565612 0.10400911 0.00557410
v -0.00709364 0.10401297 0.01025107
v -0.00738286 0.10401577 0.01420744
v -0.00654035 0.10401472 0.01226303
v -0.00453014 0.10401480 0.01280939
v -0.00304746 0.10401398 0.01133515
v -0.00560883 0.10401180 0.00878543
v -0.00359463 0.10401203 0.00931692
v -0.00000053 0.10401096 0.00791688
v -0.00141766 0.10401291 0.01003674
v -0.00103042 0.10401367 0.01144835
v 0.00037855 0.10401367 0.01182534
v 0.00141909 0.10401389 0.01079737
v 0.00103590 0.10401195 0.00938160
v -0.00037725 0.10401166 0.00900876
v -0.00103590 0.10399672 -0.00954730
v 0.00037725 0.10399749 -0.00917445
v 0.01033697 0.10399894 -0.00716252
v 0.01235131 0.10399989 -0.00663107
v 0.00923208 0.10447818 -0.00931694
v 0.00968725 0.10439765 -0.00977215
v 0.00993388 0.10752761 -0.01002132
v -0.00985795 0.10449361 0.00977652
v -0.00940280 0.10441315 0.00932128
v -0.00993388 0.10754351 0.00984997
v -0.01143187 0.10600761 0.00291115
v -0.01031875 0.10600761 0.00291109
v -0.00935507 0.10600849 0.00346744
v -0.00879854 0.10600940 0.00443125
v -0.00879842 0.10600940 0.00554413
v -0.00935477 0.10601060 0.00650800
v -0.01031833 0.10601161 0.00706458
v -0.01143139 0.10601161 0.00706465
v -0.01239538 0.10601060 0.00650830
v -0.01295185 0.10600940 0.00554455
v -0.01295197 0.10600940 0.00443161
v -0.01239562 0.10600850 0.00346774
v -0.00562703 0.10601251 0.00871492
v -0.00451409 0.10601250 0.00871486
v -0.00355023 0.10601251 0.00927121
v -0.00299364 0.10601350 0.01023501
v -0.00299352 0.10601461 0.01134794
v -0.00354999 0.10601561 0.01231175
v -0.00451373 0.10601561 0.01286822
v -0.00562667 0.10601561 0.01286840
v -0.00659054 0.10601561 0.01231211
v -0.00714701 0.10601460 0.01134836
v -0.00714713 0.10601351 0.01023536
v -0.00659072 0.10601251 0.00927150
v -0.00562901 0.10599550 -0.01303625
v -0.00451607 0.10599550 -0.01303637
v -0.00355220 0.10599550 -0.01248008
v -0.00299561 0.10599661 -0.01151627
v -0.00299550 0.10599760 -0.01040321
v -0.00355190 0.10599861 -0.00943947
v -0.00451571 0.10599859 -0.00888294
v -0.00562853 0.10599860 -0.00888282
v -0.00659240 0.10599859 -0.00943917
v -0.00714898 0.10599760 -0.01040279
v -0.00714911 0.10599661 -0.01151585
v -0.00659276 0.10599550 -0.01247978
v -0.01143276 0.10599951 -0.00723147
v -0.01031976 0.10599951 -0.00723159
v -0.00935596 0.10600041 -0.00667524
v -0.00879938 0.10600040 -0.00571143
v -0.00879938 0.10600161 -0.00459849
v -0.00935567 0.10600261 -0.00363463
v -0.01031947 0.10600350 -0.00307810
v -0.01143234 0.10600350 -0.00307798
v -0.01239615 0.10600260 -0.00363439
v -0.01295262 0.10600160 -0.00459813
v -0.01295286 0.10600041 -0.00571107
v -0.01239657 0.10600041 -0.00667494
v 0.01031833 0.10599951 -0.00723344
v 0.01143139 0.10599951 -0.00723357
v 0.01239538 0.10600041 -0.00667715
v 0.01295185 0.10600040 -0.00571341
v 0.01295197 0.10600161 -0.00460047
v 0.01239562 0.10600261 -0.00363660
v 0.01143187 0.10600350 -0.00308007
v 0.01031875 0.10600350 -0.00307995
v 0.00935507 0.10600261 -0.00363630
v 0.00879848 0.10600160 -0.00460011
v 0.00879842 0.10600041 -0.00571299
v 0.00935477 0.10600041 -0.00667686
v 0.00451374 0.10599550 -0.01303714
v 0.00562655 0.10599550 -0.01303720
v 0.00659042 0.10599550 -0.01248091
v 0.00714701 0.10599661 -0.01151722
v 0.00714713 0.10599760 -0.01040422
v 0.00659072 0.10599860 -0.00944036
v 0.00562703 0.10599859 -0.00888378
v 0.00451409 0.10599861 -0.00888366
v 0.00355023 0.10599859 -0.00944012
v 0.00299364 0.10599760 -0.01040387
v 0.00299352 0.10599661 -0.01151680
v 0.00354993 0.10599550 -0.01248061
v 0.00299550 0.10601351 0.01023435
v 0.00355190 0.10601251 0.00927061
v 0.00451571 0.10601251 0.00871402
v 0.00562853 0.10601251 0.00871396
v 0.00659240 0.10601251 0.00927031
v 0.00714899 0.10601350 0.01023393
v 0.00714910 0.10601461 0.01134699
v 0.00659276 0.10601561 0.01231092
v 0.00562901 0.10601561 0.01286739
v 0.00451607 0.10601561 0.01286751
v 0.00355220 0.10601561 0.01231122
v 0.00299561 0.10601460 0.01134741
v 0.00879926 0.10600940 0.00442964
v 0.00879938 0.10600940 0.00554257
v 0.00935596 0.10601060 0.00650632
v 0.01031976 0.10601160 0.00706273
v 0.01143276 0.10601161 0.00706261
v 0.01239657 0.10601060 0.00650602
v 0.01295286 0.10600940 0.00554215
v 0.01295262 0.10600940 0.00442927
v 0.01239615 0.10600850 0.00346547
v 0.01143234 0.10600761 0.00290912
v 0.01031947 0.10600761 0.00290924
v 0.00935566 0.10600850 0.00346577
v -0.00000094 0.10900248 -0.01009095
v -0.00000104 0.10900150 -0.01121175
v 0.00000092 0.10901859 0.00991735
v 0.00000102 0.10901950 0.01103812
v 0.01305408 0.11297444 0.01296031
v 0.01781777 0.11294796 0.00465350
v 0.01782505 0.11297023 -0.00492163
v 0.01301832 0.11290764 -0.01311067
v 0.00482132 0.11294149 -0.01789853
v -0.00474813 0.11292788 -0.01790435
v -0.01305408 0.11295385 -0.01314023
v -0.01781777 0.11293999 -0.00483343
v -0.01783260 0.11298598 0.00474365
v -0.01301832 0.11292809 0.01293084
v -0.00482135 0.11296949 0.01771864
v 0.00475163 0.11296950 0.01773753
v -0.00006755 0.11159274 0.03277878
v -0.01268168 0.11161305 0.03025703
v -0.00007246 0.11300296 0.03273837
v -0.01265918 0.11301710 0.03018209
v -0.02324834 0.11160317 0.02316307
v -0.02322625 0.11297406 0.02314049
v -0.03032357 0.11157871 0.01259072
v -0.03029447 0.11297560 0.01258703
v -0.03286768 0.11156870 -0.00001452
v -0.03278312 0.11302222 -0.00001007
v -0.03038049 0.11155860 -0.01263110
v -0.03035454 0.11295705 -0.01261797
v -0.02325250 0.11156595 -0.02333653
v -0.01254030 0.11152215 -0.03044689
v -0.01253954 0.11293156 -0.03045222
v 0.00006754 0.11154079 -0.03295654
v 0.00007249 0.11294114 -0.03292819
v 0.01268168 0.11156352 -0.03043476
v 0.01265661 0.11297567 -0.03035596
v 0.02324834 0.11156295 -0.02334080
v 0.03032357 0.11155497 -0.01276847
v 0.03028641 0.11296425 -0.01276360
v 0.03286768 0.11156477 -0.00016316
v 0.03279980 0.11300554 -0.00017002
v 0.03038049 0.11157507 0.01245334
v 0.03035454 0.11297714 0.01243795
v 0.02325245 0.11160018 0.02315881
v 0.01254031 0.11156870 0.03026923
v 0.01253954 0.11297961 0.03027230
v -0.01000425 0.10901048 -0.00008588
v -0.01112484 0.10901050 -0.00008577
v 0.01000423 0.10901048 -0.00008773
v 0.01112484 0.10901050 -0.00008784
v 0.01379008 0.11311661 0.01369743
v 0.01217926 0.11311940 0.01758562
v 0.01379043 0.11312249 0.02147542
v 0.01768053 0.11312351 0.02308570
v 0.02156848 0.11312249 0.02147447
v 0.02317906 0.11311940 0.01758628
v 0.02156800 0.11311661 0.01369642
v 0.01767796 0.11311560 0.01208602
v 0.02156513 0.11309461 -0.01388079
v 0.02317588 0.11309150 -0.01776904
v 0.02156477 0.11308860 -0.02165884
v 0.01767467 0.11308752 -0.02326912
v -0.01768059 0.11308752 -0.02326589
v -0.02156848 0.11308859 -0.02165465
v -0.02317906 0.11309150 -0.01776634
v -0.02156800 0.11309461 -0.01387666
v -0.01767796 0.11309550 -0.01226608
v -0.01379008 0.11309461 -0.01387756
v -0.01379043 0.11308859 -0.02165549
v -0.01217926 0.11309150 -0.01776575
v -0.02156512 0.11311662 0.01370055
v -0.02317588 0.11311940 0.01758886
v -0.02156477 0.11312251 0.02147854
v -0.01767479 0.11312351 0.02308906
v -0.01378678 0.11312250 0.02147764
v -0.01217608 0.11311940 0.01758945
v -0.01378714 0.11311661 0.01369972
v -0.01767729 0.11311560 0.01208932
v 0.01378678 0.11308860 -0.02165789
v 0.01217608 0.11309150 -0.01776970
v 0.01378714 0.11309461 -0.01387984
v 0.01767729 0.11309551 -0.01226944
v -0.01200560 0.03126379 0.06145651
v -0.01200566 0.03266763 0.06307740
v -0.02788475 0.03158718 0.06149577
v -0.01546376 0.03367526 0.06419040
v -0.02051636 0.03536927 0.06576050
v -0.02751745 0.03641786 0.06647988
v -0.02535936 0.03790728 0.06746906
v -0.02554014 0.03949118 0.06827271
v -0.02665694 0.04095853 0.06863292
v -0.02477670 0.04273284 0.06900571
v -0.02588665 0.04391025 0.06895807
v -0.02376672 0.04601967 0.06879181
v -0.02492204 0.04694127 0.06872850
v -0.02291575 0.04926276 0.06800675
v -0.02425632 0.04904786 0.06826612
v -0.02366519 0.05173384 0.06704869
v -0.02187154 0.05288777 0.06647524
v -0.01199427 0.03410861 0.06462316
v -0.01466886 0.03420466 0.06472058
v -0.01200597 0.03476015 0.06523833
v -0.01450601 0.03504575 0.06548849
v -0.01200613 0.03773349 0.06738228
v -0.01450625 0.03826093 0.06765777
v -0.01200631 0.04069817 0.06857396
v -0.01450631 0.04201978 0.06883556
v -0.01200631 0.04381912 0.06896096
v -0.01450631 0.04471322 0.06893189
v -0.01200627 0.04730242 0.06855085
v -0.01450626 0.04775145 0.06844468
v -0.01200625 0.05003815 0.06773788
v -0.01450614 0.05117961 0.06728927
v -0.01200614 0.05289498 0.06650706
v -0.01475686 0.05290170 0.06650199
v -0.01200595 0.05583375 0.06488932
v -0.01454875 0.05395264 0.06602888
v -0.01408425 0.05497896 0.06548927
v -0.01459611 0.05581734 0.06493090
v -0.01200566 0.05896115 0.06281841
v -0.01470953 0.05680260 0.06428298
v -0.01452753 0.05822363 0.06333381
v -0.01450548 0.06156864 0.06081926
v -0.01200548 0.06214385 0.06034844
v -0.01450530 0.06475301 0.05803146
v -0.01200518 0.06562918 0.05719465
v -0.01200507 0.06770360 0.05503314
v -0.01450500 0.06772882 0.05500821
v -0.01200482 0.06991853 0.05246550
v -0.01452209 0.07051887 0.05170808
v -0.01200453 0.07187139 0.04990548
v -0.01488726 0.07156214 0.05033425
v -0.01455775 0.07222993 0.04940902
v -0.01200417 0.07394348 0.04685583
v -0.01409065 0.07287309 0.04848246
v -0.01457062 0.07348886 0.04755839
v -0.01469949 0.07410520 0.04659652
v -0.01200387 0.07591545 0.04353964
v -0.01560377 0.07393619 0.04686648
v 0.02784406 0.03159841 0.06145623
v 0.02750883 0.03640391 0.06648117
v 0.01199427 0.03132242 0.06153934
v 0.01199414 0.03266763 0.06307958
v -0.02301326 0.05421173 0.06582279
v -0.02193815 0.05502715 0.06557750
v -0.02090697 0.05668221 0.06429822
v -0.02236229 0.05683900 0.06413755
v -0.02081686 0.05746607 0.06362277
v -0.02166145 0.05972646 0.06214973
v -0.02028493 0.06007874 0.06199116
v -0.01988313 0.06244122 0.06009728
v -0.02118602 0.06259828 0.05979901
v -0.01975584 0.06476925 0.05815163
v -0.02081582 0.06515929 0.05749813
v -0.01949624 0.06683766 0.05596346
v -0.02057416 0.06748336 0.05524445
v -0.01951573 0.06889945 0.05368639
v -0.02055680 0.06970204 0.05267500
v -0.01961598 0.07116870 0.05060852
v -0.01893924 0.07155033 0.05004261
v -0.01992915 0.07174478 0.05017790
v -0.02075777 0.07201117 0.04971755
v -0.02014295 0.07284439 0.04852444
v -0.02043717 0.07404684 0.04661715
v -0.02073099 0.07505757 0.04524237
v -0.02092097 0.07556833 0.04433176
v -0.02174102 0.07617015 0.04300376
v -0.02155842 0.07766333 0.04018874
v -0.02252876 0.07819447 0.03933859
v -0.02207093 0.07907724 0.03755994
v -0.02174524 0.07958030 0.03613049
v -0.02355733 0.08008018 0.03518250
v -0.02098326 0.08020156 0.03468454
v -0.02008812 0.08078777 0.03326417
v -0.02443996 0.08156215 0.03145366
v -0.01794837 0.08205878 0.02997935
v -0.02545740 0.08288139 0.02764599
v -0.01542839 0.08334968 0.02628853
v -0.01651462 0.07366639 0.04683374
v -0.01450411 0.07505441 0.04504198
v -0.01450375 0.07660889 0.04227615
v -0.01200368 0.07757030 0.04041948
v -0.01450345 0.07820421 0.03912702
v -0.01200335 0.07910007 0.03721147
v -0.01450323 0.07965290 0.03596551
v -0.01200305 0.08062207 0.03369182
v -0.01450293 0.08114502 0.03231445
v -0.01200269 0.08208137 0.02990246
v -0.01454244 0.08190264 0.03039736
v -0.01468724 0.08242478 0.02897125
v -0.01200221 0.08347499 0.02583677
v -0.01499456 0.08293149 0.02752833
v 0.01507094 0.07158703 0.05030319
v 0.01199497 0.06979680 0.05262172
v 0.01451592 0.07052117 0.05170738
v 0.01449491 0.06868636 0.05393682
v 0.01199479 0.06770336 0.05503571
v 0.01449467 0.06676268 0.05604480
v 0.01199462 0.06562894 0.05719709
v 0.01449449 0.06474188 0.05804399
v 0.01199432 0.06220877 0.06029702
v 0.01449426 0.06155539 0.06083284
v 0.01199414 0.05896115 0.06282060
v 0.01451213 0.05822768 0.06333423
v 0.01199397 0.05583405 0.06489150
v 0.01471876 0.05682389 0.06427211
v 0.01455934 0.05575665 0.06496770
v 0.01199368 0.05290902 0.06650208
v 0.01407701 0.05482960 0.06557638
v 0.01456220 0.05394076 0.06604470
v 0.01469898 0.05281760 0.06654613
v 0.01449465 0.07183984 0.04995437
v 0.01199527 0.07187110 0.04990816
v 0.01453237 0.07245883 0.04908534
v 0.01399921 0.07293025 0.04840116
v 0.01454506 0.07350720 0.04753299
v 0.01199563 0.07396690 0.04682096
v 0.01477362 0.07414240 0.04654010
v 0.01562014 0.07392910 0.04688078
v 0.01650599 0.07366642 0.04683682
v 0.01449575 0.07504593 0.04505888
v 0.01199593 0.07591515 0.04354231
v 0.01449598 0.07660847 0.04227971
v 0.01199617 0.07758690 0.04038803
v 0.01449628 0.07820386 0.03913033
v 0.01199645 0.07909989 0.03721415
v 0.01449663 0.07965266 0.03596865
v 0.01199674 0.08056299 0.03383341
v 0.01449693 0.08112878 0.03234424
v 0.01453647 0.08188928 0.03043586
v 0.01199711 0.08208125 0.02990519
v 0.01466792 0.08231263 0.02928704
v 0.01490362 0.08276470 0.02801345
v 0.01512926 0.08324900 0.02659409
v 0.01199759 0.08347498 0.02583931
v 0.01563293 0.08338138 0.02619569
v 0.02676317 0.08408155 0.02379657
v 0.01445434 0.08417240 0.02368246
v 0.01563192 0.08418591 0.02363594
v 0.01598707 0.08447286 0.02266999
v 0.02780741 0.08516945 0.01990530
v 0.01533911 0.08464820 0.02205621
v 0.01397278 0.08439548 0.02293395
v 0.01444263 0.08467048 0.02198432
v 0.01199788 0.08472250 0.02145167
v 0.01379127 0.08498714 0.02083017
v 0.01531101 0.08526688 0.01978348
v 0.02878331 0.08606116 0.01600377
v 0.01874120 0.08597666 0.01685278
v 0.02149785 0.08672750 0.01317488
v 0.02976261 0.08674644 0.01169820
v 0.02546279 0.08725980 0.00987275
v 0.03050118 0.08750649 0.00752727
v 0.02668017 0.08737701 0.00900374
v 0.02542476 0.08743028 0.00859271
v 0.02446389 0.08769608 0.00618129
v 0.02349138 0.08735609 0.00918864
v 0.03107827 0.08789038 0.00360088
v 0.02503962 0.08791220 0.00317053
v 0.03112856 0.08821648 -0.00007177
v 0.02540860 0.08799987 -0.00022500
v 0.02539252 0.08288377 0.02764979
v 0.01794416 0.08205795 0.02998500
v 0.02453328 0.08149254 0.03146254
v 0.02008188 0.08078777 0.03326778
v 0.02097816 0.08020079 0.03469060
v 0.02353561 0.08005206 0.03525358
v 0.02173859 0.07958024 0.03613465
v 0.02201368 0.07904802 0.03756712
v 0.02249119 0.07817640 0.03941838
v 0.02166237 0.07782769 0.03990410
v 0.02172505 0.07613170 0.04309579
v 0.02093870 0.07559874 0.04432643
v 0.02070460 0.07499354 0.04535422
v 0.02059676 0.07408743 0.04649823
v 0.02021329 0.07297615 0.04850694
v 0.02041302 0.07189836 0.04994418
v 0.01973210 0.07121571 0.05069318
v 0.02060919 0.06961749 0.05258382
v 0.01962639 0.06900807 0.05371477
v 0.02056480 0.06744910 0.05528529
v 0.01948662 0.06680727 0.05599879
v 0.02080521 0.06515929 0.05750214
v 0.01975041 0.06471489 0.05820607
v 0.02117034 0.06262437 0.05980428
v 0.01987614 0.06241214 0.06012569
v 0.02027853 0.06005287 0.06201462
v 0.02171028 0.05967992 0.06214216
v 0.02073372 0.05727313 0.06382888
v 0.02227939 0.05694442 0.06418145
v 0.01982352 0.05645293 0.06424732
v 0.02103163 0.05656380 0.06431530
v 0.02188605 0.05495470 0.06558797
v 0.02300104 0.05421173 0.06582706
v 0.02180316 0.05290688 0.06650303
v 0.02363448 0.05178632 0.06702904
v 0.02289798 0.04928225 0.06800459
v 0.02428058 0.04905078 0.06823754
v 0.02375140 0.04602932 0.06879477
v 0.02488547 0.04692477 0.06876143
v 0.02575113 0.04393912 0.06904148
v 0.02476716 0.04271781 0.06900898
v 0.02654542 0.04093572 0.06868509
v 0.02556806 0.03946144 0.06828654
v 0.02544585 0.03790683 0.06751275
v 0.02050295 0.03536885 0.06576400
v 0.01542415 0.03367462 0.06419256
v 0.01198046 0.03412487 0.06464121
v 0.01465987 0.03408029 0.06459826
v 0.01449385 0.03502862 0.06547644
v 0.01199392 0.03486348 0.06532905
v 0.01199367 0.03773462 0.06738524
v 0.01449367 0.03826677 0.06766336
v 0.01199349 0.04069924 0.06857644
v 0.01449355 0.04202795 0.06883948
v 0.01199349 0.04381978 0.06896316
v 0.01449355 0.04472113 0.06893399
v 0.01199358 0.04736169 0.06854041
v 0.01449367 0.04776757 0.06844328
v 0.01199361 0.05003876 0.06773981
v 0.01449373 0.05116397 0.06729838
v 0.01597952 0.05318655 0.06636164
v 0.02808975 0.08813345 -0.01362002
v 0.02274948 0.08799129 -0.01102484
v 0.01947097 0.08808871 -0.02449498
v 0.02050407 0.08792825 -0.01951344
v 0.01990208 0.08789530 -0.01850541
v 0.01883650 0.08789524 -0.01856992
v 0.01833117 0.08792818 -0.01961087
v 0.01581990 0.08798431 -0.01974730
v 0.00694658 0.08805435 -0.03056234
v 0.00902585 0.08791409 -0.02720903
v 0.00788990 0.08788840 -0.02716688
v 0.00740347 0.08791491 -0.02611228
v 0.00562250 0.08798038 -0.02468585
v 0.00801693 0.08790492 -0.02520273
v 0.00911086 0.08788988 -0.02527946
v 0.00963037 0.08788910 -0.02622317
v -0.00693587 0.08807186 -0.03054085
v -0.00561781 0.08798038 -0.02468705
v 0.01896394 0.08790866 -0.02053410
v 0.02001602 0.08787118 -0.02049859
v -0.03109013 0.08823414 -0.00007795
v -0.03107893 0.08789039 0.00359507
v -0.02539088 0.08799987 -0.00021222
v -0.02503547 0.08791011 0.00320003
v -0.02446818 0.08769725 0.00616474
v -0.03048639 0.08764868 0.00748540
v -0.02616454 0.08741178 0.00873999
v -0.02976320 0.08680485 0.01169819
v -0.02587998 0.08721759 0.01016464
v -0.02350014 0.08735835 0.00916649
v -0.02502945 0.08730050 0.00956971
v -0.02150916 0.08673006 0.01315624
v -0.02878673 0.08604701 0.01598765
v -0.01874422 0.08597666 0.01684928
v -0.02779884 0.08512910 0.01993066
v -0.01531450 0.08526688 0.01978064
v -0.01377685 0.08499710 0.02079357
v -0.02675964 0.08406691 0.02381651
v -0.01554921 0.08461582 0.02216800
v -0.01200197 0.08473171 0.02145502
v -0.01443784 0.08466899 0.02198697
v -0.01405249 0.08430672 0.02323103
v -0.01463754 0.08412915 0.02382359
v -0.01556067 0.08411365 0.02387918
v -0.01602706 0.08439548 0.02293115
v -0.02812947 0.08809735 -0.01364846
v -0.02274733 0.08799129 -0.01102905
v -0.02050049 0.08792825 -0.01951728
v -0.01989860 0.08789530 -0.01850910
v -0.01883062 0.08791027 -0.01855032
v -0.01582556 0.08798431 -0.01974257
v -0.01834664 0.08792013 -0.01962822
v -0.01948402 0.08806705 -0.02452161
v -0.01898836 0.08789366 -0.02052525
v -0.02002335 0.08789366 -0.02052181
v -0.00955239 0.08792286 -0.02622499
v -0.00897886 0.08790492 -0.02520433
v -0.00788498 0.08788988 -0.02528104
v -0.00739859 0.08791472 -0.02633588
v -0.00804034 0.08788836 -0.02723290
v -0.00907537 0.08788836 -0.02722943
v 0.01944728 0.09298325 -0.02106750
v 0.01835124 0.09298363 -0.02061364
v 0.02054329 0.09298363 -0.02061353
v -0.01944337 0.09298325 -0.02107116
v -0.02053950 0.09298363 -0.02061732
v -0.01834748 0.09298363 -0.02061711
v -0.02544955 -0.01099985 0.06250632
v -0.02428359 -0.01118973 0.06250668
v -0.02668843 -0.01150064 0.06290725
v -0.02155018 0.01347869 0.07800832
v -0.02119967 0.01281619 0.07938201
v -0.02275407 0.00058669 0.07417393
v -0.01713857 0.02853655 0.07988096
v -0.01802113 0.02768504 0.07911468
v -0.01785585 0.02836048 0.08070636
v 0.00850051 0.09197792 -0.02777645
v 0.00740444 0.09197822 -0.02732247
v 0.00959652 0.09197822 -0.02732232
v -0.00849531 0.09197792 -0.02777796
v -0.00959141 0.09197822 -0.02732405
v -0.00739930 0.09197822 -0.02732393
v 0.02751863 0.09450626 0.00790982
v 0.02591061 0.09450566 0.00713371
v 0.02751863 0.09230625 0.00791155
v -0.02621322 0.09450918 0.01149625
v -0.02448260 0.09450876 0.01105726
v -0.02621322 0.09230917 0.01149804
v -0.03359816 -0.01730829 0.06031062
v -0.03243444 -0.01578795 0.06030947
v -0.03334526 -0.01920586 0.06031204
v 0.01560254 -0.03040099 0.06032561
v 0.01674433 -0.02896386 0.06032448
v 0.01575013 -0.03223043 0.06032698
v 0.01972034 -0.01540150 0.07030830
v 0.02007135 -0.01346385 0.07118659
v 0.02096143 -0.01482754 0.06956659
v 0.00986881 -0.02934455 0.06444795
v 0.00914838 -0.02782446 0.06568485
v 0.01097091 -0.02835297 0.06442915
v -0.01495819 -0.02007508 0.06932450
v -0.01254239 -0.02058315 0.06967599
v -0.01457456 -0.02099732 0.06852818
v -0.02130483 0.09501951 0.02451754
v -0.02322547 0.09501808 0.02265806
v -0.01978203 0.09502059 0.02588448
v -0.02595025 0.09299260 -0.00931244
v -0.02536536 0.09298986 -0.01275967
v -0.02451413 0.09299516 -0.00612460
v 0.02548409 0.09574682 -0.00399054
v 0.02631187 0.09599858 -0.00184936
v 0.02631217 0.09549548 -0.00573806
v 0.02548340 0.09575305 0.00384278
v 0.02631109 0.09600448 0.00559049
v 0.02631139 0.09550139 0.00170173
v 0.00096741 0.09518915 0.02818262
v 0.00177281 0.09519064 0.03012649
v 0.00177269 0.09518754 0.02623744
v -0.00647250 0.09518915 0.02818185
v -0.00566702 0.09519064 0.03012582
v -0.00566708 0.09518754 0.02623669
v -0.03100645 0.09550288 0.00364096
v -0.03020101 0.09600448 0.00558520
v -0.03020071 0.09550139 0.00169645
v -0.03100574 0.09549697 -0.00379886
v -0.03020048 0.09599858 -0.00185465
v -0.03020018 0.09549548 -0.00574334
v -0.00646723 0.09514415 -0.02833469
v -0.00587016 0.09497900 -0.02635010
v -0.00566160 0.09514254 -0.03027948
v 0.00097263 0.09514415 -0.02833402
v 0.00177808 0.09514564 -0.02638956
v 0.00177819 0.09514254 -0.03027882
v 0.01424392 0.02723336 0.06497966
v 0.01247616 0.02650105 0.06498007
v 0.01601162 0.02650105 0.06498037
v 0.02467557 0.01180166 0.06499289
v 0.02644345 0.01253396 0.06499247
v 0.02290794 0.01253396 0.06499217
v 0.02467557 -0.01169806 0.06501155
v 0.02290794 -0.01243031 0.06501196
v 0.02644345 -0.01243031 0.06501238
v 0.01424392 -0.02212989 0.06501894
v 0.01247616 -0.02286195 0.06501935
v 0.01601162 -0.02286195 0.06501965
v -0.01425597 -0.02212989 0.06501627
v -0.01602366 -0.02286195 0.06501669
v -0.01248822 -0.02286195 0.06501711
v -0.02468761 -0.01169806 0.06500698
v -0.02645543 -0.01243031 0.06500745
v -0.02291992 -0.01243031 0.06500781
v -0.02468755 0.01180166 0.06498820
v -0.02291992 0.01253396 0.06498790
v -0.02645543 0.01253396 0.06498755
v -0.01425597 0.02723336 0.06497700
v -0.01602366 0.02650105 0.06497741
v -0.01248815 0.02650105 0.06497777
v -0.01600816 -0.02075505 0.06723887
v -0.01570734 -0.02060520 0.06841969
v -0.01426787 -0.02135737 0.06734824
v 0.01199432 -0.03058511 0.06040012
v 0.01132436 -0.03193744 0.06140714
v 0.01199420 -0.02931284 0.06138455
v 0.00211039 -0.01412016 0.07630485
v 0.00304729 -0.01450210 0.07607418
v 0.00173646 -0.01191991 0.07736290
v -0.00553891 -0.00133514 0.08137899
v -0.00262859 -0.00133496 0.08157038
v -0.00319528 0.00107218 0.08233591
v 0.00557211 0.01007723 0.08461606
v 0.00298658 0.00742185 0.08415520
v 0.00557217 0.00740498 0.08397525
v -0.01396045 -0.00133616 0.08000749
v -0.01107874 -0.00133574 0.08062088
v -0.01193329 0.00074631 0.08115101
v -0.00146565 -0.00316012 0.08096677
v -0.00409069 -0.00316012 0.08084911
v -0.00406417 -0.00582945 0.07984626
v -0.01700363 0.07081258 0.04705769
v -0.01634649 0.07125628 0.04642281
v -0.01634658 0.07036880 0.04769239
v 0.01299615 0.07081258 0.04706043
v 0.01365329 0.07125628 0.04642566
v 0.01365317 0.07036880 0.04769524
v 0.01699342 0.05308455 0.06292760
v 0.01633628 0.05245056 0.06337233
v 0.01633646 0.05371875 0.06248279
v 0.02015175 0.05621147 0.06289049
v -0.01508663 0.07333189 0.04565996
v -0.01669786 0.07283504 0.04546219
v -0.01200293 0.07814645 0.03215737
v -0.01139878 0.07669121 0.03142404
v -0.01200216 0.08142775 0.02461839
v 0.01199693 0.07814645 0.03215944
v 0.01199765 0.08142775 0.02462076
v 0.01139296 0.07669115 0.03142619
v 0.01499796 0.08201664 0.02093671
v 0.01577240 0.08201718 0.02159383
v 0.01422349 0.08201718 0.02159362
v -0.01500182 0.08201670 0.02093386
v -0.01422741 0.08201718 0.02159107
v -0.01577642 0.08201718 0.02159095
v 0.01449396 0.04954874 0.06485210
v 0.01462366 0.04221071 0.06568894
v 0.01502378 0.05037840 0.06373329
v -0.01700506 0.05308455 0.06292451
v -0.01634797 0.05371878 0.06247973
v -0.01634809 0.05245060 0.06336933
v -0.01450595 0.04954874 0.06484938
v -0.01503557 0.05037840 0.06373054
v -0.01450601 0.04239612 0.06594303
v 0.01968371 0.02527251 0.05898164
v 0.01787956 0.02301079 0.05898331
v 0.01601614 0.02774727 0.05897932
v 0.00583541 0.08113759 -0.00006484
v -0.00000000 0.08099997 -0.00007380
v 0.00859374 0.08130115 -0.00006445
v 0.02683564 0.03181284 0.05766498
v 0.02564175 0.03279167 0.05765383
v 0.02803999 0.03058705 0.05754541
v -0.02805058 0.03058706 0.05754022
v -0.02800212 0.03119206 0.05900187
v -0.02684621 0.03181284 0.05765987
v -0.00177839 0.09519064 0.03012613
v -0.01133005 0.09342003 0.03211567
v -0.01061718 0.09368211 0.03326308
v -0.00989144 0.09365850 0.03425789
v -0.01004419 0.08904206 0.04680126
v -0.02580331 0.08994459 0.02214011
v -0.02551918 0.09064596 0.02144915
v -0.02553545 0.09067136 0.02252371
v -0.02436062 0.09132407 0.02210451
v -0.02500119 0.08979478 0.02050943
v -0.02472274 0.09091711 0.02074188
v -0.02361707 0.09111255 0.02068377
v -0.02334891 0.08991003 0.02025134
v -0.02232557 0.09029763 0.02102444
v -0.02294554 0.09129053 0.02153537
v -0.02374850 0.09142690 0.02211202
v -0.02424215 0.08743339 0.03177184
v -0.02578007 0.08690327 0.02256561
v -0.02567222 0.08455488 0.02236468
v -0.02518856 0.08491644 0.02107383
v -0.02437054 0.08507549 0.02048517
v -0.02308510 0.08507508 0.02048678
v -0.02209257 0.08487451 0.02122880
v -0.02218448 0.08726060 0.02109814
v -0.01904921 0.08969920 0.02492250
v -0.01901923 0.08377480 0.02495909
v -0.01565362 0.08995398 0.02821001
v -0.01620779 0.09096285 0.02887652
v -0.01665907 0.09101146 0.02993348
v -0.02042024 0.09113526 0.02628530
v -0.01599078 0.09084472 0.03084469
v -0.02556674 0.08409634 0.02465666
v -0.02489704 0.08324716 0.02694774
v -0.02463475 0.08299234 0.02827329
v -0.02441822 0.08269617 0.02931392
v -0.02433248 0.08236422 0.03037319
v 0.02699759 0.03090721 0.07764646
v 0.02751754 0.03032642 0.07669275
v 0.02673402 0.02949356 0.07776146
v 0.02737239 0.03144884 0.07683758
v 0.02733913 0.03140968 0.06921808
v 0.02759824 0.03008351 0.05994967
v 0.02796121 0.02935424 0.05859844
v 0.02812603 0.02916014 0.07546918
v -0.02252647 0.03046715 0.07995409
v -0.02699536 0.03053858 0.07772063
v -0.01762264 0.03043472 0.08213708
v -0.02651962 0.03118169 0.07819200
v -0.01651304 0.03271600 0.08281139
v -0.02515789 0.04160135 0.07810122
v -0.01615392 0.03533330 0.08302343
v -0.01664295 0.04513102 0.08126689
v -0.02391865 0.04773205 0.07671106
v -0.01664182 0.04637587 0.08085418
v -0.02241894 0.05425035 0.07420451
v -0.01637064 0.05694947 0.07565284
v -0.02735194 0.03140968 0.06921595
v -0.02739469 0.03105648 0.07689475
v -0.02763506 0.03022259 0.07635469
v -0.02760939 0.03008348 0.05994464
v -0.02813997 0.02916020 0.07546402
v -0.02796623 0.02935671 0.05859212
v -0.02796632 0.02942041 0.05748473
v -0.02591744 0.04043728 0.06892270
v -0.02646446 0.03761753 0.06776142
v -0.02659776 0.03665667 0.06717283
v -0.02680316 0.03534877 0.06625152
v -0.02700409 0.03394287 0.06505483
v -0.02751080 0.03296950 0.06376278
v -0.02599468 0.04155719 0.07672877
v -0.02567216 0.04165726 0.06921530
v -0.02512511 0.04419046 0.06942815
v -0.02480021 0.04559779 0.06933731
v -0.02475312 0.04751664 0.07536740
v -0.02347525 0.05087727 0.06793576
v -0.02325966 0.05385166 0.07291121
v -0.02287784 0.05313718 0.06692911
v -0.02177759 0.06013095 0.06939179
v -0.02168224 0.05774086 0.06426162
v -0.02105645 0.06119961 0.06169889
v -0.02068732 0.06231486 0.06083549
v -0.02067419 0.06583458 0.06514729
v -0.02046595 0.06371897 0.05963314
v -0.02018813 0.06638288 0.05713159
v -0.02015034 0.07103335 0.06028009
v -0.02024106 0.07582837 0.05469686
v -0.02059797 0.07379961 0.04797167
v -0.02096484 0.08008247 0.04844356
v -0.02237627 0.08406180 0.04079354
v -0.02286319 0.08005458 0.03629345
v -0.02345191 0.08113386 0.03369758
v -0.02372889 0.08161085 0.03246868
v -0.02998065 0.08814507 0.00596244
v -0.02889680 0.08733886 0.01214946
v -0.02880894 0.08682870 0.01489938
v -0.02745174 0.08605146 0.01840234
v -0.02702199 0.08458668 0.02241833
v -0.02655743 0.08500158 0.02076120
v -0.02789204 0.08627420 0.01544709
v -0.02890115 0.08711850 0.01079679
v -0.02950766 0.08781385 0.00470171
v -0.03036790 0.08816915 -0.00009292
v 0.02699354 0.03393199 0.06504987
v 0.02679494 0.03532147 0.06623559
v 0.02656411 0.03695380 0.06738241
v 0.02591523 0.04038316 0.06891178
v 0.02567282 0.04159224 0.06920777
v 0.02588084 0.04264962 0.06933914
v 0.02481058 0.04549944 0.06935279
v 0.02350756 0.05070632 0.06800745
v 0.02292028 0.05293059 0.06703399
v 0.02256230 0.05571289 0.06443264
v 0.02094118 0.06147096 0.06149589
v 0.02094860 0.06395188 0.05839481
v 0.02766109 0.03319980 0.06376246
v 0.02128877 0.05933427 0.06315778
v 0.02047803 0.06355577 0.05978058
v 0.02019097 0.06619167 0.05732577
v 0.02041318 0.06712657 0.05628149
v 0.02828412 0.08691972 -0.01375763
v 0.01958767 0.08690110 -0.02462202
v 0.03138497 0.08688349 -0.00017496
v 0.02073976 0.09298469 -0.01925823
v 0.01918769 0.09298553 -0.01822494
v 0.02086119 0.09298557 -0.01810325
v 0.01803277 0.09298557 -0.01810349
v 0.01789718 0.09298449 -0.01951767
v -0.01815091 0.09298469 -0.01926182
v -0.01970302 0.09298553 -0.01822862
v -0.01802946 0.09298557 -0.01810686
v -0.02085788 0.09298557 -0.01810716
v -0.02099350 0.09298449 -0.01952134
v 0.01499331 0.05851151 0.07136019
v 0.01430049 0.05909734 0.07080238
v 0.01533978 0.05926111 0.07068764
v -0.01500649 0.05851151 0.07135746
v -0.01569929 0.05909734 0.07079959
v -0.01466006 0.05926111 0.07068485
v -0.01500482 0.07789443 0.05249627
v -0.01569745 0.07825416 0.05177171
v -0.01465830 0.07836881 0.05160775
v 0.01499502 0.07789443 0.05249905
v 0.01430233 0.07825416 0.05177450
v 0.01534151 0.07836881 0.05161064
v 0.03036794 0.08816912 -0.00008733
v 0.02953869 0.08799457 -0.00682856
v -0.02928140 0.01022073 0.07436136
v -0.02877307 0.01168391 0.07368246
v -0.02822652 0.01103866 0.07474715
v -0.02714028 0.01156169 0.07428104
v -0.02766442 0.01200094 0.07294405
v -0.02647107 0.01159360 0.07299549
v -0.02241230 -0.01221558 0.06250766
v -0.02166585 -0.01298993 0.06250841
v -0.02142859 -0.01425221 0.06250939
v -0.03039553 0.01608584 0.06886610
v -0.03195125 0.01658839 0.06887509
v -0.03043221 0.01681548 0.06983234
v -0.03172112 0.01768398 0.07026378
v -0.03291366 0.01786967 0.06935547
v -0.03286609 0.01913326 0.07039668
v -0.03190383 0.01867127 0.07078815
v -0.03320277 0.01928496 0.06935312
v -0.03316018 0.01972335 0.05728108
v -0.03306887 0.01798117 0.05728245
v -0.03202424 0.01658505 0.05728364
v -0.03037844 0.01600557 0.05728436
v -0.03232185 0.02240985 0.05727906
v -0.03140059 0.02449726 0.07214458
v -0.03124813 0.02477538 0.05727739
v -0.02867624 0.02845770 0.07476246
v -0.02863362 0.02849566 0.06559349
v -0.02857706 0.02854907 0.05727459
v 0.03039049 0.01620484 0.06904709
v 0.02889272 0.01655203 0.06891533
v 0.02956139 0.01710745 0.07009361
v 0.02821498 0.01729961 0.06945069
v 0.03301094 0.01819207 0.06931959
v 0.03285309 0.01913326 0.07040279
v 0.03314849 0.01973307 0.06948309
v 0.03187620 0.01833450 0.07061306
v 0.02545085 0.02283656 0.07481317
v 0.03129661 0.01713764 0.06998508
v 0.03046291 0.02318495 0.07344942
v 0.02015128 0.02758705 0.07973205
v 0.02807936 0.02686315 0.07604878
v 0.02740493 0.02778995 0.07674758
v 0.01950290 0.02810066 0.08032088
v 0.01876953 0.02883327 0.08108477
v 0.02299103 0.02900534 0.07927309
v 0.01941785 0.02705389 0.07930325
v 0.01784083 0.02836054 0.08070968
v 0.01878359 0.02708566 0.07852666
v 0.01800665 0.02768504 0.07911788
v 0.01695479 0.02871263 0.06127869
v 0.01712366 0.02853655 0.07988416
v 0.01624879 0.02965450 0.08059730
v 0.01538568 0.03117062 0.06144795
v 0.01505983 0.03248286 0.08187325
v 0.01465437 0.03530984 0.08208309
v 0.01916932 0.02679655 0.06128039
v 0.02398327 0.02259331 0.07359104
v 0.02035271 0.02591141 0.06128116
v 0.01995885 0.02555493 0.05731892
v 0.02450301 0.02201575 0.05728470
v 0.02795006 0.01741904 0.05728857
v 0.03193839 0.01658839 0.06888102
v 0.02240070 -0.01221561 0.06251176
v 0.02278077 -0.01057266 0.06490209
v 0.02375740 -0.01131791 0.06251122
v 0.02480234 -0.01091188 0.06251095
v 0.02252995 -0.00919986 0.06642558
v 0.02488103 -0.00893891 0.06629276
v 0.02259913 -0.00814819 0.06708477
v 0.02495524 -0.00708502 0.06741595
v 0.02267727 -0.00665909 0.06762855
v 0.02273365 -0.00515091 0.06780617
v 0.02227899 -0.01199342 0.06940585
v 0.02274027 0.00058652 0.07417805
v 0.02267864 0.00230908 0.06780027
v 0.02153580 0.01347867 0.07801232
v 0.02206739 0.00974440 0.06779425
v 0.02185299 0.01140865 0.06736489
v 0.02172502 0.01231387 0.06683971
v 0.02169944 0.01299573 0.06597304
v -0.02606159 -0.01017120 0.06577274
v -0.02669862 -0.01126325 0.06636719
v -0.02693924 -0.01073858 0.06743002
v -0.02806295 -0.01176802 0.06633809
v -0.02900038 -0.01079206 0.06746570
v -0.02778545 -0.01085364 0.06778282
v -0.02563205 -0.00454801 0.06877161
v -0.02557966 0.00074613 0.07073439
v -0.02607396 0.00006560 0.07191617
v -0.02563747 0.00266784 0.07129550
v -0.02615025 0.00926328 0.06779022
v -0.02632168 0.01065760 0.06733274
v -0.02642739 0.01144016 0.06623149
v -0.02561745 0.00214320 0.06779588
v -0.02565070 -0.00499672 0.06780154
v -0.02582085 -0.00782609 0.06712133
v -0.02733197 -0.00015886 0.07254059
v -0.02871265 0.00005332 0.07225282
v -0.02874514 0.00109190 0.07257082
v -0.02870830 -0.00394362 0.07079852
v -0.02638522 -0.01100182 0.06388152
v -0.02734808 -0.01172828 0.06391320
v -0.02323943 -0.01148248 0.06250697
v -0.02242923 -0.01065698 0.06504056
v 0.01649129 0.02995109 0.08165340
v 0.01760748 0.03043472 0.08214031
v 0.01829454 0.02973479 0.08172224
v -0.01879826 0.02708566 0.07852316
v -0.01943245 0.02705389 0.07929969
v -0.01466959 0.03530984 0.08208036
v -0.01507490 0.03248289 0.08187053
v -0.01626579 0.02973981 0.08086328
v -0.01674345 0.02999114 0.08189917
v -0.03047651 0.02318495 0.07344376
v -0.03132781 0.02373248 0.07296570
v -0.02809330 0.02686315 0.07604355
v -0.02872505 0.02775079 0.07567038
v -0.02674844 0.02949363 0.07775643
v -0.02741906 0.02778995 0.07674253
v -0.02301022 0.02900552 0.07926679
v -0.01878455 0.02883327 0.08108128
v -0.01831009 0.02973395 0.08171827
v -0.02890550 0.01655203 0.06890997
v -0.02891600 0.01726266 0.07005552
v -0.02796182 0.01742845 0.06905901
v -0.02546462 0.02283656 0.07480842
v -0.02016606 0.02758705 0.07972836
v -0.02399685 0.02259337 0.07358659
v -0.02796069 0.01741904 0.05728359
v -0.02451364 0.02201575 0.05728007
v -0.02009767 0.02611466 0.06127727
v -0.01996946 0.02555494 0.05731521
v -0.01879666 0.02707195 0.06127656
v -0.01678446 0.02892702 0.06127525
v -0.01535091 0.03125828 0.06127358
v -0.01469132 0.03336685 0.06386710
v -0.01951763 0.02810066 0.08031726
v 0.02250364 0.03046739 0.07996194
v 0.01649770 0.03271600 0.08281441
v 0.02650526 0.03118169 0.07819705
v 0.01613855 0.03533330 0.08302639
v 0.02514347 0.04160183 0.07810579
v 0.01662799 0.04513072 0.08127014
v 0.01662686 0.04637569 0.08085726
v 0.02390435 0.04773283 0.07671516
v 0.01635870 0.05695190 0.07565324
v 0.02240481 0.05425179 0.07420807
v 0.01719042 0.05790323 0.07461654
v 0.01833847 0.05810797 0.07395546
v 0.01847931 0.05898901 0.07307164
v 0.01843556 0.06071618 0.07182692
v 0.02091178 0.06072688 0.07061140
v 0.01707318 0.06269083 0.07122310
v 0.02871117 0.02775079 0.07567564
v 0.03138717 0.02449726 0.07215036
v 0.03131422 0.02373248 0.07297145
v 0.02866247 0.02845764 0.07476775
v 0.02862152 0.02849566 0.06562220
v 0.02827376 0.02891649 0.05727951
v 0.02787302 0.02957884 0.05759522
v 0.02236487 0.01235485 0.06249218
v 0.02323748 0.01181769 0.06249271
v 0.02421914 0.01131681 0.06249316
v 0.01176216 0.02329665 0.06248252
v 0.01229866 0.02242449 0.06248324
v 0.01126113 0.02427876 0.06248170
v -0.01231033 0.02242449 0.06248093
v -0.01177368 0.02329665 0.06248039
v -0.01127276 0.02427876 0.06247952
v -0.02886572 -0.01194787 0.06535842
v -0.02956947 -0.01159799 0.06624103
v -0.03002747 -0.01067155 0.06681485
v -0.03154466 -0.01064610 0.06554920
v -0.03328769 -0.01053375 0.06393883
v -0.03405709 -0.01011375 0.06327406
v -0.03353304 -0.01121772 0.06258511
v -0.03440252 -0.01023727 0.06225190
v -0.03348973 0.00265443 0.06872083
v -0.03308753 0.00991475 0.07056387
v -0.03630295 -0.00465548 0.06294931
v -0.03783034 0.00075384 0.06189018
v -0.03569904 0.01010536 0.06645592
v -0.01177368 -0.02319705 0.06251740
v -0.01231033 -0.02232492 0.06251669
v -0.01127276 -0.02417916 0.06251818
v 0.01229866 -0.02232492 0.06251891
v 0.01176210 -0.02319705 0.06251960
v 0.01126113 -0.02417916 0.06252031
v 0.02620041 -0.01132881 0.06572251
v 0.02629779 -0.01137655 0.06251147
v 0.02601942 -0.01019036 0.06509487
v 0.02591887 -0.00914985 0.06623618
v 0.02581229 -0.00787818 0.06709979
v 0.02570033 -0.00620615 0.06789248
v 0.02533920 -0.00497505 0.06780633
v 0.02554985 -0.00070486 0.07026188
v 0.02560487 0.00214320 0.06780069
v 0.02557387 0.00109875 0.07084809
v 0.02616870 0.00952700 0.06776507
v 0.02638246 0.01066663 0.06733786
v 0.02632975 0.01026901 0.07305683
v 0.02605095 -0.00133163 0.07144748
v 0.02689078 -0.01154637 0.06688879
v 0.02730467 -0.00155479 0.07206915
v 0.02786502 -0.01143199 0.06745885
v 0.02933415 -0.01062202 0.06737287
v 0.02679368 0.01012384 0.07405996
v 0.02829642 0.01014499 0.07461366
v 0.02867737 -0.00122160 0.07183395
v 0.02873197 0.00109649 0.07257733
v 0.02950314 0.01019132 0.07417877
v 0.02869543 -0.00395614 0.07079874
v 0.02707780 0.01167935 0.06689551
v 0.02701663 0.01163011 0.07268630
v 0.02796494 0.01202763 0.06734309
v 0.02851539 0.01196730 0.07300462
v 0.03150734 0.01205503 0.06933378
v 0.03515279 0.01147401 0.06615017
v 0.03373995 0.01205235 0.06587914
v 0.02763774 0.01198565 0.05899291
v 0.02598237 0.01137039 0.06579335
v 0.02643426 0.01156687 0.05899321
v 0.02640255 0.01154977 0.06249319
v 0.02965923 0.01204699 0.05899315
v 0.02976712 0.01204566 0.05739324
v 0.03374065 0.01204556 0.05729352
v 0.02922269 0.01136535 0.07384489
v 0.03568702 0.01010530 0.06646203
v 0.03307446 0.00991470 0.07056998
v 0.02645619 -0.01145297 0.05901150
v 0.02762933 -0.01182669 0.05901192
v 0.02770730 -0.01183688 0.06599157
v 0.02885356 -0.01194787 0.06536368
v 0.02925669 -0.01195287 0.05901216
v 0.02955719 -0.01159799 0.06624655
v 0.03001514 -0.01067155 0.06682049
v 0.03153249 -0.01064610 0.06555507
v 0.03347697 0.00265461 0.06872705
v 0.03327596 -0.01053371 0.06394490
v 0.03404546 -0.01011363 0.06328037
v 0.03352179 -0.01121743 0.06259122
v 0.03439092 -0.01023727 0.06225838
v 0.03629133 -0.00465566 0.06295607
v 0.02141701 -0.01425221 0.06251334
v 0.02165414 -0.01298993 0.06251238
v 0.00979297 0.09197932 -0.02596715
v 0.00824097 0.09198016 -0.02493387
v 0.00991451 0.09198027 -0.02481216
v 0.00708597 0.09198027 -0.02481240
v 0.00695037 0.09197908 -0.02622658
v -0.00720285 0.09197932 -0.02596869
v -0.00875484 0.09198016 -0.02493545
v -0.00708128 0.09198027 -0.02481377
v -0.00990982 0.09198027 -0.02481395
v -0.01004548 0.09197908 -0.02622809
v 0.02591073 0.09230566 0.00713550
v 0.02425658 0.09450614 0.00780587
v 0.02407205 0.09256487 0.00795790
v 0.02364575 0.09230756 0.00948529
v 0.02364575 0.09450757 0.00948357
v 0.02448070 0.09230875 0.01106362
v 0.02448070 0.09450876 0.01106183
v 0.02621108 0.09450918 0.01150130
v 0.02621108 0.09230917 0.01150297
v 0.02830481 0.09230744 0.00935625
v 0.02830481 0.09450745 0.00935446
v 0.02774214 0.09450864 0.01090007
v 0.02774208 0.09230870 0.01090191
v 0.02708324 0.09230779 0.00978679
v 0.02530622 0.09230807 0.01016836
v 0.02514991 0.09230685 0.00862442
v 0.02644199 0.09230667 0.00841330
v -0.02448260 0.09230875 0.01105899
v -0.02364766 0.09450757 0.00947917
v -0.02364766 0.09230756 0.00948090
v -0.02425801 0.09450620 0.00780136
v -0.02407353 0.09256487 0.00795338
v -0.02591198 0.09450566 0.00712890
v -0.02591216 0.09230566 0.00713063
v -0.02752006 0.09450626 0.00790466
v -0.02752006 0.09230625 0.00790645
v -0.02774417 0.09230870 0.01089669
v -0.02774423 0.09450870 0.01089496
v -0.02830666 0.09230750 0.00935097
v -0.02830666 0.09450745 0.00934918
v -0.02506945 0.09230720 0.00904833
v -0.02618554 0.09230834 0.01048283
v -0.02729758 0.09230748 0.00940059
v -0.02644354 0.09230667 0.00840838
v -0.01540205 0.09253841 0.02292484
v -0.01460199 0.09241765 0.02223230
v -0.01440208 0.09241851 0.02327141
v 0.01459778 0.09253841 0.02292763
v 0.01539779 0.09241765 0.02223490
v 0.01559776 0.09241851 0.02327421
v 0.01457060 0.08974432 0.03055366
v 0.01488371 0.09000050 0.02930884
v 0.01535464 0.09070113 0.03080927
v 0.01603729 0.09098130 0.03000359
v 0.01631696 0.09084737 0.03084837
v 0.01663182 0.09106555 0.02940212
v 0.01599521 0.09082984 0.02862816
v 0.01564843 0.08995398 0.02821292
v -0.01488913 0.09000050 0.02930602
v -0.01562737 0.09097510 0.02980435
v -0.01485590 0.09030869 0.03070167
v -0.01450275 0.08943146 0.03046752
v -0.03053657 -0.01553690 0.06030947
v -0.02901741 -0.01670199 0.06031049
v -0.02737698 -0.02701449 0.06031883
v -0.02369366 -0.02364009 0.06031645
v -0.01928181 -0.03327122 0.06031888
v -0.01675555 -0.02896386 0.06032146
v -0.01711855 -0.03346616 0.06032497
v -0.01576135 -0.03223043 0.06032408
v -0.01561383 -0.03040099 0.06032271
v 0.01710726 -0.03346616 0.06032817
v 0.02368243 -0.02364009 0.06032090
v 0.01927061 -0.03327122 0.06032249
v 0.02736582 -0.02701449 0.06032400
v 0.02900626 -0.01670199 0.06031589
v 0.03052528 -0.01553690 0.06031512
v 0.03242315 -0.01578795 0.06031542
v 0.03333397 -0.01920586 0.06031834
v 0.03358687 -0.01730829 0.06031685
v 0.02099820 -0.01351881 0.07043415
v 0.02139038 -0.01425328 0.06846809
v 0.02167668 -0.01292878 0.06925528
v 0.02165981 -0.01215394 0.07087518
v 0.02077201 -0.01205855 0.07160167
v 0.02079799 -0.01595306 0.06818485
v 0.02042409 -0.01593697 0.06936286
v 0.01752302 -0.01792806 0.06974034
v 0.02090480 -0.01052308 0.07229006
v 0.01494537 -0.02007510 0.06932724
v 0.01569470 -0.02060520 0.06842254
v 0.01456176 -0.02099735 0.06853087
v 0.01557314 -0.02098310 0.06724031
v 0.01380782 -0.02143046 0.06740691
v 0.01330888 -0.01372227 0.07355256
v 0.01285323 0.00635475 0.08101778
v 0.00438962 0.00500560 0.08187210
v 0.01165822 0.01957052 0.08390765
v 0.01041349 0.02059674 0.08427368
v 0.00992352 0.02200317 0.08444270
v 0.00921312 0.02481827 0.08483845
v 0.01316097 0.01890546 0.08349179
v 0.01497558 0.01862124 0.08299435
v 0.01477661 0.02004629 0.08283667
v 0.01580364 0.01967606 0.08246161
v 0.01454845 0.02110028 0.08194488
v 0.01604691 0.02072090 0.08099615
v 0.01467564 0.02141162 0.08062561
v 0.01754042 0.01651269 0.08190797
v 0.01977345 0.01397816 0.08066855
v 0.01252952 -0.02058309 0.06967835
v 0.01071164 -0.02175223 0.06938027
v 0.00979045 -0.02286974 0.06886898
v 0.00935867 -0.02364915 0.06845599
v 0.00443646 -0.01562726 0.07372868
v 0.00914561 -0.02482748 0.06771573
v 0.00920683 -0.02626032 0.06669828
v -0.00445011 -0.01562726 0.07372790
v -0.00440475 0.00500560 0.08187115
v -0.01305899 -0.01389324 0.07324291
v -0.01286819 0.00635475 0.08101541
v -0.02091822 -0.01052409 0.07228590
v -0.02118215 -0.00008986 0.07641983
v -0.02050736 0.00900888 0.07933260
v -0.01317635 0.01890540 0.08348936
v -0.01499097 0.01862124 0.08299160
v -0.01167389 0.01957046 0.08390558
v -0.01042911 0.02059668 0.08427179
v -0.00993913 0.02200317 0.08444080
v -0.00922882 0.02481812 0.08483678
v -0.01061549 0.02475655 0.08380718
v -0.01116281 0.02685078 0.08396739
v -0.01170622 0.02689859 0.08248869
v -0.01109620 0.02549976 0.08252525
v -0.01102867 0.02437525 0.08239627
v -0.01002541 0.02777999 0.08489957
v -0.00923517 0.02653479 0.08499658
v -0.01234433 0.02042776 0.08362859
v -0.01119521 0.02276325 0.08339781
v -0.01268807 0.02144515 0.08273119
v -0.01205190 0.02235800 0.08171487
v -0.01304635 0.02172875 0.08121121
v -0.01135525 0.02328288 0.08211899
v -0.01479205 0.02004629 0.08283401
v -0.01456359 0.02110028 0.08194221
v -0.01469063 0.02141162 0.08062291
v -0.02078524 -0.01205855 0.07159775
v -0.02008458 -0.01346397 0.07118291
v -0.01973329 -0.01540150 0.07030469
v -0.01753577 -0.01792836 0.06973720
v -0.02043697 -0.01593697 0.06935906
v -0.02097418 -0.01482754 0.06956267
v -0.02103895 -0.01553011 0.06820342
v -0.02147096 -0.01382631 0.06858325
v -0.02101126 -0.01351875 0.07043028
v -0.02168956 -0.01292878 0.06925130
v -0.02167299 -0.01215394 0.07087117
v -0.02229187 -0.01199340 0.06940170
v 0.01012739 -0.02739417 0.06551646
v 0.01160606 -0.02729725 0.06368206
v 0.01091196 -0.02635306 0.06500088
v 0.01169284 -0.02678322 0.06251403
v 0.01119765 -0.02576208 0.06348376
v 0.01102568 -0.02508229 0.06438218
v 0.01054170 -0.02516758 0.06631915
v 0.01137285 -0.02451577 0.06511466
v 0.01061835 -0.02379781 0.06754784
v 0.01120135 -0.02348446 0.06621198
v 0.01185375 -0.02245786 0.06713323
v 0.01271793 -0.02175647 0.06755994
v 0.01429539 -0.02137651 0.06251834
v 0.01132085 -0.02238029 0.06852619
v 0.01276370 -0.02127361 0.06895755
v -0.01277652 -0.02127355 0.06895531
v -0.01242739 -0.02196487 0.06745363
v -0.01072427 -0.02175235 0.06937826
v -0.01133355 -0.02238029 0.06852407
v -0.01160803 -0.02274245 0.06691236
v -0.01063105 -0.02379781 0.06754590
v -0.01121357 -0.02348458 0.06620980
v -0.01055386 -0.02516758 0.06631727
v -0.01138487 -0.02451583 0.06511247
v -0.01103767 -0.02508229 0.06438017
v -0.00980318 -0.02286980 0.06886724
v -0.00915817 -0.02482757 0.06771398
v -0.00921920 -0.02626035 0.06669658
v -0.01092395 -0.02635306 0.06499887
v -0.01013967 -0.02739417 0.06551456
v -0.01098297 -0.02835297 0.06442720
v -0.00988078 -0.02934455 0.06444615
v -0.00916061 -0.02782446 0.06568318
v -0.00937131 -0.02364927 0.06845420
v -0.01161786 -0.02729725 0.06368000
v -0.01120951 -0.02576208 0.06348169
v -0.01169446 -0.02676755 0.06248909
v -0.02233418 0.00000670 0.07546866
v -0.01996886 0.01269484 0.08034912
v 0.01232895 0.02042776 0.08363084
v 0.01267263 0.02144515 0.08273344
v 0.01303133 0.02172875 0.08121358
v 0.01203677 0.02235800 0.08171706
v 0.01117983 0.02276325 0.08339977
v 0.01133993 0.02328288 0.08212118
v 0.01059994 0.02475655 0.08380918
v 0.01101341 0.02437537 0.08239828
v 0.01108101 0.02549988 0.08252738
v 0.00921944 0.02653455 0.08499836
v 0.01000968 0.02777999 0.08490143
v 0.01114729 0.02685078 0.08396937
v 0.01169106 0.02689859 0.08249082
v 0.02068677 0.01526576 0.07991724
v 0.02102559 0.01564607 0.07839532
v 0.01852485 0.01865404 0.07956086
v 0.02118483 0.01281619 0.07938586
v 0.01995405 0.01269484 0.08035283
v 0.02098223 0.01400625 0.07972024
v 0.02141919 0.01427495 0.07832859
v 0.02049264 0.00900882 0.07933639
v 0.02116790 -0.00008995 0.07642378
v 0.02232024 0.00000670 0.07547276
v -0.01978847 0.01397816 0.08066496
v -0.02099695 0.01400625 0.07971638
v -0.02135127 0.01474869 0.07834429
v -0.01755544 0.01651287 0.08190489
v -0.01581888 0.01967606 0.08245867
v -0.01606190 0.02072090 0.08099318
v -0.02070149 0.01526576 0.07991350
v -0.02081158 0.01606971 0.07841892
v -0.01853939 0.01865416 0.07955748
v -0.01600473 0.02081669 0.06128187
v -0.01625682 0.02065970 0.05898194
v -0.01482269 0.02137484 0.05898151
v -0.01439801 0.02147126 0.06128151
v -0.01892472 0.01874441 0.05898315
v -0.02102307 0.01567298 0.05898547
v 0.00995502 0.03756368 0.08472429
v 0.01140657 0.02807754 0.08409576
v 0.01139226 0.04313105 0.08314936
v 0.01199230 0.02813673 0.08248906
v 0.01199230 0.03793984 0.08222274
v 0.01199242 0.04595857 0.08089446
v 0.00999186 0.04580229 0.08344658
v 0.01139274 0.05746847 0.07834958
v 0.01007992 0.06043547 0.07766284
v 0.01199296 0.05978268 0.07523344
v 0.00516585 0.06120544 0.07821989
v 0.00520518 0.07365566 0.06907957
v -0.00000725 0.06131786 0.07849377
v -0.00000639 0.07387387 0.06932979
v -0.00518045 0.06120544 0.07821887
v -0.00521800 0.07365566 0.06907856
v -0.01009431 0.06043568 0.07766086
v -0.01017472 0.07278776 0.06852717
v -0.01000729 0.04580226 0.08344468
v -0.00342407 0.04542154 0.08441770
v -0.00997075 0.03756368 0.08472246
v 0.00340846 0.04542154 0.08441835
v -0.00319853 0.02604538 0.08560627
v 0.00318262 0.02604538 0.08560687
v -0.01142206 0.02807760 0.08409369
v -0.01200756 0.02813673 0.08248687
v 0.01016202 0.07278776 0.06852905
v 0.01015688 0.08239698 0.05789983
v 0.01017138 0.07494455 0.06648378
v -0.01018372 0.07494467 0.06648177
v -0.01016769 0.08239698 0.05789792
v -0.01010857 0.08636379 0.05186772
v -0.00514302 0.08315718 0.05853641
v -0.00000542 0.08341217 0.05873042
v 0.00513222 0.08315718 0.05853742
v 0.01009907 0.08636367 0.05186975
v 0.01003565 0.08904206 0.04680305
v -0.00498550 0.09398406 0.03523927
v -0.00000326 0.09409195 0.03556853
v -0.00000312 0.09402340 0.03406769
v 0.01061100 0.09368205 0.03326511
v 0.01132402 0.09342003 0.03211778
v -0.00000302 0.09310698 0.03287714
v 0.01176352 0.09296405 0.03124153
v 0.01199711 0.09178564 0.03031455
v 0.00497891 0.09398406 0.03524023
v 0.00988508 0.09365844 0.03425967
v -0.01176934 0.09296405 0.03123939
v -0.01200269 0.09178564 0.03031227
v -0.01200269 0.09091466 0.03012985
v -0.00000299 0.09167379 0.03242695
v 0.01199711 0.09091466 0.03013210
v -0.03244850 -0.01158267 0.06370921
v -0.03029737 -0.01194888 0.06415135
v -0.03207693 -0.01188537 0.06274466
v -0.02926764 -0.01195287 0.05900679
v -0.02977768 -0.01195414 0.05740684
v -0.03163347 -0.01195424 0.05730647
v -0.03326044 -0.01149302 0.05730606
v -0.03440324 -0.01024675 0.05730486
v -0.03657231 -0.00499999 0.05730046
v -0.03661857 -0.00485647 0.06180543
v -0.03797316 0.00081528 0.05729573
v -0.02764038 -0.01182669 0.05900682
v -0.02646724 -0.01145297 0.05900670
v -0.03375217 0.01205235 0.06587292
v -0.03516507 0.01147401 0.06614359
v -0.03464385 0.01192075 0.06525321
v -0.03572332 0.01130724 0.06464174
v -0.03635716 0.00982738 0.06511489
v -0.03671262 0.00955886 0.06415214
v -0.03641095 0.01054430 0.06397230
v -0.03745714 0.00581992 0.06287680
v -0.03674880 0.00973612 0.05728877
v -0.03761670 0.00546509 0.05729206
v -0.03564331 0.01140117 0.05728747
v -0.03375128 0.01204556 0.05728716
v -0.03798801 0.00098547 0.06124962
v -0.03145465 0.01205515 0.06941070
v 0.03781881 0.00075388 0.06189721
v 0.03660704 -0.00485659 0.06181239
v 0.03243669 -0.01158267 0.06371526
v 0.03206544 -0.01188534 0.06275056
v 0.03028555 -0.01194888 0.06415687
v 0.03162284 -0.01195424 0.05731241
v 0.02976712 -0.01195416 0.05741231
v 0.03324975 -0.01149308 0.05731224
v 0.03439261 -0.01024681 0.05731127
v 0.03744542 0.00581980 0.06288377
v 0.03634568 0.00982684 0.06512040
v 0.03797652 0.00098586 0.06125678
v 0.02735009 0.01142835 0.07383524
v -0.01542990 0.06124331 0.07061734
v -0.01645836 0.06136298 0.07145447
v -0.01563480 0.06257965 0.07122675
v -0.01704275 0.05983206 0.07128865
v 0.01542022 0.05761039 0.07330611
v 0.01562735 0.05774634 0.07475613
v 0.01465344 0.05625584 0.07502873
v -0.01542810 0.08006608 0.05076703
v -0.01645417 0.08044977 0.05151121
v -0.01562578 0.08150953 0.05089790
v -0.01674200 0.07873139 0.05146843
v 0.01542201 0.07738528 0.05440649
v 0.01564406 0.07800936 0.05574213
v 0.01499446 0.07694608 0.05670155
v 0.01671610 0.07827786 0.05485754
v 0.01712586 0.07783628 0.05610056
v 0.01665171 0.07737159 0.05704729
v 0.01703533 0.07802241 0.05297397
v 0.01673244 0.07873127 0.05147155
v 0.01763193 0.07952654 0.05220290
v 0.01845784 0.07855182 0.05385612
v 0.01895995 0.07979255 0.05208676
v 0.01835270 0.08068698 0.05130683
v 0.01601675 0.08008396 0.05124054
v 0.01682265 0.08097201 0.05141918
v 0.01707603 0.08180475 0.05066552
v 0.01562156 0.06257965 0.07122960
v 0.01644515 0.06136298 0.07145748
v 0.01612907 0.06391269 0.07063667
v 0.02005934 0.06649818 0.06610881
v 0.01663848 0.07035285 0.06474870
v 0.01929499 0.07198715 0.06123869
v 0.01938696 0.07692635 0.05548488
v 0.02005889 0.08132666 0.04905210
v 0.01610319 0.08258182 0.04991876
v 0.01613916 0.08738633 0.04078015
v 0.02136077 0.08544307 0.04120509
v 0.02310122 0.08889985 0.03199212
v 0.02041531 0.09113526 0.02628909
v 0.02435654 0.09132407 0.02210907
v 0.02374453 0.09142684 0.02211635
v 0.02566034 0.09018597 0.02148955
v 0.02471895 0.09091705 0.02074651
v 0.02499739 0.08979475 0.02051409
v 0.02579600 0.09005389 0.02245488
v 0.02553130 0.09067136 0.02252839
v 0.01465406 0.06331140 0.06990473
v 0.01513409 0.06148493 0.07051988
v 0.01599326 0.06074362 0.07082997
v 0.01702958 0.05983201 0.07129179
v 0.01705473 0.05872407 0.07210334
v 0.01653960 0.05837041 0.07382391
v 0.01654931 0.05811369 0.07228445
v 0.01449403 0.06940305 0.06378286
v 0.01561637 0.08150953 0.05090089
v 0.01465230 0.08177188 0.04941045
v 0.01490416 0.08047068 0.05037342
v 0.02294159 0.09129053 0.02153965
v 0.02252265 0.09017736 0.02081280
v 0.01904458 0.08969914 0.02492611
v 0.02218050 0.08726328 0.02110223
v 0.02308149 0.08507508 0.02049105
v 0.02208847 0.08487445 0.02123289
v 0.01902360 0.08377778 0.02495323
v 0.02376563 0.08988314 0.02013008
v 0.02466155 0.08503171 0.02065306
v 0.02553773 0.08475231 0.02167229
v 0.02516928 0.04405462 0.07726656
v 0.02248594 0.05588775 0.07298557
v -0.01450732 0.04472297 0.07997125
v -0.01466899 0.04616281 0.07998163
v -0.01450625 0.03981888 0.06831056
v -0.01466733 0.05625584 0.07502607
v -0.01466694 0.06331146 0.06990197
v -0.01614204 0.06391269 0.07063368
v -0.01450583 0.06933087 0.06385118
v -0.01466948 0.07668867 0.05648971
v -0.01616916 0.07741629 0.05708045
v -0.01665016 0.07027965 0.06481767
v -0.01466146 0.08177188 0.04940760
v -0.01611239 0.08258185 0.04991577
v -0.02310728 0.08889997 0.03198737
v -0.02333586 0.08747786 0.03477467
v -0.02136854 0.08544349 0.04120029
v -0.02104167 0.08241558 0.04631496
v -0.02006796 0.08132719 0.04904748
v -0.01939729 0.07692730 0.05547995
v -0.01979915 0.07533669 0.05687959
v -0.01930634 0.07198858 0.06123359
v -0.02007144 0.06649840 0.06610495
v -0.02092513 0.06072539 0.07060850
v -0.02249953 0.05588775 0.07298142
v -0.01614676 0.08738633 0.04077719
v -0.01459811 0.08634311 0.04032864
v -0.01710336 0.07798157 0.05583118
v -0.01846770 0.07855173 0.05385283
v -0.01656753 0.07827850 0.05463732
v -0.01603285 0.07812988 0.05602265
v -0.01518481 0.07748339 0.05492704
v -0.01600490 0.07758408 0.05390436
v -0.01850870 0.07979649 0.05217309
v -0.01704514 0.07802238 0.05297086
v -0.01723519 0.07925289 0.05213649
v -0.01719287 0.08138370 0.05106545
v -0.01836226 0.08068698 0.05130339
v -0.01720419 0.05790323 0.07461333
v -0.01835182 0.05810767 0.07395250
v -0.01807154 0.05898235 0.07287925
v -0.01655328 0.05837047 0.07382083
v -0.01844874 0.06071621 0.07182342
v -0.01673466 0.05829596 0.07199070
v -0.01719630 0.06239714 0.07133514
v -0.01600667 0.05796837 0.07290280
v -0.01518448 0.05752331 0.07382314
v -0.01601174 0.05776995 0.07505811
v -0.01682862 0.06324130 0.07100297
v -0.01200364 0.08914387 0.04027664
v -0.01200269 0.08802396 0.03013230
v -0.01200435 0.08533400 0.04873538
v -0.01200204 0.08801770 0.02214510
v -0.01200513 0.08055120 0.05633831
v -0.01200251 0.08262735 0.02839882
v -0.01200317 0.08021140 0.03466171
v -0.01200578 0.07450675 0.06350458
v -0.01113280 0.08961802 0.02258894
v -0.01111604 0.08963773 0.03046641
v -0.01000200 0.09001839 0.02311277
v -0.01000284 0.09002459 0.03085058
v -0.01200756 0.03793984 0.08222055
v -0.02440535 0.09476858 0.02138681
v -0.02551626 0.09451597 0.02005345
v -0.02295805 0.09298789 -0.01529543
v -0.02258306 0.09299099 -0.01136814
v -0.01954610 0.09298717 -0.01605873
v -0.02451413 0.08799517 -0.00612061
v -0.02595025 0.08799260 -0.00930851
v -0.02536536 0.08798986 -0.01275568
v -0.02295805 0.08798789 -0.01529144
v -0.01954610 0.08798718 -0.01605467
v -0.01805115 0.08798587 -0.01772521
v -0.01641423 0.09298467 -0.01926075
v -0.01617665 0.08798277 -0.02164225
v -0.01461775 0.08798140 -0.02346323
v -0.01888335 0.08798110 -0.02376877
v -0.02729309 0.08798950 -0.01323436
v -0.02724987 0.08799697 -0.00379253
v -0.02869752 0.08799616 -0.00485964
v -0.02932268 0.08799731 -0.00335081
v -0.02953732 0.08799457 -0.00683402
v -0.02825582 0.08799797 -0.00254266
v -0.02503359 0.08799731 -0.00336890
v -0.00673683 0.08797639 -0.02961379
v -0.01229758 0.08798086 -0.02406614
v -0.01617665 0.09298276 -0.02164613
v -0.01461775 0.09298127 -0.02346735
v -0.01338023 0.09298288 -0.02148728
v -0.01229764 0.09298086 -0.02407013
v -0.01004929 0.09298145 -0.02323806
v -0.01004929 0.08798146 -0.02323395
v 0.00000235 0.08797985 -0.02532005
v -0.00561620 0.09448039 -0.02469265
v -0.01574117 0.09448426 -0.01981775
v -0.02274847 0.09449130 -0.01103275
v -0.02524983 0.09450000 -0.00007758
v 0.00562083 0.09448039 -0.02469158
v 0.01005380 0.08798146 -0.02323216
v 0.01005380 0.09298145 -0.02323609
v 0.01338439 0.09298288 -0.02148480
v 0.01574485 0.09448426 -0.01981491
v 0.01641791 0.09298467 -0.01925761
v 0.01954906 0.08798718 -0.01605112
v 0.01954906 0.09298717 -0.01605499
v 0.02258539 0.09299099 -0.01136399
v 0.02275043 0.09449130 -0.01102847
v 0.02451545 0.09299516 -0.00612004
v 0.02524989 0.09232819 -0.00007118
v 0.02524989 0.09449994 -0.00007291
v 0.01805447 0.08798587 -0.01772208
v 0.01230197 0.08798086 -0.02406383
v 0.01230209 0.09298086 -0.02406776
v 0.01462220 0.08798140 -0.02346062
v 0.01462220 0.09298127 -0.02346463
v 0.01618068 0.08798277 -0.02163923
v 0.01618068 0.09298276 -0.02164317
v 0.02296095 0.08798789 -0.01528717
v 0.02296089 0.09298789 -0.01529110
v 0.02536772 0.08798986 -0.01275093
v 0.02536772 0.09298986 -0.01275492
v 0.02595210 0.08799260 -0.00930370
v 0.02595210 0.09299260 -0.00930763
v 0.02451545 0.08799517 -0.00611604
v 0.02503407 0.08799725 -0.00336421
v 0.02725050 0.08799695 -0.00378747
v 0.02869823 0.08799782 -0.00272037
v 0.02932351 0.08799659 -0.00422920
v 0.02825671 0.08799594 -0.00503738
v 0.02729546 0.08798950 -0.01322926
v 0.01888780 0.08798110 -0.02376521
v 0.02394109 0.08750408 0.00795411
v 0.01998079 0.08629149 0.01536898
v 0.01994967 0.09295785 0.01540403
v 0.01449806 0.09319114 0.02059858
v 0.01199776 0.08801770 0.02214722
v 0.01112855 0.08961802 0.02259099
v 0.02274847 0.09450864 0.01088230
v 0.01574129 0.09451568 0.01966731
v 0.00999779 0.09001839 0.02311468
v 0.00561632 0.09451955 0.02454221
v -0.00000231 0.09002006 0.02517831
v -0.00562083 0.09451955 0.02454102
v -0.01450180 0.09319120 0.02059584
v -0.01574497 0.09451568 0.01966435
v -0.01995252 0.09295785 0.01540030
v -0.02275037 0.09450870 0.01087797
v -0.02524983 0.09232819 -0.00007585
v -0.02393257 0.08750045 0.00797946
v -0.01999353 0.08629405 0.01535249
v 0.01814277 0.02338933 0.06128298
v 0.01624560 0.02066153 0.06128499
v 0.01559426 0.02473044 0.06128179
v 0.01505913 0.02579212 0.06128080
v 0.01390652 0.02598977 0.06128057
v 0.01328965 0.02568507 0.06128072
v 0.01193293 0.02769566 0.06127896
v 0.01199361 0.03905683 0.06802499
v 0.01449367 0.03981888 0.06831329
v 0.01199349 0.04277592 0.06892304
v 0.01574466 0.05450199 0.06580463
v 0.01694190 0.05462354 0.06559466
v 0.01584611 0.05543781 0.06519486
v 0.01632724 0.05650337 0.06447416
v 0.01199402 0.05749464 0.06382959
v 0.01199467 0.06659388 0.05620974
v 0.01449479 0.06763780 0.05510299
v 0.01199509 0.07058036 0.05162942
v 0.01632865 0.07176580 0.05005833
v 0.01640116 0.07250281 0.04902356
v 0.01577693 0.07296140 0.04835322
v 0.01688476 0.07323288 0.04795168
v 0.01540037 0.07325148 0.04792373
v 0.01449675 0.08020049 0.03468989
v 0.01199735 0.08265298 0.02832817
v 0.02788920 0.08627408 0.01545249
v 0.02655358 0.08500146 0.02076642
v 0.02567167 0.08445060 0.02273278
v 0.02556280 0.08409718 0.02465872
v 0.02489140 0.08324572 0.02695506
v 0.02889919 0.08711838 0.01080243
v 0.02666527 0.08715659 0.01055072
v 0.01289423 0.02473044 0.06128150
v 0.01249428 0.02256345 0.06128317
v 0.01176275 0.02329593 0.06128250
v 0.01149417 0.02646088 0.06127989
v 0.01149417 0.02429562 0.06128168
v 0.01342927 0.02366888 0.06128230
v 0.01458181 0.02347111 0.06128256
v 0.01481150 0.02137673 0.06128432
v 0.01519878 0.02377587 0.06128238
v 0.01429539 0.02147612 0.06248417
v 0.01249452 0.02256166 0.05898308
v 0.01176246 0.02329385 0.05898255
v 0.01149435 0.02429383 0.05898153
v 0.01481171 0.02137484 0.05898430
v 0.01149412 0.02646178 0.06247991
v 0.01178688 0.02728227 0.05897924
v 0.01199444 0.02971178 0.05897742
v 0.01199462 0.02971035 0.05727750
v 0.01199462 0.03379166 0.05727410
v 0.01136632 0.03566631 0.06355761
v 0.01134999 0.03568345 0.05727261
v 0.00976484 0.03677008 0.06272118
v 0.00968518 0.03678905 0.05727154
v -0.00000684 0.03804934 0.06199610
v -0.00000529 0.03804558 0.05726963
v -0.00977648 0.03677008 0.06271932
v -0.00969580 0.03678905 0.05726969
v -0.01137903 0.03566521 0.06355652
v -0.01136056 0.03568345 0.05727046
v -0.01200518 0.03379166 0.05727183
v -0.01200518 0.02971035 0.05727523
v -0.01200536 0.02971178 0.05897516
v -0.01194412 0.02769392 0.05897677
v -0.01194433 0.02769566 0.06127679
v -0.01150564 0.02646088 0.06127774
v -0.01150546 0.02645897 0.05897791
v -0.01150576 0.02646178 0.06247776
v -0.01430693 0.02147612 0.06248146
v 0.01199337 0.06714940 0.07015620
v 0.01199402 0.07450670 0.06350695
v 0.01199467 0.08055108 0.05634063
v 0.01199545 0.08533388 0.04873764
v 0.01199711 0.08802396 0.03013436
v 0.01111043 0.08963773 0.03046852
v 0.00999708 0.09002459 0.03085249
v 0.00442852 0.09002304 0.02889617
v 0.00415931 0.09002164 0.02711796
v 0.00265045 0.09002215 0.02774283
v -0.00000298 0.09002578 0.03242820
v -0.00301131 0.09002304 0.02889554
v -0.00478952 0.09002283 0.02862599
v -0.00416439 0.09002164 0.02711710
v -0.00283854 0.09002178 0.02730023
v 0.00283338 0.09002315 0.02906858
v 0.01199617 0.08914387 0.04027897
v -0.01810208 0.02342158 0.06127954
v -0.01560560 0.02473050 0.06127883
v -0.01507059 0.02366888 0.06127965
v -0.01391799 0.02347111 0.06127992
v -0.01330105 0.02377587 0.06127977
v -0.01250569 0.02256345 0.06128072
v -0.01290557 0.02473050 0.06127893
v -0.01344070 0.02579212 0.06127807
v -0.01459328 0.02598977 0.06127781
v -0.01521025 0.02568507 0.06127805
v -0.01177422 0.02329593 0.06128031
v -0.01150564 0.02429562 0.06127953
v 0.03088878 0.08719134 0.00525747
v -0.03089016 0.08719152 0.00524878
v -0.03138493 0.08688348 -0.00018076
v -0.02851586 0.08544927 0.01702118
v -0.02755647 0.08469713 0.02118675
v -0.02828197 0.08691972 -0.01376183
v -0.01958448 0.08690112 -0.02462452
v -0.00699289 0.08687998 -0.03066631
v 0.00699628 0.08687998 -0.03066552
v 0.00674235 0.08797639 -0.02961248
v -0.02733321 0.08731401 0.00943989
v 0.01459069 0.08634309 0.04033139
v 0.02752696 0.08791937 0.00294601
v 0.02931502 0.08790705 0.00320314
v 0.02950671 0.08781379 0.00470744
v 0.02784291 0.08781239 0.00472717
v -0.01200625 0.03876137 0.06789548
v -0.01200631 0.04250484 0.06889617
v -0.01640276 0.05323737 0.06633434
v -0.01662653 0.05454802 0.06563382
v -0.01625304 0.05535413 0.06517250
v -0.01633923 0.05650337 0.06447113
v -0.01637956 0.07155837 0.04993747
v -0.01640925 0.07250195 0.04902181
v -0.01642928 0.07319918 0.04799855
v -0.01450317 0.08020049 0.03468729
v -0.01675867 0.09452205 0.02777058
v -0.01770459 0.09516379 0.02757240
v -0.01337527 0.09575748 0.02954376
v -0.00682418 0.09623706 0.03169870
v -0.00583916 0.09452539 0.03189575
v -0.00000313 0.09640270 0.03242307
v 0.00583328 0.09452539 0.03189687
v 0.00681819 0.09623706 0.03170001
v 0.01336957 0.09575760 0.02954637
v 0.01675344 0.09452205 0.02777372
v 0.01769949 0.09516379 0.02757563
v 0.01980017 0.09502059 0.02586636
v 0.02133289 0.09501951 0.02449007
v 0.02322126 0.09501808 0.02266239
v 0.02440125 0.09476858 0.02139126
v 0.02551240 0.09451597 0.02005826
v -0.03140043 0.09450668 0.00830669
v -0.02858537 0.09370779 0.01538879
v -0.03103955 0.09253216 0.01006382
v -0.02688764 0.09363400 0.01850498
v -0.03000174 0.09260600 0.01329136
v -0.02611743 0.09359288 0.02009577
v -0.02242284 0.09433388 0.02426029
v -0.01867301 0.09498767 0.02710897
v 0.02858300 0.09370768 0.01539342
v 0.03104021 0.09253128 0.01006189
v 0.03139889 0.09450668 0.00831257
v 0.03259420 0.09223411 -0.00006491
v 0.03215420 0.09449619 -0.00480373
v 0.02677675 0.09611691 -0.00387169
v 0.02733741 0.09611607 -0.00492509
v 0.02825671 0.09614576 -0.00528137
v 0.02831327 0.09566124 -0.00679095
v 0.02935262 0.09614609 -0.00488978
v 0.03020107 0.09599548 -0.00573809
v 0.02973626 0.09611703 -0.00371596
v 0.03020077 0.09549858 -0.00184859
v 0.03100657 0.09549697 -0.00379310
v 0.02917558 0.09611789 -0.00266257
v 0.02825641 0.09614817 -0.00230635
v 0.02825617 0.09549919 -0.00104333
v 0.02716031 0.09614788 -0.00269794
v 0.02677615 0.09612282 0.00356813
v 0.02733673 0.09612200 0.00251472
v 0.02825587 0.09615170 0.00215848
v 0.02825599 0.09550068 0.00089657
v 0.02935185 0.09615205 0.00255005
v 0.03020048 0.09600138 0.00170170
v 0.02973550 0.09612294 0.00372384
v 0.03020018 0.09550449 0.00559123
v 0.03100579 0.09550288 0.00364675
v 0.02917489 0.09612380 0.00477724
v 0.02825570 0.09615408 0.00513347
v 0.02831201 0.09567195 0.00664386
v 0.02715969 0.09615378 0.00474188
v 0.00223759 0.09614242 0.02810211
v 0.00279823 0.09614155 0.02704865
v 0.00371743 0.09617127 0.02669244
v 0.00371749 0.09518695 0.02543196
v 0.00481340 0.09617157 0.02708394
v 0.00566227 0.09518754 0.02623782
v 0.00519701 0.09614254 0.02825785
v 0.00566144 0.09519064 0.03012695
v 0.00646731 0.09518915 0.02818312
v 0.00463637 0.09614334 0.02931121
v 0.00371720 0.09617364 0.02966749
v 0.00371702 0.09519136 0.03093194
v 0.00262121 0.09617330 0.02927581
v -0.00520227 0.09614242 0.02810133
v -0.00464159 0.09614155 0.02704799
v -0.00372242 0.09617127 0.02669172
v -0.00372230 0.09518695 0.02543125
v -0.00262642 0.09617157 0.02708324
v -0.00177756 0.09518754 0.02623717
v -0.00224284 0.09614254 0.02825703
v -0.00097259 0.09518915 0.02818254
v -0.00280347 0.09614334 0.02931044
v -0.00372266 0.09617364 0.02966669
v -0.00372277 0.09519136 0.03093127
v -0.00481865 0.09617330 0.02927510
v -0.02973613 0.09612282 0.00356284
v -0.02917548 0.09612203 0.00250944
v -0.02825623 0.09615173 0.00215320
v -0.02825611 0.09550068 0.00089134
v -0.02716022 0.09615207 0.00254477
v -0.02631187 0.09600138 0.00169642
v -0.02677665 0.09612294 0.00371855
v -0.02631217 0.09550449 0.00558595
v -0.02548390 0.09575305 0.00383801
v -0.02733735 0.09612380 0.00477197
v -0.02825665 0.09615409 0.00512819
v -0.02831325 0.09567195 0.00663856
v -0.02935257 0.09615378 0.00473660
v -0.02973542 0.09611691 -0.00387697
v -0.02917481 0.09611610 -0.00493035
v -0.02825564 0.09614579 -0.00528665
v -0.02831201 0.09566124 -0.00679623
v -0.02715960 0.09614612 -0.00489505
v -0.02631103 0.09599548 -0.00574337
v -0.02677601 0.09611703 -0.00372124
v -0.02631133 0.09549858 -0.00185387
v -0.02548334 0.09574682 -0.00399532
v -0.02733670 0.09611789 -0.00266786
v -0.02825582 0.09614819 -0.00231164
v -0.02825593 0.09549919 -0.00104861
v -0.02935181 0.09614788 -0.00270321
v -0.00519696 0.09609742 -0.02841085
v -0.00463632 0.09609655 -0.02946426
v -0.00371717 0.09612627 -0.02982052
v -0.00371702 0.09514195 -0.03108479
v -0.00262114 0.09612657 -0.02942892
v -0.00177249 0.09514254 -0.03027914
v -0.00223755 0.09609754 -0.02825511
v -0.00177311 0.09514564 -0.02638981
v -0.00096737 0.09514415 -0.02833418
v -0.00279819 0.09609834 -0.02720171
v -0.00371734 0.09612864 -0.02684549
v -0.00371749 0.09514636 -0.02558475
v -0.00481338 0.09612830 -0.02723704
v 0.00224289 0.09609742 -0.02841021
v 0.00280349 0.09609655 -0.02946355
v 0.00372272 0.09612627 -0.02981985
v 0.00372277 0.09514195 -0.03108414
v 0.00481867 0.09612657 -0.02942821
v 0.00566726 0.09514254 -0.03027836
v 0.00520229 0.09609754 -0.02825450
v 0.00587513 0.09497900 -0.02634902
v 0.00647252 0.09514415 -0.02833344
v 0.00464164 0.09609834 -0.02720105
v 0.00372242 0.09612864 -0.02684486
v 0.00372230 0.09514636 -0.02558412
v 0.00262648 0.09612830 -0.02723639
v -0.02917074 0.08580827 0.01509411
v -0.02522467 0.08177077 0.02987594
v -0.02421926 0.08071581 0.03297297
v -0.02396662 0.07996908 0.03399816
v -0.02300499 0.07845248 0.03759412
v -0.02205182 0.07611164 0.04171711
v -0.02135614 0.07421475 0.04482610
v -0.02097107 0.07224387 0.04780770
v -0.02058810 0.06870231 0.05257627
v -0.02262528 0.05553523 0.06445107
v -0.02357712 0.05147922 0.06599612
v -0.02435729 0.04918373 0.06675404
v -0.02467915 0.04770112 0.06712509
v -0.02575397 0.04449113 0.06771711
v -0.02624666 0.04272959 0.06776124
v -0.02686703 0.04053330 0.06753621
v -0.02720591 0.03852975 0.06705040
v -0.02775499 0.03510033 0.06502716
v -0.02799830 0.03364247 0.06372654
v -0.02793640 0.03267925 0.06235389
v -0.02807776 0.03164002 0.06042538
v -0.03071755 0.08693808 -0.00708722
v -0.02463139 0.08692800 -0.01971917
v -0.01366759 0.08692109 -0.02845977
v 0.00000126 0.08685640 -0.03149267
v 0.01367281 0.08692109 -0.02845729
v 0.02463494 0.08692800 -0.01971454
v 0.03071898 0.08693808 -0.00708146
v 0.02916790 0.08580809 0.01510005
v 0.02851260 0.08544927 0.01702659
v 0.02754584 0.08469030 0.02121709
v 0.02701760 0.08458662 0.02242373
v 0.02502344 0.08213862 0.02994926
v 0.02421025 0.08071139 0.03298847
v 0.02397934 0.08000007 0.03393324
v 0.02294736 0.07839020 0.03793262
v 0.02204190 0.07610606 0.04173075
v 0.02134772 0.07421475 0.04483013
v 0.02096159 0.07224046 0.04781665
v 0.02057843 0.06873365 0.05253886
v 0.02434473 0.04918429 0.06675853
v 0.02356496 0.05147922 0.06600045
v 0.02466669 0.04770112 0.06712966
v 0.02574145 0.04449105 0.06772192
v 0.02685141 0.04054659 0.06754368
v 0.02623167 0.04273831 0.06776617
v 0.02719357 0.03852975 0.06705558
v 0.02772748 0.03536703 0.06530799
v 0.02792482 0.03267979 0.06235988
v 0.02806653 0.03164032 0.06043141
v 0.01424392 0.02608335 0.06498055
v 0.01519848 0.02568799 0.06498097
v 0.01559391 0.02473336 0.06498174
v 0.01674386 0.02473336 0.06498186
v 0.01519848 0.02377885 0.06498246
v 0.01601162 0.02296561 0.06498317
v 0.01424392 0.02338325 0.06498265
v 0.01247616 0.02296561 0.06498288
v 0.01424392 0.02223348 0.06498359
v 0.01328935 0.02377885 0.06498228
v 0.01289388 0.02473336 0.06498145
v 0.01174393 0.02473336 0.06498139
v 0.01328935 0.02568799 0.06498079
v 0.02467557 0.01295179 0.06499200
v 0.02372106 0.01334702 0.06499158
v 0.02332565 0.01430165 0.06499074
v 0.02217564 0.01430165 0.06499068
v 0.02372106 0.01525622 0.06499010
v 0.02290794 0.01606959 0.06498937
v 0.02467557 0.01565176 0.06498979
v 0.02661827 0.01587522 0.06498979
v 0.02493471 0.01676098 0.06500082
v 0.02563026 0.01525622 0.06499027
v 0.02602562 0.01430165 0.06499098
v 0.02717563 0.01430165 0.06499116
v 0.02563026 0.01334702 0.06499176
v 0.02467557 -0.01284807 0.06501244
v 0.02563026 -0.01324343 0.06501286
v 0.02602562 -0.01419818 0.06501369
v 0.02717563 -0.01419818 0.06501375
v 0.02563026 -0.01515281 0.06501447
v 0.02644345 -0.01596587 0.06501518
v 0.02467557 -0.01554811 0.06501465
v 0.02290794 -0.01596587 0.06501488
v 0.02467557 -0.01669818 0.06501554
v 0.02372106 -0.01515281 0.06501430
v 0.02332565 -0.01419818 0.06501345
v 0.02217564 -0.01419818 0.06501339
v 0.02372106 -0.01324343 0.06501275
v 0.01424392 -0.02327990 0.06501989
v 0.01519848 -0.02367526 0.06502026
v 0.01559385 -0.02462989 0.06502108
v 0.01674386 -0.02462989 0.06502114
v 0.01519848 -0.02558434 0.06502175
v 0.01601162 -0.02639770 0.06502245
v 0.01424392 -0.02597981 0.06502198
v 0.01247616 -0.02639770 0.06502216
v 0.01424392 -0.02712976 0.06502287
v 0.01328935 -0.02558434 0.06502156
v 0.01289388 -0.02462989 0.06502078
v 0.01328935 -0.02367526 0.06502007
v -0.01425597 -0.02327990 0.06501716
v -0.01330134 -0.02367526 0.06501759
v -0.01290586 -0.02462989 0.06501836
v -0.01330134 -0.02558434 0.06501920
v -0.01248822 -0.02639770 0.06501991
v -0.01425597 -0.02597981 0.06501937
v -0.01602366 -0.02639770 0.06501961
v -0.01425597 -0.02712976 0.06502027
v -0.01521047 -0.02558434 0.06501896
v -0.01560589 -0.02462989 0.06501818
v -0.01675590 -0.02462989 0.06501806
v -0.01521047 -0.02367526 0.06501747
v -0.02468761 -0.01284807 0.06500793
v -0.02373310 -0.01324343 0.06500841
v -0.02333763 -0.01419818 0.06500918
v -0.02218762 -0.01419818 0.06500930
v -0.02373310 -0.01515275 0.06500990
v -0.02291992 -0.01596587 0.06501061
v -0.02468761 -0.01554811 0.06501008
v -0.02645543 -0.01596587 0.06501025
v -0.02468761 -0.01669818 0.06501091
v -0.02564224 -0.01515275 0.06500965
v -0.02603766 -0.01419818 0.06500882
v -0.02718767 -0.01419818 0.06500870
v -0.02564224 -0.01324343 0.06500816
v -0.02468755 0.01295179 0.06498737
v -0.02564224 0.01334702 0.06498694
v -0.02603766 0.01430165 0.06498611
v -0.02718761 0.01430165 0.06498606
v -0.02564224 0.01525622 0.06498539
v -0.02663025 0.01587527 0.06498480
v -0.02468755 0.01565176 0.06498522
v -0.02291992 0.01606959 0.06498510
v -0.02494676 0.01676098 0.06499621
v -0.02373310 0.01525622 0.06498570
v -0.02333763 0.01430165 0.06498647
v -0.02218762 0.01430165 0.06498659
v -0.02373310 0.01334702 0.06498719
v -0.02362075 0.01657468 0.08103979
v -0.02529200 0.01673996 0.08015633
v -0.02672907 0.01575773 0.07914240
v -0.02718886 0.01431244 0.07863015
v -0.02257058 0.01564192 0.08141029
v -0.02218911 0.01431477 0.08136547
v -0.02269992 0.01280003 0.08085757
v -0.02415516 0.01187127 0.07996780
v -0.02586284 0.01210576 0.07907653
v -0.02689138 0.01312965 0.07863164
v -0.02597970 0.01402684 0.06310472
v -0.01425597 0.02608335 0.06497788
v -0.01330134 0.02568799 0.06497831
v -0.01290586 0.02473336 0.06497908
v -0.01175591 0.02473336 0.06497920
v -0.01330134 0.02377885 0.06497992
v -0.01248815 0.02296561 0.06498057
v -0.01425597 0.02338325 0.06498009
v -0.01602366 0.02296561 0.06498027
v -0.01425597 0.02223348 0.06498098
v -0.01521047 0.02377885 0.06497968
v -0.01560589 0.02473336 0.06497890
v -0.01675590 0.02473336 0.06497878
v -0.01521047 0.02568799 0.06497819
v 0.02489861 0.01047444 0.06720816
v 0.02406078 0.01114863 0.06579335
v 0.02319636 0.01076197 0.06720774
v 0.02270361 0.01171499 0.06579278
v -0.01200560 -0.02931284 0.06138241
v -0.01192928 -0.02827704 0.06269675
v -0.01200548 -0.03058511 0.06039811
v -0.01133582 -0.03193741 0.06140509
v -0.01107648 -0.02914646 0.06387573
v -0.00974352 -0.03244162 0.06211051
v -0.00991765 -0.03080695 0.06334430
v -0.01069132 -0.03307089 0.06037915
v -0.01137981 -0.03245300 0.06013924
v -0.01184431 -0.03157210 0.06025469
v -0.00971330 -0.03343477 0.06078735
v -0.00977037 -0.03356236 0.06003433
v -0.01856496 -0.01851040 0.06766511
v -0.02102310 -0.01557895 0.05901036
v -0.01881326 -0.01876321 0.05901304
v -0.01562757 -0.02097401 0.05901515
v 0.01891364 0.01874441 0.05898681
v 0.02101209 0.01567298 0.05898939
v 0.01624578 0.02065970 0.05898501
v -0.02681911 0.01173558 0.05898807
v -0.02641413 0.01154977 0.06248826
v -0.02455928 0.01105469 0.06578887
v -0.02423078 0.01131683 0.06248865
v -0.02271577 0.01171499 0.06578857
v -0.02237651 0.01235485 0.06248802
v -0.02162805 0.01304271 0.06617768
v -0.02142859 0.01435181 0.06248647
v -0.02142463 0.01443845 0.05898637
v -0.02179646 0.01190778 0.06711069
v -0.02313074 0.01079559 0.06720347
v -0.02191886 0.01101964 0.06754506
v -0.02208003 0.00974440 0.06779022
v -0.02474126 0.01046818 0.06720359
v -0.02406612 0.00909024 0.06779057
v -0.02419272 -0.00495899 0.06780165
v -0.02274635 -0.00515091 0.06780196
v -0.02261146 -0.00814813 0.06708056
v -0.02269116 0.00230908 0.06779612
v -0.02807305 0.01204699 0.05898768
v -0.02324906 0.01181769 0.06248838
v -0.01150546 0.02429383 0.05897957
v -0.01177338 0.02329385 0.05898034
v -0.01250557 0.02256166 0.05898076
v 0.02141701 0.01435181 0.06249045
v 0.02141364 0.01443845 0.05899040
v -0.02142463 -0.01434457 0.05900938
v 0.02114594 -0.01516749 0.05901397
v 0.01481171 -0.02128097 0.05901824
v 0.01599635 -0.02076148 0.05901788
v 0.01191767 -0.02827704 0.06269892
v 0.01106467 -0.02914649 0.06387784
v 0.00990590 -0.03080695 0.06334619
v 0.02014650 0.02020329 0.06373684
v 0.02115257 0.02020267 0.06298587
v 0.01970472 0.01913564 0.06298657
v 0.01907973 0.02064463 0.06298532
v 0.02014656 0.02145266 0.06298475
v 0.01900500 0.02019957 0.05921064
v 0.02044157 0.01897155 0.05918671
v 0.02137492 0.02049418 0.05918557
v 0.02014692 0.02159955 0.05913459
v 0.02014644 -0.02010160 0.06376898
v 0.02115253 -0.02010228 0.06301797
v 0.01970469 -0.02116919 0.06301866
v 0.01907970 -0.01966038 0.06301741
v 0.02014656 -0.01885229 0.06301688
v 0.01900496 -0.02010535 0.05924270
v 0.02044155 -0.02133328 0.05921884
v 0.02137490 -0.01981075 0.05921768
v 0.02014692 -0.01870536 0.05916672
v -0.02015839 -0.02010160 0.06376529
v -0.01915238 -0.02010228 0.06301421
v -0.02060017 -0.02116919 0.06301498
v -0.02122513 -0.01966038 0.06301367
v -0.02015826 -0.01885229 0.06301320
v -0.02129989 -0.02010535 0.05923890
v -0.01986336 -0.02133328 0.05921503
v -0.01893001 -0.01981075 0.05921397
v -0.02015797 -0.01870536 0.05916295
v -0.02015833 0.02020329 0.06373317
v -0.01915238 0.02020267 0.06298213
v -0.02060017 0.01913564 0.06298289
v -0.02122513 0.02064463 0.06298164
v -0.02015826 0.02145266 0.06298107
v -0.02129989 0.02019957 0.05920688
v -0.01986336 0.01897155 0.05918296
v -0.01893001 0.02049418 0.05918179
v -0.02015797 0.02159955 0.05913085
v 0.03463330 0.01192045 0.06525879
v 0.03588418 0.01111568 0.06448040
v -0.01200542 -0.02961772 0.05902236
v -0.01194418 -0.02759983 0.05902078
v -0.01200518 -0.02994194 0.05739773
v 0.00973198 -0.03244162 0.06211234
v 0.01183315 -0.03157210 0.06025683
v 0.01068010 -0.03307095 0.06038111
v 0.00972108 -0.03347731 0.06053817
v -0.00000577 -0.03402519 0.06185972
v 0.01136865 -0.03245300 0.06014138
v -0.01784441 0.02303653 0.05897987
v -0.01969472 0.02527251 0.05897800
v -0.01906196 0.02129536 0.05898119
v -0.02125404 0.02129536 0.05898107
v -0.02373258 0.01525145 0.05898566
v -0.02468715 0.01564699 0.05898518
v -0.02553747 0.01933723 0.05898214
v -0.02564171 0.01525145 0.05898542
v -0.02603707 0.01429682 0.05898607
v -0.02333716 0.01429682 0.05898637
v -0.02324883 0.01181489 0.05898834
v -0.02424881 0.01154685 0.05898858
v -0.02373258 0.01334238 0.05898721
v -0.02468715 0.01294696 0.05898726
v -0.02564171 0.01334238 0.05898691
v -0.02967021 0.01204699 0.05898756
v -0.02251676 0.01254683 0.05898774
v -0.02125404 0.01910346 0.05898268
v -0.01152543 -0.02639639 0.05901992
v -0.01430693 -0.02137651 0.06251568
v -0.01439777 -0.02137535 0.05901570
v -0.02424881 -0.01145297 0.05900682
v -0.02324883 -0.01172077 0.05900705
v -0.02251688 -0.01245296 0.05900765
v -0.01250557 -0.02246779 0.05901664
v -0.01177338 -0.02319985 0.05901736
v -0.01150546 -0.02419996 0.05901814
v -0.01290539 -0.02463454 0.05901825
v -0.01330081 -0.02368009 0.05901747
v -0.01425544 -0.02328467 0.05901719
v -0.01521007 -0.02368009 0.05901737
v -0.01560537 -0.02463454 0.05901808
v -0.01330081 -0.02558916 0.05901902
v -0.01425544 -0.02598470 0.05901926
v 0.01169317 -0.02678600 0.05902233
v 0.01199444 -0.02802407 0.05902338
v 0.01199444 -0.02961772 0.05902462
v 0.01199462 -0.02994194 0.05739997
v 0.01137359 -0.03244888 0.05732679
v 0.00975951 -0.03356444 0.05732756
v 0.01149435 -0.02419996 0.05902040
v 0.01176246 -0.02319985 0.05901950
v 0.01249452 -0.02246779 0.05901901
v 0.01289441 -0.02463454 0.05902069
v 0.01328976 -0.02558916 0.05902153
v 0.01424439 -0.02598470 0.05902189
v 0.01519896 -0.02558916 0.05902176
v 0.01905091 -0.02120149 0.05901860
v 0.02124305 -0.02120149 0.05901884
v 0.02262183 -0.02258038 0.05902009
v 0.02250578 -0.01245296 0.05901192
v 0.02124305 -0.01900959 0.05901699
v 0.01880227 -0.01876318 0.05901660
v 0.01559444 -0.02463454 0.05902098
v 0.01519896 -0.02368009 0.05902027
v 0.01424439 -0.02328467 0.05901980
v 0.01328976 -0.02368009 0.05902010
v 0.02323784 -0.01172077 0.05901133
v 0.02332605 -0.01420301 0.05901341
v 0.02372153 -0.01515758 0.05901425
v 0.02467616 -0.01555287 0.05901460
v 0.02563073 -0.01515758 0.05901442
v 0.02602609 -0.01420301 0.05901359
v 0.02423783 -0.01145297 0.05901133
v 0.02372153 -0.01324838 0.05901276
v 0.02467616 -0.01285284 0.05901240
v 0.02563073 -0.01324838 0.05901282
v 0.01855275 -0.01851010 0.06766866
v 0.02602609 0.01429682 0.05899088
v 0.02563073 0.01525145 0.05899023
v 0.02552642 0.01933723 0.05898689
v 0.02467616 0.01564699 0.05898969
v 0.02372153 0.01525145 0.05899005
v 0.02563073 0.01334238 0.05899172
v 0.02423783 0.01154685 0.05899309
v 0.02467616 0.01294696 0.05899189
v 0.02372153 0.01334238 0.05899154
v 0.02323784 0.01181489 0.05899273
v 0.02332605 0.01429682 0.05899070
v 0.02250578 0.01254683 0.05899201
v 0.02124305 0.02129536 0.05898492
v 0.01905091 0.02129536 0.05898468
v 0.02124305 0.01910346 0.05898671
v 0.02467586 0.01294976 0.06256180
v 0.02467604 0.01294845 0.06085931
v 0.02575491 0.01353451 0.06284814
v 0.02562936 0.01334244 0.06087570
v 0.02602573 0.01430022 0.06325977
v 0.02602603 0.01429831 0.06091730
v -0.01521007 -0.02558916 0.05901886
v -0.02603707 -0.01420295 0.05900878
v -0.02564171 -0.01515758 0.05900968
v -0.02468715 -0.01555287 0.05900997
v -0.02373258 -0.01515758 0.05900986
v -0.02333716 -0.01420295 0.05900908
v -0.02373258 -0.01324838 0.05900831
v -0.02468715 -0.01285284 0.05900789
v -0.02564171 -0.01324838 0.05900819
v -0.02603725 0.01429837 0.06091244
v -0.02564046 0.01334244 0.06087089
v -0.02561138 0.01331555 0.06273199
v -0.02468738 0.01294976 0.06255717
v -0.02468727 0.01294845 0.06085468
v -0.02977768 0.01204568 0.05738766
v -0.02563280 0.01937550 0.05738214
v 0.02562218 0.01937544 0.05738686
v 0.02269270 -0.02265226 0.05742006
v -0.02263281 -0.02258038 0.05901588
v -0.02270332 -0.02265229 0.05741582
v -0.01906196 -0.02120149 0.05901498
v -0.02125404 -0.01900959 0.05901307
v -0.02125404 -0.02120149 0.05901474
v 0.03509977 0.02183696 0.05751833
v 0.03123756 0.02477538 0.05728309
v 0.03231122 0.02240985 0.05728512
v 0.03314962 0.01972335 0.05728732
v 0.03305818 0.01798117 0.05728869
v 0.03201361 0.01658505 0.05728970
v 0.03036781 0.01600557 0.05729000
v 0.02898373 0.01641309 0.05728959
v 0.03563268 0.01140117 0.05729412
v 0.03953381 0.01169004 0.05755816
v 0.03673817 0.00973612 0.05729567
v 0.03760614 0.00546509 0.05729900
v 0.03796253 0.00081527 0.05730280
v 0.03795396 -0.01494407 0.05769933
v 0.03656168 -0.00499999 0.05730728
v 0.03417777 -0.02205169 0.05772166
v 0.03358717 -0.01731055 0.05731681
v 0.03242345 -0.01579046 0.05731551
v 0.03052564 -0.01553916 0.05731516
v 0.02900656 -0.01670438 0.05731593
v 0.02368273 -0.02364248 0.05732088
v 0.01674463 -0.02896618 0.05732451
v 0.01557954 -0.03048539 0.05732565
v 0.00802498 -0.03957205 0.05776401
v -0.00000530 -0.04046312 0.05772638
v -0.00000530 -0.03495424 0.05732774
v -0.00803558 -0.03957217 0.05776256
v -0.00977013 -0.03356444 0.05732578
v -0.01575464 -0.03722509 0.05775660
v -0.01138422 -0.03244888 0.05732464
v -0.01559017 -0.03048539 0.05732281
v -0.01675526 -0.02896618 0.05732137
v -0.02369336 -0.02364248 0.05731661
v -0.02901713 -0.01670438 0.05731059
v -0.03053627 -0.01553916 0.05730945
v -0.03243408 -0.01579046 0.05730945
v -0.03359780 -0.01731055 0.05731072
v -0.03418839 -0.02205178 0.05771530
v -0.03334496 -0.01920837 0.05731220
v -0.02908886 -0.02829092 0.05773348
v -0.02722267 -0.02717179 0.05731893
v -0.02286408 -0.03341538 0.05774710
v -0.01925925 -0.03329408 0.05732453
v -0.01736156 -0.03354698 0.05732495
v -0.03796464 -0.01494416 0.05769227
v -0.01584134 -0.03238326 0.05732430
v -0.02431217 -0.03274959 0.05764062
v -0.03344736 -0.02358824 0.05763245
v -0.03929040 -0.01204943 0.05762281
v -0.04027355 -0.00725010 0.05766372
v -0.03954452 0.01169004 0.05755082
v -0.03511047 0.02183697 0.05751184
v -0.02899436 0.01641309 0.05728418
v 0.03333433 -0.01920837 0.05731826
v 0.02907820 -0.02829092 0.05773886
v 0.02721204 -0.02717179 0.05732416
v 0.02285327 -0.03341538 0.05775132
v 0.01924862 -0.03329408 0.05732821
v 0.01574402 -0.03722509 0.05775960
v 0.01735093 -0.03354698 0.05732821
v 0.01583071 -0.03238326 0.05732726
v -0.04113267 0.00072823 0.05759498
v -0.01278672 -0.03863245 0.05764633
v -0.03784279 0.01701647 0.05781484
v -0.03201995 0.02653563 0.05771679
v -0.04087309 0.00630033 0.05791672
v -0.00000559 -0.03495228 0.05991876
v 0.03670073 0.00955882 0.06415898
v 0.02063669 0.07082438 0.05131583
v 0.02102514 0.07365179 0.04731391
v -0.02096409 0.06392089 0.05842168
v -0.02064655 0.07082659 0.05130899
v -0.02288727 0.07953387 0.03730137
v -0.02589359 0.04264998 0.06933421
v -0.02042369 0.06712687 0.05627716
v 0.02729615 0.04379779 0.07026248
v 0.03023466 0.03310936 0.06760816
v 0.03295847 0.02623176 0.06299797
v 0.03200914 0.02653563 0.05772279
v 0.03783204 0.01701647 0.05782190
v 0.02342589 0.07747715 0.04404293
v 0.02207835 0.06861597 0.05646531
v 0.02368137 0.05707275 0.06591731
v 0.02690065 0.08378356 0.03033970
v 0.02745456 0.08582526 0.03094690
v 0.02888513 0.08735817 0.02554892
v 0.02821613 0.08949255 0.02600907
v 0.03133428 0.09117275 0.01299743
v 0.02999634 0.09260690 0.01330446
v 0.03071409 0.08745878 0.01554899
v 0.03125394 0.08921104 0.01570778
v 0.03182625 0.08953779 0.01289563
v 0.03341543 0.09045117 -0.00006893
v 0.02688259 0.09363436 0.01851223
v 0.02611423 0.09359276 0.02009992
v 0.03306725 0.08856088 -0.00006746
v 0.03100961 0.08843958 -0.01135374
v -0.02343414 0.07747727 0.04403848
v -0.02208874 0.06861609 0.05646128
v -0.02253715 0.07033509 0.05810887
v -0.02255682 0.06923836 0.05926806
v -0.02190158 0.07124489 0.06131679
v -0.02317616 0.06028646 0.07003391
v -0.02113631 0.06145477 0.07254488
v -0.02367332 0.04696077 0.07849861
v -0.02001336 0.04686117 0.08120090
v -0.02645483 0.02989923 0.07989061
v -0.02195963 0.02794045 0.08273799
v -0.01953598 0.00505185 0.08033681
v -0.01675775 0.02474910 0.08467061
v -0.01239237 0.00275022 0.08168310
v -0.01571565 0.02277615 0.08482715
v -0.01435247 0.02225112 0.08514786
v -0.01335468 0.02241843 0.08540708
v -0.01250746 0.02296489 0.08564889
v -0.01185420 0.02426889 0.08589503
v -0.01046928 0.00472575 0.08262438
v -0.00621703 0.02513396 0.08681797
v -0.00642344 0.00472617 0.08318001
v -0.00220933 0.00472635 0.08346956
v -0.01223006 0.02615431 0.08594248
v -0.00948557 0.04672443 0.08490461
v -0.01519063 0.04678088 0.08337837
v -0.01356276 0.06331175 0.07653660
v -0.01786854 0.06248307 0.07475538
v -0.01688578 0.07479816 0.06494540
v -0.01997402 0.07313477 0.06324661
v -0.02061311 0.08198845 0.05202568
v -0.02260265 0.07972925 0.05056108
v -0.02495429 0.08581727 0.03867639
v -0.02570103 0.08333206 0.03765518
v -0.02746026 0.08582526 0.03094167
v -0.02690636 0.08378356 0.03033478
v -0.03071676 0.08745878 0.01554335
v -0.03306725 0.08856088 -0.00007357
v -0.03125696 0.08921110 0.01570189
v -0.03182876 0.08953779 0.01288969
v -0.03341537 0.09045117 -0.00007511
v -0.03133696 0.09117239 0.01299155
v -0.03259418 0.09223413 -0.00007093
v -0.01418474 0.02724874 0.08553696
v -0.01517555 0.02707505 0.08526397
v -0.01606815 0.02647211 0.08497879
v -0.02327887 0.07733058 0.04900599
v -0.02395604 0.07960838 0.04523206
v -0.01442489 0.00066203 0.08056438
v -0.01814714 -0.00316232 0.07815809
v -0.02558943 0.00836170 0.07844055
v -0.03017905 0.01245236 0.07609732
v -0.03121861 -0.00758135 0.06935169
v -0.03486117 -0.00200826 0.06809922
v -0.02718803 -0.01419508 0.06900228
v -0.02647432 -0.01245162 0.07034463
v -0.02498993 -0.01171118 0.07155794
v -0.02346500 -0.01201230 0.07219720
v -0.02255043 -0.01289647 0.07219542
v -0.02218827 -0.01419275 0.07170076
v -0.01413431 -0.01906639 0.07193357
v -0.01354166 -0.00316131 0.07945651
v -0.00850740 -0.00316054 0.08039391
v -0.02237436 -0.01513975 0.07111639
v -0.01468417 -0.02216285 0.06994689
v -0.01326194 -0.02233207 0.07022846
v -0.01222869 -0.02316367 0.06996620
v -0.00481954 -0.02110177 0.07239168
v -0.00850704 -0.01303374 0.07624787
v -0.00380400 -0.00820220 0.07890355
v -0.00850722 -0.00819588 0.07842290
v -0.01175633 -0.02462655 0.06914521
v -0.01238217 -0.02628237 0.06790346
v -0.01383700 -0.02709299 0.06696761
v -0.01529780 -0.02690130 0.06666589
v -0.01631870 -0.02604109 0.06692446
v -0.01675626 -0.02462780 0.06772388
v -0.02280393 -0.01583689 0.07053727
v -0.02442607 -0.01668107 0.06924605
v -0.02599212 -0.01632827 0.06856317
v -0.02687993 -0.01539766 0.06854320
v -0.01612332 -0.02296406 0.06900871
v -0.03297016 0.02623176 0.06299181
v -0.03593257 0.01983875 0.06485780
v 0.01649525 -0.01156647 0.07515217
v 0.01682689 -0.01025603 0.07565601
v 0.01618855 -0.00921123 0.07631946
v 0.01455321 -0.00922135 0.07676952
v 0.01470360 -0.01183056 0.07554226
v 0.01357200 -0.00953936 0.07687669
v 0.01357200 -0.01049804 0.07644765
v 0.01332291 -0.01185933 0.07587692
v 0.01659515 -0.01349046 0.07418962
v 0.01712351 -0.01488598 0.07331347
v 0.01737190 -0.01100381 0.07514118
v 0.02236107 -0.01513975 0.07112055
v 0.02217504 -0.01419275 0.07170485
v 0.01618883 0.00384790 0.08107488
v 0.01340213 0.00098627 0.08091234
v 0.01282438 -0.00890285 0.07732867
v 0.00936422 -0.00316059 0.08026629
v 0.01319880 -0.01488498 0.07442459
v 0.02253636 -0.01289761 0.07219940
v 0.02345362 -0.01201111 0.07220107
v 0.02218875 0.00631630 0.07961635
v 0.02497956 -0.01171147 0.07156096
v 0.02646198 -0.01245235 0.07034878
v 0.01704236 0.00472450 0.08107404
v 0.01570365 0.02277881 0.08482917
v 0.01434049 0.02225136 0.08514957
v 0.01334151 0.02241748 0.08540885
v 0.01249304 0.02296358 0.08565079
v 0.01183840 0.02426850 0.08589713
v 0.01244589 0.00472546 0.08224677
v 0.00620142 0.02513414 0.08681917
v 0.00740198 0.01459795 0.08534747
v 0.00267330 0.00974166 0.08472877
v 0.00740216 0.00957626 0.08431136
v 0.00740227 0.00472605 0.08307069
v 0.01221487 0.02615529 0.08594461
v 0.00946984 0.04672443 0.08490639
v 0.00321368 0.04669559 0.08569139
v 0.00286898 0.06419146 0.07842880
v -0.00288358 0.06419146 0.07842820
v -0.00272450 0.07756149 0.06776809
v -0.00800297 0.07707774 0.06727367
v -0.00825826 0.08670198 0.05508255
v -0.01322631 0.08557909 0.05435419
v -0.01460156 0.09187877 0.04116726
v -0.01923864 0.09021860 0.04048485
v -0.02305327 0.09337067 0.02684016
v -0.00911628 0.09304219 0.04164582
v -0.00310127 0.09364128 0.04189246
v 0.00309350 0.09364128 0.04189300
v 0.00910856 0.09304219 0.04164749
v 0.01459397 0.09187877 0.04117005
v 0.01923103 0.09021860 0.04048859
v 0.01870496 0.09499612 0.02706842
v -0.00281046 0.08728015 0.05545794
v 0.00280025 0.08728015 0.05545854
v 0.00824805 0.08670198 0.05508403
v 0.01321627 0.08557909 0.05435663
v 0.01741607 0.08397686 0.05331849
v 0.02060349 0.08198845 0.05202954
v 0.02275020 0.08815819 0.03964232
v 0.02259327 0.07972925 0.05056529
v 0.02494705 0.08581727 0.03868096
v 0.02326985 0.07733058 0.04901032
v 0.02394767 0.07960838 0.04523651
v 0.00271192 0.07756149 0.06776857
v 0.00799057 0.07707774 0.06727516
v 0.01280441 0.07613849 0.06631659
v 0.01687380 0.07479816 0.06494848
v 0.01996227 0.07313477 0.06325030
v 0.02189024 0.07124489 0.06132089
v 0.02254583 0.06923836 0.05927233
v 0.02252634 0.07033509 0.05811308
v 0.00845471 0.06389248 0.07778656
v 0.01354864 0.06331175 0.07653908
v 0.01785478 0.06248307 0.07475869
v 0.02112296 0.06145477 0.07254885
v 0.02316311 0.06028646 0.07003818
v 0.02385678 0.05904597 0.06737226
v 0.01517525 0.04678088 0.08338116
v 0.01999834 0.04686117 0.08120459
v 0.02365878 0.04696077 0.07850295
v 0.02594384 0.04707396 0.07543336
v 0.02672097 0.04719424 0.07217436
v 0.02408620 0.05794245 0.06800376
v 0.01416984 0.02724874 0.08553927
v 0.01515993 0.02707499 0.08526675
v 0.01605215 0.02647242 0.08498181
v 0.02194413 0.02794039 0.08274214
v 0.02643993 0.02989912 0.07989566
v 0.02925708 0.03215414 0.07661878
v 0.03021672 0.03456187 0.07311968
v 0.02778717 0.04322254 0.07288478
v 0.03172655 0.03047245 0.06985258
v 0.01674214 0.02474904 0.08467370
v 0.02217409 0.01431477 0.08136956
v 0.02255556 0.01564192 0.08141445
v 0.02360567 0.01657468 0.08104424
v 0.02527746 0.01673984 0.08016084
v 0.02671465 0.01575762 0.07914726
v 0.02717432 0.01431244 0.07863514
v 0.03090754 0.01337736 0.07557318
v 0.03321900 0.01759153 0.07315998
v 0.03400179 0.02200883 0.07063024
v 0.03690951 0.01312568 0.06686357
v 0.03592053 0.01983875 0.06486443
v 0.04086234 0.00630033 0.05792432
v 0.03785327 0.01038461 0.06532166
v 0.04112202 0.00072822 0.05760268
v 0.03709444 0.00406134 0.06674217
v 0.04026284 -0.00725010 0.05767123
v 0.03222909 0.02775079 0.07216916
v 0.03484854 -0.00200856 0.06810568
v 0.03120562 -0.00758165 0.06935755
v 0.02717515 -0.01419508 0.06900726
v 0.02686712 -0.01539754 0.06854825
v 0.02597907 -0.01632851 0.06856810
v 0.02441284 -0.01668107 0.06925099
v 0.02279075 -0.01583677 0.07054166
v 0.01611050 -0.02296406 0.06901179
v 0.01412090 -0.01906639 0.07193618
v 0.01467117 -0.02216285 0.06994955
v 0.01324877 -0.02233219 0.07023089
v 0.01674363 -0.02462780 0.06772695
v 0.01528522 -0.02690130 0.06666879
v 0.01382467 -0.02709299 0.06697015
v 0.01236954 -0.02628231 0.06790577
v 0.01174345 -0.02462661 0.06914727
v 0.00480613 -0.02110177 0.07239258
v 0.00136289 -0.01488375 0.07594919
v 0.00110415 -0.00316012 0.08097428
v 0.00136259 -0.00890171 0.07871258
v 0.00304738 -0.00928360 0.07848649
v 0.00469539 -0.00924129 0.07839823
v 0.00529507 -0.00316024 0.08075696
v 0.00538057 -0.00972925 0.07812888
v 0.00582703 -0.01038704 0.07779711
v 0.00597230 -0.01093831 0.07753598
v 0.00734290 -0.01488429 0.07549875
v 0.00597233 -0.01189750 0.07709723
v 0.00599729 -0.01308952 0.07653305
v 0.00564027 -0.01377028 0.07624005
v 0.00979382 -0.01450267 0.07532017
v 0.01182793 -0.01450300 0.07492873
v 0.00503822 -0.01442784 0.07597239
v 0.01221564 -0.02316379 0.06996845
v 0.00443599 -0.01435359 0.07605864
v 0.00771651 -0.01173105 0.07697031
v 0.00771659 -0.00890209 0.07823022
v 0.01630625 -0.02604115 0.06692749
v 0.02687767 0.01313114 0.07863639
v 0.02717337 0.00956046 0.07775889
v 0.02268597 0.01279872 0.08086108
v 0.02414444 0.01187044 0.07997005
v 0.02585372 0.01210868 0.07907878
v 0.01357218 -0.01355016 0.07500409
v 0.00809041 -0.01412057 0.07577860
v 0.01568999 -0.01221269 0.07508706
v 0.00211009 -0.00966537 0.07836258
v 0.01277717 0.00281995 0.08162169
v 0.00998065 0.00288540 0.08217178
v 0.00699040 0.00288570 0.08258545
v 0.00574467 0.00160634 0.08232247
v 0.01080152 0.00079093 0.08137964
v 0.00873104 -0.00133544 0.08100670
v 0.00584689 -0.00133514 0.08135020
v 0.00494728 0.00078728 0.08213210
v 0.00288090 -0.00133496 0.08155906
v 0.00031104 -0.00133496 0.08162498
v 0.00266338 0.00108129 0.08236358
v -0.00142947 0.00288600 0.08296006
v 0.00150487 0.00288600 0.08295828
v 0.00442037 0.00288588 0.08282065
v 0.00557217 0.00472623 0.08326137
v 0.00298211 0.00472635 0.08343756
v 0.00036228 0.00472647 0.08350706
v -0.01013690 0.00259179 0.08205685
v -0.00811061 -0.00133538 0.08109295
v -0.00607130 0.00075940 0.08202379
v -0.00529548 0.00155634 0.08234697
v -0.00697091 0.00288570 0.08258807
v -0.00400117 0.00288588 0.08284920
v -0.00667551 -0.00851208 0.07852327
v -0.00667563 -0.00585872 0.07960438
v -0.00667569 -0.00316036 0.08062255
v -0.03094864 0.08998978 -0.01289438
v 0.02241868 0.09433388 0.02426408
v 0.02304841 0.09337067 0.02684449
v 0.02624012 0.09152829 0.02644770
v 0.02569402 0.08333206 0.03765993
v 0.03927977 -0.01204943 0.05763017
v 0.03343667 -0.02358824 0.05763869
v 0.02430154 -0.03274959 0.05764525
v -0.01600376 0.07180458 0.04563875
v -0.01600412 0.06982058 0.04847676
v -0.01500431 0.06992447 0.04832822
v -0.01366193 0.07036880 0.04769278
v -0.01400468 0.06982058 0.04847693
v -0.01514363 0.07207172 0.04558679
v -0.01400438 0.07180458 0.04563874
v -0.01366184 0.07125628 0.04642311
v -0.01300499 0.07081258 0.04705798
v 0.01399602 0.07180458 0.04564141
v 0.01399566 0.06982058 0.04847961
v 0.01499544 0.06992447 0.04833101
v 0.01633776 0.07036880 0.04769554
v 0.01609066 0.06994893 0.04886966
v 0.01513520 0.07207172 0.04558967
v 0.01599546 0.07180458 0.04564165
v 0.01633794 0.07125628 0.04642590
v 0.01699485 0.07081258 0.04706083
v -0.01660407 0.05557211 0.06268886
v -0.01525876 0.05589794 0.06223956
v -0.01640978 0.05609771 0.06150517
v -0.01505151 0.05692095 0.06131091
v -0.02037166 0.05642009 0.06295750
v -0.02062372 0.05680227 0.06264771
v 0.01608921 0.05115972 0.06362715
v 0.01599397 0.05450201 0.06193320
v 0.01499419 0.05435350 0.06203731
v 0.01365181 0.05371875 0.06248255
v 0.01399453 0.05450201 0.06193310
v 0.01499399 0.05181550 0.06381752
v 0.01399430 0.05166709 0.06392168
v 0.01365169 0.05245056 0.06337206
v 0.01299478 0.05308455 0.06292729
v 0.02064999 0.05683874 0.06269722
v -0.01906639 0.07046518 0.04997667
v -0.01590706 0.07306504 0.04425317
v -0.01469941 0.07370168 0.04422766
v 0.01965018 0.07383147 0.04666571
v 0.01973106 0.07356697 0.04539053
v -0.01200198 0.08260470 0.02117627
v -0.01200387 0.07208126 0.04305553
v -0.01138869 0.07124257 0.04128539
v -0.00985442 0.07593590 0.03104394
v -0.00984137 0.07011687 0.04152393
v -0.01200465 0.06683498 0.05069679
v -0.01140473 0.06489068 0.05053395
v -0.00986216 0.06516760 0.04880368
v -0.00985668 0.05777925 0.05635142
v -0.01140056 0.05681425 0.05803877
v -0.00985507 0.04880923 0.06083005
v -0.01140044 0.04665952 0.06231647
v -0.00985614 0.04351288 0.06211179
v -0.01200536 0.05850285 0.05887305
v -0.01200578 0.04848349 0.06351567
v -0.01200595 0.04238826 0.06478578
v 0.01199788 0.08260470 0.02117859
v 0.01141459 0.08107680 0.02068811
v 0.01162463 0.08333045 0.01300150
v 0.01093369 0.08301800 0.01059949
v 0.01199830 0.08385068 0.01673757
v 0.01000809 0.08281940 0.00925523
v 0.00993586 0.08025997 0.02043128
v 0.00984867 0.07593578 0.03104609
v 0.02624056 0.08488727 0.00934030
v 0.02544069 0.08500689 0.00864731
v 0.02524051 0.08500772 0.00968658
v -0.02544229 0.08488727 0.00933548
v -0.02624225 0.08500689 0.00864250
v -0.02644237 0.08500772 0.00968171
v 0.01672942 0.08201748 0.02193640
v 0.01326645 0.08201748 0.02193610
v 0.01344776 0.08201825 0.02293585
v 0.01422316 0.08201933 0.02427821
v 0.01326615 0.08201909 0.02393548
v 0.01654783 0.08201825 0.02293615
v 0.01672924 0.08201909 0.02393585
v 0.01577213 0.08201933 0.02427836
v 0.01499767 0.08201986 0.02493529
v -0.01327036 0.08201748 0.02193380
v -0.01673339 0.08201748 0.02193326
v -0.01655205 0.08201825 0.02293301
v -0.01577662 0.08201933 0.02427542
v -0.01673363 0.08201909 0.02393264
v -0.01345198 0.08201825 0.02293343
v -0.01327060 0.08201909 0.02393318
v -0.01422771 0.08201933 0.02427554
v -0.01500224 0.08201986 0.02493257
v -0.01200156 0.08385068 0.01673550
v -0.01200162 0.08416318 0.01875949
v -0.01162570 0.08332955 0.01299268
v -0.01093494 0.08301770 0.01059567
v 0.01199818 0.08416318 0.01876174
v 0.01199593 0.07219564 0.04287368
v 0.01199515 0.06691366 0.05059342
v 0.01199444 0.05850833 0.05886900
v 0.01199402 0.04843854 0.06353204
v 0.01199397 0.04235297 0.06479196
v -0.01000988 0.08281940 0.00925333
v -0.00993966 0.08025997 0.02042961
v -0.01141845 0.08107680 0.02068603
v -0.00353622 0.08224427 0.00625688
v 0.00000217 0.08216148 0.00568557
v -0.00000173 0.07980340 0.01881206
v 0.00348091 0.08224177 0.00624108
v -0.00000283 0.07530260 0.03075450
v 0.01469113 0.07370397 0.04423215
v 0.01507820 0.07333189 0.04566281
v 0.01618363 0.07301505 0.04448200
v 0.01665766 0.07279497 0.04573111
v 0.01449628 0.07712608 0.03915332
v 0.01504611 0.08005716 0.03298337
v 0.01575232 0.07628667 0.03867398
v 0.01468976 0.05700945 0.06147765
v 0.01524733 0.05589794 0.06224238
v 0.01589860 0.05645438 0.06117098
v 0.01672166 0.05576359 0.06197362
v 0.01649417 0.05564057 0.06308876
v 0.01449455 0.06319266 0.05771880
v 0.01469048 0.06427518 0.05622746
v 0.01575406 0.06309449 0.05652808
v 0.01575454 0.06385678 0.05584000
v 0.01499407 0.06963012 0.04954509
v 0.01449527 0.06953346 0.05104683
v 0.01574825 0.04209184 0.06499012
v 0.01829387 0.07325220 0.04517011
v 0.01803596 0.07350009 0.04649948
v 0.02083506 0.07688784 0.04033791
v 0.01575739 0.08160358 0.02958976
v 0.01844288 0.05628436 0.06202690
v 0.01818444 0.05590260 0.06346278
v 0.01953186 0.06542658 0.05680554
v 0.01883110 0.07075062 0.04948171
v 0.01870586 0.07171314 0.05013071
v 0.01759429 0.07035058 0.04917811
v 0.01918186 0.06117326 0.05925368
v 0.01876815 0.06517904 0.05569963
v 0.01937296 0.06431704 0.05702542
v 0.02156920 0.05187201 0.06487663
v 0.02337043 0.04478031 0.06687704
v 0.02383723 0.04534608 0.06760933
v 0.02212870 0.05187159 0.06602575
v -0.01600531 0.05450201 0.06193018
v -0.01610097 0.05115974 0.06362416
v -0.01500579 0.05181550 0.06381479
v -0.01366344 0.05245060 0.06336961
v -0.01400610 0.05166709 0.06391907
v -0.01500562 0.05435350 0.06203458
v -0.01400587 0.05450201 0.06193035
v -0.01366332 0.05371878 0.06248009
v -0.01300636 0.05308455 0.06292481
v 0.01884677 0.05148667 0.06413256
v -0.02201474 0.05177965 0.06543928
v -0.02141556 0.05187640 0.06475341
v -0.02112984 0.05308649 0.06641009
v -0.01830397 0.07325255 0.04516686
v -0.01996843 0.07364288 0.04569333
v -0.01804618 0.07350039 0.04649616
v -0.01575956 0.07627117 0.03869826
v -0.01532675 0.07980719 0.03282741
v -0.01576273 0.08160358 0.02958680
v -0.01450305 0.08055698 0.03328729
v -0.01450345 0.07710969 0.03917736
v -0.02321973 0.04469517 0.06677043
v -0.02379140 0.04525574 0.06742152
v -0.01885853 0.05148667 0.06412911
v -0.01547210 0.04235114 0.06503557
v -0.01789216 0.06983965 0.04999686
v -0.01653977 0.06986149 0.04965320
v -0.01880834 0.06463980 0.05622376
v -0.01533023 0.06884047 0.05050218
v -0.01547509 0.06304517 0.05664124
v -0.01925537 0.06077927 0.05955530
v -0.01844952 0.05628377 0.06202239
v -0.01983641 0.05642144 0.06419878
v -0.01819137 0.05590194 0.06345826
v -0.01998887 0.06143838 0.06026668
v -0.01954821 0.06533139 0.05689407
v -0.01525647 0.07011517 0.04979071
v -0.01450465 0.06953388 0.05104435
v -0.01450524 0.06349745 0.05745152
v 0.00983299 0.07022744 0.04134649
v 0.00985308 0.06524705 0.04870098
v 0.00984617 0.05779439 0.05634224
v 0.00984379 0.04877197 0.06084394
v 0.00984463 0.04347980 0.06211923
v 0.01138110 0.07124269 0.04128730
v 0.01139529 0.06489098 0.05053573
v 0.01138963 0.05681425 0.05804044
v 0.01138879 0.04665946 0.06231862
v -0.02700207 0.02920642 0.05805398
v -0.02395007 0.02814877 0.05727524
v -0.02700237 0.02912837 0.06127430
v -0.02349779 0.02793866 0.06127561
v -0.01602713 0.02774727 0.05897624
v 0.02699120 0.02920642 0.05805896
v 0.01356907 0.02589738 0.05898064
v 0.01289441 0.02472865 0.05898141
v 0.01491965 0.02589738 0.05898069
v 0.01559444 0.02472865 0.05898170
v 0.01491965 0.02355992 0.05898254
v 0.01356907 0.02355992 0.05898249
v -0.02700237 0.03095564 0.06131623
v 0.02699097 0.02912837 0.06127922
v 0.02699097 0.03095615 0.06132145
v 0.02348645 0.02793866 0.06127982
v 0.02393951 0.02814877 0.05727969
v 0.01699782 0.07953399 0.02293830
v 0.01639176 0.07976448 0.02150361
v 0.01484206 0.07957482 0.02094747
v 0.01358855 0.07918190 0.02151899
v 0.01307965 0.07855513 0.02333494
v 0.01388782 0.07832703 0.02456917
v 0.01504016 0.07846379 0.02493840
v 0.01642275 0.07898789 0.02434170
v -0.01308440 0.07855499 0.02333352
v -0.01359121 0.07918125 0.02151776
v -0.01482122 0.07956889 0.02094865
v -0.01639561 0.07976448 0.02150035
v -0.01700203 0.07953399 0.02293510
v -0.01642625 0.07898688 0.02433974
v -0.01458578 0.07839280 0.02483502
v -0.01361881 0.07832950 0.02438080
v 0.01278239 0.08168218 -0.00006441
v 0.01194101 0.08172971 -0.00581485
v 0.01557010 0.08203119 -0.00006490
v 0.01675295 0.08220618 -0.00006506
v -0.00449616 0.08108139 -0.00006619
v -0.00577766 0.08113479 -0.00006594
v -0.00529652 0.07954818 0.01642704
v -0.00859427 0.08130115 -0.00006603
v -0.01592779 0.08163487 0.01094884
v -0.01278260 0.08168218 -0.00006678
v -0.01669925 0.08219790 -0.00006816
v -0.01557081 0.08203130 -0.00006778
v -0.02423730 0.08416674 -0.00006959
v -0.02547132 0.08415430 -0.00007039
v -0.02380317 0.08307886 0.01511336
v -0.03101843 0.08681541 0.00374980
v -0.03044015 0.08658361 0.00773634
v -0.02092378 0.07923007 0.02889985
v -0.01194006 0.08172971 -0.00581711
v -0.00826204 0.08172595 -0.01042795
v -0.01508281 0.08414140 -0.01899349
v -0.00538135 0.08413768 -0.02366250
v -0.00821911 0.08464473 -0.02575689
v -0.00923697 0.08485705 -0.02601423
v -0.00849921 0.08510619 -0.02691721
v 0.00538295 0.08413768 -0.02366218
v -0.00294769 0.08172398 -0.01298648
v 0.00295025 0.08172398 -0.01298582
v 0.00826400 0.08172595 -0.01042646
v 0.01508443 0.08414140 -0.01899225
v 0.02180235 0.08414808 -0.01057249
v 0.02554351 0.08417707 -0.00006572
v 0.02423730 0.08416674 -0.00006511
v 0.00886016 0.08472361 -0.02576560
v 0.00790354 0.08490309 -0.02656906
v 0.00890057 0.08515530 -0.02691376
v -0.01890409 0.08470748 -0.01951860
v -0.02004794 0.08511519 -0.01985882
v -0.01997421 0.08484253 -0.01895563
v -0.02180102 0.08414814 -0.01057514
v 0.02040775 0.03630769 0.05761193
v 0.02799113 0.03119206 0.05900721
v 0.01813485 0.03861922 0.05959915
v -0.02565238 0.03279167 0.05764896
v -0.02035621 0.03634274 0.05760772
v -0.01917944 0.03698140 0.05759991
v 0.01916881 0.03698134 0.05760340
v 0.01201780 0.03989964 0.05756199
v 0.00708564 0.04106944 0.05754213
v 0.00621846 0.04198855 0.05861657
v 0.01572986 0.04164439 0.06084178
v 0.00531992 0.04372453 0.05931615
v 0.01348712 0.04693937 0.06052190
v 0.00450399 0.04884636 0.05844241
v 0.01171692 0.05559271 0.05711424
v 0.00395556 0.05802035 0.05366790
v 0.01123603 0.06470990 0.04867367
v 0.00400783 0.06702589 0.04322761
v 0.01229334 0.07248836 0.03730005
v 0.00460095 0.07451260 0.03068679
v -0.00001437 0.04145911 0.05739837
v -0.00616804 0.04199635 0.05861264
v -0.00527844 0.04372817 0.05931103
v -0.00447044 0.04884654 0.05843746
v -0.00392649 0.05801856 0.05366384
v -0.00397645 0.06702327 0.04322451
v -0.00456141 0.07450968 0.03068459
v 0.00534601 0.07955098 0.01642853
v 0.01597505 0.08164447 0.01093970
v 0.02383912 0.08309507 0.01509731
v 0.03101998 0.08681589 0.00373696
v -0.00702653 0.04108142 0.05754059
v -0.01809028 0.03864401 0.05958838
v -0.01569257 0.04165756 0.06082756
v -0.02447144 0.03792423 0.06365628
v -0.02110765 0.04537194 0.06377339
v -0.02534571 0.04592067 0.06749261
v -0.02343955 0.05248034 0.06564987
v -0.01202837 0.03989964 0.05755966
v -0.01345644 0.04694432 0.06050671
v -0.01169137 0.05559384 0.05709922
v -0.01121131 0.06470847 0.04865700
v -0.01226471 0.07248568 0.03728294
v -0.01825747 0.07301616 0.04139984
v -0.01359836 0.06899225 0.04404968
v -0.01540050 0.06986725 0.04405680
v -0.01646981 0.06999677 0.04482741
v -0.01700387 0.06949359 0.04618437
v -0.01300499 0.06806367 0.04506516
v -0.01387874 0.06739590 0.04662674
v -0.01539970 0.06776631 0.04726911
v -0.01644686 0.06850355 0.04713357
v -0.01715884 0.06482839 0.05260444
v -0.01831415 0.05501240 0.06050987
v -0.02067897 0.06632065 0.05541319
v -0.02215949 0.05757290 0.06309599
v -0.02069679 0.07083410 0.04951966
v -0.02103928 0.07296675 0.04638124
v -0.02156327 0.07490205 0.04333139
v -0.02224646 0.07673215 0.04020739
v -0.01664305 0.05044010 0.06101132
v -0.01460224 0.04905009 0.06050763
v -0.01346937 0.04948908 0.06002897
v -0.01301238 0.05055189 0.05960494
v -0.01382903 0.05243214 0.05928040
v -0.01500538 0.05312103 0.05949379
v -0.01641492 0.05291229 0.06020767
v -0.01700226 0.05176657 0.06084526
v 0.01601644 0.02774578 0.05727933
v 0.01503398 0.03836119 0.05727081
v -0.01507763 0.03834784 0.05726797
v -0.01602707 0.02774578 0.05727625
v 0.02777345 0.03456974 0.06448375
v 0.02532765 0.04593914 0.06749456
v 0.02342376 0.05249387 0.06564878
v 0.02277006 0.05498558 0.06453280
v 0.02213933 0.05761039 0.06307708
v 0.02156933 0.06026685 0.06125228
v 0.02066405 0.06638079 0.05534671
v 0.02069445 0.07089769 0.04943292
v 0.02104433 0.07302856 0.04629092
v 0.02157362 0.07495880 0.04324262
v 0.02226526 0.07679337 0.04010193
v 0.02317847 0.07869255 0.03648828
v 0.02431219 0.08596867 0.00674885
v 0.02163542 0.08502668 0.01228558
v 0.02487677 0.08501785 0.00128858
v 0.02253228 0.08450144 0.00835740
v -0.00000000 0.08201670 -0.00006530
v 0.01209133 0.08263790 -0.00006468
v -0.00572998 0.08499759 -0.02431339
v -0.01598126 0.08500170 -0.01918028
v -0.02284824 0.08500897 -0.00999968
v -0.02487695 0.08501785 0.00128395
v -0.02260506 0.08450126 0.00816000
v -0.02163742 0.08502668 0.01228148
v -0.01842014 0.08450710 0.01540417
v 0.01816237 0.08450728 0.01570617
v -0.01209133 0.08263790 -0.00006692
v -0.01560731 0.05431432 0.06593999
v -0.01763282 0.07118445 0.04975778
v 0.02115598 0.05247855 0.06554686
v -0.02116814 0.05247855 0.06554312
v 0.02480667 0.08595949 -0.00477839
v 0.02012157 0.08595108 -0.01532233
v 0.01123475 0.08594530 -0.02268111
v 0.00000236 0.08594316 -0.02531838
v -0.01123053 0.08594530 -0.02268338
v -0.02011877 0.08595108 -0.01532607
v -0.02480596 0.08595949 -0.00478302
v -0.02431339 0.08596867 0.00674427
v 0.02285021 0.08500897 -0.00999541
v 0.01598500 0.08500170 -0.01917714
v 0.00573449 0.08499759 -0.02431249
v 0.02095813 0.07925885 0.02886842
v 0.01828630 0.07306236 0.04135720
v 0.01539029 0.06986690 0.04405840
v 0.01645590 0.06999754 0.04482363
v 0.01699533 0.06949764 0.04618119
v 0.01359393 0.06899547 0.04404991
v 0.01299675 0.06806588 0.04506433
v 0.01386814 0.06739595 0.04662781
v 0.01499547 0.06756365 0.04722981
v 0.01717432 0.06489425 0.05255769
v 0.01831330 0.05509597 0.06048749
v 0.01457422 0.05293649 0.05939471
v 0.01640876 0.05290865 0.06021439
v 0.01326208 0.05167203 0.05934479
v 0.01301952 0.05040395 0.05965523
v 0.01374604 0.04924875 0.06017971
v 0.01499434 0.04904592 0.06065242
v 0.02109845 0.04544538 0.06378339
v 0.01662792 0.05043431 0.06101401
v 0.01699109 0.05176508 0.06084906
v 0.02445873 0.03797256 0.06369267
v 0.01643236 0.06849759 0.04713999
v 0.01918400 0.08490751 -0.01997146
v 0.02006806 0.08491953 -0.01913870
v 0.01902990 0.08455747 -0.01882846
v -0.01560537 0.02472865 0.05897874
v -0.01493076 0.02355992 0.05897975
v -0.01358012 0.02355992 0.05897987
v -0.01290539 0.02472865 0.05897897
v -0.01358012 0.02589738 0.05897808
v -0.01493076 0.02589738 0.05897791
v -0.01940051 0.06411349 0.05721111
v 0.01277609 -0.03863251 0.05764883
v -0.03100723 0.08843958 -0.01135944
v -0.02527619 0.08843171 -0.02128373
v -0.02368588 0.08998107 -0.02376197
v -0.01649642 0.08842581 -0.02864943
v -0.01281685 0.08997529 -0.03102277
v -0.00572701 0.08842265 -0.03256809
v 0.00000312 0.08997327 -0.03357166
v 0.00573312 0.08842265 -0.03256708
v 0.01282273 0.08997529 -0.03102047
v 0.01650195 0.08842575 -0.02864635
v 0.02369027 0.08998107 -0.02375752
v 0.02528022 0.08843165 -0.02127904
v 0.03095119 0.08998978 -0.01288862
v 0.03013267 0.09223074 -0.01254693
v 0.02306456 0.09222230 -0.02312974
v 0.01248429 0.09221669 -0.03020161
v 0.00000303 0.09221467 -0.03268585
v -0.01247863 0.09221669 -0.03020384
v -0.02306020 0.09222230 -0.02313401
v -0.03013021 0.09223074 -0.01255251
v -0.02765143 0.09448641 -0.01715253
v -0.01863117 0.09447878 -0.02670459
v -0.03215312 0.09449619 -0.00480966
v -0.00656600 0.09447455 -0.03190498
v 0.00657200 0.09447455 -0.03190374
v 0.01863609 0.09447878 -0.02670116
v 0.02765469 0.09448635 -0.01714749
v -0.02822094 0.08949255 0.02600366
v -0.02624486 0.09152829 0.02644265
v -0.02888994 0.08735817 0.02554364
v -0.02275757 0.08815819 0.03963811
v -0.01742593 0.08397686 0.05331505
v -0.01281657 0.07613849 0.06631417
v -0.00846913 0.06389248 0.07778507
v -0.00322952 0.04669559 0.08569079
v -0.00000780 0.02492856 0.08711725
v -0.03786537 0.01038467 0.06531461
v -0.03710685 0.00406146 0.06673522
v -0.03304204 0.01708990 0.07344116
v -0.03401485 0.02200889 0.07062382
v -0.03692188 0.01312571 0.06685670
v -0.03173962 0.03047245 0.06984664
v -0.02927133 0.03215426 0.07661325
v -0.03023031 0.03456187 0.07311404
v -0.02780076 0.04322254 0.07287956
v -0.02730926 0.04379767 0.07025779
v -0.02369365 0.05707287 0.06591309
v -0.03024724 0.03310936 0.06760252
v -0.02595785 0.04707396 0.07542855
v -0.02386924 0.05904597 0.06736792
v -0.02409884 0.05794245 0.06799931
v -0.02673432 0.04719430 0.07216949
v -0.03224250 0.02775079 0.07216311
v 0.02997946 0.08814507 0.00596761
v 0.02889479 0.08733898 0.01215391
v 0.02880580 0.08682858 0.01490580
v 0.02744872 0.08605176 0.01840614
v 0.02461286 0.08297114 0.02835941
v 0.02441190 0.08269501 0.02932291
v 0.02417341 0.08233788 0.03043461
v 0.02282158 0.07970375 0.03700791
v 0.02405936 0.08216047 0.03095762
v 0.02371467 0.08159619 0.03250935
v 0.02335698 0.08097740 0.03409343
v 0.02176346 0.07768499 0.04129140
v -0.00000564 -0.03470820 0.06099402
v 0.02405366 0.00909024 0.06779496
v 0.02417996 -0.00495899 0.06780617
v 0.02482768 -0.01027256 0.06458329
v -0.02418830 -0.00996619 0.06513817
v 0.01139577 0.08840304 0.04624432
v 0.01139452 0.08049899 0.05910151
v 0.01139351 0.06999707 0.06992918
v -0.01582653 0.05515223 0.06542665
v -0.01540658 0.05560680 0.06513685
v -0.01200578 0.05713927 0.06406248
v -0.01200513 0.06634879 0.05645895
v -0.01555614 0.07316807 0.04804561
v -0.01569042 0.07263350 0.04883284
v -0.02784406 0.08781239 0.00472210
v -0.02718245 0.08790633 0.00321252
v -0.02867096 0.08793798 0.00257299
v -0.02950644 0.08788359 0.00364716
v -0.01200744 0.04595863 0.08089226
v -0.01200684 0.05978298 0.07523108
v -0.01140728 0.05746847 0.07834751
v -0.01200643 0.06714946 0.07015378
v -0.01140651 0.06999707 0.06992710
v -0.01140550 0.08049899 0.05909943
v -0.01140425 0.08840310 0.04624217
v -0.01140776 0.04313105 0.08314729
v 0.01465422 0.04616272 0.07998432
v 0.01564672 0.04657435 0.08089374
v 0.01449254 0.04472243 0.07997404
v 0.00443378 0.08797804 -0.02761445
v 0.00265555 0.08797782 -0.02788400
v 0.00328078 0.08797660 -0.02939287
v -0.00271131 0.08797746 -0.02832639
v -0.00415910 0.08797660 -0.02939349
v -0.00415931 0.08797833 -0.02725964
v 0.00460653 0.08797675 -0.02920955
v -0.00496728 0.08797746 -0.02832669
v -0.01566174 0.04657435 0.08089089
v -0.01680384 0.08206576 0.05049009
v -0.02518358 0.04405462 0.07726181
v 0.01978852 0.07533669 0.05688320
v 0.02103300 0.08241558 0.04631893
v 0.02332938 0.08747786 0.03477894
v 0.02423633 0.08743327 0.03177689
v 0.02236857 0.08406138 0.04079841
v 0.02095576 0.08008199 0.04844849
v 0.02023073 0.07582747 0.05470173
v 0.02013917 0.07103198 0.06028526
v 0.02066227 0.06583416 0.06515138
v 0.02176436 0.06013244 0.06939487
v 0.02324584 0.05385291 0.07291488
v 0.02473887 0.04751735 0.07537168
v 0.02598044 0.04155761 0.07673346
v 0.02577597 0.08690798 0.02257018
v 0.02361334 0.09111255 0.02068810
v 0.00513496 0.08987158 0.04687868
v -0.00000433 0.09010499 0.04700404
v -0.00514368 0.08987158 0.04687786
v -0.02825677 0.09450507 0.00639201
v -0.02631205 0.09450447 0.00558669
v -0.02550631 0.09450286 0.00364227
v -0.02631175 0.09450137 0.00169761
v -0.02825611 0.09450066 0.00089214
v -0.03020101 0.09450447 0.00558634
v -0.03100645 0.09450286 0.00364174
v -0.03100574 0.09449696 -0.00379805
v -0.03020048 0.09449857 -0.00185345
v -0.03020071 0.09450137 0.00169725
v -0.02825593 0.09449917 -0.00104784
v -0.02631121 0.09449857 -0.00185310
v -0.02550584 0.09449696 -0.00379758
v -0.02631098 0.09449547 -0.00574218
v -0.02825558 0.09449476 -0.00654780
v -0.03020018 0.09449547 -0.00574254
v -0.01944376 0.09448611 -0.01752238
v -0.02085788 0.09448558 -0.01810835
v -0.02144349 0.09448450 -0.01952253
v -0.02085764 0.09448337 -0.02093683
v -0.01049549 0.09447908 -0.02623027
v -0.00990952 0.09447801 -0.02764445
v -0.00849528 0.09447759 -0.02822995
v -0.00708110 0.09447801 -0.02764415
v -0.00708140 0.09448027 -0.02481555
v 0.00708597 0.09448027 -0.02481430
v 0.00708627 0.09447801 -0.02764278
v 0.00850056 0.09447759 -0.02822846
v 0.00991468 0.09447801 -0.02764242
v 0.01050036 0.09447908 -0.02622830
v 0.00991445 0.09448027 -0.02481395
v 0.00850021 0.09448069 -0.02422857
v 0.01944737 0.09448289 -0.02151871
v 0.02086149 0.09448337 -0.02093298
v 0.02144717 0.09448450 -0.01951862
v 0.02086119 0.09448558 -0.01810444
v 0.01944683 0.09448605 -0.01751864
v 0.01803277 0.09448558 -0.01810480
v 0.01744716 0.09448450 -0.01951898
v 0.01803301 0.09448337 -0.02093328
v -0.00849564 0.09448069 -0.02423006
v -0.01944328 0.09448289 -0.02152233
v -0.00990976 0.09448027 -0.02481597
v -0.01802928 0.09448337 -0.02093641
v -0.01744342 0.09448450 -0.01952218
v -0.01802946 0.09448558 -0.01810800
v 0.03020018 0.09450447 0.00559198
v 0.02825558 0.09450507 0.00639729
v 0.02631098 0.09450447 0.00559162
v 0.02550590 0.09450286 0.00364702
v 0.02631127 0.09450137 0.00170254
v 0.02825599 0.09450066 0.00089736
v 0.02825617 0.09449917 -0.00104256
v 0.03020077 0.09449857 -0.00184781
v 0.03020048 0.09450137 0.00170289
v 0.03100657 0.09449696 -0.00379230
v 0.03020107 0.09449547 -0.00573690
v 0.02825677 0.09449476 -0.00654257
v 0.02631211 0.09449547 -0.00573725
v 0.02550661 0.09449696 -0.00379277
v 0.02631181 0.09449857 -0.00184817
v 0.03100579 0.09450286 0.00364755
v -0.03413784 0.11456400 0.00773336
v -0.03446786 0.11235500 0.00650276
v -0.03347830 0.11456600 0.01019508
v 0.03413790 0.11455200 -0.00791587
v 0.03446799 0.11234500 -0.00668175
v 0.03347849 0.11454991 -0.01037753
v 0.03344998 0.11665000 -0.00008979
v 0.03094052 0.11663995 -0.01280413
v 0.01279997 0.09826707 -0.00107634
v 0.01280009 0.09999835 -0.00207836
v 0.01279979 0.09826868 0.00092231
v -0.00100046 0.10174200 0.01271873
v -0.00200104 0.10001000 0.01272004
v 0.00099822 0.10174200 0.01271903
v 0.00100058 0.10172200 -0.01288086
v 0.00200116 0.09998977 -0.01287937
v -0.00099817 0.10172200 -0.01288104
v -0.01279991 0.09826868 0.00091995
v -0.01280003 0.10000200 0.00191904
v -0.01279973 0.09826707 -0.00107878
v 0.01222646 0.10350800 0.00981253
v 0.01541388 0.10350900 0.01066689
v 0.00989271 0.10351000 0.01214581
v 0.01980619 0.10348600 -0.01755167
v 0.01905783 0.10373899 -0.01397542
v 0.01747285 0.10348400 -0.01988537
v -0.00989502 0.10351000 0.01214396
v -0.01074933 0.10351200 0.01533138
v -0.01222825 0.10350800 0.00981021
v -0.01746917 0.10348400 -0.01988851
v -0.01389272 0.10373500 -0.01914041
v -0.01980287 0.10348600 -0.01755528
v -0.00300192 0.10401700 0.02171689
v 0.00299788 0.10401700 0.02171736
v -0.00300162 0.10401400 0.01794469
v 0.00300192 0.10398300 -0.02188247
v -0.00299788 0.10398300 -0.02188307
v 0.00300162 0.10398600 -0.01811027
v -0.00667551 -0.00586069 0.07852286
v -0.00667557 -0.00316119 0.07955229
v -0.00667539 -0.00851291 0.07743048
v 0.02780273 0.10350195 0.00194987
v 0.02656564 0.10350300 0.00318681
v 0.02680718 0.10300300 0.00325178
v 0.00326435 0.10352100 0.02648377
v 0.00202713 0.10352200 0.02772072
v 0.00226868 0.10302200 0.02778565
v -0.00414341 0.10302100 0.02660438
v -0.00541266 0.10352200 0.02772003
v -0.00517111 0.10302200 0.02778506
v -0.02870944 0.10350195 0.00194458
v -0.02994656 0.10350300 0.00318153
v -0.02970492 0.10300300 0.00324650
v 0.01566266 0.10992500 0.02782427
v 0.01612229 0.10787200 0.02784453
v 0.01459528 0.10787200 0.02782881
v 0.01500676 0.10967275 0.02798984
v 0.01459528 0.10891500 0.02782772
v -0.03186934 0.11000267 -0.00044787
v -0.03147244 0.10784900 -0.00140326
v -0.03181896 0.10964976 -0.00112957
v -0.03147244 0.10889200 -0.00140409
v -0.03186235 0.10973185 0.00080986
v -0.03147268 0.10889400 0.00122477
v -0.03147268 0.10785100 0.00122554
v 0.01677184 0.10964748 -0.02722620
v 0.01687716 0.10782900 -0.02668310
v 0.01687716 0.10887190 -0.02668381
v 0.01612739 0.10782800 -0.02801323
v 0.01676687 0.10969117 0.02705466
v 0.01687205 0.10891400 0.02651350
v 0.01687205 0.10787090 0.02651446
v 0.02606254 0.10912600 -0.01821480
v 0.02475138 0.11004350 -0.01996854
v 0.03016251 0.10980300 -0.01075960
v 0.02838175 0.11029600 -0.01375241
v 0.03071087 0.11030100 -0.00709433
v 0.03174737 0.11005950 -0.00008470
v 0.03016036 0.10982000 0.01059042
v 0.03070950 0.11031290 0.00692432
v 0.01964216 0.11028700 -0.02471364
v 0.00923811 0.10978800 -0.03071945
v 0.00283747 0.10957500 -0.03195604
v -0.00368072 0.10978700 -0.03186982
v -0.01004631 0.10957600 -0.03046387
v -0.00700648 0.11028300 -0.03079867
v -0.01366461 0.11028400 -0.02846956
v 0.00000344 0.11055350 -0.03158792
v 0.00701224 0.11028300 -0.03079736
v 0.00251000 0.10886800 -0.03148657
v -0.00998093 0.10886900 -0.02996355
v -0.02114590 0.10934534 -0.02387751
v -0.01599467 0.10979000 -0.02779727
v -0.01963753 0.11028700 -0.02471726
v -0.02462572 0.11029100 -0.01972996
v -0.02568031 0.10979700 -0.01917098
v -0.03092763 0.11005350 -0.00725441
v 0.02474764 0.11007544 0.01979785
v 0.02605912 0.10915500 0.01804577
v 0.03109735 0.10914550 0.00630416
v 0.03109860 0.10913550 -0.00647221
v 0.01963753 0.11032700 0.02454160
v 0.01366461 0.11033000 0.02829383
v 0.00923235 0.10983600 0.03054630
v 0.00700648 0.11033090 0.03062283
v 0.00283159 0.10962500 0.03178200
v -0.00000339 0.11060350 0.03141185
v -0.00368659 0.10983700 0.03169423
v -0.00701218 0.11033090 0.03062158
v -0.01005189 0.10962400 0.03028741
v -0.01964216 0.11032700 0.02453799
v -0.02128373 0.10961900 0.02380130
v -0.02462946 0.11032300 0.01954967
v -0.02568386 0.10982700 0.01899148
v -0.02869980 0.11007050 0.01348308
v -0.03092896 0.11006545 0.00707335
v 0.00250412 0.10891800 0.03131347
v -0.00998651 0.10891690 0.02978825
v -0.02088360 0.10891200 0.02349538
v -0.03314834 0.11235900 0.01142926
v -0.03413784 0.11014800 0.00773687
v -0.03347830 0.11014999 0.01019860
v 0.03314834 0.11234100 -0.01160813
v 0.03413790 0.11013600 -0.00791235
v 0.03347849 0.11013400 -0.01037396
v -0.02547837 0.11607280 0.02911556
v -0.01857881 0.11587600 0.03207845
v -0.02511953 0.11687300 0.02842016
v -0.01807867 0.11687500 0.03121198
v -0.01256246 0.11607895 0.03657425
v -0.01213990 0.11687900 0.03591543
v -0.01256234 0.10867921 0.03658007
v -0.01857881 0.10887600 0.03208405
v -0.01213990 0.10787900 0.03592258
v -0.01807867 0.10787500 0.03121895
v -0.02547842 0.10867301 0.02912156
v -0.02511953 0.10787300 0.02842737
v -0.02921269 0.10867020 0.02538644
v -0.03217517 0.10886500 0.01848466
v -0.02851783 0.10787000 0.02502835
v -0.03130899 0.10786400 0.01798565
v -0.03666899 0.10866001 0.01246909
v -0.03601073 0.10786000 0.01204742
v -0.03666891 0.11605980 0.01246312
v -0.03217517 0.11586500 0.01847905
v -0.03601073 0.11685999 0.01204014
v -0.03130899 0.11686400 0.01797838
v -0.02921282 0.11606995 0.02538061
v -0.02851783 0.11686999 0.02502120
v -0.03803404 0.11604381 -0.00755335
v -0.03715014 0.11584999 -0.00009653
v -0.03725296 0.11684390 -0.00759058
v -0.03615003 0.11685000 -0.00009713
v -0.03803557 0.11605600 0.00736138
v -0.03725433 0.11685600 0.00739749
v -0.03803547 0.10865618 0.00736730
v -0.03715014 0.10884999 -0.00009096
v -0.03725433 0.10785600 0.00740470
v -0.03615003 0.10785000 -0.00008996
v -0.03803417 0.10864400 -0.00754742
v -0.03725296 0.10784400 -0.00758342
v -0.02920789 0.11602961 -0.02557082
v -0.03217078 0.11583500 -0.01867108
v -0.02851326 0.11683000 -0.02521263
v -0.03130484 0.11683600 -0.01817165
v -0.03666667 0.11603999 -0.01265487
v -0.03600841 0.11684000 -0.01223300
v -0.03666656 0.10864021 -0.01264885
v -0.03217078 0.10883500 -0.01866548
v -0.03600841 0.10783999 -0.01222585
v -0.03130484 0.10783600 -0.01816456
v -0.02920802 0.10862979 -0.02556496
v -0.02851326 0.10783000 -0.02520548
v -0.01255550 0.11602080 -0.03676140
v -0.01857126 0.11582400 -0.03226744
v -0.01213331 0.11682100 -0.03610384
v -0.01807148 0.11682500 -0.03140204
v -0.02547298 0.11602680 -0.02930524
v -0.02511424 0.11682700 -0.02861093
v -0.02547294 0.10862701 -0.02929919
v -0.01857126 0.10882400 -0.03226183
v -0.02511424 0.10782700 -0.02860378
v -0.01807148 0.10782500 -0.03139476
v -0.01255561 0.10862100 -0.03675558
v -0.01213331 0.10782100 -0.03609668
v 0.00746096 0.11601980 -0.03812649
v 0.00000431 0.11582000 -0.03724235
v 0.00749753 0.11682000 -0.03734588
v 0.00000412 0.11682100 -0.03624314
v -0.00745379 0.11601999 -0.03812794
v -0.00749059 0.11682000 -0.03734731
v -0.00745383 0.10862018 -0.03812201
v 0.00000431 0.10882000 -0.03723680
v -0.00749059 0.10782000 -0.03734028
v 0.00000411 0.10782100 -0.03623598
v 0.00746094 0.10861997 -0.03812076
v 0.00749753 0.10782000 -0.03733885
v 0.02547840 0.11602660 -0.02930038
v 0.01857881 0.11582400 -0.03226305
v 0.02511971 0.11682700 -0.02860624
v 0.01807867 0.11682500 -0.03139800
v 0.01256246 0.11602099 -0.03675909
v 0.01213990 0.11682100 -0.03610152
v 0.01256236 0.10862121 -0.03675313
v 0.01857881 0.10882400 -0.03225744
v 0.01213990 0.10782100 -0.03609430
v 0.01807867 0.10782500 -0.03139079
v 0.02547844 0.10862681 -0.02929463
v 0.02511971 0.10782700 -0.02859903
v 0.02921275 0.10862999 -0.02555949
v 0.03217517 0.10883500 -0.01865799
v 0.02851789 0.10783000 -0.02520007
v 0.03130899 0.10783600 -0.01815743
v 0.03666906 0.10864000 -0.01264214
v 0.03601080 0.10783999 -0.01221914
v 0.03666897 0.11603980 -0.01264794
v 0.03217517 0.11583500 -0.01866359
v 0.03601080 0.11684000 -0.01222629
v 0.03130899 0.11683600 -0.01816452
v 0.02921287 0.11602980 -0.02556542
v 0.02851789 0.11683000 -0.02520735
v 0.03803406 0.11605574 0.00736850
v 0.03715020 0.11584999 -0.00008795
v 0.03725302 0.11685600 0.00740443
v 0.03615009 0.11685000 -0.00008895
v 0.03803560 0.11604400 -0.00754625
v 0.03725439 0.11684390 -0.00758363
v 0.03803550 0.10864420 -0.00754040
v 0.03715020 0.10884999 -0.00008238
v 0.03725439 0.10784390 -0.00757648
v 0.03615009 0.10785000 -0.00008178
v 0.03803419 0.10865597 0.00737435
v 0.03725296 0.10785600 0.00741158
v 0.02920800 0.11606974 0.02538601
v 0.03217090 0.11586490 0.01848648
v 0.02851332 0.11686999 0.02502649
v 0.03130490 0.11686400 0.01798557
v 0.03666678 0.11606000 0.01247002
v 0.03600847 0.11685999 0.01204692
v 0.03666667 0.10866018 0.01247581
v 0.03217090 0.10886500 0.01849215
v 0.03600847 0.10786000 0.01205413
v 0.03130490 0.10786400 0.01799278
v 0.02920816 0.10867000 0.02539191
v 0.02851332 0.10787000 0.02503376
v 0.01255552 0.11607875 0.03657655
v 0.01857126 0.11587600 0.03208290
v 0.01213331 0.11687900 0.03591762
v 0.01807154 0.11687490 0.03121589
v 0.02547302 0.11607300 0.02912037
v 0.02511430 0.11687300 0.02842478
v 0.02547297 0.10867319 0.02912619
v 0.01857126 0.10887590 0.03208838
v 0.02511430 0.10787300 0.02843200
v 0.01807154 0.10787490 0.03122310
v 0.01255564 0.10867901 0.03658256
v 0.01213331 0.10787900 0.03592491
v -0.00746091 0.11607980 0.03794165
v -0.00000426 0.11588000 0.03705775
v -0.00749753 0.11687990 0.03715986
v -0.00000406 0.11687900 0.03605699
v 0.00745386 0.11608000 0.03794318
v 0.00749059 0.11687990 0.03716129
v 0.00745390 0.10868020 0.03794892
v -0.00000426 0.10888000 0.03706336
v 0.00749059 0.10787990 0.03716844
v -0.00000406 0.10787900 0.03606414
v -0.00746088 0.10868000 0.03794768
v -0.00749753 0.10787990 0.03716701
v -0.02873291 0.10915150 0.01341457
v -0.02844881 0.10786100 0.01343799
v -0.02088504 0.10786900 0.02349496
v -0.00998758 0.10787400 0.02978879
v 0.00250382 0.10787500 0.03131431
v 0.02593875 0.10786400 0.01778637
v 0.03086435 0.10785500 0.00620787
v 0.03086555 0.10784500 -0.00637389
v 0.02594219 0.10783600 -0.01795334
v 0.00250970 0.10782500 -0.03148561
v -0.00998200 0.10782600 -0.02996236
v -0.02088053 0.10783100 -0.02367066
v 0.02687137 0.10782900 -0.02695460
v 0.03670591 0.10784200 -0.00991805
v 0.03670388 0.10785800 0.00975387
v 0.02686710 0.10787090 0.02678709
v -0.02687196 0.10787100 0.02678198
v -0.03670567 0.10785800 0.00974710
v -0.03670418 0.10784200 -0.00992469
v -0.02686626 0.10782900 -0.02695958
v 0.00983785 0.10782100 -0.03679025
v -0.00983085 0.10782100 -0.03679202
v 0.02757977 0.10882800 -0.02766121
v 0.03757502 0.10937531 -0.01015259
v 0.03767020 0.10885790 0.01001059
v 0.02757502 0.10887190 0.02749269
v 0.00983061 0.10787900 0.03662103
v 0.01008321 0.10887900 0.03758704
v -0.00983731 0.10787900 0.03661918
v -0.01009022 0.10887900 0.03758525
v -0.02757995 0.10887190 0.02748746
v -0.03757566 0.10939134 0.00997610
v -0.03767007 0.10884200 -0.01018408
v -0.02757442 0.10882800 -0.02766632
v -0.01009030 0.10882000 -0.03775858
v 0.01009736 0.10882000 -0.03775674
v -0.03757558 0.11532467 0.00997189
v -0.03670567 0.11685800 0.00973995
v 0.03757546 0.11530864 -0.01015601
v 0.03670591 0.11684200 -0.00992520
v 0.01009736 0.11582000 -0.03776234
v 0.00983785 0.11682100 -0.03679734
v -0.01009030 0.11582000 -0.03776425
v -0.00983085 0.11682100 -0.03679924
v -0.02757442 0.11582800 -0.02767198
v -0.02686626 0.11682900 -0.02696668
v -0.03767007 0.11584200 -0.01018963
v -0.03670418 0.11684200 -0.00993191
v -0.02757995 0.11587200 0.02748192
v -0.02687196 0.11687090 0.02677501
v -0.01009022 0.11588100 0.03757972
v -0.00983731 0.11687900 0.03661203
v 0.01008321 0.11588100 0.03758162
v 0.00983061 0.11687900 0.03661400
v 0.02757502 0.11587200 0.02748702
v 0.02686710 0.11687090 0.02677988
v 0.03767020 0.11585800 0.01000497
v 0.03670388 0.11685800 0.00974672
v 0.02757977 0.11582800 -0.02766681
v 0.02687137 0.11682900 -0.02696163
v -0.03344998 0.11665000 -0.00009597
v -0.03094049 0.11666000 0.01261831
v -0.02369197 0.11666900 0.02352032
v -0.01282830 0.11667450 0.03079918
v -0.00000405 0.11667645 0.03335687
v 0.01282082 0.11667445 0.03080230
v 0.02368623 0.11666900 0.02352609
v 0.03093728 0.11666000 0.01262612
v 0.02369200 0.11663095 -0.02370599
v 0.01282839 0.11662550 -0.03098497
v 0.00000410 0.11662300 -0.03354257
v -0.01282073 0.11662550 -0.03098812
v -0.02368617 0.11663095 -0.02371179
v -0.03093725 0.11663995 -0.01281197
v 0.01279968 0.10000200 0.00192147
v 0.01279997 0.10173100 -0.00107909
v 0.01279979 0.10173300 0.00091956
v 0.00199867 0.10001000 0.01272052
v -0.00100046 0.09827810 0.01272153
v 0.00099822 0.09827810 0.01272165
v -0.00199867 0.09998977 -0.01287966
v 0.00100058 0.09825766 -0.01287806
v -0.00099817 0.09825766 -0.01287811
v -0.01279968 0.09999835 -0.00208079
v -0.01279991 0.10173300 0.00091719
v -0.01279973 0.10173100 -0.00108152
v 0.01074648 0.10351200 0.01533341
v 0.01905531 0.10376095 0.01381372
v 0.01389277 0.10376500 0.01897516
v 0.01980287 0.10351400 0.01739041
v 0.01746917 0.10351600 0.01972376
v 0.01389636 0.10373500 -0.01913789
v 0.01541584 0.10349100 -0.01082898
v 0.01074933 0.10348800 -0.01549619
v 0.01222831 0.10349200 -0.00997508
v 0.00989502 0.10348990 -0.01230883
v -0.01541572 0.10350900 0.01066405
v -0.01389630 0.10376500 0.01897258
v -0.01905774 0.10376095 0.01381010
v -0.01747285 0.10351600 0.01972062
v -0.01980607 0.10351400 0.01738674
v -0.01905522 0.10373899 -0.01397895
v -0.01074642 0.10348800 -0.01549828
v -0.01541389 0.10349100 -0.01083176
v -0.00989271 0.10348990 -0.01231068
v -0.01222646 0.10349200 -0.00997745
v 0.00720973 0.10402300 0.02834337
v 0.00411109 0.10401990 0.02537876
v 0.00838346 0.10402400 0.03028100
v 0.00819970 0.10402300 0.02875345
v 0.01053319 0.10402200 0.02756592
v 0.00918968 0.10402300 0.02834361
v 0.01180620 0.10402200 0.02743893
v 0.01066059 0.10402100 0.02629321
v 0.01300810 0.10402250 0.02806120
v 0.01003850 0.10401990 0.02509098
v -0.00356805 0.10401300 0.01618999
v 0.01301329 0.10397750 -0.02822438
v 0.01181124 0.10397800 -0.02760237
v 0.02814396 0.10398950 -0.01309086
v 0.02752166 0.10399100 -0.01188899
v 0.01053835 0.10397800 -0.02772963
v 0.02764883 0.10399150 -0.01061601
v -0.01300804 0.10397750 -0.02822679
v -0.02814159 0.10398950 -0.01309611
v -0.01003841 0.10398000 -0.02525672
v -0.01066047 0.10397900 -0.02645874
v -0.01180608 0.10397800 -0.02760452
v -0.01053313 0.10397800 -0.02773162
v -0.00918968 0.10397700 -0.02850925
v -0.00819964 0.10397700 -0.02891916
v -0.00838340 0.10397600 -0.03044652
v -0.00720973 0.10397700 -0.02850914
v -0.00365693 0.10397966 -0.02539058
v -0.01350368 0.10398300 -0.02136795
v -0.01394302 0.10398390 -0.02030735
v -0.00966007 0.10398800 -0.01540195
v -0.02022183 0.10398900 -0.01402973
v -0.00602618 0.10398800 -0.01490041
v -0.00505114 0.10398800 -0.01526457
v -0.00356508 0.10398700 -0.01635617
v 0.01156067 0.10399900 -0.00114233
v 0.01627278 0.10400300 0.00348526
v 0.01194846 0.10400000 0.00030690
v 0.01506412 0.10400450 0.00529768
v 0.01088839 0.10400100 0.00136673
v 0.00943923 0.10400100 0.00097872
v 0.01468551 0.10400500 0.00626814
v 0.01531744 0.10400800 0.00958007
v 0.00905144 0.10400000 -0.00047057
v -0.02128256 0.10398900 -0.01359044
v -0.02517196 0.10399200 -0.01012601
v -0.02751958 0.10399100 -0.01189403
v -0.02637404 0.10399100 -0.01074837
v -0.02764675 0.10399150 -0.01062114
v -0.03036212 0.10399290 -0.00847189
v -0.02842468 0.10399290 -0.00927781
v -0.02883476 0.10399290 -0.00828789
v -0.02842485 0.10399400 -0.00729786
v -0.02546075 0.10399650 -0.00419863
v -0.02701807 0.10399600 -0.00504272
v -0.02499955 0.10399800 -0.00283634
v -0.02656543 0.10399700 -0.00335227
v -0.02780270 0.10349800 -0.00211476
v -0.02509534 0.10400245 0.00314433
v -0.02949339 0.10349800 -0.00256767
v -0.03149998 0.10400000 -0.00008572
v -0.02994596 0.10399700 -0.00425844
v -0.02870845 0.10399600 -0.00549577
v -0.01301326 0.10402250 0.02805880
v -0.01181106 0.10402200 0.02743679
v -0.02814393 0.10401045 0.01292525
v -0.02752166 0.10400900 0.01172323
v -0.01053832 0.10402200 0.02756396
v -0.02764877 0.10400850 0.01045034
v 0.02814162 0.10401045 0.01293046
v 0.01350368 0.10401700 0.02120220
v 0.01394308 0.10401600 0.02014177
v 0.00966007 0.10401200 0.01523643
v 0.02022189 0.10401090 0.01386403
v 0.00602624 0.10401200 0.01473474
v 0.00505114 0.10401200 0.01509886
v 0.00356508 0.10401300 0.01619046
v -0.01156061 0.10400100 0.00097678
v -0.01627278 0.10399700 -0.00365096
v -0.01194846 0.10400000 -0.00047251
v -0.01506409 0.10399550 -0.00546332
v -0.01088833 0.10399900 -0.00153237
v -0.00943917 0.10399900 -0.00114429
v -0.01468545 0.10399500 -0.00643378
v -0.01531744 0.10399200 -0.00974577
v -0.01011145 0.10400100 0.00136471
v 0.02128267 0.10401090 0.01342480
v 0.02517202 0.10400800 0.00996031
v 0.02751958 0.10400900 0.01172833
v 0.02637410 0.10400800 0.01058261
v 0.02764684 0.10400850 0.01045553
v 0.03036218 0.10400700 0.00830625
v 0.02842479 0.10400700 0.00911211
v 0.02883476 0.10400590 0.00812219
v 0.02842485 0.10400590 0.00713222
v 0.02546090 0.10400350 0.00403296
v 0.02701818 0.10400400 0.00487702
v 0.02499967 0.10400190 0.00267070
v 0.02509549 0.10399750 -0.00331000
v 0.02949339 0.10350195 0.00240280
v 0.03149986 0.10400000 -0.00007912
v 0.02994588 0.10350300 0.00409343
v 0.02870845 0.10400400 0.00533013
v -0.02128498 0.10401090 0.01342083
v -0.02517381 0.10400800 0.00995559
v -0.01350765 0.10401700 0.02119976
v -0.01394694 0.10401600 0.02013903
v -0.02022456 0.10401090 0.01386029
v -0.00966292 0.10401200 0.01523458
v -0.01531916 0.10400800 0.00957722
v -0.00602903 0.10401200 0.01473373
v -0.01481753 0.10400500 0.00594336
v -0.00505399 0.10401200 0.01509785
v -0.01518172 0.10400400 0.00496829
v -0.01627326 0.10400300 0.00348223
v -0.02179968 0.10399800 -0.00308477
v -0.01802748 0.10399800 -0.00308441
v 0.00299830 0.10401400 0.01794523
v -0.01802808 0.10400190 0.00291539
v -0.02180022 0.10400190 0.00291503
v -0.01004313 0.10401990 0.02508917
v -0.02637594 0.10400800 0.01057768
v -0.01066540 0.10402100 0.02629131
v 0.00356817 0.10398700 -0.01635557
v 0.02128517 0.10398900 -0.01358647
v 0.02517387 0.10399200 -0.01012129
v 0.01350765 0.10398300 -0.02136547
v 0.01394700 0.10398390 -0.02030463
v 0.02022456 0.10398900 -0.01402593
v 0.00966298 0.10398800 -0.01540029
v 0.01531916 0.10399200 -0.00974286
v 0.00602903 0.10398800 -0.01489931
v 0.01481759 0.10399500 -0.00610906
v 0.00505399 0.10398800 -0.01526343
v 0.01518172 0.10399600 -0.00513393
v 0.01627326 0.10399700 -0.00364787
v 0.02179968 0.10400190 0.00291913
v 0.01802748 0.10400190 0.00291877
v -0.00299818 0.10398600 -0.01811087
v 0.01802808 0.10399800 -0.00308103
v 0.02180022 0.10399800 -0.00308067
v 0.01004319 0.10398000 -0.02525481
v 0.02637594 0.10399100 -0.01074332
v 0.01066552 0.10397900 -0.02645689
v 0.01300810 0.09602233 0.02806755
v 0.01180620 0.09602189 0.02744519
v 0.01053319 0.09602198 0.02757233
v 0.00838346 0.09602409 0.03028732
v -0.00000147 0.10402500 0.03141701
v 0.00207205 0.10002490 0.03135210
v 0.00103755 0.09822970 0.03140461
v -0.00000147 0.09602499 0.03142333
v -0.00103603 0.09822535 0.03140461
v -0.00207786 0.10002490 0.03135174
v 0.00103481 0.10182200 0.03140181
v -0.00104110 0.10182200 0.03140163
v -0.00838910 0.10402400 0.03027933
v -0.00838910 0.09602409 0.03028577
v -0.01053832 0.09602198 0.02757040
v -0.01181106 0.09602189 0.02744317
v -0.01301326 0.09602233 0.02806512
v -0.02814393 0.09601035 0.01293159
v -0.02752166 0.09600937 0.01172954
v -0.02764877 0.09600833 0.01045672
v -0.03036379 0.09600657 0.00830693
v -0.03036379 0.10400700 0.00830055
v -0.03143173 0.10000200 0.00199236
v -0.03148293 0.09820389 0.00095667
v -0.03149998 0.09600001 -0.00007933
v -0.03148263 0.09820246 -0.00111936
v -0.03143125 0.09999829 -0.00215750
v -0.03148293 0.10179790 0.00095435
v -0.03148263 0.10179600 -0.00112169
v -0.03036212 0.09599328 -0.00846552
v -0.02764675 0.09599158 -0.01061479
v -0.02751958 0.09599059 -0.01188754
v -0.02814159 0.09598958 -0.01308973
v -0.01300804 0.09597751 -0.02822046
v -0.02517196 0.09599194 -0.01011958
v -0.02637404 0.09599149 -0.01074181
v -0.02842468 0.09599268 -0.00927143
v -0.02883476 0.09599339 -0.00828152
v -0.02499955 0.09599781 -0.00282996
v -0.02500015 0.09600216 0.00267238
v -0.02883636 0.09600651 0.00812317
v -0.02842640 0.09600728 0.00911320
v -0.00919496 0.09602260 0.02834826
v -0.00820505 0.09602290 0.02875834
v -0.00721501 0.09602260 0.02834844
v -0.00411575 0.09602022 0.02538434
v -0.00275349 0.09601986 0.02492320
v 0.00322721 0.09601992 0.02501892
v 0.00451661 0.09602046 0.02565616
v 0.00720973 0.09602260 0.02834981
v 0.00819970 0.09602290 0.02875989
v 0.00918968 0.09602260 0.02834999
v 0.01066059 0.09602099 0.02629953
v 0.01003850 0.09601998 0.02509742
v 0.01350368 0.09601688 0.02120869
v 0.01394308 0.09601610 0.02014796
v 0.01389277 0.09601512 0.01898136
v 0.01074648 0.09601217 0.01533931
v 0.00666368 0.09600895 0.01122725
v 0.00623715 0.09600770 0.00963300
v 0.00989277 0.09600967 0.01215243
v 0.00565624 0.09600448 0.00558084
v 0.01222699 0.09600776 0.00981855
v 0.00970835 0.09600490 0.00616252
v 0.01130259 0.09600526 0.00658941
v 0.01541388 0.09600847 0.01067291
v 0.01246857 0.09600436 0.00542348
v 0.01531744 0.09600770 0.00958645
v 0.01449251 0.09600639 0.00802761
v 0.01204186 0.09600305 0.00382930
v 0.01481634 0.09600472 0.00595295
v 0.01905531 0.09601098 0.01381983
v 0.01980275 0.09601390 0.01739590
v 0.02022189 0.09601110 0.01387040
v 0.02128267 0.09601068 0.01343118
v 0.02517202 0.09600791 0.00996669
v 0.01746870 0.09601569 0.01972966
v 0.02814162 0.09601029 0.01293681
v 0.02637410 0.09600847 0.01058899
v 0.02751958 0.09600937 0.01173471
v 0.02764684 0.09600833 0.01046195
v 0.02842479 0.09600728 0.00911849
v 0.02883476 0.09600645 0.00812857
v 0.03036218 0.09600657 0.00831257
v 0.02499967 0.09600216 0.00267701
v 0.03149986 0.09599995 -0.00007275
v 0.02500027 0.09599781 -0.00282533
v 0.02883636 0.09599339 -0.00827612
v 0.03036385 0.09599328 -0.00845988
v 0.02764883 0.09599158 -0.01060970
v 0.02842652 0.09599268 -0.00926609
v 0.01053835 0.09597793 -0.02772319
v 0.00838910 0.09597575 -0.03043878
v 0.00919502 0.09597730 -0.02850127
v 0.00820510 0.09597700 -0.02891135
v 0.00721513 0.09597730 -0.02850145
v 0.00411581 0.09597966 -0.02553719
v 0.00000375 0.09597486 -0.03157621
v 0.00275349 0.09598010 -0.02507615
v -0.00322715 0.09597998 -0.02517184
v -0.00838340 0.09597575 -0.03044027
v -0.00451649 0.09597945 -0.02580899
v -0.00720973 0.09597730 -0.02850276
v -0.00819964 0.09597700 -0.02891284
v -0.00918968 0.09597730 -0.02850294
v -0.01053313 0.09597793 -0.02772521
v -0.01066047 0.09597897 -0.02645248
v -0.01180608 0.09597808 -0.02759814
v -0.01003841 0.09597995 -0.02525024
v -0.01350368 0.09598296 -0.02136146
v -0.01394302 0.09598386 -0.02030098
v -0.01389272 0.09598478 -0.01913425
v -0.01074642 0.09598767 -0.01549226
v -0.00666368 0.09599095 -0.01138025
v -0.00623715 0.09599220 -0.00978595
v -0.00989271 0.09599018 -0.01230525
v -0.00565624 0.09599548 -0.00573379
v -0.01222693 0.09599208 -0.00997149
v -0.00970829 0.09599500 -0.00631547
v -0.01130253 0.09599471 -0.00674235
v -0.01541389 0.09599137 -0.01082586
v -0.01246851 0.09599560 -0.00557643
v -0.01531744 0.09599226 -0.00973939
v -0.01449233 0.09599345 -0.00818055
v -0.01204186 0.09599685 -0.00398218
v -0.01481628 0.09599512 -0.00610589
v -0.01905522 0.09598887 -0.01397265
v -0.01980275 0.09598606 -0.01754867
v -0.02022183 0.09598886 -0.01402335
v -0.02128256 0.09598916 -0.01358406
v -0.01746870 0.09598416 -0.01988249
v -0.00799996 0.09599995 -0.00007718
v -0.00928170 0.09599626 -0.00472122
v -0.01044780 0.09599715 -0.00355535
v -0.00464297 0.09599256 -0.00935906
v -0.00347686 0.09599155 -0.01052486
v 0.00000076 0.09599357 -0.00807643
v -0.00390339 0.09599035 -0.01211917
v -0.00602657 0.09598818 -0.01489388
v -0.00549764 0.09598999 -0.01254606
v -0.00810135 0.09598839 -0.01457035
v -0.00966007 0.09598779 -0.01539564
v 0.01181124 0.09597808 -0.02759593
v 0.02752166 0.09599059 -0.01188249
v 0.01301329 0.09597751 -0.02821797
v 0.02814396 0.09598958 -0.01308448
v 0.00800002 0.09599995 -0.00007570
v 0.00928182 0.09600365 0.00456827
v 0.01044780 0.09600269 0.00340241
v 0.00464303 0.09600740 0.00920611
v 0.00347686 0.09600830 0.01037210
v -0.00000072 0.09600627 0.00792348
v 0.00390351 0.09600955 0.01196616
v 0.00602663 0.09601178 0.01474100
v 0.00549764 0.09600991 0.01239323
v 0.00810141 0.09601145 0.01441735
v 0.00966007 0.09601217 0.01524269
v 0.00000375 0.10397490 -0.03158265
v -0.00207193 0.09997487 -0.03151130
v -0.00103529 0.09817826 -0.03156113
v 0.00104068 0.09817796 -0.03156089
v 0.00207786 0.09997487 -0.03151082
v -0.00103469 0.10177200 -0.03156393
v 0.00104116 0.10177200 -0.03156381
v 0.00838910 0.10397600 -0.03044497
v 0.03036385 0.10399290 -0.00846625
v 0.03143179 0.09999829 -0.00215162
v 0.03148299 0.09820216 -0.00111295
v 0.03148269 0.09820419 0.00096303
v 0.03143125 0.10000190 0.00199817
v 0.03148311 0.10179900 -0.00111134
v 0.03148257 0.10179700 0.00096202
v 0.02517387 0.09599194 -0.01011495
v 0.02637594 0.09599149 -0.01073701
v 0.02842652 0.10399290 -0.00927247
v 0.02883636 0.10399290 -0.00828249
v 0.02842628 0.10399400 -0.00729258
v 0.02614926 0.10399650 -0.00442631
v 0.02500021 0.09999829 -0.00215221
v 0.02500009 0.10179600 -0.00111617
v 0.02499979 0.10179790 0.00095876
v 0.02499967 0.10000190 0.00199758
v 0.02499979 0.09820377 0.00096162
v 0.02500009 0.09820210 -0.00111330
v 0.02180022 0.09599757 -0.00307436
v 0.01802808 0.09599757 -0.00307465
v 0.01627326 0.09599709 -0.00364149
v 0.01506495 0.09599563 -0.00545452
v 0.01468670 0.09599488 -0.00642467
v 0.01449400 0.09599345 -0.00817782
v 0.01531916 0.09599226 -0.00973648
v 0.01905783 0.09598887 -0.01396934
v 0.02022456 0.09598886 -0.01401955
v 0.01992695 0.09861385 -0.01399196
v 0.02040350 0.09764057 -0.01401026
v 0.02128517 0.09598916 -0.01358009
v 0.02141695 0.09700765 -0.01344904
v 0.02328252 0.09699076 -0.01158315
v 0.02409487 0.09746748 -0.01077104
v 0.02443140 0.09861665 -0.01043529
v 0.02443140 0.10136690 -0.01043743
v 0.02409487 0.10251500 -0.01077498
v 0.02328252 0.10299100 -0.01158804
v 0.02141695 0.10297067 -0.01345381
v 0.02040594 0.10234000 -0.01401353
v 0.01992695 0.10136400 -0.01399410
v 0.02179968 0.09600239 0.00292551
v 0.01802748 0.09600239 0.00292515
v 0.01627278 0.09600275 0.00349163
v 0.01518064 0.09600400 0.00497752
v 0.01992441 0.10138600 0.01383631
v 0.02040417 0.10236290 0.01385431
v 0.02141452 0.10299267 0.01329379
v 0.02328038 0.10300900 0.01142822
v 0.02409297 0.10253200 0.01061623
v 0.02442950 0.10138300 0.01028047
v 0.02442950 0.09863317 0.01028268
v 0.02409297 0.09748446 0.01062022
v 0.02328038 0.09700906 0.01143299
v 0.02141452 0.09702896 0.01329852
v 0.02039975 0.09766376 0.01385848
v 0.01992441 0.09863609 0.01383845
v 0.00299788 0.09601730 0.02172368
v 0.00299830 0.09601426 0.01795148
v 0.00356508 0.09601289 0.01619690
v 0.00505114 0.09601205 0.01510518
v 0.01391352 0.09864079 0.01984833
v 0.01393235 0.09766787 0.02032566
v 0.01337179 0.09703536 0.02133968
v 0.01150591 0.09701848 0.02320528
v 0.01069350 0.09749519 0.02401739
v 0.01035673 0.09864437 0.02435284
v 0.01035673 0.10139390 0.02435070
v 0.01069350 0.10254290 0.02401328
v 0.01150609 0.10301890 0.02320051
v 0.01337179 0.10299867 0.02133494
v 0.01393205 0.10236700 0.02032433
v 0.01391352 0.10139100 0.01984625
v -0.00300192 0.09601730 0.02172327
v -0.00300162 0.09601426 0.01795107
v -0.00356805 0.09601289 0.01619631
v -0.00538089 0.09601196 0.01498750
v -0.00635099 0.09601169 0.01460897
v -0.00810414 0.09601145 0.01441586
v -0.00966292 0.09601217 0.01524096
v -0.01389630 0.09601512 0.01897871
v -0.01391695 0.10139100 0.01984357
v -0.01393585 0.10236790 0.02032269
v -0.01337577 0.10299867 0.02133240
v -0.01151024 0.10301890 0.02319824
v -0.01069783 0.10254290 0.02401137
v -0.01036136 0.10139390 0.02434867
v -0.01004313 0.09601998 0.02509546
v -0.01036136 0.09864437 0.02435100
v -0.01069783 0.09749519 0.02401524
v -0.01151036 0.09701848 0.02320319
v -0.01337577 0.09703536 0.02133717
v -0.01350765 0.09601688 0.02120621
v -0.01394694 0.09601610 0.02014548
v -0.01393633 0.09766888 0.02032209
v -0.01391695 0.09864079 0.01984591
v -0.02179968 0.09599757 -0.00307839
v -0.01627326 0.09600275 0.00348861
v -0.01802808 0.09600239 0.00292177
v -0.02180022 0.09600239 0.00292141
v -0.01506492 0.09600424 0.00530163
v -0.01468664 0.09600496 0.00627172
v -0.01066540 0.09602099 0.02629756
v -0.00919496 0.10402300 0.02834188
v -0.00820505 0.10402300 0.02875196
v -0.00721501 0.10402300 0.02834206
v -0.00413560 0.10402028 0.02574621
v -0.00275349 0.10401990 0.02491676
v -0.00207727 0.10002000 0.02492010
v -0.00103973 0.09822285 0.02492159
v 0.00103510 0.09822285 0.02492189
v 0.00207264 0.10002000 0.02492058
v -0.00103973 0.10181700 0.02491873
v 0.00103510 0.10181700 0.02491897
v 0.00274886 0.10401990 0.02491736
v -0.01747219 0.09601569 0.01972628
v -0.01980601 0.09601390 0.01739204
v -0.02637594 0.09600847 0.01058406
v -0.02517381 0.09600791 0.00996197
v -0.02128498 0.09601068 0.01342714
v -0.02022456 0.09601110 0.01386679
v -0.01905774 0.09601098 0.01381633
v -0.01531916 0.09600770 0.00958354
v -0.01541572 0.09600847 0.01066995
v -0.01449388 0.09600639 0.00802488
v -0.01222878 0.09600776 0.00981623
v -0.00989508 0.09600967 0.01215046
v -0.01074933 0.09601217 0.01533734
v 0.01004319 0.09597995 -0.02524847
v 0.01066552 0.09597897 -0.02645039
v 0.00919502 0.10397700 -0.02850759
v 0.00820510 0.10397700 -0.02891767
v 0.00721513 0.10397700 -0.02850764
v 0.00413564 0.10397933 -0.02591183
v 0.00275349 0.10398000 -0.02508246
v 0.00207727 0.09998005 -0.02507925
v 0.00103979 0.09818309 -0.02507793
v -0.00103510 0.09818309 -0.02507823
v -0.00207252 0.09998005 -0.02507972
v 0.00103979 0.10177700 -0.02508085
v -0.00103510 0.10177700 -0.02508097
v 0.01350765 0.09598296 -0.02135902
v 0.01747219 0.09598416 -0.01987929
v 0.01980601 0.09598606 -0.01754499
v 0.01541584 0.09599137 -0.01082296
v 0.01222884 0.09599208 -0.00996918
v 0.00989508 0.09599018 -0.01230347
v 0.00602942 0.09598818 -0.01489266
v 0.00810414 0.09598839 -0.01456880
v 0.00966298 0.09598779 -0.01539385
v 0.01074933 0.09598767 -0.01549023
v 0.01389636 0.09598478 -0.01913163
v 0.01394700 0.09598386 -0.02029837
v 0.00505399 0.09598785 -0.01525712
v 0.00356817 0.09598696 -0.01634919
v -0.00299788 0.09598255 -0.02187669
v 0.00300162 0.09598559 -0.01810389
v 0.00300192 0.09598255 -0.02187615
v -0.00299818 0.09598559 -0.01810449
v -0.00356508 0.09598696 -0.01634985
v -0.00505114 0.09598785 -0.01525819
v -0.01391328 0.09860908 -0.02000545
v -0.01393235 0.09763538 -0.02048104
v -0.01337175 0.09700125 -0.02149418
v -0.01150591 0.09698140 -0.02335977
v -0.01069344 0.09745675 -0.02417254
v -0.01035673 0.09860545 -0.02450996
v -0.01035673 0.10135600 -0.02451217
v -0.01069344 0.10250500 -0.02417659
v -0.01150591 0.10298100 -0.02336454
v -0.01337175 0.10296463 -0.02149893
v -0.01393205 0.10233500 -0.02048747
v -0.01391328 0.10135900 -0.02000760
v 0.01391713 0.10135900 -0.02000499
v 0.01393585 0.10233600 -0.02048553
v 0.01337581 0.10296463 -0.02149646
v 0.01151036 0.10298100 -0.02336227
v 0.01069789 0.10250500 -0.02417457
v 0.01036136 0.10135600 -0.02451026
v 0.01036136 0.09860545 -0.02450793
v 0.01069789 0.09745675 -0.02417051
v 0.01151036 0.09698140 -0.02335757
v 0.01337581 0.09700125 -0.02149171
v 0.01393639 0.09763640 -0.02047766
v 0.01391713 0.09860908 -0.02000285
v -0.01992695 0.09863609 0.01383478
v -0.02040343 0.09766280 0.01385457
v -0.02141687 0.09702896 0.01329452
v -0.02328252 0.09700906 0.01142866
v -0.02409482 0.09748446 0.01061565
v -0.02443140 0.09863317 0.01027817
v -0.02443140 0.10138300 0.01027596
v -0.02409482 0.10253200 0.01061166
v -0.02328252 0.10300900 0.01142389
v -0.02141687 0.10299267 0.01328974
v -0.02040587 0.10236200 0.01385057
v -0.01992695 0.10138600 0.01383257
v -0.01802748 0.09599757 -0.00307810
v -0.01627278 0.09599709 -0.00364458
v -0.01518064 0.09599590 -0.00513046
v -0.01992435 0.10136400 -0.01399784
v -0.02040417 0.10234090 -0.01401733
v -0.02141446 0.10297067 -0.01345778
v -0.02328038 0.10299100 -0.01159231
v -0.02409297 0.10251500 -0.01077949
v -0.02442944 0.10136690 -0.01044200
v -0.02442944 0.09861665 -0.01043986
v -0.02409297 0.09746748 -0.01077543
v -0.02328038 0.09699076 -0.01158755
v -0.02141446 0.09700765 -0.01345304
v -0.02039975 0.09764158 -0.01401405
v -0.01992435 0.09861391 -0.01399563
v -0.02499961 0.09999829 -0.00215690
v -0.02499973 0.09820210 -0.00111793
v -0.02500003 0.09820377 0.00095700
v -0.02500015 0.10000200 0.00199289
v -0.02499973 0.10179600 -0.00112086
v -0.02500003 0.10179790 0.00095413
v -0.02614923 0.10400350 0.00426061
v -0.02842622 0.10400600 0.00712694
v -0.02883636 0.10400600 0.00811679
v -0.02842640 0.10400700 0.00910683
v 0.01672061 -0.01150867 0.07395919
v 0.01703791 -0.01035102 0.07440123
v 0.01650007 -0.00952281 0.07495075
v 0.01357206 -0.00954026 0.07575534
v 0.01455330 -0.00922224 0.07564484
v 0.01282450 -0.00890368 0.07621424
v 0.01357206 -0.01049846 0.07532154
v 0.01332303 -0.01185955 0.07474446
v 0.01712361 -0.01488687 0.07213803
v 0.01659539 -0.01349184 0.07302697
v 0.01581471 -0.01183173 0.07408480
v 0.01319892 -0.01488604 0.07327400
v 0.00771665 -0.01172980 0.07585990
v 0.00771669 -0.00890299 0.07713319
v 0.00809052 -0.01412159 0.07465255
v 0.00734302 -0.01488506 0.07437026
v 0.00979429 -0.01450356 0.07418646
v 0.00597244 -0.01189819 0.07598879
v 0.00599735 -0.01069758 0.07653974
v 0.00599739 -0.01309023 0.07541794
v 0.00564026 -0.01001659 0.07688145
v 0.00564036 -0.01377116 0.07512171
v 0.00304744 -0.01450296 0.07495522
v 0.00211039 -0.01412093 0.07518899
v 0.00136301 -0.01488471 0.07482928
v 0.00173664 -0.01191908 0.07626017
v 0.00136271 -0.00890255 0.07762426
v 0.00211021 -0.00966626 0.07727026
v 0.00304759 -0.00928447 0.07739522
v 0.00469098 -0.00943002 0.07722364
v 0.00534949 -0.00922102 0.07726007
v -0.00850692 -0.01303476 0.07512706
v -0.00380471 -0.00820386 0.07781630
v -0.00410005 -0.00586730 0.07875227
v -0.00146565 -0.00316089 0.07990229
v 0.00110421 -0.00316089 0.07990986
v 0.00007750 -0.00255662 0.08013850
v -0.01110365 -0.00133663 0.07954109
v -0.00811049 -0.00133616 0.08002638
v -0.00409129 -0.00316101 0.07978260
v 0.00529668 -0.00316113 0.07968878
v 0.00936434 -0.00316149 0.07918965
v 0.01125112 -0.00122368 0.07955126
v -0.00850710 -0.00818789 0.07733106
v -0.00850728 -0.00316143 0.07931959
v -0.01407816 -0.00316220 0.07823378
v -0.01367491 -0.00104388 0.07909077
v -0.01523742 -0.00017377 0.07899088
v -0.01814702 -0.00316316 0.07703901
v -0.01442465 0.00066142 0.07948267
v -0.01193448 0.00074409 0.08007938
v -0.01046916 0.00472486 0.08157068
v -0.00985101 0.00288451 0.08113617
v -0.00697192 0.00288492 0.08153736
v -0.00632927 0.00472534 0.08214545
v -0.00400111 0.00288510 0.08180296
v -0.00220921 0.00472557 0.08243000
v -0.00349429 0.00076408 0.08117097
v -0.00142935 0.00288522 0.08191567
v -0.00553879 -0.00133604 0.08031719
v -0.00607201 0.00075775 0.08096790
v -0.00262877 -0.00133586 0.08051180
v 0.00031113 -0.00133574 0.08056730
v 0.00288108 -0.00133586 0.08050030
v 0.00584200 -0.00133604 0.08028841
v 0.00873110 -0.00133634 0.07993847
v 0.01082596 0.00081506 0.08031647
v 0.01284047 0.00288403 0.08055978
v 0.01340910 0.00099253 0.07983695
v 0.01245126 0.00472456 0.08118510
v 0.01704248 0.00472367 0.07998995
v 0.00998202 0.00288451 0.08111386
v 0.00740227 0.00472528 0.08202457
v 0.00699052 0.00288480 0.08153486
v 0.00557217 0.01007658 0.08358639
v 0.00557229 0.00740391 0.08293926
v 0.00557235 0.00472546 0.08221840
v 0.00494757 0.00078665 0.08107829
v 0.00740215 0.00959664 0.08328258
v 0.00740216 0.01459693 0.08432376
v 0.00267694 0.00974446 0.08370220
v 0.00298706 0.00742155 0.08312219
v 0.00036238 0.00472564 0.08246809
v 0.00150475 0.00288522 0.08191376
v 0.00298271 0.00472557 0.08239746
v 0.00442049 0.00288510 0.08177399
v 0.00236878 0.00077781 0.08122879
v 0.01470365 -0.01183148 0.07440217
v 0.01596022 -0.00913777 0.07528731
v 0.01182809 -0.01450391 0.07378718
v 0.00443609 -0.01435442 0.07493892
v 0.00503832 -0.01442877 0.07485130
v 0.01204288 0.09599500 -0.00631339
v 0.01246953 0.09599626 -0.00471914
v 0.01130348 0.09599715 -0.00355328
v 0.00970930 0.09599685 -0.00398016
v 0.00390559 0.09599220 -0.00978494
v 0.00347894 0.09599095 -0.01137924
v 0.00464510 0.09598999 -0.01254504
v 0.00623923 0.09599035 -0.01211822
v 0.01044881 0.09599471 -0.00674028
v 0.00666576 0.09599155 -0.01052391
v 0.00928271 0.09599560 -0.00557435
v 0.00549972 0.09599256 -0.00935811
v 0.01156067 0.09599906 -0.00113595
v 0.01194846 0.09600025 0.00031327
v 0.01088839 0.09600108 0.00137311
v 0.00943923 0.09600079 0.00098509
v 0.00565731 0.09599548 -0.00573266
v 0.00905144 0.09599965 -0.00046420
v 0.01011151 0.09599876 -0.00152403
v 0.00120806 0.09599190 -0.01025241
v 0.00088496 0.09599089 -0.01146024
v -0.00032273 0.09599065 -0.01178354
v -0.00120604 0.09599137 -0.01090025
v -0.00088297 0.09599226 -0.00969261
v 0.00032471 0.09599256 -0.00936919
v -0.01204288 0.09600490 0.00616044
v -0.01246953 0.09600365 0.00456620
v -0.01130348 0.09600269 0.00340033
v -0.00970930 0.09600305 0.00382722
v -0.00390547 0.09600770 0.00963199
v -0.00347894 0.09600895 0.01122623
v -0.00464498 0.09600991 0.01239222
v -0.00623923 0.09600955 0.01196533
v -0.01044875 0.09600526 0.00658733
v -0.00666576 0.09600830 0.01037096
v -0.00928271 0.09600436 0.00542146
v -0.00549960 0.09600740 0.00920516
v -0.01156061 0.09600079 0.00098315
v -0.01194846 0.09599965 -0.00046614
v -0.01088833 0.09599876 -0.00152599
v -0.00943917 0.09599906 -0.00113797
v -0.00565731 0.09600448 0.00557971
v -0.00905138 0.09600025 0.00031133
v -0.01011145 0.09600108 0.00137109
v -0.00120800 0.09600806 0.01009953
v -0.00088491 0.09600895 0.01130723
v 0.00032277 0.09600925 0.01163071
v 0.00120604 0.09600859 0.01074743
v 0.00088302 0.09600758 0.00953966
v -0.00032467 0.09600740 0.00921631
v 0.02949398 0.10399600 -0.00503744
v 0.02994665 0.10349695 -0.00334639
v 0.02870947 0.10349800 -0.00210948
v 0.02701890 0.10349800 -0.00256238
v 0.02780359 0.10399600 -0.00549055
v 0.00496017 0.10347600 -0.02957544
v 0.00326960 0.10347600 -0.03002837
v 0.00203221 0.10397700 -0.02879166
v -0.00417028 0.10347600 -0.03002911
v -0.00247974 0.10347600 -0.02957612
v 0.00248497 0.10397800 -0.02710115
v 0.00541293 0.10397800 -0.02788543
v -0.00202699 0.10397800 -0.02788615
v -0.00326444 0.10397900 -0.02664875
v -0.00495477 0.10397800 -0.02710199
v -0.00540752 0.10397700 -0.02879238
v -0.02949392 0.10400400 0.00487174
v -0.02701884 0.10350195 0.00239752
v -0.02780354 0.10400400 0.00532485
v -0.00496005 0.10402300 0.02941030
v -0.00326972 0.10402400 0.02986323
v -0.00203221 0.10402300 0.02862608
v 0.00417007 0.10402400 0.02986407
v 0.00247974 0.10402300 0.02941083
v -0.00248497 0.10352100 0.02693593
v 0.00495488 0.10352100 0.02693661
v 0.00540764 0.10402300 0.02862668
v -0.03715619 0.11470750 0.01124526
v -0.03784849 0.11470500 0.00866093
v -0.03812006 0.11364134 0.00756976
v -0.03800440 0.11244390 0.00728798
v -0.03806008 0.11114798 0.00758359
v -0.03784879 0.11001000 0.00866283
v -0.03715633 0.11001000 0.01124847
v -0.03684534 0.11107467 0.01233064
v -0.03660392 0.11227217 0.01251669
v -0.03679930 0.11356800 0.01228838
v 0.03715544 0.11468799 -0.01143096
v 0.03784754 0.11469345 -0.00884770
v 0.03812006 0.11362934 -0.00775080
v 0.03800444 0.11243189 -0.00746710
v 0.03806011 0.11113600 -0.00776064
v 0.03784754 0.10999250 -0.00884388
v 0.03715520 0.10999500 -0.01142782
v 0.03684542 0.11105464 -0.01250753
v 0.03660398 0.11225217 -0.01269550
v 0.03679936 0.11354797 -0.01246923
v 0.02936630 0.11109000 -0.01215787
v 0.03174999 0.11109995 -0.00008553
v 0.02936324 0.11110995 0.01198832
v 0.01216809 0.11112300 0.02923705
v -0.01217537 0.11112300 0.02923408
v -0.02936621 0.11110950 0.01198087
v -0.03174990 0.11109995 -0.00009140
v -0.02936324 0.11109000 -0.01216529
v -0.01216809 0.11107650 -0.02941407
v 0.01217537 0.11107650 -0.02941092
v -0.02415810 0.11166750 -0.02420329
v -0.03155077 0.11167650 -0.01314200
v -0.03414803 0.11168645 -0.00009208
v -0.03155323 0.11169650 0.01295827
v -0.02416255 0.11170550 0.02402100
v -0.01310117 0.11171150 0.03141361
v -0.00005129 0.11171345 0.03401094
v 0.01299904 0.11171150 0.03141607
v 0.02406174 0.11170550 0.02402543
v 0.03145450 0.11169650 0.01296405
v 0.03405165 0.11168640 -0.00008578
v 0.03145691 0.11167650 -0.01313613
v 0.02406619 0.11166750 -0.02419883
v 0.01300488 0.11166150 -0.03159153
v -0.00004499 0.11165945 -0.03418889
v -0.01309536 0.11166150 -0.03159403
v -0.00000384 0.11137500 0.03191119
v 0.00000389 0.11132400 -0.03208863
v 0.02668723 0.10299700 -0.00422044
v 0.02719581 0.10299800 -0.00273872
v 0.02864485 0.10299800 -0.00235070
v 0.02970498 0.10299700 -0.00341059
v 0.02940559 0.10299590 -0.00494824
v 0.02710658 0.10300400 0.00478943
v 0.02867663 0.10300400 0.00520985
v 0.02970439 0.10300300 0.00402926
v 0.02931660 0.10300200 0.00257998
v 0.02786725 0.10300200 0.00219189
v 0.00256817 0.10302300 0.02932336
v 0.00528659 0.10302300 0.02859562
v 0.00477810 0.10302200 0.02711379
v 0.00332881 0.10302100 0.02672576
v -0.00487168 0.10302300 0.02932262
v -0.00215321 0.10302300 0.02859487
v -0.00266181 0.10302200 0.02711308
v -0.02940553 0.10300400 0.00478418
v -0.02668720 0.10300300 0.00405637
v -0.02719563 0.10300200 0.00257469
v -0.02864485 0.10300200 0.00218661
v -0.02982506 0.10299700 -0.00422569
v -0.02931648 0.10299800 -0.00274401
v -0.02786725 0.10299800 -0.00235598
v -0.02668646 0.10299700 -0.00338348
v -0.00214798 0.10297800 -0.02791736
v -0.00265653 0.10297700 -0.02939903
v -0.00410570 0.10297600 -0.02978718
v -0.00528653 0.10297700 -0.02875962
v 0.00529181 0.10297800 -0.02791667
v 0.00478332 0.10297700 -0.02939838
v 0.00333409 0.10297600 -0.02978640
v 0.00215330 0.10297700 -0.02875882
v 0.02179986 0.10173300 0.00092101
v 0.02179980 0.10000200 0.00192230
v 0.02179986 0.09826880 0.00092377
v 0.02180010 0.09826719 -0.00107617
v 0.02180022 0.09999835 -0.00207753
v 0.02180010 0.10173100 -0.00107891
v 0.02667421 0.10301200 0.01482277
v 0.02494168 0.10301300 0.01655500
v 0.02412910 0.10253790 0.01736777
v 0.02379245 0.10138890 0.01770519
v 0.02379245 0.09863907 0.01770733
v 0.02412910 0.09748989 0.01737176
v 0.02494168 0.09701317 0.01655971
v 0.02667421 0.09701174 0.01482742
v 0.02748681 0.09748715 0.01401465
v 0.02782327 0.09863585 0.01367711
v 0.02782327 0.10138600 0.01367490
v 0.02748681 0.10253500 0.01401059
v 0.01778138 0.10139390 0.02371489
v 0.01778138 0.09864389 0.02371709
v 0.01744485 0.10254290 0.02405070
v 0.01663226 0.10302000 0.02486263
v 0.01744485 0.09749519 0.02405463
v 0.01663226 0.09701979 0.02486740
v 0.01489980 0.09702116 0.02659963
v 0.01408721 0.09749788 0.02741162
v 0.01375056 0.09864705 0.02774738
v 0.01375056 0.10139700 0.02774511
v 0.01408721 0.10254600 0.02740769
v 0.01489980 0.10302100 0.02659492
v 0.00099801 0.09828525 0.02172178
v 0.00199790 0.10001700 0.02172034
v 0.00099801 0.10174900 0.02171897
v -0.00100195 0.10174900 0.02171880
v -0.00200193 0.10001700 0.02172017
v -0.00100195 0.09828525 0.02172160
v 0.02413230 0.10251000 -0.01752651
v 0.02494477 0.10298700 -0.01671434
v 0.02667700 0.10298800 -0.01498169
v 0.02748935 0.10251300 -0.01416874
v 0.02782600 0.10136400 -0.01383114
v 0.02782600 0.09861397 -0.01382912
v 0.02748935 0.09746468 -0.01416481
v 0.02667700 0.09698808 -0.01497698
v 0.02494465 0.09698671 -0.01670951
v 0.02413230 0.09746205 -0.01752252
v 0.02379577 0.09861075 -0.01785994
v 0.02379577 0.10136100 -0.01786215
v 0.01744930 0.09745675 -0.02420658
v 0.01663689 0.09698009 -0.02501887
v 0.01778583 0.09860599 -0.02387089
v 0.01778583 0.10135600 -0.02387316
v 0.01744930 0.10250500 -0.02421070
v 0.01663689 0.10298000 -0.02502358
v 0.01490472 0.10297900 -0.02675611
v 0.01409231 0.10250200 -0.02756835
v 0.01375572 0.10135300 -0.02790410
v 0.01375572 0.09860277 -0.02790189
v 0.01409231 0.09745407 -0.02756429
v 0.01490472 0.09697866 -0.02675134
v -0.00099796 0.09825056 -0.02187824
v -0.00199790 0.09998255 -0.02187979
v -0.00099796 0.10171500 -0.02188104
v 0.00100195 0.10171500 -0.02188086
v 0.00200193 0.09998255 -0.02187937
v 0.00100195 0.09825056 -0.02187806
v -0.01490466 0.10302100 0.02659208
v -0.01663689 0.10302000 0.02485949
v -0.01744930 0.10254290 0.02404726
v -0.01778577 0.10139390 0.02371169
v -0.01778577 0.09864389 0.02371377
v -0.01744930 0.09749519 0.02405137
v -0.01663689 0.09701979 0.02486425
v -0.01490466 0.09702116 0.02659697
v -0.01409219 0.09749788 0.02740907
v -0.01375566 0.09864705 0.02774478
v -0.01375566 0.10139700 0.02774269
v -0.01409219 0.10254600 0.02740509
v -0.02413224 0.10253800 0.01736326
v -0.02494465 0.10301300 0.01655037
v -0.02379565 0.10138900 0.01770080
v -0.02379565 0.09863907 0.01770288
v -0.02413224 0.09748989 0.01736725
v -0.02494465 0.09701317 0.01655508
v -0.02667694 0.09701180 0.01482249
v -0.02748935 0.09748715 0.01400948
v -0.02782594 0.09863585 0.01367194
v -0.02782594 0.10138600 0.01366979
v -0.02748935 0.10253500 0.01400555
v -0.02667694 0.10301200 0.01481766
v -0.01744485 0.10250500 -0.02421384
v -0.01663226 0.10298000 -0.02502654
v -0.01489974 0.10297900 -0.02675883
v -0.01408715 0.10250200 -0.02757095
v -0.01375050 0.10135300 -0.02790665
v -0.01375050 0.09860277 -0.02790444
v -0.01408715 0.09745407 -0.02756684
v -0.01489974 0.09697866 -0.02675413
v -0.01663226 0.09698009 -0.02502196
v -0.01744485 0.09745681 -0.02420984
v -0.01778132 0.09860599 -0.02387427
v -0.01778132 0.10135600 -0.02387647
v -0.02379227 0.09861081 -0.01786433
v -0.02379227 0.10136100 -0.01786654
v -0.02412904 0.09746211 -0.01752697
v -0.02494168 0.09698671 -0.01671414
v -0.02412904 0.10251000 -0.01753108
v -0.02494168 0.10298700 -0.01671897
v -0.02667416 0.10298800 -0.01498674
v -0.02748675 0.10251300 -0.01417397
v -0.02782327 0.10136400 -0.01383643
v -0.02782327 0.09861397 -0.01383428
v -0.02748675 0.09746468 -0.01416998
v -0.02667416 0.09698808 -0.01498197
v -0.02179986 0.10173100 -0.00108301
v -0.02179974 0.09999835 -0.00208162
v -0.02179986 0.09826719 -0.00108021
v -0.02180004 0.09826880 0.00091974
v -0.02180016 0.10000200 0.00191820
v -0.02180004 0.10173300 0.00091698
v 0.02783569 0.10299590 -0.00536866
v 0.00413815 0.10302400 0.02974385
v -0.00330173 0.10302400 0.02974316
v -0.02783563 0.10300400 0.00520460
v -0.02710646 0.10299600 -0.00495352
v -0.02867660 0.10299600 -0.00537394
v -0.00329641 0.10297900 -0.02676910
v -0.00486640 0.10297800 -0.02718948
v 0.00414341 0.10297900 -0.02676838
v 0.00257339 0.10297800 -0.02718887
f 1 2 3
f 1 3 4
f 5 6 7
f 5 7 8
f 9 10 11
f 9 11 12
f 13 14 15
f 13 15 16
f 17 18 19
f 17 19 20
f 3 2 21
f 21 4 3
f 4 22 1
f 1 22 2
f 23 24 25
f 7 6 26
f 26 8 7
f 8 27 5
f 5 27 6
f 28 29 30
f 11 10 31
f 31 12 11
f 12 32 9
f 9 32 10
f 33 34 35
f 15 14 36
f 36 16 15
f 16 37 13
f 13 37 14
f 38 39 40
f 19 18 41
f 41 20 19
f 20 42 17
f 17 42 18
f 43 44 45
f 2 22 46
f 22 4 47
f 4 21 47
f 21 2 46
f 47 21 23
f 23 21 24
f 21 46 24
f 46 22 24
f 24 22 25
f 22 47 25
f 25 47 23
f 6 27 48
f 27 8 49
f 8 26 49
f 26 6 48
f 49 26 28
f 28 26 29
f 26 48 29
f 48 27 29
f 29 27 30
f 27 49 30
f 30 49 28
f 10 32 50
f 32 12 51
f 12 31 51
f 31 10 50
f 51 31 33
f 33 31 34
f 31 50 34
f 50 32 34
f 34 32 35
f 32 51 35
f 35 51 33
f 14 37 52
f 37 16 53
f 16 36 53
f 36 14 52
f 53 36 38
f 38 36 39
f 36 52 39
f 52 37 39
f 39 37 40
f 37 53 40
f 40 53 38
f 18 42 54
f 42 20 55
f 20 41 55
f 41 18 54
f 55 41 43
f 43 41 44
f 41 54 44
f 54 42 44
f 44 42 45
f 42 55 45
f 45 55 43
f 56 57 58
f 58 57 59
f 57 60 59
f 59 60 61
f 60 62 61
f 61 62 63
f 62 64 63
f 63 64 65
f 64 66 65
f 65 66 67
f 66 68 67
f 67 68 69
f 68 70 69
f 69 70 71
f 70 56 71
f 71 56 58
f 70 68 71
f 71 68 69
f 68 66 69
f 69 66 67
f 66 64 67
f 67 64 65
f 64 62 65
f 65 62 63
f 62 60 63
f 63 60 61
f 60 57 61
f 61 57 59
f 57 56 59
f 59 56 58
f 56 70 58
f 58 70 71
f 72 73 74
f 75 76 77
f 76 78 77
f 78 79 77
f 79 80 77
f 80 81 77
f 81 79 77
f 79 82 77
f 82 83 77
f 83 84 77
f 84 85 77
f 86 87 88
f 89 90 91
f 83 82 84
f 92 93 94
f 92 95 93
f 96 90 97
f 89 98 99
f 100 101 97
f 101 96 97
f 89 102 97
f 103 104 105
f 104 106 105
f 102 107 106
f 107 108 106
f 108 109 106
f 109 110 106
f 111 112 109
f 113 114 88
f 115 116 112
f 115 117 116
f 118 119 117
f 115 120 117
f 120 102 117
f 102 118 117
f 121 122 123
f 124 100 125
f 122 126 127
f 120 108 102
f 108 107 102
f 89 99 102
f 128 129 102
f 129 130 102
f 130 131 102
f 131 132 102
f 132 118 102
f 122 121 126
f 118 133 121
f 133 76 121
f 76 134 121
f 133 135 76
f 136 84 82
f 137 130 78
f 130 138 78
f 138 80 78
f 80 79 78
f 138 81 80
f 138 139 81
f 139 79 81
f 139 82 79
f 139 136 82
f 139 98 136
f 98 140 136
f 140 141 136
f 109 142 143
f 140 91 95
f 140 98 91
f 135 133 118
f 132 135 118
f 98 128 99
f 128 102 99
f 98 138 128
f 138 129 128
f 138 130 129
f 137 131 130
f 120 112 108
f 144 145 146
f 145 114 146
f 98 139 138
f 110 143 147
f 148 149 146
f 149 150 146
f 150 151 146
f 151 144 146
f 152 145 144
f 92 140 95
f 88 114 145
f 152 88 145
f 127 113 87
f 94 141 92
f 148 153 149
f 153 154 149
f 154 155 149
f 155 156 149
f 156 96 149
f 96 157 149
f 157 150 149
f 158 159 150
f 159 151 150
f 157 158 150
f 159 160 151
f 160 161 151
f 90 95 91
f 162 163 151
f 164 147 152
f 101 161 160
f 165 166 152
f 166 86 152
f 86 88 152
f 163 100 152
f 100 164 152
f 162 124 163
f 124 125 163
f 125 100 163
f 87 113 88
f 73 146 114
f 124 151 161
f 127 166 165
f 77 153 72
f 153 148 72
f 77 154 153
f 77 85 154
f 85 84 154
f 84 94 154
f 94 155 154
f 94 93 155
f 93 156 155
f 93 96 156
f 93 90 96
f 163 144 151
f 101 160 96
f 160 158 96
f 158 157 96
f 160 159 158
f 137 76 135
f 100 105 164
f 105 147 164
f 105 106 147
f 106 110 147
f 137 132 131
f 112 116 142
f 116 117 142
f 117 119 142
f 119 167 142
f 119 165 167
f 119 123 165
f 74 113 168
f 126 168 127
f 97 102 100
f 102 106 100
f 106 104 100
f 104 103 100
f 103 105 100
f 134 168 121
f 134 76 74
f 127 123 122
f 75 77 72
f 108 111 109
f 111 108 112
f 118 123 119
f 118 121 123
f 147 143 152
f 167 165 152
f 75 74 76
f 167 143 142
f 72 148 73
f 86 166 87
f 89 97 90
f 89 91 98
f 113 73 114
f 124 101 100
f 136 141 84
f 109 112 142
f 120 115 112
f 110 109 143
f 92 141 140
f 127 168 113
f 94 84 141
f 90 93 95
f 101 124 161
f 73 148 146
f 124 162 151
f 127 87 166
f 163 152 144
f 137 78 76
f 137 135 132
f 74 73 113
f 126 121 168
f 134 74 168
f 127 165 123
f 75 72 74
f 167 152 143
f 169 170 171
f 171 170 172
f 172 170 173
f 173 170 174
f 170 169 174
f 174 169 175
f 169 171 175
f 175 171 176
f 171 172 176
f 176 172 173
f 174 175 173
f 173 175 176
f 177 178 179
f 179 178 180
f 180 178 181
f 181 178 182
f 178 177 182
f 182 177 183
f 177 179 183
f 183 179 184
f 179 180 184
f 184 180 181
f 182 183 181
f 181 183 184
f 185 186 187
f 187 186 188
f 188 186 189
f 189 186 190
f 186 185 190
f 190 185 191
f 185 187 191
f 191 187 192
f 187 188 192
f 192 188 189
f 190 191 189
f 189 191 192
f 193 194 195
f 195 194 196
f 195 196 197
f 197 196 198
f 197 198 199
f 199 198 200
f 199 200 201
f 201 200 202
f 201 202 203
f 203 202 204
f 203 204 205
f 203 205 206
f 195 197 207
f 207 197 208
f 209 210 211
f 211 210 212
f 211 212 213
f 213 212 214
f 212 215 214
f 214 215 216
f 216 215 217
f 217 215 218
f 217 218 219
f 219 218 206
f 206 218 203
f 203 218 220
f 203 220 201
f 201 220 221
f 201 221 199
f 199 221 222
f 199 222 197
f 197 222 208
f 208 222 223
f 223 222 224
f 224 222 221
f 224 221 225
f 225 221 226
f 225 226 227
f 227 226 228
f 227 228 229
f 229 228 230
f 229 231 227
f 227 231 232
f 227 232 225
f 225 232 224
f 231 233 232
f 232 233 234
f 232 234 235
f 232 235 224
f 224 235 223
f 221 220 226
f 226 220 236
f 226 236 228
f 228 236 237
f 228 237 230
f 230 237 210
f 210 237 212
f 212 237 215
f 237 236 215
f 215 236 218
f 220 218 236
f 238 239 240
f 102 241 242
f 243 242 244
f 241 244 242
f 245 246 238
f 247 248 249
f 244 250 243
f 251 252 243
f 252 253 243
f 254 255 256
f 240 257 258
f 259 260 261
f 252 262 253
f 263 264 265
f 258 266 267
f 264 268 265
f 268 269 265
f 269 270 265
f 259 271 260
f 239 272 273
f 257 274 266
f 273 275 274
f 269 276 270
f 276 277 270
f 274 278 279
f 268 280 240
f 278 249 279
f 269 268 281
f 282 283 102
f 283 255 102
f 255 284 102
f 285 259 245
f 280 268 264
f 286 287 241
f 287 244 241
f 280 238 240
f 263 288 244
f 283 256 255
f 289 290 244
f 290 250 244
f 290 291 251
f 291 292 251
f 245 261 254
f 293 294 251
f 294 252 251
f 294 262 252
f 262 248 253
f 262 294 248
f 294 295 248
f 294 293 295
f 296 247 249
f 295 249 248
f 257 239 273
f 266 279 295
f 256 297 272
f 297 298 272
f 263 259 285
f 282 299 300
f 261 284 255
f 261 301 284
f 261 260 301
f 260 286 301
f 260 287 286
f 260 271 287
f 271 263 287
f 272 300 273
f 296 302 303
f 267 295 293
f 302 299 303
f 299 304 303
f 265 290 288
f 304 242 303
f 290 289 288
f 243 253 303
f 253 247 303
f 290 243 250
f 265 270 290
f 249 302 296
f 278 299 302
f 305 292 291
f 305 267 292
f 258 268 240
f 305 277 267
f 242 304 299
f 277 276 267
f 278 275 299
f 275 300 299
f 282 297 283
f 282 102 242
f 286 284 301
f 270 291 290
f 285 264 263
f 298 282 300
f 269 281 276
f 298 297 282
f 256 246 254
f 285 245 238
f 293 292 267
f 286 241 102
f 281 267 276
f 277 305 291
f 238 246 239
f 243 303 242
f 245 254 246
f 247 253 248
f 254 261 255
f 240 239 257
f 258 257 266
f 265 288 263
f 259 263 271
f 239 246 272
f 263 244 287
f 257 273 274
f 273 300 275
f 274 275 278
f 278 302 249
f 280 264 238
f 283 297 256
f 245 259 261
f 296 303 247
f 295 279 249
f 266 274 279
f 282 242 299
f 272 298 300
f 267 266 295
f 290 251 243
f 258 281 268
f 289 244 288
f 286 102 284
f 270 277 291
f 285 238 264
f 256 272 246
f 293 251 292
f 281 258 267
f 306 307 308
f 309 310 311
f 312 313 314
f 313 315 314
f 316 310 317
f 310 318 317
f 311 319 320
f 321 322 323
f 324 325 317
f 325 326 317
f 326 319 317
f 319 316 317
f 319 310 316
f 327 328 329
f 315 330 331
f 332 333 334
f 333 321 334
f 333 335 321
f 335 336 321
f 337 338 339
f 340 341 342
f 323 324 321
f 343 307 327
f 344 345 325
f 345 326 325
f 346 347 326
f 347 319 326
f 345 346 326
f 347 320 319
f 334 318 348
f 349 350 351
f 313 351 352
f 353 348 318
f 312 349 313
f 353 354 348
f 354 355 348
f 355 356 332
f 356 333 332
f 357 339 358
f 359 336 335
f 359 360 336
f 360 358 336
f 358 339 336
f 339 338 361
f 338 362 361
f 362 306 361
f 306 308 361
f 308 363 361
f 363 364 361
f 364 322 361
f 322 364 323
f 365 366 344
f 367 368 344
f 368 347 344
f 347 346 344
f 346 345 344
f 369 370 347
f 370 320 347
f 369 371 370
f 369 372 371
f 372 373 371
f 360 355 374
f 375 355 354
f 343 329 374
f 376 377 309
f 377 378 309
f 377 354 353
f 377 375 354
f 328 379 329
f 360 359 356
f 357 358 360
f 374 357 360
f 363 380 381
f 324 334 321
f 373 367 382
f 330 340 342
f 369 368 372
f 307 349 383
f 307 383 308
f 383 380 308
f 384 325 324
f 381 364 363
f 384 323 364
f 339 321 336
f 385 342 341
f 385 341 365
f 341 366 365
f 340 386 366
f 376 387 388
f 359 333 356
f 389 382 367
f 373 372 368
f 382 389 387
f 389 386 387
f 386 340 387
f 387 373 382
f 330 388 387
f 388 377 376
f 351 350 377
f 350 375 377
f 309 371 376
f 329 379 374
f 379 337 374
f 337 357 374
f 332 348 355
f 384 364 381
f 349 380 383
f 314 381 380
f 312 314 380
f 314 315 381
f 331 330 385
f 330 342 385
f 331 381 315
f 313 352 330
f 352 388 330
f 331 365 384
f 350 374 375
f 389 366 386
f 366 367 344
f 370 311 320
f 377 353 378
f 378 318 310
f 328 362 338
f 328 306 362
f 388 352 377
f 352 351 377
f 306 327 307
f 309 378 310
f 311 310 319
f 321 361 322
f 327 306 328
f 315 313 330
f 337 379 338
f 340 366 341
f 343 349 307
f 334 317 318
f 349 343 350
f 313 349 351
f 312 380 349
f 357 337 339
f 360 356 355
f 375 374 355
f 343 327 329
f 328 338 379
f 363 308 380
f 324 317 334
f 373 368 367
f 330 387 340
f 369 347 368
f 384 344 325
f 365 344 384
f 384 324 323
f 339 361 321
f 376 371 387
f 359 335 333
f 387 371 373
f 309 311 371
f 332 334 348
f 331 384 381
f 331 385 365
f 350 343 374
f 389 367 366
f 370 371 311
f 378 353 318
f 390 391 392
f 392 391 393
f 391 390 394
f 394 390 395
f 391 394 393
f 393 394 396
f 394 395 396
f 396 395 397
f 395 390 397
f 397 390 392
f 392 393 397
f 397 393 396
f 395 394 397
f 397 394 396
f 394 395 398
f 398 395 399
f 394 398 396
f 396 398 400
f 398 399 400
f 400 399 401
f 399 395 401
f 401 395 397
f 397 396 401
f 401 396 400
f 402 403 404
f 404 403 405
f 403 402 406
f 406 402 407
f 403 406 405
f 405 406 408
f 406 407 408
f 408 407 409
f 407 402 409
f 409 402 404
f 404 405 409
f 409 405 408
f 407 406 409
f 409 406 408
f 406 407 410
f 410 407 411
f 406 410 408
f 408 410 412
f 410 411 412
f 412 411 413
f 411 407 413
f 413 407 409
f 409 408 413
f 413 408 412
f 411 410 413
f 413 410 412
f 410 411 391
f 391 411 390
f 410 391 412
f 412 391 393
f 391 390 393
f 393 390 392
f 390 411 392
f 392 411 413
f 413 412 392
f 392 412 393
f 414 415 416
f 416 415 417
f 416 417 414
f 414 417 415
f 418 419 417
f 417 419 416
f 419 418 416
f 416 418 417
f 419 418 420
f 420 418 421
f 420 421 419
f 419 421 418
f 422 423 424
f 424 423 425
f 424 425 422
f 422 425 423
f 426 427 425
f 425 427 424
f 427 426 424
f 424 426 425
f 427 426 428
f 428 426 429
f 428 429 427
f 427 429 426
f 430 431 432
f 432 431 433
f 431 430 433
f 433 430 432
f 431 430 434
f 434 430 435
f 434 435 431
f 431 435 430
f 436 437 435
f 435 437 434
f 437 436 434
f 434 436 435
f 438 439 440
f 440 439 441
f 439 438 441
f 441 438 440
f 439 438 442
f 442 438 443
f 442 443 439
f 439 443 438
f 444 445 443
f 443 445 442
f 445 444 442
f 442 444 443
f 446 447 448
f 449 450 451
f 451 450 452
f 450 449 452
f 452 449 451
f 453 454 455
f 456 457 458
f 459 460 461
f 461 460 462
f 460 459 462
f 462 459 461
f 463 464 465
f 465 464 466
f 465 466 463
f 463 466 464
f 467 468 466
f 466 468 465
f 468 467 465
f 465 467 466
f 469 470 471
f 468 467 472
f 472 467 473
f 472 473 468
f 468 473 467
f 474 475 476
f 476 475 477
f 475 474 477
f 477 474 476
f 476 477 478
f 478 477 479
f 477 476 479
f 479 476 478
f 480 481 482
f 482 481 483
f 481 480 483
f 483 480 482
f 482 483 484
f 484 483 485
f 483 482 485
f 485 482 484
f 484 485 486
f 486 485 487
f 485 484 487
f 487 484 486
f 488 489 490
f 490 489 491
f 490 491 488
f 488 491 489
f 492 493 491
f 491 493 490
f 493 492 490
f 490 492 491
f 494 495 496
f 496 495 497
f 495 494 497
f 497 494 496
f 498 499 500
f 500 499 501
f 499 498 501
f 501 498 500
f 502 503 498
f 498 503 504
f 502 498 505
f 505 498 504
f 503 502 504
f 504 502 505
f 506 507 508
f 508 507 509
f 507 506 509
f 509 506 508
f 510 511 512
f 512 511 513
f 511 510 513
f 513 510 512
f 514 515 516
f 516 515 517
f 515 514 517
f 517 514 516
f 518 519 494
f 494 519 495
f 519 518 495
f 495 518 494
f 520 521 518
f 518 521 519
f 521 520 519
f 519 520 518
f 522 523 520
f 520 523 521
f 523 522 521
f 521 522 520
f 524 525 522
f 522 525 523
f 525 524 523
f 523 524 522
f 526 527 528
f 528 527 529
f 527 526 529
f 529 526 528
f 530 531 526
f 526 531 527
f 531 530 527
f 527 530 526
f 532 533 530
f 530 533 531
f 533 532 531
f 531 532 530
f 534 535 532
f 532 535 533
f 535 534 533
f 533 534 532
f 536 537 524
f 524 537 525
f 537 536 525
f 525 536 524
f 538 539 536
f 536 539 537
f 539 538 537
f 537 538 536
f 540 541 542
f 542 541 543
f 541 540 543
f 543 540 542
f 544 545 546
f 546 545 547
f 545 544 547
f 547 544 546
f 548 549 544
f 544 549 545
f 549 548 545
f 545 548 544
f 550 551 548
f 548 551 549
f 551 550 549
f 549 550 548
f 496 497 550
f 550 497 551
f 497 496 551
f 551 496 550
f 552 553 554
f 554 553 555
f 554 556 552
f 552 556 557
f 556 558 557
f 557 558 559
f 558 555 559
f 559 555 553
f 558 556 559
f 559 556 557
f 556 554 557
f 557 554 552
f 554 555 552
f 552 555 553
f 555 558 553
f 553 558 559
f 554 560 552
f 555 561 553
f 562 563 564
f 564 563 565
f 563 566 565
f 566 567 568
f 568 567 569
f 569 567 570
f 569 570 571
f 571 570 572
f 572 562 573
f 573 562 564
f 574 575 569
f 575 576 564
f 576 577 564
f 577 574 569
f 578 579 580
f 580 579 581
f 579 582 581
f 582 583 584
f 584 583 585
f 585 583 586
f 585 586 587
f 587 586 588
f 588 578 589
f 589 578 580
f 590 591 585
f 591 592 580
f 592 593 580
f 593 590 585
f 594 595 596
f 596 595 597
f 595 598 597
f 598 599 600
f 600 599 601
f 601 599 602
f 601 602 603
f 603 602 604
f 604 594 605
f 605 594 596
f 606 607 601
f 607 608 596
f 608 609 596
f 609 606 601
f 610 611 612
f 612 611 613
f 611 614 613
f 614 615 616
f 616 615 617
f 617 615 618
f 617 618 619
f 619 618 620
f 620 610 621
f 621 610 612
f 622 623 617
f 623 624 612
f 624 625 612
f 625 622 617
f 626 627 628
f 629 630 631
f 632 633 634
f 635 636 637
f 638 639 640
f 641 638 642
f 643 644 645
f 646 647 648
f 649 650 651
f 652 653 654
f 655 656 657
f 657 656 658
f 656 659 658
f 658 659 660
f 660 659 661
f 661 659 662
f 661 662 663
f 663 662 664
f 664 662 665
f 665 662 666
f 665 666 667
f 667 666 668
f 667 668 669
f 667 669 670
f 671 672 659
f 659 672 662
f 672 673 662
f 662 673 666
f 628 627 674
f 627 675 674
f 674 675 676
f 675 677 676
f 676 677 678
f 678 677 679
f 679 677 680
f 680 677 681
f 677 682 681
f 681 682 683
f 681 683 684
f 684 683 685
f 684 685 686
f 686 685 687
f 687 685 688
f 688 685 689
f 689 685 690
f 690 685 691
f 690 691 692
f 690 692 693
f 693 692 694
f 694 692 695
f 695 692 696
f 695 696 697
f 697 696 698
f 697 698 699
f 691 685 700
f 700 685 701
f 700 701 702
f 702 701 703
f 702 703 704
f 702 704 705
f 705 704 706
f 705 706 707
f 703 701 708
f 708 701 709
f 701 685 709
f 709 685 683
f 655 699 710
f 710 699 696
f 696 699 698
f 711 712 713
f 714 715 713
f 713 715 716
f 716 715 717
f 716 718 713
f 713 718 711
f 715 719 720
f 715 720 717
f 717 720 721
f 721 720 722
f 722 720 723
f 723 720 724
f 724 720 719
f 713 712 725
f 725 712 726
f 726 727 728
f 728 727 729
f 728 729 726
f 726 729 730
f 726 730 731
f 731 732 726
f 726 732 733
f 732 733 734
f 732 734 735
f 735 736 732
f 732 736 737
f 732 737 738
f 739 740 738
f 738 740 741
f 741 742 743
f 732 738 733
f 738 741 744
f 726 712 727
f 727 712 745
f 727 745 669
f 669 745 670
f 745 712 670
f 670 745 667
f 667 745 712
f 667 712 711
f 667 711 665
f 665 711 746
f 711 718 746
f 746 718 747
f 747 718 748
f 748 718 716
f 748 716 749
f 749 716 750
f 749 750 751
f 751 750 752
f 751 752 753
f 753 752 754
f 753 754 755
f 755 754 756
f 755 756 684
f 684 756 681
f 681 756 680
f 680 756 757
f 680 757 679
f 679 757 758
f 679 758 678
f 678 758 759
f 678 759 676
f 684 686 755
f 755 686 760
f 755 760 753
f 753 760 761
f 753 761 751
f 751 761 762
f 751 762 749
f 749 762 748
f 686 687 760
f 760 687 688
f 760 688 761
f 761 688 763
f 761 763 762
f 762 763 764
f 762 764 748
f 748 764 747
f 688 689 763
f 763 689 765
f 763 765 764
f 764 765 766
f 764 766 747
f 747 766 746
f 689 690 765
f 765 690 767
f 765 767 766
f 766 767 768
f 766 768 746
f 746 768 665
f 665 768 664
f 664 768 769
f 664 769 663
f 690 693 767
f 767 693 770
f 767 770 768
f 768 770 769
f 693 694 770
f 770 694 771
f 770 771 769
f 769 771 661
f 661 771 772
f 772 771 773
f 773 771 774
f 774 771 697
f 774 697 699
f 697 771 695
f 695 771 694
f 631 630 722
f 630 775 722
f 722 775 721
f 775 776 721
f 721 776 777
f 721 777 717
f 717 777 778
f 717 778 779
f 779 780 717
f 717 780 781
f 717 781 716
f 716 781 750
f 750 781 752
f 752 781 782
f 752 782 783
f 783 782 784
f 783 784 757
f 757 784 758
f 757 756 783
f 783 756 754
f 783 754 752
f 781 780 782
f 782 780 785
f 782 785 784
f 784 785 786
f 784 786 758
f 758 786 759
f 780 779 785
f 785 779 787
f 785 787 786
f 786 787 788
f 786 788 759
f 759 788 789
f 759 789 676
f 676 789 674
f 779 778 787
f 787 778 790
f 787 790 788
f 788 790 791
f 788 791 789
f 789 791 792
f 789 792 674
f 674 792 628
f 778 777 790
f 790 777 793
f 790 793 791
f 791 793 794
f 791 794 792
f 792 794 795
f 792 795 628
f 628 795 626
f 777 776 793
f 793 776 775
f 793 775 796
f 796 775 630
f 796 630 797
f 797 630 629
f 797 629 798
f 793 796 794
f 794 796 799
f 794 799 795
f 795 799 800
f 795 800 626
f 796 797 799
f 799 797 801
f 799 801 800
f 797 798 801
f 802 803 804
f 626 805 806
f 626 806 807
f 626 807 627
f 627 807 808
f 627 808 809
f 627 809 675
f 809 810 675
f 675 810 811
f 812 813 814
f 812 814 815
f 815 816 812
f 812 816 817
f 817 818 819
f 817 819 723
f 723 819 820
f 723 820 821
f 723 821 722
f 821 822 722
f 722 822 631
f 631 822 823
f 631 823 801
f 801 823 800
f 800 805 626
f 805 800 824
f 805 824 806
f 824 800 823
f 824 823 825
f 822 825 823
f 631 801 629
f 629 801 798
f 637 636 826
f 636 827 826
f 826 827 828
f 828 827 829
f 827 830 829
f 829 830 831
f 830 832 831
f 671 659 833
f 833 659 834
f 659 656 834
f 834 656 696
f 834 696 692
f 834 692 835
f 835 692 691
f 835 691 836
f 836 691 700
f 836 700 837
f 837 700 702
f 837 702 838
f 838 702 705
f 838 705 839
f 839 705 840
f 705 707 840
f 840 707 841
f 841 707 842
f 656 655 696
f 655 710 696
f 843 635 707
f 635 637 707
f 707 637 844
f 707 844 842
f 842 844 845
f 842 845 846
f 846 847 842
f 842 847 848
f 847 849 848
f 848 849 850
f 848 850 851
f 851 850 852
f 849 853 850
f 850 853 854
f 850 854 844
f 844 854 845
f 707 855 706
f 706 855 704
f 855 704 703
f 703 708 855
f 855 708 704
f 704 708 856
f 708 709 683
f 682 677 675
f 708 683 856
f 856 683 857
f 857 683 858
f 858 683 682
f 858 682 859
f 859 682 811
f 811 682 860
f 860 682 675
f 640 639 861
f 639 862 861
f 861 862 863
f 861 863 864
f 864 865 861
f 861 865 866
f 861 866 867
f 867 868 861
f 861 868 743
f 861 743 742
f 742 741 861
f 861 741 869
f 869 870 861
f 861 870 871
f 869 741 740
f 869 740 872
f 872 740 873
f 740 739 873
f 873 739 738
f 873 738 874
f 874 738 737
f 874 737 875
f 875 737 736
f 875 736 876
f 876 736 735
f 876 735 734
f 734 733 876
f 876 733 732
f 876 732 731
f 731 730 876
f 876 730 729
f 876 729 727
f 727 877 876
f 642 638 878
f 878 638 639
f 878 639 640
f 862 639 865
f 862 865 863
f 863 865 864
f 638 879 639
f 639 879 865
f 879 880 865
f 865 880 881
f 881 744 741
f 741 743 881
f 881 743 868
f 881 868 867
f 867 866 881
f 881 866 865
f 641 882 638
f 638 882 883
f 638 883 879
f 879 883 884
f 879 884 880
f 880 884 885
f 880 885 881
f 881 885 886
f 881 886 744
f 744 886 887
f 744 887 738
f 738 887 715
f 738 715 714
f 714 713 738
f 738 713 733
f 713 725 733
f 733 725 726
f 715 887 719
f 719 887 817
f 719 817 724
f 724 817 723
f 817 887 812
f 812 887 888
f 887 886 888
f 655 657 699
f 699 657 774
f 657 658 774
f 774 658 773
f 658 660 773
f 773 660 661
f 773 661 772
f 661 663 769
f 889 890 830
f 830 890 891
f 830 891 641
f 830 641 832
f 832 641 831
f 641 642 831
f 831 642 892
f 892 642 829
f 829 642 893
f 829 893 894
f 829 894 895
f 895 894 896
f 895 896 897
f 895 897 898
f 898 897 878
f 898 878 899
f 899 878 900
f 899 900 901
f 878 861 900
f 900 861 902
f 861 871 902
f 902 871 903
f 902 903 727
f 902 727 666
f 727 669 666
f 666 669 668
f 897 904 878
f 878 904 905
f 878 905 642
f 642 905 893
f 673 906 666
f 666 906 902
f 902 906 900
f 906 907 900
f 908 909 910
f 910 909 907
f 910 907 906
f 910 906 911
f 911 906 912
f 912 906 913
f 906 673 913
f 913 673 914
f 914 673 915
f 914 915 916
f 911 912 917
f 917 912 918
f 912 913 918
f 918 913 919
f 918 919 920
f 920 919 921
f 920 921 922
f 922 923 920
f 920 923 924
f 919 913 925
f 926 913 914
f 926 914 927
f 927 914 928
f 928 914 929
f 929 914 930
f 930 914 931
f 931 914 916
f 931 916 932
f 932 916 933
f 933 916 934
f 876 877 928
f 928 877 927
f 877 727 927
f 927 727 926
f 727 903 926
f 926 903 913
f 903 871 913
f 913 871 870
f 913 870 925
f 925 870 919
f 919 870 869
f 919 869 921
f 921 869 872
f 921 872 922
f 922 872 873
f 922 873 874
f 923 922 924
f 924 922 874
f 924 874 818
f 924 818 935
f 935 818 936
f 936 818 937
f 916 915 938
f 938 915 673
f 938 673 939
f 939 673 672
f 939 672 940
f 940 672 671
f 940 671 941
f 941 671 942
f 671 833 942
f 942 833 943
f 943 833 834
f 645 644 944
f 645 944 945
f 645 945 946
f 946 945 947
f 946 947 948
f 836 837 835
f 835 837 949
f 835 949 834
f 834 949 950
f 950 949 951
f 951 949 952
f 952 949 953
f 953 949 954
f 954 949 955
f 955 949 956
f 955 956 957
f 957 956 958
f 957 958 946
f 957 946 948
f 957 948 955
f 958 956 959
f 959 956 960
f 959 960 961
f 961 960 962
f 949 837 956
f 956 837 960
f 837 838 960
f 960 838 839
f 960 839 962
f 962 839 840
f 648 647 808
f 648 808 807
f 648 807 806
f 916 938 934
f 934 938 933
f 938 939 933
f 933 939 963
f 933 963 964
f 933 964 965
f 965 964 966
f 965 966 967
f 967 968 965
f 965 968 969
f 965 969 970
f 970 969 971
f 970 971 972
f 972 973 970
f 973 974 975
f 973 975 820
f 820 975 976
f 820 976 822
f 822 821 820
f 834 950 943
f 943 950 951
f 943 951 942
f 942 951 977
f 942 977 941
f 941 977 940
f 951 952 977
f 977 952 953
f 977 953 978
f 978 953 979
f 978 979 980
f 980 979 981
f 980 981 982
f 982 981 983
f 982 983 984
f 984 983 985
f 984 985 986
f 986 985 987
f 986 987 988
f 988 987 989
f 988 989 990
f 990 989 991
f 990 991 992
f 992 991 993
f 992 993 994
f 992 995 990
f 990 995 996
f 990 996 988
f 988 996 969
f 988 969 968
f 988 968 986
f 986 968 967
f 986 967 984
f 984 967 966
f 984 966 982
f 982 966 964
f 982 964 980
f 980 964 963
f 980 963 978
f 978 963 939
f 978 939 940
f 977 978 940
f 969 996 971
f 971 996 997
f 971 997 972
f 972 997 998
f 972 998 973
f 973 998 999
f 973 999 974
f 974 999 975
f 999 1000 975
f 975 1000 976
f 976 1000 1001
f 976 1001 822
f 822 1001 825
f 825 1001 824
f 953 954 979
f 979 954 955
f 979 955 981
f 981 955 948
f 981 948 983
f 983 948 947
f 983 947 945
f 983 945 985
f 985 945 944
f 985 944 987
f 987 944 644
f 987 644 989
f 989 644 643
f 989 643 991
f 991 643 1002
f 991 1002 993
f 993 1002 1003
f 993 1003 1004
f 1004 1003 646
f 1004 646 648
f 1004 648 1005
f 1004 1005 1006
f 1006 1005 1007
f 1007 1005 1001
f 1001 1005 824
f 824 1005 806
f 648 806 1005
f 1006 994 1004
f 1004 994 993
f 840 1008 1009
f 840 1009 962
f 962 1010 961
f 961 1010 1011
f 961 1011 959
f 959 1011 958
f 1008 840 1012
f 643 645 946
f 643 946 1013
f 1013 946 1014
f 1014 946 1015
f 1015 946 1011
f 1015 1011 1016
f 1011 1010 1016
f 1011 946 958
f 1003 1002 646
f 646 1002 643
f 646 643 1017
f 1017 643 1013
f 1017 1013 1018
f 1018 1013 1019
f 1018 1019 1020
f 1019 1013 1021
f 1021 1013 1022
f 1013 1014 1022
f 1022 1014 1023
f 1023 1014 1024
f 1024 1014 650
f 651 650 1014
f 651 1014 1025
f 1025 1014 1015
f 1025 1015 1026
f 1026 1015 1027
f 1026 1027 1028
f 1028 1027 826
f 1028 826 1029
f 1029 826 828
f 1028 1030 1026
f 1027 1015 1016
f 1027 1016 1010
f 1010 1031 1027
f 1027 1031 1032
f 1027 1032 1033
f 1027 1033 826
f 826 1033 844
f 826 844 637
f 844 1033 850
f 850 1033 1032
f 850 1032 852
f 852 1032 1031
f 852 1031 1010
f 852 1010 851
f 1010 962 851
f 851 962 1009
f 851 1009 848
f 848 1009 1008
f 1008 1034 848
f 848 1034 842
f 840 841 1012
f 1012 841 842
f 1012 842 1034
f 1034 1008 1012
f 932 1035 931
f 931 1035 1036
f 931 1036 930
f 930 1036 1037
f 933 965 932
f 819 818 1038
f 1038 974 819
f 819 974 820
f 820 974 973
f 970 972 1039
f 970 1039 965
f 965 1039 1040
f 965 1040 932
f 932 1040 1035
f 1035 1040 1039
f 1035 1039 1036
f 1036 1039 972
f 1036 972 1041
f 831 892 829
f 829 895 828
f 828 895 898
f 828 898 1029
f 1029 898 899
f 1029 899 901
f 1029 901 1028
f 1028 901 900
f 900 907 1028
f 1028 907 1030
f 907 909 1030
f 909 908 1030
f 908 910 1042
f 910 911 1042
f 1042 911 1043
f 911 917 1043
f 1043 917 918
f 1043 918 1044
f 1044 918 920
f 1044 920 1045
f 1045 920 1046
f 1045 1046 1047
f 1047 1046 1048
f 920 924 1046
f 1046 924 935
f 1046 935 1048
f 1048 935 816
f 816 935 1049
f 1049 935 936
f 1049 936 937
f 995 992 996
f 996 992 994
f 994 1006 996
f 996 1006 1007
f 996 1007 1001
f 996 1001 997
f 997 1001 998
f 1001 1000 998
f 998 1000 999
f 878 640 861
f 908 1042 1030
f 1030 1042 1050
f 1030 1050 1026
f 1026 1050 1025
f 1025 1050 651
f 649 651 1047
f 649 1047 1051
f 1051 1047 1052
f 1042 1043 1050
f 1050 1043 651
f 1043 1044 651
f 651 1044 1045
f 651 1045 1047
f 1047 1048 815
f 815 1048 816
f 1047 815 1052
f 647 646 808
f 808 646 809
f 809 646 647
f 647 646 1053
f 646 1017 1053
f 818 874 1038
f 876 928 875
f 875 928 874
f 928 929 874
f 874 929 930
f 874 930 1037
f 1037 1036 874
f 874 1036 1041
f 874 1041 1038
f 1038 1041 974
f 1041 972 974
f 974 972 973
f 631 722 629
f 627 626 675
f 675 811 860
f 811 1054 1055
f 811 1055 1056
f 811 1056 859
f 859 1056 1057
f 859 1057 1058
f 859 1058 1059
f 707 706 843
f 843 706 1060
f 843 1060 1061
f 843 1061 635
f 635 1061 636
f 1061 1062 636
f 636 1062 1063
f 636 1063 1064
f 1064 1065 636
f 636 1065 704
f 636 704 1066
f 1066 704 856
f 1066 856 1067
f 1067 856 857
f 1067 857 1068
f 1068 857 858
f 1068 858 1069
f 1069 858 859
f 1069 859 1059
f 1069 1059 1070
f 1069 1070 1071
f 1071 1072 1069
f 1069 1072 1073
f 1069 1073 812
f 812 1073 813
f 1067 1074 1066
f 1066 1074 1075
f 1066 1075 1076
f 1076 1077 1066
f 1066 1077 1078
f 1066 1078 1079
f 1075 1074 1080
f 1080 1074 1081
f 1074 890 1081
f 1081 890 1082
f 1082 890 1083
f 1083 890 1084
f 1084 890 1079
f 1079 890 889
f 1079 889 1066
f 1066 889 830
f 1066 830 827
f 636 1066 827
f 1065 1085 704
f 704 1085 1086
f 704 1086 706
f 706 1086 1087
f 706 1087 1088
f 706 1088 1060
f 806 807 808
f 1049 937 816
f 816 937 818
f 816 818 817
f 810 809 647
f 810 647 811
f 811 647 1053
f 1053 1017 811
f 811 1017 1018
f 811 1018 1054
f 1054 1018 1020
f 1054 1020 1055
f 1055 1020 1019
f 1055 1019 1021
f 1021 1022 1055
f 1055 1022 1056
f 1022 1023 1056
f 1056 1023 1057
f 1023 1024 1057
f 1057 1024 1058
f 1058 1024 650
f 1058 650 1059
f 1059 650 1070
f 650 649 1070
f 1070 649 1071
f 1071 649 1051
f 1071 1051 1072
f 1072 1051 1052
f 1072 1052 1073
f 1073 1052 815
f 1073 815 813
f 813 815 814
f 817 723 812
f 1089 1090 1091
f 815 814 816
f 812 888 1069
f 888 886 885
f 888 885 1092
f 1092 885 884
f 1092 884 1093
f 1093 884 883
f 1093 883 882
f 882 641 1093
f 1093 641 891
f 1093 891 890
f 890 1074 1093
f 1093 1074 1067
f 1093 1067 1092
f 1092 1067 1068
f 1092 1068 1069
f 888 1092 1069
f 1078 1077 1090
f 1090 1077 1091
f 1077 1076 1091
f 1091 1076 1075
f 1091 1075 1094
f 1094 1075 1080
f 1094 1080 654
f 654 1080 1081
f 654 1081 652
f 652 1081 1082
f 652 1082 653
f 653 1082 1083
f 653 1083 1084
f 653 1084 1095
f 1095 1084 1079
f 1095 1079 1089
f 1089 1079 1078
f 1089 1078 1090
f 1088 1087 632
f 632 1087 633
f 1087 1086 633
f 633 1086 1085
f 633 1085 1096
f 1096 1085 1065
f 1096 1065 802
f 802 1065 1064
f 802 1064 803
f 803 1064 1063
f 803 1063 804
f 804 1063 1062
f 804 1062 1061
f 1061 1060 634
f 634 1060 1088
f 634 1088 632
f 1061 845 854
f 1061 854 804
f 854 853 804
f 853 849 1096
f 849 847 1096
f 846 845 1061
f 905 653 893
f 653 1095 893
f 1095 1089 893
f 893 1089 894
f 1089 1091 894
f 894 1091 896
f 1091 1094 896
f 896 1094 897
f 1094 654 897
f 897 654 904
f 654 652 904
f 652 653 904
f 904 653 905
f 1061 634 846
f 634 632 846
f 632 633 846
f 846 633 847
f 847 633 1096
f 1096 802 853
f 802 804 853
f 1097 1098 1099
f 1100 1101 1102
f 1103 1104 1105
f 1106 1107 1108
f 1109 1110 1111
f 1112 1113 1102
f 1113 1114 1102
f 1115 1116 1105
f 1114 1100 1102
f 1116 1117 1105
f 1114 1118 1100
f 1117 1119 1105
f 1114 1120 1118
f 1119 1121 1105
f 1120 1101 1118
f 1121 1122 1105
f 1120 1123 1101
f 1122 1124 1105
f 1114 1125 1120
f 1126 1127 1105
f 1127 1128 1105
f 1114 1129 1125
f 1121 1130 1124
f 1129 1131 1125
f 1122 1121 1124
f 1132 1133 1126
f 1133 1134 1126
f 1135 1136 1125
f 1134 1127 1126
f 1110 1137 1138
f 1139 1140 1141
f 1142 1143 1107
f 1140 1144 1141
f 1138 1145 1146
f 1144 1147 1141
f 1147 1148 1141
f 1147 1149 1148
f 1150 1106 1108
f 1149 1142 1148
f 1147 1151 1149
f 1152 1109 1153
f 1097 1154 1155
f 1156 1157 1153
f 1097 1158 1154
f 1152 1159 1109
f 1158 1160 1154
f 1147 1144 1151
f 1161 1162 1163
f 1164 1097 1165
f 1166 1167 1168
f 1169 1170 1144
f 1169 1171 1170
f 1129 1172 1131
f 1167 1173 1174
f 1114 1175 1129
f 1176 1177 1173
f 1114 1113 1175
f 1177 1178 1173
f 1179 1180 1181
f 1169 1182 1171
f 1183 1184 1180
f 1169 1139 1182
f 1139 1185 1182
f 1185 1186 1182
f 1187 1188 1173
f 1186 1189 1182
f 1188 1190 1173
f 1152 1191 1159
f 1190 1192 1173
f 1167 1176 1173
f 1188 1193 1190
f 1194 1160 1168
f 1146 1130 1121
f 1127 1195 1128
f 1195 1196 1128
f 1195 1150 1196
f 1150 1103 1196
f 1150 1197 1103
f 1145 1179 1130
f 1143 1163 1162
f 1143 1162 1104
f 1098 1198 1179
f 1169 1140 1139
f 1161 1116 1115
f 1161 1111 1116
f 1199 1103 1197
f 1099 1145 1137
f 1200 1173 1201
f 1157 1112 1102
f 1200 1172 1127
f 1172 1202 1127
f 1202 1203 1127
f 1203 1204 1127
f 1204 1205 1127
f 1205 1206 1127
f 1206 1195 1127
f 1121 1117 1146
f 1138 1117 1116
f 1115 1104 1162
f 1164 1207 1158
f 1207 1102 1158
f 1102 1101 1158
f 1101 1100 1158
f 1100 1118 1158
f 1118 1101 1158
f 1101 1123 1158
f 1123 1208 1158
f 1208 1209 1158
f 1209 1160 1158
f 1120 1125 1160
f 1125 1136 1160
f 1209 1208 1160
f 1208 1123 1160
f 1123 1120 1160
f 1178 1176 1166
f 1176 1167 1166
f 1133 1127 1134
f 1178 1177 1176
f 1125 1210 1135
f 1127 1187 1200
f 1187 1173 1200
f 1206 1205 1195
f 1205 1150 1195
f 1136 1168 1160
f 1108 1107 1150
f 1107 1199 1150
f 1199 1197 1150
f 1107 1104 1199
f 1187 1211 1188
f 1212 1141 1107
f 1141 1148 1107
f 1148 1142 1107
f 1149 1161 1163
f 1142 1149 1163
f 1153 1109 1161
f 1109 1111 1161
f 1149 1151 1161
f 1151 1153 1161
f 1191 1213 1110
f 1151 1144 1172
f 1144 1170 1172
f 1170 1202 1172
f 1210 1131 1172
f 1129 1175 1172
f 1175 1113 1172
f 1113 1112 1172
f 1112 1156 1172
f 1156 1153 1172
f 1153 1151 1172
f 1170 1171 1202
f 1171 1182 1202
f 1182 1189 1202
f 1189 1203 1202
f 1189 1204 1203
f 1189 1186 1204
f 1186 1205 1204
f 1185 1139 1205
f 1139 1106 1205
f 1186 1185 1205
f 1159 1191 1110
f 1214 1165 1213
f 1152 1214 1213
f 1184 1181 1180
f 1130 1181 1124
f 1198 1194 1180
f 1194 1215 1180
f 1215 1183 1180
f 1099 1213 1165
f 1105 1124 1184
f 1124 1181 1184
f 1126 1105 1184
f 1183 1133 1132
f 1138 1111 1110
f 1155 1194 1198
f 1155 1154 1194
f 1168 1167 1194
f 1167 1174 1194
f 1174 1173 1194
f 1173 1192 1194
f 1166 1173 1178
f 1192 1215 1194
f 1190 1193 1215
f 1193 1183 1215
f 1165 1097 1099
f 1192 1190 1215
f 1193 1188 1183
f 1207 1164 1165
f 1188 1211 1183
f 1214 1152 1207
f 1152 1153 1207
f 1132 1126 1183
f 1153 1157 1207
f 1128 1196 1105
f 1157 1102 1207
f 1196 1103 1105
f 1139 1212 1106
f 1139 1141 1212
f 1210 1201 1135
f 1135 1166 1136
f 1210 1172 1200
f 1097 1155 1098
f 1106 1212 1107
f 1109 1159 1110
f 1110 1213 1137
f 1142 1163 1143
f 1138 1137 1145
f 1150 1205 1106
f 1161 1115 1162
f 1164 1158 1097
f 1179 1198 1180
f 1183 1126 1184
f 1194 1154 1160
f 1146 1145 1130
f 1145 1098 1179
f 1098 1155 1198
f 1169 1144 1140
f 1199 1104 1103
f 1099 1098 1145
f 1157 1156 1112
f 1121 1119 1117
f 1138 1146 1117
f 1115 1105 1104
f 1133 1187 1127
f 1125 1131 1210
f 1136 1166 1168
f 1107 1143 1104
f 1187 1133 1211
f 1191 1152 1213
f 1214 1207 1165
f 1130 1179 1181
f 1099 1137 1213
f 1183 1211 1133
f 1138 1116 1111
f 1166 1201 1173
f 1210 1200 1201
f 1135 1201 1166
f 1216 1217 1218
f 1218 1217 1219
f 1217 1216 1220
f 1220 1216 1221
f 1217 1220 1219
f 1219 1220 1222
f 1220 1221 1222
f 1222 1221 1223
f 1221 1216 1223
f 1223 1216 1218
f 1218 1219 1223
f 1223 1219 1222
f 1224 1225 1226
f 1226 1225 1227
f 1225 1224 1228
f 1228 1224 1229
f 1225 1228 1227
f 1227 1228 1230
f 1228 1229 1230
f 1230 1229 1231
f 1229 1224 1231
f 1231 1224 1226
f 1226 1227 1231
f 1231 1227 1230
f 1232 1233 1234
f 1234 1233 1235
f 1233 1232 1236
f 1236 1232 1237
f 1233 1236 1235
f 1235 1236 1238
f 1236 1237 1238
f 1238 1237 1239
f 1237 1232 1239
f 1239 1232 1234
f 1234 1235 1239
f 1239 1235 1238
f 1240 1241 1242
f 1242 1241 1243
f 1241 1240 1244
f 1244 1240 1245
f 1241 1244 1243
f 1243 1244 1246
f 1244 1245 1246
f 1246 1245 1247
f 1245 1240 1247
f 1247 1240 1242
f 1242 1243 1247
f 1247 1243 1246
f 1221 1220 1223
f 1223 1220 1222
f 1220 1221 1248
f 1248 1221 1249
f 1220 1248 1222
f 1222 1248 1250
f 1248 1249 1250
f 1250 1249 1251
f 1249 1221 1251
f 1251 1221 1223
f 1223 1222 1251
f 1251 1222 1250
f 1229 1228 1231
f 1231 1228 1230
f 1228 1229 1252
f 1252 1229 1253
f 1228 1252 1230
f 1230 1252 1254
f 1252 1253 1254
f 1254 1253 1255
f 1253 1229 1255
f 1255 1229 1231
f 1231 1230 1255
f 1255 1230 1254
f 1256 1257 1258
f 1258 1257 1259
f 1257 1256 1260
f 1260 1256 1261
f 1257 1260 1259
f 1259 1260 1262
f 1260 1261 1262
f 1262 1261 1263
f 1261 1256 1263
f 1263 1256 1258
f 1258 1259 1263
f 1263 1259 1262
f 1264 1265 1266
f 1266 1265 1267
f 1265 1264 1268
f 1268 1264 1269
f 1265 1268 1267
f 1267 1268 1270
f 1268 1269 1270
f 1270 1269 1271
f 1269 1264 1271
f 1271 1264 1266
f 1266 1267 1271
f 1271 1267 1270
f 1272 1273 1274
f 1274 1273 1275
f 1273 1272 1276
f 1276 1272 1277
f 1273 1276 1275
f 1275 1276 1278
f 1276 1277 1278
f 1278 1277 1279
f 1277 1272 1279
f 1279 1272 1274
f 1274 1275 1279
f 1279 1275 1278
f 1280 1281 1282
f 1282 1281 1283
f 1281 1280 1284
f 1284 1280 1285
f 1281 1284 1283
f 1283 1284 1286
f 1284 1285 1286
f 1286 1285 1287
f 1285 1280 1287
f 1287 1280 1282
f 1282 1283 1287
f 1287 1283 1286
f 1288 1289 1290
f 1290 1289 1291
f 1289 1288 1292
f 1292 1288 1293
f 1289 1292 1291
f 1291 1292 1294
f 1292 1293 1294
f 1294 1293 1295
f 1293 1288 1295
f 1295 1288 1290
f 1290 1291 1295
f 1295 1291 1294
f 570 588 572
f 1296 562 572
f 1297 1298 1299
f 562 577 572
f 577 570 572
f 1298 1300 1299
f 611 598 614
f 1300 1301 1299
f 577 574 570
f 574 567 570
f 1301 1302 1299
f 615 1303 1304
f 576 577 562
f 577 1305 574
f 1302 1306 1299
f 562 1296 563
f 1307 337 1308
f 1307 1304 337
f 1309 1310 1311
f 1312 1303 1299
f 598 1311 595
f 1296 1313 1314
f 1315 1316 1317
f 599 1318 598
f 599 1319 1318
f 1319 566 1318
f 566 575 1318
f 575 563 1318
f 1296 1320 1313
f 1320 1321 1313
f 1320 1322 1321
f 1320 1323 1322
f 1323 1316 1324
f 1323 1324 1322
f 1325 1317 1316
f 1316 1323 1325
f 1326 1309 1321
f 1327 577 576
f 1328 1298 1297
f 563 1314 1318
f 1329 1330 1331
f 1330 1303 1331
f 1324 1332 1326
f 1333 614 1334
f 1302 1301 1306
f 1301 1300 1306
f 1326 1329 1335
f 1300 1298 1306
f 1307 1312 1336
f 1299 1317 1297
f 1298 1337 1306
f 1332 1315 1329
f 1315 1317 1330
f 1315 1330 1329
f 1337 1338 1306
f 1338 572 1306
f 1317 1303 1330
f 572 588 1306
f 588 578 1306
f 578 1336 1306
f 578 570 1336
f 1308 337 1303
f 337 1304 1303
f 570 567 1336
f 611 1339 1336
f 1339 1307 1336
f 1339 1333 1307
f 1333 1334 1307
f 595 1311 1310
f 1333 1339 611
f 1314 1313 1309
f 1313 1321 1309
f 599 1336 567
f 1311 598 1309
f 1310 1329 1331
f 567 1319 599
f 567 575 1319
f 575 566 1319
f 567 574 575
f 574 1305 575
f 1305 1327 575
f 1327 576 575
f 576 563 575
f 1322 1324 1326
f 576 562 563
f 1325 1323 1320
f 1321 1322 1326
f 1318 1309 598
f 1325 572 1297
f 572 1328 1297
f 1338 1337 1328
f 572 1338 1328
f 1306 1336 1299
f 1337 1298 1328
f 1336 1312 1299
f 1325 1296 572
f 614 595 615
f 1307 1334 1304
f 614 1304 1334
f 598 595 614
f 1310 615 595
f 570 578 588
f 611 599 598
f 615 1331 1303
f 1309 1335 1310
f 1312 1308 1303
f 1315 1324 1316
f 1325 1297 1317
f 1326 1335 1309
f 1327 1305 577
f 563 1296 1314
f 1324 1315 1332
f 1333 611 614
f 1326 1332 1329
f 1307 1308 1312
f 1299 1303 1317
f 1320 1296 1325
f 599 611 1336
f 1310 1335 1329
f 1318 1314 1309
f 614 615 1304
f 1310 1331 615
f 1340 1341 1342
f 1343 1344 1345
f 1340 1346 1347
f 1340 1348 1346
f 1348 1349 1346
f 1350 1349 1351
f 1352 1353 1354
f 1355 1353 1356
f 1357 1358 1343
f 1359 1349 1356
f 1360 1361 1362
f 1363 1364 1365
f 1364 1366 1365
f 1364 1367 1366
f 1367 1368 1366
f 1368 1369 1366
f 1368 1370 1369
f 1368 1371 1370
f 1371 1372 1370
f 1373 1374 1375
f 1376 1377 1370
f 1377 1378 1370
f 1378 1379 1370
f 1378 1380 1379
f 1380 1381 1379
f 1342 1382 1383
f 1345 1353 1384
f 1376 1372 1385
f 1384 1386 1363
f 1386 1387 1363
f 1387 1388 1363
f 1388 1389 1363
f 1389 1390 1363
f 1390 1391 1363
f 1391 1364 1363
f 1362 1381 1360
f 1363 1392 1393
f 1394 1381 1380
f 1355 1395 1353
f 1395 1350 1353
f 1367 1396 1397
f 1363 1393 1384
f 1393 1345 1384
f 1352 1386 1384
f 1398 1399 1400
f 1401 1402 1348
f 1402 1375 1348
f 1375 1403 1348
f 1403 1404 1348
f 1404 1405 1348
f 1405 1403 1348
f 1403 1351 1348
f 1351 1406 1348
f 1406 1349 1348
f 1407 1387 1408
f 1406 1351 1349
f 1409 1350 1355
f 1350 1395 1355
f 1391 1367 1364
f 1354 1410 1352
f 1397 1372 1367
f 1372 1371 1367
f 1371 1368 1367
f 1379 1369 1370
f 1411 1412 1372
f 1412 1413 1372
f 1413 1377 1385
f 1377 1376 1385
f 1414 1378 1377
f 1413 1415 1377
f 1415 1408 1377
f 1408 1386 1377
f 1386 1414 1377
f 1414 1398 1378
f 1398 1400 1378
f 1400 1380 1378
f 1382 1416 1361
f 1408 1387 1386
f 1352 1410 1386
f 1417 1418 1386
f 1418 1419 1386
f 1419 1374 1386
f 1374 1420 1386
f 1420 1414 1386
f 1401 1340 1421
f 1422 1388 1387
f 1422 1423 1388
f 1423 1424 1388
f 1424 1389 1388
f 1424 1390 1389
f 1424 1391 1390
f 1423 1422 1391
f 1422 1396 1391
f 1424 1423 1391
f 1425 1421 1426
f 1427 1426 1399
f 1428 1427 1399
f 1429 1425 1426
f 1416 1430 1431
f 1421 1340 1342
f 1432 1433 1350
f 1433 1354 1350
f 1351 1432 1350
f 1402 1401 1421
f 1425 1429 1402
f 1429 1434 1402
f 1434 1373 1402
f 1373 1375 1402
f 1404 1403 1375
f 1396 1372 1397
f 1374 1419 1375
f 1435 1436 1430
f 1419 1437 1375
f 1436 1431 1430
f 1437 1404 1375
f 1361 1431 1438
f 1437 1405 1404
f 1439 1359 1430
f 1437 1432 1405
f 1359 1440 1430
f 1432 1403 1405
f 1440 1441 1430
f 1432 1351 1403
f 1441 1435 1430
f 1412 1415 1413
f 1442 1436 1435
f 1422 1411 1396
f 1422 1412 1411
f 1422 1407 1412
f 1438 1431 1436
f 1407 1408 1412
f 1442 1438 1436
f 1408 1415 1412
f 1373 1434 1414
f 1434 1429 1414
f 1441 1392 1443
f 1429 1398 1414
f 1420 1373 1414
f 1429 1428 1398
f 1347 1359 1439
f 1433 1417 1410
f 1444 1345 1359
f 1417 1386 1410
f 1345 1344 1359
f 1433 1437 1417
f 1344 1440 1359
f 1437 1418 1417
f 1437 1419 1418
f 1347 1346 1359
f 1428 1429 1427
f 1356 1444 1359
f 1437 1433 1432
f 1343 1358 1440
f 1358 1441 1440
f 1344 1343 1440
f 1358 1357 1441
f 1357 1445 1441
f 1443 1446 1441
f 1365 1366 1442
f 1366 1369 1442
f 1393 1445 1357
f 1379 1381 1442
f 1381 1447 1442
f 1447 1362 1442
f 1362 1448 1442
f 1448 1438 1442
f 1446 1365 1442
f 1443 1392 1446
f 1392 1449 1446
f 1449 1363 1446
f 1363 1365 1446
f 1362 1361 1438
f 1448 1362 1438
f 1399 1383 1394
f 1341 1439 1416
f 1394 1382 1360
f 1409 1356 1349
f 1356 1353 1444
f 1353 1345 1444
f 1446 1435 1441
f 1393 1357 1345
f 1357 1343 1345
f 1350 1354 1353
f 1413 1385 1372
f 1342 1426 1421
f 1400 1394 1380
f 1340 1347 1341
f 1350 1409 1349
f 1352 1384 1353
f 1359 1346 1349
f 1360 1382 1361
f 1373 1420 1374
f 1342 1341 1382
f 1376 1370 1372
f 1362 1447 1381
f 1363 1449 1392
f 1394 1360 1381
f 1367 1391 1396
f 1398 1428 1399
f 1407 1422 1387
f 1354 1433 1410
f 1379 1442 1369
f 1382 1341 1416
f 1401 1348 1340
f 1425 1402 1421
f 1427 1429 1426
f 1416 1439 1430
f 1396 1411 1372
f 1361 1416 1431
f 1441 1445 1392
f 1393 1392 1445
f 1399 1426 1383
f 1341 1347 1439
f 1394 1383 1382
f 1409 1355 1356
f 1446 1442 1435
f 1342 1383 1426
f 1400 1399 1394
f 1450 1451 1452
f 1452 1451 1453
f 1451 1454 1453
f 1453 1454 1455
f 1454 1456 1455
f 1455 1456 1457
f 1456 1450 1457
f 1457 1450 1452
f 1452 1453 1457
f 1457 1453 1455
f 1458 1459 1460
f 1461 1462 1463
f 1462 1464 1463
f 1464 1465 1463
f 1464 1466 1465
f 1464 1461 1466
f 1461 1467 1466
f 1467 1462 1466
f 1467 1461 1462
f 1461 1468 1462
f 1469 1470 1471
f 1472 1458 1470
f 1473 1474 1475
f 1460 1463 1458
f 1476 1477 1478
f 1479 1480 1473
f 1476 1481 1477
f 1482 1483 1477
f 1484 1485 1486
f 1487 1488 1489
f 1490 1491 1483
f 1490 1492 1491
f 1493 1494 1480
f 1492 1483 1495
f 1496 1480 1494
f 1497 1498 1476
f 1499 1500 1501
f 1498 1481 1476
f 1500 1502 1501
f 1475 1503 1495
f 1504 1477 1481
f 1479 1505 1506
f 1507 1499 1501
f 1474 1508 1503
f 1509 1510 1499
f 1464 1462 1461
f 1510 1500 1499
f 1507 871 1499
f 871 1511 1499
f 1504 1498 1512
f 1511 1513 1499
f 1513 1514 1499
f 1514 1515 1499
f 1515 1509 1499
f 1510 1502 1500
f 1488 1516 1502
f 1510 1517 1502
f 1517 1518 1502
f 1518 1519 1502
f 1519 1520 1502
f 1520 1488 1502
f 1502 1521 1500
f 1521 1501 1500
f 1521 1522 1501
f 1522 1523 1501
f 1523 1485 1501
f 1478 1461 1460
f 1484 871 1501
f 871 1507 1501
f 1524 1519 1509
f 1519 1525 1509
f 1525 1517 1509
f 1517 1510 1509
f 1515 1514 1509
f 1514 1513 1509
f 1513 1526 1509
f 1526 1524 1509
f 1484 1527 871
f 1527 1528 871
f 1528 1529 871
f 1529 1513 871
f 1513 1511 871
f 1529 1526 1513
f 1530 1516 1488
f 1520 1489 1488
f 1528 1531 1532
f 1530 1533 1516
f 1533 1534 1516
f 1476 1460 1459
f 1535 1502 1516
f 1525 1518 1517
f 1525 1519 1518
f 1524 1536 1519
f 1537 1536 1520
f 1536 1532 1520
f 1532 1489 1520
f 1475 1504 1473
f 1538 1522 1521
f 1538 1539 1522
f 1539 1523 1522
f 1540 1541 1523
f 1541 1542 1523
f 1542 1486 1523
f 1486 1485 1523
f 1542 1543 1486
f 1543 1484 1486
f 1543 1527 1484
f 1526 1536 1524
f 1529 1532 1526
f 1532 1536 1526
f 1543 1544 1527
f 1544 1508 1527
f 1508 1496 1527
f 1496 1494 1527
f 1494 1545 1527
f 1545 1489 1531
f 1545 1531 1527
f 1497 1512 1498
f 1532 1529 1528
f 1534 1533 1530
f 1487 1546 1530
f 1546 1534 1530
f 1532 1531 1489
f 1545 1494 1489
f 1494 1547 1489
f 1547 1493 1489
f 1493 1548 1489
f 1548 1549 1489
f 1549 1487 1489
f 1549 1548 1487
f 1548 1506 1487
f 1506 1505 1487
f 1505 1550 1487
f 1550 1546 1487
f 1551 1538 1534
f 1538 1552 1534
f 1551 1539 1538
f 1539 1463 1523
f 1463 1465 1523
f 1465 1466 1523
f 1466 1462 1523
f 1462 1540 1523
f 1551 1534 1539
f 1534 1471 1539
f 1482 1495 1483
f 1462 1468 1540
f 1468 1541 1540
f 1468 1461 1541
f 1552 1516 1534
f 1478 1477 1541
f 1503 1544 1543
f 1491 1542 1541
f 1491 1492 1542
f 1492 1495 1542
f 1553 1503 1543
f 1473 1512 1479
f 1476 1459 1546
f 1459 1472 1546
f 1472 1534 1546
f 1550 1554 1546
f 1554 1476 1546
f 1470 1539 1471
f 1506 1548 1493
f 1479 1506 1493
f 1497 1476 1505
f 1476 1550 1505
f 1476 1554 1550
f 1472 1470 1534
f 1470 1469 1534
f 1469 1471 1534
f 1470 1458 1463
f 1491 1477 1483
f 1521 1552 1538
f 1535 1521 1502
f 1536 1537 1519
f 1537 1520 1519
f 1553 1543 1542
f 1553 1495 1503
f 1458 1472 1459
f 1473 1480 1474
f 1460 1461 1463
f 1479 1493 1480
f 1484 1501 1485
f 1487 1530 1488
f 1493 1547 1494
f 1492 1490 1483
f 1496 1474 1480
f 1475 1474 1503
f 1504 1482 1477
f 1479 1512 1505
f 1474 1496 1508
f 1504 1481 1498
f 1478 1541 1461
f 1528 1527 1531
f 1476 1478 1460
f 1475 1482 1504
f 1497 1505 1512
f 1482 1475 1495
f 1552 1535 1516
f 1503 1508 1544
f 1473 1504 1512
f 1470 1463 1539
f 1491 1541 1477
f 1521 1535 1552
f 1553 1542 1495
f 1304 1555 1334
f 1556 1557 1558
f 1558 1557 1559
f 1560 1561 1562
f 1563 1559 1564
f 1565 1566 1564
f 1566 1567 1568
f 1566 1568 1569
f 1570 1571 1568
f 1568 1571 1572
f 1568 1572 1569
f 1569 1572 1573
f 1569 1573 1574
f 1571 1570 1575
f 1573 1572 1559
f 1559 1572 1571
f 1559 1563 1560
f 1559 1560 1573
f 1573 1560 1562
f 1562 1556 1571
f 1562 1571 1575
f 1573 1575 1570
f 1573 1570 1574
f 1575 1573 1562
f 1556 1558 1571
f 1571 1558 1559
f 1566 1569 1564
f 1564 1569 1574
f 1564 1574 1576
f 1576 1574 1570
f 1576 1570 1567
f 1567 1570 1568
f 1564 1576 1577
f 1577 1576 1560
f 1577 1560 1563
f 1563 1560 1561
f 1557 1556 1578
f 1562 1578 1556
f 1578 1562 1567
f 1567 1566 1579
f 1579 1566 1556
f 1579 1556 1578
f 1578 1567 1579
f 1565 1564 1559
f 1563 1564 1577
f 1580 1567 1562
f 1580 1562 1561
f 1560 1576 1561
f 1561 1576 1580
f 1565 1559 1557
f 1556 1566 1557
f 1557 1566 1565
f 1580 1576 1567
f 1581 1582 1583
f 1583 1582 1584
f 1582 1585 1584
f 1584 1585 1586
f 1586 1587 1588
f 1588 1587 1589
f 1588 1589 1590
f 1590 1589 1581
f 1581 1589 1582
f 1585 1587 1586
f 1585 1582 1591
f 1591 1582 1592
f 1591 1592 1593
f 1593 1592 1594
f 1595 1593 1594
f 1593 1596 1591
f 1591 1596 1597
f 1582 1589 1592
f 1589 1587 1592
f 1592 1587 1598
f 1598 1597 1599
f 1599 1597 1596
f 1599 1596 1600
f 1592 1598 1594
f 1594 1598 1599
f 1601 1596 1602
f 1602 1596 1593
f 1593 1595 1583
f 1583 1595 1581
f 1581 1603 1590
f 1590 1603 1588
f 1604 1588 1603
f 1588 1603 1605
f 1588 1605 1599
f 1599 1605 1594
f 1599 1604 1588
f 1606 1601 1586
f 1586 1601 1584
f 1607 1584 1601
f 1584 1601 1602
f 1584 1602 1593
f 1584 1607 1583
f 1583 1607 1581
f 1588 1604 1586
f 1586 1604 1606
f 1600 1596 1606
f 1606 1596 1601
f 1595 1594 1581
f 1581 1594 1590
f 1590 1594 1603
f 1603 1594 1605
f 1606 1604 1600
f 1600 1604 1599
f 1591 1597 1585
f 1585 1597 1598
f 1585 1598 1587
f 1607 1584 1593
f 1607 1593 1583
f 1608 1609 1610
f 1610 1609 1611
f 1612 1613 1614
f 1615 1611 56
f 1615 56 1616
f 1616 56 57
f 57 60 56
f 56 60 1616
f 57 1617 60
f 60 1617 1616
f 1617 1618 63
f 1617 63 59
f 63 67 65
f 65 67 1619
f 65 1619 63
f 63 1619 1620
f 63 1620 59
f 59 1620 1621
f 59 1621 58
f 58 1621 71
f 67 71 1622
f 67 1622 1619
f 1621 1620 1611
f 1611 1620 1619
f 1611 1615 1612
f 1611 1612 1621
f 1621 1612 1614
f 1614 1608 1619
f 1614 1619 1622
f 1621 1622 71
f 1622 1621 1614
f 1608 1610 1619
f 1619 1610 1611
f 58 71 59
f 1617 59 1616
f 1616 59 71
f 1616 71 1623
f 1623 71 67
f 1623 67 1618
f 1618 67 63
f 1616 1623 70
f 70 1623 1612
f 70 1612 1615
f 1615 1612 1613
f 1609 1608 1624
f 1614 1624 1608
f 1624 1614 64
f 1624 64 1618
f 1618 64 66
f 1618 1617 62
f 62 1617 1608
f 62 1608 1624
f 1624 1618 62
f 57 56 1611
f 1615 1616 70
f 66 64 1614
f 66 1614 1613
f 1612 1623 1613
f 1613 1623 68
f 1613 68 66
f 66 68 1623
f 57 1611 1609
f 1608 1617 1609
f 1609 1617 60
f 1609 60 57
f 66 68 64
f 64 68 1618
f 1618 68 1623
f 1625 1626 1627
f 1627 1626 1628
f 1626 1629 1628
f 1628 1629 1630
f 1630 1631 1632
f 1632 1631 1633
f 1632 1633 1634
f 1634 1633 1625
f 1625 1633 1626
f 1629 1631 1630
f 1629 1626 1635
f 1635 1626 1636
f 1636 1626 1637
f 1636 1569 1638
f 1638 1569 1639
f 1638 1639 1566
f 1566 1639 1640
f 1640 1638 1566
f 1638 1641 1636
f 1636 1641 1635
f 1626 1633 1637
f 1633 1631 1637
f 1637 1631 1642
f 1642 1631 1635
f 1642 1635 1643
f 1643 1635 1641
f 1643 1641 1644
f 1636 1637 1569
f 1569 1637 1642
f 1569 1642 1639
f 1639 1642 1643
f 1645 1641 1646
f 1646 1641 1638
f 1638 1640 1627
f 1627 1640 1625
f 1625 29 1647
f 1625 1647 28
f 28 1647 1634
f 28 1634 1625
f 1634 1647 1632
f 23 1632 1647
f 23 1647 29
f 23 29 1632
f 1632 29 1648
f 1632 1648 1643
f 1643 1648 1639
f 1643 23 1632
f 1649 1645 1630
f 1630 1645 1628
f 1628 1645 40
f 1628 40 1650
f 1650 40 1645
f 40 1645 1646
f 40 1646 1638
f 1628 1650 1627
f 1627 1650 1625
f 1632 23 1630
f 1630 23 1649
f 1644 1641 1649
f 1649 1641 1645
f 1640 1639 1625
f 1625 1639 28
f 1625 28 29
f 28 1639 29
f 29 1639 1648
f 1649 23 1644
f 1644 23 1643
f 1635 1631 1629
f 1650 40 1638
f 1650 1638 1627
f 1555 1333 1334
f 1555 1304 1651
f 1651 1304 1652
f 1304 1334 1652
f 1652 1334 1653
f 1334 1333 1653
f 1653 1333 1654
f 1333 1555 1654
f 1654 1555 1651
f 1653 1654 1655
f 1655 1654 1656
f 1654 1651 1656
f 1656 1651 1657
f 1651 1652 1657
f 1657 1652 1658
f 1652 1653 1658
f 1658 1653 1655
f 1655 1656 1659
f 1659 1656 1660
f 1656 1657 1660
f 1660 1657 1661
f 1657 1658 1661
f 1661 1658 1662
f 1658 1655 1662
f 1662 1655 1659
f 1661 1662 1659
f 1660 1661 1659
f 1663 1664 1665
f 1665 1666 1663
f 1665 1664 1667
f 1667 1664 1668
f 1664 1663 1668
f 1668 1663 1669
f 1663 1666 1669
f 1669 1666 1670
f 1666 1665 1670
f 1670 1665 1667
f 1669 1670 1327
f 1327 1670 1305
f 1670 1667 1305
f 1305 1667 1671
f 1667 1668 1671
f 1671 1668 1672
f 1668 1669 1672
f 1672 1669 1327
f 1327 1305 1673
f 1673 1305 1674
f 1305 1671 1674
f 1674 1671 1675
f 1671 1672 1675
f 1675 1672 1676
f 1672 1327 1676
f 1676 1327 1673
f 1675 1676 1673
f 1674 1675 1673
f 1677 1603 1558
f 1558 1603 1557
f 1557 1588 1678
f 1678 1588 1677
f 1678 1677 1558
f 1557 1678 1558
f 1677 1588 1603
f 1588 1557 1603
f 1589 1581 1559
f 1559 1679 1572
f 1559 1572 1589
f 1572 1679 1589
f 1589 1679 1581
f 1679 1559 1581
f 1680 1583 1563
f 1563 1583 1681
f 1680 1681 1583
f 1563 1681 1680
f 1682 1601 1683
f 1683 1601 1561
f 1561 1584 1684
f 1684 1584 1682
f 1684 1682 1683
f 1561 1684 1683
f 1682 1584 1601
f 1584 1561 1601
f 1585 1586 1562
f 1562 1685 1575
f 1562 1575 1585
f 1575 1685 1585
f 1585 1685 1586
f 1685 1562 1586
f 1686 1604 1687
f 1687 1604 1578
f 1578 1688 1689
f 1689 1688 1686
f 1689 1686 1687
f 1578 1689 1687
f 1686 1688 1604
f 1688 1578 1604
f 1690 1647 1610
f 1610 1647 1609
f 1609 1632 1691
f 1691 1632 1690
f 1691 1690 1610
f 1609 1691 1610
f 1690 1632 1647
f 1632 1609 1647
f 1633 1625 1611
f 1611 1692 1620
f 1611 1620 1633
f 1620 1692 1633
f 1633 1692 1625
f 1692 1611 1625
f 1693 1627 1615
f 1615 1627 1694
f 1693 1694 1627
f 1615 1694 1693
f 1695 1645 1696
f 1696 1645 1613
f 1613 1628 1697
f 1697 1628 1695
f 1697 1695 1696
f 1613 1697 1696
f 1695 1628 1645
f 1628 1613 1645
f 1629 1630 1614
f 1614 1698 1622
f 1614 1622 1629
f 1622 1698 1629
f 1629 1698 1630
f 1698 1614 1630
f 1699 1700 1624
f 1624 1701 1702
f 1702 1701 1700
f 1702 1700 1699
f 1624 1702 1699
f 1701 1624 1700
f 1703 1704 1705
f 1705 1704 1706
f 1707 1708 1709
f 1709 1708 1710
f 1704 1710 1706
f 1706 1710 1708
f 1706 1708 1705
f 1705 1708 1707
f 1705 1707 1703
f 1703 1707 1709
f 1703 1709 1704
f 1704 1709 1710
f 1711 1712 1713
f 1714 1715 1716
f 1715 1717 1718
f 1714 1719 1715
f 1719 1720 1715
f 1720 1721 1715
f 1721 1722 1715
f 1721 1720 1722
f 1723 1724 1725
f 1723 1726 1724
f 1723 1727 1726
f 1727 1728 1726
f 1728 1729 1726
f 1729 1730 1726
f 1730 1731 1726
f 1731 1732 1726
f 1732 1733 1726
f 1733 1734 1726
f 1734 1735 1726
f 1730 1736 1731
f 1730 1737 1736
f 1737 1738 1736
f 1737 1739 1738
f 1739 1728 1738
f 1728 1740 1738
f 1728 1741 1740
f 1728 1742 1741
f 1742 1743 1741
f 1744 1745 1742
f 1745 1746 1742
f 1747 1748 1749
f 1745 1719 1746
f 1719 1750 1746
f 1750 1714 1751
f 1750 1719 1714
f 1752 1720 1719
f 1745 1744 1719
f 1753 1712 1754
f 1712 1755 1754
f 1728 1752 1719
f 1755 1749 1754
f 1749 1748 1754
f 1752 1727 1720
f 1727 1723 1720
f 1723 1722 1720
f 1756 1757 1754
f 1752 1728 1727
f 1739 1729 1728
f 1757 1713 1754
f 1713 1753 1754
f 1739 1737 1729
f 1737 1730 1729
f 1713 1712 1753
f 1758 1755 1712
f 1728 1744 1742
f 1758 1749 1755
f 1759 1760 1749
f 1760 1747 1749
f 1756 1748 1718
f 1758 1761 1749
f 1761 1711 1749
f 1711 1762 1749
f 1762 1763 1749
f 1763 1764 1749
f 1764 1765 1749
f 1765 1759 1749
f 1766 1767 1748
f 1767 1716 1748
f 1716 1718 1748
f 1717 1713 1757
f 1717 1715 1713
f 1715 1722 1713
f 1722 1725 1713
f 1725 1711 1713
f 1711 1768 1758
f 1768 1761 1758
f 1725 1724 1711
f 1724 1726 1711
f 1726 1735 1711
f 1735 1763 1711
f 1763 1762 1711
f 1761 1768 1711
f 1765 1734 1759
f 1734 1733 1759
f 1733 1760 1759
f 1733 1732 1760
f 1732 1731 1760
f 1731 1736 1760
f 1736 1747 1760
f 1736 1738 1747
f 1738 1740 1747
f 1740 1741 1747
f 1741 1743 1747
f 1743 1742 1747
f 1742 1746 1747
f 1746 1766 1747
f 1735 1765 1763
f 1765 1764 1763
f 1735 1734 1765
f 1751 1714 1766
f 1714 1767 1766
f 1746 1750 1766
f 1750 1751 1766
f 1714 1716 1767
f 1715 1718 1716
f 1718 1717 1756
f 1717 1757 1756
f 1711 1758 1712
f 1747 1766 1748
f 1723 1725 1722
f 1728 1719 1744
f 1756 1754 1748
f 1769 1770 1771
f 1771 1770 1772
f 1771 1772 1773
f 1773 1772 1774
f 1773 1774 1775
f 1775 1774 1776
f 1776 1774 1777
f 1776 1777 1778
f 1779 1780 1781
f 1781 1780 1782
f 1781 1782 1783
f 1783 1782 1784
f 1783 1784 1785
f 1785 1784 1786
f 1784 1787 1786
f 1788 1789 1790
f 1790 1789 1791
f 1790 1791 1792
f 1792 1791 1793
f 1792 1793 1794
f 1794 1793 1795
f 1795 1793 1796
f 1795 1796 1797
f 1798 1799 1800
f 1800 1799 1801
f 1801 1799 1802
f 1801 1802 1803
f 1803 1804 1801
f 1801 1804 1805
f 1804 1806 1805
f 1805 1806 1807
f 1805 1807 1808
f 1805 1808 1809
f 1807 1806 1810
f 1811 1812 1813
f 1812 1814 1815
f 1816 1814 1817
f 1814 1816 1818
f 1816 1819 1818
f 1818 1819 1820
f 1819 1821 1820
f 1820 1821 1822
f 1821 1823 1822
f 1822 1823 1824
f 1818 1820 1822
f 1822 1824 1825
f 1826 1827 1828
f 1828 1827 1829
f 1829 1827 1830
f 1831 1832 1833
f 1834 1835 1812
f 1834 1812 1836
f 1832 1837 1833
f 1833 1837 1838
f 1833 1838 1839
f 1838 1837 1840
f 1833 1841 1842
f 1841 1843 1844
f 1845 1846 1836
f 1845 1836 1812
f 1812 1835 1847
f 1847 1848 1849
f 1849 1848 1850
f 1848 1851 1850
f 1852 1851 1844
f 1852 1844 1853
f 1854 1855 1856
f 1856 1857 1858
f 1859 1860 1861
f 1861 1860 1862
f 1862 1860 1863
f 1862 1863 1864
f 1865 1866 1867
f 1865 1867 1868
f 1868 1867 1869
f 1868 1869 1870
f 1870 1869 1871
f 1871 1869 1872
f 1871 1872 1857
f 1873 1874 1875
f 1873 1875 1876
f 1873 1876 1877
f 1875 1874 1878
f 1879 1880 1881
f 1881 1880 1882
f 1881 1883 1879
f 1879 1883 1884
f 1884 1885 1886
f 1886 1885 1887
f 1886 1887 1888
f 1888 1856 1889
f 1856 1890 1891
f 1880 1879 1892
f 1879 1884 1886
f 1886 1888 1889
f 1893 1889 1856
f 1894 1895 1896
f 1895 1897 1898
f 1899 1897 1900
f 1897 1899 1901
f 1899 1902 1901
f 1901 1902 1903
f 1902 1904 1903
f 1903 1904 1905
f 1904 1906 1905
f 1906 1907 1905
f 1901 1903 1905
f 1908 1909 1910
f 1910 1909 1911
f 1911 1909 1912
f 1913 1914 1915
f 1913 1915 1916
f 1915 1914 1917
f 1918 1919 1920
f 1919 1918 1921
f 1921 1918 1922
f 1921 1922 1923
f 1923 1924 1925
f 1925 1924 1926
f 1925 1926 1927
f 1927 1895 1928
f 1895 1929 1930
f 1931 1914 1913
f 1932 1928 1895
f 1932 1895 1930
f 1930 1929 1933
f 1934 1935 1936
f 1937 1938 1939
f 1939 1940 1941
f 1941 1940 1942
f 1943 1944 1945
f 1945 1944 1946
f 1946 1944 1947
f 1946 1947 1948
f 1949 1950 1936
f 1949 1936 1951
f 1951 1936 1935
f 1951 1935 1952
f 1952 1935 1934
f 1952 1934 1953
f 1953 1934 1940
f 1954 1939 1955
f 1939 1956 1957
f 1957 1958 1959
f 1959 1958 1960
f 1960 1958 1961
f 1961 1962 1963
f 1963 1962 1964
f 1958 1965 1961
f 1965 1962 1961
f 1966 1967 1968
f 1966 1968 1969
f 1967 1966 1970
f 1971 1972 1962
f 1962 1972 1964
f 1964 1972 1973
f 1974 1833 1975
f 1974 1975 1943
f 1943 1975 1976
f 1943 1976 1977
f 1943 1977 1944
f 1976 1975 1977
f 1977 1975 1833
f 1978 1913 1979
f 1979 1978 1980
f 1979 1980 1860
f 1981 1860 1982
f 1981 1980 1913
f 1978 1913 1980
f 1894 1983 1984
f 1894 1984 1985
f 1986 1955 1985
f 1894 1987 1988
f 1988 1987 1929
f 1929 1987 1931
f 1987 1989 1931
f 1931 1989 1990
f 1990 1989 1991
f 1989 1992 1991
f 1991 1992 1855
f 1992 1993 1890
f 1994 1995 1996
f 1996 1995 1811
f 1811 1995 1997
f 1997 1831 1845
f 1938 1998 1999
f 2000 2001 2002
f 2002 2001 1953
f 2002 1953 1960
f 1953 2001 2003
f 2003 2001 2004
f 2003 2004 2005
f 2006 2007 2008
f 2008 2007 1871
f 2008 1871 2009
f 1871 2007 2010
f 2010 2007 2011
f 2010 2011 1922
f 1998 1943 2012
f 2012 1943 1974
f 2012 1974 1837
f 2012 1837 1831
f 1831 1837 1832
f 2013 1814 1847
f 1847 2013 1835
f 1812 1811 1997
f 1845 1812 1997
f 1835 1815 1812
f 1814 1815 2013
f 1826 1994 1996
f 1994 2014 1874
f 1994 1874 1993
f 1890 1856 1992
f 1992 1856 2015
f 1856 2015 1857
f 1855 1992 1856
f 2015 1856 1888
f 1871 1857 2016
f 1859 1990 1991
f 1990 1979 1931
f 1931 1979 1914
f 2017 1897 1927
f 1927 2017 1928
f 1895 1894 1988
f 1929 1895 1988
f 1928 1898 1895
f 1897 1898 2017
f 1908 1985 1984
f 1985 2018 2019
f 1985 2019 1986
f 2019 2018 1966
f 1955 1939 1999
f 1999 1939 2020
f 1939 2020 1940
f 1938 1999 1939
f 2020 1939 1957
f 1953 1940 2021
f 1824 2022 1825
f 1825 2022 1827
f 2022 1880 1827
f 1827 1880 2023
f 1880 1892 2023
f 2023 1892 1877
f 1947 2024 1977
f 1977 2024 2025
f 1977 2025 1833
f 1833 2025 1841
f 1841 2025 1843
f 2025 2024 1950
f 1844 1843 1853
f 1853 1843 2026
f 1863 2027 1981
f 1981 2027 2028
f 1981 2028 1913
f 1913 2028 2029
f 2029 2028 1919
f 2028 2027 1866
f 1907 2030 2031
f 2031 2030 1909
f 2030 1972 1909
f 1909 1972 2032
f 1972 1971 2032
f 2032 1971 1969
f 2033 2034 2035
f 2035 2034 2036
f 2034 2037 2036
f 2036 2037 2038
f 1810 2035 2039
f 1810 2039 1807
f 1807 2039 2040
f 1807 2040 1808
f 1808 2040 2041
f 1808 2041 1809
f 1799 1798 2036
f 2036 1798 2042
f 1798 1800 2042
f 2042 1800 2043
f 1800 1801 2043
f 2043 1801 2044
f 2036 2038 1799
f 1799 2038 2045
f 1799 2045 2046
f 1799 2046 1802
f 1802 2046 1803
f 2046 2047 1803
f 1803 2047 1804
f 1804 2047 1806
f 1806 2047 2048
f 1806 2048 1810
f 1810 2048 2049
f 1810 2049 2035
f 2035 2049 2033
f 2033 2049 2034
f 2034 2049 2050
f 2034 2050 2037
f 2037 2050 2038
f 2045 2038 2050
f 2051 2052 1792
f 1792 2052 1790
f 2052 2053 1790
f 1790 2053 1788
f 2053 2054 1788
f 1788 2054 1789
f 2054 2055 1789
f 1789 2055 1791
f 2051 2056 2052
f 2052 2056 2057
f 2052 2057 2058
f 2052 2058 2053
f 2053 2058 2059
f 2053 2059 2060
f 2060 2059 2061
f 2060 2061 2062
f 2062 2063 2060
f 2060 2063 2064
f 2060 2064 2065
f 2065 2064 2066
f 2065 2066 2067
f 2065 2067 2068
f 2068 2067 2069
f 2068 2069 2070
f 2067 2071 2069
f 2069 2071 2072
f 2069 2072 2073
f 2073 2074 2069
f 2069 2074 2075
f 2074 2076 2075
f 2075 2076 2077
f 2075 2077 2059
f 2059 2077 2061
f 2053 2060 2054
f 2054 2060 2055
f 1797 1796 2078
f 2078 1796 2079
f 2078 2080 1797
f 1797 2080 2081
f 1797 2081 2082
f 1797 2082 1795
f 1795 2082 1794
f 2082 2083 1794
f 1794 2083 1792
f 1792 2083 2051
f 2051 2083 2056
f 2056 2083 2084
f 2056 2084 2085
f 2085 2084 2086
f 2085 2086 2087
f 2087 2086 2088
f 2087 2088 2089
f 2089 2088 2080
f 2081 2080 2088
f 2080 2078 2079
f 2090 2091 1783
f 1783 2091 1781
f 2091 2092 1781
f 1781 2092 1779
f 2092 2093 1779
f 1779 2093 1780
f 2093 2094 1780
f 1780 2094 1782
f 1786 1787 2095
f 2095 1787 2096
f 2095 2097 1786
f 1786 2097 2098
f 1786 2098 1785
f 1785 2098 2099
f 1785 2099 1783
f 1783 2099 2090
f 2090 2099 2100
f 2100 2099 2101
f 2100 2101 2102
f 2102 2101 2103
f 2102 2103 2104
f 2104 2103 2105
f 2104 2105 2106
f 2106 2105 2107
f 2106 2107 2108
f 2108 2107 2098
f 2108 2098 2097
f 2109 2110 1773
f 1773 2110 1771
f 2110 2111 1771
f 1771 2111 1769
f 2111 2112 1769
f 1769 2112 1770
f 2112 2113 1770
f 1770 2113 1772
f 2109 2114 2110
f 2110 2114 2115
f 2110 2115 2116
f 2110 2116 2111
f 2111 2116 2117
f 2111 2117 2118
f 2118 2117 2119
f 2118 2119 2120
f 2120 2121 2118
f 2118 2121 2122
f 2118 2122 2123
f 2123 2122 2124
f 2123 2124 2125
f 2123 2125 2126
f 2126 2125 2127
f 2126 2127 2104
f 2104 2127 2128
f 2104 2128 2102
f 2102 2128 2100
f 2100 2128 2090
f 2090 2128 2057
f 2090 2057 2056
f 2056 2085 2090
f 2090 2085 2091
f 2085 2087 2091
f 2091 2087 2129
f 2091 2129 2130
f 2091 2130 2092
f 2092 2130 2131
f 2092 2131 2093
f 2093 2131 2132
f 2093 2132 2133
f 2093 2133 2094
f 2094 2133 2134
f 2094 2134 2135
f 2094 2135 2136
f 2136 2135 2137
f 2135 2138 2137
f 2137 2138 2079
f 2138 2139 2079
f 2079 2139 2140
f 2079 2140 2080
f 2080 2140 2141
f 2080 2141 2089
f 2089 2141 2142
f 2089 2142 2129
f 2129 2087 2089
f 2104 2106 2126
f 2126 2106 2108
f 2126 2108 2097
f 2097 2095 2126
f 2126 2095 2096
f 2125 2143 2127
f 2127 2143 2144
f 2127 2144 2145
f 2145 2146 2127
f 2127 2146 2147
f 2146 2148 2147
f 2147 2148 2149
f 2147 2149 2117
f 2117 2149 2119
f 2111 2118 2112
f 2112 2118 2113
f 2114 2150 2115
f 2115 2150 2036
f 2115 2036 2070
f 2070 2036 2042
f 2070 2042 2068
f 2068 2042 2043
f 2068 2043 2044
f 2150 2151 2036
f 2036 2151 2035
f 2151 2152 2035
f 2035 2152 2153
f 2035 2153 2154
f 2035 2154 2039
f 2039 2154 2155
f 2039 2155 2040
f 2040 2155 2156
f 2040 2156 2157
f 2040 2157 2041
f 2041 2157 2158
f 2041 2158 2159
f 2153 2152 2160
f 2160 2152 2161
f 2152 2162 2161
f 2161 2162 2163
f 2163 2162 2164
f 2163 2164 2165
f 2165 2164 2166
f 2164 2167 2166
f 2166 2167 2159
f 2159 2167 2041
f 2041 2167 2168
f 1778 1777 2162
f 2162 1777 2164
f 2162 2152 1778
f 1778 2152 2169
f 1778 2169 2170
f 1778 2170 1776
f 1776 2170 2171
f 1776 2171 1775
f 1775 2171 2172
f 1775 2172 1773
f 1773 2172 2109
f 2109 2172 2114
f 2172 2173 2114
f 2114 2173 2150
f 2173 2174 2150
f 2150 2174 2151
f 2174 2169 2151
f 2151 2169 2152
f 2175 2176 1850
f 1850 2176 350
f 1850 350 1816
f 1816 350 2177
f 1816 2177 2178
f 2178 2177 2179
f 2178 2179 1883
f 1883 2179 2180
f 2175 1850 2181
f 2175 2181 2182
f 2181 2183 2182
f 2182 2183 2004
f 2183 2184 2004
f 2004 2184 2005
f 2005 2184 2185
f 2005 2185 1852
f 1852 2185 1851
f 1851 2185 2186
f 1851 2186 1850
f 1850 2186 2187
f 1850 2187 2181
f 2009 1887 2008
f 2008 1887 2188
f 2008 2188 354
f 2188 2189 354
f 2189 2190 354
f 354 2190 2180
f 2180 2190 1883
f 1883 2190 2191
f 1883 2191 1884
f 1884 2191 2192
f 1884 2192 1885
f 1885 2192 2193
f 1885 2193 1887
f 1887 2193 2188
f 2009 1871 1887
f 2194 2195 2196
f 2196 2195 309
f 2196 309 1899
f 1899 309 2197
f 1899 2197 2198
f 2198 2197 2199
f 2198 2199 1963
f 1963 2199 2200
f 2196 1926 2194
f 2194 1926 2201
f 2194 2201 2202
f 2201 2203 2202
f 2202 2203 2011
f 2203 2204 2011
f 2011 2204 1922
f 1922 2204 2205
f 1922 2205 1923
f 1923 2205 2206
f 1923 2206 1924
f 1924 2206 2207
f 1924 2207 1926
f 1926 2207 2201
f 2196 1899 1926
f 2002 1960 2208
f 2002 2208 388
f 2208 2209 388
f 2209 2210 388
f 388 2210 2200
f 2200 2210 1963
f 1963 2210 2211
f 1963 2211 1961
f 1961 2211 2212
f 1961 2212 1960
f 1960 2212 2213
f 1960 2213 2208
f 1828 2214 1826
f 1826 2214 1994
f 2214 1878 1994
f 1994 1878 2014
f 2014 1878 1874
f 1828 1829 2214
f 1827 2023 1830
f 1830 2023 2215
f 2023 1877 2215
f 2215 1877 1876
f 1876 1875 2215
f 2215 1829 1830
f 1829 1828 1830
f 1878 2214 1875
f 1883 2216 2178
f 2178 2216 1823
f 2178 1823 1819
f 2178 1819 1816
f 1816 1819 2217
f 1816 2217 1850
f 1883 1881 2216
f 1881 1882 2216
f 1823 1821 1819
f 1880 2022 1882
f 1882 2022 2216
f 2022 1824 2216
f 2216 1824 1823
f 1814 2013 1817
f 1817 2013 2218
f 2013 1847 2218
f 2218 1847 1849
f 1850 2217 1849
f 1849 2217 2218
f 2218 2217 1817
f 1817 2217 1816
f 1949 2219 1950
f 1950 2219 2025
f 2219 2026 2025
f 2025 2026 1843
f 1852 2219 2005
f 2005 2219 2003
f 2003 2219 1949
f 2003 1949 1952
f 2003 1952 1953
f 1953 1952 2220
f 1953 2220 1960
f 1852 1853 2219
f 2026 2219 1853
f 1949 1951 1952
f 1945 2221 1943
f 1943 2221 1974
f 2221 1840 1974
f 1974 1840 1837
f 1947 1977 1948
f 1948 1977 2222
f 1977 1833 2222
f 2222 1833 1839
f 1948 2222 1946
f 1945 2221 1838
f 2221 1838 1840
f 1839 1838 2222
f 1916 2223 1913
f 1913 2223 1981
f 2223 1864 1981
f 1981 1864 1863
f 1914 1979 1917
f 1917 1979 2224
f 1979 1990 2224
f 2224 1990 1861
f 1990 1859 1861
f 1917 2224 1915
f 1916 1915 2223
f 1861 2224 1915
f 1864 2223 1862
f 1922 2225 2010
f 2010 2225 1865
f 2010 1865 1870
f 2010 1870 1871
f 1871 1870 2226
f 1871 2226 1887
f 1887 2226 1885
f 1922 1918 2225
f 1919 2028 1920
f 1920 2028 2225
f 2028 1866 2225
f 2225 1866 1865
f 1920 2225 1918
f 1865 1868 1870
f 1887 2227 1888
f 1888 2227 2015
f 2227 2016 2015
f 2015 2016 1857
f 2227 1887 1885
f 2227 1885 1871
f 1871 1885 2226
f 2016 2227 1871
f 1910 2228 1908
f 1908 2228 1985
f 2228 1970 1985
f 1985 1970 2018
f 2018 1970 1966
f 1910 1911 2228
f 1909 2032 1912
f 1912 2032 2229
f 2032 1969 2229
f 2229 1969 1968
f 1968 1967 2229
f 2229 1911 1912
f 1911 1910 1912
f 1970 2228 1967
f 1963 2230 2198
f 2198 2230 1906
f 2198 1906 1902
f 2198 1902 1899
f 1899 1902 2231
f 1899 2231 1926
f 1926 2231 1924
f 1963 1964 2230
f 1964 1973 2230
f 1906 1904 1902
f 1972 2030 1973
f 1973 2030 2230
f 2030 1907 2230
f 2230 1907 1906
f 1897 2017 1900
f 1900 2017 2232
f 2017 1927 2232
f 2232 1927 1926
f 1926 2231 2232
f 2232 2231 1900
f 1900 2231 1899
f 1959 2233 1957
f 1957 2233 2020
f 2233 2021 2020
f 2020 2021 1940
f 2233 1959 1960
f 2233 1960 1953
f 2021 2233 1953
f 2234 2235 2236
f 2236 2235 2237
f 2236 2237 2238
f 2238 2239 2236
f 2236 2239 2240
f 2236 2240 2241
f 2241 2240 2242
f 2241 2242 2243
f 2241 2243 2244
f 2244 2243 2245
f 2244 2245 2246
f 2246 2245 2247
f 2246 2247 2248
f 2244 2246 2249
f 2248 2250 2246
f 2246 2250 2251
f 2250 2252 2251
f 2251 2252 2253
f 2251 2253 2235
f 2235 2253 2237
f 2254 2255 2256
f 2256 2255 2257
f 2256 2257 2258
f 2258 2259 2256
f 2256 2259 2260
f 2256 2260 2261
f 2261 2260 2262
f 2261 2262 2263
f 2261 2263 2264
f 2264 2263 2265
f 2264 2265 2266
f 2266 2265 2267
f 2266 2267 2268
f 2264 2266 2269
f 2268 2270 2266
f 2266 2270 2271
f 2270 2272 2271
f 2271 2272 2273
f 2271 2273 2255
f 2255 2273 2257
f 2274 2275 2276
f 2276 2275 2277
f 2276 2277 2278
f 2278 2279 2276
f 2276 2279 2280
f 2276 2280 2281
f 2281 2280 2282
f 2281 2282 2283
f 2281 2283 2284
f 2284 2283 2285
f 2284 2285 2286
f 2286 2285 2287
f 2286 2287 2288
f 2284 2286 2289
f 2288 2290 2286
f 2286 2290 2291
f 2290 2292 2291
f 2291 2292 2293
f 2291 2293 2275
f 2275 2293 2277
f 2294 2295 2296
f 2296 2295 2297
f 2296 2297 2298
f 2298 2299 2296
f 2296 2299 2300
f 2296 2300 2301
f 2301 2300 2302
f 2301 2302 2303
f 2301 2303 2304
f 2304 2303 2305
f 2304 2305 2306
f 2306 2305 2307
f 2306 2307 2308
f 2304 2306 2309
f 2308 2310 2306
f 2306 2310 2311
f 2310 2312 2311
f 2311 2312 2313
f 2311 2313 2295
f 2295 2313 2297
f 2113 2118 1772
f 1772 2118 2314
f 1772 2314 2315
f 1772 2315 1774
f 1774 2315 2316
f 1774 2316 1777
f 1777 2316 2317
f 1777 2317 2164
f 2164 2317 2318
f 2164 2318 2167
f 2167 2318 2319
f 2167 2319 2168
f 2168 2319 2320
f 2168 2320 2213
f 2213 2320 2208
f 2320 2321 2208
f 2208 2321 2209
f 2209 2321 2210
f 2210 2321 2211
f 2213 2212 2168
f 2168 2212 2211
f 2168 2211 1809
f 1809 2211 2321
f 1809 2321 2322
f 2168 1809 2041
f 1809 2322 1805
f 1805 2322 2323
f 1805 2323 1801
f 1801 2323 2324
f 1801 2324 2044
f 2044 2324 2068
f 2324 2325 2068
f 2068 2325 2326
f 2068 2326 2065
f 2065 2326 2327
f 2065 2327 2207
f 2207 2327 2201
f 2327 2328 2201
f 2201 2328 2203
f 2203 2328 2204
f 2204 2328 2060
f 2204 2060 2205
f 2205 2060 2206
f 2206 2060 2207
f 2207 2060 2065
f 2094 2136 1782
f 1782 2136 2191
f 1782 2191 2329
f 2329 2191 2190
f 2329 2190 2189
f 2189 2188 2329
f 2329 2188 2330
f 2188 2193 2330
f 2330 2193 2136
f 2330 2136 2331
f 2331 2136 2137
f 2331 2137 2332
f 2332 2137 2079
f 2332 2079 2333
f 2333 2079 1796
f 2333 1796 2334
f 2334 1796 1793
f 2334 1793 2335
f 2335 1793 1791
f 2335 1791 2328
f 2328 1791 2060
f 2060 1791 2055
f 2193 2192 2136
f 2136 2192 2191
f 2329 2336 1782
f 1782 2336 1784
f 2336 2337 1784
f 1784 2337 1787
f 2337 2338 1787
f 1787 2338 2096
f 2096 2338 2126
f 2126 2338 2339
f 2126 2339 2340
f 2126 2340 2123
f 2123 2340 2341
f 2123 2341 2187
f 2187 2341 2181
f 2341 2314 2181
f 2181 2314 2183
f 2183 2314 2184
f 2184 2314 2118
f 2184 2118 2185
f 2185 2118 2186
f 2186 2118 2187
f 2187 2118 2123
f 2342 2343 2344
f 2344 2343 2345
f 2344 2345 2346
f 2346 2345 2347
f 2345 2348 2347
f 2347 2348 2349
f 2349 2348 2350
f 2350 2348 2351
f 2350 2351 2352
f 2352 2351 2353
f 2351 2354 2353
f 2353 2354 2355
f 2355 2354 2356
f 2356 2354 2344
f 2356 2344 2357
f 2357 2344 2358
f 2357 2358 2359
f 2344 2346 2358
f 2357 2359 2360
f 2360 2359 2350
f 2360 2350 2352
f 2361 2362 2363
f 2363 2362 2364
f 2363 2364 2365
f 2365 2364 2366
f 2364 2367 2366
f 2366 2367 2368
f 2368 2367 2369
f 2369 2367 2370
f 2369 2370 2371
f 2371 2370 2372
f 2370 2373 2372
f 2372 2373 2374
f 2374 2373 2375
f 2375 2373 2363
f 2375 2363 2376
f 2376 2363 2377
f 2376 2377 2378
f 2363 2365 2377
f 2376 2378 2379
f 2379 2378 2369
f 2379 2369 2371
f 2370 2367 2380
f 2380 2367 2381
f 2380 2381 2382
f 2380 2382 2383
f 2383 2382 2384
f 2383 2384 2380
f 2382 2385 2384
f 2384 2385 2386
f 2385 2387 2386
f 2386 2387 2388
f 2386 2388 2389
f 2389 2388 2390
f 2389 2390 2391
f 2391 2390 2392
f 2391 2392 2393
f 2393 2392 2394
f 2392 2351 2394
f 2394 2351 2395
f 2391 2396 2389
f 2389 2396 2397
f 2389 2397 2398
f 2398 2397 2395
f 2398 2395 2399
f 2399 2395 2351
f 2399 2351 2400
f 2400 2351 2401
f 2401 2351 2402
f 2402 2351 2403
f 2402 2403 2404
f 2403 2405 2404
f 2404 2405 2406
f 2406 2405 2403
f 2406 2403 2407
f 2406 2407 2408
f 2408 2407 2409
f 2408 2409 2410
f 2410 2409 2411
f 2407 2403 2348
f 2348 2403 2351
f 2406 2412 2404
f 2404 2412 2413
f 2412 2414 2413
f 2413 2414 2411
f 2413 2411 2415
f 2415 2411 2409
f 2415 2409 2416
f 2416 2409 2417
f 2416 2417 2418
f 2418 2417 2419
f 2417 2370 2419
f 2419 2370 2420
f 2416 2421 2415
f 2415 2421 2422
f 2415 2422 2423
f 2423 2422 2420
f 2423 2420 2424
f 2424 2420 2370
f 2424 2370 2425
f 2425 2370 2426
f 2426 2370 2427
f 2427 2370 2380
f 2427 2380 2384
f 2427 2384 2428
f 2428 2384 2423
f 2428 2423 2429
f 2429 2423 2424
f 2402 2404 2430
f 2430 2404 2398
f 2430 2398 2431
f 2431 2398 2399
f 2388 2432 2390
f 2390 2432 2433
f 2390 2433 2381
f 2381 2433 2382
f 1932 1928 2434
f 2434 1928 2435
f 1928 2436 2435
f 2436 1898 2435
f 2435 1898 2434
f 1898 1932 2434
f 2437 1815 2438
f 1815 1834 2438
f 1834 1835 2438
f 2438 1835 2437
f 1835 2439 2437
f 2439 1815 2437
f 2440 1827 2441
f 2441 1827 1826
f 2441 1826 1996
f 2441 1996 2442
f 1996 1811 2442
f 2442 1811 2443
f 2443 1811 1813
f 2443 1813 2444
f 2444 1813 1812
f 2444 1812 2445
f 2445 1812 2446
f 2446 1812 1815
f 2446 1815 2447
f 2447 1815 1814
f 2447 1814 1818
f 2447 1818 2448
f 2448 1818 1822
f 2448 1822 2449
f 2449 1822 2450
f 1822 1825 2450
f 2450 1825 2451
f 1825 1827 2451
f 2451 1827 2440
f 2452 1846 2453
f 2453 1846 1845
f 2453 1845 1831
f 2453 1831 2454
f 2454 1831 1833
f 2454 1833 2455
f 2455 1833 2456
f 1833 1842 2456
f 2456 1842 1841
f 2456 1841 2457
f 2457 1841 1844
f 2457 1844 2458
f 2458 1844 2459
f 1844 1851 2459
f 2459 1851 1848
f 2459 1848 2460
f 2460 1848 1847
f 2460 1847 2461
f 2461 1847 1835
f 2461 1835 2462
f 2462 1835 1834
f 2462 1834 2463
f 2463 1834 1836
f 2463 1836 2452
f 2452 1836 1846
f 2464 1867 2465
f 2465 1867 1866
f 2465 1866 2027
f 2465 2027 2466
f 2466 2027 1863
f 2466 1863 2467
f 2467 1863 1860
f 2467 1860 2468
f 2468 1860 1859
f 2468 1859 2469
f 2469 1859 1991
f 2469 1991 1855
f 2469 1855 2470
f 1855 1854 2470
f 2470 1854 2471
f 1854 1856 2471
f 2471 1856 2472
f 1856 1857 2472
f 2472 1857 2473
f 2473 1857 2474
f 2474 1857 1872
f 2474 1872 2475
f 2475 1872 1869
f 2475 1869 2464
f 2464 1869 1867
f 2476 1889 2477
f 2477 1889 1893
f 2477 1893 1856
f 2477 1856 2478
f 2478 1856 1891
f 2478 1891 2479
f 2479 1891 2480
f 1891 1890 2480
f 2480 1890 1993
f 2480 1993 2481
f 2481 1993 1874
f 2481 1874 2482
f 2482 1874 1873
f 2482 1873 2483
f 2483 1873 1877
f 2483 1877 1892
f 2483 1892 2484
f 2484 1892 1879
f 2484 1879 2485
f 2485 1879 2486
f 1879 1886 2486
f 2486 1886 2487
f 2487 1886 2476
f 1889 2476 1886
f 2488 1898 2489
f 2489 1898 1897
f 2489 1897 1901
f 2489 1901 2490
f 2490 1901 1905
f 2490 1905 2491
f 2491 1905 2492
f 1905 1907 2492
f 2492 1907 2031
f 2492 2031 2493
f 2493 2031 1909
f 2493 1909 2494
f 2494 1909 2495
f 1909 1908 2495
f 2495 1908 1984
f 2495 1984 2496
f 1984 1983 2496
f 2496 1983 1894
f 2496 1894 2497
f 1894 1896 2497
f 2497 1896 2498
f 1896 1895 2498
f 2498 1895 2499
f 2499 1895 2488
f 1898 2488 1895
f 2500 1921 2501
f 2501 1921 1923
f 2501 1923 1925
f 2501 1925 2502
f 2502 1925 1927
f 2502 1927 2503
f 2503 1927 1928
f 2503 1928 2504
f 2504 1928 1932
f 2504 1932 2505
f 2505 1932 1930
f 2505 1930 2506
f 2506 1930 1933
f 2506 1933 2507
f 2507 1933 1929
f 2507 1929 1931
f 2507 1931 2508
f 2508 1931 1913
f 2508 1913 2509
f 2509 1913 2510
f 1913 2029 2510
f 2510 2029 2511
f 2029 1919 2511
f 2511 1919 2500
f 1921 2500 1919
f 2512 1943 2513
f 2513 1943 1998
f 2513 1998 1938
f 2513 1938 2514
f 1938 1937 2514
f 2514 1937 2515
f 1937 1939 2515
f 2515 1939 2516
f 1939 1941 2516
f 2516 1941 2517
f 1941 1942 2517
f 2517 1942 2518
f 1942 1940 2518
f 2518 1940 1934
f 2518 1934 2519
f 2519 1934 1936
f 2519 1936 2520
f 2520 1936 2521
f 1936 1950 2521
f 2521 1950 2024
f 2521 2024 2522
f 2522 2024 1947
f 2522 1947 2523
f 2523 1947 1944
f 2523 1944 2512
f 2512 1944 1943
f 1986 2524 1955
f 1955 2524 1954
f 2524 2525 1954
f 1954 2525 2526
f 1954 2526 1939
f 1939 2526 2527
f 1939 2527 1957
f 1957 2527 2528
f 1957 2528 2529
f 1957 2529 1958
f 1958 2529 2530
f 1958 2530 1965
f 1965 2530 1962
f 2530 2531 1962
f 1962 2531 2532
f 1962 2532 1971
f 1971 2532 2533
f 1971 2533 1969
f 1969 2533 1966
f 2533 2534 1966
f 1966 2534 2019
f 2534 2535 2019
f 2019 2535 1986
f 2535 2524 1986
f 1980 1915 1978
f 1915 2536 1978
f 1978 2536 1980
f 1980 2536 1979
f 2536 1862 1980
f 1980 1862 1860
f 1860 1862 1982
f 1862 2537 1982
f 1982 2537 1981
f 2537 1915 1981
f 1981 1915 1980
f 2538 1946 1975
f 1975 1946 1976
f 1946 2539 1976
f 2539 1838 1976
f 1976 1838 1975
f 1975 1838 1833
f 1838 2538 1833
f 1833 2538 1975
f 1975 2538 1974
f 2540 388 2541
f 2541 388 2200
f 2541 2200 2199
f 2541 2199 2542
f 2542 2199 2197
f 2542 2197 309
f 2542 309 2543
f 2543 309 2195
f 2543 2195 2194
f 2543 2194 2202
f 2543 2202 2011
f 2543 2011 2544
f 2544 2011 2007
f 2544 2007 2545
f 2545 2007 2006
f 2545 2006 2546
f 2546 2006 2008
f 2546 2008 354
f 2546 354 2547
f 2547 354 2180
f 2547 2180 2179
f 2547 2179 2548
f 2548 2179 2177
f 2548 2177 350
f 2548 350 2549
f 2549 350 2176
f 2549 2176 2175
f 2549 2175 2182
f 2549 2182 2004
f 2549 2004 2550
f 2550 2004 2001
f 2550 2001 2551
f 2551 2001 2000
f 2551 2000 2540
f 2540 2000 2002
f 2540 2002 388
f 1928 2017 2436
f 2436 2017 1898
f 1898 1928 1932
f 1815 1835 1834
f 1835 2013 2439
f 2013 1815 2439
f 2552 2553 2554
f 2554 2553 2555
f 2553 2556 2555
f 2555 2556 2557
f 2556 2558 2557
f 2557 2558 2559
f 2558 2560 2559
f 2559 2560 2561
f 2560 2562 2561
f 2561 2562 2563
f 2562 2564 2563
f 2563 2564 348
f 2564 2565 348
f 348 2565 2566
f 2565 2567 2566
f 2566 2567 2568
f 2567 2569 2568
f 2568 2569 2570
f 2569 2571 2570
f 2570 2571 311
f 2571 2572 311
f 311 2572 2573
f 2572 2574 2573
f 2573 2574 2575
f 2574 2576 2575
f 2575 2576 2577
f 2576 2578 2577
f 2577 2578 330
f 2578 2579 330
f 330 2579 2580
f 2579 2552 2580
f 2580 2552 2554
f 2536 1861 1862
f 1862 2223 2537
f 2537 2223 1915
f 1915 2224 2536
f 2536 2224 1861
f 2581 1828 1829
f 1829 2215 2582
f 2582 2215 1875
f 1875 2214 2581
f 2581 2214 1828
f 2538 1945 1946
f 1946 2222 2539
f 2539 2222 1838
f 1838 2221 2538
f 2538 2221 1945
f 1911 2583 1910
f 1910 2583 2228
f 2228 2583 1967
f 2229 1967 2584
f 2229 2584 1911
f 2063 2062 2242
f 2242 2062 2243
f 2062 2061 2243
f 2243 2061 2245
f 2061 2077 2245
f 2245 2077 2247
f 2077 2076 2247
f 2247 2076 2248
f 2076 2074 2248
f 2248 2074 2250
f 2074 2073 2250
f 2250 2073 2252
f 2073 2072 2252
f 2252 2072 2253
f 2072 2071 2253
f 2253 2071 2237
f 2071 2067 2237
f 2237 2067 2238
f 2067 2066 2238
f 2238 2066 2239
f 2066 2064 2239
f 2239 2064 2240
f 2064 2063 2240
f 2240 2063 2242
f 2139 2138 2262
f 2262 2138 2263
f 2138 2135 2263
f 2263 2135 2265
f 2135 2134 2265
f 2265 2134 2267
f 2134 2133 2267
f 2267 2133 2268
f 2133 2132 2268
f 2268 2132 2270
f 2132 2131 2270
f 2270 2131 2272
f 2131 2130 2272
f 2272 2130 2273
f 2130 2129 2273
f 2273 2129 2257
f 2129 2142 2257
f 2257 2142 2258
f 2142 2141 2258
f 2258 2141 2259
f 2141 2140 2259
f 2259 2140 2260
f 2140 2139 2260
f 2260 2139 2262
f 2145 2144 2282
f 2282 2144 2283
f 2144 2143 2283
f 2283 2143 2285
f 2143 2125 2285
f 2285 2125 2287
f 2125 2124 2287
f 2287 2124 2288
f 2124 2122 2288
f 2288 2122 2290
f 2122 2121 2290
f 2290 2121 2292
f 2121 2120 2292
f 2292 2120 2293
f 2120 2119 2293
f 2293 2119 2277
f 2119 2149 2277
f 2277 2149 2278
f 2149 2148 2278
f 2278 2148 2279
f 2148 2146 2279
f 2279 2146 2280
f 2146 2145 2280
f 2280 2145 2282
f 2155 2154 2302
f 2302 2154 2303
f 2154 2153 2303
f 2303 2153 2305
f 2153 2160 2305
f 2305 2160 2307
f 2160 2161 2307
f 2307 2161 2308
f 2161 2163 2308
f 2308 2163 2310
f 2163 2165 2310
f 2310 2165 2312
f 2165 2166 2312
f 2312 2166 2313
f 2166 2159 2313
f 2313 2159 2297
f 2159 2158 2297
f 2297 2158 2298
f 2158 2157 2298
f 2298 2157 2299
f 2157 2156 2299
f 2299 2156 2300
f 2156 2155 2300
f 2300 2155 2302
f 2553 2552 2314
f 2314 2552 2315
f 2315 2552 2316
f 2316 2552 2579
f 2316 2579 2317
f 2317 2579 2318
f 2579 2578 2318
f 2318 2578 2319
f 2578 2576 2319
f 2319 2576 2320
f 2320 2576 2321
f 2321 2576 2574
f 2321 2574 2322
f 2322 2574 2323
f 2574 2572 2323
f 2323 2572 2324
f 2324 2572 2325
f 2325 2572 2571
f 2325 2571 2326
f 2326 2571 2569
f 2326 2569 2327
f 2327 2569 2328
f 2569 2567 2328
f 2328 2567 2335
f 2335 2567 2334
f 2334 2567 2565
f 2334 2565 2333
f 2333 2565 2332
f 2565 2564 2332
f 2332 2564 2331
f 2564 2562 2331
f 2331 2562 2330
f 2330 2562 2329
f 2329 2562 2560
f 2329 2560 2336
f 2336 2560 2337
f 2560 2558 2337
f 2337 2558 2338
f 2338 2558 2339
f 2339 2558 2556
f 2339 2556 2340
f 2340 2556 2553
f 2340 2553 2341
f 2341 2553 2314
f 2551 2540 2173
f 2173 2540 2585
f 2173 2585 2174
f 2174 2585 2586
f 2174 2586 2169
f 2169 2586 2587
f 2169 2587 2170
f 2170 2587 2554
f 2170 2554 2171
f 2171 2554 2555
f 2171 2555 2172
f 2172 2555 2173
f 2173 2555 2551
f 2551 2555 2550
f 2587 2588 2554
f 2554 2588 2580
f 2588 2589 2580
f 2580 2589 330
f 330 2589 2577
f 2577 2589 2590
f 2577 2590 2591
f 2577 2591 2575
f 2575 2591 2592
f 2575 2592 2048
f 2048 2592 2585
f 2048 2585 2540
f 2048 2540 2049
f 2049 2540 2541
f 2049 2541 2050
f 2050 2541 2542
f 2050 2542 2045
f 2045 2542 2573
f 2045 2573 2046
f 2046 2573 2575
f 2046 2575 2047
f 2047 2575 2048
f 2542 2593 2573
f 2573 2593 2594
f 2573 2594 2595
f 2573 2595 311
f 311 2595 2596
f 311 2596 2570
f 2570 2596 2544
f 2570 2544 2545
f 2545 2546 2570
f 2570 2546 2084
f 2570 2084 2083
f 2083 2082 2570
f 2570 2082 2568
f 2082 2081 2568
f 2568 2081 2597
f 2568 2597 2566
f 2566 2597 2598
f 2566 2598 348
f 348 2598 2563
f 2598 2599 2563
f 2563 2599 2600
f 2563 2600 2561
f 2561 2600 2601
f 2561 2601 2602
f 2597 2081 2603
f 2603 2081 2088
f 2603 2088 2086
f 2603 2086 2604
f 2604 2086 2084
f 2604 2084 2602
f 2602 2084 2546
f 2602 2546 2561
f 2561 2546 2547
f 2561 2547 2099
f 2099 2547 2548
f 2099 2548 2101
f 2101 2548 2103
f 2103 2548 2105
f 2105 2548 2605
f 2105 2605 2559
f 2559 2605 2606
f 2559 2606 2607
f 2559 2607 2557
f 2557 2607 2608
f 2557 2608 2555
f 2555 2608 2550
f 2608 2609 2550
f 2550 2609 2610
f 2550 2610 2611
f 2550 2611 2549
f 2549 2611 2612
f 2549 2612 2548
f 2548 2612 2605
f 2105 2559 2107
f 2107 2559 2561
f 2107 2561 2098
f 2098 2561 2099
f 2596 2613 2544
f 2544 2613 2614
f 2544 2614 2615
f 2544 2615 2543
f 2543 2615 2616
f 2543 2616 2542
f 2542 2616 2593
f 2249 2596 2244
f 2244 2596 2595
f 2244 2595 2241
f 2241 2595 2594
f 2241 2594 2236
f 2236 2594 2593
f 2236 2593 2234
f 2234 2593 2616
f 2234 2616 2235
f 2235 2616 2615
f 2235 2615 2251
f 2251 2615 2614
f 2251 2614 2246
f 2246 2614 2613
f 2246 2613 2249
f 2249 2613 2596
f 2269 2597 2264
f 2264 2597 2603
f 2264 2603 2261
f 2261 2603 2604
f 2261 2604 2256
f 2256 2604 2602
f 2256 2602 2254
f 2254 2602 2601
f 2254 2601 2255
f 2255 2601 2600
f 2255 2600 2271
f 2271 2600 2599
f 2271 2599 2266
f 2266 2599 2598
f 2266 2598 2269
f 2269 2598 2597
f 2289 2612 2284
f 2284 2612 2611
f 2284 2611 2281
f 2281 2611 2610
f 2281 2610 2276
f 2276 2610 2609
f 2276 2609 2274
f 2274 2609 2608
f 2274 2608 2275
f 2275 2608 2607
f 2275 2607 2291
f 2291 2607 2606
f 2291 2606 2286
f 2286 2606 2605
f 2286 2605 2289
f 2289 2605 2612
f 2309 2592 2304
f 2304 2592 2591
f 2304 2591 2301
f 2301 2591 2590
f 2301 2590 2296
f 2296 2590 2589
f 2296 2589 2294
f 2294 2589 2588
f 2294 2588 2295
f 2295 2588 2587
f 2295 2587 2311
f 2311 2587 2586
f 2311 2586 2306
f 2306 2586 2585
f 2306 2585 2309
f 2309 2585 2592
f 2444 2445 2411
f 2411 2445 2446
f 2411 2446 2410
f 2410 2446 2447
f 2410 2447 2448
f 2410 2448 2408
f 2408 2448 2449
f 2408 2449 2450
f 2408 2450 2406
f 2406 2450 2451
f 2406 2451 2440
f 2406 2440 2412
f 2412 2440 2441
f 2412 2441 2442
f 2412 2442 2414
f 2414 2442 2443
f 2414 2443 2444
f 2414 2444 2411
f 2456 2457 2420
f 2420 2457 2458
f 2420 2458 2419
f 2419 2458 2459
f 2419 2459 2460
f 2419 2460 2418
f 2418 2460 2461
f 2418 2461 2462
f 2418 2462 2416
f 2416 2462 2463
f 2416 2463 2452
f 2416 2452 2421
f 2421 2452 2453
f 2421 2453 2454
f 2421 2454 2422
f 2422 2454 2455
f 2422 2455 2456
f 2422 2456 2420
f 2468 2469 2353
f 2353 2469 2470
f 2353 2470 2352
f 2352 2470 2471
f 2352 2471 2472
f 2352 2472 2360
f 2360 2472 2473
f 2360 2473 2474
f 2360 2474 2357
f 2357 2474 2475
f 2357 2475 2464
f 2357 2464 2356
f 2356 2464 2465
f 2356 2465 2466
f 2356 2466 2355
f 2355 2466 2467
f 2355 2467 2468
f 2355 2468 2353
f 2480 2481 2350
f 2350 2481 2482
f 2350 2482 2349
f 2349 2482 2483
f 2349 2483 2484
f 2349 2484 2347
f 2347 2484 2485
f 2347 2485 2486
f 2347 2486 2346
f 2346 2486 2487
f 2346 2487 2476
f 2346 2476 2358
f 2358 2476 2477
f 2358 2477 2478
f 2358 2478 2359
f 2359 2478 2479
f 2359 2479 2480
f 2359 2480 2350
f 2492 2493 2382
f 2382 2493 2494
f 2382 2494 2385
f 2385 2494 2495
f 2385 2495 2496
f 2385 2496 2387
f 2387 2496 2497
f 2387 2497 2498
f 2387 2498 2388
f 2388 2498 2499
f 2388 2499 2488
f 2388 2488 2432
f 2432 2488 2489
f 2432 2489 2490
f 2432 2490 2433
f 2433 2490 2491
f 2433 2491 2492
f 2433 2492 2382
f 2504 2505 2391
f 2391 2505 2506
f 2391 2506 2396
f 2396 2506 2507
f 2396 2507 2508
f 2396 2508 2397
f 2397 2508 2509
f 2397 2509 2510
f 2397 2510 2395
f 2395 2510 2511
f 2395 2511 2500
f 2395 2500 2394
f 2394 2500 2501
f 2394 2501 2502
f 2394 2502 2393
f 2393 2502 2503
f 2393 2503 2504
f 2393 2504 2391
f 2518 2519 2376
f 2376 2519 2520
f 2376 2520 2375
f 2375 2520 2521
f 2375 2521 2522
f 2375 2522 2374
f 2374 2522 2523
f 2374 2523 2512
f 2374 2512 2372
f 2372 2512 2513
f 2372 2513 2514
f 2372 2514 2371
f 2371 2514 2515
f 2371 2515 2516
f 2371 2516 2379
f 2379 2516 2517
f 2379 2517 2518
f 2379 2518 2376
f 2530 2529 2365
f 2365 2529 2528
f 2365 2528 2377
f 2377 2528 2527
f 2377 2527 2526
f 2377 2526 2378
f 2378 2526 2525
f 2378 2525 2524
f 2378 2524 2369
f 2369 2524 2535
f 2369 2535 2534
f 2369 2534 2368
f 2368 2534 2533
f 2368 2533 2532
f 2368 2532 2366
f 2366 2532 2531
f 2366 2531 2530
f 2366 2530 2365
f 1977 2427 1944
f 1944 2427 2428
f 1944 2428 1943
f 1943 2428 2429
f 1943 2429 1974
f 1974 2429 2424
f 1974 2424 1833
f 1833 2424 2425
f 1833 2425 2426
f 1833 2426 1977
f 1977 2426 2427
f 1981 2402 1860
f 1860 2402 2430
f 1860 2430 2431
f 1860 2431 1979
f 1979 2431 2399
f 1979 2399 1978
f 1978 2399 2400
f 1978 2400 1913
f 1913 2400 2401
f 1913 2401 1981
f 1981 2401 2402
f 2405 1829 2403
f 1829 2582 2403
f 2582 1875 2403
f 1875 2581 2403
f 2403 2581 2405
f 2581 1829 2405
f 1967 2583 2380
f 2380 2583 2383
f 2583 1911 2383
f 2383 1911 2380
f 1911 2584 2380
f 2584 1967 2380
f 2058 2351 2059
f 2059 2351 2392
f 2059 2392 2390
f 2059 2390 2075
f 2075 2390 2381
f 2075 2381 2069
f 2069 2381 2367
f 2069 2367 2364
f 2069 2364 2070
f 2070 2364 2362
f 2070 2362 2361
f 2070 2361 2115
f 2115 2361 2363
f 2115 2363 2116
f 2116 2363 2373
f 2116 2373 2370
f 2116 2370 2117
f 2117 2370 2417
f 2117 2417 2409
f 2117 2409 2147
f 2147 2409 2407
f 2147 2407 2127
f 2127 2407 2348
f 2127 2348 2345
f 2127 2345 2128
f 2128 2345 2343
f 2128 2343 2342
f 2128 2342 2057
f 2057 2342 2344
f 2057 2344 2058
f 2058 2344 2354
f 2058 2354 2351
f 1989 1987 2398
f 2398 1987 2389
f 1987 1894 2389
f 2389 1894 1985
f 2389 1985 2386
f 2386 1985 1955
f 1955 1999 2386
f 2386 1999 2384
f 1999 1998 2384
f 2384 1998 2012
f 2384 2012 2423
f 2423 2012 1831
f 2423 1831 2415
f 2415 1831 1997
f 2415 1997 1995
f 2415 1995 2413
f 2413 1995 1994
f 2413 1994 1993
f 1993 1992 2413
f 2413 1992 2404
f 1992 1989 2404
f 2404 1989 2398
f 2617 2618 2619
f 2619 2618 2620
f 2619 2620 2621
f 2619 2621 2622
f 2622 2621 2623
f 2622 2623 2624
f 2622 2624 2625
f 2625 2624 2626
f 2625 2626 2627
f 2627 2626 2628
f 2627 2628 2629
f 2629 2628 2630
f 2629 2630 2631
f 2631 2630 2632
f 2630 2633 2632
f 2618 2634 2620
f 2620 2634 2635
f 2635 2634 2636
f 2635 2636 2637
f 2637 2636 2638
f 2637 2638 2639
f 2639 2638 2640
f 2639 2640 2641
f 2641 2640 2642
f 2641 2642 2643
f 2643 2642 2644
f 2643 2644 2645
f 2645 2644 2646
f 2645 2646 2647
f 2647 2646 2648
f 2647 2648 2649
f 2648 2650 2649
f 2649 2650 2651
f 2651 2650 2652
f 2652 2650 2653
f 2650 2654 2653
f 2653 2654 2655
f 2655 2654 2656
f 2656 2654 2657
f 2654 2658 2657
f 2657 2658 2659
f 2658 2660 2659
f 2659 2660 2661
f 2659 2661 2662
f 2662 2661 2663
f 2662 2663 2664
f 2664 2663 2665
f 2664 2665 2666
f 2666 2665 2667
f 2667 2665 2668
f 2667 2668 2669
f 2669 2668 2670
f 2670 2668 2671
f 2671 2668 2672
f 2671 2672 2673
f 2674 2675 2676
f 2676 2675 2677
f 2632 2633 2678
f 2678 2633 2679
f 2678 2679 2680
f 2678 2680 2681
f 2681 2680 2682
f 2681 2682 2683
f 2683 2682 2684
f 2683 2684 2685
f 2683 2685 2686
f 2686 2685 2687
f 2686 2687 2688
f 2688 2687 2689
f 2688 2689 2690
f 2690 2689 2691
f 2690 2691 2692
f 2692 2691 2693
f 2693 2694 2695
f 2693 2695 2692
f 2692 2695 2696
f 2696 2695 2697
f 2696 2697 2698
f 2698 2699 2700
f 2698 2700 2701
f 2701 2700 2702
f 2701 2702 2703
f 2703 2702 2704
f 2703 2704 2705
f 2703 2705 2706
f 2706 2705 2707
f 2706 2707 2708
f 2706 2708 2709
f 2709 2708 2710
f 2709 2710 2711
f 2711 2710 2712
f 2713 2673 2671
f 2671 2672 2714
f 2714 2672 2715
f 2672 2716 2715
f 2715 2716 2717
f 2716 2718 2717
f 2717 2718 2719
f 2718 2720 2719
f 2719 2720 2721
f 2720 2722 2721
f 2721 2722 2723
f 2723 2722 2724
f 2724 2722 2725
f 2724 2725 2726
f 2726 2725 2712
f 2727 2728 2729
f 2729 2728 2730
f 2728 2731 2730
f 2730 2731 2732
f 2731 2733 2732
f 2732 2733 2734
f 2733 2735 2734
f 2734 2735 2736
f 2735 2737 2736
f 2736 2737 2738
f 2737 2739 2738
f 2738 2739 2740
f 2740 2739 2741
f 2741 2739 2742
f 2741 2742 2743
f 2743 2742 2744
f 2744 2742 2745
f 2728 2727 2746
f 2728 2746 2747
f 2747 2746 2748
f 2748 2749 2747
f 2747 2749 2750
f 2747 2750 2751
f 2751 2750 2752
f 2752 2753 2754
f 2752 2755 2751
f 2751 2755 2756
f 2755 2757 2756
f 2756 2757 2758
f 2757 2759 2758
f 2758 2759 2760
f 2759 2761 2760
f 2760 2761 2762
f 2761 2763 2762
f 2762 2763 2764
f 2762 2764 2765
f 2765 2764 2766
f 2765 2766 2767
f 2765 2767 2768
f 2765 2768 2769
f 2768 2770 2769
f 2769 2770 2771
f 2769 2771 2772
f 2772 2771 2773
f 2773 2771 2774
f 2774 2771 2775
f 2774 2775 2776
f 2769 2772 2777
f 2769 2777 2778
f 2769 2778 2779
f 2779 2778 2776
f 2779 2776 2775
f 2779 2775 2780
f 2780 2775 2781
f 2775 2782 2781
f 2781 2782 2783
f 2783 2782 2784
f 2784 2782 2785
f 2784 2785 2786
f 2785 2787 2786
f 2786 2787 2788
f 2788 2787 2789
f 2789 2787 2790
f 2789 2790 2791
f 2789 2791 2786
f 2786 2791 2784
f 2787 2792 2790
f 2790 2792 2793
f 2792 2794 2793
f 2793 2794 2795
f 2771 2770 2796
f 2770 2797 2796
f 2796 2797 2798
f 2797 2799 2798
f 2798 2799 2800
f 2798 2800 2801
f 2801 2800 2802
f 2801 2802 2803
f 2801 2803 2804
f 2804 2803 2805
f 2804 2805 2806
f 2806 2805 2807
f 2806 2807 2808
f 2808 2809 2806
f 2809 2810 2811
f 2811 2812 2813
f 2812 2814 2813
f 2813 2814 2815
f 2814 2816 2815
f 2815 2816 2817
f 2816 2818 2817
f 2817 2818 2819
f 2818 2820 2819
f 2819 2820 2821
f 2819 2821 2822
f 2822 2821 2823
f 2822 2823 2824
f 2824 2823 2825
f 2825 2826 2824
f 2824 2826 2827
f 2824 2827 2828
f 2828 2827 2829
f 2828 2829 2830
f 2830 2829 2831
f 2830 2831 2832
f 2832 2831 2833
f 2832 2833 2834
f 2834 2833 2835
f 2833 2836 2835
f 2835 2836 2837
f 2836 2838 2837
f 2837 2838 2839
f 2837 2839 2675
f 2675 2839 2840
f 2840 2841 2675
f 2675 2841 2677
f 2677 2841 2842
f 2841 2843 2842
f 2842 2843 2844
f 2842 2844 2845
f 2845 2844 2846
f 2846 2844 2847
f 2846 2847 2848
f 2848 2847 2849
f 2848 2849 2850
f 2850 2849 2851
f 2850 2851 2852
f 2852 2851 2853
f 2852 2853 2854
f 2854 2853 2855
f 2854 2855 2745
f 2854 2745 2742
f 2742 2745 2856
f 2794 2857 2795
f 2795 2857 2858
f 2857 2859 2858
f 2858 2859 2860
f 2858 2860 2861
f 2861 2862 2858
f 2858 2862 2863
f 2858 2863 2864
f 2864 2863 2865
f 2864 2865 2866
f 2866 2865 2867
f 2867 2865 2868
f 2868 2865 2869
f 2868 2869 2870
f 2870 2869 2864
f 2870 2864 2871
f 2871 2864 2872
f 2864 2866 2872
f 2865 2873 2869
f 2869 2873 2874
f 2863 2875 2865
f 2865 2875 2859
f 2875 2876 2859
f 2859 2876 2860
f 2877 2878 2879
f 2879 2878 2880
f 2880 2878 2881
f 2881 2878 2882
f 2881 2882 2883
f 2883 2882 2884
f 2883 2884 2885
f 2881 2883 2886
f 2883 2887 2886
f 2886 2887 2885
f 2886 2885 2888
f 2888 2885 2884
f 2888 2884 2889
f 2888 2889 2890
f 2890 2889 2891
f 2890 2891 2892
f 2892 2891 2893
f 2891 2894 2893
f 2893 2894 2895
f 2893 2895 2896
f 2896 2895 2897
f 2896 2897 2898
f 2896 2898 2725
f 2898 2899 2725
f 2725 2899 2712
f 2712 2899 2711
f 2711 2899 2900
f 2711 2900 2894
f 2894 2900 2901
f 2894 2901 2895
f 2877 2879 2902
f 2902 2879 2903
f 2902 2903 2904
f 2904 2903 2905
f 2905 2903 2906
f 2906 2903 2907
f 2906 2907 2908
f 2908 2907 2909
f 2908 2909 2910
f 2910 2909 2911
f 2909 2902 2911
f 2911 2902 2904
f 2909 2907 2912
f 2912 2907 2913
f 2907 2874 2913
f 2913 2874 2914
f 2914 2874 2915
f 2915 2874 2873
f 2915 2873 2916
f 2916 2873 2917
f 2873 2909 2917
f 2917 2909 2912
f 2918 2919 2920
f 2921 2922 2923
f 2924 2925 2926
f 2927 2928 2929
f 2930 2931 2932
f 2933 2934 2935
f 2936 2937 2938
f 2939 2940 2941
f 2942 2943 2944
f 2945 2946 2947
f 2948 2949 2950
f 2951 2952 2953
f 2954 2955 2956
f 2957 2958 2959
f 2960 2961 2962
f 2963 2964 2965
f 2966 2967 2968
f 2969 2970 2971
f 2972 2973 2974
f 2975 2976 2977
f 2978 2979 2980
f 2981 2982 2983
f 2984 2985 2986
f 2987 2988 2989
f 2990 2991 2992
f 2993 2994 2995
f 2996 2997 2998
f 2999 3000 3001
f 3002 3003 3004
f 3005 3006 3007
f 3008 3009 3010
f 3011 3012 3013
f 3014 3015 3016
f 3017 3018 3019
f 3020 3021 3022
f 3023 3024 3025
f 3026 3027 3028
f 3029 3030 3031
f 3032 3033 3034
f 3035 3036 3037
f 3038 3039 3040
f 3041 3042 3043
f 2825 2826 3044
f 2713 3045 3046
f 3047 3048 3049
f 3050 3051 3052
f 3053 3054 3055
f 3056 3057 3058
f 3059 3060 3061
f 3062 3063 3064
f 3065 3066 3067
f 3068 3069 3070
f 3071 3072 3073
f 3074 3075 3076
f 3077 3078 3079
f 2784 2791 2783
f 2973 2972 3080
f 3081 3082 3083
f 3081 3083 3084
f 3085 3086 3087
f 3087 3086 3088
f 3085 3089 3086
f 3086 3089 3090
f 3086 3090 3088
f 3091 3088 3090
f 3090 3089 3092
f 3090 3092 3091
f 3091 3092 3093
f 3091 3093 3094
f 3091 3094 3088
f 3094 3095 3088
f 3085 3096 3097
f 3097 3096 3098
f 3097 3098 3085
f 3098 3099 3085
f 3085 3099 3089
f 3099 3100 3089
f 3089 3100 3092
f 3100 3101 3092
f 3101 3102 3092
f 3092 3102 3103
f 3092 3103 3093
f 3093 3103 3102
f 3093 3102 3104
f 3104 3102 3105
f 3104 3105 3106
f 3106 3105 2726
f 3104 3106 3093
f 3093 3106 3094
f 3106 3107 3094
f 3094 3107 3095
f 3095 3107 3108
f 3095 3108 3109
f 3109 3108 3110
f 3098 3096 3111
f 3111 3096 3112
f 3112 3096 2711
f 2711 3096 3113
f 3113 3096 3114
f 3114 3096 3115
f 3116 3117 3118
f 3119 3120 3116
f 3116 3120 3121
f 3116 3121 3117
f 3121 3120 2674
f 3117 3121 3122
f 3117 3122 3123
f 3124 3125 3126
f 3125 3127 3126
f 3126 3127 3128
f 3127 3129 3128
f 3128 3129 3130
f 3130 3129 3131
f 3129 3132 3131
f 3131 3132 3133
f 3132 3134 3133
f 3133 3134 3135
f 3136 3137 2619
f 2619 3137 3138
f 2619 3138 3139
f 3139 3138 3140
f 3139 3140 3141
f 3141 3140 3142
f 3137 3125 3138
f 3143 2624 3144
f 3144 3145 3146
f 3146 3147 3144
f 3144 3147 2622
f 2622 3147 3148
f 2622 3148 2619
f 2619 3139 2622
f 2622 3139 3148
f 3148 3139 3141
f 3137 2619 3148
f 3137 3148 3147
f 3137 3147 3146
f 3137 3146 3145
f 3145 3144 3137
f 3137 3144 2624
f 3137 2624 3149
f 3149 2624 3143
f 3143 3150 3149
f 3149 3150 2626
f 3149 2626 3151
f 3151 3152 3149
f 3149 3152 3153
f 3152 2629 3153
f 3153 2629 2631
f 3153 2631 3154
f 3153 3154 3155
f 3155 3154 3156
f 3155 3156 2679
f 3155 2679 3157
f 3157 2679 3158
f 3157 3158 2683
f 2683 3159 3157
f 3157 3159 3160
f 3157 3160 3161
f 3161 3160 3162
f 3161 3162 2687
f 2687 3163 3161
f 3161 3163 3164
f 3163 2690 3164
f 3164 2690 2692
f 3164 2692 3165
f 3165 2692 2693
f 3165 2693 3166
f 3165 3166 3167
f 3167 3166 2699
f 3167 2699 2701
f 2701 2702 3167
f 3167 2702 2703
f 3167 2703 3168
f 3168 2703 2704
f 3168 2704 3169
f 3169 2706 3168
f 3168 2706 3170
f 3170 3171 3168
f 3168 3171 2709
f 2709 3115 3168
f 3168 3115 3096
f 3137 3149 3125
f 2877 3172 2882
f 2882 3172 3173
f 2882 3173 3174
f 3174 3173 3175
f 3174 3175 3176
f 3176 3175 3111
f 3176 3111 3115
f 3115 2709 3171
f 3115 3171 3170
f 3115 3170 2706
f 3115 2706 3169
f 3115 3111 3114
f 3114 3111 3113
f 3113 3111 2711
f 2711 3111 3112
f 3112 3111 3177
f 3177 3111 3175
f 3177 3175 3178
f 3178 3175 3173
f 3178 3173 3179
f 3179 3173 3172
f 3179 3172 3180
f 3180 3172 2877
f 3180 2877 3181
f 3182 3183 3184
f 3184 2839 2838
f 2838 3185 3184
f 3184 3185 2837
f 3184 2837 2675
f 2675 2837 3186
f 2675 3186 3187
f 3187 3186 2836
f 3187 2836 2835
f 2835 3188 3187
f 3187 3188 2834
f 3187 2834 2832
f 3189 3190 2832
f 2832 3190 2827
f 2832 2827 2830
f 2830 2827 3191
f 3191 2827 3192
f 3191 3192 2822
f 2822 3192 3193
f 2832 2835 3187
f 2835 2837 3187
f 3187 2837 2675
f 2675 3194 3121
f 3121 3194 3122
f 2827 2824 3195
f 3195 3192 2827
f 3192 3196 2818
f 2818 3197 3192
f 3192 3197 3198
f 3192 3198 3193
f 3193 3198 2815
f 3197 2815 3198
f 3198 2815 2814
f 3198 2814 2812
f 3184 2675 3182
f 3182 2675 3121
f 3182 3121 3194
f 3194 3121 2674
f 2857 2859 3199
f 3199 2859 3200
f 3199 3201 2857
f 2857 3201 2794
f 3202 3203 3204
f 3204 3203 3205
f 3205 3203 3206
f 3207 3208 3209
f 3209 3208 3210
f 3210 3208 3211
f 3212 3213 3214
f 3215 3216 3217
f 3218 3219 3220
f 3221 3222 3223
f 3224 3225 2794
f 3206 3203 2863
f 2863 3203 2862
f 2862 3203 2861
f 3203 3202 2861
f 2861 3202 2860
f 3202 2920 2860
f 2920 2918 2860
f 2860 2918 2875
f 2918 2919 2875
f 2875 2919 2863
f 2919 3206 2863
f 3211 3208 2904
f 2904 3208 2905
f 3208 3207 2905
f 2905 3207 2906
f 2906 3207 2908
f 3207 2923 2908
f 2923 2921 2908
f 2908 2921 2910
f 2921 2922 2910
f 2910 2922 2904
f 2922 3211 2904
f 3226 3227 3228
f 3228 3227 3229
f 3229 3227 3230
f 3231 3229 3230
f 3232 3233 3234
f 3235 3236 3237
f 3237 3236 3238
f 3238 3236 3239
f 3238 3239 3240
f 3238 3240 3241
f 3240 3239 3242
f 3243 3242 3244
f 3242 3239 3244
f 3244 3239 3245
f 3239 3236 3245
f 3245 3236 3235
f 3245 3235 3246
f 3243 3247 3242
f 3242 3247 3248
f 3247 3249 3248
f 3248 3249 3250
f 3250 3249 3251
f 3252 3251 3249
f 3253 3254 3255
f 3255 3254 3256
f 3257 3258 3259
f 3258 3257 3260
f 3261 3260 3262
f 3261 3262 3255
f 3255 3262 3253
f 3260 3261 3263
f 3263 3261 3264
f 3263 3264 3265
f 3265 3264 3266
f 3266 3264 3267
f 3266 3267 3268
f 3268 3269 3266
f 3266 3269 3118
f 3261 3255 3264
f 3264 3255 3270
f 3264 3270 3267
f 3267 3270 3268
f 3268 3270 3271
f 3271 3270 3272
f 3271 3272 3273
f 3273 3272 3274
f 3273 3274 3275
f 3275 3274 3276
f 3275 3271 3273
f 3274 3277 3276
f 3276 3277 3278
f 3278 3277 2843
f 3278 2843 2844
f 3278 2844 3279
f 3274 3272 3280
f 3280 3272 3281
f 3280 3281 3282
f 3282 3281 3283
f 3283 3281 3284
f 3281 3256 3284
f 3284 3256 3285
f 3255 3256 3270
f 3270 3256 3281
f 3272 3270 3281
f 3260 3257 3262
f 3262 3257 3286
f 3262 3286 3253
f 3287 3288 3289
f 3289 3288 3290
f 3288 3291 3292
f 3292 3291 3293
f 3292 3293 3294
f 3294 3293 3295
f 3294 3295 3296
f 3288 3287 3297
f 3288 3297 3291
f 3291 3297 3298
f 3291 3298 3293
f 3293 3298 3295
f 3295 3298 3296
f 3296 3298 3299
f 3298 3300 3299
f 3299 3300 3301
f 3301 3300 3302
f 3302 3300 3303
f 3303 3300 3304
f 3305 3306 3307
f 3306 3308 3307
f 3307 3308 3309
f 3307 3309 3310
f 3311 3305 3312
f 3305 3307 3312
f 3312 3307 3313
f 3312 3313 3314
f 3314 3313 3231
f 3314 3231 3315
f 3315 3231 3316
f 3316 3231 3317
f 3315 3318 3314
f 3314 3318 3312
f 3318 3319 3312
f 3312 3319 3311
f 3319 3320 3311
f 3311 3320 3305
f 3231 3313 3229
f 3229 3313 3321
f 3229 3321 3228
f 3228 3321 3322
f 3228 3322 3226
f 3322 3323 3226
f 3322 3321 3324
f 3324 3321 3309
f 3309 3321 3310
f 3321 3313 3310
f 3310 3313 3307
f 3305 3325 3306
f 3306 3325 2926
f 3306 2926 3326
f 3306 3326 3308
f 3232 3327 3328
f 3276 3329 3275
f 3275 3329 3271
f 3271 3329 3330
f 3271 3330 3268
f 3268 3330 3331
f 2932 2931 3332
f 2932 3332 3333
f 3334 3335 3130
f 3336 3337 3335
f 3335 3337 3128
f 3335 3128 3130
f 3126 3128 3337
f 3241 3240 3338
f 3338 3240 3339
f 3338 3339 3340
f 3340 3339 3341
f 3341 3339 3248
f 3248 3250 3341
f 3341 3250 3125
f 3341 3125 3342
f 3342 3343 3341
f 3341 3343 3340
f 3125 3250 3138
f 3138 3250 3140
f 3339 3240 3248
f 3248 3240 3242
f 3344 3342 3345
f 3345 3342 3346
f 3346 3342 3126
f 3126 3342 3124
f 3124 3342 3125
f 3235 3237 3347
f 3347 3237 3348
f 3347 3348 3349
f 3237 3238 3348
f 3348 3238 3241
f 3348 3241 3350
f 3350 3241 3338
f 3338 3340 3350
f 3350 3340 3351
f 3350 3351 3348
f 3348 3351 3333
f 3348 3333 3332
f 3348 3332 3352
f 3348 3352 3349
f 3349 3352 3353
f 3353 3352 3354
f 3354 3352 3355
f 3354 3355 3356
f 3352 3332 3355
f 3355 3332 3357
f 3357 3332 2931
f 3357 2931 2930
f 3357 2930 3358
f 3358 2930 3336
f 3358 3336 3359
f 3359 3336 3335
f 3359 3335 3360
f 3360 3335 3334
f 3360 3334 2637
f 2930 2932 3336
f 3336 2932 3337
f 2932 3345 3337
f 3337 3345 3126
f 3345 3346 3126
f 3333 3351 2932
f 2932 3351 3361
f 2932 3361 3345
f 3345 3361 3344
f 3344 3361 3342
f 3342 3361 3343
f 3361 3351 3343
f 3343 3351 3340
f 3268 3331 3269
f 3269 3331 3118
f 3118 3331 3330
f 3118 3330 3362
f 3362 3330 3116
f 3116 3118 3362
f 3116 3330 3363
f 3116 3363 3364
f 3364 3363 3365
f 3364 3365 3366
f 3366 3365 3367
f 3366 3367 3368
f 3366 3368 3369
f 3369 3368 3370
f 3369 3370 3371
f 3370 3372 3371
f 3371 3372 3373
f 3371 3373 3374
f 3374 3375 3371
f 3371 3375 3376
f 3375 3377 3376
f 3266 3118 3265
f 3265 3118 3378
f 3118 3117 3378
f 3378 3117 3123
f 3265 3378 3263
f 3259 3258 3379
f 3379 3258 3380
f 3379 3380 3378
f 3379 3378 3381
f 3381 3378 3123
f 3381 3123 3382
f 3382 3123 3383
f 3383 3123 3122
f 3383 3122 3384
f 3378 3380 3263
f 3263 3380 3260
f 3260 3380 3258
f 3385 3386 3387
f 3388 3389 3390
f 3391 3392 3393
f 3308 3394 3395
f 3308 3395 3309
f 3395 3396 3309
f 3309 3396 3324
f 3324 3396 3397
f 3324 3397 3398
f 3324 3398 3399
f 3399 3398 3400
f 3399 3400 3401
f 3324 3399 3402
f 3324 3402 3322
f 3322 3402 3323
f 3323 3402 3226
f 3226 3402 3403
f 3399 3404 3402
f 3402 3404 3405
f 3402 3405 3406
f 3402 3406 3403
f 3325 3305 2926
f 2926 3305 2924
f 3407 3408 3409
f 3410 3411 3412
f 3413 3414 3415
f 3415 3416 3413
f 3413 3416 3417
f 3413 3417 3418
f 3418 3419 3420
f 3420 3419 3421
f 3420 3421 3422
f 3422 3421 3423
f 3423 3424 3422
f 3422 3424 3425
f 3422 3425 3420
f 3420 3425 3426
f 3420 3426 3418
f 3418 3426 3413
f 3413 3426 3427
f 3427 3426 3428
f 3427 3428 3429
f 3429 3428 3430
f 3425 3431 3426
f 3426 3431 3428
f 3431 3432 3428
f 3428 3432 3433
f 3433 3432 3434
f 3434 3432 3435
f 3428 3433 3430
f 3430 3433 3436
f 3425 3424 3437
f 3425 3437 3438
f 3438 3437 3439
f 3438 3439 3440
f 3440 3439 3441
f 3440 3441 3442
f 3442 3441 3443
f 3441 3439 3443
f 3443 3439 3444
f 3444 3439 3437
f 3444 3437 3445
f 3444 3445 3446
f 3446 3445 3447
f 3444 3448 3443
f 3443 3448 3449
f 3443 3449 3450
f 3440 3442 3451
f 3442 3452 3451
f 3451 3452 3435
f 3452 3453 3435
f 3413 3427 3414
f 3414 3427 3454
f 3454 3427 3455
f 3427 3456 3455
f 3455 3456 3457
f 3455 3457 3458
f 3456 3427 3457
f 3427 3429 3457
f 3457 3429 3459
f 3429 3430 3459
f 3459 3430 3460
f 3460 3430 3436
f 3460 3436 3461
f 3461 3436 3462
f 3461 3462 3463
f 3463 3462 3464
f 3463 3464 3465
f 3464 3466 3465
f 3464 3462 3467
f 3414 3289 3290
f 3287 3468 3469
f 3470 3471 3472
f 3472 3471 3473
f 3473 3471 3474
f 3474 3471 2868
f 2868 3471 2870
f 3471 3470 2870
f 2870 3470 2871
f 2871 3470 2872
f 3470 2935 2872
f 2872 2935 2866
f 2935 2933 2866
f 2933 2934 2866
f 2866 2934 2867
f 2934 3474 2867
f 2867 3474 2868
f 3475 3476 3477
f 3477 3476 3478
f 3478 3476 3479
f 3479 3476 2912
f 2912 3476 2913
f 3476 3475 2913
f 2913 3475 2914
f 2914 3475 2915
f 3475 2938 2915
f 2938 2936 2915
f 2915 2936 2916
f 2936 2937 2916
f 2916 2937 2912
f 2937 3479 2912
f 2941 2940 3480
f 2940 3481 3480
f 3480 3481 3482
f 3482 3481 3483
f 3483 3481 3484
f 3483 3484 3485
f 3485 3484 3486
f 3485 3486 3487
f 3485 3487 3488
f 2941 3489 2939
f 2939 3489 3490
f 3490 3489 3491
f 3491 3489 3492
f 3491 3492 3488
f 3488 3487 3491
f 3489 2941 3492
f 3492 2941 3493
f 3492 3493 3488
f 3488 3493 3494
f 3488 3494 3485
f 3485 3494 3495
f 3485 3495 3482
f 3482 3495 3480
f 3480 3495 3496
f 3480 3496 3493
f 3485 3482 3483
f 3480 3493 2941
f 2944 2943 3497
f 2943 3498 3497
f 3497 3498 3499
f 3498 3500 3499
f 3499 3500 3501
f 3500 3502 3501
f 3501 3502 3503
f 3502 3504 3503
f 3503 3504 3505
f 2944 3506 2942
f 2942 3506 3507
f 3506 3508 3507
f 3507 3508 3509
f 3508 3505 3509
f 3509 3505 3504
f 3499 3501 3497
f 3497 3501 3510
f 3510 3511 3497
f 3497 3511 2944
f 2944 3511 3512
f 2944 3512 3506
f 3506 3512 3505
f 3506 3505 3508
f 3505 3512 3513
f 3505 3513 3503
f 3503 3513 3510
f 3510 3501 3503
f 3514 3515 3516
f 3517 3518 3519
f 3520 3521 3522
f 3522 3521 3523
f 3522 3523 3524
f 3525 3523 3526
f 3526 3523 3521
f 3526 3521 3527
f 3106 3528 3107
f 3107 3528 3529
f 3107 3529 3108
f 3108 3529 3110
f 3110 3529 3530
f 3530 3529 3528
f 3530 3528 3531
f 2947 2946 3532
f 2947 3532 3533
f 2947 3533 3534
f 3534 3533 3535
f 3534 3535 3536
f 3536 3535 3537
f 3536 3537 3538
f 3538 3537 3539
f 3539 3537 3540
f 2950 2949 3541
f 2949 3542 3541
f 3541 3542 3543
f 3543 3542 3544
f 3544 3542 3545
f 3544 3545 3546
f 3546 3547 3544
f 3544 3547 3548
f 3548 3547 3549
f 2953 2952 3550
f 2953 3550 3551
f 3551 3550 3552
f 3552 3550 3553
f 3552 3553 3297
f 3553 3550 3554
f 3554 3550 2952
f 2953 3551 3555
f 2953 3555 3556
f 3556 2951 2953
f 2952 2951 3557
f 2952 3557 3558
f 3558 3557 3559
f 3559 3560 3561
f 3558 3554 2952
f 3561 3560 3562
f 3563 3561 3562
f 3558 3559 3564
f 3558 3564 3565
f 3565 3564 3566
f 3565 3566 3567
f 3567 3566 3568
f 3568 3566 3569
f 3569 3566 3570
f 3567 3571 3565
f 3565 3571 3572
f 3572 3573 3574
f 3574 3573 3575
f 3574 3575 3576
f 3576 3575 3577
f 3565 3572 3578
f 3565 3578 3579
f 3559 3580 3564
f 3564 3580 3581
f 3564 3581 3582
f 3564 3582 3583
f 3564 3583 3584
f 3584 3583 3585
f 3584 3585 3586
f 3564 3584 3566
f 3566 3584 3587
f 3566 3587 3588
f 3588 3587 3589
f 3588 3589 3590
f 3590 3589 3591
f 3590 3591 3592
f 3590 3592 3593
f 3590 3593 3594
f 3594 3593 3595
f 3594 3596 3590
f 3590 3596 3597
f 3590 3597 3598
f 3599 3598 3600
f 3599 3600 3601
f 3601 3600 3602
f 3602 3600 3603
f 3603 3600 3604
f 3599 3601 3605
f 3599 3605 3606
f 3597 3596 3598
f 3598 3596 3607
f 3598 3607 3608
f 3608 3607 3609
f 3608 3609 3610
f 3610 3609 3611
f 3610 3612 3608
f 3608 3612 3604
f 3608 3604 3600
f 3600 3598 3608
f 3596 3594 3607
f 3607 3594 3595
f 3607 3595 3613
f 3607 3613 3609
f 3609 3613 3614
f 3609 3614 3611
f 3611 3614 3615
f 3598 3599 3590
f 3590 3599 3588
f 3591 3589 3616
f 3616 3589 3617
f 3617 3589 3618
f 3618 3589 3619
f 3618 3620 3621
f 3621 3620 3622
f 3622 3623 3621
f 3621 3623 3624
f 3624 3623 3625
f 3624 3625 3626
f 3627 3626 3625
f 3621 3624 3618
f 3618 3624 3617
f 3624 3626 3617
f 3617 3626 3616
f 2951 3556 3557
f 3557 3556 3559
f 3559 3556 3560
f 3560 3556 3562
f 2956 2955 3628
f 2956 3628 3629
f 3629 3628 3630
f 3629 3630 3631
f 3631 3630 3632
f 3632 3630 3633
f 3633 3630 3634
f 3633 3634 3635
f 3635 3634 3636
f 3635 3636 3637
f 3637 3636 3638
f 3637 3638 3412
f 3412 3638 3410
f 3410 3638 3639
f 3410 3639 3563
f 3410 3563 3640
f 3637 3412 3635
f 3635 3412 3631
f 3635 3631 3633
f 3633 3631 3632
f 2955 3586 3628
f 3628 3586 3630
f 3630 3586 3634
f 3586 3585 3634
f 3634 3585 3636
f 3585 3583 3582
f 3585 3582 3636
f 3636 3582 3641
f 3641 3582 3581
f 3641 3581 3642
f 3642 3581 3580
f 3642 3580 3559
f 3559 3561 3642
f 3642 3561 3563
f 3642 3563 3639
f 3639 3638 3642
f 3642 3638 3641
f 3641 3638 3636
f 2959 2958 3643
f 2959 3643 3016
f 3016 3643 3644
f 2958 3645 3643
f 3643 3645 3646
f 3643 3646 3644
f 3644 3646 3647
f 3647 3646 3648
f 3647 3648 3649
f 3649 3648 3650
f 3649 3650 3651
f 3651 3650 3652
f 3645 3653 3646
f 3646 3653 3648
f 3648 3653 3654
f 3648 3654 3650
f 3650 3654 3655
f 3650 3655 3656
f 3656 3655 3657
f 3656 3657 3658
f 3658 3657 3659
f 3659 3657 3660
f 3660 3657 3655
f 3661 3654 3653
f 3658 3662 3656
f 3656 3662 3663
f 3656 3663 3652
f 3650 3656 3652
f 3663 3662 3664
f 3616 3626 3591
f 3591 3626 3592
f 3592 3626 3665
f 3592 3665 2928
f 2928 3665 2929
f 2929 3665 3627
f 3627 3665 3626
f 3592 2928 3593
f 3593 2928 3666
f 3572 3571 3573
f 3573 3571 3667
f 3573 3667 3575
f 3575 3667 3668
f 3575 3668 3577
f 3577 3668 3669
f 3669 3668 3670
f 3670 3668 3671
f 3670 3671 3672
f 3672 3671 3673
f 3672 3673 3674
f 3674 3673 3675
f 3571 3567 3667
f 3667 3567 3568
f 3667 3568 3569
f 3676 3677 3570
f 3570 3677 3673
f 3673 3677 3678
f 3673 3678 3675
f 3675 3678 3679
f 3673 3671 3570
f 3570 3671 3569
f 3671 3668 3569
f 3569 3668 3667
f 3572 3574 3578
f 3578 3574 3579
f 3579 3574 3680
f 3680 3574 3576
f 3680 3576 3681
f 3681 3576 3682
f 3683 3684 3579
f 3683 3579 3685
f 3683 3685 3300
f 3300 3685 3686
f 3687 3688 3558
f 3687 3558 3565
f 3684 3683 3687
f 3687 3683 3688
f 3688 3683 3689
f 3688 3689 3558
f 3558 3689 3554
f 3554 3689 3553
f 3553 3689 3297
f 3297 3689 3298
f 3298 3689 3300
f 3689 3683 3300
f 3684 3687 3565
f 3684 3565 3579
f 3666 2928 3690
f 3690 2928 3691
f 3691 2928 2927
f 3691 2927 3692
f 3593 3666 3690
f 3593 3690 3693
f 3693 3595 3593
f 3595 3694 3613
f 3613 3694 3614
f 3614 3694 3695
f 3695 3615 3614
f 3690 3696 3693
f 3693 3696 3595
f 3595 3696 3694
f 3696 3697 3694
f 3694 3697 3695
f 3697 3698 3695
f 3695 3698 3699
f 3699 3698 3700
f 3699 3700 3701
f 3699 3701 3702
f 3700 3698 3703
f 3703 3698 3697
f 3703 3697 3704
f 3677 3705 3706
f 3706 3705 3707
f 3706 3707 3708
f 3708 3707 3709
f 3709 3707 3710
f 3705 3711 3707
f 3707 3711 3712
f 3712 3711 3713
f 3707 3712 3710
f 3710 3712 3714
f 3713 3711 3715
f 3713 3715 3716
f 3716 3715 3717
f 3716 3717 3718
f 3718 3717 3719
f 3718 3719 3720
f 3720 3719 3721
f 3720 3721 3722
f 3721 3719 3723
f 3723 3719 3724
f 3723 3724 3725
f 3725 3724 3605
f 3719 3717 3724
f 3724 3717 3726
f 3724 3726 3727
f 3727 3726 3728
f 3727 3728 3588
f 3588 3728 3566
f 3566 3728 3570
f 3570 3728 3676
f 3728 3726 3676
f 3676 3726 3711
f 3676 3711 3677
f 3677 3711 3705
f 3677 3706 3678
f 3706 3708 3678
f 3708 3679 3678
f 3588 3599 3727
f 3727 3599 3606
f 3727 3606 3724
f 3724 3606 3605
f 3605 3601 3729
f 3729 3601 3602
f 3729 3602 3730
f 3717 3715 3726
f 3726 3715 3711
f 3713 3716 3731
f 3731 3716 3732
f 3731 3732 3733
f 3734 3735 3722
f 3722 3735 3720
f 3736 3084 3735
f 3735 3084 3737
f 3735 3737 3720
f 3720 3737 3738
f 3720 3738 3718
f 3718 3738 3739
f 3718 3739 3716
f 3716 3739 3732
f 3732 3739 3740
f 3740 3739 3741
f 3083 3082 3742
f 3742 3082 3743
f 3082 3081 3743
f 3743 3081 3744
f 3743 3744 3745
f 3745 3744 3746
f 3746 3744 3747
f 3746 3747 3748
f 3748 3747 3749
f 3743 3745 3750
f 3750 3745 3751
f 3744 3081 3752
f 3744 3752 3747
f 3747 3752 3753
f 3753 3754 3747
f 3747 3754 3755
f 3747 3755 3749
f 3756 3749 3755
f 3398 3397 3757
f 3757 3397 3396
f 3757 3396 3395
f 3395 3394 3757
f 3757 3394 3758
f 3757 3758 3759
f 3759 3758 3760
f 3760 3761 3759
f 3761 3762 3759
f 3759 3762 3763
f 3759 3763 3400
f 3763 3764 3400
f 3400 3764 3401
f 3401 3764 3765
f 3401 3765 3766
f 3766 3765 3767
f 3766 3767 3405
f 3758 3394 3760
f 3760 3394 3308
f 3760 3308 3768
f 3768 3308 3326
f 3326 2926 3768
f 3768 2926 3769
f 3404 3399 3405
f 3405 3399 3401
f 3401 3766 3405
f 3770 3771 3772
f 3771 3406 3773
f 3771 3773 3772
f 3774 3775 3776
f 3774 3776 3773
f 3773 3406 3774
f 3774 3406 3777
f 3774 3777 3775
f 3775 3777 3778
f 3778 3777 3779
f 3778 3780 3775
f 3775 3780 3776
f 3776 3780 3773
f 3780 3781 3773
f 3773 3781 3772
f 3770 3772 3781
f 3777 3406 3405
f 3777 3405 3782
f 3777 3782 3779
f 3779 3782 3767
f 3782 3405 3767
f 3403 3406 3226
f 3406 3771 3226
f 3226 3771 3227
f 3227 3771 3770
f 3227 3770 3783
f 3783 3770 3230
f 3783 3230 3227
f 3467 3784 3464
f 3464 3784 3466
f 3466 3784 3785
f 3786 3463 3465
f 3786 3465 3787
f 3463 3786 3461
f 3461 3786 3460
f 3460 3786 3459
f 3459 3786 3787
f 3459 3787 3788
f 3788 3787 3457
f 3788 3457 3459
f 3457 3787 3458
f 3458 3787 3789
f 3458 3789 3790
f 3789 3787 3791
f 3787 3465 3791
f 3791 3465 3792
f 3792 3465 3466
f 3433 3434 3436
f 3436 3434 3435
f 3436 3435 3462
f 3462 3435 3453
f 3462 3453 3452
f 3462 3452 3467
f 3467 3452 3784
f 3784 3452 3793
f 3793 3452 3794
f 3784 3793 3795
f 3435 3432 3451
f 3451 3432 3796
f 3451 3796 3440
f 3440 3796 3438
f 3438 3796 3425
f 3425 3796 3431
f 3796 3432 3431
f 3797 3798 3799
f 3797 3800 3798
f 3801 3802 3803
f 3803 3802 3370
f 3804 3805 3806
f 3804 3807 3805
f 3808 3809 3810
f 3808 3811 3809
f 3809 3811 3812
f 3809 3812 3810
f 3810 3812 3813
f 3808 3814 3811
f 3814 3815 3816
f 3814 3816 3817
f 3817 3816 3818
f 3818 3816 3819
f 3817 3812 3811
f 3811 3814 3817
f 3816 3815 3820
f 3820 3821 3816
f 3816 3821 3819
f 3819 3821 3822
f 3365 3363 3278
f 3365 3278 3279
f 3276 3278 3329
f 3329 3278 3363
f 3329 3363 3330
f 3367 3365 3368
f 3823 3377 3824
f 3377 3823 3825
f 3377 3825 3376
f 3376 3825 3826
f 3825 3827 3826
f 3826 3827 3828
f 3827 3813 3828
f 3828 3813 3812
f 3828 3812 3829
f 3829 3812 3817
f 3817 3818 3829
f 3829 3818 3830
f 3818 3819 3830
f 3830 3819 3831
f 3830 3831 3832
f 3830 3832 3833
f 3833 3832 3834
f 3834 3832 3524
f 3834 3524 3523
f 3523 3525 3834
f 3834 3525 3835
f 3834 3835 3836
f 3836 3835 3837
f 3838 3836 3839
f 3838 3839 3840
f 3838 3841 3836
f 3836 3841 3842
f 3825 3823 3843
f 3843 3823 3844
f 3844 3823 3845
f 3845 3823 3824
f 3846 3824 3375
f 3846 3375 3374
f 3373 3372 3374
f 3374 3372 3847
f 3847 3372 3848
f 3374 3847 3846
f 3846 3845 3824
f 3849 3847 3848
f 3849 3848 3801
f 3801 3848 3802
f 3370 3802 3372
f 3372 3802 3848
f 3377 3375 3824
f 3827 3825 3813
f 3813 3825 3810
f 3825 3843 3810
f 3810 3843 3850
f 3822 3821 3851
f 3822 3851 3831
f 3822 3831 3819
f 3831 3851 3852
f 3852 3851 3853
f 3853 3851 3820
f 3820 3851 3821
f 3835 3525 3837
f 3837 3525 3854
f 3854 3525 3526
f 3854 3526 3527
f 3854 3527 3855
f 3855 3527 3856
f 3855 3856 3857
f 3855 3857 3858
f 3858 3857 3859
f 3857 3856 3859
f 3859 3856 3860
f 3856 3527 3860
f 3860 3527 2767
f 3855 3858 3861
f 3858 3862 3861
f 3861 3862 3840
f 3862 3863 3840
f 3840 3863 3838
f 3838 3863 3841
f 3364 3366 3116
f 3116 3366 3864
f 3116 3864 3119
f 3366 3369 3864
f 3864 3369 3371
f 3864 3371 3865
f 3865 3371 3376
f 3865 3376 3826
f 3866 3334 3867
f 3334 3867 2637
f 2637 3867 3868
f 3868 3867 3869
f 3868 3869 2643
f 2643 3869 2645
f 2645 3869 2647
f 3797 3799 3870
f 3870 3799 3871
f 3872 3870 3873
f 3873 3870 3871
f 3873 3871 3874
f 3874 3871 3875
f 3804 3806 3876
f 3876 3806 3877
f 3088 3878 3087
f 3087 3878 3879
f 3087 3879 3085
f 3085 3879 3096
f 3096 3879 3168
f 3878 3880 3879
f 3879 3880 3881
f 3879 3881 3168
f 3168 3881 3167
f 3880 3882 3881
f 3881 3882 3883
f 3881 3883 3884
f 3884 3883 3885
f 3884 3885 3886
f 3881 3884 3167
f 3167 3884 3165
f 3165 3884 3164
f 3164 3884 3886
f 3164 3886 3161
f 3161 3886 3157
f 3886 3887 3888
f 3888 3887 3134
f 3888 3134 3132
f 3886 3888 3157
f 3157 3888 3155
f 3877 3889 3876
f 3110 3530 3889
f 3889 3530 3890
f 3889 3890 3876
f 3531 3890 3530
f 3891 3892 3893
f 3894 3893 3895
f 3894 3895 3874
f 3874 3895 3873
f 3896 3895 3893
f 3894 3874 3891
f 3893 3894 3891
f 3892 3897 3898
f 3898 3897 3899
f 3898 3899 3807
f 3807 3899 3805
f 3805 3899 3900
f 3900 3899 3897
f 3900 3897 3901
f 3898 3896 3893
f 3892 3898 3893
f 3902 3903 3904
f 3902 3904 3905
f 3904 3906 3800
f 3904 3800 3907
f 3798 3800 3908
f 3908 3800 3906
f 3904 3907 3909
f 3904 3909 3905
f 3905 3909 3910
f 3905 3910 3911
f 3911 3910 3135
f 3135 3910 3869
f 3905 3911 3902
f 3135 3902 3911
f 3903 3135 3134
f 3903 3134 3887
f 3903 3887 3904
f 3904 3887 3906
f 3906 3887 3908
f 3908 3887 3886
f 3908 3886 3912
f 3135 3903 3902
f 3131 3133 3130
f 3752 3081 3753
f 3753 3081 3913
f 3753 3913 3754
f 3754 3913 3914
f 3914 3913 3915
f 3914 3915 3916
f 3916 3915 2896
f 3915 3917 2896
f 2896 3917 3918
f 3918 3917 3919
f 3919 3917 3920
f 3919 3920 2716
f 2716 3920 2668
f 3916 3921 3914
f 3914 3921 3922
f 3921 3923 3922
f 3922 3923 3924
f 3730 3925 3729
f 2962 2961 3926
f 2962 3926 3927
f 2965 2964 3928
f 2965 3928 3929
f 3929 3928 3930
f 3931 3932 2965
f 2965 3932 2963
f 3932 3933 2963
f 2963 3933 2964
f 3933 3934 2964
f 2964 3934 3928
f 3934 3935 3928
f 3928 3935 3930
f 3935 3936 3930
f 3930 3936 2907
f 3930 2907 3937
f 2907 3936 3938
f 3938 3936 2908
f 3938 2908 3939
f 3939 2908 3940
f 3940 2908 2910
f 3940 2910 2904
f 3940 2904 3934
f 3940 3934 3933
f 3940 3933 3941
f 3941 3933 3942
f 3942 3943 3941
f 3941 3943 3944
f 3941 3944 3945
f 3945 3944 3181
f 3181 3944 3946
f 3181 3946 3942
f 3181 3942 2879
f 2879 3942 3932
f 3932 3942 3933
f 3932 3931 2879
f 2879 3931 3947
f 3934 2904 3935
f 2904 2905 3935
f 3935 2905 2906
f 3935 2906 2908
f 3935 2908 3936
f 3940 3948 3939
f 3939 3948 3949
f 3950 3951 3937
f 3937 3951 3952
f 3951 3953 3952
f 3952 3953 3954
f 2907 3938 3937
f 3937 3938 3950
f 3938 3939 3950
f 3950 3939 3951
f 3939 3949 3951
f 3951 3949 3953
f 3949 3955 3953
f 3953 3955 3954
f 3955 3956 3954
f 3954 3956 3957
f 3954 3957 3958
f 3954 3958 3952
f 3952 3958 3937
f 3958 3959 3937
f 3937 3959 3930
f 3930 3959 3929
f 3929 3959 2965
f 3959 3960 2965
f 2965 3960 3931
f 3931 3960 3947
f 3947 3960 2879
f 3957 3956 3961
f 3961 3956 3962
f 3961 3962 3963
f 3963 3964 3961
f 3961 3964 3965
f 3964 3966 3965
f 3965 3966 3967
f 3965 3967 3968
f 3968 3969 3965
f 3965 3969 3970
f 3969 3971 3970
f 3970 3971 3972
f 3970 3972 3973
f 3967 3966 3974
f 3974 3966 2864
f 3962 3975 3963
f 3963 3975 3976
f 3975 3977 3976
f 3976 3977 3978
f 3977 3979 3978
f 3978 3979 3980
f 3979 2864 3980
f 3980 2864 3966
f 3963 3976 3964
f 3964 3976 3978
f 3964 3978 3980
f 3964 3980 3966
f 3967 3981 3968
f 3968 3981 3982
f 3981 3983 3982
f 3982 3983 3984
f 3983 3985 3984
f 3984 3985 3986
f 3985 3987 3986
f 3986 3987 3971
f 3968 3982 3969
f 3969 3982 3971
f 3982 3984 3971
f 3971 3984 3986
f 3987 3985 3988
f 3988 3985 2795
f 2795 3985 3989
f 3989 3990 2795
f 2795 3990 3224
f 3224 3990 3991
f 3224 3991 3225
f 3225 3991 3992
f 3992 3989 3225
f 3225 3989 3993
f 3993 3989 3985
f 3993 3985 3983
f 3983 3981 3993
f 3993 3981 2860
f 3993 2860 3994
f 3994 2860 2875
f 3994 2875 2863
f 3994 2863 3974
f 3994 3974 2864
f 2864 3979 3994
f 3994 3979 3977
f 3994 3977 3975
f 2863 2862 3974
f 3974 2862 2861
f 3974 2861 3967
f 3967 2861 2860
f 2860 3981 3967
f 3987 3988 3971
f 3971 3988 2795
f 3971 2795 3972
f 3972 2795 2793
f 3972 2793 3995
f 3972 3995 3482
f 3482 3995 3996
f 3482 3996 3997
f 3997 3996 2780
f 3997 2780 3998
f 3998 2780 2779
f 2779 3999 3998
f 3998 3999 4000
f 3972 3482 3973
f 3973 3482 4001
f 3482 3997 4001
f 4001 3997 4002
f 3997 3998 4002
f 4002 3998 4000
f 4002 4000 4003
f 4002 4003 4004
f 4004 4003 4005
f 4004 4005 4006
f 4006 4005 3923
f 4006 3923 3921
f 4006 3921 4007
f 4006 4007 4008
f 4008 4007 4009
f 4008 4009 4010
f 4010 4009 3501
f 4010 3501 4011
f 4011 3501 2880
f 4011 2880 2879
f 2879 3960 4011
f 4011 3960 4010
f 2880 3501 4012
f 4012 3501 4013
f 3501 4009 4013
f 4013 4009 4007
f 4013 4007 2893
f 2893 4007 3921
f 2893 3921 3916
f 2893 3916 2896
f 3282 4014 3280
f 3280 4014 3274
f 3274 4014 4015
f 3274 4015 4016
f 3274 4016 3277
f 3277 4016 4017
f 3277 4017 4018
f 4018 4019 3277
f 3277 4019 4020
f 3277 4020 2676
f 2676 2845 3277
f 3277 2845 2843
f 2843 2845 2844
f 2844 2845 4021
f 2844 4021 4022
f 4022 4021 4023
f 4022 4023 2851
f 2851 4023 2852
f 2855 2854 2742
f 2855 2742 2745
f 2856 2742 2744
f 2856 2744 4024
f 2856 4024 4025
f 4025 4024 4026
f 4026 2741 4027
f 4027 2741 4028
f 4027 4028 2740
f 2740 4028 2738
f 4028 2735 2738
f 2738 2735 2736
f 2735 4029 2734
f 2734 4029 4030
f 4029 4031 4030
f 4030 4031 2729
f 2729 4031 2751
f 2729 2751 2746
f 2746 2751 2748
f 2746 2748 4032
f 4032 2748 4033
f 4033 2748 4034
f 4033 4034 4035
f 4035 4034 4036
f 4035 4036 2750
f 4035 2750 2754
f 2754 2750 2751
f 2754 2751 2753
f 2753 2751 2752
f 2751 2758 2752
f 2752 2758 2755
f 2755 2758 2759
f 2759 2758 2762
f 2759 2762 4037
f 4037 2762 2764
f 2762 4038 2764
f 2764 4038 2766
f 2766 4038 2767
f 4038 2779 2767
f 2767 2779 2772
f 2767 2772 3860
f 3860 2772 2773
f 2773 2774 3860
f 3860 2774 2776
f 3860 2776 3859
f 3859 2776 2780
f 3859 2780 3858
f 3858 2780 3996
f 3858 3996 3862
f 3862 3996 4039
f 3862 4039 4040
f 3862 4040 3863
f 3863 4040 4041
f 4041 4040 4042
f 4042 4040 4043
f 4039 3996 4044
f 4044 3996 2786
f 4044 2786 4045
f 4045 2788 4044
f 2786 3996 3995
f 2786 3995 2789
f 2780 2776 2779
f 2779 2776 2777
f 2777 2772 2779
f 2750 2749 2751
f 2751 2749 2748
f 4028 2741 2743
f 4028 2743 2742
f 4019 4046 4020
f 4020 4046 4047
f 4020 4047 4048
f 4020 4048 4049
f 4048 4050 4049
f 4046 4051 4047
f 4047 4051 4052
f 4047 4052 4053
f 4053 4052 4054
f 4053 4054 4016
f 4053 4016 4015
f 4055 3389 4053
f 4053 3389 4047
f 4053 4047 4056
f 4056 4047 4048
f 4056 4048 4057
f 4057 4048 4050
f 4057 4050 4058
f 4053 4056 4059
f 4050 4048 3390
f 3390 4048 3388
f 4048 4047 3388
f 3388 4047 3389
f 4055 4053 3577
f 3577 3669 4055
f 4055 3669 3389
f 3669 3670 3389
f 3389 3670 3672
f 3389 3672 3390
f 3390 3672 3674
f 3390 3674 3675
f 3390 3675 4060
f 4060 3675 3679
f 4060 3679 4049
f 4049 3679 4020
f 4020 3679 3708
f 4020 2676 4061
f 4061 2676 4062
f 4062 2676 2677
f 2677 2842 4062
f 4062 2842 4063
f 4063 2842 4064
f 2842 4065 4064
f 4064 4065 4066
f 4066 4065 4067
f 4066 4067 4068
f 4067 4069 4068
f 4068 4069 4070
f 4069 4071 4070
f 4070 4071 4072
f 4072 4071 4073
f 4072 4073 4074
f 4074 4073 2634
f 4074 2634 4075
f 4075 2634 4076
f 4076 2634 4077
f 4077 2634 2618
f 4077 2618 2617
f 4077 2617 4078
f 4078 2617 4079
f 3730 3602 4079
f 4078 4079 4080
f 4078 4080 4081
f 4079 3602 4080
f 4080 3602 4082
f 3602 3603 4082
f 4082 3603 3604
f 4082 3604 3393
f 3393 3604 3612
f 3393 3612 3610
f 3393 3610 3391
f 3391 3610 3611
f 3391 3611 3615
f 3391 3615 4083
f 4083 3615 3702
f 3702 3615 3699
f 3615 3695 3699
f 4020 4061 4049
f 4053 4015 3577
f 3577 4015 3576
f 3708 3709 4020
f 4020 3709 2676
f 2676 3709 2845
f 2845 3709 4021
f 3709 3710 4021
f 4021 3710 4023
f 4023 3710 2852
f 2852 3710 3714
f 2852 3714 2854
f 2854 3714 2742
f 2742 3714 4028
f 4028 3714 2735
f 3714 4084 2735
f 2735 4084 4029
f 4029 4084 4031
f 4031 4084 4085
f 4031 4085 2751
f 2751 4085 2758
f 4085 4086 2758
f 2758 4086 2762
f 2762 4086 4038
f 4038 4086 4087
f 4038 4087 2779
f 2779 4087 4088
f 2779 4088 3999
f 3999 4088 4089
f 3999 4089 4000
f 4000 4089 4090
f 4000 4090 4003
f 4003 4090 4091
f 4091 4092 4003
f 4003 4092 4093
f 4003 4093 4005
f 4005 4093 4094
f 4005 4094 4095
f 4094 3924 4095
f 4095 3924 4096
f 4096 3924 4097
f 3924 3923 4097
f 4097 3923 4005
f 4097 4005 4098
f 4098 4005 4095
f 4094 4093 4099
f 4094 4099 4091
f 4094 4091 4090
f 4087 4100 4088
f 4088 4100 3756
f 3355 3357 4101
f 3357 3358 4101
f 4101 3358 3699
f 3358 3359 3699
f 3699 3359 4102
f 3699 4102 4103
f 3699 4103 3702
f 3702 4103 4104
f 3702 4104 4105
f 3702 4105 4106
f 4106 4105 4107
f 4106 4107 2617
f 2617 4107 4108
f 2617 4108 4109
f 4109 4110 2617
f 2617 4110 3359
f 4102 3359 4110
f 2617 4079 4106
f 4106 4079 4111
f 4111 4079 4080
f 4111 4080 4112
f 3201 4113 2794
f 2877 4114 4115
f 2877 2882 4114
f 4114 2882 2884
f 2882 3174 2884
f 2884 3174 2889
f 2884 2889 4116
f 3174 3176 2889
f 2889 3176 4117
f 2889 4117 4116
f 4116 4117 3176
f 2877 4115 2902
f 4115 4118 2902
f 2902 4118 2909
f 2902 2909 3941
f 3941 2909 3940
f 3941 3945 2902
f 2902 3945 3181
f 3181 2877 2902
f 4118 4119 2909
f 2909 4119 2873
f 2909 2873 3940
f 3940 2873 3948
f 4119 4120 2873
f 2873 4120 4121
f 2873 4121 2865
f 2865 4121 3200
f 2865 3200 2859
f 2873 2865 3948
f 3948 2865 4122
f 4122 2865 3994
f 3994 2865 2859
f 3994 2859 3993
f 3993 2859 2857
f 3993 2857 3225
f 3225 2857 2794
f 3513 3512 2883
f 2883 3512 4123
f 3512 3511 4123
f 4123 3511 2885
f 3513 2883 3510
f 3510 2883 2887
f 3510 2887 2885
f 3511 3510 2885
f 3494 3493 2786
f 2786 3493 4045
f 4045 3493 2788
f 2788 3493 3496
f 3494 2786 3495
f 3495 2786 2789
f 3495 2789 2788
f 3496 3495 2788
f 3520 2764 3521
f 2764 2766 3521
f 3521 2766 2767
f 3521 2767 3527
f 3852 3853 2755
f 2755 3853 2752
f 2752 3853 3820
f 2752 3820 2753
f 2755 2759 3852
f 3852 2759 4124
f 2759 4037 4124
f 4037 2764 4124
f 4124 2764 3520
f 3820 3815 2753
f 2753 3815 2754
f 2754 3815 4035
f 4035 3815 4033
f 4033 3815 3814
f 4033 3814 3808
f 4033 3808 4032
f 4032 3808 2746
f 2746 3808 2729
f 2729 3808 3810
f 2729 3810 4030
f 4030 3810 3850
f 4030 3850 2734
f 2734 3850 2736
f 3850 3843 2736
f 2736 3843 2738
f 3843 3844 2738
f 2738 3844 2740
f 2740 3844 3845
f 2740 3845 4027
f 4027 3845 3846
f 4027 3846 4026
f 4026 3846 4025
f 3846 3847 4025
f 3847 3849 4025
f 4025 3849 2856
f 3849 3801 2856
f 2856 3801 2745
f 2745 3801 2855
f 2855 3801 3803
f 2855 3803 2853
f 2853 3803 2851
f 4125 2795 4126
f 4126 2795 3224
f 4126 3224 4127
f 4127 4044 4128
f 4128 4044 2788
f 4128 2788 2789
f 4128 2789 3995
f 3995 2793 4128
f 4128 2793 4125
f 4125 2793 2795
f 3111 3177 3098
f 3098 3177 3099
f 3099 3177 3100
f 3177 3178 3100
f 3100 3178 3101
f 2879 2880 3181
f 4079 2617 3730
f 3730 2617 2636
f 3730 2636 3925
f 3925 2636 4129
f 3925 4129 4130
f 3359 3360 2617
f 2617 3360 2636
f 3360 2637 2636
f 2636 2637 4129
f 2637 3868 4129
f 4129 3868 4130
f 3868 2643 4130
f 4130 2643 2644
f 2644 2645 2647
f 2644 2647 2649
f 2644 2649 2648
f 2648 2649 4131
f 3869 3910 2647
f 2647 3910 2649
f 2649 3910 3909
f 2649 3909 4131
f 3909 3907 4131
f 4131 3907 4132
f 4132 3907 3800
f 4132 3800 4133
f 4133 3800 3797
f 4133 3797 4134
f 4134 3797 2655
f 2655 3797 2656
f 2656 3797 3870
f 3870 3872 2656
f 2656 3872 2657
f 2657 3872 2659
f 2659 3872 3873
f 2659 3873 2662
f 2662 3873 2664
f 3873 3895 2664
f 2664 3895 2666
f 3895 3896 2666
f 2666 3896 4135
f 3896 3898 4135
f 4135 3898 4136
f 3898 3807 4136
f 4136 3807 4137
f 4137 3807 2713
f 3807 3804 2713
f 2713 3804 2673
f 2673 3804 2671
f 2671 3804 2714
f 2714 3804 3876
f 3876 3890 2714
f 2714 3890 2717
f 2717 3890 4138
f 3890 3531 4138
f 4138 3531 2723
f 3531 3528 2723
f 2723 3528 2724
f 2724 3528 3106
f 2724 3106 2726
f 3516 3515 2898
f 2898 3515 2895
f 2895 3515 3514
f 2895 3514 2901
f 2901 3514 2899
f 3514 3516 2899
f 2899 3516 2898
f 3519 3518 2773
f 2773 3518 2774
f 2774 3518 2776
f 2776 3518 3517
f 2776 3517 2777
f 2777 3517 2772
f 3517 3519 2772
f 2772 3519 2773
f 3926 2961 3927
f 3927 2961 2960
f 3927 2960 2962
f 3927 2962 4139
f 4139 2962 4140
f 4139 4140 4141
f 4141 4142 4139
f 4139 4142 4143
f 4142 4144 4143
f 4143 4144 4145
f 4144 4146 4145
f 4145 4146 4147
f 4145 4147 4148
f 4148 4147 4149
f 4148 4149 4150
f 4150 4151 4148
f 4148 4151 4152
f 4148 4152 4153
f 4148 4153 4154
f 3927 4155 4156
f 4156 4155 4157
f 4156 4157 4158
f 4158 4157 4159
f 4159 4160 4158
f 4158 4160 4161
f 4158 4161 2962
f 2962 4161 4162
f 2962 3927 4158
f 4158 3927 4156
f 4163 4164 4154
f 4154 4164 4165
f 4164 4166 4165
f 4165 4166 4167
f 3749 3756 4100
f 3749 4100 3748
f 3748 4100 3746
f 4088 3756 4089
f 4089 3756 4090
f 4090 3756 3755
f 4090 3755 4094
f 4094 3755 3754
f 4094 3754 3924
f 3924 3754 3922
f 3922 3754 3914
f 2968 2967 4168
f 2968 4168 4169
f 4169 4170 2968
f 2968 4170 4171
f 4170 4172 4171
f 4171 4172 4173
f 4172 4174 4173
f 4173 4174 4175
f 4173 4175 4176
f 4174 4177 4175
f 4175 4177 4178
f 4175 4178 4179
f 4179 4178 4180
f 4179 4180 2967
f 2967 4180 4168
f 2971 2970 4181
f 2971 4181 4182
f 4182 4183 2971
f 2971 4183 4184
f 4183 4185 4184
f 4184 4185 4186
f 4185 4187 4186
f 4186 4187 4188
f 4186 4188 4189
f 4187 4190 4188
f 4188 4190 4191
f 4188 4191 4192
f 4192 4191 4193
f 4192 4193 2970
f 2970 4193 4181
f 2974 2973 4194
f 2974 4194 4195
f 4195 4196 2974
f 2974 4196 4197
f 4196 4198 4197
f 4197 4198 4199
f 4198 4200 4199
f 4199 4200 4201
f 4199 4201 4202
f 4200 4203 4201
f 4201 4203 4204
f 4201 4204 4205
f 4205 4204 4206
f 4205 4206 2973
f 2973 4206 4194
f 2977 2976 4207
f 2977 4207 4208
f 4208 4209 2977
f 2977 4209 4210
f 4209 4211 4210
f 4210 4211 4212
f 4211 4213 4212
f 4212 4213 3080
f 4212 3080 4214
f 4213 4215 3080
f 3080 4215 4216
f 3080 4216 4217
f 4217 4216 4218
f 4217 4218 2976
f 2976 4218 4207
f 2980 2979 4219
f 2980 4219 4220
f 4220 4221 2980
f 2980 4221 4222
f 4221 4223 4222
f 4222 4223 4224
f 4223 4225 4224
f 4224 4225 4226
f 4224 4226 4227
f 4225 4228 4226
f 4226 4228 4229
f 4226 4229 4230
f 4230 4229 4231
f 4230 4231 2979
f 2979 4231 4219
f 2983 2982 4232
f 2983 4232 4233
f 4233 4234 2983
f 2983 4234 4235
f 4234 4236 4235
f 4235 4236 4237
f 4236 4238 4237
f 4237 4238 4239
f 4237 4239 4240
f 4238 4241 4239
f 4239 4241 4242
f 4239 4242 4243
f 4243 4242 4244
f 4243 4244 2982
f 2982 4244 4232
f 2986 2985 4245
f 2986 4245 4246
f 4246 4247 2986
f 2986 4247 4248
f 4247 4249 4248
f 4248 4249 4250
f 4249 4251 4250
f 4250 4251 4252
f 4250 4252 4253
f 4251 4254 4252
f 4252 4254 4255
f 4252 4255 4256
f 4256 4255 4257
f 4256 4257 2985
f 2985 4257 4245
f 2989 2988 4258
f 2989 4258 4259
f 4259 4260 2989
f 2989 4260 4261
f 4260 4262 4261
f 4261 4262 4263
f 4262 4264 4263
f 4263 4264 4265
f 4263 4265 4266
f 4264 4267 4265
f 4265 4267 4268
f 4265 4268 4269
f 4269 4268 4270
f 4269 4270 2988
f 2988 4270 4258
f 4271 2884 4116
f 4271 4116 4117
f 4117 3176 2711
f 4272 2711 4273
f 4272 4273 4274
f 4274 4273 4275
f 4276 4277 2701
f 2701 4277 4278
f 4278 4279 2692
f 2692 4279 2690
f 4279 2688 2690
f 2690 2688 2686
f 2683 4280 2681
f 4280 4281 4282
f 4281 4283 4282
f 4282 4283 4284
f 4284 4285 4286
f 4285 4287 4286
f 4286 4287 2622
f 4287 4288 2622
f 4289 4288 4290
f 4289 4290 2619
f 2619 4290 3077
f 2619 3077 4291
f 4115 4292 4118
f 4118 4293 4119
f 4119 4294 4120
f 4120 4295 4121
f 4121 4296 3200
f 3200 4297 3199
f 3199 4298 3201
f 2785 4299 4300
f 4299 4301 4300
f 4300 4301 4302
f 4301 2796 4302
f 2796 4303 4304
f 4303 4305 4304
f 4304 4305 4306
f 4307 2806 4308
f 4308 2806 4309
f 4309 2813 4310
f 4310 2813 2815
f 4310 2815 2817
f 2817 2815 2819
f 2822 2824 3191
f 3191 4311 4312
f 4312 4311 4313
f 4311 4314 4313
f 4314 4315 4316
f 4316 4315 4317
f 4315 2675 4317
f 4317 2675 4318
f 4318 3194 4319
f 4319 3194 2674
f 4319 2674 4320
f 4320 3076 4319
f 2992 2991 4321
f 2992 4321 4322
f 4322 4323 2992
f 2992 4323 4324
f 4323 4325 4324
f 4324 4325 4326
f 4325 4327 4326
f 4326 4327 4328
f 4326 4328 4329
f 4327 4330 4328
f 4328 4330 4331
f 4328 4331 4332
f 4332 4331 4333
f 4332 4333 2991
f 2991 4333 4321
f 4331 4330 4046
f 4046 4330 4051
f 4330 4327 4051
f 4051 4327 4052
f 4327 4325 4052
f 4052 4325 4054
f 4325 4323 4054
f 4054 4323 4016
f 4323 4322 4016
f 4016 4322 4017
f 4322 4321 4017
f 4017 4321 4018
f 4321 4333 4018
f 4018 4333 4019
f 4333 4331 4019
f 4019 4331 4046
f 2995 2994 4334
f 2995 4334 4335
f 4335 4336 2995
f 2995 4336 4337
f 4336 4338 4337
f 4337 4338 4339
f 4338 4340 4339
f 4339 4340 4341
f 4339 4341 4342
f 4340 4343 4341
f 4341 4343 4344
f 4341 4344 4345
f 4345 4344 4346
f 4345 4346 2994
f 2994 4346 4334
f 2998 2997 4347
f 2998 4347 4348
f 4348 4349 2998
f 2998 4349 4350
f 4349 4351 4350
f 4350 4351 4352
f 4351 4353 4352
f 4352 4353 4354
f 4352 4354 4355
f 4353 4356 4354
f 4354 4356 4357
f 4354 4357 4358
f 4358 4357 4359
f 4358 4359 2997
f 2997 4359 4347
f 3001 3000 4360
f 3001 4360 4361
f 4361 4362 3001
f 3001 4362 4363
f 4362 4364 4363
f 4363 4364 4365
f 4364 4366 4365
f 4365 4366 4367
f 4365 4367 4368
f 4366 4369 4367
f 4367 4369 4370
f 4367 4370 3635
f 3635 4370 4371
f 3635 4371 3000
f 3000 4371 4360
f 3004 3003 4372
f 3004 4372 4373
f 4373 4374 3004
f 3004 4374 3651
f 4374 4375 3651
f 3651 4375 4376
f 4375 4377 4376
f 4376 4377 4378
f 4376 4378 4379
f 4377 4380 4378
f 4378 4380 4381
f 4378 4381 4382
f 4382 4381 4383
f 4382 4383 3003
f 3003 4383 4372
f 3007 3006 4384
f 3007 4384 4385
f 4385 4386 3007
f 3007 4386 4387
f 4386 4388 4387
f 4387 4388 4389
f 4388 4390 4389
f 4389 4390 4391
f 4389 4391 4392
f 4390 4393 4391
f 4391 4393 4394
f 4391 4394 4395
f 4395 4394 4396
f 4395 4396 3006
f 3006 4396 4384
f 3010 3009 4397
f 3010 4397 4398
f 4398 4399 3010
f 3010 4399 4400
f 4399 4401 4400
f 4400 4401 4402
f 4401 4403 4402
f 4402 4403 4404
f 4402 4404 4405
f 4403 4406 4404
f 4404 4406 4407
f 4404 4407 4408
f 4408 4407 4409
f 4408 4409 3009
f 3009 4409 4397
f 4405 4404 4410
f 4405 4410 4411
f 4405 4411 4402
f 4402 4411 4412
f 4402 4412 4413
f 4400 4402 4413
f 4410 4404 4414
f 4414 4404 4408
f 4414 4408 4415
f 4415 4408 3009
f 4415 3009 4416
f 4416 3009 4417
f 3009 3008 4417
f 4417 3008 4418
f 3008 3010 4418
f 4418 3010 4419
f 3010 4400 4419
f 4419 4400 4413
f 4399 4398 4420
f 3013 3012 4421
f 3013 4421 4422
f 4422 4423 3013
f 3013 4423 4424
f 4423 4425 4424
f 4424 4425 4426
f 4425 4427 4426
f 4426 4427 4428
f 4426 4428 4429
f 4427 4430 4428
f 4428 4430 4431
f 4428 4431 4432
f 4432 4431 4433
f 4432 4433 3012
f 3012 4433 4421
f 4431 4430 4102
f 4102 4430 4103
f 4430 4427 4103
f 4103 4427 4104
f 4427 4425 4104
f 4104 4425 4105
f 4425 4423 4105
f 4105 4423 4107
f 4423 4422 4107
f 4107 4422 4108
f 4422 4421 4108
f 4108 4421 4109
f 4421 4433 4109
f 4109 4433 4110
f 4433 4431 4110
f 4110 4431 4102
f 3445 3437 3424
f 3445 3424 4434
f 3445 4434 4435
f 4435 4434 4436
f 4435 4436 4437
f 4435 4437 3387
f 3387 4437 3385
f 4435 3387 3447
f 4435 3447 3445
f 4434 3424 3423
f 4438 4439 4440
f 4440 4439 4441
f 4441 4439 4442
f 4441 4442 4443
f 4443 4442 3659
f 4443 3659 4444
f 3659 4442 3658
f 3658 4442 4439
f 3658 4439 3662
f 3662 4439 3664
f 4443 3659 3660
f 4441 4443 4445
f 4441 4445 4446
f 4446 4447 4441
f 4441 4447 4440
f 3016 3015 2959
f 2959 3015 2957
f 2957 3589 2958
f 3589 3587 2958
f 2958 3587 3645
f 3645 3587 3653
f 3653 3587 3661
f 3661 3587 3654
f 3654 3587 3655
f 3655 3587 4443
f 3655 4443 3660
f 4445 4443 4448
f 4445 4448 4449
f 3589 2957 3619
f 3619 2957 3015
f 3619 3015 3618
f 3618 3015 3620
f 3015 3014 3620
f 3620 3014 4450
f 3620 4450 3622
f 3622 4450 4451
f 4451 4450 4452
f 4452 4450 3014
f 4452 3014 4453
f 3697 3696 3692
f 3692 3696 3691
f 3691 3696 3690
f 3680 3681 3686
f 3680 3686 3685
f 3685 3579 3680
f 3576 4015 3682
f 3682 4015 4454
f 3682 4454 4455
f 4455 3681 3682
f 4454 4015 4456
f 4456 4015 4053
f 4456 4053 4059
f 3317 3231 4457
f 3317 4457 4458
f 3317 4458 4459
f 4459 4458 4460
f 4459 4460 4461
f 4461 4460 4462
f 4461 4462 4463
f 4463 4462 4464
f 4463 4464 2927
f 2927 4464 3692
f 3692 4464 3704
f 3697 3692 3704
f 3704 4464 4465
f 4463 4466 4461
f 4461 4466 4467
f 4467 4466 4468
f 4467 4468 4469
f 4461 4467 4459
f 4459 4467 4470
f 4459 4470 3316
f 3316 4470 3315
f 3315 4470 4471
f 3315 4471 3318
f 3318 4471 4472
f 3318 4472 3319
f 3319 4472 3320
f 3320 4472 4473
f 3320 4473 4474
f 4472 4471 4473
f 4473 4471 4475
f 4475 4471 4469
f 4469 4471 4467
f 4470 4467 4471
f 3316 3317 4459
f 3231 3230 4457
f 4457 3230 4476
f 4460 4477 4462
f 4463 2927 4466
f 2927 2929 4466
f 4466 2929 4468
f 4468 2929 4469
f 4469 2929 4475
f 4475 2929 4473
f 4473 2929 3627
f 4473 3627 4474
f 4474 3627 3328
f 3328 3627 3232
f 4082 3393 4080
f 4080 3393 4112
f 4080 4112 4478
f 4478 4112 4111
f 4478 4111 4479
f 4479 4111 4106
f 4479 4106 4480
f 4480 4106 3701
f 4080 4478 4081
f 3701 4106 3702
f 3702 4106 4083
f 4083 4106 3391
f 3391 4106 4111
f 3391 4111 3392
f 3392 4111 4112
f 3392 4112 3393
f 3304 3300 3686
f 3304 3686 4481
f 4481 3686 3681
f 4481 3681 4482
f 4482 3681 4455
f 4481 3385 3304
f 3385 4437 3304
f 3304 4437 3303
f 3303 4437 3302
f 3302 4437 4436
f 3302 4436 3301
f 3390 4060 4050
f 4050 4060 4049
f 4050 4049 4061
f 4050 4061 4058
f 3232 3627 3625
f 3232 3625 3233
f 3233 3625 3623
f 3233 3623 3234
f 3234 3623 3622
f 3234 3622 4483
f 4483 3622 4451
f 3287 3469 3297
f 3297 3469 3552
f 3552 3469 3551
f 3551 3469 3468
f 3551 3468 4484
f 3555 3551 4484
f 3563 3562 3640
f 3640 3562 4485
f 4485 3562 4486
f 3631 4487 3629
f 3629 4487 4488
f 3629 4488 2956
f 2956 4488 2954
f 2954 4488 4489
f 4490 4491 4492
f 4490 4492 4493
f 4491 4490 4494
f 4494 4490 4493
f 4493 4492 4495
f 4495 4492 4496
f 4492 4491 4496
f 4496 4491 4497
f 4491 4494 4497
f 4497 4494 4498
f 4494 4493 4498
f 4498 4493 4495
f 4499 4500 4501
f 4499 4501 4502
f 4500 4499 4503
f 4503 4499 4502
f 4502 4501 4504
f 4504 4501 4505
f 4501 4500 4505
f 4505 4500 4506
f 4500 4503 4506
f 4506 4503 4507
f 4503 4502 4507
f 4507 4502 4504
f 4508 4509 4510
f 4508 4510 4511
f 4509 4508 4512
f 4512 4508 4511
f 4511 4510 4513
f 4513 4510 4514
f 4510 4509 4514
f 4514 4509 4515
f 4509 4512 4515
f 4515 4512 4516
f 4512 4511 4516
f 4516 4511 4513
f 4517 4518 4519
f 4517 4519 4520
f 4518 4517 4521
f 4521 4517 4520
f 4520 4519 4522
f 4522 4519 4523
f 4519 4518 4523
f 4523 4518 4524
f 4518 4521 4524
f 4524 4521 4525
f 4521 4520 4525
f 4525 4520 4522
f 3443 4526 3442
f 3452 3442 4527
f 3452 4527 3794
f 4527 3442 4526
f 3757 3759 3400
f 3757 3400 3398
f 4439 4440 4528
f 4439 4528 4529
f 4440 4530 4528
f 3019 3018 4487
f 4487 3018 4488
f 3018 4531 4488
f 4488 4531 4489
f 4489 4531 2954
f 3017 4532 3018
f 4531 4533 4534
f 2954 4531 2955
f 4531 4535 2955
f 2955 4535 3586
f 3586 4535 3584
f 3584 4535 3587
f 3587 4535 4443
f 4443 4535 4448
f 4531 3018 4533
f 4533 3018 4536
f 4536 3018 4532
f 3700 4537 3699
f 3699 4537 4101
f 4537 4538 4101
f 4101 4538 3355
f 3355 4538 3356
f 3700 3703 4537
f 4537 3703 4524
f 4537 4524 4539
f 4537 4539 4538
f 4538 4539 4525
f 4538 4525 4540
f 4540 4522 4538
f 4538 4522 4541
f 4538 4541 4542
f 4538 4542 4543
f 4543 4542 4544
f 4543 4544 4545
f 4541 4522 4546
f 4546 4522 4547
f 4546 4547 4548
f 4546 4548 4549
f 4549 4548 4550
f 4548 4457 4550
f 4550 4457 4551
f 4551 4457 4545
f 4545 4457 4543
f 4457 4476 4543
f 4543 4476 4552
f 4547 4522 4553
f 4553 4522 4465
f 4522 4554 4465
f 4465 4554 3704
f 4554 4523 3704
f 4523 3703 3704
f 4465 4464 4553
f 4553 4464 4462
f 4553 4462 4477
f 4553 4477 4547
f 4547 4477 4460
f 4547 4460 4548
f 4548 4460 4457
f 4457 4460 4458
f 4555 3664 4529
f 3664 4439 4529
f 3663 3664 3409
f 3663 3409 3652
f 3652 3409 3651
f 3651 3409 3649
f 3649 3409 3408
f 3649 3408 3647
f 3647 3408 3644
f 3408 4556 3644
f 3644 4556 3016
f 3016 4556 4453
f 3014 3016 4453
f 4453 4556 4557
f 3769 2926 4558
f 2926 2925 4558
f 4558 2925 3327
f 4558 3327 4559
f 4559 3327 3232
f 4559 3232 4560
f 4560 3232 4483
f 4483 3232 3234
f 4557 4556 4561
f 4561 4556 3408
f 4561 3408 3407
f 4561 3407 4562
f 4562 3407 3409
f 4562 3409 4563
f 4563 3409 4555
f 4555 3409 3664
f 4563 4555 4562
f 4562 4555 4529
f 4562 4529 4561
f 4561 4529 4564
f 4561 4564 4565
f 4565 4566 4561
f 4561 4566 4557
f 4566 4567 4557
f 4557 4567 4453
f 4567 4568 4453
f 4564 4529 4569
f 4569 4529 4570
f 4571 4572 3631
f 3631 4572 4487
f 4487 4572 3019
f 3019 4572 3017
f 4572 4573 3017
f 3017 4573 4574
f 3017 4574 4575
f 3017 4575 4532
f 4532 4575 4536
f 4575 4576 4536
f 4536 4576 4533
f 4534 4533 4576
f 3412 3411 4577
f 4577 3411 4578
f 3411 3410 4578
f 4578 3410 4579
f 4579 3410 4485
f 4485 3410 3640
f 3412 4577 3631
f 3631 4577 4571
f 4577 4578 4571
f 4578 4579 4571
f 4571 4579 4572
f 4572 4579 4573
f 4573 4579 4580
f 4573 4580 4581
f 4581 4582 4573
f 4573 4582 4583
f 4573 4583 4584
f 4584 4583 4504
f 4584 4505 4573
f 4573 4505 4585
f 4573 4585 4586
f 4586 4585 4506
f 4586 4506 4587
f 4587 4506 4484
f 4506 4588 4484
f 4588 4507 4484
f 4507 4589 4484
f 4589 4504 4583
f 4589 4583 4590
f 4589 4590 4486
f 4486 4590 4485
f 4590 4591 4485
f 4591 4592 4485
f 4485 4592 4593
f 4485 4593 4579
f 4579 4593 4580
f 4587 4594 4586
f 4586 4594 4595
f 4586 4595 4596
f 4596 4597 4586
f 4586 4597 4598
f 4586 4598 4599
f 4594 4600 4595
f 4595 4600 4601
f 4601 4600 4602
f 4602 4600 3454
f 4602 3454 4603
f 4603 3454 4599
f 3454 3455 4599
f 4599 3455 4586
f 3455 3458 4586
f 4484 4589 3555
f 3555 4589 4604
f 3555 4604 3556
f 3556 4604 3562
f 3562 4604 4486
f 4486 4604 4589
f 4484 3468 4587
f 4587 3468 3287
f 4587 3287 3289
f 4587 3289 4594
f 4594 3289 4600
f 4600 3289 3454
f 3454 3289 3414
f 4015 4014 4456
f 4456 4014 3069
f 3069 4014 3068
f 3068 4014 3282
f 3068 3282 3283
f 3446 4605 3444
f 3444 4605 3448
f 3448 4605 4606
f 3448 4606 4607
f 4607 4606 4608
f 4607 4608 4609
f 4605 3446 4610
f 4610 3446 4611
f 4610 4611 4612
f 4612 4611 4613
f 4611 4614 4613
f 4613 4614 4615
f 4614 4616 4615
f 4615 4616 4609
f 4609 4616 4607
f 4607 4616 4497
f 4607 4497 4617
f 4607 4617 3068
f 3068 4617 4498
f 3068 4498 4618
f 4618 4495 3068
f 3068 4495 3069
f 3069 4495 4456
f 4456 4495 4454
f 4454 4496 4455
f 4455 4496 4619
f 4455 4619 4482
f 4619 4497 4482
f 4482 4497 4616
f 3446 3447 4611
f 4611 3447 3387
f 4611 3387 3386
f 4611 3386 4614
f 4614 3386 3385
f 4614 3385 4616
f 4616 3385 4482
f 4482 3385 4481
f 4336 4335 4615
f 4615 4335 4613
f 4335 4334 4613
f 4613 4334 4620
f 4613 4620 4621
f 4621 4620 4622
f 4621 4622 4623
f 4623 4622 4624
f 4624 4622 4344
f 4624 4344 4343
f 4344 4622 4346
f 4346 4622 4620
f 4334 4346 4620
f 4613 4621 4612
f 4612 4621 4623
f 4612 4623 4610
f 4610 4623 4625
f 4610 4625 4605
f 4605 4625 4343
f 4605 4343 4606
f 4606 4343 4340
f 4606 4340 4608
f 4608 4340 4338
f 4608 4338 4609
f 4609 4338 4336
f 4609 4336 4615
f 4343 4625 4624
f 4624 4625 4623
f 4357 4356 4595
f 4595 4356 4596
f 4356 4353 4596
f 4596 4353 4597
f 4353 4351 4597
f 4597 4351 4598
f 4351 4349 4598
f 4598 4349 4599
f 4349 4348 4599
f 4599 4348 4603
f 4348 4347 4603
f 4603 4347 4602
f 4347 4359 4602
f 4602 4359 4601
f 4359 4357 4601
f 4601 4357 4595
f 4370 4369 4580
f 4580 4369 4581
f 4369 4366 4581
f 4581 4366 4582
f 4366 4364 4582
f 4582 4364 4583
f 4364 4362 4583
f 4583 4362 4590
f 4362 4361 4590
f 4590 4361 4591
f 4361 4360 4591
f 4591 4360 4592
f 4360 4371 4592
f 4592 4371 4593
f 4371 4370 4593
f 4593 4370 4580
f 4381 4380 4568
f 4568 4380 4626
f 4380 4377 4626
f 4626 4377 4570
f 4377 4375 4570
f 4570 4375 4569
f 4375 4374 4569
f 4569 4374 4564
f 4374 4373 4564
f 4564 4373 4565
f 4373 4372 4565
f 4565 4372 4566
f 4372 4383 4566
f 4566 4383 4567
f 4383 4381 4567
f 4567 4381 4568
f 4394 4393 4627
f 4627 4393 4628
f 4393 4390 4628
f 4628 4390 4629
f 4390 4388 4629
f 4629 4388 4630
f 4388 4386 4630
f 4630 4386 4631
f 4386 4385 4631
f 4631 4385 4632
f 4385 4384 4632
f 4632 4384 4633
f 4384 4396 4633
f 4633 4396 4634
f 4396 4394 4634
f 4634 4394 4627
f 4635 4636 4545
f 4545 4636 4551
f 4545 4544 4635
f 4635 4544 4420
f 4635 4420 4636
f 4636 4420 4637
f 4636 4637 4638
f 4638 4637 4397
f 4638 4397 4409
f 4397 4637 4398
f 4398 4637 4420
f 4420 4544 4399
f 4399 4544 4401
f 4544 4542 4401
f 4401 4542 4403
f 4542 4541 4403
f 4403 4541 4406
f 4541 4546 4406
f 4406 4546 4407
f 4546 4549 4407
f 4407 4549 4409
f 4549 4550 4409
f 4409 4550 4639
f 4409 4639 4638
f 4638 4639 4636
f 4636 4639 4551
f 4551 4639 4550
f 4476 3230 4552
f 4552 3230 3770
f 4552 3770 3781
f 4552 3781 4640
f 4640 4641 4552
f 4552 4641 4543
f 4641 3356 4543
f 4543 3356 4538
f 3448 4607 3449
f 3449 4607 4642
f 4607 3068 4642
f 4642 3068 3283
f 4573 4586 4574
f 4574 4586 4643
f 4586 3458 4643
f 4643 3458 3790
f 3760 4644 3761
f 3761 4644 4645
f 4644 4528 4645
f 4645 4528 4530
f 4528 4644 4529
f 4529 4644 4570
f 4570 4644 4626
f 4626 4644 4568
f 4568 4644 4453
f 4453 4644 4514
f 4453 4514 4646
f 4646 4515 4453
f 4453 4515 4452
f 4452 4516 4451
f 4451 4516 4647
f 4451 4647 4483
f 4647 4513 4483
f 4483 4513 4560
f 4514 4644 4648
f 4648 4644 4513
f 4513 4644 4560
f 4560 4644 4559
f 3076 4649 3384
f 3384 4649 3383
f 3383 4649 4650
f 4650 4649 4651
f 4651 4649 4652
f 4652 4649 3450
f 4652 3450 4653
f 4653 3450 3449
f 4653 3449 4654
f 4654 3449 4655
f 4655 3449 4656
f 4656 3449 4642
f 4656 4642 3285
f 3285 4642 3284
f 4642 3283 3284
f 3450 4649 4657
f 4657 4649 4658
f 4657 4658 4659
f 4659 4658 4660
f 4660 4658 4661
f 4661 4658 4662
f 4661 4662 4663
f 4663 4662 4664
f 4663 4664 3792
f 3792 4664 4665
f 3792 4665 3791
f 3791 4665 4666
f 3791 4666 3789
f 3789 4666 4667
f 3789 4667 3790
f 3790 4667 4668
f 3790 4668 4669
f 3790 4669 4643
f 4643 4669 4670
f 4643 4670 4574
f 4574 4670 4671
f 4574 4671 4575
f 4575 4671 4672
f 4575 4672 4576
f 4576 4672 4673
f 4576 4673 4674
f 4674 4673 4675
f 4674 4675 4676
f 4676 4675 4677
f 4676 4677 4678
f 4678 4677 4530
f 4530 4677 4679
f 4530 4679 4680
f 4530 4680 4645
f 4645 4680 4681
f 4645 4681 4682
f 4645 4682 3761
f 3761 4682 4683
f 3761 4683 3762
f 3762 4683 4684
f 3762 4684 3763
f 3763 4684 4685
f 3763 4685 4686
f 4686 4685 4687
f 4686 4687 4688
f 4688 4687 4689
f 4688 4689 4690
f 4690 4689 4691
f 4690 4691 4692
f 3763 4686 3764
f 3764 4686 4693
f 3764 4693 3765
f 3765 4693 3767
f 4679 4677 4694
f 4694 4677 4692
f 4692 4677 4690
f 4690 4677 4695
f 4690 4695 4688
f 4688 4695 4696
f 4688 4696 4686
f 4686 4696 4697
f 4686 4697 4693
f 4693 4697 4698
f 4693 4698 3767
f 3767 4698 4699
f 3767 4699 3779
f 3779 4699 4700
f 3779 4700 3778
f 3778 4700 3780
f 3780 4700 3781
f 3781 4700 3243
f 3781 3243 3244
f 3244 3245 3781
f 3781 3245 3246
f 3781 3246 4640
f 4640 3246 4701
f 4640 4701 3353
f 4640 3353 4641
f 4641 3353 3354
f 4641 3354 3356
f 3243 4700 3247
f 3247 4700 3249
f 4665 4664 4702
f 4702 4664 4703
f 4702 4703 4704
f 4704 4703 4705
f 4704 4705 4706
f 4706 4705 4707
f 4706 4707 4708
f 4708 4707 4709
f 4709 4707 4671
f 4671 4707 4672
f 3077 3142 4700
f 4710 4699 4698
f 4698 4697 4710
f 4697 4696 4693
f 4693 4696 4686
f 4690 4695 4711
f 4690 4711 4677
f 4677 4711 4675
f 4695 4677 4711
f 4711 4675 4673
f 4712 4700 4699
f 4700 4713 3077
f 4699 4710 4714
f 4700 3142 3249
f 3249 3142 3252
f 3251 3252 3250
f 3250 3252 3142
f 3250 3142 3140
f 3235 3347 3246
f 3246 3347 4701
f 4701 3347 3349
f 4701 3349 3353
f 4440 4447 4530
f 4530 4447 4678
f 4447 4446 4678
f 4678 4446 4445
f 4678 4445 4676
f 4676 4445 4449
f 4449 4715 4676
f 4676 4715 4674
f 4715 4534 4674
f 4674 4534 4576
f 3792 3466 4663
f 4663 3466 3785
f 4663 3785 3784
f 4663 3784 4661
f 3784 3795 4661
f 4661 3795 3793
f 4716 3793 3794
f 4716 3794 4527
f 3793 4716 4660
f 4660 4716 4659
f 4661 3793 4660
f 4716 4527 4659
f 4659 4527 4657
f 4657 4527 4526
f 4526 3443 4657
f 4657 3443 3450
f 3256 3254 3285
f 3285 3254 4656
f 4656 3254 4655
f 4655 3254 3253
f 4655 3253 3286
f 4655 3286 4654
f 4654 3286 3257
f 4654 3257 4653
f 4653 3257 3259
f 4653 3259 4652
f 4652 3259 3379
f 4652 3379 4651
f 4651 3379 4650
f 4650 3379 3381
f 4650 3381 3382
f 4650 3382 3383
f 3384 3122 3076
f 3076 3122 3194
f 3076 3194 4319
f 3194 2675 4318
f 2675 2837 4317
f 4317 2837 4316
f 2837 2835 4316
f 4316 2835 4314
f 2835 2832 4314
f 4314 2832 4313
f 4313 2832 4312
f 4312 2832 2830
f 4312 2830 3191
f 2819 2822 3193
f 2819 3193 2817
f 2817 3193 2815
f 4310 2815 4717
f 4310 4717 4309
f 4309 4717 4718
f 4309 4718 4308
f 4308 4718 2806
f 4307 2806 4306
f 3142 3077 3141
f 3141 3077 4290
f 3141 4290 3148
f 3148 4290 4288
f 3148 4288 2622
f 2622 4287 2625
f 2625 4287 4285
f 2625 4285 2627
f 2627 4285 4284
f 2627 4284 4283
f 2627 4283 2631
f 2631 4283 4281
f 2631 4281 2632
f 2632 4281 4280
f 2683 2686 4719
f 4719 2686 2688
f 4719 2688 2690
f 2690 4279 4720
f 4720 4279 4278
f 4720 4278 2698
f 2698 4278 4277
f 2698 4277 2701
f 2701 4276 4275
f 2711 3176 3115
f 2711 3115 4273
f 4273 3115 4721
f 4273 4721 4275
f 4275 4721 2700
f 4275 2700 2701
f 3115 3169 4721
f 4721 3169 2704
f 4721 2704 2703
f 2703 2702 4721
f 4721 2702 2701
f 4721 2701 2700
f 2700 2701 2699
f 2700 2699 3166
f 2622 2625 4722
f 4722 2625 2627
f 4722 2627 2631
f 2622 4722 3144
f 3144 4722 3143
f 3143 4722 3150
f 3150 4722 2626
f 4722 2631 2626
f 2626 2631 3151
f 3151 2631 3152
f 3152 2631 2629
f 2631 2679 3154
f 3154 2679 3156
f 2679 3159 3158
f 3158 3159 2683
f 2631 2632 2679
f 2679 2632 4280
f 2679 4280 2683
f 2679 2683 3159
f 3159 2683 4719
f 3159 4719 4723
f 4723 4719 2690
f 4723 2690 4720
f 3159 4723 3160
f 3160 4723 3162
f 3162 4723 2687
f 2687 4723 3163
f 3163 4723 2690
f 2690 4723 2695
f 2690 2695 2692
f 2693 2695 3166
f 3166 2695 2700
f 2700 2695 2698
f 2698 2695 4720
f 2695 4723 4720
f 4311 3191 4314
f 4314 3191 4724
f 4314 4724 4725
f 4314 4725 4315
f 4315 4725 2675
f 2675 4725 4318
f 4318 4725 4726
f 4318 4726 2674
f 2674 4726 4727
f 2674 4727 3076
f 2674 3194 4318
f 2674 3076 4320
f 4727 4726 4649
f 4649 4726 4728
f 4309 2806 2813
f 2813 2806 4729
f 2813 4729 2815
f 2815 4729 4730
f 2815 4730 2819
f 2819 4730 2822
f 2822 4730 2824
f 2824 4730 4731
f 2824 4731 3191
f 3191 4731 4724
f 2806 4306 4305
f 2806 4305 4303
f 2806 4303 4729
f 4729 4303 4732
f 4729 4732 4733
f 4733 4732 4734
f 4733 4734 4735
f 4735 4734 4736
f 4735 4736 4737
f 4737 4736 4164
f 2796 4301 4303
f 4303 4301 4299
f 4303 4299 4732
f 4732 4299 4738
f 4732 4738 4739
f 4739 4738 4740
f 4739 4740 4736
f 4736 4740 4741
f 4736 4741 4166
f 4736 4166 4164
f 4742 4164 4163
f 4742 4163 4154
f 4154 4153 4742
f 4742 4153 4152
f 4742 4152 4151
f 4151 4150 4742
f 4742 4150 4743
f 4742 4743 4737
f 4164 4742 4737
f 4741 4740 4738
f 4741 4738 4744
f 4744 4738 3201
f 3201 4738 4113
f 4738 4299 4113
f 4113 4299 2785
f 4736 4734 4739
f 4739 4734 4732
f 4744 3201 4298
f 4744 4298 4745
f 4745 4298 3199
f 4745 3199 4297
f 4744 4745 4741
f 3076 4727 4649
f 4278 2692 2701
f 2701 2692 2690
f 2701 2690 4746
f 4746 2690 4747
f 4746 4747 4748
f 4748 4747 4749
f 4748 4749 4750
f 4750 4749 4751
f 4750 4751 4752
f 4752 4751 4753
f 4752 4753 4754
f 4754 4753 4755
f 4754 4755 4756
f 4756 4755 4410
f 4756 4410 4414
f 4414 4415 4756
f 4756 4415 4757
f 4756 4757 4758
f 4758 4757 4759
f 4758 4759 4760
f 4760 4759 4761
f 4761 4759 4762
f 4762 4759 4763
f 4763 4759 4764
f 4764 4759 4765
f 4764 4765 4766
f 4766 4765 4767
f 4766 4767 4768
f 4764 4766 4769
f 4769 4766 4770
f 4769 4770 4771
f 4771 4770 4772
f 4771 4772 4773
f 4773 4772 4774
f 4773 4774 4775
f 4775 4774 4776
f 4775 4776 4777
f 4777 4776 4778
f 4777 4778 4779
f 4779 4778 4780
f 4779 4780 4781
f 4781 4780 4782
f 4781 4782 4271
f 4271 4782 2884
f 2884 4782 4114
f 4114 4782 4115
f 4115 4782 4783
f 4783 4782 4784
f 4783 4784 4785
f 4783 4785 4786
f 4786 4785 4787
f 4786 4787 4788
f 4271 4117 4781
f 4781 4117 2711
f 4781 2711 4272
f 4769 4771 4789
f 4789 4771 4790
f 4790 4771 4791
f 4791 4771 4756
f 4791 4756 4758
f 4756 4771 4754
f 4754 4771 4773
f 4754 4773 4752
f 4752 4773 4775
f 4752 4775 4750
f 4750 4775 4777
f 4750 4777 4792
f 4792 4777 4793
f 4792 4793 4746
f 4746 4793 4781
f 4746 4781 4272
f 4272 4274 4746
f 4746 4274 4275
f 4746 4275 2701
f 4781 4793 4779
f 4779 4793 4777
f 4746 4748 4792
f 4792 4748 4750
f 4759 4757 4794
f 4794 4757 4795
f 4415 4416 4757
f 4757 4416 4417
f 4757 4417 4796
f 4796 4417 4418
f 4796 4418 4419
f 4419 4413 4796
f 4796 4413 4797
f 4796 4797 4798
f 4798 4797 4799
f 4798 4799 4686
f 4686 4799 4693
f 4686 4688 4798
f 4798 4688 4800
f 4798 4800 4801
f 4798 4801 4796
f 4801 4802 4796
f 4796 4802 4803
f 4796 4803 4804
f 4804 4805 4796
f 4796 4805 4757
f 4757 4805 4795
f 4795 4805 4806
f 4795 4806 4807
f 4807 4806 4808
f 4805 4809 4806
f 4806 4809 4810
f 4806 4810 4811
f 4811 4812 4806
f 4806 4812 4813
f 4806 4813 4814
f 4814 4813 4815
f 4806 4814 4808
f 4808 4814 4816
f 4812 4817 4813
f 4813 4817 4675
f 4813 4675 4673
f 4817 4818 4675
f 4675 4818 4819
f 4675 4819 4677
f 4677 4819 4820
f 4677 4820 4821
f 4821 4822 4677
f 4677 4822 3536
f 4677 3536 4690
f 4690 3536 4809
f 4690 4809 4823
f 4823 4824 4690
f 4690 4824 4825
f 4690 4825 4826
f 4690 4826 4688
f 4688 4826 4800
f 4809 3536 4822
f 4822 4827 4809
f 4809 4827 4810
f 4410 4755 4411
f 4411 4755 4412
f 4412 4755 4413
f 4413 4755 4797
f 2690 2686 4747
f 4747 2686 2683
f 4747 2683 2681
f 3077 4713 4291
f 4291 4713 2619
f 4713 4700 2619
f 2619 4700 4828
f 2619 4828 4289
f 4289 4828 4288
f 4700 4712 4828
f 4828 4712 4699
f 4828 4699 4829
f 4829 4699 4714
f 4829 4714 4710
f 4830 4831 4832
f 4830 4832 4833
f 4830 4833 4834
f 4834 4833 4835
f 4834 4835 4836
f 4837 4834 4836
f 4838 4839 4830
f 4830 4839 4840
f 4840 4839 4841
f 4840 4841 4831
f 4841 4842 4831
f 4831 4842 4843
f 4843 4844 4831
f 4831 4844 4832
f 4832 4844 4833
f 4833 4844 4845
f 4845 4844 4846
f 4845 4846 4837
f 4837 4846 4847
f 4842 4848 4843
f 4843 4848 4849
f 4843 4849 4850
f 4850 4849 4851
f 4850 4851 4852
f 4843 4850 4853
f 4853 4850 4854
f 4854 4855 4853
f 4853 4855 4856
f 4853 4856 4857
f 4857 4858 4853
f 4853 4858 4859
f 4859 4858 4860
f 4859 4860 4861
f 4861 4860 4862
f 4861 4863 4859
f 4859 4863 4864
f 4858 4865 4860
f 4860 4865 4866
f 4860 4866 4867
f 4867 4866 4868
f 4867 4868 4869
f 4869 4868 4870
f 4869 4870 4871
f 4871 4870 4872
f 4871 4872 4873
f 4873 4872 4874
f 4873 4874 4875
f 4875 4874 4162
f 4875 4162 4876
f 4876 4162 4161
f 4876 4161 4160
f 4162 4874 4140
f 4162 4140 2962
f 4140 4874 4141
f 4141 4874 4877
f 4141 4877 4142
f 4142 4877 4878
f 4142 4878 4144
f 4144 4878 4879
f 4144 4879 4146
f 4146 4879 4880
f 4146 4880 4147
f 4147 4880 4881
f 4147 4881 4149
f 4149 4881 4882
f 4149 4882 4883
f 4149 4883 4150
f 4874 4872 4877
f 4877 4872 4884
f 4877 4884 4878
f 4878 4884 4885
f 4878 4885 4879
f 4879 4885 4886
f 4879 4886 4880
f 4880 4886 4887
f 4880 4887 4881
f 4881 4887 4888
f 4881 4888 4882
f 4882 4888 4889
f 4882 4889 4890
f 4890 4889 4891
f 4890 4891 4892
f 4892 4891 4893
f 4892 4893 4894
f 4894 4893 4730
f 4894 4730 4729
f 4872 4870 4884
f 4884 4870 4895
f 4884 4895 4885
f 4885 4895 4896
f 4885 4896 4886
f 4886 4896 4897
f 4886 4897 4887
f 4887 4897 4898
f 4887 4898 4888
f 4888 4898 4899
f 4888 4899 4889
f 4889 4899 4900
f 4889 4900 4891
f 4891 4900 4901
f 4891 4901 4902
f 4902 4901 4731
f 4902 4731 4730
f 4730 4893 4902
f 4902 4893 4891
f 4870 4868 4895
f 4895 4868 4903
f 4895 4903 4896
f 4896 4903 4904
f 4896 4904 4897
f 4897 4904 4905
f 4897 4905 4898
f 4898 4905 4906
f 4898 4906 4899
f 4899 4906 4907
f 4899 4907 4900
f 4900 4907 4908
f 4900 4908 4901
f 4901 4908 4731
f 4868 4866 4903
f 4903 4866 4909
f 4903 4909 4904
f 4904 4909 4910
f 4904 4910 4905
f 4905 4910 4911
f 4905 4911 4906
f 4906 4911 4912
f 4906 4912 4907
f 4907 4912 4913
f 4907 4913 4914
f 4914 4913 4724
f 4914 4724 4731
f 4731 4908 4914
f 4914 4908 4907
f 4866 4865 4915
f 4866 4915 4916
f 4916 4917 4866
f 4866 4917 4909
f 4909 4917 4918
f 4909 4918 4910
f 4910 4918 4919
f 4910 4919 4911
f 4911 4919 4920
f 4911 4920 4912
f 4912 4920 4921
f 4912 4921 4922
f 4922 4921 4923
f 4922 4923 4724
f 4724 4923 4725
f 4854 4850 4924
f 4924 4850 4925
f 4924 4925 4917
f 4917 4925 4926
f 4917 4926 4918
f 4918 4926 4927
f 4918 4927 4928
f 4928 4929 4918
f 4918 4929 4919
f 4929 4930 4919
f 4919 4930 4931
f 4919 4931 4920
f 4920 4931 4932
f 4920 4932 4933
f 4933 4932 4934
f 4933 4934 4935
f 4935 4934 4936
f 4936 4934 4937
f 4936 4937 4938
f 4938 4937 4939
f 4938 4939 4940
f 4940 4939 4662
f 4936 4658 4935
f 4935 4658 4728
f 4935 4728 4726
f 4726 4725 4935
f 4935 4725 4923
f 4935 4923 4941
f 4920 4941 4921
f 4941 4923 4921
f 4920 4933 4941
f 4941 4933 4935
f 4934 4932 4937
f 4937 4932 4939
f 4939 4932 4942
f 4939 4942 4662
f 4662 4942 4664
f 4932 4931 4942
f 4942 4931 4943
f 4942 4943 4664
f 4664 4943 4944
f 4664 4944 4703
f 4703 4944 4945
f 4703 4945 4946
f 4946 4947 4703
f 4703 4947 4948
f 4703 4948 4705
f 4705 4948 4841
f 4705 4841 4949
f 4949 4841 4950
f 4949 4950 4951
f 4951 4950 4952
f 4949 4953 4705
f 4705 4953 3543
f 4705 3543 4707
f 4707 3543 4954
f 4707 4954 4955
f 4955 4956 4707
f 4707 4956 4957
f 4707 4957 4672
f 4672 4957 4958
f 4672 4958 4673
f 4673 4958 4813
f 4813 4958 4815
f 4815 4958 4959
f 4815 4959 4960
f 4960 4959 3022
f 4960 3022 4961
f 4961 4962 4960
f 4960 4962 4963
f 4960 4963 4964
f 4964 4963 4965
f 4964 4965 4966
f 4964 4966 4967
f 4964 4967 4968
f 4968 4967 4969
f 4968 4969 4970
f 4968 4970 4971
f 4968 4971 4950
f 4968 4950 4972
f 4972 4950 4973
f 4950 4971 4974
f 4950 4974 4958
f 4950 4958 4952
f 4952 4958 4975
f 4957 4975 4958
f 4958 4974 4976
f 4958 4976 3021
f 4958 3021 4959
f 4968 4977 4964
f 4964 4977 4978
f 4964 4978 4846
f 4954 3543 4979
f 4979 3543 4953
f 4944 4943 4852
f 4930 4980 4931
f 4931 4980 4981
f 4931 4981 4943
f 4943 4981 4852
f 4852 4981 4850
f 4850 4981 4982
f 4850 4982 4925
f 4982 4981 4983
f 4983 4981 4984
f 4981 4980 4984
f 4841 4839 4950
f 4950 4839 4834
f 4950 4834 4837
f 4837 4985 4950
f 4950 4985 4847
f 4950 4847 4973
f 4847 4846 4973
f 4973 4846 4972
f 4846 4978 4972
f 4972 4978 4977
f 4972 4977 4986
f 4834 4839 4987
f 4987 4839 4838
f 3022 3021 4988
f 4988 3021 4962
f 4962 3021 4976
f 4962 4976 4963
f 4963 4976 4974
f 4963 4974 4965
f 4965 4974 4971
f 4965 4971 4966
f 4966 4971 4970
f 4966 4970 4969
f 4966 4969 4967
f 4989 4990 4991
f 4989 4991 4992
f 4989 4992 4993
f 4993 4992 4994
f 4994 4992 4995
f 4995 4992 4996
f 4995 4996 4997
f 3024 4998 3025
f 3025 4998 4999
f 3025 4999 5000
f 5000 4999 5001
f 5001 4999 5002
f 3028 3027 5003
f 5003 3027 5004
f 5004 3027 5005
f 3031 3030 5006
f 3030 5007 5006
f 5006 5007 5008
f 5006 5008 5009
f 5006 5009 5010
f 5010 5009 5011
f 3034 3033 5012
f 5012 3033 5013
f 5013 3033 5014
f 4786 5015 4783
f 4883 5016 4150
f 4150 5016 4743
f 4743 5016 5017
f 4743 5017 5018
f 5018 5017 4890
f 5018 4890 4892
f 4890 5017 4882
f 4882 5017 4883
f 5017 5016 4883
f 4743 5018 4737
f 4737 5018 4735
f 5018 4892 4735
f 4735 4892 5019
f 4735 5019 4733
f 4733 5019 4729
f 4729 5019 4894
f 4894 5019 4892
f 4337 4339 4925
f 4925 4339 4926
f 4926 4339 4927
f 4927 4339 4342
f 4927 4342 4928
f 4928 4342 4341
f 4928 4341 4929
f 4929 4341 4345
f 4929 4345 4930
f 4930 4345 2994
f 4930 2994 4980
f 4980 2994 4984
f 2994 2993 4984
f 4984 2993 4983
f 2993 2995 4983
f 4983 2995 4982
f 2995 4337 4982
f 4982 4337 4925
f 3635 3000 4957
f 4957 3000 4975
f 4975 3000 4952
f 4952 3000 2999
f 4952 2999 4951
f 4951 2999 3001
f 4951 3001 4949
f 4949 3001 4363
f 4949 4363 4953
f 4953 4363 4365
f 4953 4365 4979
f 4979 4365 4954
f 4365 4368 4954
f 4954 4368 4955
f 4368 4367 4955
f 4955 4367 4956
f 4367 3635 4956
f 4956 3635 4957
f 4382 3003 4822
f 4822 3003 4827
f 4827 3003 4810
f 4810 3003 3002
f 4810 3002 4811
f 4811 3002 3004
f 4811 3004 4812
f 4812 3004 3651
f 4812 3651 4817
f 4817 3651 4376
f 4817 4376 4818
f 4818 4376 4819
f 4376 4379 4819
f 4819 4379 4820
f 4379 4378 4820
f 4820 4378 4821
f 4378 4382 4821
f 4821 4382 4822
f 4358 2997 4842
f 4842 2997 4848
f 4848 2997 4849
f 4849 2997 2996
f 4849 2996 4851
f 4851 2996 2998
f 4851 2998 4852
f 2998 4350 4852
f 4852 4350 4944
f 4350 4352 4944
f 4944 4352 4945
f 4945 4352 4946
f 4946 4352 4355
f 4946 4355 4947
f 4947 4355 4354
f 4947 4354 4948
f 4948 4354 4358
f 4948 4358 4841
f 4841 4358 4842
f 4938 4940 5020
f 4940 4662 5020
f 5020 4662 4664
f 5020 4664 5021
f 5021 4664 4703
f 5021 4703 5022
f 5022 4703 4705
f 5022 4705 4707
f 4395 3006 4800
f 4800 3006 4801
f 4801 3006 3005
f 4801 3005 4802
f 4802 3005 4803
f 3005 3007 4803
f 4803 3007 4804
f 3007 4387 4804
f 4804 4387 4805
f 4387 4389 4805
f 4805 4389 4809
f 4809 4389 4823
f 4823 4389 4824
f 4389 4392 4824
f 4824 4392 4825
f 4392 4391 4825
f 4825 4391 4826
f 4391 4395 4826
f 4826 4395 4800
f 4332 2991 4858
f 4858 2991 4865
f 4865 2991 4915
f 2991 2990 4915
f 4915 2990 4916
f 2990 2992 4916
f 4916 2992 4917
f 4917 2992 4324
f 4917 4324 4924
f 4924 4324 4326
f 4924 4326 4854
f 4326 4329 4854
f 4854 4329 4855
f 4855 4329 4856
f 4856 4329 4328
f 4856 4328 4857
f 4857 4328 4858
f 4328 4332 4858
f 4432 3012 4758
f 4758 3012 4791
f 4791 3012 3011
f 4791 3011 4790
f 4790 3011 4789
f 3011 3013 4789
f 4789 3013 4769
f 3013 4424 4769
f 4769 4424 4764
f 4764 4424 4426
f 4764 4426 4763
f 4426 4429 4763
f 4763 4429 4762
f 4762 4429 4761
f 4761 4429 4428
f 4761 4428 4760
f 4428 4432 4760
f 4760 4432 4758
f 3037 3036 5023
f 3037 5023 5024
f 5024 5023 3036
f 5024 3036 3037
f 3037 5025 5024
f 5025 5026 5027
f 5023 5028 3036
f 5028 5029 5030
f 5030 5029 5026
f 5026 5029 5027
f 5029 5030 5027
f 5027 5030 5026
f 5026 5030 5031
f 3040 3039 5032
f 3040 5032 5033
f 5033 5032 3039
f 5033 3039 3040
f 3040 5034 5033
f 5034 5035 5036
f 5032 5037 3039
f 5037 5038 5039
f 5039 5038 5035
f 5035 5038 5036
f 5038 5039 5036
f 5036 5039 5035
f 5035 5039 5040
f 5041 5042 5043
f 5043 5042 5044
f 2680 5045 2682
f 2682 5045 5046
f 3043 3042 5047
f 3043 5047 5048
f 5048 5047 3042
f 5048 3042 3043
f 3043 5049 5048
f 5049 5050 5051
f 5047 5052 3042
f 5052 5053 5054
f 5054 5053 5050
f 5050 5053 5051
f 5053 5054 5051
f 5051 5054 5050
f 5050 5054 5055
f 2826 2823 3044
f 3044 2823 5056
f 2694 2693 5057
f 3046 3045 5028
f 3046 5028 5058
f 5058 5028 5059
f 5059 5028 3045
f 5060 2809 5061
f 3049 3048 5062
f 3047 5063 3048
f 3048 5063 5064
f 3048 5064 5065
f 5065 5064 5066
f 5063 5067 5064
f 5064 5067 5068
f 5064 5068 5066
f 5066 5068 5069
f 5069 5068 5070
f 5070 5068 5071
f 5070 5071 5072
f 5072 5071 5073
f 5072 5073 5074
f 5074 5073 4073
f 4071 5074 4073
f 5067 5075 5068
f 5068 5075 5071
f 5075 5076 5071
f 5071 5076 5073
f 5076 5077 5073
f 5073 5077 4073
f 5077 2636 4073
f 4073 2636 2634
f 3052 3051 5078
f 3052 5078 5079
f 5079 5078 5080
f 5079 5080 5081
f 5080 5078 5082
f 5081 5083 5079
f 5079 5083 5084
f 5079 5084 3052
f 3052 5084 5085
f 5086 5087 5088
f 5089 5090 5091
f 3055 3054 5092
f 3055 5092 5093
f 5093 5092 3054
f 5093 3054 3055
f 3055 5094 5093
f 5094 5095 5096
f 5092 5097 3054
f 5097 5098 5099
f 5099 5098 5095
f 5095 5098 5096
f 5098 5099 5096
f 5096 5099 5095
f 5095 5099 5100
f 3058 3057 5101
f 3058 5101 5102
f 5102 5101 3057
f 5102 3057 3058
f 3058 5103 5102
f 5103 5104 5105
f 5101 5106 3057
f 5106 5107 5108
f 5108 5107 5104
f 5104 5107 5105
f 5107 5108 5105
f 5105 5108 5104
f 5104 5108 5109
f 5110 5111 5062
f 5062 5111 2896
f 5062 2896 2725
f 5062 2725 3049
f 3049 2725 2722
f 3049 2722 2720
f 3049 2720 3047
f 3047 2720 2718
f 3047 2718 2716
f 2716 2672 3047
f 3047 2672 5063
f 2672 2668 5063
f 5063 2668 2665
f 5063 2665 2663
f 5063 2663 5067
f 5067 2663 2661
f 5067 2661 2660
f 2660 2658 5067
f 5067 2658 5075
f 2658 2654 5075
f 5075 2654 2650
f 5075 2650 2648
f 5075 2648 5076
f 5076 2648 2646
f 5076 2646 2644
f 5076 2644 5077
f 5077 2644 2642
f 5077 2642 2640
f 2640 2638 5077
f 5077 2638 2636
f 5111 5110 2896
f 2896 5110 5112
f 2896 5112 5113
f 5082 5078 5114
f 5114 5078 2779
f 2779 5078 2769
f 2769 5078 3051
f 2769 3051 2765
f 2765 3051 3050
f 2765 3050 2762
f 2762 3050 2760
f 3050 5115 2760
f 2760 5115 2758
f 2758 5115 2756
f 2756 5115 2751
f 5115 5116 2751
f 2751 5116 2747
f 2747 5116 2728
f 2728 5116 2731
f 5116 5117 2731
f 2731 5117 2733
f 2733 5117 2735
f 2735 5117 2737
f 5117 5118 2737
f 2737 5118 2739
f 2739 5118 2742
f 2742 5118 2854
f 5118 5119 2854
f 2854 5119 2852
f 2852 5119 2850
f 2850 5119 2845
f 2850 2845 2848
f 2848 2845 2846
f 5120 5113 5121
f 5121 5113 5122
f 5121 5122 5065
f 5065 5122 3048
f 3048 5122 5062
f 5062 5122 5110
f 5110 5122 5112
f 5112 5122 5113
f 5123 5120 5124
f 5124 5120 5125
f 5124 5125 5083
f 5083 5125 5084
f 5124 5083 5126
f 5120 5121 5125
f 5125 5121 5127
f 5125 5127 5084
f 5084 5127 5085
f 5127 5121 5065
f 5128 5129 5037
f 5128 5037 5130
f 5130 5037 5131
f 5131 5037 2754
f 2754 5037 5129
f 5132 5128 5133
f 5133 5128 5134
f 5134 5128 5130
f 5135 5136 5137
f 5137 5136 5138
f 5138 5136 5139
f 5140 5135 5141
f 5141 5135 5137
f 5141 5137 5142
f 5142 5143 5141
f 5141 5143 5144
f 5036 5144 5143
f 5144 5145 5141
f 3061 3060 5146
f 3061 5146 5047
f 5146 3060 2841
f 2841 3060 2843
f 2843 3060 2844
f 5130 5131 5147
f 5147 5131 5061
f 5061 5131 5060
f 5060 5131 2754
f 5060 2754 5148
f 5061 2809 5149
f 5149 2809 2802
f 2802 2809 2803
f 2803 2809 2805
f 2805 2809 2808
f 2805 2808 2807
f 5061 5149 5147
f 5147 5149 5130
f 5130 5149 5134
f 5134 5149 2802
f 5134 2802 2800
f 2800 2799 5134
f 5134 2799 5133
f 2799 2797 5133
f 5133 2797 5150
f 5133 5150 2770
f 2770 5150 2797
f 2770 2768 5133
f 5133 2768 2767
f 2767 2766 5133
f 5133 2766 2764
f 5133 2764 2763
f 2763 2761 5133
f 5133 2761 2759
f 5133 2759 5132
f 5132 2759 2757
f 5132 2757 2755
f 2755 5128 5132
f 5151 5138 3044
f 3044 5138 5139
f 3044 5139 5152
f 5152 5139 2825
f 2825 5139 4027
f 5152 2825 3044
f 2825 2823 2826
f 2823 2821 2820
f 2823 2820 2818
f 2823 2818 5153
f 5153 2818 2816
f 5153 2816 2814
f 5153 2814 2812
f 5154 2812 5155
f 5154 4032 5156
f 5156 4032 5036
f 4032 5154 5155
f 4032 2727 5036
f 5036 2727 5144
f 5144 2727 2729
f 5144 2729 5145
f 5145 2729 2730
f 5145 2730 2732
f 5145 2732 5141
f 5141 2732 2734
f 5141 2734 5140
f 5140 2734 2736
f 5140 2736 2738
f 2738 5135 5140
f 5138 5151 5137
f 5137 5151 3044
f 5137 3044 5157
f 5137 5157 5142
f 5157 5158 5142
f 5142 5158 5143
f 5143 5158 5036
f 5036 5158 5154
f 5036 5154 5156
f 5154 5158 2812
f 2812 5158 5159
f 2812 5159 5153
f 5153 5159 5056
f 5153 5056 2823
f 5056 5159 3044
f 3044 5159 5157
f 5157 5159 5158
f 5160 5161 5162
f 5163 5160 5162
f 5162 5161 2838
f 2838 5161 2839
f 3064 3063 5164
f 3064 5164 5165
f 5165 5164 3063
f 5165 3063 3064
f 3064 5166 5165
f 5166 5167 5168
f 5164 5169 3063
f 5169 5170 5171
f 5171 5170 5167
f 5167 5170 5168
f 5170 5171 5168
f 5168 5171 5167
f 5167 5171 5172
f 5160 5173 5047
f 5160 5047 5161
f 5161 5047 5146
f 5161 5146 2839
f 2839 5146 2841
f 2839 2841 2840
f 2633 5174 5175
f 2633 5175 5176
f 3046 5177 5178
f 3046 5178 2698
f 3046 2698 5179
f 2698 2713 5179
f 5179 2713 3046
f 3046 5058 5177
f 5177 5058 5178
f 5178 5058 2702
f 5058 5180 2702
f 2702 5180 2705
f 5180 5181 2705
f 2705 5181 2707
f 2707 5181 2708
f 5182 5181 2712
f 5182 2712 2710
f 2710 2708 5182
f 5182 2708 5181
f 2712 5181 2726
f 2726 5181 5183
f 2726 5183 2724
f 2724 5183 2723
f 2723 5183 2721
f 2721 5183 2719
f 2719 5183 5184
f 2719 5184 2717
f 2717 5184 2715
f 5184 5059 2715
f 2715 5059 2714
f 5058 5059 5180
f 5180 5059 5181
f 5181 5059 5184
f 5183 5181 5184
f 5185 5175 5186
f 5185 5186 2623
f 2623 5186 2624
f 5174 5186 5175
f 5175 5185 5187
f 5187 5185 5165
f 5165 5185 5188
f 5188 5185 2623
f 5188 2623 2621
f 5188 2621 2620
f 5057 5189 5190
f 5057 5190 2694
f 2694 5190 4135
f 5057 5191 5189
f 5189 5191 5190
f 5190 5191 5192
f 5192 5191 5193
f 5193 5191 5194
f 5193 5194 5044
f 5194 5045 5044
f 5044 5045 5043
f 5045 5195 5043
f 5045 5194 5046
f 5043 5045 5041
f 5041 5045 5196
f 5041 5196 5197
f 5041 5197 4134
f 4134 5197 5196
f 5045 2680 5196
f 2682 5198 2684
f 2684 5198 2685
f 5198 5199 2685
f 2685 5199 2687
f 2687 5199 2689
f 2689 5199 2693
f 2689 2693 2691
f 5190 5192 5200
f 5190 5200 4135
f 5200 5192 5201
f 5201 5192 5202
f 5202 5192 5193
f 5202 5193 5044
f 5127 5065 5085
f 5085 5065 5066
f 5085 5066 5203
f 5203 5066 5204
f 5066 5069 5204
f 5204 5069 5205
f 5069 5070 5205
f 5205 5070 5072
f 5205 5072 5206
f 5206 5072 5074
f 5206 5074 5207
f 5207 5074 4071
f 5207 4071 4069
f 5207 4069 4067
f 5085 5203 3052
f 3052 5203 5208
f 3052 5208 3050
f 3050 5208 5115
f 5203 5204 5208
f 5208 5204 5209
f 5208 5209 5115
f 5115 5209 5116
f 5116 5209 5117
f 5117 5209 5210
f 5117 5210 5118
f 5118 5210 5211
f 5118 5211 5119
f 5119 5211 4065
f 5119 4065 2845
f 2845 4065 2842
f 4065 5211 4067
f 4067 5211 5207
f 5207 5211 5206
f 5211 5210 5206
f 5206 5210 5205
f 5210 5209 5205
f 5205 5209 5204
f 4478 4479 4081
f 4081 4479 4078
f 4078 4479 4480
f 4078 4480 4077
f 3142 5212 3141
f 5212 3139 3141
f 5212 3142 5213
f 5212 5213 5214
f 5214 5213 5215
f 5213 3356 5215
f 5215 3356 3355
f 4101 4537 3700
f 4101 3700 3699
f 4538 5216 4537
f 4537 5216 3700
f 3070 3069 4456
f 5217 3384 3122
f 3122 3121 5217
f 4062 3070 4061
f 4061 3070 5218
f 4061 5218 5219
f 5218 3070 5220
f 5220 3070 5221
f 3070 4456 5221
f 5221 4456 4059
f 5221 4059 5222
f 5222 4059 5223
f 5223 4059 4056
f 5223 4056 5219
f 5219 4056 4061
f 4056 4057 4061
f 4061 4057 4058
f 5212 5214 3139
f 5214 5224 3139
f 3139 5224 2619
f 4101 3699 4102
f 4104 3702 4106
f 4104 4106 4107
f 4107 4106 4079
f 4107 4079 4108
f 4108 4079 5224
f 4108 5224 4109
f 4109 5224 4102
f 4079 2617 5224
f 5224 2617 2619
f 4101 4102 3355
f 3355 4102 5224
f 3355 5224 5215
f 5215 5224 5214
f 4020 4047 2676
f 4456 3069 4015
f 4015 3069 4014
f 5225 5217 5226
f 5226 5217 3121
f 5226 3121 2674
f 5225 5227 5217
f 5217 5227 5228
f 5217 5228 3383
f 5217 3383 3384
f 5227 3282 5228
f 5228 3282 3283
f 5097 5092 5229
f 5229 5092 5230
f 5092 3054 5230
f 5230 3054 3053
f 5230 3053 5231
f 5231 3053 3055
f 5231 3055 5232
f 3055 5093 5232
f 5232 5093 5094
f 5232 5094 5233
f 5233 5094 5096
f 5233 5096 5234
f 5096 5095 5234
f 5095 5100 5234
f 5234 5100 5235
f 5100 5099 5235
f 5235 5099 5236
f 5099 5098 5236
f 5236 5098 5097
f 5236 5097 5229
f 5106 5101 5237
f 5237 5101 5238
f 5101 3057 5238
f 5238 3057 5239
f 3057 3056 5239
f 3056 3058 5239
f 5239 3058 5240
f 3058 5102 5240
f 5240 5102 5103
f 5240 5103 5241
f 5241 5103 5105
f 5241 5105 5242
f 5242 5105 5104
f 5242 5104 5243
f 5243 5104 5109
f 5243 5109 5108
f 5243 5108 5244
f 5244 5108 5107
f 5244 5107 5237
f 5237 5107 5106
f 3073 3072 5245
f 5245 3072 5246
f 5245 5246 5247
f 5247 5246 5248
f 5249 3072 5250
f 5250 3072 5251
f 5250 5251 5252
f 5252 5251 5253
f 5252 5253 5254
f 5254 5253 5255
f 5254 5255 5256
f 5255 5253 5257
f 5257 5253 5258
f 5258 5253 5259
f 5258 5259 4115
f 4115 5259 5260
f 5260 5259 5261
f 5261 5259 2884
f 2884 5259 2889
f 2889 5259 5262
f 2889 5262 2891
f 2891 5262 2894
f 2894 5262 2711
f 2711 5262 2709
f 5250 5252 5249
f 5249 5252 5263
f 5249 5263 5264
f 5264 5263 5265
f 5264 5265 5266
f 5266 5265 5267
f 5267 5265 5268
f 5268 5265 4120
f 5268 4120 5269
f 5269 4120 5267
f 5267 4120 5266
f 4120 4295 5266
f 5266 4295 5270
f 5266 5270 5271
f 5271 5270 5272
f 5271 5272 3072
f 3072 5272 5273
f 3072 5273 5246
f 5246 5273 5274
f 5246 5274 5275
f 5275 5274 3199
f 5275 3199 3201
f 5275 3201 5276
f 5276 5277 5275
f 5275 5277 5248
f 5275 5248 5246
f 5273 5272 5274
f 5274 5272 5270
f 5274 5270 5278
f 5278 5270 5279
f 5279 5270 4121
f 5279 4121 3200
f 5279 3200 5280
f 5280 3200 5278
f 4121 5270 4295
f 5278 3200 5274
f 3072 5249 5271
f 5271 5249 5264
f 5271 5264 5266
f 4120 5265 4119
f 4119 5265 5281
f 5281 5282 4119
f 4119 5282 4118
f 4118 5282 5283
f 5281 5265 5284
f 5281 5284 5283
f 5283 5284 4118
f 4118 5284 4115
f 4115 5284 5257
f 4115 5257 5258
f 5257 5284 5255
f 5255 5284 5256
f 5256 5284 5254
f 5254 5284 5263
f 5254 5263 5252
f 5265 5263 5284
f 3076 3075 5285
f 3076 5285 5286
f 5286 5285 5287
f 5286 5287 4320
f 4320 5287 2674
f 3079 3078 5288
f 5288 3078 5289
f 5289 3078 4291
f 5289 4291 2619
f 3077 3079 3142
f 3079 5288 3142
f 3142 5288 5289
f 3142 5289 5290
f 5291 5292 5285
f 5285 5292 5287
f 5292 5293 5287
f 5287 5293 5294
f 5287 5294 5295
f 5295 5294 5296
f 5295 5296 5297
f 5297 5296 5298
f 5297 5298 5299
f 5299 5298 5300
f 5299 5300 5301
f 5301 5300 5302
f 5301 5302 5303
f 5303 5302 5304
f 5303 5304 5234
f 5293 5305 5294
f 5294 5305 5306
f 5294 5306 5296
f 5296 5306 5307
f 5296 5307 5298
f 5298 5307 5308
f 5298 5308 5300
f 5300 5308 5309
f 5300 5309 5302
f 5302 5309 5310
f 5302 5310 5304
f 5304 5310 5311
f 5304 5311 5312
f 5312 5311 5251
f 5312 5251 3072
f 3072 3071 5312
f 5312 3071 5313
f 5312 5313 5231
f 5231 5232 5312
f 5312 5232 5233
f 5233 5234 5312
f 5312 5234 5304
f 3071 3073 5313
f 5313 3073 5245
f 5245 5247 5313
f 5313 5247 5248
f 5313 5248 5314
f 5314 5248 5277
f 5314 5277 5276
f 5314 5276 2785
f 5314 2785 2782
f 2782 2775 5314
f 5314 2775 2771
f 5314 2771 2796
f 2785 5276 2787
f 2787 5276 5315
f 5315 5276 3201
f 5313 5314 5231
f 5231 5314 5230
f 5305 5316 5306
f 5306 5316 5317
f 5306 5317 5318
f 5318 5317 5319
f 5318 5319 5320
f 5320 5319 4285
f 5320 4285 5321
f 5321 4282 5320
f 5320 4282 5322
f 5320 5322 4280
f 4285 5319 4286
f 4286 5319 2622
f 2622 5319 4288
f 4288 5319 4290
f 4290 5319 2619
f 2619 5319 5317
f 2619 5317 5289
f 5289 5317 5290
f 5290 5317 5323
f 5323 5317 5316
f 5306 5318 5307
f 5307 5318 5324
f 5307 5324 5308
f 5308 5324 5325
f 5308 5325 5309
f 5309 5325 5326
f 5309 5326 5310
f 5310 5326 5327
f 5310 5327 5311
f 5311 5327 5243
f 5311 5243 5244
f 5244 5237 5311
f 5311 5237 5238
f 5311 5238 5251
f 5251 5238 5239
f 5251 5239 5253
f 5253 5239 5259
f 5259 5239 5240
f 5259 5240 5241
f 5241 5242 5259
f 5259 5242 5262
f 5242 5243 5262
f 5262 5243 5327
f 5262 5327 5328
f 5328 5327 5329
f 5328 5329 5330
f 5328 5330 5331
f 5328 5331 5332
f 5329 5327 5333
f 5333 5327 5326
f 5333 5326 5334
f 5334 5326 5335
f 5335 5326 5336
f 5336 5326 5337
f 5336 5337 5332
f 5332 5337 5328
f 5326 5325 5337
f 5337 5325 5338
f 5337 5338 5339
f 5339 5338 4719
f 4719 5338 2683
f 2683 5338 5340
f 5340 5338 4280
f 4280 5338 5320
f 5339 4279 5337
f 5337 4279 5341
f 5337 5341 5342
f 5342 5343 5337
f 5337 5343 5328
f 5343 5344 5328
f 5328 5344 4275
f 5328 4275 4274
f 4274 2709 5328
f 5328 2709 5262
f 5318 5320 5324
f 5324 5320 5345
f 5324 5345 5346
f 5324 5346 5347
f 5324 5347 5348
f 5324 5348 5325
f 5325 5348 5349
f 5325 5349 5338
f 5338 5349 5350
f 5338 5350 5351
f 5351 5352 5338
f 5338 5352 5345
f 5338 5345 5320
f 3384 3076 3383
f 3383 3076 3122
f 3122 3076 5286
f 3122 5286 3121
f 3121 5286 4320
f 3121 4320 2674
f 3383 5228 3384
f 3384 5228 5353
f 3384 5353 5354
f 5354 5353 4063
f 5354 4063 4064
f 4064 4066 5354
f 5354 4066 4068
f 5354 4068 4070
f 3384 5354 3076
f 3076 5354 3074
f 3074 5354 3075
f 3075 5354 5285
f 5285 5354 5291
f 5291 5354 5292
f 5292 5354 5305
f 5292 5305 5293
f 5316 5305 5355
f 5316 5355 5323
f 5323 5355 5290
f 5290 5355 3142
f 3142 5355 5213
f 5213 5355 3356
f 3356 5355 5356
f 5356 5355 4075
f 5356 4075 4076
f 4075 5355 4074
f 4074 5355 4072
f 5355 5305 4072
f 4072 5305 4070
f 4070 5305 5354
f 5228 3283 5353
f 3068 3070 3283
f 3283 3070 5353
f 3070 4062 5353
f 5353 4062 4063
f 4077 5216 4076
f 4076 5216 5356
f 5216 4538 5356
f 5356 4538 3356
f 3077 3141 3078
f 3141 3139 3078
f 3078 3139 4291
f 3139 2619 4291
f 2674 2676 5226
f 5226 2676 5225
f 5225 2676 5227
f 5227 2676 3282
f 3282 2676 4014
f 4014 2676 4017
f 4014 4017 4016
f 4014 4016 4015
f 4016 4052 4053
f 4052 4051 4053
f 4053 4051 4046
f 4053 4046 4047
f 4047 4046 2676
f 4046 4018 2676
f 2676 4018 4017
f 2674 4319 5357
f 2674 5357 2675
f 2675 4315 2837
f 2837 4315 4316
f 2835 4316 5358
f 2835 5358 2834
f 2834 5358 4311
f 2834 4311 2832
f 2832 4311 5359
f 2832 5359 2830
f 2830 5359 2828
f 5359 5360 2828
f 2828 5360 2824
f 5360 5361 2824
f 2824 5361 2822
f 5361 5362 2822
f 2822 5362 2819
f 5362 3193 2819
f 3193 5363 2817
f 2817 5363 2815
f 5363 4310 2815
f 4310 5364 2813
f 2813 5364 2811
f 5364 5365 2811
f 2811 5365 2809
f 5365 5366 2809
f 2809 5366 2806
f 5366 5367 2806
f 2806 5367 2804
f 5367 5368 2804
f 2804 5368 2801
f 5368 4305 2801
f 2801 4305 2798
f 2787 5315 2792
f 2792 5315 3201
f 2792 3201 2794
f 4290 2619 2622
f 4290 2622 4288
f 2622 2625 4286
f 4286 2625 4285
f 4285 2627 5321
f 5321 2627 2629
f 5321 2629 4282
f 4282 2629 2631
f 4282 2631 2632
f 4282 2632 5322
f 5322 2632 2678
f 5322 2678 4280
f 4280 2678 2681
f 4280 2681 5340
f 5340 2681 2683
f 4719 2688 5339
f 5339 2688 2690
f 5339 2690 4279
f 4279 2692 5341
f 5341 2692 2696
f 5341 2696 5342
f 5342 2696 2698
f 5342 2698 5343
f 5343 2698 2701
f 5343 2701 5344
f 5344 2701 2703
f 5344 2703 4275
f 4275 2703 2706
f 4275 2706 4274
f 4274 2706 2709
f 2884 2882 5261
f 5261 2882 5260
f 2882 2878 5260
f 5260 2878 4115
f 2878 2877 4115
f 2783 2791 5369
f 2783 5369 5370
f 5370 5369 5371
f 5370 5371 5372
f 5372 5371 5277
f 5372 5277 5373
f 5373 5277 5374
f 5373 5374 5275
f 5275 5374 5277
f 5275 5274 5373
f 5373 5274 5270
f 5373 5270 5266
f 5266 5270 5375
f 5266 5375 5265
f 5265 5375 5376
f 5265 5376 5284
f 5284 5376 5377
f 5284 5377 5257
f 5257 5377 5378
f 5257 5378 5379
f 5379 5378 5380
f 5379 5380 5381
f 5381 5380 2893
f 5381 2893 2896
f 2896 5113 5381
f 5381 5113 5120
f 5381 5120 5373
f 5373 5120 5123
f 5373 5123 5124
f 5124 5126 5373
f 5373 5126 5083
f 5373 5083 5382
f 5382 5083 5081
f 5382 5081 5080
f 5080 5082 5382
f 5382 5082 5114
f 5382 5114 2779
f 5373 5382 5372
f 5372 5382 5370
f 5381 5373 5379
f 5379 5373 5383
f 5379 5383 5257
f 5257 5383 5373
f 5257 5373 5284
f 5284 5373 5265
f 5265 5373 5266
f 2893 5380 2892
f 2892 5380 2890
f 2783 5370 2781
f 2781 5370 2780
f 5370 5382 2780
f 2780 5382 2779
f 2791 2790 5369
f 5369 2790 2793
f 5369 2793 2795
f 2633 2651 5384
f 2633 5384 4132
f 2633 4132 2679
f 2679 4132 4133
f 2679 4133 2653
f 2651 2633 4131
f 2651 4131 2649
f 4131 2633 5176
f 2647 2649 3065
f 3065 2649 3066
f 3066 2649 4131
f 3066 4131 5165
f 4131 5176 5165
f 5165 5176 5187
f 2647 3065 2645
f 2645 3065 3067
f 2645 3067 2643
f 2643 3067 2641
f 2641 3067 2637
f 2641 2637 2639
f 5165 5188 3066
f 3066 5188 3067
f 3067 5188 2637
f 2637 5188 2635
f 2635 5188 2620
f 2624 5186 2626
f 2626 5186 2628
f 2628 5186 5174
f 2628 5174 2630
f 2630 5174 2633
f 5196 2680 4134
f 4134 2680 2655
f 2680 2679 2655
f 2655 2679 2653
f 2698 2697 2713
f 2713 2697 2673
f 2673 2697 2671
f 2671 2697 2670
f 2670 2697 4137
f 4137 2697 4136
f 2697 2695 4136
f 4136 2695 2667
f 2700 2699 2702
f 2702 2699 2698
f 2702 2698 5178
f 2702 5178 2704
f 2704 2702 2705
f 5059 3045 2714
f 2714 3045 2671
f 3045 2713 2671
f 2667 2695 2694
f 2694 4135 2667
f 2667 4135 2666
f 4135 5200 2666
f 2666 5200 2664
f 2664 5200 5201
f 4135 2694 5385
f 2664 5201 2662
f 2662 5201 5202
f 2662 5202 2659
f 2659 5202 2657
f 2657 5202 5044
f 2657 5044 2656
f 5044 5042 2656
f 2656 5042 2655
f 2655 5042 4134
f 4134 5042 5041
f 2826 2741 4026
f 2826 4026 2827
f 2827 4026 4024
f 4024 2744 2827
f 2827 2744 2829
f 2744 2745 2829
f 2829 2745 2856
f 2741 2826 2740
f 2740 2826 2825
f 2740 2825 4027
f 5139 5136 4027
f 4027 5136 2740
f 5136 5135 2740
f 2740 5135 2738
f 2809 2750 4034
f 2809 4034 2810
f 2810 4034 4033
f 2810 4033 2748
f 2748 2746 2810
f 2810 2746 2727
f 2810 2727 4032
f 2810 4032 5155
f 2750 2809 5060
f 5060 2754 2750
f 2750 2754 2753
f 2750 2753 2752
f 2754 5129 2752
f 2752 5129 2755
f 2755 5129 5128
f 2811 2810 5155
f 2811 5155 2812
f 2829 5163 2831
f 5163 5162 2831
f 2831 5162 2833
f 2833 5162 2836
f 2836 5162 2838
f 5163 2829 5160
f 5160 2829 5386
f 5386 2829 5173
f 5386 5173 5160
f 2829 2856 5173
f 5173 2856 5047
f 2856 2745 5047
f 5047 2745 3061
f 2745 2855 3061
f 3061 2855 3059
f 2855 2853 3059
f 3059 2853 2851
f 3059 2851 3060
f 3060 2851 2849
f 3060 2849 2847
f 3060 2847 2844
f 5106 5108 2898
f 2898 5108 2899
f 2899 5108 5104
f 2899 5104 2900
f 2900 5104 5103
f 2900 5103 2901
f 2901 5103 3058
f 2901 3058 2895
f 3058 3057 2895
f 2895 3057 2897
f 3057 5106 2897
f 2897 5106 2898
f 3201 3199 2794
f 2794 3199 2857
f 3199 3200 2857
f 2857 3200 2859
f 3200 4121 2859
f 2859 4121 2865
f 4121 4295 2865
f 2865 4295 2873
f 4295 4120 2873
f 2873 4120 2909
f 4120 4119 2909
f 2909 4119 2902
f 4119 4118 2902
f 5176 5387 5187
f 5187 5387 5175
f 5175 5387 5176
f 5369 2795 5388
f 5388 2795 2858
f 5388 2858 5389
f 5389 2858 2864
f 5389 2864 5390
f 5390 2864 2869
f 5390 2869 5391
f 5391 2869 2874
f 5391 2874 5392
f 5392 2874 2907
f 5392 2907 5393
f 5393 2907 2903
f 5393 2903 5394
f 5394 2903 2879
f 5394 2879 2880
f 2880 2881 5394
f 5394 2881 5395
f 5394 5395 5378
f 5378 5395 5380
f 5380 5395 2890
f 2890 5395 2888
f 2888 5395 2886
f 2886 5395 2881
f 5378 5377 5394
f 5394 5377 5393
f 5377 5376 5393
f 5393 5376 5392
f 5376 5375 5392
f 5392 5375 5391
f 5369 5388 5371
f 5371 5388 5396
f 5371 5396 5277
f 5277 5396 5275
f 5388 5389 5396
f 5396 5389 5397
f 5396 5397 5275
f 5275 5397 5274
f 5389 5390 5397
f 5397 5390 5398
f 5397 5398 5274
f 5274 5398 5270
f 5270 5398 5375
f 5375 5398 5391
f 5391 5398 5390
f 5230 5314 5399
f 5399 5314 2796
f 5399 2796 2798
f 2798 4305 5399
f 5399 4305 5368
f 5399 5368 5367
f 5230 5399 5229
f 5229 5399 5236
f 5236 5399 5235
f 5235 5399 5234
f 5234 5399 5303
f 5303 5399 5400
f 5303 5400 5401
f 5401 5400 5402
f 5402 5400 5403
f 5401 5404 5303
f 5303 5404 5405
f 5303 5405 5301
f 5301 5405 5406
f 5406 5407 5301
f 5301 5407 5408
f 5301 5408 5299
f 5299 5408 5409
f 5299 5409 5410
f 5410 5409 5411
f 5299 5410 5412
f 5412 5413 5299
f 5299 5413 5297
f 5413 5414 5297
f 5297 5414 5415
f 5297 5415 5416
f 5416 5415 5417
f 5417 5418 5416
f 5416 5418 5411
f 5416 5411 5409
f 5297 5416 5295
f 5295 5416 5419
f 5295 5419 5287
f 5287 5419 2674
f 2674 5419 4319
f 4319 5419 5357
f 5357 5419 2675
f 2675 5419 5416
f 2675 5416 4315
f 4315 5416 4316
f 4316 5416 5358
f 5358 5416 5409
f 5358 5409 4311
f 4311 5409 5359
f 5359 5409 5360
f 5360 5409 5361
f 5409 5408 5361
f 5361 5408 5362
f 5362 5408 3193
f 3193 5408 5363
f 5363 5408 4310
f 4310 5408 5400
f 4310 5400 5364
f 5364 5400 5365
f 5365 5400 5366
f 5366 5400 5367
f 5400 5399 5367
f 5400 5408 5403
f 5403 5408 5420
f 5408 5407 5420
f 5274 3200 5421
f 3200 3199 5421
f 5421 3199 5422
f 5422 3199 5423
f 5423 3199 5274
f 5423 5274 5421
f 5216 5424 3700
f 3700 5424 3701
f 5424 5425 3701
f 5425 5426 3701
f 3701 5426 5427
f 3701 5427 4480
f 4480 5427 4077
f 5427 5428 4077
f 4077 5428 5429
f 4077 5429 5216
f 5216 5429 5424
f 5046 5194 5430
f 5430 5194 5191
f 5430 5191 5057
f 5057 2693 5430
f 5430 2693 5199
f 5430 5199 5198
f 5198 2682 5430
f 5430 2682 5046
f 5022 4707 5431
f 5431 4707 4672
f 5431 4672 4673
f 5431 4707 4705
f 5431 4705 5022
f 5021 4664 4662
f 5021 4662 5020
f 4938 4940 4658
f 4662 4658 4940
f 4938 4658 4936
f 4728 4658 4649
f 5015 5432 4783
f 4783 5432 4115
f 4115 5432 4292
f 4292 5432 4118
f 4118 5432 5433
f 4118 5433 4293
f 4293 5433 4119
f 5432 5015 5433
f 5433 5015 5434
f 5433 5434 5435
f 5435 5434 5436
f 5435 5436 5437
f 5437 5436 5438
f 5437 5438 5439
f 5439 5438 5440
f 5439 5440 5441
f 5441 5440 5442
f 5441 5442 5443
f 5443 5442 5444
f 5443 5444 4745
f 4745 5444 4741
f 4741 5444 4166
f 4745 4297 5443
f 5443 4297 3200
f 5443 3200 5441
f 5441 3200 4296
f 5441 4296 4121
f 5441 4121 5439
f 5439 4121 4295
f 5439 4295 5437
f 5437 4295 4120
f 5437 4120 4294
f 5437 4294 5435
f 5435 4294 4119
f 5435 4119 5433
f 4166 5444 5445
f 5445 5444 5442
f 5445 5442 5446
f 5446 5442 5440
f 5446 5440 5447
f 5447 5440 5438
f 5447 5438 5448
f 5448 5438 5436
f 5448 5436 5449
f 5449 5436 5434
f 5449 5434 5450
f 5450 5434 5015
f 5450 5015 5451
f 5451 5015 4786
f 4786 4788 5451
f 5450 5451 5452
f 5450 5452 5453
f 5452 5451 5454
f 5454 5451 4788
f 5454 4788 4155
f 4155 4788 4157
f 4788 4787 4157
f 4157 4787 4159
f 5450 5453 5449
f 5449 5453 5455
f 5449 5455 5448
f 5448 5455 5456
f 5448 5456 5447
f 5447 5456 5457
f 5447 5457 5446
f 5446 5457 5458
f 5446 5458 5445
f 5445 5458 4167
f 5445 4167 4166
f 4787 5459 4159
f 4159 5459 5460
f 4159 5460 4160
f 4160 5460 4876
f 4787 4785 5459
f 5459 4785 4784
f 5459 4784 5461
f 5461 4784 4782
f 5461 4782 4780
f 4780 4778 5461
f 5461 4778 5459
f 5459 4778 5460
f 5460 4778 5462
f 5460 5462 4876
f 4876 5462 4875
f 4778 4776 5462
f 5462 4776 5463
f 5462 5463 4875
f 4875 5463 4873
f 4776 4774 5463
f 5463 4774 5464
f 5463 5464 4873
f 4873 5464 4871
f 4774 4772 5464
f 5464 4772 5465
f 5464 5465 4871
f 4871 5465 4869
f 4772 4770 5465
f 5465 4770 5466
f 5465 5466 4869
f 4869 5466 4867
f 4770 4766 5466
f 5466 4766 5467
f 5466 5467 4867
f 4867 5467 4860
f 4860 5467 4862
f 4862 5467 4768
f 4766 4768 5467
f 4912 4922 4913
f 4913 4922 4724
f 4829 4710 5468
f 5468 4710 4698
f 5468 4698 5469
f 5469 4698 4693
f 5469 4693 4799
f 4799 5470 5469
f 5469 5470 5471
f 5469 5471 5472
f 5472 5471 5473
f 5472 5473 4829
f 5472 4829 5468
f 5468 5469 5472
f 4799 4797 5470
f 5470 4797 5474
f 5470 5474 5475
f 5475 5474 5476
f 5475 5476 5477
f 5477 5476 5478
f 5477 5478 2681
f 2681 5478 4747
f 2681 4280 5477
f 5477 4280 4282
f 5477 4282 4284
f 5477 4284 5479
f 5477 5479 5473
f 5473 5479 4829
f 4829 5479 4828
f 4828 5479 4288
f 4288 5479 2622
f 2622 5479 4286
f 4286 5479 4284
f 4797 4755 5474
f 5474 4755 4753
f 5474 4753 5480
f 5480 4753 4751
f 5480 4751 5481
f 5481 4751 4749
f 5481 4749 4747
f 4747 5482 5481
f 5481 5482 5480
f 4747 5478 5482
f 5482 5478 5483
f 5482 5483 5480
f 5480 5483 5474
f 5483 5476 5474
f 5478 5476 5483
f 5473 5484 5477
f 5477 5484 5475
f 5475 5484 5470
f 5470 5484 5471
f 5484 5473 5471
f 4301 2782 4300
f 4300 2782 2785
f 4113 2785 2787
f 4113 2787 2794
f 2794 2787 5485
f 2794 5485 3224
f 3224 5485 4127
f 4127 5485 4044
f 4044 5485 5486
f 5486 5485 2787
f 5486 2787 5487
f 5487 2787 2785
f 5487 2785 2782
f 2782 4301 5487
f 5487 4301 4302
f 5487 4302 5488
f 5488 4302 4042
f 5488 4042 4040
f 4043 4042 2796
f 2796 4042 5489
f 5489 4042 5490
f 5490 4042 5491
f 4040 4039 5488
f 5488 4039 5486
f 5488 5486 5487
f 4044 5486 4039
f 4302 2796 4303
f 4302 4303 4042
f 4042 4303 5491
f 4303 4304 5492
f 4303 5492 5491
f 5491 5492 5493
f 5493 5492 2798
f 2798 5492 5494
f 5494 5492 5495
f 5495 5492 2801
f 4304 4306 5492
f 5492 4306 2806
f 5492 2806 2807
f 2807 2806 4718
f 2807 4718 2811
f 2811 4718 4717
f 2811 4717 2815
f 2815 3198 2811
f 2811 3198 2812
f 2811 2812 2810
f 2810 2808 2811
f 2811 2808 2807
f 2807 2806 5496
f 2807 5496 2804
f 2804 2803 2807
f 2807 2803 5492
f 4559 4644 4631
f 4631 4644 4630
f 4630 4644 4629
f 4629 4644 4628
f 4644 3760 4628
f 4628 3760 4627
f 4627 3760 3768
f 4627 3768 3769
f 4627 3769 4634
f 4634 3769 4558
f 4634 4558 4633
f 4633 4558 4632
f 4558 4559 4632
f 4632 4559 4631
f 4534 4715 5497
f 5497 4715 4449
f 5497 4449 4448
f 5497 4448 4535
f 5497 4535 4531
f 4531 4534 5497
f 4436 5498 3301
f 3301 5498 3299
f 3299 5498 3296
f 3296 5498 5499
f 3296 5499 3294
f 3294 5499 3419
f 3294 3419 3418
f 3421 3419 3423
f 3419 5499 3423
f 3423 5499 5498
f 3423 5498 4434
f 4434 5498 4436
f 3418 3417 3294
f 3294 3417 3292
f 3417 3416 3292
f 3292 3416 3415
f 3292 3415 5500
f 5500 3415 3414
f 5500 3414 3290
f 3290 3288 5500
f 5500 3288 3292
f 3320 4474 5501
f 5501 4474 3328
f 3328 3327 5501
f 5501 3327 2925
f 5501 2925 2924
f 2924 3305 5501
f 5501 3305 3320
f 3746 4100 5502
f 5502 4100 4087
f 5502 4087 4086
f 3746 5502 3745
f 3745 5502 3751
f 3751 5502 3741
f 3741 5502 3740
f 3740 5502 5503
f 3740 5503 3732
f 3732 5503 3733
f 5502 4086 5503
f 5503 4086 4085
f 5503 4085 5504
f 5504 4085 4084
f 5504 4084 3714
f 3714 3712 5504
f 5504 3712 3713
f 5504 3713 3731
f 3731 3733 5504
f 5504 3733 5503
f 2648 4131 2651
f 2651 4131 4132
f 2651 4132 5384
f 5505 4132 4133
f 5505 4133 5506
f 4133 4134 5506
f 5506 4134 2653
f 2653 4134 5507
f 2653 5507 2652
f 2652 5507 2648
f 2652 2648 2651
f 4134 2655 5507
f 5507 2655 2656
f 2656 2657 5507
f 5507 2657 2658
f 2658 2659 5508
f 2659 2662 5508
f 5508 2662 2664
f 5508 2664 2663
f 2663 2664 2666
f 2666 4135 2663
f 2663 4135 2667
f 2667 2669 2663
f 2663 2669 2668
f 2668 2669 2673
f 2668 2673 2671
f 2671 2714 2668
f 2668 2714 2716
f 2714 2717 2716
f 2716 2717 4138
f 2716 4138 3919
f 3919 4138 2723
f 2723 2724 3919
f 3919 2724 3918
f 2724 2726 3918
f 3918 2726 3105
f 3918 3105 2899
f 3105 3102 2899
f 2899 3102 2901
f 2901 3102 2895
f 2899 2898 3918
f 3918 2898 2896
f 2896 2898 2895
f 2895 3102 2896
f 2896 3102 2893
f 2893 3102 3101
f 2893 3101 3178
f 2893 3178 4013
f 4013 3178 3179
f 4013 3179 2885
f 2885 3179 4123
f 4123 3179 3180
f 4123 3180 2883
f 2883 3180 4012
f 2883 4012 2887
f 4012 4013 2887
f 2887 4013 2885
f 2669 2670 2673
f 2673 2670 2713
f 2670 5509 2713
f 2713 5509 4137
f 4137 5509 5510
f 4137 5510 4136
f 4136 5510 2667
f 4136 2667 4135
f 3180 5511 4012
f 4012 5511 2880
f 2880 5511 5512
f 5512 5513 2880
f 2880 5513 3181
f 3181 5513 5514
f 3181 5514 3180
f 3925 4130 5515
f 5515 4130 2644
f 5515 2644 2648
f 2648 5507 5515
f 5515 5507 5516
f 5515 5516 5517
f 5517 5516 5518
f 5517 5518 5519
f 5519 5518 3920
f 5519 3920 5520
f 5520 3920 3917
f 5520 3917 3915
f 3920 5518 2668
f 2668 5518 2663
f 2663 5518 5508
f 5508 5518 5516
f 5508 5516 2658
f 2658 5516 5507
f 5520 3915 5521
f 5521 3915 3913
f 5521 3913 3081
f 3081 3084 5521
f 5521 3084 3736
f 5521 3736 3735
f 5521 3735 5520
f 5520 3735 3734
f 5520 3734 3722
f 5520 3722 5519
f 5519 3722 3721
f 5519 3721 5517
f 5517 3721 3723
f 5517 3723 5522
f 5522 3723 3725
f 5522 3725 3605
f 3605 3729 5522
f 5522 3729 3925
f 5522 3925 5515
f 5515 5517 5522
f 2851 3803 5523
f 5523 3803 3370
f 5523 3370 5524
f 5524 3370 3368
f 3368 3365 5524
f 5524 3365 3279
f 5524 3279 5523
f 5523 3279 5525
f 5525 3279 2844
f 5525 2844 5523
f 5523 2844 4022
f 5523 4022 2851
f 4124 3520 3522
f 4124 3522 3832
f 3832 3522 3524
f 3832 3831 3852
f 3832 3852 4124
f 3975 2872 3994
f 3994 2872 2866
f 3994 2866 4122
f 4122 2866 2867
f 4122 2867 2868
f 3975 3962 2872
f 2872 3962 2871
f 2871 3962 2870
f 2870 3962 3956
f 2870 3956 2868
f 2868 3956 5526
f 5526 3956 5527
f 5527 3956 5528
f 5528 3956 5529
f 5528 5529 5530
f 5529 3956 3955
f 5529 3955 5531
f 2868 5526 4122
f 4122 5526 5532
f 5532 5528 4122
f 4122 5528 5530
f 4122 5530 3948
f 3948 5530 5533
f 3948 5533 2915
f 2915 5533 2914
f 5533 5531 2914
f 2914 5531 3955
f 2914 3955 2913
f 2913 3955 2912
f 2912 3955 3949
f 2912 3949 3948
f 2912 3948 2916
f 2916 3948 2915
f 3130 3133 5534
f 5534 3133 3135
f 3130 5534 3334
f 3334 5534 3867
f 3869 3867 3135
f 3867 5534 3135
f 3886 3871 3912
f 3912 3871 3799
f 3912 3799 3908
f 3908 3799 3798
f 3871 3886 3875
f 3875 3886 3885
f 3875 3885 3874
f 3874 3885 3883
f 3874 3883 3891
f 3891 3883 3892
f 3883 3882 3892
f 3892 3882 3897
f 3897 3882 3901
f 3901 3882 3900
f 3900 3882 5535
f 3882 3877 5535
f 5535 3877 3806
f 5535 3806 3900
f 3900 3806 3805
f 3882 3880 3877
f 3877 3880 3889
f 3880 3878 3889
f 3889 3878 3110
f 3110 3878 3088
f 3110 3088 3109
f 3109 3088 3095
f 3155 3888 5536
f 5536 3888 3132
f 5536 3132 3129
f 3129 3127 5536
f 5536 3127 3125
f 5536 3125 3149
f 3149 3153 5536
f 5536 3153 3155
f 3826 3828 5537
f 5537 3828 3829
f 5537 3829 3830
f 5537 3830 5538
f 5538 3830 3833
f 5538 3833 5539
f 5539 3833 3834
f 5539 3834 3836
f 3836 3842 5539
f 5539 3842 5540
f 5539 5540 5541
f 5541 5540 2803
f 5541 2803 2804
f 2804 5496 5541
f 5541 5496 2806
f 5541 2806 5542
f 5542 2806 2808
f 5542 2808 2810
f 2810 2812 5542
f 5542 2812 5543
f 2812 2814 5543
f 5543 2814 2815
f 5543 2815 5544
f 5544 2815 3197
f 5544 3197 2818
f 2818 3196 5544
f 5544 3196 5545
f 3196 3192 5545
f 5545 3192 3195
f 3195 2824 5545
f 5545 2824 5546
f 2824 2827 5546
f 5546 2827 3190
f 5546 3190 5547
f 5547 3190 3189
f 5547 3189 2832
f 2832 2834 5547
f 5547 2834 5548
f 2834 3188 5548
f 5548 3188 2835
f 5548 2835 2836
f 2836 3186 5548
f 5548 3186 2837
f 5548 2837 3185
f 5548 3185 5549
f 5549 3185 2838
f 5549 2838 2839
f 2839 3184 5549
f 5549 3184 3183
f 5549 3183 3182
f 5549 3182 3194
f 5549 3194 2674
f 2674 3120 5549
f 5549 3120 3119
f 5549 3119 3864
f 5549 3864 5548
f 5548 3864 3865
f 5548 3865 5547
f 5547 3865 5546
f 3865 3826 5546
f 5546 3826 5545
f 3826 5537 5545
f 5545 5537 5544
f 5544 5537 5543
f 5543 5537 5538
f 5543 5538 5542
f 5542 5538 5541
f 5538 5539 5541
f 2803 5540 5492
f 5492 5540 2801
f 2801 5540 5495
f 5495 5540 5494
f 5494 5540 2798
f 2798 5540 5493
f 5493 5540 5491
f 5491 5540 3841
f 5491 3841 5490
f 5490 3841 5489
f 5489 3841 2796
f 2796 3841 4043
f 4043 3841 4042
f 4042 3841 4041
f 3841 5540 3842
f 3841 5550 4041
f 4041 5550 3863
f 5550 3841 3863
f 3840 3839 5551
f 5551 3839 3836
f 3836 3837 5551
f 3837 3854 5551
f 3854 3855 5551
f 5551 3855 3861
f 5551 3861 3840
f 3739 5552 3741
f 3741 5552 3751
f 3751 5552 3750
f 3750 5552 5553
f 3750 5553 3743
f 3743 5553 5554
f 3743 5554 3742
f 3742 5554 3083
f 3083 5554 3084
f 3084 5554 3737
f 5554 5553 3737
f 3737 5553 3738
f 5553 5552 3738
f 3738 5552 3739
f 3080 2972 4214
f 2972 2974 4214
f 4214 2974 4212
f 2974 4197 4212
f 4212 4197 4210
f 3080 4217 2973
f 2973 4217 4205
f 4205 4217 4143
f 4143 4217 2976
f 4143 2976 2975
f 4143 2975 4139
f 4139 2975 2977
f 4139 2977 4210
f 4143 4145 4205
f 4205 4145 4148
f 4205 4148 4201
f 4201 4148 4202
f 4202 4148 4199
f 4199 4148 4154
f 4199 4154 4197
f 4197 4154 4004
f 4197 4004 4210
f 4210 4004 4006
f 4210 4006 4139
f 4139 4006 3927
f 4006 4008 3927
f 3927 4008 2942
f 3927 2942 3507
f 3507 3509 3927
f 3927 3509 4155
f 3509 3504 4155
f 4155 3504 3502
f 4155 3502 5555
f 5555 3502 5556
f 5556 3502 5557
f 5557 3502 3500
f 5557 3500 3960
f 3960 3500 3498
f 3960 3498 4010
f 4010 3498 2943
f 4010 2943 2942
f 4010 2942 4008
f 5557 3960 5558
f 5558 3960 5559
f 5555 5560 4155
f 4155 5560 5561
f 4155 5561 5562
f 5562 5561 5563
f 5561 5564 5563
f 5563 5564 5565
f 5564 5559 5565
f 5565 5559 3960
f 5565 3960 5566
f 5566 3960 5567
f 3960 3959 5567
f 5567 3959 5568
f 5568 3959 5569
f 5569 3959 5570
f 4155 5562 5454
f 5454 5562 5570
f 5454 5570 3959
f 5454 3959 5452
f 5452 3959 5571
f 5452 5571 5572
f 5572 5573 5452
f 5452 5573 5574
f 5452 5574 5453
f 5453 5574 5575
f 5453 5575 5576
f 5576 5577 5453
f 5453 5577 2986
f 5453 2986 4248
f 5453 4248 5455
f 5455 4248 5456
f 2986 5577 2984
f 2984 5577 5578
f 2984 5578 2985
f 4256 2985 5579
f 4256 5579 4269
f 4269 5579 5580
f 4269 5580 4265
f 4265 5581 4266
f 4266 5581 5582
f 4266 5582 5456
f 5456 5582 5583
f 5456 5583 5457
f 5457 5583 5584
f 5457 5584 5585
f 5585 5586 5457
f 5457 5586 5587
f 5457 5587 5588
f 5588 5589 5457
f 5457 5589 5458
f 5589 5590 5458
f 5458 5590 5591
f 5458 5591 3970
f 3970 5591 5592
f 3970 5592 3965
f 3965 5592 5593
f 3965 5593 5594
f 5587 5586 5594
f 5594 5586 3965
f 3965 5586 3961
f 3961 5586 5580
f 3961 5580 3957
f 3957 5580 5579
f 3957 5579 5595
f 4266 5456 4263
f 4263 5456 4261
f 5456 4248 4261
f 4261 4248 4250
f 4261 4250 2989
f 2989 4250 4253
f 2989 4253 2987
f 2987 4253 4252
f 2987 4252 2988
f 2988 4252 4256
f 2988 4256 4269
f 5574 5596 5575
f 5575 5596 5597
f 5597 5596 5595
f 5595 5596 3957
f 5596 5598 3957
f 3957 5598 3958
f 5598 5599 3958
f 3958 5599 5600
f 3958 5600 3959
f 3959 5600 5571
f 4004 4154 4002
f 4002 4154 4165
f 4002 4165 3491
f 3491 4165 3490
f 3490 4165 2939
f 2939 4165 5601
f 2939 5601 5602
f 2939 5602 2940
f 2940 5602 5603
f 2940 5603 3481
f 3481 5603 5604
f 3481 5604 4001
f 4001 5604 3973
f 5604 5605 3973
f 3973 5605 5606
f 3973 5606 5607
f 5607 5606 5608
f 5606 5609 5608
f 5608 5609 4167
f 5608 4167 5610
f 5610 4167 5611
f 4167 5458 5611
f 5611 5458 5612
f 5458 3970 5612
f 5612 3970 5613
f 5613 3970 5614
f 5614 3970 3973
f 5614 3973 5615
f 5615 3973 5607
f 5609 5616 4167
f 4167 5616 4165
f 5616 5601 4165
f 3481 4001 3484
f 3484 4001 3486
f 4001 4002 3486
f 3486 4002 3487
f 3491 3487 4002
f 5588 5587 2920
f 2920 5587 2918
f 5587 5594 2918
f 2918 5594 2919
f 5594 5593 2919
f 2919 5593 3206
f 5593 5592 3206
f 3206 5592 3205
f 5592 5591 3205
f 3205 5591 3203
f 5591 5590 3203
f 3203 5590 3204
f 5590 5589 3204
f 3204 5589 3202
f 5589 5588 3202
f 3202 5588 2920
f 5598 5596 2923
f 2923 5596 2921
f 5596 5574 2921
f 2921 5574 2922
f 5574 5573 2922
f 2922 5573 3211
f 5573 5572 3211
f 3211 5572 3210
f 5572 5571 3210
f 3210 5571 3208
f 5571 5600 3208
f 3208 5600 3209
f 5600 5599 3209
f 3209 5599 3207
f 5599 5598 3207
f 3207 5598 2923
f 4026 4024 3214
f 3214 4024 3212
f 3212 4024 2744
f 3212 2744 2743
f 3212 2743 3213
f 3213 2743 2741
f 3213 2741 3214
f 3214 2741 4026
f 3217 2652 3215
f 3215 2652 2651
f 3215 2651 5384
f 3215 5384 5505
f 3215 5505 3216
f 3216 5505 5506
f 3216 5506 2653
f 3216 2653 3217
f 3217 2653 2652
f 5583 5582 2935
f 2935 5582 2933
f 5582 5581 2933
f 2933 5581 2934
f 5581 4265 2934
f 2934 4265 3474
f 4265 5580 3474
f 3474 5580 3473
f 5580 5586 3473
f 3473 5586 3471
f 5586 5585 3471
f 3471 5585 3472
f 5585 5584 3472
f 3472 5584 3470
f 5584 5583 3470
f 3470 5583 2935
f 5578 5577 2938
f 2938 5577 2936
f 5577 5576 2936
f 2936 5576 2937
f 5576 5575 2937
f 2937 5575 3479
f 5575 5597 3479
f 3479 5597 3478
f 5597 5595 3478
f 3478 5595 3476
f 5595 5579 3476
f 3476 5579 3477
f 5579 2985 3477
f 3477 2985 3475
f 2985 5578 3475
f 3475 5578 2938
f 5612 5613 4171
f 4171 5613 2968
f 4171 4173 5612
f 5612 4173 5611
f 5611 4173 4176
f 4179 2967 5607
f 5607 2967 5615
f 2967 2966 5615
f 5615 2966 5614
f 5614 2966 2968
f 5614 2968 5613
f 5607 5608 4179
f 4179 5608 4175
f 5608 5610 4175
f 4175 5610 4176
f 5610 5611 4176
f 5606 5605 4184
f 4184 5605 2971
f 4184 4186 5606
f 5606 4186 5609
f 5609 4186 4189
f 4192 2970 5602
f 5602 2970 5603
f 2970 2969 5603
f 5603 2969 5604
f 5604 2969 2971
f 5604 2971 5605
f 5602 5601 4192
f 4192 5601 4188
f 5601 5616 4188
f 4188 5616 4189
f 5616 5609 4189
f 5559 5564 4222
f 4222 5564 2980
f 4222 4224 5559
f 5559 4224 5558
f 5558 4224 4227
f 4230 2979 5555
f 5555 2979 5560
f 2979 2978 5560
f 5560 2978 5561
f 5561 2978 2980
f 5561 2980 5564
f 5555 5556 4230
f 4230 5556 4226
f 5556 5557 4226
f 4226 5557 4227
f 5557 5558 4227
f 5569 5570 4235
f 4235 5570 2983
f 4235 4237 5569
f 5569 4237 5568
f 5568 4237 4240
f 4243 2982 5565
f 5565 2982 5563
f 2982 2981 5563
f 5563 2981 5562
f 5562 2981 2983
f 5562 2983 5570
f 5565 5566 4243
f 4243 5566 4239
f 5566 5567 4239
f 4239 5567 4240
f 5567 5568 4240
f 5528 5532 4262
f 4262 5532 5526
f 4262 5526 4264
f 4264 5526 4267
f 4267 5526 4268
f 4270 4268 5526
f 4270 5526 5527
f 4270 5527 4258
f 4262 4260 5528
f 4260 4259 5528
f 5528 4259 4258
f 5528 4258 5527
f 5530 5529 4249
f 4249 5529 4251
f 4251 5529 4254
f 4254 5529 4255
f 4257 4255 5531
f 4255 5529 5531
f 5531 5533 4257
f 4257 5533 4245
f 4249 4247 5530
f 4247 4246 5530
f 5530 4246 4245
f 5530 4245 5533
f 4190 4187 4127
f 4127 4187 4126
f 4127 4128 4190
f 4190 4128 4191
f 4191 4128 4193
f 4193 4128 4125
f 4193 4125 4181
f 4181 4125 4182
f 4182 4125 4183
f 4183 4125 4126
f 4183 4126 4185
f 4185 4126 4187
f 3992 3991 4172
f 4172 3991 4174
f 4174 3991 3990
f 4174 3990 4177
f 4177 3990 4178
f 4180 4178 3990
f 4180 3990 3989
f 4180 3989 4168
f 4172 4170 3992
f 3992 4170 3989
f 4170 4169 3989
f 3989 4169 4168
f 4215 4213 4095
f 4215 4095 4216
f 4095 4096 4216
f 4216 4096 4218
f 4218 4096 4207
f 4207 4096 4097
f 4207 4097 4208
f 4208 4097 4209
f 4209 4097 4098
f 4209 4098 4211
f 4098 4095 4211
f 4211 4095 4213
f 4203 4200 4091
f 4203 4091 4204
f 4091 4099 4204
f 4204 4099 4206
f 4206 4099 4093
f 4206 4093 4194
f 4194 4093 4195
f 4195 4093 4092
f 4195 4092 4196
f 4196 4092 4198
f 4092 4091 4198
f 4198 4091 4200
f 3943 3942 4236
f 4236 3942 4238
f 4238 3942 4241
f 4241 3942 4242
f 4244 4242 3946
f 4244 3946 3944
f 4242 3942 3946
f 4244 3944 4232
f 4236 4234 3943
f 4234 4233 3943
f 3943 4233 4232
f 3943 4232 3944
f 4228 4225 5511
f 5511 4225 5512
f 4225 4223 5512
f 5512 4223 5513
f 4223 4221 5513
f 5513 4221 4220
f 5513 4220 4219
f 5513 4219 5514
f 5514 4219 4231
f 5514 4231 3180
f 3180 4231 5511
f 4231 4229 5511
f 5511 4229 4228
f 5384 4132 5505
f 3218 5509 3219
f 3219 5509 2670
f 3219 2670 3220
f 3220 2670 2669
f 3220 2669 3218
f 3218 2669 2667
f 3218 2667 5510
f 3218 5510 5509
f 3221 2748 3222
f 3222 2748 2749
f 3222 2749 2750
f 3222 2750 3223
f 3223 2750 4036
f 3223 4036 4034
f 3223 4034 3221
f 3221 4034 2748
f 4497 4498 4617
f 4498 4495 4618
f 4495 4496 4454
f 4496 4497 4619
f 4506 4507 4588
f 4507 4504 4589
f 4504 4505 4584
f 4505 4506 4585
f 4515 4516 4452
f 4516 4513 4647
f 4513 4514 4648
f 4514 4515 4646
f 4524 4525 4539
f 4525 4522 4540
f 4522 4523 4554
f 4523 4524 3703
f 2949 4669 3542
f 3542 4669 4668
f 3542 4668 3545
f 3545 4668 4667
f 3545 4667 3546
f 3546 4667 4666
f 3546 4666 3547
f 3547 4666 4665
f 3547 4665 3549
f 3549 4665 4702
f 3549 4702 3548
f 3548 4702 4704
f 3548 4704 3544
f 3544 4704 3543
f 4704 4706 3543
f 3543 4706 4708
f 3543 4708 3541
f 3541 4708 4709
f 3541 4709 2950
f 2950 4709 4671
f 2950 4671 2948
f 2948 4671 4670
f 2948 4670 2949
f 2949 4670 4669
f 3533 4681 3535
f 3535 4681 4680
f 3535 4680 3537
f 3537 4680 4679
f 3537 4679 3540
f 3540 4679 3539
f 4679 4694 3539
f 3539 4694 3538
f 4694 4692 3538
f 3538 4692 3536
f 4692 4691 3536
f 3536 4691 4689
f 3536 4689 3534
f 3534 4689 4687
f 3534 4687 2947
f 2947 4687 4685
f 2947 4685 2945
f 2945 4685 4684
f 2945 4684 2946
f 2946 4684 4683
f 2946 4683 3532
f 3532 4683 4682
f 3532 4682 3533
f 3533 4682 4681
f 3064 3063 4132
f 4132 3063 4133
f 3063 5169 4133
f 4133 5169 2653
f 5169 5171 2653
f 2653 5171 2652
f 5171 5167 2652
f 2652 5167 2651
f 5167 5166 2651
f 2651 5166 3064
f 2651 3064 5384
f 5384 3064 4132
f 3043 2741 5049
f 5049 2741 5050
f 5050 2741 2743
f 5050 2743 5054
f 5054 2743 2744
f 5054 2744 5052
f 2744 4024 5052
f 5052 4024 3042
f 3042 4024 3043
f 4024 4026 3043
f 3043 4026 2741
f 3037 3036 4137
f 4137 3036 5028
f 4137 5028 2670
f 2670 5028 5030
f 2670 5030 2669
f 2669 5030 5026
f 2669 5026 2667
f 2667 5026 5025
f 5025 3037 2667
f 2667 3037 4136
f 4136 3037 4137
f 5039 2750 5037
f 5037 2750 3039
f 3039 2750 2749
f 3039 2749 3040
f 3040 2749 2748
f 3040 2748 2746
f 3040 2748 5034
f 2748 4033 5034
f 5034 4033 5035
f 4033 4034 5035
f 5035 4034 5039
f 2750 5039 4034
f 5426 5425 4104
f 4104 5425 4103
f 5425 5424 4103
f 4103 5424 4102
f 5424 5429 4102
f 4102 5429 4109
f 5429 5428 4109
f 4109 5428 4108
f 5428 5427 4108
f 4108 5427 4107
f 5427 5426 4107
f 4107 5426 4104
f 5218 5220 4018
f 4018 5220 4017
f 5220 5221 4017
f 4017 5221 4016
f 5221 5222 4016
f 4016 5222 4052
f 5222 5223 4052
f 4052 5223 4051
f 5223 5219 4051
f 4051 5219 4046
f 5219 5218 4046
f 4046 5218 4018
f 3063 5351 5164
f 5164 5351 5350
f 5164 5350 5169
f 5169 5350 5349
f 5169 5349 5170
f 5170 5349 5171
f 5171 5349 5348
f 5171 5348 5172
f 5172 5348 5167
f 5348 5347 5167
f 5167 5347 5168
f 5347 5346 5168
f 5168 5346 5166
f 5166 5346 5345
f 5166 5345 5165
f 5165 5345 3064
f 3064 5345 3062
f 5345 5352 3062
f 3062 5352 3063
f 5351 3063 5352
f 5050 5412 5051
f 5051 5412 5410
f 5051 5410 5049
f 5049 5410 5411
f 5049 5411 5048
f 5048 5411 3043
f 5411 5418 3043
f 3043 5418 3041
f 5418 5417 3041
f 3041 5417 3042
f 3042 5417 5047
f 5417 5415 5047
f 5047 5415 5052
f 5415 5414 5052
f 5052 5414 5053
f 5053 5414 5054
f 5054 5414 5413
f 5054 5413 5055
f 5055 5413 5412
f 5055 5412 5050
f 3035 5331 3036
f 3036 5331 5023
f 5331 5330 5023
f 5023 5330 5028
f 5028 5330 5329
f 5028 5329 5029
f 5029 5329 5030
f 5329 5333 5030
f 5030 5333 5031
f 5333 5334 5031
f 5031 5334 5026
f 5026 5334 5027
f 5027 5334 5335
f 5027 5335 5025
f 5025 5335 5024
f 5024 5335 5336
f 5024 5336 3037
f 3037 5336 5332
f 3037 5332 3035
f 3035 5332 5331
f 3039 5404 5032
f 5032 5404 5401
f 5032 5401 5037
f 5037 5401 5038
f 5038 5401 5402
f 5038 5402 5039
f 5039 5402 5403
f 5039 5403 5040
f 5040 5403 5035
f 5403 5420 5035
f 5035 5420 5036
f 5420 5407 5036
f 5036 5407 5034
f 5407 5406 5034
f 5034 5406 5033
f 5033 5406 3040
f 5406 5405 3040
f 3040 5405 3038
f 3038 5405 3039
f 3039 5405 5404
f 2910 2911 5281
f 5281 2911 5282
f 2911 2904 5282
f 2904 2905 5282
f 5282 2905 5283
f 5283 2905 2906
f 5283 2906 5281
f 5281 2906 2908
f 5281 2908 2910
f 2876 2875 5421
f 5421 2875 2863
f 5421 2863 2862
f 5421 2862 5423
f 5423 2862 5422
f 2862 2861 5422
f 2861 2860 5422
f 2860 2876 5422
f 5422 2876 5421
f 2916 2917 5269
f 2917 2912 5269
f 5269 2912 5268
f 2912 2913 5268
f 5268 2913 5267
f 5267 2913 2914
f 5267 2914 2915
f 5267 2915 2916
f 5267 2916 5269
f 2866 2867 5279
f 5279 2867 2868
f 5279 2868 2870
f 5279 2870 5278
f 2870 2871 5278
f 2871 2872 5278
f 2872 2866 5278
f 5278 2866 5280
f 5280 2866 5279
f 5086 2788 5087
f 5087 2788 2789
f 5087 2789 2786
f 5087 2786 5088
f 5088 2786 5086
f 5086 2786 2788
f 5089 2883 5090
f 5090 2883 5091
f 5091 2883 2885
f 5091 2885 5089
f 5089 2885 2887
f 5089 2887 2883
f 3055 3054 2776
f 2776 3054 2774
f 3054 5097 2774
f 5097 5099 2774
f 2774 5099 2773
f 2773 5099 2772
f 2772 5099 5095
f 2772 5095 5094
f 2772 5094 2777
f 2777 5094 3055
f 2777 3055 2778
f 2778 3055 2776
f 5617 5618 5619
f 5620 5621 5622
f 5623 5624 2574
f 5625 5626 5627
f 5628 5629 5630
f 5631 5632 5633
f 5634 5635 5636
f 5637 5638 5639
f 5640 5641 5642
f 5643 5644 5645
f 5646 5647 5648
f 5649 5650 5651
f 5652 5653 5654
f 5655 5656 5657
f 5658 5659 5660
f 5661 5662 5663
f 5664 5665 5666
f 5667 5668 5669
f 5670 5671 5672
f 5670 5672 5673
f 5674 5673 5672
f 5675 5676 5677
f 5678 5677 5676
f 5676 5675 1784
f 1784 5675 5679
f 1784 5679 5680
f 1784 5680 5681
f 5682 2207 5683
f 5684 5682 5683
f 5683 2207 5685
f 2207 2206 5685
f 5670 5686 5671
f 5671 5686 5687
f 5671 5687 5688
f 5682 5689 5690
f 5690 5689 5691
f 5690 5691 5692
f 5692 5691 5693
f 5693 5691 5694
f 5694 5695 5696
f 5696 5695 2209
f 5690 5697 5682
f 5697 2203 5682
f 5682 2203 2207
f 2207 2203 2201
f 2207 2203 5698
f 2207 5698 5699
f 5699 5700 5701
f 5701 5700 5702
f 5701 5702 5703
f 5702 5700 5704
f 5704 5700 5699
f 5704 5699 5705
f 5705 5699 5698
f 5705 5698 2203
f 2207 5699 2206
f 2206 5699 5706
f 5706 5699 5701
f 5706 5701 5707
f 5707 5701 5708
f 5701 5709 5708
f 5708 5709 5710
f 5708 5710 5711
f 5710 5709 5703
f 5703 5709 5701
f 5708 5712 2190
f 2190 5712 2189
f 2190 2189 5713
f 2189 5712 5711
f 5711 5712 5708
f 5689 5682 5684
f 5686 5714 5715
f 5715 5714 5695
f 5715 5695 5716
f 5716 5695 5694
f 5716 5694 5717
f 5717 5694 5691
f 5717 5691 5689
f 5715 5687 5686
f 5695 5714 2209
f 5718 5714 5686
f 5718 5686 5670
f 5718 5670 5673
f 5718 5673 5719
f 5719 5673 5720
f 5719 5720 5721
f 5721 5720 5722
f 5721 5722 5723
f 5723 5722 5724
f 5723 5724 5725
f 5725 5724 5726
f 5725 5726 2183
f 2183 5726 2187
f 2183 2187 5727
f 5727 2187 5728
f 5727 5728 5729
f 5729 5728 5730
f 5729 5730 5731
f 5732 5731 5679
f 5732 5679 5675
f 5675 5677 5713
f 5678 2190 5677
f 5677 2190 5675
f 2190 5713 5675
f 5720 5673 5670
f 5720 5670 5722
f 5722 5670 5673
f 5673 5674 5722
f 5722 5674 5733
f 5722 5733 5726
f 5726 5733 5734
f 5726 5734 5735
f 5722 5726 5724
f 5619 5618 5736
f 5618 5737 5736
f 5736 5737 5738
f 5622 5621 5739
f 5621 5740 5739
f 5739 5740 5741
f 5742 5743 5744
f 5744 5743 5745
f 5745 5743 5746
f 5745 5746 5747
f 5748 5749 5750
f 5750 5749 5751
f 5751 5749 5752
f 5751 5752 5753
f 5754 5755 5756
f 5756 5755 5757
f 5757 5755 5758
f 5757 5758 5759
f 5760 5761 5762
f 5762 5761 5763
f 5763 5761 5764
f 5763 5764 5765
f 5766 5767 5768
f 5768 5767 5769
f 5769 5767 5770
f 5769 5770 5771
f 5772 5773 5774
f 5774 5773 5775
f 5775 5773 5776
f 5775 5776 5777
f 5778 5779 5780
f 5780 5779 5781
f 5781 5779 5782
f 5781 5782 5783
f 5784 5785 5786
f 5786 5785 5787
f 5787 5785 5788
f 5787 5788 5789
f 5790 5791 5792
f 5792 5791 5793
f 5793 5791 5794
f 5793 5794 5795
f 5796 5797 5798
f 5798 5797 5799
f 5799 5797 5800
f 5799 5800 5801
f 5802 5803 5804
f 5804 5803 5805
f 5805 5803 5806
f 5805 5806 5807
f 5808 5809 5810
f 5810 5809 5811
f 5811 5809 5812
f 5811 5812 5813
f 5814 5815 5816
f 5816 5815 5817
f 5817 5815 5818
f 5817 5818 5819
f 5820 5821 5822
f 5822 5821 5823
f 5823 5821 5824
f 5823 5824 5825
f 5826 5827 5828
f 5828 5827 5829
f 5829 5827 5830
f 5829 5830 5831
f 5832 5833 5834
f 5834 5833 5835
f 5835 5833 5836
f 5835 5836 5837
f 5838 5839 5840
f 5840 5839 5841
f 5841 5839 5842
f 5841 5842 5843
f 5844 5845 5846
f 5846 5845 5847
f 5847 5845 5848
f 5847 5848 5849
f 5850 5851 5852
f 5852 5851 5853
f 5853 5851 5854
f 5853 5854 5855
f 5856 5857 5858
f 5858 5857 5859
f 5859 5857 5860
f 5859 5860 5861
f 5862 5863 5864
f 5864 5863 5865
f 5865 5863 5866
f 5865 5866 5867
f 5868 5869 5870
f 5870 5869 5871
f 5871 5869 5872
f 5871 5872 5873
f 5874 5875 5876
f 5876 5875 5877
f 5877 5875 5878
f 5877 5878 5879
f 5880 5881 5882
f 5882 5881 5883
f 5883 5881 5884
f 5883 5884 5885
f 5680 5886 5681
f 5681 5886 5887
f 5887 5886 5888
f 5888 5886 5735
f 5888 5735 5889
f 5889 5735 5734
f 5889 5734 5890
f 5890 5734 5733
f 5890 5733 5674
f 5890 5674 5672
f 5687 5715 5688
f 5688 5715 5891
f 5715 5716 5891
f 5891 5716 5892
f 5716 5717 5892
f 5892 5717 5893
f 5717 5689 5893
f 5893 5689 5894
f 5689 5684 5894
f 5894 5684 5683
f 2206 5706 5895
f 5706 5707 5895
f 5895 5707 5896
f 5707 5708 5896
f 5896 5708 5897
f 5708 2190 5897
f 5897 2190 2191
f 2190 5678 2191
f 2191 5678 5676
f 2206 5895 5685
f 5685 5895 5825
f 5685 5825 5898
f 5685 5898 5683
f 5683 5898 5828
f 5683 5828 5829
f 5683 5829 5894
f 5894 5829 5831
f 5894 5831 5899
f 5899 5846 5894
f 5894 5846 5893
f 5846 5847 5893
f 5893 5847 5892
f 5847 5849 5892
f 5892 5849 5900
f 5892 5900 5858
f 5892 5858 5891
f 5891 5858 5859
f 5891 5859 5861
f 5891 5861 5688
f 5688 5861 5901
f 5688 5901 5671
f 5671 5901 5870
f 5671 5870 5672
f 5672 5870 5871
f 5672 5871 5890
f 5890 5871 5873
f 5890 5873 5751
f 5751 5873 5750
f 5890 5751 5889
f 5889 5751 5753
f 5889 5753 5902
f 5902 5756 5889
f 5889 5756 5888
f 5756 5757 5888
f 5888 5757 5887
f 5757 5759 5887
f 5887 5759 5903
f 5887 5903 5774
f 5887 5774 5681
f 5681 5774 5775
f 5681 5775 1784
f 1784 5775 5676
f 5775 5777 5676
f 5676 5777 5904
f 5676 5904 5786
f 5676 5786 2191
f 2191 5786 5787
f 2191 5787 5897
f 5897 5787 5789
f 5897 5789 5905
f 5905 5798 5897
f 5897 5798 5896
f 5798 5799 5896
f 5896 5799 5895
f 5799 5801 5895
f 5895 5801 5823
f 5895 5823 5825
f 5823 5801 5822
f 5822 5801 5811
f 5822 5811 5906
f 5906 5811 5813
f 5801 5907 5811
f 5811 5907 5810
f 5828 5898 5826
f 5826 5898 5908
f 5908 5898 5825
f 5908 5825 5824
f 5846 5899 5844
f 5844 5899 5909
f 5909 5899 5831
f 5909 5831 5830
f 5858 5900 5856
f 5856 5900 5910
f 5910 5900 5849
f 5910 5849 5848
f 5870 5901 5868
f 5868 5901 5911
f 5911 5901 5861
f 5911 5861 5860
f 5882 5912 5880
f 5880 5912 5913
f 5913 5912 5873
f 5913 5873 5872
f 5882 5883 5912
f 5912 5883 5873
f 5873 5883 5750
f 5750 5883 5914
f 5914 5883 5885
f 5750 5914 5748
f 5748 5914 5915
f 5915 5914 5885
f 5915 5885 5884
f 5756 5902 5754
f 5754 5902 5916
f 5916 5902 5753
f 5916 5753 5752
f 5774 5903 5772
f 5772 5903 5917
f 5917 5903 5759
f 5917 5759 5758
f 5786 5904 5784
f 5784 5904 5918
f 5918 5904 5777
f 5918 5777 5776
f 5798 5905 5796
f 5796 5905 5919
f 5919 5905 5789
f 5919 5789 5788
f 5810 5907 5808
f 5808 5907 5920
f 5920 5907 5801
f 5920 5801 5800
f 5822 5906 5820
f 5820 5906 5921
f 5921 5906 5813
f 5921 5813 5812
f 5770 5922 5771
f 5771 5922 5923
f 5923 5922 5760
f 5923 5760 5762
f 5842 5924 5843
f 5843 5924 5925
f 5925 5924 5832
f 5925 5832 5834
f 5818 5926 5819
f 5819 5926 5927
f 5927 5926 5802
f 5927 5802 5804
f 5806 5928 5807
f 5807 5928 5929
f 5929 5928 5790
f 5929 5790 5792
f 5794 5930 5795
f 5795 5930 5931
f 5931 5930 5778
f 5931 5778 5780
f 5782 5932 5783
f 5783 5932 5933
f 5933 5932 5766
f 5933 5766 5768
f 5764 5934 5765
f 5765 5934 5935
f 5935 5934 5742
f 5935 5742 5744
f 5746 5936 5747
f 5747 5936 5937
f 5937 5936 5874
f 5937 5874 5876
f 5878 5938 5879
f 5879 5938 5939
f 5939 5938 5862
f 5939 5862 5864
f 5866 5940 5867
f 5867 5940 5941
f 5941 5940 5850
f 5941 5850 5852
f 5854 5942 5855
f 5855 5942 5943
f 5943 5942 5838
f 5943 5838 5840
f 5836 5944 5837
f 5837 5944 5945
f 5945 5944 5814
f 5945 5814 5816
f 5768 5769 5933
f 5933 5769 5783
f 5771 5923 5769
f 5769 5923 5762
f 5769 5762 5783
f 5783 5762 5763
f 5783 5763 5946
f 5946 5763 5947
f 5763 5765 5947
f 5947 5765 5935
f 5947 5935 5744
f 5947 5744 5948
f 5948 5744 5745
f 5948 5745 5949
f 5949 5745 5747
f 5949 5747 5937
f 5937 5876 5949
f 5949 5876 5950
f 5876 5877 5950
f 5950 5877 5879
f 5950 5879 5939
f 5939 5864 5950
f 5950 5864 5951
f 5864 5865 5951
f 5951 5865 5952
f 5865 5867 5952
f 5952 5867 5941
f 5952 5941 5852
f 5952 5852 5953
f 5953 5852 5853
f 5953 5853 5623
f 5623 5853 5855
f 5623 5855 5835
f 5835 5855 5834
f 5623 5835 5624
f 5624 5835 5837
f 5624 5837 5945
f 5945 5816 5624
f 5624 5816 5954
f 5816 5817 5954
f 5954 5817 5955
f 5817 5819 5955
f 5955 5819 5927
f 5955 5927 5804
f 5955 5804 5956
f 5956 5804 5805
f 5956 5805 5807
f 5807 5929 5956
f 5956 5929 5792
f 5956 5792 5957
f 5957 5792 5793
f 5957 5793 5958
f 5958 5793 5795
f 5958 5795 5931
f 5931 5780 5958
f 5958 5780 5959
f 5780 5781 5959
f 5959 5781 5946
f 5946 5781 5783
f 5840 5841 5943
f 5943 5841 5855
f 5855 5841 5834
f 5834 5841 5925
f 5925 5841 5843
f 2574 5624 2572
f 5624 5954 2572
f 2572 5954 2571
f 5954 5955 2571
f 2571 5955 2569
f 5955 5956 2569
f 2569 5956 2567
f 5956 5957 2567
f 2567 5957 2565
f 2565 5957 2564
f 2564 5957 5958
f 2564 5958 2562
f 2562 5958 5959
f 2562 5959 5946
f 2562 5946 2560
f 2560 5946 5947
f 2560 5947 2558
f 2558 5947 5948
f 2558 5948 2556
f 2556 5948 5949
f 2556 5949 2553
f 2553 5949 5950
f 2553 5950 2552
f 2552 5950 5951
f 2552 5951 2579
f 2579 5951 2578
f 5951 5952 2578
f 2578 5952 2576
f 5952 5953 2576
f 2576 5953 5623
f 2576 5623 2574
f 5627 5626 5960
f 5626 5961 5960
f 5960 5961 5962
f 5630 5629 5963
f 5629 5964 5963
f 5963 5964 5965
f 5633 5632 5966
f 5632 5967 5966
f 5966 5967 5968
f 5636 5635 5969
f 5635 5970 5969
f 5969 5970 5971
f 5639 5638 5972
f 5638 5973 5972
f 5972 5973 5974
f 5973 5975 5974
f 5974 5975 5976
f 5642 5641 5977
f 5641 5978 5977
f 5977 5978 5979
f 5978 5980 5979
f 5979 5980 5981
f 5645 5644 5982
f 5644 5983 5982
f 5982 5983 5984
f 5983 5985 5984
f 5984 5985 5986
f 5648 5647 5987
f 5647 5988 5987
f 5987 5988 5989
f 5988 5990 5989
f 5989 5990 5991
f 5992 5993 5994
f 5992 5994 5995
f 5995 5994 5996
f 5995 5996 5997
f 5996 5998 5999
f 5998 6000 5999
f 5999 6000 6001
f 5651 5650 6002
f 6003 6004 6005
f 6005 6004 6006
f 6004 6007 6006
f 6006 6007 6008
f 6009 6010 6011
f 6009 6011 6012
f 6009 6012 6013
f 6013 6012 6014
f 6014 6015 6016
f 6014 6016 6017
f 6017 6016 6018
f 6017 6018 6019
f 6011 6010 6020
f 6020 6010 6021
f 6021 6010 5647
f 5647 6010 6022
f 6022 6010 6023
f 6022 6023 2357
f 2357 6023 2360
f 6023 5987 2360
f 2360 5987 2404
f 2360 2404 2398
f 2360 2398 2352
f 2352 2398 2353
f 2353 2398 2355
f 2355 2398 2430
f 2355 2430 6024
f 2430 2402 6024
f 6024 2402 6025
f 2402 2401 6025
f 6025 2401 2400
f 6025 2400 6026
f 6026 2400 6027
f 6026 6027 6028
f 6028 6027 6029
f 6028 6029 6030
f 6030 6029 6031
f 6030 6031 6032
f 6030 6032 6033
f 6033 6032 2386
f 6033 2386 2366
f 2366 2386 2368
f 2386 2384 2368
f 2368 2384 2369
f 2369 2384 2378
f 2378 2384 5973
f 2378 5973 2377
f 2377 5973 6034
f 2377 6034 2362
f 2377 2362 2365
f 2365 2362 6033
f 2365 6033 2366
f 6032 6035 2386
f 2386 6035 2389
f 6035 2383 2389
f 2389 2383 2399
f 2389 2399 2431
f 2431 2430 2389
f 2389 2430 2398
f 2399 2383 2400
f 2400 2383 6027
f 6024 2344 2355
f 2355 2344 2356
f 2344 6022 2356
f 2356 6022 2357
f 6023 6010 6036
f 6036 6010 6037
f 6037 6010 6038
f 6037 6038 6039
f 6039 6038 6040
f 6040 6041 6042
f 6042 6041 6043
f 6043 6041 6044
f 6044 6041 6045
f 6045 6041 6046
f 6045 6046 6047
f 6047 6046 6048
f 6047 6048 6049
f 6047 6049 6050
f 6050 6049 6051
f 6050 6051 6052
f 6052 6051 6053
f 6052 6053 6041
f 6041 6053 6054
f 6041 6054 6046
f 6055 6056 6057
f 6057 6056 6058
f 6056 6059 6058
f 6058 6059 6060
f 6000 6061 6001
f 6001 6061 6062
f 6062 6061 6063
f 6063 6061 5974
f 5974 6061 6064
f 6064 6061 6065
f 6064 6065 2376
f 2376 6065 2379
f 6065 5973 2379
f 2379 5973 2384
f 2379 2384 2423
f 2379 2423 2371
f 2371 2423 2372
f 2372 2423 2374
f 2374 2423 2428
f 2374 2428 6066
f 2428 2427 6066
f 6066 2427 6067
f 2427 2426 6067
f 6067 2426 2425
f 6067 2425 6068
f 6068 2425 6069
f 6068 6069 6070
f 6070 6069 6071
f 6070 6071 6072
f 6072 6071 6073
f 6072 6073 6074
f 6072 6074 6075
f 6075 6074 2413
f 6075 2413 2347
f 2347 2413 2349
f 2413 2404 2349
f 2349 2404 2350
f 2350 2404 2359
f 2359 2404 5987
f 2359 5987 2358
f 2358 5987 6076
f 2358 6076 2343
f 2358 2343 2346
f 2346 2343 6075
f 2346 6075 2347
f 6074 2405 2413
f 2413 2405 2415
f 2405 6077 2415
f 2415 6077 2424
f 2415 2424 2429
f 2429 2428 2415
f 2415 2428 2423
f 2424 6077 2425
f 2425 6077 6069
f 6066 2363 2374
f 2374 2363 2375
f 2363 6064 2375
f 2375 6064 2376
f 6065 6061 6078
f 6078 6061 6079
f 6079 6061 6080
f 6079 6080 6081
f 6081 6080 6082
f 6082 6083 6084
f 6084 6083 6085
f 6085 6083 6086
f 6086 6083 6087
f 6087 6083 6088
f 6087 6088 6089
f 6089 6088 5659
f 6089 5659 5658
f 6089 5658 6090
f 6090 5658 6091
f 6090 6091 6092
f 6092 6091 6093
f 6092 6093 6083
f 6083 6093 6094
f 6083 6094 6088
f 6095 6096 6097
f 6095 6097 6098
f 6095 6098 6099
f 6099 6098 5983
f 6099 5983 5984
f 5984 5983 6100
f 5984 6100 6101
f 6101 6100 2417
f 6101 2417 2407
f 2407 2417 6102
f 2407 6102 6103
f 6103 6102 6104
f 6103 6104 6105
f 6105 6104 6002
f 6105 6002 6106
f 6106 6002 5650
f 6106 5650 6107
f 6107 5650 2418
f 6107 2418 2408
f 2408 2418 2416
f 2408 2416 2410
f 2410 2416 2421
f 2410 2421 2411
f 2411 2421 2422
f 2411 2422 2414
f 2414 2422 6068
f 2414 6068 6070
f 6070 6108 2414
f 2414 6108 2412
f 2412 6108 2406
f 2406 6108 6107
f 2406 6107 2408
f 2422 2420 6068
f 6068 2420 6109
f 2420 2419 6109
f 6109 2419 2418
f 6109 2418 5650
f 6106 6107 6110
f 6110 6107 6111
f 6097 6096 6112
f 6096 6113 6112
f 6112 6113 6114
f 6113 6060 6114
f 6114 6060 6059
f 5654 5653 6115
f 6116 6117 6118
f 6116 6118 6119
f 6116 6119 6120
f 6120 6119 5977
f 6120 5977 5641
f 5641 5977 6121
f 5641 6121 6122
f 6122 6121 2392
f 6122 2392 2381
f 2381 2392 6123
f 2381 6123 6124
f 6124 6123 6125
f 6124 6125 6126
f 6126 6125 6115
f 6126 6115 6127
f 6127 6115 5653
f 6127 5653 6128
f 6128 5653 2393
f 6128 2393 2433
f 2433 2393 2391
f 2433 2391 2432
f 2432 2391 2396
f 2432 2396 2388
f 2388 2396 2397
f 2388 2397 2387
f 2387 2397 6026
f 2387 6026 6028
f 6028 6129 2387
f 2387 6129 2385
f 2385 6129 2382
f 2382 6129 6128
f 2382 6128 2433
f 2397 2395 6026
f 6026 2395 6130
f 2395 2394 6130
f 6130 2394 2393
f 6130 2393 5653
f 6127 6128 6131
f 6131 6128 6132
f 6118 6117 6133
f 6117 6134 6133
f 6133 6134 6135
f 6134 6008 6135
f 6135 6008 6007
f 6136 6000 5998
f 6136 5998 6137
f 6137 5998 5996
f 6137 5996 6138
f 6138 5996 6139
f 5996 5994 6139
f 5994 6140 6139
f 6139 6140 6141
f 6139 6141 6142
f 6139 6142 6143
f 6143 6142 6144
f 6143 6144 6145
f 6141 6140 6146
f 6146 6140 6147
f 6140 6148 6147
f 6147 6148 6145
f 6145 6148 6143
f 6143 6148 6149
f 6149 6148 6150
f 6150 6148 6059
f 6150 6059 6056
f 6150 6056 6151
f 6151 6056 6055
f 6151 6055 6152
f 6153 6057 6058
f 6153 6058 6154
f 6154 6058 6060
f 6154 6060 6155
f 6155 6060 6156
f 6060 6157 6156
f 6153 6154 6152
f 6152 6154 6151
f 6154 6155 6151
f 6151 6155 6150
f 6157 6052 6156
f 6156 6052 6158
f 6156 6158 6159
f 6156 6159 6160
f 6160 6159 6161
f 6160 6161 6162
f 6158 6052 6163
f 6163 6052 6164
f 6052 6041 6164
f 6164 6041 6162
f 6162 6041 6160
f 6160 6041 6165
f 6165 6041 6166
f 6166 6041 6040
f 6166 6040 6038
f 6166 6038 6167
f 6167 6038 6010
f 6167 6010 6168
f 6168 6169 6170
f 6168 6170 6171
f 6168 6171 6167
f 6167 6171 6166
f 6166 6172 6173
f 6166 6173 6165
f 6165 6173 4235
f 6165 4235 4240
f 4240 6174 6165
f 6165 6174 4236
f 6165 4236 4233
f 4233 4232 6165
f 6165 4232 6160
f 6174 6175 4236
f 4236 6175 4238
f 4238 6175 4241
f 4241 6175 4244
f 6175 4227 4244
f 4244 4227 4223
f 4244 4223 4220
f 4244 4220 4232
f 4232 4220 6160
f 4220 4219 6160
f 6160 4219 4231
f 6160 4231 4230
f 4230 4231 4228
f 4230 4228 4225
f 4230 4225 4227
f 4227 4225 4223
f 4230 6176 6160
f 6160 6176 6156
f 6156 6176 6155
f 6155 6176 6177
f 6155 6177 6150
f 6150 6177 6149
f 6177 6155 6149
f 6149 6155 6150
f 6149 6150 6178
f 6178 6179 6149
f 6149 6179 6180
f 6149 6180 4218
f 4218 6180 4207
f 6180 6181 4207
f 4207 6181 4208
f 4208 6181 4211
f 4211 6181 6143
f 6143 6181 6182
f 6143 6182 4206
f 4206 6182 4194
f 6182 6183 4194
f 4194 6183 4195
f 4195 6183 4198
f 4198 6183 6139
f 4198 6139 4200
f 4200 6139 4203
f 6139 6143 4203
f 4203 6143 4206
f 6139 6183 6184
f 6139 6184 6185
f 6185 6186 6139
f 6139 6186 6187
f 6139 6187 6138
f 6138 6188 6137
f 6137 6188 6189
f 6137 6189 6136
f 6136 6189 6190
f 6136 6190 6191
f 6136 6191 6192
f 6193 6192 6194
f 6193 6194 6195
f 6193 6195 6196
f 6196 6195 6197
f 6196 6197 6198
f 6198 6197 6199
f 6198 6199 6200
f 6198 6200 6201
f 6201 6200 6202
f 6201 6202 6203
f 6203 6202 6204
f 6202 6205 6204
f 6204 6205 6206
f 6201 6203 6207
f 6208 6207 6209
f 6208 6209 6210
f 6210 6211 6208
f 6208 6211 6136
f 6208 6136 6212
f 6212 6136 6192
f 6136 6211 6213
f 6211 6214 6213
f 6213 6214 6215
f 6214 6216 6215
f 6216 6217 6218
f 6216 6218 6219
f 6219 6218 4192
f 6219 4192 2969
f 2969 6220 6219
f 6219 6220 4193
f 6219 4193 4190
f 4190 4187 6219
f 6219 4187 6221
f 6220 6222 4193
f 4193 6222 4181
f 4181 6222 4182
f 4182 6222 4185
f 6222 2966 4185
f 4185 2966 4180
f 4185 4180 4177
f 4185 4177 4187
f 4187 4177 6221
f 4177 4174 6221
f 6221 4174 4172
f 6221 4172 4171
f 4171 4172 4169
f 4171 4169 4168
f 4171 4168 2966
f 2966 4168 4180
f 4171 6223 6221
f 6221 6223 6224
f 6224 6223 6225
f 6225 6223 6226
f 6225 6226 6227
f 6227 6226 6228
f 6226 6225 6228
f 6228 6225 6227
f 6228 6227 6229
f 6229 6230 6228
f 6228 6230 6231
f 6228 6231 4262
f 4262 6231 4264
f 6231 6232 4264
f 4264 6232 4267
f 4267 6232 4270
f 4270 6232 6233
f 6233 6232 6234
f 6233 6234 4249
f 4249 6234 4251
f 6234 6235 4251
f 4251 6235 4254
f 4254 6235 4257
f 4257 6235 6236
f 4257 6236 4245
f 4245 6236 4246
f 6236 6233 4246
f 4246 6233 4249
f 6236 6235 6237
f 6236 6237 6238
f 6238 6239 6236
f 6236 6239 6240
f 6236 6240 6241
f 6241 6242 6243
f 6243 6242 6244
f 6243 6244 6169
f 6169 6244 6245
f 6169 6245 6246
f 6169 6246 6247
f 6248 6247 6249
f 6248 6249 6250
f 6248 6250 6251
f 6251 6250 6252
f 6251 6252 6253
f 6253 6252 6254
f 6253 6254 6255
f 6253 6255 6256
f 6256 6255 6257
f 6256 6257 6258
f 6258 6257 6259
f 6257 6260 6259
f 6259 6260 6261
f 6256 6258 6262
f 6263 6262 6264
f 6263 6264 6265
f 6265 6170 6263
f 6263 6170 6169
f 6263 6169 6266
f 6266 6169 6247
f 6252 6267 6254
f 6254 6267 6268
f 6268 6267 6269
f 6269 6267 6260
f 6250 6270 6252
f 6252 6270 6271
f 6252 6271 6272
f 6272 6271 6273
f 6272 6273 6274
f 6274 6273 6275
f 6274 6275 6276
f 6276 6275 6249
f 6276 6249 6277
f 6277 6249 6247
f 4270 6233 4258
f 4258 6233 4259
f 6233 6228 4259
f 4259 6228 4262
f 6227 6278 6225
f 6225 6278 6279
f 6278 6280 6279
f 6279 6280 6281
f 6197 6282 6199
f 6199 6282 6283
f 6283 6282 6284
f 6284 6282 6205
f 6195 6285 6197
f 6197 6285 6286
f 6197 6286 6287
f 6287 6286 6288
f 6287 6288 6289
f 6289 6288 6290
f 6289 6290 6291
f 6291 6290 6194
f 6291 6194 6292
f 6292 6194 6192
f 4211 6143 4213
f 4213 6143 4215
f 6143 6149 4215
f 4215 6149 4218
f 6169 6009 6013
f 6169 6013 6243
f 6243 6013 6014
f 6243 6014 6241
f 6241 6014 6236
f 6014 6017 6236
f 6017 6293 6236
f 6236 6293 6294
f 6236 6294 6295
f 6236 6295 6233
f 6233 6295 6296
f 6233 6296 6297
f 6294 6293 6298
f 6298 6293 6299
f 6293 6300 6299
f 6299 6300 6297
f 6297 6300 6233
f 6233 6300 6228
f 6228 6300 6227
f 6227 6300 6007
f 6227 6007 6004
f 6227 6004 6278
f 6278 6004 6003
f 6278 6003 6280
f 6281 6005 6006
f 6281 6006 6279
f 6279 6006 6008
f 6279 6008 6225
f 6225 6008 6224
f 6008 6301 6224
f 6301 6092 6224
f 6224 6092 6302
f 6224 6302 6303
f 6224 6303 6221
f 6221 6303 6304
f 6221 6304 6305
f 6302 6092 6306
f 6306 6092 6307
f 6092 6083 6307
f 6307 6083 6305
f 6305 6083 6221
f 6221 6083 6219
f 6219 6083 6216
f 6216 6083 6082
f 6216 6082 6080
f 6216 6080 6215
f 6215 6080 6061
f 6215 6061 6213
f 6211 6079 6081
f 6211 6081 6214
f 6214 6081 6082
f 6214 6082 6216
f 6216 6082 6217
f 6082 6084 6217
f 6217 6084 6085
f 6217 6085 6218
f 6218 6085 6086
f 6218 6086 4192
f 4192 6086 2969
f 6086 6087 2969
f 2969 6087 6089
f 2969 6089 6220
f 6117 6308 6309
f 6117 6309 6134
f 6134 6309 6225
f 6134 6225 6008
f 6008 6225 6310
f 6225 6226 6310
f 6310 6226 6223
f 6310 6223 6311
f 6311 6223 4171
f 6311 4171 6312
f 6312 4171 6313
f 4171 2966 6313
f 6313 2966 6090
f 6090 2966 6222
f 6090 6222 6314
f 6090 6314 6315
f 6090 6315 6089
f 6089 6315 6316
f 6089 6316 6317
f 6089 6317 6220
f 6220 6317 6318
f 6220 6318 6222
f 6222 6318 6319
f 6222 6319 6314
f 6132 6320 6131
f 6131 6320 6321
f 6131 6321 6322
f 6131 6322 6127
f 6127 6322 6323
f 6127 6323 6126
f 6126 6323 6124
f 6124 6323 6324
f 6124 6324 6325
f 6124 6325 2381
f 2381 6325 6326
f 2381 6326 6122
f 6122 6326 5641
f 6326 6327 5641
f 5641 6327 6328
f 5641 6328 6329
f 6329 6328 6330
f 6328 6331 6330
f 6330 6331 6332
f 6332 6331 6333
f 6333 6331 6308
f 6333 6308 6334
f 6334 6308 6335
f 6308 6117 6335
f 6335 6117 6336
f 6336 6117 6337
f 6337 6117 6338
f 6338 6117 6339
f 6339 6117 6116
f 6339 6116 6120
f 6339 6120 6340
f 6340 6120 6341
f 6120 5641 6341
f 6341 5641 6329
f 6320 6342 6321
f 6321 6342 6322
f 6342 6128 6343
f 6343 6128 6129
f 6343 6129 6028
f 6343 6028 6344
f 6344 6028 6030
f 6344 6030 6345
f 6345 6030 6206
f 6206 6030 6033
f 6206 6033 2362
f 6206 2362 6204
f 6204 2362 6034
f 6204 6034 6203
f 6203 6034 6207
f 6034 5973 6207
f 6207 5973 6065
f 6207 6065 6346
f 6346 6065 6347
f 6065 6078 6347
f 6347 6078 6348
f 6348 6078 6349
f 6349 6078 6079
f 6349 6079 6350
f 6350 6079 6351
f 6079 6211 6351
f 6351 6211 6352
f 6352 6211 6353
f 6353 6211 6354
f 6354 6211 6355
f 6355 6211 6210
f 6355 6210 6209
f 6355 6209 6356
f 6356 6209 6357
f 6209 6207 6357
f 6357 6207 6346
f 5650 6358 6109
f 6109 6358 6359
f 6109 6359 6360
f 6109 6360 6068
f 6068 6360 6361
f 6068 6361 6067
f 6067 6361 6289
f 6067 6289 6066
f 6066 6289 6291
f 6066 6291 2363
f 2363 6291 6292
f 2363 6292 6064
f 6064 6292 5974
f 6292 6192 5974
f 5974 6192 6191
f 5974 6191 6362
f 6362 6191 6363
f 6191 6190 6363
f 6363 6190 6364
f 6364 6190 6365
f 6365 6190 6189
f 6365 6189 6366
f 6366 6189 6367
f 6189 6001 6367
f 6367 6001 6368
f 6368 6001 6369
f 6369 6001 6370
f 6370 6001 6371
f 6371 6001 6062
f 6371 6062 6063
f 6371 6063 6372
f 6372 6063 6373
f 6063 5974 6373
f 6373 5974 6362
f 6374 5649 6375
f 6375 5649 5651
f 6375 5651 6002
f 6375 6002 6376
f 6376 6002 6104
f 6376 6104 6377
f 6377 6104 6102
f 6377 6102 6378
f 6378 6102 2417
f 6378 2417 6379
f 6379 2417 6100
f 6379 6100 6380
f 6380 6100 6381
f 6100 5983 6381
f 6381 5983 6098
f 6381 6098 6382
f 6382 6098 6383
f 6098 6097 6383
f 6383 6097 6384
f 6384 6097 6385
f 6385 6097 6112
f 6385 6112 6386
f 6386 6112 6387
f 6112 6388 6387
f 6387 6388 6389
f 6389 6388 6390
f 6390 6388 6391
f 6391 6388 6392
f 6392 6388 6393
f 6392 6393 6394
f 6392 6394 6395
f 6395 6394 6396
f 6394 6381 6396
f 6396 6381 6382
f 6374 6375 6358
f 6358 6375 6376
f 6358 6376 6397
f 6397 6376 6398
f 6397 6398 6399
f 6397 6399 6400
f 6376 6377 6398
f 6398 6377 6401
f 6377 6378 6401
f 6401 6378 6402
f 6388 6112 6114
f 6388 6114 6403
f 6403 6114 6059
f 6403 6059 6150
f 6150 6059 6178
f 6059 6404 6178
f 6178 6404 6405
f 6178 6405 6179
f 6179 6405 6406
f 6179 6406 6180
f 6180 6406 6181
f 6406 6407 6181
f 6181 6407 6408
f 6181 6408 6182
f 6182 6408 6409
f 6182 6409 6410
f 6182 6410 6183
f 6183 6410 6411
f 6183 6411 6412
f 6409 6408 6413
f 6413 6408 6414
f 6408 6415 6414
f 6414 6415 6412
f 6412 6415 6183
f 6183 6415 5993
f 6183 5993 6184
f 6184 5993 6185
f 5993 5992 6185
f 6185 5992 5995
f 6185 5995 6186
f 6186 5995 5997
f 6186 5997 6187
f 6187 5997 6138
f 5997 5996 6138
f 6138 5996 5999
f 6138 5999 6188
f 6188 5999 6001
f 6188 6001 6189
f 6393 6388 6403
f 6393 6403 6416
f 6416 6403 6150
f 6416 6150 6417
f 6417 6150 6155
f 6417 6155 6418
f 6418 6419 6417
f 6417 6419 6420
f 6420 6421 6417
f 6417 6421 6422
f 6422 6423 6424
f 6424 6423 6425
f 6424 6425 6426
f 6426 6425 6402
f 6426 6402 6427
f 6427 6402 6378
f 6427 6378 6379
f 6379 6380 6427
f 6427 6380 6428
f 6380 6381 6428
f 6381 6394 6416
f 6393 6416 6394
f 6429 6133 6135
f 6429 6135 6430
f 6430 6135 6007
f 6430 6007 6227
f 6227 6007 6229
f 6007 6431 6229
f 6229 6431 6432
f 6229 6432 6230
f 6230 6432 6433
f 6230 6433 6231
f 6231 6433 6232
f 6433 6434 6232
f 6232 6434 6435
f 6232 6435 6234
f 6234 6435 6436
f 6234 6436 6437
f 6234 6437 6235
f 6235 6437 6438
f 6235 6438 6439
f 6436 6435 6440
f 6440 6435 6441
f 6435 6019 6441
f 6441 6019 6439
f 6439 6019 6235
f 6235 6019 6237
f 6237 6019 6238
f 6019 6018 6238
f 6238 6018 6016
f 6238 6016 6239
f 6239 6016 6015
f 6239 6015 6240
f 6240 6015 6241
f 6015 6014 6241
f 6241 6014 6012
f 6241 6012 6242
f 6242 6012 6011
f 6242 6011 6244
f 6442 6429 6430
f 6442 6430 6443
f 6443 6430 6227
f 6443 6227 6444
f 6444 6227 6225
f 6444 6225 6309
f 6309 6308 6444
f 6444 6308 6331
f 6331 6328 6444
f 6444 6328 6327
f 6327 6326 6445
f 6445 6326 6325
f 6445 6325 6446
f 6446 6325 6324
f 6446 6324 6447
f 6447 6324 6448
f 6447 6448 6449
f 6449 6450 6447
f 6447 6450 6451
f 6450 6452 6451
f 6452 6453 6443
f 6442 6443 6453
f 6324 6323 6448
f 6448 6323 6454
f 6323 6322 6454
f 6454 6322 6455
f 6322 6342 6455
f 6455 6342 6456
f 6455 6456 6457
f 6457 6456 6458
f 5653 6456 6130
f 6130 6456 6459
f 6130 6459 6460
f 6130 6460 6026
f 6026 6460 6461
f 6026 6461 6025
f 6025 6461 6274
f 6025 6274 6024
f 6024 6274 6276
f 6024 6276 2344
f 2344 6276 6277
f 2344 6277 6022
f 6022 6277 5647
f 6277 6247 5647
f 5647 6247 6246
f 5647 6246 6462
f 6462 6246 6463
f 6246 6245 6463
f 6463 6245 6464
f 6464 6245 6465
f 6465 6245 6244
f 6465 6244 6466
f 6466 6244 6467
f 6244 6011 6467
f 6467 6011 6468
f 6468 6011 6469
f 6469 6011 6470
f 6470 6011 6471
f 6471 6011 6020
f 6471 6020 6021
f 6471 6021 6472
f 6472 6021 6473
f 6021 5647 6473
f 6473 5647 6462
f 6458 5652 6457
f 6457 5652 5654
f 6457 5654 6115
f 6457 6115 6455
f 6455 6115 6125
f 6455 6125 6454
f 6454 6125 6123
f 6454 6123 6448
f 6448 6123 2392
f 6448 2392 6449
f 6449 2392 6121
f 6449 6121 6450
f 6450 6121 6452
f 6121 5977 6452
f 6452 5977 6119
f 6452 6119 6474
f 6474 6119 6475
f 6119 6118 6475
f 6475 6118 6476
f 6476 6118 6477
f 6477 6118 6133
f 6477 6133 6478
f 6478 6133 6479
f 6133 6429 6479
f 6479 6429 6480
f 6480 6429 6481
f 6481 6429 6482
f 6482 6429 6483
f 6483 6429 6442
f 6483 6442 6453
f 6483 6453 6484
f 6484 6453 6485
f 6453 6452 6485
f 6485 6452 6474
f 6111 6400 6110
f 6110 6400 6399
f 6110 6399 6398
f 6110 6398 6106
f 6106 6398 6401
f 6106 6401 6105
f 6105 6401 6103
f 6103 6401 6402
f 6103 6402 6425
f 6103 6425 2407
f 2407 6425 6423
f 2407 6423 6101
f 6101 6423 5984
f 6423 6422 5984
f 5984 6422 6421
f 5984 6421 6486
f 6486 6421 6487
f 6421 6420 6487
f 6487 6420 6488
f 6488 6420 6489
f 6489 6420 6419
f 6489 6419 6490
f 6490 6419 6491
f 6419 6096 6491
f 6491 6096 6492
f 6492 6096 6493
f 6493 6096 6494
f 6494 6096 6495
f 6495 6096 6095
f 6495 6095 6099
f 6495 6099 6496
f 6496 6099 6497
f 6099 5984 6497
f 6497 5984 6486
f 6397 6107 6498
f 6498 6107 6108
f 6498 6108 6070
f 6498 6070 6499
f 6499 6070 6072
f 6499 6072 6500
f 6500 6072 6261
f 6261 6072 6075
f 6261 6075 2343
f 6261 2343 6259
f 6259 2343 6076
f 6259 6076 6258
f 6258 6076 6262
f 6076 5987 6262
f 6262 5987 6023
f 6262 6023 6501
f 6501 6023 6502
f 6023 6036 6502
f 6502 6036 6503
f 6503 6036 6504
f 6504 6036 6037
f 6504 6037 6505
f 6505 6037 6506
f 6037 6170 6506
f 6506 6170 6507
f 6507 6170 6508
f 6508 6170 6509
f 6509 6170 6510
f 6510 6170 6265
f 6510 6265 6264
f 6510 6264 6511
f 6511 6264 6512
f 6264 6262 6512
f 6512 6262 6501
f 6170 6037 6039
f 6170 6039 6171
f 6171 6039 6040
f 6171 6040 6166
f 6166 6040 6172
f 6040 6042 6172
f 6172 6042 6043
f 6172 6043 6173
f 6173 6043 6044
f 6173 6044 4235
f 4235 6044 4240
f 6044 6045 4240
f 4240 6045 6047
f 4240 6047 6174
f 6174 6047 6513
f 6174 6513 6514
f 6174 6514 6175
f 6175 6514 6515
f 6175 6515 6516
f 6513 6047 6517
f 6517 6047 6518
f 6047 6050 6518
f 6518 6050 6516
f 6516 6050 6175
f 6175 6050 4227
f 4227 6050 6519
f 4227 6519 4230
f 6519 6520 4230
f 4230 6520 6521
f 4230 6521 6176
f 6176 6521 6522
f 6176 6522 6177
f 6177 6522 6155
f 6522 6060 6155
f 6155 6060 6113
f 6155 6113 6418
f 6418 6113 6096
f 6418 6096 6419
f 6523 6524 6525
f 6526 6527 6528
f 6526 6528 6529
f 6529 6528 6530
f 6531 6523 6532
f 6532 6523 6533
f 6530 6528 3564
f 3564 6528 6534
f 6534 6528 6530
f 6535 6536 6537
f 6537 6535 6538
f 6538 6539 6537
f 6540 6541 6542
f 6541 6543 6542
f 6542 6543 6544
f 6544 6543 6541
f 6544 6541 6540
f 6540 6542 6544
f 6545 6546 6547
f 6547 6546 6548
f 6548 6546 6549
f 6549 6548 6550
f 6549 6550 6551
f 6552 6543 6553
f 6553 6543 6541
f 5657 5656 6554
f 5657 6554 6555
f 5657 6555 6556
f 6556 6555 6557
f 6555 6558 6557
f 6557 6558 6559
f 6557 6559 6560
f 6560 6559 6561
f 6557 6560 6562
f 6562 6560 5656
f 6558 6563 6559
f 6559 6563 6564
f 6559 6564 6565
f 6554 5656 6566
f 6566 5656 6567
f 5656 6560 6567
f 6567 6560 6568
f 6560 6569 6568
f 6568 6569 6570
f 6568 6570 6571
f 6570 6569 6572
f 6569 6573 6572
f 6572 6573 6574
f 6573 6575 6574
f 6574 6575 6576
f 6574 6576 6577
f 6577 6576 6578
f 6577 6578 6579
f 6579 6578 6580
f 6579 6580 6581
f 6580 6578 6582
f 6582 6578 6583
f 6582 6583 6561
f 6561 6559 6582
f 6582 6559 6584
f 6584 6559 6585
f 6585 6559 6565
f 6585 6565 6586
f 6586 6565 6587
f 6587 6565 6588
f 6588 6565 6589
f 6589 6565 6590
f 6590 6565 6591
f 6590 6591 6592
f 6592 6591 6593
f 6590 6592 6594
f 6594 6592 6595
f 6594 6595 6596
f 6596 6595 6597
f 6596 6597 6598
f 6598 6599 6596
f 6596 6599 6600
f 6595 6601 6597
f 6597 6601 6602
f 6597 6602 6603
f 6597 6603 6604
f 6604 6603 6605
f 6603 6579 6605
f 6605 6579 6581
f 6605 6581 6606
f 6605 6606 6607
f 6607 6606 6608
f 6607 6608 6599
f 6599 6608 6600
f 6600 6608 6586
f 6586 6608 6609
f 6586 6609 6585
f 4830 4834 6533
f 6533 4834 6610
f 4834 4837 6610
f 6610 4837 6530
f 6533 6523 4830
f 4830 6523 4831
f 6523 6524 4831
f 4831 6524 6525
f 4831 6525 6611
f 4831 6611 4832
f 6611 6527 4832
f 4832 6527 4833
f 6527 6526 4833
f 4833 6526 4835
f 4835 6526 4836
f 4836 6526 4837
f 6526 6529 4837
f 4837 6529 6530
f 6530 3564 4837
f 4837 3564 4985
f 3564 6534 4985
f 4985 6534 4847
f 4837 4834 6530
f 6530 4834 6610
f 4834 4987 6610
f 6610 4987 6533
f 6534 6530 4847
f 4847 6530 4837
f 6530 6528 4837
f 4837 6528 4845
f 6528 6527 4845
f 4845 6527 4833
f 6527 6611 4833
f 4833 6611 4832
f 4832 6611 6525
f 4832 6525 4831
f 4831 6524 4840
f 6524 6523 4840
f 4840 6523 4830
f 6523 6532 4830
f 4830 6532 4838
f 6532 6531 4838
f 4838 6531 4839
f 6531 6532 4839
f 4839 6532 4838
f 6532 6533 4838
f 4838 6533 4987
f 4978 4977 6536
f 6536 4977 6535
f 4977 4968 6535
f 6535 4968 6538
f 6536 6535 4978
f 4978 6535 4977
f 6535 6537 4977
f 4977 6537 4986
f 6537 6539 4986
f 4986 6539 4972
f 6539 6612 4972
f 4972 6612 4973
f 6612 6539 4973
f 4973 6539 4972
f 6539 6538 4972
f 4972 6538 4968
f 6550 6548 4988
f 4988 6548 3022
f 6548 6546 3022
f 3022 6546 3020
f 4988 4962 6550
f 6550 4962 6551
f 4962 4963 6551
f 6551 4963 6552
f 6546 6545 3020
f 3020 6545 3021
f 6545 6613 3021
f 3021 6613 4976
f 4976 6613 6614
f 4976 6614 4974
f 4974 6614 6544
f 4974 6544 4971
f 6544 6542 4971
f 4971 6542 4970
f 6542 6540 4970
f 4970 6540 6541
f 4970 6541 4967
f 4969 4970 4967
f 4967 6541 6543
f 4967 6543 4966
f 4966 6543 4965
f 6543 6552 4965
f 4965 6552 4963
f 4963 4962 6552
f 6552 4962 6551
f 4962 4961 6551
f 6551 4961 6549
f 6552 6553 4965
f 6553 6543 4965
f 4966 6543 6541
f 4966 6541 4967
f 4967 6541 4969
f 4969 6541 4970
f 6613 6545 4976
f 4976 6545 3021
f 6545 6547 3021
f 3021 6547 4959
f 6547 6548 4959
f 4959 6548 3022
f 6548 6549 3022
f 3022 6549 4961
f 6590 6594 4989
f 4989 6594 4990
f 6594 6596 4990
f 4990 6596 4991
f 6596 6600 4991
f 4991 6600 4992
f 4992 6600 4996
f 4996 6600 6586
f 4996 6586 4997
f 6588 6589 4994
f 4994 6589 4993
f 4993 6589 4989
f 4989 6589 6590
f 4994 4995 6588
f 6588 4995 6587
f 4995 4997 6587
f 6587 4997 6586
f 6582 6584 3023
f 3023 6584 3024
f 6584 6585 3024
f 3024 6585 4998
f 6585 6609 4998
f 4998 6609 4999
f 4999 6609 6608
f 4999 6608 5002
f 3023 3025 6582
f 6582 3025 6580
f 6580 3025 5000
f 6580 5000 6581
f 6608 6606 5002
f 5002 6606 5001
f 6606 6581 5001
f 5001 6581 5000
f 6597 6604 3026
f 3026 6604 3027
f 6604 6605 3027
f 3027 6605 5005
f 3026 3028 6597
f 6597 3028 6598
f 3028 5003 6598
f 6598 5003 6599
f 6605 6607 5005
f 5005 6607 5004
f 6607 6599 5004
f 5004 6599 5003
f 6569 6560 3029
f 3029 6560 3030
f 6560 6561 3030
f 3030 6561 5007
f 6561 6583 5007
f 5007 6583 5008
f 6583 6578 5008
f 5008 6578 5009
f 5009 6578 5011
f 3029 3031 6569
f 6569 3031 6573
f 6573 3031 5006
f 5006 6575 6573
f 6578 6576 5011
f 5011 6576 5010
f 6576 6575 5010
f 5010 6575 5006
f 6557 6562 3032
f 3032 6562 3033
f 6562 5656 3033
f 3033 5656 5014
f 3032 3034 6557
f 6557 3034 6556
f 3034 5012 6556
f 6556 5012 5657
f 5656 5655 5014
f 5014 5655 5013
f 5655 5657 5013
f 5013 5657 5012
f 6564 6563 4846
f 4846 6563 4964
f 6563 6558 4964
f 4964 6558 4960
f 4846 4844 6564
f 6564 4844 6565
f 6565 4844 6591
f 6591 4844 4843
f 6591 4843 4853
f 4853 6593 6591
f 6558 6555 4960
f 4960 6555 4815
f 6555 6554 4815
f 4815 6554 4814
f 6554 6566 4814
f 4814 6566 4816
f 6566 6567 4816
f 4816 6567 4808
f 6567 6568 4808
f 4808 6568 4807
f 6568 6571 4807
f 4807 6571 4795
f 6571 6570 4795
f 4795 6570 4794
f 6570 6572 4794
f 4794 6572 4759
f 6572 6574 4759
f 4759 6574 4765
f 6574 6577 4765
f 4765 6577 4767
f 6577 6579 4767
f 4767 6579 4768
f 6579 6603 4768
f 4768 6603 4862
f 6603 6602 4862
f 4862 6602 4861
f 6602 6601 4861
f 4861 6601 4863
f 6601 6595 4863
f 4863 6595 4864
f 6595 6592 4864
f 4864 6592 4859
f 6592 6593 4859
f 4859 6593 4853
f 6456 6342 6615
f 6615 6342 6343
f 6615 6343 6616
f 6616 6343 6617
f 6343 6344 6617
f 6617 6344 6618
f 6618 6344 6619
f 6619 6344 6460
f 6619 6460 6459
f 6619 6459 6620
f 6620 6459 6621
f 6459 6456 6621
f 6621 6456 6622
f 6456 6615 6622
f 6622 6615 6623
f 6622 6623 6624
f 6624 6623 6625
f 6624 6625 6626
f 6626 6625 6618
f 6626 6618 6619
f 6460 6344 6627
f 6627 6344 6345
f 6627 6345 6628
f 6628 6345 6629
f 6345 6206 6629
f 6629 6206 6630
f 6630 6206 6205
f 6630 6205 6282
f 6282 6631 6630
f 6630 6631 6632
f 6632 6631 6633
f 6633 6631 6634
f 6633 6634 6635
f 6633 6635 6627
f 6627 6635 6460
f 6635 6636 6460
f 6460 6636 6461
f 6636 6637 6461
f 6461 6637 6274
f 6637 6638 6274
f 6274 6638 6272
f 6272 6638 6639
f 6272 6639 6631
f 6631 6639 6634
f 6358 6397 6640
f 6640 6397 6498
f 6640 6498 6641
f 6641 6498 6642
f 6498 6499 6642
f 6642 6499 6643
f 6643 6499 6644
f 6644 6499 6360
f 6644 6360 6359
f 6644 6359 6645
f 6645 6359 6646
f 6359 6358 6646
f 6646 6358 6647
f 6358 6640 6647
f 6647 6640 6648
f 6647 6648 6649
f 6649 6648 6650
f 6649 6650 6651
f 6651 6650 6643
f 6651 6643 6644
f 6360 6499 6652
f 6652 6499 6500
f 6652 6500 6653
f 6653 6500 6654
f 6500 6261 6654
f 6654 6261 6655
f 6655 6261 6260
f 6655 6260 6267
f 6267 6656 6655
f 6655 6656 6657
f 6657 6656 6658
f 6658 6656 6659
f 6658 6659 6660
f 6658 6660 6652
f 6652 6660 6360
f 6660 6661 6360
f 6360 6661 6361
f 6661 6662 6361
f 6361 6662 6289
f 6662 6663 6289
f 6289 6663 6287
f 6287 6663 6664
f 6287 6664 6656
f 6656 6664 6659
f 6007 6008 6301
f 6301 6008 6310
f 6301 6310 6311
f 6311 6312 6301
f 6301 6312 6665
f 6301 6665 6666
f 6301 6666 6092
f 6092 6666 6667
f 6092 6667 6668
f 6092 6668 6090
f 6090 6668 6313
f 6313 6669 6312
f 6312 6669 6665
f 6007 6301 6431
f 6431 6301 6008
f 6431 6008 6007
f 6431 6007 6432
f 6432 6007 6300
f 6432 6300 6293
f 6432 6293 6670
f 6670 6293 6671
f 6671 6293 6672
f 6672 6293 6673
f 6672 6673 6674
f 6672 6674 6675
f 6675 6674 6434
f 6434 6433 6676
f 6676 6433 6670
f 6432 6670 6433
f 6434 6674 6435
f 6435 6674 6677
f 6435 6677 6678
f 6435 6678 6019
f 6019 6678 6679
f 6019 6679 6017
f 6679 6680 6017
f 6017 6680 6673
f 6017 6673 6293
f 6059 6060 6157
f 6157 6060 6522
f 6157 6522 6521
f 6521 6520 6157
f 6157 6520 6681
f 6157 6681 5668
f 6157 5668 6052
f 6052 5668 5667
f 6052 5667 6682
f 6052 6682 6050
f 6050 6682 6519
f 6519 6683 6520
f 6520 6683 6681
f 6059 6157 6404
f 6404 6157 6060
f 6404 6060 6059
f 6404 6059 6405
f 6405 6059 6148
f 6405 6148 6140
f 6405 6140 6684
f 6684 6140 6685
f 6685 6140 6686
f 6686 6140 6687
f 6686 6687 6688
f 6686 6688 6689
f 6689 6688 6407
f 6407 6406 5665
f 5665 6406 6684
f 6405 6684 6406
f 6407 6688 6408
f 6408 6688 5662
f 6408 5662 5661
f 6408 5661 6415
f 6415 5661 6690
f 6415 6690 5993
f 5993 6690 5994
f 6690 6691 5994
f 5994 6691 6687
f 5994 6687 6140
f 5728 5726 5735
f 5728 5735 5886
f 5726 5728 2187
f 5680 5679 5886
f 5886 5679 5731
f 5731 5730 5886
f 5886 5730 5728
f 6692 5922 5619
f 5619 5922 6693
f 5619 6693 5617
f 5617 6693 6694
f 5617 6694 6695
f 5617 6695 5618
f 6695 6696 5618
f 5618 6696 5737
f 5737 6696 6697
f 5737 6697 5917
f 5917 6698 5737
f 5737 6698 5738
f 6698 6699 5738
f 5738 6699 6700
f 5738 6700 5736
f 6700 6701 5736
f 5736 6701 5619
f 5619 6701 6692
f 6702 5924 5622
f 5622 5924 6703
f 5622 6703 5620
f 5620 6703 6704
f 5620 6704 6705
f 5620 6705 5621
f 6705 6706 5621
f 5621 6706 5740
f 5740 6706 6707
f 5740 6707 5909
f 5909 6708 5740
f 5740 6708 5741
f 6708 6709 5741
f 5741 6709 6710
f 5741 6710 5739
f 6710 6711 5739
f 5739 6711 5622
f 5622 6711 6702
f 5746 5743 5748
f 5748 5743 5749
f 5743 5742 5749
f 5749 5742 5752
f 5742 5934 5752
f 5752 5934 5916
f 5934 5764 5916
f 5916 5764 5754
f 5764 5761 5754
f 5754 5761 5755
f 5761 5760 5755
f 5755 5760 6700
f 5755 6700 5758
f 6700 6699 5758
f 6699 6698 5758
f 5758 6698 5917
f 5917 6697 5772
f 5772 6697 6696
f 5772 6696 6695
f 6700 5760 6701
f 6701 5760 6692
f 6692 5760 5922
f 5922 5770 6693
f 6693 5770 6694
f 6694 5770 6695
f 5770 5767 6695
f 6695 5767 5772
f 5772 5767 5773
f 5773 5767 5766
f 5773 5766 5776
f 5776 5766 5932
f 5776 5932 5918
f 5918 5932 5782
f 5918 5782 5784
f 5784 5782 5779
f 5784 5779 5785
f 5785 5779 5778
f 5785 5778 5788
f 5788 5778 5930
f 5788 5930 5919
f 5919 5930 5794
f 5919 5794 5796
f 5796 5794 5791
f 5796 5791 5797
f 5797 5791 5790
f 5797 5790 5800
f 5800 5790 5928
f 5800 5928 5920
f 5920 5928 5806
f 5920 5806 5808
f 5808 5806 5803
f 5808 5803 5809
f 5809 5803 5802
f 5809 5802 5812
f 5812 5802 5926
f 5812 5926 5921
f 5921 5926 5818
f 5921 5818 5820
f 5820 5818 5815
f 5820 5815 5821
f 5821 5815 5814
f 5821 5814 5824
f 5824 5814 5944
f 5824 5944 5908
f 5908 5944 5836
f 5908 5836 5826
f 5826 5836 5833
f 5826 5833 5827
f 5827 5833 5832
f 5827 5832 6710
f 6710 5832 6711
f 6711 5832 6702
f 5832 5924 6702
f 5924 5842 6703
f 6703 5842 6704
f 6704 5842 6705
f 6705 5842 5839
f 5827 6710 5830
f 5830 6710 6709
f 5830 6709 6708
f 5830 6708 5909
f 5909 6707 5844
f 5844 6707 6706
f 5844 6706 6705
f 6705 5839 5844
f 5844 5839 5845
f 5839 5838 5845
f 5845 5838 5848
f 5838 5942 5848
f 5848 5942 5910
f 5942 5854 5910
f 5910 5854 5856
f 5854 5851 5856
f 5856 5851 5857
f 5851 5850 5857
f 5857 5850 5860
f 5850 5940 5860
f 5860 5940 5911
f 5940 5866 5911
f 5911 5866 5868
f 5866 5863 5868
f 5868 5863 5869
f 5863 5862 5869
f 5869 5862 5872
f 5862 5938 5872
f 5872 5938 5913
f 5938 5878 5913
f 5913 5878 5880
f 5878 5875 5880
f 5880 5875 5881
f 5875 5874 5881
f 5881 5874 5884
f 5874 5936 5884
f 5884 5936 5915
f 5936 5746 5915
f 5915 5746 5748
f 5692 5693 6712
f 6712 5693 5694
f 6712 5694 6713
f 6713 5694 5696
f 6713 5696 6714
f 6714 5696 2209
f 6714 2209 5714
f 6714 5714 2319
f 2319 5714 5718
f 2319 5718 5719
f 2319 5719 6715
f 6715 5719 5721
f 6715 5721 5723
f 5723 5725 6716
f 6716 5725 2183
f 6716 2183 5727
f 6716 5727 2340
f 2340 5727 5729
f 2340 5729 5731
f 2340 5731 6717
f 6717 5731 5732
f 6717 5732 5675
f 6717 5675 6718
f 6718 5675 5713
f 6718 5713 6719
f 6719 5713 2189
f 6719 2189 5711
f 6719 5711 2331
f 2331 5711 5710
f 2331 5710 5703
f 2331 5703 6720
f 6720 5703 5702
f 6720 5702 5704
f 5704 5705 6721
f 6721 5705 2203
f 6721 2203 5697
f 6721 5697 2326
f 2326 5697 5690
f 2326 5690 5692
f 2326 5692 6712
f 6722 2562 6723
f 6723 2562 2560
f 6723 2560 6724
f 6724 2560 2558
f 6724 2558 6725
f 6725 2558 6726
f 2558 2556 6726
f 6726 2556 6727
f 2556 2553 6727
f 6727 2553 6728
f 2553 2552 6728
f 6728 2552 6729
f 2552 2579 6729
f 6729 2579 6730
f 2579 2578 6730
f 6730 2578 6731
f 2578 2576 6731
f 6731 2576 2574
f 6731 2574 6732
f 6732 2574 2572
f 6732 2572 6733
f 6733 2572 2571
f 6733 2571 6734
f 6734 2571 2569
f 6734 2569 6735
f 6735 2569 2567
f 6735 2567 6736
f 6736 2567 2565
f 6736 2565 6737
f 6737 2565 2564
f 6737 2564 6722
f 6722 2564 2562
f 6716 6738 5723
f 5723 6738 6715
f 6721 6739 5704
f 5704 6739 6720
f 2326 6712 6733
f 6733 6712 6713
f 6733 6713 6732
f 6732 6713 6714
f 6732 6714 6731
f 6731 6714 2319
f 6731 2319 6730
f 6730 2319 6715
f 6730 6715 6729
f 6729 6715 6738
f 6729 6738 6728
f 6728 6738 6727
f 6738 6716 6727
f 6727 6716 6726
f 6716 2340 6726
f 6726 2340 6725
f 2340 6717 6725
f 6725 6717 6718
f 6725 6718 6724
f 6724 6718 6719
f 6724 6719 6723
f 6723 6719 2331
f 6723 2331 6722
f 6722 2331 6720
f 6722 6720 6737
f 6737 6720 6739
f 6737 6739 6736
f 6736 6739 6735
f 6739 6721 6735
f 6735 6721 6734
f 6721 2326 6734
f 6734 2326 6733
f 6740 6668 6741
f 6741 6668 6667
f 6741 6667 6742
f 6742 6667 6743
f 6667 6666 6743
f 6743 6666 6744
f 5660 5659 6745
f 6746 6093 6747
f 6747 6093 6091
f 6747 6091 6748
f 6748 6091 5658
f 6748 5658 6749
f 6749 5658 5660
f 5663 5662 6750
f 6751 6690 6752
f 6752 6690 5661
f 6752 5661 6753
f 6753 5661 5663
f 5666 5665 6754
f 6755 6689 6756
f 6756 6689 5664
f 5669 5668 6757
f 6758 6682 6759
f 6759 6682 5667
f 6759 5667 6760
f 6760 5667 5669
f 6761 6051 6762
f 6762 6051 6049
f 6762 6049 6763
f 6763 6049 6764
f 6765 6674 6766
f 6766 6674 6673
f 6766 6673 6767
f 6767 6673 6768
f 6769 6670 6770
f 6770 6670 6671
f 6770 6671 6771
f 6771 6671 6772
f 5961 6773 5962
f 5962 6773 6774
f 5962 6774 5960
f 5960 6774 6775
f 5960 6775 5627
f 5627 6775 6776
f 5627 6776 5625
f 5625 6776 6777
f 5625 6777 5626
f 5626 6777 6778
f 5626 6778 5961
f 5961 6778 6773
f 6350 6779 6349
f 6349 6779 6348
f 6779 6780 6348
f 6348 6780 6781
f 6348 6781 6347
f 6347 6781 6782
f 6347 6782 6346
f 6346 6782 6357
f 6782 6783 6357
f 6357 6783 6784
f 6357 6784 6356
f 6356 6784 6355
f 6784 6785 6355
f 6355 6785 6354
f 6785 6786 6354
f 6354 6786 6787
f 6354 6787 6353
f 6353 6787 6788
f 6353 6788 6352
f 6352 6788 6351
f 6788 6789 6351
f 6351 6789 6790
f 6351 6790 6350
f 6350 6790 6779
f 6791 6792 6784
f 6784 6792 6785
f 6784 6783 6791
f 6791 6783 6793
f 6783 6782 6793
f 6793 6782 6794
f 6794 6782 6000
f 6000 6782 6781
f 6000 6781 6780
f 6780 6779 6000
f 6000 6779 6061
f 6779 6790 6061
f 6061 6790 6789
f 6061 6789 6213
f 6213 6789 6788
f 6213 6788 6787
f 6787 6786 6213
f 6213 6786 6785
f 6213 6785 6792
f 6792 6795 6213
f 6213 6795 6796
f 6213 6796 6797
f 6213 6797 6136
f 6136 6797 6798
f 6136 6798 6799
f 6136 6799 6000
f 6000 6799 6800
f 6000 6800 6801
f 6801 6802 6000
f 6000 6802 6794
f 6792 6363 6795
f 6795 6363 6364
f 6795 6364 6796
f 6796 6364 6797
f 6797 6364 6365
f 6797 6365 6366
f 6797 6366 6798
f 6798 6366 6367
f 6798 6367 6799
f 6799 6367 6800
f 6367 6368 6800
f 6800 6368 6369
f 6800 6369 6801
f 6801 6369 6370
f 6801 6370 6802
f 6802 6370 6794
f 6370 6371 6794
f 6794 6371 6793
f 6793 6371 6372
f 6793 6372 6373
f 6793 6373 6791
f 6791 6373 6792
f 6373 6362 6792
f 6792 6362 6363
f 5964 6803 5965
f 5965 6803 6804
f 5965 6804 5963
f 5963 6804 6805
f 5963 6805 5630
f 5630 6805 6806
f 5630 6806 5628
f 5628 6806 6807
f 5628 6807 5629
f 5629 6807 6808
f 5629 6808 5964
f 5964 6808 6803
f 6341 6809 6340
f 6340 6809 6339
f 6809 6810 6339
f 6339 6810 6338
f 6810 6811 6338
f 6338 6811 6812
f 6338 6812 6337
f 6337 6812 6813
f 6337 6813 6336
f 6336 6813 6335
f 6813 6814 6335
f 6335 6814 6815
f 6335 6815 6334
f 6334 6815 6816
f 6334 6816 6333
f 6333 6816 6332
f 6816 6817 6332
f 6332 6817 6818
f 6332 6818 6330
f 6330 6818 6819
f 6330 6819 6329
f 6329 6819 6341
f 6819 6820 6341
f 6341 6820 6809
f 6820 6819 6821
f 6821 6819 6822
f 6821 6823 6820
f 6820 6823 6809
f 6823 6824 6809
f 6809 6824 6810
f 6810 6824 6005
f 6005 6824 6825
f 6005 6825 6826
f 6826 6827 6005
f 6005 6827 6003
f 6827 6828 6003
f 6003 6828 6829
f 6003 6829 6280
f 6280 6829 6830
f 6280 6830 6831
f 6831 6832 6280
f 6280 6832 6822
f 6280 6822 6819
f 6819 6818 6280
f 6280 6818 6817
f 6280 6817 6816
f 6280 6816 6281
f 6281 6816 6815
f 6281 6815 6814
f 6281 6814 6005
f 6005 6814 6813
f 6005 6813 6812
f 6812 6811 6005
f 6005 6811 6810
f 6824 6475 6825
f 6825 6475 6476
f 6825 6476 6826
f 6826 6476 6827
f 6827 6476 6477
f 6827 6477 6478
f 6827 6478 6828
f 6828 6478 6479
f 6828 6479 6829
f 6829 6479 6830
f 6479 6480 6830
f 6830 6480 6481
f 6830 6481 6831
f 6831 6481 6482
f 6831 6482 6832
f 6832 6482 6822
f 6482 6483 6822
f 6822 6483 6821
f 6821 6483 6484
f 6821 6484 6485
f 6821 6485 6823
f 6823 6485 6824
f 6485 6474 6824
f 6824 6474 6475
f 5967 6833 5968
f 5968 6833 6834
f 5968 6834 5966
f 5966 6834 6835
f 5966 6835 5633
f 5633 6835 6836
f 5633 6836 5631
f 5631 6836 6837
f 5631 6837 5632
f 5632 6837 6838
f 5632 6838 5967
f 5967 6838 6833
f 6386 6839 6385
f 6385 6839 6384
f 6839 6840 6384
f 6384 6840 6841
f 6384 6841 6383
f 6383 6841 6842
f 6383 6842 6382
f 6382 6842 6396
f 6842 6843 6396
f 6396 6843 6844
f 6396 6844 6395
f 6395 6844 6392
f 6844 6845 6392
f 6392 6845 6391
f 6845 6846 6391
f 6391 6846 6847
f 6391 6847 6390
f 6390 6847 6848
f 6390 6848 6389
f 6389 6848 6387
f 6848 6849 6387
f 6387 6849 6850
f 6387 6850 6386
f 6386 6850 6839
f 6843 6842 6851
f 6851 6842 6852
f 6851 6853 6843
f 6843 6853 6844
f 6853 6854 6844
f 6844 6854 6845
f 6845 6854 6152
f 6152 6854 6855
f 6152 6855 6856
f 6856 6857 6152
f 6152 6857 6153
f 6857 6858 6153
f 6153 6858 6859
f 6153 6859 6057
f 6057 6859 6860
f 6057 6860 6861
f 6861 6862 6057
f 6057 6862 6852
f 6057 6852 6842
f 6842 6841 6057
f 6057 6841 6840
f 6057 6840 6839
f 6057 6839 6055
f 6055 6839 6850
f 6055 6850 6849
f 6055 6849 6152
f 6152 6849 6848
f 6152 6848 6847
f 6847 6846 6152
f 6152 6846 6845
f 6854 6487 6855
f 6855 6487 6488
f 6855 6488 6856
f 6856 6488 6857
f 6857 6488 6489
f 6857 6489 6490
f 6857 6490 6858
f 6858 6490 6491
f 6858 6491 6859
f 6859 6491 6860
f 6491 6492 6860
f 6860 6492 6493
f 6860 6493 6861
f 6861 6493 6494
f 6861 6494 6862
f 6862 6494 6852
f 6494 6495 6852
f 6852 6495 6851
f 6851 6495 6496
f 6851 6496 6497
f 6851 6497 6853
f 6853 6497 6854
f 6497 6486 6854
f 6854 6486 6487
f 6473 6863 6472
f 6472 6863 6471
f 6863 6864 6471
f 6471 6864 6470
f 6864 6865 6470
f 6470 6865 6866
f 6470 6866 6469
f 6469 6866 6867
f 6469 6867 6468
f 6468 6867 6467
f 6867 6868 6467
f 6467 6868 6869
f 6467 6869 6466
f 6466 6869 6870
f 6466 6870 6465
f 6465 6870 6464
f 6870 6871 6464
f 6464 6871 6872
f 6464 6872 6463
f 6463 6872 6873
f 6463 6873 6462
f 6462 6873 6473
f 6873 6874 6473
f 6473 6874 6863
f 6875 6876 6863
f 6863 6876 6864
f 6863 6874 6875
f 6875 6874 6877
f 6874 6873 6877
f 6877 6873 6878
f 6878 6873 6168
f 6168 6873 6872
f 6168 6872 6871
f 6871 6870 6168
f 6168 6870 6169
f 6870 6869 6169
f 6169 6869 6868
f 6169 6868 6009
f 6009 6868 6867
f 6009 6867 6866
f 6866 6865 6009
f 6009 6865 6864
f 6009 6864 6876
f 6876 6879 6009
f 6009 6879 6880
f 6009 6880 6881
f 6009 6881 6010
f 6010 6881 6882
f 6010 6882 6883
f 6010 6883 6168
f 6168 6883 6884
f 6168 6884 6885
f 6885 6886 6168
f 6168 6886 6878
f 6876 6502 6879
f 6879 6502 6503
f 6879 6503 6880
f 6880 6503 6881
f 6881 6503 6504
f 6881 6504 6505
f 6881 6505 6882
f 6882 6505 6506
f 6882 6506 6883
f 6883 6506 6884
f 6506 6507 6884
f 6884 6507 6508
f 6884 6508 6885
f 6885 6508 6509
f 6885 6509 6886
f 6886 6509 6878
f 6509 6510 6878
f 6878 6510 6877
f 6877 6510 6511
f 6877 6511 6512
f 6877 6512 6875
f 6875 6512 6876
f 6512 6501 6876
f 6876 6501 6502
f 5970 6887 5971
f 5971 6887 6888
f 5971 6888 5969
f 5969 6888 6889
f 5969 6889 5636
f 5636 6889 6890
f 5636 6890 5634
f 5634 6890 6891
f 5634 6891 5635
f 5635 6891 6892
f 5635 6892 5970
f 5970 6892 6887
f 6414 6146 6413
f 6413 6146 6147
f 6413 6147 6145
f 6413 6145 6409
f 6409 6145 6144
f 6409 6144 6410
f 6410 6144 6411
f 6144 6142 6411
f 6411 6142 6141
f 6411 6141 6412
f 6412 6141 6146
f 6412 6146 6414
f 6314 6306 6315
f 6315 6306 6316
f 6306 6307 6316
f 6316 6307 6305
f 6316 6305 6317
f 6317 6305 6304
f 6317 6304 6318
f 6318 6304 6303
f 6318 6303 6319
f 6319 6303 6302
f 6319 6302 6314
f 6314 6302 6306
f 6518 6164 6517
f 6517 6164 6162
f 6517 6162 6513
f 6513 6162 6161
f 6513 6161 6514
f 6514 6161 6159
f 6514 6159 6515
f 6515 6159 6158
f 6515 6158 6516
f 6516 6158 6163
f 6516 6163 6518
f 6518 6163 6164
f 6441 6298 6440
f 6440 6298 6299
f 6440 6299 6297
f 6440 6297 6436
f 6436 6297 6296
f 6436 6296 6437
f 6437 6296 6438
f 6296 6295 6438
f 6438 6295 6294
f 6438 6294 6439
f 6439 6294 6298
f 6439 6298 6441
f 6666 6665 6744
f 6744 6665 6669
f 6744 6669 6893
f 6893 6669 6313
f 6893 6313 6740
f 6740 6313 6668
f 5659 6088 6745
f 6745 6088 6094
f 6745 6094 6746
f 6746 6094 6093
f 6894 6691 6751
f 6751 6691 6690
f 5662 6688 6750
f 6750 6688 6687
f 6750 6687 6894
f 6894 6687 6691
f 6895 6686 6755
f 6755 6686 6689
f 6689 6407 5664
f 5664 6407 5665
f 5665 6684 6754
f 6754 6684 6685
f 6754 6685 6895
f 6895 6685 6686
f 6896 6519 6758
f 6758 6519 6682
f 5668 6681 6757
f 6757 6681 6683
f 6757 6683 6896
f 6896 6683 6519
f 6049 6048 6764
f 6764 6048 6046
f 6764 6046 6897
f 6897 6046 6054
f 6897 6054 6898
f 6898 6054 6053
f 6898 6053 6761
f 6761 6053 6051
f 6899 6677 6765
f 6765 6677 6674
f 6673 6680 6768
f 6768 6680 6679
f 6768 6679 6900
f 6900 6679 6678
f 6900 6678 6899
f 6899 6678 6677
f 6901 6676 6769
f 6769 6676 6670
f 6671 6672 6772
f 6772 6672 6675
f 6772 6675 6902
f 6902 6675 6434
f 6902 6434 6901
f 6901 6434 6676
f 6807 6806 5649
f 5649 6806 5650
f 6806 6805 5650
f 5650 6805 6804
f 5650 6804 6358
f 6358 6804 6803
f 6358 6803 6374
f 6374 6803 6808
f 6374 6808 6807
f 6374 6807 5649
f 6887 6107 6888
f 6888 6107 6397
f 6888 6397 6889
f 6889 6397 6890
f 6397 6400 6890
f 6890 6400 6891
f 6400 6111 6891
f 6891 6111 6892
f 6892 6111 6887
f 6887 6111 6107
f 6837 6836 5652
f 5652 6836 5653
f 6836 6835 5653
f 5653 6835 6834
f 5653 6834 6456
f 6456 6834 6833
f 6456 6833 6458
f 6458 6833 6838
f 6458 6838 6837
f 6458 6837 5652
f 6773 6128 6774
f 6774 6128 6342
f 6774 6342 6775
f 6775 6342 6776
f 6342 6320 6776
f 6776 6320 6777
f 6320 6132 6777
f 6777 6132 6778
f 6778 6132 6773
f 6773 6132 6128
f 2402 6636 2401
f 2401 6636 6635
f 2401 6635 2400
f 2400 6635 6634
f 2400 6634 2399
f 2399 6634 6639
f 2399 6639 2431
f 2431 6639 6638
f 2431 6638 2430
f 2430 6638 6637
f 2430 6637 2402
f 2402 6637 6636
f 2424 6664 2429
f 2429 6664 6663
f 2429 6663 2428
f 2428 6663 6662
f 2428 6662 2427
f 2427 6662 6661
f 2427 6661 2426
f 2426 6661 6660
f 2426 6660 2425
f 2425 6660 6659
f 2425 6659 2424
f 2424 6659 6664
f 6071 6654 6073
f 6073 6654 6655
f 6073 6655 6074
f 6074 6655 6657
f 6074 6657 2405
f 2405 6657 6658
f 2405 6658 6077
f 6077 6658 6652
f 6077 6652 6069
f 6069 6652 6653
f 6069 6653 6071
f 6071 6653 6654
f 6035 6633 2383
f 2383 6633 6627
f 2383 6627 6027
f 6027 6627 6628
f 6027 6628 6029
f 6029 6628 6629
f 6029 6629 6031
f 6031 6629 6630
f 6031 6630 6032
f 6032 6630 6632
f 6032 6632 6035
f 6035 6632 6633
f 2369 6284 2368
f 2368 6284 6205
f 2368 6205 2366
f 2366 6205 6202
f 2366 6202 2365
f 2365 6202 6200
f 2365 6200 2377
f 2377 6200 6199
f 2377 6199 2378
f 2378 6199 6283
f 2378 6283 2369
f 2369 6283 6284
f 2372 6285 2371
f 2371 6285 6195
f 2371 6195 2379
f 2379 6195 6194
f 2379 6194 2376
f 2376 6194 6290
f 2376 6290 2375
f 2375 6290 6288
f 2375 6288 2374
f 2374 6288 6286
f 2374 6286 2372
f 2372 6286 6285
f 2416 6651 2421
f 2421 6651 6644
f 2421 6644 2422
f 2422 6644 6645
f 2422 6645 2420
f 2420 6645 6646
f 2420 6646 2419
f 2419 6646 6647
f 2419 6647 2418
f 2418 6647 6649
f 2418 6649 2416
f 2416 6649 6651
f 2406 6642 2412
f 2412 6642 6643
f 2412 6643 2414
f 2414 6643 6650
f 2414 6650 2411
f 2411 6650 6648
f 2411 6648 2410
f 2410 6648 6640
f 2410 6640 2408
f 2408 6640 6641
f 2408 6641 2406
f 2406 6641 6642
f 2346 6255 2358
f 2358 6255 6254
f 2358 6254 2359
f 2359 6254 6268
f 2359 6268 2350
f 2350 6268 6269
f 2350 6269 2349
f 2349 6269 6260
f 2349 6260 2347
f 2347 6260 6257
f 2347 6257 2346
f 2346 6257 6255
f 2357 6275 2356
f 2356 6275 6273
f 2356 6273 2355
f 2355 6273 6271
f 2355 6271 2353
f 2353 6271 6270
f 2353 6270 2352
f 2352 6270 6250
f 2352 6250 2360
f 2360 6250 6249
f 2360 6249 2357
f 2357 6249 6275
f 2395 6621 2394
f 2394 6621 6622
f 2394 6622 2393
f 2393 6622 6624
f 2393 6624 2391
f 2391 6624 6626
f 2391 6626 2396
f 2396 6626 6619
f 2396 6619 2397
f 2397 6619 6620
f 2397 6620 2395
f 2395 6620 6621
f 2388 6623 2432
f 2432 6623 6615
f 2432 6615 2433
f 2433 6615 6616
f 2433 6616 2382
f 2382 6616 6617
f 2382 6617 2385
f 2385 6617 6618
f 2385 6618 2387
f 2387 6618 6625
f 2387 6625 2388
f 2388 6625 6623
f 6893 6740 4169
f 4169 6740 4168
f 6740 6741 4168
f 4168 6741 4180
f 6741 6742 4180
f 4180 6742 4177
f 6742 6743 4177
f 4177 6743 4174
f 6743 6744 4174
f 4174 6744 4172
f 6744 6893 4172
f 4172 6893 4169
f 6749 5660 4182
f 4182 5660 4181
f 5660 6745 4181
f 4181 6745 4193
f 6745 6746 4193
f 4193 6746 4190
f 6746 6747 4190
f 4190 6747 4187
f 6747 6748 4187
f 4187 6748 4185
f 6748 6749 4185
f 4185 6749 4182
f 6753 5663 4195
f 4195 5663 4194
f 5663 6750 4194
f 4194 6750 4206
f 6750 6894 4206
f 4206 6894 4203
f 6894 6751 4203
f 4203 6751 4200
f 6751 6752 4200
f 4200 6752 4198
f 6752 6753 4198
f 4198 6753 4195
f 5664 5666 4208
f 4208 5666 4207
f 5666 6754 4207
f 4207 6754 4218
f 6754 6895 4218
f 4218 6895 4215
f 6895 6755 4215
f 4215 6755 4213
f 6755 6756 4213
f 4213 6756 4211
f 6756 5664 4211
f 4211 5664 4208
f 6760 5669 4220
f 4220 5669 4219
f 5669 6757 4219
f 4219 6757 4231
f 6757 6896 4231
f 4231 6896 4228
f 6896 6758 4228
f 4228 6758 4225
f 6758 6759 4225
f 4225 6759 4223
f 6759 6760 4223
f 4223 6760 4220
f 6898 6761 4233
f 4233 6761 4232
f 6761 6762 4232
f 4232 6762 4244
f 6762 6763 4244
f 4244 6763 4241
f 6763 6764 4241
f 4241 6764 4238
f 6764 6897 4238
f 4238 6897 4236
f 6897 6898 4236
f 4236 6898 4233
f 6767 6768 4246
f 4246 6768 4245
f 6768 6900 4245
f 4245 6900 4257
f 6900 6899 4257
f 4257 6899 4254
f 6899 6765 4254
f 4254 6765 4251
f 6765 6766 4251
f 4251 6766 4249
f 6766 6767 4249
f 4249 6767 4246
f 6771 6772 4259
f 4259 6772 4258
f 6772 6902 4258
f 4258 6902 4270
f 6902 6901 4270
f 4270 6901 4267
f 6901 6769 4267
f 4267 6769 4264
f 6769 6770 4264
f 4264 6770 4262
f 6770 6771 4262
f 4262 6771 4259
f 5975 6212 5976
f 5976 6212 6192
f 5976 6192 5974
f 5974 6192 5972
f 6192 6193 5972
f 5972 6193 6196
f 5972 6196 5639
f 5639 6196 6198
f 5639 6198 5637
f 5637 6198 6201
f 5637 6201 5638
f 5638 6201 5973
f 6201 6207 5973
f 5973 6207 6208
f 5973 6208 5975
f 5975 6208 6212
f 5981 6451 5979
f 5979 6451 5977
f 6451 6452 5977
f 5977 6452 6443
f 5977 6443 5642
f 5642 6443 6444
f 5642 6444 5640
f 5640 6444 6327
f 5640 6327 5641
f 5641 6327 5978
f 6327 6445 5978
f 5978 6445 6446
f 5978 6446 5980
f 5980 6446 6447
f 5980 6447 5981
f 5981 6447 6451
f 5985 6417 5986
f 5986 6417 6422
f 5986 6422 5984
f 5984 6422 5982
f 6422 6424 5982
f 5982 6424 6426
f 5982 6426 5645
f 5645 6426 6427
f 5645 6427 5643
f 5643 6427 6428
f 5643 6428 5644
f 5644 6428 5983
f 6428 6381 5983
f 5983 6381 6416
f 5983 6416 5985
f 5985 6416 6417
f 5991 6256 5989
f 5989 6256 5987
f 6256 6262 5987
f 5987 6262 6263
f 5987 6263 5648
f 5648 6263 6266
f 5648 6266 5646
f 5646 6266 6247
f 5646 6247 5647
f 5647 6247 5988
f 6247 6248 5988
f 5988 6248 6251
f 5988 6251 5990
f 5990 6251 6253
f 5990 6253 5991
f 5991 6253 6256
f 2398 2404 6272
f 6272 2404 6252
f 2404 2413 6252
f 6252 2413 6267
f 2413 2415 6267
f 6267 2415 6656
f 2415 2423 6656
f 6656 2423 6287
f 2423 2384 6287
f 6287 2384 6197
f 2384 2386 6197
f 6197 2386 6282
f 2386 2389 6282
f 6282 2389 6631
f 2389 2398 6631
f 6631 2398 6272

