# https://github.com/mikedh/trimesh

o right_arm5.stl
v 0.03646360 0.04677851 -0.04445904
v 0.04065120 0.04699994 -0.04067409
v 0.03675019 0.04599994 -0.04422307
v 0.04386788 0.04699981 -0.03718709
v 0.04432857 0.04599994 -0.03685259
v 0.04659081 0.04699994 -0.03371793
v 0.05015754 0.04699994 -0.02814579
v 0.05048549 0.04599994 -0.02801895
v 0.05130559 0.04699994 -0.02599656
v 0.05464178 0.04699994 -0.01796173
v 0.05489838 0.04599994 -0.01809817
v 0.05683189 0.04699994 -0.00888270
v 0.05698597 0.04699994 -0.00783527
v 0.05737031 0.04599994 -0.00748074
v 0.05752420 0.04699994 0.00011542
v 0.05744957 0.04699994 0.00293934
v 0.05779427 0.04599994 0.00341243
v 0.05679589 0.04699994 0.00913674
v 0.05590647 0.04699994 0.01355779
v 0.05614829 0.04599994 0.01424825
v 0.05467635 0.04699994 0.01788640
v 0.05241030 0.04699994 0.02372187
v 0.05250787 0.04599994 0.02454620
v 0.05120795 0.04699994 0.02621716
v 0.04670646 0.04699994 0.03358670
v 0.04697400 0.04599988 0.03399509
v 0.04020759 0.04699994 0.04114651
v 0.03977340 0.04599988 0.04222840
v 0.03361320 0.04699999 0.04669219
v 0.03220009 0.04699999 0.04767799
v 0.03113704 0.04599988 0.04896128
v 0.02593338 0.04699999 0.05135697
v 0.02450770 0.04699999 0.05205261
v 0.02140414 0.04599988 0.05394858
v 0.01761776 0.04699999 0.05476999
v 0.01663994 0.04699999 0.05507493
v 0.01088958 0.04599994 0.05701065
v 0.00864014 0.04699999 0.05688135
v -0.00000532 0.04699999 0.05753433
v -0.00000537 0.04599994 0.05804896
v -0.00882066 0.04699998 0.05685333
v -0.01089900 0.04599994 0.05700898
v -0.01664900 0.04699999 0.05507224
v -0.01778179 0.04699999 0.05471701
v -0.02141243 0.04599994 0.05394530
v -0.02451640 0.04699999 0.05204838
v -0.02608460 0.04699999 0.05128026
v -0.03114491 0.04599994 0.04895609
v -0.03221082 0.04699999 0.04767066
v -0.03374803 0.04699999 0.04659473
v -0.03977990 0.04599994 0.04222208
v -0.03987812 0.04699999 0.04146856
v -0.04066973 0.04699999 0.04069244
v -0.04672193 0.04699999 0.03356618
v -0.04698020 0.04599994 0.03398627
v -0.05128611 0.04699999 0.02606379
v -0.05251228 0.04600001 0.02453660
v -0.05241799 0.04699999 0.02370464
v -0.05472981 0.04699999 0.01772189
v -0.05615151 0.04600001 0.01423496
v -0.05591052 0.04699999 0.01354098
v -0.05682289 0.04699999 0.00896591
v -0.05779492 0.04600000 0.00339961
v -0.05745041 0.04699999 0.00292277
v -0.05752414 0.04699999 -0.00005839
v -0.05736809 0.04600001 -0.00749677
v -0.05698382 0.04699999 -0.00785100
v -0.05680483 0.04699999 -0.00905389
v -0.05462728 0.04699999 -0.01800692
v -0.05489392 0.04600001 -0.01811122
v -0.05122673 0.04699999 -0.02615141
v -0.05047810 0.04600001 -0.02803206
v -0.05014950 0.04699999 -0.02815997
v -0.04648852 0.04699999 -0.03385859
v -0.04432064 0.04600001 -0.03686219
v -0.04385769 0.04699987 -0.03719919
v -0.04052771 0.04699999 -0.04079681
v -0.03669579 0.04612522 -0.04426802
v -0.03637361 0.04700070 -0.04453271
v -0.03364253 0.04699975 -0.04662483
v -0.02768391 0.04700011 -0.05037623
v -0.02744901 0.04600000 -0.05050349
v -0.02602308 0.04699999 -0.05124837
v -0.01884752 0.04700005 -0.05426645
v -0.01746118 0.04713395 -0.05489079
v -0.01725101 0.04600001 -0.05478024
v -0.00910958 0.04699930 -0.05663991
v -0.00780529 0.04600000 -0.05682635
v 0.00000530 0.04678788 -0.05754998
v 0.00912240 0.04705172 -0.05678406
v 0.00780588 0.04600000 -0.05682617
v 0.01724117 0.04599994 -0.05478334
v 0.01757933 0.04715842 -0.05488207
v 0.01885616 0.04700005 -0.05426335
v 0.02617877 0.04699999 -0.05116957
v 0.02744609 0.04599994 -0.05050516
v 0.02769160 0.04700011 -0.05037206
v 0.03378558 0.04699987 -0.04652178
v 0.01162695 -0.05835616 -0.18108530
v 0.01841562 -0.05658375 -0.18044899
v 0.00932443 -0.05876738 -0.18044901
v 0.01843434 -0.05662798 -0.17593001
v 0.00933552 -0.05881035 -0.17593600
v 0.01842659 -0.05663603 -0.17046601
v 0.00933129 -0.05881834 -0.17043599
v 0.01839023 -0.05648875 -0.16427299
v 0.00931239 -0.05866736 -0.16417602
v 0.01832652 -0.05606603 -0.15756799
v 0.00927955 -0.05823338 -0.15738301
v 0.01823693 -0.05524784 -0.15056999
v 0.00923342 -0.05739259 -0.15028501
v 0.01812243 -0.05391412 -0.14349602
v 0.00917464 -0.05602127 -0.14310800
v 0.01798462 -0.05194467 -0.13656300
v 0.00910395 -0.05399525 -0.13608100
v 0.01782459 -0.04921948 -0.12999000
v 0.00902206 -0.05119079 -0.12942900
v 0.01764363 -0.04564398 -0.12397699
v 0.00892943 -0.04751378 -0.12336101
v 0.01743954 -0.04131847 -0.11860000
v 0.00882494 -0.04307478 -0.11795001
v 0.01720923 -0.03643184 -0.11387600
v 0.00870711 -0.03806913 -0.11321401
v 0.01694929 -0.03117376 -0.10982199
v 0.00857413 -0.03269225 -0.10917200
v 0.01665693 -0.02573359 -0.10645600
v 0.00842452 -0.02713978 -0.10584000
v 0.01633000 -0.02028584 -0.10377289
v 0.00825745 -0.02158826 -0.10321101
v 0.01597851 -0.01489537 -0.10162600
v 0.00807822 -0.01609826 -0.10112300
v 0.01561653 -0.00957906 -0.09979851
v 0.00789416 -0.01068669 -0.09935421
v 0.01525878 -0.00435346 -0.09808159
v 0.00771266 -0.00537038 -0.09768718
v 0.01491492 0.00076085 -0.09634753
v 0.00753850 -0.00017085 -0.09600150
v 0.01458942 0.00573862 -0.09457528
v 0.00737387 0.00488585 -0.09427786
v 0.01428639 0.01055467 -0.09275038
v 0.00722080 0.00977373 -0.09250169
v 0.01400977 0.01518321 -0.09085845
v 0.00708145 0.01446634 -0.09065836
v 0.01376366 0.01959890 -0.08888518
v 0.00695783 0.01893740 -0.08873368
v 0.01355212 0.02377617 -0.08681608
v 0.00685197 0.02316099 -0.08671265
v 0.01337659 0.02770656 -0.08460098
v 0.00676429 0.02713304 -0.08453250
v 0.01322948 0.03143686 -0.08207195
v 0.00669062 0.03090608 -0.08200985
v 0.01310247 0.03501373 -0.07906121
v 0.00662702 0.03452163 -0.07898378
v 0.01300078 0.03832024 -0.07574604
v 0.00657707 0.03783506 -0.07569158
v 0.01293998 0.04111611 -0.07256269
v 0.00654888 0.04059582 -0.07259595
v 0.01293510 0.04316824 -0.06993877
v 0.00654995 0.04257208 -0.07013338
v 0.01298737 0.04448419 -0.06795157
v 0.00657964 0.04381954 -0.06831491
v 0.01308429 0.04532259 -0.06631356
v 0.00663114 0.04461455 -0.06682670
v 0.01321226 0.04595250 -0.06472140
v 0.00669783 0.04523521 -0.06535190
v 0.01337260 0.04653662 -0.06303226
v 0.00678247 0.04582160 -0.06378787
v 0.01359385 0.04703819 -0.06140464
v 0.00690043 0.04633044 -0.06231534
v 0.01390725 0.04739892 -0.06002886
v 0.00717828 0.04682499 -0.06069338
v 0.01432859 0.04759663 -0.05897200
v 0.01484876 0.04766714 -0.05810552
v 0.00770561 0.04710725 -0.05924363
v 0.01545566 0.04765093 -0.05728775
v 0.01611435 0.04757404 -0.05647438
v 0.00837457 0.04717404 -0.05788539
v 0.01676565 0.04744791 -0.05572598
v -0.00852141 0.04715185 -0.05734056
v -0.01628842 0.04750265 -0.05614579
v -0.02527993 0.04751360 -0.05188488
v -0.02440494 0.04791688 -0.05268639
v -0.03273922 0.04785918 -0.04739380
v -0.03160011 0.04857975 -0.04842513
v -0.03939700 0.04829299 -0.04179179
v -0.03802251 0.04940928 -0.04310667
v -0.04508829 0.04880219 -0.03522044
v -0.04351294 0.05038267 -0.03686648
v -0.04967069 0.04937458 -0.02784508
v -0.04793339 0.05147606 -0.02986228
v -0.05303072 0.04999500 -0.01984798
v -0.05117471 0.05266135 -0.02226728
v -0.05508482 0.05064780 -0.01142680
v -0.05315619 0.05390900 -0.01426905
v -0.05578143 0.05131739 -0.00278997
v -0.05382770 0.05518878 -0.00606602
v -0.05510283 0.05198734 0.00584894
v -0.05317240 0.05646896 0.00213909
v -0.05306559 0.05264097 0.01427698
v -0.05120623 0.05771785 0.01014393
v -0.04972022 0.05326229 0.02228599
v -0.04797774 0.05890476 0.01775091
v -0.04514873 0.05383569 0.02967858
v -0.04356628 0.06000036 0.02477240
v -0.03946393 0.05434698 0.03627222
v -0.03808063 0.06097739 0.03103506
v -0.03280574 0.05478364 0.04190415
v -0.03165572 0.06181174 0.03638428
v -0.02533841 0.05513508 0.04643523
v -0.02445000 0.06248318 0.04068779
v -0.01724630 0.05539238 0.04975390
v -0.01664149 0.06297487 0.04383999
v -0.00872880 0.05554939 0.05177831
v -0.00842249 0.06327480 0.04576271
v -0.00000433 0.06301999 0.04672545
v -0.00000395 0.06724828 0.04265409
v 0.00826377 0.06327837 0.04578727
v 0.00793928 0.07005256 0.03879559
v 0.01584076 0.06963187 0.03701359
v 0.01519680 0.07529597 0.02930957
v 0.02240198 0.07442730 0.02658873
v 0.02154099 0.07892078 0.01845085
v 0.02793788 0.07753324 0.01505219
v 0.02698880 0.08082990 0.00684184
v 0.03250259 0.07890790 0.00303465
v 0.03158730 0.08101618 -0.00488722
v 0.03616625 0.07859694 -0.00885880
v 0.03539675 0.07958585 -0.01624155
v 0.03900516 0.07675279 -0.02018016
v 0.03840565 0.07687550 -0.02700459
v 0.04101115 0.07373906 -0.03074014
v 0.04054087 0.07329739 -0.03702443
v 0.04211628 0.06997781 -0.04039948
v 0.04172188 0.06921786 -0.04609858
v 0.04225319 0.06583082 -0.04897737
v 0.04195904 0.06481271 -0.05401349
v 0.04145139 0.06144779 -0.05633711
v 0.04130716 0.06009024 -0.06077809
v 0.03978186 0.05680233 -0.06258475
v 0.03982055 0.05493509 -0.06666661
v 0.03731089 0.05175210 -0.06806838
v 0.03750169 0.04930263 -0.07198727
v 0.03405350 0.04626309 -0.07308328
v 0.03432726 0.04331541 -0.07679510
v 0.03000354 0.04049181 -0.07762366
v 0.03029698 0.03719651 -0.08090370
v 0.02518260 0.03469319 -0.08145958
v 0.02546507 0.03113377 -0.08418506
v 0.01966357 0.02907812 -0.08446836
v 0.01992344 0.02522301 -0.08677667
v 0.01944607 0.03273653 -0.08186687
v 0.01925849 0.03624504 -0.07881009
v 0.01910680 0.03950303 -0.07543797
v 0.01901340 0.04228234 -0.07215321
v 0.01900058 0.04435652 -0.06935787
v 0.01907247 0.04570829 -0.06715768
v 0.01921087 0.04657721 -0.06529420
v 0.01939594 0.04721760 -0.06348717
v 0.01962637 0.04779559 -0.06158466
v 0.01994246 0.04827469 -0.05972689
v 0.02039027 0.04859071 -0.05809426
v 0.02099585 0.04871201 -0.05676990
v 0.02174746 0.04867219 -0.05564522
v 0.02262789 0.04851180 -0.05459141
v 0.02359038 0.04825931 -0.05356150
v 0.02454966 0.04792732 -0.05261558
v 0.02542948 0.04751902 -0.05181026
v 0.02493900 0.03810673 -0.07830870
v 0.02474105 0.04128456 -0.07484817
v 0.02461779 0.04401153 -0.07143987
v 0.02459776 0.04607290 -0.06844890
v 0.02468776 0.04743969 -0.06598639
v 0.02486425 0.04833102 -0.06382578
v 0.02510195 0.04898273 -0.06171740
v 0.02539730 0.04955160 -0.05951803
v 0.02580118 0.04999589 -0.05735415
v 0.02637284 0.05024313 -0.05539280
v 0.02714860 0.05025346 -0.05372076
v 0.02811360 0.05005860 -0.05225020
v 0.02924615 0.04969972 -0.05087149
v 0.03048866 0.04920673 -0.04954474
v 0.03173190 0.04859334 -0.04833275
v 0.03287529 0.04786622 -0.04729664
v 0.02976465 0.04356461 -0.07404845
v 0.02961480 0.04621559 -0.07049208
v 0.02958858 0.04824423 -0.06727279
v 0.02969479 0.04961604 -0.06449581
v 0.02990537 0.05052739 -0.06197035
v 0.03019005 0.05119150 -0.05948436
v 0.03054350 0.05174899 -0.05691415
v 0.03102576 0.05214840 -0.05437242
v 0.03170847 0.05230712 -0.05201041
v 0.03263604 0.05217671 -0.04991359
v 0.03379189 0.05178761 -0.04801625
v 0.03514957 0.05118119 -0.04623234
v 0.03664189 0.05038863 -0.04453629
v 0.03813809 0.04942554 -0.04299515
v 0.03951615 0.04830140 -0.04167437
v 0.03388088 0.04882019 -0.06935548
v 0.03384947 0.05080324 -0.06587518
v 0.03396946 0.05217492 -0.06273496
v 0.03420937 0.05310630 -0.05978460
v 0.03453439 0.05378425 -0.05685508
v 0.03493726 0.05432802 -0.05384933
v 0.03548687 0.05467432 -0.05086648
v 0.03626465 0.05472815 -0.04803889
v 0.03732240 0.05443161 -0.04544782
v 0.03864127 0.05381411 -0.04305213
v 0.04019147 0.05291754 -0.04079359
v 0.04189717 0.05177414 -0.03866469
v 0.04360921 0.05040132 -0.03673875
v 0.04518764 0.04881179 -0.03508591
v 0.03727549 0.05368053 -0.06429858
v 0.03740656 0.05504912 -0.06075376
v 0.03766995 0.05600131 -0.05732792
v 0.03802728 0.05669421 -0.05390071
v 0.03847008 0.05722290 -0.05040604
v 0.03907376 0.05750912 -0.04692924
v 0.03992789 0.05744482 -0.04358154
v 0.04109019 0.05696159 -0.04043781
v 0.04254024 0.05608761 -0.03748399
v 0.04424518 0.05486541 -0.03469294
v 0.04612237 0.05332863 -0.03207874
v 0.04800808 0.05149650 -0.02972149
v 0.04974746 0.04938524 -0.02769690
v 0.03992128 0.05816614 -0.05860292
v 0.04020189 0.05913972 -0.05466264
v 0.04058265 0.05984872 -0.05069583
v 0.04105454 0.06036090 -0.04667127
v 0.04169780 0.06058203 -0.04265933
v 0.04260778 0.06038933 -0.03874903
v 0.04384648 0.05970340 -0.03500741
v 0.04539239 0.05855132 -0.03144919
v 0.04721045 0.05697619 -0.02808123
v 0.04921317 0.05501313 -0.02494114
v 0.05122590 0.05268323 -0.02211689
v 0.05308306 0.05000638 -0.01968979
v 0.05511159 0.05065971 -0.01126259
v 0.05318248 0.05393183 -0.01411300
v 0.05578190 0.05132943 -0.00262380
v 0.05382890 0.05521184 -0.00590801
v 0.05507696 0.05199922 0.00601310
v 0.05314815 0.05649173 0.00229520
v 0.05301427 0.05265241 0.01443505
v 0.05115729 0.05773979 0.01029419
v 0.04964435 0.05327290 0.02243417
v 0.04790526 0.05892533 0.01789176
v 0.04505050 0.05384540 0.02981305
v 0.04347229 0.06001901 0.02490013
v 0.03934556 0.05435538 0.03638982
v 0.03796720 0.06099361 0.03114676
v 0.03267025 0.05479074 0.04200178
v 0.03152579 0.06182533 0.03647691
v 0.02518928 0.05514049 0.04651052
v 0.02430689 0.06249362 0.04075956
v 0.01708710 0.05539609 0.04980510
v 0.01648855 0.06298197 0.04388850
v 0.00856352 0.05555129 0.05180400
v -0.00000467 0.05843174 0.05045050
v 0.02335149 0.06893867 0.03407645
v 0.02905488 0.07323856 0.02286529
v 0.03364586 0.07580630 0.01082193
v 0.03721457 0.07665549 -0.00142681
v 0.03985339 0.07588268 -0.01331466
v 0.04165154 0.07368166 -0.02444952
v 0.04260510 0.07043707 -0.03467279
v 0.04265296 0.06657379 -0.04386019
v 0.04174226 0.06244361 -0.05185556
v 0.04213750 0.06316941 -0.04732084
v 0.04262709 0.06366419 -0.04273819
v 0.04329395 0.06381654 -0.03816354
v 0.04423785 0.06348860 -0.03366154
v 0.04552286 0.06258894 -0.02929139
v 0.04712688 0.06114399 -0.02509725
v 0.04901367 0.05919754 -0.02112221
v 0.05109256 0.05678564 -0.01742869
v 0.05171316 0.05860264 -0.00972730
v 0.05105918 0.06041932 -0.00202739
v 0.04914647 0.06219090 0.00548065
v 0.04602217 0.06387370 0.01261192
v 0.04176336 0.06542605 0.01919037
v 0.03647476 0.06680953 0.02505356
v 0.03028655 0.06799000 0.03005677
v 0.03499120 0.07175910 0.01823049
v 0.03852397 0.07378269 0.00586444
v 0.04100894 0.07412844 -0.00643265
v 0.04255777 0.07294023 -0.01814508
v 0.04327076 0.07044833 -0.02894467
v 0.04314815 0.06705081 -0.03870558
v 0.04382276 0.06713278 -0.03355389
v 0.04477727 0.06666570 -0.02844589
v 0.04607725 0.06554722 -0.02343136
v 0.04769998 0.06380206 -0.01858586
v 0.04960918 0.06147462 -0.01398813
v 0.04898190 0.06375133 -0.00685555
v 0.04714715 0.06597149 0.00009953
v 0.04415017 0.06808012 0.00670540
v 0.04006457 0.07002532 0.01279926
v 0.04245209 0.07151216 0.00030239
v 0.04379207 0.07138901 -0.01185899
v 0.04421269 0.06984239 -0.02323067
v 0.04549545 0.06850482 -0.01757234
v 0.04709726 0.06645941 -0.01207548
v 0.04533350 0.06905072 -0.00572711
v -0.00000516 0.05022275 0.05579179
v 0.00000541 0.04705333 -0.05870800
v 0.00000551 0.04691439 -0.05985280
v 0.00000562 0.04663249 -0.06101042
v -0.00716390 0.04690259 -0.06032840
v 0.00000575 0.04618258 -0.06237458
v -0.00676602 0.04632210 -0.06232738
v -0.00664985 0.04581326 -0.06379801
v 0.00000587 0.04569911 -0.06373369
v 0.00000597 0.04529595 -0.06480699
v -0.00788924 0.04715437 -0.05855830
v -0.01531243 0.04763859 -0.05732846
v -0.01471030 0.04765290 -0.05814296
v -0.01419419 0.04758089 -0.05900526
v -0.01377600 0.04738230 -0.06005781
v -0.01346480 0.04702109 -0.06142951
v -0.01324510 0.04651921 -0.06305336
v -0.00656641 0.04522687 -0.06536048
v -0.01308572 0.04593509 -0.06473958
v -0.00650060 0.04460621 -0.06683385
v -0.01295840 0.04530549 -0.06632876
v -0.00644970 0.04381173 -0.06832027
v -0.01286202 0.04446798 -0.06796337
v -0.00642014 0.04256522 -0.07013661
v -0.01280951 0.04315310 -0.06994688
v -0.00641864 0.04059010 -0.07259708
v -0.01281392 0.04110229 -0.07256747
v -0.00644571 0.03782999 -0.07569158
v -0.01287353 0.03830677 -0.07574915
v -0.00649410 0.03451645 -0.07898347
v -0.01297360 0.03499996 -0.07906358
v -0.00655603 0.03090047 -0.08200980
v -0.01309889 0.03142189 -0.08207440
v -0.00662792 0.02712696 -0.08453249
v -0.01324439 0.02769076 -0.08460290
v -0.00671363 0.02315437 -0.08671230
v -0.01341789 0.02375936 -0.08681720
v -0.00681716 0.01893025 -0.08873289
v -0.01362729 0.01958090 -0.08888506
v -0.00693822 0.01445841 -0.09065705
v -0.01387071 0.01516371 -0.09085720
v -0.00707477 0.00976509 -0.09249986
v -0.01414453 0.01053375 -0.09274785
v -0.00722474 0.00487637 -0.09427559
v -0.01444453 0.00571608 -0.09457160
v -0.00738621 -0.00018138 -0.09599872
v -0.01476699 0.00073640 -0.09634270
v -0.00755697 -0.00538188 -0.09768378
v -0.01510745 -0.00437981 -0.09807556
v -0.00773489 -0.01069939 -0.09935015
v -0.01546198 -0.00960749 -0.09979141
v -0.00791538 -0.01611220 -0.10111900
v -0.01582038 -0.01492601 -0.10161601
v -0.00809103 -0.02160340 -0.10320600
v -0.01616859 -0.02031880 -0.10376390
v -0.00825465 -0.02715629 -0.10583401
v -0.01649194 -0.02576893 -0.10644601
v -0.00840104 -0.03271008 -0.10916600
v -0.01678138 -0.03121149 -0.10981201
v -0.00853086 -0.03808844 -0.11320800
v -0.01703828 -0.03647226 -0.11386602
v -0.00864577 -0.04309558 -0.11794401
v -0.01726579 -0.04136145 -0.11858990
v -0.00874740 -0.04753608 -0.12335600
v -0.01746708 -0.04568940 -0.12396800
v -0.00883728 -0.05121421 -0.12942401
v -0.01764559 -0.04926693 -0.12998191
v -0.00891650 -0.05401968 -0.13607700
v -0.01780289 -0.05199378 -0.13655700
v -0.00898463 -0.05604642 -0.14310601
v -0.01793825 -0.05396437 -0.14349200
v -0.00904101 -0.05741828 -0.15028399
v -0.01805037 -0.05529892 -0.15056901
v -0.00908506 -0.05825930 -0.15738299
v -0.01813805 -0.05611753 -0.15756902
v -0.00911611 -0.05869329 -0.16417702
v -0.01819998 -0.05654042 -0.16427501
v -0.00913352 -0.05884438 -0.17043801
v -0.01823484 -0.05668771 -0.17046991
v -0.00913668 -0.05883646 -0.17593800
v -0.01824146 -0.05667973 -0.17593400
v -0.01821947 -0.05663639 -0.18045101
v -0.01995146 -0.05604922 -0.18044999
v -0.02686387 -0.05308187 -0.18044099
v -0.02689588 -0.05312609 -0.17589800
v -0.02942419 -0.05170571 -0.18044300
v -0.03488636 -0.04826307 -0.17585100
v -0.03484314 -0.04821848 -0.18044600
v -0.04201567 -0.04221057 -0.17579000
v -0.04196238 -0.04216629 -0.18044792
v -0.04810786 -0.03511792 -0.17571498
v -0.04804676 -0.03507339 -0.18044899
v -0.05140829 -0.02992838 -0.18044999
v -0.04538887 -0.03845232 -0.18044899
v -0.03798764 -0.04578101 -0.18044700
v -0.05294698 -0.02711248 -0.18044999
v -0.05301266 -0.02715998 -0.17562900
v -0.05585026 -0.02047270 -0.18044901
v -0.05660927 -0.01853340 -0.17553398
v -0.05653929 -0.01848411 -0.18044999
v -0.05880887 -0.00945079 -0.17543602
v -0.05856978 -0.01038622 -0.18044999
v -0.05873650 -0.00939810 -0.18044901
v -0.01011449 -0.05863106 -0.18045101
v -0.00912416 -0.05879366 -0.18045101
v 0.00001634 -0.05953329 -0.17691091
v 0.00001667 -0.05949991 -0.18044999
v 0.00001591 -0.05955976 -0.17227800
v 0.00001536 -0.05947279 -0.16623691
v 0.00001501 -0.05932176 -0.16249700
v 0.00001460 -0.05902457 -0.15806291
v 0.00001412 -0.05847758 -0.15281299
v 0.00001362 -0.05764836 -0.14740200
v 0.00001318 -0.05665564 -0.14267400
v 0.00001280 -0.05553597 -0.13853601
v 0.00001216 -0.05300617 -0.13166900
v 0.00001165 -0.05011904 -0.12614100
v 0.00001117 -0.04645866 -0.12094000
v 0.00001070 -0.04182749 -0.11587500
v 0.00001048 -0.03914165 -0.11343600
v 0.00001026 -0.03622251 -0.11109500
v 0.00001006 -0.03309965 -0.10888800
v 0.00000987 -0.02982378 -0.10685801
v 0.00000970 -0.02645498 -0.10504200
v 0.00000954 -0.02281200 -0.10335700
v 0.00000939 -0.01848858 -0.10165600
v 0.00000922 -0.01323390 -0.09988659
v 0.00000910 -0.00915325 -0.09862268
v 0.00000897 -0.00462717 -0.09721720
v 0.00000885 -0.00034551 -0.09584337
v 0.00000872 0.00361133 -0.09452116
v 0.00000860 0.00727785 -0.09323744
v 0.00000849 0.01070320 -0.09197420
v 0.00000837 0.01391881 -0.09071880
v 0.00000825 0.01694798 -0.08946067
v 0.00000814 0.01981836 -0.08818638
v 0.00000796 0.02363669 -0.08633518
v 0.00000780 0.02676695 -0.08461601
v 0.00000765 0.02932900 -0.08299028
v 0.00000750 0.03155642 -0.08135718
v 0.00000733 0.03377765 -0.07948619
v 0.00000715 0.03582430 -0.07756297
v 0.00000686 0.03887808 -0.07437139
v 0.00000663 0.04095530 -0.07197690
v 0.00000646 0.04243803 -0.07011646
v 0.00000638 0.04306936 -0.06924527
v 0.00000630 0.04365158 -0.06835269
v 0.00000620 0.04422473 -0.06731826
v 0.00000609 0.04479421 -0.06605929
v -0.02345079 0.04824459 -0.05362802
v -0.02249342 0.04849338 -0.05465298
v -0.02161753 0.04865067 -0.05570155
v -0.02086973 0.04868817 -0.05682058
v -0.02026700 0.04856520 -0.05813914
v -0.01982134 0.04824829 -0.05976629
v -0.01950639 0.04776865 -0.06161904
v -0.01927673 0.04719060 -0.06351709
v -0.01909232 0.04655045 -0.06531935
v -0.01895439 0.04568225 -0.06717807
v -0.01888233 0.04433119 -0.06937366
v -0.01889443 0.04225736 -0.07216536
v -0.01898652 0.03947776 -0.07544809
v -0.01913672 0.03621888 -0.07881878
v -0.01932269 0.03270906 -0.08187460
v -0.01953870 0.02904915 -0.08447451
v -0.01979655 0.02519267 -0.08678065
v -0.02010709 0.02109718 -0.08894611
v -0.02046751 0.01677346 -0.09101378
v -0.02087211 0.01224595 -0.09299826
v -0.02131503 0.00753957 -0.09491395
v -0.02179038 0.00267869 -0.09677517
v -0.02229213 -0.00231183 -0.09859645
v -0.02281397 -0.00740796 -0.10040000
v -0.02334100 -0.01258981 -0.10231201
v -0.02385222 -0.01784068 -0.10453589
v -0.02432686 -0.02314382 -0.10727601
v -0.02475106 -0.02843338 -0.11067189
v -0.02512794 -0.03353971 -0.11472400
v -0.02546179 -0.03828060 -0.11941801
v -0.02575749 -0.04247337 -0.12473489
v -0.02601957 -0.04593640 -0.13065991
v -0.02625077 -0.04857641 -0.13711999
v -0.02644979 -0.05048602 -0.14392392
v -0.02661460 -0.05178081 -0.15086602
v -0.02674347 -0.05257648 -0.15773991
v -0.02683454 -0.05298888 -0.16434100
v -0.02688598 -0.05313348 -0.17046300
v -0.03036159 0.04918749 -0.04963153
v -0.02912360 0.04967570 -0.05095201
v -0.02799510 0.05003058 -0.05232393
v -0.02703338 0.05022227 -0.05378736
v -0.02626043 0.05020970 -0.05545210
v -0.02569043 0.04996110 -0.05740696
v -0.02528762 0.04951608 -0.05956459
v -0.02499300 0.04894697 -0.06175774
v -0.02475583 0.04829555 -0.06386005
v -0.02457952 0.04740476 -0.06601470
v -0.02448952 0.04603815 -0.06847190
v -0.02450871 0.04397660 -0.07145887
v -0.02463090 0.04124838 -0.07486468
v -0.02482724 0.03806900 -0.07832336
v -0.02506929 0.03465360 -0.08147227
v -0.02535009 0.03109216 -0.08419536
v -0.02568602 0.02734088 -0.08664196
v -0.02609002 0.02336168 -0.08894895
v -0.02655851 0.01916617 -0.09115487
v -0.02708399 0.01477789 -0.09327405
v -0.02765876 0.01022040 -0.09532116
v -0.02827525 0.00551736 -0.09731062
v -0.02892595 0.00069229 -0.09925686
v -0.02960228 -0.00423145 -0.10118200
v -0.03028506 -0.00923473 -0.10320999
v -0.03094691 -0.01430082 -0.10553099
v -0.03156089 -0.01941299 -0.10834000
v -0.03210979 -0.02450639 -0.11176600
v -0.03259730 -0.02941870 -0.11581001
v -0.03302925 -0.03397619 -0.12045701
v -0.03341210 -0.03800511 -0.12569091
v -0.03375124 -0.04133212 -0.13149700
v -0.03405070 -0.04387032 -0.13780700
v -0.03430825 -0.04570859 -0.14444302
v -0.03452187 -0.04695743 -0.15121500
v -0.03468888 -0.04772698 -0.15793201
v -0.03480684 -0.04812765 -0.16440402
v -0.03487348 -0.04826962 -0.17043999
v -0.03653031 0.05036556 -0.04464119
v -0.03504181 0.05115228 -0.04632979
v -0.03368759 0.05175387 -0.04810553
v -0.03253471 0.05213910 -0.04999428
v -0.03160923 0.05226665 -0.05208283
v -0.03092801 0.05210620 -0.05443710
v -0.03044641 0.05170577 -0.05697124
v -0.03009372 0.05114817 -0.05953425
v -0.02980929 0.05048424 -0.06201285
v -0.02959871 0.04957318 -0.06453108
v -0.02949243 0.04820120 -0.06730210
v -0.02951788 0.04617166 -0.07051719
v -0.02966672 0.04351896 -0.07407099
v -0.02990430 0.04044395 -0.07764400
v -0.03019630 0.03714627 -0.08092130
v -0.03053510 0.03370779 -0.08380746
v -0.03094059 0.03008860 -0.08643431
v -0.03142786 0.02625519 -0.08892077
v -0.03199261 0.02221947 -0.09130150
v -0.03262579 0.01800376 -0.09359085
v -0.03331840 0.01363050 -0.09580378
v -0.03406095 0.00912195 -0.09795471
v -0.03484451 0.00450045 -0.10005800
v -0.03565883 -0.00021185 -0.10213601
v -0.03648042 -0.00499612 -0.10430501
v -0.03727680 -0.00983602 -0.10674500
v -0.03801506 -0.01471447 -0.10963501
v -0.03867524 -0.01956897 -0.11309500
v -0.03926169 -0.02424663 -0.11712500
v -0.03978127 -0.02858382 -0.12171201
v -0.04024177 -0.03241682 -0.12684201
v -0.04064989 -0.03558278 -0.13250102
v -0.04101020 -0.03800100 -0.13862692
v -0.04132020 -0.03975558 -0.14505801
v -0.04157710 -0.04095047 -0.15162401
v -0.04177784 -0.04168963 -0.15815200
v -0.04191994 -0.04207670 -0.16447100
v -0.04200017 -0.04221582 -0.17040691
v -0.04180401 0.05174767 -0.03878498
v -0.04010140 0.05288439 -0.04090523
v -0.03855389 0.05377548 -0.04315441
v -0.03723728 0.05438858 -0.04554057
v -0.03618109 0.05468189 -0.04812198
v -0.03540450 0.05462598 -0.05094057
v -0.03485542 0.05427866 -0.05391484
v -0.03445279 0.05373448 -0.05691224
v -0.03412801 0.05305695 -0.05983322
v -0.03388804 0.05212587 -0.06277549
v -0.03376764 0.05075396 -0.06590878
v -0.03379839 0.04876989 -0.06938415
v -0.03396981 0.04621088 -0.07310885
v -0.03424251 0.04326057 -0.07681828
v -0.03457719 0.04010111 -0.08025187
v -0.03496563 0.03680676 -0.08333368
v -0.03543019 0.03334307 -0.08617407
v -0.03598868 0.02968120 -0.08887237
v -0.03663569 0.02583307 -0.09145914
v -0.03736114 0.02181959 -0.09394925
v -0.03815412 0.01766169 -0.09635729
v -0.03900444 0.01338028 -0.09869824
v -0.03990149 0.00899643 -0.10098700
v -0.04083377 0.00453073 -0.10324501
v -0.04177415 0.00000149 -0.10557999
v -0.04268532 -0.00457466 -0.10815601
v -0.04352992 -0.00918096 -0.11113701
v -0.04428529 -0.01375800 -0.11463400
v -0.04495608 -0.01816368 -0.11864600
v -0.04555076 -0.02224618 -0.12316202
v -0.04607743 -0.02585381 -0.12817000
v -0.04654467 -0.02883529 -0.13365600
v -0.04695695 -0.03111642 -0.13956700
v -0.04731178 -0.03277541 -0.14576100
v -0.04760575 -0.03390890 -0.15208802
v -0.04783564 -0.03461343 -0.15839699
v -0.04799836 -0.03498542 -0.16453901
v -0.04809010 -0.03512138 -0.17036101
v -0.04605000 0.05329961 -0.03221118
v -0.04417508 0.05482900 -0.03481590
v -0.04247200 0.05604499 -0.03759658
v -0.04102343 0.05691415 -0.04053980
v -0.03986233 0.05739390 -0.04367291
v -0.03900861 0.05745589 -0.04701067
v -0.03840523 0.05716848 -0.05047816
v -0.03796243 0.05663949 -0.05396361
v -0.03760498 0.05594688 -0.05738139
v -0.03734141 0.05499505 -0.06079822
v -0.03720963 0.05362630 -0.06433534
v -0.03724461 0.05169689 -0.06809979
v -0.03743422 0.04924517 -0.07201528
v -0.03773510 0.04643589 -0.07587850
v -0.03810411 0.04343169 -0.07949000
v -0.03853243 0.04029935 -0.08279346
v -0.03904473 0.03701037 -0.08587449
v -0.03966063 0.03354126 -0.08881115
v -0.04037398 0.02990370 -0.09162968
v -0.04117334 0.02611708 -0.09434540
v -0.04204720 0.02220070 -0.09697302
v -0.04298418 0.01817387 -0.09952748
v -0.04397279 0.01405620 -0.10202400
v -0.04499983 0.00986659 -0.10448300
v -0.04603582 0.00562298 -0.10700400
v -0.04703938 0.00134188 -0.10973202
v -0.04796981 -0.00295967 -0.11281501
v -0.04880167 -0.00722647 -0.11635400
v -0.04954051 -0.01132839 -0.12034491
v -0.05019545 -0.01512688 -0.12478101
v -0.05077588 -0.01848340 -0.12964992
v -0.05129045 -0.02125990 -0.13494299
v -0.05174463 -0.02338868 -0.14061300
v -0.05213546 -0.02494168 -0.14654090
v -0.05245947 -0.02600729 -0.15260100
v -0.05271279 -0.02667361 -0.15866700
v -0.05289191 -0.02702897 -0.16461100
v -0.05299305 -0.02716171 -0.17030701
v -0.04916341 0.05498200 -0.02508252
v -0.04716199 0.05693715 -0.02821248
v -0.04534488 0.05850577 -0.03156936
v -0.04379981 0.05965268 -0.03511613
v -0.04256153 0.06033481 -0.03884637
v -0.04165148 0.06052517 -0.04274612
v -0.04100823 0.06030285 -0.04674786
v -0.04053592 0.05979037 -0.05076265
v -0.04015469 0.05908167 -0.05471921
v -0.03987371 0.05810850 -0.05865001
v -0.03973370 0.05674469 -0.06262379
v -0.03977161 0.05487638 -0.06669980
v -0.03997468 0.05254250 -0.07082146
v -0.04029631 0.04988658 -0.07485216
v -0.04069054 0.04705065 -0.07865816
v -0.04114800 0.04409408 -0.08220268
v -0.04169541 0.04099458 -0.08554548
v -0.04235309 0.03773456 -0.08874070
v -0.04311501 0.03432530 -0.09181100
v -0.04396873 0.03078448 -0.09477139
v -0.04490202 0.02712976 -0.09763716
v -0.04590255 0.02337878 -0.10042299
v -0.04695802 0.01954931 -0.10314501
v -0.04805481 0.01565879 -0.10582401
v -0.04916071 0.01172441 -0.10854600
v -0.05023236 0.00776279 -0.11143801
v -0.05122548 0.00379091 -0.11463200
v -0.05211347 -0.00014018 -0.11821291
v -0.05290215 -0.00391364 -0.12218089
v -0.05360150 -0.00740516 -0.12652999
v -0.05422086 -0.01049047 -0.13124999
v -0.05477041 -0.01304560 -0.13633300
v -0.05525529 -0.01501017 -0.14174201
v -0.05567258 -0.01644891 -0.14738201
v -0.05601847 -0.01744121 -0.15315300
v -0.05628907 -0.01806640 -0.15895501
v -0.05648016 -0.01840388 -0.16468601
v -0.05658829 -0.01853311 -0.17024601
v -0.05106663 0.05675315 -0.01757526
v -0.04898792 0.05915689 -0.02125829
v -0.04710119 0.06109666 -0.02522206
v -0.04549711 0.06253619 -0.02940404
v -0.04421192 0.06343185 -0.03376257
v -0.04326760 0.06375747 -0.03825342
v -0.04260003 0.06360387 -0.04281778
v -0.04210972 0.06310880 -0.04738998
v -0.04171389 0.06238335 -0.05191427
v -0.04142242 0.06138807 -0.05638575
v -0.04127740 0.06003040 -0.06081825
v -0.04131734 0.05822747 -0.06522154
v -0.04152864 0.05601829 -0.06956028
v -0.04186290 0.05352425 -0.07376767
v -0.04227250 0.05086548 -0.07777905
v -0.04274779 0.04809379 -0.08157824
v -0.04331672 0.04519391 -0.08519679
v -0.04400020 0.04215395 -0.08866471
v -0.04479181 0.03898507 -0.09200018
v -0.04567873 0.03570300 -0.09521837
v -0.04664832 0.03232365 -0.09833520
v -0.04768771 0.02886289 -0.10136501
v -0.04878419 0.02533668 -0.10432600
v -0.04992360 0.02176076 -0.10723500
v -0.05107241 0.01815176 -0.11016700
v -0.05218529 0.01452630 -0.11323301
v -0.05321687 0.01090127 -0.11654200
v -0.05413913 0.00732326 -0.12016900
v -0.05495840 0.00389510 -0.12411301
v -0.05568450 0.00072627 -0.12837000
v -0.05632799 -0.00207382 -0.13293199
v -0.05689877 -0.00439644 -0.13779500
v -0.05740249 -0.00618845 -0.14292900
v -0.05783593 -0.00750703 -0.14826700
v -0.05819529 -0.00842225 -0.15373500
v -0.05847615 -0.00900423 -0.15925901
v -0.05867487 -0.00932294 -0.16476598
v -0.05878698 -0.00944847 -0.17018302
v -0.05171144 0.05856984 -0.00987589
v -0.04960662 0.06143355 -0.01412618
v -0.04769660 0.06375409 -0.01871216
v -0.04607284 0.06549377 -0.02354574
v -0.04477208 0.06660836 -0.02854830
v -0.04381650 0.06707286 -0.03364545
v -0.04314088 0.06698966 -0.03878647
v -0.04264473 0.06651240 -0.04393070
v -0.04224413 0.06576979 -0.04903709
v -0.04194903 0.06475210 -0.05406327
v -0.04180240 0.06340111 -0.05896599
v -0.04184323 0.06166589 -0.06370425
v -0.04205763 0.05958479 -0.06826519
v -0.04239630 0.05725687 -0.07265394
v -0.04281121 0.05477976 -0.07687669
v -0.04329270 0.05219769 -0.08093726
v -0.04386889 0.04950249 -0.08483898
v -0.04456132 0.04668837 -0.08858649
v -0.04536312 0.04376590 -0.09219396
v -0.04626142 0.04074907 -0.09567695
v -0.04724341 0.03765207 -0.09905104
v -0.04829609 0.03448879 -0.10233200
v -0.04940658 0.03127336 -0.10553600
v -0.05056029 0.02802008 -0.10868101
v -0.05172371 0.02474457 -0.11183000
v -0.05285060 0.02146357 -0.11507401
v -0.05389499 0.01819425 -0.11850201
v -0.05482882 0.01497811 -0.12217499
v -0.05565840 0.01190400 -0.12609400
v -0.05639368 0.00906581 -0.13025700
v -0.05704528 0.00655776 -0.13465799
v -0.05762308 0.00447351 -0.13929400
v -0.05813300 0.00285840 -0.14414801
v -0.05857205 0.00166297 -0.14917500
v -0.05893588 0.00082677 -0.15433200
v -0.05922037 0.00028920 -0.15957300
v -0.05942153 -0.00001019 -0.16485199
v -0.05953521 -0.00013187 -0.17012200
v -0.05955713 -0.00013635 -0.17533801
v -0.05948326 -0.00003731 -0.18045601
v -0.05876249 0.00923395 -0.18045500
v -0.05108159 0.06038695 -0.00217414
v -0.04900258 0.06371080 -0.00699180
v -0.04711621 0.06641209 -0.01220029
v -0.04551273 0.06845217 -0.01768529
v -0.04422813 0.06978589 -0.02333188
v -0.04328471 0.07038927 -0.02903485
v -0.04261773 0.07037669 -0.03475260
v -0.04212772 0.06991720 -0.04046899
v -0.04173189 0.06915749 -0.04615771
v -0.04144048 0.06811767 -0.05173825
v -0.04129600 0.06677390 -0.05711078
v -0.04133641 0.06510680 -0.06218379
v -0.04154843 0.06315428 -0.06696707
v -0.04188311 0.06099265 -0.07153737
v -0.04229301 0.05869741 -0.07597160
v -0.04276883 0.05630511 -0.08029395
v -0.04333800 0.05381470 -0.08447878
v -0.04402202 0.05122655 -0.08850616
v -0.04481410 0.04855066 -0.09238575
v -0.04570162 0.04579937 -0.09613341
v -0.04667168 0.04298478 -0.09976507
v -0.04771162 0.04011917 -0.10329600
v -0.04880863 0.03721475 -0.10674401
v -0.04994833 0.03428405 -0.11012600
v -0.05109756 0.03134220 -0.11349200
v -0.05221068 0.02840590 -0.11691301
v -0.05324232 0.02549219 -0.12045900
v -0.05416470 0.02263796 -0.12417801
v -0.05498391 0.01991766 -0.12807301
v -0.05571043 0.01741009 -0.13214090
v -0.05635404 0.01519387 -0.13638102
v -0.05692493 0.01334750 -0.14079000
v -0.05742859 0.01190888 -0.14536200
v -0.05786240 0.01083618 -0.15007900
v -0.05822163 0.01007860 -0.15492500
v -0.05850279 0.00958508 -0.15988092
v -0.05870133 0.00930482 -0.16493000
v -0.05881357 0.00918686 -0.17005402
v -0.05883532 0.00918019 -0.17523500
v -0.05834007 0.01160788 -0.18045500
v -0.05659139 0.01832431 -0.18045500
v -0.05666142 0.01826900 -0.17513400
v -0.05495417 0.02276968 -0.18045500
v -0.05302363 0.02696251 -0.18045500
v -0.05664062 0.01827776 -0.16998802
v -0.05308939 0.02690571 -0.17503892
v -0.05306982 0.02691650 -0.16992600
v -0.04820710 0.03487741 -0.17494997
v -0.04818946 0.03488999 -0.16986699
v -0.04213500 0.04198729 -0.17487100
v -0.04211962 0.04200160 -0.16981600
v -0.03502280 0.04805988 -0.17480302
v -0.03501009 0.04807561 -0.16977099
v -0.02704614 0.05294531 -0.17474900
v -0.02703642 0.05296218 -0.16973600
v -0.01840180 0.05652327 -0.17470901
v -0.01839542 0.05654096 -0.16970900
v -0.00930315 0.05870545 -0.17468400
v -0.00930011 0.05872374 -0.16969199
v 0.00001595 0.05943512 -0.17297800
v 0.00001563 0.05945921 -0.16946299
v 0.00916511 0.05874979 -0.16969001
v 0.00001531 0.05953246 -0.16604102
v 0.00914717 0.05884825 -0.16534390
v 0.00001500 0.05967044 -0.16263399
v 0.00911587 0.05902695 -0.16151300
v 0.00001467 0.05990630 -0.15906499
v 0.00907177 0.05928611 -0.15806702
v 0.00001448 0.06008696 -0.15706900
v 0.00901556 0.05962598 -0.15487501
v 0.00001428 0.06033664 -0.15482099
v 0.00001405 0.06067198 -0.15231399
v -0.00908214 0.06002116 -0.15180501
v 0.00001381 0.06106716 -0.14976600
v -0.00900263 0.06052297 -0.14872999
v 0.00001360 0.06146067 -0.14745900
v -0.00891244 0.06110602 -0.14552499
v 0.00001339 0.06186383 -0.14523400
v -0.00881082 0.06177234 -0.14214501
v 0.00001318 0.06229853 -0.14295299
v 0.00001297 0.06276267 -0.14062700
v 0.00867951 0.06179571 -0.14214800
v 0.00856620 0.06254678 -0.13858201
v 0.01730036 0.05986380 -0.14171092
v 0.01707470 0.06069135 -0.13812400
v 0.02549475 0.05668057 -0.14099289
v 0.02516210 0.05763405 -0.13736999
v 0.03306037 0.05232441 -0.14000989
v 0.03262907 0.05345022 -0.13633700
v 0.03981065 0.04690271 -0.13878600
v 0.03929137 0.04824304 -0.13505200
v 0.04557877 0.04054921 -0.13735300
v 0.04498428 0.04214090 -0.13354699
v 0.05022269 0.03342103 -0.13574401
v 0.04956746 0.03529483 -0.13185699
v 0.05362761 0.02569395 -0.13400002
v 0.05292798 0.02787363 -0.13002600
v 0.05570989 0.01755881 -0.13216400
v 0.05498301 0.02006053 -0.12809800
v 0.05641788 0.00921643 -0.13028100
v 0.05568170 0.01204854 -0.12612000
v 0.05573351 0.00087436 -0.12839399
v 0.05500602 0.00403720 -0.12413900
v 0.05367428 -0.00726247 -0.12655289
v 0.05297338 -0.00377661 -0.12220600
v 0.05029106 -0.01499235 -0.12480100
v 0.04963433 -0.01119917 -0.12036700
v 0.04566718 -0.02212303 -0.12318000
v 0.04507041 -0.01804524 -0.11866601
v 0.03991639 -0.02847546 -0.12172599
v 0.03939443 -0.02414244 -0.11714001
v 0.03318089 -0.03388977 -0.12047301
v 0.03274619 -0.02933597 -0.11582700
v 0.02562648 -0.03821706 -0.11943390
v 0.02528971 -0.03347945 -0.11474101
v 0.02592462 -0.04240673 -0.12475101
v 0.03356599 -0.03791522 -0.12570502
v 0.04037910 -0.03230494 -0.12685300
v 0.04619604 -0.02572655 -0.12818500
v 0.05087310 -0.01834428 -0.12966700
v 0.05429531 -0.01034265 -0.13126999
v 0.05637788 -0.00192052 -0.13295400
v 0.05707013 0.00671363 -0.13468000
v 0.05635398 0.01534783 -0.13640091
v 0.05424755 0.02376735 -0.13808002
v 0.05080318 0.03176444 -0.13967399
v 0.04610568 0.03914171 -0.14114501
v 0.04027080 0.04571712 -0.14245500
v 0.03344255 0.05132831 -0.14357300
v 0.02578949 0.05583649 -0.14447200
v 0.01750040 0.05913090 -0.14512900
v 0.00877994 0.06113028 -0.14552800
v 0.00886911 0.06054770 -0.14873201
v 0.00894779 0.06004649 -0.15180698
v 0.02618920 -0.04586684 -0.13067500
v 0.03390771 -0.04123938 -0.13150901
v 0.04078954 -0.03546828 -0.13250890
v 0.04666519 -0.02870476 -0.13366801
v 0.05138939 -0.02111697 -0.13495700
v 0.05484599 -0.01289367 -0.13634901
v 0.05694997 -0.00423872 -0.13781300
v 0.05764883 0.00463372 -0.13931100
v 0.05692535 0.01350569 -0.14080702
v 0.05479758 0.02215701 -0.14226399
v 0.05131816 0.03037422 -0.14364801
v 0.04657310 0.03795451 -0.14492492
v 0.04067909 0.04471075 -0.14606300
v 0.03378158 0.05047613 -0.14703400
v 0.02605098 0.05510842 -0.14781500
v 0.01767796 0.05849355 -0.14838500
v 0.02642279 -0.04850466 -0.13713302
v 0.03420943 -0.04377526 -0.13781600
v 0.04115182 -0.03788459 -0.13863100
v 0.04707932 -0.03098344 -0.13957401
v 0.05184513 -0.02324295 -0.14062200
v 0.05533230 -0.01485514 -0.14175300
v 0.05745471 -0.00602746 -0.14294200
v 0.05815970 0.00302178 -0.14416000
v 0.05742980 0.01207011 -0.14537300
v 0.05528301 0.02089345 -0.14655600
v 0.05177289 0.02927380 -0.14768000
v 0.04698568 0.03700464 -0.14871700
v 0.04103946 0.04389512 -0.14963999
v 0.03408080 0.04977494 -0.15042900
v 0.02628177 0.05449920 -0.15106300
v 0.01783460 0.05795145 -0.15152499
v 0.02662414 -0.05041253 -0.14393400
v 0.03446918 -0.04561203 -0.14444892
v 0.04146391 -0.03963786 -0.14505801
v 0.04743599 -0.03264099 -0.14576299
v 0.05223780 -0.02479404 -0.14654490
v 0.05575114 -0.01629167 -0.14738891
v 0.05788928 -0.00734377 -0.14827500
v 0.05859960 0.00182855 -0.14918201
v 0.05786401 0.01099973 -0.15008500
v 0.05570107 0.01994252 -0.15096600
v 0.05216425 0.02843654 -0.15180202
v 0.04734076 0.03627210 -0.15257400
v 0.04134964 0.04325580 -0.15326199
v 0.03433859 0.04921531 -0.15384901
v 0.02648049 0.05400353 -0.15432100
v 0.01796948 0.05750250 -0.15466492
v 0.02679121 -0.05170613 -0.15087301
v 0.03468483 -0.04685986 -0.15121792
v 0.04172283 -0.04083198 -0.15162000
v 0.04773181 -0.03377355 -0.15208600
v 0.05256330 -0.02585846 -0.15259999
v 0.05609840 -0.01728254 -0.15315501
v 0.05824976 -0.00825751 -0.15373699
v 0.05896437 0.00099382 -0.15433291
v 0.05822420 0.01024353 -0.15492600
v 0.05604767 0.01926302 -0.15550302
v 0.05248886 0.02782970 -0.15605099
v 0.04763537 0.03573244 -0.15655802
v 0.04160690 0.04277592 -0.15700801
v 0.03455215 0.04878647 -0.15739401
v 0.02664530 0.05361562 -0.15770300
v 0.01808136 0.05714452 -0.15792900
v 0.02692198 -0.05250107 -0.15774500
v 0.03485363 -0.04762876 -0.15793201
v 0.04192561 -0.04157078 -0.15814392
v 0.04796350 -0.03447759 -0.15839089
v 0.05281811 -0.02652406 -0.15866099
v 0.05637013 -0.01790684 -0.15895100
v 0.05853193 -0.00883859 -0.15925600
v 0.05924981 0.00045705 -0.15956800
v 0.05850595 0.00975084 -0.15987700
v 0.05631887 0.01881331 -0.16017699
v 0.05274289 0.02742081 -0.16046201
v 0.04786598 0.03536111 -0.16072699
v 0.04180824 0.04243820 -0.16096100
v 0.03471934 0.04847741 -0.16116199
v 0.02677428 0.05332940 -0.16132300
v 0.01816910 0.05687510 -0.16144100
v 0.02701479 -0.05291296 -0.16434290
v 0.03497320 -0.04802907 -0.16440091
v 0.04206919 -0.04195773 -0.16445999
v 0.04812741 -0.03484934 -0.16452901
v 0.05299861 -0.02687919 -0.16460100
v 0.05656260 -0.01824408 -0.16467902
v 0.05873167 -0.00915688 -0.16475900
v 0.05945193 0.00015801 -0.16484091
v 0.05870538 0.00947094 -0.16492100
v 0.05651098 0.01855200 -0.16499898
v 0.05292266 0.02717721 -0.16507199
v 0.04802918 0.03513383 -0.16514002
v 0.04195089 0.04222542 -0.16519992
v 0.03483790 0.04827696 -0.16525200
v 0.02686566 0.05313909 -0.16529500
v 0.01823109 0.05669200 -0.16532500
v 0.02706760 -0.05305737 -0.17046300
v 0.03504133 -0.04817086 -0.17043599
v 0.04215079 -0.04209697 -0.17039500
v 0.04822063 -0.03498536 -0.17034999
v 0.05310100 -0.02701187 -0.17029500
v 0.05667179 -0.01837319 -0.17023602
v 0.05884498 -0.00928229 -0.17017300
v 0.05956649 0.00003639 -0.17010900
v 0.05881863 0.00935298 -0.17004301
v 0.05661988 0.01843774 -0.16997698
v 0.05302459 0.02706634 -0.16991501
v 0.04812169 0.03502601 -0.16985801
v 0.04203176 0.04212045 -0.16980700
v 0.03490507 0.04817439 -0.16976400
v 0.02691757 0.05303829 -0.16972999
v 0.01826649 0.05659270 -0.16970401
v 0.02707850 -0.05304997 -0.17589700
v 0.03505522 -0.04816448 -0.17584501
v 0.04216730 -0.04209184 -0.17577802
v 0.04823940 -0.03498196 -0.17570300
v 0.05312174 -0.02701026 -0.17561600
v 0.05669373 -0.01837348 -0.17552301
v 0.05886770 -0.00928468 -0.17542490
v 0.05958933 0.00003188 -0.17532504
v 0.05884110 0.00934631 -0.17522290
v 0.05664158 0.01842880 -0.17512301
v 0.05304509 0.02705544 -0.17502698
v 0.04814028 0.03501331 -0.17493999
v 0.04204809 0.04210603 -0.17486201
v 0.03491866 0.04815852 -0.17479600
v 0.02692818 0.05302149 -0.17474291
v 0.01827377 0.05657506 -0.17470400
v 0.00916898 0.05873161 -0.17468099
v 0.00001629 0.05945081 -0.17663001
v 0.00001664 0.05949991 -0.18044999
v -0.00929111 0.05876743 -0.18045101
v -0.01159116 0.05835670 -0.18103433
v -0.01837873 0.05658501 -0.18045200
v -0.02275300 0.05497080 -0.18045200
v -0.02701240 0.05300641 -0.18045300
v -0.03303968 0.04947239 -0.18045300
v -0.03497922 0.04811996 -0.18045300
v -0.04208260 0.04204636 -0.18045400
v -0.04814738 0.03493541 -0.18045402
v -0.04945570 0.03305637 -0.18045500
v 0.00915825 0.05879348 -0.18044901
v 0.01162452 0.05835671 -0.18099441
v 0.01825189 0.05663681 -0.18044791
v 0.02278625 0.05497080 -0.18044791
v 0.02689570 0.05308252 -0.18044791
v 0.03307294 0.04947239 -0.18044701
v 0.03487628 0.04821872 -0.18044701
v 0.04204311 0.04211902 -0.18044601
v 0.04808157 0.03507131 -0.18044600
v 0.04948896 0.03305631 -0.18044500
v 0.05298048 0.02711224 -0.18044500
v 0.05498737 0.02276962 -0.18044500
v 0.05657255 0.01848423 -0.18044500
v 0.05837327 0.01160782 -0.18044500
v 0.05876940 0.00940007 -0.18044500
v 0.05951645 0.00004207 -0.18044399
v 0.05879658 -0.00922823 -0.18043891
v 0.05837500 -0.01159954 -0.18044202
v 0.05662465 -0.01832395 -0.18043999
v 0.05498480 -0.02277565 -0.18043891
v 0.05305713 -0.02696198 -0.18044099
v 0.04947340 -0.03307974 -0.18043800
v 0.04818010 -0.03493595 -0.18044001
v 0.04211580 -0.04204636 -0.18043701
v 0.03500914 -0.04812246 -0.18044500
v 0.03304541 -0.04949086 -0.18044099
v 0.02704614 -0.05300617 -0.18043202
v 0.02279400 -0.05496758 -0.18044500
v -0.04919260 0.06215977 0.00533938
v -0.04719048 0.06593240 -0.00003167
v -0.04537421 0.06900519 -0.00584727
v -0.04383021 0.07133829 -0.01196783
v -0.04259353 0.07288569 -0.01824241
v -0.04168534 0.07362478 -0.02453655
v -0.04104310 0.07368099 -0.03081697
v -0.04057132 0.07323890 -0.03709149
v -0.04019010 0.07246255 -0.04334825
v -0.03990960 0.07140129 -0.04946959
v -0.03977054 0.07006466 -0.05530047
v -0.03980970 0.06846427 -0.06069988
v -0.04001379 0.06663739 -0.06569957
v -0.04033618 0.06463819 -0.07044714
v -0.04073089 0.06252020 -0.07508783
v -0.04118913 0.06031310 -0.07966567
v -0.04173743 0.05802255 -0.08412687
v -0.04239618 0.05565488 -0.08842724
v -0.04315918 0.05321955 -0.09257239
v -0.04401391 0.05072718 -0.09657835
v -0.04494810 0.04818821 -0.10046099
v -0.04594951 0.04561287 -0.10423700
v -0.04700589 0.04301190 -0.10792200
v -0.04810352 0.04039585 -0.11153390
v -0.04921019 0.03777939 -0.11511300
v -0.05028223 0.03517919 -0.11870600
v -0.05127567 0.03261250 -0.12236801
v -0.05216373 0.03011119 -0.12613200
v -0.05295282 0.02773606 -0.13000201
v -0.05365222 0.02555066 -0.13397799
v -0.05427199 0.02361911 -0.13806000
v -0.05482178 0.02200466 -0.14224800
v -0.05530697 0.02073806 -0.14654601
v -0.05572456 0.01978510 -0.15096100
v -0.05607050 0.01910418 -0.15550302
v -0.05634129 0.01865381 -0.16018189
v -0.05653256 0.01839220 -0.16500691
v -0.04609102 0.06384450 0.01247948
v -0.04421502 0.06804348 0.00658256
v -0.04251331 0.07146936 0.00018980
v -0.04106694 0.07408088 -0.00653446
v -0.03990852 0.07583159 -0.01340591
v -0.03905761 0.07669937 -0.02026158
v -0.03845602 0.07682107 -0.02707678
v -0.03801399 0.07639557 -0.03388148
v -0.03765684 0.07560335 -0.04067826
v -0.03739398 0.07452189 -0.04731345
v -0.03726369 0.07319217 -0.05357950
v -0.03730052 0.07165527 -0.05928891
v -0.03749179 0.06994777 -0.06449449
v -0.03779393 0.06810289 -0.06941056
v -0.03816384 0.06615358 -0.07424747
v -0.03859311 0.06412225 -0.07906830
v -0.03910684 0.06202179 -0.08379198
v -0.03972412 0.05986356 -0.08835196
v -0.04043883 0.05765700 -0.09274928
v -0.04123961 0.05541068 -0.09700066
v -0.04211503 0.05313336 -0.10112201
v -0.04305332 0.05083405 -0.10513101
v -0.04404324 0.04852129 -0.10904200
v -0.04507153 0.04620427 -0.11287300
v -0.04610842 0.04389697 -0.11665089
v -0.04711270 0.04161620 -0.12041000
v -0.04804342 0.03937917 -0.12418100
v -0.04887552 0.03721326 -0.12798800
v -0.04961472 0.03516596 -0.13183500
v -0.05027009 0.03328686 -0.13572399
v -0.05085080 0.03162557 -0.13965599
v -0.05136579 0.03023147 -0.14363401
v -0.05182033 0.02912831 -0.14767000
v -0.05221152 0.02828907 -0.15179799
v -0.05253571 0.02768099 -0.15605190
v -0.05278940 0.02727138 -0.16046800
v -0.05296868 0.02702748 -0.16508001
v -0.04809755 0.03499788 -0.16514701
v -0.04203933 0.04210668 -0.16520700
v -0.03494340 0.04817819 -0.16525802
v -0.02698498 0.05306291 -0.16529891
v -0.01836049 0.05664026 -0.16532800
v -0.00928265 0.05882222 -0.16534600
v -0.00925147 0.05900091 -0.16151401
v -0.00920725 0.05926024 -0.15806702
v -0.00915056 0.05960041 -0.15487501
v -0.04185290 0.06539958 0.01907002
v -0.04014950 0.06999218 0.01268768
v -0.03860419 0.07374387 0.00576228
v -0.03729099 0.07661235 -0.00151932
v -0.03623908 0.07855056 -0.00894165
v -0.03546661 0.07953739 -0.01631551
v -0.03492033 0.07971947 -0.02362406
v -0.03451889 0.07930916 -0.03091841
v -0.03419458 0.07850246 -0.03821355
v -0.03395593 0.07740229 -0.04532295
v -0.03383761 0.07607902 -0.05199068
v -0.03387093 0.07460099 -0.05798614
v -0.03404474 0.07300370 -0.06338180
v -0.03431904 0.07130129 -0.06845325
v -0.03465491 0.06950747 -0.07347154
v -0.03504461 0.06763869 -0.07851661
v -0.03551119 0.06571346 -0.08348268
v -0.03607153 0.06374859 -0.08828215
v -0.03672069 0.06175297 -0.09291249
v -0.03744792 0.05973386 -0.09739035
v -0.03824269 0.05769830 -0.10173301
v -0.03909468 0.05565356 -0.10595500
v -0.03999340 0.05360686 -0.11007491
v -0.04092711 0.05156576 -0.11410900
v -0.04186862 0.04954385 -0.11807300
v -0.04278051 0.04755789 -0.12198200
v -0.04362553 0.04562509 -0.12585400
v -0.04438113 0.04376870 -0.12970100
v -0.04505223 0.04202401 -0.13352600
v -0.04564732 0.04042750 -0.13733302
v -0.04617452 0.03901571 -0.14112701
v -0.04664224 0.03782498 -0.14491200
v -0.04705488 0.03687256 -0.14870702
v -0.04741019 0.03613829 -0.15256891
v -0.04770463 0.03559738 -0.15655699
v -0.04793483 0.03522551 -0.16072997
v -0.03658270 0.06678640 0.02494853
v -0.03509384 0.07173007 0.01813310
v -0.03374320 0.07577246 0.01073271
v -0.03259521 0.07887017 0.00295389
v -0.03167581 0.08097566 -0.00495958
v -0.03100061 0.08206868 -0.01279562
v -0.03052312 0.08230458 -0.02054429
v -0.03017210 0.08190797 -0.02827537
v -0.02988862 0.08108831 -0.03601485
v -0.02967989 0.07997137 -0.04354727
v -0.02957642 0.07865399 -0.05057340
v -0.02960550 0.07722836 -0.05682380
v -0.02975732 0.07572948 -0.06238883
v -0.02999699 0.07415419 -0.06759905
v -0.03029060 0.07249921 -0.07277917
v -0.03063124 0.07077522 -0.07802398
v -0.03103899 0.06900638 -0.08320659
v -0.03152883 0.06721401 -0.08821946
v -0.03209608 0.06540656 -0.09305769
v -0.03273153 0.06358999 -0.09773755
v -0.03342622 0.06176996 -0.10227601
v -0.03417092 0.05995225 -0.10668991
v -0.03495639 0.05814291 -0.11099599
v -0.03577250 0.05634796 -0.11520991
v -0.03659534 0.05458045 -0.11933890
v -0.03739243 0.05285745 -0.12338390
v -0.03813093 0.05119597 -0.12734699
v -0.03879123 0.04961568 -0.13122900
v -0.03937780 0.04814088 -0.13503401
v -0.03989791 0.04679639 -0.13877000
v -0.04035871 0.04560697 -0.14244102
v -0.04076749 0.04459756 -0.14605200
v -0.04112810 0.04377967 -0.14963301
v -0.04143863 0.04313886 -0.15325801
v -0.04169601 0.04265797 -0.15700901
v -0.04189723 0.04231972 -0.16096500
v -0.03482532 0.04837876 -0.16116491
v -0.02689391 0.05325347 -0.16132501
v -0.01829850 0.05682362 -0.16144291
v -0.03041040 0.06797088 0.02996945
v -0.02917253 0.07321447 0.02278417
v -0.02804982 0.07750506 0.01497805
v -0.02709543 0.08079868 0.00677472
v -0.02633112 0.08304697 -0.00155824
v -0.02576982 0.08423061 -0.00978917
v -0.02537274 0.08451260 -0.01791369
v -0.02508080 0.08412759 -0.02601766
v -0.02484494 0.08329689 -0.03413690
v -0.02467131 0.08216564 -0.04203045
v -0.02458518 0.08085340 -0.04936259
v -0.02460932 0.07947260 -0.05583095
v -0.02473551 0.07805775 -0.06154054
v -0.02493470 0.07659101 -0.06686925
v -0.02517873 0.07505446 -0.07218748
v -0.02546179 0.07345421 -0.07760328
v -0.02580052 0.07181900 -0.08297049
v -0.02620762 0.07017385 -0.08816587
v -0.02667921 0.06852728 -0.09318150
v -0.02720731 0.06688369 -0.09803395
v -0.02778470 0.06524771 -0.10274102
v -0.02840369 0.06362396 -0.10731800
v -0.02905648 0.06201726 -0.11178301
v -0.02973479 0.06043261 -0.11615101
v -0.03041869 0.05888247 -0.12042090
v -0.03108119 0.05738401 -0.12458190
v -0.03169512 0.05595415 -0.12862100
v -0.03224378 0.05460971 -0.13253200
v -0.03273141 0.05336529 -0.13632201
v -0.03316360 0.05223597 -0.13999601
v -0.03354674 0.05123668 -0.14356102
v -0.03388643 0.05038219 -0.14702500
v -0.03418624 0.04967911 -0.15042202
v -0.03444421 0.04911817 -0.15384500
v -0.03465801 0.04868848 -0.15739301
v -0.02676481 0.05354011 -0.15770391
v -0.01821088 0.05709320 -0.15793000
v -0.02348810 0.06892389 0.03400903
v -0.02253192 0.07440872 0.02652627
v -0.02166450 0.07889907 0.01839369
v -0.02092730 0.08235007 0.00984883
v -0.02033680 0.08471338 0.00117814
v -0.01990312 0.08596998 -0.00737023
v -0.01959633 0.08628898 -0.01579719
v -0.01937073 0.08591330 -0.02420127
v -0.01918834 0.08507369 -0.03262579
v -0.01905399 0.08393107 -0.04080999
v -0.01898741 0.08262276 -0.04838848
v -0.01900589 0.08127808 -0.05503183
v -0.01910328 0.07993096 -0.06085794
v -0.01925712 0.07855159 -0.06628197
v -0.01944530 0.07711039 -0.07171136
v -0.01966381 0.07560956 -0.07726448
v -0.01992529 0.07408177 -0.08278036
v -0.02023959 0.07255531 -0.08812254
v -0.02060371 0.07103788 -0.09328085
v -0.02101153 0.06953346 -0.09827213
v -0.02145731 0.06804567 -0.10311400
v -0.02193522 0.06657810 -0.10782202
v -0.02243942 0.06513428 -0.11241500
v -0.02296322 0.06371879 -0.11690702
v -0.02349132 0.06234347 -0.12129100
v -0.02400290 0.06102567 -0.12554500
v -0.02447694 0.05978238 -0.12964600
v -0.02490061 0.05862748 -0.13358100
v -0.02527713 0.05756849 -0.13735691
v -0.02561092 0.05661236 -0.14098200
v -0.02590662 0.05576586 -0.14446200
v -0.02616894 0.05503589 -0.14780700
v -0.02640044 0.05442512 -0.15105700
v -0.02659970 0.05392861 -0.15431802
v -0.01809859 0.05745160 -0.15466401
v -0.01796311 0.05790120 -0.15152200
v -0.01780563 0.05844420 -0.14838091
v -0.01598650 0.06962180 0.03696775
v -0.01533561 0.07528327 0.02926707
v -0.01474499 0.07991999 0.02089536
v -0.01424300 0.08348636 0.01210033
v -0.01384091 0.08593386 0.00318241
v -0.01354551 0.08724378 -0.00559849
v -0.01333642 0.08758985 -0.01424694
v -0.01318264 0.08722120 -0.02287060
v -0.01305830 0.08637499 -0.03151893
v -0.01296663 0.08522397 -0.03991603
v -0.01292103 0.08391869 -0.04767459
v -0.01293343 0.08260047 -0.05444639
v -0.01299953 0.08130289 -0.06035768
v -0.01310402 0.07998740 -0.06585156
v -0.01323199 0.07861608 -0.07136237
v -0.01338052 0.07718818 -0.07701616
v -0.01355832 0.07573907 -0.08264088
v -0.01377213 0.07429927 -0.08809059
v -0.01401972 0.07287682 -0.09335345
v -0.01429712 0.07147431 -0.09844647
v -0.01460033 0.07009488 -0.10338691
v -0.01492553 0.06874155 -0.10819200
v -0.01526844 0.06741720 -0.11287800
v -0.01562482 0.06612552 -0.11746100
v -0.01598411 0.06487828 -0.12192800
v -0.01633208 0.06369280 -0.12625100
v -0.01665449 0.06258600 -0.13039701
v -0.01694291 0.06156998 -0.13435000
v -0.01719892 0.06064676 -0.13811700
v -0.01742601 0.05981749 -0.14170502
v -0.01762723 0.05908298 -0.14512300
v -0.00869614 0.06252437 -0.13857900
v 0.00001275 0.06325590 -0.13825300
v 0.00001252 0.06377786 -0.13583200
v 0.00843841 0.06338609 -0.13482200
v 0.00001230 0.06432867 -0.13336192
v 0.00829458 0.06431639 -0.13085701
v 0.00001206 0.06490701 -0.13084801
v 0.00001182 0.06552600 -0.12823100
v -0.00825804 0.06531947 -0.12668002
v 0.00001156 0.06621271 -0.12539999
v -0.00808215 0.06642432 -0.12231700
v 0.00001127 0.06698656 -0.12227300
v -0.00790059 0.06759339 -0.11779901
v 0.00001095 0.06786698 -0.11877500
v 0.00001058 0.06888478 -0.11478290
v 0.00778103 0.06761085 -0.11780101
v 0.00760335 0.06882619 -0.11316200
v 0.01551038 0.06616026 -0.11746700
v 0.01515638 0.06745016 -0.11288300
v 0.02285724 0.06376999 -0.11691500
v 0.02233558 0.06518286 -0.11242100
v 0.02964049 0.06049895 -0.11616100
v 0.02896410 0.06208020 -0.11179000
v 0.03569257 0.05642783 -0.11522199
v 0.03487795 0.05821859 -0.11100501
v 0.04086405 0.05165719 -0.11412200
v 0.03993147 0.05369353 -0.11008501
v 0.04502737 0.04630500 -0.11288801
v 0.04399979 0.04861682 -0.10905300
v 0.04807984 0.04050344 -0.11155101
v 0.04698264 0.04311394 -0.10793500
v 0.04994636 0.03439569 -0.11014201
v 0.04880648 0.03732073 -0.10675602
v 0.05058051 0.02813303 -0.10869689
v 0.04942619 0.03138065 -0.10554801
v 0.04996597 0.02187174 -0.10725100
v 0.04882568 0.02544182 -0.10433801
v 0.04811878 0.01576572 -0.10584100
v 0.04702055 0.01965069 -0.10315790
v 0.04508411 0.00996763 -0.10449900
v 0.04405516 0.01415193 -0.10203500
v 0.04093682 0.00462329 -0.10325700
v 0.04000222 0.00908417 -0.10099600
v 0.03577876 -0.00013040 -0.10214791
v 0.03496176 0.00457758 -0.10006700
v 0.02973717 -0.00416756 -0.10119300
v 0.02905780 0.00075285 -0.09926508
v 0.02296060 -0.00736260 -0.10040902
v 0.02243530 -0.00226909 -0.09860408
v 0.02349084 -0.01254177 -0.10232301
v 0.03042292 -0.00916725 -0.10322200
v 0.03660309 -0.00491035 -0.10432000
v 0.04187959 0.00009906 -0.10559500
v 0.04612207 0.00572938 -0.10702201
v 0.04922640 0.01183712 -0.10856400
v 0.05111588 0.01826864 -0.11018701
v 0.05174446 0.02486354 -0.11184999
v 0.05109566 0.03145980 -0.11351199
v 0.04918628 0.03789263 -0.11513101
v 0.04606336 0.04400300 -0.11667001
v 0.04180425 0.04964011 -0.11808900
v 0.03651386 0.05466467 -0.11935401
v 0.03032255 0.05895240 -0.12043301
v 0.02338320 0.06239748 -0.12130090
v 0.01586735 0.06491500 -0.12193501
v 0.00796020 0.06644279 -0.12231990
v 0.00813377 0.06533890 -0.12668291
v 0.02400535 -0.01778978 -0.10454901
v 0.03108769 -0.01422977 -0.10554591
v 0.03740209 -0.00974566 -0.10676100
v 0.04279291 -0.00447202 -0.10817401
v 0.04712778 0.00145388 -0.10975300
v 0.05029928 0.00788140 -0.11146000
v 0.05223000 0.01464921 -0.11325601
v 0.05287200 0.02158880 -0.11509700
v 0.05220897 0.02852964 -0.11693600
v 0.05025785 0.03529834 -0.11872800
v 0.04706698 0.04172784 -0.12043101
v 0.04271507 0.04765921 -0.12200100
v 0.03730928 0.05294604 -0.12340101
v 0.03098309 0.05745750 -0.12459500
v 0.02389270 0.06108242 -0.12555601
v 0.01621305 0.06373138 -0.12625800
v 0.02448290 -0.02308994 -0.10729100
v 0.03170442 -0.01933819 -0.10835589
v 0.03814303 -0.01461946 -0.10965101
v 0.04364001 -0.00907302 -0.11115700
v 0.04805995 -0.00284195 -0.11283901
v 0.05129390 0.00391561 -0.11465602
v 0.05326246 0.01103061 -0.11656800
v 0.05391705 0.01832592 -0.11852700
v 0.05324077 0.02562230 -0.12048401
v 0.05125099 0.03273773 -0.12239100
v 0.04799705 0.03949642 -0.12420399
v 0.04355907 0.04573154 -0.12587491
v 0.03804659 0.05128902 -0.12736399
v 0.03159534 0.05603153 -0.12863600
v 0.02436488 0.05984205 -0.12965800
v 0.01653355 0.06262660 -0.13040391
v 0.02491027 -0.02837628 -0.11068801
v 0.03225624 -0.02442759 -0.11178301
v 0.03880560 -0.01946938 -0.11311100
v 0.04439741 -0.01364475 -0.11465399
v 0.04889369 -0.00710291 -0.11637501
v 0.05218338 -0.00000922 -0.11823802
v 0.05418568 0.00745898 -0.12019501
v 0.05485147 0.01511633 -0.12220100
v 0.05416339 0.02277451 -0.12420399
v 0.05213910 0.03024274 -0.12615600
v 0.04882867 0.03733640 -0.12801100
v 0.04431378 0.04388052 -0.12972189
v 0.03870576 0.04971331 -0.13124602
v 0.03214275 0.05469083 -0.13254800
v 0.02478706 0.05869008 -0.13359402
v 0.01682007 0.06161254 -0.13435702
v -0.00856668 0.06336468 -0.13481800
v -0.00842100 0.06429600 -0.13085400
v -0.00772047 0.06880956 -0.11316101
v -0.00754714 0.07006108 -0.10841700
v -0.00738287 0.07134467 -0.10355401
v -0.00722963 0.07265800 -0.09855258
v -0.00708949 0.07399828 -0.09339749
v -0.00696450 0.07536309 -0.08807075
v -0.00685662 0.07674986 -0.08255547
v -0.00676686 0.07815098 -0.07686448
v -0.00669193 0.07953442 -0.07114928
v -0.00662750 0.08086316 -0.06558877
v -0.00657487 0.08213961 -0.06005239
v -0.00654173 0.08340698 -0.05408913
v -0.00653577 0.08470909 -0.04723907
v -0.00655919 0.08601260 -0.03937041
v -0.00660592 0.08716868 -0.03084355
v -0.00666928 0.08801876 -0.02205884
v -0.00674754 0.08838336 -0.01330119
v -0.00685370 0.08802080 -0.00451755
v -0.00700361 0.08667821 0.00440520
v -0.00720745 0.08417940 0.01347380
v -0.00746190 0.08054256 0.02242141
v -0.00776106 0.07581681 0.03093898
v -0.00809085 0.07004749 0.03877271
v -0.00000354 0.07120925 0.03814530
v -0.00000308 0.07486629 0.03321230
v 0.00761682 0.07582307 0.03096038
v -0.00000259 0.07818090 0.02787387
v 0.00732458 0.08054995 0.02244102
v -0.00000206 0.08114725 0.02209270
v 0.00707632 0.08418768 0.01349169
v -0.00000149 0.08369487 0.01595860
v -0.00000091 0.08573068 0.00967878
v 0.01461297 0.07993465 0.02093428
v 0.01411700 0.08350276 0.01213550
v 0.01371997 0.08595149 0.00321394
v 0.00687772 0.08668708 0.00442105
v 0.01342868 0.08726227 -0.00557041
v 0.00673216 0.08803010 -0.00450349
v 0.01322305 0.08760874 -0.01422202
v 0.00662947 0.08839284 -0.01328861
v 0.01307219 0.08724009 -0.02284908
v 0.00655425 0.08802826 -0.02204805
v 0.01295047 0.08639377 -0.03150051
v 0.00649363 0.08717812 -0.03083431
v 0.01286119 0.08524267 -0.03990066
v 0.00644928 0.08602194 -0.03936272
v 0.01281738 0.08393746 -0.04766196
v 0.00642771 0.08471859 -0.04723262
v 0.01283085 0.08261960 -0.05443556
v 0.00643480 0.08341670 -0.05408364
v 0.01289749 0.08132266 -0.06034809
v 0.00646847 0.08214957 -0.06004750
v 0.01300197 0.08000820 -0.06584298
v 0.00652117 0.08087366 -0.06558448
v 0.01312988 0.07863789 -0.07135498
v 0.00658548 0.07954537 -0.07114559
v 0.01327818 0.07721096 -0.07701015
v 0.00666010 0.07816250 -0.07686150
v 0.01345556 0.07576310 -0.08263635
v 0.00674927 0.07676196 -0.08255326
v 0.01366847 0.07432460 -0.08808755
v 0.00685626 0.07537580 -0.08806938
v 0.01391488 0.07290339 -0.09335191
v 0.00698000 0.07401168 -0.09339679
v 0.01419067 0.07150238 -0.09844647
v 0.00711858 0.07267207 -0.09855247
v 0.01449227 0.07012456 -0.10338901
v 0.00726998 0.07135969 -0.10355401
v 0.01481539 0.06877291 -0.10819500
v 0.00743222 0.07007688 -0.10841801
v 0.02183336 0.06662410 -0.10782589
v 0.02831280 0.06368374 -0.10732199
v 0.03409385 0.06002413 -0.10669600
v 0.03903377 0.05573570 -0.10596201
v 0.04301065 0.05092459 -0.10513800
v 0.04592657 0.04570955 -0.10424500
v 0.04770940 0.04021954 -0.10330500
v 0.04831504 0.03459030 -0.10234101
v 0.04772806 0.02896261 -0.10137500
v 0.04596358 0.02347493 -0.10043201
v 0.04306465 0.01826471 -0.09953481
v 0.03910279 0.01346343 -0.09870458
v 0.03417557 0.00919497 -0.09795987
v 0.02840399 0.00557458 -0.09731652
v 0.02193045 0.00271898 -0.09678108
v 0.02135729 0.06808930 -0.10311601
v 0.02769535 0.06530421 -0.10274201
v 0.03335058 0.06183797 -0.10227899
v 0.03818279 0.05777615 -0.10173490
v 0.04207295 0.05321913 -0.10112600
v 0.04492527 0.04827970 -0.10046491
v 0.04666918 0.04307985 -0.09976916
v 0.04726177 0.03774821 -0.09905518
v 0.04668760 0.03241801 -0.09833980
v 0.04496145 0.02722084 -0.09764140
v 0.04212588 0.02228665 -0.09697639
v 0.03825038 0.01774030 -0.09636020
v 0.03343045 0.01369971 -0.09580600
v 0.02778476 0.01027452 -0.09532446
v 0.02145212 0.00757748 -0.09491789
v 0.02091300 0.06957489 -0.09827213
v 0.02711945 0.06693714 -0.09803377
v 0.03265708 0.06365449 -0.09773737
v 0.03738881 0.05980753 -0.09739004
v 0.04119819 0.05549180 -0.09700048
v 0.04399114 0.05081391 -0.09657802
v 0.04569900 0.04588943 -0.09613318
v 0.04627919 0.04084020 -0.09567662
v 0.04571700 0.03579241 -0.09521865
v 0.04402685 0.03087073 -0.09477139
v 0.04125016 0.02619844 -0.09434484
v 0.03745532 0.02189403 -0.09394836
v 0.03273570 0.01806914 -0.09359009
v 0.02720725 0.01482903 -0.09327489
v 0.02100640 0.01228171 -0.09300036
v 0.02050650 0.07107710 -0.09327857
v 0.02659237 0.06857794 -0.09317846
v 0.03202235 0.06546765 -0.09305405
v 0.03666228 0.06182290 -0.09290838
v 0.04039776 0.05773395 -0.09274494
v 0.04313659 0.05330175 -0.09256768
v 0.04481118 0.04863601 -0.09238100
v 0.04538005 0.04385215 -0.09218906
v 0.04482895 0.03906984 -0.09199576
v 0.04317176 0.03440701 -0.09180660
v 0.04044921 0.02998071 -0.09162515
v 0.03672820 0.02590352 -0.09145467
v 0.03210026 0.02228134 -0.09129738
v 0.02667939 0.01921457 -0.09115290
v 0.02059906 0.01680719 -0.09101389
v 0.02014356 0.07259237 -0.08811807
v 0.02612185 0.07022197 -0.08816015
v 0.03145587 0.06727182 -0.08821266
v 0.03601378 0.06381481 -0.08827431
v 0.03968316 0.05993652 -0.08834320
v 0.04237359 0.05573272 -0.08841805
v 0.04401868 0.05130743 -0.08849655
v 0.04457765 0.04677021 -0.08857684
v 0.04403638 0.04223431 -0.08865559
v 0.04240870 0.03781199 -0.08873176
v 0.03973430 0.03361433 -0.08880227
v 0.03607916 0.02974802 -0.08886408
v 0.03153336 0.02631372 -0.08891339
v 0.02620869 0.02340751 -0.08894437
v 0.02023607 0.02112919 -0.08894407
v 0.02580267 0.02738440 -0.08663445
v 0.03063738 0.03376054 -0.08379328
v 0.03466320 0.04015862 -0.08023177
v 0.03780359 0.04649591 -0.07585340
v 0.04002475 0.05260342 -0.07079207
v 0.04134786 0.05828851 -0.06518739
v 0.04181337 0.06346189 -0.05892467
v 0.04143154 0.06817770 -0.05168908
v 0.04016125 0.07252080 -0.04329138
v 0.03796547 0.07645021 -0.03381879
v 0.03485310 0.07976882 -0.02355879
v 0.03091537 0.08211100 -0.01273101
v 0.02622890 0.08308063 -0.00149810
v 0.02080947 0.08237427 0.00990057
v 0.02022385 0.08473938 0.00122446
v 0.01979416 0.08599711 -0.00732881
v 0.01949059 0.08631670 -0.01576066
v 0.01926767 0.08594119 -0.02416926
v 0.01908785 0.08510136 -0.03259867
v 0.01895600 0.08395856 -0.04078739
v 0.01889109 0.08265036 -0.04836976
v 0.01891058 0.08130626 -0.05501599
v 0.01900839 0.07996015 -0.06084358
v 0.01916229 0.07858216 -0.06626915
v 0.01935046 0.07714247 -0.07170039
v 0.01956886 0.07564318 -0.07725554
v 0.01982998 0.07411706 -0.08277368
v 0.02571535 0.07186460 -0.08296179
v 0.03096646 0.06906133 -0.08319617
v 0.03545349 0.06577640 -0.08347088
v 0.03906595 0.06209111 -0.08377897
v 0.04171466 0.05809652 -0.08411288
v 0.04333418 0.05389159 -0.08446425
v 0.04388469 0.04958021 -0.08482425
v 0.04335194 0.04527020 -0.08518290
v 0.04174959 0.04106819 -0.08553177
v 0.03911709 0.03707975 -0.08586137
v 0.03551918 0.03340643 -0.08616180
v 0.03104430 0.03014403 -0.08642338
v 0.03505307 0.03686721 -0.08331738
v 0.03817385 0.04349470 -0.07946836
v 0.04034727 0.04995042 -0.07482589
v 0.04156005 0.05608153 -0.06952996
v 0.04185509 0.06172795 -0.06366908
v 0.04128819 0.06683398 -0.05707013
v 0.03988218 0.07145905 -0.04942226
v 0.03761017 0.07565784 -0.04062491
v 0.03445374 0.07935880 -0.03086143
v 0.03044068 0.08234781 -0.02048718
v 0.02567136 0.08426570 -0.00973552
v 0.02527737 0.08454847 -0.01786637
v 0.02498805 0.08416360 -0.02597630
v 0.02475470 0.08333271 -0.03410178
v 0.02458316 0.08220136 -0.04200118
v 0.02449870 0.08088909 -0.04933834
v 0.02452397 0.07950907 -0.05581015
v 0.02465057 0.07809566 -0.06152212
v 0.02484995 0.07663071 -0.06685274
v 0.02509385 0.07509608 -0.07217329
v 0.02537685 0.07349771 -0.07759165
v 0.03055900 0.07082761 -0.07801021
v 0.03498716 0.06769865 -0.07850056
v 0.03855210 0.06418836 -0.07905066
v 0.04116606 0.06038349 -0.07964705
v 0.04276436 0.05637830 -0.08027458
v 0.04330778 0.05227172 -0.08091777
v 0.04278224 0.04816651 -0.08155936
v 0.04120117 0.04416424 -0.08218437
v 0.03860336 0.04036551 -0.08277578
v 0.04074269 0.04711765 -0.07863539
v 0.04189527 0.05359041 -0.07374049
v 0.04207015 0.05964911 -0.06823396
v 0.04132950 0.06516808 -0.06214910
v 0.03974425 0.07012253 -0.05526119
v 0.03734898 0.07457596 -0.04726898
v 0.03413134 0.07855194 -0.03816509
v 0.03009206 0.08195132 -0.02822560
v 0.02981078 0.08113138 -0.03597259
v 0.02960395 0.08001422 -0.04351216
v 0.02950209 0.07869690 -0.05054439
v 0.02953237 0.07727222 -0.05679905
v 0.02968478 0.07577501 -0.06236678
v 0.02992475 0.07420188 -0.06757926
v 0.03021830 0.07254910 -0.07276195
v 0.03459715 0.06956470 -0.07345199
v 0.03812259 0.06621652 -0.07422597
v 0.04070746 0.06258744 -0.07506465
v 0.04228806 0.05876719 -0.07594759
v 0.04282540 0.05485039 -0.07685239
v 0.04230588 0.05093492 -0.07775568
v 0.04240965 0.05732423 -0.07262605
v 0.04154217 0.06321781 -0.06693619
v 0.03978425 0.06852334 -0.06066638
v 0.03722000 0.07324630 -0.05354284
v 0.03389459 0.07745134 -0.04528266
v 0.03377765 0.07612824 -0.05195742
v 0.03381204 0.07465119 -0.05795771
v 0.03398644 0.07305586 -0.06335645
v 0.03426104 0.07135581 -0.06843061
v 0.03775216 0.06816303 -0.06938558
v 0.04031204 0.06470227 -0.07042056
v 0.04187744 0.06105923 -0.07150965
v 0.03998917 0.06669867 -0.06566989
v 0.03725767 0.07171064 -0.05925750
v 0.03744977 0.07000511 -0.06446659
v -0.00000034 0.08719689 0.00349253
v 0.00000023 0.08813959 -0.00274777
v 0.00000087 0.08860820 -0.00958383
v 0.00000162 0.08852695 -0.01776021
v 0.00000207 0.08822608 -0.02258825
v 0.00000251 0.08779097 -0.02739119
v 0.00000325 0.08681631 -0.03545856
v 0.00000384 0.08587140 -0.04179054
v 0.00000430 0.08503448 -0.04675358
v 0.00000467 0.08428788 -0.05083292
v 0.00000504 0.08350736 -0.05481463
v 0.00000545 0.08256667 -0.05928248
v 0.00000597 0.08129996 -0.06488704
v 0.00000627 0.08054608 -0.06810231
v 0.00000658 0.07974261 -0.07149934
v 0.00000693 0.07885301 -0.07523316
v 0.00000731 0.07785605 -0.07937599
v 0.00000767 0.07689207 -0.08333045
v 0.00000802 0.07596278 -0.08709007
v 0.00000837 0.07501840 -0.09086333
v 0.00000872 0.07405549 -0.09466940
v 0.00000908 0.07307291 -0.09851909
v 0.00000944 0.07206791 -0.10243089
v 0.00000981 0.07103699 -0.10642800
v 0.00001019 0.06997288 -0.11055091
v -0.00000500 0.05322992 0.05399996
v 0.00001673 0.05949991 -0.18145001
v 0.02278637 0.05497080 -0.18144798
v -0.02275294 0.05497080 -0.18145201
v 0.03307306 0.04947239 -0.18144701
v -0.03303962 0.04947239 -0.18145299
v 0.04208959 0.04207271 -0.18144600
v -0.04205614 0.04207277 -0.18145402
v 0.04948920 0.03305625 -0.18144502
v -0.04945571 0.03305631 -0.18145502
v 0.05498749 0.02276945 -0.18144502
v -0.05495417 0.02276951 -0.18145502
v 0.05837345 0.01160764 -0.18144500
v -0.05834007 0.01160770 -0.18145502
v 0.05951660 0.00000000 -0.18144400
v -0.05948323 0.00000000 -0.18145600
v 0.05837345 -0.01160764 -0.18144500
v -0.05834007 -0.01160758 -0.18145502
v 0.05498749 -0.02276945 -0.18144502
v -0.05495417 -0.02276939 -0.18145502
v 0.04948920 -0.03305625 -0.18144500
v -0.04945571 -0.03305619 -0.18145502
v 0.04208952 -0.04207277 -0.18144600
v -0.04205608 -0.04207271 -0.18145402
v 0.03307312 -0.04947233 -0.18144701
v -0.03303956 -0.04947227 -0.18145300
v 0.02278643 -0.05497074 -0.18144798
v -0.02275288 -0.05497074 -0.18145201
v -0.01159107 -0.05835664 -0.18145099
v 0.00001676 -0.05949991 -0.18145001
f 1 2 3
f 2 4 3
f 3 4 5
f 4 6 5
f 5 6 7
f 5 7 8
f 8 7 9
f 8 9 10
f 8 10 11
f 11 10 12
f 12 13 11
f 11 13 14
f 13 15 14
f 14 15 16
f 14 16 17
f 17 16 18
f 17 18 19
f 17 19 20
f 20 19 21
f 20 21 22
f 20 22 23
f 23 22 24
f 23 24 25
f 23 25 26
f 26 25 27
f 26 27 28
f 27 29 28
f 28 29 30
f 28 30 31
f 31 30 32
f 31 32 33
f 31 33 34
f 34 33 35
f 34 35 36
f 34 36 37
f 37 36 38
f 38 39 37
f 37 39 40
f 39 41 40
f 40 41 42
f 42 41 43
f 42 43 44
f 42 44 45
f 45 44 46
f 45 46 47
f 45 47 48
f 48 47 49
f 48 49 50
f 48 50 51
f 51 50 52
f 51 52 53
f 53 54 51
f 51 54 55
f 55 54 56
f 55 56 57
f 57 56 58
f 57 58 59
f 57 59 60
f 60 59 61
f 60 61 62
f 60 62 63
f 63 62 64
f 63 64 65
f 63 65 66
f 66 65 67
f 66 67 68
f 68 69 66
f 66 69 70
f 70 69 71
f 70 71 72
f 72 71 73
f 72 73 74
f 72 74 75
f 75 74 76
f 75 76 77
f 75 77 78
f 78 77 79
f 79 80 78
f 80 81 78
f 78 81 82
f 81 83 82
f 82 83 84
f 82 84 85
f 82 85 86
f 86 85 87
f 86 87 88
f 88 87 89
f 89 90 91
f 91 90 92
f 92 90 93
f 92 93 94
f 94 95 92
f 92 95 96
f 95 97 96
f 96 97 98
f 96 98 1
f 96 1 3
f 63 66 60
f 60 66 70
f 60 70 57
f 57 70 72
f 57 72 55
f 55 72 75
f 55 75 51
f 51 75 78
f 51 78 48
f 48 78 82
f 48 82 45
f 45 82 86
f 45 86 42
f 42 86 88
f 42 88 89
f 42 89 40
f 40 89 91
f 40 91 37
f 37 91 92
f 37 92 34
f 34 92 96
f 34 96 31
f 31 96 3
f 31 3 28
f 28 3 5
f 28 5 26
f 26 5 8
f 26 8 23
f 23 8 11
f 23 11 20
f 20 11 14
f 20 14 17
f 99 100 101
f 101 100 102
f 101 102 103
f 103 102 104
f 103 104 105
f 105 104 106
f 105 106 107
f 107 106 108
f 107 108 109
f 109 108 110
f 109 110 111
f 111 110 112
f 111 112 113
f 113 112 114
f 113 114 115
f 115 114 116
f 115 116 117
f 117 116 118
f 117 118 119
f 119 118 120
f 119 120 121
f 121 120 122
f 121 122 123
f 123 122 124
f 123 124 125
f 125 124 126
f 125 126 127
f 127 126 128
f 127 128 129
f 129 128 130
f 129 130 131
f 131 130 132
f 131 132 133
f 133 132 134
f 133 134 135
f 135 134 136
f 135 136 137
f 137 136 138
f 137 138 139
f 139 138 140
f 139 140 141
f 141 140 142
f 141 142 143
f 143 142 144
f 143 144 145
f 145 144 146
f 145 146 147
f 147 146 148
f 147 148 149
f 149 148 150
f 149 150 151
f 151 150 152
f 151 152 153
f 153 152 154
f 153 154 155
f 155 154 156
f 155 156 157
f 157 156 158
f 157 158 159
f 159 158 160
f 159 160 161
f 161 160 162
f 161 162 163
f 163 162 164
f 163 164 165
f 165 164 166
f 165 166 167
f 167 166 168
f 167 168 169
f 169 168 170
f 169 170 171
f 171 170 172
f 171 172 173
f 171 173 174
f 174 173 175
f 174 175 176
f 174 176 177
f 177 176 178
f 177 178 93
f 177 93 90
f 179 85 180
f 180 85 181
f 180 181 182
f 182 181 183
f 182 183 184
f 184 183 185
f 184 185 186
f 186 185 187
f 186 187 188
f 188 187 189
f 188 189 190
f 190 189 191
f 190 191 192
f 192 191 193
f 192 193 194
f 194 193 195
f 194 195 196
f 196 195 197
f 196 197 198
f 198 197 199
f 198 199 200
f 200 199 201
f 200 201 202
f 202 201 203
f 202 203 204
f 204 203 205
f 204 205 206
f 206 205 207
f 206 207 208
f 208 207 209
f 208 209 210
f 210 209 211
f 210 211 212
f 212 211 213
f 212 213 214
f 214 213 215
f 214 215 216
f 216 215 217
f 216 217 218
f 218 217 219
f 218 219 220
f 220 219 221
f 220 221 222
f 222 221 223
f 222 223 224
f 224 223 225
f 224 225 226
f 226 225 227
f 226 227 228
f 228 227 229
f 228 229 230
f 230 229 231
f 230 231 232
f 232 231 233
f 232 233 234
f 234 233 235
f 234 235 236
f 236 235 237
f 236 237 238
f 238 237 239
f 238 239 240
f 240 239 241
f 240 241 242
f 242 241 243
f 242 243 244
f 244 243 245
f 244 245 246
f 246 245 247
f 246 247 248
f 248 247 249
f 248 249 250
f 250 249 146
f 250 146 144
f 146 249 148
f 148 249 251
f 148 251 150
f 150 251 252
f 150 252 152
f 152 252 253
f 152 253 154
f 154 253 254
f 154 254 156
f 156 254 255
f 156 255 158
f 158 255 256
f 158 256 160
f 160 256 257
f 160 257 162
f 162 257 258
f 162 258 164
f 164 258 259
f 164 259 166
f 166 259 260
f 166 260 168
f 168 260 261
f 168 261 170
f 170 261 262
f 170 262 172
f 172 262 263
f 172 263 173
f 173 263 264
f 173 264 175
f 175 264 265
f 175 265 176
f 176 265 266
f 176 266 178
f 178 266 267
f 178 267 93
f 93 267 95
f 93 95 94
f 95 267 97
f 97 267 98
f 249 247 251
f 251 247 268
f 251 268 252
f 252 268 269
f 252 269 253
f 253 269 270
f 253 270 254
f 254 270 271
f 254 271 255
f 255 271 272
f 255 272 256
f 256 272 273
f 256 273 257
f 257 273 274
f 257 274 258
f 258 274 275
f 258 275 259
f 259 275 276
f 259 276 260
f 260 276 277
f 260 277 261
f 261 277 278
f 261 278 262
f 262 278 279
f 262 279 263
f 263 279 280
f 263 280 264
f 264 280 281
f 264 281 265
f 265 281 282
f 265 282 266
f 266 282 283
f 266 283 267
f 267 283 98
f 98 283 1
f 1 283 2
f 247 245 268
f 268 245 284
f 268 284 269
f 269 284 285
f 269 285 270
f 270 285 286
f 270 286 271
f 271 286 287
f 271 287 272
f 272 287 288
f 272 288 273
f 273 288 289
f 273 289 274
f 274 289 290
f 274 290 275
f 275 290 291
f 275 291 276
f 276 291 292
f 276 292 277
f 277 292 293
f 277 293 278
f 278 293 294
f 278 294 279
f 279 294 295
f 279 295 280
f 280 295 296
f 280 296 281
f 281 296 297
f 281 297 282
f 282 297 298
f 282 298 283
f 283 298 2
f 2 298 4
f 4 298 6
f 245 243 284
f 284 243 299
f 284 299 285
f 285 299 300
f 285 300 286
f 286 300 301
f 286 301 287
f 287 301 302
f 287 302 288
f 288 302 303
f 288 303 289
f 289 303 304
f 289 304 290
f 290 304 305
f 290 305 291
f 291 305 306
f 291 306 292
f 292 306 307
f 292 307 293
f 293 307 308
f 293 308 294
f 294 308 309
f 294 309 295
f 295 309 310
f 295 310 296
f 296 310 311
f 296 311 297
f 297 311 312
f 297 312 298
f 298 312 6
f 6 312 7
f 7 312 9
f 243 241 299
f 299 241 313
f 299 313 300
f 300 313 314
f 300 314 301
f 301 314 315
f 301 315 302
f 302 315 316
f 302 316 303
f 303 316 317
f 303 317 304
f 304 317 318
f 304 318 305
f 305 318 319
f 305 319 306
f 306 319 320
f 306 320 307
f 307 320 321
f 307 321 308
f 308 321 322
f 308 322 309
f 309 322 323
f 309 323 310
f 310 323 324
f 310 324 311
f 311 324 325
f 311 325 312
f 312 325 9
f 9 325 10
f 241 239 313
f 313 239 326
f 313 326 314
f 314 326 327
f 314 327 315
f 315 327 328
f 315 328 316
f 316 328 329
f 316 329 317
f 317 329 330
f 317 330 318
f 318 330 331
f 318 331 319
f 319 331 332
f 319 332 320
f 320 332 333
f 320 333 321
f 321 333 334
f 321 334 322
f 322 334 335
f 322 335 323
f 323 335 336
f 323 336 324
f 324 336 337
f 324 337 325
f 325 337 10
f 10 337 12
f 12 337 338
f 12 338 13
f 13 338 15
f 337 336 338
f 338 336 339
f 338 339 340
f 340 339 341
f 340 341 342
f 342 341 343
f 342 343 344
f 344 343 345
f 344 345 346
f 346 345 347
f 346 347 348
f 348 347 349
f 348 349 350
f 350 349 351
f 350 351 352
f 352 351 353
f 352 353 354
f 354 353 355
f 354 355 356
f 356 355 357
f 356 357 358
f 358 357 217
f 358 217 359
f 359 217 215
f 359 215 213
f 217 357 219
f 219 357 360
f 219 360 221
f 221 360 361
f 221 361 223
f 223 361 362
f 223 362 225
f 225 362 363
f 225 363 227
f 227 363 364
f 227 364 229
f 229 364 365
f 229 365 231
f 231 365 366
f 231 366 233
f 233 366 367
f 233 367 235
f 235 367 368
f 235 368 237
f 237 368 326
f 237 326 239
f 326 368 327
f 327 368 369
f 327 369 328
f 328 369 370
f 328 370 329
f 329 370 371
f 329 371 330
f 330 371 372
f 330 372 331
f 331 372 373
f 331 373 332
f 332 373 374
f 332 374 333
f 333 374 375
f 333 375 334
f 334 375 376
f 334 376 335
f 335 376 339
f 335 339 336
f 339 376 341
f 341 376 377
f 341 377 343
f 343 377 378
f 343 378 345
f 345 378 379
f 345 379 347
f 347 379 380
f 347 380 349
f 349 380 381
f 349 381 351
f 351 381 382
f 351 382 353
f 353 382 383
f 353 383 355
f 355 383 360
f 355 360 357
f 360 383 361
f 361 383 384
f 361 384 362
f 362 384 385
f 362 385 363
f 363 385 386
f 363 386 364
f 364 386 387
f 364 387 365
f 365 387 388
f 365 388 366
f 366 388 389
f 366 389 367
f 367 389 369
f 367 369 368
f 369 389 370
f 370 389 390
f 370 390 371
f 371 390 391
f 371 391 372
f 372 391 392
f 372 392 373
f 373 392 393
f 373 393 374
f 374 393 394
f 374 394 375
f 375 394 377
f 375 377 376
f 377 394 378
f 378 394 395
f 378 395 379
f 379 395 396
f 379 396 380
f 380 396 397
f 380 397 381
f 381 397 398
f 381 398 382
f 382 398 384
f 382 384 383
f 384 398 385
f 385 398 399
f 385 399 386
f 386 399 400
f 386 400 387
f 387 400 401
f 387 401 388
f 388 401 390
f 388 390 389
f 390 401 391
f 391 401 402
f 391 402 392
f 392 402 403
f 392 403 393
f 393 403 395
f 393 395 394
f 395 403 396
f 396 403 404
f 396 404 397
f 397 404 399
f 397 399 398
f 399 404 400
f 400 404 402
f 400 402 401
f 403 402 404
f 338 340 15
f 15 340 16
f 16 340 18
f 18 340 342
f 18 342 19
f 19 342 21
f 342 344 21
f 21 344 22
f 22 344 24
f 24 344 346
f 24 346 25
f 346 348 25
f 25 348 27
f 348 350 27
f 27 350 29
f 29 350 352
f 29 352 30
f 30 352 32
f 352 354 32
f 32 354 33
f 33 354 35
f 35 354 356
f 35 356 36
f 36 356 38
f 356 358 38
f 38 358 39
f 39 358 405
f 39 405 41
f 90 89 177
f 177 89 406
f 177 406 174
f 174 406 407
f 174 407 408
f 408 407 409
f 408 409 410
f 410 409 411
f 410 411 412
f 410 412 413
f 413 412 414
f 413 414 167
f 167 414 165
f 167 169 413
f 413 169 410
f 410 169 171
f 410 171 408
f 408 171 174
f 89 179 406
f 406 179 415
f 406 415 407
f 407 415 409
f 179 180 415
f 415 180 416
f 415 416 409
f 409 416 417
f 409 417 418
f 409 418 419
f 409 419 411
f 411 419 420
f 411 420 412
f 412 420 421
f 412 421 422
f 422 421 423
f 422 423 424
f 424 423 425
f 424 425 426
f 426 425 427
f 426 427 428
f 428 427 429
f 428 429 430
f 430 429 431
f 430 431 432
f 432 431 433
f 432 433 434
f 434 433 435
f 434 435 436
f 436 435 437
f 436 437 438
f 438 437 439
f 438 439 440
f 440 439 441
f 440 441 442
f 442 441 443
f 442 443 444
f 444 443 445
f 444 445 446
f 446 445 447
f 446 447 448
f 448 447 449
f 448 449 450
f 450 449 451
f 450 451 452
f 452 451 453
f 452 453 454
f 454 453 455
f 454 455 456
f 456 455 457
f 456 457 458
f 458 457 459
f 458 459 460
f 460 459 461
f 460 461 462
f 462 461 463
f 462 463 464
f 464 463 465
f 464 465 466
f 466 465 467
f 466 467 468
f 468 467 469
f 468 469 470
f 470 469 471
f 470 471 472
f 472 471 473
f 472 473 474
f 474 473 475
f 474 475 476
f 476 475 477
f 476 477 478
f 478 477 479
f 478 479 480
f 480 479 481
f 480 481 482
f 482 481 483
f 482 483 484
f 484 483 485
f 484 485 486
f 486 485 487
f 487 485 488
f 488 485 489
f 488 489 490
f 490 489 491
f 490 491 492
f 492 491 493
f 492 493 494
f 494 493 495
f 494 495 496
f 496 495 497
f 494 496 498
f 492 494 499
f 497 495 500
f 500 495 501
f 500 501 502
f 502 501 503
f 502 503 504
f 504 503 505
f 504 505 506
f 506 505 507
f 486 508 484
f 484 508 509
f 484 509 510
f 510 509 511
f 510 511 101
f 101 103 510
f 510 103 512
f 510 512 484
f 484 512 482
f 103 105 512
f 512 105 513
f 512 513 482
f 482 513 480
f 105 107 513
f 513 107 514
f 513 514 480
f 480 514 515
f 480 515 478
f 478 515 516
f 478 516 476
f 476 516 517
f 476 517 474
f 474 517 518
f 474 518 519
f 519 518 115
f 519 115 520
f 520 115 117
f 520 117 521
f 521 117 119
f 521 119 522
f 522 119 121
f 522 121 523
f 523 121 123
f 523 123 524
f 524 123 525
f 524 525 464
f 464 525 462
f 464 466 524
f 524 466 523
f 523 466 522
f 522 466 468
f 522 468 521
f 521 468 470
f 521 470 520
f 520 470 472
f 520 472 519
f 519 472 474
f 123 125 525
f 525 125 526
f 525 526 462
f 462 526 527
f 462 527 460
f 460 527 528
f 460 528 529
f 529 528 129
f 529 129 530
f 530 129 131
f 530 131 531
f 531 131 133
f 531 133 532
f 532 133 135
f 532 135 533
f 533 135 137
f 533 137 534
f 534 137 139
f 534 139 535
f 535 139 536
f 535 536 448
f 448 536 446
f 448 450 535
f 535 450 534
f 534 450 533
f 533 450 452
f 533 452 532
f 532 452 454
f 532 454 531
f 531 454 456
f 531 456 530
f 530 456 458
f 530 458 529
f 529 458 460
f 139 141 536
f 536 141 537
f 536 537 446
f 446 537 538
f 446 538 444
f 444 538 539
f 444 539 442
f 442 539 540
f 442 540 440
f 440 540 541
f 440 541 542
f 542 541 149
f 542 149 543
f 543 149 151
f 543 151 544
f 544 151 153
f 544 153 545
f 545 153 546
f 545 546 434
f 434 546 432
f 434 436 545
f 545 436 544
f 544 436 543
f 543 436 438
f 543 438 542
f 542 438 440
f 153 155 546
f 546 155 547
f 546 547 432
f 432 547 430
f 155 157 547
f 547 157 548
f 547 548 430
f 430 548 428
f 157 159 548
f 548 159 549
f 548 549 428
f 428 549 550
f 428 550 426
f 426 550 551
f 426 551 552
f 552 551 163
f 552 163 553
f 553 163 165
f 553 165 414
f 163 551 161
f 161 551 550
f 161 550 549
f 161 549 159
f 426 552 424
f 424 552 553
f 424 553 422
f 422 553 414
f 422 414 412
f 149 541 147
f 147 541 540
f 147 540 145
f 145 540 539
f 145 539 143
f 143 539 538
f 143 538 537
f 537 141 143
f 129 528 127
f 127 528 527
f 127 527 526
f 526 125 127
f 115 518 113
f 113 518 517
f 113 517 111
f 111 517 516
f 111 516 109
f 109 516 515
f 109 515 514
f 514 107 109
f 180 182 554
f 180 554 416
f 416 554 555
f 416 555 417
f 417 555 556
f 417 556 418
f 418 556 557
f 418 557 419
f 419 557 558
f 419 558 420
f 420 558 559
f 420 559 421
f 421 559 560
f 421 560 423
f 423 560 561
f 423 561 425
f 425 561 562
f 425 562 427
f 427 562 563
f 427 563 429
f 429 563 564
f 429 564 431
f 431 564 565
f 431 565 433
f 433 565 566
f 433 566 435
f 435 566 567
f 435 567 437
f 437 567 568
f 437 568 439
f 439 568 569
f 439 569 441
f 441 569 570
f 441 570 443
f 443 570 571
f 443 571 445
f 445 571 572
f 445 572 447
f 447 572 573
f 447 573 449
f 449 573 574
f 449 574 451
f 451 574 575
f 451 575 453
f 453 575 576
f 453 576 455
f 455 576 577
f 455 577 457
f 457 577 578
f 457 578 459
f 459 578 579
f 459 579 461
f 461 579 580
f 461 580 463
f 463 580 581
f 463 581 465
f 465 581 582
f 465 582 467
f 467 582 583
f 467 583 469
f 469 583 584
f 469 584 471
f 471 584 585
f 471 585 473
f 473 585 586
f 473 586 475
f 475 586 587
f 475 587 477
f 477 587 588
f 477 588 479
f 479 588 589
f 479 589 481
f 481 589 590
f 481 590 483
f 483 590 591
f 483 591 485
f 485 591 489
f 182 184 554
f 554 184 592
f 554 592 555
f 555 592 593
f 555 593 556
f 556 593 594
f 556 594 557
f 557 594 595
f 557 595 558
f 558 595 596
f 558 596 559
f 559 596 597
f 559 597 560
f 560 597 598
f 560 598 561
f 561 598 599
f 561 599 562
f 562 599 600
f 562 600 563
f 563 600 601
f 563 601 564
f 564 601 602
f 564 602 565
f 565 602 603
f 565 603 566
f 566 603 604
f 566 604 567
f 567 604 605
f 567 605 568
f 568 605 606
f 568 606 569
f 569 606 607
f 569 607 570
f 570 607 608
f 570 608 571
f 571 608 609
f 571 609 572
f 572 609 610
f 572 610 573
f 573 610 611
f 573 611 574
f 574 611 612
f 574 612 575
f 575 612 613
f 575 613 576
f 576 613 614
f 576 614 577
f 577 614 615
f 577 615 578
f 578 615 616
f 578 616 579
f 579 616 617
f 579 617 580
f 580 617 618
f 580 618 581
f 581 618 619
f 581 619 582
f 582 619 620
f 582 620 583
f 583 620 621
f 583 621 584
f 584 621 622
f 584 622 585
f 585 622 623
f 585 623 586
f 586 623 624
f 586 624 587
f 587 624 625
f 587 625 588
f 588 625 626
f 588 626 589
f 589 626 627
f 589 627 590
f 590 627 628
f 590 628 591
f 591 628 629
f 591 629 489
f 489 629 491
f 184 186 592
f 592 186 630
f 592 630 593
f 593 630 631
f 593 631 594
f 594 631 632
f 594 632 595
f 595 632 633
f 595 633 596
f 596 633 634
f 596 634 597
f 597 634 635
f 597 635 598
f 598 635 636
f 598 636 599
f 599 636 637
f 599 637 600
f 600 637 638
f 600 638 601
f 601 638 639
f 601 639 602
f 602 639 640
f 602 640 603
f 603 640 641
f 603 641 604
f 604 641 642
f 604 642 605
f 605 642 643
f 605 643 606
f 606 643 644
f 606 644 607
f 607 644 645
f 607 645 608
f 608 645 646
f 608 646 609
f 609 646 647
f 609 647 610
f 610 647 648
f 610 648 611
f 611 648 649
f 611 649 612
f 612 649 650
f 612 650 613
f 613 650 651
f 613 651 614
f 614 651 652
f 614 652 615
f 615 652 653
f 615 653 616
f 616 653 654
f 616 654 617
f 617 654 655
f 617 655 618
f 618 655 656
f 618 656 619
f 619 656 657
f 619 657 620
f 620 657 658
f 620 658 621
f 621 658 659
f 621 659 622
f 622 659 660
f 622 660 623
f 623 660 661
f 623 661 624
f 624 661 662
f 624 662 625
f 625 662 663
f 625 663 626
f 626 663 664
f 626 664 627
f 627 664 665
f 627 665 628
f 628 665 666
f 628 666 629
f 629 666 667
f 629 667 491
f 491 667 493
f 186 188 630
f 630 188 668
f 630 668 631
f 631 668 669
f 631 669 632
f 632 669 670
f 632 670 633
f 633 670 671
f 633 671 634
f 634 671 672
f 634 672 635
f 635 672 673
f 635 673 636
f 636 673 674
f 636 674 637
f 637 674 675
f 637 675 638
f 638 675 676
f 638 676 639
f 639 676 677
f 639 677 640
f 640 677 678
f 640 678 641
f 641 678 679
f 641 679 642
f 642 679 680
f 642 680 643
f 643 680 681
f 643 681 644
f 644 681 682
f 644 682 645
f 645 682 683
f 645 683 646
f 646 683 684
f 646 684 647
f 647 684 685
f 647 685 648
f 648 685 686
f 648 686 649
f 649 686 687
f 649 687 650
f 650 687 688
f 650 688 651
f 651 688 689
f 651 689 652
f 652 689 690
f 652 690 653
f 653 690 691
f 653 691 654
f 654 691 692
f 654 692 655
f 655 692 693
f 655 693 656
f 656 693 694
f 656 694 657
f 657 694 695
f 657 695 658
f 658 695 696
f 658 696 659
f 659 696 697
f 659 697 660
f 660 697 698
f 660 698 661
f 661 698 699
f 661 699 662
f 662 699 700
f 662 700 663
f 663 700 701
f 663 701 664
f 664 701 702
f 664 702 665
f 665 702 703
f 665 703 666
f 666 703 704
f 666 704 667
f 667 704 705
f 667 705 493
f 493 705 495
f 188 190 668
f 668 190 706
f 668 706 669
f 669 706 707
f 669 707 670
f 670 707 708
f 670 708 671
f 671 708 709
f 671 709 672
f 672 709 710
f 672 710 673
f 673 710 711
f 673 711 674
f 674 711 712
f 674 712 675
f 675 712 713
f 675 713 676
f 676 713 714
f 676 714 677
f 677 714 715
f 677 715 678
f 678 715 716
f 678 716 679
f 679 716 717
f 679 717 680
f 680 717 718
f 680 718 681
f 681 718 719
f 681 719 682
f 682 719 720
f 682 720 683
f 683 720 721
f 683 721 684
f 684 721 722
f 684 722 685
f 685 722 723
f 685 723 686
f 686 723 724
f 686 724 687
f 687 724 725
f 687 725 688
f 688 725 726
f 688 726 689
f 689 726 727
f 689 727 690
f 690 727 728
f 690 728 691
f 691 728 729
f 691 729 692
f 692 729 730
f 692 730 693
f 693 730 731
f 693 731 694
f 694 731 732
f 694 732 695
f 695 732 733
f 695 733 696
f 696 733 734
f 696 734 697
f 697 734 735
f 697 735 698
f 698 735 736
f 698 736 699
f 699 736 737
f 699 737 700
f 700 737 738
f 700 738 701
f 701 738 739
f 701 739 702
f 702 739 740
f 702 740 703
f 703 740 741
f 703 741 704
f 704 741 742
f 704 742 705
f 705 742 743
f 705 743 495
f 495 743 501
f 190 192 706
f 706 192 744
f 706 744 707
f 707 744 745
f 707 745 708
f 708 745 746
f 708 746 709
f 709 746 747
f 709 747 710
f 710 747 748
f 710 748 711
f 711 748 749
f 711 749 712
f 712 749 750
f 712 750 713
f 713 750 751
f 713 751 714
f 714 751 752
f 714 752 715
f 715 752 753
f 715 753 716
f 716 753 754
f 716 754 717
f 717 754 755
f 717 755 718
f 718 755 756
f 718 756 719
f 719 756 757
f 719 757 720
f 720 757 758
f 720 758 721
f 721 758 759
f 721 759 722
f 722 759 760
f 722 760 723
f 723 760 761
f 723 761 724
f 724 761 762
f 724 762 725
f 725 762 763
f 725 763 726
f 726 763 764
f 726 764 727
f 727 764 765
f 727 765 728
f 728 765 766
f 728 766 729
f 729 766 767
f 729 767 730
f 730 767 768
f 730 768 731
f 731 768 769
f 731 769 732
f 732 769 770
f 732 770 733
f 733 770 771
f 733 771 734
f 734 771 772
f 734 772 735
f 735 772 773
f 735 773 736
f 736 773 774
f 736 774 737
f 737 774 775
f 737 775 738
f 738 775 776
f 738 776 739
f 739 776 777
f 739 777 740
f 740 777 778
f 740 778 741
f 741 778 779
f 741 779 742
f 742 779 780
f 742 780 743
f 743 780 781
f 743 781 501
f 501 781 503
f 192 194 744
f 744 194 782
f 744 782 745
f 745 782 783
f 745 783 746
f 746 783 784
f 746 784 747
f 747 784 785
f 747 785 748
f 748 785 786
f 748 786 749
f 749 786 787
f 749 787 750
f 750 787 788
f 750 788 751
f 751 788 789
f 751 789 752
f 752 789 790
f 752 790 753
f 753 790 791
f 753 791 754
f 754 791 792
f 754 792 755
f 755 792 793
f 755 793 756
f 756 793 794
f 756 794 757
f 757 794 795
f 757 795 758
f 758 795 796
f 758 796 759
f 759 796 797
f 759 797 760
f 760 797 798
f 760 798 761
f 761 798 799
f 761 799 762
f 762 799 800
f 762 800 763
f 763 800 801
f 763 801 764
f 764 801 802
f 764 802 765
f 765 802 803
f 765 803 766
f 766 803 804
f 766 804 767
f 767 804 805
f 767 805 768
f 768 805 806
f 768 806 769
f 769 806 807
f 769 807 770
f 770 807 808
f 770 808 771
f 771 808 809
f 771 809 772
f 772 809 810
f 772 810 773
f 773 810 811
f 773 811 774
f 774 811 812
f 774 812 775
f 775 812 813
f 775 813 776
f 776 813 814
f 776 814 777
f 777 814 815
f 777 815 778
f 778 815 816
f 778 816 779
f 779 816 817
f 779 817 780
f 780 817 818
f 780 818 781
f 781 818 819
f 781 819 503
f 503 819 505
f 194 196 782
f 782 196 820
f 782 820 783
f 783 820 821
f 783 821 784
f 784 821 822
f 784 822 785
f 785 822 823
f 785 823 786
f 786 823 824
f 786 824 787
f 787 824 825
f 787 825 788
f 788 825 826
f 788 826 789
f 789 826 827
f 789 827 790
f 790 827 828
f 790 828 791
f 791 828 829
f 791 829 792
f 792 829 830
f 792 830 793
f 793 830 831
f 793 831 794
f 794 831 832
f 794 832 795
f 795 832 833
f 795 833 796
f 796 833 834
f 796 834 797
f 797 834 835
f 797 835 798
f 798 835 836
f 798 836 799
f 799 836 837
f 799 837 800
f 800 837 838
f 800 838 801
f 801 838 839
f 801 839 802
f 802 839 840
f 802 840 803
f 803 840 841
f 803 841 804
f 804 841 842
f 804 842 805
f 805 842 843
f 805 843 806
f 806 843 844
f 806 844 807
f 807 844 845
f 807 845 808
f 808 845 846
f 808 846 809
f 809 846 847
f 809 847 810
f 810 847 848
f 810 848 811
f 811 848 849
f 811 849 812
f 812 849 850
f 812 850 813
f 813 850 851
f 813 851 814
f 814 851 852
f 814 852 815
f 815 852 853
f 815 853 816
f 816 853 854
f 816 854 817
f 817 854 855
f 817 855 818
f 818 855 856
f 818 856 819
f 819 856 857
f 819 857 505
f 505 857 858
f 505 858 507
f 507 858 859
f 859 858 860
f 196 198 820
f 820 198 861
f 820 861 821
f 821 861 862
f 821 862 822
f 822 862 863
f 822 863 823
f 823 863 864
f 823 864 824
f 824 864 865
f 824 865 825
f 825 865 866
f 825 866 826
f 826 866 867
f 826 867 827
f 827 867 868
f 827 868 828
f 828 868 869
f 828 869 829
f 829 869 870
f 829 870 830
f 830 870 871
f 830 871 831
f 831 871 872
f 831 872 832
f 832 872 873
f 832 873 833
f 833 873 874
f 833 874 834
f 834 874 875
f 834 875 835
f 835 875 876
f 835 876 836
f 836 876 877
f 836 877 837
f 837 877 878
f 837 878 838
f 838 878 879
f 838 879 839
f 839 879 880
f 839 880 840
f 840 880 881
f 840 881 841
f 841 881 882
f 841 882 842
f 842 882 883
f 842 883 843
f 843 883 884
f 843 884 844
f 844 884 885
f 844 885 845
f 845 885 886
f 845 886 846
f 846 886 887
f 846 887 847
f 847 887 888
f 847 888 848
f 848 888 889
f 848 889 849
f 849 889 890
f 849 890 850
f 850 890 891
f 850 891 851
f 851 891 892
f 851 892 852
f 852 892 893
f 852 893 853
f 853 893 894
f 853 894 854
f 854 894 895
f 854 895 855
f 855 895 896
f 855 896 856
f 856 896 897
f 856 897 857
f 857 897 898
f 857 898 858
f 858 898 899
f 858 899 860
f 860 899 900
f 900 899 901
f 901 899 902
f 901 902 903
f 903 902 904
f 899 898 902
f 902 898 905
f 902 905 906
f 906 905 907
f 906 907 908
f 908 907 909
f 908 909 910
f 910 909 911
f 910 911 912
f 912 911 913
f 912 913 914
f 914 913 915
f 914 915 916
f 916 915 917
f 916 917 918
f 918 917 919
f 918 919 920
f 920 919 921
f 920 921 922
f 922 921 923
f 922 923 924
f 924 923 925
f 924 925 926
f 926 925 927
f 926 927 928
f 928 927 929
f 928 929 930
f 930 929 931
f 930 931 932
f 932 931 933
f 932 933 934
f 934 933 935
f 934 935 936
f 936 935 937
f 936 937 938
f 938 937 939
f 938 939 940
f 940 939 941
f 940 941 942
f 942 941 943
f 942 943 944
f 944 943 945
f 944 945 946
f 946 945 947
f 946 947 948
f 948 947 949
f 948 949 950
f 950 949 951
f 950 951 952
f 952 951 953
f 952 953 954
f 954 953 955
f 954 955 956
f 956 955 957
f 956 957 958
f 958 957 959
f 958 959 960
f 960 959 961
f 960 961 962
f 962 961 963
f 962 963 964
f 964 963 965
f 964 965 966
f 966 965 967
f 966 967 968
f 968 967 969
f 968 969 970
f 970 969 971
f 970 971 972
f 972 971 973
f 972 973 974
f 974 973 975
f 974 975 120
f 120 975 122
f 120 118 974
f 974 118 976
f 974 976 972
f 972 976 977
f 972 977 970
f 970 977 978
f 970 978 968
f 968 978 979
f 968 979 966
f 966 979 980
f 966 980 964
f 964 980 981
f 964 981 962
f 962 981 982
f 962 982 960
f 960 982 983
f 960 983 958
f 958 983 984
f 958 984 956
f 956 984 985
f 956 985 954
f 954 985 986
f 954 986 952
f 952 986 987
f 952 987 950
f 950 987 988
f 950 988 948
f 948 988 989
f 948 989 946
f 946 989 990
f 946 990 944
f 944 990 991
f 944 991 942
f 942 991 992
f 942 992 940
f 940 992 938
f 938 992 936
f 936 992 993
f 936 993 934
f 934 993 994
f 934 994 932
f 932 994 930
f 118 116 976
f 976 116 995
f 976 995 977
f 977 995 996
f 977 996 978
f 978 996 997
f 978 997 979
f 979 997 998
f 979 998 980
f 980 998 999
f 980 999 981
f 981 999 1000
f 981 1000 982
f 982 1000 1001
f 982 1001 983
f 983 1001 1002
f 983 1002 984
f 984 1002 1003
f 984 1003 985
f 985 1003 1004
f 985 1004 986
f 986 1004 1005
f 986 1005 987
f 987 1005 1006
f 987 1006 988
f 988 1006 1007
f 988 1007 989
f 989 1007 1008
f 989 1008 990
f 990 1008 1009
f 990 1009 991
f 991 1009 1010
f 991 1010 992
f 992 1010 993
f 116 114 995
f 995 114 1011
f 995 1011 996
f 996 1011 1012
f 996 1012 997
f 997 1012 1013
f 997 1013 998
f 998 1013 1014
f 998 1014 999
f 999 1014 1015
f 999 1015 1000
f 1000 1015 1016
f 1000 1016 1001
f 1001 1016 1017
f 1001 1017 1002
f 1002 1017 1018
f 1002 1018 1003
f 1003 1018 1019
f 1003 1019 1004
f 1004 1019 1020
f 1004 1020 1005
f 1005 1020 1021
f 1005 1021 1006
f 1006 1021 1022
f 1006 1022 1007
f 1007 1022 1023
f 1007 1023 1008
f 1008 1023 1024
f 1008 1024 1009
f 1009 1024 1025
f 1009 1025 1010
f 1010 1025 1026
f 1010 1026 993
f 993 1026 994
f 114 112 1011
f 1011 112 1027
f 1011 1027 1012
f 1012 1027 1028
f 1012 1028 1013
f 1013 1028 1029
f 1013 1029 1014
f 1014 1029 1030
f 1014 1030 1015
f 1015 1030 1031
f 1015 1031 1016
f 1016 1031 1032
f 1016 1032 1017
f 1017 1032 1033
f 1017 1033 1018
f 1018 1033 1034
f 1018 1034 1019
f 1019 1034 1035
f 1019 1035 1020
f 1020 1035 1036
f 1020 1036 1021
f 1021 1036 1037
f 1021 1037 1022
f 1022 1037 1038
f 1022 1038 1023
f 1023 1038 1039
f 1023 1039 1024
f 1024 1039 1040
f 1024 1040 1025
f 1025 1040 1041
f 1025 1041 1026
f 1026 1041 1042
f 1026 1042 994
f 994 1042 930
f 112 110 1027
f 1027 110 1043
f 1027 1043 1028
f 1028 1043 1044
f 1028 1044 1029
f 1029 1044 1045
f 1029 1045 1030
f 1030 1045 1046
f 1030 1046 1031
f 1031 1046 1047
f 1031 1047 1032
f 1032 1047 1048
f 1032 1048 1033
f 1033 1048 1049
f 1033 1049 1034
f 1034 1049 1050
f 1034 1050 1035
f 1035 1050 1051
f 1035 1051 1036
f 1036 1051 1052
f 1036 1052 1037
f 1037 1052 1053
f 1037 1053 1038
f 1038 1053 1054
f 1038 1054 1039
f 1039 1054 1055
f 1039 1055 1040
f 1040 1055 1056
f 1040 1056 1041
f 1041 1056 1057
f 1041 1057 1042
f 1042 1057 1058
f 1042 1058 930
f 930 1058 928
f 110 108 1043
f 1043 108 1059
f 1043 1059 1044
f 1044 1059 1060
f 1044 1060 1045
f 1045 1060 1061
f 1045 1061 1046
f 1046 1061 1062
f 1046 1062 1047
f 1047 1062 1063
f 1047 1063 1048
f 1048 1063 1064
f 1048 1064 1049
f 1049 1064 1065
f 1049 1065 1050
f 1050 1065 1066
f 1050 1066 1051
f 1051 1066 1067
f 1051 1067 1052
f 1052 1067 1068
f 1052 1068 1053
f 1053 1068 1069
f 1053 1069 1054
f 1054 1069 1070
f 1054 1070 1055
f 1055 1070 1071
f 1055 1071 1056
f 1056 1071 1072
f 1056 1072 1057
f 1057 1072 1073
f 1057 1073 1058
f 1058 1073 1074
f 1058 1074 928
f 928 1074 926
f 108 106 1059
f 1059 106 1075
f 1059 1075 1060
f 1060 1075 1076
f 1060 1076 1061
f 1061 1076 1077
f 1061 1077 1062
f 1062 1077 1078
f 1062 1078 1063
f 1063 1078 1079
f 1063 1079 1064
f 1064 1079 1080
f 1064 1080 1065
f 1065 1080 1081
f 1065 1081 1066
f 1066 1081 1082
f 1066 1082 1067
f 1067 1082 1083
f 1067 1083 1068
f 1068 1083 1084
f 1068 1084 1069
f 1069 1084 1085
f 1069 1085 1070
f 1070 1085 1086
f 1070 1086 1071
f 1071 1086 1087
f 1071 1087 1072
f 1072 1087 1088
f 1072 1088 1073
f 1073 1088 1089
f 1073 1089 1074
f 1074 1089 1090
f 1074 1090 926
f 926 1090 924
f 106 104 1075
f 1075 104 1091
f 1075 1091 1076
f 1076 1091 1092
f 1076 1092 1077
f 1077 1092 1093
f 1077 1093 1078
f 1078 1093 1094
f 1078 1094 1079
f 1079 1094 1095
f 1079 1095 1080
f 1080 1095 1096
f 1080 1096 1081
f 1081 1096 1097
f 1081 1097 1082
f 1082 1097 1098
f 1082 1098 1083
f 1083 1098 1099
f 1083 1099 1084
f 1084 1099 1100
f 1084 1100 1085
f 1085 1100 1101
f 1085 1101 1086
f 1086 1101 1102
f 1086 1102 1087
f 1087 1102 1103
f 1087 1103 1088
f 1088 1103 1104
f 1088 1104 1089
f 1089 1104 1105
f 1089 1105 1090
f 1090 1105 1106
f 1090 1106 924
f 924 1106 922
f 104 102 1091
f 1091 102 1107
f 1091 1107 1092
f 1092 1107 1108
f 1092 1108 1093
f 1093 1108 1109
f 1093 1109 1094
f 1094 1109 1110
f 1094 1110 1095
f 1095 1110 1111
f 1095 1111 1096
f 1096 1111 1112
f 1096 1112 1097
f 1097 1112 1113
f 1097 1113 1098
f 1098 1113 1114
f 1098 1114 1099
f 1099 1114 1115
f 1099 1115 1100
f 1100 1115 1116
f 1100 1116 1101
f 1101 1116 1117
f 1101 1117 1102
f 1102 1117 1118
f 1102 1118 1103
f 1103 1118 1119
f 1103 1119 1104
f 1104 1119 1120
f 1104 1120 1105
f 1105 1120 1121
f 1105 1121 1106
f 1106 1121 1122
f 1106 1122 922
f 922 1122 1123
f 922 1123 920
f 920 1123 1124
f 920 1124 918
f 918 1124 1125
f 918 1125 1126
f 918 1126 916
f 916 1126 1127
f 916 1127 1128
f 916 1128 914
f 914 1128 1129
f 914 1129 1130
f 914 1130 912
f 912 1130 1131
f 912 1131 1132
f 912 1132 910
f 910 1132 1133
f 910 1133 908
f 908 1133 1134
f 908 1134 906
f 906 1134 1135
f 906 1135 904
f 902 906 904
f 1125 1124 1136
f 1136 1124 1123
f 1136 1123 1137
f 1137 1123 1138
f 1123 1122 1138
f 1138 1122 1139
f 1139 1122 1140
f 1140 1122 1121
f 1140 1121 1141
f 1141 1121 1142
f 1121 1120 1142
f 1142 1120 1143
f 1120 1119 1143
f 1143 1119 1144
f 1144 1119 1118
f 1144 1118 1145
f 1145 1118 1146
f 1118 1117 1146
f 1146 1117 1147
f 1147 1117 1148
f 1148 1117 1116
f 1148 1116 1149
f 1149 1116 1150
f 1116 1115 1150
f 1150 1115 1151
f 1115 1114 1151
f 1151 1114 1152
f 1152 1114 1113
f 1152 1113 1153
f 1153 1113 1154
f 1113 1112 1154
f 1154 1112 1155
f 1155 1112 1156
f 1156 1112 1111
f 1156 1111 1157
f 1157 1111 1158
f 1111 1110 1158
f 1158 1110 1159
f 1110 1109 1159
f 1159 1109 1160
f 1109 1108 1160
f 1160 1108 1161
f 1161 1108 1162
f 1162 1108 1107
f 1162 1107 1163
f 1163 1107 100
f 102 100 1107
f 198 200 861
f 861 200 1164
f 861 1164 862
f 862 1164 1165
f 862 1165 863
f 863 1165 1166
f 863 1166 864
f 864 1166 1167
f 864 1167 865
f 865 1167 1168
f 865 1168 866
f 866 1168 1169
f 866 1169 867
f 867 1169 1170
f 867 1170 868
f 868 1170 1171
f 868 1171 869
f 869 1171 1172
f 869 1172 870
f 870 1172 1173
f 870 1173 871
f 871 1173 1174
f 871 1174 872
f 872 1174 1175
f 872 1175 873
f 873 1175 1176
f 873 1176 874
f 874 1176 1177
f 874 1177 875
f 875 1177 1178
f 875 1178 876
f 876 1178 1179
f 876 1179 877
f 877 1179 1180
f 877 1180 878
f 878 1180 1181
f 878 1181 879
f 879 1181 1182
f 879 1182 880
f 880 1182 1183
f 880 1183 881
f 881 1183 1184
f 881 1184 882
f 882 1184 1185
f 882 1185 883
f 883 1185 1186
f 883 1186 884
f 884 1186 1187
f 884 1187 885
f 885 1187 1188
f 885 1188 886
f 886 1188 1189
f 886 1189 887
f 887 1189 1190
f 887 1190 888
f 888 1190 1191
f 888 1191 889
f 889 1191 1192
f 889 1192 890
f 890 1192 1193
f 890 1193 891
f 891 1193 1194
f 891 1194 892
f 892 1194 1195
f 892 1195 893
f 893 1195 1196
f 893 1196 894
f 894 1196 1197
f 894 1197 895
f 895 1197 1198
f 895 1198 896
f 896 1198 1199
f 896 1199 897
f 897 1199 1200
f 897 1200 898
f 898 1200 905
f 200 202 1164
f 1164 202 1201
f 1164 1201 1165
f 1165 1201 1202
f 1165 1202 1166
f 1166 1202 1203
f 1166 1203 1167
f 1167 1203 1204
f 1167 1204 1168
f 1168 1204 1205
f 1168 1205 1169
f 1169 1205 1206
f 1169 1206 1170
f 1170 1206 1207
f 1170 1207 1171
f 1171 1207 1208
f 1171 1208 1172
f 1172 1208 1209
f 1172 1209 1173
f 1173 1209 1210
f 1173 1210 1174
f 1174 1210 1211
f 1174 1211 1175
f 1175 1211 1212
f 1175 1212 1176
f 1176 1212 1213
f 1176 1213 1177
f 1177 1213 1214
f 1177 1214 1178
f 1178 1214 1215
f 1178 1215 1179
f 1179 1215 1216
f 1179 1216 1180
f 1180 1216 1217
f 1180 1217 1181
f 1181 1217 1218
f 1181 1218 1182
f 1182 1218 1219
f 1182 1219 1183
f 1183 1219 1220
f 1183 1220 1184
f 1184 1220 1221
f 1184 1221 1185
f 1185 1221 1222
f 1185 1222 1186
f 1186 1222 1223
f 1186 1223 1187
f 1187 1223 1224
f 1187 1224 1188
f 1188 1224 1225
f 1188 1225 1189
f 1189 1225 1226
f 1189 1226 1190
f 1190 1226 1227
f 1190 1227 1191
f 1191 1227 1228
f 1191 1228 1192
f 1192 1228 1229
f 1192 1229 1193
f 1193 1229 1230
f 1193 1230 1194
f 1194 1230 1231
f 1194 1231 1195
f 1195 1231 1232
f 1195 1232 1196
f 1196 1232 1233
f 1196 1233 1197
f 1197 1233 1234
f 1197 1234 1198
f 1198 1234 1235
f 1198 1235 1199
f 1199 1235 1236
f 1199 1236 1200
f 1200 1236 1237
f 1200 1237 905
f 905 1237 907
f 907 1237 909
f 909 1237 1238
f 909 1238 911
f 911 1238 1239
f 911 1239 913
f 913 1239 1240
f 913 1240 915
f 915 1240 1241
f 915 1241 917
f 917 1241 1242
f 917 1242 919
f 919 1242 1243
f 919 1243 921
f 921 1243 923
f 923 1243 925
f 925 1243 1244
f 925 1244 927
f 927 1244 1245
f 927 1245 929
f 929 1245 1246
f 929 1246 931
f 931 1246 933
f 202 204 1201
f 1201 204 1247
f 1201 1247 1202
f 1202 1247 1248
f 1202 1248 1203
f 1203 1248 1249
f 1203 1249 1204
f 1204 1249 1250
f 1204 1250 1205
f 1205 1250 1251
f 1205 1251 1206
f 1206 1251 1252
f 1206 1252 1207
f 1207 1252 1253
f 1207 1253 1208
f 1208 1253 1254
f 1208 1254 1209
f 1209 1254 1255
f 1209 1255 1210
f 1210 1255 1256
f 1210 1256 1211
f 1211 1256 1257
f 1211 1257 1212
f 1212 1257 1258
f 1212 1258 1213
f 1213 1258 1259
f 1213 1259 1214
f 1214 1259 1260
f 1214 1260 1215
f 1215 1260 1261
f 1215 1261 1216
f 1216 1261 1262
f 1216 1262 1217
f 1217 1262 1263
f 1217 1263 1218
f 1218 1263 1264
f 1218 1264 1219
f 1219 1264 1265
f 1219 1265 1220
f 1220 1265 1266
f 1220 1266 1221
f 1221 1266 1267
f 1221 1267 1222
f 1222 1267 1268
f 1222 1268 1223
f 1223 1268 1269
f 1223 1269 1224
f 1224 1269 1270
f 1224 1270 1225
f 1225 1270 1271
f 1225 1271 1226
f 1226 1271 1272
f 1226 1272 1227
f 1227 1272 1273
f 1227 1273 1228
f 1228 1273 1274
f 1228 1274 1229
f 1229 1274 1275
f 1229 1275 1230
f 1230 1275 1276
f 1230 1276 1231
f 1231 1276 1277
f 1231 1277 1232
f 1232 1277 1278
f 1232 1278 1233
f 1233 1278 1279
f 1233 1279 1234
f 1234 1279 1280
f 1234 1280 1235
f 1235 1280 1281
f 1235 1281 1236
f 1236 1281 1282
f 1236 1282 1237
f 1237 1282 1238
f 204 206 1247
f 1247 206 1283
f 1247 1283 1248
f 1248 1283 1284
f 1248 1284 1249
f 1249 1284 1285
f 1249 1285 1250
f 1250 1285 1286
f 1250 1286 1251
f 1251 1286 1287
f 1251 1287 1252
f 1252 1287 1288
f 1252 1288 1253
f 1253 1288 1289
f 1253 1289 1254
f 1254 1289 1290
f 1254 1290 1255
f 1255 1290 1291
f 1255 1291 1256
f 1256 1291 1292
f 1256 1292 1257
f 1257 1292 1293
f 1257 1293 1258
f 1258 1293 1294
f 1258 1294 1259
f 1259 1294 1295
f 1259 1295 1260
f 1260 1295 1296
f 1260 1296 1261
f 1261 1296 1297
f 1261 1297 1262
f 1262 1297 1298
f 1262 1298 1263
f 1263 1298 1299
f 1263 1299 1264
f 1264 1299 1300
f 1264 1300 1265
f 1265 1300 1301
f 1265 1301 1266
f 1266 1301 1302
f 1266 1302 1267
f 1267 1302 1303
f 1267 1303 1268
f 1268 1303 1304
f 1268 1304 1269
f 1269 1304 1305
f 1269 1305 1270
f 1270 1305 1306
f 1270 1306 1271
f 1271 1306 1307
f 1271 1307 1272
f 1272 1307 1308
f 1272 1308 1273
f 1273 1308 1309
f 1273 1309 1274
f 1274 1309 1310
f 1274 1310 1275
f 1275 1310 1311
f 1275 1311 1276
f 1276 1311 1312
f 1276 1312 1277
f 1277 1312 1313
f 1277 1313 1278
f 1278 1313 1314
f 1278 1314 1279
f 1279 1314 1315
f 1279 1315 1280
f 1280 1315 1316
f 1280 1316 1281
f 1281 1316 1317
f 1281 1317 1282
f 1282 1317 1318
f 1282 1318 1238
f 1238 1318 1239
f 1239 1318 1240
f 1240 1318 1319
f 1240 1319 1241
f 1241 1319 1320
f 1241 1320 1242
f 1242 1320 1321
f 1242 1321 1243
f 1243 1321 1244
f 206 208 1283
f 1283 208 1322
f 1283 1322 1284
f 1284 1322 1323
f 1284 1323 1285
f 1285 1323 1324
f 1285 1324 1286
f 1286 1324 1325
f 1286 1325 1287
f 1287 1325 1326
f 1287 1326 1288
f 1288 1326 1327
f 1288 1327 1289
f 1289 1327 1328
f 1289 1328 1290
f 1290 1328 1329
f 1290 1329 1291
f 1291 1329 1330
f 1291 1330 1292
f 1292 1330 1331
f 1292 1331 1293
f 1293 1331 1332
f 1293 1332 1294
f 1294 1332 1333
f 1294 1333 1295
f 1295 1333 1334
f 1295 1334 1296
f 1296 1334 1335
f 1296 1335 1297
f 1297 1335 1336
f 1297 1336 1298
f 1298 1336 1337
f 1298 1337 1299
f 1299 1337 1338
f 1299 1338 1300
f 1300 1338 1339
f 1300 1339 1301
f 1301 1339 1340
f 1301 1340 1302
f 1302 1340 1341
f 1302 1341 1303
f 1303 1341 1342
f 1303 1342 1304
f 1304 1342 1343
f 1304 1343 1305
f 1305 1343 1344
f 1305 1344 1306
f 1306 1344 1345
f 1306 1345 1307
f 1307 1345 1346
f 1307 1346 1308
f 1308 1346 1347
f 1308 1347 1309
f 1309 1347 1348
f 1309 1348 1310
f 1310 1348 1349
f 1310 1349 1311
f 1311 1349 1350
f 1311 1350 1312
f 1312 1350 1351
f 1312 1351 1313
f 1313 1351 1352
f 1313 1352 1314
f 1314 1352 1353
f 1314 1353 1315
f 1315 1353 1354
f 1315 1354 1316
f 1316 1354 1355
f 1316 1355 1317
f 1317 1355 1356
f 1317 1356 1318
f 1318 1356 1319
f 1319 1356 1320
f 1320 1356 1357
f 1320 1357 1321
f 1321 1357 1358
f 1321 1358 1244
f 1244 1358 1245
f 208 210 1322
f 1322 210 1359
f 1322 1359 1323
f 1323 1359 1360
f 1323 1360 1324
f 1324 1360 1361
f 1324 1361 1325
f 1325 1361 1362
f 1325 1362 1326
f 1326 1362 1363
f 1326 1363 1327
f 1327 1363 1364
f 1327 1364 1328
f 1328 1364 1365
f 1328 1365 1329
f 1329 1365 1366
f 1329 1366 1330
f 1330 1366 1367
f 1330 1367 1331
f 1331 1367 1368
f 1331 1368 1332
f 1332 1368 1369
f 1332 1369 1333
f 1333 1369 1370
f 1333 1370 1334
f 1334 1370 1371
f 1334 1371 1335
f 1335 1371 1372
f 1335 1372 1336
f 1336 1372 1373
f 1336 1373 1337
f 1337 1373 1374
f 1337 1374 1338
f 1338 1374 1375
f 1338 1375 1339
f 1339 1375 1376
f 1339 1376 1340
f 1340 1376 1377
f 1340 1377 1341
f 1341 1377 1378
f 1341 1378 1342
f 1342 1378 1379
f 1342 1379 1343
f 1343 1379 1380
f 1343 1380 1344
f 1344 1380 1381
f 1344 1381 1345
f 1345 1381 1382
f 1345 1382 1346
f 1346 1382 1383
f 1346 1383 1347
f 1347 1383 1384
f 1347 1384 1348
f 1348 1384 1385
f 1348 1385 1349
f 1349 1385 1386
f 1349 1386 1350
f 1350 1386 1387
f 1350 1387 1351
f 1351 1387 1388
f 1351 1388 1352
f 1352 1388 1389
f 1352 1389 1353
f 1353 1389 1390
f 1353 1390 1354
f 1354 1390 1391
f 1354 1391 1355
f 1355 1391 1392
f 1355 1392 1356
f 1356 1392 1357
f 1357 1392 1358
f 1358 1392 1393
f 1358 1393 1245
f 1245 1393 1246
f 1392 1391 1393
f 1393 1391 1394
f 1393 1394 1246
f 1246 1394 933
f 1391 1390 1394
f 1394 1390 1395
f 1394 1395 933
f 933 1395 935
f 210 212 1359
f 1359 212 1396
f 1359 1396 1360
f 1360 1396 1397
f 1360 1397 1361
f 1361 1397 1398
f 1361 1398 1362
f 1362 1398 1399
f 1362 1399 1363
f 1363 1399 1400
f 1363 1400 1364
f 1364 1400 1401
f 1364 1401 1365
f 1365 1401 1402
f 1365 1402 1366
f 1366 1402 1403
f 1366 1403 1367
f 1367 1403 1404
f 1367 1404 1368
f 1368 1404 1405
f 1368 1405 1369
f 1369 1405 1406
f 1369 1406 1370
f 1370 1406 1407
f 1370 1407 1371
f 1371 1407 1408
f 1371 1408 1372
f 1372 1408 1409
f 1372 1409 1373
f 1373 1409 1410
f 1373 1410 1374
f 1374 1410 1411
f 1374 1411 1375
f 1375 1411 1412
f 1375 1412 1376
f 1376 1412 1413
f 1376 1413 1377
f 1377 1413 1414
f 1377 1414 1378
f 1378 1414 1415
f 1378 1415 1379
f 1379 1415 1416
f 1379 1416 1380
f 1380 1416 1417
f 1380 1417 1381
f 1381 1417 1418
f 1381 1418 1382
f 1382 1418 1419
f 1382 1419 1383
f 1383 1419 1420
f 1383 1420 1384
f 1384 1420 1421
f 1384 1421 1385
f 1385 1421 1422
f 1385 1422 1386
f 1386 1422 1423
f 1386 1423 1387
f 1387 1423 1424
f 1387 1424 1388
f 1388 1424 1425
f 1388 1425 1389
f 1389 1425 1426
f 1389 1426 1390
f 1390 1426 1395
f 1395 1426 935
f 935 1426 937
f 1426 1425 937
f 937 1425 939
f 1425 1424 939
f 939 1424 1427
f 939 1427 941
f 941 1427 1428
f 941 1428 943
f 943 1428 1429
f 943 1429 1430
f 1430 1429 1431
f 1430 1431 1432
f 1432 1431 1433
f 1432 1433 1434
f 1434 1433 1435
f 1434 1435 1436
f 1436 1435 1437
f 1436 1437 1438
f 1438 1437 1439
f 1438 1439 1440
f 1440 1439 1441
f 1440 1441 1442
f 1442 1441 1443
f 1442 1443 1444
f 1444 1443 1445
f 1444 1445 1446
f 1446 1445 1447
f 1446 1447 1448
f 1448 1447 1449
f 1448 1449 1450
f 1450 1449 1451
f 1450 1451 1452
f 1452 1451 1453
f 1452 1453 1454
f 1454 1453 1455
f 1454 1455 1456
f 1456 1455 1457
f 1456 1457 1458
f 1458 1457 1459
f 1458 1459 1460
f 1460 1459 1461
f 1460 1461 1462
f 1462 1461 1463
f 1462 1463 1464
f 1464 1463 1465
f 1464 1465 1466
f 1466 1465 1467
f 1466 1467 1468
f 1468 1467 1469
f 1468 1469 1470
f 1470 1469 1471
f 1470 1471 1472
f 1472 1471 1473
f 1472 1473 1474
f 1474 1473 1475
f 1474 1475 132
f 132 1475 134
f 132 130 1474
f 1474 130 1476
f 1474 1476 1472
f 1472 1476 1477
f 1472 1477 1470
f 1470 1477 1478
f 1470 1478 1468
f 1468 1478 1479
f 1468 1479 1466
f 1466 1479 1480
f 1466 1480 1464
f 1464 1480 1481
f 1464 1481 1462
f 1462 1481 1482
f 1462 1482 1460
f 1460 1482 1483
f 1460 1483 1458
f 1458 1483 1484
f 1458 1484 1456
f 1456 1484 1485
f 1456 1485 1454
f 1454 1485 1486
f 1454 1486 1452
f 1452 1486 1487
f 1452 1487 1450
f 1450 1487 1488
f 1450 1488 1448
f 1448 1488 1489
f 1448 1489 1446
f 1446 1489 1490
f 1446 1490 1444
f 1444 1490 1491
f 1444 1491 1442
f 1442 1491 1492
f 1442 1492 1440
f 1440 1492 1438
f 1438 1492 1436
f 1436 1492 1493
f 1436 1493 1434
f 1434 1493 1432
f 130 128 1476
f 1476 128 1494
f 1476 1494 1477
f 1477 1494 1495
f 1477 1495 1478
f 1478 1495 1496
f 1478 1496 1479
f 1479 1496 1497
f 1479 1497 1480
f 1480 1497 1498
f 1480 1498 1481
f 1481 1498 1499
f 1481 1499 1482
f 1482 1499 1500
f 1482 1500 1483
f 1483 1500 1501
f 1483 1501 1484
f 1484 1501 1502
f 1484 1502 1485
f 1485 1502 1503
f 1485 1503 1486
f 1486 1503 1504
f 1486 1504 1487
f 1487 1504 1505
f 1487 1505 1488
f 1488 1505 1506
f 1488 1506 1489
f 1489 1506 1507
f 1489 1507 1490
f 1490 1507 1508
f 1490 1508 1491
f 1491 1508 1509
f 1491 1509 1492
f 1492 1509 1493
f 128 126 1494
f 1494 126 1510
f 1494 1510 1495
f 1495 1510 1511
f 1495 1511 1496
f 1496 1511 1512
f 1496 1512 1497
f 1497 1512 1513
f 1497 1513 1498
f 1498 1513 1514
f 1498 1514 1499
f 1499 1514 1515
f 1499 1515 1500
f 1500 1515 1516
f 1500 1516 1501
f 1501 1516 1517
f 1501 1517 1502
f 1502 1517 1518
f 1502 1518 1503
f 1503 1518 1519
f 1503 1519 1504
f 1504 1519 1520
f 1504 1520 1505
f 1505 1520 1521
f 1505 1521 1506
f 1506 1521 1522
f 1506 1522 1507
f 1507 1522 1523
f 1507 1523 1508
f 1508 1523 1524
f 1508 1524 1509
f 1509 1524 1525
f 1509 1525 1493
f 1493 1525 1432
f 126 124 1510
f 1510 124 1526
f 1510 1526 1511
f 1511 1526 1527
f 1511 1527 1512
f 1512 1527 1528
f 1512 1528 1513
f 1513 1528 1529
f 1513 1529 1514
f 1514 1529 1530
f 1514 1530 1515
f 1515 1530 1531
f 1515 1531 1516
f 1516 1531 1532
f 1516 1532 1517
f 1517 1532 1533
f 1517 1533 1518
f 1518 1533 1534
f 1518 1534 1519
f 1519 1534 1535
f 1519 1535 1520
f 1520 1535 1536
f 1520 1536 1521
f 1521 1536 1537
f 1521 1537 1522
f 1522 1537 1538
f 1522 1538 1523
f 1523 1538 1539
f 1523 1539 1524
f 1524 1539 1540
f 1524 1540 1525
f 1525 1540 1541
f 1525 1541 1432
f 1432 1541 1430
f 124 122 1526
f 1526 122 975
f 1526 975 1527
f 1527 975 973
f 1527 973 1528
f 1528 973 971
f 1528 971 1529
f 1529 971 969
f 1529 969 1530
f 1530 969 967
f 1530 967 1531
f 1531 967 965
f 1531 965 1532
f 1532 965 963
f 1532 963 1533
f 1533 963 961
f 1533 961 1534
f 1534 961 959
f 1534 959 1535
f 1535 959 957
f 1535 957 1536
f 1536 957 955
f 1536 955 1537
f 1537 955 953
f 1537 953 1538
f 1538 953 951
f 1538 951 1539
f 1539 951 949
f 1539 949 1540
f 1540 949 947
f 1540 947 1541
f 1541 947 945
f 1541 945 1430
f 1430 945 943
f 1424 1423 1427
f 1427 1423 1542
f 1427 1542 1428
f 1428 1542 1429
f 1429 1542 1431
f 1431 1542 1543
f 1431 1543 1433
f 1433 1543 1435
f 1423 1422 1542
f 1542 1422 1543
f 1543 1422 1435
f 1435 1422 1421
f 1435 1421 1437
f 1437 1421 1420
f 1437 1420 1439
f 1439 1420 1419
f 1439 1419 1544
f 1544 1419 1418
f 1544 1418 1545
f 1545 1418 1417
f 1545 1417 1546
f 1546 1417 1416
f 1546 1416 1547
f 1547 1416 1415
f 1547 1415 1548
f 1548 1415 1414
f 1548 1414 1549
f 1549 1414 1413
f 1549 1413 1550
f 1550 1413 1412
f 1550 1412 1551
f 1551 1412 1411
f 1551 1411 1552
f 1552 1411 1410
f 1552 1410 1553
f 1553 1410 1409
f 1553 1409 1554
f 1554 1409 1408
f 1554 1408 1555
f 1555 1408 1407
f 1555 1407 1556
f 1556 1407 1406
f 1556 1406 1557
f 1557 1406 1405
f 1557 1405 1558
f 1558 1405 1404
f 1558 1404 1559
f 1559 1404 1403
f 1559 1403 1560
f 1560 1403 1402
f 1560 1402 1561
f 1561 1402 1401
f 1561 1401 1562
f 1562 1401 1400
f 1562 1400 1563
f 1563 1400 1399
f 1563 1399 1564
f 1564 1399 1398
f 1564 1398 1565
f 1565 1398 1397
f 1565 1397 1566
f 1566 1397 1396
f 1566 1396 214
f 214 1396 212
f 214 216 1566
f 1566 216 1567
f 1566 1567 1568
f 1568 1567 1569
f 1568 1569 1570
f 1570 1569 1571
f 1570 1571 1572
f 1572 1571 1573
f 1572 1573 1574
f 1574 1573 1575
f 1574 1575 1563
f 1563 1575 1562
f 1563 1564 1574
f 1574 1564 1572
f 1572 1564 1570
f 1570 1564 1565
f 1570 1565 1568
f 1568 1565 1566
f 216 218 1567
f 1567 218 1569
f 218 220 1569
f 1569 220 1576
f 1569 1576 1571
f 1571 1576 1577
f 1571 1577 1573
f 1573 1577 1578
f 1573 1578 1579
f 1579 1578 1580
f 1579 1580 1581
f 1581 1580 1582
f 1581 1582 1583
f 1583 1582 1584
f 1583 1584 1585
f 1585 1584 1586
f 1585 1586 1587
f 1587 1586 1588
f 1587 1588 1589
f 1589 1588 1590
f 1589 1590 1591
f 1591 1590 1592
f 1591 1592 1593
f 1593 1592 1594
f 1593 1594 1595
f 1595 1594 1596
f 1595 1596 1597
f 1597 1596 1598
f 1597 1598 1599
f 1599 1598 1600
f 1599 1600 1601
f 1601 1600 1602
f 1601 1602 1603
f 1603 1602 1604
f 1603 1604 1605
f 1605 1604 1606
f 1605 1606 1607
f 1607 1606 1608
f 1607 1608 1609
f 1609 1608 1610
f 1609 1610 1611
f 1611 1610 1612
f 1611 1612 1613
f 1613 1612 1445
f 1613 1445 1443
f 1445 1612 1447
f 1447 1612 1614
f 1447 1614 1449
f 1449 1614 1615
f 1449 1615 1451
f 1451 1615 1616
f 1451 1616 1453
f 1453 1616 1617
f 1453 1617 1455
f 1455 1617 1618
f 1455 1618 1457
f 1457 1618 1619
f 1457 1619 1459
f 1459 1619 1620
f 1459 1620 1461
f 1461 1620 1621
f 1461 1621 1463
f 1463 1621 1622
f 1463 1622 1465
f 1465 1622 1623
f 1465 1623 1467
f 1467 1623 1624
f 1467 1624 1469
f 1469 1624 1625
f 1469 1625 1471
f 1471 1625 1626
f 1471 1626 1473
f 1473 1626 1627
f 1473 1627 1475
f 1475 1627 1628
f 1475 1628 134
f 134 1628 136
f 1612 1610 1614
f 1614 1610 1629
f 1614 1629 1615
f 1615 1629 1630
f 1615 1630 1616
f 1616 1630 1631
f 1616 1631 1617
f 1617 1631 1632
f 1617 1632 1618
f 1618 1632 1633
f 1618 1633 1619
f 1619 1633 1634
f 1619 1634 1620
f 1620 1634 1635
f 1620 1635 1621
f 1621 1635 1636
f 1621 1636 1622
f 1622 1636 1637
f 1622 1637 1623
f 1623 1637 1638
f 1623 1638 1624
f 1624 1638 1639
f 1624 1639 1625
f 1625 1639 1640
f 1625 1640 1626
f 1626 1640 1641
f 1626 1641 1627
f 1627 1641 1642
f 1627 1642 1628
f 1628 1642 1643
f 1628 1643 136
f 136 1643 138
f 1610 1608 1629
f 1629 1608 1644
f 1629 1644 1630
f 1630 1644 1645
f 1630 1645 1631
f 1631 1645 1646
f 1631 1646 1632
f 1632 1646 1647
f 1632 1647 1633
f 1633 1647 1648
f 1633 1648 1634
f 1634 1648 1649
f 1634 1649 1635
f 1635 1649 1650
f 1635 1650 1636
f 1636 1650 1651
f 1636 1651 1637
f 1637 1651 1652
f 1637 1652 1638
f 1638 1652 1653
f 1638 1653 1639
f 1639 1653 1654
f 1639 1654 1640
f 1640 1654 1655
f 1640 1655 1641
f 1641 1655 1656
f 1641 1656 1642
f 1642 1656 1657
f 1642 1657 1643
f 1643 1657 1658
f 1643 1658 138
f 138 1658 140
f 1608 1606 1644
f 1644 1606 1659
f 1644 1659 1645
f 1645 1659 1660
f 1645 1660 1646
f 1646 1660 1661
f 1646 1661 1647
f 1647 1661 1662
f 1647 1662 1648
f 1648 1662 1663
f 1648 1663 1649
f 1649 1663 1664
f 1649 1664 1650
f 1650 1664 1665
f 1650 1665 1651
f 1651 1665 1666
f 1651 1666 1652
f 1652 1666 1667
f 1652 1667 1653
f 1653 1667 1668
f 1653 1668 1654
f 1654 1668 1669
f 1654 1669 1655
f 1655 1669 1670
f 1655 1670 1656
f 1656 1670 1671
f 1656 1671 1657
f 1657 1671 1672
f 1657 1672 1658
f 1658 1672 1673
f 1658 1673 140
f 140 1673 142
f 1606 1604 1659
f 1659 1604 1674
f 1659 1674 1660
f 1660 1674 1675
f 1660 1675 1661
f 1661 1675 1676
f 1661 1676 1662
f 1662 1676 1677
f 1662 1677 1663
f 1663 1677 1678
f 1663 1678 1664
f 1664 1678 1679
f 1664 1679 1665
f 1665 1679 1680
f 1665 1680 1666
f 1666 1680 1681
f 1666 1681 1667
f 1667 1681 1682
f 1667 1682 1668
f 1668 1682 1683
f 1668 1683 1669
f 1669 1683 1684
f 1669 1684 1670
f 1670 1684 1685
f 1670 1685 1671
f 1671 1685 1686
f 1671 1686 1672
f 1672 1686 1687
f 1672 1687 1673
f 1673 1687 1688
f 1673 1688 142
f 142 1688 144
f 144 1688 250
f 250 1688 1689
f 250 1689 248
f 248 1689 1690
f 248 1690 246
f 246 1690 1691
f 246 1691 244
f 244 1691 1692
f 244 1692 242
f 242 1692 1693
f 242 1693 240
f 240 1693 1694
f 240 1694 238
f 238 1694 1695
f 238 1695 236
f 236 1695 1696
f 236 1696 234
f 234 1696 1697
f 234 1697 232
f 232 1697 1698
f 232 1698 230
f 230 1698 1699
f 230 1699 228
f 228 1699 1700
f 228 1700 226
f 226 1700 1701
f 226 1701 224
f 224 1701 1702
f 224 1702 222
f 222 1702 1576
f 222 1576 220
f 1576 1702 1577
f 1577 1702 1703
f 1577 1703 1578
f 1578 1703 1704
f 1578 1704 1580
f 1580 1704 1705
f 1580 1705 1582
f 1582 1705 1706
f 1582 1706 1584
f 1584 1706 1707
f 1584 1707 1586
f 1586 1707 1708
f 1586 1708 1588
f 1588 1708 1709
f 1588 1709 1590
f 1590 1709 1710
f 1590 1710 1592
f 1592 1710 1711
f 1592 1711 1594
f 1594 1711 1712
f 1594 1712 1596
f 1596 1712 1713
f 1596 1713 1598
f 1598 1713 1714
f 1598 1714 1600
f 1600 1714 1715
f 1600 1715 1602
f 1602 1715 1674
f 1602 1674 1604
f 1674 1715 1675
f 1675 1715 1716
f 1675 1716 1676
f 1676 1716 1717
f 1676 1717 1677
f 1677 1717 1718
f 1677 1718 1678
f 1678 1718 1719
f 1678 1719 1679
f 1679 1719 1720
f 1679 1720 1680
f 1680 1720 1721
f 1680 1721 1681
f 1681 1721 1722
f 1681 1722 1682
f 1682 1722 1723
f 1682 1723 1683
f 1683 1723 1724
f 1683 1724 1684
f 1684 1724 1725
f 1684 1725 1685
f 1685 1725 1726
f 1685 1726 1686
f 1686 1726 1727
f 1686 1727 1687
f 1687 1727 1689
f 1687 1689 1688
f 1689 1727 1690
f 1690 1727 1728
f 1690 1728 1691
f 1691 1728 1729
f 1691 1729 1692
f 1692 1729 1730
f 1692 1730 1693
f 1693 1730 1731
f 1693 1731 1694
f 1694 1731 1732
f 1694 1732 1695
f 1695 1732 1733
f 1695 1733 1696
f 1696 1733 1734
f 1696 1734 1697
f 1697 1734 1735
f 1697 1735 1698
f 1698 1735 1736
f 1698 1736 1699
f 1699 1736 1737
f 1699 1737 1700
f 1700 1737 1738
f 1700 1738 1701
f 1701 1738 1703
f 1701 1703 1702
f 1703 1738 1704
f 1704 1738 1739
f 1704 1739 1705
f 1705 1739 1740
f 1705 1740 1706
f 1706 1740 1741
f 1706 1741 1707
f 1707 1741 1742
f 1707 1742 1708
f 1708 1742 1743
f 1708 1743 1709
f 1709 1743 1744
f 1709 1744 1710
f 1710 1744 1745
f 1710 1745 1711
f 1711 1745 1746
f 1711 1746 1712
f 1712 1746 1747
f 1712 1747 1713
f 1713 1747 1748
f 1713 1748 1714
f 1714 1748 1716
f 1714 1716 1715
f 1716 1748 1717
f 1717 1748 1749
f 1717 1749 1718
f 1718 1749 1750
f 1718 1750 1719
f 1719 1750 1751
f 1719 1751 1720
f 1720 1751 1752
f 1720 1752 1721
f 1721 1752 1753
f 1721 1753 1722
f 1722 1753 1754
f 1722 1754 1723
f 1723 1754 1755
f 1723 1755 1724
f 1724 1755 1756
f 1724 1756 1725
f 1725 1756 1757
f 1725 1757 1726
f 1726 1757 1728
f 1726 1728 1727
f 1728 1757 1729
f 1729 1757 1758
f 1729 1758 1730
f 1730 1758 1759
f 1730 1759 1731
f 1731 1759 1760
f 1731 1760 1732
f 1732 1760 1761
f 1732 1761 1733
f 1733 1761 1762
f 1733 1762 1734
f 1734 1762 1763
f 1734 1763 1735
f 1735 1763 1764
f 1735 1764 1736
f 1736 1764 1765
f 1736 1765 1737
f 1737 1765 1739
f 1737 1739 1738
f 1739 1765 1740
f 1740 1765 1766
f 1740 1766 1741
f 1741 1766 1767
f 1741 1767 1742
f 1742 1767 1768
f 1742 1768 1743
f 1743 1768 1769
f 1743 1769 1744
f 1744 1769 1770
f 1744 1770 1745
f 1745 1770 1771
f 1745 1771 1746
f 1746 1771 1772
f 1746 1772 1747
f 1747 1772 1749
f 1747 1749 1748
f 1749 1772 1750
f 1750 1772 1773
f 1750 1773 1751
f 1751 1773 1774
f 1751 1774 1752
f 1752 1774 1775
f 1752 1775 1753
f 1753 1775 1776
f 1753 1776 1754
f 1754 1776 1777
f 1754 1777 1755
f 1755 1777 1778
f 1755 1778 1756
f 1756 1778 1758
f 1756 1758 1757
f 1758 1778 1759
f 1759 1778 1779
f 1759 1779 1760
f 1760 1779 1780
f 1760 1780 1761
f 1761 1780 1781
f 1761 1781 1762
f 1762 1781 1782
f 1762 1782 1763
f 1763 1782 1783
f 1763 1783 1764
f 1764 1783 1766
f 1764 1766 1765
f 1766 1783 1767
f 1767 1783 1784
f 1767 1784 1768
f 1768 1784 1785
f 1768 1785 1769
f 1769 1785 1786
f 1769 1786 1770
f 1770 1786 1787
f 1770 1787 1771
f 1771 1787 1773
f 1771 1773 1772
f 1773 1787 1774
f 1774 1787 1788
f 1774 1788 1775
f 1775 1788 1789
f 1775 1789 1776
f 1776 1789 1790
f 1776 1790 1777
f 1777 1790 1779
f 1777 1779 1778
f 1779 1790 1780
f 1780 1790 1791
f 1780 1791 1781
f 1781 1791 1792
f 1781 1792 1782
f 1782 1792 1784
f 1782 1784 1783
f 1784 1792 1785
f 1785 1792 1793
f 1785 1793 1786
f 1786 1793 1788
f 1786 1788 1787
f 1788 1793 1789
f 1789 1793 1791
f 1789 1791 1790
f 1793 1792 1791
f 1573 1579 1575
f 1575 1579 1794
f 1575 1794 1562
f 1562 1794 1795
f 1562 1795 1561
f 1561 1795 1796
f 1561 1796 1560
f 1560 1796 1797
f 1560 1797 1559
f 1559 1797 1798
f 1559 1798 1799
f 1799 1798 1587
f 1799 1587 1800
f 1800 1587 1589
f 1800 1589 1801
f 1801 1589 1591
f 1801 1591 1802
f 1802 1591 1803
f 1802 1803 1556
f 1556 1803 1555
f 1556 1557 1802
f 1802 1557 1801
f 1801 1557 1800
f 1800 1557 1558
f 1800 1558 1799
f 1799 1558 1559
f 1591 1593 1803
f 1803 1593 1804
f 1803 1804 1555
f 1555 1804 1805
f 1555 1805 1554
f 1554 1805 1806
f 1554 1806 1553
f 1553 1806 1807
f 1553 1807 1552
f 1552 1807 1808
f 1552 1808 1809
f 1809 1808 1601
f 1809 1601 1810
f 1810 1601 1603
f 1810 1603 1811
f 1811 1603 1605
f 1811 1605 1812
f 1812 1605 1813
f 1812 1813 1549
f 1549 1813 1548
f 1549 1550 1812
f 1812 1550 1811
f 1811 1550 1810
f 1810 1550 1551
f 1810 1551 1809
f 1809 1551 1552
f 1605 1607 1813
f 1813 1607 1814
f 1813 1814 1548
f 1548 1814 1815
f 1548 1815 1547
f 1547 1815 1816
f 1547 1816 1546
f 1546 1816 1817
f 1546 1817 1545
f 1545 1817 1818
f 1545 1818 1544
f 1544 1818 1441
f 1544 1441 1439
f 1441 1818 1443
f 1443 1818 1613
f 1818 1817 1613
f 1613 1817 1611
f 1817 1816 1611
f 1611 1816 1609
f 1816 1815 1609
f 1609 1815 1814
f 1609 1814 1607
f 1601 1808 1599
f 1599 1808 1807
f 1599 1807 1597
f 1597 1807 1806
f 1597 1806 1595
f 1595 1806 1805
f 1595 1805 1804
f 1593 1595 1804
f 1587 1798 1585
f 1585 1798 1797
f 1585 1797 1583
f 1583 1797 1796
f 1583 1796 1581
f 1581 1796 1795
f 1581 1795 1794
f 1794 1579 1581
f 89 87 179
f 179 87 85
f 85 84 83
f 85 83 181
f 181 83 81
f 181 81 80
f 181 80 183
f 183 80 79
f 183 79 77
f 183 77 185
f 185 77 76
f 185 76 74
f 185 74 187
f 187 74 73
f 187 73 71
f 187 71 189
f 189 71 69
f 189 69 191
f 191 69 68
f 191 68 193
f 193 68 67
f 193 67 65
f 193 65 195
f 195 65 64
f 195 64 62
f 195 62 197
f 197 62 61
f 197 61 59
f 197 59 199
f 199 59 58
f 199 58 56
f 199 56 201
f 201 56 54
f 201 54 203
f 203 54 53
f 203 53 205
f 205 53 52
f 205 52 50
f 205 50 207
f 207 50 49
f 207 49 47
f 207 47 209
f 209 47 46
f 209 46 44
f 209 44 211
f 211 44 41
f 211 41 213
f 213 41 1819
f 213 1819 359
f 359 1819 358
f 44 43 41
f 358 1819 405
f 405 1819 41
f 1820 1137 1127
f 1127 1137 1821
f 1127 1821 1822
f 1822 1821 1823
f 1822 1823 1824
f 1824 1823 1825
f 1824 1825 1826
f 1826 1825 1827
f 1826 1827 1828
f 1828 1827 1829
f 1828 1829 1830
f 1830 1829 1831
f 1830 1831 1832
f 1832 1831 1833
f 1832 1833 1834
f 1834 1833 1835
f 1834 1835 1836
f 1836 1835 1837
f 1836 1837 1838
f 1838 1837 1839
f 1838 1839 1840
f 1840 1839 1841
f 1840 1841 1842
f 1842 1841 1843
f 1842 1843 1844
f 1844 1843 1845
f 1844 1845 1846
f 1846 1845 99
f 1846 99 1847
f 1847 99 1848
f 509 508 1848
f 1848 508 1847
f 508 486 1847
f 1847 486 487
f 1847 487 1846
f 1846 487 488
f 1846 488 490
f 1846 490 1844
f 1844 490 492
f 1844 492 499
f 499 494 1844
f 1844 494 1842
f 494 498 1842
f 1842 498 496
f 1842 496 1840
f 1840 496 497
f 1840 497 500
f 1840 500 1838
f 1838 500 502
f 1838 502 504
f 1838 504 1836
f 1836 504 506
f 1836 506 507
f 507 859 1836
f 1836 859 1834
f 1834 859 860
f 1834 860 900
f 1834 900 1832
f 1832 900 901
f 1832 901 903
f 1832 903 1830
f 1830 903 904
f 1830 904 1135
f 1830 1135 1828
f 1828 1135 1134
f 1828 1134 1133
f 1828 1133 1826
f 1826 1133 1132
f 1826 1132 1131
f 1826 1131 1824
f 1824 1131 1130
f 1824 1130 1129
f 1824 1129 1822
f 1822 1129 1128
f 1822 1128 1127
f 1127 1126 1125
f 1127 1125 1820
f 1820 1125 1136
f 1820 1136 1137
f 1137 1138 1139
f 1137 1139 1821
f 1821 1139 1140
f 1821 1140 1141
f 1821 1141 1823
f 1823 1141 1142
f 1823 1142 1143
f 1823 1143 1825
f 1143 1144 1825
f 1825 1144 1145
f 1825 1145 1827
f 1827 1145 1146
f 1827 1146 1147
f 1827 1147 1829
f 1829 1147 1148
f 1829 1148 1149
f 1829 1149 1831
f 1831 1149 1150
f 1831 1150 1151
f 1831 1151 1833
f 1151 1152 1833
f 1833 1152 1153
f 1833 1153 1835
f 1835 1153 1154
f 1835 1154 1837
f 1837 1154 1155
f 1837 1155 1156
f 1837 1156 1839
f 1839 1156 1157
f 1839 1157 1158
f 1158 1159 1839
f 1839 1159 1841
f 1159 1160 1841
f 1841 1160 1843
f 1160 1161 1843
f 1843 1161 1162
f 1843 1162 1163
f 1843 1163 1845
f 1845 1163 100
f 1845 100 99
f 99 101 511
f 99 511 1848
f 1848 511 509

