# https://github.com/mikedh/trimesh

o torso4.stl
v 0.17566158 0.08756414 -0.09907790
v 0.17622381 0.08755215 -0.09824707
v 0.17976826 0.08785227 -0.09229076
v 0.18059900 0.08784389 -0.08929669
v 0.18148829 0.08785061 -0.08473902
v 0.17573525 0.08656538 -0.09907839
v 0.17626600 0.08638610 -0.09832472
v 0.17954676 0.08645064 -0.09294622
v 0.18140544 0.08641251 -0.08626301
v 0.18062800 0.08644390 -0.08945685
v 0.17587520 0.08670207 0.09883479
v 0.17642272 0.08630276 0.09805039
v 0.17987233 0.08644985 0.09227999
v 0.18077001 0.08644390 0.08917158
v 0.18152620 0.08639749 0.08571751
v 0.18166621 0.08655853 0.08455653
v 0.17585766 0.08773340 0.09872322
v 0.17991699 0.08785129 0.09195390
v 0.17637222 0.08773269 0.09795482
v 0.18159664 0.08784939 0.08444807
v 0.18074200 0.08784389 0.08900547
v 0.07614547 0.15255299 0.08060038
v 0.05736649 0.14463900 0.09146608
v 0.09610295 0.15256891 0.06905668
v 0.11489400 0.14468502 0.05819100
v 0.04204827 0.12976600 0.10033400
v 0.13023600 0.12983701 0.04932397
v 0.03206229 0.10974500 0.10611899
v 0.14025502 0.10983101 0.04353868
v 0.02861225 0.08702279 0.10812400
v 0.14374100 0.08711445 0.04153269
v 0.03121370 0.06732076 0.10662900
v 0.14096901 0.06667530 0.04314530
v 0.03871840 0.04945076 0.10229602
v 0.13289090 0.04820978 0.04782629
v 0.09599286 0.15256891 -0.06920969
v 0.11480202 0.14468500 -0.05837386
v 0.07601709 0.15255302 -0.08072155
v 0.05722069 0.14463900 -0.09155726
v 0.13015799 0.12983701 -0.04953141
v 0.04188847 0.12976600 -0.10040000
v 0.14018489 0.10983101 -0.04376196
v 0.03189319 0.10974500 -0.10616900
v 0.14367501 0.08711445 -0.04176145
v 0.02843999 0.08702278 -0.10816999
v 0.14090000 0.06667530 -0.04336965
v 0.03104376 0.06732076 -0.10667901
v 0.03855538 0.04945075 -0.10235799
v 0.13281502 0.04820978 -0.04803788
v 0.05313718 0.03989903 -0.09376575
v 0.12020100 0.03350180 -0.05531358
v 0.05385887 0.03952598 -0.09354287
v 0.05030834 0.03492617 -0.09559117
v 0.07046198 0.03036415 -0.08397902
v 0.10429400 0.02398580 -0.06448495
v 0.08664780 0.02057194 -0.07465577
v 0.18104757 0.06084203 -0.08624856
v 0.17614329 0.03989487 -0.08624543
v 0.18086800 0.05979609 -0.08624410
v 0.18930463 0.08678868 -0.04151175
v 0.18825498 0.08646696 -0.04497867
v 0.18424603 0.08644822 -0.06324196
v 0.18283500 0.08644366 -0.07125645
v 0.18151279 0.08651755 -0.08487203
v 0.18278399 0.08784359 -0.07116986
v 0.18420665 0.08785074 -0.06305721
v 0.18819600 0.08786588 -0.04480975
v 0.18926223 0.08769906 -0.04142436
v 0.18937109 0.08678753 0.04120969
v 0.18436414 0.08644857 0.06290902
v 0.18832500 0.08646595 0.04467999
v 0.18294902 0.08644366 0.07095939
v 0.18430018 0.08785074 0.06279942
v 0.18289101 0.08784360 0.07092118
v 0.18933225 0.08769245 0.04112418
v 0.18826000 0.08786691 0.04453718
v 0.08608093 0.16847068 0.05118459
v 0.08608493 0.16856949 0.05632054
v 0.08608299 0.16892700 0.05424720
v 0.08608835 0.16820599 0.06033957
v 0.08608910 0.16852061 0.06151455
v 0.09354118 0.16800103 0.06357029
v 0.09353929 0.16763601 0.06083238
v 0.09353706 0.16797300 0.05843126
v 0.08284918 0.16862100 0.04918266
v 0.07812787 0.16834500 0.04918646
v 0.08155256 0.16905901 0.04918378
v 0.08025616 0.16906400 0.04918479
v 0.07340922 0.16858947 0.04919027
v 0.08285662 0.16850097 0.05837267
v 0.08131188 0.16905500 0.05687165
v 0.07977336 0.16906402 0.05537635
v 0.07810366 0.16835000 0.05375277
v 0.08284660 0.16857934 0.04593395
v 0.08168906 0.16905999 0.04593498
v 0.08053190 0.16906402 0.04593586
v 0.07412266 0.16820802 0.04594099
v 0.06542629 0.16905202 0.04594784
v 0.06542748 0.16751102 0.04594784
v 0.09677035 0.16771848 0.04969492
v 0.09677629 0.16757539 0.05704426
v 0.09677438 0.16801800 0.05505419
v 0.08286011 0.16862956 0.06289267
v 0.07956881 0.16883899 0.05969378
v 0.08116464 0.16905300 0.06124520
v 0.07403135 0.16823402 0.05431115
v 0.10116491 0.16661900 0.06131018
v 0.10546301 0.16618848 0.06548631
v 0.06860454 0.16905475 0.08976185
v 0.06870570 0.16801862 0.08983292
v 0.06984650 0.16836143 0.09043311
v 0.07066698 0.16878785 0.09030950
v 0.07117519 0.16817291 0.09000576
v 0.07153259 0.16905698 0.08941977
v 0.07163786 0.16819599 0.08911169
v 0.07163625 0.16819391 0.08702588
v 0.07163431 0.16853800 0.08493169
v 0.06994885 0.16809700 0.08493298
v 0.06826460 0.16797999 0.08493435
v 0.06826370 0.16905400 0.08493435
v 0.06826615 0.16798291 0.08702856
v 0.06219780 0.16738233 0.08391270
v 0.06746877 0.16791503 0.08361500
v 0.06219625 0.16904999 0.08361918
v 0.07275657 0.16867721 0.08361079
v 0.06219869 0.16738501 0.08493918
v 0.06219726 0.16904999 0.08493918
v 0.07275897 0.16824500 0.08625745
v 0.07272353 0.16857007 0.08907419
v 0.06923491 0.16805708 0.09166854
v 0.06990612 0.16905554 0.09175307
v 0.07069898 0.16833422 0.09161948
v 0.06798038 0.16796616 0.09099237
v 0.06871825 0.16905500 0.09153395
v 0.06753270 0.16905402 0.09031494
v 0.06746999 0.16792601 0.09019058
v 0.06478220 0.16768402 0.09098887
v 0.06220394 0.16740058 0.09167111
v 0.06220287 0.16904999 0.09197920
v 0.06220299 0.16739801 0.09043920
v 0.06455719 0.16765800 0.08955878
v 0.06220168 0.16904999 0.09043920
v 0.06691950 0.16787800 0.08867537
v 0.06691856 0.16905300 0.08867537
v 0.06691807 0.16787501 0.08680880
v 0.06691658 0.16787091 0.08493536
v 0.06691557 0.16905300 0.08493536
v 0.06455540 0.16764900 0.08493727
v 0.07274975 0.16866809 0.07509559
v 0.06813830 0.16794690 0.07525449
v 0.06353891 0.16750690 0.07525807
v 0.06353765 0.16905101 0.07525807
v 0.06354159 0.16752090 0.07856839
v 0.06315084 0.16748707 0.08185844
v 0.06354296 0.16905102 0.08185808
v 0.06219619 0.16737600 0.08185917
v 0.06219309 0.16735999 0.07791399
v 0.06219489 0.16904999 0.08185917
v 0.06218987 0.16734090 0.07393920
v 0.06218856 0.16904999 0.07393920
v 0.06746077 0.16788802 0.07393497
v 0.07274881 0.16876158 0.07393079
v 0.06353056 0.16744699 0.06469810
v 0.06353205 0.16745999 0.06667429
v 0.06352925 0.16905101 0.06469810
v 0.06363231 0.16748565 0.06904303
v 0.06366397 0.16905104 0.06917134
v 0.06442822 0.16758005 0.07029687
v 0.06454489 0.16905148 0.07041734
v 0.06553230 0.16769701 0.07079534
v 0.06746608 0.16787602 0.07085496
v 0.06578099 0.16905200 0.07085627
v 0.06957626 0.16803828 0.07074942
v 0.06978013 0.16905564 0.07069913
v 0.07078625 0.16835967 0.07004973
v 0.07134722 0.16814478 0.06884738
v 0.07139539 0.16814099 0.06666809
v 0.07129830 0.16905697 0.06903695
v 0.07139350 0.16850321 0.06469192
v 0.06745707 0.16784801 0.06469500
v 0.07240890 0.16839941 0.06992017
v 0.07136686 0.16815229 0.07132348
v 0.07207190 0.16905700 0.07063126
v 0.07117378 0.16905698 0.07151211
v 0.07050076 0.16810252 0.07184258
v 0.07027549 0.16905592 0.07195276
v 0.06940831 0.16803122 0.07212345
v 0.06915230 0.16905501 0.07217366
v 0.06746715 0.16788200 0.07217496
v 0.06556702 0.16770647 0.07213411
v 0.06578207 0.16905200 0.07217627
v 0.06443478 0.16758899 0.07184732
v 0.06465846 0.16905202 0.07195718
v 0.06356777 0.16749044 0.07132933
v 0.06375938 0.16905102 0.07151800
v 0.06265119 0.16737656 0.07022804
v 0.06265219 0.16904999 0.07023264
v 0.06225626 0.16732121 0.06900299
v 0.06218367 0.16729189 0.06601226
v 0.06218439 0.16904999 0.06865918
v 0.06218159 0.16727300 0.06337916
v 0.06218016 0.16905001 0.06337916
v 0.06745177 0.16784100 0.06337499
v 0.07274047 0.16859709 0.06337075
v 0.07274287 0.16821000 0.06600397
v 0.07274456 0.16872120 0.06865077
v 0.05068880 0.03565645 -0.09806400
v 0.05107635 0.03639978 -0.10051902
v 0.05046045 0.03492617 0.09551096
v 0.05084484 0.03565645 0.09798306
v 0.05123639 0.03639978 0.10043700
v 0.05329985 0.03989220 0.09367809
v 0.05400777 0.03952598 0.09345697
v 0.12028901 0.03350180 0.05512207
v 0.07059556 0.03036415 0.08386665
v 0.10439600 0.02398580 0.06431877
v 0.08676660 0.02057194 0.07451767
v 0.18096006 0.05872057 0.08606111
v 0.18071292 0.05751389 0.08605605
v 0.17593001 0.03877609 0.08606958
v 0.17534100 0.03786158 0.08605939
v 0.16547196 0.02042007 0.08607147
v 0.04628450 0.08648308 0.16067831
v 0.01454343 0.08626685 0.14528733
v 0.01644837 0.08626306 0.14569201
v -0.01915985 0.08624268 0.13508590
v -0.01853008 0.08623518 0.13471624
v -0.05401530 0.08617068 0.12984231
v 0.04636780 0.08779509 0.16072842
v 0.01646226 0.08776308 0.14565502
v 0.01463665 0.08777270 0.14525294
v -0.01857763 0.08773512 0.13466451
v -0.01911497 0.08775275 0.13505502
v -0.05401447 0.08771598 0.12982550
v -0.01932337 0.08623911 -0.13483465
v 0.01432715 0.08626619 -0.14527105
v -0.01834106 0.08623545 -0.13477799
v 0.04597320 0.08628570 -0.16081746
v 0.01624959 0.08626306 -0.14573100
v 0.01439034 0.08777408 -0.14531182
v 0.01626360 0.08776307 -0.14569400
v 0.04612155 0.08779440 -0.16078615
v 0.07913255 0.03682786 0.14960399
v 0.08834668 0.02920228 0.14394701
v 0.06140905 0.03019589 0.10082800
v 0.07157897 0.02558159 0.10015301
v 0.09896750 0.02387046 0.13817202
v 0.07632719 0.02391839 0.09938389
v 0.08057016 0.02265930 0.09812391
v 0.11182602 0.02088588 0.13187702
v 0.08389526 0.02179598 0.09621388
v 0.08562856 0.02129936 0.09343177
v 0.08654236 0.02071869 0.08428335
v 0.12773199 0.02152568 0.12473401
v 0.14518492 0.02767318 0.11721500
v 0.16111901 0.04027629 0.11007491
v 0.17016600 0.05377244 0.10509701
v 0.17520800 0.06940245 0.10072400
v 0.17621300 0.07749730 0.09906315
v 0.17316200 0.10587300 0.09780435
v 0.16569999 0.12242101 0.09978985
v 0.15473692 0.13633600 0.10410201
v 0.13868700 0.14798801 0.11225000
v 0.12728700 0.15227500 0.11960400
v 0.11568300 0.15357800 0.12866300
v 0.11378000 0.15348201 0.13025591
v 0.11187600 0.15329301 0.13186702
v 0.10620200 0.15219299 0.13656691
v 0.10056100 0.15029100 0.14103700
v 0.09327286 0.14651391 0.14673600
v 0.08655506 0.14146499 0.15195900
v 0.08458000 0.13967100 0.15339600
v 0.08339560 0.13853800 0.15418600
v 0.08246589 0.13762189 0.15476599
v 0.07995499 0.13503300 0.15612601
v 0.06973474 0.12164454 0.15988328
v 0.06363105 0.10710301 0.16251300
v 0.06169718 0.09719407 0.16378300
v 0.06146496 0.09531391 0.16390400
v 0.06093168 0.08704848 0.16400100
v 0.06091988 0.08527547 0.16393101
v 0.06094390 0.08353048 0.16383092
v 0.06107258 0.08068960 0.16362600
v 0.06253707 0.07034265 0.16249301
v 0.06617529 0.05787158 0.15955502
v 0.07158529 0.04660689 0.15495999
v 0.07135266 0.04658395 -0.15506300
v 0.07892417 0.03679698 -0.14970990
v 0.06124937 0.03019487 -0.10092600
v 0.08818184 0.02916049 -0.14405000
v 0.07141935 0.02558159 -0.10026700
v 0.07514786 0.02425229 -0.09971040
v 0.09889119 0.02381956 -0.13825600
v 0.07866448 0.02315366 -0.09886366
v 0.08174247 0.02230447 -0.09764987
v 0.08419997 0.02168107 -0.09592860
v 0.08547955 0.02129936 -0.09356808
v 0.11175700 0.02087259 -0.13198900
v 0.08640795 0.02071869 -0.08442187
v 0.12744801 0.02151197 -0.12497501
v 0.14495800 0.02765548 -0.11746400
v 0.16094300 0.04027629 -0.11033089
v 0.17001900 0.05381548 -0.10535200
v 0.17504792 0.06940245 -0.10100199
v 0.17605500 0.07749730 -0.09934377
v 0.17628500 0.08553546 -0.09838588
v 0.17300402 0.10587901 -0.09808040
v 0.16553399 0.12243201 -0.10005601
v 0.15456299 0.13634400 -0.10435189
v 0.13850699 0.14798801 -0.11247101
v 0.12709591 0.15227500 -0.11980700
v 0.11547302 0.15357800 -0.12885091
v 0.11357000 0.15348201 -0.13043900
v 0.11166601 0.15329300 -0.13204500
v 0.10598400 0.15219399 -0.13673601
v 0.10033600 0.15029100 -0.14119700
v 0.09303915 0.14651391 -0.14688399
v 0.08631336 0.14146499 -0.15209700
v 0.08432477 0.13966000 -0.15353701
v 0.08309727 0.13848700 -0.15435199
v 0.08221369 0.13761701 -0.15490100
v 0.07970757 0.13503399 -0.15625300
v 0.06948181 0.12164746 -0.15999418
v 0.06338048 0.10713489 -0.16260900
v 0.06143605 0.09719306 -0.16388100
v 0.06120389 0.09531488 -0.16400200
v 0.06067038 0.08704848 -0.16409701
v 0.06065875 0.08527749 -0.16402701
v 0.06068277 0.08353346 -0.16392800
v 0.06081199 0.08069056 -0.16372301
v 0.06227785 0.07034367 -0.16259299
v 0.06592118 0.05787158 -0.15966092
v 0.09679665 0.16750973 0.08257377
v 0.09678987 0.16745517 0.07400299
v 0.09680346 0.16737382 0.09101290
v 0.09678724 0.16750291 0.07077300
v 0.09678357 0.16756801 0.06618604
v 0.09678003 0.16742951 0.06158298
v 0.09355727 0.16777340 0.08361131
v 0.08977709 0.16821150 0.08418404
v 0.08981147 0.16830452 0.07997090
v 0.08610095 0.16847864 0.07636458
v 0.08287174 0.16857696 0.07747269
v 0.08609682 0.16852351 0.07122117
v 0.08609277 0.16844292 0.06603455
v 0.09355306 0.16788849 0.07847217
v 0.09354894 0.16788000 0.07328130
v 0.10152200 0.16679074 0.07076918
v 0.10555902 0.16604798 0.07399599
v 0.10622864 0.16584596 0.07076538
v 0.11421239 0.16409416 0.07398909
v 0.10149002 0.16689725 0.06616103
v 0.09354537 0.16784102 0.06876129
v 0.08980507 0.16830948 0.06964273
v 0.08980235 0.16835314 0.06512354
v 0.08286589 0.16865700 0.07015345
v 0.08606905 0.16847692 0.03631586
v 0.08283966 0.16870800 0.03732657
v 0.08283294 0.16877329 0.02892410
v 0.08976962 0.16844453 0.03566598
v 0.08978766 0.16850293 0.03993027
v 0.09352516 0.16809352 0.04356259
v 0.09676456 0.16772601 0.04246425
v 0.09352922 0.16808198 0.04869702
v 0.09353349 0.16794400 0.05389255
v 0.08285275 0.16881298 0.05385963
v 0.08607304 0.16862252 0.04144680
v 0.08607717 0.16857219 0.04664588
v 0.08979373 0.16840900 0.05025811
v 0.08968120 0.16848154 0.05468395
v 0.05972278 0.08663234 -0.16433059
v 0.05259377 0.08629004 -0.16355352
v 0.05973877 0.08779316 -0.16438328
v 0.05265425 0.08779472 -0.16358708
v -0.08042783 0.08641134 0.00885325
v -0.08013999 0.08618100 0.01166909
v -0.08041571 0.08768166 0.00879027
v -0.08017893 0.08768381 0.01157814
v -0.07936162 0.08629937 0.01436847
v -0.07944164 0.08768676 0.01428356
v -0.08021204 0.08617998 -0.01155114
v -0.08045246 0.08639709 -0.00872585
v -0.08041040 0.08768196 -0.00866216
v -0.08015632 0.08768418 -0.01144307
v -0.07935387 0.08768685 -0.01411482
v -0.07940454 0.08636332 -0.01424317
v -0.06015717 0.08771007 0.12770952
v -0.06016541 0.08620591 0.12777446
v -0.06432243 0.08770373 0.12281699
v -0.06434091 0.08620139 0.12287308
v -0.06540728 0.08769790 0.11642064
v -0.06540246 0.08621563 0.11646515
v -0.05422123 0.08616856 -0.12974331
v -0.06038219 0.08620609 -0.12768486
v -0.05422484 0.08771807 -0.12979709
v -0.06034115 0.08770937 -0.12759955
v -0.06454776 0.08770449 -0.12273514
v -0.06448346 0.08620082 -0.12273992
v -0.06554043 0.08621450 -0.11636583
v -0.06566172 0.08769786 -0.11631000
v -0.01891088 0.08774103 -0.13477845
v -0.06942485 0.08769470 0.04744586
v -0.06945282 0.08619466 0.04754764
v -0.06474737 0.08769841 0.08177859
v -0.06468394 0.08619848 0.08184420
v -0.06493323 0.08619838 -0.08174772
v -0.06483591 0.08769844 -0.08167309
v -0.06947957 0.08619472 -0.04742630
v -0.06951431 0.08769470 -0.04733822
v 0.18149361 0.08530912 0.08606578
v 0.18152849 0.08424501 0.08606809
v 0.18168658 0.08412328 0.08489349
v 0.18165646 0.08521364 0.08467234
v 0.18163449 0.07645350 0.08582725
v 0.18158118 0.06868702 0.08589378
v 0.18170133 0.06869619 0.08481023
v 0.12990701 -0.00615275 0.08610527
v 0.12799911 -0.00671168 0.08610743
v 0.12903659 -0.00653412 0.08486184
v 0.13059361 -0.00605464 0.08470159
v 0.13242884 -0.00535188 0.08484475
v 0.13165742 -0.00560249 0.08610020
v 0.13342699 -0.00489443 0.08609432
v 0.12755886 -0.00695206 0.08470649
v 0.12608203 -0.00723499 0.08610537
v 0.12620066 -0.00733342 0.08470585
v 0.15246086 0.00674552 0.08468185
v 0.15108845 0.00569418 0.08608186
v 0.16820149 0.02417883 0.08466953
v 0.17823708 0.04545018 0.08466189
v 0.18148029 0.06378751 0.08585259
v 0.18149754 0.06868389 -0.08597857
v 0.18149787 0.07644266 -0.08601913
v 0.18154880 0.08412179 -0.08517475
v 0.18152635 0.06870060 -0.08495045
v 0.18140398 0.08423503 -0.08625658
v 0.12594955 -0.00723006 -0.08620505
v 0.12783942 -0.00674346 -0.08621249
v 0.12606877 -0.00734354 -0.08490764
v 0.12742132 -0.00694342 -0.08490871
v 0.12878363 -0.00657198 -0.08491196
v 0.12964010 -0.00621875 -0.08610949
v 0.13045600 -0.00604403 -0.08490896
v 0.13216309 -0.00539119 -0.08490584
v 0.13145319 -0.00563133 -0.08620969
v 0.13308194 -0.00500786 -0.08602700
v 0.15133800 0.00599846 -0.08622273
v 0.15232764 0.00674415 -0.08492463
v 0.16596851 0.02126806 -0.08623552
v 0.16806598 0.02417955 -0.08493726
v 0.17811099 0.04545286 -0.08494607
v 0.18137500 0.06485097 -0.08610339
v 0.18148930 0.08525062 -0.08493391
v 0.18136962 0.08531775 -0.08625440
v 0.07172891 0.16849853 0.09097064
v 0.07245283 0.16854198 0.09010109
v -0.05914175 0.03591597 -0.12670802
v -0.06034457 0.03146409 -0.12536199
v -0.06263428 0.03617417 -0.12375900
v -0.06259006 0.03312230 -0.12342900
v -0.06476569 0.03655547 -0.11972101
v -0.06472098 0.03310358 -0.11934400
v -0.06522220 0.03700214 -0.11519301
v -0.06518840 0.03385716 -0.11485200
v -0.05255186 0.01017355 -0.12748800
v -0.04492515 -0.01437185 -0.12861733
v -0.04877525 -0.01567107 -0.12576100
v -0.06136518 0.02765429 -0.12383600
v -0.05177526 -0.01690481 -0.12199884
v -0.06232345 0.02401150 -0.12192536
v -0.06382125 0.01795208 -0.11695200
v -0.05383759 -0.01769459 -0.11754900
v -0.06425297 0.01585286 -0.11383902
v -0.05473077 -0.01831480 -0.11270100
v -0.05976599 -0.00188959 -0.11203702
v -0.06437557 0.01494479 -0.11151400
v -0.05064636 -0.01660668 -0.12359001
v -0.05406498 -0.01802968 -0.11656000
v -0.04109400 -0.01299279 -0.13033301
v -0.03700208 -0.01164305 -0.13131000
v -0.03792744 -0.02787154 -0.12963800
v -0.04360628 -0.03063929 -0.12457201
v -0.05234855 0.01017308 0.12757200
v -0.05893987 0.03591495 0.12680198
v -0.04471099 -0.01440048 0.12869066
v -0.06016117 0.03140300 0.12543701
v -0.04854878 -0.01575195 0.12584236
v -0.06119270 0.02756106 0.12389100
v -0.06215079 0.02392902 0.12197566
v -0.05158232 -0.01690053 0.12208063
v -0.06364959 0.01788926 0.11697900
v -0.05362591 -0.01776992 0.11763845
v -0.06407260 0.01584869 0.11393102
v -0.06419777 0.01494467 0.11161601
v -0.05958747 -0.00188965 0.11213200
v -0.05455372 -0.01830720 0.11278808
v -0.04088586 -0.01299256 0.13039900
v -0.03679287 -0.01164305 0.13136800
v -0.03073328 -0.02373588 0.13230290
v -0.03663170 -0.02923780 0.12986900
v -0.02091068 -0.03228485 0.13418099
v -0.02403807 -0.03955876 0.13214090
v -0.00881988 -0.03593146 0.13712500
v -0.00888091 -0.04427236 0.13561700
v 0.00363976 -0.03403806 0.14091802
v 0.00700736 -0.04289430 0.14014100
v 0.00521654 -0.03854447 0.14096701
v -0.05044448 -0.01660478 0.12367602
v -0.05387717 -0.01802855 0.11665401
v 0.01028627 -0.04920935 0.13664401
v -0.00434291 -0.05127239 0.13254800
v 0.01363664 -0.05342316 0.13079999
v -0.00254524 -0.05591738 0.12635700
v 0.01674337 -0.05478291 0.12358536
v -0.00101405 -0.05761497 0.12007999
v 0.17961501 0.08490908 -0.09265161
v 0.18062499 0.08459585 -0.08969336
v 0.11373402 0.15964900 -0.12415901
v 0.13740000 0.15294200 -0.10712300
v 0.11080202 0.16392802 -0.11824401
v 0.13695700 0.15388601 -0.10572700
v 0.13360800 0.15720698 -0.09795338
v 0.12062789 0.16224299 -0.10452501
v 0.10696400 0.16599201 -0.11169200
v 0.10979702 0.16002402 -0.12733300
v 0.10658100 0.16474099 -0.12113700
v 0.09699637 0.15707400 -0.13890700
v 0.09276837 0.16235802 -0.13483100
v 0.08807688 0.16561498 -0.12937100
v 0.09507417 0.16725200 -0.12189700
v 0.10238501 0.16691102 -0.11416002
v 0.07837706 0.14504401 -0.15416102
v 0.08079946 0.15009899 -0.15080489
v 0.07415509 0.15644401 -0.14609802
v 0.08078366 0.16164400 -0.13820000
v 0.07004910 0.13686199 -0.15730700
v 0.06062370 0.13796800 -0.15452500
v 0.06041055 0.12340191 -0.15833798
v 0.05290925 0.13818289 -0.14834100
v 0.05249549 0.12451747 -0.15340964
v 0.05258977 0.12600300 -0.15287600
v 0.05695790 0.10951602 -0.16121101
v 0.05103737 0.11139201 -0.15799300
v 0.09721738 0.15707400 0.13875291
v 0.08103937 0.15009990 0.15067801
v 0.09298299 0.16235802 0.13468300
v 0.07438689 0.15644400 0.14598100
v 0.08828276 0.16561498 0.12923099
v 0.08100306 0.16164400 0.13807300
v 0.07863199 0.14504200 0.15403500
v 0.07029867 0.13686100 0.15719600
v 0.06086909 0.13796501 0.15443000
v 0.06066286 0.12340191 0.15824200
v 0.05721569 0.10951500 0.16112198
v 0.05314500 0.13818100 0.14825802
v 0.05273340 0.12440167 0.15336730
v 0.05128866 0.11138899 0.15791298
v 0.05283337 0.12596300 0.15280691
v 0.17683302 0.06929188 -0.09876549
v 0.17941900 0.06906795 -0.09414315
v 0.18090497 0.06884217 -0.08940810
v 0.17879191 0.05157649 -0.09140008
v 0.17433700 0.05209189 -0.10079689
v 0.17303000 0.03554487 -0.09444058
v 0.16789700 0.03618478 -0.10399291
v 0.16412500 0.02136290 -0.09817378
v 0.15811400 0.02237129 -0.10796200
v 0.15260102 0.00952655 -0.10242101
v 0.14564399 0.01129984 -0.11251999
v 0.13926800 0.00042523 -0.10670149
v 0.13775702 0.00167894 -0.11057901
v 0.13400601 0.00338149 -0.11561100
v 0.13157199 0.00391454 -0.11769801
v 0.14030398 0.01806920 -0.11839099
v 0.12790699 0.00395530 -0.11995699
v 0.12757590 0.00755566 -0.12193600
v 0.12695689 0.01137959 -0.12334301
v 0.15189990 0.02793639 -0.11402491
v 0.13955800 0.00005361 -0.10544500
v 0.13983200 -0.00111312 -0.10090100
v 0.13912800 -0.00187129 -0.09701555
v 0.15500100 0.00941229 -0.09309375
v 0.16770300 0.02412766 -0.08997005
v 0.17647900 0.04131257 -0.08768200
v 0.12712499 -0.00231475 -0.11406989
v 0.12873100 -0.00191557 -0.11336200
v 0.12485398 -0.00564808 -0.10643500
v 0.12664498 -0.00519001 -0.10562801
v 0.01078808 -0.04153347 -0.14108101
v 0.01352757 -0.04806769 -0.13743199
v 0.00876999 -0.04222315 -0.14071199
v 0.00678408 -0.04289418 -0.14015199
v 0.01007175 -0.04921466 -0.13665500
v 0.01591247 -0.05261164 -0.13133501
v 0.01343148 -0.05342596 -0.13081600
v 0.01735561 -0.05451387 -0.12373267
v 0.01632285 -0.05485647 -0.12357099
v 0.01448786 -0.04276585 -0.14051500
v 0.01619696 -0.04324108 -0.14009900
v 0.01812249 -0.04370230 -0.13951302
v 0.02096110 -0.04988908 -0.13295102
v 0.02232497 -0.05259996 -0.12399600
v 0.01997125 -0.05356949 -0.12392200
v 0.00892276 -0.03975498 -0.14144802
v 0.00499201 -0.03854447 -0.14097491
v 0.00700206 -0.03786975 -0.14154600
v 0.00341529 -0.03403806 -0.14092399
v 0.02450549 -0.01847028 -0.14777902
v 0.03186869 -0.02149075 -0.14691199
v 0.03833174 -0.01682859 -0.14735501
v 0.01926428 -0.01192235 -0.14696401
v 0.03611814 0.00544637 -0.15341599
v 0.03248506 0.01769590 -0.15310290
v 0.04443675 0.03092849 -0.15798202
v 0.04146659 0.05183517 -0.15789691
v 0.05005300 0.05732697 -0.16133600
v 0.04603648 0.08503180 -0.16055100
v 0.05326083 0.08424953 -0.16341451
v 0.05758471 0.05413597 -0.16137899
v 0.05497568 0.01862198 -0.15471800
v 0.05188369 0.02796548 -0.15777899
v 0.04351866 0.00256574 -0.15291891
v 0.05418885 0.09704428 -0.16308400
v 0.04770857 0.09852118 -0.16013202
v 0.04794347 0.09971725 -0.16000690
v 0.17888902 0.13199398 -0.00014231
v 0.17978300 0.13102400 0.00201952
v 0.18076600 0.13020299 -0.00014597
v 0.18253802 0.12839501 -0.00014872
v 0.18236400 0.12835801 0.00160384
v 0.18052401 0.12990589 0.00416631
v 0.18135490 0.12907200 0.00374722
v 0.18216300 0.12824900 0.00332254
v 0.01333713 0.15309639 -0.00001062
v 0.01337325 0.15334901 -0.00321406
v 0.00412184 0.15120400 -0.00000336
v 0.00455719 0.15164401 -0.00481713
v -0.00344139 0.14633100 0.00000274
v -0.00299633 0.14686900 -0.00666851
v 0.01340079 0.15336202 0.00326794
v 0.00456470 0.15164402 0.00480968
v 0.01479774 0.15415400 0.00628996
v 0.00584948 0.15292601 0.00930399
v -0.00300801 0.14684300 0.00651115
v -0.00167507 0.14844000 0.01303637
v 0.03268289 0.16119900 -0.01244509
v 0.03669190 0.16699201 -0.02088075
v 0.02983748 0.16415299 -0.01904535
v 0.03532177 0.16777299 -0.02458655
v 0.02776676 0.16542198 -0.02642714
v 0.03418618 0.16806908 -0.02844249
v 0.04135906 0.16903301 -0.03069317
v 0.01478779 0.15415400 -0.00631350
v 0.00583494 0.15292501 -0.00931370
v -0.00169587 0.14844000 -0.01303374
v 0.01604568 0.15515602 -0.00862360
v 0.00902849 0.15651800 -0.01599568
v -0.00012057 0.15036100 -0.01771056
v 0.00201636 0.15300800 -0.02229130
v 0.01779216 0.15664890 -0.01106578
v 0.02738296 0.15901998 -0.01192164
v 0.02546447 0.15839089 -0.01174145
v 0.01664376 0.15977100 -0.01799374
v 0.02182048 0.16278701 -0.02592974
v 0.01544249 0.16098601 -0.02548944
v 0.03684806 0.16171692 -0.01078039
v 0.02806919 0.15607890 -0.00625390
v 0.03988218 0.16212092 -0.00910807
v 0.04069345 0.16045299 -0.00471246
v 0.01045978 0.15848492 -0.01984149
v 0.00244397 0.15359202 -0.02344077
v 0.01078408 0.15952601 -0.02512937
v 0.00844449 0.15838499 -0.02496600
v 0.00251901 0.15382591 -0.02462226
v 0.01479125 0.15338901 -0.00318789
v 0.01617980 0.15525600 0.00878835
v 0.01780986 0.15664889 0.01103734
v 0.00905383 0.15651891 0.01598137
v 0.00006322 0.15054891 0.01808059
v 0.00205189 0.15300800 0.02228808
v 0.03270268 0.16119900 0.01239305
v 0.02986776 0.16415299 0.01899778
v 0.03672510 0.16699198 0.02082240
v 0.03536087 0.16777299 0.02453035
v 0.04140800 0.16903302 0.03062725
v 0.03423442 0.16806987 0.02838897
v 0.02780890 0.16542201 0.02638298
v 0.03688389 0.16171999 0.01071268
v 0.04571139 0.16725501 0.01587480
v 0.03989756 0.16212092 0.00904447
v 0.05231386 0.16904202 0.02362525
v 0.04766875 0.16903791 0.02710449
v 0.02740305 0.15901998 0.01187819
v 0.02548515 0.15839200 0.01170104
v 0.01667249 0.15977100 0.01796716
v 0.02186328 0.16278800 0.02589517
v 0.01548308 0.16098601 0.02546465
v 0.02807927 0.15607890 0.00620919
v 0.04070067 0.16045402 0.00464910
v 0.04096227 0.15990900 -0.00003261
v 0.01082366 0.15952700 0.02511167
v 0.01049137 0.15848492 0.01982498
v 0.00248134 0.15359202 0.02343678
v 0.00848406 0.15838501 0.02495217
v 0.00255823 0.15382591 0.02461826
v 0.01188916 0.16121066 0.04434934
v 0.00543529 0.15857400 0.04268360
v -0.00011102 0.15412788 0.04150964
v 0.00068940 0.15826201 0.06001120
v 0.00744855 0.16083691 0.06264680
v -0.00497562 0.15360300 0.05766969
v 0.02296388 0.16541801 0.04527235
v 0.01115036 0.16173102 0.06301909
v 0.01396989 0.16264300 0.06330269
v 0.02014619 0.16541602 0.06392407
v 0.01181617 0.16121061 -0.04437981
v 0.00536793 0.15857400 -0.04269117
v -0.00019315 0.15412734 -0.04157861
v -0.00506723 0.15360299 -0.05766087
v 0.00059421 0.15826201 -0.06001037
v 0.00734883 0.16083691 -0.06265860
v 0.02289909 0.16541800 -0.04527264
v 0.02004438 0.16541600 -0.06395608
v 0.01386904 0.16264300 -0.06332486
v 0.01105070 0.16173100 -0.06303679
v 0.05879116 0.14586101 0.14966600
v 0.06621587 0.14431100 0.15420899
v 0.06615597 0.15229090 0.14881001
v 0.07230746 0.14929800 0.15244900
v 0.07440799 0.14149299 0.15599601
v 0.04959720 0.14388500 0.14157300
v 0.05543279 0.15200701 0.14222200
v 0.04552638 0.14847092 0.13419691
v 0.05100959 0.15749100 0.13249590
v 0.04099428 0.15177402 0.12652400
v 0.04607159 0.16089000 0.12230702
v 0.04774385 0.14619200 0.13817100
v 0.06313389 0.15824400 0.14083402
v 0.05859846 0.16403291 0.12882000
v 0.05338597 0.16693601 0.11623602
v 0.07191056 0.16191100 0.13757500
v 0.06908726 0.16578302 0.12872089
v 0.06735855 0.16728801 0.12363100
v 0.06188106 0.16904899 0.10918100
v 0.02333456 0.16691200 0.06424307
v 0.02701050 0.16810802 0.06461250
v 0.03432136 0.16902699 0.06534707
v 0.03692919 0.16902891 0.04808896
v 0.08176535 0.16906491 0.03304618
v 0.08321661 0.16906600 0.01991415
v 0.08544397 0.16904999 0.01979959
v 0.08767896 0.16899899 0.01962578
v 0.11448199 0.16557600 0.01698005
v 0.03453248 0.16902800 0.06985540
v 0.05389899 0.16904302 0.02254945
v 0.07004690 0.16905591 0.02097100
v 0.05538040 0.16904400 0.02212387
v 0.02150565 0.16348091 0.08462280
v 0.02471697 0.16691302 0.07595807
v 0.03615248 0.16902892 0.07498800
v 0.00474800 0.15957239 0.07409376
v 0.01237607 0.16067901 0.07853275
v 0.00156349 0.15681902 0.08468611
v 0.01665616 0.15711100 0.09407169
v 0.00812316 0.15039502 0.10223000
v 0.02348607 0.15148200 0.10930599
v 0.01958507 0.13992891 0.12126701
v 0.03220057 0.14423789 0.12413400
v 0.02360236 0.13633999 0.12670600
v 0.04216438 0.13571499 0.13859402
v 0.03533309 0.12595101 0.14083201
v 0.03666967 0.15418400 0.11939301
v 0.03268688 0.15644100 0.11239600
v 0.02911150 0.15852800 0.10547700
v 0.02527487 0.16088101 0.09675438
v 0.02465176 0.16128200 0.09511716
v 0.02323198 0.16691200 -0.06428146
v 0.02690738 0.16810800 -0.06465667
v 0.03685927 0.16902891 -0.04811447
v 0.07976019 0.16906402 -0.05455477
v 0.03421747 0.16902700 -0.06540066
v 0.07898837 0.16906300 -0.06605005
v 0.03550624 0.16902800 -0.07373046
v 0.07808548 0.16906200 -0.10929600
v 0.04107105 0.16903302 -0.08376997
v 0.05012434 0.16903999 -0.09544396
v 0.03476744 0.16692102 -0.09388755
v 0.04082477 0.16692600 -0.10152101
v 0.03039097 0.16087601 -0.10374900
v 0.03562515 0.16088101 -0.11014199
v 0.02898365 0.15850399 -0.10560501
v 0.03254479 0.15642101 -0.11251500
v 0.03650230 0.15417202 -0.11949000
v 0.04079967 0.16088501 -0.11630501
v 0.04587620 0.16088901 -0.12238201
v 0.05319988 0.16693600 -0.11632100
v 0.04079234 0.15177301 -0.12659200
v 0.02512407 0.16088000 -0.09680026
v 0.02453130 0.16126302 -0.09523779
v 0.02912700 0.16691600 -0.08564375
v 0.02138400 0.16347300 -0.08471059
v 0.02459639 0.16691302 -0.07599699
v 0.04531776 0.14846399 -0.13427900
v 0.05080306 0.15748501 -0.13258900
v 0.04752546 0.14619200 -0.13824800
v 0.04937737 0.14388300 -0.14165799
v 0.05854707 0.14585599 -0.14975891
v 0.06596870 0.14430600 -0.15431599
v 0.07416325 0.14148700 -0.15611599
v 0.07205569 0.14929600 -0.15256402
v 0.06583046 0.15223099 -0.14893600
v 0.04568558 0.16725592 -0.01594775
v 0.05227619 0.16904201 -0.02370846
v 0.04759699 0.16903791 -0.02719897
v 0.05385589 0.16904300 -0.02263915
v 0.05534505 0.16904400 -0.02221208
v 0.07002556 0.16905591 -0.02108168
v 0.08318376 0.16906600 -0.02004665
v 0.08541208 0.16905001 -0.01993554
v 0.08764779 0.16899899 -0.01976525
v 0.10041400 0.16749801 -0.05551016
v 0.08483016 0.16890199 -0.11069500
v 0.09151721 0.16841301 -0.11204801
v 0.11445200 0.16557691 -0.01716309
v 0.12054400 0.16280602 -0.05706757
v 0.09927308 0.16742501 -0.11186901
v 0.10467900 0.16647100 -0.11292200
v 0.09700567 0.16776501 -0.11313301
v 0.13930200 0.15531102 -0.05837959
v 0.13747999 0.15594500 -0.06540048
v 0.13818701 0.15570191 -0.06250597
v 0.14004801 0.15716301 -0.01399546
v 0.14771689 0.15205599 -0.03595697
v 0.15148290 0.15040800 -0.02846157
v 0.16305937 0.14450829 -0.00956105
v 0.04686850 0.16454202 -0.00847322
v 0.04722768 0.16295500 -0.00448650
v 0.05427557 0.16551501 -0.00813734
v 0.05427956 0.16395602 -0.00426650
v 0.06896620 0.16574401 -0.00742274
v 0.08213091 0.16597402 -0.00682640
v 0.08264267 0.16828300 -0.01325947
v 0.08663600 0.16827302 -0.01302897
v 0.05457329 0.16726401 -0.01206266
v 0.05479317 0.16814892 -0.01495820
v 0.04735458 0.16240701 -0.00003770
v 0.05428367 0.16343799 -0.00004322
v 0.08563149 0.16492189 -0.00353318
v 0.06990230 0.16398101 -0.00005566
v 0.08563477 0.16455100 -0.00006819
v 0.05428636 0.16395691 0.00418395
v 0.08563697 0.16492400 0.00340181
v 0.08563845 0.16602299 0.00650239
v 0.11207689 0.16393699 0.00520652
v 0.10051500 0.16428800 -0.00008003
v 0.08562797 0.16602300 -0.00663877
v 0.11206500 0.16393802 -0.00538504
v 0.08387619 0.16600400 -0.00674301
v 0.04723465 0.16295590 0.00441164
v 0.05428844 0.16551501 0.00805092
v 0.04699188 0.16456801 0.00839150
v 0.08214272 0.16597402 0.00669557
v 0.08388715 0.16600400 0.00660944
v 0.08266466 0.16828300 0.01312780
v 0.08665657 0.16827300 0.01289099
v 0.05459320 0.16726400 0.01197618
v 0.05481779 0.16814800 0.01487118
v 0.04934698 0.16725899 0.01343810
v 0.16133602 0.14519601 -0.00277460
v 0.16234991 0.14500900 -0.00631374
v 0.13778901 0.15687001 -0.00421417
v 0.13922890 0.15750700 -0.01084196
v 0.11343200 0.16546799 -0.01191055
v 0.16989446 0.13936850 -0.00133080
v 0.17129900 0.13851102 -0.00481468
v 0.17981400 0.13098900 -0.00231880
v 0.17243199 0.13731401 -0.00789493
v 0.18054901 0.12987401 -0.00445819
v 0.17676200 0.13350600 -0.00618583
v 0.16587001 0.14224900 -0.00232839
v 0.16812000 0.14079089 -0.00913328
v 0.16986975 0.13933611 0.00015310
v 0.14398901 0.15380791 -0.00011465
v 0.16991399 0.13938999 0.00145650
v 0.16587701 0.14224701 0.00206089
v 0.16134600 0.14519200 0.00251520
v 0.13780302 0.15686801 0.00399423
v 0.11533999 0.16240099 -0.00009184
v 0.17443402 0.13588101 0.00070673
v 0.16236602 0.14500301 0.00604665
v 0.16309837 0.14448325 0.00937784
v 0.17130500 0.13851100 0.00453091
v 0.17244302 0.13731502 0.00760245
v 0.16813700 0.14078802 0.00884926
v 0.17671700 0.13355599 0.00590718
v 0.17974301 0.08491408 0.09241205
v 0.18076690 0.08459586 0.08940559
v 0.17814991 0.10514501 0.08806967
v 0.17161702 0.12130900 0.08943264
v 0.16194500 0.13504089 0.09326909
v 0.15027602 0.14562491 0.09926981
v 0.13756999 0.15294200 0.10690400
v 0.13712500 0.15388601 0.10550901
v 0.13376302 0.15720801 0.09774077
v 0.15104702 0.14673100 0.09103709
v 0.16673091 0.13031502 0.08619135
v 0.17723200 0.11008801 0.08412539
v 0.18932848 0.08382734 -0.04164167
v 0.18929479 0.08102379 -0.04194923
v 0.18831700 0.08146096 -0.04534834
v 0.18433399 0.08312589 -0.06243729
v 0.18290199 0.08362865 -0.07114827
v 0.18136300 0.12905701 -0.00404769
v 0.18236300 0.12835690 -0.00190711
v 0.18215790 0.12824801 -0.00362945
v 0.17710100 0.11008101 -0.08440722
v 0.17892602 0.10887190 -0.06991070
v 0.18938780 0.08379043 0.04137087
v 0.18838599 0.08146196 0.04505735
v 0.18938801 0.08102424 0.04155059
v 0.18443702 0.08312487 0.06212717
v 0.18301000 0.08363068 0.07088959
v 0.17903392 0.10887191 0.06964820
v 0.07169646 0.16190401 -0.13770300
v 0.06888270 0.16578400 -0.12883000
v 0.08733218 0.16610999 -0.12791701
v 0.06716656 0.16728498 -0.12375189
v 0.08658599 0.16656700 -0.12644801
v 0.08235245 0.16843601 -0.11797200
v 0.06171119 0.16904899 -0.10928490
v 0.05839699 0.16402800 -0.12892699
v 0.06291639 0.15823790 -0.14094500
v 0.05521249 0.15200301 -0.14231899
v 0.08908045 0.16807501 -0.11933300
v 0.08753079 0.16611300 0.12776700
v 0.08677685 0.16657302 0.12629001
v 0.08253538 0.16843700 0.11782999
v 0.07825940 0.16906200 0.10917201
v 0.09526808 0.16725200 0.12174600
v 0.08925706 0.16807702 0.11917900
v 0.10256599 0.16691102 0.11399601
v 0.09167939 0.16841498 0.11189901
v 0.09717780 0.16776600 0.11297800
v 0.08499866 0.16890201 0.11055802
v 0.11393701 0.15964900 0.12397300
v 0.11099501 0.16392702 0.11806491
v 0.12079801 0.16224191 0.10433200
v 0.10714801 0.16599101 0.11152000
v 0.10999800 0.16002400 0.12715800
v 0.10677200 0.16474099 0.12096702
v 0.10486100 0.16647100 0.11275500
v 0.08000695 0.16906400 0.05228877
v 0.07989197 0.16906402 0.05378556
v 0.14007691 0.15716000 0.01376855
v 0.15152600 0.15040900 0.02822166
v 0.14781000 0.15204100 0.03564465
v 0.13939700 0.15530999 0.05814647
v 0.11883300 0.16336100 0.05673205
v 0.13827799 0.15570401 0.06231248
v 0.13758799 0.15594400 0.06516200
v 0.09944540 0.16742602 0.11170800
v 0.07832258 0.16906200 0.08476257
v 0.05495859 0.16904402 0.10093601
v 0.04875665 0.16903900 0.09351968
v 0.04098647 0.16692601 0.10145500
v 0.03491717 0.16692102 0.09383178
v 0.03055566 0.16087700 0.10370000
v 0.03579956 0.16088192 0.11008390
v 0.04719358 0.16693102 0.10885601
v 0.04098618 0.16088602 0.11623900
v 0.15091000 0.14672400 -0.09127449
v 0.16611589 0.13877900 -0.03383929
v 0.18181799 0.12524900 -0.01594436
v 0.05565625 0.16904400 -0.10205000
v 0.04701977 0.16693102 -0.10893100
v -0.06381237 0.00827163 -0.09835327
v -0.06469708 0.01640188 -0.11059200
v -0.06476408 0.01789098 -0.10966600
v -0.06426435 0.01145869 -0.09744709
v -0.06442231 0.00787044 -0.08544869
v -0.06398659 0.00462758 -0.08544909
v -0.06431239 0.00623363 -0.08544880
v -0.06059288 -0.00728983 -0.08545178
v -0.05694979 -0.01913398 -0.08545470
v -0.06452089 0.01640188 0.11069400
v -0.06458938 0.01789098 0.10976900
v -0.06365567 0.00827223 0.09845620
v -0.06385040 0.00462758 0.08555091
v -0.06045675 -0.00728983 0.08554816
v -0.05681359 -0.01913398 0.08554530
v -0.04865604 -0.03548336 0.08553881
v -0.04656869 -0.03416079 0.11356600
v -0.03592497 -0.04860866 0.08552855
v -0.03412687 -0.04671770 0.11499000
v -0.01981437 -0.05725568 0.08551579
v -0.01846724 -0.05478709 0.11716001
v -0.00184256 -0.06062120 0.08550149
v 0.01630288 -0.05838006 0.08548700
v 0.03291845 -0.05075305 0.08547378
v 0.01776134 -0.05444377 0.12372900
v 0.02017456 -0.05356717 0.12389000
v 0.02252244 -0.05259984 0.12396000
v 0.02689474 -0.05045396 0.12407800
v 0.03107327 -0.04791885 0.12432402
v 0.01612168 -0.05261164 0.13130902
v 0.02117288 -0.04988908 0.13291700
v 0.01374667 -0.04806756 0.13741089
v 0.01834458 -0.04370230 0.13948400
v 0.01642149 -0.04324179 0.14007200
v 0.01471757 -0.04276800 0.14048991
v 0.01101225 -0.04153364 0.14106300
v 0.00899231 -0.04222369 0.14069700
v -0.04610419 -0.03340697 0.11770900
v -0.04339909 -0.03064256 0.12464900
v -0.03253580 -0.04169654 0.12641101
v -0.01905447 -0.04874575 0.12905900
v -0.01896345 -0.05328375 0.12253801
v -0.03402876 -0.04556387 0.11963300
v 0.03087496 -0.04791909 -0.12437402
v 0.02670109 -0.05045175 -0.12411990
v 0.02837747 -0.04582208 -0.13343900
v 0.02390837 -0.04035609 -0.13999400
v 0.02107930 -0.04215896 -0.13969000
v 0.05900895 -0.03110939 -0.12461000
v 0.05037754 -0.03582906 -0.12518300
v 0.07082366 -0.02522099 -0.12302200
v 0.05003196 -0.03409069 -0.13162100
v 0.07151551 -0.02289569 -0.12956892
v 0.04835587 -0.03077757 -0.13715801
v 0.07056898 -0.01892179 -0.13519600
v 0.04553157 -0.02634155 -0.14114299
v 0.05506169 -0.02081429 -0.14067300
v 0.06806725 -0.01388669 -0.13919291
v 0.09319609 -0.00894809 -0.13055500
v 0.09342927 -0.01352548 -0.12488101
v 0.09187400 -0.00285202 -0.13433591
v 0.09254336 -0.01597499 -0.11806799
v 0.10804101 -0.01053327 -0.11310100
v 0.10938301 0.00125575 -0.12829600
v 0.13215500 -0.00493175 -0.09119236
v 0.13607700 -0.00346947 -0.09076070
v 0.13299100 -0.00450230 -0.09337407
v 0.13385300 -0.00403970 -0.09586967
v 0.13353799 -0.00362444 -0.10137901
v 0.13467200 -0.00346106 -0.09980195
v 0.13785301 0.00008956 -0.10791199
v 0.13279800 -0.00376701 -0.10204099
v 0.13638291 -0.00019421 -0.10908901
v 0.13490200 -0.00049929 -0.11009999
v 0.13340001 -0.00082468 -0.11100600
v 0.13061200 -0.00423777 -0.10354999
v 0.12949701 -0.00449526 -0.10419100
v 0.12818500 -0.00480932 -0.10488100
v 0.12561892 -0.00693327 -0.08990037
v 0.12530400 -0.00668883 -0.09359979
v 0.12374600 -0.00679737 -0.09754626
v 0.12047500 -0.00755596 -0.10030600
v 0.09472857 -0.01581227 -0.11044900
v 0.06915427 -0.02692878 -0.11397199
v 0.05381095 -0.03514939 -0.11268400
v 0.04502487 -0.04045134 -0.11053600
v 0.03278225 -0.05075305 -0.08552610
v 0.03990548 -0.04616475 -0.08553177
v 0.04607474 -0.04110258 -0.09805119
v 0.04712426 -0.04175800 -0.08553755
v 0.13187000 -0.00116968 -0.11183999
v 0.13031399 -0.00153375 -0.11262100
v 0.13183300 -0.00396788 -0.10276290
v 0.12747601 -0.00696099 -0.08358716
v 0.12624446 -0.00741949 -0.08247203
v 0.12613299 -0.00733334 -0.08385241
v 0.12502401 -0.00564808 0.10623600
v 0.12730800 -0.00231475 0.11386791
v 0.10815800 -0.01055335 0.11295100
v 0.09362810 -0.01352548 0.12473201
v 0.09273129 -0.01597499 0.11792000
v 0.09340387 -0.00894809 0.13040701
v 0.12809899 0.00395554 0.11975302
v 0.10951700 0.00124264 0.12814900
v 0.09208780 -0.00285202 0.13418999
v 0.05919146 -0.03111779 0.12451700
v 0.07101709 -0.02522206 0.12290899
v 0.05057197 -0.03583186 0.12510291
v 0.05024099 -0.03409105 0.13154100
v 0.02858996 -0.04582208 0.13339300
v 0.02413135 -0.04035609 0.13995591
v 0.02129805 -0.04216104 0.13965490
v 0.13233100 -0.00491613 0.09105867
v 0.13625801 -0.00345111 0.09060990
v -0.07985122 0.08198149 0.00940418
v -0.07890260 0.08303117 0.01479208
v -0.07936919 0.07777178 0.01043087
v -0.07855588 0.07985746 0.01570105
v -0.07923275 0.07879388 0.01311576
v -0.07986617 0.08198350 -0.00927693
v -0.07938569 0.07777178 -0.01030445
v -0.08003008 0.09358627 0.00006299
v -0.08001470 0.09372526 0.00907975
v -0.08002907 0.09372525 -0.00895226
v -0.07887017 0.09819828 -0.00883132
v -0.07885557 0.09819930 0.00895721
v -0.07610635 0.10190101 -0.00873232
v -0.07609200 0.10190101 0.00885373
v -0.07213646 0.10417600 0.00005710
v -0.07213262 0.10429590 -0.00883203
v -0.07211462 0.10429838 0.00898832
v -0.08015137 0.09071516 -0.00868464
v -0.08013749 0.09071416 0.00881207
v -0.07916397 0.09039795 -0.01405727
v -0.07978975 0.09341448 -0.01171398
v -0.07905489 0.09310805 -0.01434868
v 0.03201377 -0.03266906 -0.11052600
v 0.01871788 -0.02538394 -0.11051490
v 0.02979415 -0.00422478 -0.11394001
v 0.06529718 -0.01750290 -0.11373300
v 0.04088896 0.01695919 -0.11051100
v 0.07652407 0.00002122 -0.10951900
v 0.08684039 0.01611727 -0.10027900
v 0.08927047 0.01687079 -0.09849667
v 0.08995581 0.01792955 -0.09617638
v 0.09019416 0.01829588 -0.09357178
v 0.05310720 0.03999626 0.08545770
v 0.09646838 0.00978368 -0.10028700
v 0.08821326 0.01523458 -0.10028000
v 0.10575100 0.00781566 -0.09358417
v 0.10589901 0.00781566 0.09341567
v 0.09034305 0.01829588 0.09342807
v 0.12390201 -0.00679725 0.09734839
v 0.09010875 0.01792955 0.09603298
v 0.08942729 0.01687079 0.09835439
v 0.08837289 0.01523458 0.10014001
v 0.08699995 0.01611727 0.10014100
v 0.10152101 -0.01341730 0.10832400
v 0.07672649 0.00006504 0.10938000
v 0.08229160 -0.02091568 0.11287700
v 0.06553709 -0.01741087 0.11362089
v 0.06326907 -0.03002965 0.11370100
v 0.05407065 -0.03510290 0.11261201
v 0.04105949 0.01694887 0.11045100
v 0.02997970 -0.00421685 0.11389489
v 0.04520088 -0.04045134 0.11046399
v 0.03218978 -0.03266906 0.11047400
v 0.01889389 -0.02538394 0.11048500
v 0.12063500 -0.00755596 0.10011400
v 0.09662801 0.00978368 0.10013300
v 0.12545291 -0.00668883 0.09340006
v 0.12575799 -0.00692999 0.08975017
v 0.12626700 -0.00733334 0.08365195
v 0.12637876 -0.00742189 0.08222282
v 0.12630500 -0.00746572 -0.08093590
v 0.12643401 -0.00746566 0.08073550
v 0.12632599 -0.00747609 -0.07074487
v 0.12634100 -0.00748271 -0.06072229
v 0.12643801 -0.00747603 0.07052987
v 0.12643699 -0.00748271 0.06048935
v 0.01873779 -0.02538394 -0.08551491
v 0.05297099 0.03999626 -0.08554220
v 0.04517608 0.04462498 0.08546406
v 0.04503988 0.04462498 -0.08553588
v 0.03770309 0.04996097 0.08546997
v 0.03756690 0.04996097 -0.08552985
v 0.02227646 0.05879068 0.08548228
v 0.02214038 0.05879068 -0.08551771
v 0.00495976 0.06279790 0.08549606
v 0.00482363 0.06279790 -0.08550387
v -0.01277858 0.06164377 0.08551019
v -0.01291477 0.06164377 -0.08548969
v -0.02945297 0.05541247 0.08552348
v -0.02958905 0.05541247 -0.08547645
v -0.04663825 0.04677790 0.08553720
v -0.04677444 0.04677790 -0.08546279
v -0.06431126 0.03953474 0.08555120
v -0.06444746 0.03953474 -0.08544868
v -0.06652927 0.03874194 0.06205196
v -0.06662195 0.03874397 -0.06198805
v -0.07138437 0.03709918 -0.03830879
v -0.07132327 0.03709918 0.03842234
v -0.07189691 0.03690975 0.03543657
v -0.07195317 0.03690975 -0.03532207
v -0.07209569 0.03684556 0.03232216
v -0.07214708 0.03684556 -0.03220736
v 0.10887899 0.00450498 -0.12958200
v 0.17699002 0.06929188 0.09848397
v 0.17449699 0.05209189 0.10051902
v 0.17954899 0.06907099 0.09390348
v 0.18104802 0.06884217 0.08912025
v 0.00914830 -0.03975540 0.14143400
v 0.00722724 -0.03786945 0.14153400
v 0.02474039 -0.01847100 0.14773892
v 0.03210234 -0.02149116 0.14686100
v 0.03636199 0.00544506 0.15335800
v 0.04376184 0.00256503 0.15284900
v 0.05213469 0.02796477 0.15769699
v 0.05517166 0.01848405 0.15460691
v 0.03852659 -0.01689535 0.14727600
v 0.01944398 -0.01201826 0.14691101
v 0.03264999 0.01746815 0.15301099
v 0.04468774 0.03092646 0.15791102
v 0.04166948 0.05158305 0.15780400
v 0.05030936 0.05732494 0.16125502
v 0.05353757 0.08424537 0.16333303
v 0.05784136 0.05413496 0.16128698
v 0.04629218 0.08503180 0.16047700
v 0.05444823 0.09704226 0.16299801
v 0.04796320 0.09851909 0.16005591
v 0.04819768 0.09971529 0.15993102
v 0.13176391 0.00391376 0.11748399
v 0.12777101 0.00755536 0.12173300
v 0.12715301 0.01137959 0.12314101
v 0.14049199 0.01806908 0.11816700
v 0.14582400 0.01130086 0.11228789
v 0.15208200 0.02793627 0.11378300
v 0.15828501 0.02237224 0.10771000
v 0.16806300 0.03618580 0.10372500
v 0.13418500 0.00338298 0.11540201
v 0.13792400 0.00168484 0.11037700
v 0.13944574 0.00041726 0.10645291
v 0.10908501 0.00450498 0.12940800
v 0.06828600 -0.01388829 0.13908491
v 0.05526834 -0.02082407 0.14058600
v 0.04575115 -0.02634495 0.14107101
v 0.07078385 -0.01892185 0.13508402
v 0.07172137 -0.02289587 0.12945502
v 0.04857378 -0.03077805 0.13708000
v 0.12760900 -0.00696081 0.08338528
v 0.12929200 -0.00647014 0.08202016
v 0.13715400 -0.00284833 0.09765809
v 0.13491200 -0.00353682 0.09850746
v 0.13928200 -0.00187111 0.09679436
v 0.13401701 -0.00403368 0.09568936
v 0.13315991 -0.00449121 0.09321999
v 0.13332199 -0.00369731 0.10150550
v 0.13802589 0.00008966 0.10769202
v 0.13655700 -0.00019412 0.10887100
v 0.13482900 -0.00346106 0.09959155
v 0.13971899 0.00006500 0.10526100
v 0.13999300 -0.00111097 0.10068700
v 0.13199000 -0.00396931 0.10255800
v 0.13077100 -0.00423908 0.10334600
v 0.13507690 -0.00049919 0.10988500
v 0.13357700 -0.00082459 0.11079400
v 0.13204899 -0.00116956 0.11163001
v 0.13049300 -0.00153363 0.11241300
v 0.12891100 -0.00191545 0.11315601
v 0.12681501 -0.00518954 0.10542502
v 0.15470698 0.00901353 0.09295517
v 0.16717599 0.02314877 0.08987098
v 0.17599401 0.03966808 0.08757520
v 0.18607692 0.02665400 -0.00427490
v 0.18892400 0.03090047 -0.00236022
v 0.18654792 0.02631199 -0.00014848
v 0.18905102 0.03076255 -0.00015044
v 0.18608299 0.02665388 0.00397873
v 0.18892691 0.03090047 0.00205946
v 0.18991600 0.03579425 -0.00015119
v 0.18687592 0.03187078 -0.01273095
v 0.18891500 0.03448647 -0.00979561
v 0.18990600 0.03972327 -0.00822943
v 0.12916100 -0.00647014 -0.08222520
v 0.12670501 -0.00737554 -0.05769848
v 0.14523302 0.00084250 -0.06082516
v 0.15192801 0.00237179 -0.02526170
v 0.16755600 0.01482880 -0.03093659
v 0.17283802 0.01314628 -0.00287372
v 0.15674600 0.00268429 -0.00144738
v 0.13371302 -0.00538778 -0.01926845
v 0.13124999 -0.00606924 -0.03023546
v 0.13898191 -0.00399381 -0.00011077
v 0.16108099 0.01359188 -0.06376659
v 0.17947800 0.03112596 -0.03581905
v 0.18754598 0.03722739 -0.02014589
v 0.18689099 0.05016487 -0.03957974
v 0.18854302 0.04840415 -0.03202867
v 0.18891403 0.05496746 -0.03687298
v 0.18910600 0.06017458 -0.03961110
v 0.18923798 0.07070076 -0.04216158
v 0.17316398 0.03002065 -0.06630569
v 0.18068501 0.04904496 -0.06827479
v 0.18314590 0.06940686 -0.06955796
v 0.18415700 0.06982165 -0.06345599
v 0.18923500 0.07182478 -0.04219859
v 0.13699900 -0.00284839 -0.09787648
v 0.13475500 -0.00353688 -0.09872227
v -0.07571549 0.05513769 0.02052718
v -0.07490056 0.05595737 0.02613818
v -0.07925349 0.07879388 -0.01298958
v -0.07858079 0.07985747 -0.01557588
v -0.07892608 0.08303219 -0.01466625
v -0.07577139 0.05526567 -0.02033728
v 0.12679900 -0.00737494 0.05745744
v 0.13130100 -0.00606841 0.03001278
v 0.13375300 -0.00538534 0.01901906
v 0.15674792 0.00268429 0.00119752
v 0.16565701 0.00785303 0.00194526
v 0.17682600 0.01622229 0.00090550
v 0.17284200 0.01314628 0.00259846
v 0.15194100 0.00235224 0.02497267
v 0.16755402 0.01476907 0.03061544
v 0.18689600 0.03187078 0.01243346
v 0.01749670 0.10544601 0.14307299
v 0.02007776 0.12196701 0.13668200
v -0.00021693 0.15697202 0.08333600
v -0.00662988 0.15578599 0.07786917
v -0.00801557 0.15028800 0.09806358
v -0.01001936 0.14872801 0.10029900
v -0.01349556 0.13722689 0.11415601
v -0.01594024 0.12263601 0.12492900
v -0.01752465 0.10580502 0.13193500
v -0.05390238 0.09855705 0.12838700
v -0.05388635 0.09961706 0.12818500
v -0.05361426 0.11176800 0.12468701
v -0.03555768 0.12682191 0.11867000
v -0.02217465 0.13855991 0.11098400
v -0.02041476 0.14008200 0.10969400
v -0.05534696 0.12007602 0.11938400
v -0.05955207 0.11120801 0.12276602
v -0.05913025 0.11891700 0.11830900
v -0.06335806 0.11607189 0.11465300
v -0.06296670 0.12090899 0.10899101
v -0.06466299 0.11240800 0.10974400
v -0.06443190 0.11582100 0.10563000
v -0.06486279 0.10746800 0.11256202
v -0.06367915 0.10963000 0.11831600
v -0.04442346 0.12579601 0.11757201
v -0.05674153 0.12582195 0.11127251
v -0.04222488 0.13349801 0.10857200
v -0.05793967 0.12775858 0.10212941
v -0.05988484 0.09830628 0.12635800
v -0.06399810 0.09750199 0.12162890
v -0.06508809 0.09746618 0.11531100
v -0.06510585 0.09637206 0.11551600
v 0.01624667 0.08501309 -0.14574100
v 0.01428514 0.08501149 -0.14495100
v -0.01834529 0.08498549 -0.13478698
v -0.01942658 0.08498466 -0.13454200
v -0.05420750 0.08495396 -0.12954000
v -0.05410677 0.09855705 -0.12830099
v -0.06008607 0.09830630 -0.12626201
v -0.05409049 0.09961807 -0.12809800
v -0.05381280 0.11176799 -0.12460101
v -0.05974787 0.11120900 -0.12267200
v -0.06419169 0.09750300 -0.12152700
v -0.06386786 0.10963000 -0.11821400
v -0.06528979 0.09637205 -0.11541189
v -0.06504195 0.10746900 -0.11245801
v -0.06527155 0.09746618 -0.11520700
v -0.01769798 0.10582400 -0.13191099
v -0.01609820 0.12266900 -0.12489189
v 0.01989048 0.12194601 -0.13673900
v 0.02343517 0.13630500 -0.12679300
v 0.03506875 0.12598900 -0.14084099
v 0.01730149 0.10543501 -0.14311799
v -0.03574287 0.12682600 -0.11861201
v -0.01362997 0.13726802 -0.11410401
v 0.01940590 0.13991502 -0.12131901
v -0.02235078 0.13855991 -0.11094700
v -0.02058219 0.14008901 -0.10965600
v -0.01012879 0.14876799 -0.10022900
v -0.00816172 0.15029600 -0.09803898
v 0.00792933 0.15042201 -0.10218200
v 0.00142962 0.15681989 -0.08468508
v -0.00034847 0.15697402 -0.08333355
v 0.00463039 0.15957348 -0.07409814
v -0.00675362 0.15578599 -0.07785695
v -0.00753087 0.15542202 -0.07711529
v -0.01363879 0.15007401 -0.09600507
v 0.04195100 0.13571391 -0.13866900
v 0.03200685 0.14423598 -0.12419190
v 0.02331620 0.15147997 -0.10934900
v 0.01650905 0.15710901 -0.09410250
v 0.01225239 0.16067901 -0.07855540
v 0.18991183 0.07155603 0.03803562
v 0.18977900 0.07629805 0.03964555
v 0.18972400 0.07182508 0.04004085
v 0.18960699 0.08102399 0.04064148
v 0.18930198 0.07182478 0.04189717
v 0.18966001 0.07182610 -0.04034298
v 0.18985248 0.07139861 -0.03827314
v 0.18985802 0.07048416 -0.03788435
v 0.18986800 0.06135225 -0.03486859
v 0.18988103 0.05229228 -0.02710080
v 0.18888700 0.04832148 -0.03071379
v 0.18889700 0.04305446 -0.02406376
v 0.18971600 0.07629907 -0.03994798
v 0.18954192 0.08102399 -0.04094326
v 0.18773800 0.09978950 0.03911626
v 0.18499301 0.10669300 0.04183524
v 0.17748201 0.12396401 0.03812795
v 0.16983999 0.12799300 0.06772369
v 0.16615902 0.13878600 0.03359258
v 0.15596102 0.14396392 0.06525290
v 0.18183900 0.12525991 0.01562875
v 0.18332300 0.11917301 0.02585059
v 0.18555102 0.11063200 0.03376466
v 0.17990799 0.04589325 -0.00014325
v 0.17989300 0.04903727 -0.01592719
v 0.17991799 0.04903728 0.01564067
v 0.17987500 0.05797529 -0.02931135
v 0.17992100 0.05797528 0.02902489
v 0.17985700 0.07135927 -0.03824907
v 0.17991799 0.07135927 0.03796268
v 0.17984189 0.08714330 -0.04139316
v 0.17990798 0.08714330 0.04110676
v 0.17983200 0.10292700 -0.03824907
v 0.17989302 0.10292701 0.03796268
v 0.17982802 0.11631101 -0.02931135
v 0.17987500 0.11631100 0.02902495
v 0.17983200 0.12524901 -0.01592719
v 0.17985700 0.12524900 0.01564079
v 0.17984192 0.12839290 -0.00014320
v -0.01298618 0.15054999 0.07102477
v -0.02300786 0.14541900 0.08039796
v -0.00740868 0.15542202 0.07712830
v -0.01852267 0.14970601 0.08781820
v -0.00824840 0.15258209 0.06426843
v -0.00255895 0.15750000 0.06931900
v -0.00837441 0.15257232 -0.06429340
v -0.00266874 0.15750000 -0.06931257
v -0.01309865 0.15054999 -0.07100325
v -0.03778046 0.13704200 0.08769726
v -0.04777824 0.13152190 0.09054721
v -0.03382486 0.13247401 0.06713248
v -0.05895745 0.11701101 0.06507408
v -0.05960536 0.11543500 0.05971288
v -0.05784969 0.12630895 0.09248336
v -0.02380150 0.13336100 0.04122745
v -0.05083828 0.11630102 0.04061019
v -0.04570508 0.11675500 0.02060306
v -0.06398099 0.10942300 0.03596806
v -0.07193720 0.10438600 0.00986260
v -0.06366908 0.10971700 0.03727400
v -0.05807881 0.12626791 -0.09240650
v -0.05805323 0.12779051 -0.10193402
v -0.06269049 0.12209201 -0.09400427
v -0.06281477 0.12321700 -0.10166100
v -0.06433486 0.11646500 -0.09619467
v -0.06441867 0.11721700 -0.10081800
v -0.06459999 0.11582100 -0.10552790
v -0.06314015 0.12090899 -0.10889100
v -0.06483769 0.11240800 -0.10963999
v -0.06354045 0.11607191 -0.11455200
v -0.05691569 0.12581137 -0.11120621
v -0.05879259 0.12476600 -0.11124600
v -0.05556839 0.12021900 -0.11915900
v -0.05931848 0.11891700 -0.11821501
v -0.05907070 0.11697789 -0.06486696
v -0.06271606 0.11447801 -0.06615215
v -0.06754207 0.10720299 -0.03869336
v -0.06997698 0.10334999 -0.04017305
v -0.07835907 0.09792870 -0.01327365
v -0.07584727 0.10191701 -0.01164638
v -0.06374371 0.10970400 -0.03712040
v -0.05969977 0.11542700 -0.05957627
v -0.07195287 0.10438602 -0.00974792
v -0.06412786 0.10934100 -0.03550297
v -0.06505888 0.11080301 -0.06753897
v -0.06578750 0.10647921 -0.06880735
v -0.07067459 0.09876180 -0.04134005
v -0.07106906 0.09837746 -0.03974097
v -0.04792225 0.13152190 -0.09047096
v -0.04423809 0.13511600 -0.09911848
v -0.04239726 0.13349901 -0.10850391
v -0.02792656 0.14180301 -0.10383800
v -0.03359186 0.13196699 -0.11489300
v -0.03114068 0.14256300 -0.09475636
v -0.01866179 0.14970601 -0.08778799
v -0.02312809 0.14542291 -0.08035588
v -0.03791528 0.13704400 -0.08763528
v -0.07582879 0.10191701 0.01176726
v -0.07833808 0.09792870 0.01339864
v -0.07977098 0.09341448 0.01184087
v -0.07903188 0.09310805 0.01447445
v -0.04805874 -0.03226077 -0.11335600
v -0.04879230 -0.03548336 -0.08546120
v -0.03588938 -0.04551565 -0.11473801
v -0.03606104 -0.04860866 -0.08547127
v -0.01988637 -0.05436451 -0.11694200
v -0.01995044 -0.05725568 -0.08548407
v -0.00186807 -0.05760949 -0.11995502
v -0.00197869 -0.06062120 -0.08549845
v 0.01616680 -0.05838007 -0.08551288
v 0.03310275 -0.03328365 -0.08552640
v 0.01887398 -0.02538394 0.08548498
v -0.06428605 0.00787043 0.08555121
v -0.06417620 0.00623363 0.08555108
v 0.03323888 -0.03328365 0.08547359
v 0.04726046 -0.04175800 0.08546239
v 0.04004168 -0.04616475 0.08546805
v 0.04623085 -0.04110258 0.09797769
v 0.12835200 -0.00480944 0.10467701
v 0.12966000 -0.00449610 0.10398701
v -0.06410908 0.01145917 0.09755069
v 0.18987601 0.05753928 -0.02886515
v 0.18989299 0.04892629 -0.01565068
v 0.18989700 0.04377830 -0.01539885
v 0.18890601 0.03850448 -0.01705110
v 0.18990800 0.04590129 -0.00015132
v 0.18991801 0.04892629 0.01534807
v 0.18992202 0.04377830 0.01509726
v 0.18992400 0.05229228 0.02679860
v 0.18893501 0.04305446 0.02376276
v 0.18893591 0.04832047 0.03041279
v 0.18757799 0.03722739 0.01984745
v 0.18859400 0.04840320 0.03172796
v 0.18897301 0.05496746 0.03657180
v 0.18992302 0.06135119 0.03456574
v 0.18916902 0.06017255 0.03930908
v 0.18991800 0.07048416 0.03758198
v 0.18930601 0.07048976 0.04184800
v 0.18992099 0.05753928 0.02856266
v 0.18893000 0.03448647 0.00949478
v 0.18425800 0.06982266 0.06316089
v 0.18325999 0.06940889 0.06923860
v 0.18079700 0.04904496 0.06795829
v 0.18691999 0.04999876 0.03922808
v 0.17948100 0.03101485 0.03547596
v 0.16118501 0.01359146 0.06347686
v 0.14533198 0.00084221 0.06055766
v 0.17327301 0.03002077 0.06599926
v 0.01644557 0.08501309 0.14570101
v 0.01451838 0.08501149 0.14492901
v -0.01816576 0.08498549 0.13480902
v -0.01921105 0.08498467 0.13457300
v -0.05400109 0.08495395 0.12962601
v -0.05999726 0.08495218 0.12757000
v -0.06410920 0.08494888 0.12274500
v -0.06518948 0.08494806 0.11649900
v -0.05398708 0.06743299 0.12962601
v -0.05607926 0.05358129 0.12909000
v -0.04555428 0.02251899 0.13031399
v -0.05998338 0.06742817 0.12757000
v -0.06243705 0.03617417 0.12385900
v -0.06409519 0.06742489 0.12274500
v -0.06457490 0.03655547 0.11982401
v -0.06517547 0.06742405 0.11649899
v -0.06514620 0.05396008 0.11630601
v -0.06503856 0.03700214 0.11529700
v -0.06499290 0.03283017 0.11482501
v -0.06473256 0.02051848 0.11176900
v -0.06488966 0.02637928 0.11368700
v -0.06431746 0.02282339 0.11745700
v -0.06440579 0.02623558 0.11831100
v -0.06227427 0.02696466 0.12258000
v -0.06420105 0.01941698 0.11625401
v -0.06453078 0.03310358 0.11944601
v -0.06239348 0.03311926 0.12352800
v -0.06425809 0.11721700 0.10092001
v -0.06418156 0.11646501 0.09629696
v -0.06566059 0.10652600 0.06906068
v -0.07059550 0.09877778 0.04150688
v -0.07091450 0.09846657 0.04021716
v -0.07914149 0.09039700 0.01418316
v -0.06254017 0.12209200 0.09410417
v -0.06265288 0.12321701 0.10176100
v -0.05861544 0.12476599 0.11134000
v -0.06494778 0.11081200 0.06767058
v -0.06990605 0.10335700 0.04031234
v -0.06747335 0.10721000 0.03882884
v -0.06537491 0.08494806 -0.11639490
v -0.06430459 0.08494888 -0.12264301
v -0.06020039 0.08495218 -0.12747401
v -0.06533146 0.05400609 -0.11620301
v -0.06429058 0.06742489 -0.12264300
v -0.06018650 0.06742818 -0.12747400
v -0.05419349 0.06743299 -0.12954000
v -0.05627745 0.05362826 -0.12900302
v -0.04577004 0.02255558 -0.13024101
v -0.03094178 -0.02373868 -0.13225400
v -0.02112275 -0.03228574 -0.13414700
v -0.00903565 -0.03593164 -0.13711201
v -0.07496726 0.05610437 -0.02594035
v -0.06487387 0.01963216 -0.11118902
v -0.06438606 0.01941627 -0.11615101
v -0.06450438 0.02282285 -0.11735500
v -0.06459408 0.02623516 -0.11820900
v -0.06246967 0.02697288 -0.12248101
v -0.06466466 0.02966225 -0.11885101
v -0.06253601 0.03005725 -0.12300999
v -0.00968993 -0.04420239 -0.13545001
v -0.02528774 -0.03897929 -0.13189399
v -0.06515145 0.03106015 -0.11446700
v -0.06511247 0.02860426 -0.11404799
v -0.06499218 0.02306127 -0.11267300
v -0.06536090 0.06742405 -0.11639490
v -0.06260728 0.11448702 0.06628007
v -0.06233990 0.03005230 0.12310901
v -0.06447535 0.02966248 0.11895300
v -0.06494230 0.02930045 0.11427901
v 0.18893300 0.03850448 0.01675015
v -0.03393179 0.13247402 -0.06707836
v -0.05091637 0.11630000 -0.04056739
v -0.02386707 0.13336100 -0.04118949
v -0.04574465 0.11675500 -0.02057015
v -0.01873558 0.13381200 -0.01388037
v -0.04399096 0.11690798 0.00001478
v -0.01871335 0.13381200 0.01391029
v -0.04461055 0.12579601 -0.11750200
v -0.01348716 0.15007402 0.09602768
v -0.03099030 0.14256200 0.09480618
v -0.02776205 0.14180200 0.10388201
v -0.04408037 0.13511601 0.09918886
v -0.03340899 0.13196699 0.11494700
v 0.15276600 0.00952828 0.10217700
v 0.16428199 0.02136445 0.09791225
v 0.17318001 0.03554588 0.09416508
v 0.17893700 0.05157744 0.09111560
v 0.04932445 0.16725901 -0.01351678
v 0.04343944 0.16903500 0.08679217
v 0.03917765 0.16903101 0.08063918
v 0.02926290 0.16691601 0.08559626
v 0.15586300 0.14396100 -0.06547576
v 0.16973601 0.12798999 -0.06797039
v 0.17742798 0.12395801 -0.03839349
v 0.18493192 0.10668901 -0.04211366
v 0.18551202 0.11056800 -0.03410434
v 0.18767892 0.09977448 -0.03941988
v 0.16660102 0.13030501 -0.08645452
v 0.18329599 0.11911900 -0.02620917
v 0.15011790 0.14562491 -0.09950876
v 0.16179602 0.13504089 -0.09352689
v 0.17147399 0.12130900 -0.08970587
v 0.17800900 0.10514501 -0.08835339
v 0.13925301 0.15750401 0.01061946
v 0.11345400 0.16546699 0.01172989
v 0.02831405 0.15505402 -0.00002254
v 0.01479399 0.15313999 -0.00001178
v 0.01479625 0.15338901 0.00316524
v -0.04629838 -0.03340178 -0.11762600
v -0.03422504 -0.04556244 -0.11957100
v -0.01916229 -0.05328577 -0.12249999
v -0.03274458 -0.04169738 -0.12635300
v -0.01926428 -0.04875010 -0.12902300
v -0.00274634 -0.05592048 -0.12634601
v -0.00455415 -0.05127787 -0.13253500
f 1 2 3
f 4 5 3
f 1 6 2
f 2 6 7
f 6 8 7
f 8 9 10
f 11 12 13
f 13 14 15
f 13 15 16
f 17 18 19
f 18 20 21
f 11 17 19
f 19 12 11
f 22 23 24
f 24 23 25
f 23 26 25
f 25 26 27
f 26 28 27
f 27 28 29
f 28 30 29
f 29 30 31
f 30 32 31
f 31 32 33
f 32 34 33
f 33 34 35
f 36 37 38
f 38 37 39
f 37 40 39
f 39 40 41
f 40 42 41
f 41 42 43
f 42 44 43
f 43 44 45
f 44 46 45
f 45 46 47
f 47 46 48
f 48 46 49
f 48 49 50
f 50 49 51
f 50 51 52
f 53 48 50
f 52 51 54
f 54 51 55
f 54 55 56
f 57 58 59
f 60 61 62
f 62 63 64
f 5 65 66
f 66 67 68
f 69 70 71
f 70 16 72
f 20 73 74
f 73 75 76
f 77 78 79
f 78 80 81
f 82 83 84
f 85 86 87
f 87 86 88
f 88 86 89
f 90 91 92
f 90 92 93
f 93 92 89
f 94 95 96
f 94 96 97
f 97 96 98
f 97 98 99
f 100 101 102
f 103 104 105
f 104 106 99
f 104 99 98
f 101 107 108
f 109 110 111
f 112 113 114
f 115 116 114
f 114 116 117
f 115 114 113
f 117 118 119
f 117 119 120
f 119 121 120
f 120 121 110
f 120 110 109
f 122 123 124
f 124 123 125
f 122 124 126
f 127 126 124
f 125 128 129
f 130 131 132
f 130 133 134
f 134 133 135
f 131 130 134
f 136 137 135
f 135 137 138
f 135 138 139
f 136 135 133
f 140 141 142
f 142 141 143
f 142 143 144
f 140 142 138
f 139 138 142
f 143 145 144
f 144 145 146
f 144 146 147
f 146 148 147
f 147 148 126
f 147 126 127
f 149 150 151
f 149 151 152
f 151 153 152
f 152 153 154
f 152 154 155
f 156 157 158
f 158 157 159
f 158 159 160
f 156 158 154
f 155 154 158
f 159 161 160
f 160 161 162
f 163 164 165
f 165 164 166
f 165 166 167
f 168 169 166
f 167 166 169
f 170 171 172
f 172 171 173
f 172 173 174
f 170 172 168
f 169 168 172
f 174 173 175
f 176 177 178
f 178 177 179
f 176 178 175
f 179 180 163
f 179 163 165
f 181 182 183
f 183 182 184
f 182 185 184
f 184 185 186
f 185 187 186
f 186 187 188
f 187 189 188
f 188 189 190
f 188 190 191
f 192 193 190
f 191 190 193
f 194 195 192
f 193 192 195
f 196 197 194
f 195 194 197
f 198 199 200
f 200 199 201
f 200 201 202
f 198 200 196
f 197 196 200
f 201 203 202
f 202 203 204
f 204 205 206
f 207 208 53
f 53 208 48
f 209 34 210
f 210 34 211
f 209 212 34
f 34 212 35
f 35 212 213
f 35 213 214
f 214 213 215
f 214 215 216
f 216 215 217
f 218 219 220
f 220 219 221
f 220 221 222
f 223 224 225
f 224 226 227
f 226 228 227
f 229 230 231
f 231 232 233
f 233 232 234
f 235 236 237
f 236 238 239
f 240 241 242
f 34 243 211
f 211 243 244
f 211 244 245
f 245 244 246
f 244 247 246
f 246 247 248
f 248 247 249
f 249 247 250
f 249 250 251
f 251 250 252
f 252 250 253
f 253 250 254
f 253 254 217
f 217 254 216
f 254 255 216
f 216 255 214
f 255 256 214
f 214 256 35
f 256 257 35
f 35 257 33
f 257 258 33
f 33 258 259
f 33 259 12
f 33 12 31
f 12 19 31
f 31 19 260
f 31 260 29
f 29 260 261
f 29 261 27
f 27 261 262
f 27 262 25
f 25 262 263
f 25 263 264
f 25 264 24
f 24 264 265
f 24 265 266
f 266 267 24
f 24 267 22
f 267 268 22
f 22 268 269
f 22 269 270
f 22 270 23
f 23 270 271
f 23 271 272
f 272 273 23
f 23 273 274
f 23 274 275
f 23 275 26
f 26 275 276
f 26 276 28
f 28 276 277
f 28 277 278
f 278 279 28
f 28 279 280
f 28 280 30
f 30 280 281
f 30 281 282
f 282 283 30
f 30 283 284
f 30 284 32
f 32 284 285
f 32 285 34
f 34 285 286
f 34 286 243
f 48 208 287
f 287 208 288
f 208 289 288
f 288 289 290
f 289 291 290
f 290 291 292
f 290 292 293
f 293 292 294
f 293 294 295
f 295 296 293
f 293 296 297
f 293 297 298
f 298 297 299
f 298 299 56
f 298 56 300
f 300 56 55
f 300 55 301
f 301 55 51
f 301 51 302
f 302 51 49
f 302 49 303
f 303 49 46
f 303 46 304
f 304 46 44
f 304 44 305
f 305 44 306
f 306 44 7
f 7 44 2
f 44 42 2
f 2 42 307
f 307 42 308
f 308 42 40
f 308 40 309
f 309 40 37
f 309 37 310
f 310 37 36
f 310 36 311
f 311 36 312
f 36 38 312
f 312 38 313
f 313 38 314
f 314 38 315
f 38 39 315
f 315 39 316
f 316 39 317
f 317 39 318
f 39 41 318
f 318 41 319
f 319 41 320
f 320 41 321
f 321 41 322
f 322 41 323
f 41 43 323
f 323 43 324
f 324 43 45
f 324 45 325
f 325 45 326
f 326 45 327
f 327 45 47
f 327 47 328
f 328 47 329
f 329 47 330
f 330 47 331
f 331 47 332
f 332 47 48
f 332 48 287
f 206 205 181
f 205 204 181
f 333 334 335
f 335 334 336
f 335 336 337
f 337 338 335
f 335 338 339
f 335 339 340
f 340 339 341
f 340 341 342
f 340 342 343
f 343 342 344
f 343 344 345
f 339 338 346
f 346 338 347
f 336 334 348
f 348 334 349
f 348 349 350
f 350 349 351
f 350 351 108
f 350 108 352
f 352 108 107
f 352 107 338
f 338 107 83
f 338 83 82
f 82 353 338
f 338 353 347
f 347 353 354
f 354 353 355
f 354 355 345
f 345 355 81
f 345 81 343
f 343 81 80
f 343 80 356
f 356 80 103
f 103 80 104
f 104 80 90
f 104 90 93
f 104 93 106
f 106 93 89
f 106 89 99
f 99 89 97
f 89 86 97
f 97 86 94
f 86 85 94
f 94 85 357
f 94 357 358
f 358 357 359
f 359 357 360
f 360 357 361
f 360 361 362
f 360 362 363
f 363 362 364
f 363 364 365
f 85 366 357
f 357 366 90
f 357 90 367
f 367 90 368
f 80 78 90
f 90 78 77
f 90 77 368
f 368 77 369
f 77 370 369
f 369 370 365
f 370 84 365
f 365 84 363
f 84 83 363
f 363 83 100
f 100 83 101
f 101 83 107
f 371 372 373
f 373 372 374
f 374 372 238
f 374 238 242
f 375 376 377
f 377 376 378
f 378 376 379
f 378 379 380
f 381 382 383
f 381 383 384
f 384 385 381
f 381 385 386
f 375 377 382
f 382 377 383
f 228 226 234
f 234 226 233
f 233 226 224
f 233 224 231
f 231 224 223
f 231 223 229
f 228 234 387
f 228 387 388
f 388 387 389
f 388 389 390
f 390 389 391
f 390 391 392
f 393 394 395
f 395 394 396
f 396 394 397
f 394 398 397
f 397 398 399
f 397 399 400
f 242 238 240
f 240 238 236
f 240 236 401
f 401 236 235
f 401 235 395
f 395 235 393
f 380 379 402
f 379 403 402
f 402 403 404
f 403 405 404
f 404 405 391
f 405 392 391
f 399 406 400
f 400 406 407
f 407 406 408
f 407 408 409
f 409 408 386
f 409 386 385
f 410 411 15
f 411 412 15
f 15 412 16
f 16 412 413
f 411 414 412
f 415 416 414
f 414 416 412
f 417 418 419
f 419 420 417
f 417 420 421
f 417 421 422
f 422 421 423
f 419 418 424
f 424 418 425
f 424 425 426
f 421 427 423
f 423 427 428
f 428 427 222
f 427 429 222
f 222 429 220
f 429 430 220
f 220 430 218
f 430 416 218
f 218 416 431
f 431 416 415
f 432 433 434
f 432 434 435
f 434 433 436
f 154 153 151
f 154 151 159
f 159 151 161
f 151 150 161
f 161 150 162
f 162 150 149
f 159 157 154
f 154 157 156
f 437 438 439
f 439 438 440
f 440 438 441
f 441 438 442
f 441 442 443
f 443 442 444
f 444 442 445
f 444 445 446
f 446 447 444
f 444 447 448
f 448 447 449
f 448 449 450
f 450 449 58
f 450 58 451
f 451 58 57
f 451 57 452
f 452 432 451
f 451 432 435
f 453 434 64
f 1 3 6
f 6 3 8
f 8 3 9
f 3 5 9
f 9 5 454
f 454 5 436
f 436 5 434
f 434 5 64
f 68 60 62
f 68 62 66
f 66 62 5
f 5 62 64
f 17 11 18
f 18 11 13
f 18 13 20
f 20 13 16
f 69 75 73
f 69 73 70
f 70 73 20
f 70 20 16
f 199 198 201
f 198 196 201
f 126 148 122
f 148 146 122
f 122 146 123
f 146 145 123
f 123 145 143
f 123 143 136
f 136 143 137
f 143 141 137
f 137 141 138
f 138 141 140
f 123 136 133
f 123 133 119
f 119 133 121
f 121 133 110
f 110 133 130
f 110 130 111
f 130 132 111
f 111 132 112
f 112 132 113
f 113 132 455
f 113 455 115
f 115 455 116
f 116 455 117
f 117 455 456
f 119 118 123
f 123 118 117
f 123 117 125
f 125 117 456
f 125 456 129
f 201 196 163
f 163 196 194
f 163 194 164
f 164 194 166
f 166 194 168
f 194 192 168
f 168 192 190
f 168 190 170
f 170 190 171
f 190 189 171
f 171 189 173
f 189 187 173
f 187 185 173
f 173 185 175
f 175 185 182
f 175 182 176
f 176 182 177
f 177 182 179
f 182 181 179
f 179 181 204
f 204 203 179
f 179 203 180
f 180 203 163
f 163 203 201
f 457 458 459
f 459 458 460
f 459 460 461
f 461 460 462
f 461 462 463
f 463 462 464
f 465 466 457
f 457 466 458
f 466 467 458
f 458 467 468
f 467 469 468
f 468 469 470
f 470 469 471
f 469 472 471
f 471 472 473
f 472 474 473
f 473 474 475
f 473 475 476
f 466 477 467
f 477 469 467
f 469 478 472
f 472 478 474
f 466 465 479
f 479 465 480
f 466 481 477
f 477 481 482
f 477 482 469
f 469 482 478
f 483 484 485
f 485 484 486
f 485 486 487
f 487 486 488
f 487 488 489
f 487 489 490
f 489 491 490
f 490 491 492
f 491 493 492
f 492 493 494
f 492 494 495
f 496 492 495
f 497 485 498
f 498 485 499
f 499 485 500
f 499 500 501
f 501 500 502
f 501 502 503
f 503 502 504
f 503 504 505
f 505 504 506
f 505 506 507
f 508 487 490
f 492 496 509
f 506 504 510
f 510 504 511
f 510 511 512
f 512 511 513
f 512 513 514
f 514 513 515
f 306 7 516
f 516 7 517
f 517 7 8
f 517 8 10
f 517 10 436
f 436 10 454
f 454 10 9
f 2 307 3
f 3 307 4
f 312 518 311
f 311 518 310
f 310 518 519
f 519 518 520
f 519 520 521
f 521 520 522
f 522 520 523
f 523 520 524
f 314 525 313
f 313 525 312
f 312 525 518
f 518 525 526
f 518 526 520
f 520 526 524
f 316 527 315
f 315 527 314
f 314 527 525
f 525 527 528
f 525 528 526
f 526 528 529
f 526 529 530
f 531 526 530
f 320 321 319
f 319 321 532
f 319 532 318
f 318 532 533
f 318 533 317
f 317 533 316
f 316 533 527
f 527 533 528
f 533 534 528
f 528 534 535
f 528 535 529
f 322 323 536
f 536 323 537
f 537 323 538
f 537 538 539
f 539 538 540
f 539 540 541
f 323 324 538
f 538 324 542
f 538 542 540
f 540 542 543
f 269 544 270
f 270 544 271
f 271 544 545
f 545 544 546
f 545 546 547
f 547 546 548
f 547 548 549
f 271 545 272
f 272 545 550
f 272 550 273
f 273 550 274
f 275 551 276
f 276 551 552
f 276 552 553
f 276 553 277
f 277 553 554
f 552 555 553
f 553 555 556
f 553 556 554
f 554 556 557
f 556 555 558
f 304 305 559
f 559 305 306
f 559 306 516
f 559 516 560
f 560 516 517
f 560 517 561
f 561 517 436
f 561 436 433
f 561 433 432
f 560 561 559
f 559 561 562
f 559 562 563
f 563 562 564
f 563 564 565
f 565 564 566
f 565 566 567
f 567 566 568
f 567 568 569
f 569 568 570
f 569 570 571
f 571 572 569
f 569 572 573
f 569 573 574
f 574 573 575
f 574 575 576
f 574 576 577
f 574 578 569
f 569 578 567
f 578 302 567
f 567 302 565
f 302 303 565
f 565 303 563
f 303 304 563
f 563 304 559
f 570 568 579
f 579 568 580
f 580 568 581
f 581 568 582
f 582 568 566
f 582 566 583
f 583 566 564
f 583 564 584
f 584 564 562
f 584 562 59
f 59 562 561
f 59 561 57
f 57 561 452
f 452 561 432
f 575 573 585
f 585 573 586
f 585 586 587
f 587 586 588
f 589 590 591
f 591 590 592
f 592 590 593
f 593 590 594
f 593 594 595
f 595 594 596
f 595 596 597
f 598 599 589
f 589 599 600
f 589 600 590
f 590 600 601
f 590 601 594
f 594 601 602
f 594 602 603
f 596 594 603
f 589 591 604
f 604 591 592
f 604 592 605
f 604 605 606
f 606 605 607
f 589 604 598
f 598 604 608
f 598 608 599
f 599 608 609
f 599 609 600
f 600 609 610
f 604 606 608
f 608 606 611
f 608 611 612
f 612 611 613
f 612 613 614
f 614 613 615
f 614 615 616
f 616 615 617
f 616 617 618
f 611 606 607
f 616 618 330
f 616 330 619
f 619 330 331
f 619 331 332
f 329 330 618
f 332 620 619
f 619 620 621
f 619 621 614
f 614 621 622
f 614 622 612
f 612 622 609
f 612 609 608
f 616 619 614
f 609 622 610
f 610 622 620
f 622 621 620
f 329 618 328
f 328 618 371
f 328 371 327
f 327 371 373
f 327 373 326
f 326 373 374
f 326 374 623
f 623 374 242
f 623 242 624
f 326 623 325
f 325 623 324
f 324 623 542
f 542 623 624
f 542 624 625
f 543 542 625
f 371 618 372
f 618 617 372
f 372 617 238
f 626 627 628
f 628 627 629
f 629 627 630
f 630 627 631
f 630 631 632
f 630 632 633
f 634 635 636
f 636 635 637
f 636 637 638
f 638 637 639
f 634 636 640
f 640 636 641
f 640 641 642
f 642 641 643
f 636 638 641
f 641 638 644
f 641 644 643
f 643 644 645
f 646 647 648
f 648 647 649
f 648 649 650
f 650 649 651
f 651 649 652
f 649 647 652
f 653 654 635
f 635 654 637
f 637 654 639
f 639 654 655
f 653 656 654
f 654 656 657
f 654 657 655
f 655 657 658
f 658 657 659
f 660 657 656
f 646 648 661
f 661 648 662
f 662 648 660
f 660 648 663
f 648 650 663
f 663 650 664
f 663 664 665
f 646 661 666
f 666 661 667
f 666 667 668
f 668 667 669
f 660 663 657
f 657 663 670
f 657 670 659
f 659 670 671
f 663 665 670
f 670 665 672
f 670 672 671
f 671 672 673
f 671 673 674
f 660 656 662
f 662 656 661
f 661 656 667
f 667 656 653
f 667 653 675
f 675 653 635
f 675 635 634
f 642 643 676
f 676 643 677
f 677 643 678
f 678 643 645
f 678 645 679
f 680 678 679
f 681 682 683
f 683 682 684
f 683 684 685
f 685 684 686
f 686 684 687
f 687 684 682
f 681 683 688
f 688 683 689
f 688 689 690
f 689 683 691
f 691 683 692
f 692 683 685
f 681 693 682
f 682 693 694
f 682 694 677
f 677 695 682
f 682 695 687
f 687 695 696
f 696 695 697
f 681 688 693
f 693 688 690
f 693 690 698
f 698 690 699
f 698 699 700
f 693 698 694
f 694 698 677
f 677 698 676
f 676 698 642
f 697 695 701
f 701 695 702
f 701 702 703
f 703 702 680
f 680 702 678
f 678 702 677
f 677 702 695
f 701 703 704
f 704 703 705
f 697 701 706
f 706 701 704
f 706 704 707
f 707 704 705
f 707 705 708
f 706 707 709
f 706 709 710
f 709 707 711
f 711 707 708
f 696 697 687
f 687 697 712
f 697 706 712
f 712 706 710
f 710 713 712
f 712 713 714
f 712 714 715
f 665 716 672
f 672 716 717
f 672 717 673
f 673 717 674
f 674 717 718
f 718 717 719
f 719 717 720
f 717 716 720
f 720 716 721
f 650 722 664
f 664 722 665
f 665 722 716
f 716 722 723
f 716 723 724
f 716 724 725
f 721 716 725
f 555 552 726
f 726 552 727
f 726 727 728
f 728 727 729
f 728 729 547
f 547 729 545
f 545 729 550
f 550 729 730
f 550 730 274
f 274 730 275
f 275 730 551
f 551 730 727
f 551 727 552
f 730 729 727
f 555 726 731
f 731 726 732
f 731 732 733
f 733 732 734
f 733 734 735
f 735 734 736
f 737 731 733
f 726 728 732
f 732 728 738
f 732 738 734
f 734 738 739
f 734 739 736
f 736 739 740
f 728 547 738
f 738 547 741
f 738 741 739
f 739 741 742
f 739 742 743
f 739 743 740
f 740 743 744
f 712 715 687
f 687 715 745
f 687 745 686
f 686 745 746
f 686 746 747
f 686 747 748
f 686 748 685
f 685 748 749
f 685 749 750
f 750 749 95
f 750 95 359
f 359 95 358
f 358 95 94
f 750 359 751
f 751 359 360
f 751 360 752
f 752 360 363
f 752 363 753
f 753 363 100
f 753 100 102
f 95 749 96
f 96 749 98
f 749 748 98
f 98 748 104
f 748 747 104
f 104 747 202
f 104 202 204
f 204 206 104
f 104 206 181
f 104 181 183
f 202 747 200
f 200 747 754
f 200 754 197
f 685 750 692
f 692 750 691
f 691 750 755
f 755 750 756
f 755 756 757
f 715 758 745
f 745 758 759
f 745 759 746
f 746 759 747
f 747 759 754
f 754 759 760
f 754 760 197
f 197 760 195
f 195 760 193
f 193 760 191
f 191 760 188
f 188 760 160
f 188 160 186
f 186 160 162
f 186 162 184
f 184 162 183
f 183 162 104
f 104 162 149
f 104 149 125
f 125 149 124
f 710 761 713
f 713 761 762
f 762 761 763
f 762 763 764
f 764 763 765
f 764 765 766
f 766 765 767
f 766 767 768
f 768 767 769
f 768 769 770
f 770 769 771
f 770 771 558
f 558 771 557
f 558 557 556
f 558 555 770
f 770 555 731
f 770 731 737
f 737 733 770
f 770 733 768
f 733 735 768
f 768 735 772
f 768 772 773
f 768 773 766
f 766 773 774
f 766 774 775
f 775 776 766
f 766 776 764
f 776 758 764
f 764 758 762
f 758 715 762
f 762 715 714
f 762 714 713
f 722 650 723
f 723 650 777
f 650 651 777
f 777 651 778
f 778 651 652
f 778 652 779
f 779 652 780
f 779 780 781
f 781 780 782
f 781 782 783
f 783 782 784
f 783 784 785
f 785 784 786
f 785 786 787
f 787 786 788
f 787 788 789
f 789 788 790
f 789 790 791
f 791 790 792
f 781 778 779
f 792 790 793
f 793 790 794
f 793 794 795
f 795 794 796
f 793 795 797
f 791 798 789
f 789 798 787
f 798 799 787
f 787 799 800
f 787 800 785
f 785 800 783
f 799 801 800
f 800 801 802
f 800 802 783
f 783 802 781
f 781 802 778
f 778 802 777
f 777 802 723
f 723 802 801
f 723 801 724
f 724 801 725
f 797 795 803
f 803 795 804
f 803 804 805
f 805 804 806
f 539 807 537
f 537 807 808
f 537 808 536
f 536 808 809
f 536 809 322
f 322 809 321
f 321 809 532
f 532 809 810
f 532 810 533
f 533 810 534
f 534 810 811
f 811 810 808
f 811 808 807
f 810 809 808
f 668 812 666
f 666 812 646
f 646 812 647
f 647 812 813
f 647 813 814
f 647 814 652
f 652 814 780
f 814 813 780
f 780 813 815
f 780 815 816
f 816 817 780
f 780 817 818
f 780 818 819
f 819 820 780
f 780 820 821
f 780 821 782
f 782 821 784
f 784 821 822
f 822 821 823
f 820 824 821
f 821 824 825
f 821 825 826
f 826 825 524
f 826 524 827
f 827 524 526
f 827 526 531
f 827 531 826
f 826 531 828
f 826 828 823
f 823 821 826
f 524 825 523
f 523 825 829
f 523 829 830
f 830 829 831
f 523 830 522
f 824 832 825
f 825 832 829
f 829 832 833
f 833 832 834
f 834 832 835
f 668 669 836
f 836 669 837
f 836 837 838
f 838 837 839
f 838 839 840
f 840 839 841
f 840 841 842
f 842 841 843
f 842 843 820
f 842 820 818
f 818 820 819
f 840 842 838
f 838 842 844
f 844 842 845
f 845 842 818
f 845 818 817
f 816 845 817
f 669 700 837
f 837 700 846
f 837 846 839
f 839 846 847
f 839 847 848
f 848 847 849
f 848 849 850
f 850 849 851
f 850 851 852
f 852 851 853
f 852 853 854
f 852 854 850
f 850 854 855
f 850 855 856
f 856 855 857
f 850 856 848
f 848 856 839
f 856 858 839
f 839 858 841
f 841 858 843
f 843 858 856
f 849 847 851
f 851 847 859
f 851 859 860
f 860 859 861
f 851 860 853
f 853 860 862
f 853 862 863
f 863 862 864
f 863 864 853
f 853 864 865
f 865 864 752
f 752 864 750
f 752 750 751
f 860 866 862
f 862 866 864
f 866 867 864
f 864 867 750
f 867 757 750
f 750 757 756
f 847 846 859
f 859 846 699
f 859 699 861
f 861 699 690
f 846 700 699
f 860 861 866
f 866 861 868
f 866 868 755
f 755 868 689
f 755 689 691
f 689 868 690
f 690 868 861
f 755 757 866
f 866 757 867
f 869 870 871
f 871 870 835
f 871 835 872
f 872 835 832
f 872 832 824
f 871 872 857
f 857 872 873
f 857 873 843
f 843 873 820
f 857 843 856
f 820 873 824
f 824 873 872
f 874 626 875
f 875 626 876
f 875 876 877
f 877 876 878
f 877 878 879
f 874 875 880
f 880 875 869
f 869 875 870
f 870 875 877
f 870 877 835
f 835 877 881
f 626 874 882
f 874 880 882
f 880 869 882
f 882 869 883
f 882 883 884
f 884 883 885
f 885 883 886
f 886 883 887
f 887 883 888
f 887 888 854
f 854 888 855
f 855 888 857
f 857 888 871
f 888 883 871
f 871 883 869
f 626 882 889
f 889 882 884
f 886 887 890
f 890 887 891
f 886 890 885
f 885 890 892
f 885 892 884
f 890 891 892
f 892 891 893
f 893 891 894
f 884 892 889
f 889 892 626
f 626 892 627
f 627 892 893
f 627 893 631
f 631 893 895
f 13 12 14
f 14 12 896
f 14 896 897
f 15 14 410
f 410 14 897
f 410 897 411
f 18 21 19
f 19 21 898
f 19 898 260
f 260 898 899
f 260 899 261
f 261 899 900
f 261 900 262
f 262 900 901
f 262 901 902
f 902 901 903
f 263 262 902
f 903 901 904
f 904 901 905
f 901 900 905
f 905 900 906
f 900 899 906
f 906 899 907
f 899 898 907
f 907 898 20
f 20 898 21
f 60 908 61
f 61 908 909
f 61 909 910
f 61 910 62
f 62 910 63
f 910 911 63
f 63 911 912
f 63 912 64
f 64 912 453
f 434 453 912
f 878 876 913
f 913 876 914
f 913 914 915
f 914 876 629
f 629 876 626
f 629 626 628
f 5 916 65
f 65 916 917
f 65 917 66
f 66 917 67
f 69 71 918
f 918 71 919
f 918 919 920
f 919 71 921
f 921 71 922
f 71 70 922
f 922 70 72
f 922 72 412
f 412 72 413
f 16 413 72
f 73 76 74
f 74 76 923
f 74 923 20
f 20 923 907
f 534 924 535
f 535 924 529
f 924 925 529
f 529 925 926
f 925 927 926
f 926 927 928
f 928 927 929
f 929 927 930
f 929 930 784
f 925 924 927
f 927 924 931
f 927 931 796
f 796 931 795
f 927 796 930
f 795 931 804
f 804 931 932
f 804 932 933
f 933 932 811
f 933 811 807
f 807 539 933
f 933 539 806
f 933 806 804
f 811 932 534
f 534 932 924
f 932 931 924
f 928 929 934
f 934 929 784
f 934 784 822
f 823 934 822
f 926 928 529
f 529 928 530
f 928 934 530
f 530 934 531
f 934 823 531
f 531 823 828
f 547 549 741
f 741 549 548
f 741 548 742
f 742 548 935
f 742 935 936
f 742 936 743
f 743 936 937
f 743 937 938
f 744 743 938
f 548 939 935
f 935 939 936
f 936 939 940
f 940 939 941
f 940 941 942
f 942 941 943
f 936 940 937
f 937 940 942
f 937 942 944
f 938 937 944
f 263 902 264
f 264 902 945
f 264 945 265
f 902 903 945
f 945 903 946
f 903 904 946
f 946 904 947
f 946 947 948
f 268 267 269
f 269 267 544
f 267 949 544
f 544 949 546
f 949 950 546
f 546 950 548
f 548 950 939
f 939 950 941
f 267 266 949
f 949 266 265
f 949 265 945
f 945 946 949
f 949 946 950
f 946 948 950
f 950 948 951
f 950 951 941
f 339 346 341
f 341 346 347
f 341 347 354
f 341 354 342
f 342 354 344
f 345 344 354
f 77 79 370
f 370 79 78
f 370 78 81
f 81 355 370
f 370 355 84
f 84 355 82
f 82 355 353
f 350 352 348
f 348 352 336
f 336 352 337
f 337 352 338
f 357 367 361
f 361 367 368
f 361 368 369
f 361 369 362
f 362 369 364
f 364 369 365
f 85 87 366
f 87 88 366
f 366 88 952
f 366 952 953
f 953 952 89
f 953 89 92
f 89 952 88
f 92 91 953
f 953 91 366
f 366 91 90
f 891 954 955
f 955 954 956
f 956 954 957
f 957 954 958
f 957 958 959
f 959 958 960
f 960 958 904
f 904 958 947
f 954 753 958
f 958 753 102
f 958 102 351
f 351 102 108
f 108 102 101
f 958 351 947
f 947 351 948
f 351 349 948
f 948 349 961
f 948 961 951
f 951 961 941
f 941 961 943
f 943 961 942
f 349 334 961
f 961 334 333
f 961 333 335
f 961 335 942
f 942 335 340
f 942 340 944
f 944 340 343
f 944 343 105
f 105 343 356
f 105 356 103
f 105 104 944
f 944 104 962
f 944 962 938
f 938 962 744
f 104 125 962
f 962 125 129
f 962 129 456
f 456 455 962
f 962 455 744
f 455 132 744
f 744 132 963
f 132 131 963
f 963 131 964
f 963 964 965
f 965 964 966
f 965 966 967
f 967 966 775
f 967 775 774
f 774 773 967
f 967 773 968
f 967 968 965
f 965 968 969
f 965 969 963
f 963 969 740
f 963 740 744
f 740 969 736
f 736 969 970
f 736 970 735
f 735 970 772
f 969 968 970
f 970 968 772
f 772 968 773
f 904 905 960
f 960 905 959
f 522 971 521
f 521 971 519
f 830 831 522
f 522 831 971
f 835 881 834
f 834 881 877
f 834 877 972
f 972 877 879
f 972 879 878
f 878 913 972
f 972 913 915
f 972 915 973
f 833 834 829
f 829 834 831
f 111 112 109
f 112 114 109
f 114 117 109
f 109 117 120
f 135 139 134
f 134 139 131
f 131 139 964
f 964 139 142
f 964 142 144
f 152 155 149
f 149 155 124
f 172 174 169
f 174 175 169
f 175 178 169
f 169 178 167
f 178 179 167
f 167 179 165
f 816 815 845
f 845 815 844
f 930 796 974
f 974 796 975
f 974 975 786
f 786 975 788
f 788 975 790
f 790 975 794
f 794 975 796
f 786 784 974
f 974 784 930
f 476 976 977
f 977 976 978
f 978 976 979
f 979 976 980
f 976 981 980
f 980 981 982
f 476 475 976
f 976 475 981
f 981 475 983
f 983 475 474
f 983 474 984
f 494 493 985
f 985 493 986
f 494 987 495
f 495 987 988
f 495 988 989
f 495 989 496
f 496 989 990
f 496 990 991
f 496 991 992
f 992 991 993
f 992 993 994
f 994 993 995
f 994 995 996
f 996 995 997
f 996 997 515
f 515 997 998
f 515 998 514
f 514 998 999
f 514 999 1000
f 1000 999 1001
f 1001 999 1002
f 1002 999 1003
f 1003 999 1004
f 1000 1001 1005
f 1005 1001 1006
f 1005 1006 1007
f 1007 1006 1008
f 1007 1008 1009
f 1002 1006 1001
f 1009 1010 1007
f 1007 1010 1011
f 1000 1005 514
f 514 1005 512
f 512 1005 510
f 1005 1007 510
f 510 1007 506
f 1007 1011 506
f 506 1011 1012
f 496 992 509
f 509 992 1013
f 509 1013 492
f 492 1013 490
f 490 1013 508
f 508 1013 1014
f 508 1014 487
f 487 1014 485
f 485 1014 500
f 500 1014 1015
f 500 1015 502
f 502 1015 1016
f 502 1016 504
f 504 1016 511
f 511 1016 513
f 513 1016 1017
f 513 1017 515
f 515 1017 996
f 1016 1015 1017
f 1017 1015 1018
f 1017 1018 996
f 996 1018 994
f 1015 1014 1018
f 1018 1014 1013
f 1018 1013 994
f 994 1013 992
f 1019 1020 1021
f 1021 1020 602
f 1021 602 601
f 1021 601 1022
f 1022 601 1023
f 1023 601 600
f 1024 1025 1026
f 1026 1025 1027
f 1026 1027 1028
f 1028 1027 1029
f 1028 1029 1030
f 1030 1029 1031
f 1030 1031 1032
f 1032 1033 1030
f 1030 1033 1034
f 1030 1034 1035
f 1036 1034 1033
f 1030 1035 1028
f 1028 1035 1037
f 1028 1037 1026
f 1031 1029 1022
f 1022 1029 1021
f 1029 1027 1021
f 1021 1027 1019
f 1019 1027 1025
f 1037 1035 1038
f 1038 1035 587
f 587 1035 585
f 585 1035 1034
f 585 1034 575
f 575 1034 1036
f 575 1036 1039
f 442 1040 445
f 445 1040 446
f 446 1040 1041
f 1041 1040 1042
f 1041 1042 1043
f 1043 1042 1044
f 1043 1044 1045
f 1045 1044 579
f 1045 579 580
f 579 1044 570
f 570 1044 1046
f 570 1046 571
f 1044 1047 1046
f 1046 1047 1048
f 1046 1048 571
f 571 1048 1049
f 571 1049 1050
f 1050 1049 1051
f 1050 1051 1052
f 1052 1051 442
f 1052 442 1053
f 1053 442 438
f 1053 438 588
f 588 438 437
f 588 437 1054
f 1054 1055 588
f 588 1055 587
f 1055 1056 587
f 587 1056 1057
f 587 1057 1038
f 1038 1057 1058
f 1038 1058 1037
f 1037 1058 1059
f 1037 1059 1026
f 1026 1059 1024
f 1059 1060 1024
f 1024 1060 1025
f 1060 1061 1025
f 1025 1061 1062
f 1025 1062 1019
f 1062 1061 1063
f 1063 1061 1064
f 1063 1064 1065
f 571 1050 572
f 572 1050 1066
f 572 1066 1067
f 1067 1066 1053
f 1067 1053 588
f 588 586 1067
f 1067 586 573
f 1067 573 572
f 1053 1066 1052
f 1052 1066 1050
f 1047 1068 1048
f 1048 1068 1049
f 1049 1068 1051
f 1051 1068 442
f 442 1068 1040
f 1040 1068 1047
f 1040 1047 1042
f 1042 1047 1044
f 441 1069 440
f 440 1069 1070
f 440 1070 1071
f 439 440 1071
f 1072 1073 1074
f 1074 1073 1075
f 1074 1075 1076
f 1075 1073 1077
f 1077 1073 1078
f 1077 1078 1079
f 1080 1077 1079
f 1081 1082 1083
f 1083 1082 1084
f 1083 1084 1004
f 1004 1084 1085
f 1004 1085 1003
f 1003 1085 1002
f 1002 1085 1006
f 1006 1085 1086
f 1006 1086 1087
f 1008 1006 1087
f 417 422 1088
f 1088 422 423
f 1088 423 1089
f 375 1090 376
f 376 1090 379
f 379 1090 1091
f 1091 1090 1092
f 1091 1092 1093
f 1093 1092 1094
f 382 1095 375
f 375 1095 1090
f 1095 1096 1090
f 1090 1096 1092
f 1097 1098 1099
f 1099 1098 1100
f 1098 1101 1100
f 1100 1101 1102
f 1101 1103 1102
f 1102 1103 1104
f 1102 1104 1105
f 1104 1103 1106
f 1099 1107 1097
f 1097 1107 1098
f 1098 1107 1108
f 1108 1107 383
f 1108 383 377
f 383 1107 384
f 384 1107 385
f 385 1107 1109
f 1109 1107 1099
f 1109 1099 1110
f 1109 1110 1111
f 1061 1060 1112
f 1112 1060 1113
f 1113 1060 1114
f 1114 1060 1115
f 1114 1115 1116
f 1116 1115 1117
f 1116 1117 289
f 289 1117 1118
f 289 1118 291
f 291 1118 1119
f 291 1119 292
f 292 1119 294
f 1116 289 208
f 294 1119 295
f 295 1119 1120
f 295 1120 296
f 296 1120 1121
f 296 1121 297
f 297 1121 299
f 299 1121 56
f 56 1121 217
f 56 217 215
f 56 215 54
f 54 215 213
f 54 213 52
f 52 213 212
f 52 212 50
f 50 212 1122
f 1060 1059 1115
f 1115 1059 1058
f 1115 1058 1117
f 1117 1058 1057
f 1117 1057 1123
f 1123 1057 1056
f 1123 1056 1124
f 1124 1056 1119
f 1124 1119 1118
f 1118 1117 1124
f 1124 1117 1123
f 1119 1056 1120
f 1120 1056 1055
f 1120 1055 1125
f 1125 1055 1126
f 1125 1126 1127
f 1127 1126 1128
f 1127 1128 1129
f 1129 1128 1130
f 1129 1130 251
f 251 1130 249
f 249 1130 248
f 248 1130 1131
f 248 1131 1132
f 1132 1131 1133
f 1132 1133 1134
f 1134 1133 1135
f 1134 1135 1136
f 1136 1135 1137
f 1136 1137 1138
f 248 1132 246
f 246 1132 1134
f 246 1134 245
f 245 1134 211
f 211 1134 1139
f 1139 1134 1136
f 1139 1136 1140
f 1140 1136 1138
f 1140 1138 1141
f 1141 1142 1140
f 1140 1142 1143
f 251 252 1129
f 1129 252 1127
f 252 253 1127
f 1127 253 217
f 1127 217 1121
f 1127 1121 1125
f 1125 1121 1120
f 1128 1144 1130
f 1130 1144 1145
f 1130 1145 1131
f 1131 1145 1133
f 1133 1145 1144
f 1128 1126 1146
f 1146 1126 1055
f 1146 1055 1054
f 1146 1054 1147
f 1147 1054 425
f 1054 437 425
f 425 437 439
f 425 439 426
f 426 439 1071
f 426 1071 1148
f 1148 1071 1070
f 1148 1070 1149
f 1149 1070 1150
f 1149 1150 1151
f 1151 1150 1152
f 1151 1152 1153
f 1151 1153 1154
f 1154 1153 1155
f 208 207 1116
f 1116 207 53
f 1116 53 1156
f 1156 53 50
f 1156 50 1157
f 1116 1156 1114
f 1114 1156 1113
f 50 1122 1157
f 1157 1122 1158
f 1157 1158 1159
f 1159 1158 1160
f 1159 1160 1161
f 1161 1160 1162
f 1161 1162 1163
f 1163 1162 1164
f 1163 1164 1165
f 1165 1164 1166
f 1165 1166 1167
f 1167 1166 1168
f 1167 1168 1169
f 1169 1168 1170
f 1169 1170 1171
f 1171 1170 1172
f 1171 1172 1173
f 1173 1172 1174
f 1173 1174 1175
f 1175 1174 1176
f 1174 1177 1176
f 1176 1177 1178
f 1176 1178 1179
f 1179 1178 1180
f 1179 1180 1181
f 211 1139 210
f 210 1139 209
f 302 578 301
f 301 578 574
f 301 574 300
f 300 574 577
f 300 577 298
f 298 577 1182
f 298 1182 293
f 293 1182 290
f 290 1182 288
f 288 1182 1036
f 288 1036 287
f 287 1036 332
f 332 1036 620
f 620 1036 1033
f 620 1033 1032
f 620 1032 610
f 610 1032 1031
f 610 1031 1022
f 1022 1023 610
f 610 1023 600
f 577 576 1182
f 1182 576 575
f 1182 575 1039
f 1182 1039 1036
f 258 257 1183
f 1183 257 1184
f 1183 1184 1185
f 1185 1184 1186
f 258 1183 259
f 259 1183 12
f 1183 1185 12
f 12 1185 896
f 1185 1186 896
f 896 1186 897
f 897 1186 411
f 411 1186 415
f 411 415 414
f 1011 1187 1012
f 1012 1187 506
f 1187 1188 506
f 506 1188 507
f 505 507 1188
f 1011 1010 1187
f 1187 1010 1009
f 1187 1009 1189
f 1189 1009 1190
f 1189 1190 1191
f 1191 1190 1192
f 1191 1192 1193
f 1193 1192 1194
f 1193 1194 285
f 1194 1192 1195
f 1195 1192 1190
f 1195 1190 1008
f 1008 1190 1009
f 1187 1189 1188
f 1188 1189 505
f 505 1189 1196
f 1196 1189 1191
f 1196 1191 1197
f 1197 1191 1198
f 1197 1198 1199
f 1199 1198 1200
f 1199 1200 1201
f 1201 1200 282
f 282 1200 283
f 283 1200 1202
f 283 1202 284
f 284 1202 285
f 285 1202 1193
f 1193 1202 1198
f 1193 1198 1191
f 1202 1200 1198
f 1199 1201 1203
f 281 280 282
f 282 280 279
f 282 279 1201
f 1201 279 1204
f 1201 1204 1203
f 1203 1204 223
f 223 1204 229
f 229 1204 1205
f 1205 1204 554
f 1205 554 1206
f 1206 554 557
f 554 1204 277
f 277 1204 278
f 279 278 1204
f 1078 1207 1208
f 1208 1207 1209
f 1209 1207 1210
f 1210 1207 1211
f 1210 1211 1212
f 1212 1211 1213
f 1212 1213 256
f 256 1213 1214
f 256 1214 257
f 257 1214 1184
f 1207 1215 1211
f 1211 1215 1216
f 1211 1216 1217
f 285 1194 286
f 286 1194 243
f 243 1194 244
f 244 1194 1218
f 244 1218 247
f 247 1218 1209
f 247 1209 250
f 250 1209 254
f 1209 1210 254
f 254 1210 255
f 1210 1212 255
f 255 1212 256
f 1218 1194 1080
f 1080 1194 1219
f 1194 1195 1219
f 1219 1195 1220
f 1220 1195 1221
f 1221 1195 1008
f 1221 1008 1086
f 1086 1008 1087
f 1080 1219 1077
f 1077 1219 1222
f 1077 1222 1075
f 1075 1222 1223
f 1075 1223 1076
f 1076 1223 1082
f 1082 1223 1084
f 1084 1223 1224
f 1084 1224 1085
f 1085 1224 1086
f 1086 1224 1221
f 1221 1224 1222
f 1221 1222 1220
f 1220 1222 1219
f 1222 1224 1223
f 1080 1079 1218
f 1218 1079 1078
f 1218 1078 1208
f 1218 1208 1209
f 426 1148 424
f 424 1148 1149
f 424 1149 1225
f 424 1225 419
f 419 1225 1226
f 419 1226 421
f 421 420 419
f 1225 1149 1226
f 1226 1149 1151
f 1227 1228 1229
f 1229 1228 1230
f 1229 1230 1231
f 1231 1230 1232
f 1232 1233 1234
f 1234 1233 1216
f 1234 1216 1215
f 1216 1233 1217
f 1233 1232 1217
f 1217 1232 1235
f 1217 1235 1236
f 1236 1235 1237
f 1235 1228 1237
f 1237 1228 1227
f 1237 1227 1229
f 1232 1230 1235
f 1235 1230 1228
f 1229 1231 1089
f 1089 1231 1088
f 1231 1232 1088
f 1088 1232 1238
f 1088 1238 1239
f 1239 1238 1240
f 1239 1240 1241
f 1241 1240 1215
f 1241 1215 1242
f 1242 1215 1207
f 1242 1207 1243
f 1243 1207 1244
f 1243 1244 1245
f 1245 1244 1072
f 1072 1244 1073
f 1073 1244 1078
f 1078 1244 1207
f 1215 1240 1234
f 1234 1240 1238
f 1234 1238 1232
f 423 428 1089
f 1089 428 1229
f 1229 428 1246
f 1246 428 222
f 1246 222 1247
f 1247 222 221
f 1247 221 1248
f 1248 221 219
f 1249 1250 1251
f 1251 1250 1252
f 1251 1252 1253
f 1253 1252 1254
f 1254 1252 1255
f 1255 1252 1250
f 1249 1256 1250
f 1250 1256 1257
f 1250 1257 1255
f 1255 1257 1258
f 1150 1070 1069
f 1150 1069 1259
f 1259 1069 441
f 1259 441 443
f 1259 443 444
f 1150 1259 1152
f 1152 1259 1260
f 1152 1260 1153
f 1259 444 1260
f 1260 444 1261
f 1260 1261 1262
f 1262 1261 1263
f 1262 1263 1264
f 1264 1263 1249
f 1264 1265 1262
f 1262 1265 1266
f 1262 1266 1267
f 1260 1262 1267
f 1266 1265 1268
f 444 448 1261
f 1261 448 1269
f 1261 1269 1263
f 1263 1269 1270
f 1263 1270 1249
f 1249 1270 1256
f 1256 1270 1271
f 1271 1270 1272
f 1271 1272 1273
f 1273 1272 1274
f 1274 1272 1275
f 1275 1272 1276
f 448 450 1269
f 1269 450 1277
f 1269 1277 1270
f 1270 1277 1272
f 450 451 1277
f 1277 451 1278
f 1277 1278 1272
f 1272 1278 1276
f 451 435 1278
f 1278 435 1279
f 1278 1279 1276
f 1276 1279 1280
f 1276 1280 1281
f 581 1282 580
f 580 1282 1283
f 580 1283 1045
f 1045 1283 1043
f 1043 1283 1041
f 1041 1283 1282
f 1041 1282 581
f 59 58 584
f 584 58 583
f 58 449 583
f 583 449 582
f 449 447 582
f 582 447 581
f 581 447 1041
f 1041 447 446
f 1092 1284 1094
f 1094 1284 1093
f 1093 1284 1285
f 1285 1284 1180
f 1285 1180 1178
f 1285 1178 1177
f 1096 1095 1286
f 1286 1095 1287
f 1287 1095 1288
f 1288 1095 386
f 1095 382 386
f 386 382 381
f 1096 1289 1092
f 1092 1289 1284
f 1289 1181 1284
f 1284 1181 1180
f 1153 1260 1155
f 1155 1260 1290
f 1260 1267 1290
f 1290 1267 1291
f 1267 1266 1291
f 1291 1266 1292
f 1268 1292 1266
f 1268 1265 1293
f 1293 1265 1264
f 1293 1264 1294
f 1294 1264 1295
f 1294 1295 1296
f 1296 1295 1253
f 1253 1295 1251
f 1251 1295 1249
f 1249 1295 1264
f 1268 1293 1292
f 1292 1293 1297
f 1292 1297 1291
f 1291 1297 1290
f 1293 1294 1297
f 1297 1294 1296
f 1297 1296 1298
f 1298 1296 1253
f 1298 1253 1299
f 229 1205 230
f 230 1205 1206
f 230 1206 1300
f 1300 1206 557
f 1300 557 1301
f 1301 557 771
f 1301 771 769
f 230 1300 231
f 231 1300 232
f 763 761 1302
f 1302 761 1303
f 763 1304 765
f 765 1304 1305
f 765 1305 767
f 767 1305 1306
f 767 1306 769
f 769 1306 1307
f 769 1307 1301
f 1301 1307 1308
f 1301 1308 1300
f 1300 1308 232
f 232 1308 234
f 234 1308 1309
f 1309 1308 1310
f 1310 1308 1311
f 1311 1308 1307
f 1311 1307 1312
f 1312 1307 1306
f 1312 1306 1313
f 1313 1306 1314
f 1314 1306 1305
f 1311 1315 1316
f 1316 1315 1317
f 1316 1317 1318
f 1318 1317 1319
f 1318 1319 1320
f 1320 1319 1321
f 1320 1322 1318
f 1318 1322 1323
f 1318 1323 1316
f 1311 1312 1315
f 1315 1312 1324
f 1315 1324 1325
f 1325 1324 1326
f 1325 1326 1327
f 1310 1311 1309
f 1309 1311 1328
f 1309 1328 234
f 234 1328 387
f 1311 1316 1328
f 1328 1316 1329
f 1328 1329 387
f 387 1329 389
f 1316 1323 1329
f 1329 1323 1322
f 1329 1322 1330
f 1330 1331 1329
f 1329 1331 389
f 391 389 1331
f 239 238 1332
f 239 1332 236
f 236 1332 237
f 1332 238 617
f 1332 1333 237
f 237 1333 1334
f 237 1334 235
f 235 1334 393
f 393 1334 1335
f 393 1335 1336
f 395 396 1337
f 1337 396 1338
f 1337 1338 1339
f 1339 1338 1340
f 1340 1338 1341
f 1341 1338 1342
f 1341 1342 1343
f 1343 1342 1344
f 1343 1344 1345
f 1345 1344 1346
f 1344 1342 400
f 400 1342 397
f 1342 1338 397
f 397 1338 396
f 395 1337 401
f 1337 1339 401
f 401 1339 1347
f 401 1347 240
f 240 1347 241
f 1339 1340 1347
f 1347 1340 1348
f 1347 1348 1349
f 1349 1348 1350
f 1349 1350 1351
f 1351 543 1349
f 1349 543 1352
f 1349 1352 1347
f 1347 1352 241
f 241 1352 242
f 242 1352 624
f 624 1352 625
f 625 1352 543
f 1340 1353 1348
f 1348 1353 1354
f 1348 1354 1350
f 1350 1354 1355
f 1353 1356 1354
f 1354 1356 1357
f 1354 1357 1358
f 1354 1358 1355
f 1355 1358 1359
f 1355 1359 1360
f 1360 1359 1361
f 1361 1362 1363
f 1363 1362 1364
f 1363 1364 1365
f 1361 1359 1362
f 1362 1359 1366
f 1362 1366 1364
f 1364 1366 1365
f 1359 1358 1366
f 1366 1358 1357
f 1366 1357 1356
f 543 1351 540
f 540 1351 541
f 541 1351 1367
f 541 1367 539
f 539 1367 806
f 1351 1350 1367
f 1367 1350 1368
f 1367 1368 806
f 806 1368 805
f 805 1368 803
f 803 1368 797
f 1350 1355 1368
f 1368 1355 1369
f 1368 1369 797
f 797 1369 793
f 793 1369 792
f 792 1369 791
f 1355 1360 1369
f 1369 1360 1370
f 1369 1370 791
f 791 1370 798
f 798 1370 799
f 799 1370 801
f 1360 1361 1370
f 1370 1361 1371
f 1370 1371 801
f 801 1371 725
f 725 1371 721
f 721 1371 1363
f 1363 1371 1361
f 1372 1373 1374
f 1374 1373 1375
f 1374 1375 920
f 1374 920 1376
f 1377 1378 1281
f 1281 1378 1276
f 1276 1378 1379
f 1276 1379 1275
f 1275 1379 1380
f 1275 1380 1274
f 1274 1380 1381
f 1274 1381 1382
f 1382 1381 1383
f 1382 1383 1273
f 1273 1383 1271
f 1274 1382 1273
f 1378 1377 1384
f 1384 1377 1385
f 1377 1281 1385
f 1385 1281 909
f 75 1386 76
f 76 1386 1387
f 76 1387 923
f 923 1387 1388
f 923 1388 1389
f 1389 1388 1390
f 1389 1390 1391
f 1391 1390 955
f 1391 955 956
f 956 957 1391
f 1391 957 959
f 1391 959 905
f 905 906 1391
f 1391 906 1389
f 906 907 1389
f 1389 907 923
f 955 1390 891
f 891 1390 894
f 894 1390 893
f 893 1390 895
f 1390 1388 895
f 895 1388 631
f 631 1388 632
f 632 1388 633
f 633 1388 1392
f 1392 1388 1393
f 1388 1387 1393
f 1393 1387 1394
f 1394 1387 1386
f 1375 918 920
f 908 1385 909
f 1395 1396 1397
f 1397 1396 1398
f 1397 1398 1399
f 1399 1398 1400
f 1399 1400 1401
f 1401 1400 1402
f 1401 1402 1403
f 1403 1402 1404
f 1403 1404 1405
f 1405 1404 1406
f 1405 1406 1407
f 1407 1406 1408
f 1407 1408 1409
f 1409 1408 1410
f 1411 1412 1413
f 1413 1412 1414
f 1413 1414 1303
f 1303 1414 1302
f 1411 1413 1415
f 1415 1413 1416
f 1415 1416 711
f 711 1416 709
f 709 1416 710
f 710 1416 761
f 761 1416 1303
f 1303 1416 1413
f 1417 719 720
f 1417 720 1418
f 1418 720 721
f 1418 721 1363
f 1418 1363 1365
f 1418 1365 1419
f 1417 1418 1419
f 1420 1412 1421
f 1421 1412 1422
f 1421 1422 1423
f 1423 1422 1424
f 1421 1423 1425
f 1412 1411 1422
f 1422 1411 1415
f 1415 711 1422
f 1422 711 1426
f 1422 1426 1427
f 1427 1426 1428
f 1427 1428 1429
f 1429 1428 1430
f 1429 1431 1427
f 1427 1431 1424
f 1427 1424 1422
f 711 708 1426
f 1426 708 705
f 705 703 1426
f 1426 703 680
f 1426 680 679
f 1432 1433 1434
f 1434 1433 1435
f 1434 1435 1436
f 1436 1435 1437
f 1437 1435 1438
f 1438 1435 1439
f 1438 1439 1440
f 1440 1439 1441
f 1440 1441 1343
f 1343 1441 1341
f 1440 1343 1345
f 1433 1442 1443
f 1443 1442 1444
f 1443 1444 1445
f 1445 1444 1340
f 1445 1340 1341
f 1341 1441 1445
f 1445 1441 1439
f 1445 1439 1443
f 1443 1439 1435
f 1443 1435 1433
f 1446 1432 1447
f 1446 1447 1448
f 1448 1447 1449
f 1448 1449 1450
f 1450 1449 1111
f 1450 1451 1448
f 1448 1451 1452
f 1448 1452 1446
f 1446 1452 1453
f 1451 1454 1452
f 1452 1454 1455
f 1432 1434 1447
f 1447 1434 1456
f 1447 1456 1449
f 1449 1456 1457
f 1457 1458 1449
f 1449 1458 1111
f 1459 1111 1458
f 1457 1456 1436
f 1436 1456 1434
f 1432 1460 1433
f 1433 1460 1461
f 1433 1461 1462
f 1462 1461 1463
f 1462 1463 1464
f 1464 1463 1356
f 1464 1356 1353
f 1356 1463 1366
f 1366 1463 1465
f 1366 1465 1466
f 1466 1465 1467
f 1466 1467 1419
f 1419 1365 1466
f 1466 1365 1366
f 1467 1465 1468
f 1468 1465 1461
f 1468 1461 1460
f 1463 1461 1465
f 1433 1462 1442
f 1432 1446 1460
f 1460 1446 1453
f 1430 1106 1103
f 1430 1103 1469
f 1469 1103 1101
f 1469 1101 1470
f 1470 1101 1098
f 1470 1098 1471
f 1472 1470 1471
f 1430 1469 1429
f 1429 1469 1431
f 1105 1454 1451
f 1105 1451 1102
f 1102 1451 1100
f 1451 1450 1100
f 1100 1450 1099
f 1099 1450 1110
f 1110 1450 1111
f 474 1473 984
f 984 1473 1474
f 1473 1475 1474
f 1474 1475 1476
f 1475 1477 1476
f 1476 1477 1478
f 1477 1479 1478
f 1478 1479 1480
f 1480 1479 1481
f 1481 1479 597
f 1481 597 596
f 1481 596 603
f 1481 603 602
f 602 1020 1481
f 1481 1020 1019
f 1481 1019 1062
f 1480 1481 1478
f 1478 1481 1062
f 1478 1062 1476
f 1476 1062 1063
f 1476 1063 1065
f 1476 1065 1474
f 1474 1065 1482
f 1474 1482 1156
f 1474 1156 984
f 984 1156 1157
f 984 1157 983
f 983 1157 981
f 981 1157 982
f 982 1157 980
f 980 1157 1173
f 1173 1157 1159
f 1173 1159 1171
f 1171 1159 1161
f 1171 1161 1169
f 1169 1161 1163
f 1169 1163 1167
f 1167 1163 1165
f 1065 1064 1482
f 1482 1064 1061
f 1482 1061 1112
f 1112 1113 1482
f 1482 1113 1156
f 1164 1162 1166
f 1166 1162 1168
f 1162 1160 1168
f 1168 1160 1170
f 1160 1158 1170
f 1170 1158 1122
f 1170 1122 1172
f 1172 1122 1483
f 1172 1483 1484
f 1484 1483 1485
f 1485 1483 988
f 988 1483 989
f 989 1483 990
f 990 1483 1486
f 990 1486 991
f 991 1486 1487
f 991 1487 1488
f 991 1488 993
f 993 1488 999
f 993 999 995
f 995 999 998
f 995 998 997
f 1122 212 209
f 209 1139 1122
f 1122 1139 1140
f 1122 1140 1143
f 1122 1143 1483
f 1143 1142 1483
f 1483 1142 1486
f 1142 1141 1486
f 1486 1141 1489
f 1486 1489 1487
f 1487 1489 1488
f 1488 1489 1141
f 1488 1141 1004
f 1004 1141 1083
f 1488 1004 999
f 1141 1138 1083
f 1083 1138 1081
f 1138 1137 1081
f 1081 1137 1082
f 1137 1135 1082
f 1082 1135 1076
f 1135 1133 1076
f 1076 1133 1074
f 1133 1144 1074
f 1074 1144 1128
f 1074 1128 1072
f 1072 1128 1146
f 1072 1146 1147
f 1147 425 1072
f 1072 425 1245
f 425 418 1245
f 1245 418 1490
f 1245 1490 1243
f 1243 1490 1242
f 418 417 1490
f 1490 417 1491
f 1490 1491 1242
f 1242 1491 1241
f 1241 1491 1239
f 1239 1491 1088
f 417 1088 1491
f 988 987 1485
f 1485 987 1484
f 1484 987 1492
f 1492 987 494
f 1492 494 985
f 1492 985 986
f 1379 1493 1380
f 1380 1493 1381
f 1493 1494 1381
f 1381 1494 1495
f 1381 1495 1383
f 1383 1495 1496
f 1383 1496 1271
f 1271 1496 1256
f 1256 1496 1257
f 1257 1496 1258
f 1496 1495 1258
f 1258 1495 1497
f 1258 1497 1255
f 1255 1497 1498
f 1255 1498 1499
f 1499 1498 1500
f 1499 1500 1501
f 1501 1500 1502
f 1501 1502 1503
f 1503 1502 1504
f 1497 1495 1494
f 1504 1502 1505
f 1505 1502 1506
f 1505 1506 1507
f 1507 1506 1508
f 1507 1508 1509
f 1509 1508 1372
f 1372 1374 1509
f 1509 1374 1376
f 1502 1500 1506
f 1506 1500 1510
f 1506 1510 1508
f 1500 1498 1510
f 1255 1499 1254
f 1254 1499 1511
f 1254 1511 1253
f 1253 1511 1299
f 920 919 1376
f 1376 919 921
f 1376 921 1512
f 1512 921 922
f 1512 922 1513
f 1513 922 416
f 416 922 412
f 416 430 1513
f 1513 430 1514
f 1513 1514 1512
f 1512 1514 1376
f 1376 1514 1509
f 1509 1514 1515
f 1509 1515 1507
f 1507 1515 1505
f 1505 1515 1504
f 1504 1515 1516
f 1504 1516 1503
f 1503 1516 1299
f 1299 1516 1298
f 1298 1516 1517
f 1298 1517 1518
f 1518 1517 427
f 1518 427 421
f 421 1226 1518
f 1518 1226 1151
f 1518 1151 1154
f 1154 1155 1518
f 1518 1155 1290
f 1518 1290 1297
f 1518 1297 1298
f 427 1517 429
f 429 1517 1519
f 429 1519 430
f 430 1519 1514
f 1514 1519 1515
f 1515 1519 1516
f 1517 1516 1519
f 1203 223 1520
f 1520 223 225
f 1520 225 1521
f 1521 225 1522
f 225 224 1522
f 1522 224 227
f 1522 227 1523
f 1523 227 228
f 1523 228 1524
f 1203 1520 1199
f 1199 1520 1197
f 1197 1520 1196
f 1196 1520 1521
f 1196 1521 505
f 505 1521 1522
f 505 1522 503
f 503 1522 1523
f 503 1523 501
f 501 1523 1524
f 501 1524 499
f 499 1524 498
f 1524 228 1525
f 228 388 1525
f 1525 388 390
f 1525 390 1526
f 1526 390 392
f 1526 392 1527
f 1528 1529 1530
f 1530 1529 484
f 1530 484 483
f 483 485 1530
f 1530 485 497
f 1530 497 498
f 498 1524 1530
f 1530 1524 1528
f 1524 1525 1528
f 1528 1525 1531
f 1528 1531 1529
f 1529 1531 484
f 484 1531 1532
f 1532 1531 1533
f 1532 1533 1534
f 1534 1533 1535
f 1534 1535 1536
f 1536 1535 392
f 1536 392 405
f 1537 1534 1536
f 1536 405 1537
f 1537 405 1538
f 392 1535 1527
f 1535 1533 1527
f 1527 1533 1526
f 1533 1531 1526
f 1526 1531 1525
f 1091 1093 379
f 379 1093 1285
f 379 1285 1177
f 379 1177 403
f 403 1177 1174
f 403 1174 405
f 405 1174 1172
f 405 1172 1492
f 1492 1172 1484
f 1492 986 405
f 405 986 1539
f 405 1539 1540
f 1540 1539 1541
f 1540 1541 1542
f 1542 1541 489
f 1542 489 1543
f 1543 489 488
f 986 493 1539
f 1539 493 1544
f 1539 1544 1541
f 1541 1544 489
f 489 1544 491
f 491 1544 493
f 1537 1538 1534
f 1534 1538 1545
f 1534 1545 1532
f 1532 1545 1546
f 1532 1546 484
f 484 1546 486
f 1330 1322 1331
f 1331 1322 391
f 1322 1320 391
f 391 1320 1321
f 391 1321 1547
f 1547 1548 391
f 391 1548 404
f 1548 1549 404
f 404 1549 402
f 1549 1550 402
f 402 1550 1551
f 402 1551 1472
f 1472 1552 402
f 402 1552 380
f 1548 1547 1553
f 1553 1547 1554
f 1553 1554 1327
f 1327 1554 1555
f 1327 1555 1325
f 1325 1555 1315
f 1315 1555 1317
f 1317 1555 1319
f 1319 1555 1554
f 1319 1554 1321
f 1321 1554 1547
f 1425 1553 1327
f 1548 1553 1549
f 1549 1553 1556
f 1549 1556 1550
f 1550 1556 1557
f 1550 1557 1551
f 1551 1557 1472
f 1472 1557 1470
f 1470 1557 1558
f 1470 1558 1469
f 1469 1558 1431
f 1431 1558 1424
f 1424 1558 1423
f 1472 1471 1552
f 1552 1471 1098
f 1552 1098 1108
f 1108 377 1552
f 1552 377 378
f 1552 378 380
f 399 398 1559
f 1559 398 1560
f 1560 398 394
f 1560 394 1561
f 1561 394 393
f 1336 1561 393
f 463 1562 461
f 461 1562 1563
f 461 1563 459
f 459 1563 1564
f 459 1564 457
f 457 1564 1565
f 457 1565 1566
f 1566 1565 1567
f 1566 1567 457
f 457 1567 465
f 465 1567 480
f 480 1567 1335
f 480 1335 1568
f 1568 1335 1569
f 1335 1334 1569
f 1569 1334 1570
f 1334 1333 1570
f 1570 1333 607
f 1333 1332 607
f 607 1332 611
f 1332 617 611
f 611 617 613
f 613 617 615
f 1567 1565 1335
f 1335 1565 1336
f 1565 1564 1336
f 1336 1564 1561
f 1564 1563 1561
f 1561 1563 1560
f 1179 1181 1176
f 1176 1181 1571
f 1181 1289 1571
f 1571 1289 1096
f 1571 1096 1286
f 1571 1286 1287
f 386 408 1288
f 1288 408 1287
f 1287 408 1571
f 1571 408 1176
f 1176 408 1175
f 1175 408 406
f 1175 406 1173
f 1173 406 399
f 1173 399 980
f 980 399 979
f 979 399 978
f 978 399 1572
f 978 1572 977
f 977 1572 476
f 476 1572 473
f 473 1572 1573
f 473 1573 471
f 471 1573 1574
f 471 1574 470
f 470 1574 1575
f 470 1575 1576
f 1576 1575 1577
f 1576 1577 1578
f 1578 1577 462
f 1578 462 460
f 460 458 1578
f 1578 458 468
f 1578 468 1576
f 1576 468 470
f 400 407 1344
f 1344 407 1346
f 1346 407 1345
f 1345 407 1440
f 1440 407 1438
f 1438 407 1437
f 1437 407 1436
f 1436 407 1457
f 407 409 1457
f 1457 409 1458
f 1458 409 385
f 1458 385 1459
f 1459 385 1111
f 385 1109 1111
f 605 592 607
f 607 592 1579
f 607 1579 1570
f 1570 1579 1569
f 1579 1580 1569
f 1569 1580 1568
f 1580 481 1568
f 1568 481 466
f 466 479 1568
f 1568 479 480
f 1281 1280 909
f 909 1280 910
f 910 1280 911
f 911 1280 1279
f 911 1279 912
f 912 1279 435
f 912 435 434
f 462 1577 1581
f 1581 1577 1582
f 1581 1582 399
f 399 1582 1583
f 399 1583 1572
f 1572 1583 1573
f 1573 1583 1574
f 1574 1583 1582
f 1574 1582 1575
f 1575 1582 1577
f 462 1581 464
f 464 1581 399
f 464 399 463
f 463 399 1562
f 1562 399 1559
f 1562 1559 1584
f 1584 1559 1560
f 1584 1560 1563
f 1584 1563 1562
f 1423 1558 1585
f 1585 1558 1557
f 1585 1557 1556
f 1556 1553 1585
f 1585 1553 1425
f 1423 1585 1425
f 1546 1586 486
f 486 1586 488
f 488 1586 1543
f 1543 1586 1587
f 1543 1587 1542
f 1542 1587 1588
f 1542 1588 1540
f 1540 1588 405
f 405 1588 1538
f 1538 1588 1587
f 1538 1587 1545
f 1545 1587 1586
f 1545 1586 1546
f 1299 1511 1589
f 1589 1511 1499
f 1589 1499 1501
f 1501 1503 1589
f 1589 1503 1299
f 1460 1453 1590
f 1590 1453 1591
f 1590 1591 1592
f 1592 1591 1593
f 1592 1593 1594
f 1594 1593 1595
f 1594 1595 1596
f 1596 1595 1428
f 1596 1428 1426
f 1426 679 1596
f 1596 679 645
f 1596 645 644
f 644 638 1596
f 1596 638 639
f 1596 639 655
f 1596 655 1594
f 1594 655 658
f 1594 658 659
f 659 671 1594
f 1594 671 674
f 1594 674 718
f 1594 718 1592
f 718 719 1592
f 1592 719 1417
f 1417 1419 1592
f 1592 1419 1590
f 1419 1467 1590
f 1590 1467 1468
f 1590 1468 1460
f 1428 1595 1430
f 1430 1595 1106
f 1106 1595 1104
f 1104 1595 1105
f 1105 1595 1593
f 1105 1593 1454
f 1454 1593 1455
f 1455 1593 1591
f 1455 1591 1452
f 1452 1591 1453
f 1442 1462 1597
f 1597 1462 1464
f 1597 1464 1353
f 1353 1340 1597
f 1597 1340 1444
f 1597 1444 1442
f 1302 1414 1598
f 1598 1414 1599
f 1598 1599 1600
f 1600 1599 1601
f 1600 1601 1326
f 1326 1601 1327
f 1327 1601 1425
f 1425 1601 1421
f 1421 1601 1420
f 1420 1601 1599
f 1420 1599 1412
f 1412 1599 1414
f 1302 1598 763
f 763 1598 1304
f 1304 1598 1305
f 1305 1598 1600
f 1305 1600 1314
f 1314 1600 1313
f 1600 1602 1313
f 1313 1602 1312
f 1312 1602 1324
f 1324 1602 1326
f 1602 1600 1326
f 1211 1217 1603
f 1603 1217 1236
f 1236 1237 1603
f 1603 1237 1229
f 1603 1229 1246
f 1211 1603 1213
f 1213 1603 1604
f 1213 1604 1214
f 1214 1604 1605
f 1214 1605 1184
f 1184 1605 1606
f 1184 1606 1186
f 1186 1606 415
f 415 1606 431
f 431 1606 218
f 218 1606 219
f 219 1606 1248
f 1606 1605 1248
f 1248 1605 1247
f 1605 1604 1247
f 1247 1604 1246
f 1246 1604 1603
f 844 815 1607
f 1607 815 813
f 1607 813 812
f 812 668 1607
f 1607 668 836
f 1607 836 838
f 844 1607 838
f 124 155 1608
f 1608 155 158
f 1608 158 1609
f 1609 158 160
f 1609 160 760
f 124 1608 127
f 127 1608 147
f 147 1608 144
f 144 1608 964
f 964 1608 966
f 966 1608 1609
f 966 1609 1610
f 1610 1609 760
f 1610 760 759
f 759 758 1610
f 1610 758 776
f 1610 776 775
f 775 966 1610
f 831 834 1611
f 1611 834 972
f 1611 972 1612
f 1612 972 1613
f 1612 1613 1614
f 1614 1613 1615
f 1614 1615 1616
f 1616 68 1614
f 1614 68 67
f 1614 67 917
f 1614 917 1612
f 1612 917 916
f 1612 916 1617
f 1612 1617 1611
f 1611 1617 971
f 1611 971 831
f 1615 1613 1618
f 1618 1613 973
f 1613 972 973
f 519 971 1619
f 1619 971 1620
f 1619 1620 309
f 309 1620 308
f 309 310 1619
f 1619 310 519
f 971 1617 1620
f 1620 1617 1621
f 1620 1621 308
f 308 1621 307
f 1617 916 1621
f 1621 916 1622
f 1621 1622 307
f 307 1622 4
f 4 1622 5
f 5 1622 916
f 891 887 1623
f 1623 887 854
f 1623 854 1624
f 1624 854 853
f 1624 853 865
f 865 752 1624
f 1624 752 753
f 1624 753 1623
f 1623 753 954
f 1623 954 891
f 642 698 1625
f 1625 698 700
f 1625 700 669
f 669 667 1625
f 1625 667 1626
f 1625 1626 1627
f 1627 1626 640
f 1627 640 642
f 1625 1627 642
f 667 675 1626
f 1626 675 634
f 1626 634 640
f 478 482 1628
f 1628 482 1629
f 1628 1629 1475
f 1475 1629 1477
f 1475 1473 1628
f 1628 1473 474
f 1628 474 478
f 1477 1629 1630
f 1630 1629 1631
f 1630 1631 1632
f 1632 1631 1580
f 1632 1580 1579
f 1580 1631 481
f 481 1631 482
f 1631 1629 482
f 1477 1630 1479
f 1479 1630 1633
f 1479 1633 597
f 597 1633 595
f 1630 1632 1633
f 1633 1632 1634
f 1633 1634 595
f 595 1634 593
f 593 1634 592
f 592 1634 1579
f 1579 1634 1632
f 1401 1372 1508
f 1401 1508 1399
f 1399 1508 1510
f 1399 1510 1397
f 1397 1510 1498
f 1397 1498 1497
f 1397 1497 1395
f 1395 1497 1494
f 1395 1494 1396
f 1396 1494 1493
f 1396 1493 1398
f 1398 1493 1379
f 1398 1379 1378
f 1398 1378 1400
f 1400 1378 1384
f 1384 1385 1400
f 1400 1385 908
f 1400 908 60
f 1400 60 1402
f 1402 60 68
f 68 1616 1402
f 1402 1616 1404
f 1616 1615 1404
f 1404 1615 1406
f 1615 1618 1406
f 1406 1618 973
f 1406 973 1408
f 1408 973 915
f 1408 915 914
f 914 629 1408
f 1408 629 1410
f 629 630 1410
f 1410 630 633
f 1410 633 1392
f 1410 1392 1409
f 1409 1392 1393
f 1409 1393 1407
f 1407 1393 1394
f 1407 1394 1405
f 1405 1394 1386
f 1405 1386 75
f 1405 75 69
f 1405 69 1403
f 1403 69 918
f 1403 918 1375
f 1375 1373 1403
f 1403 1373 1372
f 1403 1372 1401

